<?xml version="1.0"?>
<VTKFile type="UnstructuredGrid" version="2.2">
  <UnstructuredGrid>
    <Piece NumberOfPoints="8289" NumberOfCells="7360">
      <Points>
        <DataArray type="Float64" NumberOfComponents="3" format="ascii">0.0004999999999999999 0.005499999999999999 0 0.00075 0.005499999999999999 0 0.0004999999999999999 0.005749999999999999 0 0.00075 0.005749999999999999 0 0.0009999999999999998 0.005499999999999999 0 0.0009999999999999998 0.005749999999999999 0 0.0004999999999999999 0.005999999999999999 0 0.00075 0.005999999999999999 0 0.00125 0.005499999999999999 0 0.00125 0.005749999999999999 0 0.0009999999999999998 0.005999999999999999 0 0.0004999999999999999 0.006249999999999999 0 0.00075 0.006249999999999999 0 0.0015 0.005499999999999999 0 0.0015 0.005749999999999999 0 0.00125 0.005999999999999999 0 0.0009999999999999998 0.006249999999999999 0 0.0004999999999999999 0.006499999999999999 0 0.00075 0.006499999999999999 0 0.00175 0.005499999999999999 0 0.00175 0.005749999999999999 0 0.0015 0.005999999999999999 0 0.00125 0.006249999999999999 0 0.0009999999999999998 0.006499999999999999 0 0.0004999999999999999 0.006749999999999999 0 0.00075 0.006749999999999999 0 0.002 0.005499999999999999 0 0.002 0.005749999999999999 0 0.00175 0.005999999999999999 0 0.0015 0.006249999999999999 0 0.00125 0.006499999999999999 0 0.0009999999999999998 0.006749999999999999 0 0.0004999999999999999 0.006999999999999998 0 0.00075 0.006999999999999998 0 0.00225 0.005499999999999999 0 0.00225 0.005749999999999999 0 0.002 0.005999999999999999 0 0.00175 0.006249999999999999 0 0.0015 0.006499999999999999 0 0.00125 0.006749999999999999 0 0.0009999999999999998 0.006999999999999998 0 0.0004999999999999999 0.007249999999999999 0 0.00075 0.007249999999999999 0 0.0025 0.005499999999999999 0 0.0025 0.005749999999999999 0 0.00225 0.005999999999999999 0 0.002 0.006249999999999999 0 0.00175 0.006499999999999999 0 0.0015 0.006749999999999999 0 0.00125 0.006999999999999998 0 0.0009999999999999998 0.007249999999999999 0 0.0005000000000000001 0.007500000000000001 0 0.00075 0.007500000000000001 0 0.00275 0.005499999999999999 0 0.00275 0.005749999999999999 0 0.0025 0.005999999999999999 0 0.00225 0.006249999999999999 0 0.002 0.006499999999999999 0 0.00175 0.006749999999999999 0 0.0015 0.006999999999999998 0 0.00125 0.007249999999999999 0 0.001 0.007500000000000001 0 0.003 0.005499999999999999 0 0.003 0.005749999999999999 0 0.00275 0.005999999999999999 0 0.0025 0.006249999999999999 0 0.00225 0.006499999999999999 0 0.002 0.006749999999999999 0 0.00175 0.006999999999999998 0 0.0015 0.007249999999999999 0 0.00125 0.007500000000000001 0 0.003249999999999999 0.005499999999999999 0 0.003249999999999999 0.005749999999999999 0 0.003 0.005999999999999999 0 0.00275 0.006249999999999999 0 0.0025 0.006499999999999999 0 0.00225 0.006749999999999999 0 0.002 0.006999999999999998 0 0.00175 0.007249999999999999 0 0.0015 0.007500000000000001 0 0.0035 0.005499999999999999 0 0.0035 0.005749999999999999 0 0.003249999999999999 0.005999999999999999 0 0.003 0.006249999999999999 0 0.00275 0.006499999999999999 0 0.0025 0.006749999999999999 0 0.00225 0.006999999999999998 0 0.002 0.007249999999999999 0 0.00175 0.007500000000000001 0 0.00375 0.005499999999999999 0 0.00375 0.005749999999999999 0 0.0035 0.005999999999999999 0 0.003249999999999999 0.006249999999999999 0 0.003 0.006499999999999999 0 0.00275 0.006749999999999999 0 0.0025 0.006999999999999998 0 0.00225 0.007249999999999999 0 0.002 0.007500000000000001 0 0.003999999999999999 0.005499999999999999 0 0.003999999999999999 0.005749999999999999 0 0.00375 0.005999999999999999 0 0.0035 0.006249999999999999 0 0.003249999999999999 0.006499999999999999 0 0.003 0.006749999999999999 0 0.00275 0.006999999999999998 0 0.0025 0.007249999999999999 0 0.002250000000000001 0.007500000000000001 0 0.004249999999999999 0.005499999999999999 0 0.004249999999999999 0.005749999999999999 0 0.003999999999999999 0.005999999999999999 0 0.00375 0.006249999999999999 0 0.0035 0.006499999999999999 0 0.003249999999999999 0.006749999999999999 0 0.003 0.006999999999999998 0 0.00275 0.007249999999999999 0 0.0025 0.007500000000000001 0 0.0045 0.005499999999999999 0 0.0045 0.005749999999999999 0 0.004249999999999999 0.005999999999999999 0 0.003999999999999999 0.006249999999999999 0 0.00375 0.006499999999999999 0 0.0035 0.006749999999999999 0 0.003249999999999999 0.006999999999999998 0 0.003 0.007249999999999999 0 0.002750000000000001 0.007500000000000001 0 0.00475 0.005499999999999999 0 0.00475 0.005749999999999999 0 0.0045 0.005999999999999999 0 0.004249999999999999 0.006249999999999999 0 0.003999999999999999 0.006499999999999999 0 0.00375 0.006749999999999999 0 0.0035 0.006999999999999998 0 0.003249999999999999 0.007249999999999999 0 0.003 0.007500000000000001 0 0.005 0.005499999999999999 0 0.005 0.005749999999999999 0 0.00475 0.005999999999999999 0 0.0045 0.006249999999999999 0 0.004249999999999999 0.006499999999999999 0 0.003999999999999999 0.006749999999999999 0 0.00375 0.006999999999999998 0 0.0035 0.007249999999999999 0 0.00325 0.007500000000000001 0 0.005249999999999999 0.005499999999999999 0 0.005249999999999999 0.005749999999999999 0 0.005 0.005999999999999999 0 0.00475 0.006249999999999999 0 0.0045 0.006499999999999999 0 0.004249999999999999 0.006749999999999999 0 0.003999999999999999 0.006999999999999998 0 0.00375 0.007249999999999999 0 0.003500000000000001 0.007500000000000001 0 0.005499999999999999 0.005499999999999999 0 0.005499999999999999 0.005749999999999999 0 0.005249999999999999 0.005999999999999999 0 0.005 0.006249999999999999 0 0.00475 0.006499999999999999 0 0.0045 0.006749999999999999 0 0.004249999999999999 0.006999999999999998 0 0.003999999999999999 0.007249999999999999 0 0.00375 0.007500000000000001 0 0.005749999999999999 0.005499999999999999 0 0.005749999999999999 0.005749999999999999 0 0.005499999999999999 0.005999999999999999 0 0.005249999999999999 0.006249999999999999 0 0.005 0.006499999999999999 0 0.00475 0.006749999999999999 0 0.0045 0.006999999999999998 0 0.004249999999999999 0.007249999999999999 0 0.004000000000000001 0.007500000000000001 0 0.005999999999999999 0.005499999999999999 0 0.005999999999999999 0.005749999999999999 0 0.005749999999999999 0.005999999999999999 0 0.005499999999999999 0.006249999999999999 0 0.005249999999999999 0.006499999999999999 0 0.005 0.006749999999999999 0 0.00475 0.006999999999999998 0 0.0045 0.007249999999999999 0 0.004250000000000001 0.007500000000000001 0 0.006249999999999999 0.005499999999999999 0 0.006249999999999999 0.005749999999999999 0 0.005999999999999999 0.005999999999999999 0 0.005749999999999999 0.006249999999999999 0 0.005499999999999999 0.006499999999999999 0 0.005249999999999999 0.006749999999999999 0 0.005 0.006999999999999998 0 0.00475 0.007249999999999999 0 0.004500000000000001 0.007500000000000001 0 0.0065 0.005499999999999999 0 0.0065 0.005749999999999999 0 0.006249999999999999 0.005999999999999999 0 0.005999999999999999 0.006249999999999999 0 0.005749999999999999 0.006499999999999999 0 0.005499999999999999 0.006749999999999999 0 0.005249999999999999 0.006999999999999998 0 0.005 0.007249999999999999 0 0.004750000000000002 0.007500000000000001 0 0.00675 0.005499999999999999 0 0.00675 0.005749999999999999 0 0.0065 0.005999999999999999 0 0.006249999999999999 0.006249999999999999 0 0.005999999999999999 0.006499999999999999 0 0.005749999999999999 0.006749999999999999 0 0.005499999999999999 0.006999999999999998 0 0.005249999999999999 0.007249999999999999 0 0.005000000000000002 0.007500000000000001 0 0.007 0.005499999999999999 0 0.007 0.005749999999999999 0 0.00675 0.005999999999999999 0 0.0065 0.006249999999999999 0 0.006249999999999999 0.006499999999999999 0 0.005999999999999999 0.006749999999999999 0 0.005749999999999999 0.006999999999999998 0 0.005499999999999999 0.007249999999999999 0 0.00525 0.007500000000000001 0 0.007249999999999999 0.005499999999999999 0 0.007249999999999999 0.005749999999999999 0 0.007 0.005999999999999999 0 0.00675 0.006249999999999999 0 0.0065 0.006499999999999999 0 0.006249999999999999 0.006749999999999999 0 0.005999999999999999 0.006999999999999998 0 0.005749999999999999 0.007249999999999999 0 0.005500000000000001 0.007500000000000001 0 0.007499999999999999 0.005499999999999999 0 0.007499999999999999 0.005749999999999999 0 0.007249999999999999 0.005999999999999999 0 0.007 0.006249999999999999 0 0.00675 0.006499999999999999 0 0.0065 0.006749999999999999 0 0.006249999999999999 0.006999999999999998 0 0.005999999999999999 0.007249999999999999 0 0.005750000000000001 0.007500000000000001 0 0.00775 0.005499999999999999 0 0.00775 0.005749999999999999 0 0.007499999999999999 0.005999999999999999 0 0.007249999999999999 0.006249999999999999 0 0.007 0.006499999999999999 0 0.00675 0.006749999999999999 0 0.0065 0.006999999999999998 0 0.006249999999999999 0.007249999999999999 0 0.006000000000000001 0.007500000000000001 0 0.007999999999999998 0.005499999999999999 0 0.007999999999999998 0.005749999999999999 0 0.00775 0.005999999999999999 0 0.007499999999999999 0.006249999999999999 0 0.007249999999999999 0.006499999999999999 0 0.007 0.006749999999999999 0 0.00675 0.006999999999999998 0 0.0065 0.007249999999999999 0 0.006250000000000001 0.007500000000000001 0 0.008249999999999999 0.005499999999999999 0 0.008249999999999999 0.005749999999999999 0 0.007999999999999998 0.005999999999999999 0 0.00775 0.006249999999999999 0 0.007499999999999999 0.006499999999999999 0 0.007249999999999999 0.006749999999999999 0 0.007 0.006999999999999998 0 0.00675 0.007249999999999999 0 0.006500000000000001 0.007500000000000001 0 0.008499999999999999 0.005499999999999999 0 0.008499999999999999 0.005749999999999999 0 0.008249999999999999 0.005999999999999999 0 0.007999999999999998 0.006249999999999999 0 0.00775 0.006499999999999999 0 0.007499999999999999 0.006749999999999999 0 0.007249999999999999 0.006999999999999998 0 0.007 0.007249999999999999 0 0.006750000000000002 0.007500000000000001 0 0.008749999999999999 0.005499999999999999 0 0.008749999999999999 0.005749999999999999 0 0.008499999999999999 0.005999999999999999 0 0.008249999999999999 0.006249999999999999 0 0.007999999999999998 0.006499999999999999 0 0.00775 0.006749999999999999 0 0.007499999999999999 0.006999999999999998 0 0.007249999999999999 0.007249999999999999 0 0.007000000000000002 0.007500000000000001 0 0.008999999999999999 0.005499999999999999 0 0.008999999999999999 0.005749999999999999 0 0.008749999999999999 0.005999999999999999 0 0.008499999999999999 0.006249999999999999 0 0.008249999999999999 0.006499999999999999 0 0.007999999999999998 0.006749999999999999 0 0.00775 0.006999999999999998 0 0.007499999999999999 0.007249999999999999 0 0.00725 0.007500000000000001 0 0.00925 0.005499999999999999 0 0.00925 0.005749999999999999 0 0.008999999999999999 0.005999999999999999 0 0.008749999999999999 0.006249999999999999 0 0.008499999999999999 0.006499999999999999 0 0.008249999999999999 0.006749999999999999 0 0.007999999999999998 0.006999999999999998 0 0.00775 0.007249999999999999 0 0.007500000000000001 0.007500000000000001 0 0.0095 0.005499999999999999 0 0.0095 0.005749999999999999 0 0.00925 0.005999999999999999 0 0.008999999999999999 0.006249999999999999 0 0.008749999999999999 0.006499999999999999 0 0.008499999999999999 0.006749999999999999 0 0.008249999999999999 0.006999999999999998 0 0.007999999999999998 0.007249999999999999 0 0.00775 0.007500000000000001 0 0.009749999999999998 0.005499999999999999 0 0.009749999999999998 0.005749999999999999 0 0.0095 0.005999999999999999 0 0.00925 0.006249999999999999 0 0.008999999999999999 0.006499999999999999 0 0.008749999999999999 0.006749999999999999 0 0.008499999999999999 0.006999999999999998 0 0.008249999999999999 0.007249999999999999 0 0.008000000000000002 0.007500000000000001 0 0.009999999999999998 0.005499999999999999 0 0.009999999999999998 0.005749999999999999 0 0.009749999999999998 0.005999999999999999 0 0.0095 0.006249999999999999 0 0.00925 0.006499999999999999 0 0.008999999999999999 0.006749999999999999 0 0.008749999999999999 0.006999999999999998 0 0.008499999999999999 0.007249999999999999 0 0.008250000000000002 0.007500000000000001 0 0.01025 0.005499999999999999 0 0.01025 0.005749999999999999 0 0.009999999999999998 0.005999999999999999 0 0.009749999999999998 0.006249999999999999 0 0.0095 0.006499999999999999 0 0.00925 0.006749999999999999 0 0.008999999999999999 0.006999999999999998 0 0.008749999999999999 0.007249999999999999 0 0.008500000000000002 0.007500000000000001 0 0.0105 0.005499999999999999 0 0.0105 0.005749999999999999 0 0.01025 0.005999999999999999 0 0.009999999999999998 0.006249999999999999 0 0.009749999999999998 0.006499999999999999 0 0.0095 0.006749999999999999 0 0.00925 0.006999999999999998 0 0.008999999999999999 0.007249999999999999 0 0.008750000000000003 0.007500000000000001 0 0.01075 0.005499999999999999 0 0.01075 0.005749999999999999 0 0.0105 0.005999999999999999 0 0.01025 0.006249999999999999 0 0.009999999999999998 0.006499999999999999 0 0.009749999999999998 0.006749999999999999 0 0.0095 0.006999999999999998 0 0.00925 0.007249999999999999 0 0.009000000000000003 0.007500000000000001 0 0.011 0.005499999999999999 0 0.011 0.005749999999999999 0 0.01075 0.005999999999999999 0 0.0105 0.006249999999999999 0 0.01025 0.006499999999999999 0 0.009999999999999998 0.006749999999999999 0 0.009749999999999998 0.006999999999999998 0 0.0095 0.007249999999999999 0 0.009250000000000003 0.007500000000000001 0 0.01125 0.005499999999999999 0 0.01125 0.005749999999999999 0 0.011 0.005999999999999999 0 0.01075 0.006249999999999999 0 0.0105 0.006499999999999999 0 0.01025 0.006749999999999999 0 0.009999999999999998 0.006999999999999998 0 0.009749999999999998 0.007249999999999999 0 0.009500000000000003 0.007500000000000001 0 0.0115 0.005499999999999999 0 0.0115 0.005749999999999999 0 0.01125 0.005999999999999999 0 0.011 0.006249999999999999 0 0.01075 0.006499999999999999 0 0.0105 0.006749999999999999 0 0.01025 0.006999999999999998 0 0.009999999999999998 0.007249999999999999 0 0.009750000000000002 0.007500000000000001 0 0.01175 0.005499999999999999 0 0.01175 0.005749999999999999 0 0.0115 0.005999999999999999 0 0.01125 0.006249999999999999 0 0.011 0.006499999999999999 0 0.01075 0.006749999999999999 0 0.0105 0.006999999999999998 0 0.01025 0.007249999999999999 0 0.01 0.007500000000000001 0 0.012 0.005499999999999999 0 0.012 0.005749999999999999 0 0.01175 0.005999999999999999 0 0.0115 0.006249999999999999 0 0.01125 0.006499999999999999 0 0.011 0.006749999999999999 0 0.01075 0.006999999999999998 0 0.0105 0.007249999999999999 0 0.01025 0.007500000000000001 0 0.01225 0.005499999999999999 0 0.01225 0.005749999999999999 0 0.012 0.005999999999999999 0 0.01175 0.006249999999999999 0 0.0115 0.006499999999999999 0 0.01125 0.006749999999999999 0 0.011 0.006999999999999998 0 0.01075 0.007249999999999999 0 0.0105 0.007500000000000001 0 0.0125 0.005499999999999999 0 0.0125 0.005749999999999999 0 0.01225 0.005999999999999999 0 0.012 0.006249999999999999 0 0.01175 0.006499999999999999 0 0.0115 0.006749999999999999 0 0.01125 0.006999999999999998 0 0.011 0.007249999999999999 0 0.01075 0.007500000000000001 0 0.01275 0.005499999999999999 0 0.01275 0.005749999999999999 0 0.0125 0.005999999999999999 0 0.01225 0.006249999999999999 0 0.012 0.006499999999999999 0 0.01175 0.006749999999999999 0 0.0115 0.006999999999999998 0 0.01125 0.007249999999999999 0 0.011 0.007500000000000001 0 0.013 0.005499999999999999 0 0.013 0.005749999999999999 0 0.01275 0.005999999999999999 0 0.0125 0.006249999999999999 0 0.01225 0.006499999999999999 0 0.012 0.006749999999999999 0 0.01175 0.006999999999999998 0 0.0115 0.007249999999999999 0 0.01125 0.007500000000000001 0 0.01325 0.005499999999999999 0 0.01325 0.005749999999999999 0 0.013 0.005999999999999999 0 0.01275 0.006249999999999999 0 0.0125 0.006499999999999999 0 0.01225 0.006749999999999999 0 0.012 0.006999999999999998 0 0.01175 0.007249999999999999 0 0.0115 0.007500000000000001 0 0.0135 0.005499999999999999 0 0.0135 0.005749999999999999 0 0.01325 0.005999999999999999 0 0.013 0.006249999999999999 0 0.01275 0.006499999999999999 0 0.0125 0.006749999999999999 0 0.01225 0.006999999999999998 0 0.012 0.007249999999999999 0 0.01175 0.007500000000000001 0 0.01375 0.005499999999999999 0 0.01375 0.005749999999999999 0 0.0135 0.005999999999999999 0 0.01325 0.006249999999999999 0 0.013 0.006499999999999999 0 0.01275 0.006749999999999999 0 0.0125 0.006999999999999998 0 0.01225 0.007249999999999999 0 0.012 0.007500000000000001 0 0.014 0.005499999999999999 0 0.014 0.005749999999999999 0 0.01375 0.005999999999999999 0 0.0135 0.006249999999999999 0 0.01325 0.006499999999999999 0 0.013 0.006749999999999999 0 0.01275 0.006999999999999998 0 0.0125 0.007249999999999999 0 0.01225 0.007500000000000001 0 0.01425 0.005499999999999999 0 0.01425 0.005749999999999999 0 0.014 0.005999999999999999 0 0.01375 0.006249999999999999 0 0.0135 0.006499999999999999 0 0.01325 0.006749999999999999 0 0.013 0.006999999999999998 0 0.01275 0.007249999999999999 0 0.0125 0.007500000000000001 0 0.0145 0.005499999999999999 0 0.0145 0.005749999999999999 0 0.01425 0.005999999999999999 0 0.014 0.006249999999999999 0 0.01375 0.006499999999999999 0 0.0135 0.006749999999999999 0 0.01325 0.006999999999999998 0 0.013 0.007249999999999999 0 0.01275 0.007500000000000001 0 0.01475 0.005499999999999999 0 0.01475 0.005749999999999999 0 0.0145 0.005999999999999999 0 0.01425 0.006249999999999999 0 0.014 0.006499999999999999 0 0.01375 0.006749999999999999 0 0.0135 0.006999999999999998 0 0.01325 0.007249999999999999 0 0.013 0.007500000000000001 0 0.015 0.005499999999999999 0 0.015 0.005749999999999999 0 0.01475 0.005999999999999999 0 0.0145 0.006249999999999999 0 0.01425 0.006499999999999999 0 0.014 0.006749999999999999 0 0.01375 0.006999999999999998 0 0.0135 0.007249999999999999 0 0.01325 0.007500000000000001 0 0.01525 0.005499999999999999 0 0.01525 0.005749999999999999 0 0.015 0.005999999999999999 0 0.01475 0.006249999999999999 0 0.0145 0.006499999999999999 0 0.01425 0.006749999999999999 0 0.014 0.006999999999999998 0 0.01375 0.007249999999999999 0 0.0135 0.007500000000000001 0 0.0155 0.005499999999999999 0 0.0155 0.005749999999999999 0 0.01525 0.005999999999999999 0 0.015 0.006249999999999999 0 0.01475 0.006499999999999999 0 0.0145 0.006749999999999999 0 0.01425 0.006999999999999998 0 0.014 0.007249999999999999 0 0.01375 0.007500000000000001 0 0.01575 0.005499999999999999 0 0.01575 0.005749999999999999 0 0.0155 0.005999999999999999 0 0.01525 0.006249999999999999 0 0.015 0.006499999999999999 0 0.01475 0.006749999999999999 0 0.0145 0.006999999999999998 0 0.01425 0.007249999999999999 0 0.014 0.007500000000000001 0 0.016 0.005499999999999999 0 0.016 0.005749999999999999 0 0.01575 0.005999999999999999 0 0.0155 0.006249999999999999 0 0.01525 0.006499999999999999 0 0.015 0.006749999999999999 0 0.01475 0.006999999999999998 0 0.0145 0.007249999999999999 0 0.01425 0.007500000000000001 0 0.01625 0.005499999999999999 0 0.01625 0.005749999999999999 0 0.016 0.005999999999999999 0 0.01575 0.006249999999999999 0 0.0155 0.006499999999999999 0 0.01525 0.006749999999999999 0 0.015 0.006999999999999998 0 0.01475 0.007249999999999999 0 0.0145 0.007500000000000001 0 0.0165 0.005499999999999999 0 0.0165 0.005749999999999999 0 0.01625 0.005999999999999999 0 0.016 0.006249999999999999 0 0.01575 0.006499999999999999 0 0.0155 0.006749999999999999 0 0.01525 0.006999999999999998 0 0.015 0.007249999999999999 0 0.01475 0.007500000000000001 0 0.01675 0.005499999999999999 0 0.01675 0.005749999999999999 0 0.0165 0.005999999999999999 0 0.01625 0.006249999999999999 0 0.016 0.006499999999999999 0 0.01575 0.006749999999999999 0 0.0155 0.006999999999999998 0 0.01525 0.007249999999999999 0 0.015 0.007500000000000001 0 0.017 0.005499999999999999 0 0.017 0.005749999999999999 0 0.01675 0.005999999999999999 0 0.0165 0.006249999999999999 0 0.01625 0.006499999999999999 0 0.016 0.006749999999999999 0 0.01575 0.006999999999999998 0 0.0155 0.007249999999999999 0 0.01525 0.007500000000000001 0 0.01725 0.005499999999999999 0 0.01725 0.005749999999999999 0 0.017 0.005999999999999999 0 0.01675 0.006249999999999999 0 0.0165 0.006499999999999999 0 0.01625 0.006749999999999999 0 0.016 0.006999999999999998 0 0.01575 0.007249999999999999 0 0.0155 0.007500000000000001 0 0.0175 0.005499999999999999 0 0.0175 0.005749999999999999 0 0.01725 0.005999999999999999 0 0.017 0.006249999999999999 0 0.01675 0.006499999999999999 0 0.0165 0.006749999999999999 0 0.01625 0.006999999999999998 0 0.016 0.007249999999999999 0 0.01575 0.007500000000000001 0 0.01775 0.005499999999999999 0 0.01775 0.005749999999999999 0 0.0175 0.005999999999999999 0 0.01725 0.006249999999999999 0 0.017 0.006499999999999999 0 0.01675 0.006749999999999999 0 0.0165 0.006999999999999998 0 0.01625 0.007249999999999999 0 0.016 0.007500000000000001 0 0.018 0.005499999999999999 0 0.018 0.005749999999999999 0 0.01775 0.005999999999999999 0 0.0175 0.006249999999999999 0 0.01725 0.006499999999999999 0 0.017 0.006749999999999999 0 0.01675 0.006999999999999998 0 0.0165 0.007249999999999999 0 0.01625 0.007500000000000001 0 0.01825 0.005499999999999999 0 0.01825 0.005749999999999999 0 0.018 0.005999999999999999 0 0.01775 0.006249999999999999 0 0.0175 0.006499999999999999 0 0.01725 0.006749999999999999 0 0.017 0.006999999999999998 0 0.01675 0.007249999999999999 0 0.0165 0.007500000000000001 0 0.0185 0.005499999999999999 0 0.0185 0.005749999999999999 0 0.01825 0.005999999999999999 0 0.018 0.006249999999999999 0 0.01775 0.006499999999999999 0 0.0175 0.006749999999999999 0 0.01725 0.006999999999999998 0 0.017 0.007249999999999999 0 0.01675 0.007500000000000001 0 0.01875 0.005499999999999999 0 0.01875 0.005749999999999999 0 0.0185 0.005999999999999999 0 0.01825 0.006249999999999999 0 0.018 0.006499999999999999 0 0.01775 0.006749999999999999 0 0.0175 0.006999999999999998 0 0.01725 0.007249999999999999 0 0.017 0.007500000000000001 0 0.019 0.005499999999999999 0 0.019 0.005749999999999999 0 0.01875 0.005999999999999999 0 0.0185 0.006249999999999999 0 0.01825 0.006499999999999999 0 0.018 0.006749999999999999 0 0.01775 0.006999999999999998 0 0.0175 0.007249999999999999 0 0.01725 0.007500000000000001 0 0.01925 0.005499999999999999 0 0.01925 0.005749999999999999 0 0.019 0.005999999999999999 0 0.01875 0.006249999999999999 0 0.0185 0.006499999999999999 0 0.01825 0.006749999999999999 0 0.018 0.006999999999999998 0 0.01775 0.007249999999999999 0 0.01750000000000001 0.007500000000000001 0 0.0195 0.005499999999999999 0 0.0195 0.005749999999999999 0 0.01925 0.005999999999999999 0 0.019 0.006249999999999999 0 0.01875 0.006499999999999999 0 0.0185 0.006749999999999999 0 0.01825 0.006999999999999998 0 0.018 0.007249999999999999 0 0.01775000000000001 0.007500000000000001 0 0.01975 0.005499999999999999 0 0.01975 0.005749999999999999 0 0.0195 0.005999999999999999 0 0.01925 0.006249999999999999 0 0.019 0.006499999999999999 0 0.01875 0.006749999999999999 0 0.0185 0.006999999999999998 0 0.01825 0.007249999999999999 0 0.01800000000000001 0.007500000000000001 0 0.02 0.005499999999999999 0 0.02 0.005749999999999999 0 0.01975 0.005999999999999999 0 0.0195 0.006249999999999999 0 0.01925 0.006499999999999999 0 0.019 0.006749999999999999 0 0.01875 0.006999999999999998 0 0.0185 0.007249999999999999 0 0.01825000000000001 0.007500000000000001 0 0.02025 0.005499999999999999 0 0.02025 0.005749999999999999 0 0.02 0.005999999999999999 0 0.01975 0.006249999999999999 0 0.0195 0.006499999999999999 0 0.01925 0.006749999999999999 0 0.019 0.006999999999999998 0 0.01875 0.007249999999999999 0 0.01850000000000001 0.007500000000000001 0 0.0205 0.005499999999999999 0 0.0205 0.005749999999999999 0 0.02025 0.005999999999999999 0 0.02 0.006249999999999999 0 0.01975 0.006499999999999999 0 0.0195 0.006749999999999999 0 0.01925 0.006999999999999998 0 0.019 0.007249999999999999 0 0.01875 0.007500000000000001 0 0.02075 0.005499999999999999 0 0.02075 0.005749999999999999 0 0.0205 0.005999999999999999 0 0.02025 0.006249999999999999 0 0.02 0.006499999999999999 0 0.01975 0.006749999999999999 0 0.0195 0.006999999999999998 0 0.01925 0.007249999999999999 0 0.019 0.007500000000000001 0 0.021 0.005499999999999999 0 0.021 0.005749999999999999 0 0.02075 0.005999999999999999 0 0.0205 0.006249999999999999 0 0.02025 0.006499999999999999 0 0.02 0.006749999999999999 0 0.01975 0.006999999999999998 0 0.0195 0.007249999999999999 0 0.01925 0.007500000000000001 0 0.02125 0.005499999999999999 0 0.02125 0.005749999999999999 0 0.021 0.005999999999999999 0 0.02075 0.006249999999999999 0 0.0205 0.006499999999999999 0 0.02025 0.006749999999999999 0 0.02 0.006999999999999998 0 0.01975 0.007249999999999999 0 0.0195 0.007500000000000001 0 0.0215 0.005499999999999999 0 0.0215 0.005749999999999999 0 0.02125 0.005999999999999999 0 0.021 0.006249999999999999 0 0.02075 0.006499999999999999 0 0.0205 0.006749999999999999 0 0.02025 0.006999999999999998 0 0.02 0.007249999999999999 0 0.01975 0.007500000000000001 0 0.02175 0.005499999999999999 0 0.02175 0.005749999999999999 0 0.0215 0.005999999999999999 0 0.02125 0.006249999999999999 0 0.021 0.006499999999999999 0 0.02075 0.006749999999999999 0 0.0205 0.006999999999999998 0 0.02025 0.007249999999999999 0 0.02 0.007500000000000001 0 0.022 0.005499999999999999 0 0.022 0.005749999999999999 0 0.02175 0.005999999999999999 0 0.0215 0.006249999999999999 0 0.02125 0.006499999999999999 0 0.021 0.006749999999999999 0 0.02075 0.006999999999999998 0 0.0205 0.007249999999999999 0 0.02025 0.007500000000000001 0 0.02225 0.005499999999999999 0 0.02225 0.005749999999999999 0 0.022 0.005999999999999999 0 0.02175 0.006249999999999999 0 0.0215 0.006499999999999999 0 0.02125 0.006749999999999999 0 0.021 0.006999999999999998 0 0.02075 0.007249999999999999 0 0.0205 0.007500000000000001 0 0.0225 0.005499999999999999 0 0.0225 0.005749999999999999 0 0.02225 0.005999999999999999 0 0.022 0.006249999999999999 0 0.02175 0.006499999999999999 0 0.0215 0.006749999999999999 0 0.02125 0.006999999999999998 0 0.021 0.007249999999999999 0 0.02075 0.007500000000000001 0 0.02275 0.005499999999999999 0 0.02275 0.005749999999999999 0 0.0225 0.005999999999999999 0 0.02225 0.006249999999999999 0 0.022 0.006499999999999999 0 0.02175 0.006749999999999999 0 0.0215 0.006999999999999998 0 0.02125 0.007249999999999999 0 0.021 0.007500000000000001 0 0.023 0.005499999999999999 0 0.023 0.005749999999999999 0 0.02275 0.005999999999999999 0 0.0225 0.006249999999999999 0 0.02225 0.006499999999999999 0 0.022 0.006749999999999999 0 0.02175 0.006999999999999998 0 0.0215 0.007249999999999999 0 0.02125 0.007500000000000001 0 0.02325 0.005499999999999999 0 0.02325 0.005749999999999999 0 0.023 0.005999999999999999 0 0.02275 0.006249999999999999 0 0.0225 0.006499999999999999 0 0.02225 0.006749999999999999 0 0.022 0.006999999999999998 0 0.02175 0.007249999999999999 0 0.02150000000000001 0.007500000000000001 0 0.0235 0.005499999999999999 0 0.0235 0.005749999999999999 0 0.02325 0.005999999999999999 0 0.023 0.006249999999999999 0 0.02275 0.006499999999999999 0 0.0225 0.006749999999999999 0 0.02225 0.006999999999999998 0 0.022 0.007249999999999999 0 0.02175000000000001 0.007500000000000001 0 0.02375 0.005499999999999999 0 0.02375 0.005749999999999999 0 0.0235 0.005999999999999999 0 0.02325 0.006249999999999999 0 0.023 0.006499999999999999 0 0.02275 0.006749999999999999 0 0.0225 0.006999999999999998 0 0.02225 0.007249999999999999 0 0.02200000000000001 0.007500000000000001 0 0.024 0.005499999999999999 0 0.024 0.005749999999999999 0 0.02375 0.005999999999999999 0 0.0235 0.006249999999999999 0 0.02325 0.006499999999999999 0 0.023 0.006749999999999999 0 0.02275 0.006999999999999998 0 0.0225 0.007249999999999999 0 0.02225000000000001 0.007500000000000001 0 0.02425 0.005499999999999999 0 0.02425 0.005749999999999999 0 0.024 0.005999999999999999 0 0.02375 0.006249999999999999 0 0.0235 0.006499999999999999 0 0.02325 0.006749999999999999 0 0.023 0.006999999999999998 0 0.02275 0.007249999999999999 0 0.0225 0.007500000000000001 0 0.0245 0.005499999999999999 0 0.0245 0.005749999999999999 0 0.02425 0.005999999999999999 0 0.024 0.006249999999999999 0 0.02375 0.006499999999999999 0 0.0235 0.006749999999999999 0 0.02325 0.006999999999999998 0 0.023 0.007249999999999999 0 0.02275 0.007500000000000001 0 0.02475 0.005499999999999999 0 0.02475 0.005749999999999999 0 0.0245 0.005999999999999999 0 0.02425 0.006249999999999999 0 0.024 0.006499999999999999 0 0.02375 0.006749999999999999 0 0.0235 0.006999999999999998 0 0.02325 0.007249999999999999 0 0.023 0.007500000000000001 0 0.025 0.005499999999999999 0 0.025 0.005749999999999999 0 0.02475 0.005999999999999999 0 0.0245 0.006249999999999999 0 0.02425 0.006499999999999999 0 0.024 0.006749999999999999 0 0.02375 0.006999999999999998 0 0.0235 0.007249999999999999 0 0.02325 0.007500000000000001 0 0.02525 0.005499999999999999 0 0.02525 0.005749999999999999 0 0.025 0.005999999999999999 0 0.02475 0.006249999999999999 0 0.0245 0.006499999999999999 0 0.02425 0.006749999999999999 0 0.024 0.006999999999999998 0 0.02375 0.007249999999999999 0 0.0235 0.007500000000000001 0 0.0255 0.005499999999999999 0 0.0255 0.005749999999999999 0 0.02525 0.005999999999999999 0 0.025 0.006249999999999999 0 0.02475 0.006499999999999999 0 0.0245 0.006749999999999999 0 0.02425 0.006999999999999998 0 0.024 0.007249999999999999 0 0.02375 0.007500000000000001 0 0.02575 0.005499999999999999 0 0.02575 0.005749999999999999 0 0.0255 0.005999999999999999 0 0.02525 0.006249999999999999 0 0.025 0.006499999999999999 0 0.02475 0.006749999999999999 0 0.0245 0.006999999999999998 0 0.02425 0.007249999999999999 0 0.024 0.007500000000000001 0 0.026 0.005499999999999999 0 0.026 0.005749999999999999 0 0.02575 0.005999999999999999 0 0.0255 0.006249999999999999 0 0.02525 0.006499999999999999 0 0.025 0.006749999999999999 0 0.02475 0.006999999999999998 0 0.0245 0.007249999999999999 0 0.02425 0.007500000000000001 0 0.02625 0.005499999999999999 0 0.02625 0.005749999999999999 0 0.026 0.005999999999999999 0 0.02575 0.006249999999999999 0 0.0255 0.006499999999999999 0 0.02525 0.006749999999999999 0 0.025 0.006999999999999998 0 0.02475 0.007249999999999999 0 0.0245 0.007500000000000001 0 0.0265 0.005499999999999999 0 0.0265 0.005749999999999999 0 0.02625 0.005999999999999999 0 0.026 0.006249999999999999 0 0.02575 0.006499999999999999 0 0.0255 0.006749999999999999 0 0.02525 0.006999999999999998 0 0.025 0.007249999999999999 0 0.02475 0.007500000000000001 0 0.02675 0.005499999999999999 0 0.02675 0.005749999999999999 0 0.0265 0.005999999999999999 0 0.02625 0.006249999999999999 0 0.026 0.006499999999999999 0 0.02575 0.006749999999999999 0 0.0255 0.006999999999999998 0 0.02525 0.007249999999999999 0 0.025 0.007500000000000001 0 0.027 0.005499999999999999 0 0.027 0.005749999999999999 0 0.02675 0.005999999999999999 0 0.0265 0.006249999999999999 0 0.02625 0.006499999999999999 0 0.026 0.006749999999999999 0 0.02575 0.006999999999999998 0 0.0255 0.007249999999999999 0 0.02525000000000001 0.007500000000000001 0 0.02725 0.005499999999999999 0 0.02725 0.005749999999999999 0 0.027 0.005999999999999999 0 0.02675 0.006249999999999999 0 0.0265 0.006499999999999999 0 0.02625 0.006749999999999999 0 0.026 0.006999999999999998 0 0.02575 0.007249999999999999 0 0.02550000000000001 0.007500000000000001 0 0.0275 0.005499999999999999 0 0.0275 0.005749999999999999 0 0.02725 0.005999999999999999 0 0.027 0.006249999999999999 0 0.02675 0.006499999999999999 0 0.0265 0.006749999999999999 0 0.02625 0.006999999999999998 0 0.026 0.007249999999999999 0 0.02575000000000001 0.007500000000000001 0 0.02775 0.005499999999999999 0 0.02775 0.005749999999999999 0 0.0275 0.005999999999999999 0 0.02725 0.006249999999999999 0 0.027 0.006499999999999999 0 0.02675 0.006749999999999999 0 0.0265 0.006999999999999998 0 0.02625 0.007249999999999999 0 0.02600000000000001 0.007500000000000001 0 0.028 0.005499999999999999 0 0.028 0.005749999999999999 0 0.02775 0.005999999999999999 0 0.0275 0.006249999999999999 0 0.02725 0.006499999999999999 0 0.027 0.006749999999999999 0 0.02675 0.006999999999999998 0 0.0265 0.007249999999999999 0 0.02625000000000001 0.007500000000000001 0 0.02825 0.005499999999999999 0 0.02825 0.005749999999999999 0 0.028 0.005999999999999999 0 0.02775 0.006249999999999999 0 0.0275 0.006499999999999999 0 0.02725 0.006749999999999999 0 0.027 0.006999999999999998 0 0.02675 0.007249999999999999 0 0.02650000000000001 0.007500000000000001 0 0.0285 0.005499999999999999 0 0.0285 0.005749999999999999 0 0.02825 0.005999999999999999 0 0.028 0.006249999999999999 0 0.02775 0.006499999999999999 0 0.0275 0.006749999999999999 0 0.02725 0.006999999999999998 0 0.027 0.007249999999999999 0 0.02675 0.007500000000000001 0 0.02875 0.005499999999999999 0 0.02875 0.005749999999999999 0 0.0285 0.005999999999999999 0 0.02825 0.006249999999999999 0 0.028 0.006499999999999999 0 0.02775 0.006749999999999999 0 0.0275 0.006999999999999998 0 0.02725 0.007249999999999999 0 0.027 0.007500000000000001 0 0.029 0.005499999999999999 0 0.029 0.005749999999999999 0 0.02875 0.005999999999999999 0 0.0285 0.006249999999999999 0 0.02825 0.006499999999999999 0 0.028 0.006749999999999999 0 0.02775 0.006999999999999998 0 0.0275 0.007249999999999999 0 0.02725 0.007500000000000001 0 0.02925 0.005499999999999999 0 0.02925 0.005749999999999999 0 0.029 0.005999999999999999 0 0.02875 0.006249999999999999 0 0.0285 0.006499999999999999 0 0.02825 0.006749999999999999 0 0.028 0.006999999999999998 0 0.02775 0.007249999999999999 0 0.0275 0.007500000000000001 0 0.0295 0.005499999999999999 0 0.0295 0.005749999999999999 0 0.02925 0.005999999999999999 0 0.029 0.006249999999999999 0 0.02875 0.006499999999999999 0 0.0285 0.006749999999999999 0 0.02825 0.006999999999999998 0 0.028 0.007249999999999999 0 0.02775 0.007500000000000001 0 0.02975 0.005499999999999999 0 0.02975 0.005749999999999999 0 0.0295 0.005999999999999999 0 0.02925 0.006249999999999999 0 0.029 0.006499999999999999 0 0.02875 0.006749999999999999 0 0.0285 0.006999999999999998 0 0.02825 0.007249999999999999 0 0.028 0.007500000000000001 0 0.03 0.005499999999999999 0 0.03 0.005749999999999999 0 0.02975 0.005999999999999999 0 0.0295 0.006249999999999999 0 0.02925 0.006499999999999999 0 0.029 0.006749999999999999 0 0.02875 0.006999999999999998 0 0.0285 0.007249999999999999 0 0.02825 0.007500000000000001 0 0.03025 0.005499999999999999 0 0.03025 0.005749999999999999 0 0.03 0.005999999999999999 0 0.02975 0.006249999999999999 0 0.0295 0.006499999999999999 0 0.02925 0.006749999999999999 0 0.029 0.006999999999999998 0 0.02875 0.007249999999999999 0 0.0285 0.007500000000000001 0 0.0305 0.005499999999999999 0 0.0305 0.005749999999999999 0 0.03025 0.005999999999999999 0 0.03 0.006249999999999999 0 0.02975 0.006499999999999999 0 0.0295 0.006749999999999999 0 0.02925 0.006999999999999998 0 0.029 0.007249999999999999 0 0.02875 0.007500000000000001 0 0.03075 0.005499999999999999 0 0.03075 0.005749999999999999 0 0.0305 0.005999999999999999 0 0.03025 0.006249999999999999 0 0.03 0.006499999999999999 0 0.02975 0.006749999999999999 0 0.0295 0.006999999999999998 0 0.02925 0.007249999999999999 0 0.029 0.007500000000000001 0 0.031 0.005499999999999999 0 0.031 0.005749999999999999 0 0.03075 0.005999999999999999 0 0.0305 0.006249999999999999 0 0.03025 0.006499999999999999 0 0.03 0.006749999999999999 0 0.02975 0.006999999999999998 0 0.0295 0.007249999999999999 0 0.02925000000000001 0.007500000000000001 0 0.03125 0.005499999999999999 0 0.03125 0.005749999999999999 0 0.031 0.005999999999999999 0 0.03075 0.006249999999999999 0 0.0305 0.006499999999999999 0 0.03025 0.006749999999999999 0 0.03 0.006999999999999998 0 0.02975 0.007249999999999999 0 0.02950000000000001 0.007500000000000001 0 0.03149999999999999 0.005499999999999999 0 0.03149999999999999 0.005749999999999999 0 0.03125 0.005999999999999999 0 0.031 0.006249999999999999 0 0.03075 0.006499999999999999 0 0.0305 0.006749999999999999 0 0.03025 0.006999999999999998 0 0.03 0.007249999999999999 0 0.02975000000000001 0.007500000000000001 0 0.03174999999999999 0.005499999999999999 0 0.03174999999999999 0.005749999999999999 0 0.03149999999999999 0.005999999999999999 0 0.03125 0.006249999999999999 0 0.031 0.006499999999999999 0 0.03075 0.006749999999999999 0 0.0305 0.006999999999999998 0 0.03025 0.007249999999999999 0 0.03000000000000001 0.007500000000000001 0 0.03199999999999999 0.005499999999999999 0 0.03199999999999999 0.005749999999999999 0 0.03174999999999999 0.005999999999999999 0 0.03149999999999999 0.006249999999999999 0 0.03125 0.006499999999999999 0 0.031 0.006749999999999999 0 0.03075 0.006999999999999998 0 0.0305 0.007249999999999999 0 0.03025000000000001 0.007500000000000001 0 0.03224999999999999 0.005499999999999999 0 0.03224999999999999 0.005749999999999999 0 0.03199999999999999 0.005999999999999999 0 0.03174999999999999 0.006249999999999999 0 0.03149999999999999 0.006499999999999999 0 0.03125 0.006749999999999999 0 0.031 0.006999999999999998 0 0.03075 0.007249999999999999 0 0.0305 0.007500000000000001 0 0.03249999999999999 0.005499999999999999 0 0.03249999999999999 0.005749999999999999 0 0.03224999999999999 0.005999999999999999 0 0.03199999999999999 0.006249999999999999 0 0.03174999999999999 0.006499999999999999 0 0.03149999999999999 0.006749999999999999 0 0.03125 0.006999999999999998 0 0.031 0.007249999999999999 0 0.03075 0.007500000000000001 0 0.03274999999999999 0.005499999999999999 0 0.03274999999999999 0.005749999999999999 0 0.03249999999999999 0.005999999999999999 0 0.03224999999999999 0.006249999999999999 0 0.03199999999999999 0.006499999999999999 0 0.03174999999999999 0.006749999999999999 0 0.03149999999999999 0.006999999999999998 0 0.03125 0.007249999999999999 0 0.031 0.007500000000000001 0 0.03299999999999999 0.005499999999999999 0 0.03299999999999999 0.005749999999999999 0 0.03274999999999999 0.005999999999999999 0 0.03249999999999999 0.006249999999999999 0 0.03224999999999999 0.006499999999999999 0 0.03199999999999999 0.006749999999999999 0 0.03174999999999999 0.006999999999999998 0 0.03149999999999999 0.007249999999999999 0 0.03125000000000001 0.007500000000000001 0 0.03324999999999999 0.005499999999999999 0 0.03324999999999999 0.005749999999999999 0 0.03299999999999999 0.005999999999999999 0 0.03274999999999999 0.006249999999999999 0 0.03249999999999999 0.006499999999999999 0 0.03224999999999999 0.006749999999999999 0 0.03199999999999999 0.006999999999999998 0 0.03174999999999999 0.007249999999999999 0 0.03150000000000001 0.007500000000000001 0 0.0335 0.005499999999999999 0 0.0335 0.005749999999999999 0 0.03324999999999999 0.005999999999999999 0 0.03299999999999999 0.006249999999999999 0 0.03274999999999999 0.006499999999999999 0 0.03249999999999999 0.006749999999999999 0 0.03224999999999999 0.006999999999999998 0 0.03199999999999999 0.007249999999999999 0 0.03175000000000001 0.007500000000000001 0 0.03375 0.005499999999999999 0 0.03375 0.005749999999999999 0 0.0335 0.005999999999999999 0 0.03324999999999999 0.006249999999999999 0 0.03299999999999999 0.006499999999999999 0 0.03274999999999999 0.006749999999999999 0 0.03249999999999999 0.006999999999999998 0 0.03224999999999999 0.007249999999999999 0 0.03200000000000001 0.007500000000000001 0 0.034 0.005499999999999999 0 0.034 0.005749999999999999 0 0.03375 0.005999999999999999 0 0.0335 0.006249999999999999 0 0.03324999999999999 0.006499999999999999 0 0.03299999999999999 0.006749999999999999 0 0.03274999999999999 0.006999999999999998 0 0.03249999999999999 0.007249999999999999 0 0.03225000000000001 0.007500000000000001 0 0.03425 0.005499999999999999 0 0.03425 0.005749999999999999 0 0.034 0.005999999999999999 0 0.03375 0.006249999999999999 0 0.0335 0.006499999999999999 0 0.03324999999999999 0.006749999999999999 0 0.03299999999999999 0.006999999999999998 0 0.03274999999999999 0.007249999999999999 0 0.03250000000000001 0.007500000000000001 0 0.0345 0.005499999999999999 0 0.0345 0.005749999999999999 0 0.03425 0.005999999999999999 0 0.034 0.006249999999999999 0 0.03375 0.006499999999999999 0 0.0335 0.006749999999999999 0 0.03324999999999999 0.006999999999999998 0 0.03299999999999999 0.007249999999999999 0 0.03275000000000001 0.007500000000000001 0 0.03475 0.005499999999999999 0 0.03475 0.005749999999999999 0 0.0345 0.005999999999999999 0 0.03425 0.006249999999999999 0 0.034 0.006499999999999999 0 0.03375 0.006749999999999999 0 0.0335 0.006999999999999998 0 0.03324999999999999 0.007249999999999999 0 0.03300000000000001 0.007500000000000001 0 0.035 0.005499999999999999 0 0.035 0.005749999999999999 0 0.03475 0.005999999999999999 0 0.0345 0.006249999999999999 0 0.03425 0.006499999999999999 0 0.034 0.006749999999999999 0 0.03375 0.006999999999999998 0 0.0335 0.007249999999999999 0 0.03325000000000001 0.007500000000000001 0 0.03525 0.005499999999999999 0 0.03525 0.005749999999999999 0 0.035 0.005999999999999999 0 0.03475 0.006249999999999999 0 0.0345 0.006499999999999999 0 0.03425 0.006749999999999999 0 0.034 0.006999999999999998 0 0.03375 0.007249999999999999 0 0.03350000000000001 0.007500000000000001 0 0.0355 0.005499999999999999 0 0.0355 0.005749999999999999 0 0.03525 0.005999999999999999 0 0.035 0.006249999999999999 0 0.03475 0.006499999999999999 0 0.0345 0.006749999999999999 0 0.03425 0.006999999999999998 0 0.034 0.007249999999999999 0 0.03375000000000001 0.007500000000000001 0 0.03575 0.005499999999999999 0 0.03575 0.005749999999999999 0 0.0355 0.005999999999999999 0 0.03525 0.006249999999999999 0 0.035 0.006499999999999999 0 0.03475 0.006749999999999999 0 0.0345 0.006999999999999998 0 0.03425 0.007249999999999999 0 0.03400000000000001 0.007500000000000001 0 0.036 0.005499999999999999 0 0.036 0.005749999999999999 0 0.03575 0.005999999999999999 0 0.0355 0.006249999999999999 0 0.03525 0.006499999999999999 0 0.035 0.006749999999999999 0 0.03475 0.006999999999999998 0 0.0345 0.007249999999999999 0 0.03425000000000001 0.007500000000000001 0 0.03625 0.005499999999999999 0 0.03625 0.005749999999999999 0 0.036 0.005999999999999999 0 0.03575 0.006249999999999999 0 0.0355 0.006499999999999999 0 0.03525 0.006749999999999999 0 0.035 0.006999999999999998 0 0.03475 0.007249999999999999 0 0.03450000000000001 0.007500000000000001 0 0.0365 0.005499999999999999 0 0.0365 0.005749999999999999 0 0.03625 0.005999999999999999 0 0.036 0.006249999999999999 0 0.03575 0.006499999999999999 0 0.0355 0.006749999999999999 0 0.03525 0.006999999999999998 0 0.035 0.007249999999999999 0 0.03475000000000001 0.007500000000000001 0 0.03674999999999999 0.005499999999999999 0 0.03674999999999999 0.005749999999999999 0 0.0365 0.005999999999999999 0 0.03625 0.006249999999999999 0 0.036 0.006499999999999999 0 0.03575 0.006749999999999999 0 0.0355 0.006999999999999998 0 0.03525 0.007249999999999999 0 0.03500000000000001 0.007500000000000001 0 0.03699999999999999 0.005499999999999999 0 0.03699999999999999 0.005749999999999999 0 0.03674999999999999 0.005999999999999999 0 0.0365 0.006249999999999999 0 0.03625 0.006499999999999999 0 0.036 0.006749999999999999 0 0.03575 0.006999999999999998 0 0.0355 0.007249999999999999 0 0.03525000000000001 0.007500000000000001 0 0.03724999999999999 0.005499999999999999 0 0.03724999999999999 0.005749999999999999 0 0.03699999999999999 0.005999999999999999 0 0.03674999999999999 0.006249999999999999 0 0.0365 0.006499999999999999 0 0.03625 0.006749999999999999 0 0.036 0.006999999999999998 0 0.03575 0.007249999999999999 0 0.03550000000000001 0.007500000000000001 0 0.03749999999999999 0.005499999999999999 0 0.03749999999999999 0.005749999999999999 0 0.03724999999999999 0.005999999999999999 0 0.03699999999999999 0.006249999999999999 0 0.03674999999999999 0.006499999999999999 0 0.0365 0.006749999999999999 0 0.03625 0.006999999999999998 0 0.036 0.007249999999999999 0 0.03575000000000001 0.007500000000000001 0 0.03774999999999999 0.005499999999999999 0 0.03774999999999999 0.005749999999999999 0 0.03749999999999999 0.005999999999999999 0 0.03724999999999999 0.006249999999999999 0 0.03699999999999999 0.006499999999999999 0 0.03674999999999999 0.006749999999999999 0 0.0365 0.006999999999999998 0 0.03625 0.007249999999999999 0 0.03600000000000001 0.007500000000000001 0 0.03799999999999999 0.005499999999999999 0 0.03799999999999999 0.005749999999999999 0 0.03774999999999999 0.005999999999999999 0 0.03749999999999999 0.006249999999999999 0 0.03724999999999999 0.006499999999999999 0 0.03699999999999999 0.006749999999999999 0 0.03674999999999999 0.006999999999999998 0 0.0365 0.007249999999999999 0 0.03625000000000001 0.007500000000000001 0 0.03824999999999999 0.005499999999999999 0 0.03824999999999999 0.005749999999999999 0 0.03799999999999999 0.005999999999999999 0 0.03774999999999999 0.006249999999999999 0 0.03749999999999999 0.006499999999999999 0 0.03724999999999999 0.006749999999999999 0 0.03699999999999999 0.006999999999999998 0 0.03674999999999999 0.007249999999999999 0 0.03650000000000001 0.007500000000000001 0 0.03849999999999999 0.005499999999999999 0 0.03849999999999999 0.005749999999999999 0 0.03824999999999999 0.005999999999999999 0 0.03799999999999999 0.006249999999999999 0 0.03774999999999999 0.006499999999999999 0 0.03749999999999999 0.006749999999999999 0 0.03724999999999999 0.006999999999999998 0 0.03699999999999999 0.007249999999999999 0 0.03675 0.007500000000000001 0 0.03874999999999999 0.005499999999999999 0 0.03874999999999999 0.005749999999999999 0 0.03849999999999999 0.005999999999999999 0 0.03824999999999999 0.006249999999999999 0 0.03799999999999999 0.006499999999999999 0 0.03774999999999999 0.006749999999999999 0 0.03749999999999999 0.006999999999999998 0 0.03724999999999999 0.007249999999999999 0 0.03700000000000001 0.007500000000000001 0 0.03899999999999999 0.005499999999999999 0 0.03899999999999999 0.005749999999999999 0 0.03874999999999999 0.005999999999999999 0 0.03849999999999999 0.006249999999999999 0 0.03824999999999999 0.006499999999999999 0 0.03799999999999999 0.006749999999999999 0 0.03774999999999999 0.006999999999999998 0 0.03749999999999999 0.007249999999999999 0 0.03725000000000001 0.007500000000000001 0 0.03924999999999999 0.005499999999999999 0 0.03924999999999999 0.005749999999999999 0 0.03899999999999999 0.005999999999999999 0 0.03874999999999999 0.006249999999999999 0 0.03849999999999999 0.006499999999999999 0 0.03824999999999999 0.006749999999999999 0 0.03799999999999999 0.006999999999999998 0 0.03774999999999999 0.007249999999999999 0 0.03750000000000001 0.007500000000000001 0 0.03949999999999999 0.005499999999999999 0 0.03949999999999999 0.005749999999999999 0 0.03924999999999999 0.005999999999999999 0 0.03899999999999999 0.006249999999999999 0 0.03874999999999999 0.006499999999999999 0 0.03849999999999999 0.006749999999999999 0 0.03824999999999999 0.006999999999999998 0 0.03799999999999999 0.007249999999999999 0 0.03775000000000001 0.007500000000000001 0 0.03974999999999999 0.005499999999999999 0 0.03974999999999999 0.005749999999999999 0 0.03949999999999999 0.005999999999999999 0 0.03924999999999999 0.006249999999999999 0 0.03899999999999999 0.006499999999999999 0 0.03874999999999999 0.006749999999999999 0 0.03849999999999999 0.006999999999999998 0 0.03824999999999999 0.007249999999999999 0 0.03800000000000001 0.007500000000000001 0 0.03999999999999999 0.005499999999999999 0 0.03999999999999999 0.005749999999999999 0 0.03974999999999999 0.005999999999999999 0 0.03949999999999999 0.006249999999999999 0 0.03924999999999999 0.006499999999999999 0 0.03899999999999999 0.006749999999999999 0 0.03874999999999999 0.006999999999999998 0 0.03849999999999999 0.007249999999999999 0 0.03825000000000001 0.007500000000000001 0 0.04024999999999999 0.005499999999999999 0 0.04024999999999999 0.005749999999999999 0 0.03999999999999999 0.005999999999999999 0 0.03974999999999999 0.006249999999999999 0 0.03949999999999999 0.006499999999999999 0 0.03924999999999999 0.006749999999999999 0 0.03899999999999999 0.006999999999999998 0 0.03874999999999999 0.007249999999999999 0 0.03850000000000001 0.007500000000000001 0 0.04049999999999999 0.005499999999999999 0 0.04049999999999999 0.005749999999999999 0 0.04024999999999999 0.005999999999999999 0 0.03999999999999999 0.006249999999999999 0 0.03974999999999999 0.006499999999999999 0 0.03949999999999999 0.006749999999999999 0 0.03924999999999999 0.006999999999999998 0 0.03899999999999999 0.007249999999999999 0 0.03875000000000001 0.007500000000000001 0 0.04074999999999999 0.005499999999999999 0 0.04074999999999999 0.005749999999999999 0 0.04049999999999999 0.005999999999999999 0 0.04024999999999999 0.006249999999999999 0 0.03999999999999999 0.006499999999999999 0 0.03974999999999999 0.006749999999999999 0 0.03949999999999999 0.006999999999999998 0 0.03924999999999999 0.007249999999999999 0 0.03900000000000001 0.007500000000000001 0 0.04099999999999999 0.005499999999999999 0 0.04099999999999999 0.005749999999999999 0 0.04074999999999999 0.005999999999999999 0 0.04049999999999999 0.006249999999999999 0 0.04024999999999999 0.006499999999999999 0 0.03999999999999999 0.006749999999999999 0 0.03974999999999999 0.006999999999999998 0 0.03949999999999999 0.007249999999999999 0 0.03925000000000001 0.007500000000000001 0 0.04125 0.005499999999999999 0 0.04125 0.005749999999999999 0 0.04099999999999999 0.005999999999999999 0 0.04074999999999999 0.006249999999999999 0 0.04049999999999999 0.006499999999999999 0 0.04024999999999999 0.006749999999999999 0 0.03999999999999999 0.006999999999999998 0 0.03974999999999999 0.007249999999999999 0 0.03950000000000001 0.007500000000000001 0 0.0415 0.005499999999999999 0 0.0415 0.005749999999999999 0 0.04125 0.005999999999999999 0 0.04099999999999999 0.006249999999999999 0 0.04074999999999999 0.006499999999999999 0 0.04049999999999999 0.006749999999999999 0 0.04024999999999999 0.006999999999999998 0 0.03999999999999999 0.007249999999999999 0 0.03975000000000001 0.007500000000000001 0 0.04175 0.005499999999999999 0 0.04175 0.005749999999999999 0 0.0415 0.005999999999999999 0 0.04125 0.006249999999999999 0 0.04099999999999999 0.006499999999999999 0 0.04074999999999999 0.006749999999999999 0 0.04049999999999999 0.006999999999999998 0 0.04024999999999999 0.007249999999999999 0 0.04000000000000001 0.007500000000000001 0 0.042 0.005499999999999999 0 0.042 0.005749999999999999 0 0.04175 0.005999999999999999 0 0.0415 0.006249999999999999 0 0.04125 0.006499999999999999 0 0.04099999999999999 0.006749999999999999 0 0.04074999999999999 0.006999999999999998 0 0.04049999999999999 0.007249999999999999 0 0.04025000000000001 0.007500000000000001 0 0.04225 0.005499999999999999 0 0.04225 0.005749999999999999 0 0.042 0.005999999999999999 0 0.04175 0.006249999999999999 0 0.0415 0.006499999999999999 0 0.04125 0.006749999999999999 0 0.04099999999999999 0.006999999999999998 0 0.04074999999999999 0.007249999999999999 0 0.04050000000000001 0.007500000000000001 0 0.0425 0.005499999999999999 0 0.0425 0.005749999999999999 0 0.04225 0.005999999999999999 0 0.042 0.006249999999999999 0 0.04175 0.006499999999999999 0 0.0415 0.006749999999999999 0 0.04125 0.006999999999999998 0 0.04099999999999999 0.007249999999999999 0 0.04075000000000001 0.007500000000000001 0 0.04275 0.005499999999999999 0 0.04275 0.005749999999999999 0 0.0425 0.005999999999999999 0 0.04225 0.006249999999999999 0 0.042 0.006499999999999999 0 0.04175 0.006749999999999999 0 0.0415 0.006999999999999998 0 0.04125 0.007249999999999999 0 0.04100000000000001 0.007500000000000001 0 0.043 0.005499999999999999 0 0.043 0.005749999999999999 0 0.04275 0.005999999999999999 0 0.0425 0.006249999999999999 0 0.04225 0.006499999999999999 0 0.042 0.006749999999999999 0 0.04175 0.006999999999999998 0 0.0415 0.007249999999999999 0 0.04125000000000001 0.007500000000000001 0 0.04325 0.005499999999999999 0 0.04325 0.005749999999999999 0 0.043 0.005999999999999999 0 0.04275 0.006249999999999999 0 0.0425 0.006499999999999999 0 0.04225 0.006749999999999999 0 0.042 0.006999999999999998 0 0.04175 0.007249999999999999 0 0.04150000000000001 0.007500000000000001 0 0.0435 0.005499999999999999 0 0.0435 0.005749999999999999 0 0.04325 0.005999999999999999 0 0.043 0.006249999999999999 0 0.04275 0.006499999999999999 0 0.0425 0.006749999999999999 0 0.04225 0.006999999999999998 0 0.042 0.007249999999999999 0 0.04175000000000001 0.007500000000000001 0 0.04375 0.005499999999999999 0 0.04375 0.005749999999999999 0 0.0435 0.005999999999999999 0 0.04325 0.006249999999999999 0 0.043 0.006499999999999999 0 0.04275 0.006749999999999999 0 0.0425 0.006999999999999998 0 0.04225 0.007249999999999999 0 0.04200000000000001 0.007500000000000001 0 0.044 0.005499999999999999 0 0.044 0.005749999999999999 0 0.04375 0.005999999999999999 0 0.0435 0.006249999999999999 0 0.04325 0.006499999999999999 0 0.043 0.006749999999999999 0 0.04275 0.006999999999999998 0 0.0425 0.007249999999999999 0 0.04225000000000001 0.007500000000000001 0 0.04425 0.005499999999999999 0 0.04425 0.005749999999999999 0 0.044 0.005999999999999999 0 0.04375 0.006249999999999999 0 0.0435 0.006499999999999999 0 0.04325 0.006749999999999999 0 0.043 0.006999999999999998 0 0.04275 0.007249999999999999 0 0.04250000000000001 0.007500000000000001 0 0.04449999999999999 0.005499999999999999 0 0.04449999999999999 0.005749999999999999 0 0.04425 0.005999999999999999 0 0.044 0.006249999999999999 0 0.04375 0.006499999999999999 0 0.0435 0.006749999999999999 0 0.04325 0.006999999999999998 0 0.043 0.007249999999999999 0 0.04275000000000001 0.007500000000000001 0 0.04474999999999999 0.005499999999999999 0 0.04474999999999999 0.005749999999999999 0 0.04449999999999999 0.005999999999999999 0 0.04425 0.006249999999999999 0 0.044 0.006499999999999999 0 0.04375 0.006749999999999999 0 0.0435 0.006999999999999998 0 0.04325 0.007249999999999999 0 0.04300000000000001 0.007500000000000001 0 0.04499999999999999 0.005499999999999999 0 0.04499999999999999 0.005749999999999999 0 0.04474999999999999 0.005999999999999999 0 0.04449999999999999 0.006249999999999999 0 0.04425 0.006499999999999999 0 0.044 0.006749999999999999 0 0.04375 0.006999999999999998 0 0.0435 0.007249999999999999 0 0.04325000000000001 0.007500000000000001 0 0.04524999999999999 0.005499999999999999 0 0.04524999999999999 0.005749999999999999 0 0.04499999999999999 0.005999999999999999 0 0.04474999999999999 0.006249999999999999 0 0.04449999999999999 0.006499999999999999 0 0.04425 0.006749999999999999 0 0.044 0.006999999999999998 0 0.04375 0.007249999999999999 0 0.04350000000000001 0.007500000000000001 0 0.04549999999999999 0.005499999999999999 0 0.04549999999999999 0.005749999999999999 0 0.04524999999999999 0.005999999999999999 0 0.04499999999999999 0.006249999999999999 0 0.04474999999999999 0.006499999999999999 0 0.04449999999999999 0.006749999999999999 0 0.04425 0.006999999999999998 0 0.044 0.007249999999999999 0 0.04375000000000001 0.007500000000000001 0 0.04574999999999999 0.005499999999999999 0 0.04574999999999999 0.005749999999999999 0 0.04549999999999999 0.005999999999999999 0 0.04524999999999999 0.006249999999999999 0 0.04499999999999999 0.006499999999999999 0 0.04474999999999999 0.006749999999999999 0 0.04449999999999999 0.006999999999999998 0 0.04425 0.007249999999999999 0 0.04400000000000001 0.007500000000000001 0 0.04599999999999999 0.005499999999999999 0 0.04599999999999999 0.005749999999999999 0 0.04574999999999999 0.005999999999999999 0 0.04549999999999999 0.006249999999999999 0 0.04524999999999999 0.006499999999999999 0 0.04499999999999999 0.006749999999999999 0 0.04474999999999999 0.006999999999999998 0 0.04449999999999999 0.007249999999999999 0 0.04425000000000001 0.007500000000000001 0 0.04624999999999999 0.005499999999999999 0 0.04624999999999999 0.005749999999999999 0 0.04599999999999999 0.005999999999999999 0 0.04574999999999999 0.006249999999999999 0 0.04549999999999999 0.006499999999999999 0 0.04524999999999999 0.006749999999999999 0 0.04499999999999999 0.006999999999999998 0 0.04474999999999999 0.007249999999999999 0 0.0445 0.007500000000000001 0 0.04649999999999999 0.005499999999999999 0 0.04649999999999999 0.005749999999999999 0 0.04624999999999999 0.005999999999999999 0 0.04599999999999999 0.006249999999999999 0 0.04574999999999999 0.006499999999999999 0 0.04549999999999999 0.006749999999999999 0 0.04524999999999999 0.006999999999999998 0 0.04499999999999999 0.007249999999999999 0 0.04475000000000001 0.007500000000000001 0 0.04674999999999999 0.005499999999999999 0 0.04674999999999999 0.005749999999999999 0 0.04649999999999999 0.005999999999999999 0 0.04624999999999999 0.006249999999999999 0 0.04599999999999999 0.006499999999999999 0 0.04574999999999999 0.006749999999999999 0 0.04549999999999999 0.006999999999999998 0 0.04524999999999999 0.007249999999999999 0 0.04500000000000001 0.007500000000000001 0 0.04699999999999999 0.005499999999999999 0 0.04699999999999999 0.005749999999999999 0 0.04674999999999999 0.005999999999999999 0 0.04649999999999999 0.006249999999999999 0 0.04624999999999999 0.006499999999999999 0 0.04599999999999999 0.006749999999999999 0 0.04574999999999999 0.006999999999999998 0 0.04549999999999999 0.007249999999999999 0 0.04525000000000001 0.007500000000000001 0 0.04724999999999999 0.005499999999999999 0 0.04724999999999999 0.005749999999999999 0 0.04699999999999999 0.005999999999999999 0 0.04674999999999999 0.006249999999999999 0 0.04649999999999999 0.006499999999999999 0 0.04624999999999999 0.006749999999999999 0 0.04599999999999999 0.006999999999999998 0 0.04574999999999999 0.007249999999999999 0 0.04550000000000001 0.007500000000000001 0 0.04749999999999999 0.005499999999999999 0 0.04749999999999999 0.005749999999999999 0 0.04724999999999999 0.005999999999999999 0 0.04699999999999999 0.006249999999999999 0 0.04674999999999999 0.006499999999999999 0 0.04649999999999999 0.006749999999999999 0 0.04624999999999999 0.006999999999999998 0 0.04599999999999999 0.007249999999999999 0 0.04575000000000001 0.007500000000000001 0 0.04774999999999999 0.005499999999999999 0 0.04774999999999999 0.005749999999999999 0 0.04749999999999999 0.005999999999999999 0 0.04724999999999999 0.006249999999999999 0 0.04699999999999999 0.006499999999999999 0 0.04674999999999999 0.006749999999999999 0 0.04649999999999999 0.006999999999999998 0 0.04624999999999999 0.007249999999999999 0 0.04600000000000001 0.007500000000000001 0 0.04799999999999999 0.005499999999999999 0 0.04799999999999999 0.005749999999999999 0 0.04774999999999999 0.005999999999999999 0 0.04749999999999999 0.006249999999999999 0 0.04724999999999999 0.006499999999999999 0 0.04699999999999999 0.006749999999999999 0 0.04674999999999999 0.006999999999999998 0 0.04649999999999999 0.007249999999999999 0 0.04625000000000001 0.007500000000000001 0 0.04824999999999999 0.005499999999999999 0 0.04824999999999999 0.005749999999999999 0 0.04799999999999999 0.005999999999999999 0 0.04774999999999999 0.006249999999999999 0 0.04749999999999999 0.006499999999999999 0 0.04724999999999999 0.006749999999999999 0 0.04699999999999999 0.006999999999999998 0 0.04674999999999999 0.007249999999999999 0 0.04650000000000001 0.007500000000000001 0 0.04849999999999999 0.005499999999999999 0 0.04849999999999999 0.005749999999999999 0 0.04824999999999999 0.005999999999999999 0 0.04799999999999999 0.006249999999999999 0 0.04774999999999999 0.006499999999999999 0 0.04749999999999999 0.006749999999999999 0 0.04724999999999999 0.006999999999999998 0 0.04699999999999999 0.007249999999999999 0 0.04675000000000001 0.007500000000000001 0 0.04874999999999999 0.005499999999999999 0 0.04874999999999999 0.005749999999999999 0 0.04849999999999999 0.005999999999999999 0 0.04824999999999999 0.006249999999999999 0 0.04799999999999999 0.006499999999999999 0 0.04774999999999999 0.006749999999999999 0 0.04749999999999999 0.006999999999999998 0 0.04724999999999999 0.007249999999999999 0 0.04700000000000001 0.007500000000000001 0 0.04899999999999999 0.005499999999999999 0 0.04899999999999999 0.005749999999999999 0 0.04874999999999999 0.005999999999999999 0 0.04849999999999999 0.006249999999999999 0 0.04824999999999999 0.006499999999999999 0 0.04799999999999999 0.006749999999999999 0 0.04774999999999999 0.006999999999999998 0 0.04749999999999999 0.007249999999999999 0 0.04725000000000001 0.007500000000000001 0 0.04925 0.005499999999999999 0 0.04925 0.005749999999999999 0 0.04899999999999999 0.005999999999999999 0 0.04874999999999999 0.006249999999999999 0 0.04849999999999999 0.006499999999999999 0 0.04824999999999999 0.006749999999999999 0 0.04799999999999999 0.006999999999999998 0 0.04774999999999999 0.007249999999999999 0 0.04750000000000001 0.007500000000000001 0 0.0495 0.005499999999999999 0 0.0495 0.005749999999999999 0 0.04925 0.005999999999999999 0 0.04899999999999999 0.006249999999999999 0 0.04874999999999999 0.006499999999999999 0 0.04849999999999999 0.006749999999999999 0 0.04824999999999999 0.006999999999999998 0 0.04799999999999999 0.007249999999999999 0 0.04775000000000001 0.007500000000000001 0 0.04975 0.005499999999999999 0 0.04975 0.005749999999999999 0 0.0495 0.005999999999999999 0 0.04925 0.006249999999999999 0 0.04899999999999999 0.006499999999999999 0 0.04874999999999999 0.006749999999999999 0 0.04849999999999999 0.006999999999999998 0 0.04824999999999999 0.007249999999999999 0 0.04800000000000001 0.007500000000000001 0 0.05 0.005499999999999999 0 0.05 0.005749999999999999 0 0.04975 0.005999999999999999 0 0.0495 0.006249999999999999 0 0.04925 0.006499999999999999 0 0.04899999999999999 0.006749999999999999 0 0.04874999999999999 0.006999999999999998 0 0.04849999999999999 0.007249999999999999 0 0.04825000000000001 0.007500000000000001 0 0.05025 0.005499999999999999 0 0.05025 0.005749999999999999 0 0.05 0.005999999999999999 0 0.04975 0.006249999999999999 0 0.0495 0.006499999999999999 0 0.04925 0.006749999999999999 0 0.04899999999999999 0.006999999999999998 0 0.04874999999999999 0.007249999999999999 0 0.04850000000000001 0.007500000000000001 0 0.0505 0.005499999999999999 0 0.0505 0.005749999999999999 0 0.05025 0.005999999999999999 0 0.05 0.006249999999999999 0 0.04975 0.006499999999999999 0 0.0495 0.006749999999999999 0 0.04925 0.006999999999999998 0 0.04899999999999999 0.007249999999999999 0 0.04875000000000001 0.007500000000000001 0 0.05075 0.005499999999999999 0 0.05075 0.005749999999999999 0 0.0505 0.005999999999999999 0 0.05025 0.006249999999999999 0 0.05 0.006499999999999999 0 0.04975 0.006749999999999999 0 0.0495 0.006999999999999998 0 0.04925 0.007249999999999999 0 0.04900000000000001 0.007500000000000001 0 0.051 0.005499999999999999 0 0.051 0.005749999999999999 0 0.05075 0.005999999999999999 0 0.0505 0.006249999999999999 0 0.05025 0.006499999999999999 0 0.05 0.006749999999999999 0 0.04975 0.006999999999999998 0 0.0495 0.007249999999999999 0 0.04925000000000001 0.007500000000000001 0 0.05125 0.005499999999999999 0 0.05125 0.005749999999999999 0 0.051 0.005999999999999999 0 0.05075 0.006249999999999999 0 0.0505 0.006499999999999999 0 0.05025 0.006749999999999999 0 0.05 0.006999999999999998 0 0.04975 0.007249999999999999 0 0.0495 0.007499999999999999 0 0.0515 0.005499999999999999 0 0.0515 0.005749999999999999 0 0.05125 0.005999999999999999 0 0.051 0.006249999999999999 0 0.05075 0.006499999999999999 0 0.0505 0.006749999999999999 0 0.05025 0.006999999999999998 0 0.05 0.007249999999999999 0 0.04975 0.007499999999999999 0 0.05175 0.005499999999999999 0 0.05175 0.005749999999999999 0 0.0515 0.005999999999999999 0 0.05125 0.006249999999999999 0 0.051 0.006499999999999999 0 0.05075 0.006749999999999999 0 0.0505 0.006999999999999998 0 0.05025 0.007249999999999999 0 0.05 0.007499999999999999 0 0.0495 0.00775 0 0.04975 0.00775 0 0.052 0.005499999999999999 0 0.052 0.005749999999999999 0 0.05175 0.005999999999999999 0 0.0515 0.006249999999999999 0 0.05125 0.006499999999999999 0 0.051 0.006749999999999999 0 0.05075 0.006999999999999998 0 0.0505 0.007249999999999999 0 0.05025 0.007499999999999999 0 0.05 0.00775 0 0.0495 0.007999999999999998 0 0.04975 0.007999999999999998 0 0.05225 0.005499999999999999 0 0.05225 0.005749999999999999 0 0.052 0.005999999999999999 0 0.05175 0.006249999999999999 0 0.0515 0.006499999999999999 0 0.05125 0.006749999999999999 0 0.051 0.006999999999999998 0 0.05075 0.007249999999999999 0 0.0505 0.007499999999999999 0 0.05025 0.00775 0 0.05 0.007999999999999998 0 0.0495 0.008249999999999999 0 0.04975 0.008249999999999999 0 0.0525 0.005499999999999999 0 0.0525 0.005749999999999999 0 0.05225 0.005999999999999999 0 0.052 0.006249999999999999 0 0.05175 0.006499999999999999 0 0.0515 0.006749999999999999 0 0.05125 0.006999999999999998 0 0.051 0.007249999999999999 0 0.05075 0.007499999999999999 0 0.0505 0.00775 0 0.05025 0.007999999999999998 0 0.05 0.008249999999999999 0 0.0495 0.008499999999999999 0 0.04975 0.008499999999999999 0 0.05275 0.005499999999999999 0 0.05275 0.005749999999999999 0 0.0525 0.005999999999999999 0 0.05225 0.006249999999999999 0 0.052 0.006499999999999999 0 0.05175 0.006749999999999999 0 0.0515 0.006999999999999998 0 0.05125 0.007249999999999999 0 0.051 0.007499999999999999 0 0.05075 0.00775 0 0.0505 0.007999999999999998 0 0.05025 0.008249999999999999 0 0.05 0.008499999999999999 0 0.0495 0.008749999999999997 0 0.04975 0.008749999999999997 0 0.053 0.005499999999999999 0 0.053 0.005749999999999999 0 0.05275 0.005999999999999999 0 0.0525 0.006249999999999999 0 0.05225 0.006499999999999999 0 0.052 0.006749999999999999 0 0.05175 0.006999999999999998 0 0.0515 0.007249999999999999 0 0.05125 0.007499999999999999 0 0.051 0.00775 0 0.05075 0.007999999999999998 0 0.0505 0.008249999999999999 0 0.05025 0.008499999999999999 0 0.05 0.008749999999999997 0 0.0495 0.008999999999999998 0 0.04975 0.008999999999999998 0 0.05325 0.005499999999999999 0 0.05325 0.005749999999999999 0 0.053 0.005999999999999999 0 0.05275 0.006249999999999999 0 0.0525 0.006499999999999999 0 0.05225 0.006749999999999999 0 0.052 0.006999999999999998 0 0.05175 0.007249999999999999 0 0.05150000000000001 0.007500000000000001 0 0.05125 0.00775 0 0.051 0.007999999999999998 0 0.05075 0.008249999999999999 0 0.0505 0.008499999999999999 0 0.05025 0.008749999999999997 0 0.05 0.008999999999999998 0 0.0495 0.009249999999999998 0 0.04975 0.009249999999999998 0 0.0535 0.005499999999999999 0 0.0535 0.005749999999999999 0 0.05325 0.005999999999999999 0 0.053 0.006249999999999999 0 0.05275 0.006499999999999999 0 0.0525 0.006749999999999999 0 0.05225 0.006999999999999998 0 0.052 0.007249999999999999 0 0.05175000000000001 0.007500000000000001 0 0.05150000000000001 0.00775 0 0.05125 0.007999999999999998 0 0.051 0.008249999999999999 0 0.05075 0.008499999999999999 0 0.0505 0.008749999999999997 0 0.05025 0.008999999999999998 0 0.05 0.009249999999999998 0 0.0495 0.009499999999999998 0 0.04975 0.009499999999999998 0 0.05375 0.005499999999999999 0 0.05375 0.005749999999999999 0 0.0535 0.005999999999999999 0 0.05325 0.006249999999999999 0 0.053 0.006499999999999999 0 0.05275 0.006749999999999999 0 0.0525 0.006999999999999998 0 0.05225 0.007249999999999999 0 0.05200000000000001 0.007500000000000001 0 0.05150000000000001 0.008000000000000002 0 0.05125 0.008249999999999999 0 0.051 0.008499999999999999 0 0.05075 0.008749999999999997 0 0.0505 0.008999999999999998 0 0.05025 0.009249999999999998 0 0.05 0.009499999999999998 0 0.0495 0.009749999999999998 0 0.04975 0.009749999999999998 0 0.054 0.005499999999999999 0 0.054 0.005749999999999999 0 0.05375 0.005999999999999999 0 0.0535 0.006249999999999999 0 0.05325 0.006499999999999999 0 0.053 0.006749999999999999 0 0.05275 0.006999999999999998 0 0.0525 0.007249999999999999 0 0.05225000000000001 0.007500000000000001 0 0.05150000000000001 0.008250000000000002 0 0.05125 0.008499999999999999 0 0.051 0.008749999999999997 0 0.05075 0.008999999999999998 0 0.0505 0.009249999999999998 0 0.05025 0.009499999999999998 0 0.05 0.009749999999999998 0 0.0495 0.009999999999999998 0 0.04975 0.009999999999999998 0 0.05425 0.005499999999999999 0 0.05425 0.005749999999999999 0 0.054 0.005999999999999999 0 0.05375 0.006249999999999999 0 0.0535 0.006499999999999999 0 0.05325 0.006749999999999999 0 0.053 0.006999999999999998 0 0.05275 0.007249999999999999 0 0.05250000000000001 0.007500000000000001 0 0.05150000000000001 0.008500000000000002 0 0.05125 0.008749999999999997 0 0.051 0.008999999999999998 0 0.05075 0.009249999999999998 0 0.0505 0.009499999999999998 0 0.05025 0.009749999999999998 0 0.05 0.009999999999999998 0 0.0495 0.01025 0 0.04975 0.01025 0 0.0545 0.005499999999999999 0 0.0545 0.005749999999999999 0 0.05425 0.005999999999999999 0 0.054 0.006249999999999999 0 0.05375 0.006499999999999999 0 0.0535 0.006749999999999999 0 0.05325 0.006999999999999998 0 0.053 0.007249999999999999 0 0.05275000000000001 0.007500000000000001 0 0.05150000000000001 0.008750000000000001 0 0.05125 0.008999999999999998 0 0.051 0.009249999999999998 0 0.05075 0.009499999999999998 0 0.0505 0.009749999999999998 0 0.05025 0.009999999999999998 0 0.05 0.01025 0 0.0495 0.0105 0 0.04975 0.0105 0 0.05475 0.005499999999999999 0 0.05475 0.005749999999999999 0 0.0545 0.005999999999999999 0 0.05425 0.006249999999999999 0 0.054 0.006499999999999999 0 0.05375 0.006749999999999999 0 0.0535 0.006999999999999998 0 0.05325 0.007249999999999999 0 0.05300000000000001 0.007500000000000001 0 0.05150000000000001 0.009000000000000001 0 0.05125 0.009249999999999998 0 0.051 0.009499999999999998 0 0.05075 0.009749999999999998 0 0.0505 0.009999999999999998 0 0.05025 0.01025 0 0.05 0.0105 0 0.0495 0.01075 0 0.04975 0.01075 0 0.055 0.005499999999999999 0 0.055 0.005749999999999999 0 0.05475 0.005999999999999999 0 0.0545 0.006249999999999999 0 0.05425 0.006499999999999999 0 0.054 0.006749999999999999 0 0.05375 0.006999999999999998 0 0.0535 0.007249999999999999 0 0.05325000000000001 0.007500000000000001 0 0.05150000000000001 0.009250000000000001 0 0.05125 0.009499999999999998 0 0.051 0.009749999999999998 0 0.05075 0.009999999999999998 0 0.0505 0.01025 0 0.05025 0.0105 0 0.05 0.01075 0 0.0495 0.011 0 0.04975 0.011 0 0.05525 0.005499999999999999 0 0.05525 0.005749999999999999 0 0.055 0.005999999999999999 0 0.05475 0.006249999999999999 0 0.0545 0.006499999999999999 0 0.05425 0.006749999999999999 0 0.054 0.006999999999999998 0 0.05375 0.007249999999999999 0 0.05350000000000001 0.007500000000000001 0 0.05150000000000001 0.009500000000000001 0 0.05125 0.009749999999999998 0 0.051 0.009999999999999998 0 0.05075 0.01025 0 0.0505 0.0105 0 0.05025 0.01075 0 0.05 0.011 0 0.0495 0.01125 0 0.04975 0.01125 0 0.0555 0.005499999999999999 0 0.0555 0.005749999999999999 0 0.05525 0.005999999999999999 0 0.055 0.006249999999999999 0 0.05475 0.006499999999999999 0 0.0545 0.006749999999999999 0 0.05425 0.006999999999999998 0 0.054 0.007249999999999999 0 0.05375000000000001 0.007500000000000001 0 0.05150000000000001 0.009750000000000002 0 0.05125 0.009999999999999998 0 0.051 0.01025 0 0.05075 0.0105 0 0.0505 0.01075 0 0.05025 0.011 0 0.05 0.01125 0 0.0495 0.0115 0 0.04975 0.0115 0 0.05575 0.005499999999999999 0 0.05575 0.005749999999999999 0 0.0555 0.005999999999999999 0 0.05525 0.006249999999999999 0 0.055 0.006499999999999999 0 0.05475 0.006749999999999999 0 0.0545 0.006999999999999998 0 0.05425 0.007249999999999999 0 0.05400000000000001 0.007500000000000001 0 0.05150000000000001 0.01 0 0.05125 0.01025 0 0.051 0.0105 0 0.05075 0.01075 0 0.0505 0.011 0 0.05025 0.01125 0 0.05 0.0115 0 0.0495 0.01175 0 0.04975 0.01175 0 0.056 0.005499999999999999 0 0.056 0.005749999999999999 0 0.05575 0.005999999999999999 0 0.0555 0.006249999999999999 0 0.05525 0.006499999999999999 0 0.055 0.006749999999999999 0 0.05475 0.006999999999999998 0 0.0545 0.007249999999999999 0 0.05425000000000001 0.007500000000000001 0 0.05150000000000001 0.01025 0 0.05125 0.0105 0 0.051 0.01075 0 0.05075 0.011 0 0.0505 0.01125 0 0.05025 0.0115 0 0.05 0.01175 0 0.0495 0.012 0 0.04975 0.012 0 0.05624999999999999 0.005499999999999999 0 0.05624999999999999 0.005749999999999999 0 0.056 0.005999999999999999 0 0.05575 0.006249999999999999 0 0.0555 0.006499999999999999 0 0.05525 0.006749999999999999 0 0.055 0.006999999999999998 0 0.05475 0.007249999999999999 0 0.05450000000000001 0.007500000000000001 0 0.05150000000000001 0.0105 0 0.05125 0.01075 0 0.051 0.011 0 0.05075 0.01125 0 0.0505 0.0115 0 0.05025 0.01175 0 0.05 0.012 0 0.0495 0.01225 0 0.04975 0.01225 0 0.05649999999999999 0.005499999999999999 0 0.05649999999999999 0.005749999999999999 0 0.05624999999999999 0.005999999999999999 0 0.056 0.006249999999999999 0 0.05575 0.006499999999999999 0 0.0555 0.006749999999999999 0 0.05525 0.006999999999999998 0 0.055 0.007249999999999999 0 0.05475000000000001 0.007500000000000001 0 0.05150000000000001 0.01075 0 0.05125 0.011 0 0.051 0.01125 0 0.05075 0.0115 0 0.0505 0.01175 0 0.05025 0.012 0 0.05 0.01225 0 0.0495 0.0125 0 0.04975 0.0125 0 0.05674999999999999 0.005499999999999999 0 0.05674999999999999 0.005749999999999999 0 0.05649999999999999 0.005999999999999999 0 0.05624999999999999 0.006249999999999999 0 0.056 0.006499999999999999 0 0.05575 0.006749999999999999 0 0.0555 0.006999999999999998 0 0.05525 0.007249999999999999 0 0.05500000000000001 0.007500000000000001 0 0.05150000000000001 0.011 0 0.05125 0.01125 0 0.051 0.0115 0 0.05075 0.01175 0 0.0505 0.012 0 0.05025 0.01225 0 0.05 0.0125 0 0.0495 0.01275 0 0.04975 0.01275 0 0.057 0.005499999999999999 0 0.057 0.005749999999999999 0 0.05674999999999999 0.005999999999999999 0 0.05649999999999999 0.006249999999999999 0 0.05624999999999999 0.006499999999999999 0 0.056 0.006749999999999999 0 0.05575 0.006999999999999998 0 0.0555 0.007249999999999999 0 0.05525000000000001 0.007500000000000001 0 0.05150000000000001 0.01125 0 0.05125 0.0115 0 0.051 0.01175 0 0.05075 0.012 0 0.0505 0.01225 0 0.05025 0.0125 0 0.05 0.01275 0 0.0495 0.013 0 0.04975 0.013 0 0.05725 0.005499999999999999 0 0.05725 0.005749999999999999 0 0.057 0.005999999999999999 0 0.05674999999999999 0.006249999999999999 0 0.05649999999999999 0.006499999999999999 0 0.05624999999999999 0.006749999999999999 0 0.056 0.006999999999999998 0 0.05575 0.007249999999999999 0 0.05550000000000001 0.007500000000000001 0 0.05150000000000001 0.0115 0 0.05125 0.01175 0 0.051 0.012 0 0.05075 0.01225 0 0.0505 0.0125 0 0.05025 0.01275 0 0.05 0.013 0 0.0495 0.01325 0 0.04975 0.01325 0 0.0575 0.005499999999999999 0 0.0575 0.005749999999999999 0 0.05725 0.005999999999999999 0 0.057 0.006249999999999999 0 0.05674999999999999 0.006499999999999999 0 0.05649999999999999 0.006749999999999999 0 0.05624999999999999 0.006999999999999998 0 0.056 0.007249999999999999 0 0.05575000000000001 0.007500000000000001 0 0.05150000000000001 0.01175 0 0.05125 0.012 0 0.051 0.01225 0 0.05075 0.0125 0 0.0505 0.01275 0 0.05025 0.013 0 0.05 0.01325 0 0.0495 0.0135 0 0.04975 0.0135 0 0.05775 0.005499999999999999 0 0.05775 0.005749999999999999 0 0.0575 0.005999999999999999 0 0.05725 0.006249999999999999 0 0.057 0.006499999999999999 0 0.05674999999999999 0.006749999999999999 0 0.05649999999999999 0.006999999999999998 0 0.05624999999999999 0.007249999999999999 0 0.05600000000000002 0.007500000000000001 0 0.05150000000000001 0.012 0 0.05125 0.01225 0 0.051 0.0125 0 0.05075 0.01275 0 0.0505 0.013 0 0.05025 0.01325 0 0.05 0.0135 0 0.0495 0.01375 0 0.04975 0.01375 0 0.058 0.005499999999999999 0 0.058 0.005749999999999999 0 0.05775 0.005999999999999999 0 0.0575 0.006249999999999999 0 0.05725 0.006499999999999999 0 0.057 0.006749999999999999 0 0.05674999999999999 0.006999999999999998 0 0.05649999999999999 0.007249999999999999 0 0.05625000000000001 0.007500000000000001 0 0.05150000000000001 0.01225 0 0.05125 0.0125 0 0.051 0.01275 0 0.05075 0.013 0 0.0505 0.01325 0 0.05025 0.0135 0 0.05 0.01375 0 0.0495 0.014 0 0.04975 0.014 0 0.05825 0.005499999999999999 0 0.05825 0.005749999999999999 0 0.058 0.005999999999999999 0 0.05775 0.006249999999999999 0 0.0575 0.006499999999999999 0 0.05725 0.006749999999999999 0 0.057 0.006999999999999998 0 0.05674999999999999 0.007249999999999999 0 0.05650000000000001 0.007500000000000001 0 0.05150000000000001 0.0125 0 0.05125 0.01275 0 0.051 0.013 0 0.05075 0.01325 0 0.0505 0.0135 0 0.05025 0.01375 0 0.05 0.014 0 0.0495 0.01425 0 0.04975 0.01425 0 0.0585 0.005499999999999999 0 0.0585 0.005749999999999999 0 0.05825 0.005999999999999999 0 0.058 0.006249999999999999 0 0.05775 0.006499999999999999 0 0.0575 0.006749999999999999 0 0.05725 0.006999999999999998 0 0.057 0.007249999999999999 0 0.05675000000000001 0.007500000000000001 0 0.05150000000000001 0.01275 0 0.05125 0.013 0 0.051 0.01325 0 0.05075 0.0135 0 0.0505 0.01375 0 0.05025 0.014 0 0.05 0.01425 0 0.0495 0.0145 0 0.04975 0.0145 0 0.05875 0.005499999999999999 0 0.05875 0.005749999999999999 0 0.0585 0.005999999999999999 0 0.05825 0.006249999999999999 0 0.058 0.006499999999999999 0 0.05775 0.006749999999999999 0 0.0575 0.006999999999999998 0 0.05725 0.007249999999999999 0 0.05700000000000001 0.007500000000000001 0 0.05150000000000001 0.013 0 0.05125 0.01325 0 0.051 0.0135 0 0.05075 0.01375 0 0.0505 0.014 0 0.05025 0.01425 0 0.05 0.0145 0 0.0495 0.01475 0 0.04975 0.01475 0 0.059 0.005499999999999999 0 0.059 0.005749999999999999 0 0.05875 0.005999999999999999 0 0.0585 0.006249999999999999 0 0.05825 0.006499999999999999 0 0.058 0.006749999999999999 0 0.05775 0.006999999999999998 0 0.0575 0.007249999999999999 0 0.05725000000000001 0.007500000000000001 0 0.05150000000000001 0.01325 0 0.05125 0.0135 0 0.051 0.01375 0 0.05075 0.014 0 0.0505 0.01425 0 0.05025 0.0145 0 0.05 0.01475 0 0.0495 0.015 0 0.04975 0.015 0 0.05925 0.005499999999999999 0 0.05925 0.005749999999999999 0 0.059 0.005999999999999999 0 0.05875 0.006249999999999999 0 0.0585 0.006499999999999999 0 0.05825 0.006749999999999999 0 0.058 0.006999999999999998 0 0.05775 0.007249999999999999 0 0.05750000000000001 0.007500000000000001 0 0.05150000000000001 0.0135 0 0.05125 0.01375 0 0.051 0.014 0 0.05075 0.01425 0 0.0505 0.0145 0 0.05025 0.01475 0 0.05 0.015 0 0.0495 0.01525 0 0.04975 0.01525 0 0.0595 0.005499999999999999 0 0.0595 0.005749999999999999 0 0.05925 0.005999999999999999 0 0.059 0.006249999999999999 0 0.05875 0.006499999999999999 0 0.0585 0.006749999999999999 0 0.05825 0.006999999999999998 0 0.058 0.007249999999999999 0 0.05775000000000001 0.007500000000000001 0 0.05150000000000001 0.01375 0 0.05125 0.014 0 0.051 0.01425 0 0.05075 0.0145 0 0.0505 0.01475 0 0.05025 0.015 0 0.05 0.01525 0 0.0495 0.0155 0 0.04975 0.0155 0 0.05975 0.005499999999999999 0 0.05975 0.005749999999999999 0 0.0595 0.005999999999999999 0 0.05925 0.006249999999999999 0 0.059 0.006499999999999999 0 0.05875 0.006749999999999999 0 0.0585 0.006999999999999998 0 0.05825 0.007249999999999999 0 0.05800000000000001 0.007500000000000001 0 0.05150000000000001 0.014 0 0.05125 0.01425 0 0.051 0.0145 0 0.05075 0.01475 0 0.0505 0.015 0 0.05025 0.01525 0 0.05 0.0155 0 0.0495 0.01575 0 0.04975 0.01575 0 0.06 0.005499999999999999 0 0.06 0.005749999999999999 0 0.05975 0.005999999999999999 0 0.0595 0.006249999999999999 0 0.05925 0.006499999999999999 0 0.059 0.006749999999999999 0 0.05875 0.006999999999999998 0 0.0585 0.007249999999999999 0 0.05825000000000001 0.007500000000000001 0 0.05150000000000001 0.01425 0 0.05125 0.0145 0 0.051 0.01475 0 0.05075 0.015 0 0.0505 0.01525 0 0.05025 0.0155 0 0.05 0.01575 0 0.0495 0.016 0 0.04975 0.016 0 0.06025 0.005499999999999999 0 0.06025 0.005749999999999999 0 0.06 0.005999999999999999 0 0.05975 0.006249999999999999 0 0.0595 0.006499999999999999 0 0.05925 0.006749999999999999 0 0.059 0.006999999999999998 0 0.05875 0.007249999999999999 0 0.05850000000000001 0.007500000000000001 0 0.05150000000000001 0.0145 0 0.05125 0.01475 0 0.051 0.015 0 0.05075 0.01525 0 0.0505 0.0155 0 0.05025 0.01575 0 0.05 0.016 0 0.0495 0.01625 0 0.04975 0.01625 0 0.0605 0.005499999999999999 0 0.0605 0.005749999999999999 0 0.06025 0.005999999999999999 0 0.06 0.006249999999999999 0 0.05975 0.006499999999999999 0 0.0595 0.006749999999999999 0 0.05925 0.006999999999999998 0 0.059 0.007249999999999999 0 0.05875000000000001 0.007500000000000001 0 0.05150000000000001 0.01475 0 0.05125 0.015 0 0.051 0.01525 0 0.05075 0.0155 0 0.0505 0.01575 0 0.05025 0.016 0 0.05 0.01625 0 0.0495 0.0165 0 0.04975 0.0165 0 0.06075 0.005499999999999999 0 0.06075 0.005749999999999999 0 0.0605 0.005999999999999999 0 0.06025 0.006249999999999999 0 0.06 0.006499999999999999 0 0.05975 0.006749999999999999 0 0.0595 0.006999999999999998 0 0.05925 0.007249999999999999 0 0.05900000000000001 0.007500000000000001 0 0.05150000000000001 0.015 0 0.05125 0.01525 0 0.051 0.0155 0 0.05075 0.01575 0 0.0505 0.016 0 0.05025 0.01625 0 0.05 0.0165 0 0.0495 0.01675 0 0.04975 0.01675 0 0.061 0.005499999999999999 0 0.061 0.005749999999999999 0 0.06075 0.005999999999999999 0 0.0605 0.006249999999999999 0 0.06025 0.006499999999999999 0 0.06 0.006749999999999999 0 0.05975 0.006999999999999998 0 0.0595 0.007249999999999999 0 0.05925000000000001 0.007500000000000001 0 0.05150000000000001 0.01525 0 0.05125 0.0155 0 0.051 0.01575 0 0.05075 0.016 0 0.0505 0.01625 0 0.05025 0.0165 0 0.05 0.01675 0 0.0495 0.017 0 0.04975 0.017 0 0.06125 0.005499999999999999 0 0.06125 0.005749999999999999 0 0.061 0.005999999999999999 0 0.06075 0.006249999999999999 0 0.0605 0.006499999999999999 0 0.06025 0.006749999999999999 0 0.06 0.006999999999999998 0 0.05975 0.007249999999999999 0 0.05950000000000001 0.007500000000000001 0 0.05150000000000001 0.0155 0 0.05125 0.01575 0 0.051 0.016 0 0.05075 0.01625 0 0.0505 0.0165 0 0.05025 0.01675 0 0.05 0.017 0 0.0495 0.01725 0 0.04975 0.01725 0 0.0615 0.005499999999999999 0 0.0615 0.005749999999999999 0 0.06125 0.005999999999999999 0 0.061 0.006249999999999999 0 0.06075 0.006499999999999999 0 0.0605 0.006749999999999999 0 0.06025 0.006999999999999998 0 0.06 0.007249999999999999 0 0.05975000000000001 0.007500000000000001 0 0.05150000000000001 0.01575 0 0.05125 0.016 0 0.051 0.01625 0 0.05075 0.0165 0 0.0505 0.01675 0 0.05025 0.017 0 0.05 0.01725 0 0.0495 0.0175 0 0.04975 0.0175 0 0.06175 0.005499999999999999 0 0.06175 0.005749999999999999 0 0.0615 0.005999999999999999 0 0.06125 0.006249999999999999 0 0.061 0.006499999999999999 0 0.06075 0.006749999999999999 0 0.0605 0.006999999999999998 0 0.06025 0.007249999999999999 0 0.06000000000000001 0.007500000000000001 0 0.05150000000000001 0.016 0 0.05125 0.01625 0 0.051 0.0165 0 0.05075 0.01675 0 0.0505 0.017 0 0.05025 0.01725 0 0.05 0.0175 0 0.0495 0.01775 0 0.04975 0.01775 0 0.062 0.005499999999999999 0 0.062 0.005749999999999999 0 0.06175 0.005999999999999999 0 0.0615 0.006249999999999999 0 0.06125 0.006499999999999999 0 0.061 0.006749999999999999 0 0.06075 0.006999999999999998 0 0.0605 0.007249999999999999 0 0.06025000000000001 0.007500000000000001 0 0.05150000000000001 0.01625 0 0.05125 0.0165 0 0.051 0.01675 0 0.05075 0.017 0 0.0505 0.01725 0 0.05025 0.0175 0 0.05 0.01775 0 0.0495 0.018 0 0.04975 0.018 0 0.06225 0.005499999999999999 0 0.06225 0.005749999999999999 0 0.062 0.005999999999999999 0 0.06175 0.006249999999999999 0 0.0615 0.006499999999999999 0 0.06125 0.006749999999999999 0 0.061 0.006999999999999998 0 0.06075 0.007249999999999999 0 0.06050000000000001 0.007500000000000001 0 0.05150000000000001 0.0165 0 0.05125 0.01675 0 0.051 0.017 0 0.05075 0.01725 0 0.0505 0.0175 0 0.05025 0.01775 0 0.05 0.018 0 0.0495 0.01825 0 0.04975 0.01825 0 0.0625 0.005499999999999999 0 0.0625 0.005749999999999999 0 0.06225 0.005999999999999999 0 0.062 0.006249999999999999 0 0.06175 0.006499999999999999 0 0.0615 0.006749999999999999 0 0.06125 0.006999999999999998 0 0.061 0.007249999999999999 0 0.06075000000000001 0.007500000000000001 0 0.05150000000000001 0.01675 0 0.05125 0.017 0 0.051 0.01725 0 0.05075 0.0175 0 0.0505 0.01775 0 0.05025 0.018 0 0.05 0.01825 0 0.0495 0.0185 0 0.04975 0.0185 0 0.06274999999999999 0.005499999999999999 0 0.06274999999999999 0.005749999999999999 0 0.0625 0.005999999999999999 0 0.06225 0.006249999999999999 0 0.062 0.006499999999999999 0 0.06175 0.006749999999999999 0 0.0615 0.006999999999999998 0 0.06125 0.007249999999999999 0 0.06100000000000001 0.007500000000000001 0 0.05150000000000001 0.017 0 0.05125 0.01725 0 0.051 0.0175 0 0.05075 0.01775 0 0.0505 0.018 0 0.05025 0.01825 0 0.05 0.0185 0 0.0495 0.01875 0 0.04975 0.01875 0 0.06299999999999999 0.005499999999999999 0 0.06299999999999999 0.005749999999999999 0 0.06274999999999999 0.005999999999999999 0 0.0625 0.006249999999999999 0 0.06225 0.006499999999999999 0 0.062 0.006749999999999999 0 0.06175 0.006999999999999998 0 0.0615 0.007249999999999999 0 0.06125000000000001 0.007500000000000001 0 0.05150000000000001 0.01725 0 0.05125 0.0175 0 0.051 0.01775 0 0.05075 0.018 0 0.0505 0.01825 0 0.05025 0.0185 0 0.05 0.01875 0 0.0495 0.019 0 0.04975 0.019 0 0.06324999999999999 0.005499999999999999 0 0.06324999999999999 0.005749999999999999 0 0.06299999999999999 0.005999999999999999 0 0.06274999999999999 0.006249999999999999 0 0.0625 0.006499999999999999 0 0.06225 0.006749999999999999 0 0.062 0.006999999999999998 0 0.06175 0.007249999999999999 0 0.06150000000000001 0.007500000000000001 0 0.05150000000000001 0.01750000000000001 0 0.05125 0.01775 0 0.051 0.018 0 0.05075 0.01825 0 0.0505 0.0185 0 0.05025 0.01875 0 0.05 0.019 0 0.0495 0.01925 0 0.04975 0.01925 0 0.06349999999999999 0.005499999999999999 0 0.06349999999999999 0.005749999999999999 0 0.06324999999999999 0.005999999999999999 0 0.06299999999999999 0.006249999999999999 0 0.06274999999999999 0.006499999999999999 0 0.0625 0.006749999999999999 0 0.06225 0.006999999999999998 0 0.062 0.007249999999999999 0 0.06175000000000001 0.007500000000000001 0 0.05150000000000001 0.01775000000000001 0 0.05125 0.018 0 0.051 0.01825 0 0.05075 0.0185 0 0.0505 0.01875 0 0.05025 0.019 0 0.05 0.01925 0 0.0495 0.0195 0 0.04975 0.0195 0 0.06374999999999999 0.005499999999999999 0 0.06374999999999999 0.005749999999999999 0 0.06349999999999999 0.005999999999999999 0 0.06324999999999999 0.006249999999999999 0 0.06299999999999999 0.006499999999999999 0 0.06274999999999999 0.006749999999999999 0 0.0625 0.006999999999999998 0 0.06225 0.007249999999999999 0 0.06200000000000001 0.007500000000000001 0 0.05150000000000001 0.01800000000000001 0 0.05125 0.01825 0 0.051 0.0185 0 0.05075 0.01875 0 0.0505 0.019 0 0.05025 0.01925 0 0.05 0.0195 0 0.0495 0.01975 0 0.04975 0.01975 0 0.06399999999999999 0.005499999999999999 0 0.06399999999999999 0.005749999999999999 0 0.06374999999999999 0.005999999999999999 0 0.06349999999999999 0.006249999999999999 0 0.06324999999999999 0.006499999999999999 0 0.06299999999999999 0.006749999999999999 0 0.06274999999999999 0.006999999999999998 0 0.0625 0.007249999999999999 0 0.06225000000000001 0.007500000000000001 0 0.05150000000000001 0.01825000000000001 0 0.05125 0.0185 0 0.051 0.01875 0 0.05075 0.019 0 0.0505 0.01925 0 0.05025 0.0195 0 0.05 0.01975 0 0.0495 0.02 0 0.04975 0.02 0 0.06424999999999999 0.005499999999999999 0 0.06424999999999999 0.005749999999999999 0 0.06399999999999999 0.005999999999999999 0 0.06374999999999999 0.006249999999999999 0 0.06349999999999999 0.006499999999999999 0 0.06324999999999999 0.006749999999999999 0 0.06299999999999999 0.006999999999999998 0 0.06274999999999999 0.007249999999999999 0 0.06250000000000001 0.007500000000000001 0 0.05150000000000001 0.0185 0 0.05125 0.01875 0 0.051 0.019 0 0.05075 0.01925 0 0.0505 0.0195 0 0.05025 0.01975 0 0.05 0.02 0 0.0495 0.02025 0 0.04975 0.02025 0 0.06449999999999999 0.005499999999999999 0 0.06449999999999999 0.005749999999999999 0 0.06424999999999999 0.005999999999999999 0 0.06399999999999999 0.006249999999999999 0 0.06374999999999999 0.006499999999999999 0 0.06349999999999999 0.006749999999999999 0 0.06324999999999999 0.006999999999999998 0 0.06299999999999999 0.007249999999999999 0 0.06275000000000001 0.007500000000000001 0 0.05150000000000001 0.01875 0 0.05125 0.019 0 0.051 0.01925 0 0.05075 0.0195 0 0.0505 0.01975 0 0.05025 0.02 0 0.05 0.02025 0 0.0495 0.0205 0 0.04975 0.0205 0 0.06474999999999999 0.005499999999999999 0 0.06474999999999999 0.005749999999999999 0 0.06449999999999999 0.005999999999999999 0 0.06424999999999999 0.006249999999999999 0 0.06399999999999999 0.006499999999999999 0 0.06374999999999999 0.006749999999999999 0 0.06349999999999999 0.006999999999999998 0 0.06324999999999999 0.007249999999999999 0 0.06300000000000001 0.007500000000000001 0 0.05150000000000001 0.019 0 0.05125 0.01925 0 0.051 0.0195 0 0.05075 0.01975 0 0.0505 0.02 0 0.05025 0.02025 0 0.05 0.0205 0 0.0495 0.02074999999999999 0 0.04975 0.02074999999999999 0 0.06499999999999999 0.005499999999999999 0 0.06499999999999999 0.005749999999999999 0 0.06474999999999999 0.005999999999999999 0 0.06449999999999999 0.006249999999999999 0 0.06424999999999999 0.006499999999999999 0 0.06399999999999999 0.006749999999999999 0 0.06374999999999999 0.006999999999999998 0 0.06349999999999999 0.007249999999999999 0 0.06325000000000001 0.007500000000000001 0 0.05150000000000001 0.01925 0 0.05125 0.0195 0 0.051 0.01975 0 0.05075 0.02 0 0.0505 0.02025 0 0.05025 0.0205 0 0.05 0.02074999999999999 0 0.0495 0.02099999999999999 0 0.04975 0.02099999999999999 0 0.06524999999999999 0.005499999999999999 0 0.06524999999999999 0.005749999999999999 0 0.06499999999999999 0.005999999999999999 0 0.06474999999999999 0.006249999999999999 0 0.06449999999999999 0.006499999999999999 0 0.06424999999999999 0.006749999999999999 0 0.06399999999999999 0.006999999999999998 0 0.06374999999999999 0.007249999999999999 0 0.06350000000000001 0.007500000000000001 0 0.05150000000000001 0.0195 0 0.05125 0.01975 0 0.051 0.02 0 0.05075 0.02025 0 0.0505 0.0205 0 0.05025 0.02074999999999999 0 0.05 0.02099999999999999 0 0.0495 0.02124999999999999 0 0.04975 0.02124999999999999 0 0.06549999999999999 0.005499999999999999 0 0.06549999999999999 0.005749999999999999 0 0.06524999999999999 0.005999999999999999 0 0.06499999999999999 0.006249999999999999 0 0.06474999999999999 0.006499999999999999 0 0.06449999999999999 0.006749999999999999 0 0.06424999999999999 0.006999999999999998 0 0.06399999999999999 0.007249999999999999 0 0.06375000000000001 0.007500000000000001 0 0.05150000000000001 0.01975 0 0.05125 0.02 0 0.051 0.02025 0 0.05075 0.0205 0 0.0505 0.02074999999999999 0 0.05025 0.02099999999999999 0 0.05 0.02124999999999999 0 0.0495 0.02149999999999999 0 0.04975 0.02149999999999999 0 0.06574999999999999 0.005499999999999999 0 0.06574999999999999 0.005749999999999999 0 0.06549999999999999 0.005999999999999999 0 0.06524999999999999 0.006249999999999999 0 0.06499999999999999 0.006499999999999999 0 0.06474999999999999 0.006749999999999999 0 0.06449999999999999 0.006999999999999998 0 0.06424999999999999 0.007249999999999999 0 0.06400000000000002 0.007500000000000001 0 0.05150000000000001 0.02 0 0.05125 0.02025 0 0.051 0.0205 0 0.05075 0.02074999999999999 0 0.0505 0.02099999999999999 0 0.05025 0.02124999999999999 0 0.05 0.02149999999999999 0 0.0495 0.02175 0 0.04975 0.02175 0 0.06599999999999999 0.005499999999999999 0 0.06599999999999999 0.005749999999999999 0 0.06574999999999999 0.005999999999999999 0 0.06549999999999999 0.006249999999999999 0 0.06524999999999999 0.006499999999999999 0 0.06499999999999999 0.006749999999999999 0 0.06474999999999999 0.006999999999999998 0 0.06449999999999999 0.007249999999999999 0 0.06425000000000002 0.007500000000000001 0 0.05150000000000001 0.02025 0 0.05125 0.0205 0 0.051 0.02074999999999999 0 0.05075 0.02099999999999999 0 0.0505 0.02124999999999999 0 0.05025 0.02149999999999999 0 0.05 0.02175 0 0.0495 0.022 0 0.04975 0.022 0 0.06624999999999999 0.005499999999999999 0 0.06624999999999999 0.005749999999999999 0 0.06599999999999999 0.005999999999999999 0 0.06574999999999999 0.006249999999999999 0 0.06549999999999999 0.006499999999999999 0 0.06524999999999999 0.006749999999999999 0 0.06499999999999999 0.006999999999999998 0 0.06474999999999999 0.007249999999999999 0 0.06450000000000002 0.007500000000000001 0 0.05150000000000001 0.0205 0 0.05125 0.02074999999999999 0 0.051 0.02099999999999999 0 0.05075 0.02124999999999999 0 0.0505 0.02149999999999999 0 0.05025 0.02175 0 0.05 0.022 0 0.0495 0.02225 0 0.04975 0.02225 0 0.06649999999999999 0.005499999999999999 0 0.06649999999999999 0.005749999999999999 0 0.06624999999999999 0.005999999999999999 0 0.06599999999999999 0.006249999999999999 0 0.06574999999999999 0.006499999999999999 0 0.06549999999999999 0.006749999999999999 0 0.06524999999999999 0.006999999999999998 0 0.06499999999999999 0.007249999999999999 0 0.06475000000000002 0.007500000000000001 0 0.05150000000000001 0.02075 0 0.05125 0.02099999999999999 0 0.051 0.02124999999999999 0 0.05075 0.02149999999999999 0 0.0505 0.02175 0 0.05025 0.022 0 0.05 0.02225 0 0.0495 0.0225 0 0.04975 0.0225 0 0.06674999999999999 0.005499999999999999 0 0.06674999999999999 0.005749999999999999 0 0.06649999999999999 0.005999999999999999 0 0.06624999999999999 0.006249999999999999 0 0.06599999999999999 0.006499999999999999 0 0.06574999999999999 0.006749999999999999 0 0.06549999999999999 0.006999999999999998 0 0.06524999999999999 0.007249999999999999 0 0.06500000000000002 0.007500000000000001 0 0.05150000000000001 0.021 0 0.05125 0.02124999999999999 0 0.051 0.02149999999999999 0 0.05075 0.02175 0 0.0505 0.022 0 0.05025 0.02225 0 0.05 0.0225 0 0.0495 0.02275 0 0.04975 0.02275 0 0.06699999999999999 0.005499999999999999 0 0.06699999999999999 0.005749999999999999 0 0.06674999999999999 0.005999999999999999 0 0.06649999999999999 0.006249999999999999 0 0.06624999999999999 0.006499999999999999 0 0.06599999999999999 0.006749999999999999 0 0.06574999999999999 0.006999999999999998 0 0.06549999999999999 0.007249999999999999 0 0.06525000000000002 0.007500000000000001 0 0.05150000000000001 0.02125 0 0.05125 0.02149999999999999 0 0.051 0.02175 0 0.05075 0.022 0 0.0505 0.02225 0 0.05025 0.0225 0 0.05 0.02275 0 0.0495 0.023 0 0.04975 0.023 0 0.06724999999999999 0.005499999999999999 0 0.06724999999999999 0.005749999999999999 0 0.06699999999999999 0.005999999999999999 0 0.06674999999999999 0.006249999999999999 0 0.06649999999999999 0.006499999999999999 0 0.06624999999999999 0.006749999999999999 0 0.06599999999999999 0.006999999999999998 0 0.06574999999999999 0.007249999999999999 0 0.06550000000000002 0.007500000000000001 0 0.05150000000000001 0.0215 0 0.05125 0.02175 0 0.051 0.022 0 0.05075 0.02225 0 0.0505 0.0225 0 0.05025 0.02275 0 0.05 0.023 0 0.0495 0.02325 0 0.04975 0.02325 0 0.06749999999999999 0.005499999999999999 0 0.06749999999999999 0.005749999999999999 0 0.06724999999999999 0.005999999999999999 0 0.06699999999999999 0.006249999999999999 0 0.06674999999999999 0.006499999999999999 0 0.06649999999999999 0.006749999999999999 0 0.06624999999999999 0.006999999999999998 0 0.06599999999999999 0.007249999999999999 0 0.06575000000000002 0.007500000000000001 0 0.05150000000000001 0.02175 0 0.05125 0.022 0 0.051 0.02225 0 0.05075 0.0225 0 0.0505 0.02275 0 0.05025 0.023 0 0.05 0.02325 0 0.0495 0.0235 0 0.04975 0.0235 0 0.06774999999999999 0.005499999999999999 0 0.06774999999999999 0.005749999999999999 0 0.06749999999999999 0.005999999999999999 0 0.06724999999999999 0.006249999999999999 0 0.06699999999999999 0.006499999999999999 0 0.06674999999999999 0.006749999999999999 0 0.06649999999999999 0.006999999999999998 0 0.06624999999999999 0.007249999999999999 0 0.06600000000000002 0.007500000000000001 0 0.05150000000000001 0.022 0 0.05125 0.02225 0 0.051 0.0225 0 0.05075 0.02275 0 0.0505 0.023 0 0.05025 0.02325 0 0.05 0.0235 0 0.0495 0.02375 0 0.04975 0.02375 0 0.06799999999999999 0.005499999999999999 0 0.06799999999999999 0.005749999999999999 0 0.06774999999999999 0.005999999999999999 0 0.06749999999999999 0.006249999999999999 0 0.06724999999999999 0.006499999999999999 0 0.06699999999999999 0.006749999999999999 0 0.06674999999999999 0.006999999999999998 0 0.06649999999999999 0.007249999999999999 0 0.06625000000000002 0.007500000000000001 0 0.05150000000000001 0.02225 0 0.05125 0.0225 0 0.051 0.02275 0 0.05075 0.023 0 0.0505 0.02325 0 0.05025 0.0235 0 0.05 0.02375 0 0.0495 0.024 0 0.04975 0.024 0 0.06824999999999999 0.005499999999999999 0 0.06824999999999999 0.005749999999999999 0 0.06799999999999999 0.005999999999999999 0 0.06774999999999999 0.006249999999999999 0 0.06749999999999999 0.006499999999999999 0 0.06724999999999999 0.006749999999999999 0 0.06699999999999999 0.006999999999999998 0 0.06674999999999999 0.007249999999999999 0 0.06650000000000002 0.007500000000000001 0 0.05150000000000001 0.0225 0 0.05125 0.02275 0 0.051 0.023 0 0.05075 0.02325 0 0.0505 0.0235 0 0.05025 0.02375 0 0.05 0.024 0 0.0495 0.02425 0 0.04975 0.02425 0 0.06849999999999999 0.005499999999999999 0 0.06849999999999999 0.005749999999999999 0 0.06824999999999999 0.005999999999999999 0 0.06799999999999999 0.006249999999999999 0 0.06774999999999999 0.006499999999999999 0 0.06749999999999999 0.006749999999999999 0 0.06724999999999999 0.006999999999999998 0 0.06699999999999999 0.007249999999999999 0 0.06675000000000002 0.007500000000000001 0 0.05150000000000001 0.02275 0 0.05125 0.023 0 0.051 0.02325 0 0.05075 0.0235 0 0.0505 0.02375 0 0.05025 0.024 0 0.05 0.02425 0 0.0495 0.0245 0 0.04975 0.0245 0 0.06874999999999999 0.005499999999999999 0 0.06874999999999999 0.005749999999999999 0 0.06849999999999999 0.005999999999999999 0 0.06824999999999999 0.006249999999999999 0 0.06799999999999999 0.006499999999999999 0 0.06774999999999999 0.006749999999999999 0 0.06749999999999999 0.006999999999999998 0 0.06724999999999999 0.007249999999999999 0 0.06700000000000002 0.007500000000000001 0 0.05150000000000001 0.023 0 0.05125 0.02325 0 0.051 0.0235 0 0.05075 0.02375 0 0.0505 0.024 0 0.05025 0.02425 0 0.05 0.0245 0 0.0495 0.02475 0 0.04975 0.02475 0 0.06899999999999999 0.005499999999999999 0 0.06899999999999999 0.005749999999999999 0 0.06874999999999999 0.005999999999999999 0 0.06849999999999999 0.006249999999999999 0 0.06824999999999999 0.006499999999999999 0 0.06799999999999999 0.006749999999999999 0 0.06774999999999999 0.006999999999999998 0 0.06749999999999999 0.007249999999999999 0 0.06725000000000002 0.007500000000000001 0 0.05150000000000001 0.02325 0 0.05125 0.0235 0 0.051 0.02375 0 0.05075 0.024 0 0.0505 0.02425 0 0.05025 0.0245 0 0.05 0.02475 0 0.0495 0.025 0 0.04975 0.025 0 0.06924999999999999 0.005499999999999999 0 0.06924999999999999 0.005749999999999999 0 0.06899999999999999 0.005999999999999999 0 0.06874999999999999 0.006249999999999999 0 0.06849999999999999 0.006499999999999999 0 0.06824999999999999 0.006749999999999999 0 0.06799999999999999 0.006999999999999998 0 0.06774999999999999 0.007249999999999999 0 0.06750000000000002 0.007500000000000001 0 0.05150000000000001 0.0235 0 0.05125 0.02375 0 0.051 0.024 0 0.05075 0.02425 0 0.0505 0.0245 0 0.05025 0.02475 0 0.05 0.025 0 0.0495 0.02525 0 0.04975 0.02525 0 0.06949999999999999 0.005499999999999999 0 0.06949999999999999 0.005749999999999999 0 0.06924999999999999 0.005999999999999999 0 0.06899999999999999 0.006249999999999999 0 0.06874999999999999 0.006499999999999999 0 0.06849999999999999 0.006749999999999999 0 0.06824999999999999 0.006999999999999998 0 0.06799999999999999 0.007249999999999999 0 0.06775000000000002 0.007500000000000001 0 0.05150000000000001 0.02375 0 0.05125 0.024 0 0.051 0.02425 0 0.05075 0.0245 0 0.0505 0.02475 0 0.05025 0.025 0 0.05 0.02525 0 0.0495 0.0255 0 0.04975 0.0255 0 0.06974999999999999 0.005499999999999999 0 0.06974999999999999 0.005749999999999999 0 0.06949999999999999 0.005999999999999999 0 0.06924999999999999 0.006249999999999999 0 0.06899999999999999 0.006499999999999999 0 0.06874999999999999 0.006749999999999999 0 0.06849999999999999 0.006999999999999998 0 0.06824999999999999 0.007249999999999999 0 0.06800000000000002 0.007500000000000001 0 0.05150000000000001 0.024 0 0.05125 0.02425 0 0.051 0.0245 0 0.05075 0.02475 0 0.0505 0.025 0 0.05025 0.02525 0 0.05 0.0255 0 0.0495 0.02575 0 0.04975 0.02575 0 0.06999999999999999 0.005499999999999999 0 0.06999999999999999 0.005749999999999999 0 0.06974999999999999 0.005999999999999999 0 0.06949999999999999 0.006249999999999999 0 0.06924999999999999 0.006499999999999999 0 0.06899999999999999 0.006749999999999999 0 0.06874999999999999 0.006999999999999998 0 0.06849999999999999 0.007249999999999999 0 0.06825000000000002 0.007500000000000001 0 0.05150000000000001 0.02425 0 0.05125 0.0245 0 0.051 0.02475 0 0.05075 0.025 0 0.0505 0.02525 0 0.05025 0.0255 0 0.05 0.02575 0 0.0495 0.026 0 0.04975 0.026 0 0.07024999999999999 0.005499999999999999 0 0.07024999999999999 0.005749999999999999 0 0.06999999999999999 0.005999999999999999 0 0.06974999999999999 0.006249999999999999 0 0.06949999999999999 0.006499999999999999 0 0.06924999999999999 0.006749999999999999 0 0.06899999999999999 0.006999999999999998 0 0.06874999999999999 0.007249999999999999 0 0.06850000000000002 0.007500000000000001 0 0.05150000000000001 0.0245 0 0.05125 0.02475 0 0.051 0.025 0 0.05075 0.02525 0 0.0505 0.0255 0 0.05025 0.02575 0 0.05 0.026 0 0.0495 0.02625 0 0.04975 0.02625 0 0.07049999999999999 0.005499999999999999 0 0.07049999999999999 0.005749999999999999 0 0.07024999999999999 0.005999999999999999 0 0.06999999999999999 0.006249999999999999 0 0.06974999999999999 0.006499999999999999 0 0.06949999999999999 0.006749999999999999 0 0.06924999999999999 0.006999999999999998 0 0.06899999999999999 0.007249999999999999 0 0.06875000000000002 0.007500000000000001 0 0.05150000000000001 0.02475 0 0.05125 0.025 0 0.051 0.02525 0 0.05075 0.0255 0 0.0505 0.02575 0 0.05025 0.026 0 0.05 0.02625 0 0.0495 0.0265 0 0.04975 0.0265 0 0.07074999999999999 0.005499999999999999 0 0.07074999999999999 0.005749999999999999 0 0.07049999999999999 0.005999999999999999 0 0.07024999999999999 0.006249999999999999 0 0.06999999999999999 0.006499999999999999 0 0.06974999999999999 0.006749999999999999 0 0.06949999999999999 0.006999999999999998 0 0.06924999999999999 0.007249999999999999 0 0.06900000000000002 0.007500000000000001 0 0.05150000000000001 0.025 0 0.05125 0.02525 0 0.051 0.0255 0 0.05075 0.02575 0 0.0505 0.026 0 0.05025 0.02625 0 0.05 0.0265 0 0.0495 0.02675 0 0.04975 0.02675 0 0.07099999999999999 0.005499999999999999 0 0.07099999999999999 0.005749999999999999 0 0.07074999999999999 0.005999999999999999 0 0.07049999999999999 0.006249999999999999 0 0.07024999999999999 0.006499999999999999 0 0.06999999999999999 0.006749999999999999 0 0.06974999999999999 0.006999999999999998 0 0.06949999999999999 0.007249999999999999 0 0.06925000000000002 0.007500000000000001 0 0.05150000000000001 0.02525000000000001 0 0.05125 0.0255 0 0.051 0.02575 0 0.05075 0.026 0 0.0505 0.02625 0 0.05025 0.0265 0 0.05 0.02675 0 0.0495 0.027 0 0.04975 0.027 0 0.07124999999999999 0.005499999999999999 0 0.07124999999999999 0.005749999999999999 0 0.07099999999999999 0.005999999999999999 0 0.07074999999999999 0.006249999999999999 0 0.07049999999999999 0.006499999999999999 0 0.07024999999999999 0.006749999999999999 0 0.06999999999999999 0.006999999999999998 0 0.06974999999999999 0.007249999999999999 0 0.06950000000000002 0.007500000000000001 0 0.05150000000000001 0.02550000000000001 0 0.05125 0.02575 0 0.051 0.026 0 0.05075 0.02625 0 0.0505 0.0265 0 0.05025 0.02675 0 0.05 0.027 0 0.0495 0.02725 0 0.04975 0.02725 0 0.07149999999999999 0.005499999999999999 0 0.07149999999999999 0.005749999999999999 0 0.07124999999999999 0.005999999999999999 0 0.07099999999999999 0.006249999999999999 0 0.07074999999999999 0.006499999999999999 0 0.07049999999999999 0.006749999999999999 0 0.07024999999999999 0.006999999999999998 0 0.06999999999999999 0.007249999999999999 0 0.06975000000000002 0.007500000000000001 0 0.05150000000000001 0.02575 0 0.05125 0.026 0 0.051 0.02625 0 0.05075 0.0265 0 0.0505 0.02675 0 0.05025 0.027 0 0.05 0.02725 0 0.0495 0.0275 0 0.04975 0.0275 0 0.07174999999999999 0.005499999999999999 0 0.07174999999999999 0.005749999999999999 0 0.07149999999999999 0.005999999999999999 0 0.07124999999999999 0.006249999999999999 0 0.07099999999999999 0.006499999999999999 0 0.07074999999999999 0.006749999999999999 0 0.07049999999999999 0.006999999999999998 0 0.07024999999999999 0.007249999999999999 0 0.07000000000000002 0.007500000000000001 0 0.05150000000000001 0.026 0 0.05125 0.02625 0 0.051 0.0265 0 0.05075 0.02675 0 0.0505 0.027 0 0.05025 0.02725 0 0.05 0.0275 0 0.0495 0.02775 0 0.04975 0.02775 0 0.07199999999999999 0.005499999999999999 0 0.07199999999999999 0.005749999999999999 0 0.07174999999999999 0.005999999999999999 0 0.07149999999999999 0.006249999999999999 0 0.07124999999999999 0.006499999999999999 0 0.07099999999999999 0.006749999999999999 0 0.07074999999999999 0.006999999999999998 0 0.07049999999999999 0.007249999999999999 0 0.07025000000000002 0.007500000000000001 0 0.05150000000000001 0.02625 0 0.05125 0.0265 0 0.051 0.02675 0 0.05075 0.027 0 0.0505 0.02725 0 0.05025 0.0275 0 0.05 0.02775 0 0.0495 0.028 0 0.04975 0.028 0 0.07224999999999999 0.005499999999999999 0 0.07224999999999999 0.005749999999999999 0 0.07199999999999999 0.005999999999999999 0 0.07174999999999999 0.006249999999999999 0 0.07149999999999999 0.006499999999999999 0 0.07124999999999999 0.006749999999999999 0 0.07099999999999999 0.006999999999999998 0 0.07074999999999999 0.007249999999999999 0 0.07050000000000002 0.007500000000000001 0 0.05150000000000001 0.0265 0 0.05125 0.02675 0 0.051 0.027 0 0.05075 0.02725 0 0.0505 0.0275 0 0.05025 0.02775 0 0.05 0.028 0 0.0495 0.02825 0 0.04975 0.02825 0 0.0725 0.005499999999999999 0 0.0725 0.005749999999999999 0 0.07224999999999999 0.005999999999999999 0 0.07199999999999999 0.006249999999999999 0 0.07174999999999999 0.006499999999999999 0 0.07149999999999999 0.006749999999999999 0 0.07124999999999999 0.006999999999999998 0 0.07099999999999999 0.007249999999999999 0 0.07075000000000002 0.007500000000000001 0 0.05150000000000001 0.02675 0 0.05125 0.027 0 0.051 0.02725 0 0.05075 0.0275 0 0.0505 0.02775 0 0.05025 0.028 0 0.05 0.02825 0 0.0495 0.0285 0 0.04975 0.0285 0 0.07275 0.005499999999999999 0 0.07275 0.005749999999999999 0 0.0725 0.005999999999999999 0 0.07224999999999999 0.006249999999999999 0 0.07199999999999999 0.006499999999999999 0 0.07174999999999999 0.006749999999999999 0 0.07149999999999999 0.006999999999999998 0 0.07124999999999999 0.007249999999999999 0 0.07100000000000002 0.007500000000000001 0 0.05150000000000001 0.027 0 0.05125 0.02725 0 0.051 0.0275 0 0.05075 0.02775 0 0.0505 0.028 0 0.05025 0.02825 0 0.05 0.0285 0 0.0495 0.02875 0 0.04975 0.02875 0 0.073 0.005499999999999999 0 0.073 0.005749999999999999 0 0.07275 0.005999999999999999 0 0.0725 0.006249999999999999 0 0.07224999999999999 0.006499999999999999 0 0.07199999999999999 0.006749999999999999 0 0.07174999999999999 0.006999999999999998 0 0.07149999999999999 0.007249999999999999 0 0.07125000000000002 0.007500000000000001 0 0.05150000000000001 0.02725 0 0.05125 0.0275 0 0.051 0.02775 0 0.05075 0.028 0 0.0505 0.02825 0 0.05025 0.0285 0 0.05 0.02875 0 0.0495 0.029 0 0.04975 0.029 0 0.07325 0.005499999999999999 0 0.07325 0.005749999999999999 0 0.073 0.005999999999999999 0 0.07275 0.006249999999999999 0 0.0725 0.006499999999999999 0 0.07224999999999999 0.006749999999999999 0 0.07199999999999999 0.006999999999999998 0 0.07174999999999999 0.007249999999999999 0 0.07150000000000002 0.007500000000000001 0 0.05150000000000001 0.0275 0 0.05125 0.02775 0 0.051 0.028 0 0.05075 0.02825 0 0.0505 0.0285 0 0.05025 0.02875 0 0.05 0.029 0 0.0495 0.02925 0 0.04975 0.02925 0 0.0735 0.005499999999999999 0 0.0735 0.005749999999999999 0 0.07325 0.005999999999999999 0 0.073 0.006249999999999999 0 0.07275 0.006499999999999999 0 0.0725 0.006749999999999999 0 0.07224999999999999 0.006999999999999998 0 0.07199999999999999 0.007249999999999999 0 0.07175000000000002 0.007500000000000001 0 0.05150000000000001 0.02775 0 0.05125 0.028 0 0.051 0.02825 0 0.05075 0.0285 0 0.0505 0.02875 0 0.05025 0.029 0 0.05 0.02925 0 0.0495 0.02949999999999999 0 0.04975 0.02949999999999999 0 0.07375 0.005499999999999999 0 0.07375 0.005749999999999999 0 0.0735 0.005999999999999999 0 0.07325 0.006249999999999999 0 0.073 0.006499999999999999 0 0.07275 0.006749999999999999 0 0.0725 0.006999999999999998 0 0.07224999999999999 0.007249999999999999 0 0.07200000000000002 0.007500000000000001 0 0.05150000000000001 0.028 0 0.05125 0.02825 0 0.051 0.0285 0 0.05075 0.02875 0 0.0505 0.029 0 0.05025 0.02925 0 0.05 0.02949999999999999 0 0.0495 0.02975 0 0.04975 0.02975 0 0.074 0.005499999999999999 0 0.074 0.005749999999999999 0 0.07375 0.005999999999999999 0 0.0735 0.006249999999999999 0 0.07325 0.006499999999999999 0 0.073 0.006749999999999999 0 0.07275 0.006999999999999998 0 0.0725 0.007249999999999999 0 0.07225000000000002 0.007500000000000001 0 0.05150000000000001 0.02825 0 0.05125 0.0285 0 0.051 0.02875 0 0.05075 0.029 0 0.0505 0.02925 0 0.05025 0.02949999999999999 0 0.05 0.02975 0 0.0495 0.03 0 0.04975 0.03 0 0.07425 0.005499999999999999 0 0.07425 0.005749999999999999 0 0.074 0.005999999999999999 0 0.07375 0.006249999999999999 0 0.0735 0.006499999999999999 0 0.07325 0.006749999999999999 0 0.073 0.006999999999999998 0 0.07275 0.007249999999999999 0 0.07250000000000002 0.007500000000000001 0 0.05150000000000001 0.0285 0 0.05125 0.02875 0 0.051 0.029 0 0.05075 0.02925 0 0.0505 0.02949999999999999 0 0.05025 0.02975 0 0.05 0.03 0 0.0495 0.03025 0 0.04975 0.03025 0 0.0745 0.005499999999999999 0 0.0745 0.005749999999999999 0 0.07425 0.005999999999999999 0 0.074 0.006249999999999999 0 0.07375 0.006499999999999999 0 0.0735 0.006749999999999999 0 0.07325 0.006999999999999998 0 0.073 0.007249999999999999 0 0.07275000000000002 0.007500000000000001 0 0.05150000000000001 0.02875 0 0.05125 0.029 0 0.051 0.02925 0 0.05075 0.02949999999999999 0 0.0505 0.02975 0 0.05025 0.03 0 0.05 0.03025 0 0.0495 0.0305 0 0.04975 0.0305 0 0.07475 0.005499999999999999 0 0.07475 0.005749999999999999 0 0.0745 0.005999999999999999 0 0.07425 0.006249999999999999 0 0.074 0.006499999999999999 0 0.07375 0.006749999999999999 0 0.0735 0.006999999999999998 0 0.07325 0.007249999999999999 0 0.07300000000000002 0.007500000000000001 0 0.05150000000000001 0.029 0 0.05125 0.02925 0 0.051 0.02949999999999999 0 0.05075 0.02975 0 0.0505 0.03 0 0.05025 0.03025 0 0.05 0.0305 0 0.0495 0.03075 0 0.04975 0.03075 0 0.075 0.005499999999999999 0 0.075 0.005749999999999999 0 0.07475 0.005999999999999999 0 0.0745 0.006249999999999999 0 0.07425 0.006499999999999999 0 0.074 0.006749999999999999 0 0.07375 0.006999999999999998 0 0.0735 0.007249999999999999 0 0.07325000000000002 0.007500000000000001 0 0.05150000000000001 0.02925000000000001 0 0.05125 0.02949999999999999 0 0.051 0.02975 0 0.05075 0.03 0 0.0505 0.03025 0 0.05025 0.0305 0 0.05 0.03075 0 0.0495 0.031 0 0.04975 0.031 0 0.07525 0.005499999999999999 0 0.07525 0.005749999999999999 0 0.075 0.005999999999999999 0 0.07475 0.006249999999999999 0 0.0745 0.006499999999999999 0 0.07425 0.006749999999999999 0 0.074 0.006999999999999998 0 0.07375 0.007249999999999999 0 0.07350000000000002 0.007500000000000001 0 0.05150000000000001 0.0295 0 0.05125 0.02975 0 0.051 0.03 0 0.05075 0.03025 0 0.0505 0.0305 0 0.05025 0.03075 0 0.05 0.031 0 0.0495 0.03125 0 0.04975 0.03125 0 0.0755 0.005499999999999999 0 0.0755 0.005749999999999999 0 0.07525 0.005999999999999999 0 0.075 0.006249999999999999 0 0.07475 0.006499999999999999 0 0.0745 0.006749999999999999 0 0.07425 0.006999999999999998 0 0.074 0.007249999999999999 0 0.07375000000000002 0.007500000000000001 0 0.05150000000000001 0.02975 0 0.05125 0.03 0 0.051 0.03025 0 0.05075 0.0305 0 0.0505 0.03075 0 0.05025 0.031 0 0.05 0.03125 0 0.0495 0.03149999999999999 0 0.04975 0.03149999999999999 0 0.07575 0.005499999999999999 0 0.07575 0.005749999999999999 0 0.0755 0.005999999999999999 0 0.07525 0.006249999999999999 0 0.075 0.006499999999999999 0 0.07475 0.006749999999999999 0 0.0745 0.006999999999999998 0 0.07425 0.007249999999999999 0 0.07400000000000002 0.007500000000000001 0 0.05150000000000001 0.03 0 0.05125 0.03025 0 0.051 0.0305 0 0.05075 0.03075 0 0.0505 0.031 0 0.05025 0.03125 0 0.05 0.03149999999999999 0 0.0495 0.03174999999999999 0 0.04975 0.03174999999999999 0 0.076 0.005499999999999999 0 0.076 0.005749999999999999 0 0.07575 0.005999999999999999 0 0.0755 0.006249999999999999 0 0.07525 0.006499999999999999 0 0.075 0.006749999999999999 0 0.07475 0.006999999999999998 0 0.0745 0.007249999999999999 0 0.07425000000000002 0.007500000000000001 0 0.05150000000000001 0.03025 0 0.05125 0.0305 0 0.051 0.03075 0 0.05075 0.031 0 0.0505 0.03125 0 0.05025 0.03149999999999999 0 0.05 0.03174999999999999 0 0.0495 0.03199999999999999 0 0.04975 0.03199999999999999 0 0.07625 0.005499999999999999 0 0.07625 0.005749999999999999 0 0.076 0.005999999999999999 0 0.07575 0.006249999999999999 0 0.0755 0.006499999999999999 0 0.07525 0.006749999999999999 0 0.075 0.006999999999999998 0 0.07475 0.007249999999999999 0 0.07450000000000002 0.007500000000000001 0 0.05150000000000001 0.0305 0 0.05125 0.03075 0 0.051 0.031 0 0.05075 0.03125 0 0.0505 0.03149999999999999 0 0.05025 0.03174999999999999 0 0.05 0.03199999999999999 0 0.0495 0.03224999999999999 0 0.04975 0.03224999999999999 0 0.0765 0.005499999999999999 0 0.0765 0.005749999999999999 0 0.07625 0.005999999999999999 0 0.076 0.006249999999999999 0 0.07575 0.006499999999999999 0 0.0755 0.006749999999999999 0 0.07525 0.006999999999999998 0 0.075 0.007249999999999999 0 0.07475000000000002 0.007500000000000001 0 0.05150000000000001 0.03075 0 0.05125 0.031 0 0.051 0.03125 0 0.05075 0.03149999999999999 0 0.0505 0.03174999999999999 0 0.05025 0.03199999999999999 0 0.05 0.03224999999999999 0 0.0495 0.03249999999999999 0 0.04975 0.03249999999999999 0 0.07675 0.005499999999999999 0 0.07675 0.005749999999999999 0 0.0765 0.005999999999999999 0 0.07625 0.006249999999999999 0 0.076 0.006499999999999999 0 0.07575 0.006749999999999999 0 0.0755 0.006999999999999998 0 0.07525 0.007249999999999999 0 0.07500000000000002 0.007500000000000001 0 0.05150000000000001 0.031 0 0.05125 0.03125 0 0.051 0.03149999999999999 0 0.05075 0.03174999999999999 0 0.0505 0.03199999999999999 0 0.05025 0.03224999999999999 0 0.05 0.03249999999999999 0 0.0495 0.03274999999999999 0 0.04975 0.03274999999999999 0 0.077 0.005499999999999999 0 0.077 0.005749999999999999 0 0.07675 0.005999999999999999 0 0.0765 0.006249999999999999 0 0.07625 0.006499999999999999 0 0.076 0.006749999999999999 0 0.07575 0.006999999999999998 0 0.0755 0.007249999999999999 0 0.07525000000000003 0.007500000000000001 0 0.05150000000000001 0.03125000000000001 0 0.05125 0.03149999999999999 0 0.051 0.03174999999999999 0 0.05075 0.03199999999999999 0 0.0505 0.03224999999999999 0 0.05025 0.03249999999999999 0 0.05 0.03274999999999999 0 0.0495 0.03299999999999999 0 0.04975 0.03299999999999999 0 0.07725 0.005499999999999999 0 0.07725 0.005749999999999999 0 0.077 0.005999999999999999 0 0.07675 0.006249999999999999 0 0.0765 0.006499999999999999 0 0.07625 0.006749999999999999 0 0.076 0.006999999999999998 0 0.07575 0.007249999999999999 0 0.07550000000000003 0.007500000000000001 0 0.05150000000000001 0.03150000000000001 0 0.05125 0.03174999999999999 0 0.051 0.03199999999999999 0 0.05075 0.03224999999999999 0 0.0505 0.03249999999999999 0 0.05025 0.03274999999999999 0 0.05 0.03299999999999999 0 0.0495 0.03324999999999999 0 0.04975 0.03324999999999999 0 0.0775 0.005499999999999999 0 0.0775 0.005749999999999999 0 0.07725 0.005999999999999999 0 0.077 0.006249999999999999 0 0.07675 0.006499999999999999 0 0.0765 0.006749999999999999 0 0.07625 0.006999999999999998 0 0.076 0.007249999999999999 0 0.07575000000000003 0.007500000000000001 0 0.05150000000000001 0.03175000000000001 0 0.05125 0.03199999999999999 0 0.051 0.03224999999999999 0 0.05075 0.03249999999999999 0 0.0505 0.03274999999999999 0 0.05025 0.03299999999999999 0 0.05 0.03324999999999999 0 0.0495 0.0335 0 0.04975 0.0335 0 0.07774999999999999 0.005499999999999999 0 0.07774999999999999 0.005749999999999999 0 0.0775 0.005999999999999999 0 0.07725 0.006249999999999999 0 0.077 0.006499999999999999 0 0.07675 0.006749999999999999 0 0.0765 0.006999999999999998 0 0.07625 0.007249999999999999 0 0.07600000000000003 0.007500000000000001 0 0.05150000000000001 0.03200000000000001 0 0.05125 0.03224999999999999 0 0.051 0.03249999999999999 0 0.05075 0.03274999999999999 0 0.0505 0.03299999999999999 0 0.05025 0.03324999999999999 0 0.05 0.0335 0 0.0495 0.03375 0 0.04975 0.03375 0 0.07799999999999999 0.005499999999999999 0 0.07799999999999999 0.005749999999999999 0 0.07774999999999999 0.005999999999999999 0 0.0775 0.006249999999999999 0 0.07725 0.006499999999999999 0 0.077 0.006749999999999999 0 0.07675 0.006999999999999998 0 0.0765 0.007249999999999999 0 0.07625000000000003 0.007500000000000001 0 0.05150000000000001 0.03225000000000001 0 0.05125 0.03249999999999999 0 0.051 0.03274999999999999 0 0.05075 0.03299999999999999 0 0.0505 0.03324999999999999 0 0.05025 0.0335 0 0.05 0.03375 0 0.0495 0.034 0 0.04975 0.034 0 0.07824999999999999 0.005499999999999999 0 0.07824999999999999 0.005749999999999999 0 0.07799999999999999 0.005999999999999999 0 0.07774999999999999 0.006249999999999999 0 0.0775 0.006499999999999999 0 0.07725 0.006749999999999999 0 0.077 0.006999999999999998 0 0.07675 0.007249999999999999 0 0.07650000000000003 0.007500000000000001 0 0.05150000000000001 0.03250000000000001 0 0.05125 0.03274999999999999 0 0.051 0.03299999999999999 0 0.05075 0.03324999999999999 0 0.0505 0.0335 0 0.05025 0.03375 0 0.05 0.034 0 0.0495 0.03425 0 0.04975 0.03425 0 0.07849999999999999 0.005499999999999999 0 0.07849999999999999 0.005749999999999999 0 0.07824999999999999 0.005999999999999999 0 0.07799999999999999 0.006249999999999999 0 0.07774999999999999 0.006499999999999999 0 0.0775 0.006749999999999999 0 0.07725 0.006999999999999998 0 0.077 0.007249999999999999 0 0.07675000000000003 0.007500000000000001 0 0.05150000000000001 0.03275000000000001 0 0.05125 0.03299999999999999 0 0.051 0.03324999999999999 0 0.05075 0.0335 0 0.0505 0.03375 0 0.05025 0.034 0 0.05 0.03425 0 0.0495 0.0345 0 0.04975 0.0345 0 0.07874999999999999 0.005499999999999999 0 0.07874999999999999 0.005749999999999999 0 0.07849999999999999 0.005999999999999999 0 0.07824999999999999 0.006249999999999999 0 0.07799999999999999 0.006499999999999999 0 0.07774999999999999 0.006749999999999999 0 0.0775 0.006999999999999998 0 0.07725 0.007249999999999999 0 0.07700000000000003 0.007500000000000001 0 0.05150000000000001 0.03300000000000001 0 0.05125 0.03324999999999999 0 0.051 0.0335 0 0.05075 0.03375 0 0.0505 0.034 0 0.05025 0.03425 0 0.05 0.0345 0 0.0495 0.03475 0 0.04975 0.03475 0 0.07899999999999999 0.005499999999999999 0 0.07899999999999999 0.005749999999999999 0 0.07874999999999999 0.005999999999999999 0 0.07849999999999999 0.006249999999999999 0 0.07824999999999999 0.006499999999999999 0 0.07799999999999999 0.006749999999999999 0 0.07774999999999999 0.006999999999999998 0 0.0775 0.007249999999999999 0 0.07725000000000003 0.007500000000000001 0 0.05150000000000001 0.03325000000000001 0 0.05125 0.0335 0 0.051 0.03375 0 0.05075 0.034 0 0.0505 0.03425 0 0.05025 0.0345 0 0.05 0.03475 0 0.0495 0.035 0 0.04975 0.035 0 0.07924999999999999 0.005499999999999999 0 0.07924999999999999 0.005749999999999999 0 0.07899999999999999 0.005999999999999999 0 0.07874999999999999 0.006249999999999999 0 0.07849999999999999 0.006499999999999999 0 0.07824999999999999 0.006749999999999999 0 0.07799999999999999 0.006999999999999998 0 0.07774999999999999 0.007249999999999999 0 0.07750000000000003 0.007500000000000001 0 0.05150000000000001 0.03350000000000001 0 0.05125 0.03375 0 0.051 0.034 0 0.05075 0.03425 0 0.0505 0.0345 0 0.05025 0.03475 0 0.05 0.035 0 0.0495 0.03525 0 0.04975 0.03525 0 0.07949999999999999 0.005499999999999999 0 0.07949999999999999 0.005749999999999999 0 0.07924999999999999 0.005999999999999999 0 0.07899999999999999 0.006249999999999999 0 0.07874999999999999 0.006499999999999999 0 0.07849999999999999 0.006749999999999999 0 0.07824999999999999 0.006999999999999998 0 0.07799999999999999 0.007249999999999999 0 0.07775000000000001 0.007500000000000001 0 0.05150000000000001 0.03375000000000001 0 0.05125 0.034 0 0.051 0.03425 0 0.05075 0.0345 0 0.0505 0.03475 0 0.05025 0.035 0 0.05 0.03525 0 0.0495 0.0355 0 0.04975 0.0355 0 0.07974999999999999 0.005499999999999999 0 0.07974999999999999 0.005749999999999999 0 0.07949999999999999 0.005999999999999999 0 0.07924999999999999 0.006249999999999999 0 0.07899999999999999 0.006499999999999999 0 0.07874999999999999 0.006749999999999999 0 0.07849999999999999 0.006999999999999998 0 0.07824999999999999 0.007249999999999999 0 0.07800000000000001 0.007500000000000001 0 0.05150000000000001 0.03400000000000001 0 0.05125 0.03425 0 0.051 0.0345 0 0.05075 0.03475 0 0.0505 0.035 0 0.05025 0.03525 0 0.05 0.0355 0 0.0495 0.03575 0 0.04975 0.03575 0 0.07999999999999999 0.005499999999999999 0 0.07999999999999999 0.005749999999999999 0 0.07974999999999999 0.005999999999999999 0 0.07949999999999999 0.006249999999999999 0 0.07924999999999999 0.006499999999999999 0 0.07899999999999999 0.006749999999999999 0 0.07874999999999999 0.006999999999999998 0 0.07849999999999999 0.007249999999999999 0 0.07825000000000001 0.007500000000000001 0 0.05150000000000001 0.03425000000000001 0 0.05125 0.0345 0 0.051 0.03475 0 0.05075 0.035 0 0.0505 0.03525 0 0.05025 0.0355 0 0.05 0.03575 0 0.0495 0.036 0 0.04975 0.036 0 0.08024999999999999 0.005499999999999999 0 0.08024999999999999 0.005749999999999999 0 0.07999999999999999 0.005999999999999999 0 0.07974999999999999 0.006249999999999999 0 0.07949999999999999 0.006499999999999999 0 0.07924999999999999 0.006749999999999999 0 0.07899999999999999 0.006999999999999998 0 0.07874999999999999 0.007249999999999999 0 0.07850000000000001 0.007500000000000001 0 0.05150000000000001 0.03450000000000001 0 0.05125 0.03475 0 0.051 0.035 0 0.05075 0.03525 0 0.0505 0.0355 0 0.05025 0.03575 0 0.05 0.036 0 0.0495 0.03625 0 0.04975 0.03625 0 0.08049999999999999 0.005499999999999999 0 0.08049999999999999 0.005749999999999999 0 0.08024999999999999 0.005999999999999999 0 0.07999999999999999 0.006249999999999999 0 0.07974999999999999 0.006499999999999999 0 0.07949999999999999 0.006749999999999999 0 0.07924999999999999 0.006999999999999998 0 0.07899999999999999 0.007249999999999999 0 0.07875000000000001 0.007500000000000001 0 0.05150000000000001 0.03475000000000001 0 0.05125 0.035 0 0.051 0.03525 0 0.05075 0.0355 0 0.0505 0.03575 0 0.05025 0.036 0 0.05 0.03625 0 0.0495 0.0365 0 0.04975 0.0365 0 0.08074999999999999 0.005499999999999999 0 0.08074999999999999 0.005749999999999999 0 0.08049999999999999 0.005999999999999999 0 0.08024999999999999 0.006249999999999999 0 0.07999999999999999 0.006499999999999999 0 0.07974999999999999 0.006749999999999999 0 0.07949999999999999 0.006999999999999998 0 0.07924999999999999 0.007249999999999999 0 0.07900000000000001 0.007500000000000001 0 0.05150000000000001 0.03500000000000001 0 0.05125 0.03525 0 0.051 0.0355 0 0.05075 0.03575 0 0.0505 0.036 0 0.05025 0.03625 0 0.05 0.0365 0 0.0495 0.03675 0 0.04975 0.03675 0 0.08099999999999999 0.005499999999999999 0 0.08099999999999999 0.005749999999999999 0 0.08074999999999999 0.005999999999999999 0 0.08049999999999999 0.006249999999999999 0 0.08024999999999999 0.006499999999999999 0 0.07999999999999999 0.006749999999999999 0 0.07974999999999999 0.006999999999999998 0 0.07949999999999999 0.007249999999999999 0 0.07925000000000001 0.007500000000000001 0 0.05150000000000001 0.03525000000000001 0 0.05125 0.0355 0 0.051 0.03575 0 0.05075 0.036 0 0.0505 0.03625 0 0.05025 0.0365 0 0.05 0.03675 0 0.0495 0.037 0 0.04975 0.037 0 0.08124999999999999 0.005499999999999999 0 0.08124999999999999 0.005749999999999999 0 0.08099999999999999 0.005999999999999999 0 0.08074999999999999 0.006249999999999999 0 0.08049999999999999 0.006499999999999999 0 0.08024999999999999 0.006749999999999999 0 0.07999999999999999 0.006999999999999998 0 0.07974999999999999 0.007249999999999999 0 0.07950000000000002 0.007500000000000001 0 0.05150000000000001 0.03550000000000001 0 0.05125 0.03575 0 0.051 0.036 0 0.05075 0.03625 0 0.0505 0.0365 0 0.05025 0.03675 0 0.05 0.037 0 0.0495 0.03725 0 0.04975 0.03725 0 0.08149999999999999 0.005499999999999999 0 0.08149999999999999 0.005749999999999999 0 0.08124999999999999 0.005999999999999999 0 0.08099999999999999 0.006249999999999999 0 0.08074999999999999 0.006499999999999999 0 0.08049999999999999 0.006749999999999999 0 0.08024999999999999 0.006999999999999998 0 0.07999999999999999 0.007249999999999999 0 0.07975000000000002 0.007500000000000001 0 0.05150000000000001 0.03575000000000001 0 0.05125 0.036 0 0.051 0.03625 0 0.05075 0.0365 0 0.0505 0.03675 0 0.05025 0.037 0 0.05 0.03725 0 0.04950000000000001 0.03750000000000001 0 0.04975 0.03749999999999999 0 0.08174999999999999 0.005499999999999999 0 0.08174999999999999 0.005749999999999999 0 0.08149999999999999 0.005999999999999999 0 0.08124999999999999 0.006249999999999999 0 0.08099999999999999 0.006499999999999999 0 0.08074999999999999 0.006749999999999999 0 0.08049999999999999 0.006999999999999998 0 0.08024999999999999 0.007249999999999999 0 0.08000000000000002 0.007500000000000001 0 0.05150000000000001 0.03600000000000001 0 0.05125 0.03625 0 0.051 0.0365 0 0.05075 0.03675 0 0.0505 0.037 0 0.05025 0.03725 0 0.05 0.03749999999999999 0 0.04950000000000001 0.03775000000000001 0 0.04975 0.03774999999999999 0 0.08199999999999999 0.005499999999999999 0 0.08199999999999999 0.005749999999999999 0 0.08174999999999999 0.005999999999999999 0 0.08149999999999999 0.006249999999999999 0 0.08124999999999999 0.006499999999999999 0 0.08099999999999999 0.006749999999999999 0 0.08074999999999999 0.006999999999999998 0 0.08049999999999999 0.007249999999999999 0 0.08025000000000002 0.007500000000000001 0 0.05150000000000001 0.03625000000000001 0 0.05125 0.0365 0 0.051 0.03675 0 0.05075 0.037 0 0.0505 0.03725 0 0.05025 0.03749999999999999 0 0.05 0.03774999999999999 0 0.04925000000000001 0.03750000000000001 0 0.04925000000000001 0.03775000000000001 0 0.04950000000000001 0.03800000000000001 0 0.04975 0.03799999999999999 0 0.08224999999999999 0.005499999999999999 0 0.08224999999999999 0.005749999999999999 0 0.08199999999999999 0.005999999999999999 0 0.08174999999999999 0.006249999999999999 0 0.08149999999999999 0.006499999999999999 0 0.08124999999999999 0.006749999999999999 0 0.08099999999999999 0.006999999999999998 0 0.08074999999999999 0.007249999999999999 0 0.08050000000000002 0.007500000000000001 0 0.05150000000000001 0.03650000000000001 0 0.05125 0.03675 0 0.051 0.037 0 0.05075 0.03725 0 0.0505 0.03749999999999999 0 0.05025 0.03774999999999999 0 0.05 0.03799999999999999 0 0.04900000000000001 0.03750000000000001 0 0.04900000000000001 0.03775000000000001 0 0.04925000000000001 0.03800000000000001 0 0.04950000000000001 0.03825000000000001 0 0.04975 0.03824999999999999 0 0.08249999999999999 0.005499999999999999 0 0.08249999999999999 0.005749999999999999 0 0.08224999999999999 0.005999999999999999 0 0.08199999999999999 0.006249999999999999 0 0.08174999999999999 0.006499999999999999 0 0.08149999999999999 0.006749999999999999 0 0.08124999999999999 0.006999999999999998 0 0.08099999999999999 0.007249999999999999 0 0.08075000000000002 0.007500000000000001 0 0.05150000000000001 0.03675000000000001 0 0.05125 0.037 0 0.051 0.03725 0 0.05075 0.03749999999999999 0 0.0505 0.03774999999999999 0 0.05025 0.03799999999999999 0 0.05 0.03824999999999999 0 0.04875000000000001 0.03750000000000001 0 0.04875000000000001 0.03775000000000001 0 0.04900000000000001 0.03800000000000001 0 0.04925000000000001 0.03825000000000001 0 0.04950000000000001 0.03850000000000001 0 0.04975 0.03849999999999999 0 0.08274999999999999 0.005499999999999999 0 0.08274999999999999 0.005749999999999999 0 0.08249999999999999 0.005999999999999999 0 0.08224999999999999 0.006249999999999999 0 0.08199999999999999 0.006499999999999999 0 0.08174999999999999 0.006749999999999999 0 0.08149999999999999 0.006999999999999998 0 0.08124999999999999 0.007249999999999999 0 0.08100000000000002 0.007500000000000001 0 0.05150000000000001 0.03700000000000001 0 0.05125 0.03725 0 0.051 0.03749999999999999 0 0.05075 0.03774999999999999 0 0.0505 0.03799999999999999 0 0.05025 0.03824999999999999 0 0.05 0.03849999999999999 0 0.04850000000000001 0.03750000000000001 0 0.04850000000000001 0.03775000000000001 0 0.04875000000000001 0.03800000000000001 0 0.04900000000000001 0.03825000000000001 0 0.04925000000000001 0.03850000000000001 0 0.04950000000000001 0.03875000000000001 0 0.04975 0.03874999999999999 0 0.08299999999999999 0.005499999999999999 0 0.08299999999999999 0.005749999999999999 0 0.08274999999999999 0.005999999999999999 0 0.08249999999999999 0.006249999999999999 0 0.08224999999999999 0.006499999999999999 0 0.08199999999999999 0.006749999999999999 0 0.08174999999999999 0.006999999999999998 0 0.08149999999999999 0.007249999999999999 0 0.08125000000000002 0.007500000000000001 0 0.05150000000000001 0.03725000000000001 0 0.05125 0.03749999999999999 0 0.051 0.03774999999999999 0 0.05075 0.03799999999999999 0 0.0505 0.03824999999999999 0 0.05025 0.03849999999999999 0 0.05 0.03874999999999999 0 0.04825000000000001 0.03750000000000001 0 0.04825000000000001 0.03775000000000001 0 0.04850000000000001 0.03800000000000001 0 0.04875000000000001 0.03825000000000001 0 0.04900000000000001 0.03850000000000001 0 0.04925000000000001 0.03875000000000001 0 0.04950000000000001 0.03900000000000001 0 0.04975 0.03899999999999999 0 0.08324999999999999 0.005499999999999999 0 0.08324999999999999 0.005749999999999999 0 0.08299999999999999 0.005999999999999999 0 0.08274999999999999 0.006249999999999999 0 0.08249999999999999 0.006499999999999999 0 0.08224999999999999 0.006749999999999999 0 0.08199999999999999 0.006999999999999998 0 0.08174999999999999 0.007249999999999999 0 0.08150000000000002 0.007500000000000001 0 0.0515 0.03749999999999999 0 0.05125 0.03774999999999999 0 0.051 0.03799999999999999 0 0.05075 0.03824999999999999 0 0.0505 0.03849999999999999 0 0.05025 0.03874999999999999 0 0.05 0.03899999999999999 0 0.04800000000000001 0.03750000000000001 0 0.04800000000000001 0.03775000000000001 0 0.04825000000000001 0.03800000000000001 0 0.04850000000000001 0.03825000000000001 0 0.04875000000000001 0.03850000000000001 0 0.04900000000000001 0.03875000000000001 0 0.04925000000000001 0.03900000000000001 0 0.04950000000000001 0.03925000000000001 0 0.04975 0.03924999999999999 0 0.08349999999999999 0.005499999999999999 0 0.08349999999999999 0.005749999999999999 0 0.08324999999999999 0.005999999999999999 0 0.08299999999999999 0.006249999999999999 0 0.08274999999999999 0.006499999999999999 0 0.08249999999999999 0.006749999999999999 0 0.08224999999999999 0.006999999999999998 0 0.08199999999999999 0.007249999999999999 0 0.08175000000000002 0.007500000000000001 0 0.0515 0.03774999999999999 0 0.05125 0.03799999999999999 0 0.051 0.03824999999999999 0 0.05075 0.03849999999999999 0 0.0505 0.03874999999999999 0 0.05025 0.03899999999999999 0 0.05 0.03924999999999999 0 0.04775000000000001 0.03750000000000001 0 0.04775000000000001 0.03775000000000001 0 0.04800000000000001 0.03800000000000001 0 0.04825000000000001 0.03825000000000001 0 0.04850000000000001 0.03850000000000001 0 0.04875000000000001 0.03875000000000001 0 0.04900000000000001 0.03900000000000001 0 0.04925000000000001 0.03925000000000001 0 0.0495 0.0395 0 0.04975000000000001 0.03950000000000001 0 0.08374999999999999 0.005499999999999999 0 0.08374999999999999 0.005749999999999999 0 0.08349999999999999 0.005999999999999999 0 0.08324999999999999 0.006249999999999999 0 0.08299999999999999 0.006499999999999999 0 0.08274999999999999 0.006749999999999999 0 0.08249999999999999 0.006999999999999998 0 0.08224999999999999 0.007249999999999999 0 0.08200000000000002 0.007500000000000001 0 0.05175 0.03749999999999999 0 0.05175 0.03774999999999999 0 0.0515 0.03799999999999999 0 0.05125 0.03824999999999999 0 0.051 0.03849999999999999 0 0.05075 0.03874999999999999 0 0.0505 0.03899999999999999 0 0.05025 0.03924999999999999 0 0.05000000000000001 0.03950000000000001 0 0.04750000000000001 0.03750000000000001 0 0.04750000000000001 0.03775000000000001 0 0.04775000000000001 0.03800000000000001 0 0.04800000000000001 0.03825000000000001 0 0.04825000000000001 0.03850000000000001 0 0.04850000000000001 0.03875000000000001 0 0.04875000000000001 0.03900000000000001 0 0.04900000000000001 0.03925000000000001 0 0.04925 0.0395 0 0.08399999999999999 0.005499999999999999 0 0.08399999999999999 0.005749999999999999 0 0.08374999999999999 0.005999999999999999 0 0.08349999999999999 0.006249999999999999 0 0.08324999999999999 0.006499999999999999 0 0.08299999999999999 0.006749999999999999 0 0.08274999999999999 0.006999999999999998 0 0.08249999999999999 0.007249999999999999 0 0.08225000000000002 0.007500000000000001 0 0.052 0.03749999999999999 0 0.052 0.03774999999999999 0 0.05175 0.03799999999999999 0 0.0515 0.03824999999999999 0 0.05125 0.03849999999999999 0 0.051 0.03874999999999999 0 0.05075 0.03899999999999999 0 0.0505 0.03924999999999999 0 0.05025000000000001 0.03950000000000001 0 0.04725000000000001 0.03750000000000001 0 0.04725000000000001 0.03775000000000001 0 0.04750000000000001 0.03800000000000001 0 0.04775000000000001 0.03825000000000001 0 0.04800000000000001 0.03850000000000001 0 0.04825000000000001 0.03875000000000001 0 0.04850000000000001 0.03900000000000001 0 0.04875000000000001 0.03925000000000001 0 0.04899999999999999 0.0395 0 0.08424999999999999 0.005499999999999999 0 0.08424999999999999 0.005749999999999999 0 0.08399999999999999 0.005999999999999999 0 0.08374999999999999 0.006249999999999999 0 0.08349999999999999 0.006499999999999999 0 0.08324999999999999 0.006749999999999999 0 0.08299999999999999 0.006999999999999998 0 0.08274999999999999 0.007249999999999999 0 0.08250000000000002 0.007500000000000001 0 0.05225 0.03749999999999999 0 0.05225 0.03774999999999999 0 0.052 0.03799999999999999 0 0.05175 0.03824999999999999 0 0.0515 0.03849999999999999 0 0.05125 0.03874999999999999 0 0.051 0.03899999999999999 0 0.05075 0.03924999999999999 0 0.05050000000000001 0.03950000000000001 0 0.04700000000000001 0.03750000000000001 0 0.04700000000000001 0.03775000000000001 0 0.04725000000000001 0.03800000000000001 0 0.04750000000000001 0.03825000000000001 0 0.04775000000000001 0.03850000000000001 0 0.04800000000000001 0.03875000000000001 0 0.04825000000000001 0.03900000000000001 0 0.04850000000000001 0.03925000000000001 0 0.04874999999999999 0.0395 0 0.08449999999999999 0.005499999999999999 0 0.08449999999999999 0.005749999999999999 0 0.08424999999999999 0.005999999999999999 0 0.08399999999999999 0.006249999999999999 0 0.08374999999999999 0.006499999999999999 0 0.08349999999999999 0.006749999999999999 0 0.08324999999999999 0.006999999999999998 0 0.08299999999999999 0.007249999999999999 0 0.08275000000000002 0.007500000000000001 0 0.0525 0.03749999999999999 0 0.0525 0.03774999999999999 0 0.05225 0.03799999999999999 0 0.052 0.03824999999999999 0 0.05175 0.03849999999999999 0 0.0515 0.03874999999999999 0 0.05125 0.03899999999999999 0 0.051 0.03924999999999999 0 0.05075000000000001 0.03950000000000001 0 0.04675000000000001 0.03750000000000001 0 0.04675000000000001 0.03775000000000001 0 0.04700000000000001 0.03800000000000001 0 0.04725000000000001 0.03825000000000001 0 0.04750000000000001 0.03850000000000001 0 0.04775000000000001 0.03875000000000001 0 0.04800000000000001 0.03900000000000001 0 0.04825000000000001 0.03925000000000001 0 0.04849999999999999 0.0395 0 0.08474999999999999 0.005499999999999999 0 0.08474999999999999 0.005749999999999999 0 0.08449999999999999 0.005999999999999999 0 0.08424999999999999 0.006249999999999999 0 0.08399999999999999 0.006499999999999999 0 0.08374999999999999 0.006749999999999999 0 0.08349999999999999 0.006999999999999998 0 0.08324999999999999 0.007249999999999999 0 0.08300000000000002 0.007500000000000001 0 0.05275 0.03749999999999999 0 0.05275 0.03774999999999999 0 0.0525 0.03799999999999999 0 0.05225 0.03824999999999999 0 0.052 0.03849999999999999 0 0.05175 0.03874999999999999 0 0.0515 0.03899999999999999 0 0.05125 0.03924999999999999 0 0.05100000000000001 0.03950000000000001 0 0.04650000000000001 0.03750000000000001 0 0.04650000000000001 0.03775000000000001 0 0.04675000000000001 0.03800000000000001 0 0.04700000000000001 0.03825000000000001 0 0.04725000000000001 0.03850000000000001 0 0.04750000000000001 0.03875000000000001 0 0.04775000000000001 0.03900000000000001 0 0.04800000000000001 0.03925000000000001 0 0.04824999999999999 0.0395 0 0.08499999999999999 0.005499999999999999 0 0.08499999999999999 0.005749999999999999 0 0.08474999999999999 0.005999999999999999 0 0.08449999999999999 0.006249999999999999 0 0.08424999999999999 0.006499999999999999 0 0.08399999999999999 0.006749999999999999 0 0.08374999999999999 0.006999999999999998 0 0.08349999999999999 0.007249999999999999 0 0.08325000000000002 0.007500000000000001 0 0.053 0.03749999999999999 0 0.053 0.03774999999999999 0 0.05275 0.03799999999999999 0 0.0525 0.03824999999999999 0 0.05225 0.03849999999999999 0 0.052 0.03874999999999999 0 0.05175 0.03899999999999999 0 0.0515 0.03924999999999999 0 0.05125000000000001 0.03950000000000001 0 0.04625000000000001 0.03750000000000001 0 0.04625000000000001 0.03775000000000001 0 0.04650000000000001 0.03800000000000001 0 0.04675000000000001 0.03825000000000001 0 0.04700000000000001 0.03850000000000001 0 0.04725000000000001 0.03875000000000001 0 0.04750000000000001 0.03900000000000001 0 0.04775000000000001 0.03925000000000001 0 0.04799999999999999 0.0395 0 0.08524999999999999 0.005499999999999999 0 0.08524999999999999 0.005749999999999999 0 0.08499999999999999 0.005999999999999999 0 0.08474999999999999 0.006249999999999999 0 0.08449999999999999 0.006499999999999999 0 0.08424999999999999 0.006749999999999999 0 0.08399999999999999 0.006999999999999998 0 0.08374999999999999 0.007249999999999999 0 0.08350000000000002 0.007500000000000001 0 0.05325 0.03749999999999999 0 0.05325 0.03774999999999999 0 0.053 0.03799999999999999 0 0.05275 0.03824999999999999 0 0.0525 0.03849999999999999 0 0.05225 0.03874999999999999 0 0.052 0.03899999999999999 0 0.05175 0.03924999999999999 0 0.05150000000000001 0.03950000000000001 0 0.04600000000000001 0.03750000000000001 0 0.04600000000000001 0.03775000000000001 0 0.04625000000000001 0.03800000000000001 0 0.04650000000000001 0.03825000000000001 0 0.04675000000000001 0.03850000000000001 0 0.04700000000000001 0.03875000000000001 0 0.04725000000000001 0.03900000000000001 0 0.04750000000000001 0.03925000000000001 0 0.04774999999999999 0.0395 0 0.08549999999999999 0.005499999999999999 0 0.08549999999999999 0.005749999999999999 0 0.08524999999999999 0.005999999999999999 0 0.08499999999999999 0.006249999999999999 0 0.08474999999999999 0.006499999999999999 0 0.08449999999999999 0.006749999999999999 0 0.08424999999999999 0.006999999999999998 0 0.08399999999999999 0.007249999999999999 0 0.08375000000000002 0.007500000000000001 0 0.0535 0.03749999999999999 0 0.0535 0.03774999999999999 0 0.05325 0.03799999999999999 0 0.053 0.03824999999999999 0 0.05275 0.03849999999999999 0 0.0525 0.03874999999999999 0 0.05225 0.03899999999999999 0 0.052 0.03924999999999999 0 0.05175000000000001 0.03950000000000001 0 0.04575000000000001 0.03750000000000001 0 0.04575000000000001 0.03775000000000001 0 0.04600000000000001 0.03800000000000001 0 0.04625000000000001 0.03825000000000001 0 0.04650000000000001 0.03850000000000001 0 0.04675000000000001 0.03875000000000001 0 0.04700000000000001 0.03900000000000001 0 0.04725000000000001 0.03925000000000001 0 0.04749999999999999 0.0395 0 0.08574999999999999 0.005499999999999999 0 0.08574999999999999 0.005749999999999999 0 0.08549999999999999 0.005999999999999999 0 0.08524999999999999 0.006249999999999999 0 0.08499999999999999 0.006499999999999999 0 0.08474999999999999 0.006749999999999999 0 0.08449999999999999 0.006999999999999998 0 0.08424999999999999 0.007249999999999999 0 0.08400000000000002 0.007500000000000001 0 0.05375 0.03749999999999999 0 0.05375 0.03774999999999999 0 0.0535 0.03799999999999999 0 0.05325 0.03824999999999999 0 0.053 0.03849999999999999 0 0.05275 0.03874999999999999 0 0.0525 0.03899999999999999 0 0.05225 0.03924999999999999 0 0.05200000000000001 0.03950000000000001 0 0.04550000000000001 0.03750000000000001 0 0.04550000000000001 0.03775000000000001 0 0.04575000000000001 0.03800000000000001 0 0.04600000000000001 0.03825000000000001 0 0.04625000000000001 0.03850000000000001 0 0.04650000000000001 0.03875000000000001 0 0.04675000000000001 0.03900000000000001 0 0.04700000000000001 0.03925000000000001 0 0.04724999999999999 0.0395 0 0.08599999999999999 0.005499999999999999 0 0.08599999999999999 0.005749999999999999 0 0.08574999999999999 0.005999999999999999 0 0.08549999999999999 0.006249999999999999 0 0.08524999999999999 0.006499999999999999 0 0.08499999999999999 0.006749999999999999 0 0.08474999999999999 0.006999999999999998 0 0.08449999999999999 0.007249999999999999 0 0.08425000000000002 0.007500000000000001 0 0.054 0.03749999999999999 0 0.054 0.03774999999999999 0 0.05375 0.03799999999999999 0 0.0535 0.03824999999999999 0 0.05325 0.03849999999999999 0 0.053 0.03874999999999999 0 0.05275 0.03899999999999999 0 0.0525 0.03924999999999999 0 0.05225000000000001 0.03950000000000001 0 0.04525000000000001 0.03750000000000001 0 0.04525000000000001 0.03775000000000001 0 0.04550000000000001 0.03800000000000001 0 0.04575000000000001 0.03825000000000001 0 0.04600000000000001 0.03850000000000001 0 0.04625000000000001 0.03875000000000001 0 0.04650000000000001 0.03900000000000001 0 0.04675000000000001 0.03925000000000001 0 0.04699999999999999 0.0395 0 0.08624999999999999 0.005499999999999999 0 0.08624999999999999 0.005749999999999999 0 0.08599999999999999 0.005999999999999999 0 0.08574999999999999 0.006249999999999999 0 0.08549999999999999 0.006499999999999999 0 0.08524999999999999 0.006749999999999999 0 0.08499999999999999 0.006999999999999998 0 0.08474999999999999 0.007249999999999999 0 0.08450000000000002 0.007500000000000001 0 0.05425 0.03749999999999999 0 0.05425 0.03774999999999999 0 0.054 0.03799999999999999 0 0.05375 0.03824999999999999 0 0.0535 0.03849999999999999 0 0.05325 0.03874999999999999 0 0.053 0.03899999999999999 0 0.05275 0.03924999999999999 0 0.05250000000000001 0.03950000000000001 0 0.04500000000000001 0.03750000000000001 0 0.04500000000000001 0.03775000000000001 0 0.04525000000000001 0.03800000000000001 0 0.04550000000000001 0.03825000000000001 0 0.04575000000000001 0.03850000000000001 0 0.04600000000000001 0.03875000000000001 0 0.04625000000000001 0.03900000000000001 0 0.04650000000000001 0.03925000000000001 0 0.04674999999999999 0.0395 0 0.08649999999999999 0.005499999999999999 0 0.08649999999999999 0.005749999999999999 0 0.08624999999999999 0.005999999999999999 0 0.08599999999999999 0.006249999999999999 0 0.08574999999999999 0.006499999999999999 0 0.08549999999999999 0.006749999999999999 0 0.08524999999999999 0.006999999999999998 0 0.08499999999999999 0.007249999999999999 0 0.08475000000000002 0.007500000000000001 0 0.0545 0.03749999999999999 0 0.0545 0.03774999999999999 0 0.05425 0.03799999999999999 0 0.054 0.03824999999999999 0 0.05375 0.03849999999999999 0 0.0535 0.03874999999999999 0 0.05325 0.03899999999999999 0 0.053 0.03924999999999999 0 0.05275000000000001 0.03950000000000001 0 0.04475000000000001 0.03750000000000001 0 0.04475000000000001 0.03775000000000001 0 0.04500000000000001 0.03800000000000001 0 0.04525000000000001 0.03825000000000001 0 0.04550000000000001 0.03850000000000001 0 0.04575000000000001 0.03875000000000001 0 0.04600000000000001 0.03900000000000001 0 0.04625000000000001 0.03925000000000001 0 0.04649999999999999 0.0395 0 0.08674999999999999 0.005499999999999999 0 0.08674999999999999 0.005749999999999999 0 0.08649999999999999 0.005999999999999999 0 0.08624999999999999 0.006249999999999999 0 0.08599999999999999 0.006499999999999999 0 0.08574999999999999 0.006749999999999999 0 0.08549999999999999 0.006999999999999998 0 0.08524999999999999 0.007249999999999999 0 0.08500000000000002 0.007500000000000001 0 0.05475 0.03749999999999999 0 0.05475 0.03774999999999999 0 0.0545 0.03799999999999999 0 0.05425 0.03824999999999999 0 0.054 0.03849999999999999 0 0.05375 0.03874999999999999 0 0.0535 0.03899999999999999 0 0.05325 0.03924999999999999 0 0.05300000000000001 0.03950000000000001 0 0.0445 0.03750000000000001 0 0.0445 0.03775000000000001 0 0.04475000000000001 0.03800000000000001 0 0.04500000000000001 0.03825000000000001 0 0.04525000000000001 0.03850000000000001 0 0.04550000000000001 0.03875000000000001 0 0.04575000000000001 0.03900000000000001 0 0.04600000000000001 0.03925000000000001 0 0.04624999999999999 0.0395 0 0.08699999999999999 0.005499999999999999 0 0.08699999999999999 0.005749999999999999 0 0.08674999999999999 0.005999999999999999 0 0.08649999999999999 0.006249999999999999 0 0.08624999999999999 0.006499999999999999 0 0.08599999999999999 0.006749999999999999 0 0.08574999999999999 0.006999999999999998 0 0.08549999999999999 0.007249999999999999 0 0.08525000000000002 0.007500000000000001 0 0.055 0.03749999999999999 0 0.055 0.03774999999999999 0 0.05475 0.03799999999999999 0 0.0545 0.03824999999999999 0 0.05425 0.03849999999999999 0 0.054 0.03874999999999999 0 0.05375 0.03899999999999999 0 0.0535 0.03924999999999999 0 0.05325000000000001 0.03950000000000001 0 0.04425000000000001 0.03750000000000001 0 0.04425000000000001 0.03775000000000001 0 0.0445 0.03800000000000001 0 0.04475000000000001 0.03825000000000001 0 0.04500000000000001 0.03850000000000001 0 0.04525000000000001 0.03875000000000001 0 0.04550000000000001 0.03900000000000001 0 0.04575000000000001 0.03925000000000001 0 0.04599999999999999 0.0395 0 0.08724999999999999 0.005499999999999999 0 0.08724999999999999 0.005749999999999999 0 0.08699999999999999 0.005999999999999999 0 0.08674999999999999 0.006249999999999999 0 0.08649999999999999 0.006499999999999999 0 0.08624999999999999 0.006749999999999999 0 0.08599999999999999 0.006999999999999998 0 0.08574999999999999 0.007249999999999999 0 0.08550000000000002 0.007500000000000001 0 0.05525 0.03749999999999999 0 0.05525 0.03774999999999999 0 0.055 0.03799999999999999 0 0.05475 0.03824999999999999 0 0.0545 0.03849999999999999 0 0.05425 0.03874999999999999 0 0.054 0.03899999999999999 0 0.05375 0.03924999999999999 0 0.05350000000000001 0.03950000000000001 0 0.04400000000000001 0.03750000000000001 0 0.04400000000000001 0.03775000000000001 0 0.04425000000000001 0.03800000000000001 0 0.0445 0.03825000000000001 0 0.04475000000000001 0.03850000000000001 0 0.04500000000000001 0.03875000000000001 0 0.04525000000000001 0.03900000000000001 0 0.04550000000000001 0.03925000000000001 0 0.04574999999999999 0.0395 0 0.08749999999999999 0.005499999999999999 0 0.08749999999999999 0.005749999999999999 0 0.08724999999999999 0.005999999999999999 0 0.08699999999999999 0.006249999999999999 0 0.08674999999999999 0.006499999999999999 0 0.08649999999999999 0.006749999999999999 0 0.08624999999999999 0.006999999999999998 0 0.08599999999999999 0.007249999999999999 0 0.08575000000000002 0.007500000000000001 0 0.0555 0.03749999999999999 0 0.0555 0.03774999999999999 0 0.05525 0.03799999999999999 0 0.055 0.03824999999999999 0 0.05475 0.03849999999999999 0 0.0545 0.03874999999999999 0 0.05425 0.03899999999999999 0 0.054 0.03924999999999999 0 0.05375000000000001 0.03950000000000001 0 0.04375000000000001 0.03750000000000001 0 0.04375000000000001 0.03775000000000001 0 0.04400000000000001 0.03800000000000001 0 0.04425000000000001 0.03825000000000001 0 0.0445 0.03850000000000001 0 0.04475000000000001 0.03875000000000001 0 0.04500000000000001 0.03900000000000001 0 0.04525000000000001 0.03925000000000001 0 0.04549999999999999 0.0395 0 0.08774999999999998 0.005499999999999999 0 0.08774999999999998 0.005749999999999999 0 0.08749999999999999 0.005999999999999999 0 0.08724999999999999 0.006249999999999999 0 0.08699999999999999 0.006499999999999999 0 0.08674999999999999 0.006749999999999999 0 0.08649999999999999 0.006999999999999998 0 0.08624999999999999 0.007249999999999999 0 0.08600000000000002 0.007500000000000001 0 0.05575 0.03749999999999999 0 0.05575 0.03774999999999999 0 0.0555 0.03799999999999999 0 0.05525 0.03824999999999999 0 0.055 0.03849999999999999 0 0.05475 0.03874999999999999 0 0.0545 0.03899999999999999 0 0.05425 0.03924999999999999 0 0.05400000000000001 0.03950000000000001 0 0.04350000000000001 0.03750000000000001 0 0.04350000000000001 0.03775000000000001 0 0.04375000000000001 0.03800000000000001 0 0.04400000000000001 0.03825000000000001 0 0.04425000000000001 0.03850000000000001 0 0.0445 0.03875000000000001 0 0.04475000000000001 0.03900000000000001 0 0.04500000000000001 0.03925000000000001 0 0.04524999999999999 0.0395 0 0.08799999999999998 0.005499999999999999 0 0.08799999999999998 0.005749999999999999 0 0.08774999999999998 0.005999999999999999 0 0.08749999999999999 0.006249999999999999 0 0.08724999999999999 0.006499999999999999 0 0.08699999999999999 0.006749999999999999 0 0.08674999999999999 0.006999999999999998 0 0.08649999999999999 0.007249999999999999 0 0.08625000000000002 0.007500000000000001 0 0.056 0.03749999999999999 0 0.056 0.03774999999999999 0 0.05575 0.03799999999999999 0 0.0555 0.03824999999999999 0 0.05525 0.03849999999999999 0 0.055 0.03874999999999999 0 0.05475 0.03899999999999999 0 0.0545 0.03924999999999999 0 0.05425000000000001 0.03950000000000001 0 0.04325000000000001 0.03750000000000001 0 0.04325000000000001 0.03775000000000001 0 0.04350000000000001 0.03800000000000001 0 0.04375000000000001 0.03825000000000001 0 0.04400000000000001 0.03850000000000001 0 0.04425000000000001 0.03875000000000001 0 0.0445 0.03900000000000001 0 0.04475000000000001 0.03925000000000001 0 0.04499999999999999 0.0395 0 0.08824999999999998 0.005499999999999999 0 0.08824999999999998 0.005749999999999999 0 0.08799999999999998 0.005999999999999999 0 0.08774999999999998 0.006249999999999999 0 0.08749999999999999 0.006499999999999999 0 0.08724999999999999 0.006749999999999999 0 0.08699999999999999 0.006999999999999998 0 0.08674999999999999 0.007249999999999999 0 0.08650000000000002 0.007500000000000001 0 0.05624999999999999 0.03749999999999999 0 0.05624999999999999 0.03774999999999999 0 0.056 0.03799999999999999 0 0.05575 0.03824999999999999 0 0.0555 0.03849999999999999 0 0.05525 0.03874999999999999 0 0.055 0.03899999999999999 0 0.05475 0.03924999999999999 0 0.05450000000000001 0.03950000000000001 0 0.04300000000000001 0.03750000000000001 0 0.04300000000000001 0.03775000000000001 0 0.04325000000000001 0.03800000000000001 0 0.04350000000000001 0.03825000000000001 0 0.04375000000000001 0.03850000000000001 0 0.04400000000000001 0.03875000000000001 0 0.04425000000000001 0.03900000000000001 0 0.0445 0.03925000000000001 0 0.04474999999999999 0.0395 0 0.08849999999999998 0.005499999999999999 0 0.08849999999999998 0.005749999999999999 0 0.08824999999999998 0.005999999999999999 0 0.08799999999999998 0.006249999999999999 0 0.08774999999999998 0.006499999999999999 0 0.08749999999999999 0.006749999999999999 0 0.08724999999999999 0.006999999999999998 0 0.08699999999999999 0.007249999999999999 0 0.08675000000000002 0.007500000000000001 0 0.05649999999999999 0.03749999999999999 0 0.05649999999999999 0.03774999999999999 0 0.05624999999999999 0.03799999999999999 0 0.056 0.03824999999999999 0 0.05575 0.03849999999999999 0 0.0555 0.03874999999999999 0 0.05525 0.03899999999999999 0 0.055 0.03924999999999999 0 0.05475000000000001 0.03950000000000001 0 0.04275000000000001 0.03750000000000001 0 0.04275000000000001 0.03775000000000001 0 0.04300000000000001 0.03800000000000001 0 0.04325000000000001 0.03825000000000001 0 0.04350000000000001 0.03850000000000001 0 0.04375000000000001 0.03875000000000001 0 0.04400000000000001 0.03900000000000001 0 0.04425000000000001 0.03925000000000001 0 0.04449999999999999 0.0395 0 0.08874999999999998 0.005499999999999999 0 0.08874999999999998 0.005749999999999999 0 0.08849999999999998 0.005999999999999999 0 0.08824999999999998 0.006249999999999999 0 0.08799999999999998 0.006499999999999999 0 0.08774999999999998 0.006749999999999999 0 0.08749999999999999 0.006999999999999998 0 0.08724999999999999 0.007249999999999999 0 0.08700000000000002 0.007500000000000001 0 0.05674999999999999 0.03749999999999999 0 0.05674999999999999 0.03774999999999999 0 0.05649999999999999 0.03799999999999999 0 0.05624999999999999 0.03824999999999999 0 0.056 0.03849999999999999 0 0.05575 0.03874999999999999 0 0.0555 0.03899999999999999 0 0.05525 0.03924999999999999 0 0.05500000000000001 0.03950000000000001 0 0.04250000000000001 0.03750000000000001 0 0.04250000000000001 0.03775000000000001 0 0.04275000000000001 0.03800000000000001 0 0.04300000000000001 0.03825000000000001 0 0.04325000000000001 0.03850000000000001 0 0.04350000000000001 0.03875000000000001 0 0.04375000000000001 0.03900000000000001 0 0.04400000000000001 0.03925000000000001 0 0.04425 0.0395 0 0.08899999999999998 0.005499999999999999 0 0.08899999999999998 0.005749999999999999 0 0.08874999999999998 0.005999999999999999 0 0.08849999999999998 0.006249999999999999 0 0.08824999999999998 0.006499999999999999 0 0.08799999999999998 0.006749999999999999 0 0.08774999999999998 0.006999999999999998 0 0.08749999999999999 0.007249999999999999 0 0.08725000000000002 0.007500000000000001 0 0.057 0.03749999999999999 0 0.057 0.03774999999999999 0 0.05674999999999999 0.03799999999999999 0 0.05649999999999999 0.03824999999999999 0 0.05624999999999999 0.03849999999999999 0 0.056 0.03874999999999999 0 0.05575 0.03899999999999999 0 0.0555 0.03924999999999999 0 0.05525000000000001 0.03950000000000001 0 0.04225000000000001 0.03750000000000001 0 0.04225000000000001 0.03775000000000001 0 0.04250000000000001 0.03800000000000001 0 0.04275000000000001 0.03825000000000001 0 0.04300000000000001 0.03850000000000001 0 0.04325000000000001 0.03875000000000001 0 0.04350000000000001 0.03900000000000001 0 0.04375000000000001 0.03925000000000001 0 0.044 0.0395 0 0.08924999999999998 0.005499999999999999 0 0.08924999999999998 0.005749999999999999 0 0.08899999999999998 0.005999999999999999 0 0.08874999999999998 0.006249999999999999 0 0.08849999999999998 0.006499999999999999 0 0.08824999999999998 0.006749999999999999 0 0.08799999999999998 0.006999999999999998 0 0.08774999999999998 0.007249999999999999 0 0.08750000000000002 0.007500000000000001 0 0.05725 0.03749999999999999 0 0.05725 0.03774999999999999 0 0.057 0.03799999999999999 0 0.05674999999999999 0.03824999999999999 0 0.05649999999999999 0.03849999999999999 0 0.05624999999999999 0.03874999999999999 0 0.056 0.03899999999999999 0 0.05575 0.03924999999999999 0 0.05550000000000001 0.03950000000000001 0 0.04200000000000001 0.03750000000000001 0 0.04200000000000001 0.03775000000000001 0 0.04225000000000001 0.03800000000000001 0 0.04250000000000001 0.03825000000000001 0 0.04275000000000001 0.03850000000000001 0 0.04300000000000001 0.03875000000000001 0 0.04325000000000001 0.03900000000000001 0 0.04350000000000001 0.03925000000000001 0 0.04375 0.0395 0 0.08949999999999998 0.005499999999999999 0 0.08949999999999998 0.005749999999999999 0 0.08924999999999998 0.005999999999999999 0 0.08899999999999998 0.006249999999999999 0 0.08874999999999998 0.006499999999999999 0 0.08849999999999998 0.006749999999999999 0 0.08824999999999998 0.006999999999999998 0 0.08799999999999998 0.007249999999999999 0 0.08775000000000001 0.007500000000000001 0 0.0575 0.03749999999999999 0 0.0575 0.03774999999999999 0 0.05725 0.03799999999999999 0 0.057 0.03824999999999999 0 0.05674999999999999 0.03849999999999999 0 0.05649999999999999 0.03874999999999999 0 0.05624999999999999 0.03899999999999999 0 0.056 0.03924999999999999 0 0.05575000000000001 0.03950000000000001 0 0.04175000000000001 0.03750000000000001 0 0.04175000000000001 0.03775000000000001 0 0.04200000000000001 0.03800000000000001 0 0.04225000000000001 0.03825000000000001 0 0.04250000000000001 0.03850000000000001 0 0.04275000000000001 0.03875000000000001 0 0.04300000000000001 0.03900000000000001 0 0.04325000000000001 0.03925000000000001 0 0.0435 0.0395 0 0.08974999999999998 0.005499999999999999 0 0.08974999999999998 0.005749999999999999 0 0.08949999999999998 0.005999999999999999 0 0.08924999999999998 0.006249999999999999 0 0.08899999999999998 0.006499999999999999 0 0.08874999999999998 0.006749999999999999 0 0.08849999999999998 0.006999999999999998 0 0.08824999999999998 0.007249999999999999 0 0.08800000000000001 0.007500000000000001 0 0.05775 0.03749999999999999 0 0.05775 0.03774999999999999 0 0.0575 0.03799999999999999 0 0.05725 0.03824999999999999 0 0.057 0.03849999999999999 0 0.05674999999999999 0.03874999999999999 0 0.05649999999999999 0.03899999999999999 0 0.05624999999999999 0.03924999999999999 0 0.05600000000000002 0.03950000000000001 0 0.04150000000000001 0.03750000000000001 0 0.04150000000000001 0.03775000000000001 0 0.04175000000000001 0.03800000000000001 0 0.04200000000000001 0.03825000000000001 0 0.04225000000000001 0.03850000000000001 0 0.04250000000000001 0.03875000000000001 0 0.04275000000000001 0.03900000000000001 0 0.04300000000000001 0.03925000000000001 0 0.04325 0.0395 0 0.08999999999999998 0.005499999999999999 0 0.08999999999999998 0.005749999999999999 0 0.08974999999999998 0.005999999999999999 0 0.08949999999999998 0.006249999999999999 0 0.08924999999999998 0.006499999999999999 0 0.08899999999999998 0.006749999999999999 0 0.08874999999999998 0.006999999999999998 0 0.08849999999999998 0.007249999999999999 0 0.08825000000000001 0.007500000000000001 0 0.058 0.03749999999999999 0 0.058 0.03774999999999999 0 0.05775 0.03799999999999999 0 0.0575 0.03824999999999999 0 0.05725 0.03849999999999999 0 0.057 0.03874999999999999 0 0.05674999999999999 0.03899999999999999 0 0.05649999999999999 0.03924999999999999 0 0.05625000000000001 0.03950000000000001 0 0.04125000000000001 0.03750000000000001 0 0.04125000000000001 0.03775000000000001 0 0.04150000000000001 0.03800000000000001 0 0.04175000000000001 0.03825000000000001 0 0.04200000000000001 0.03850000000000001 0 0.04225000000000001 0.03875000000000001 0 0.04250000000000001 0.03900000000000001 0 0.04275000000000001 0.03925000000000001 0 0.043 0.0395 0 0.09024999999999998 0.005499999999999999 0 0.09024999999999998 0.005749999999999999 0 0.08999999999999998 0.005999999999999999 0 0.08974999999999998 0.006249999999999999 0 0.08949999999999998 0.006499999999999999 0 0.08924999999999998 0.006749999999999999 0 0.08899999999999998 0.006999999999999998 0 0.08874999999999998 0.007249999999999999 0 0.08850000000000001 0.007500000000000001 0 0.05825 0.03749999999999999 0 0.05825 0.03774999999999999 0 0.058 0.03799999999999999 0 0.05775 0.03824999999999999 0 0.0575 0.03849999999999999 0 0.05725 0.03874999999999999 0 0.057 0.03899999999999999 0 0.05674999999999999 0.03924999999999999 0 0.05650000000000001 0.03950000000000001 0 0.04100000000000001 0.03750000000000001 0 0.04100000000000001 0.03775000000000001 0 0.04125000000000001 0.03800000000000001 0 0.04150000000000001 0.03825000000000001 0 0.04175000000000001 0.03850000000000001 0 0.04200000000000001 0.03875000000000001 0 0.04225000000000001 0.03900000000000001 0 0.04250000000000001 0.03925000000000001 0 0.04275 0.0395 0 0.09049999999999998 0.005499999999999999 0 0.09049999999999998 0.005749999999999999 0 0.09024999999999998 0.005999999999999999 0 0.08999999999999998 0.006249999999999999 0 0.08974999999999998 0.006499999999999999 0 0.08949999999999998 0.006749999999999999 0 0.08924999999999998 0.006999999999999998 0 0.08899999999999998 0.007249999999999999 0 0.08875000000000001 0.007500000000000001 0 0.0585 0.03749999999999999 0 0.0585 0.03774999999999999 0 0.05825 0.03799999999999999 0 0.058 0.03824999999999999 0 0.05775 0.03849999999999999 0 0.0575 0.03874999999999999 0 0.05725 0.03899999999999999 0 0.057 0.03924999999999999 0 0.05675000000000001 0.03950000000000001 0 0.04075000000000001 0.03750000000000001 0 0.04075000000000001 0.03775000000000001 0 0.04100000000000001 0.03800000000000001 0 0.04125000000000001 0.03825000000000001 0 0.04150000000000001 0.03850000000000001 0 0.04175000000000001 0.03875000000000001 0 0.04200000000000001 0.03900000000000001 0 0.04225000000000001 0.03925000000000001 0 0.0425 0.0395 0 0.09074999999999998 0.005499999999999999 0 0.09074999999999998 0.005749999999999999 0 0.09049999999999998 0.005999999999999999 0 0.09024999999999998 0.006249999999999999 0 0.08999999999999998 0.006499999999999999 0 0.08974999999999998 0.006749999999999999 0 0.08949999999999998 0.006999999999999998 0 0.08924999999999998 0.007249999999999999 0 0.08900000000000001 0.007500000000000001 0 0.05875 0.03749999999999999 0 0.05875 0.03774999999999999 0 0.0585 0.03799999999999999 0 0.05825 0.03824999999999999 0 0.058 0.03849999999999999 0 0.05775 0.03874999999999999 0 0.0575 0.03899999999999999 0 0.05725 0.03924999999999999 0 0.05700000000000001 0.03950000000000001 0 0.04050000000000001 0.03750000000000001 0 0.04050000000000001 0.03775000000000001 0 0.04075000000000001 0.03800000000000001 0 0.04100000000000001 0.03825000000000001 0 0.04125000000000001 0.03850000000000001 0 0.04150000000000001 0.03875000000000001 0 0.04175000000000001 0.03900000000000001 0 0.04200000000000001 0.03925000000000001 0 0.04225 0.0395 0 0.09099999999999998 0.005499999999999999 0 0.09099999999999998 0.005749999999999999 0 0.09074999999999998 0.005999999999999999 0 0.09049999999999998 0.006249999999999999 0 0.09024999999999998 0.006499999999999999 0 0.08999999999999998 0.006749999999999999 0 0.08974999999999998 0.006999999999999998 0 0.08949999999999998 0.007249999999999999 0 0.08925000000000001 0.007500000000000001 0 0.059 0.03749999999999999 0 0.059 0.03774999999999999 0 0.05875 0.03799999999999999 0 0.0585 0.03824999999999999 0 0.05825 0.03849999999999999 0 0.058 0.03874999999999999 0 0.05775 0.03899999999999999 0 0.0575 0.03924999999999999 0 0.05725000000000001 0.03950000000000001 0 0.04025000000000001 0.03750000000000001 0 0.04025000000000001 0.03775000000000001 0 0.04050000000000001 0.03800000000000001 0 0.04075000000000001 0.03825000000000001 0 0.04100000000000001 0.03850000000000001 0 0.04125000000000001 0.03875000000000001 0 0.04150000000000001 0.03900000000000001 0 0.04175000000000001 0.03925000000000001 0 0.042 0.0395 0 0.09124999999999998 0.005499999999999999 0 0.09124999999999998 0.005749999999999999 0 0.09099999999999998 0.005999999999999999 0 0.09074999999999998 0.006249999999999999 0 0.09049999999999998 0.006499999999999999 0 0.09024999999999998 0.006749999999999999 0 0.08999999999999998 0.006999999999999998 0 0.08974999999999998 0.007249999999999999 0 0.08950000000000001 0.007500000000000001 0 0.05925 0.03749999999999999 0 0.05925 0.03774999999999999 0 0.059 0.03799999999999999 0 0.05875 0.03824999999999999 0 0.0585 0.03849999999999999 0 0.05825 0.03874999999999999 0 0.058 0.03899999999999999 0 0.05775 0.03924999999999999 0 0.05750000000000001 0.03950000000000001 0 0.04000000000000001 0.03750000000000001 0 0.04000000000000001 0.03775000000000001 0 0.04025000000000001 0.03800000000000001 0 0.04050000000000001 0.03825000000000001 0 0.04075000000000001 0.03850000000000001 0 0.04100000000000001 0.03875000000000001 0 0.04125000000000001 0.03900000000000001 0 0.04150000000000001 0.03925000000000001 0 0.04175 0.0395 0 0.09149999999999998 0.005499999999999999 0 0.09149999999999998 0.005749999999999999 0 0.09124999999999998 0.005999999999999999 0 0.09099999999999998 0.006249999999999999 0 0.09074999999999998 0.006499999999999999 0 0.09049999999999998 0.006749999999999999 0 0.09024999999999998 0.006999999999999998 0 0.08999999999999998 0.007249999999999999 0 0.08975000000000001 0.007500000000000001 0 0.0595 0.03749999999999999 0 0.0595 0.03774999999999999 0 0.05925 0.03799999999999999 0 0.059 0.03824999999999999 0 0.05875 0.03849999999999999 0 0.0585 0.03874999999999999 0 0.05825 0.03899999999999999 0 0.058 0.03924999999999999 0 0.05775000000000001 0.03950000000000001 0 0.03975000000000001 0.03750000000000001 0 0.03975000000000001 0.03775000000000001 0 0.04000000000000001 0.03800000000000001 0 0.04025000000000001 0.03825000000000001 0 0.04050000000000001 0.03850000000000001 0 0.04075000000000001 0.03875000000000001 0 0.04100000000000001 0.03900000000000001 0 0.04125000000000001 0.03925000000000001 0 0.0415 0.0395 0 0.09174999999999998 0.005499999999999999 0 0.09174999999999998 0.005749999999999999 0 0.09149999999999998 0.005999999999999999 0 0.09124999999999998 0.006249999999999999 0 0.09099999999999998 0.006499999999999999 0 0.09074999999999998 0.006749999999999999 0 0.09049999999999998 0.006999999999999998 0 0.09024999999999998 0.007249999999999999 0 0.09000000000000001 0.007500000000000001 0 0.05975 0.03749999999999999 0 0.05975 0.03774999999999999 0 0.0595 0.03799999999999999 0 0.05925 0.03824999999999999 0 0.059 0.03849999999999999 0 0.05875 0.03874999999999999 0 0.0585 0.03899999999999999 0 0.05825 0.03924999999999999 0 0.05800000000000001 0.03950000000000001 0 0.03950000000000001 0.03750000000000001 0 0.03950000000000001 0.03775000000000001 0 0.03975000000000001 0.03800000000000001 0 0.04000000000000001 0.03825000000000001 0 0.04025000000000001 0.03850000000000001 0 0.04050000000000001 0.03875000000000001 0 0.04075000000000001 0.03900000000000001 0 0.04100000000000001 0.03925000000000001 0 0.04125 0.0395 0 0.09199999999999998 0.005499999999999999 0 0.09199999999999998 0.005749999999999999 0 0.09174999999999998 0.005999999999999999 0 0.09149999999999998 0.006249999999999999 0 0.09124999999999998 0.006499999999999999 0 0.09099999999999998 0.006749999999999999 0 0.09074999999999998 0.006999999999999998 0 0.09049999999999998 0.007249999999999999 0 0.09025000000000001 0.007500000000000001 0 0.06 0.03749999999999999 0 0.06 0.03774999999999999 0 0.05975 0.03799999999999999 0 0.0595 0.03824999999999999 0 0.05925 0.03849999999999999 0 0.059 0.03874999999999999 0 0.05875 0.03899999999999999 0 0.0585 0.03924999999999999 0 0.05825000000000001 0.03950000000000001 0 0.03925000000000001 0.03750000000000001 0 0.03925000000000001 0.03775000000000001 0 0.03950000000000001 0.03800000000000001 0 0.03975000000000001 0.03825000000000001 0 0.04000000000000001 0.03850000000000001 0 0.04025000000000001 0.03875000000000001 0 0.04050000000000001 0.03900000000000001 0 0.04075000000000001 0.03925000000000001 0 0.041 0.0395 0 0.09224999999999998 0.005499999999999999 0 0.09224999999999998 0.005749999999999999 0 0.09199999999999998 0.005999999999999999 0 0.09174999999999998 0.006249999999999999 0 0.09149999999999998 0.006499999999999999 0 0.09124999999999998 0.006749999999999999 0 0.09099999999999998 0.006999999999999998 0 0.09074999999999998 0.007249999999999999 0 0.09050000000000001 0.007500000000000001 0 0.06025 0.03749999999999999 0 0.06025 0.03774999999999999 0 0.06 0.03799999999999999 0 0.05975 0.03824999999999999 0 0.0595 0.03849999999999999 0 0.05925 0.03874999999999999 0 0.059 0.03899999999999999 0 0.05875 0.03924999999999999 0 0.05850000000000001 0.03950000000000001 0 0.03900000000000001 0.03750000000000001 0 0.03900000000000001 0.03775000000000001 0 0.03925000000000001 0.03800000000000001 0 0.03950000000000001 0.03825000000000001 0 0.03975000000000001 0.03850000000000001 0 0.04000000000000001 0.03875000000000001 0 0.04025000000000001 0.03900000000000001 0 0.04050000000000001 0.03925000000000001 0 0.04075 0.0395 0 0.09249999999999999 0.005499999999999999 0 0.09249999999999999 0.005749999999999999 0 0.09224999999999998 0.005999999999999999 0 0.09199999999999998 0.006249999999999999 0 0.09174999999999998 0.006499999999999999 0 0.09149999999999998 0.006749999999999999 0 0.09124999999999998 0.006999999999999998 0 0.09099999999999998 0.007249999999999999 0 0.09075000000000001 0.007500000000000001 0 0.0605 0.03749999999999999 0 0.0605 0.03774999999999999 0 0.06025 0.03799999999999999 0 0.06 0.03824999999999999 0 0.05975 0.03849999999999999 0 0.0595 0.03874999999999999 0 0.05925 0.03899999999999999 0 0.059 0.03924999999999999 0 0.05875000000000001 0.03950000000000001 0 0.03875000000000001 0.03750000000000001 0 0.03875000000000001 0.03775000000000001 0 0.03900000000000001 0.03800000000000001 0 0.03925000000000001 0.03825000000000001 0 0.03950000000000001 0.03850000000000001 0 0.03975000000000001 0.03875000000000001 0 0.04000000000000001 0.03900000000000001 0 0.04025000000000001 0.03925000000000001 0 0.0405 0.0395 0 0.09274999999999999 0.005499999999999999 0 0.09274999999999999 0.005749999999999999 0 0.09249999999999999 0.005999999999999999 0 0.09224999999999998 0.006249999999999999 0 0.09199999999999998 0.006499999999999999 0 0.09174999999999998 0.006749999999999999 0 0.09149999999999998 0.006999999999999998 0 0.09124999999999998 0.007249999999999999 0 0.09100000000000001 0.007500000000000001 0 0.06075 0.03749999999999999 0 0.06075 0.03774999999999999 0 0.0605 0.03799999999999999 0 0.06025 0.03824999999999999 0 0.06 0.03849999999999999 0 0.05975 0.03874999999999999 0 0.0595 0.03899999999999999 0 0.05925 0.03924999999999999 0 0.05900000000000001 0.03950000000000001 0 0.03850000000000001 0.03750000000000001 0 0.03850000000000001 0.03775000000000001 0 0.03875000000000001 0.03800000000000001 0 0.03900000000000001 0.03825000000000001 0 0.03925000000000001 0.03850000000000001 0 0.03950000000000001 0.03875000000000001 0 0.03975000000000001 0.03900000000000001 0 0.04000000000000001 0.03925000000000001 0 0.04025 0.0395 0 0.09299999999999999 0.005499999999999999 0 0.09299999999999999 0.005749999999999999 0 0.09274999999999999 0.005999999999999999 0 0.09249999999999999 0.006249999999999999 0 0.09224999999999998 0.006499999999999999 0 0.09199999999999998 0.006749999999999999 0 0.09174999999999998 0.006999999999999998 0 0.09149999999999998 0.007249999999999999 0 0.09125000000000001 0.007500000000000001 0 0.061 0.03749999999999999 0 0.061 0.03774999999999999 0 0.06075 0.03799999999999999 0 0.0605 0.03824999999999999 0 0.06025 0.03849999999999999 0 0.06 0.03874999999999999 0 0.05975 0.03899999999999999 0 0.0595 0.03924999999999999 0 0.05925000000000001 0.03950000000000001 0 0.03825000000000001 0.03750000000000001 0 0.03825000000000001 0.03775000000000001 0 0.03850000000000001 0.03800000000000001 0 0.03875000000000001 0.03825000000000001 0 0.03900000000000001 0.03850000000000001 0 0.03925000000000001 0.03875000000000001 0 0.03950000000000001 0.03900000000000001 0 0.03975000000000001 0.03925000000000001 0 0.04 0.0395 0 0.09324999999999999 0.005499999999999999 0 0.09324999999999999 0.005749999999999999 0 0.09299999999999999 0.005999999999999999 0 0.09274999999999999 0.006249999999999999 0 0.09249999999999999 0.006499999999999999 0 0.09224999999999998 0.006749999999999999 0 0.09199999999999998 0.006999999999999998 0 0.09174999999999998 0.007249999999999999 0 0.09150000000000001 0.007500000000000001 0 0.06125 0.03749999999999999 0 0.06125 0.03774999999999999 0 0.061 0.03799999999999999 0 0.06075 0.03824999999999999 0 0.0605 0.03849999999999999 0 0.06025 0.03874999999999999 0 0.06 0.03899999999999999 0 0.05975 0.03924999999999999 0 0.05950000000000001 0.03950000000000001 0 0.03800000000000001 0.03750000000000001 0 0.03800000000000001 0.03775000000000001 0 0.03825000000000001 0.03800000000000001 0 0.03850000000000001 0.03825000000000001 0 0.03875000000000001 0.03850000000000001 0 0.03900000000000001 0.03875000000000001 0 0.03925000000000001 0.03900000000000001 0 0.03950000000000001 0.03925000000000001 0 0.03975 0.0395 0 0.09349999999999999 0.005499999999999999 0 0.09349999999999999 0.005749999999999999 0 0.09324999999999999 0.005999999999999999 0 0.09299999999999999 0.006249999999999999 0 0.09274999999999999 0.006499999999999999 0 0.09249999999999999 0.006749999999999999 0 0.09224999999999998 0.006999999999999998 0 0.09199999999999998 0.007249999999999999 0 0.09175000000000001 0.007500000000000001 0 0.0615 0.03749999999999999 0 0.0615 0.03774999999999999 0 0.06125 0.03799999999999999 0 0.061 0.03824999999999999 0 0.06075 0.03849999999999999 0 0.0605 0.03874999999999999 0 0.06025 0.03899999999999999 0 0.06 0.03924999999999999 0 0.05975000000000001 0.03950000000000001 0 0.03775000000000001 0.03750000000000001 0 0.03775000000000001 0.03775000000000001 0 0.03800000000000001 0.03800000000000001 0 0.03825000000000001 0.03825000000000001 0 0.03850000000000001 0.03850000000000001 0 0.03875000000000001 0.03875000000000001 0 0.03900000000000001 0.03900000000000001 0 0.03925000000000001 0.03925000000000001 0 0.0395 0.0395 0 0.09374999999999999 0.005499999999999999 0 0.09374999999999999 0.005749999999999999 0 0.09349999999999999 0.005999999999999999 0 0.09324999999999999 0.006249999999999999 0 0.09299999999999999 0.006499999999999999 0 0.09274999999999999 0.006749999999999999 0 0.09249999999999999 0.006999999999999998 0 0.09224999999999998 0.007249999999999999 0 0.09200000000000001 0.007500000000000001 0 0.06175 0.03749999999999999 0 0.06175 0.03774999999999999 0 0.0615 0.03799999999999999 0 0.06125 0.03824999999999999 0 0.061 0.03849999999999999 0 0.06075 0.03874999999999999 0 0.0605 0.03899999999999999 0 0.06025 0.03924999999999999 0 0.06000000000000001 0.03950000000000001 0 0.03750000000000001 0.03750000000000001 0 0.03750000000000001 0.03775000000000001 0 0.03775000000000001 0.03800000000000001 0 0.03800000000000001 0.03825000000000001 0 0.03825000000000001 0.03850000000000001 0 0.03850000000000001 0.03875000000000001 0 0.03875000000000001 0.03900000000000001 0 0.03900000000000001 0.03925000000000001 0 0.03925 0.0395 0 0.09399999999999999 0.005499999999999999 0 0.09399999999999999 0.005749999999999999 0 0.09374999999999999 0.005999999999999999 0 0.09349999999999999 0.006249999999999999 0 0.09324999999999999 0.006499999999999999 0 0.09299999999999999 0.006749999999999999 0 0.09274999999999999 0.006999999999999998 0 0.09249999999999999 0.007249999999999999 0 0.09225000000000001 0.007500000000000001 0 0.062 0.03749999999999999 0 0.062 0.03774999999999999 0 0.06175 0.03799999999999999 0 0.0615 0.03824999999999999 0 0.06125 0.03849999999999999 0 0.061 0.03874999999999999 0 0.06075 0.03899999999999999 0 0.0605 0.03924999999999999 0 0.06025000000000001 0.03950000000000001 0 0.03725000000000001 0.03750000000000001 0 0.03725000000000001 0.03775000000000001 0 0.03750000000000001 0.03800000000000001 0 0.03775000000000001 0.03825000000000001 0 0.03800000000000001 0.03850000000000001 0 0.03825000000000001 0.03875000000000001 0 0.03850000000000001 0.03900000000000001 0 0.03875000000000001 0.03925000000000001 0 0.039 0.0395 0 0.09424999999999999 0.005499999999999999 0 0.09424999999999999 0.005749999999999999 0 0.09399999999999999 0.005999999999999999 0 0.09374999999999999 0.006249999999999999 0 0.09349999999999999 0.006499999999999999 0 0.09324999999999999 0.006749999999999999 0 0.09299999999999999 0.006999999999999998 0 0.09274999999999999 0.007249999999999999 0 0.09250000000000001 0.007500000000000001 0 0.06225 0.03749999999999999 0 0.06225 0.03774999999999999 0 0.062 0.03799999999999999 0 0.06175 0.03824999999999999 0 0.0615 0.03849999999999999 0 0.06125 0.03874999999999999 0 0.061 0.03899999999999999 0 0.06075 0.03924999999999999 0 0.06050000000000001 0.03950000000000001 0 0.03700000000000001 0.03750000000000001 0 0.03700000000000001 0.03775000000000001 0 0.03725000000000001 0.03800000000000001 0 0.03750000000000001 0.03825000000000001 0 0.03775000000000001 0.03850000000000001 0 0.03800000000000001 0.03875000000000001 0 0.03825000000000001 0.03900000000000001 0 0.03850000000000001 0.03925000000000001 0 0.03875 0.0395 0 0.09449999999999999 0.005499999999999999 0 0.09449999999999999 0.005749999999999999 0 0.09424999999999999 0.005999999999999999 0 0.09399999999999999 0.006249999999999999 0 0.09374999999999999 0.006499999999999999 0 0.09349999999999999 0.006749999999999999 0 0.09324999999999999 0.006999999999999998 0 0.09299999999999999 0.007249999999999999 0 0.09275000000000001 0.007500000000000001 0 0.0625 0.03749999999999999 0 0.0625 0.03774999999999999 0 0.06225 0.03799999999999999 0 0.062 0.03824999999999999 0 0.06175 0.03849999999999999 0 0.0615 0.03874999999999999 0 0.06125 0.03899999999999999 0 0.061 0.03924999999999999 0 0.06075000000000001 0.03950000000000001 0 0.03675 0.03750000000000001 0 0.03675 0.03775000000000001 0 0.03700000000000001 0.03800000000000001 0 0.03725000000000001 0.03825000000000001 0 0.03750000000000001 0.03850000000000001 0 0.03775000000000001 0.03875000000000001 0 0.03800000000000001 0.03900000000000001 0 0.03825000000000001 0.03925000000000001 0 0.0385 0.0395 0 0.09474999999999999 0.005499999999999999 0 0.09474999999999999 0.005749999999999999 0 0.09449999999999999 0.005999999999999999 0 0.09424999999999999 0.006249999999999999 0 0.09399999999999999 0.006499999999999999 0 0.09374999999999999 0.006749999999999999 0 0.09349999999999999 0.006999999999999998 0 0.09324999999999999 0.007249999999999999 0 0.09300000000000001 0.007500000000000001 0 0.06274999999999999 0.03749999999999999 0 0.06274999999999999 0.03774999999999999 0 0.0625 0.03799999999999999 0 0.06225 0.03824999999999999 0 0.062 0.03849999999999999 0 0.06175 0.03874999999999999 0 0.0615 0.03899999999999999 0 0.06125 0.03924999999999999 0 0.06100000000000001 0.03950000000000001 0 0.03650000000000001 0.03750000000000001 0 0.03650000000000001 0.03775000000000001 0 0.03675 0.03800000000000001 0 0.03700000000000001 0.03825000000000001 0 0.03725000000000001 0.03850000000000001 0 0.03750000000000001 0.03875000000000001 0 0.03775000000000001 0.03900000000000001 0 0.03800000000000001 0.03925000000000001 0 0.03825 0.0395 0 0.09499999999999999 0.005499999999999999 0 0.09499999999999999 0.005749999999999999 0 0.09474999999999999 0.005999999999999999 0 0.09449999999999999 0.006249999999999999 0 0.09424999999999999 0.006499999999999999 0 0.09399999999999999 0.006749999999999999 0 0.09374999999999999 0.006999999999999998 0 0.09349999999999999 0.007249999999999999 0 0.09325000000000001 0.007500000000000001 0 0.06299999999999999 0.03749999999999999 0 0.06299999999999999 0.03774999999999999 0 0.06274999999999999 0.03799999999999999 0 0.0625 0.03824999999999999 0 0.06225 0.03849999999999999 0 0.062 0.03874999999999999 0 0.06175 0.03899999999999999 0 0.0615 0.03924999999999999 0 0.06125000000000001 0.03950000000000001 0 0.03625000000000001 0.03750000000000001 0 0.03625000000000001 0.03775000000000001 0 0.03650000000000001 0.03800000000000001 0 0.03675 0.03825000000000001 0 0.03700000000000001 0.03850000000000001 0 0.03725000000000001 0.03875000000000001 0 0.03750000000000001 0.03900000000000001 0 0.03775000000000001 0.03925000000000001 0 0.038 0.0395 0 0.09524999999999999 0.005499999999999999 0 0.09524999999999999 0.005749999999999999 0 0.09499999999999999 0.005999999999999999 0 0.09474999999999999 0.006249999999999999 0 0.09449999999999999 0.006499999999999999 0 0.09424999999999999 0.006749999999999999 0 0.09399999999999999 0.006999999999999998 0 0.09374999999999999 0.007249999999999999 0 0.09350000000000001 0.007500000000000001 0 0.06324999999999999 0.03749999999999999 0 0.06324999999999999 0.03774999999999999 0 0.06299999999999999 0.03799999999999999 0 0.06274999999999999 0.03824999999999999 0 0.0625 0.03849999999999999 0 0.06225 0.03874999999999999 0 0.062 0.03899999999999999 0 0.06175 0.03924999999999999 0 0.06150000000000001 0.03950000000000001 0 0.03600000000000001 0.03750000000000001 0 0.03600000000000001 0.03775000000000001 0 0.03625000000000001 0.03800000000000001 0 0.03650000000000001 0.03825000000000001 0 0.03675 0.03850000000000001 0 0.03700000000000001 0.03875000000000001 0 0.03725000000000001 0.03900000000000001 0 0.03750000000000001 0.03925000000000001 0 0.03775 0.0395 0 0.09549999999999999 0.005499999999999999 0 0.09549999999999999 0.005749999999999999 0 0.09524999999999999 0.005999999999999999 0 0.09499999999999999 0.006249999999999999 0 0.09474999999999999 0.006499999999999999 0 0.09449999999999999 0.006749999999999999 0 0.09424999999999999 0.006999999999999998 0 0.09399999999999999 0.007249999999999999 0 0.09375000000000001 0.007500000000000001 0 0.06349999999999999 0.03749999999999999 0 0.06349999999999999 0.03774999999999999 0 0.06324999999999999 0.03799999999999999 0 0.06299999999999999 0.03824999999999999 0 0.06274999999999999 0.03849999999999999 0 0.0625 0.03874999999999999 0 0.06225 0.03899999999999999 0 0.062 0.03924999999999999 0 0.06175000000000001 0.03950000000000001 0 0.03575000000000001 0.03750000000000001 0 0.03575000000000001 0.03775000000000001 0 0.03600000000000001 0.03800000000000001 0 0.03625000000000001 0.03825000000000001 0 0.03650000000000001 0.03850000000000001 0 0.03675 0.03875000000000001 0 0.03700000000000001 0.03900000000000001 0 0.03725000000000001 0.03925000000000001 0 0.0375 0.0395 0 0.09574999999999999 0.005499999999999999 0 0.09574999999999999 0.005749999999999999 0 0.09549999999999999 0.005999999999999999 0 0.09524999999999999 0.006249999999999999 0 0.09499999999999999 0.006499999999999999 0 0.09474999999999999 0.006749999999999999 0 0.09449999999999999 0.006999999999999998 0 0.09424999999999999 0.007249999999999999 0 0.09400000000000001 0.007500000000000001 0 0.06374999999999999 0.03749999999999999 0 0.06374999999999999 0.03774999999999999 0 0.06349999999999999 0.03799999999999999 0 0.06324999999999999 0.03824999999999999 0 0.06299999999999999 0.03849999999999999 0 0.06274999999999999 0.03874999999999999 0 0.0625 0.03899999999999999 0 0.06225 0.03924999999999999 0 0.06200000000000001 0.03950000000000001 0 0.03550000000000001 0.03750000000000001 0 0.03550000000000001 0.03775000000000001 0 0.03575000000000001 0.03800000000000001 0 0.03600000000000001 0.03825000000000001 0 0.03625000000000001 0.03850000000000001 0 0.03650000000000001 0.03875000000000001 0 0.03675 0.03900000000000001 0 0.03700000000000001 0.03925000000000001 0 0.03725 0.0395 0 0.09599999999999999 0.005499999999999999 0 0.09599999999999999 0.005749999999999999 0 0.09574999999999999 0.005999999999999999 0 0.09549999999999999 0.006249999999999999 0 0.09524999999999999 0.006499999999999999 0 0.09499999999999999 0.006749999999999999 0 0.09474999999999999 0.006999999999999998 0 0.09449999999999999 0.007249999999999999 0 0.09425000000000001 0.007500000000000001 0 0.06399999999999999 0.03749999999999999 0 0.06399999999999999 0.03774999999999999 0 0.06374999999999999 0.03799999999999999 0 0.06349999999999999 0.03824999999999999 0 0.06324999999999999 0.03849999999999999 0 0.06299999999999999 0.03874999999999999 0 0.06274999999999999 0.03899999999999999 0 0.0625 0.03924999999999999 0 0.06225000000000001 0.03950000000000001 0 0.03525000000000001 0.03750000000000001 0 0.03525000000000001 0.03775000000000001 0 0.03550000000000001 0.03800000000000001 0 0.03575000000000001 0.03825000000000001 0 0.03600000000000001 0.03850000000000001 0 0.03625000000000001 0.03875000000000001 0 0.03650000000000001 0.03900000000000001 0 0.03675 0.03925000000000001 0 0.037 0.0395 0 0.09624999999999999 0.005499999999999999 0 0.09624999999999999 0.005749999999999999 0 0.09599999999999999 0.005999999999999999 0 0.09574999999999999 0.006249999999999999 0 0.09549999999999999 0.006499999999999999 0 0.09524999999999999 0.006749999999999999 0 0.09499999999999999 0.006999999999999998 0 0.09474999999999999 0.007249999999999999 0 0.09450000000000001 0.007500000000000001 0 0.06424999999999999 0.03749999999999999 0 0.06424999999999999 0.03774999999999999 0 0.06399999999999999 0.03799999999999999 0 0.06374999999999999 0.03824999999999999 0 0.06349999999999999 0.03849999999999999 0 0.06324999999999999 0.03874999999999999 0 0.06299999999999999 0.03899999999999999 0 0.06274999999999999 0.03924999999999999 0 0.06250000000000001 0.03950000000000001 0 0.03500000000000001 0.03750000000000001 0 0.03500000000000001 0.03775000000000001 0 0.03525000000000001 0.03800000000000001 0 0.03550000000000001 0.03825000000000001 0 0.03575000000000001 0.03850000000000001 0 0.03600000000000001 0.03875000000000001 0 0.03625000000000001 0.03900000000000001 0 0.03650000000000001 0.03925000000000001 0 0.03675 0.0395 0 0.09649999999999999 0.005499999999999999 0 0.09649999999999999 0.005749999999999999 0 0.09624999999999999 0.005999999999999999 0 0.09599999999999999 0.006249999999999999 0 0.09574999999999999 0.006499999999999999 0 0.09549999999999999 0.006749999999999999 0 0.09524999999999999 0.006999999999999998 0 0.09499999999999999 0.007249999999999999 0 0.09475000000000001 0.007500000000000001 0 0.06449999999999999 0.03749999999999999 0 0.06449999999999999 0.03774999999999999 0 0.06424999999999999 0.03799999999999999 0 0.06399999999999999 0.03824999999999999 0 0.06374999999999999 0.03849999999999999 0 0.06349999999999999 0.03874999999999999 0 0.06324999999999999 0.03899999999999999 0 0.06299999999999999 0.03924999999999999 0 0.06275000000000001 0.03950000000000001 0 0.03475000000000001 0.03750000000000001 0 0.03475000000000001 0.03775000000000001 0 0.03500000000000001 0.03800000000000001 0 0.03525000000000001 0.03825000000000001 0 0.03550000000000001 0.03850000000000001 0 0.03575000000000001 0.03875000000000001 0 0.03600000000000001 0.03900000000000001 0 0.03625000000000001 0.03925000000000001 0 0.0365 0.0395 0 0.09674999999999999 0.005499999999999999 0 0.09674999999999999 0.005749999999999999 0 0.09649999999999999 0.005999999999999999 0 0.09624999999999999 0.006249999999999999 0 0.09599999999999999 0.006499999999999999 0 0.09574999999999999 0.006749999999999999 0 0.09549999999999999 0.006999999999999998 0 0.09524999999999999 0.007249999999999999 0 0.09500000000000001 0.007500000000000001 0 0.06474999999999999 0.03749999999999999 0 0.06474999999999999 0.03774999999999999 0 0.06449999999999999 0.03799999999999999 0 0.06424999999999999 0.03824999999999999 0 0.06399999999999999 0.03849999999999999 0 0.06374999999999999 0.03874999999999999 0 0.06349999999999999 0.03899999999999999 0 0.06324999999999999 0.03924999999999999 0 0.06300000000000001 0.03950000000000001 0 0.03450000000000001 0.03750000000000001 0 0.03450000000000001 0.03775000000000001 0 0.03475000000000001 0.03800000000000001 0 0.03500000000000001 0.03825000000000001 0 0.03525000000000001 0.03850000000000001 0 0.03550000000000001 0.03875000000000001 0 0.03575000000000001 0.03900000000000001 0 0.03600000000000001 0.03925000000000001 0 0.03625 0.0395 0 0.09699999999999999 0.005499999999999999 0 0.09699999999999999 0.005749999999999999 0 0.09674999999999999 0.005999999999999999 0 0.09649999999999999 0.006249999999999999 0 0.09624999999999999 0.006499999999999999 0 0.09599999999999999 0.006749999999999999 0 0.09574999999999999 0.006999999999999998 0 0.09549999999999999 0.007249999999999999 0 0.09525000000000002 0.007500000000000001 0 0.06499999999999999 0.03749999999999999 0 0.06499999999999999 0.03774999999999999 0 0.06474999999999999 0.03799999999999999 0 0.06449999999999999 0.03824999999999999 0 0.06424999999999999 0.03849999999999999 0 0.06399999999999999 0.03874999999999999 0 0.06374999999999999 0.03899999999999999 0 0.06349999999999999 0.03924999999999999 0 0.06325000000000001 0.03950000000000001 0 0.03425000000000001 0.03750000000000001 0 0.03425000000000001 0.03775000000000001 0 0.03450000000000001 0.03800000000000001 0 0.03475000000000001 0.03825000000000001 0 0.03500000000000001 0.03850000000000001 0 0.03525000000000001 0.03875000000000001 0 0.03550000000000001 0.03900000000000001 0 0.03575000000000001 0.03925000000000001 0 0.036 0.0395 0 0.09724999999999999 0.005499999999999999 0 0.09724999999999999 0.005749999999999999 0 0.09699999999999999 0.005999999999999999 0 0.09674999999999999 0.006249999999999999 0 0.09649999999999999 0.006499999999999999 0 0.09624999999999999 0.006749999999999999 0 0.09599999999999999 0.006999999999999998 0 0.09574999999999999 0.007249999999999999 0 0.09550000000000002 0.007500000000000001 0 0.06524999999999999 0.03749999999999999 0 0.06524999999999999 0.03774999999999999 0 0.06499999999999999 0.03799999999999999 0 0.06474999999999999 0.03824999999999999 0 0.06449999999999999 0.03849999999999999 0 0.06424999999999999 0.03874999999999999 0 0.06399999999999999 0.03899999999999999 0 0.06374999999999999 0.03924999999999999 0 0.06350000000000001 0.03950000000000001 0 0.03400000000000001 0.03750000000000001 0 0.03400000000000001 0.03775000000000001 0 0.03425000000000001 0.03800000000000001 0 0.03450000000000001 0.03825000000000001 0 0.03475000000000001 0.03850000000000001 0 0.03500000000000001 0.03875000000000001 0 0.03525000000000001 0.03900000000000001 0 0.03550000000000001 0.03925000000000001 0 0.03575 0.0395 0 0.09749999999999999 0.005499999999999999 0 0.09749999999999999 0.005749999999999999 0 0.09724999999999999 0.005999999999999999 0 0.09699999999999999 0.006249999999999999 0 0.09674999999999999 0.006499999999999999 0 0.09649999999999999 0.006749999999999999 0 0.09624999999999999 0.006999999999999998 0 0.09599999999999999 0.007249999999999999 0 0.09575000000000002 0.007500000000000001 0 0.06549999999999999 0.03749999999999999 0 0.06549999999999999 0.03774999999999999 0 0.06524999999999999 0.03799999999999999 0 0.06499999999999999 0.03824999999999999 0 0.06474999999999999 0.03849999999999999 0 0.06449999999999999 0.03874999999999999 0 0.06424999999999999 0.03899999999999999 0 0.06399999999999999 0.03924999999999999 0 0.06375000000000001 0.03950000000000001 0 0.03375000000000001 0.03750000000000001 0 0.03375000000000001 0.03775000000000001 0 0.03400000000000001 0.03800000000000001 0 0.03425000000000001 0.03825000000000001 0 0.03450000000000001 0.03850000000000001 0 0.03475000000000001 0.03875000000000001 0 0.03500000000000001 0.03900000000000001 0 0.03525000000000001 0.03925000000000001 0 0.0355 0.0395 0 0.09774999999999999 0.005499999999999999 0 0.09774999999999999 0.005749999999999999 0 0.09749999999999999 0.005999999999999999 0 0.09724999999999999 0.006249999999999999 0 0.09699999999999999 0.006499999999999999 0 0.09674999999999999 0.006749999999999999 0 0.09649999999999999 0.006999999999999998 0 0.09624999999999999 0.007249999999999999 0 0.09600000000000002 0.007500000000000001 0 0.06574999999999999 0.03749999999999999 0 0.06574999999999999 0.03774999999999999 0 0.06549999999999999 0.03799999999999999 0 0.06524999999999999 0.03824999999999999 0 0.06499999999999999 0.03849999999999999 0 0.06474999999999999 0.03874999999999999 0 0.06449999999999999 0.03899999999999999 0 0.06424999999999999 0.03924999999999999 0 0.06400000000000002 0.03950000000000001 0 0.03350000000000001 0.03750000000000001 0 0.03350000000000001 0.03775000000000001 0 0.03375000000000001 0.03800000000000001 0 0.03400000000000001 0.03825000000000001 0 0.03425000000000001 0.03850000000000001 0 0.03450000000000001 0.03875000000000001 0 0.03475000000000001 0.03900000000000001 0 0.03500000000000001 0.03925000000000001 0 0.03525 0.0395 0 0.09799999999999999 0.005499999999999999 0 0.09799999999999999 0.005749999999999999 0 0.09774999999999999 0.005999999999999999 0 0.09749999999999999 0.006249999999999999 0 0.09724999999999999 0.006499999999999999 0 0.09699999999999999 0.006749999999999999 0 0.09674999999999999 0.006999999999999998 0 0.09649999999999999 0.007249999999999999 0 0.09625000000000002 0.007500000000000001 0 0.06599999999999999 0.03749999999999999 0 0.06599999999999999 0.03774999999999999 0 0.06574999999999999 0.03799999999999999 0 0.06549999999999999 0.03824999999999999 0 0.06524999999999999 0.03849999999999999 0 0.06499999999999999 0.03874999999999999 0 0.06474999999999999 0.03899999999999999 0 0.06449999999999999 0.03924999999999999 0 0.06425000000000002 0.03950000000000001 0 0.03325000000000001 0.03750000000000001 0 0.03325000000000001 0.03775000000000001 0 0.03350000000000001 0.03800000000000001 0 0.03375000000000001 0.03825000000000001 0 0.03400000000000001 0.03850000000000001 0 0.03425000000000001 0.03875000000000001 0 0.03450000000000001 0.03900000000000001 0 0.03475000000000001 0.03925000000000001 0 0.035 0.0395 0 0.09824999999999999 0.005499999999999999 0 0.09824999999999999 0.005749999999999999 0 0.09799999999999999 0.005999999999999999 0 0.09774999999999999 0.006249999999999999 0 0.09749999999999999 0.006499999999999999 0 0.09724999999999999 0.006749999999999999 0 0.09699999999999999 0.006999999999999998 0 0.09674999999999999 0.007249999999999999 0 0.09650000000000002 0.007500000000000001 0 0.06624999999999999 0.03749999999999999 0 0.06624999999999999 0.03774999999999999 0 0.06599999999999999 0.03799999999999999 0 0.06574999999999999 0.03824999999999999 0 0.06549999999999999 0.03849999999999999 0 0.06524999999999999 0.03874999999999999 0 0.06499999999999999 0.03899999999999999 0 0.06474999999999999 0.03924999999999999 0 0.06450000000000002 0.03950000000000001 0 0.03300000000000001 0.03750000000000001 0 0.03300000000000001 0.03775000000000001 0 0.03325000000000001 0.03800000000000001 0 0.03350000000000001 0.03825000000000001 0 0.03375000000000001 0.03850000000000001 0 0.03400000000000001 0.03875000000000001 0 0.03425000000000001 0.03900000000000001 0 0.03450000000000001 0.03925000000000001 0 0.03475 0.0395 0 0.09849999999999999 0.005499999999999999 0 0.09849999999999999 0.005749999999999999 0 0.09824999999999999 0.005999999999999999 0 0.09799999999999999 0.006249999999999999 0 0.09774999999999999 0.006499999999999999 0 0.09749999999999999 0.006749999999999999 0 0.09724999999999999 0.006999999999999998 0 0.09699999999999999 0.007249999999999999 0 0.09675000000000002 0.007500000000000001 0 0.06649999999999999 0.03749999999999999 0 0.06649999999999999 0.03774999999999999 0 0.06624999999999999 0.03799999999999999 0 0.06599999999999999 0.03824999999999999 0 0.06574999999999999 0.03849999999999999 0 0.06549999999999999 0.03874999999999999 0 0.06524999999999999 0.03899999999999999 0 0.06499999999999999 0.03924999999999999 0 0.06475000000000002 0.03950000000000001 0 0.03275000000000001 0.03750000000000001 0 0.03275000000000001 0.03775000000000001 0 0.03300000000000001 0.03800000000000001 0 0.03325000000000001 0.03825000000000001 0 0.03350000000000001 0.03850000000000001 0 0.03375000000000001 0.03875000000000001 0 0.03400000000000001 0.03900000000000001 0 0.03425000000000001 0.03925000000000001 0 0.0345 0.0395 0 0.09874999999999999 0.005499999999999999 0 0.09874999999999999 0.005749999999999999 0 0.09849999999999999 0.005999999999999999 0 0.09824999999999999 0.006249999999999999 0 0.09799999999999999 0.006499999999999999 0 0.09774999999999999 0.006749999999999999 0 0.09749999999999999 0.006999999999999998 0 0.09724999999999999 0.007249999999999999 0 0.09700000000000002 0.007500000000000001 0 0.06674999999999999 0.03749999999999999 0 0.06674999999999999 0.03774999999999999 0 0.06649999999999999 0.03799999999999999 0 0.06624999999999999 0.03824999999999999 0 0.06599999999999999 0.03849999999999999 0 0.06574999999999999 0.03874999999999999 0 0.06549999999999999 0.03899999999999999 0 0.06524999999999999 0.03924999999999999 0 0.06500000000000002 0.03950000000000001 0 0.03250000000000001 0.03750000000000001 0 0.03250000000000001 0.03775000000000001 0 0.03275000000000001 0.03800000000000001 0 0.03300000000000001 0.03825000000000001 0 0.03325000000000001 0.03850000000000001 0 0.03350000000000001 0.03875000000000001 0 0.03375000000000001 0.03900000000000001 0 0.03400000000000001 0.03925000000000001 0 0.03425 0.0395 0 0.09899999999999999 0.005499999999999999 0 0.09899999999999999 0.005749999999999999 0 0.09874999999999999 0.005999999999999999 0 0.09849999999999999 0.006249999999999999 0 0.09824999999999999 0.006499999999999999 0 0.09799999999999999 0.006749999999999999 0 0.09774999999999999 0.006999999999999998 0 0.09749999999999999 0.007249999999999999 0 0.09725000000000002 0.007500000000000001 0 0.06699999999999999 0.03749999999999999 0 0.06699999999999999 0.03774999999999999 0 0.06674999999999999 0.03799999999999999 0 0.06649999999999999 0.03824999999999999 0 0.06624999999999999 0.03849999999999999 0 0.06599999999999999 0.03874999999999999 0 0.06574999999999999 0.03899999999999999 0 0.06549999999999999 0.03924999999999999 0 0.06525000000000002 0.03950000000000001 0 0.03225000000000001 0.03750000000000001 0 0.03225000000000001 0.03775000000000001 0 0.03250000000000001 0.03800000000000001 0 0.03275000000000001 0.03825000000000001 0 0.03300000000000001 0.03850000000000001 0 0.03325000000000001 0.03875000000000001 0 0.03350000000000001 0.03900000000000001 0 0.03375000000000001 0.03925000000000001 0 0.034 0.0395 0 0.09924999999999999 0.005499999999999999 0 0.09924999999999999 0.005749999999999999 0 0.09899999999999999 0.005999999999999999 0 0.09874999999999999 0.006249999999999999 0 0.09849999999999999 0.006499999999999999 0 0.09824999999999999 0.006749999999999999 0 0.09799999999999999 0.006999999999999998 0 0.09774999999999999 0.007249999999999999 0 0.09750000000000002 0.007500000000000001 0 0.06724999999999999 0.03749999999999999 0 0.06724999999999999 0.03774999999999999 0 0.06699999999999999 0.03799999999999999 0 0.06674999999999999 0.03824999999999999 0 0.06649999999999999 0.03849999999999999 0 0.06624999999999999 0.03874999999999999 0 0.06599999999999999 0.03899999999999999 0 0.06574999999999999 0.03924999999999999 0 0.06550000000000002 0.03950000000000001 0 0.03200000000000001 0.03750000000000001 0 0.03200000000000001 0.03775000000000001 0 0.03225000000000001 0.03800000000000001 0 0.03250000000000001 0.03825000000000001 0 0.03275000000000001 0.03850000000000001 0 0.03300000000000001 0.03875000000000001 0 0.03325000000000001 0.03900000000000001 0 0.03350000000000001 0.03925000000000001 0 0.03375 0.0395 0 0.09949999999999999 0.005499999999999999 0 0.09949999999999999 0.005749999999999999 0 0.09924999999999999 0.005999999999999999 0 0.09899999999999999 0.006249999999999999 0 0.09874999999999999 0.006499999999999999 0 0.09849999999999999 0.006749999999999999 0 0.09824999999999999 0.006999999999999998 0 0.09799999999999999 0.007249999999999999 0 0.09775000000000002 0.007500000000000001 0 0.06749999999999999 0.03749999999999999 0 0.06749999999999999 0.03774999999999999 0 0.06724999999999999 0.03799999999999999 0 0.06699999999999999 0.03824999999999999 0 0.06674999999999999 0.03849999999999999 0 0.06649999999999999 0.03874999999999999 0 0.06624999999999999 0.03899999999999999 0 0.06599999999999999 0.03924999999999999 0 0.06575000000000002 0.03950000000000001 0 0.03175000000000001 0.03750000000000001 0 0.03175000000000001 0.03775000000000001 0 0.03200000000000001 0.03800000000000001 0 0.03225000000000001 0.03825000000000001 0 0.03250000000000001 0.03850000000000001 0 0.03275000000000001 0.03875000000000001 0 0.03300000000000001 0.03900000000000001 0 0.03325000000000001 0.03925000000000001 0 0.0335 0.0395 0 0.09974999999999999 0.005499999999999999 0 0.09974999999999999 0.005749999999999999 0 0.09949999999999999 0.005999999999999999 0 0.09924999999999999 0.006249999999999999 0 0.09899999999999999 0.006499999999999999 0 0.09874999999999999 0.006749999999999999 0 0.09849999999999999 0.006999999999999998 0 0.09824999999999999 0.007249999999999999 0 0.09800000000000002 0.007500000000000001 0 0.06774999999999999 0.03749999999999999 0 0.06774999999999999 0.03774999999999999 0 0.06749999999999999 0.03799999999999999 0 0.06724999999999999 0.03824999999999999 0 0.06699999999999999 0.03849999999999999 0 0.06674999999999999 0.03874999999999999 0 0.06649999999999999 0.03899999999999999 0 0.06624999999999999 0.03924999999999999 0 0.06600000000000002 0.03950000000000001 0 0.03150000000000001 0.03750000000000001 0 0.03150000000000001 0.03775000000000001 0 0.03175000000000001 0.03800000000000001 0 0.03200000000000001 0.03825000000000001 0 0.03225000000000001 0.03850000000000001 0 0.03250000000000001 0.03875000000000001 0 0.03275000000000001 0.03900000000000001 0 0.03300000000000001 0.03925000000000001 0 0.03325 0.0395 0 0.09999999999999999 0.005499999999999999 0 0.09999999999999999 0.005749999999999999 0 0.09974999999999999 0.005999999999999999 0 0.09949999999999999 0.006249999999999999 0 0.09924999999999999 0.006499999999999999 0 0.09899999999999999 0.006749999999999999 0 0.09874999999999999 0.006999999999999998 0 0.09849999999999999 0.007249999999999999 0 0.09825000000000002 0.007500000000000001 0 0.06799999999999999 0.03749999999999999 0 0.06799999999999999 0.03774999999999999 0 0.06774999999999999 0.03799999999999999 0 0.06749999999999999 0.03824999999999999 0 0.06724999999999999 0.03849999999999999 0 0.06699999999999999 0.03874999999999999 0 0.06674999999999999 0.03899999999999999 0 0.06649999999999999 0.03924999999999999 0 0.06625000000000002 0.03950000000000001 0 0.03125000000000001 0.03750000000000001 0 0.03125000000000001 0.03775000000000001 0 0.03150000000000001 0.03800000000000001 0 0.03175000000000001 0.03825000000000001 0 0.03200000000000001 0.03850000000000001 0 0.03225000000000001 0.03875000000000001 0 0.03250000000000001 0.03900000000000001 0 0.03275000000000001 0.03925000000000001 0 0.033 0.0395 0 0.10025 0.005499999999999999 0 0.10025 0.005749999999999999 0 0.09999999999999999 0.005999999999999999 0 0.09974999999999999 0.006249999999999999 0 0.09949999999999999 0.006499999999999999 0 0.09924999999999999 0.006749999999999999 0 0.09899999999999999 0.006999999999999998 0 0.09874999999999999 0.007249999999999999 0 0.09850000000000002 0.007500000000000001 0 0.06824999999999999 0.03749999999999999 0 0.06824999999999999 0.03774999999999999 0 0.06799999999999999 0.03799999999999999 0 0.06774999999999999 0.03824999999999999 0 0.06749999999999999 0.03849999999999999 0 0.06724999999999999 0.03874999999999999 0 0.06699999999999999 0.03899999999999999 0 0.06674999999999999 0.03924999999999999 0 0.06650000000000002 0.03950000000000001 0 0.031 0.03750000000000001 0 0.031 0.03775000000000001 0 0.03125000000000001 0.03800000000000001 0 0.03150000000000001 0.03825000000000001 0 0.03175000000000001 0.03850000000000001 0 0.03200000000000001 0.03875000000000001 0 0.03225000000000001 0.03900000000000001 0 0.03250000000000001 0.03925000000000001 0 0.03275 0.0395 0 0.1005 0.005500000000000001 0 0.1005 0.005750000000000001 0 0.10025 0.005999999999999999 0 0.09999999999999999 0.006249999999999999 0 0.09974999999999999 0.006499999999999999 0 0.09949999999999999 0.006749999999999999 0 0.09924999999999999 0.006999999999999998 0 0.09899999999999999 0.007249999999999999 0 0.09875000000000002 0.007500000000000001 0 0.06849999999999999 0.03749999999999999 0 0.06849999999999999 0.03774999999999999 0 0.06824999999999999 0.03799999999999999 0 0.06799999999999999 0.03824999999999999 0 0.06774999999999999 0.03849999999999999 0 0.06749999999999999 0.03874999999999999 0 0.06724999999999999 0.03899999999999999 0 0.06699999999999999 0.03924999999999999 0 0.06675000000000002 0.03950000000000001 0 0.03075 0.03750000000000001 0 0.03075 0.03775000000000001 0 0.031 0.03800000000000001 0 0.03125000000000001 0.03825000000000001 0 0.03150000000000001 0.03850000000000001 0 0.03175000000000001 0.03875000000000001 0 0.03200000000000001 0.03900000000000001 0 0.03225000000000001 0.03925000000000001 0 0.0325 0.0395 0 0.1005 0.006000000000000001 0 0.10025 0.006249999999999999 0 0.09999999999999999 0.006499999999999999 0 0.09974999999999999 0.006749999999999999 0 0.09949999999999999 0.006999999999999998 0 0.09924999999999999 0.007249999999999999 0 0.09900000000000002 0.007500000000000001 0 0.06874999999999999 0.03749999999999999 0 0.06874999999999999 0.03774999999999999 0 0.06849999999999999 0.03799999999999999 0 0.06824999999999999 0.03824999999999999 0 0.06799999999999999 0.03849999999999999 0 0.06774999999999999 0.03874999999999999 0 0.06749999999999999 0.03899999999999999 0 0.06724999999999999 0.03924999999999999 0 0.06700000000000002 0.03950000000000001 0 0.0305 0.03750000000000001 0 0.0305 0.03775000000000001 0 0.03075 0.03800000000000001 0 0.031 0.03825000000000001 0 0.03125000000000001 0.03850000000000001 0 0.03150000000000001 0.03875000000000001 0 0.03175000000000001 0.03900000000000001 0 0.03200000000000001 0.03925000000000001 0 0.03225 0.0395 0 0.1005 0.00625 0 0.10025 0.006499999999999999 0 0.09999999999999999 0.006749999999999999 0 0.09974999999999999 0.006999999999999998 0 0.09949999999999999 0.007249999999999999 0 0.09925000000000002 0.007500000000000001 0 0.06899999999999999 0.03749999999999999 0 0.06899999999999999 0.03774999999999999 0 0.06874999999999999 0.03799999999999999 0 0.06849999999999999 0.03824999999999999 0 0.06824999999999999 0.03849999999999999 0 0.06799999999999999 0.03874999999999999 0 0.06774999999999999 0.03899999999999999 0 0.06749999999999999 0.03924999999999999 0 0.06725000000000002 0.03950000000000001 0 0.03025000000000001 0.03750000000000001 0 0.03025000000000001 0.03775000000000001 0 0.0305 0.03800000000000001 0 0.03075 0.03825000000000001 0 0.031 0.03850000000000001 0 0.03125000000000001 0.03875000000000001 0 0.03150000000000001 0.03900000000000001 0 0.03175000000000001 0.03925000000000001 0 0.032 0.0395 0 0.1005 0.006500000000000001 0 0.10025 0.006749999999999999 0 0.09999999999999999 0.006999999999999998 0 0.09974999999999999 0.007249999999999999 0 0.09950000000000002 0.007500000000000001 0 0.06924999999999999 0.03749999999999999 0 0.06924999999999999 0.03774999999999999 0 0.06899999999999999 0.03799999999999999 0 0.06874999999999999 0.03824999999999999 0 0.06849999999999999 0.03849999999999999 0 0.06824999999999999 0.03874999999999999 0 0.06799999999999999 0.03899999999999999 0 0.06774999999999999 0.03924999999999999 0 0.06750000000000002 0.03950000000000001 0 0.03000000000000001 0.03750000000000001 0 0.03000000000000001 0.03775000000000001 0 0.03025000000000001 0.03800000000000001 0 0.0305 0.03825000000000001 0 0.03075 0.03850000000000001 0 0.031 0.03875000000000001 0 0.03125000000000001 0.03900000000000001 0 0.03150000000000001 0.03925000000000001 0 0.03175 0.0395 0 0.1005 0.006750000000000001 0 0.10025 0.006999999999999998 0 0.09999999999999999 0.007249999999999999 0 0.09975000000000002 0.007500000000000001 0 0.06949999999999999 0.03749999999999999 0 0.06949999999999999 0.03774999999999999 0 0.06924999999999999 0.03799999999999999 0 0.06899999999999999 0.03824999999999999 0 0.06874999999999999 0.03849999999999999 0 0.06849999999999999 0.03874999999999999 0 0.06824999999999999 0.03899999999999999 0 0.06799999999999999 0.03924999999999999 0 0.06775000000000002 0.03950000000000001 0 0.02975000000000001 0.03750000000000001 0 0.02975000000000001 0.03775000000000001 0 0.03000000000000001 0.03800000000000001 0 0.03025000000000001 0.03825000000000001 0 0.0305 0.03850000000000001 0 0.03075 0.03875000000000001 0 0.031 0.03900000000000001 0 0.03125000000000001 0.03925000000000001 0 0.0315 0.0395 0 0.1005 0.007 0 0.10025 0.007249999999999999 0 0.1 0.007500000000000001 0 0.06974999999999999 0.03749999999999999 0 0.06974999999999999 0.03774999999999999 0 0.06949999999999999 0.03799999999999999 0 0.06924999999999999 0.03824999999999999 0 0.06899999999999999 0.03849999999999999 0 0.06874999999999999 0.03874999999999999 0 0.06849999999999999 0.03899999999999999 0 0.06824999999999999 0.03924999999999999 0 0.06800000000000002 0.03950000000000001 0 0.02950000000000001 0.03750000000000001 0 0.02950000000000001 0.03775000000000001 0 0.02975000000000001 0.03800000000000001 0 0.03000000000000001 0.03825000000000001 0 0.03025000000000001 0.03850000000000001 0 0.0305 0.03875000000000001 0 0.03075 0.03900000000000001 0 0.031 0.03925000000000001 0 0.03125 0.0395 0 0.1005 0.00725 0 0.10025 0.007500000000000001 0 0.06999999999999999 0.03749999999999999 0 0.06999999999999999 0.03774999999999999 0 0.06974999999999999 0.03799999999999999 0 0.06949999999999999 0.03824999999999999 0 0.06924999999999999 0.03849999999999999 0 0.06899999999999999 0.03874999999999999 0 0.06874999999999999 0.03899999999999999 0 0.06849999999999999 0.03924999999999999 0 0.06825000000000002 0.03950000000000001 0 0.02925000000000001 0.03750000000000001 0 0.02925000000000001 0.03775000000000001 0 0.02950000000000001 0.03800000000000001 0 0.02975000000000001 0.03825000000000001 0 0.03000000000000001 0.03850000000000001 0 0.03025000000000001 0.03875000000000001 0 0.0305 0.03900000000000001 0 0.03075 0.03925000000000001 0 0.031 0.0395 0 0.1005 0.007499999999999999 0 0.07024999999999999 0.03749999999999999 0 0.07024999999999999 0.03774999999999999 0 0.06999999999999999 0.03799999999999999 0 0.06974999999999999 0.03824999999999999 0 0.06949999999999999 0.03849999999999999 0 0.06924999999999999 0.03874999999999999 0 0.06899999999999999 0.03899999999999999 0 0.06874999999999999 0.03924999999999999 0 0.06850000000000002 0.03950000000000001 0 0.029 0.03750000000000001 0 0.029 0.03775000000000001 0 0.02925000000000001 0.03800000000000001 0 0.02950000000000001 0.03825000000000001 0 0.02975000000000001 0.03850000000000001 0 0.03000000000000001 0.03875000000000001 0 0.03025000000000001 0.03900000000000001 0 0.0305 0.03925000000000001 0 0.03075 0.0395 0 0.07049999999999999 0.03749999999999999 0 0.07049999999999999 0.03774999999999999 0 0.07024999999999999 0.03799999999999999 0 0.06999999999999999 0.03824999999999999 0 0.06974999999999999 0.03849999999999999 0 0.06949999999999999 0.03874999999999999 0 0.06924999999999999 0.03899999999999999 0 0.06899999999999999 0.03924999999999999 0 0.06875000000000002 0.03950000000000001 0 0.02875 0.03750000000000001 0 0.02875 0.03775000000000001 0 0.029 0.03800000000000001 0 0.02925000000000001 0.03825000000000001 0 0.02950000000000001 0.03850000000000001 0 0.02975000000000001 0.03875000000000001 0 0.03000000000000001 0.03900000000000001 0 0.03025000000000001 0.03925000000000001 0 0.0305 0.0395 0 0.07074999999999999 0.03749999999999999 0 0.07074999999999999 0.03774999999999999 0 0.07049999999999999 0.03799999999999999 0 0.07024999999999999 0.03824999999999999 0 0.06999999999999999 0.03849999999999999 0 0.06974999999999999 0.03874999999999999 0 0.06949999999999999 0.03899999999999999 0 0.06924999999999999 0.03924999999999999 0 0.06900000000000002 0.03950000000000001 0 0.0285 0.03750000000000001 0 0.0285 0.03775000000000001 0 0.02875 0.03800000000000001 0 0.029 0.03825000000000001 0 0.02925000000000001 0.03850000000000001 0 0.02950000000000001 0.03875000000000001 0 0.02975000000000001 0.03900000000000001 0 0.03000000000000001 0.03925000000000001 0 0.03025 0.0395 0 0.07099999999999999 0.03749999999999999 0 0.07099999999999999 0.03774999999999999 0 0.07074999999999999 0.03799999999999999 0 0.07049999999999999 0.03824999999999999 0 0.07024999999999999 0.03849999999999999 0 0.06999999999999999 0.03874999999999999 0 0.06974999999999999 0.03899999999999999 0 0.06949999999999999 0.03924999999999999 0 0.06925000000000002 0.03950000000000001 0 0.02825 0.03750000000000001 0 0.02825 0.03775000000000001 0 0.0285 0.03800000000000001 0 0.02875 0.03825000000000001 0 0.029 0.03850000000000001 0 0.02925000000000001 0.03875000000000001 0 0.02950000000000001 0.03900000000000001 0 0.02975000000000001 0.03925000000000001 0 0.03 0.0395 0 0.07124999999999999 0.03749999999999999 0 0.07124999999999999 0.03774999999999999 0 0.07099999999999999 0.03799999999999999 0 0.07074999999999999 0.03824999999999999 0 0.07049999999999999 0.03849999999999999 0 0.07024999999999999 0.03874999999999999 0 0.06999999999999999 0.03899999999999999 0 0.06974999999999999 0.03924999999999999 0 0.06950000000000002 0.03950000000000001 0 0.028 0.03750000000000001 0 0.028 0.03775000000000001 0 0.02825 0.03800000000000001 0 0.0285 0.03825000000000001 0 0.02875 0.03850000000000001 0 0.029 0.03875000000000001 0 0.02925000000000001 0.03900000000000001 0 0.02950000000000001 0.03925000000000001 0 0.02975 0.0395 0 0.07149999999999999 0.03749999999999999 0 0.07149999999999999 0.03774999999999999 0 0.07124999999999999 0.03799999999999999 0 0.07099999999999999 0.03824999999999999 0 0.07074999999999999 0.03849999999999999 0 0.07049999999999999 0.03874999999999999 0 0.07024999999999999 0.03899999999999999 0 0.06999999999999999 0.03924999999999999 0 0.06975000000000002 0.03950000000000001 0 0.02775 0.03750000000000001 0 0.02775 0.03775000000000001 0 0.028 0.03800000000000001 0 0.02825 0.03825000000000001 0 0.0285 0.03850000000000001 0 0.02875 0.03875000000000001 0 0.029 0.03900000000000001 0 0.02925000000000001 0.03925000000000001 0 0.0295 0.0395 0 0.07174999999999999 0.03749999999999999 0 0.07174999999999999 0.03774999999999999 0 0.07149999999999999 0.03799999999999999 0 0.07124999999999999 0.03824999999999999 0 0.07099999999999999 0.03849999999999999 0 0.07074999999999999 0.03874999999999999 0 0.07049999999999999 0.03899999999999999 0 0.07024999999999999 0.03924999999999999 0 0.07000000000000002 0.03950000000000001 0 0.0275 0.03750000000000001 0 0.0275 0.03775000000000001 0 0.02775 0.03800000000000001 0 0.028 0.03825000000000001 0 0.02825 0.03850000000000001 0 0.0285 0.03875000000000001 0 0.02875 0.03900000000000001 0 0.029 0.03925000000000001 0 0.02925 0.0395 0 0.07199999999999999 0.03749999999999999 0 0.07199999999999999 0.03774999999999999 0 0.07174999999999999 0.03799999999999999 0 0.07149999999999999 0.03824999999999999 0 0.07124999999999999 0.03849999999999999 0 0.07099999999999999 0.03874999999999999 0 0.07074999999999999 0.03899999999999999 0 0.07049999999999999 0.03924999999999999 0 0.07025000000000002 0.03950000000000001 0 0.02725 0.03750000000000001 0 0.02725 0.03775000000000001 0 0.0275 0.03800000000000001 0 0.02775 0.03825000000000001 0 0.028 0.03850000000000001 0 0.02825 0.03875000000000001 0 0.0285 0.03900000000000001 0 0.02875 0.03925000000000001 0 0.029 0.0395 0 0.07224999999999999 0.03749999999999999 0 0.07224999999999999 0.03774999999999999 0 0.07199999999999999 0.03799999999999999 0 0.07174999999999999 0.03824999999999999 0 0.07149999999999999 0.03849999999999999 0 0.07124999999999999 0.03874999999999999 0 0.07099999999999999 0.03899999999999999 0 0.07074999999999999 0.03924999999999999 0 0.07050000000000002 0.03950000000000001 0 0.027 0.03750000000000001 0 0.027 0.03775000000000001 0 0.02725 0.03800000000000001 0 0.0275 0.03825000000000001 0 0.02775 0.03850000000000001 0 0.028 0.03875000000000001 0 0.02825 0.03900000000000001 0 0.0285 0.03925000000000001 0 0.02875 0.0395 0 0.0725 0.03749999999999999 0 0.0725 0.03774999999999999 0 0.07224999999999999 0.03799999999999999 0 0.07199999999999999 0.03824999999999999 0 0.07174999999999999 0.03849999999999999 0 0.07149999999999999 0.03874999999999999 0 0.07124999999999999 0.03899999999999999 0 0.07099999999999999 0.03924999999999999 0 0.07075000000000002 0.03950000000000001 0 0.02675 0.03750000000000001 0 0.02675 0.03775000000000001 0 0.027 0.03800000000000001 0 0.02725 0.03825000000000001 0 0.0275 0.03850000000000001 0 0.02775 0.03875000000000001 0 0.028 0.03900000000000001 0 0.02825 0.03925000000000001 0 0.0285 0.0395 0 0.07275 0.03749999999999999 0 0.07275 0.03774999999999999 0 0.0725 0.03799999999999999 0 0.07224999999999999 0.03824999999999999 0 0.07199999999999999 0.03849999999999999 0 0.07174999999999999 0.03874999999999999 0 0.07149999999999999 0.03899999999999999 0 0.07124999999999999 0.03924999999999999 0 0.07100000000000002 0.03950000000000001 0 0.02650000000000001 0.03750000000000001 0 0.02650000000000001 0.03775000000000001 0 0.02675 0.03800000000000001 0 0.027 0.03825000000000001 0 0.02725 0.03850000000000001 0 0.0275 0.03875000000000001 0 0.02775 0.03900000000000001 0 0.028 0.03925000000000001 0 0.02825 0.0395 0 0.073 0.03749999999999999 0 0.073 0.03774999999999999 0 0.07275 0.03799999999999999 0 0.0725 0.03824999999999999 0 0.07224999999999999 0.03849999999999999 0 0.07199999999999999 0.03874999999999999 0 0.07174999999999999 0.03899999999999999 0 0.07149999999999999 0.03924999999999999 0 0.07125000000000002 0.03950000000000001 0 0.02625000000000001 0.03750000000000001 0 0.02625000000000001 0.03775000000000001 0 0.02650000000000001 0.03800000000000001 0 0.02675 0.03825000000000001 0 0.027 0.03850000000000001 0 0.02725 0.03875000000000001 0 0.0275 0.03900000000000001 0 0.02775 0.03925000000000001 0 0.028 0.0395 0 0.07325 0.03749999999999999 0 0.07325 0.03774999999999999 0 0.073 0.03799999999999999 0 0.07275 0.03824999999999999 0 0.0725 0.03849999999999999 0 0.07224999999999999 0.03874999999999999 0 0.07199999999999999 0.03899999999999999 0 0.07174999999999999 0.03924999999999999 0 0.07150000000000002 0.03950000000000001 0 0.02600000000000001 0.03750000000000001 0 0.02600000000000001 0.03775000000000001 0 0.02625000000000001 0.03800000000000001 0 0.02650000000000001 0.03825000000000001 0 0.02675 0.03850000000000001 0 0.027 0.03875000000000001 0 0.02725 0.03900000000000001 0 0.0275 0.03925000000000001 0 0.02775 0.0395 0 0.0735 0.03749999999999999 0 0.0735 0.03774999999999999 0 0.07325 0.03799999999999999 0 0.073 0.03824999999999999 0 0.07275 0.03849999999999999 0 0.0725 0.03874999999999999 0 0.07224999999999999 0.03899999999999999 0 0.07199999999999999 0.03924999999999999 0 0.07175000000000002 0.03950000000000001 0 0.02575000000000001 0.03750000000000001 0 0.02575000000000001 0.03775000000000001 0 0.02600000000000001 0.03800000000000001 0 0.02625000000000001 0.03825000000000001 0 0.02650000000000001 0.03850000000000001 0 0.02675 0.03875000000000001 0 0.027 0.03900000000000001 0 0.02725 0.03925000000000001 0 0.0275 0.0395 0 0.07375 0.03749999999999999 0 0.07375 0.03774999999999999 0 0.0735 0.03799999999999999 0 0.07325 0.03824999999999999 0 0.073 0.03849999999999999 0 0.07275 0.03874999999999999 0 0.0725 0.03899999999999999 0 0.07224999999999999 0.03924999999999999 0 0.07200000000000002 0.03950000000000001 0 0.02550000000000001 0.03750000000000001 0 0.02550000000000001 0.03775000000000001 0 0.02575000000000001 0.03800000000000001 0 0.02600000000000001 0.03825000000000001 0 0.02625000000000001 0.03850000000000001 0 0.02650000000000001 0.03875000000000001 0 0.02675 0.03900000000000001 0 0.027 0.03925000000000001 0 0.02725 0.0395 0 0.074 0.03749999999999999 0 0.074 0.03774999999999999 0 0.07375 0.03799999999999999 0 0.0735 0.03824999999999999 0 0.07325 0.03849999999999999 0 0.073 0.03874999999999999 0 0.07275 0.03899999999999999 0 0.0725 0.03924999999999999 0 0.07225000000000002 0.03950000000000001 0 0.02525000000000001 0.03750000000000001 0 0.02525000000000001 0.03775000000000001 0 0.02550000000000001 0.03800000000000001 0 0.02575000000000001 0.03825000000000001 0 0.02600000000000001 0.03850000000000001 0 0.02625000000000001 0.03875000000000001 0 0.02650000000000001 0.03900000000000001 0 0.02675 0.03925000000000001 0 0.027 0.0395 0 0.07425 0.03749999999999999 0 0.07425 0.03774999999999999 0 0.074 0.03799999999999999 0 0.07375 0.03824999999999999 0 0.0735 0.03849999999999999 0 0.07325 0.03874999999999999 0 0.073 0.03899999999999999 0 0.07275 0.03924999999999999 0 0.07250000000000002 0.03950000000000001 0 0.025 0.03750000000000001 0 0.025 0.03775000000000001 0 0.02525000000000001 0.03800000000000001 0 0.02550000000000001 0.03825000000000001 0 0.02575000000000001 0.03850000000000001 0 0.02600000000000001 0.03875000000000001 0 0.02625000000000001 0.03900000000000001 0 0.02650000000000001 0.03925000000000001 0 0.02675 0.0395 0 0.0745 0.03749999999999999 0 0.0745 0.03774999999999999 0 0.07425 0.03799999999999999 0 0.074 0.03824999999999999 0 0.07375 0.03849999999999999 0 0.0735 0.03874999999999999 0 0.07325 0.03899999999999999 0 0.073 0.03924999999999999 0 0.07275000000000002 0.03950000000000001 0 0.02475 0.03750000000000001 0 0.02475 0.03775000000000001 0 0.025 0.03800000000000001 0 0.02525000000000001 0.03825000000000001 0 0.02550000000000001 0.03850000000000001 0 0.02575000000000001 0.03875000000000001 0 0.02600000000000001 0.03900000000000001 0 0.02625000000000001 0.03925000000000001 0 0.0265 0.0395 0 0.07475 0.03749999999999999 0 0.07475 0.03774999999999999 0 0.0745 0.03799999999999999 0 0.07425 0.03824999999999999 0 0.074 0.03849999999999999 0 0.07375 0.03874999999999999 0 0.0735 0.03899999999999999 0 0.07325 0.03924999999999999 0 0.07300000000000002 0.03950000000000001 0 0.0245 0.03750000000000001 0 0.0245 0.03775000000000001 0 0.02475 0.03800000000000001 0 0.025 0.03825000000000001 0 0.02525000000000001 0.03850000000000001 0 0.02550000000000001 0.03875000000000001 0 0.02575000000000001 0.03900000000000001 0 0.02600000000000001 0.03925000000000001 0 0.02625 0.0395 0 0.075 0.03749999999999999 0 0.075 0.03774999999999999 0 0.07475 0.03799999999999999 0 0.0745 0.03824999999999999 0 0.07425 0.03849999999999999 0 0.074 0.03874999999999999 0 0.07375 0.03899999999999999 0 0.0735 0.03924999999999999 0 0.07325000000000002 0.03950000000000001 0 0.02425 0.03750000000000001 0 0.02425 0.03775000000000001 0 0.0245 0.03800000000000001 0 0.02475 0.03825000000000001 0 0.025 0.03850000000000001 0 0.02525000000000001 0.03875000000000001 0 0.02550000000000001 0.03900000000000001 0 0.02575000000000001 0.03925000000000001 0 0.026 0.0395 0 0.07525 0.03749999999999999 0 0.07525 0.03774999999999999 0 0.075 0.03799999999999999 0 0.07475 0.03824999999999999 0 0.0745 0.03849999999999999 0 0.07425 0.03874999999999999 0 0.074 0.03899999999999999 0 0.07375 0.03924999999999999 0 0.07350000000000002 0.03950000000000001 0 0.024 0.03750000000000001 0 0.024 0.03775000000000001 0 0.02425 0.03800000000000001 0 0.0245 0.03825000000000001 0 0.02475 0.03850000000000001 0 0.025 0.03875000000000001 0 0.02525000000000001 0.03900000000000001 0 0.02550000000000001 0.03925000000000001 0 0.02575 0.0395 0 0.0755 0.03749999999999999 0 0.0755 0.03774999999999999 0 0.07525 0.03799999999999999 0 0.075 0.03824999999999999 0 0.07475 0.03849999999999999 0 0.0745 0.03874999999999999 0 0.07425 0.03899999999999999 0 0.074 0.03924999999999999 0 0.07375000000000002 0.03950000000000001 0 0.02375 0.03750000000000001 0 0.02375 0.03775000000000001 0 0.024 0.03800000000000001 0 0.02425 0.03825000000000001 0 0.0245 0.03850000000000001 0 0.02475 0.03875000000000001 0 0.025 0.03900000000000001 0 0.02525000000000001 0.03925000000000001 0 0.0255 0.0395 0 0.07575 0.03749999999999999 0 0.07575 0.03774999999999999 0 0.0755 0.03799999999999999 0 0.07525 0.03824999999999999 0 0.075 0.03849999999999999 0 0.07475 0.03874999999999999 0 0.0745 0.03899999999999999 0 0.07425 0.03924999999999999 0 0.07400000000000002 0.03950000000000001 0 0.0235 0.03750000000000001 0 0.0235 0.03775000000000001 0 0.02375 0.03800000000000001 0 0.024 0.03825000000000001 0 0.02425 0.03850000000000001 0 0.0245 0.03875000000000001 0 0.02475 0.03900000000000001 0 0.025 0.03925000000000001 0 0.02525 0.0395 0 0.076 0.03749999999999999 0 0.076 0.03774999999999999 0 0.07575 0.03799999999999999 0 0.0755 0.03824999999999999 0 0.07525 0.03849999999999999 0 0.075 0.03874999999999999 0 0.07475 0.03899999999999999 0 0.0745 0.03924999999999999 0 0.07425000000000002 0.03950000000000001 0 0.02325 0.03750000000000001 0 0.02325 0.03775000000000001 0 0.0235 0.03800000000000001 0 0.02375 0.03825000000000001 0 0.024 0.03850000000000001 0 0.02425 0.03875000000000001 0 0.0245 0.03900000000000001 0 0.02475 0.03925000000000001 0 0.025 0.0395 0 0.07625 0.03749999999999999 0 0.07625 0.03774999999999999 0 0.076 0.03799999999999999 0 0.07575 0.03824999999999999 0 0.0755 0.03849999999999999 0 0.07525 0.03874999999999999 0 0.075 0.03899999999999999 0 0.07475 0.03924999999999999 0 0.07450000000000002 0.03950000000000001 0 0.023 0.03750000000000001 0 0.023 0.03775000000000001 0 0.02325 0.03800000000000001 0 0.0235 0.03825000000000001 0 0.02375 0.03850000000000001 0 0.024 0.03875000000000001 0 0.02425 0.03900000000000001 0 0.0245 0.03925000000000001 0 0.02475 0.0395 0 0.0765 0.03749999999999999 0 0.0765 0.03774999999999999 0 0.07625 0.03799999999999999 0 0.076 0.03824999999999999 0 0.07575 0.03849999999999999 0 0.0755 0.03874999999999999 0 0.07525 0.03899999999999999 0 0.075 0.03924999999999999 0 0.07475000000000002 0.03950000000000001 0 0.02275 0.03750000000000001 0 0.02275 0.03775000000000001 0 0.023 0.03800000000000001 0 0.02325 0.03825000000000001 0 0.0235 0.03850000000000001 0 0.02375 0.03875000000000001 0 0.024 0.03900000000000001 0 0.02425 0.03925000000000001 0 0.0245 0.0395 0 0.07675 0.03749999999999999 0 0.07675 0.03774999999999999 0 0.0765 0.03799999999999999 0 0.07625 0.03824999999999999 0 0.076 0.03849999999999999 0 0.07575 0.03874999999999999 0 0.0755 0.03899999999999999 0 0.07525 0.03924999999999999 0 0.07500000000000002 0.03950000000000001 0 0.0225 0.03750000000000001 0 0.0225 0.03775000000000001 0 0.02275 0.03800000000000001 0 0.023 0.03825000000000001 0 0.02325 0.03850000000000001 0 0.0235 0.03875000000000001 0 0.02375 0.03900000000000001 0 0.024 0.03925000000000001 0 0.02425 0.0395 0 0.077 0.03749999999999999 0 0.077 0.03774999999999999 0 0.07675 0.03799999999999999 0 0.0765 0.03824999999999999 0 0.07625 0.03849999999999999 0 0.076 0.03874999999999999 0 0.07575 0.03899999999999999 0 0.0755 0.03924999999999999 0 0.07525000000000003 0.03950000000000001 0 0.02225000000000001 0.03750000000000001 0 0.02225000000000001 0.03775000000000001 0 0.0225 0.03800000000000001 0 0.02275 0.03825000000000001 0 0.023 0.03850000000000001 0 0.02325 0.03875000000000001 0 0.0235 0.03900000000000001 0 0.02375 0.03925000000000001 0 0.024 0.0395 0 0.07725 0.03749999999999999 0 0.07725 0.03774999999999999 0 0.077 0.03799999999999999 0 0.07675 0.03824999999999999 0 0.0765 0.03849999999999999 0 0.07625 0.03874999999999999 0 0.076 0.03899999999999999 0 0.07575 0.03924999999999999 0 0.07550000000000003 0.03950000000000001 0 0.02200000000000001 0.03750000000000001 0 0.02200000000000001 0.03775000000000001 0 0.02225000000000001 0.03800000000000001 0 0.0225 0.03825000000000001 0 0.02275 0.03850000000000001 0 0.023 0.03875000000000001 0 0.02325 0.03900000000000001 0 0.0235 0.03925000000000001 0 0.02375 0.0395 0 0.0775 0.03749999999999999 0 0.0775 0.03774999999999999 0 0.07725 0.03799999999999999 0 0.077 0.03824999999999999 0 0.07675 0.03849999999999999 0 0.0765 0.03874999999999999 0 0.07625 0.03899999999999999 0 0.076 0.03924999999999999 0 0.07575000000000003 0.03950000000000001 0 0.02175000000000001 0.03750000000000001 0 0.02175000000000001 0.03775000000000001 0 0.02200000000000001 0.03800000000000001 0 0.02225000000000001 0.03825000000000001 0 0.0225 0.03850000000000001 0 0.02275 0.03875000000000001 0 0.023 0.03900000000000001 0 0.02325 0.03925000000000001 0 0.0235 0.0395 0 0.07774999999999999 0.03749999999999999 0 0.07774999999999999 0.03774999999999999 0 0.0775 0.03799999999999999 0 0.07725 0.03824999999999999 0 0.077 0.03849999999999999 0 0.07675 0.03874999999999999 0 0.0765 0.03899999999999999 0 0.07625 0.03924999999999999 0 0.07600000000000003 0.03950000000000001 0 0.02150000000000001 0.03750000000000001 0 0.02150000000000001 0.03775000000000001 0 0.02175000000000001 0.03800000000000001 0 0.02200000000000001 0.03825000000000001 0 0.02225000000000001 0.03850000000000001 0 0.0225 0.03875000000000001 0 0.02275 0.03900000000000001 0 0.023 0.03925000000000001 0 0.02325 0.0395 0 0.07799999999999999 0.03749999999999999 0 0.07799999999999999 0.03774999999999999 0 0.07774999999999999 0.03799999999999999 0 0.0775 0.03824999999999999 0 0.07725 0.03849999999999999 0 0.077 0.03874999999999999 0 0.07675 0.03899999999999999 0 0.0765 0.03924999999999999 0 0.07625000000000003 0.03950000000000001 0 0.02125 0.03750000000000001 0 0.02125 0.03775000000000001 0 0.02150000000000001 0.03800000000000001 0 0.02175000000000001 0.03825000000000001 0 0.02200000000000001 0.03850000000000001 0 0.02225000000000001 0.03875000000000001 0 0.0225 0.03900000000000001 0 0.02275 0.03925000000000001 0 0.023 0.0395 0 0.07824999999999999 0.03749999999999999 0 0.07824999999999999 0.03774999999999999 0 0.07799999999999999 0.03799999999999999 0 0.07774999999999999 0.03824999999999999 0 0.0775 0.03849999999999999 0 0.07725 0.03874999999999999 0 0.077 0.03899999999999999 0 0.07675 0.03924999999999999 0 0.07650000000000003 0.03950000000000001 0 0.021 0.03750000000000001 0 0.021 0.03775000000000001 0 0.02125 0.03800000000000001 0 0.02150000000000001 0.03825000000000001 0 0.02175000000000001 0.03850000000000001 0 0.02200000000000001 0.03875000000000001 0 0.02225000000000001 0.03900000000000001 0 0.0225 0.03925000000000001 0 0.02275 0.0395 0 0.07849999999999999 0.03749999999999999 0 0.07849999999999999 0.03774999999999999 0 0.07824999999999999 0.03799999999999999 0 0.07799999999999999 0.03824999999999999 0 0.07774999999999999 0.03849999999999999 0 0.0775 0.03874999999999999 0 0.07725 0.03899999999999999 0 0.077 0.03924999999999999 0 0.07675000000000003 0.03950000000000001 0 0.02075 0.03750000000000001 0 0.02075 0.03775000000000001 0 0.021 0.03800000000000001 0 0.02125 0.03825000000000001 0 0.02150000000000001 0.03850000000000001 0 0.02175000000000001 0.03875000000000001 0 0.02200000000000001 0.03900000000000001 0 0.02225000000000001 0.03925000000000001 0 0.0225 0.0395 0 0.07874999999999999 0.03749999999999999 0 0.07874999999999999 0.03774999999999999 0 0.07849999999999999 0.03799999999999999 0 0.07824999999999999 0.03824999999999999 0 0.07799999999999999 0.03849999999999999 0 0.07774999999999999 0.03874999999999999 0 0.0775 0.03899999999999999 0 0.07725 0.03924999999999999 0 0.07700000000000003 0.03950000000000001 0 0.0205 0.03750000000000001 0 0.0205 0.03775000000000001 0 0.02075 0.03800000000000001 0 0.021 0.03825000000000001 0 0.02125 0.03850000000000001 0 0.02150000000000001 0.03875000000000001 0 0.02175000000000001 0.03900000000000001 0 0.02200000000000001 0.03925000000000001 0 0.02225 0.0395 0 0.07899999999999999 0.03749999999999999 0 0.07899999999999999 0.03774999999999999 0 0.07874999999999999 0.03799999999999999 0 0.07849999999999999 0.03824999999999999 0 0.07824999999999999 0.03849999999999999 0 0.07799999999999999 0.03874999999999999 0 0.07774999999999999 0.03899999999999999 0 0.0775 0.03924999999999999 0 0.07725000000000003 0.03950000000000001 0 0.02025 0.03750000000000001 0 0.02025 0.03775000000000001 0 0.0205 0.03800000000000001 0 0.02075 0.03825000000000001 0 0.021 0.03850000000000001 0 0.02125 0.03875000000000001 0 0.02150000000000001 0.03900000000000001 0 0.02175000000000001 0.03925000000000001 0 0.022 0.0395 0 0.07924999999999999 0.03749999999999999 0 0.07924999999999999 0.03774999999999999 0 0.07899999999999999 0.03799999999999999 0 0.07874999999999999 0.03824999999999999 0 0.07849999999999999 0.03849999999999999 0 0.07824999999999999 0.03874999999999999 0 0.07799999999999999 0.03899999999999999 0 0.07774999999999999 0.03924999999999999 0 0.07750000000000003 0.03950000000000001 0 0.02 0.03750000000000001 0 0.02 0.03775000000000001 0 0.02025 0.03800000000000001 0 0.0205 0.03825000000000001 0 0.02075 0.03850000000000001 0 0.021 0.03875000000000001 0 0.02125 0.03900000000000001 0 0.02150000000000001 0.03925000000000001 0 0.02175 0.0395 0 0.07949999999999999 0.03749999999999999 0 0.07949999999999999 0.03774999999999999 0 0.07924999999999999 0.03799999999999999 0 0.07899999999999999 0.03824999999999999 0 0.07874999999999999 0.03849999999999999 0 0.07849999999999999 0.03874999999999999 0 0.07824999999999999 0.03899999999999999 0 0.07799999999999999 0.03924999999999999 0 0.07775000000000001 0.03950000000000001 0 0.01975 0.03750000000000001 0 0.01975 0.03775000000000001 0 0.02 0.03800000000000001 0 0.02025 0.03825000000000001 0 0.0205 0.03850000000000001 0 0.02075 0.03875000000000001 0 0.021 0.03900000000000001 0 0.02125 0.03925000000000001 0 0.0215 0.0395 0 0.07974999999999999 0.03749999999999999 0 0.07974999999999999 0.03774999999999999 0 0.07949999999999999 0.03799999999999999 0 0.07924999999999999 0.03824999999999999 0 0.07899999999999999 0.03849999999999999 0 0.07874999999999999 0.03874999999999999 0 0.07849999999999999 0.03899999999999999 0 0.07824999999999999 0.03924999999999999 0 0.07800000000000001 0.03950000000000001 0 0.0195 0.03750000000000001 0 0.0195 0.03775000000000001 0 0.01975 0.03800000000000001 0 0.02 0.03825000000000001 0 0.02025 0.03850000000000001 0 0.0205 0.03875000000000001 0 0.02075 0.03900000000000001 0 0.021 0.03925000000000001 0 0.02125 0.0395 0 0.07999999999999999 0.03749999999999999 0 0.07999999999999999 0.03774999999999999 0 0.07974999999999999 0.03799999999999999 0 0.07949999999999999 0.03824999999999999 0 0.07924999999999999 0.03849999999999999 0 0.07899999999999999 0.03874999999999999 0 0.07874999999999999 0.03899999999999999 0 0.07849999999999999 0.03924999999999999 0 0.07825000000000001 0.03950000000000001 0 0.01925 0.03750000000000001 0 0.01925 0.03775000000000001 0 0.0195 0.03800000000000001 0 0.01975 0.03825000000000001 0 0.02 0.03850000000000001 0 0.02025 0.03875000000000001 0 0.0205 0.03900000000000001 0 0.02075 0.03925000000000001 0 0.021 0.0395 0 0.08024999999999999 0.03749999999999999 0 0.08024999999999999 0.03774999999999999 0 0.07999999999999999 0.03799999999999999 0 0.07974999999999999 0.03824999999999999 0 0.07949999999999999 0.03849999999999999 0 0.07924999999999999 0.03874999999999999 0 0.07899999999999999 0.03899999999999999 0 0.07874999999999999 0.03924999999999999 0 0.07850000000000001 0.03950000000000001 0 0.019 0.03750000000000001 0 0.019 0.03775000000000001 0 0.01925 0.03800000000000001 0 0.0195 0.03825000000000001 0 0.01975 0.03850000000000001 0 0.02 0.03875000000000001 0 0.02025 0.03900000000000001 0 0.0205 0.03925000000000001 0 0.02075 0.0395 0 0.08049999999999999 0.03749999999999999 0 0.08049999999999999 0.03774999999999999 0 0.08024999999999999 0.03799999999999999 0 0.07999999999999999 0.03824999999999999 0 0.07974999999999999 0.03849999999999999 0 0.07949999999999999 0.03874999999999999 0 0.07924999999999999 0.03899999999999999 0 0.07899999999999999 0.03924999999999999 0 0.07875000000000001 0.03950000000000001 0 0.01875 0.03750000000000001 0 0.01875 0.03775000000000001 0 0.019 0.03800000000000001 0 0.01925 0.03825000000000001 0 0.0195 0.03850000000000001 0 0.01975 0.03875000000000001 0 0.02 0.03900000000000001 0 0.02025 0.03925000000000001 0 0.0205 0.0395 0 0.08074999999999999 0.03749999999999999 0 0.08074999999999999 0.03774999999999999 0 0.08049999999999999 0.03799999999999999 0 0.08024999999999999 0.03824999999999999 0 0.07999999999999999 0.03849999999999999 0 0.07974999999999999 0.03874999999999999 0 0.07949999999999999 0.03899999999999999 0 0.07924999999999999 0.03924999999999999 0 0.07900000000000001 0.03950000000000001 0 0.01850000000000001 0.03750000000000001 0 0.01850000000000001 0.03775000000000001 0 0.01875 0.03800000000000001 0 0.019 0.03825000000000001 0 0.01925 0.03850000000000001 0 0.0195 0.03875000000000001 0 0.01975 0.03900000000000001 0 0.02 0.03925000000000001 0 0.02025 0.0395 0 0.08099999999999999 0.03749999999999999 0 0.08099999999999999 0.03774999999999999 0 0.08074999999999999 0.03799999999999999 0 0.08049999999999999 0.03824999999999999 0 0.08024999999999999 0.03849999999999999 0 0.07999999999999999 0.03874999999999999 0 0.07974999999999999 0.03899999999999999 0 0.07949999999999999 0.03924999999999999 0 0.07925000000000001 0.03950000000000001 0 0.01825000000000001 0.03750000000000001 0 0.01825000000000001 0.03775000000000001 0 0.01850000000000001 0.03800000000000001 0 0.01875 0.03825000000000001 0 0.019 0.03850000000000001 0 0.01925 0.03875000000000001 0 0.0195 0.03900000000000001 0 0.01975 0.03925000000000001 0 0.02 0.0395 0 0.08124999999999999 0.03749999999999999 0 0.08124999999999999 0.03774999999999999 0 0.08099999999999999 0.03799999999999999 0 0.08074999999999999 0.03824999999999999 0 0.08049999999999999 0.03849999999999999 0 0.08024999999999999 0.03874999999999999 0 0.07999999999999999 0.03899999999999999 0 0.07974999999999999 0.03924999999999999 0 0.07950000000000002 0.03950000000000001 0 0.01800000000000001 0.03750000000000001 0 0.01800000000000001 0.03775000000000001 0 0.01825000000000001 0.03800000000000001 0 0.01850000000000001 0.03825000000000001 0 0.01875 0.03850000000000001 0 0.019 0.03875000000000001 0 0.01925 0.03900000000000001 0 0.0195 0.03925000000000001 0 0.01975 0.0395 0 0.08149999999999999 0.03749999999999999 0 0.08149999999999999 0.03774999999999999 0 0.08124999999999999 0.03799999999999999 0 0.08099999999999999 0.03824999999999999 0 0.08074999999999999 0.03849999999999999 0 0.08049999999999999 0.03874999999999999 0 0.08024999999999999 0.03899999999999999 0 0.07999999999999999 0.03924999999999999 0 0.07975000000000002 0.03950000000000001 0 0.01775000000000001 0.03750000000000001 0 0.01775000000000001 0.03775000000000001 0 0.01800000000000001 0.03800000000000001 0 0.01825000000000001 0.03825000000000001 0 0.01850000000000001 0.03850000000000001 0 0.01875 0.03875000000000001 0 0.019 0.03900000000000001 0 0.01925 0.03925000000000001 0 0.0195 0.0395 0 0.08174999999999999 0.03749999999999999 0 0.08174999999999999 0.03774999999999999 0 0.08149999999999999 0.03799999999999999 0 0.08124999999999999 0.03824999999999999 0 0.08099999999999999 0.03849999999999999 0 0.08074999999999999 0.03874999999999999 0 0.08049999999999999 0.03899999999999999 0 0.08024999999999999 0.03924999999999999 0 0.08000000000000002 0.03950000000000001 0 0.01750000000000001 0.03750000000000001 0 0.01750000000000001 0.03775000000000001 0 0.01775000000000001 0.03800000000000001 0 0.01800000000000001 0.03825000000000001 0 0.01825000000000001 0.03850000000000001 0 0.01850000000000001 0.03875000000000001 0 0.01875 0.03900000000000001 0 0.019 0.03925000000000001 0 0.01925 0.0395 0 0.08199999999999999 0.03749999999999999 0 0.08199999999999999 0.03774999999999999 0 0.08174999999999999 0.03799999999999999 0 0.08149999999999999 0.03824999999999999 0 0.08124999999999999 0.03849999999999999 0 0.08099999999999999 0.03874999999999999 0 0.08074999999999999 0.03899999999999999 0 0.08049999999999999 0.03924999999999999 0 0.08025000000000002 0.03950000000000001 0 0.01725 0.03750000000000001 0 0.01725 0.03775000000000001 0 0.01750000000000001 0.03800000000000001 0 0.01775000000000001 0.03825000000000001 0 0.01800000000000001 0.03850000000000001 0 0.01825000000000001 0.03875000000000001 0 0.01850000000000001 0.03900000000000001 0 0.01875 0.03925000000000001 0 0.019 0.0395 0 0.08224999999999999 0.03749999999999999 0 0.08224999999999999 0.03774999999999999 0 0.08199999999999999 0.03799999999999999 0 0.08174999999999999 0.03824999999999999 0 0.08149999999999999 0.03849999999999999 0 0.08124999999999999 0.03874999999999999 0 0.08099999999999999 0.03899999999999999 0 0.08074999999999999 0.03924999999999999 0 0.08050000000000002 0.03950000000000001 0 0.017 0.03750000000000001 0 0.017 0.03775000000000001 0 0.01725 0.03800000000000001 0 0.01750000000000001 0.03825000000000001 0 0.01775000000000001 0.03850000000000001 0 0.01800000000000001 0.03875000000000001 0 0.01825000000000001 0.03900000000000001 0 0.01850000000000001 0.03925000000000001 0 0.01875 0.0395 0 0.08249999999999999 0.03749999999999999 0 0.08249999999999999 0.03774999999999999 0 0.08224999999999999 0.03799999999999999 0 0.08199999999999999 0.03824999999999999 0 0.08174999999999999 0.03849999999999999 0 0.08149999999999999 0.03874999999999999 0 0.08124999999999999 0.03899999999999999 0 0.08099999999999999 0.03924999999999999 0 0.08075000000000002 0.03950000000000001 0 0.01675 0.03750000000000001 0 0.01675 0.03775000000000001 0 0.017 0.03800000000000001 0 0.01725 0.03825000000000001 0 0.01750000000000001 0.03850000000000001 0 0.01775000000000001 0.03875000000000001 0 0.01800000000000001 0.03900000000000001 0 0.01825000000000001 0.03925000000000001 0 0.0185 0.0395 0 0.08274999999999999 0.03749999999999999 0 0.08274999999999999 0.03774999999999999 0 0.08249999999999999 0.03799999999999999 0 0.08224999999999999 0.03824999999999999 0 0.08199999999999999 0.03849999999999999 0 0.08174999999999999 0.03874999999999999 0 0.08149999999999999 0.03899999999999999 0 0.08124999999999999 0.03924999999999999 0 0.08100000000000002 0.03950000000000001 0 0.0165 0.03750000000000001 0 0.0165 0.03775000000000001 0 0.01675 0.03800000000000001 0 0.017 0.03825000000000001 0 0.01725 0.03850000000000001 0 0.01750000000000001 0.03875000000000001 0 0.01775000000000001 0.03900000000000001 0 0.01800000000000001 0.03925000000000001 0 0.01825 0.0395 0 0.08299999999999999 0.03749999999999999 0 0.08299999999999999 0.03774999999999999 0 0.08274999999999999 0.03799999999999999 0 0.08249999999999999 0.03824999999999999 0 0.08224999999999999 0.03849999999999999 0 0.08199999999999999 0.03874999999999999 0 0.08174999999999999 0.03899999999999999 0 0.08149999999999999 0.03924999999999999 0 0.08125000000000002 0.03950000000000001 0 0.01625 0.03750000000000001 0 0.01625 0.03775000000000001 0 0.0165 0.03800000000000001 0 0.01675 0.03825000000000001 0 0.017 0.03850000000000001 0 0.01725 0.03875000000000001 0 0.01750000000000001 0.03900000000000001 0 0.01775000000000001 0.03925000000000001 0 0.018 0.0395 0 0.08324999999999999 0.03749999999999999 0 0.08324999999999999 0.03774999999999999 0 0.08299999999999999 0.03799999999999999 0 0.08274999999999999 0.03824999999999999 0 0.08249999999999999 0.03849999999999999 0 0.08224999999999999 0.03874999999999999 0 0.08199999999999999 0.03899999999999999 0 0.08174999999999999 0.03924999999999999 0 0.08150000000000002 0.03950000000000001 0 0.016 0.03750000000000001 0 0.016 0.03775000000000001 0 0.01625 0.03800000000000001 0 0.0165 0.03825000000000001 0 0.01675 0.03850000000000001 0 0.017 0.03875000000000001 0 0.01725 0.03900000000000001 0 0.01750000000000001 0.03925000000000001 0 0.01775 0.0395 0 0.08349999999999999 0.03749999999999999 0 0.08349999999999999 0.03774999999999999 0 0.08324999999999999 0.03799999999999999 0 0.08299999999999999 0.03824999999999999 0 0.08274999999999999 0.03849999999999999 0 0.08249999999999999 0.03874999999999999 0 0.08224999999999999 0.03899999999999999 0 0.08199999999999999 0.03924999999999999 0 0.08175000000000002 0.03950000000000001 0 0.01575 0.03750000000000001 0 0.01575 0.03775000000000001 0 0.016 0.03800000000000001 0 0.01625 0.03825000000000001 0 0.0165 0.03850000000000001 0 0.01675 0.03875000000000001 0 0.017 0.03900000000000001 0 0.01725 0.03925000000000001 0 0.0175 0.0395 0 0.08374999999999999 0.03749999999999999 0 0.08374999999999999 0.03774999999999999 0 0.08349999999999999 0.03799999999999999 0 0.08324999999999999 0.03824999999999999 0 0.08299999999999999 0.03849999999999999 0 0.08274999999999999 0.03874999999999999 0 0.08249999999999999 0.03899999999999999 0 0.08224999999999999 0.03924999999999999 0 0.08200000000000002 0.03950000000000001 0 0.0155 0.03750000000000001 0 0.0155 0.03775000000000001 0 0.01575 0.03800000000000001 0 0.016 0.03825000000000001 0 0.01625 0.03850000000000001 0 0.0165 0.03875000000000001 0 0.01675 0.03900000000000001 0 0.017 0.03925000000000001 0 0.01725 0.0395 0 0.08399999999999999 0.03749999999999999 0 0.08399999999999999 0.03774999999999999 0 0.08374999999999999 0.03799999999999999 0 0.08349999999999999 0.03824999999999999 0 0.08324999999999999 0.03849999999999999 0 0.08299999999999999 0.03874999999999999 0 0.08274999999999999 0.03899999999999999 0 0.08249999999999999 0.03924999999999999 0 0.08225000000000002 0.03950000000000001 0 0.01525 0.03750000000000001 0 0.01525 0.03775000000000001 0 0.0155 0.03800000000000001 0 0.01575 0.03825000000000001 0 0.016 0.03850000000000001 0 0.01625 0.03875000000000001 0 0.0165 0.03900000000000001 0 0.01675 0.03925000000000001 0 0.017 0.0395 0 0.08424999999999999 0.03749999999999999 0 0.08424999999999999 0.03774999999999999 0 0.08399999999999999 0.03799999999999999 0 0.08374999999999999 0.03824999999999999 0 0.08349999999999999 0.03849999999999999 0 0.08324999999999999 0.03874999999999999 0 0.08299999999999999 0.03899999999999999 0 0.08274999999999999 0.03924999999999999 0 0.08250000000000002 0.03950000000000001 0 0.015 0.03750000000000001 0 0.015 0.03775000000000001 0 0.01525 0.03800000000000001 0 0.0155 0.03825000000000001 0 0.01575 0.03850000000000001 0 0.016 0.03875000000000001 0 0.01625 0.03900000000000001 0 0.0165 0.03925000000000001 0 0.01675 0.0395 0 0.08449999999999999 0.03749999999999999 0 0.08449999999999999 0.03774999999999999 0 0.08424999999999999 0.03799999999999999 0 0.08399999999999999 0.03824999999999999 0 0.08374999999999999 0.03849999999999999 0 0.08349999999999999 0.03874999999999999 0 0.08324999999999999 0.03899999999999999 0 0.08299999999999999 0.03924999999999999 0 0.08275000000000002 0.03950000000000001 0 0.01475 0.03750000000000001 0 0.01475 0.03775000000000001 0 0.015 0.03800000000000001 0 0.01525 0.03825000000000001 0 0.0155 0.03850000000000001 0 0.01575 0.03875000000000001 0 0.016 0.03900000000000001 0 0.01625 0.03925000000000001 0 0.0165 0.0395 0 0.08474999999999999 0.03749999999999999 0 0.08474999999999999 0.03774999999999999 0 0.08449999999999999 0.03799999999999999 0 0.08424999999999999 0.03824999999999999 0 0.08399999999999999 0.03849999999999999 0 0.08374999999999999 0.03874999999999999 0 0.08349999999999999 0.03899999999999999 0 0.08324999999999999 0.03924999999999999 0 0.08300000000000002 0.03950000000000001 0 0.0145 0.03750000000000001 0 0.0145 0.03775000000000001 0 0.01475 0.03800000000000001 0 0.015 0.03825000000000001 0 0.01525 0.03850000000000001 0 0.0155 0.03875000000000001 0 0.01575 0.03900000000000001 0 0.016 0.03925000000000001 0 0.01625 0.0395 0 0.08499999999999999 0.03749999999999999 0 0.08499999999999999 0.03774999999999999 0 0.08474999999999999 0.03799999999999999 0 0.08449999999999999 0.03824999999999999 0 0.08424999999999999 0.03849999999999999 0 0.08399999999999999 0.03874999999999999 0 0.08374999999999999 0.03899999999999999 0 0.08349999999999999 0.03924999999999999 0 0.08325000000000002 0.03950000000000001 0 0.01425 0.03750000000000001 0 0.01425 0.03775000000000001 0 0.0145 0.03800000000000001 0 0.01475 0.03825000000000001 0 0.015 0.03850000000000001 0 0.01525 0.03875000000000001 0 0.0155 0.03900000000000001 0 0.01575 0.03925000000000001 0 0.016 0.0395 0 0.08524999999999999 0.03749999999999999 0 0.08524999999999999 0.03774999999999999 0 0.08499999999999999 0.03799999999999999 0 0.08474999999999999 0.03824999999999999 0 0.08449999999999999 0.03849999999999999 0 0.08424999999999999 0.03874999999999999 0 0.08399999999999999 0.03899999999999999 0 0.08374999999999999 0.03924999999999999 0 0.08350000000000002 0.03950000000000001 0 0.014 0.03750000000000001 0 0.014 0.03775000000000001 0 0.01425 0.03800000000000001 0 0.0145 0.03825000000000001 0 0.01475 0.03850000000000001 0 0.015 0.03875000000000001 0 0.01525 0.03900000000000001 0 0.0155 0.03925000000000001 0 0.01575 0.0395 0 0.08549999999999999 0.03749999999999999 0 0.08549999999999999 0.03774999999999999 0 0.08524999999999999 0.03799999999999999 0 0.08499999999999999 0.03824999999999999 0 0.08474999999999999 0.03849999999999999 0 0.08449999999999999 0.03874999999999999 0 0.08424999999999999 0.03899999999999999 0 0.08399999999999999 0.03924999999999999 0 0.08375000000000002 0.03950000000000001 0 0.01375 0.03750000000000001 0 0.01375 0.03775000000000001 0 0.014 0.03800000000000001 0 0.01425 0.03825000000000001 0 0.0145 0.03850000000000001 0 0.01475 0.03875000000000001 0 0.015 0.03900000000000001 0 0.01525 0.03925000000000001 0 0.0155 0.0395 0 0.08574999999999999 0.03749999999999999 0 0.08574999999999999 0.03774999999999999 0 0.08549999999999999 0.03799999999999999 0 0.08524999999999999 0.03824999999999999 0 0.08499999999999999 0.03849999999999999 0 0.08474999999999999 0.03874999999999999 0 0.08449999999999999 0.03899999999999999 0 0.08424999999999999 0.03924999999999999 0 0.08400000000000002 0.03950000000000001 0 0.0135 0.03750000000000001 0 0.0135 0.03775000000000001 0 0.01375 0.03800000000000001 0 0.014 0.03825000000000001 0 0.01425 0.03850000000000001 0 0.0145 0.03875000000000001 0 0.01475 0.03900000000000001 0 0.015 0.03925000000000001 0 0.01525 0.0395 0 0.08599999999999999 0.03749999999999999 0 0.08599999999999999 0.03774999999999999 0 0.08574999999999999 0.03799999999999999 0 0.08549999999999999 0.03824999999999999 0 0.08524999999999999 0.03849999999999999 0 0.08499999999999999 0.03874999999999999 0 0.08474999999999999 0.03899999999999999 0 0.08449999999999999 0.03924999999999999 0 0.08425000000000002 0.03950000000000001 0 0.01325 0.03750000000000001 0 0.01325 0.03775000000000001 0 0.0135 0.03800000000000001 0 0.01375 0.03825000000000001 0 0.014 0.03850000000000001 0 0.01425 0.03875000000000001 0 0.0145 0.03900000000000001 0 0.01475 0.03925000000000001 0 0.015 0.0395 0 0.08624999999999999 0.03749999999999999 0 0.08624999999999999 0.03774999999999999 0 0.08599999999999999 0.03799999999999999 0 0.08574999999999999 0.03824999999999999 0 0.08549999999999999 0.03849999999999999 0 0.08524999999999999 0.03874999999999999 0 0.08499999999999999 0.03899999999999999 0 0.08474999999999999 0.03924999999999999 0 0.08450000000000002 0.03950000000000001 0 0.013 0.03750000000000001 0 0.013 0.03775000000000001 0 0.01325 0.03800000000000001 0 0.0135 0.03825000000000001 0 0.01375 0.03850000000000001 0 0.014 0.03875000000000001 0 0.01425 0.03900000000000001 0 0.0145 0.03925000000000001 0 0.01475 0.0395 0 0.08649999999999999 0.03749999999999999 0 0.08649999999999999 0.03774999999999999 0 0.08624999999999999 0.03799999999999999 0 0.08599999999999999 0.03824999999999999 0 0.08574999999999999 0.03849999999999999 0 0.08549999999999999 0.03874999999999999 0 0.08524999999999999 0.03899999999999999 0 0.08499999999999999 0.03924999999999999 0 0.08475000000000002 0.03950000000000001 0 0.01275 0.03750000000000001 0 0.01275 0.03775000000000001 0 0.013 0.03800000000000001 0 0.01325 0.03825000000000001 0 0.0135 0.03850000000000001 0 0.01375 0.03875000000000001 0 0.014 0.03900000000000001 0 0.01425 0.03925000000000001 0 0.0145 0.0395 0 0.08674999999999999 0.03749999999999999 0 0.08674999999999999 0.03774999999999999 0 0.08649999999999999 0.03799999999999999 0 0.08624999999999999 0.03824999999999999 0 0.08599999999999999 0.03849999999999999 0 0.08574999999999999 0.03874999999999999 0 0.08549999999999999 0.03899999999999999 0 0.08524999999999999 0.03924999999999999 0 0.08500000000000002 0.03950000000000001 0 0.0125 0.03750000000000001 0 0.0125 0.03775000000000001 0 0.01275 0.03800000000000001 0 0.013 0.03825000000000001 0 0.01325 0.03850000000000001 0 0.0135 0.03875000000000001 0 0.01375 0.03900000000000001 0 0.014 0.03925000000000001 0 0.01425 0.0395 0 0.08699999999999999 0.03749999999999999 0 0.08699999999999999 0.03774999999999999 0 0.08674999999999999 0.03799999999999999 0 0.08649999999999999 0.03824999999999999 0 0.08624999999999999 0.03849999999999999 0 0.08599999999999999 0.03874999999999999 0 0.08574999999999999 0.03899999999999999 0 0.08549999999999999 0.03924999999999999 0 0.08525000000000002 0.03950000000000001 0 0.01225 0.03750000000000001 0 0.01225 0.03775000000000001 0 0.0125 0.03800000000000001 0 0.01275 0.03825000000000001 0 0.013 0.03850000000000001 0 0.01325 0.03875000000000001 0 0.0135 0.03900000000000001 0 0.01375 0.03925000000000001 0 0.014 0.0395 0 0.08724999999999999 0.03749999999999999 0 0.08724999999999999 0.03774999999999999 0 0.08699999999999999 0.03799999999999999 0 0.08674999999999999 0.03824999999999999 0 0.08649999999999999 0.03849999999999999 0 0.08624999999999999 0.03874999999999999 0 0.08599999999999999 0.03899999999999999 0 0.08574999999999999 0.03924999999999999 0 0.08550000000000002 0.03950000000000001 0 0.012 0.03750000000000001 0 0.012 0.03775000000000001 0 0.01225 0.03800000000000001 0 0.0125 0.03825000000000001 0 0.01275 0.03850000000000001 0 0.013 0.03875000000000001 0 0.01325 0.03900000000000001 0 0.0135 0.03925000000000001 0 0.01375 0.0395 0 0.08749999999999999 0.03749999999999999 0 0.08749999999999999 0.03774999999999999 0 0.08724999999999999 0.03799999999999999 0 0.08699999999999999 0.03824999999999999 0 0.08674999999999999 0.03849999999999999 0 0.08649999999999999 0.03874999999999999 0 0.08624999999999999 0.03899999999999999 0 0.08599999999999999 0.03924999999999999 0 0.08575000000000002 0.03950000000000001 0 0.01175 0.03750000000000001 0 0.01175 0.03775000000000001 0 0.012 0.03800000000000001 0 0.01225 0.03825000000000001 0 0.0125 0.03850000000000001 0 0.01275 0.03875000000000001 0 0.013 0.03900000000000001 0 0.01325 0.03925000000000001 0 0.0135 0.0395 0 0.08774999999999998 0.03749999999999999 0 0.08774999999999998 0.03774999999999999 0 0.08749999999999999 0.03799999999999999 0 0.08724999999999999 0.03824999999999999 0 0.08699999999999999 0.03849999999999999 0 0.08674999999999999 0.03874999999999999 0 0.08649999999999999 0.03899999999999999 0 0.08624999999999999 0.03924999999999999 0 0.08600000000000002 0.03950000000000001 0 0.0115 0.03750000000000001 0 0.0115 0.03775000000000001 0 0.01175 0.03800000000000001 0 0.012 0.03825000000000001 0 0.01225 0.03850000000000001 0 0.0125 0.03875000000000001 0 0.01275 0.03900000000000001 0 0.013 0.03925000000000001 0 0.01325 0.0395 0 0.08799999999999998 0.03749999999999999 0 0.08799999999999998 0.03774999999999999 0 0.08774999999999998 0.03799999999999999 0 0.08749999999999999 0.03824999999999999 0 0.08724999999999999 0.03849999999999999 0 0.08699999999999999 0.03874999999999999 0 0.08674999999999999 0.03899999999999999 0 0.08649999999999999 0.03924999999999999 0 0.08625000000000002 0.03950000000000001 0 0.01125 0.03750000000000001 0 0.01125 0.03775000000000001 0 0.0115 0.03800000000000001 0 0.01175 0.03825000000000001 0 0.012 0.03850000000000001 0 0.01225 0.03875000000000001 0 0.0125 0.03900000000000001 0 0.01275 0.03925000000000001 0 0.013 0.0395 0 0.08824999999999998 0.03749999999999999 0 0.08824999999999998 0.03774999999999999 0 0.08799999999999998 0.03799999999999999 0 0.08774999999999998 0.03824999999999999 0 0.08749999999999999 0.03849999999999999 0 0.08724999999999999 0.03874999999999999 0 0.08699999999999999 0.03899999999999999 0 0.08674999999999999 0.03924999999999999 0 0.08650000000000002 0.03950000000000001 0 0.011 0.03750000000000001 0 0.011 0.03775000000000001 0 0.01125 0.03800000000000001 0 0.0115 0.03825000000000001 0 0.01175 0.03850000000000001 0 0.012 0.03875000000000001 0 0.01225 0.03900000000000001 0 0.0125 0.03925000000000001 0 0.01275 0.0395 0 0.08849999999999998 0.03749999999999999 0 0.08849999999999998 0.03774999999999999 0 0.08824999999999998 0.03799999999999999 0 0.08799999999999998 0.03824999999999999 0 0.08774999999999998 0.03849999999999999 0 0.08749999999999999 0.03874999999999999 0 0.08724999999999999 0.03899999999999999 0 0.08699999999999999 0.03924999999999999 0 0.08675000000000002 0.03950000000000001 0 0.01075 0.03750000000000001 0 0.01075 0.03775000000000001 0 0.011 0.03800000000000001 0 0.01125 0.03825000000000001 0 0.0115 0.03850000000000001 0 0.01175 0.03875000000000001 0 0.012 0.03900000000000001 0 0.01225 0.03925000000000001 0 0.0125 0.0395 0 0.08874999999999998 0.03749999999999999 0 0.08874999999999998 0.03774999999999999 0 0.08849999999999998 0.03799999999999999 0 0.08824999999999998 0.03824999999999999 0 0.08799999999999998 0.03849999999999999 0 0.08774999999999998 0.03874999999999999 0 0.08749999999999999 0.03899999999999999 0 0.08724999999999999 0.03924999999999999 0 0.08700000000000002 0.03950000000000001 0 0.0105 0.03750000000000001 0 0.0105 0.03775000000000001 0 0.01075 0.03800000000000001 0 0.011 0.03825000000000001 0 0.01125 0.03850000000000001 0 0.0115 0.03875000000000001 0 0.01175 0.03900000000000001 0 0.012 0.03925000000000001 0 0.01225 0.0395 0 0.08899999999999998 0.03749999999999999 0 0.08899999999999998 0.03774999999999999 0 0.08874999999999998 0.03799999999999999 0 0.08849999999999998 0.03824999999999999 0 0.08824999999999998 0.03849999999999999 0 0.08799999999999998 0.03874999999999999 0 0.08774999999999998 0.03899999999999999 0 0.08749999999999999 0.03924999999999999 0 0.08725000000000002 0.03950000000000001 0 0.01025 0.03750000000000001 0 0.01025 0.03775000000000001 0 0.0105 0.03800000000000001 0 0.01075 0.03825000000000001 0 0.011 0.03850000000000001 0 0.01125 0.03875000000000001 0 0.0115 0.03900000000000001 0 0.01175 0.03925000000000001 0 0.012 0.0395 0 0.08924999999999998 0.03749999999999999 0 0.08924999999999998 0.03774999999999999 0 0.08899999999999998 0.03799999999999999 0 0.08874999999999998 0.03824999999999999 0 0.08849999999999998 0.03849999999999999 0 0.08824999999999998 0.03874999999999999 0 0.08799999999999998 0.03899999999999999 0 0.08774999999999998 0.03924999999999999 0 0.08750000000000002 0.03950000000000001 0 0.01 0.03750000000000001 0 0.01 0.03775000000000001 0 0.01025 0.03800000000000001 0 0.0105 0.03825000000000001 0 0.01075 0.03850000000000001 0 0.011 0.03875000000000001 0 0.01125 0.03900000000000001 0 0.0115 0.03925000000000001 0 0.01175 0.0395 0 0.08949999999999998 0.03749999999999999 0 0.08949999999999998 0.03774999999999999 0 0.08924999999999998 0.03799999999999999 0 0.08899999999999998 0.03824999999999999 0 0.08874999999999998 0.03849999999999999 0 0.08849999999999998 0.03874999999999999 0 0.08824999999999998 0.03899999999999999 0 0.08799999999999998 0.03924999999999999 0 0.08775000000000001 0.03950000000000001 0 0.009750000000000002 0.03750000000000001 0 0.009750000000000002 0.03775000000000001 0 0.01 0.03800000000000001 0 0.01025 0.03825000000000001 0 0.0105 0.03850000000000001 0 0.01075 0.03875000000000001 0 0.011 0.03900000000000001 0 0.01125 0.03925000000000001 0 0.0115 0.0395 0 0.08974999999999998 0.03749999999999999 0 0.08974999999999998 0.03774999999999999 0 0.08949999999999998 0.03799999999999999 0 0.08924999999999998 0.03824999999999999 0 0.08899999999999998 0.03849999999999999 0 0.08874999999999998 0.03874999999999999 0 0.08849999999999998 0.03899999999999999 0 0.08824999999999998 0.03924999999999999 0 0.08800000000000001 0.03950000000000001 0 0.009500000000000003 0.03750000000000001 0 0.009500000000000003 0.03775000000000001 0 0.009750000000000002 0.03800000000000001 0 0.01 0.03825000000000001 0 0.01025 0.03850000000000001 0 0.0105 0.03875000000000001 0 0.01075 0.03900000000000001 0 0.011 0.03925000000000001 0 0.01125 0.0395 0 0.08999999999999998 0.03749999999999999 0 0.08999999999999998 0.03774999999999999 0 0.08974999999999998 0.03799999999999999 0 0.08949999999999998 0.03824999999999999 0 0.08924999999999998 0.03849999999999999 0 0.08899999999999998 0.03874999999999999 0 0.08874999999999998 0.03899999999999999 0 0.08849999999999998 0.03924999999999999 0 0.08825000000000001 0.03950000000000001 0 0.009250000000000003 0.03750000000000001 0 0.009250000000000003 0.03775000000000001 0 0.009500000000000003 0.03800000000000001 0 0.009750000000000002 0.03825000000000001 0 0.01 0.03850000000000001 0 0.01025 0.03875000000000001 0 0.0105 0.03900000000000001 0 0.01075 0.03925000000000001 0 0.011 0.0395 0 0.09024999999999998 0.03749999999999999 0 0.09024999999999998 0.03774999999999999 0 0.08999999999999998 0.03799999999999999 0 0.08974999999999998 0.03824999999999999 0 0.08949999999999998 0.03849999999999999 0 0.08924999999999998 0.03874999999999999 0 0.08899999999999998 0.03899999999999999 0 0.08874999999999998 0.03924999999999999 0 0.08850000000000001 0.03950000000000001 0 0.009000000000000003 0.03750000000000001 0 0.009000000000000003 0.03775000000000001 0 0.009250000000000003 0.03800000000000001 0 0.009500000000000003 0.03825000000000001 0 0.009750000000000002 0.03850000000000001 0 0.01 0.03875000000000001 0 0.01025 0.03900000000000001 0 0.0105 0.03925000000000001 0 0.01075 0.0395 0 0.09049999999999998 0.03749999999999999 0 0.09049999999999998 0.03774999999999999 0 0.09024999999999998 0.03799999999999999 0 0.08999999999999998 0.03824999999999999 0 0.08974999999999998 0.03849999999999999 0 0.08949999999999998 0.03874999999999999 0 0.08924999999999998 0.03899999999999999 0 0.08899999999999998 0.03924999999999999 0 0.08875000000000001 0.03950000000000001 0 0.008750000000000003 0.03750000000000001 0 0.008750000000000003 0.03775000000000001 0 0.009000000000000003 0.03800000000000001 0 0.009250000000000003 0.03825000000000001 0 0.009500000000000003 0.03850000000000001 0 0.009750000000000002 0.03875000000000001 0 0.01 0.03900000000000001 0 0.01025 0.03925000000000001 0 0.0105 0.0395 0 0.09074999999999998 0.03749999999999999 0 0.09074999999999998 0.03774999999999999 0 0.09049999999999998 0.03799999999999999 0 0.09024999999999998 0.03824999999999999 0 0.08999999999999998 0.03849999999999999 0 0.08974999999999998 0.03874999999999999 0 0.08949999999999998 0.03899999999999999 0 0.08924999999999998 0.03924999999999999 0 0.08900000000000001 0.03950000000000001 0 0.008500000000000002 0.03750000000000001 0 0.008500000000000002 0.03775000000000001 0 0.008750000000000003 0.03800000000000001 0 0.009000000000000003 0.03825000000000001 0 0.009250000000000003 0.03850000000000001 0 0.009500000000000003 0.03875000000000001 0 0.009750000000000002 0.03900000000000001 0 0.01 0.03925000000000001 0 0.01025 0.0395 0 0.09099999999999998 0.03749999999999999 0 0.09099999999999998 0.03774999999999999 0 0.09074999999999998 0.03799999999999999 0 0.09049999999999998 0.03824999999999999 0 0.09024999999999998 0.03849999999999999 0 0.08999999999999998 0.03874999999999999 0 0.08974999999999998 0.03899999999999999 0 0.08949999999999998 0.03924999999999999 0 0.08925000000000001 0.03950000000000001 0 0.008250000000000002 0.03750000000000001 0 0.008250000000000002 0.03775000000000001 0 0.008500000000000002 0.03800000000000001 0 0.008750000000000003 0.03825000000000001 0 0.009000000000000003 0.03850000000000001 0 0.009250000000000003 0.03875000000000001 0 0.009500000000000003 0.03900000000000001 0 0.009750000000000002 0.03925000000000001 0 0.01 0.0395 0 0.09124999999999998 0.03749999999999999 0 0.09124999999999998 0.03774999999999999 0 0.09099999999999998 0.03799999999999999 0 0.09074999999999998 0.03824999999999999 0 0.09049999999999998 0.03849999999999999 0 0.09024999999999998 0.03874999999999999 0 0.08999999999999998 0.03899999999999999 0 0.08974999999999998 0.03924999999999999 0 0.08950000000000001 0.03950000000000001 0 0.008000000000000002 0.03750000000000001 0 0.008000000000000002 0.03775000000000001 0 0.008250000000000002 0.03800000000000001 0 0.008500000000000002 0.03825000000000001 0 0.008750000000000003 0.03850000000000001 0 0.009000000000000003 0.03875000000000001 0 0.009250000000000003 0.03900000000000001 0 0.009500000000000003 0.03925000000000001 0 0.00975 0.0395 0 0.09149999999999998 0.03749999999999999 0 0.09149999999999998 0.03774999999999999 0 0.09124999999999998 0.03799999999999999 0 0.09099999999999998 0.03824999999999999 0 0.09074999999999998 0.03849999999999999 0 0.09049999999999998 0.03874999999999999 0 0.09024999999999998 0.03899999999999999 0 0.08999999999999998 0.03924999999999999 0 0.08975000000000001 0.03950000000000001 0 0.007750000000000001 0.03750000000000001 0 0.007750000000000001 0.03775000000000001 0 0.008000000000000002 0.03800000000000001 0 0.008250000000000002 0.03825000000000001 0 0.008500000000000002 0.03850000000000001 0 0.008750000000000003 0.03875000000000001 0 0.009000000000000003 0.03900000000000001 0 0.009250000000000003 0.03925000000000001 0 0.009500000000000001 0.0395 0 0.09174999999999998 0.03749999999999999 0 0.09174999999999998 0.03774999999999999 0 0.09149999999999998 0.03799999999999999 0 0.09124999999999998 0.03824999999999999 0 0.09099999999999998 0.03849999999999999 0 0.09074999999999998 0.03874999999999999 0 0.09049999999999998 0.03899999999999999 0 0.09024999999999998 0.03924999999999999 0 0.09000000000000001 0.03950000000000001 0 0.007500000000000001 0.03750000000000001 0 0.007500000000000001 0.03775000000000001 0 0.007750000000000001 0.03800000000000001 0 0.008000000000000002 0.03825000000000001 0 0.008250000000000002 0.03850000000000001 0 0.008500000000000002 0.03875000000000001 0 0.008750000000000003 0.03900000000000001 0 0.009000000000000003 0.03925000000000001 0 0.009250000000000001 0.0395 0 0.09199999999999998 0.03749999999999999 0 0.09199999999999998 0.03774999999999999 0 0.09174999999999998 0.03799999999999999 0 0.09149999999999998 0.03824999999999999 0 0.09124999999999998 0.03849999999999999 0 0.09099999999999998 0.03874999999999999 0 0.09074999999999998 0.03899999999999999 0 0.09049999999999998 0.03924999999999999 0 0.09025000000000001 0.03950000000000001 0 0.00725 0.03750000000000001 0 0.00725 0.03775000000000001 0 0.007500000000000001 0.03800000000000001 0 0.007750000000000001 0.03825000000000001 0 0.008000000000000002 0.03850000000000001 0 0.008250000000000002 0.03875000000000001 0 0.008500000000000002 0.03900000000000001 0 0.008750000000000003 0.03925000000000001 0 0.009000000000000001 0.0395 0 0.09224999999999998 0.03749999999999999 0 0.09224999999999998 0.03774999999999999 0 0.09199999999999998 0.03799999999999999 0 0.09174999999999998 0.03824999999999999 0 0.09149999999999998 0.03849999999999999 0 0.09124999999999998 0.03874999999999999 0 0.09099999999999998 0.03899999999999999 0 0.09074999999999998 0.03924999999999999 0 0.09050000000000001 0.03950000000000001 0 0.007000000000000002 0.03750000000000001 0 0.007000000000000002 0.03775000000000001 0 0.00725 0.03800000000000001 0 0.007500000000000001 0.03825000000000001 0 0.007750000000000001 0.03850000000000001 0 0.008000000000000002 0.03875000000000001 0 0.008250000000000002 0.03900000000000001 0 0.008500000000000002 0.03925000000000001 0 0.008750000000000001 0.0395 0 0.09249999999999999 0.03749999999999999 0 0.09249999999999999 0.03774999999999999 0 0.09224999999999998 0.03799999999999999 0 0.09199999999999998 0.03824999999999999 0 0.09174999999999998 0.03849999999999999 0 0.09149999999999998 0.03874999999999999 0 0.09124999999999998 0.03899999999999999 0 0.09099999999999998 0.03924999999999999 0 0.09075000000000001 0.03950000000000001 0 0.006750000000000002 0.03750000000000001 0 0.006750000000000002 0.03775000000000001 0 0.007000000000000002 0.03800000000000001 0 0.00725 0.03825000000000001 0 0.007500000000000001 0.03850000000000001 0 0.007750000000000001 0.03875000000000001 0 0.008000000000000002 0.03900000000000001 0 0.008250000000000002 0.03925000000000001 0 0.008500000000000001 0.0395 0 0.09274999999999999 0.03749999999999999 0 0.09274999999999999 0.03774999999999999 0 0.09249999999999999 0.03799999999999999 0 0.09224999999999998 0.03824999999999999 0 0.09199999999999998 0.03849999999999999 0 0.09174999999999998 0.03874999999999999 0 0.09149999999999998 0.03899999999999999 0 0.09124999999999998 0.03924999999999999 0 0.09100000000000001 0.03950000000000001 0 0.006500000000000001 0.03750000000000001 0 0.006500000000000001 0.03775000000000001 0 0.006750000000000002 0.03800000000000001 0 0.007000000000000002 0.03825000000000001 0 0.00725 0.03850000000000001 0 0.007500000000000001 0.03875000000000001 0 0.007750000000000001 0.03900000000000001 0 0.008000000000000002 0.03925000000000001 0 0.00825 0.0395 0 0.09299999999999999 0.03749999999999999 0 0.09299999999999999 0.03774999999999999 0 0.09274999999999999 0.03799999999999999 0 0.09249999999999999 0.03824999999999999 0 0.09224999999999998 0.03849999999999999 0 0.09199999999999998 0.03874999999999999 0 0.09174999999999998 0.03899999999999999 0 0.09149999999999998 0.03924999999999999 0 0.09125000000000001 0.03950000000000001 0 0.006250000000000001 0.03750000000000001 0 0.006250000000000001 0.03775000000000001 0 0.006500000000000001 0.03800000000000001 0 0.006750000000000002 0.03825000000000001 0 0.007000000000000002 0.03850000000000001 0 0.00725 0.03875000000000001 0 0.007500000000000001 0.03900000000000001 0 0.007750000000000001 0.03925000000000001 0 0.008 0.0395 0 0.09324999999999999 0.03749999999999999 0 0.09324999999999999 0.03774999999999999 0 0.09299999999999999 0.03799999999999999 0 0.09274999999999999 0.03824999999999999 0 0.09249999999999999 0.03849999999999999 0 0.09224999999999998 0.03874999999999999 0 0.09199999999999998 0.03899999999999999 0 0.09174999999999998 0.03924999999999999 0 0.09150000000000001 0.03950000000000001 0 0.006000000000000001 0.03750000000000001 0 0.006000000000000001 0.03775000000000001 0 0.006250000000000001 0.03800000000000001 0 0.006500000000000001 0.03825000000000001 0 0.006750000000000002 0.03850000000000001 0 0.007000000000000002 0.03875000000000001 0 0.00725 0.03900000000000001 0 0.007500000000000001 0.03925000000000001 0 0.007749999999999999 0.0395 0 0.09349999999999999 0.03749999999999999 0 0.09349999999999999 0.03774999999999999 0 0.09324999999999999 0.03799999999999999 0 0.09299999999999999 0.03824999999999999 0 0.09274999999999999 0.03849999999999999 0 0.09249999999999999 0.03874999999999999 0 0.09224999999999998 0.03899999999999999 0 0.09199999999999998 0.03924999999999999 0 0.09175000000000001 0.03950000000000001 0 0.005750000000000001 0.03750000000000001 0 0.005750000000000001 0.03775000000000001 0 0.006000000000000001 0.03800000000000001 0 0.006250000000000001 0.03825000000000001 0 0.006500000000000001 0.03850000000000001 0 0.006750000000000002 0.03875000000000001 0 0.007000000000000002 0.03900000000000001 0 0.00725 0.03925000000000001 0 0.007499999999999999 0.0395 0 0.09374999999999999 0.03749999999999999 0 0.09374999999999999 0.03774999999999999 0 0.09349999999999999 0.03799999999999999 0 0.09324999999999999 0.03824999999999999 0 0.09299999999999999 0.03849999999999999 0 0.09274999999999999 0.03874999999999999 0 0.09249999999999999 0.03899999999999999 0 0.09224999999999998 0.03924999999999999 0 0.09200000000000001 0.03950000000000001 0 0.005500000000000001 0.03750000000000001 0 0.005500000000000001 0.03775000000000001 0 0.005750000000000001 0.03800000000000001 0 0.006000000000000001 0.03825000000000001 0 0.006250000000000001 0.03850000000000001 0 0.006500000000000001 0.03875000000000001 0 0.006750000000000002 0.03900000000000001 0 0.007000000000000002 0.03925000000000001 0 0.007249999999999999 0.0395 0 0.09399999999999999 0.03749999999999999 0 0.09399999999999999 0.03774999999999999 0 0.09374999999999999 0.03799999999999999 0 0.09349999999999999 0.03824999999999999 0 0.09324999999999999 0.03849999999999999 0 0.09299999999999999 0.03874999999999999 0 0.09274999999999999 0.03899999999999999 0 0.09249999999999999 0.03924999999999999 0 0.09225000000000001 0.03950000000000001 0 0.00525 0.03750000000000001 0 0.00525 0.03775000000000001 0 0.005500000000000001 0.03800000000000001 0 0.005750000000000001 0.03825000000000001 0 0.006000000000000001 0.03850000000000001 0 0.006250000000000001 0.03875000000000001 0 0.006500000000000001 0.03900000000000001 0 0.006750000000000002 0.03925000000000001 0 0.007 0.0395 0 0.09424999999999999 0.03749999999999999 0 0.09424999999999999 0.03774999999999999 0 0.09399999999999999 0.03799999999999999 0 0.09374999999999999 0.03824999999999999 0 0.09349999999999999 0.03849999999999999 0 0.09324999999999999 0.03874999999999999 0 0.09299999999999999 0.03899999999999999 0 0.09274999999999999 0.03924999999999999 0 0.09250000000000001 0.03950000000000001 0 0.005000000000000002 0.03750000000000001 0 0.005000000000000002 0.03775000000000001 0 0.00525 0.03800000000000001 0 0.005500000000000001 0.03825000000000001 0 0.005750000000000001 0.03850000000000001 0 0.006000000000000001 0.03875000000000001 0 0.006250000000000001 0.03900000000000001 0 0.006500000000000001 0.03925000000000001 0 0.00675 0.0395 0 0.09449999999999999 0.03749999999999999 0 0.09449999999999999 0.03774999999999999 0 0.09424999999999999 0.03799999999999999 0 0.09399999999999999 0.03824999999999999 0 0.09374999999999999 0.03849999999999999 0 0.09349999999999999 0.03874999999999999 0 0.09324999999999999 0.03899999999999999 0 0.09299999999999999 0.03924999999999999 0 0.09275000000000001 0.03950000000000001 0 0.004750000000000002 0.03750000000000001 0 0.004750000000000002 0.03775000000000001 0 0.005000000000000002 0.03800000000000001 0 0.00525 0.03825000000000001 0 0.005500000000000001 0.03850000000000001 0 0.005750000000000001 0.03875000000000001 0 0.006000000000000001 0.03900000000000001 0 0.006250000000000001 0.03925000000000001 0 0.0065 0.0395 0 0.09474999999999999 0.03749999999999999 0 0.09474999999999999 0.03774999999999999 0 0.09449999999999999 0.03799999999999999 0 0.09424999999999999 0.03824999999999999 0 0.09399999999999999 0.03849999999999999 0 0.09374999999999999 0.03874999999999999 0 0.09349999999999999 0.03899999999999999 0 0.09324999999999999 0.03924999999999999 0 0.09300000000000001 0.03950000000000001 0 0.004500000000000001 0.03750000000000001 0 0.004500000000000001 0.03775000000000001 0 0.004750000000000002 0.03800000000000001 0 0.005000000000000002 0.03825000000000001 0 0.00525 0.03850000000000001 0 0.005500000000000001 0.03875000000000001 0 0.005750000000000001 0.03900000000000001 0 0.006000000000000001 0.03925000000000001 0 0.006249999999999999 0.0395 0 0.09499999999999999 0.03749999999999999 0 0.09499999999999999 0.03774999999999999 0 0.09474999999999999 0.03799999999999999 0 0.09449999999999999 0.03824999999999999 0 0.09424999999999999 0.03849999999999999 0 0.09399999999999999 0.03874999999999999 0 0.09374999999999999 0.03899999999999999 0 0.09349999999999999 0.03924999999999999 0 0.09325000000000001 0.03950000000000001 0 0.004250000000000001 0.03750000000000001 0 0.004250000000000001 0.03775000000000001 0 0.004500000000000001 0.03800000000000001 0 0.004750000000000002 0.03825000000000001 0 0.005000000000000002 0.03850000000000001 0 0.00525 0.03875000000000001 0 0.005500000000000001 0.03900000000000001 0 0.005750000000000001 0.03925000000000001 0 0.005999999999999999 0.0395 0 0.09524999999999999 0.03749999999999999 0 0.09524999999999999 0.03774999999999999 0 0.09499999999999999 0.03799999999999999 0 0.09474999999999999 0.03824999999999999 0 0.09449999999999999 0.03849999999999999 0 0.09424999999999999 0.03874999999999999 0 0.09399999999999999 0.03899999999999999 0 0.09374999999999999 0.03924999999999999 0 0.09350000000000001 0.03950000000000001 0 0.004000000000000001 0.03750000000000001 0 0.004000000000000001 0.03775000000000001 0 0.004250000000000001 0.03800000000000001 0 0.004500000000000001 0.03825000000000001 0 0.004750000000000002 0.03850000000000001 0 0.005000000000000002 0.03875000000000001 0 0.00525 0.03900000000000001 0 0.005500000000000001 0.03925000000000001 0 0.005749999999999999 0.0395 0 0.09549999999999999 0.03749999999999999 0 0.09549999999999999 0.03774999999999999 0 0.09524999999999999 0.03799999999999999 0 0.09499999999999999 0.03824999999999999 0 0.09474999999999999 0.03849999999999999 0 0.09449999999999999 0.03874999999999999 0 0.09424999999999999 0.03899999999999999 0 0.09399999999999999 0.03924999999999999 0 0.09375000000000001 0.03950000000000001 0 0.003750000000000001 0.03750000000000001 0 0.003750000000000001 0.03775000000000001 0 0.004000000000000001 0.03800000000000001 0 0.004250000000000001 0.03825000000000001 0 0.004500000000000001 0.03850000000000001 0 0.004750000000000002 0.03875000000000001 0 0.005000000000000002 0.03900000000000001 0 0.00525 0.03925000000000001 0 0.005499999999999999 0.0395 0 0.09574999999999999 0.03749999999999999 0 0.09574999999999999 0.03774999999999999 0 0.09549999999999999 0.03799999999999999 0 0.09524999999999999 0.03824999999999999 0 0.09499999999999999 0.03849999999999999 0 0.09474999999999999 0.03874999999999999 0 0.09449999999999999 0.03899999999999999 0 0.09424999999999999 0.03924999999999999 0 0.09400000000000001 0.03950000000000001 0 0.003500000000000001 0.03750000000000001 0 0.003500000000000001 0.03775000000000001 0 0.003750000000000001 0.03800000000000001 0 0.004000000000000001 0.03825000000000001 0 0.004250000000000001 0.03850000000000001 0 0.004500000000000001 0.03875000000000001 0 0.004750000000000002 0.03900000000000001 0 0.005000000000000002 0.03925000000000001 0 0.005249999999999999 0.0395 0 0.09599999999999999 0.03749999999999999 0 0.09599999999999999 0.03774999999999999 0 0.09574999999999999 0.03799999999999999 0 0.09549999999999999 0.03824999999999999 0 0.09524999999999999 0.03849999999999999 0 0.09499999999999999 0.03874999999999999 0 0.09474999999999999 0.03899999999999999 0 0.09449999999999999 0.03924999999999999 0 0.09425000000000001 0.03950000000000001 0 0.00325 0.03750000000000001 0 0.00325 0.03775000000000001 0 0.003500000000000001 0.03800000000000001 0 0.003750000000000001 0.03825000000000001 0 0.004000000000000001 0.03850000000000001 0 0.004250000000000001 0.03875000000000001 0 0.004500000000000001 0.03900000000000001 0 0.004750000000000002 0.03925000000000001 0 0.005000000000000001 0.0395 0 0.09624999999999999 0.03749999999999999 0 0.09624999999999999 0.03774999999999999 0 0.09599999999999999 0.03799999999999999 0 0.09574999999999999 0.03824999999999999 0 0.09549999999999999 0.03849999999999999 0 0.09524999999999999 0.03874999999999999 0 0.09499999999999999 0.03899999999999999 0 0.09474999999999999 0.03924999999999999 0 0.09450000000000001 0.03950000000000001 0 0.003 0.03750000000000001 0 0.003 0.03775000000000001 0 0.00325 0.03800000000000001 0 0.003500000000000001 0.03825000000000001 0 0.003750000000000001 0.03850000000000001 0 0.004000000000000001 0.03875000000000001 0 0.004250000000000001 0.03900000000000001 0 0.004500000000000001 0.03925000000000001 0 0.004750000000000001 0.0395 0 0.09649999999999999 0.03749999999999999 0 0.09649999999999999 0.03774999999999999 0 0.09624999999999999 0.03799999999999999 0 0.09599999999999999 0.03824999999999999 0 0.09574999999999999 0.03849999999999999 0 0.09549999999999999 0.03874999999999999 0 0.09524999999999999 0.03899999999999999 0 0.09499999999999999 0.03924999999999999 0 0.09475000000000001 0.03950000000000001 0 0.002750000000000001 0.03750000000000001 0 0.002750000000000001 0.03775000000000001 0 0.003 0.03800000000000001 0 0.00325 0.03825000000000001 0 0.003500000000000001 0.03850000000000001 0 0.003750000000000001 0.03875000000000001 0 0.004000000000000001 0.03900000000000001 0 0.004250000000000001 0.03925000000000001 0 0.004500000000000001 0.0395 0 0.09674999999999999 0.03749999999999999 0 0.09674999999999999 0.03774999999999999 0 0.09649999999999999 0.03799999999999999 0 0.09624999999999999 0.03824999999999999 0 0.09599999999999999 0.03849999999999999 0 0.09574999999999999 0.03874999999999999 0 0.09549999999999999 0.03899999999999999 0 0.09524999999999999 0.03924999999999999 0 0.09500000000000001 0.03950000000000001 0 0.0025 0.03750000000000001 0 0.0025 0.03775000000000001 0 0.002750000000000001 0.03800000000000001 0 0.003 0.03825000000000001 0 0.00325 0.03850000000000001 0 0.003500000000000001 0.03875000000000001 0 0.003750000000000001 0.03900000000000001 0 0.004000000000000001 0.03925000000000001 0 0.00425 0.0395 0 0.09699999999999999 0.03749999999999999 0 0.09699999999999999 0.03774999999999999 0 0.09674999999999999 0.03799999999999999 0 0.09649999999999999 0.03824999999999999 0 0.09624999999999999 0.03849999999999999 0 0.09599999999999999 0.03874999999999999 0 0.09574999999999999 0.03899999999999999 0 0.09549999999999999 0.03924999999999999 0 0.09525000000000002 0.03950000000000001 0 0.002250000000000001 0.03750000000000001 0 0.002250000000000001 0.03775000000000001 0 0.0025 0.03800000000000001 0 0.002750000000000001 0.03825000000000001 0 0.003 0.03850000000000001 0 0.00325 0.03875000000000001 0 0.003500000000000001 0.03900000000000001 0 0.003750000000000001 0.03925000000000001 0 0.004 0.0395 0 0.09724999999999999 0.03749999999999999 0 0.09724999999999999 0.03774999999999999 0 0.09699999999999999 0.03799999999999999 0 0.09674999999999999 0.03824999999999999 0 0.09649999999999999 0.03849999999999999 0 0.09624999999999999 0.03874999999999999 0 0.09599999999999999 0.03899999999999999 0 0.09574999999999999 0.03924999999999999 0 0.09550000000000002 0.03950000000000001 0 0.002 0.03750000000000001 0 0.002 0.03775000000000001 0 0.002250000000000001 0.03800000000000001 0 0.0025 0.03825000000000001 0 0.002750000000000001 0.03850000000000001 0 0.003 0.03875000000000001 0 0.00325 0.03900000000000001 0 0.003500000000000001 0.03925000000000001 0 0.00375 0.0395 0 0.09749999999999999 0.03749999999999999 0 0.09749999999999999 0.03774999999999999 0 0.09724999999999999 0.03799999999999999 0 0.09699999999999999 0.03824999999999999 0 0.09674999999999999 0.03849999999999999 0 0.09649999999999999 0.03874999999999999 0 0.09624999999999999 0.03899999999999999 0 0.09599999999999999 0.03924999999999999 0 0.09575000000000002 0.03950000000000001 0 0.00175 0.03750000000000001 0 0.00175 0.03775000000000001 0 0.002 0.03800000000000001 0 0.002250000000000001 0.03825000000000001 0 0.0025 0.03850000000000001 0 0.002750000000000001 0.03875000000000001 0 0.003 0.03900000000000001 0 0.00325 0.03925000000000001 0 0.0035 0.0395 0 0.09774999999999999 0.03749999999999999 0 0.09774999999999999 0.03774999999999999 0 0.09749999999999999 0.03799999999999999 0 0.09724999999999999 0.03824999999999999 0 0.09699999999999999 0.03849999999999999 0 0.09674999999999999 0.03874999999999999 0 0.09649999999999999 0.03899999999999999 0 0.09624999999999999 0.03924999999999999 0 0.09600000000000002 0.03950000000000001 0 0.0015 0.03750000000000001 0 0.0015 0.03775000000000001 0 0.00175 0.03800000000000001 0 0.002 0.03825000000000001 0 0.002250000000000001 0.03850000000000001 0 0.0025 0.03875000000000001 0 0.002750000000000001 0.03900000000000001 0 0.003 0.03925000000000001 0 0.003249999999999999 0.0395 0 0.09799999999999999 0.03749999999999999 0 0.09799999999999999 0.03774999999999999 0 0.09774999999999999 0.03799999999999999 0 0.09749999999999999 0.03824999999999999 0 0.09724999999999999 0.03849999999999999 0 0.09699999999999999 0.03874999999999999 0 0.09674999999999999 0.03899999999999999 0 0.09649999999999999 0.03924999999999999 0 0.09625000000000002 0.03950000000000001 0 0.00125 0.03750000000000001 0 0.00125 0.03775000000000001 0 0.0015 0.03800000000000001 0 0.00175 0.03825000000000001 0 0.002 0.03850000000000001 0 0.002250000000000001 0.03875000000000001 0 0.0025 0.03900000000000001 0 0.002750000000000001 0.03925000000000001 0 0.003 0.0395 0 0.09824999999999999 0.03749999999999999 0 0.09824999999999999 0.03774999999999999 0 0.09799999999999999 0.03799999999999999 0 0.09774999999999999 0.03824999999999999 0 0.09749999999999999 0.03849999999999999 0 0.09724999999999999 0.03874999999999999 0 0.09699999999999999 0.03899999999999999 0 0.09674999999999999 0.03924999999999999 0 0.09650000000000002 0.03950000000000001 0 0.001 0.03750000000000001 0 0.001 0.03775000000000001 0 0.00125 0.03800000000000001 0 0.0015 0.03825000000000001 0 0.00175 0.03850000000000001 0 0.002 0.03875000000000001 0 0.002250000000000001 0.03900000000000001 0 0.0025 0.03925000000000001 0 0.00275 0.0395 0 0.09849999999999999 0.03749999999999999 0 0.09849999999999999 0.03774999999999999 0 0.09824999999999999 0.03799999999999999 0 0.09799999999999999 0.03824999999999999 0 0.09774999999999999 0.03849999999999999 0 0.09749999999999999 0.03874999999999999 0 0.09724999999999999 0.03899999999999999 0 0.09699999999999999 0.03924999999999999 0 0.09675000000000002 0.03950000000000001 0 0.0007500000000000001 0.03750000000000001 0 0.0007500000000000001 0.03775000000000001 0 0.001 0.03800000000000001 0 0.00125 0.03825000000000001 0 0.0015 0.03850000000000001 0 0.00175 0.03875000000000001 0 0.002 0.03900000000000001 0 0.002250000000000001 0.03925000000000001 0 0.0025 0.0395 0 0.09874999999999999 0.03749999999999999 0 0.09874999999999999 0.03774999999999999 0 0.09849999999999999 0.03799999999999999 0 0.09824999999999999 0.03824999999999999 0 0.09799999999999999 0.03849999999999999 0 0.09774999999999999 0.03874999999999999 0 0.09749999999999999 0.03899999999999999 0 0.09724999999999999 0.03924999999999999 0 0.09700000000000002 0.03950000000000001 0 0.0004999999999999999 0.03749999999999999 0 0.0004999999999999999 0.03774999999999999 0 0.0007500000000000001 0.03800000000000001 0 0.001 0.03825000000000001 0 0.00125 0.03850000000000001 0 0.0015 0.03875000000000001 0 0.00175 0.03900000000000001 0 0.002 0.03925000000000001 0 0.00225 0.0395 0 0.09899999999999999 0.03749999999999999 0 0.09899999999999999 0.03774999999999999 0 0.09874999999999999 0.03799999999999999 0 0.09849999999999999 0.03824999999999999 0 0.09824999999999999 0.03849999999999999 0 0.09799999999999999 0.03874999999999999 0 0.09774999999999999 0.03899999999999999 0 0.09749999999999999 0.03924999999999999 0 0.09725000000000002 0.03950000000000001 0 0.0004999999999999999 0.03799999999999999 0 0.0007500000000000001 0.03825000000000001 0 0.001 0.03850000000000001 0 0.00125 0.03875000000000001 0 0.0015 0.03900000000000001 0 0.00175 0.03925000000000001 0 0.002 0.0395 0 0.09924999999999999 0.03749999999999999 0 0.09924999999999999 0.03774999999999999 0 0.09899999999999999 0.03799999999999999 0 0.09874999999999999 0.03824999999999999 0 0.09849999999999999 0.03849999999999999 0 0.09824999999999999 0.03874999999999999 0 0.09799999999999999 0.03899999999999999 0 0.09774999999999999 0.03924999999999999 0 0.09750000000000002 0.03950000000000001 0 0.0004999999999999999 0.03824999999999999 0 0.0007500000000000001 0.03850000000000001 0 0.001 0.03875000000000001 0 0.00125 0.03900000000000001 0 0.0015 0.03925000000000001 0 0.00175 0.0395 0 0.09949999999999999 0.03749999999999999 0 0.09949999999999999 0.03774999999999999 0 0.09924999999999999 0.03799999999999999 0 0.09899999999999999 0.03824999999999999 0 0.09874999999999999 0.03849999999999999 0 0.09849999999999999 0.03874999999999999 0 0.09824999999999999 0.03899999999999999 0 0.09799999999999999 0.03924999999999999 0 0.09775000000000002 0.03950000000000001 0 0.0004999999999999999 0.03849999999999999 0 0.0007500000000000001 0.03875000000000001 0 0.001 0.03900000000000001 0 0.00125 0.03925000000000001 0 0.0015 0.0395 0 0.09974999999999999 0.03749999999999999 0 0.09974999999999999 0.03774999999999999 0 0.09949999999999999 0.03799999999999999 0 0.09924999999999999 0.03824999999999999 0 0.09899999999999999 0.03849999999999999 0 0.09874999999999999 0.03874999999999999 0 0.09849999999999999 0.03899999999999999 0 0.09824999999999999 0.03924999999999999 0 0.09800000000000002 0.03950000000000001 0 0.0004999999999999999 0.03874999999999999 0 0.0007500000000000001 0.03900000000000001 0 0.001 0.03925000000000001 0 0.00125 0.0395 0 0.09999999999999999 0.03749999999999999 0 0.09999999999999999 0.03774999999999999 0 0.09974999999999999 0.03799999999999999 0 0.09949999999999999 0.03824999999999999 0 0.09924999999999999 0.03849999999999999 0 0.09899999999999999 0.03874999999999999 0 0.09874999999999999 0.03899999999999999 0 0.09849999999999999 0.03924999999999999 0 0.09825000000000002 0.03950000000000001 0 0.0004999999999999999 0.03899999999999999 0 0.0007500000000000001 0.03925000000000001 0 0.001 0.0395 0 0.10025 0.03749999999999999 0 0.10025 0.03774999999999999 0 0.09999999999999999 0.03799999999999999 0 0.09974999999999999 0.03824999999999999 0 0.09949999999999999 0.03849999999999999 0 0.09924999999999999 0.03874999999999999 0 0.09899999999999999 0.03899999999999999 0 0.09874999999999999 0.03924999999999999 0 0.09850000000000002 0.03950000000000001 0 0.0004999999999999999 0.03924999999999999 0 0.00075 0.0395 0 0.1005 0.03750000000000001 0 0.1005 0.03775000000000001 0 0.10025 0.03799999999999999 0 0.09999999999999999 0.03824999999999999 0 0.09974999999999999 0.03849999999999999 0 0.09949999999999999 0.03874999999999999 0 0.09924999999999999 0.03899999999999999 0 0.09899999999999999 0.03924999999999999 0 0.09875000000000002 0.03950000000000001 0 0.0005000000000000001 0.03950000000000001 0 0.1005 0.03800000000000001 0 0.10025 0.03824999999999999 0 0.09999999999999999 0.03849999999999999 0 0.09974999999999999 0.03874999999999999 0 0.09949999999999999 0.03899999999999999 0 0.09924999999999999 0.03924999999999999 0 0.09900000000000002 0.03950000000000001 0 0.1005 0.03825000000000001 0 0.10025 0.03849999999999999 0 0.09999999999999999 0.03874999999999999 0 0.09974999999999999 0.03899999999999999 0 0.09949999999999999 0.03924999999999999 0 0.09925000000000002 0.03950000000000001 0 0.1005 0.03850000000000001 0 0.10025 0.03874999999999999 0 0.09999999999999999 0.03899999999999999 0 0.09974999999999999 0.03924999999999999 0 0.09950000000000002 0.03950000000000001 0 0.1005 0.03875000000000001 0 0.10025 0.03899999999999999 0 0.09999999999999999 0.03924999999999999 0 0.09975000000000002 0.03950000000000001 0 0.1005 0.03900000000000001 0 0.10025 0.03924999999999999 0 0.1 0.03950000000000001 0 0.1005 0.03925000000000001 0 0.10025 0.03950000000000001 0 0.1005 0.0395 0 </DataArray>
      </Points>
      <Cells>
        <DataArray type="Int32" Name="connectivity" format="ascii">0 1 3 2 1 4 5 3 2 3 7 6 4 8 9 5 3 5 10 7 6 7 12 11 8 13 14 9 5 9 15 10 7 10 16 12 11 12 18 17 13 19 20 14 9 14 21 15 10 15 22 16 12 16 23 18 17 18 25 24 19 26 27 20 14 20 28 21 15 21 29 22 16 22 30 23 18 23 31 25 24 25 33 32 26 34 35 27 20 27 36 28 21 28 37 29 22 29 38 30 23 30 39 31 25 31 40 33 32 33 42 41 34 43 44 35 27 35 45 36 28 36 46 37 29 37 47 38 30 38 48 39 31 39 49 40 33 40 50 42 41 42 52 51 43 53 54 44 35 44 55 45 36 45 56 46 37 46 57 47 38 47 58 48 39 48 59 49 40 49 60 50 42 50 61 52 53 62 63 54 44 54 64 55 45 55 65 56 46 56 66 57 47 57 67 58 48 58 68 59 49 59 69 60 50 60 70 61 62 71 72 63 54 63 73 64 55 64 74 65 56 65 75 66 57 66 76 67 58 67 77 68 59 68 78 69 60 69 79 70 71 80 81 72 63 72 82 73 64 73 83 74 65 74 84 75 66 75 85 76 67 76 86 77 68 77 87 78 69 78 88 79 80 89 90 81 72 81 91 82 73 82 92 83 74 83 93 84 75 84 94 85 76 85 95 86 77 86 96 87 78 87 97 88 89 98 99 90 81 90 100 91 82 91 101 92 83 92 102 93 84 93 103 94 85 94 104 95 86 95 105 96 87 96 106 97 98 107 108 99 90 99 109 100 91 100 110 101 92 101 111 102 93 102 112 103 94 103 113 104 95 104 114 105 96 105 115 106 107 116 117 108 99 108 118 109 100 109 119 110 101 110 120 111 102 111 121 112 103 112 122 113 104 113 123 114 105 114 124 115 116 125 126 117 108 117 127 118 109 118 128 119 110 119 129 120 111 120 130 121 112 121 131 122 113 122 132 123 114 123 133 124 125 134 135 126 117 126 136 127 118 127 137 128 119 128 138 129 120 129 139 130 121 130 140 131 122 131 141 132 123 132 142 133 134 143 144 135 126 135 145 136 127 136 146 137 128 137 147 138 129 138 148 139 130 139 149 140 131 140 150 141 132 141 151 142 143 152 153 144 135 144 154 145 136 145 155 146 137 146 156 147 138 147 157 148 139 148 158 149 140 149 159 150 141 150 160 151 152 161 162 153 144 153 163 154 145 154 164 155 146 155 165 156 147 156 166 157 148 157 167 158 149 158 168 159 150 159 169 160 161 170 171 162 153 162 172 163 154 163 173 164 155 164 174 165 156 165 175 166 157 166 176 167 158 167 177 168 159 168 178 169 170 179 180 171 162 171 181 172 163 172 182 173 164 173 183 174 165 174 184 175 166 175 185 176 167 176 186 177 168 177 187 178 179 188 189 180 171 180 190 181 172 181 191 182 173 182 192 183 174 183 193 184 175 184 194 185 176 185 195 186 177 186 196 187 188 197 198 189 180 189 199 190 181 190 200 191 182 191 201 192 183 192 202 193 184 193 203 194 185 194 204 195 186 195 205 196 197 206 207 198 189 198 208 199 190 199 209 200 191 200 210 201 192 201 211 202 193 202 212 203 194 203 213 204 195 204 214 205 206 215 216 207 198 207 217 208 199 208 218 209 200 209 219 210 201 210 220 211 202 211 221 212 203 212 222 213 204 213 223 214 215 224 225 216 207 216 226 217 208 217 227 218 209 218 228 219 210 219 229 220 211 220 230 221 212 221 231 222 213 222 232 223 224 233 234 225 216 225 235 226 217 226 236 227 218 227 237 228 219 228 238 229 220 229 239 230 221 230 240 231 222 231 241 232 233 242 243 234 225 234 244 235 226 235 245 236 227 236 246 237 228 237 247 238 229 238 248 239 230 239 249 240 231 240 250 241 242 251 252 243 234 243 253 244 235 244 254 245 236 245 255 246 237 246 256 247 238 247 257 248 239 248 258 249 240 249 259 250 251 260 261 252 243 252 262 253 244 253 263 254 245 254 264 255 246 255 265 256 247 256 266 257 248 257 267 258 249 258 268 259 260 269 270 261 252 261 271 262 253 262 272 263 254 263 273 264 255 264 274 265 256 265 275 266 257 266 276 267 258 267 277 268 269 278 279 270 261 270 280 271 262 271 281 272 263 272 282 273 264 273 283 274 265 274 284 275 266 275 285 276 267 276 286 277 278 287 288 279 270 279 289 280 271 280 290 281 272 281 291 282 273 282 292 283 274 283 293 284 275 284 294 285 276 285 295 286 287 296 297 288 279 288 298 289 280 289 299 290 281 290 300 291 282 291 301 292 283 292 302 293 284 293 303 294 285 294 304 295 296 305 306 297 288 297 307 298 289 298 308 299 290 299 309 300 291 300 310 301 292 301 311 302 293 302 312 303 294 303 313 304 305 314 315 306 297 306 316 307 298 307 317 308 299 308 318 309 300 309 319 310 301 310 320 311 302 311 321 312 303 312 322 313 314 323 324 315 306 315 325 316 307 316 326 317 308 317 327 318 309 318 328 319 310 319 329 320 311 320 330 321 312 321 331 322 323 332 333 324 315 324 334 325 316 325 335 326 317 326 336 327 318 327 337 328 319 328 338 329 320 329 339 330 321 330 340 331 332 341 342 333 324 333 343 334 325 334 344 335 326 335 345 336 327 336 346 337 328 337 347 338 329 338 348 339 330 339 349 340 341 350 351 342 333 342 352 343 334 343 353 344 335 344 354 345 336 345 355 346 337 346 356 347 338 347 357 348 339 348 358 349 350 359 360 351 342 351 361 352 343 352 362 353 344 353 363 354 345 354 364 355 346 355 365 356 347 356 366 357 348 357 367 358 359 368 369 360 351 360 370 361 352 361 371 362 353 362 372 363 354 363 373 364 355 364 374 365 356 365 375 366 357 366 376 367 368 377 378 369 360 369 379 370 361 370 380 371 362 371 381 372 363 372 382 373 364 373 383 374 365 374 384 375 366 375 385 376 377 386 387 378 369 378 388 379 370 379 389 380 371 380 390 381 372 381 391 382 373 382 392 383 374 383 393 384 375 384 394 385 386 395 396 387 378 387 397 388 379 388 398 389 380 389 399 390 381 390 400 391 382 391 401 392 383 392 402 393 384 393 403 394 395 404 405 396 387 396 406 397 388 397 407 398 389 398 408 399 390 399 409 400 391 400 410 401 392 401 411 402 393 402 412 403 404 413 414 405 396 405 415 406 397 406 416 407 398 407 417 408 399 408 418 409 400 409 419 410 401 410 420 411 402 411 421 412 413 422 423 414 405 414 424 415 406 415 425 416 407 416 426 417 408 417 427 418 409 418 428 419 410 419 429 420 411 420 430 421 422 431 432 423 414 423 433 424 415 424 434 425 416 425 435 426 417 426 436 427 418 427 437 428 419 428 438 429 420 429 439 430 431 440 441 432 423 432 442 433 424 433 443 434 425 434 444 435 426 435 445 436 427 436 446 437 428 437 447 438 429 438 448 439 440 449 450 441 432 441 451 442 433 442 452 443 434 443 453 444 435 444 454 445 436 445 455 446 437 446 456 447 438 447 457 448 449 458 459 450 441 450 460 451 442 451 461 452 443 452 462 453 444 453 463 454 445 454 464 455 446 455 465 456 447 456 466 457 458 467 468 459 450 459 469 460 451 460 470 461 452 461 471 462 453 462 472 463 454 463 473 464 455 464 474 465 456 465 475 466 467 476 477 468 459 468 478 469 460 469 479 470 461 470 480 471 462 471 481 472 463 472 482 473 464 473 483 474 465 474 484 475 476 485 486 477 468 477 487 478 469 478 488 479 470 479 489 480 471 480 490 481 472 481 491 482 473 482 492 483 474 483 493 484 485 494 495 486 477 486 496 487 478 487 497 488 479 488 498 489 480 489 499 490 481 490 500 491 482 491 501 492 483 492 502 493 494 503 504 495 486 495 505 496 487 496 506 497 488 497 507 498 489 498 508 499 490 499 509 500 491 500 510 501 492 501 511 502 503 512 513 504 495 504 514 505 496 505 515 506 497 506 516 507 498 507 517 508 499 508 518 509 500 509 519 510 501 510 520 511 512 521 522 513 504 513 523 514 505 514 524 515 506 515 525 516 507 516 526 517 508 517 527 518 509 518 528 519 510 519 529 520 521 530 531 522 513 522 532 523 514 523 533 524 515 524 534 525 516 525 535 526 517 526 536 527 518 527 537 528 519 528 538 529 530 539 540 531 522 531 541 532 523 532 542 533 524 533 543 534 525 534 544 535 526 535 545 536 527 536 546 537 528 537 547 538 539 548 549 540 531 540 550 541 532 541 551 542 533 542 552 543 534 543 553 544 535 544 554 545 536 545 555 546 537 546 556 547 548 557 558 549 540 549 559 550 541 550 560 551 542 551 561 552 543 552 562 553 544 553 563 554 545 554 564 555 546 555 565 556 557 566 567 558 549 558 568 559 550 559 569 560 551 560 570 561 552 561 571 562 553 562 572 563 554 563 573 564 555 564 574 565 566 575 576 567 558 567 577 568 559 568 578 569 560 569 579 570 561 570 580 571 562 571 581 572 563 572 582 573 564 573 583 574 575 584 585 576 567 576 586 577 568 577 587 578 569 578 588 579 570 579 589 580 571 580 590 581 572 581 591 582 573 582 592 583 584 593 594 585 576 585 595 586 577 586 596 587 578 587 597 588 579 588 598 589 580 589 599 590 581 590 600 591 582 591 601 592 593 602 603 594 585 594 604 595 586 595 605 596 587 596 606 597 588 597 607 598 589 598 608 599 590 599 609 600 591 600 610 601 602 611 612 603 594 603 613 604 595 604 614 605 596 605 615 606 597 606 616 607 598 607 617 608 599 608 618 609 600 609 619 610 611 620 621 612 603 612 622 613 604 613 623 614 605 614 624 615 606 615 625 616 607 616 626 617 608 617 627 618 609 618 628 619 620 629 630 621 612 621 631 622 613 622 632 623 614 623 633 624 615 624 634 625 616 625 635 626 617 626 636 627 618 627 637 628 629 638 639 630 621 630 640 631 622 631 641 632 623 632 642 633 624 633 643 634 625 634 644 635 626 635 645 636 627 636 646 637 638 647 648 639 630 639 649 640 631 640 650 641 632 641 651 642 633 642 652 643 634 643 653 644 635 644 654 645 636 645 655 646 647 656 657 648 639 648 658 649 640 649 659 650 641 650 660 651 642 651 661 652 643 652 662 653 644 653 663 654 645 654 664 655 656 665 666 657 648 657 667 658 649 658 668 659 650 659 669 660 651 660 670 661 652 661 671 662 653 662 672 663 654 663 673 664 665 674 675 666 657 666 676 667 658 667 677 668 659 668 678 669 660 669 679 670 661 670 680 671 662 671 681 672 663 672 682 673 674 683 684 675 666 675 685 676 667 676 686 677 668 677 687 678 669 678 688 679 670 679 689 680 671 680 690 681 672 681 691 682 683 692 693 684 675 684 694 685 676 685 695 686 677 686 696 687 678 687 697 688 679 688 698 689 680 689 699 690 681 690 700 691 692 701 702 693 684 693 703 694 685 694 704 695 686 695 705 696 687 696 706 697 688 697 707 698 689 698 708 699 690 699 709 700 701 710 711 702 693 702 712 703 694 703 713 704 695 704 714 705 696 705 715 706 697 706 716 707 698 707 717 708 699 708 718 709 710 719 720 711 702 711 721 712 703 712 722 713 704 713 723 714 705 714 724 715 706 715 725 716 707 716 726 717 708 717 727 718 719 728 729 720 711 720 730 721 712 721 731 722 713 722 732 723 714 723 733 724 715 724 734 725 716 725 735 726 717 726 736 727 728 737 738 729 720 729 739 730 721 730 740 731 722 731 741 732 723 732 742 733 724 733 743 734 725 734 744 735 726 735 745 736 737 746 747 738 729 738 748 739 730 739 749 740 731 740 750 741 732 741 751 742 733 742 752 743 734 743 753 744 735 744 754 745 746 755 756 747 738 747 757 748 739 748 758 749 740 749 759 750 741 750 760 751 742 751 761 752 743 752 762 753 744 753 763 754 755 764 765 756 747 756 766 757 748 757 767 758 749 758 768 759 750 759 769 760 751 760 770 761 752 761 771 762 753 762 772 763 764 773 774 765 756 765 775 766 757 766 776 767 758 767 777 768 759 768 778 769 760 769 779 770 761 770 780 771 762 771 781 772 773 782 783 774 765 774 784 775 766 775 785 776 767 776 786 777 768 777 787 778 769 778 788 779 770 779 789 780 771 780 790 781 782 791 792 783 774 783 793 784 775 784 794 785 776 785 795 786 777 786 796 787 778 787 797 788 779 788 798 789 780 789 799 790 791 800 801 792 783 792 802 793 784 793 803 794 785 794 804 795 786 795 805 796 787 796 806 797 788 797 807 798 789 798 808 799 800 809 810 801 792 801 811 802 793 802 812 803 794 803 813 804 795 804 814 805 796 805 815 806 797 806 816 807 798 807 817 808 809 818 819 810 801 810 820 811 802 811 821 812 803 812 822 813 804 813 823 814 805 814 824 815 806 815 825 816 807 816 826 817 818 827 828 819 810 819 829 820 811 820 830 821 812 821 831 822 813 822 832 823 814 823 833 824 815 824 834 825 816 825 835 826 827 836 837 828 819 828 838 829 820 829 839 830 821 830 840 831 822 831 841 832 823 832 842 833 824 833 843 834 825 834 844 835 836 845 846 837 828 837 847 838 829 838 848 839 830 839 849 840 831 840 850 841 832 841 851 842 833 842 852 843 834 843 853 844 845 854 855 846 837 846 856 847 838 847 857 848 839 848 858 849 840 849 859 850 841 850 860 851 842 851 861 852 843 852 862 853 854 863 864 855 846 855 865 856 847 856 866 857 848 857 867 858 849 858 868 859 850 859 869 860 851 860 870 861 852 861 871 862 863 872 873 864 855 864 874 865 856 865 875 866 857 866 876 867 858 867 877 868 859 868 878 869 860 869 879 870 861 870 880 871 872 881 882 873 864 873 883 874 865 874 884 875 866 875 885 876 867 876 886 877 868 877 887 878 869 878 888 879 870 879 889 880 881 890 891 882 873 882 892 883 874 883 893 884 875 884 894 885 876 885 895 886 877 886 896 887 878 887 897 888 879 888 898 889 890 899 900 891 882 891 901 892 883 892 902 893 884 893 903 894 885 894 904 895 886 895 905 896 887 896 906 897 888 897 907 898 899 908 909 900 891 900 910 901 892 901 911 902 893 902 912 903 894 903 913 904 895 904 914 905 896 905 915 906 897 906 916 907 908 917 918 909 900 909 919 910 901 910 920 911 902 911 921 912 903 912 922 913 904 913 923 914 905 914 924 915 906 915 925 916 917 926 927 918 909 918 928 919 910 919 929 920 911 920 930 921 912 921 931 922 913 922 932 923 914 923 933 924 915 924 934 925 926 935 936 927 918 927 937 928 919 928 938 929 920 929 939 930 921 930 940 931 922 931 941 932 923 932 942 933 924 933 943 934 935 944 945 936 927 936 946 937 928 937 947 938 929 938 948 939 930 939 949 940 931 940 950 941 932 941 951 942 933 942 952 943 944 953 954 945 936 945 955 946 937 946 956 947 938 947 957 948 939 948 958 949 940 949 959 950 941 950 960 951 942 951 961 952 953 962 963 954 945 954 964 955 946 955 965 956 947 956 966 957 948 957 967 958 949 958 968 959 950 959 969 960 951 960 970 961 962 971 972 963 954 963 973 964 955 964 974 965 956 965 975 966 957 966 976 967 958 967 977 968 959 968 978 969 960 969 979 970 971 980 981 972 963 972 982 973 964 973 983 974 965 974 984 975 966 975 985 976 967 976 986 977 968 977 987 978 969 978 988 979 980 989 990 981 972 981 991 982 973 982 992 983 974 983 993 984 975 984 994 985 976 985 995 986 977 986 996 987 978 987 997 988 989 998 999 990 981 990 1000 991 982 991 1001 992 983 992 1002 993 984 993 1003 994 985 994 1004 995 986 995 1005 996 987 996 1006 997 998 1007 1008 999 990 999 1009 1000 991 1000 1010 1001 992 1001 1011 1002 993 1002 1012 1003 994 1003 1013 1004 995 1004 1014 1005 996 1005 1015 1006 1007 1016 1017 1008 999 1008 1018 1009 1000 1009 1019 1010 1001 1010 1020 1011 1002 1011 1021 1012 1003 1012 1022 1013 1004 1013 1023 1014 1005 1014 1024 1015 1016 1025 1026 1017 1008 1017 1027 1018 1009 1018 1028 1019 1010 1019 1029 1020 1011 1020 1030 1021 1012 1021 1031 1022 1013 1022 1032 1023 1014 1023 1033 1024 1025 1034 1035 1026 1017 1026 1036 1027 1018 1027 1037 1028 1019 1028 1038 1029 1020 1029 1039 1030 1021 1030 1040 1031 1022 1031 1041 1032 1023 1032 1042 1033 1034 1043 1044 1035 1026 1035 1045 1036 1027 1036 1046 1037 1028 1037 1047 1038 1029 1038 1048 1039 1030 1039 1049 1040 1031 1040 1050 1041 1032 1041 1051 1042 1043 1052 1053 1044 1035 1044 1054 1045 1036 1045 1055 1046 1037 1046 1056 1047 1038 1047 1057 1048 1039 1048 1058 1049 1040 1049 1059 1050 1041 1050 1060 1051 1052 1061 1062 1053 1044 1053 1063 1054 1045 1054 1064 1055 1046 1055 1065 1056 1047 1056 1066 1057 1048 1057 1067 1058 1049 1058 1068 1059 1050 1059 1069 1060 1061 1070 1071 1062 1053 1062 1072 1063 1054 1063 1073 1064 1055 1064 1074 1065 1056 1065 1075 1066 1057 1066 1076 1067 1058 1067 1077 1068 1059 1068 1078 1069 1070 1079 1080 1071 1062 1071 1081 1072 1063 1072 1082 1073 1064 1073 1083 1074 1065 1074 1084 1075 1066 1075 1085 1076 1067 1076 1086 1077 1068 1077 1087 1078 1079 1088 1089 1080 1071 1080 1090 1081 1072 1081 1091 1082 1073 1082 1092 1083 1074 1083 1093 1084 1075 1084 1094 1085 1076 1085 1095 1086 1077 1086 1096 1087 1088 1097 1098 1089 1080 1089 1099 1090 1081 1090 1100 1091 1082 1091 1101 1092 1083 1092 1102 1093 1084 1093 1103 1094 1085 1094 1104 1095 1086 1095 1105 1096 1097 1106 1107 1098 1089 1098 1108 1099 1090 1099 1109 1100 1091 1100 1110 1101 1092 1101 1111 1102 1093 1102 1112 1103 1094 1103 1113 1104 1095 1104 1114 1105 1106 1115 1116 1107 1098 1107 1117 1108 1099 1108 1118 1109 1100 1109 1119 1110 1101 1110 1120 1111 1102 1111 1121 1112 1103 1112 1122 1113 1104 1113 1123 1114 1115 1124 1125 1116 1107 1116 1126 1117 1108 1117 1127 1118 1109 1118 1128 1119 1110 1119 1129 1120 1111 1120 1130 1121 1112 1121 1131 1122 1113 1122 1132 1123 1124 1133 1134 1125 1116 1125 1135 1126 1117 1126 1136 1127 1118 1127 1137 1128 1119 1128 1138 1129 1120 1129 1139 1130 1121 1130 1140 1131 1122 1131 1141 1132 1133 1142 1143 1134 1125 1134 1144 1135 1126 1135 1145 1136 1127 1136 1146 1137 1128 1137 1147 1138 1129 1138 1148 1139 1130 1139 1149 1140 1131 1140 1150 1141 1142 1151 1152 1143 1134 1143 1153 1144 1135 1144 1154 1145 1136 1145 1155 1146 1137 1146 1156 1147 1138 1147 1157 1148 1139 1148 1158 1149 1140 1149 1159 1150 1151 1160 1161 1152 1143 1152 1162 1153 1144 1153 1163 1154 1145 1154 1164 1155 1146 1155 1165 1156 1147 1156 1166 1157 1148 1157 1167 1158 1149 1158 1168 1159 1160 1169 1170 1161 1152 1161 1171 1162 1153 1162 1172 1163 1154 1163 1173 1164 1155 1164 1174 1165 1156 1165 1175 1166 1157 1166 1176 1167 1158 1167 1177 1168 1169 1178 1179 1170 1161 1170 1180 1171 1162 1171 1181 1172 1163 1172 1182 1173 1164 1173 1183 1174 1165 1174 1184 1175 1166 1175 1185 1176 1167 1176 1186 1177 1178 1187 1188 1179 1170 1179 1189 1180 1171 1180 1190 1181 1172 1181 1191 1182 1173 1182 1192 1183 1174 1183 1193 1184 1175 1184 1194 1185 1176 1185 1195 1186 1187 1196 1197 1188 1179 1188 1198 1189 1180 1189 1199 1190 1181 1190 1200 1191 1182 1191 1201 1192 1183 1192 1202 1193 1184 1193 1203 1194 1185 1194 1204 1195 1196 1205 1206 1197 1188 1197 1207 1198 1189 1198 1208 1199 1190 1199 1209 1200 1191 1200 1210 1201 1192 1201 1211 1202 1193 1202 1212 1203 1194 1203 1213 1204 1205 1214 1215 1206 1197 1206 1216 1207 1198 1207 1217 1208 1199 1208 1218 1209 1200 1209 1219 1210 1201 1210 1220 1211 1202 1211 1221 1212 1203 1212 1222 1213 1214 1223 1224 1215 1206 1215 1225 1216 1207 1216 1226 1217 1208 1217 1227 1218 1209 1218 1228 1219 1210 1219 1229 1220 1211 1220 1230 1221 1212 1221 1231 1222 1223 1232 1233 1224 1215 1224 1234 1225 1216 1225 1235 1226 1217 1226 1236 1227 1218 1227 1237 1228 1219 1228 1238 1229 1220 1229 1239 1230 1221 1230 1240 1231 1232 1241 1242 1233 1224 1233 1243 1234 1225 1234 1244 1235 1226 1235 1245 1236 1227 1236 1246 1237 1228 1237 1247 1238 1229 1238 1248 1239 1230 1239 1249 1240 1241 1250 1251 1242 1233 1242 1252 1243 1234 1243 1253 1244 1235 1244 1254 1245 1236 1245 1255 1246 1237 1246 1256 1247 1238 1247 1257 1248 1239 1248 1258 1249 1250 1259 1260 1251 1242 1251 1261 1252 1243 1252 1262 1253 1244 1253 1263 1254 1245 1254 1264 1255 1246 1255 1265 1256 1247 1256 1266 1257 1248 1257 1267 1258 1259 1268 1269 1260 1251 1260 1270 1261 1252 1261 1271 1262 1253 1262 1272 1263 1254 1263 1273 1264 1255 1264 1274 1265 1256 1265 1275 1266 1257 1266 1276 1267 1268 1277 1278 1269 1260 1269 1279 1270 1261 1270 1280 1271 1262 1271 1281 1272 1263 1272 1282 1273 1264 1273 1283 1274 1265 1274 1284 1275 1266 1275 1285 1276 1277 1286 1287 1278 1269 1278 1288 1279 1270 1279 1289 1280 1271 1280 1290 1281 1272 1281 1291 1282 1273 1282 1292 1283 1274 1283 1293 1284 1275 1284 1294 1285 1286 1295 1296 1287 1278 1287 1297 1288 1279 1288 1298 1289 1280 1289 1299 1290 1281 1290 1300 1291 1282 1291 1301 1292 1283 1292 1302 1293 1284 1293 1303 1294 1295 1304 1305 1296 1287 1296 1306 1297 1288 1297 1307 1298 1289 1298 1308 1299 1290 1299 1309 1300 1291 1300 1310 1301 1292 1301 1311 1302 1293 1302 1312 1303 1304 1313 1314 1305 1296 1305 1315 1306 1297 1306 1316 1307 1298 1307 1317 1308 1299 1308 1318 1309 1300 1309 1319 1310 1301 1310 1320 1311 1302 1311 1321 1312 1313 1322 1323 1314 1305 1314 1324 1315 1306 1315 1325 1316 1307 1316 1326 1317 1308 1317 1327 1318 1309 1318 1328 1319 1310 1319 1329 1320 1311 1320 1330 1321 1322 1331 1332 1323 1314 1323 1333 1324 1315 1324 1334 1325 1316 1325 1335 1326 1317 1326 1336 1327 1318 1327 1337 1328 1319 1328 1338 1329 1320 1329 1339 1330 1331 1340 1341 1332 1323 1332 1342 1333 1324 1333 1343 1334 1325 1334 1344 1335 1326 1335 1345 1336 1327 1336 1346 1337 1328 1337 1347 1338 1329 1338 1348 1339 1340 1349 1350 1341 1332 1341 1351 1342 1333 1342 1352 1343 1334 1343 1353 1344 1335 1344 1354 1345 1336 1345 1355 1346 1337 1346 1356 1347 1338 1347 1357 1348 1349 1358 1359 1350 1341 1350 1360 1351 1342 1351 1361 1352 1343 1352 1362 1353 1344 1353 1363 1354 1345 1354 1364 1355 1346 1355 1365 1356 1347 1356 1366 1357 1358 1367 1368 1359 1350 1359 1369 1360 1351 1360 1370 1361 1352 1361 1371 1362 1353 1362 1372 1363 1354 1363 1373 1364 1355 1364 1374 1365 1356 1365 1375 1366 1367 1376 1377 1368 1359 1368 1378 1369 1360 1369 1379 1370 1361 1370 1380 1371 1362 1371 1381 1372 1363 1372 1382 1373 1364 1373 1383 1374 1365 1374 1384 1375 1376 1385 1386 1377 1368 1377 1387 1378 1369 1378 1388 1379 1370 1379 1389 1380 1371 1380 1390 1381 1372 1381 1391 1382 1373 1382 1392 1383 1374 1383 1393 1384 1385 1394 1395 1386 1377 1386 1396 1387 1378 1387 1397 1388 1379 1388 1398 1389 1380 1389 1399 1390 1381 1390 1400 1391 1382 1391 1401 1392 1383 1392 1402 1393 1394 1403 1404 1395 1386 1395 1405 1396 1387 1396 1406 1397 1388 1397 1407 1398 1389 1398 1408 1399 1390 1399 1409 1400 1391 1400 1410 1401 1392 1401 1411 1402 1403 1412 1413 1404 1395 1404 1414 1405 1396 1405 1415 1406 1397 1406 1416 1407 1398 1407 1417 1408 1399 1408 1418 1409 1400 1409 1419 1410 1401 1410 1420 1411 1412 1421 1422 1413 1404 1413 1423 1414 1405 1414 1424 1415 1406 1415 1425 1416 1407 1416 1426 1417 1408 1417 1427 1418 1409 1418 1428 1419 1410 1419 1429 1420 1421 1430 1431 1422 1413 1422 1432 1423 1414 1423 1433 1424 1415 1424 1434 1425 1416 1425 1435 1426 1417 1426 1436 1427 1418 1427 1437 1428 1419 1428 1438 1429 1430 1439 1440 1431 1422 1431 1441 1432 1423 1432 1442 1433 1424 1433 1443 1434 1425 1434 1444 1435 1426 1435 1445 1436 1427 1436 1446 1437 1428 1437 1447 1438 1439 1448 1449 1440 1431 1440 1450 1441 1432 1441 1451 1442 1433 1442 1452 1443 1434 1443 1453 1444 1435 1444 1454 1445 1436 1445 1455 1446 1437 1446 1456 1447 1448 1457 1458 1449 1440 1449 1459 1450 1441 1450 1460 1451 1442 1451 1461 1452 1443 1452 1462 1453 1444 1453 1463 1454 1445 1454 1464 1455 1446 1455 1465 1456 1457 1466 1467 1458 1449 1458 1468 1459 1450 1459 1469 1460 1451 1460 1470 1461 1452 1461 1471 1462 1453 1462 1472 1463 1454 1463 1473 1464 1455 1464 1474 1465 1466 1475 1476 1467 1458 1467 1477 1468 1459 1468 1478 1469 1460 1469 1479 1470 1461 1470 1480 1471 1462 1471 1481 1472 1463 1472 1482 1473 1464 1473 1483 1474 1475 1484 1485 1476 1467 1476 1486 1477 1468 1477 1487 1478 1469 1478 1488 1479 1470 1479 1489 1480 1471 1480 1490 1481 1472 1481 1491 1482 1473 1482 1492 1483 1484 1493 1494 1485 1476 1485 1495 1486 1477 1486 1496 1487 1478 1487 1497 1488 1479 1488 1498 1489 1480 1489 1499 1490 1481 1490 1500 1491 1482 1491 1501 1492 1493 1502 1503 1494 1485 1494 1504 1495 1486 1495 1505 1496 1487 1496 1506 1497 1488 1497 1507 1498 1489 1498 1508 1499 1490 1499 1509 1500 1491 1500 1510 1501 1502 1511 1512 1503 1494 1503 1513 1504 1495 1504 1514 1505 1496 1505 1515 1506 1497 1506 1516 1507 1498 1507 1517 1508 1499 1508 1518 1509 1500 1509 1519 1510 1511 1520 1521 1512 1503 1512 1522 1513 1504 1513 1523 1514 1505 1514 1524 1515 1506 1515 1525 1516 1507 1516 1526 1517 1508 1517 1527 1518 1509 1518 1528 1519 1520 1529 1530 1521 1512 1521 1531 1522 1513 1522 1532 1523 1514 1523 1533 1524 1515 1524 1534 1525 1516 1525 1535 1526 1517 1526 1536 1527 1518 1527 1537 1528 1529 1538 1539 1530 1521 1530 1540 1531 1522 1531 1541 1532 1523 1532 1542 1533 1524 1533 1543 1534 1525 1534 1544 1535 1526 1535 1545 1536 1527 1536 1546 1537 1538 1547 1548 1539 1530 1539 1549 1540 1531 1540 1550 1541 1532 1541 1551 1542 1533 1542 1552 1543 1534 1543 1553 1544 1535 1544 1554 1545 1536 1545 1555 1546 1547 1556 1557 1548 1539 1548 1558 1549 1540 1549 1559 1550 1541 1550 1560 1551 1542 1551 1561 1552 1543 1552 1562 1553 1544 1553 1563 1554 1545 1554 1564 1555 1556 1565 1566 1557 1548 1557 1567 1558 1549 1558 1568 1559 1550 1559 1569 1560 1551 1560 1570 1561 1552 1561 1571 1562 1553 1562 1572 1563 1554 1563 1573 1564 1565 1574 1575 1566 1557 1566 1576 1567 1558 1567 1577 1568 1559 1568 1578 1569 1560 1569 1579 1570 1561 1570 1580 1571 1562 1571 1581 1572 1563 1572 1582 1573 1574 1583 1584 1575 1566 1575 1585 1576 1567 1576 1586 1577 1568 1577 1587 1578 1569 1578 1588 1579 1570 1579 1589 1580 1571 1580 1590 1581 1572 1581 1591 1582 1583 1592 1593 1584 1575 1584 1594 1585 1576 1585 1595 1586 1577 1586 1596 1587 1578 1587 1597 1588 1579 1588 1598 1589 1580 1589 1599 1590 1581 1590 1600 1591 1592 1601 1602 1593 1584 1593 1603 1594 1585 1594 1604 1595 1586 1595 1605 1596 1587 1596 1606 1597 1588 1597 1607 1598 1589 1598 1608 1599 1590 1599 1609 1600 1601 1610 1611 1602 1593 1602 1612 1603 1594 1603 1613 1604 1595 1604 1614 1605 1596 1605 1615 1606 1597 1606 1616 1607 1598 1607 1617 1608 1599 1608 1618 1609 1610 1619 1620 1611 1602 1611 1621 1612 1603 1612 1622 1613 1604 1613 1623 1614 1605 1614 1624 1615 1606 1615 1625 1616 1607 1616 1626 1617 1608 1617 1627 1618 1619 1628 1629 1620 1611 1620 1630 1621 1612 1621 1631 1622 1613 1622 1632 1623 1614 1623 1633 1624 1615 1624 1634 1625 1616 1625 1635 1626 1617 1626 1636 1627 1628 1637 1638 1629 1620 1629 1639 1630 1621 1630 1640 1631 1622 1631 1641 1632 1623 1632 1642 1633 1624 1633 1643 1634 1625 1634 1644 1635 1626 1635 1645 1636 1637 1646 1647 1638 1629 1638 1648 1639 1630 1639 1649 1640 1631 1640 1650 1641 1632 1641 1651 1642 1633 1642 1652 1643 1634 1643 1653 1644 1635 1644 1654 1645 1646 1655 1656 1647 1638 1647 1657 1648 1639 1648 1658 1649 1640 1649 1659 1650 1641 1650 1660 1651 1642 1651 1661 1652 1643 1652 1662 1653 1644 1653 1663 1654 1655 1664 1665 1656 1647 1656 1666 1657 1648 1657 1667 1658 1649 1658 1668 1659 1650 1659 1669 1660 1651 1660 1670 1661 1652 1661 1671 1662 1653 1662 1672 1663 1664 1673 1674 1665 1656 1665 1675 1666 1657 1666 1676 1667 1658 1667 1677 1668 1659 1668 1678 1669 1660 1669 1679 1670 1661 1670 1680 1671 1662 1671 1681 1672 1673 1682 1683 1674 1665 1674 1684 1675 1666 1675 1685 1676 1667 1676 1686 1677 1668 1677 1687 1678 1669 1678 1688 1679 1670 1679 1689 1680 1671 1680 1690 1681 1682 1691 1692 1683 1674 1683 1693 1684 1675 1684 1694 1685 1676 1685 1695 1686 1677 1686 1696 1687 1678 1687 1697 1688 1679 1688 1698 1689 1680 1689 1699 1690 1691 1700 1701 1692 1683 1692 1702 1693 1684 1693 1703 1694 1685 1694 1704 1695 1686 1695 1705 1696 1687 1696 1706 1697 1688 1697 1707 1698 1689 1698 1708 1699 1700 1709 1710 1701 1692 1701 1711 1702 1693 1702 1712 1703 1694 1703 1713 1704 1695 1704 1714 1705 1696 1705 1715 1706 1697 1706 1716 1707 1698 1707 1717 1708 1709 1718 1719 1710 1701 1710 1720 1711 1702 1711 1721 1712 1703 1712 1722 1713 1704 1713 1723 1714 1705 1714 1724 1715 1706 1715 1725 1716 1707 1716 1726 1717 1718 1727 1728 1719 1710 1719 1729 1720 1711 1720 1730 1721 1712 1721 1731 1722 1713 1722 1732 1723 1714 1723 1733 1724 1715 1724 1734 1725 1716 1725 1735 1726 1727 1736 1737 1728 1719 1728 1738 1729 1720 1729 1739 1730 1721 1730 1740 1731 1722 1731 1741 1732 1723 1732 1742 1733 1724 1733 1743 1734 1725 1734 1744 1735 1736 1745 1746 1737 1728 1737 1747 1738 1729 1738 1748 1739 1730 1739 1749 1740 1731 1740 1750 1741 1732 1741 1751 1742 1733 1742 1752 1743 1734 1743 1753 1744 1745 1754 1755 1746 1737 1746 1756 1747 1738 1747 1757 1748 1739 1748 1758 1749 1740 1749 1759 1750 1741 1750 1760 1751 1742 1751 1761 1752 1743 1752 1762 1753 1754 1763 1764 1755 1746 1755 1765 1756 1747 1756 1766 1757 1748 1757 1767 1758 1749 1758 1768 1759 1750 1759 1769 1760 1751 1760 1770 1761 1752 1761 1771 1762 1763 1772 1773 1764 1755 1764 1774 1765 1756 1765 1775 1766 1757 1766 1776 1767 1758 1767 1777 1768 1759 1768 1778 1769 1760 1769 1779 1770 1761 1770 1780 1771 1772 1781 1782 1773 1764 1773 1783 1774 1765 1774 1784 1775 1766 1775 1785 1776 1767 1776 1786 1777 1768 1777 1787 1778 1769 1778 1788 1779 1770 1779 1789 1780 1781 1790 1791 1782 1773 1782 1792 1783 1774 1783 1793 1784 1775 1784 1794 1785 1776 1785 1795 1786 1777 1786 1796 1787 1778 1787 1797 1788 1779 1788 1798 1789 1790 1799 1800 1791 1782 1791 1801 1792 1783 1792 1802 1793 1784 1793 1803 1794 1785 1794 1804 1795 1786 1795 1805 1796 1787 1796 1806 1797 1788 1797 1807 1798 1799 1808 1809 1800 1791 1800 1810 1801 1792 1801 1811 1802 1793 1802 1812 1803 1794 1803 1813 1804 1795 1804 1814 1805 1796 1805 1815 1806 1797 1806 1816 1807 1808 1817 1818 1809 1800 1809 1819 1810 1801 1810 1820 1811 1802 1811 1821 1812 1803 1812 1822 1813 1804 1813 1823 1814 1805 1814 1824 1815 1806 1815 1825 1816 1807 1816 1827 1826 1817 1828 1829 1818 1809 1818 1830 1819 1810 1819 1831 1820 1811 1820 1832 1821 1812 1821 1833 1822 1813 1822 1834 1823 1814 1823 1835 1824 1815 1824 1836 1825 1816 1825 1837 1827 1826 1827 1839 1838 1828 1840 1841 1829 1818 1829 1842 1830 1819 1830 1843 1831 1820 1831 1844 1832 1821 1832 1845 1833 1822 1833 1846 1834 1823 1834 1847 1835 1824 1835 1848 1836 1825 1836 1849 1837 1827 1837 1850 1839 1838 1839 1852 1851 1840 1853 1854 1841 1829 1841 1855 1842 1830 1842 1856 1843 1831 1843 1857 1844 1832 1844 1858 1845 1833 1845 1859 1846 1834 1846 1860 1847 1835 1847 1861 1848 1836 1848 1862 1849 1837 1849 1863 1850 1839 1850 1864 1852 1851 1852 1866 1865 1853 1867 1868 1854 1841 1854 1869 1855 1842 1855 1870 1856 1843 1856 1871 1857 1844 1857 1872 1858 1845 1858 1873 1859 1846 1859 1874 1860 1847 1860 1875 1861 1848 1861 1876 1862 1849 1862 1877 1863 1850 1863 1878 1864 1852 1864 1879 1866 1865 1866 1881 1880 1867 1882 1883 1868 1854 1868 1884 1869 1855 1869 1885 1870 1856 1870 1886 1871 1857 1871 1887 1872 1858 1872 1888 1873 1859 1873 1889 1874 1860 1874 1890 1875 1861 1875 1891 1876 1862 1876 1892 1877 1863 1877 1893 1878 1864 1878 1894 1879 1866 1879 1895 1881 1880 1881 1897 1896 1882 1898 1899 1883 1868 1883 1900 1884 1869 1884 1901 1885 1870 1885 1902 1886 1871 1886 1903 1887 1872 1887 1904 1888 1873 1888 1905 1889 1874 1889 1906 1890 1875 1890 1907 1891 1876 1891 1908 1892 1877 1892 1909 1893 1878 1893 1910 1894 1879 1894 1911 1895 1881 1895 1912 1897 1896 1897 1914 1913 1898 1915 1916 1899 1883 1899 1917 1900 1884 1900 1918 1901 1885 1901 1919 1902 1886 1902 1920 1903 1887 1903 1921 1904 1888 1904 1922 1905 1889 1905 1923 1906 1890 1906 1924 1907 1891 1907 1925 1908 1892 1908 1926 1909 1893 1909 1927 1910 1894 1910 1928 1911 1895 1911 1929 1912 1897 1912 1930 1914 1913 1914 1932 1931 1915 1933 1934 1916 1899 1916 1935 1917 1900 1917 1936 1918 1901 1918 1937 1919 1902 1919 1938 1920 1903 1920 1939 1921 1904 1921 1940 1922 1905 1922 1941 1923 1907 1924 1942 1925 1908 1925 1943 1926 1909 1926 1944 1927 1910 1927 1945 1928 1911 1928 1946 1929 1912 1929 1947 1930 1914 1930 1948 1932 1931 1932 1950 1949 1933 1951 1952 1934 1916 1934 1953 1935 1917 1935 1954 1936 1918 1936 1955 1937 1919 1937 1956 1938 1920 1938 1957 1939 1921 1939 1958 1940 1922 1940 1959 1941 1925 1942 1960 1943 1926 1943 1961 1944 1927 1944 1962 1945 1928 1945 1963 1946 1929 1946 1964 1947 1930 1947 1965 1948 1932 1948 1966 1950 1949 1950 1968 1967 1951 1969 1970 1952 1934 1952 1971 1953 1935 1953 1972 1954 1936 1954 1973 1955 1937 1955 1974 1956 1938 1956 1975 1957 1939 1957 1976 1958 1940 1958 1977 1959 1943 1960 1978 1961 1944 1961 1979 1962 1945 1962 1980 1963 1946 1963 1981 1964 1947 1964 1982 1965 1948 1965 1983 1966 1950 1966 1984 1968 1967 1968 1986 1985 1969 1987 1988 1970 1952 1970 1989 1971 1953 1971 1990 1972 1954 1972 1991 1973 1955 1973 1992 1974 1956 1974 1993 1975 1957 1975 1994 1976 1958 1976 1995 1977 1961 1978 1996 1979 1962 1979 1997 1980 1963 1980 1998 1981 1964 1981 1999 1982 1965 1982 2000 1983 1966 1983 2001 1984 1968 1984 2002 1986 1985 1986 2004 2003 1987 2005 2006 1988 1970 1988 2007 1989 1971 1989 2008 1990 1972 1990 2009 1991 1973 1991 2010 1992 1974 1992 2011 1993 1975 1993 2012 1994 1976 1994 2013 1995 1979 1996 2014 1997 1980 1997 2015 1998 1981 1998 2016 1999 1982 1999 2017 2000 1983 2000 2018 2001 1984 2001 2019 2002 1986 2002 2020 2004 2003 2004 2022 2021 2005 2023 2024 2006 1988 2006 2025 2007 1989 2007 2026 2008 1990 2008 2027 2009 1991 2009 2028 2010 1992 2010 2029 2011 1993 2011 2030 2012 1994 2012 2031 2013 1997 2014 2032 2015 1998 2015 2033 2016 1999 2016 2034 2017 2000 2017 2035 2018 2001 2018 2036 2019 2002 2019 2037 2020 2004 2020 2038 2022 2021 2022 2040 2039 2023 2041 2042 2024 2006 2024 2043 2025 2007 2025 2044 2026 2008 2026 2045 2027 2009 2027 2046 2028 2010 2028 2047 2029 2011 2029 2048 2030 2012 2030 2049 2031 2015 2032 2050 2033 2016 2033 2051 2034 2017 2034 2052 2035 2018 2035 2053 2036 2019 2036 2054 2037 2020 2037 2055 2038 2022 2038 2056 2040 2039 2040 2058 2057 2041 2059 2060 2042 2024 2042 2061 2043 2025 2043 2062 2044 2026 2044 2063 2045 2027 2045 2064 2046 2028 2046 2065 2047 2029 2047 2066 2048 2030 2048 2067 2049 2033 2050 2068 2051 2034 2051 2069 2052 2035 2052 2070 2053 2036 2053 2071 2054 2037 2054 2072 2055 2038 2055 2073 2056 2040 2056 2074 2058 2057 2058 2076 2075 2059 2077 2078 2060 2042 2060 2079 2061 2043 2061 2080 2062 2044 2062 2081 2063 2045 2063 2082 2064 2046 2064 2083 2065 2047 2065 2084 2066 2048 2066 2085 2067 2051 2068 2086 2069 2052 2069 2087 2070 2053 2070 2088 2071 2054 2071 2089 2072 2055 2072 2090 2073 2056 2073 2091 2074 2058 2074 2092 2076 2075 2076 2094 2093 2077 2095 2096 2078 2060 2078 2097 2079 2061 2079 2098 2080 2062 2080 2099 2081 2063 2081 2100 2082 2064 2082 2101 2083 2065 2083 2102 2084 2066 2084 2103 2085 2069 2086 2104 2087 2070 2087 2105 2088 2071 2088 2106 2089 2072 2089 2107 2090 2073 2090 2108 2091 2074 2091 2109 2092 2076 2092 2110 2094 2093 2094 2112 2111 2095 2113 2114 2096 2078 2096 2115 2097 2079 2097 2116 2098 2080 2098 2117 2099 2081 2099 2118 2100 2082 2100 2119 2101 2083 2101 2120 2102 2084 2102 2121 2103 2087 2104 2122 2105 2088 2105 2123 2106 2089 2106 2124 2107 2090 2107 2125 2108 2091 2108 2126 2109 2092 2109 2127 2110 2094 2110 2128 2112 2111 2112 2130 2129 2113 2131 2132 2114 2096 2114 2133 2115 2097 2115 2134 2116 2098 2116 2135 2117 2099 2117 2136 2118 2100 2118 2137 2119 2101 2119 2138 2120 2102 2120 2139 2121 2105 2122 2140 2123 2106 2123 2141 2124 2107 2124 2142 2125 2108 2125 2143 2126 2109 2126 2144 2127 2110 2127 2145 2128 2112 2128 2146 2130 2129 2130 2148 2147 2131 2149 2150 2132 2114 2132 2151 2133 2115 2133 2152 2134 2116 2134 2153 2135 2117 2135 2154 2136 2118 2136 2155 2137 2119 2137 2156 2138 2120 2138 2157 2139 2123 2140 2158 2141 2124 2141 2159 2142 2125 2142 2160 2143 2126 2143 2161 2144 2127 2144 2162 2145 2128 2145 2163 2146 2130 2146 2164 2148 2147 2148 2166 2165 2149 2167 2168 2150 2132 2150 2169 2151 2133 2151 2170 2152 2134 2152 2171 2153 2135 2153 2172 2154 2136 2154 2173 2155 2137 2155 2174 2156 2138 2156 2175 2157 2141 2158 2176 2159 2142 2159 2177 2160 2143 2160 2178 2161 2144 2161 2179 2162 2145 2162 2180 2163 2146 2163 2181 2164 2148 2164 2182 2166 2165 2166 2184 2183 2167 2185 2186 2168 2150 2168 2187 2169 2151 2169 2188 2170 2152 2170 2189 2171 2153 2171 2190 2172 2154 2172 2191 2173 2155 2173 2192 2174 2156 2174 2193 2175 2159 2176 2194 2177 2160 2177 2195 2178 2161 2178 2196 2179 2162 2179 2197 2180 2163 2180 2198 2181 2164 2181 2199 2182 2166 2182 2200 2184 2183 2184 2202 2201 2185 2203 2204 2186 2168 2186 2205 2187 2169 2187 2206 2188 2170 2188 2207 2189 2171 2189 2208 2190 2172 2190 2209 2191 2173 2191 2210 2192 2174 2192 2211 2193 2177 2194 2212 2195 2178 2195 2213 2196 2179 2196 2214 2197 2180 2197 2215 2198 2181 2198 2216 2199 2182 2199 2217 2200 2184 2200 2218 2202 2201 2202 2220 2219 2203 2221 2222 2204 2186 2204 2223 2205 2187 2205 2224 2206 2188 2206 2225 2207 2189 2207 2226 2208 2190 2208 2227 2209 2191 2209 2228 2210 2192 2210 2229 2211 2195 2212 2230 2213 2196 2213 2231 2214 2197 2214 2232 2215 2198 2215 2233 2216 2199 2216 2234 2217 2200 2217 2235 2218 2202 2218 2236 2220 2219 2220 2238 2237 2221 2239 2240 2222 2204 2222 2241 2223 2205 2223 2242 2224 2206 2224 2243 2225 2207 2225 2244 2226 2208 2226 2245 2227 2209 2227 2246 2228 2210 2228 2247 2229 2213 2230 2248 2231 2214 2231 2249 2232 2215 2232 2250 2233 2216 2233 2251 2234 2217 2234 2252 2235 2218 2235 2253 2236 2220 2236 2254 2238 2237 2238 2256 2255 2239 2257 2258 2240 2222 2240 2259 2241 2223 2241 2260 2242 2224 2242 2261 2243 2225 2243 2262 2244 2226 2244 2263 2245 2227 2245 2264 2246 2228 2246 2265 2247 2231 2248 2266 2249 2232 2249 2267 2250 2233 2250 2268 2251 2234 2251 2269 2252 2235 2252 2270 2253 2236 2253 2271 2254 2238 2254 2272 2256 2255 2256 2274 2273 2257 2275 2276 2258 2240 2258 2277 2259 2241 2259 2278 2260 2242 2260 2279 2261 2243 2261 2280 2262 2244 2262 2281 2263 2245 2263 2282 2264 2246 2264 2283 2265 2249 2266 2284 2267 2250 2267 2285 2268 2251 2268 2286 2269 2252 2269 2287 2270 2253 2270 2288 2271 2254 2271 2289 2272 2256 2272 2290 2274 2273 2274 2292 2291 2275 2293 2294 2276 2258 2276 2295 2277 2259 2277 2296 2278 2260 2278 2297 2279 2261 2279 2298 2280 2262 2280 2299 2281 2263 2281 2300 2282 2264 2282 2301 2283 2267 2284 2302 2285 2268 2285 2303 2286 2269 2286 2304 2287 2270 2287 2305 2288 2271 2288 2306 2289 2272 2289 2307 2290 2274 2290 2308 2292 2291 2292 2310 2309 2293 2311 2312 2294 2276 2294 2313 2295 2277 2295 2314 2296 2278 2296 2315 2297 2279 2297 2316 2298 2280 2298 2317 2299 2281 2299 2318 2300 2282 2300 2319 2301 2285 2302 2320 2303 2286 2303 2321 2304 2287 2304 2322 2305 2288 2305 2323 2306 2289 2306 2324 2307 2290 2307 2325 2308 2292 2308 2326 2310 2309 2310 2328 2327 2311 2329 2330 2312 2294 2312 2331 2313 2295 2313 2332 2314 2296 2314 2333 2315 2297 2315 2334 2316 2298 2316 2335 2317 2299 2317 2336 2318 2300 2318 2337 2319 2303 2320 2338 2321 2304 2321 2339 2322 2305 2322 2340 2323 2306 2323 2341 2324 2307 2324 2342 2325 2308 2325 2343 2326 2310 2326 2344 2328 2327 2328 2346 2345 2329 2347 2348 2330 2312 2330 2349 2331 2313 2331 2350 2332 2314 2332 2351 2333 2315 2333 2352 2334 2316 2334 2353 2335 2317 2335 2354 2336 2318 2336 2355 2337 2321 2338 2356 2339 2322 2339 2357 2340 2323 2340 2358 2341 2324 2341 2359 2342 2325 2342 2360 2343 2326 2343 2361 2344 2328 2344 2362 2346 2345 2346 2364 2363 2347 2365 2366 2348 2330 2348 2367 2349 2331 2349 2368 2350 2332 2350 2369 2351 2333 2351 2370 2352 2334 2352 2371 2353 2335 2353 2372 2354 2336 2354 2373 2355 2339 2356 2374 2357 2340 2357 2375 2358 2341 2358 2376 2359 2342 2359 2377 2360 2343 2360 2378 2361 2344 2361 2379 2362 2346 2362 2380 2364 2363 2364 2382 2381 2365 2383 2384 2366 2348 2366 2385 2367 2349 2367 2386 2368 2350 2368 2387 2369 2351 2369 2388 2370 2352 2370 2389 2371 2353 2371 2390 2372 2354 2372 2391 2373 2357 2374 2392 2375 2358 2375 2393 2376 2359 2376 2394 2377 2360 2377 2395 2378 2361 2378 2396 2379 2362 2379 2397 2380 2364 2380 2398 2382 2381 2382 2400 2399 2383 2401 2402 2384 2366 2384 2403 2385 2367 2385 2404 2386 2368 2386 2405 2387 2369 2387 2406 2388 2370 2388 2407 2389 2371 2389 2408 2390 2372 2390 2409 2391 2375 2392 2410 2393 2376 2393 2411 2394 2377 2394 2412 2395 2378 2395 2413 2396 2379 2396 2414 2397 2380 2397 2415 2398 2382 2398 2416 2400 2399 2400 2418 2417 2401 2419 2420 2402 2384 2402 2421 2403 2385 2403 2422 2404 2386 2404 2423 2405 2387 2405 2424 2406 2388 2406 2425 2407 2389 2407 2426 2408 2390 2408 2427 2409 2393 2410 2428 2411 2394 2411 2429 2412 2395 2412 2430 2413 2396 2413 2431 2414 2397 2414 2432 2415 2398 2415 2433 2416 2400 2416 2434 2418 2417 2418 2436 2435 2419 2437 2438 2420 2402 2420 2439 2421 2403 2421 2440 2422 2404 2422 2441 2423 2405 2423 2442 2424 2406 2424 2443 2425 2407 2425 2444 2426 2408 2426 2445 2427 2411 2428 2446 2429 2412 2429 2447 2430 2413 2430 2448 2431 2414 2431 2449 2432 2415 2432 2450 2433 2416 2433 2451 2434 2418 2434 2452 2436 2435 2436 2454 2453 2437 2455 2456 2438 2420 2438 2457 2439 2421 2439 2458 2440 2422 2440 2459 2441 2423 2441 2460 2442 2424 2442 2461 2443 2425 2443 2462 2444 2426 2444 2463 2445 2429 2446 2464 2447 2430 2447 2465 2448 2431 2448 2466 2449 2432 2449 2467 2450 2433 2450 2468 2451 2434 2451 2469 2452 2436 2452 2470 2454 2453 2454 2472 2471 2455 2473 2474 2456 2438 2456 2475 2457 2439 2457 2476 2458 2440 2458 2477 2459 2441 2459 2478 2460 2442 2460 2479 2461 2443 2461 2480 2462 2444 2462 2481 2463 2447 2464 2482 2465 2448 2465 2483 2466 2449 2466 2484 2467 2450 2467 2485 2468 2451 2468 2486 2469 2452 2469 2487 2470 2454 2470 2488 2472 2471 2472 2490 2489 2473 2491 2492 2474 2456 2474 2493 2475 2457 2475 2494 2476 2458 2476 2495 2477 2459 2477 2496 2478 2460 2478 2497 2479 2461 2479 2498 2480 2462 2480 2499 2481 2465 2482 2500 2483 2466 2483 2501 2484 2467 2484 2502 2485 2468 2485 2503 2486 2469 2486 2504 2487 2470 2487 2505 2488 2472 2488 2506 2490 2489 2490 2508 2507 2491 2509 2510 2492 2474 2492 2511 2493 2475 2493 2512 2494 2476 2494 2513 2495 2477 2495 2514 2496 2478 2496 2515 2497 2479 2497 2516 2498 2480 2498 2517 2499 2483 2500 2518 2501 2484 2501 2519 2502 2485 2502 2520 2503 2486 2503 2521 2504 2487 2504 2522 2505 2488 2505 2523 2506 2490 2506 2524 2508 2507 2508 2526 2525 2509 2527 2528 2510 2492 2510 2529 2511 2493 2511 2530 2512 2494 2512 2531 2513 2495 2513 2532 2514 2496 2514 2533 2515 2497 2515 2534 2516 2498 2516 2535 2517 2501 2518 2536 2519 2502 2519 2537 2520 2503 2520 2538 2521 2504 2521 2539 2522 2505 2522 2540 2523 2506 2523 2541 2524 2508 2524 2542 2526 2525 2526 2544 2543 2527 2545 2546 2528 2510 2528 2547 2529 2511 2529 2548 2530 2512 2530 2549 2531 2513 2531 2550 2532 2514 2532 2551 2533 2515 2533 2552 2534 2516 2534 2553 2535 2519 2536 2554 2537 2520 2537 2555 2538 2521 2538 2556 2539 2522 2539 2557 2540 2523 2540 2558 2541 2524 2541 2559 2542 2526 2542 2560 2544 2543 2544 2562 2561 2545 2563 2564 2546 2528 2546 2565 2547 2529 2547 2566 2548 2530 2548 2567 2549 2531 2549 2568 2550 2532 2550 2569 2551 2533 2551 2570 2552 2534 2552 2571 2553 2537 2554 2572 2555 2538 2555 2573 2556 2539 2556 2574 2557 2540 2557 2575 2558 2541 2558 2576 2559 2542 2559 2577 2560 2544 2560 2578 2562 2561 2562 2580 2579 2563 2581 2582 2564 2546 2564 2583 2565 2547 2565 2584 2566 2548 2566 2585 2567 2549 2567 2586 2568 2550 2568 2587 2569 2551 2569 2588 2570 2552 2570 2589 2571 2555 2572 2590 2573 2556 2573 2591 2574 2557 2574 2592 2575 2558 2575 2593 2576 2559 2576 2594 2577 2560 2577 2595 2578 2562 2578 2596 2580 2579 2580 2598 2597 2581 2599 2600 2582 2564 2582 2601 2583 2565 2583 2602 2584 2566 2584 2603 2585 2567 2585 2604 2586 2568 2586 2605 2587 2569 2587 2606 2588 2570 2588 2607 2589 2573 2590 2608 2591 2574 2591 2609 2592 2575 2592 2610 2593 2576 2593 2611 2594 2577 2594 2612 2595 2578 2595 2613 2596 2580 2596 2614 2598 2597 2598 2616 2615 2599 2617 2618 2600 2582 2600 2619 2601 2583 2601 2620 2602 2584 2602 2621 2603 2585 2603 2622 2604 2586 2604 2623 2605 2587 2605 2624 2606 2588 2606 2625 2607 2591 2608 2626 2609 2592 2609 2627 2610 2593 2610 2628 2611 2594 2611 2629 2612 2595 2612 2630 2613 2596 2613 2631 2614 2598 2614 2632 2616 2615 2616 2634 2633 2617 2635 2636 2618 2600 2618 2637 2619 2601 2619 2638 2620 2602 2620 2639 2621 2603 2621 2640 2622 2604 2622 2641 2623 2605 2623 2642 2624 2606 2624 2643 2625 2609 2626 2644 2627 2610 2627 2645 2628 2611 2628 2646 2629 2612 2629 2647 2630 2613 2630 2648 2631 2614 2631 2649 2632 2616 2632 2650 2634 2633 2634 2652 2651 2635 2653 2654 2636 2618 2636 2655 2637 2619 2637 2656 2638 2620 2638 2657 2639 2621 2639 2658 2640 2622 2640 2659 2641 2623 2641 2660 2642 2624 2642 2661 2643 2627 2644 2662 2645 2628 2645 2663 2646 2629 2646 2664 2647 2630 2647 2665 2648 2631 2648 2666 2649 2632 2649 2667 2650 2634 2650 2668 2652 2651 2652 2670 2669 2653 2671 2672 2654 2636 2654 2673 2655 2637 2655 2674 2656 2638 2656 2675 2657 2639 2657 2676 2658 2640 2658 2677 2659 2641 2659 2678 2660 2642 2660 2679 2661 2645 2662 2680 2663 2646 2663 2681 2664 2647 2664 2682 2665 2648 2665 2683 2666 2649 2666 2684 2667 2650 2667 2685 2668 2652 2668 2686 2670 2669 2670 2688 2687 2671 2689 2690 2672 2654 2672 2691 2673 2655 2673 2692 2674 2656 2674 2693 2675 2657 2675 2694 2676 2658 2676 2695 2677 2659 2677 2696 2678 2660 2678 2697 2679 2663 2680 2698 2681 2664 2681 2699 2682 2665 2682 2700 2683 2666 2683 2701 2684 2667 2684 2702 2685 2668 2685 2703 2686 2670 2686 2704 2688 2687 2688 2706 2705 2689 2707 2708 2690 2672 2690 2709 2691 2673 2691 2710 2692 2674 2692 2711 2693 2675 2693 2712 2694 2676 2694 2713 2695 2677 2695 2714 2696 2678 2696 2715 2697 2681 2698 2716 2699 2682 2699 2717 2700 2683 2700 2718 2701 2684 2701 2719 2702 2685 2702 2720 2703 2686 2703 2721 2704 2688 2704 2722 2706 2705 2706 2724 2723 2707 2725 2726 2708 2690 2708 2727 2709 2691 2709 2728 2710 2692 2710 2729 2711 2693 2711 2730 2712 2694 2712 2731 2713 2695 2713 2732 2714 2696 2714 2733 2715 2699 2716 2734 2717 2700 2717 2735 2718 2701 2718 2736 2719 2702 2719 2737 2720 2703 2720 2738 2721 2704 2721 2739 2722 2706 2722 2740 2724 2723 2724 2742 2741 2725 2743 2744 2726 2708 2726 2745 2727 2709 2727 2746 2728 2710 2728 2747 2729 2711 2729 2748 2730 2712 2730 2749 2731 2713 2731 2750 2732 2714 2732 2751 2733 2717 2734 2752 2735 2718 2735 2753 2736 2719 2736 2754 2737 2720 2737 2755 2738 2721 2738 2756 2739 2722 2739 2757 2740 2724 2740 2758 2742 2741 2742 2760 2759 2743 2761 2762 2744 2726 2744 2763 2745 2727 2745 2764 2746 2728 2746 2765 2747 2729 2747 2766 2748 2730 2748 2767 2749 2731 2749 2768 2750 2732 2750 2769 2751 2735 2752 2770 2753 2736 2753 2771 2754 2737 2754 2772 2755 2738 2755 2773 2756 2739 2756 2774 2757 2740 2757 2775 2758 2742 2758 2776 2760 2759 2760 2778 2777 2761 2779 2780 2762 2744 2762 2781 2763 2745 2763 2782 2764 2746 2764 2783 2765 2747 2765 2784 2766 2748 2766 2785 2767 2749 2767 2786 2768 2750 2768 2787 2769 2753 2770 2788 2771 2754 2771 2789 2772 2755 2772 2790 2773 2756 2773 2791 2774 2757 2774 2792 2775 2758 2775 2793 2776 2760 2776 2794 2778 2777 2778 2796 2795 2779 2797 2798 2780 2762 2780 2799 2781 2763 2781 2800 2782 2764 2782 2801 2783 2765 2783 2802 2784 2766 2784 2803 2785 2767 2785 2804 2786 2768 2786 2805 2787 2771 2788 2806 2789 2772 2789 2807 2790 2773 2790 2808 2791 2774 2791 2809 2792 2775 2792 2810 2793 2776 2793 2811 2794 2778 2794 2812 2796 2795 2796 2814 2813 2797 2815 2816 2798 2780 2798 2817 2799 2781 2799 2818 2800 2782 2800 2819 2801 2783 2801 2820 2802 2784 2802 2821 2803 2785 2803 2822 2804 2786 2804 2823 2805 2789 2806 2824 2807 2790 2807 2825 2808 2791 2808 2826 2809 2792 2809 2827 2810 2793 2810 2828 2811 2794 2811 2829 2812 2796 2812 2830 2814 2813 2814 2832 2831 2815 2833 2834 2816 2798 2816 2835 2817 2799 2817 2836 2818 2800 2818 2837 2819 2801 2819 2838 2820 2802 2820 2839 2821 2803 2821 2840 2822 2804 2822 2841 2823 2807 2824 2842 2825 2808 2825 2843 2826 2809 2826 2844 2827 2810 2827 2845 2828 2811 2828 2846 2829 2812 2829 2847 2830 2814 2830 2848 2832 2831 2832 2850 2849 2833 2851 2852 2834 2816 2834 2853 2835 2817 2835 2854 2836 2818 2836 2855 2837 2819 2837 2856 2838 2820 2838 2857 2839 2821 2839 2858 2840 2822 2840 2859 2841 2825 2842 2860 2843 2826 2843 2861 2844 2827 2844 2862 2845 2828 2845 2863 2846 2829 2846 2864 2847 2830 2847 2865 2848 2832 2848 2866 2850 2849 2850 2868 2867 2851 2869 2870 2852 2834 2852 2871 2853 2835 2853 2872 2854 2836 2854 2873 2855 2837 2855 2874 2856 2838 2856 2875 2857 2839 2857 2876 2858 2840 2858 2877 2859 2843 2860 2878 2861 2844 2861 2879 2862 2845 2862 2880 2863 2846 2863 2881 2864 2847 2864 2882 2865 2848 2865 2883 2866 2850 2866 2884 2868 2867 2868 2886 2885 2869 2887 2888 2870 2852 2870 2889 2871 2853 2871 2890 2872 2854 2872 2891 2873 2855 2873 2892 2874 2856 2874 2893 2875 2857 2875 2894 2876 2858 2876 2895 2877 2861 2878 2896 2879 2862 2879 2897 2880 2863 2880 2898 2881 2864 2881 2899 2882 2865 2882 2900 2883 2866 2883 2901 2884 2868 2884 2902 2886 2885 2886 2904 2903 2887 2905 2906 2888 2870 2888 2907 2889 2871 2889 2908 2890 2872 2890 2909 2891 2873 2891 2910 2892 2874 2892 2911 2893 2875 2893 2912 2894 2876 2894 2913 2895 2879 2896 2914 2897 2880 2897 2915 2898 2881 2898 2916 2899 2882 2899 2917 2900 2883 2900 2918 2901 2884 2901 2919 2902 2886 2902 2920 2904 2903 2904 2922 2921 2905 2923 2924 2906 2888 2906 2925 2907 2889 2907 2926 2908 2890 2908 2927 2909 2891 2909 2928 2910 2892 2910 2929 2911 2893 2911 2930 2912 2894 2912 2931 2913 2897 2914 2932 2915 2898 2915 2933 2916 2899 2916 2934 2917 2900 2917 2935 2918 2901 2918 2936 2919 2902 2919 2937 2920 2904 2920 2938 2922 2921 2922 2940 2939 2923 2941 2942 2924 2906 2924 2943 2925 2907 2925 2944 2926 2908 2926 2945 2927 2909 2927 2946 2928 2910 2928 2947 2929 2911 2929 2948 2930 2912 2930 2949 2931 2915 2932 2950 2933 2916 2933 2951 2934 2917 2934 2952 2935 2918 2935 2953 2936 2919 2936 2954 2937 2920 2937 2955 2938 2922 2938 2956 2940 2939 2940 2958 2957 2941 2959 2960 2942 2924 2942 2961 2943 2925 2943 2962 2944 2926 2944 2963 2945 2927 2945 2964 2946 2928 2946 2965 2947 2929 2947 2966 2948 2930 2948 2967 2949 2933 2950 2968 2951 2934 2951 2969 2952 2935 2952 2970 2953 2936 2953 2971 2954 2937 2954 2972 2955 2938 2955 2973 2956 2940 2956 2974 2958 2957 2958 2976 2975 2959 2977 2978 2960 2942 2960 2979 2961 2943 2961 2980 2962 2944 2962 2981 2963 2945 2963 2982 2964 2946 2964 2983 2965 2947 2965 2984 2966 2948 2966 2985 2967 2951 2968 2986 2969 2952 2969 2987 2970 2953 2970 2988 2971 2954 2971 2989 2972 2955 2972 2990 2973 2956 2973 2991 2974 2958 2974 2992 2976 2975 2976 2994 2993 2977 2995 2996 2978 2960 2978 2997 2979 2961 2979 2998 2980 2962 2980 2999 2981 2963 2981 3000 2982 2964 2982 3001 2983 2965 2983 3002 2984 2966 2984 3003 2985 2969 2986 3004 2987 2970 2987 3005 2988 2971 2988 3006 2989 2972 2989 3007 2990 2973 2990 3008 2991 2974 2991 3009 2992 2976 2992 3010 2994 2993 2994 3012 3011 2995 3013 3014 2996 2978 2996 3015 2997 2979 2997 3016 2998 2980 2998 3017 2999 2981 2999 3018 3000 2982 3000 3019 3001 2983 3001 3020 3002 2984 3002 3021 3003 2987 3004 3022 3005 2988 3005 3023 3006 2989 3006 3024 3007 2990 3007 3025 3008 2991 3008 3026 3009 2992 3009 3027 3010 2994 3010 3028 3012 3011 3012 3030 3029 3013 3031 3032 3014 2996 3014 3033 3015 2997 3015 3034 3016 2998 3016 3035 3017 2999 3017 3036 3018 3000 3018 3037 3019 3001 3019 3038 3020 3002 3020 3039 3021 3005 3022 3040 3023 3006 3023 3041 3024 3007 3024 3042 3025 3008 3025 3043 3026 3009 3026 3044 3027 3010 3027 3045 3028 3012 3028 3046 3030 3029 3030 3048 3047 3031 3049 3050 3032 3014 3032 3051 3033 3015 3033 3052 3034 3016 3034 3053 3035 3017 3035 3054 3036 3018 3036 3055 3037 3019 3037 3056 3038 3020 3038 3057 3039 3023 3040 3058 3041 3024 3041 3059 3042 3025 3042 3060 3043 3026 3043 3061 3044 3027 3044 3062 3045 3028 3045 3063 3046 3030 3046 3064 3048 3047 3048 3066 3065 3049 3067 3068 3050 3032 3050 3069 3051 3033 3051 3070 3052 3034 3052 3071 3053 3035 3053 3072 3054 3036 3054 3073 3055 3037 3055 3074 3056 3038 3056 3075 3057 3041 3058 3076 3059 3042 3059 3077 3060 3043 3060 3078 3061 3044 3061 3079 3062 3045 3062 3080 3063 3046 3063 3081 3064 3048 3064 3082 3066 3065 3066 3084 3083 3067 3085 3086 3068 3050 3068 3087 3069 3051 3069 3088 3070 3052 3070 3089 3071 3053 3071 3090 3072 3054 3072 3091 3073 3055 3073 3092 3074 3056 3074 3093 3075 3059 3076 3094 3077 3060 3077 3095 3078 3061 3078 3096 3079 3062 3079 3097 3080 3063 3080 3098 3081 3064 3081 3099 3082 3066 3082 3100 3084 3083 3084 3102 3101 3085 3103 3104 3086 3068 3086 3105 3087 3069 3087 3106 3088 3070 3088 3107 3089 3071 3089 3108 3090 3072 3090 3109 3091 3073 3091 3110 3092 3074 3092 3111 3093 3077 3094 3112 3095 3078 3095 3113 3096 3079 3096 3114 3097 3080 3097 3115 3098 3081 3098 3116 3099 3082 3099 3117 3100 3084 3100 3118 3102 3101 3102 3120 3119 3103 3121 3122 3104 3086 3104 3123 3105 3087 3105 3124 3106 3088 3106 3125 3107 3089 3107 3126 3108 3090 3108 3127 3109 3091 3109 3128 3110 3092 3110 3129 3111 3095 3112 3130 3113 3096 3113 3131 3114 3097 3114 3132 3115 3098 3115 3133 3116 3099 3116 3134 3117 3100 3117 3135 3118 3102 3118 3136 3120 3119 3120 3138 3137 3121 3139 3140 3122 3104 3122 3141 3123 3105 3123 3142 3124 3106 3124 3143 3125 3107 3125 3144 3126 3108 3126 3145 3127 3109 3127 3146 3128 3110 3128 3147 3129 3113 3130 3148 3131 3114 3131 3149 3132 3115 3132 3150 3133 3116 3133 3151 3134 3117 3134 3152 3135 3118 3135 3153 3136 3120 3136 3154 3138 3137 3138 3156 3155 3139 3157 3158 3140 3122 3140 3159 3141 3123 3141 3160 3142 3124 3142 3161 3143 3125 3143 3162 3144 3126 3144 3163 3145 3127 3145 3164 3146 3128 3146 3165 3147 3131 3148 3166 3149 3132 3149 3167 3150 3133 3150 3168 3151 3134 3151 3169 3152 3135 3152 3170 3153 3136 3153 3171 3154 3138 3154 3172 3156 3155 3156 3174 3173 3157 3175 3176 3158 3140 3158 3177 3159 3141 3159 3178 3160 3142 3160 3179 3161 3143 3161 3180 3162 3144 3162 3181 3163 3145 3163 3182 3164 3146 3164 3183 3165 3149 3166 3184 3167 3150 3167 3185 3168 3151 3168 3186 3169 3152 3169 3187 3170 3153 3170 3188 3171 3154 3171 3189 3172 3156 3172 3190 3174 3173 3174 3192 3191 3175 3193 3194 3176 3158 3176 3195 3177 3159 3177 3196 3178 3160 3178 3197 3179 3161 3179 3198 3180 3162 3180 3199 3181 3163 3181 3200 3182 3164 3182 3201 3183 3167 3184 3202 3185 3168 3185 3203 3186 3169 3186 3204 3187 3170 3187 3205 3188 3171 3188 3206 3189 3172 3189 3207 3190 3174 3190 3208 3192 3191 3192 3210 3209 3193 3211 3212 3194 3176 3194 3213 3195 3177 3195 3214 3196 3178 3196 3215 3197 3179 3197 3216 3198 3180 3198 3217 3199 3181 3199 3218 3200 3182 3200 3219 3201 3185 3202 3220 3203 3186 3203 3221 3204 3187 3204 3222 3205 3188 3205 3223 3206 3189 3206 3224 3207 3190 3207 3225 3208 3192 3208 3226 3210 3209 3210 3228 3227 3211 3229 3230 3212 3194 3212 3231 3213 3195 3213 3232 3214 3196 3214 3233 3215 3197 3215 3234 3216 3198 3216 3235 3217 3199 3217 3236 3218 3200 3218 3237 3219 3203 3220 3238 3221 3204 3221 3239 3222 3205 3222 3240 3223 3206 3223 3241 3224 3207 3224 3242 3225 3208 3225 3243 3226 3210 3226 3244 3228 3227 3228 3246 3245 3229 3247 3248 3230 3212 3230 3249 3231 3213 3231 3250 3232 3214 3232 3251 3233 3215 3233 3252 3234 3216 3234 3253 3235 3217 3235 3254 3236 3218 3236 3255 3237 3221 3238 3256 3239 3222 3239 3257 3240 3223 3240 3258 3241 3224 3241 3259 3242 3225 3242 3260 3243 3226 3243 3261 3244 3228 3244 3262 3246 3245 3246 3264 3263 3247 3265 3266 3248 3230 3248 3267 3249 3231 3249 3268 3250 3232 3250 3269 3251 3233 3251 3270 3252 3234 3252 3271 3253 3235 3253 3272 3254 3236 3254 3273 3255 3239 3256 3274 3257 3240 3257 3275 3258 3241 3258 3276 3259 3242 3259 3277 3260 3243 3260 3278 3261 3244 3261 3279 3262 3246 3262 3280 3264 3263 3264 3282 3281 3265 3283 3284 3266 3248 3266 3285 3267 3249 3267 3286 3268 3250 3268 3287 3269 3251 3269 3288 3270 3252 3270 3289 3271 3253 3271 3290 3272 3254 3272 3291 3273 3257 3274 3292 3275 3258 3275 3293 3276 3259 3276 3294 3277 3260 3277 3295 3278 3261 3278 3296 3279 3262 3279 3297 3280 3264 3280 3298 3282 3281 3282 3300 3299 3283 3301 3302 3284 3266 3284 3303 3285 3267 3285 3304 3286 3268 3286 3305 3287 3269 3287 3306 3288 3270 3288 3307 3289 3271 3289 3308 3290 3272 3290 3309 3291 3275 3292 3310 3293 3276 3293 3311 3294 3277 3294 3312 3295 3278 3295 3313 3296 3279 3296 3314 3297 3280 3297 3315 3298 3282 3298 3316 3300 3299 3300 3318 3317 3301 3319 3320 3302 3284 3302 3321 3303 3285 3303 3322 3304 3286 3304 3323 3305 3287 3305 3324 3306 3288 3306 3325 3307 3289 3307 3326 3308 3290 3308 3327 3309 3293 3310 3328 3311 3294 3311 3329 3312 3295 3312 3330 3313 3296 3313 3331 3314 3297 3314 3332 3315 3298 3315 3333 3316 3300 3316 3334 3318 3317 3318 3336 3335 3319 3337 3338 3320 3302 3320 3339 3321 3303 3321 3340 3322 3304 3322 3341 3323 3305 3323 3342 3324 3306 3324 3343 3325 3307 3325 3344 3326 3308 3326 3345 3327 3311 3328 3346 3329 3312 3329 3347 3330 3313 3330 3348 3331 3314 3331 3349 3332 3315 3332 3350 3333 3316 3333 3351 3334 3318 3334 3352 3336 3335 3336 3354 3353 3337 3355 3356 3338 3320 3338 3357 3339 3321 3339 3358 3340 3322 3340 3359 3341 3323 3341 3360 3342 3324 3342 3361 3343 3325 3343 3362 3344 3326 3344 3363 3345 3329 3346 3364 3347 3330 3347 3365 3348 3331 3348 3366 3349 3332 3349 3367 3350 3333 3350 3368 3351 3334 3351 3369 3352 3336 3352 3370 3354 3353 3354 3372 3371 3355 3373 3374 3356 3338 3356 3375 3357 3339 3357 3376 3358 3340 3358 3377 3359 3341 3359 3378 3360 3342 3360 3379 3361 3343 3361 3380 3362 3344 3362 3381 3363 3347 3364 3382 3365 3348 3365 3383 3366 3349 3366 3384 3367 3350 3367 3385 3368 3351 3368 3386 3369 3352 3369 3387 3370 3354 3370 3388 3372 3371 3372 3390 3389 3373 3391 3392 3374 3356 3374 3393 3375 3357 3375 3394 3376 3358 3376 3395 3377 3359 3377 3396 3378 3360 3378 3397 3379 3361 3379 3398 3380 3362 3380 3399 3381 3365 3382 3400 3383 3366 3383 3401 3384 3367 3384 3402 3385 3368 3385 3403 3386 3369 3386 3404 3387 3370 3387 3405 3388 3372 3388 3406 3390 3389 3390 3408 3407 3391 3409 3410 3392 3374 3392 3411 3393 3375 3393 3412 3394 3376 3394 3413 3395 3377 3395 3414 3396 3378 3396 3415 3397 3379 3397 3416 3398 3380 3398 3417 3399 3383 3400 3418 3401 3384 3401 3419 3402 3385 3402 3420 3403 3386 3403 3421 3404 3387 3404 3422 3405 3388 3405 3423 3406 3390 3406 3424 3408 3407 3408 3426 3425 3409 3427 3428 3410 3392 3410 3429 3411 3393 3411 3430 3412 3394 3412 3431 3413 3395 3413 3432 3414 3396 3414 3433 3415 3397 3415 3434 3416 3398 3416 3435 3417 3401 3418 3436 3419 3402 3419 3437 3420 3403 3420 3438 3421 3404 3421 3439 3422 3405 3422 3440 3423 3406 3423 3441 3424 3408 3424 3442 3426 3425 3426 3444 3443 3427 3445 3446 3428 3410 3428 3447 3429 3411 3429 3448 3430 3412 3430 3449 3431 3413 3431 3450 3432 3414 3432 3451 3433 3415 3433 3452 3434 3416 3434 3453 3435 3419 3436 3454 3437 3420 3437 3455 3438 3421 3438 3456 3439 3422 3439 3457 3440 3423 3440 3458 3441 3424 3441 3459 3442 3426 3442 3460 3444 3443 3444 3462 3461 3445 3463 3464 3446 3428 3446 3465 3447 3429 3447 3466 3448 3430 3448 3467 3449 3431 3449 3468 3450 3432 3450 3469 3451 3433 3451 3470 3452 3434 3452 3471 3453 3437 3454 3472 3455 3438 3455 3473 3456 3439 3456 3474 3457 3440 3457 3475 3458 3441 3458 3476 3459 3442 3459 3477 3460 3444 3460 3478 3462 3461 3462 3480 3479 3463 3481 3482 3464 3446 3464 3483 3465 3447 3465 3484 3466 3448 3466 3485 3467 3449 3467 3486 3468 3450 3468 3487 3469 3451 3469 3488 3470 3452 3470 3489 3471 3455 3472 3490 3473 3456 3473 3491 3474 3457 3474 3492 3475 3458 3475 3493 3476 3459 3476 3494 3477 3460 3477 3495 3478 3462 3478 3496 3480 3479 3480 3498 3497 3481 3499 3500 3482 3464 3482 3501 3483 3465 3483 3502 3484 3466 3484 3503 3485 3467 3485 3504 3486 3468 3486 3505 3487 3469 3487 3506 3488 3470 3488 3507 3489 3473 3490 3508 3491 3474 3491 3509 3492 3475 3492 3510 3493 3476 3493 3511 3494 3477 3494 3512 3495 3478 3495 3513 3496 3480 3496 3514 3498 3497 3498 3516 3515 3499 3517 3518 3500 3482 3500 3519 3501 3483 3501 3520 3502 3484 3502 3521 3503 3485 3503 3522 3504 3486 3504 3523 3505 3487 3505 3524 3506 3488 3506 3525 3507 3491 3508 3526 3509 3492 3509 3527 3510 3493 3510 3528 3511 3494 3511 3529 3512 3495 3512 3530 3513 3496 3513 3531 3514 3498 3514 3532 3516 3515 3516 3534 3533 3517 3535 3536 3518 3500 3518 3537 3519 3501 3519 3538 3520 3502 3520 3539 3521 3503 3521 3540 3522 3504 3522 3541 3523 3505 3523 3542 3524 3506 3524 3543 3525 3509 3526 3544 3527 3510 3527 3545 3528 3511 3528 3546 3529 3512 3529 3547 3530 3513 3530 3548 3531 3514 3531 3549 3532 3516 3532 3550 3534 3533 3534 3552 3551 3535 3553 3554 3536 3518 3536 3555 3537 3519 3537 3556 3538 3520 3538 3557 3539 3521 3539 3558 3540 3522 3540 3559 3541 3523 3541 3560 3542 3524 3542 3561 3543 3527 3544 3562 3545 3528 3545 3563 3546 3529 3546 3564 3547 3530 3547 3565 3548 3531 3548 3566 3549 3532 3549 3567 3550 3534 3550 3568 3552 3551 3552 3570 3569 3553 3571 3572 3554 3536 3554 3573 3555 3537 3555 3574 3556 3538 3556 3575 3557 3539 3557 3576 3558 3540 3558 3577 3559 3541 3559 3578 3560 3542 3560 3579 3561 3545 3562 3580 3563 3546 3563 3581 3564 3547 3564 3582 3565 3548 3565 3583 3566 3549 3566 3584 3567 3550 3567 3585 3568 3552 3568 3586 3570 3569 3570 3588 3587 3571 3589 3590 3572 3554 3572 3591 3573 3555 3573 3592 3574 3556 3574 3593 3575 3557 3575 3594 3576 3558 3576 3595 3577 3559 3577 3596 3578 3560 3578 3597 3579 3563 3580 3598 3581 3564 3581 3599 3582 3565 3582 3600 3583 3566 3583 3601 3584 3567 3584 3602 3585 3568 3585 3603 3586 3570 3586 3604 3588 3587 3588 3606 3605 3589 3607 3608 3590 3572 3590 3609 3591 3573 3591 3610 3592 3574 3592 3611 3593 3575 3593 3612 3594 3576 3594 3613 3595 3577 3595 3614 3596 3578 3596 3615 3597 3581 3598 3616 3599 3582 3599 3617 3600 3583 3600 3618 3601 3584 3601 3619 3602 3585 3602 3620 3603 3586 3603 3621 3604 3588 3604 3622 3606 3605 3606 3624 3623 3607 3625 3626 3608 3590 3608 3627 3609 3591 3609 3628 3610 3592 3610 3629 3611 3593 3611 3630 3612 3594 3612 3631 3613 3595 3613 3632 3614 3596 3614 3633 3615 3599 3616 3634 3617 3600 3617 3635 3618 3601 3618 3636 3619 3602 3619 3637 3620 3603 3620 3638 3621 3604 3621 3639 3622 3606 3622 3640 3624 3623 3624 3642 3641 3625 3643 3644 3626 3608 3626 3645 3627 3609 3627 3646 3628 3610 3628 3647 3629 3611 3629 3648 3630 3612 3630 3649 3631 3613 3631 3650 3632 3614 3632 3651 3633 3617 3634 3652 3635 3618 3635 3653 3636 3619 3636 3654 3637 3620 3637 3655 3638 3621 3638 3656 3639 3622 3639 3657 3640 3624 3640 3658 3642 3641 3642 3660 3659 3643 3661 3662 3644 3626 3644 3663 3645 3627 3645 3664 3646 3628 3646 3665 3647 3629 3647 3666 3648 3630 3648 3667 3649 3631 3649 3668 3650 3632 3650 3669 3651 3635 3652 3670 3653 3636 3653 3671 3654 3637 3654 3672 3655 3638 3655 3673 3656 3639 3656 3674 3657 3640 3657 3675 3658 3642 3658 3676 3660 3659 3660 3678 3677 3661 3679 3680 3662 3644 3662 3681 3663 3645 3663 3682 3664 3646 3664 3683 3665 3647 3665 3684 3666 3648 3666 3685 3667 3649 3667 3686 3668 3650 3668 3687 3669 3653 3670 3688 3671 3654 3671 3689 3672 3655 3672 3690 3673 3656 3673 3691 3674 3657 3674 3692 3675 3658 3675 3693 3676 3660 3676 3694 3678 3677 3678 3696 3695 3679 3697 3698 3680 3662 3680 3699 3681 3663 3681 3700 3682 3664 3682 3701 3683 3665 3683 3702 3684 3666 3684 3703 3685 3667 3685 3704 3686 3668 3686 3705 3687 3671 3688 3706 3689 3672 3689 3707 3690 3673 3690 3708 3691 3674 3691 3709 3692 3675 3692 3710 3693 3676 3693 3711 3694 3678 3694 3712 3696 3695 3696 3714 3713 3697 3715 3716 3698 3680 3698 3717 3699 3681 3699 3718 3700 3682 3700 3719 3701 3683 3701 3720 3702 3684 3702 3721 3703 3685 3703 3722 3704 3686 3704 3723 3705 3689 3706 3724 3707 3690 3707 3725 3708 3691 3708 3726 3709 3692 3709 3727 3710 3693 3710 3728 3711 3694 3711 3729 3712 3696 3712 3730 3714 3713 3714 3732 3731 3715 3733 3734 3716 3698 3716 3735 3717 3699 3717 3736 3718 3700 3718 3737 3719 3701 3719 3738 3720 3702 3720 3739 3721 3703 3721 3740 3722 3704 3722 3741 3723 3707 3724 3742 3725 3708 3725 3743 3726 3709 3726 3744 3727 3710 3727 3745 3728 3711 3728 3746 3729 3712 3729 3747 3730 3714 3730 3748 3732 3731 3732 3750 3749 3733 3751 3752 3734 3716 3734 3753 3735 3717 3735 3754 3736 3718 3736 3755 3737 3719 3737 3756 3738 3720 3738 3757 3739 3721 3739 3758 3740 3722 3740 3759 3741 3725 3742 3760 3743 3726 3743 3761 3744 3727 3744 3762 3745 3728 3745 3763 3746 3729 3746 3764 3747 3730 3747 3765 3748 3732 3748 3766 3750 3749 3750 3768 3767 3751 3769 3770 3752 3734 3752 3771 3753 3735 3753 3772 3754 3736 3754 3773 3755 3737 3755 3774 3756 3738 3756 3775 3757 3739 3757 3776 3758 3740 3758 3777 3759 3743 3760 3778 3761 3744 3761 3779 3762 3745 3762 3780 3763 3746 3763 3781 3764 3747 3764 3782 3765 3748 3765 3783 3766 3750 3766 3784 3768 3767 3768 3786 3785 3769 3787 3788 3770 3752 3770 3789 3771 3753 3771 3790 3772 3754 3772 3791 3773 3755 3773 3792 3774 3756 3774 3793 3775 3757 3775 3794 3776 3758 3776 3795 3777 3761 3778 3796 3779 3762 3779 3797 3780 3763 3780 3798 3781 3764 3781 3799 3782 3765 3782 3800 3783 3766 3783 3801 3784 3768 3784 3802 3786 3785 3786 3804 3803 3787 3805 3806 3788 3770 3788 3807 3789 3771 3789 3808 3790 3772 3790 3809 3791 3773 3791 3810 3792 3774 3792 3811 3793 3775 3793 3812 3794 3776 3794 3813 3795 3779 3796 3814 3797 3780 3797 3815 3798 3781 3798 3816 3799 3782 3799 3817 3800 3783 3800 3818 3801 3784 3801 3819 3802 3786 3802 3820 3804 3803 3804 3822 3821 3805 3823 3824 3806 3788 3806 3825 3807 3789 3807 3826 3808 3790 3808 3827 3809 3791 3809 3828 3810 3792 3810 3829 3811 3793 3811 3830 3812 3794 3812 3831 3813 3797 3814 3832 3815 3798 3815 3833 3816 3799 3816 3834 3817 3800 3817 3835 3818 3801 3818 3836 3819 3802 3819 3837 3820 3804 3820 3838 3822 3821 3822 3840 3839 3823 3841 3842 3824 3806 3824 3843 3825 3807 3825 3844 3826 3808 3826 3845 3827 3809 3827 3846 3828 3810 3828 3847 3829 3811 3829 3848 3830 3812 3830 3849 3831 3815 3832 3850 3833 3816 3833 3851 3834 3817 3834 3852 3835 3818 3835 3853 3836 3819 3836 3854 3837 3820 3837 3855 3838 3822 3838 3856 3840 3839 3840 3858 3857 3841 3859 3860 3842 3824 3842 3861 3843 3825 3843 3862 3844 3826 3844 3863 3845 3827 3845 3864 3846 3828 3846 3865 3847 3829 3847 3866 3848 3830 3848 3867 3849 3833 3850 3868 3851 3834 3851 3869 3852 3835 3852 3870 3853 3836 3853 3871 3854 3837 3854 3872 3855 3838 3855 3873 3856 3840 3856 3874 3858 3857 3858 3876 3875 3859 3877 3878 3860 3842 3860 3879 3861 3843 3861 3880 3862 3844 3862 3881 3863 3845 3863 3882 3864 3846 3864 3883 3865 3847 3865 3884 3866 3848 3866 3885 3867 3851 3868 3886 3869 3852 3869 3887 3870 3853 3870 3888 3871 3854 3871 3889 3872 3855 3872 3890 3873 3856 3873 3891 3874 3858 3874 3892 3876 3875 3876 3894 3893 3877 3895 3896 3878 3860 3878 3897 3879 3861 3879 3898 3880 3862 3880 3899 3881 3863 3881 3900 3882 3864 3882 3901 3883 3865 3883 3902 3884 3866 3884 3903 3885 3869 3886 3904 3887 3870 3887 3905 3888 3871 3888 3906 3889 3872 3889 3907 3890 3873 3890 3908 3891 3874 3891 3909 3892 3876 3892 3910 3894 3893 3894 3912 3911 3895 3913 3914 3896 3878 3896 3915 3897 3879 3897 3916 3898 3880 3898 3917 3899 3881 3899 3918 3900 3882 3900 3919 3901 3883 3901 3920 3902 3884 3902 3921 3903 3887 3904 3922 3905 3888 3905 3923 3906 3889 3906 3924 3907 3890 3907 3925 3908 3891 3908 3926 3909 3892 3909 3927 3910 3894 3910 3928 3912 3911 3912 3930 3929 3913 3931 3932 3914 3896 3914 3933 3915 3897 3915 3934 3916 3898 3916 3935 3917 3899 3917 3936 3918 3900 3918 3937 3919 3901 3919 3938 3920 3902 3920 3939 3921 3905 3922 3940 3923 3906 3923 3941 3924 3907 3924 3942 3925 3908 3925 3943 3926 3909 3926 3944 3927 3910 3927 3945 3928 3912 3928 3946 3930 3929 3930 3948 3947 3931 3949 3950 3932 3914 3932 3951 3933 3915 3933 3952 3934 3916 3934 3953 3935 3917 3935 3954 3936 3918 3936 3955 3937 3919 3937 3956 3938 3920 3938 3957 3939 3923 3940 3958 3941 3924 3941 3959 3942 3925 3942 3960 3943 3926 3943 3961 3944 3927 3944 3962 3945 3928 3945 3963 3946 3930 3946 3964 3948 3947 3948 3966 3965 3949 3967 3968 3950 3932 3950 3969 3951 3933 3951 3970 3952 3934 3952 3971 3953 3935 3953 3972 3954 3936 3954 3973 3955 3937 3955 3974 3956 3938 3956 3975 3957 3941 3958 3976 3959 3942 3959 3977 3960 3943 3960 3978 3961 3944 3961 3979 3962 3945 3962 3980 3963 3946 3963 3981 3964 3948 3964 3982 3966 3983 3947 3965 3984 3965 3966 3986 3985 3967 3987 3988 3968 3950 3968 3989 3969 3951 3969 3990 3970 3952 3970 3991 3971 3953 3971 3992 3972 3954 3972 3993 3973 3955 3973 3994 3974 3956 3974 3995 3975 3959 3976 3996 3977 3960 3977 3997 3978 3961 3978 3998 3979 3962 3979 3999 3980 3963 3980 4000 3981 3964 3981 4001 3982 3966 3982 4002 3986 4003 3983 3984 4004 3984 3965 3985 4005 3985 3986 4007 4006 3987 4008 4009 3988 3968 3988 4010 3989 3969 3989 4011 3990 3970 3990 4012 3991 3971 3991 4013 3992 3972 3992 4014 3993 3973 3993 4015 3994 3974 3994 4016 3995 3977 3996 4017 3997 3978 3997 4018 3998 3979 3998 4019 3999 3980 3999 4020 4000 3981 4000 4021 4001 3982 4001 4022 4002 3986 4002 4023 4007 4024 4003 4004 4025 4004 3984 4005 4026 4005 3985 4006 4027 4006 4007 4029 4028 4008 4030 4031 4009 3988 4009 4032 4010 3989 4010 4033 4011 3990 4011 4034 4012 3991 4012 4035 4013 3992 4013 4036 4014 3993 4014 4037 4015 3994 4015 4038 4016 3997 4017 4039 4018 3998 4018 4040 4019 3999 4019 4041 4020 4000 4020 4042 4021 4001 4021 4043 4022 4002 4022 4044 4023 4007 4023 4045 4029 4046 4024 4025 4047 4025 4004 4026 4048 4026 4005 4027 4049 4027 4006 4028 4050 4028 4029 4052 4051 4030 4053 4054 4031 4009 4031 4055 4032 4010 4032 4056 4033 4011 4033 4057 4034 4012 4034 4058 4035 4013 4035 4059 4036 4014 4036 4060 4037 4015 4037 4061 4038 4018 4039 4062 4040 4019 4040 4063 4041 4020 4041 4064 4042 4021 4042 4065 4043 4022 4043 4066 4044 4023 4044 4067 4045 4029 4045 4068 4052 4069 4046 4047 4070 4047 4025 4048 4071 4048 4026 4049 4072 4049 4027 4050 4073 4050 4028 4051 4074 4051 4052 4076 4075 4053 4077 4078 4054 4031 4054 4079 4055 4032 4055 4080 4056 4033 4056 4081 4057 4034 4057 4082 4058 4035 4058 4083 4059 4036 4059 4084 4060 4037 4060 4085 4061 4040 4062 4086 4063 4041 4063 4087 4064 4042 4064 4088 4065 4043 4065 4089 4066 4044 4066 4090 4067 4045 4067 4091 4068 4052 4068 4092 4076 4093 4069 4070 4094 4070 4047 4071 4095 4071 4048 4072 4096 4072 4049 4073 4097 4073 4050 4074 4098 4074 4051 4075 4099 4075 4076 4101 4100 4077 4102 4103 4078 4054 4078 4104 4079 4055 4079 4105 4080 4056 4080 4106 4081 4057 4081 4107 4082 4058 4082 4108 4083 4059 4083 4109 4084 4060 4084 4110 4085 4063 4086 4111 4087 4064 4087 4112 4088 4065 4088 4113 4089 4066 4089 4114 4090 4067 4090 4115 4091 4068 4091 4116 4092 4076 4092 4117 4101 4118 4093 4094 4119 4094 4070 4095 4120 4095 4071 4096 4121 4096 4072 4097 4122 4097 4073 4098 4123 4098 4074 4099 4124 4099 4075 4100 4125 4100 4101 4127 4126 4102 4128 4129 4103 4078 4103 4130 4104 4079 4104 4131 4105 4080 4105 4132 4106 4081 4106 4133 4107 4082 4107 4134 4108 4083 4108 4135 4109 4084 4109 4136 4110 4086 4137 4138 4111 4087 4111 4139 4112 4088 4112 4140 4113 4089 4113 4141 4114 4090 4114 4142 4115 4091 4115 4143 4116 4092 4116 4144 4117 4101 4117 4145 4127 4146 4118 4119 4147 4119 4094 4120 4148 4120 4095 4121 4149 4121 4096 4122 4150 4122 4097 4123 4151 4123 4098 4124 4152 4124 4099 4125 4153 4125 4100 4126 4154 4128 4155 4156 4129 4103 4129 4157 4130 4104 4130 4158 4131 4105 4131 4159 4132 4106 4132 4160 4133 4107 4133 4161 4134 4108 4134 4162 4135 4109 4135 4163 4136 4137 4164 4165 4138 4111 4138 4166 4139 4112 4139 4167 4140 4113 4140 4168 4141 4114 4141 4169 4142 4115 4142 4170 4143 4116 4143 4171 4144 4117 4144 4172 4145 4173 4146 4147 4174 4147 4119 4148 4175 4148 4120 4149 4176 4149 4121 4150 4177 4150 4122 4151 4178 4151 4123 4152 4179 4152 4124 4153 4180 4153 4125 4154 4181 4155 4182 4183 4156 4129 4156 4184 4157 4130 4157 4185 4158 4131 4158 4186 4159 4132 4159 4187 4160 4133 4160 4188 4161 4134 4161 4189 4162 4135 4162 4190 4163 4164 4191 4192 4165 4138 4165 4193 4166 4139 4166 4194 4167 4140 4167 4195 4168 4141 4168 4196 4169 4142 4169 4197 4170 4143 4170 4198 4171 4144 4171 4199 4172 4200 4173 4174 4201 4174 4147 4175 4202 4175 4148 4176 4203 4176 4149 4177 4204 4177 4150 4178 4205 4178 4151 4179 4206 4179 4152 4180 4207 4180 4153 4181 4208 4182 4209 4210 4183 4156 4183 4211 4184 4157 4184 4212 4185 4158 4185 4213 4186 4159 4186 4214 4187 4160 4187 4215 4188 4161 4188 4216 4189 4162 4189 4217 4190 4191 4218 4219 4192 4165 4192 4220 4193 4166 4193 4221 4194 4167 4194 4222 4195 4168 4195 4223 4196 4169 4196 4224 4197 4170 4197 4225 4198 4171 4198 4226 4199 4227 4200 4201 4228 4201 4174 4202 4229 4202 4175 4203 4230 4203 4176 4204 4231 4204 4177 4205 4232 4205 4178 4206 4233 4206 4179 4207 4234 4207 4180 4208 4235 4209 4236 4237 4210 4183 4210 4238 4211 4184 4211 4239 4212 4185 4212 4240 4213 4186 4213 4241 4214 4187 4214 4242 4215 4188 4215 4243 4216 4189 4216 4244 4217 4218 4245 4246 4219 4192 4219 4247 4220 4193 4220 4248 4221 4194 4221 4249 4222 4195 4222 4250 4223 4196 4223 4251 4224 4197 4224 4252 4225 4198 4225 4253 4226 4254 4227 4228 4255 4228 4201 4229 4256 4229 4202 4230 4257 4230 4203 4231 4258 4231 4204 4232 4259 4232 4205 4233 4260 4233 4206 4234 4261 4234 4207 4235 4262 4236 4263 4264 4237 4210 4237 4265 4238 4211 4238 4266 4239 4212 4239 4267 4240 4213 4240 4268 4241 4214 4241 4269 4242 4215 4242 4270 4243 4216 4243 4271 4244 4245 4272 4273 4246 4219 4246 4274 4247 4220 4247 4275 4248 4221 4248 4276 4249 4222 4249 4277 4250 4223 4250 4278 4251 4224 4251 4279 4252 4225 4252 4280 4253 4281 4254 4255 4282 4255 4228 4256 4283 4256 4229 4257 4284 4257 4230 4258 4285 4258 4231 4259 4286 4259 4232 4260 4287 4260 4233 4261 4288 4261 4234 4262 4289 4263 4290 4291 4264 4237 4264 4292 4265 4238 4265 4293 4266 4239 4266 4294 4267 4240 4267 4295 4268 4241 4268 4296 4269 4242 4269 4297 4270 4243 4270 4298 4271 4272 4299 4300 4273 4246 4273 4301 4274 4247 4274 4302 4275 4248 4275 4303 4276 4249 4276 4304 4277 4250 4277 4305 4278 4251 4278 4306 4279 4252 4279 4307 4280 4308 4281 4282 4309 4282 4255 4283 4310 4283 4256 4284 4311 4284 4257 4285 4312 4285 4258 4286 4313 4286 4259 4287 4314 4287 4260 4288 4315 4288 4261 4289 4316 4290 4317 4318 4291 4264 4291 4319 4292 4265 4292 4320 4293 4266 4293 4321 4294 4267 4294 4322 4295 4268 4295 4323 4296 4269 4296 4324 4297 4270 4297 4325 4298 4299 4326 4327 4300 4273 4300 4328 4301 4274 4301 4329 4302 4275 4302 4330 4303 4276 4303 4331 4304 4277 4304 4332 4305 4278 4305 4333 4306 4279 4306 4334 4307 4335 4308 4309 4336 4309 4282 4310 4337 4310 4283 4311 4338 4311 4284 4312 4339 4312 4285 4313 4340 4313 4286 4314 4341 4314 4287 4315 4342 4315 4288 4316 4343 4317 4344 4345 4318 4291 4318 4346 4319 4292 4319 4347 4320 4293 4320 4348 4321 4294 4321 4349 4322 4295 4322 4350 4323 4296 4323 4351 4324 4297 4324 4352 4325 4326 4353 4354 4327 4300 4327 4355 4328 4301 4328 4356 4329 4302 4329 4357 4330 4303 4330 4358 4331 4304 4331 4359 4332 4305 4332 4360 4333 4306 4333 4361 4334 4362 4335 4336 4363 4336 4309 4337 4364 4337 4310 4338 4365 4338 4311 4339 4366 4339 4312 4340 4367 4340 4313 4341 4368 4341 4314 4342 4369 4342 4315 4343 4370 4344 4371 4372 4345 4318 4345 4373 4346 4319 4346 4374 4347 4320 4347 4375 4348 4321 4348 4376 4349 4322 4349 4377 4350 4323 4350 4378 4351 4324 4351 4379 4352 4353 4380 4381 4354 4327 4354 4382 4355 4328 4355 4383 4356 4329 4356 4384 4357 4330 4357 4385 4358 4331 4358 4386 4359 4332 4359 4387 4360 4333 4360 4388 4361 4389 4362 4363 4390 4363 4336 4364 4391 4364 4337 4365 4392 4365 4338 4366 4393 4366 4339 4367 4394 4367 4340 4368 4395 4368 4341 4369 4396 4369 4342 4370 4397 4371 4398 4399 4372 4345 4372 4400 4373 4346 4373 4401 4374 4347 4374 4402 4375 4348 4375 4403 4376 4349 4376 4404 4377 4350 4377 4405 4378 4351 4378 4406 4379 4380 4407 4408 4381 4354 4381 4409 4382 4355 4382 4410 4383 4356 4383 4411 4384 4357 4384 4412 4385 4358 4385 4413 4386 4359 4386 4414 4387 4360 4387 4415 4388 4416 4389 4390 4417 4390 4363 4391 4418 4391 4364 4392 4419 4392 4365 4393 4420 4393 4366 4394 4421 4394 4367 4395 4422 4395 4368 4396 4423 4396 4369 4397 4424 4398 4425 4426 4399 4372 4399 4427 4400 4373 4400 4428 4401 4374 4401 4429 4402 4375 4402 4430 4403 4376 4403 4431 4404 4377 4404 4432 4405 4378 4405 4433 4406 4407 4434 4435 4408 4381 4408 4436 4409 4382 4409 4437 4410 4383 4410 4438 4411 4384 4411 4439 4412 4385 4412 4440 4413 4386 4413 4441 4414 4387 4414 4442 4415 4443 4416 4417 4444 4417 4390 4418 4445 4418 4391 4419 4446 4419 4392 4420 4447 4420 4393 4421 4448 4421 4394 4422 4449 4422 4395 4423 4450 4423 4396 4424 4451 4425 4452 4453 4426 4399 4426 4454 4427 4400 4427 4455 4428 4401 4428 4456 4429 4402 4429 4457 4430 4403 4430 4458 4431 4404 4431 4459 4432 4405 4432 4460 4433 4434 4461 4462 4435 4408 4435 4463 4436 4409 4436 4464 4437 4410 4437 4465 4438 4411 4438 4466 4439 4412 4439 4467 4440 4413 4440 4468 4441 4414 4441 4469 4442 4470 4443 4444 4471 4444 4417 4445 4472 4445 4418 4446 4473 4446 4419 4447 4474 4447 4420 4448 4475 4448 4421 4449 4476 4449 4422 4450 4477 4450 4423 4451 4478 4452 4479 4480 4453 4426 4453 4481 4454 4427 4454 4482 4455 4428 4455 4483 4456 4429 4456 4484 4457 4430 4457 4485 4458 4431 4458 4486 4459 4432 4459 4487 4460 4461 4488 4489 4462 4435 4462 4490 4463 4436 4463 4491 4464 4437 4464 4492 4465 4438 4465 4493 4466 4439 4466 4494 4467 4440 4467 4495 4468 4441 4468 4496 4469 4497 4470 4471 4498 4471 4444 4472 4499 4472 4445 4473 4500 4473 4446 4474 4501 4474 4447 4475 4502 4475 4448 4476 4503 4476 4449 4477 4504 4477 4450 4478 4505 4479 4506 4507 4480 4453 4480 4508 4481 4454 4481 4509 4482 4455 4482 4510 4483 4456 4483 4511 4484 4457 4484 4512 4485 4458 4485 4513 4486 4459 4486 4514 4487 4488 4515 4516 4489 4462 4489 4517 4490 4463 4490 4518 4491 4464 4491 4519 4492 4465 4492 4520 4493 4466 4493 4521 4494 4467 4494 4522 4495 4468 4495 4523 4496 4524 4497 4498 4525 4498 4471 4499 4526 4499 4472 4500 4527 4500 4473 4501 4528 4501 4474 4502 4529 4502 4475 4503 4530 4503 4476 4504 4531 4504 4477 4505 4532 4506 4533 4534 4507 4480 4507 4535 4508 4481 4508 4536 4509 4482 4509 4537 4510 4483 4510 4538 4511 4484 4511 4539 4512 4485 4512 4540 4513 4486 4513 4541 4514 4515 4542 4543 4516 4489 4516 4544 4517 4490 4517 4545 4518 4491 4518 4546 4519 4492 4519 4547 4520 4493 4520 4548 4521 4494 4521 4549 4522 4495 4522 4550 4523 4551 4524 4525 4552 4525 4498 4526 4553 4526 4499 4527 4554 4527 4500 4528 4555 4528 4501 4529 4556 4529 4502 4530 4557 4530 4503 4531 4558 4531 4504 4532 4559 4533 4560 4561 4534 4507 4534 4562 4535 4508 4535 4563 4536 4509 4536 4564 4537 4510 4537 4565 4538 4511 4538 4566 4539 4512 4539 4567 4540 4513 4540 4568 4541 4542 4569 4570 4543 4516 4543 4571 4544 4517 4544 4572 4545 4518 4545 4573 4546 4519 4546 4574 4547 4520 4547 4575 4548 4521 4548 4576 4549 4522 4549 4577 4550 4578 4551 4552 4579 4552 4525 4553 4580 4553 4526 4554 4581 4554 4527 4555 4582 4555 4528 4556 4583 4556 4529 4557 4584 4557 4530 4558 4585 4558 4531 4559 4586 4560 4587 4588 4561 4534 4561 4589 4562 4535 4562 4590 4563 4536 4563 4591 4564 4537 4564 4592 4565 4538 4565 4593 4566 4539 4566 4594 4567 4540 4567 4595 4568 4569 4596 4597 4570 4543 4570 4598 4571 4544 4571 4599 4572 4545 4572 4600 4573 4546 4573 4601 4574 4547 4574 4602 4575 4548 4575 4603 4576 4549 4576 4604 4577 4605 4578 4579 4606 4579 4552 4580 4607 4580 4553 4581 4608 4581 4554 4582 4609 4582 4555 4583 4610 4583 4556 4584 4611 4584 4557 4585 4612 4585 4558 4586 4613 4587 4614 4615 4588 4561 4588 4616 4589 4562 4589 4617 4590 4563 4590 4618 4591 4564 4591 4619 4592 4565 4592 4620 4593 4566 4593 4621 4594 4567 4594 4622 4595 4596 4623 4624 4597 4570 4597 4625 4598 4571 4598 4626 4599 4572 4599 4627 4600 4573 4600 4628 4601 4574 4601 4629 4602 4575 4602 4630 4603 4576 4603 4631 4604 4632 4605 4606 4633 4606 4579 4607 4634 4607 4580 4608 4635 4608 4581 4609 4636 4609 4582 4610 4637 4610 4583 4611 4638 4611 4584 4612 4639 4612 4585 4613 4640 4614 4641 4642 4615 4588 4615 4643 4616 4589 4616 4644 4617 4590 4617 4645 4618 4591 4618 4646 4619 4592 4619 4647 4620 4593 4620 4648 4621 4594 4621 4649 4622 4623 4650 4651 4624 4597 4624 4652 4625 4598 4625 4653 4626 4599 4626 4654 4627 4600 4627 4655 4628 4601 4628 4656 4629 4602 4629 4657 4630 4603 4630 4658 4631 4659 4632 4633 4660 4633 4606 4634 4661 4634 4607 4635 4662 4635 4608 4636 4663 4636 4609 4637 4664 4637 4610 4638 4665 4638 4611 4639 4666 4639 4612 4640 4667 4641 4668 4669 4642 4615 4642 4670 4643 4616 4643 4671 4644 4617 4644 4672 4645 4618 4645 4673 4646 4619 4646 4674 4647 4620 4647 4675 4648 4621 4648 4676 4649 4650 4677 4678 4651 4624 4651 4679 4652 4625 4652 4680 4653 4626 4653 4681 4654 4627 4654 4682 4655 4628 4655 4683 4656 4629 4656 4684 4657 4630 4657 4685 4658 4686 4659 4660 4687 4660 4633 4661 4688 4661 4634 4662 4689 4662 4635 4663 4690 4663 4636 4664 4691 4664 4637 4665 4692 4665 4638 4666 4693 4666 4639 4667 4694 4668 4695 4696 4669 4642 4669 4697 4670 4643 4670 4698 4671 4644 4671 4699 4672 4645 4672 4700 4673 4646 4673 4701 4674 4647 4674 4702 4675 4648 4675 4703 4676 4677 4704 4705 4678 4651 4678 4706 4679 4652 4679 4707 4680 4653 4680 4708 4681 4654 4681 4709 4682 4655 4682 4710 4683 4656 4683 4711 4684 4657 4684 4712 4685 4713 4686 4687 4714 4687 4660 4688 4715 4688 4661 4689 4716 4689 4662 4690 4717 4690 4663 4691 4718 4691 4664 4692 4719 4692 4665 4693 4720 4693 4666 4694 4721 4695 4722 4723 4696 4669 4696 4724 4697 4670 4697 4725 4698 4671 4698 4726 4699 4672 4699 4727 4700 4673 4700 4728 4701 4674 4701 4729 4702 4675 4702 4730 4703 4704 4731 4732 4705 4678 4705 4733 4706 4679 4706 4734 4707 4680 4707 4735 4708 4681 4708 4736 4709 4682 4709 4737 4710 4683 4710 4738 4711 4684 4711 4739 4712 4740 4713 4714 4741 4714 4687 4715 4742 4715 4688 4716 4743 4716 4689 4717 4744 4717 4690 4718 4745 4718 4691 4719 4746 4719 4692 4720 4747 4720 4693 4721 4748 4722 4749 4750 4723 4696 4723 4751 4724 4697 4724 4752 4725 4698 4725 4753 4726 4699 4726 4754 4727 4700 4727 4755 4728 4701 4728 4756 4729 4702 4729 4757 4730 4731 4758 4759 4732 4705 4732 4760 4733 4706 4733 4761 4734 4707 4734 4762 4735 4708 4735 4763 4736 4709 4736 4764 4737 4710 4737 4765 4738 4711 4738 4766 4739 4767 4740 4741 4768 4741 4714 4742 4769 4742 4715 4743 4770 4743 4716 4744 4771 4744 4717 4745 4772 4745 4718 4746 4773 4746 4719 4747 4774 4747 4720 4748 4775 4749 4776 4777 4750 4723 4750 4778 4751 4724 4751 4779 4752 4725 4752 4780 4753 4726 4753 4781 4754 4727 4754 4782 4755 4728 4755 4783 4756 4729 4756 4784 4757 4758 4785 4786 4759 4732 4759 4787 4760 4733 4760 4788 4761 4734 4761 4789 4762 4735 4762 4790 4763 4736 4763 4791 4764 4737 4764 4792 4765 4738 4765 4793 4766 4794 4767 4768 4795 4768 4741 4769 4796 4769 4742 4770 4797 4770 4743 4771 4798 4771 4744 4772 4799 4772 4745 4773 4800 4773 4746 4774 4801 4774 4747 4775 4802 4776 4803 4804 4777 4750 4777 4805 4778 4751 4778 4806 4779 4752 4779 4807 4780 4753 4780 4808 4781 4754 4781 4809 4782 4755 4782 4810 4783 4756 4783 4811 4784 4785 4812 4813 4786 4759 4786 4814 4787 4760 4787 4815 4788 4761 4788 4816 4789 4762 4789 4817 4790 4763 4790 4818 4791 4764 4791 4819 4792 4765 4792 4820 4793 4821 4794 4795 4822 4795 4768 4796 4823 4796 4769 4797 4824 4797 4770 4798 4825 4798 4771 4799 4826 4799 4772 4800 4827 4800 4773 4801 4828 4801 4774 4802 4829 4803 4830 4831 4804 4777 4804 4832 4805 4778 4805 4833 4806 4779 4806 4834 4807 4780 4807 4835 4808 4781 4808 4836 4809 4782 4809 4837 4810 4783 4810 4838 4811 4812 4839 4840 4813 4786 4813 4841 4814 4787 4814 4842 4815 4788 4815 4843 4816 4789 4816 4844 4817 4790 4817 4845 4818 4791 4818 4846 4819 4792 4819 4847 4820 4848 4821 4822 4849 4822 4795 4823 4850 4823 4796 4824 4851 4824 4797 4825 4852 4825 4798 4826 4853 4826 4799 4827 4854 4827 4800 4828 4855 4828 4801 4829 4856 4830 4857 4858 4831 4804 4831 4859 4832 4805 4832 4860 4833 4806 4833 4861 4834 4807 4834 4862 4835 4808 4835 4863 4836 4809 4836 4864 4837 4810 4837 4865 4838 4839 4866 4867 4840 4813 4840 4868 4841 4814 4841 4869 4842 4815 4842 4870 4843 4816 4843 4871 4844 4817 4844 4872 4845 4818 4845 4873 4846 4819 4846 4874 4847 4875 4848 4849 4876 4849 4822 4850 4877 4850 4823 4851 4878 4851 4824 4852 4879 4852 4825 4853 4880 4853 4826 4854 4881 4854 4827 4855 4882 4855 4828 4856 4883 4857 4884 4885 4858 4831 4858 4886 4859 4832 4859 4887 4860 4833 4860 4888 4861 4834 4861 4889 4862 4835 4862 4890 4863 4836 4863 4891 4864 4837 4864 4892 4865 4866 4893 4894 4867 4840 4867 4895 4868 4841 4868 4896 4869 4842 4869 4897 4870 4843 4870 4898 4871 4844 4871 4899 4872 4845 4872 4900 4873 4846 4873 4901 4874 4902 4875 4876 4903 4876 4849 4877 4904 4877 4850 4878 4905 4878 4851 4879 4906 4879 4852 4880 4907 4880 4853 4881 4908 4881 4854 4882 4909 4882 4855 4883 4910 4884 4911 4912 4885 4858 4885 4913 4886 4859 4886 4914 4887 4860 4887 4915 4888 4861 4888 4916 4889 4862 4889 4917 4890 4863 4890 4918 4891 4864 4891 4919 4892 4893 4920 4921 4894 4867 4894 4922 4895 4868 4895 4923 4896 4869 4896 4924 4897 4870 4897 4925 4898 4871 4898 4926 4899 4872 4899 4927 4900 4873 4900 4928 4901 4929 4902 4903 4930 4903 4876 4904 4931 4904 4877 4905 4932 4905 4878 4906 4933 4906 4879 4907 4934 4907 4880 4908 4935 4908 4881 4909 4936 4909 4882 4910 4937 4911 4938 4939 4912 4885 4912 4940 4913 4886 4913 4941 4914 4887 4914 4942 4915 4888 4915 4943 4916 4889 4916 4944 4917 4890 4917 4945 4918 4891 4918 4946 4919 4920 4947 4948 4921 4894 4921 4949 4922 4895 4922 4950 4923 4896 4923 4951 4924 4897 4924 4952 4925 4898 4925 4953 4926 4899 4926 4954 4927 4900 4927 4955 4928 4956 4929 4930 4957 4930 4903 4931 4958 4931 4904 4932 4959 4932 4905 4933 4960 4933 4906 4934 4961 4934 4907 4935 4962 4935 4908 4936 4963 4936 4909 4937 4964 4938 4965 4966 4939 4912 4939 4967 4940 4913 4940 4968 4941 4914 4941 4969 4942 4915 4942 4970 4943 4916 4943 4971 4944 4917 4944 4972 4945 4918 4945 4973 4946 4947 4974 4975 4948 4921 4948 4976 4949 4922 4949 4977 4950 4923 4950 4978 4951 4924 4951 4979 4952 4925 4952 4980 4953 4926 4953 4981 4954 4927 4954 4982 4955 4983 4956 4957 4984 4957 4930 4958 4985 4958 4931 4959 4986 4959 4932 4960 4987 4960 4933 4961 4988 4961 4934 4962 4989 4962 4935 4963 4990 4963 4936 4964 4991 4965 4992 4993 4966 4939 4966 4994 4967 4940 4967 4995 4968 4941 4968 4996 4969 4942 4969 4997 4970 4943 4970 4998 4971 4944 4971 4999 4972 4945 4972 5000 4973 4974 5001 5002 4975 4948 4975 5003 4976 4949 4976 5004 4977 4950 4977 5005 4978 4951 4978 5006 4979 4952 4979 5007 4980 4953 4980 5008 4981 4954 4981 5009 4982 5010 4983 4984 5011 4984 4957 4985 5012 4985 4958 4986 5013 4986 4959 4987 5014 4987 4960 4988 5015 4988 4961 4989 5016 4989 4962 4990 5017 4990 4963 4991 5018 4992 5019 5020 4993 4966 4993 5021 4994 4967 4994 5022 4995 4968 4995 5023 4996 4969 4996 5024 4997 4970 4997 5025 4998 4971 4998 5026 4999 4972 4999 5027 5000 5001 5028 5029 5002 4975 5002 5030 5003 4976 5003 5031 5004 4977 5004 5032 5005 4978 5005 5033 5006 4979 5006 5034 5007 4980 5007 5035 5008 4981 5008 5036 5009 5037 5010 5011 5038 5011 4984 5012 5039 5012 4985 5013 5040 5013 4986 5014 5041 5014 4987 5015 5042 5015 4988 5016 5043 5016 4989 5017 5044 5017 4990 5018 5045 5019 5046 5047 5020 4993 5020 5048 5021 4994 5021 5049 5022 4995 5022 5050 5023 4996 5023 5051 5024 4997 5024 5052 5025 4998 5025 5053 5026 4999 5026 5054 5027 5028 5055 5056 5029 5002 5029 5057 5030 5003 5030 5058 5031 5004 5031 5059 5032 5005 5032 5060 5033 5006 5033 5061 5034 5007 5034 5062 5035 5008 5035 5063 5036 5064 5037 5038 5065 5038 5011 5039 5066 5039 5012 5040 5067 5040 5013 5041 5068 5041 5014 5042 5069 5042 5015 5043 5070 5043 5016 5044 5071 5044 5017 5045 5072 5046 5073 5074 5047 5020 5047 5075 5048 5021 5048 5076 5049 5022 5049 5077 5050 5023 5050 5078 5051 5024 5051 5079 5052 5025 5052 5080 5053 5026 5053 5081 5054 5055 5082 5083 5056 5029 5056 5084 5057 5030 5057 5085 5058 5031 5058 5086 5059 5032 5059 5087 5060 5033 5060 5088 5061 5034 5061 5089 5062 5035 5062 5090 5063 5091 5064 5065 5092 5065 5038 5066 5093 5066 5039 5067 5094 5067 5040 5068 5095 5068 5041 5069 5096 5069 5042 5070 5097 5070 5043 5071 5098 5071 5044 5072 5099 5073 5100 5101 5074 5047 5074 5102 5075 5048 5075 5103 5076 5049 5076 5104 5077 5050 5077 5105 5078 5051 5078 5106 5079 5052 5079 5107 5080 5053 5080 5108 5081 5082 5109 5110 5083 5056 5083 5111 5084 5057 5084 5112 5085 5058 5085 5113 5086 5059 5086 5114 5087 5060 5087 5115 5088 5061 5088 5116 5089 5062 5089 5117 5090 5118 5091 5092 5119 5092 5065 5093 5120 5093 5066 5094 5121 5094 5067 5095 5122 5095 5068 5096 5123 5096 5069 5097 5124 5097 5070 5098 5125 5098 5071 5099 5126 5100 5127 5128 5101 5074 5101 5129 5102 5075 5102 5130 5103 5076 5103 5131 5104 5077 5104 5132 5105 5078 5105 5133 5106 5079 5106 5134 5107 5080 5107 5135 5108 5109 5136 5137 5110 5083 5110 5138 5111 5084 5111 5139 5112 5085 5112 5140 5113 5086 5113 5141 5114 5087 5114 5142 5115 5088 5115 5143 5116 5089 5116 5144 5117 5145 5118 5119 5146 5119 5092 5120 5147 5120 5093 5121 5148 5121 5094 5122 5149 5122 5095 5123 5150 5123 5096 5124 5151 5124 5097 5125 5152 5125 5098 5126 5153 5127 5154 5155 5128 5101 5128 5156 5129 5102 5129 5157 5130 5103 5130 5158 5131 5104 5131 5159 5132 5105 5132 5160 5133 5106 5133 5161 5134 5107 5134 5162 5135 5136 5163 5164 5137 5110 5137 5165 5138 5111 5138 5166 5139 5112 5139 5167 5140 5113 5140 5168 5141 5114 5141 5169 5142 5115 5142 5170 5143 5116 5143 5171 5144 5172 5145 5146 5173 5146 5119 5147 5174 5147 5120 5148 5175 5148 5121 5149 5176 5149 5122 5150 5177 5150 5123 5151 5178 5151 5124 5152 5179 5152 5125 5153 5180 5154 5181 5182 5155 5128 5155 5183 5156 5129 5156 5184 5157 5130 5157 5185 5158 5131 5158 5186 5159 5132 5159 5187 5160 5133 5160 5188 5161 5134 5161 5189 5162 5163 5190 5191 5164 5137 5164 5192 5165 5138 5165 5193 5166 5139 5166 5194 5167 5140 5167 5195 5168 5141 5168 5196 5169 5142 5169 5197 5170 5143 5170 5198 5171 5199 5172 5173 5200 5173 5146 5174 5201 5174 5147 5175 5202 5175 5148 5176 5203 5176 5149 5177 5204 5177 5150 5178 5205 5178 5151 5179 5206 5179 5152 5180 5207 5181 5208 5209 5182 5155 5182 5210 5183 5156 5183 5211 5184 5157 5184 5212 5185 5158 5185 5213 5186 5159 5186 5214 5187 5160 5187 5215 5188 5161 5188 5216 5189 5190 5217 5218 5191 5164 5191 5219 5192 5165 5192 5220 5193 5166 5193 5221 5194 5167 5194 5222 5195 5168 5195 5223 5196 5169 5196 5224 5197 5170 5197 5225 5198 5226 5199 5200 5227 5200 5173 5201 5228 5201 5174 5202 5229 5202 5175 5203 5230 5203 5176 5204 5231 5204 5177 5205 5232 5205 5178 5206 5233 5206 5179 5207 5234 5208 5235 5236 5209 5182 5209 5237 5210 5183 5210 5238 5211 5184 5211 5239 5212 5185 5212 5240 5213 5186 5213 5241 5214 5187 5214 5242 5215 5188 5215 5243 5216 5217 5244 5245 5218 5191 5218 5246 5219 5192 5219 5247 5220 5193 5220 5248 5221 5194 5221 5249 5222 5195 5222 5250 5223 5196 5223 5251 5224 5197 5224 5252 5225 5253 5226 5227 5254 5227 5200 5228 5255 5228 5201 5229 5256 5229 5202 5230 5257 5230 5203 5231 5258 5231 5204 5232 5259 5232 5205 5233 5260 5233 5206 5234 5261 5235 5262 5263 5236 5209 5236 5264 5237 5210 5237 5265 5238 5211 5238 5266 5239 5212 5239 5267 5240 5213 5240 5268 5241 5214 5241 5269 5242 5215 5242 5270 5243 5244 5271 5272 5245 5218 5245 5273 5246 5219 5246 5274 5247 5220 5247 5275 5248 5221 5248 5276 5249 5222 5249 5277 5250 5223 5250 5278 5251 5224 5251 5279 5252 5280 5253 5254 5281 5254 5227 5255 5282 5255 5228 5256 5283 5256 5229 5257 5284 5257 5230 5258 5285 5258 5231 5259 5286 5259 5232 5260 5287 5260 5233 5261 5288 5262 5289 5290 5263 5236 5263 5291 5264 5237 5264 5292 5265 5238 5265 5293 5266 5239 5266 5294 5267 5240 5267 5295 5268 5241 5268 5296 5269 5242 5269 5297 5270 5271 5298 5299 5272 5245 5272 5300 5273 5246 5273 5301 5274 5247 5274 5302 5275 5248 5275 5303 5276 5249 5276 5304 5277 5250 5277 5305 5278 5251 5278 5306 5279 5307 5280 5281 5308 5281 5254 5282 5309 5282 5255 5283 5310 5283 5256 5284 5311 5284 5257 5285 5312 5285 5258 5286 5313 5286 5259 5287 5314 5287 5260 5288 5315 5289 5316 5317 5290 5263 5290 5318 5291 5264 5291 5319 5292 5265 5292 5320 5293 5266 5293 5321 5294 5267 5294 5322 5295 5268 5295 5323 5296 5269 5296 5324 5297 5298 5325 5326 5299 5272 5299 5327 5300 5273 5300 5328 5301 5274 5301 5329 5302 5275 5302 5330 5303 5276 5303 5331 5304 5277 5304 5332 5305 5278 5305 5333 5306 5334 5307 5308 5335 5308 5281 5309 5336 5309 5282 5310 5337 5310 5283 5311 5338 5311 5284 5312 5339 5312 5285 5313 5340 5313 5286 5314 5341 5314 5287 5315 5342 5316 5343 5344 5317 5290 5317 5345 5318 5291 5318 5346 5319 5292 5319 5347 5320 5293 5320 5348 5321 5294 5321 5349 5322 5295 5322 5350 5323 5296 5323 5351 5324 5325 5352 5353 5326 5299 5326 5354 5327 5300 5327 5355 5328 5301 5328 5356 5329 5302 5329 5357 5330 5303 5330 5358 5331 5304 5331 5359 5332 5305 5332 5360 5333 5361 5334 5335 5362 5335 5308 5336 5363 5336 5309 5337 5364 5337 5310 5338 5365 5338 5311 5339 5366 5339 5312 5340 5367 5340 5313 5341 5368 5341 5314 5342 5369 5343 5370 5371 5344 5317 5344 5372 5345 5318 5345 5373 5346 5319 5346 5374 5347 5320 5347 5375 5348 5321 5348 5376 5349 5322 5349 5377 5350 5323 5350 5378 5351 5352 5379 5380 5353 5326 5353 5381 5354 5327 5354 5382 5355 5328 5355 5383 5356 5329 5356 5384 5357 5330 5357 5385 5358 5331 5358 5386 5359 5332 5359 5387 5360 5388 5361 5362 5389 5362 5335 5363 5390 5363 5336 5364 5391 5364 5337 5365 5392 5365 5338 5366 5393 5366 5339 5367 5394 5367 5340 5368 5395 5368 5341 5369 5396 5370 5397 5398 5371 5344 5371 5399 5372 5345 5372 5400 5373 5346 5373 5401 5374 5347 5374 5402 5375 5348 5375 5403 5376 5349 5376 5404 5377 5350 5377 5405 5378 5379 5406 5407 5380 5353 5380 5408 5381 5354 5381 5409 5382 5355 5382 5410 5383 5356 5383 5411 5384 5357 5384 5412 5385 5358 5385 5413 5386 5359 5386 5414 5387 5415 5388 5389 5416 5389 5362 5390 5417 5390 5363 5391 5418 5391 5364 5392 5419 5392 5365 5393 5420 5393 5366 5394 5421 5394 5367 5395 5422 5395 5368 5396 5423 5397 5424 5425 5398 5371 5398 5426 5399 5372 5399 5427 5400 5373 5400 5428 5401 5374 5401 5429 5402 5375 5402 5430 5403 5376 5403 5431 5404 5377 5404 5432 5405 5406 5433 5434 5407 5380 5407 5435 5408 5381 5408 5436 5409 5382 5409 5437 5410 5383 5410 5438 5411 5384 5411 5439 5412 5385 5412 5440 5413 5386 5413 5441 5414 5442 5415 5416 5443 5416 5389 5417 5444 5417 5390 5418 5445 5418 5391 5419 5446 5419 5392 5420 5447 5420 5393 5421 5448 5421 5394 5422 5449 5422 5395 5423 5450 5424 5451 5452 5425 5398 5425 5453 5426 5399 5426 5454 5427 5400 5427 5455 5428 5401 5428 5456 5429 5402 5429 5457 5430 5403 5430 5458 5431 5404 5431 5459 5432 5433 5460 5461 5434 5407 5434 5462 5435 5408 5435 5463 5436 5409 5436 5464 5437 5410 5437 5465 5438 5411 5438 5466 5439 5412 5439 5467 5440 5413 5440 5468 5441 5469 5442 5443 5470 5443 5416 5444 5471 5444 5417 5445 5472 5445 5418 5446 5473 5446 5419 5447 5474 5447 5420 5448 5475 5448 5421 5449 5476 5449 5422 5450 5477 5451 5478 5479 5452 5425 5452 5480 5453 5426 5453 5481 5454 5427 5454 5482 5455 5428 5455 5483 5456 5429 5456 5484 5457 5430 5457 5485 5458 5431 5458 5486 5459 5460 5487 5488 5461 5434 5461 5489 5462 5435 5462 5490 5463 5436 5463 5491 5464 5437 5464 5492 5465 5438 5465 5493 5466 5439 5466 5494 5467 5440 5467 5495 5468 5496 5469 5470 5497 5470 5443 5471 5498 5471 5444 5472 5499 5472 5445 5473 5500 5473 5446 5474 5501 5474 5447 5475 5502 5475 5448 5476 5503 5476 5449 5477 5504 5478 5505 5506 5479 5452 5479 5507 5480 5453 5480 5508 5481 5454 5481 5509 5482 5455 5482 5510 5483 5456 5483 5511 5484 5457 5484 5512 5485 5458 5485 5513 5486 5487 5514 5515 5488 5461 5488 5516 5489 5462 5489 5517 5490 5463 5490 5518 5491 5464 5491 5519 5492 5465 5492 5520 5493 5466 5493 5521 5494 5467 5494 5522 5495 5523 5496 5497 5524 5497 5470 5498 5525 5498 5471 5499 5526 5499 5472 5500 5527 5500 5473 5501 5528 5501 5474 5502 5529 5502 5475 5503 5530 5503 5476 5504 5531 5505 5532 5533 5506 5479 5506 5534 5507 5480 5507 5535 5508 5481 5508 5536 5509 5482 5509 5537 5510 5483 5510 5538 5511 5484 5511 5539 5512 5485 5512 5540 5513 5514 5541 5542 5515 5488 5515 5543 5516 5489 5516 5544 5517 5490 5517 5545 5518 5491 5518 5546 5519 5492 5519 5547 5520 5493 5520 5548 5521 5494 5521 5549 5522 5550 5523 5524 5551 5524 5497 5525 5552 5525 5498 5526 5553 5526 5499 5527 5554 5527 5500 5528 5555 5528 5501 5529 5556 5529 5502 5530 5557 5530 5503 5531 5558 5532 5559 5560 5533 5506 5533 5561 5534 5507 5534 5562 5535 5508 5535 5563 5536 5509 5536 5564 5537 5510 5537 5565 5538 5511 5538 5566 5539 5512 5539 5567 5540 5541 5568 5569 5542 5515 5542 5570 5543 5516 5543 5571 5544 5517 5544 5572 5545 5518 5545 5573 5546 5519 5546 5574 5547 5520 5547 5575 5548 5521 5548 5576 5549 5577 5550 5551 5578 5551 5524 5552 5579 5552 5525 5553 5580 5553 5526 5554 5581 5554 5527 5555 5582 5555 5528 5556 5583 5556 5529 5557 5584 5557 5530 5558 5585 5559 5586 5587 5560 5533 5560 5588 5561 5534 5561 5589 5562 5535 5562 5590 5563 5536 5563 5591 5564 5537 5564 5592 5565 5538 5565 5593 5566 5539 5566 5594 5567 5568 5595 5596 5569 5542 5569 5597 5570 5543 5570 5598 5571 5544 5571 5599 5572 5545 5572 5600 5573 5546 5573 5601 5574 5547 5574 5602 5575 5548 5575 5603 5576 5604 5577 5578 5605 5578 5551 5579 5606 5579 5552 5580 5607 5580 5553 5581 5608 5581 5554 5582 5609 5582 5555 5583 5610 5583 5556 5584 5611 5584 5557 5585 5612 5586 5613 5614 5587 5560 5587 5615 5588 5561 5588 5616 5589 5562 5589 5617 5590 5563 5590 5618 5591 5564 5591 5619 5592 5565 5592 5620 5593 5566 5593 5621 5594 5595 5622 5623 5596 5569 5596 5624 5597 5570 5597 5625 5598 5571 5598 5626 5599 5572 5599 5627 5600 5573 5600 5628 5601 5574 5601 5629 5602 5575 5602 5630 5603 5631 5604 5605 5632 5605 5578 5606 5633 5606 5579 5607 5634 5607 5580 5608 5635 5608 5581 5609 5636 5609 5582 5610 5637 5610 5583 5611 5638 5611 5584 5612 5639 5613 5640 5641 5614 5587 5614 5642 5615 5588 5615 5643 5616 5589 5616 5644 5617 5590 5617 5645 5618 5591 5618 5646 5619 5592 5619 5647 5620 5593 5620 5648 5621 5622 5649 5650 5623 5596 5623 5651 5624 5597 5624 5652 5625 5598 5625 5653 5626 5599 5626 5654 5627 5600 5627 5655 5628 5601 5628 5656 5629 5602 5629 5657 5630 5658 5631 5632 5659 5632 5605 5633 5660 5633 5606 5634 5661 5634 5607 5635 5662 5635 5608 5636 5663 5636 5609 5637 5664 5637 5610 5638 5665 5638 5611 5639 5666 5640 5667 5668 5641 5614 5641 5669 5642 5615 5642 5670 5643 5616 5643 5671 5644 5617 5644 5672 5645 5618 5645 5673 5646 5619 5646 5674 5647 5620 5647 5675 5648 5649 5676 5677 5650 5623 5650 5678 5651 5624 5651 5679 5652 5625 5652 5680 5653 5626 5653 5681 5654 5627 5654 5682 5655 5628 5655 5683 5656 5629 5656 5684 5657 5685 5658 5659 5686 5659 5632 5660 5687 5660 5633 5661 5688 5661 5634 5662 5689 5662 5635 5663 5690 5663 5636 5664 5691 5664 5637 5665 5692 5665 5638 5666 5693 5667 5694 5695 5668 5641 5668 5696 5669 5642 5669 5697 5670 5643 5670 5698 5671 5644 5671 5699 5672 5645 5672 5700 5673 5646 5673 5701 5674 5647 5674 5702 5675 5676 5703 5704 5677 5650 5677 5705 5678 5651 5678 5706 5679 5652 5679 5707 5680 5653 5680 5708 5681 5654 5681 5709 5682 5655 5682 5710 5683 5656 5683 5711 5684 5712 5685 5686 5713 5686 5659 5687 5714 5687 5660 5688 5715 5688 5661 5689 5716 5689 5662 5690 5717 5690 5663 5691 5718 5691 5664 5692 5719 5692 5665 5693 5720 5694 5721 5722 5695 5668 5695 5723 5696 5669 5696 5724 5697 5670 5697 5725 5698 5671 5698 5726 5699 5672 5699 5727 5700 5673 5700 5728 5701 5674 5701 5729 5702 5703 5730 5731 5704 5677 5704 5732 5705 5678 5705 5733 5706 5679 5706 5734 5707 5680 5707 5735 5708 5681 5708 5736 5709 5682 5709 5737 5710 5683 5710 5738 5711 5739 5712 5713 5740 5713 5686 5714 5741 5714 5687 5715 5742 5715 5688 5716 5743 5716 5689 5717 5744 5717 5690 5718 5745 5718 5691 5719 5746 5719 5692 5720 5747 5721 5748 5749 5722 5695 5722 5750 5723 5696 5723 5751 5724 5697 5724 5752 5725 5698 5725 5753 5726 5699 5726 5754 5727 5700 5727 5755 5728 5701 5728 5756 5729 5730 5757 5758 5731 5704 5731 5759 5732 5705 5732 5760 5733 5706 5733 5761 5734 5707 5734 5762 5735 5708 5735 5763 5736 5709 5736 5764 5737 5710 5737 5765 5738 5766 5739 5740 5767 5740 5713 5741 5768 5741 5714 5742 5769 5742 5715 5743 5770 5743 5716 5744 5771 5744 5717 5745 5772 5745 5718 5746 5773 5746 5719 5747 5774 5748 5775 5776 5749 5722 5749 5777 5750 5723 5750 5778 5751 5724 5751 5779 5752 5725 5752 5780 5753 5726 5753 5781 5754 5727 5754 5782 5755 5728 5755 5783 5756 5757 5784 5785 5758 5731 5758 5786 5759 5732 5759 5787 5760 5733 5760 5788 5761 5734 5761 5789 5762 5735 5762 5790 5763 5736 5763 5791 5764 5737 5764 5792 5765 5793 5766 5767 5794 5767 5740 5768 5795 5768 5741 5769 5796 5769 5742 5770 5797 5770 5743 5771 5798 5771 5744 5772 5799 5772 5745 5773 5800 5773 5746 5774 5801 5775 5802 5803 5776 5749 5776 5804 5777 5750 5777 5805 5778 5751 5778 5806 5779 5752 5779 5807 5780 5753 5780 5808 5781 5754 5781 5809 5782 5755 5782 5810 5783 5784 5811 5812 5785 5758 5785 5813 5786 5759 5786 5814 5787 5760 5787 5815 5788 5761 5788 5816 5789 5762 5789 5817 5790 5763 5790 5818 5791 5764 5791 5819 5792 5820 5793 5794 5821 5794 5767 5795 5822 5795 5768 5796 5823 5796 5769 5797 5824 5797 5770 5798 5825 5798 5771 5799 5826 5799 5772 5800 5827 5800 5773 5801 5828 5802 5829 5830 5803 5776 5803 5831 5804 5777 5804 5832 5805 5778 5805 5833 5806 5779 5806 5834 5807 5780 5807 5835 5808 5781 5808 5836 5809 5782 5809 5837 5810 5811 5838 5839 5812 5785 5812 5840 5813 5786 5813 5841 5814 5787 5814 5842 5815 5788 5815 5843 5816 5789 5816 5844 5817 5790 5817 5845 5818 5791 5818 5846 5819 5847 5820 5821 5848 5821 5794 5822 5849 5822 5795 5823 5850 5823 5796 5824 5851 5824 5797 5825 5852 5825 5798 5826 5853 5826 5799 5827 5854 5827 5800 5828 5855 5829 5856 5857 5830 5803 5830 5858 5831 5804 5831 5859 5832 5805 5832 5860 5833 5806 5833 5861 5834 5807 5834 5862 5835 5808 5835 5863 5836 5809 5836 5864 5837 5838 5865 5866 5839 5812 5839 5867 5840 5813 5840 5868 5841 5814 5841 5869 5842 5815 5842 5870 5843 5816 5843 5871 5844 5817 5844 5872 5845 5818 5845 5873 5846 5874 5847 5848 5875 5848 5821 5849 5876 5849 5822 5850 5877 5850 5823 5851 5878 5851 5824 5852 5879 5852 5825 5853 5880 5853 5826 5854 5881 5854 5827 5855 5882 5856 5883 5884 5857 5830 5857 5885 5858 5831 5858 5886 5859 5832 5859 5887 5860 5833 5860 5888 5861 5834 5861 5889 5862 5835 5862 5890 5863 5836 5863 5891 5864 5865 5892 5893 5866 5839 5866 5894 5867 5840 5867 5895 5868 5841 5868 5896 5869 5842 5869 5897 5870 5843 5870 5898 5871 5844 5871 5899 5872 5845 5872 5900 5873 5901 5874 5875 5902 5875 5848 5876 5903 5876 5849 5877 5904 5877 5850 5878 5905 5878 5851 5879 5906 5879 5852 5880 5907 5880 5853 5881 5908 5881 5854 5882 5909 5883 5910 5911 5884 5857 5884 5912 5885 5858 5885 5913 5886 5859 5886 5914 5887 5860 5887 5915 5888 5861 5888 5916 5889 5862 5889 5917 5890 5863 5890 5918 5891 5892 5919 5920 5893 5866 5893 5921 5894 5867 5894 5922 5895 5868 5895 5923 5896 5869 5896 5924 5897 5870 5897 5925 5898 5871 5898 5926 5899 5872 5899 5927 5900 5928 5901 5902 5929 5902 5875 5903 5930 5903 5876 5904 5931 5904 5877 5905 5932 5905 5878 5906 5933 5906 5879 5907 5934 5907 5880 5908 5935 5908 5881 5909 5936 5910 5937 5938 5911 5884 5911 5939 5912 5885 5912 5940 5913 5886 5913 5941 5914 5887 5914 5942 5915 5888 5915 5943 5916 5889 5916 5944 5917 5890 5917 5945 5918 5919 5946 5947 5920 5893 5920 5948 5921 5894 5921 5949 5922 5895 5922 5950 5923 5896 5923 5951 5924 5897 5924 5952 5925 5898 5925 5953 5926 5899 5926 5954 5927 5955 5928 5929 5956 5929 5902 5930 5957 5930 5903 5931 5958 5931 5904 5932 5959 5932 5905 5933 5960 5933 5906 5934 5961 5934 5907 5935 5962 5935 5908 5936 5963 5911 5938 5964 5939 5912 5939 5965 5940 5913 5940 5966 5941 5914 5941 5967 5942 5915 5942 5968 5943 5916 5943 5969 5944 5917 5944 5970 5945 5946 5971 5972 5947 5920 5947 5973 5948 5921 5948 5974 5949 5922 5949 5975 5950 5923 5950 5976 5951 5924 5951 5977 5952 5925 5952 5978 5953 5926 5953 5979 5954 5980 5955 5956 5981 5956 5929 5957 5982 5957 5930 5958 5983 5958 5931 5959 5984 5959 5932 5960 5985 5960 5933 5961 5986 5961 5934 5962 5987 5962 5935 5963 5988 5939 5964 5989 5965 5940 5965 5990 5966 5941 5966 5991 5967 5942 5967 5992 5968 5943 5968 5993 5969 5944 5969 5994 5970 5971 5995 5996 5972 5947 5972 5997 5973 5948 5973 5998 5974 5949 5974 5999 5975 5950 5975 6000 5976 5951 5976 6001 5977 5952 5977 6002 5978 5953 5978 6003 5979 6004 5980 5981 6005 5981 5956 5982 6006 5982 5957 5983 6007 5983 5958 5984 6008 5984 5959 5985 6009 5985 5960 5986 6010 5986 5961 5987 6011 5987 5962 5988 6012 5965 5989 6013 5990 5966 5990 6014 5991 5967 5991 6015 5992 5968 5992 6016 5993 5969 5993 6017 5994 5995 6018 6019 5996 5972 5996 6020 5997 5973 5997 6021 5998 5974 5998 6022 5999 5975 5999 6023 6000 5976 6000 6024 6001 5977 6001 6025 6002 5978 6002 6026 6003 6027 6004 6005 6028 6005 5981 6006 6029 6006 5982 6007 6030 6007 5983 6008 6031 6008 5984 6009 6032 6009 5985 6010 6033 6010 5986 6011 6034 6011 5987 6012 6035 5990 6013 6036 6014 5991 6014 6037 6015 5992 6015 6038 6016 5993 6016 6039 6017 6018 6040 6041 6019 5996 6019 6042 6020 5997 6020 6043 6021 5998 6021 6044 6022 5999 6022 6045 6023 6000 6023 6046 6024 6001 6024 6047 6025 6002 6025 6048 6026 6049 6027 6028 6050 6028 6005 6029 6051 6029 6006 6030 6052 6030 6007 6031 6053 6031 6008 6032 6054 6032 6009 6033 6055 6033 6010 6034 6056 6034 6011 6035 6057 6014 6036 6058 6037 6015 6037 6059 6038 6016 6038 6060 6039 6040 6061 6062 6041 6019 6041 6063 6042 6020 6042 6064 6043 6021 6043 6065 6044 6022 6044 6066 6045 6023 6045 6067 6046 6024 6046 6068 6047 6025 6047 6069 6048 6070 6049 6050 6071 6050 6028 6051 6072 6051 6029 6052 6073 6052 6030 6053 6074 6053 6031 6054 6075 6054 6032 6055 6076 6055 6033 6056 6077 6056 6034 6057 6078 6037 6058 6079 6059 6038 6059 6080 6060 6061 6081 6082 6062 6041 6062 6083 6063 6042 6063 6084 6064 6043 6064 6085 6065 6044 6065 6086 6066 6045 6066 6087 6067 6046 6067 6088 6068 6047 6068 6089 6069 6090 6070 6071 6091 6071 6050 6072 6092 6072 6051 6073 6093 6073 6052 6074 6094 6074 6053 6075 6095 6075 6054 6076 6096 6076 6055 6077 6097 6077 6056 6078 6098 6059 6079 6099 6080 6081 6100 6101 6082 6062 6082 6102 6083 6063 6083 6103 6084 6064 6084 6104 6085 6065 6085 6105 6086 6066 6086 6106 6087 6067 6087 6107 6088 6068 6088 6108 6089 6109 6090 6091 6110 6091 6071 6092 6111 6092 6072 6093 6112 6093 6073 6094 6113 6094 6074 6095 6114 6095 6075 6096 6115 6096 6076 6097 6116 6097 6077 6098 6117 6100 6118 6119 6101 6082 6101 6120 6102 6083 6102 6121 6103 6084 6103 6122 6104 6085 6104 6123 6105 6086 6105 6124 6106 6087 6106 6125 6107 6088 6107 6126 6108 6127 6109 6110 6128 6110 6091 6111 6129 6111 6092 6112 6130 6112 6093 6113 6131 6113 6094 6114 6132 6114 6095 6115 6133 6115 6096 6116 6134 6116 6097 6117 6135 6118 6136 6137 6119 6101 6119 6138 6120 6102 6120 6139 6121 6103 6121 6140 6122 6104 6122 6141 6123 6105 6123 6142 6124 6106 6124 6143 6125 6107 6125 6144 6126 6145 6127 6128 6146 6128 6110 6129 6147 6129 6111 6130 6148 6130 6112 6131 6149 6131 6113 6132 6150 6132 6114 6133 6151 6133 6115 6134 6152 6134 6116 6135 6153 6136 6154 6155 6137 6119 6137 6156 6138 6120 6138 6157 6139 6121 6139 6158 6140 6122 6140 6159 6141 6123 6141 6160 6142 6124 6142 6161 6143 6125 6143 6162 6144 6163 6145 6146 6164 6146 6128 6147 6165 6147 6129 6148 6166 6148 6130 6149 6167 6149 6131 6150 6168 6150 6132 6151 6169 6151 6133 6152 6170 6152 6134 6153 6171 6154 6172 6173 6155 6137 6155 6174 6156 6138 6156 6175 6157 6139 6157 6176 6158 6140 6158 6177 6159 6141 6159 6178 6160 6142 6160 6179 6161 6143 6161 6180 6162 6181 6163 6164 6182 6164 6146 6165 6183 6165 6147 6166 6184 6166 6148 6167 6185 6167 6149 6168 6186 6168 6150 6169 6187 6169 6151 6170 6188 6170 6152 6171 6189 6172 6190 6191 6173 6155 6173 6192 6174 6156 6174 6193 6175 6157 6175 6194 6176 6158 6176 6195 6177 6159 6177 6196 6178 6160 6178 6197 6179 6161 6179 6198 6180 6199 6181 6182 6200 6182 6164 6183 6201 6183 6165 6184 6202 6184 6166 6185 6203 6185 6167 6186 6204 6186 6168 6187 6205 6187 6169 6188 6206 6188 6170 6189 6207 6190 6208 6209 6191 6173 6191 6210 6192 6174 6192 6211 6193 6175 6193 6212 6194 6176 6194 6213 6195 6177 6195 6214 6196 6178 6196 6215 6197 6179 6197 6216 6198 6217 6199 6200 6218 6200 6182 6201 6219 6201 6183 6202 6220 6202 6184 6203 6221 6203 6185 6204 6222 6204 6186 6205 6223 6205 6187 6206 6224 6206 6188 6207 6225 6208 6226 6227 6209 6191 6209 6228 6210 6192 6210 6229 6211 6193 6211 6230 6212 6194 6212 6231 6213 6195 6213 6232 6214 6196 6214 6233 6215 6197 6215 6234 6216 6235 6217 6218 6236 6218 6200 6219 6237 6219 6201 6220 6238 6220 6202 6221 6239 6221 6203 6222 6240 6222 6204 6223 6241 6223 6205 6224 6242 6224 6206 6225 6243 6226 6244 6245 6227 6209 6227 6246 6228 6210 6228 6247 6229 6211 6229 6248 6230 6212 6230 6249 6231 6213 6231 6250 6232 6214 6232 6251 6233 6215 6233 6252 6234 6253 6235 6236 6254 6236 6218 6237 6255 6237 6219 6238 6256 6238 6220 6239 6257 6239 6221 6240 6258 6240 6222 6241 6259 6241 6223 6242 6260 6242 6224 6243 6261 6244 6262 6263 6245 6227 6245 6264 6246 6228 6246 6265 6247 6229 6247 6266 6248 6230 6248 6267 6249 6231 6249 6268 6250 6232 6250 6269 6251 6233 6251 6270 6252 6271 6253 6254 6272 6254 6236 6255 6273 6255 6237 6256 6274 6256 6238 6257 6275 6257 6239 6258 6276 6258 6240 6259 6277 6259 6241 6260 6278 6260 6242 6261 6279 6262 6280 6281 6263 6245 6263 6282 6264 6246 6264 6283 6265 6247 6265 6284 6266 6248 6266 6285 6267 6249 6267 6286 6268 6250 6268 6287 6269 6251 6269 6288 6270 6289 6271 6272 6290 6272 6254 6273 6291 6273 6255 6274 6292 6274 6256 6275 6293 6275 6257 6276 6294 6276 6258 6277 6295 6277 6259 6278 6296 6278 6260 6279 6297 6280 6298 6299 6281 6263 6281 6300 6282 6264 6282 6301 6283 6265 6283 6302 6284 6266 6284 6303 6285 6267 6285 6304 6286 6268 6286 6305 6287 6269 6287 6306 6288 6307 6289 6290 6308 6290 6272 6291 6309 6291 6273 6292 6310 6292 6274 6293 6311 6293 6275 6294 6312 6294 6276 6295 6313 6295 6277 6296 6314 6296 6278 6297 6315 6298 6316 6317 6299 6281 6299 6318 6300 6282 6300 6319 6301 6283 6301 6320 6302 6284 6302 6321 6303 6285 6303 6322 6304 6286 6304 6323 6305 6287 6305 6324 6306 6325 6307 6308 6326 6308 6290 6309 6327 6309 6291 6310 6328 6310 6292 6311 6329 6311 6293 6312 6330 6312 6294 6313 6331 6313 6295 6314 6332 6314 6296 6315 6333 6316 6334 6335 6317 6299 6317 6336 6318 6300 6318 6337 6319 6301 6319 6338 6320 6302 6320 6339 6321 6303 6321 6340 6322 6304 6322 6341 6323 6305 6323 6342 6324 6343 6325 6326 6344 6326 6308 6327 6345 6327 6309 6328 6346 6328 6310 6329 6347 6329 6311 6330 6348 6330 6312 6331 6349 6331 6313 6332 6350 6332 6314 6333 6351 6334 6352 6353 6335 6317 6335 6354 6336 6318 6336 6355 6337 6319 6337 6356 6338 6320 6338 6357 6339 6321 6339 6358 6340 6322 6340 6359 6341 6323 6341 6360 6342 6361 6343 6344 6362 6344 6326 6345 6363 6345 6327 6346 6364 6346 6328 6347 6365 6347 6329 6348 6366 6348 6330 6349 6367 6349 6331 6350 6368 6350 6332 6351 6369 6352 6370 6371 6353 6335 6353 6372 6354 6336 6354 6373 6355 6337 6355 6374 6356 6338 6356 6375 6357 6339 6357 6376 6358 6340 6358 6377 6359 6341 6359 6378 6360 6379 6361 6362 6380 6362 6344 6363 6381 6363 6345 6364 6382 6364 6346 6365 6383 6365 6347 6366 6384 6366 6348 6367 6385 6367 6349 6368 6386 6368 6350 6369 6387 6370 6388 6389 6371 6353 6371 6390 6372 6354 6372 6391 6373 6355 6373 6392 6374 6356 6374 6393 6375 6357 6375 6394 6376 6358 6376 6395 6377 6359 6377 6396 6378 6397 6379 6380 6398 6380 6362 6381 6399 6381 6363 6382 6400 6382 6364 6383 6401 6383 6365 6384 6402 6384 6366 6385 6403 6385 6367 6386 6404 6386 6368 6387 6405 6388 6406 6407 6389 6371 6389 6408 6390 6372 6390 6409 6391 6373 6391 6410 6392 6374 6392 6411 6393 6375 6393 6412 6394 6376 6394 6413 6395 6377 6395 6414 6396 6415 6397 6398 6416 6398 6380 6399 6417 6399 6381 6400 6418 6400 6382 6401 6419 6401 6383 6402 6420 6402 6384 6403 6421 6403 6385 6404 6422 6404 6386 6405 6423 6406 6424 6425 6407 6389 6407 6426 6408 6390 6408 6427 6409 6391 6409 6428 6410 6392 6410 6429 6411 6393 6411 6430 6412 6394 6412 6431 6413 6395 6413 6432 6414 6433 6415 6416 6434 6416 6398 6417 6435 6417 6399 6418 6436 6418 6400 6419 6437 6419 6401 6420 6438 6420 6402 6421 6439 6421 6403 6422 6440 6422 6404 6423 6441 6424 6442 6443 6425 6407 6425 6444 6426 6408 6426 6445 6427 6409 6427 6446 6428 6410 6428 6447 6429 6411 6429 6448 6430 6412 6430 6449 6431 6413 6431 6450 6432 6451 6433 6434 6452 6434 6416 6435 6453 6435 6417 6436 6454 6436 6418 6437 6455 6437 6419 6438 6456 6438 6420 6439 6457 6439 6421 6440 6458 6440 6422 6441 6459 6442 6460 6461 6443 6425 6443 6462 6444 6426 6444 6463 6445 6427 6445 6464 6446 6428 6446 6465 6447 6429 6447 6466 6448 6430 6448 6467 6449 6431 6449 6468 6450 6469 6451 6452 6470 6452 6434 6453 6471 6453 6435 6454 6472 6454 6436 6455 6473 6455 6437 6456 6474 6456 6438 6457 6475 6457 6439 6458 6476 6458 6440 6459 6477 6460 6478 6479 6461 6443 6461 6480 6462 6444 6462 6481 6463 6445 6463 6482 6464 6446 6464 6483 6465 6447 6465 6484 6466 6448 6466 6485 6467 6449 6467 6486 6468 6487 6469 6470 6488 6470 6452 6471 6489 6471 6453 6472 6490 6472 6454 6473 6491 6473 6455 6474 6492 6474 6456 6475 6493 6475 6457 6476 6494 6476 6458 6477 6495 6478 6496 6497 6479 6461 6479 6498 6480 6462 6480 6499 6481 6463 6481 6500 6482 6464 6482 6501 6483 6465 6483 6502 6484 6466 6484 6503 6485 6467 6485 6504 6486 6505 6487 6488 6506 6488 6470 6489 6507 6489 6471 6490 6508 6490 6472 6491 6509 6491 6473 6492 6510 6492 6474 6493 6511 6493 6475 6494 6512 6494 6476 6495 6513 6496 6514 6515 6497 6479 6497 6516 6498 6480 6498 6517 6499 6481 6499 6518 6500 6482 6500 6519 6501 6483 6501 6520 6502 6484 6502 6521 6503 6485 6503 6522 6504 6523 6505 6506 6524 6506 6488 6507 6525 6507 6489 6508 6526 6508 6490 6509 6527 6509 6491 6510 6528 6510 6492 6511 6529 6511 6493 6512 6530 6512 6494 6513 6531 6514 6532 6533 6515 6497 6515 6534 6516 6498 6516 6535 6517 6499 6517 6536 6518 6500 6518 6537 6519 6501 6519 6538 6520 6502 6520 6539 6521 6503 6521 6540 6522 6541 6523 6524 6542 6524 6506 6525 6543 6525 6507 6526 6544 6526 6508 6527 6545 6527 6509 6528 6546 6528 6510 6529 6547 6529 6511 6530 6548 6530 6512 6531 6549 6532 6550 6551 6533 6515 6533 6552 6534 6516 6534 6553 6535 6517 6535 6554 6536 6518 6536 6555 6537 6519 6537 6556 6538 6520 6538 6557 6539 6521 6539 6558 6540 6559 6541 6542 6560 6542 6524 6543 6561 6543 6525 6544 6562 6544 6526 6545 6563 6545 6527 6546 6564 6546 6528 6547 6565 6547 6529 6548 6566 6548 6530 6549 6567 6550 6568 6569 6551 6533 6551 6570 6552 6534 6552 6571 6553 6535 6553 6572 6554 6536 6554 6573 6555 6537 6555 6574 6556 6538 6556 6575 6557 6539 6557 6576 6558 6577 6559 6560 6578 6560 6542 6561 6579 6561 6543 6562 6580 6562 6544 6563 6581 6563 6545 6564 6582 6564 6546 6565 6583 6565 6547 6566 6584 6566 6548 6567 6585 6568 6586 6587 6569 6551 6569 6588 6570 6552 6570 6589 6571 6553 6571 6590 6572 6554 6572 6591 6573 6555 6573 6592 6574 6556 6574 6593 6575 6557 6575 6594 6576 6595 6577 6578 6596 6578 6560 6579 6597 6579 6561 6580 6598 6580 6562 6581 6599 6581 6563 6582 6600 6582 6564 6583 6601 6583 6565 6584 6602 6584 6566 6585 6603 6586 6604 6605 6587 6569 6587 6606 6588 6570 6588 6607 6589 6571 6589 6608 6590 6572 6590 6609 6591 6573 6591 6610 6592 6574 6592 6611 6593 6575 6593 6612 6594 6613 6595 6596 6614 6596 6578 6597 6615 6597 6579 6598 6616 6598 6580 6599 6617 6599 6581 6600 6618 6600 6582 6601 6619 6601 6583 6602 6620 6602 6584 6603 6621 6604 6622 6623 6605 6587 6605 6624 6606 6588 6606 6625 6607 6589 6607 6626 6608 6590 6608 6627 6609 6591 6609 6628 6610 6592 6610 6629 6611 6593 6611 6630 6612 6631 6613 6614 6632 6614 6596 6615 6633 6615 6597 6616 6634 6616 6598 6617 6635 6617 6599 6618 6636 6618 6600 6619 6637 6619 6601 6620 6638 6620 6602 6621 6639 6622 6640 6641 6623 6605 6623 6642 6624 6606 6624 6643 6625 6607 6625 6644 6626 6608 6626 6645 6627 6609 6627 6646 6628 6610 6628 6647 6629 6611 6629 6648 6630 6649 6631 6632 6650 6632 6614 6633 6651 6633 6615 6634 6652 6634 6616 6635 6653 6635 6617 6636 6654 6636 6618 6637 6655 6637 6619 6638 6656 6638 6620 6639 6657 6640 6658 6659 6641 6623 6641 6660 6642 6624 6642 6661 6643 6625 6643 6662 6644 6626 6644 6663 6645 6627 6645 6664 6646 6628 6646 6665 6647 6629 6647 6666 6648 6667 6649 6650 6668 6650 6632 6651 6669 6651 6633 6652 6670 6652 6634 6653 6671 6653 6635 6654 6672 6654 6636 6655 6673 6655 6637 6656 6674 6656 6638 6657 6675 6658 6676 6677 6659 6641 6659 6678 6660 6642 6660 6679 6661 6643 6661 6680 6662 6644 6662 6681 6663 6645 6663 6682 6664 6646 6664 6683 6665 6647 6665 6684 6666 6685 6667 6668 6686 6668 6650 6669 6687 6669 6651 6670 6688 6670 6652 6671 6689 6671 6653 6672 6690 6672 6654 6673 6691 6673 6655 6674 6692 6674 6656 6675 6693 6676 6694 6695 6677 6659 6677 6696 6678 6660 6678 6697 6679 6661 6679 6698 6680 6662 6680 6699 6681 6663 6681 6700 6682 6664 6682 6701 6683 6665 6683 6702 6684 6703 6685 6686 6704 6686 6668 6687 6705 6687 6669 6688 6706 6688 6670 6689 6707 6689 6671 6690 6708 6690 6672 6691 6709 6691 6673 6692 6710 6692 6674 6693 6711 6694 6712 6713 6695 6677 6695 6714 6696 6678 6696 6715 6697 6679 6697 6716 6698 6680 6698 6717 6699 6681 6699 6718 6700 6682 6700 6719 6701 6683 6701 6720 6702 6721 6703 6704 6722 6704 6686 6705 6723 6705 6687 6706 6724 6706 6688 6707 6725 6707 6689 6708 6726 6708 6690 6709 6727 6709 6691 6710 6728 6710 6692 6711 6729 6712 6730 6731 6713 6695 6713 6732 6714 6696 6714 6733 6715 6697 6715 6734 6716 6698 6716 6735 6717 6699 6717 6736 6718 6700 6718 6737 6719 6701 6719 6738 6720 6739 6721 6722 6740 6722 6704 6723 6741 6723 6705 6724 6742 6724 6706 6725 6743 6725 6707 6726 6744 6726 6708 6727 6745 6727 6709 6728 6746 6728 6710 6729 6747 6730 6748 6749 6731 6713 6731 6750 6732 6714 6732 6751 6733 6715 6733 6752 6734 6716 6734 6753 6735 6717 6735 6754 6736 6718 6736 6755 6737 6719 6737 6756 6738 6757 6739 6740 6758 6740 6722 6741 6759 6741 6723 6742 6760 6742 6724 6743 6761 6743 6725 6744 6762 6744 6726 6745 6763 6745 6727 6746 6764 6746 6728 6747 6765 6748 6766 6767 6749 6731 6749 6768 6750 6732 6750 6769 6751 6733 6751 6770 6752 6734 6752 6771 6753 6735 6753 6772 6754 6736 6754 6773 6755 6737 6755 6774 6756 6775 6757 6758 6776 6758 6740 6759 6777 6759 6741 6760 6778 6760 6742 6761 6779 6761 6743 6762 6780 6762 6744 6763 6781 6763 6745 6764 6782 6764 6746 6765 6783 6766 6784 6785 6767 6749 6767 6786 6768 6750 6768 6787 6769 6751 6769 6788 6770 6752 6770 6789 6771 6753 6771 6790 6772 6754 6772 6791 6773 6755 6773 6792 6774 6793 6775 6776 6794 6776 6758 6777 6795 6777 6759 6778 6796 6778 6760 6779 6797 6779 6761 6780 6798 6780 6762 6781 6799 6781 6763 6782 6800 6782 6764 6783 6801 6784 6802 6803 6785 6767 6785 6804 6786 6768 6786 6805 6787 6769 6787 6806 6788 6770 6788 6807 6789 6771 6789 6808 6790 6772 6790 6809 6791 6773 6791 6810 6792 6811 6793 6794 6812 6794 6776 6795 6813 6795 6777 6796 6814 6796 6778 6797 6815 6797 6779 6798 6816 6798 6780 6799 6817 6799 6781 6800 6818 6800 6782 6801 6819 6802 6820 6821 6803 6785 6803 6822 6804 6786 6804 6823 6805 6787 6805 6824 6806 6788 6806 6825 6807 6789 6807 6826 6808 6790 6808 6827 6809 6791 6809 6828 6810 6829 6811 6812 6830 6812 6794 6813 6831 6813 6795 6814 6832 6814 6796 6815 6833 6815 6797 6816 6834 6816 6798 6817 6835 6817 6799 6818 6836 6818 6800 6819 6837 6820 6838 6839 6821 6803 6821 6840 6822 6804 6822 6841 6823 6805 6823 6842 6824 6806 6824 6843 6825 6807 6825 6844 6826 6808 6826 6845 6827 6809 6827 6846 6828 6847 6829 6830 6848 6830 6812 6831 6849 6831 6813 6832 6850 6832 6814 6833 6851 6833 6815 6834 6852 6834 6816 6835 6853 6835 6817 6836 6854 6836 6818 6837 6855 6838 6856 6857 6839 6821 6839 6858 6840 6822 6840 6859 6841 6823 6841 6860 6842 6824 6842 6861 6843 6825 6843 6862 6844 6826 6844 6863 6845 6827 6845 6864 6846 6865 6847 6848 6866 6848 6830 6849 6867 6849 6831 6850 6868 6850 6832 6851 6869 6851 6833 6852 6870 6852 6834 6853 6871 6853 6835 6854 6872 6854 6836 6855 6873 6856 6874 6875 6857 6839 6857 6876 6858 6840 6858 6877 6859 6841 6859 6878 6860 6842 6860 6879 6861 6843 6861 6880 6862 6844 6862 6881 6863 6845 6863 6882 6864 6883 6865 6866 6884 6866 6848 6867 6885 6867 6849 6868 6886 6868 6850 6869 6887 6869 6851 6870 6888 6870 6852 6871 6889 6871 6853 6872 6890 6872 6854 6873 6891 6874 6892 6893 6875 6857 6875 6894 6876 6858 6876 6895 6877 6859 6877 6896 6878 6860 6878 6897 6879 6861 6879 6898 6880 6862 6880 6899 6881 6863 6881 6900 6882 6901 6883 6884 6902 6884 6866 6885 6903 6885 6867 6886 6904 6886 6868 6887 6905 6887 6869 6888 6906 6888 6870 6889 6907 6889 6871 6890 6908 6890 6872 6891 6909 6892 6910 6911 6893 6875 6893 6912 6894 6876 6894 6913 6895 6877 6895 6914 6896 6878 6896 6915 6897 6879 6897 6916 6898 6880 6898 6917 6899 6881 6899 6918 6900 6919 6901 6902 6920 6902 6884 6903 6921 6903 6885 6904 6922 6904 6886 6905 6923 6905 6887 6906 6924 6906 6888 6907 6925 6907 6889 6908 6926 6908 6890 6909 6927 6910 6928 6929 6911 6893 6911 6930 6912 6894 6912 6931 6913 6895 6913 6932 6914 6896 6914 6933 6915 6897 6915 6934 6916 6898 6916 6935 6917 6899 6917 6936 6918 6937 6919 6920 6938 6920 6902 6921 6939 6921 6903 6922 6940 6922 6904 6923 6941 6923 6905 6924 6942 6924 6906 6925 6943 6925 6907 6926 6944 6926 6908 6927 6945 6928 6946 6947 6929 6911 6929 6948 6930 6912 6930 6949 6931 6913 6931 6950 6932 6914 6932 6951 6933 6915 6933 6952 6934 6916 6934 6953 6935 6917 6935 6954 6936 6955 6937 6938 6956 6938 6920 6939 6957 6939 6921 6940 6958 6940 6922 6941 6959 6941 6923 6942 6960 6942 6924 6943 6961 6943 6925 6944 6962 6944 6926 6945 6963 6946 6964 6965 6947 6929 6947 6966 6948 6930 6948 6967 6949 6931 6949 6968 6950 6932 6950 6969 6951 6933 6951 6970 6952 6934 6952 6971 6953 6935 6953 6972 6954 6973 6955 6956 6974 6956 6938 6957 6975 6957 6939 6958 6976 6958 6940 6959 6977 6959 6941 6960 6978 6960 6942 6961 6979 6961 6943 6962 6980 6962 6944 6963 6981 6964 6982 6983 6965 6947 6965 6984 6966 6948 6966 6985 6967 6949 6967 6986 6968 6950 6968 6987 6969 6951 6969 6988 6970 6952 6970 6989 6971 6953 6971 6990 6972 6991 6973 6974 6992 6974 6956 6975 6993 6975 6957 6976 6994 6976 6958 6977 6995 6977 6959 6978 6996 6978 6960 6979 6997 6979 6961 6980 6998 6980 6962 6981 6999 6982 7000 7001 6983 6965 6983 7002 6984 6966 6984 7003 6985 6967 6985 7004 6986 6968 6986 7005 6987 6969 6987 7006 6988 6970 6988 7007 6989 6971 6989 7008 6990 7009 6991 6992 7010 6992 6974 6993 7011 6993 6975 6994 7012 6994 6976 6995 7013 6995 6977 6996 7014 6996 6978 6997 7015 6997 6979 6998 7016 6998 6980 6999 7017 7000 7018 7019 7001 6983 7001 7020 7002 6984 7002 7021 7003 6985 7003 7022 7004 6986 7004 7023 7005 6987 7005 7024 7006 6988 7006 7025 7007 6989 7007 7026 7008 7027 7009 7010 7028 7010 6992 7011 7029 7011 6993 7012 7030 7012 6994 7013 7031 7013 6995 7014 7032 7014 6996 7015 7033 7015 6997 7016 7034 7016 6998 7017 7035 7018 7036 7037 7019 7001 7019 7038 7020 7002 7020 7039 7021 7003 7021 7040 7022 7004 7022 7041 7023 7005 7023 7042 7024 7006 7024 7043 7025 7007 7025 7044 7026 7045 7027 7028 7046 7028 7010 7029 7047 7029 7011 7030 7048 7030 7012 7031 7049 7031 7013 7032 7050 7032 7014 7033 7051 7033 7015 7034 7052 7034 7016 7035 7053 7036 7054 7055 7037 7019 7037 7056 7038 7020 7038 7057 7039 7021 7039 7058 7040 7022 7040 7059 7041 7023 7041 7060 7042 7024 7042 7061 7043 7025 7043 7062 7044 7063 7045 7046 7064 7046 7028 7047 7065 7047 7029 7048 7066 7048 7030 7049 7067 7049 7031 7050 7068 7050 7032 7051 7069 7051 7033 7052 7070 7052 7034 7053 7071 7054 7072 7073 7055 7037 7055 7074 7056 7038 7056 7075 7057 7039 7057 7076 7058 7040 7058 7077 7059 7041 7059 7078 7060 7042 7060 7079 7061 7043 7061 7080 7062 7081 7063 7064 7082 7064 7046 7065 7083 7065 7047 7066 7084 7066 7048 7067 7085 7067 7049 7068 7086 7068 7050 7069 7087 7069 7051 7070 7088 7070 7052 7071 7089 7072 7090 7091 7073 7055 7073 7092 7074 7056 7074 7093 7075 7057 7075 7094 7076 7058 7076 7095 7077 7059 7077 7096 7078 7060 7078 7097 7079 7061 7079 7098 7080 7099 7081 7082 7100 7082 7064 7083 7101 7083 7065 7084 7102 7084 7066 7085 7103 7085 7067 7086 7104 7086 7068 7087 7105 7087 7069 7088 7106 7088 7070 7089 7107 7090 7108 7109 7091 7073 7091 7110 7092 7074 7092 7111 7093 7075 7093 7112 7094 7076 7094 7113 7095 7077 7095 7114 7096 7078 7096 7115 7097 7079 7097 7116 7098 7117 7099 7100 7118 7100 7082 7101 7119 7101 7083 7102 7120 7102 7084 7103 7121 7103 7085 7104 7122 7104 7086 7105 7123 7105 7087 7106 7124 7106 7088 7107 7125 7108 7126 7127 7109 7091 7109 7128 7110 7092 7110 7129 7111 7093 7111 7130 7112 7094 7112 7131 7113 7095 7113 7132 7114 7096 7114 7133 7115 7097 7115 7134 7116 7135 7117 7118 7136 7118 7100 7119 7137 7119 7101 7120 7138 7120 7102 7121 7139 7121 7103 7122 7140 7122 7104 7123 7141 7123 7105 7124 7142 7124 7106 7125 7143 7126 7144 7145 7127 7109 7127 7146 7128 7110 7128 7147 7129 7111 7129 7148 7130 7112 7130 7149 7131 7113 7131 7150 7132 7114 7132 7151 7133 7115 7133 7152 7134 7153 7135 7136 7154 7136 7118 7137 7155 7137 7119 7138 7156 7138 7120 7139 7157 7139 7121 7140 7158 7140 7122 7141 7159 7141 7123 7142 7160 7142 7124 7143 7161 7144 7162 7163 7145 7127 7145 7164 7146 7128 7146 7165 7147 7129 7147 7166 7148 7130 7148 7167 7149 7131 7149 7168 7150 7132 7150 7169 7151 7133 7151 7170 7152 7171 7153 7154 7172 7154 7136 7155 7173 7155 7137 7156 7174 7156 7138 7157 7175 7157 7139 7158 7176 7158 7140 7159 7177 7159 7141 7160 7178 7160 7142 7161 7179 7162 7180 7181 7163 7145 7163 7182 7164 7146 7164 7183 7165 7147 7165 7184 7166 7148 7166 7185 7167 7149 7167 7186 7168 7150 7168 7187 7169 7151 7169 7188 7170 7189 7171 7172 7190 7172 7154 7173 7191 7173 7155 7174 7192 7174 7156 7175 7193 7175 7157 7176 7194 7176 7158 7177 7195 7177 7159 7178 7196 7178 7160 7179 7197 7180 7198 7199 7181 7163 7181 7200 7182 7164 7182 7201 7183 7165 7183 7202 7184 7166 7184 7203 7185 7167 7185 7204 7186 7168 7186 7205 7187 7169 7187 7206 7188 7207 7189 7190 7208 7190 7172 7191 7209 7191 7173 7192 7210 7192 7174 7193 7211 7193 7175 7194 7212 7194 7176 7195 7213 7195 7177 7196 7214 7196 7178 7197 7215 7198 7216 7217 7199 7181 7199 7218 7200 7182 7200 7219 7201 7183 7201 7220 7202 7184 7202 7221 7203 7185 7203 7222 7204 7186 7204 7223 7205 7187 7205 7224 7206 7225 7207 7208 7226 7208 7190 7209 7227 7209 7191 7210 7228 7210 7192 7211 7229 7211 7193 7212 7230 7212 7194 7213 7231 7213 7195 7214 7232 7214 7196 7215 7233 7216 7234 7235 7217 7199 7217 7236 7218 7200 7218 7237 7219 7201 7219 7238 7220 7202 7220 7239 7221 7203 7221 7240 7222 7204 7222 7241 7223 7205 7223 7242 7224 7243 7225 7226 7244 7226 7208 7227 7245 7227 7209 7228 7246 7228 7210 7229 7247 7229 7211 7230 7248 7230 7212 7231 7249 7231 7213 7232 7250 7232 7214 7233 7251 7234 7252 7253 7235 7217 7235 7254 7236 7218 7236 7255 7237 7219 7237 7256 7238 7220 7238 7257 7239 7221 7239 7258 7240 7222 7240 7259 7241 7223 7241 7260 7242 7261 7243 7244 7262 7244 7226 7245 7263 7245 7227 7246 7264 7246 7228 7247 7265 7247 7229 7248 7266 7248 7230 7249 7267 7249 7231 7250 7268 7250 7232 7251 7269 7252 7270 7271 7253 7235 7253 7272 7254 7236 7254 7273 7255 7237 7255 7274 7256 7238 7256 7275 7257 7239 7257 7276 7258 7240 7258 7277 7259 7241 7259 7278 7260 7279 7261 7262 7280 7262 7244 7263 7281 7263 7245 7264 7282 7264 7246 7265 7283 7265 7247 7266 7284 7266 7248 7267 7285 7267 7249 7268 7286 7268 7250 7269 7287 7270 7288 7289 7271 7253 7271 7290 7272 7254 7272 7291 7273 7255 7273 7292 7274 7256 7274 7293 7275 7257 7275 7294 7276 7258 7276 7295 7277 7259 7277 7296 7278 7297 7279 7280 7298 7280 7262 7281 7299 7281 7263 7282 7300 7282 7264 7283 7301 7283 7265 7284 7302 7284 7266 7285 7303 7285 7267 7286 7304 7286 7268 7287 7305 7288 7306 7307 7289 7271 7289 7308 7290 7272 7290 7309 7291 7273 7291 7310 7292 7274 7292 7311 7293 7275 7293 7312 7294 7276 7294 7313 7295 7277 7295 7314 7296 7315 7297 7298 7316 7298 7280 7299 7317 7299 7281 7300 7318 7300 7282 7301 7319 7301 7283 7302 7320 7302 7284 7303 7321 7303 7285 7304 7322 7304 7286 7305 7323 7306 7324 7325 7307 7289 7307 7326 7308 7290 7308 7327 7309 7291 7309 7328 7310 7292 7310 7329 7311 7293 7311 7330 7312 7294 7312 7331 7313 7295 7313 7332 7314 7333 7315 7316 7334 7316 7298 7317 7335 7317 7299 7318 7336 7318 7300 7319 7337 7319 7301 7320 7338 7320 7302 7321 7339 7321 7303 7322 7340 7322 7304 7323 7341 7324 7342 7343 7325 7307 7325 7344 7326 7308 7326 7345 7327 7309 7327 7346 7328 7310 7328 7347 7329 7311 7329 7348 7330 7312 7330 7349 7331 7313 7331 7350 7332 7351 7333 7334 7352 7334 7316 7335 7353 7335 7317 7336 7354 7336 7318 7337 7355 7337 7319 7338 7356 7338 7320 7339 7357 7339 7321 7340 7358 7340 7322 7341 7359 7342 7360 7361 7343 7325 7343 7362 7344 7326 7344 7363 7345 7327 7345 7364 7346 7328 7346 7365 7347 7329 7347 7366 7348 7330 7348 7367 7349 7331 7349 7368 7350 7369 7351 7352 7370 7352 7334 7353 7371 7353 7335 7354 7372 7354 7336 7355 7373 7355 7337 7356 7374 7356 7338 7357 7375 7357 7339 7358 7376 7358 7340 7359 7377 7360 7378 7379 7361 7343 7361 7380 7362 7344 7362 7381 7363 7345 7363 7382 7364 7346 7364 7383 7365 7347 7365 7384 7366 7348 7366 7385 7367 7349 7367 7386 7368 7387 7369 7370 7388 7370 7352 7371 7389 7371 7353 7372 7390 7372 7354 7373 7391 7373 7355 7374 7392 7374 7356 7375 7393 7375 7357 7376 7394 7376 7358 7377 7395 7378 7396 7397 7379 7361 7379 7398 7380 7362 7380 7399 7381 7363 7381 7400 7382 7364 7382 7401 7383 7365 7383 7402 7384 7366 7384 7403 7385 7367 7385 7404 7386 7405 7387 7388 7406 7388 7370 7389 7407 7389 7371 7390 7408 7390 7372 7391 7409 7391 7373 7392 7410 7392 7374 7393 7411 7393 7375 7394 7412 7394 7376 7395 7413 7396 7414 7415 7397 7379 7397 7416 7398 7380 7398 7417 7399 7381 7399 7418 7400 7382 7400 7419 7401 7383 7401 7420 7402 7384 7402 7421 7403 7385 7403 7422 7404 7423 7405 7406 7424 7406 7388 7407 7425 7407 7389 7408 7426 7408 7390 7409 7427 7409 7391 7410 7428 7410 7392 7411 7429 7411 7393 7412 7430 7412 7394 7413 7431 7414 7432 7433 7415 7397 7415 7434 7416 7398 7416 7435 7417 7399 7417 7436 7418 7400 7418 7437 7419 7401 7419 7438 7420 7402 7420 7439 7421 7403 7421 7440 7422 7441 7423 7424 7442 7424 7406 7425 7443 7425 7407 7426 7444 7426 7408 7427 7445 7427 7409 7428 7446 7428 7410 7429 7447 7429 7411 7430 7448 7430 7412 7431 7449 7432 7450 7451 7433 7415 7433 7452 7434 7416 7434 7453 7435 7417 7435 7454 7436 7418 7436 7455 7437 7419 7437 7456 7438 7420 7438 7457 7439 7421 7439 7458 7440 7459 7441 7442 7460 7442 7424 7443 7461 7443 7425 7444 7462 7444 7426 7445 7463 7445 7427 7446 7464 7446 7428 7447 7465 7447 7429 7448 7466 7448 7430 7449 7467 7450 7468 7469 7451 7433 7451 7470 7452 7434 7452 7471 7453 7435 7453 7472 7454 7436 7454 7473 7455 7437 7455 7474 7456 7438 7456 7475 7457 7439 7457 7476 7458 7477 7459 7460 7478 7460 7442 7461 7479 7461 7443 7462 7480 7462 7444 7463 7481 7463 7445 7464 7482 7464 7446 7465 7483 7465 7447 7466 7484 7466 7448 7467 7485 7468 7486 7487 7469 7451 7469 7488 7470 7452 7470 7489 7471 7453 7471 7490 7472 7454 7472 7491 7473 7455 7473 7492 7474 7456 7474 7493 7475 7457 7475 7494 7476 7495 7477 7478 7496 7478 7460 7479 7497 7479 7461 7480 7498 7480 7462 7481 7499 7481 7463 7482 7500 7482 7464 7483 7501 7483 7465 7484 7502 7484 7466 7485 7503 7486 7504 7505 7487 7469 7487 7506 7488 7470 7488 7507 7489 7471 7489 7508 7490 7472 7490 7509 7491 7473 7491 7510 7492 7474 7492 7511 7493 7475 7493 7512 7494 7513 7495 7496 7514 7496 7478 7497 7515 7497 7479 7498 7516 7498 7480 7499 7517 7499 7481 7500 7518 7500 7482 7501 7519 7501 7483 7502 7520 7502 7484 7503 7521 7504 7522 7523 7505 7487 7505 7524 7506 7488 7506 7525 7507 7489 7507 7526 7508 7490 7508 7527 7509 7491 7509 7528 7510 7492 7510 7529 7511 7493 7511 7530 7512 7531 7513 7514 7532 7514 7496 7515 7533 7515 7497 7516 7534 7516 7498 7517 7535 7517 7499 7518 7536 7518 7500 7519 7537 7519 7501 7520 7538 7520 7502 7521 7539 7522 7540 7541 7523 7505 7523 7542 7524 7506 7524 7543 7525 7507 7525 7544 7526 7508 7526 7545 7527 7509 7527 7546 7528 7510 7528 7547 7529 7511 7529 7548 7530 7549 7531 7532 7550 7532 7514 7533 7551 7533 7515 7534 7552 7534 7516 7535 7553 7535 7517 7536 7554 7536 7518 7537 7555 7537 7519 7538 7556 7538 7520 7539 7557 7540 7558 7559 7541 7523 7541 7560 7542 7524 7542 7561 7543 7525 7543 7562 7544 7526 7544 7563 7545 7527 7545 7564 7546 7528 7546 7565 7547 7529 7547 7566 7548 7567 7549 7550 7568 7550 7532 7551 7569 7551 7533 7552 7570 7552 7534 7553 7571 7553 7535 7554 7572 7554 7536 7555 7573 7555 7537 7556 7574 7556 7538 7557 7575 7558 7576 7577 7559 7541 7559 7578 7560 7542 7560 7579 7561 7543 7561 7580 7562 7544 7562 7581 7563 7545 7563 7582 7564 7546 7564 7583 7565 7547 7565 7584 7566 7585 7567 7568 7586 7568 7550 7569 7587 7569 7551 7570 7588 7570 7552 7571 7589 7571 7553 7572 7590 7572 7554 7573 7591 7573 7555 7574 7592 7574 7556 7575 7593 7576 7594 7595 7577 7559 7577 7596 7578 7560 7578 7597 7579 7561 7579 7598 7580 7562 7580 7599 7581 7563 7581 7600 7582 7564 7582 7601 7583 7565 7583 7602 7584 7603 7585 7586 7604 7586 7568 7587 7605 7587 7569 7588 7606 7588 7570 7589 7607 7589 7571 7590 7608 7590 7572 7591 7609 7591 7573 7592 7610 7592 7574 7593 7611 7594 7612 7613 7595 7577 7595 7614 7596 7578 7596 7615 7597 7579 7597 7616 7598 7580 7598 7617 7599 7581 7599 7618 7600 7582 7600 7619 7601 7583 7601 7620 7602 7621 7603 7604 7622 7604 7586 7605 7623 7605 7587 7606 7624 7606 7588 7607 7625 7607 7589 7608 7626 7608 7590 7609 7627 7609 7591 7610 7628 7610 7592 7611 7629 7612 7630 7631 7613 7595 7613 7632 7614 7596 7614 7633 7615 7597 7615 7634 7616 7598 7616 7635 7617 7599 7617 7636 7618 7600 7618 7637 7619 7601 7619 7638 7620 7639 7621 7622 7640 7622 7604 7623 7641 7623 7605 7624 7642 7624 7606 7625 7643 7625 7607 7626 7644 7626 7608 7627 7645 7627 7609 7628 7646 7628 7610 7629 7647 7630 7648 7649 7631 7613 7631 7650 7632 7614 7632 7651 7633 7615 7633 7652 7634 7616 7634 7653 7635 7617 7635 7654 7636 7618 7636 7655 7637 7619 7637 7656 7638 7657 7639 7640 7658 7640 7622 7641 7659 7641 7623 7642 7660 7642 7624 7643 7661 7643 7625 7644 7662 7644 7626 7645 7663 7645 7627 7646 7664 7646 7628 7647 7665 7648 7666 7667 7649 7631 7649 7668 7650 7632 7650 7669 7651 7633 7651 7670 7652 7634 7652 7671 7653 7635 7653 7672 7654 7636 7654 7673 7655 7637 7655 7674 7656 7675 7657 7658 7676 7658 7640 7659 7677 7659 7641 7660 7678 7660 7642 7661 7679 7661 7643 7662 7680 7662 7644 7663 7681 7663 7645 7664 7682 7664 7646 7665 7683 7666 7684 7685 7667 7649 7667 7686 7668 7650 7668 7687 7669 7651 7669 7688 7670 7652 7670 7689 7671 7653 7671 7690 7672 7654 7672 7691 7673 7655 7673 7692 7674 7693 7675 7676 7694 7676 7658 7677 7695 7677 7659 7678 7696 7678 7660 7679 7697 7679 7661 7680 7698 7680 7662 7681 7699 7681 7663 7682 7700 7682 7664 7683 7701 7684 7702 7703 7685 7667 7685 7704 7686 7668 7686 7705 7687 7669 7687 7706 7688 7670 7688 7707 7689 7671 7689 7708 7690 7672 7690 7709 7691 7673 7691 7710 7692 7711 7693 7694 7712 7694 7676 7695 7713 7695 7677 7696 7714 7696 7678 7697 7715 7697 7679 7698 7716 7698 7680 7699 7717 7699 7681 7700 7718 7700 7682 7701 7719 7702 7720 7721 7703 7685 7703 7722 7704 7686 7704 7723 7705 7687 7705 7724 7706 7688 7706 7725 7707 7689 7707 7726 7708 7690 7708 7727 7709 7691 7709 7728 7710 7729 7711 7712 7730 7712 7694 7713 7731 7713 7695 7714 7732 7714 7696 7715 7733 7715 7697 7716 7734 7716 7698 7717 7735 7717 7699 7718 7736 7718 7700 7719 7737 7720 7738 7739 7721 7703 7721 7740 7722 7704 7722 7741 7723 7705 7723 7742 7724 7706 7724 7743 7725 7707 7725 7744 7726 7708 7726 7745 7727 7709 7727 7746 7728 7747 7729 7730 7748 7730 7712 7731 7749 7731 7713 7732 7750 7732 7714 7733 7751 7733 7715 7734 7752 7734 7716 7735 7753 7735 7717 7736 7754 7736 7718 7737 7755 7738 7756 7757 7739 7721 7739 7758 7740 7722 7740 7759 7741 7723 7741 7760 7742 7724 7742 7761 7743 7725 7743 7762 7744 7726 7744 7763 7745 7727 7745 7764 7746 7765 7747 7748 7766 7748 7730 7749 7767 7749 7731 7750 7768 7750 7732 7751 7769 7751 7733 7752 7770 7752 7734 7753 7771 7753 7735 7754 7772 7754 7736 7755 7773 7756 7774 7775 7757 7739 7757 7776 7758 7740 7758 7777 7759 7741 7759 7778 7760 7742 7760 7779 7761 7743 7761 7780 7762 7744 7762 7781 7763 7745 7763 7782 7764 7783 7765 7766 7784 7766 7748 7767 7785 7767 7749 7768 7786 7768 7750 7769 7787 7769 7751 7770 7788 7770 7752 7771 7789 7771 7753 7772 7790 7772 7754 7773 7791 7774 7792 7793 7775 7757 7775 7794 7776 7758 7776 7795 7777 7759 7777 7796 7778 7760 7778 7797 7779 7761 7779 7798 7780 7762 7780 7799 7781 7763 7781 7800 7782 7801 7783 7784 7802 7784 7766 7785 7803 7785 7767 7786 7804 7786 7768 7787 7805 7787 7769 7788 7806 7788 7770 7789 7807 7789 7771 7790 7808 7790 7772 7791 7809 7792 7810 7811 7793 7775 7793 7812 7794 7776 7794 7813 7795 7777 7795 7814 7796 7778 7796 7815 7797 7779 7797 7816 7798 7780 7798 7817 7799 7781 7799 7818 7800 7819 7801 7802 7820 7802 7784 7803 7821 7803 7785 7804 7822 7804 7786 7805 7823 7805 7787 7806 7824 7806 7788 7807 7825 7807 7789 7808 7826 7808 7790 7809 7827 7810 7828 7829 7811 7793 7811 7830 7812 7794 7812 7831 7813 7795 7813 7832 7814 7796 7814 7833 7815 7797 7815 7834 7816 7798 7816 7835 7817 7799 7817 7836 7818 7837 7819 7820 7838 7820 7802 7821 7839 7821 7803 7822 7840 7822 7804 7823 7841 7823 7805 7824 7842 7824 7806 7825 7843 7825 7807 7826 7844 7826 7808 7827 7845 7828 7846 7847 7829 7811 7829 7848 7830 7812 7830 7849 7831 7813 7831 7850 7832 7814 7832 7851 7833 7815 7833 7852 7834 7816 7834 7853 7835 7817 7835 7854 7836 7855 7837 7838 7856 7838 7820 7839 7857 7839 7821 7840 7858 7840 7822 7841 7859 7841 7823 7842 7860 7842 7824 7843 7861 7843 7825 7844 7862 7844 7826 7845 7863 7846 7864 7865 7847 7829 7847 7866 7848 7830 7848 7867 7849 7831 7849 7868 7850 7832 7850 7869 7851 7833 7851 7870 7852 7834 7852 7871 7853 7835 7853 7872 7854 7873 7855 7856 7874 7856 7838 7857 7875 7857 7839 7858 7876 7858 7840 7859 7877 7859 7841 7860 7878 7860 7842 7861 7879 7861 7843 7862 7880 7862 7844 7863 7881 7864 7882 7883 7865 7847 7865 7884 7866 7848 7866 7885 7867 7849 7867 7886 7868 7850 7868 7887 7869 7851 7869 7888 7870 7852 7870 7889 7871 7853 7871 7890 7872 7891 7873 7874 7892 7874 7856 7875 7893 7875 7857 7876 7894 7876 7858 7877 7895 7877 7859 7878 7896 7878 7860 7879 7897 7879 7861 7880 7898 7880 7862 7881 7899 7882 7900 7901 7883 7865 7883 7902 7884 7866 7884 7903 7885 7867 7885 7904 7886 7868 7886 7905 7887 7869 7887 7906 7888 7870 7888 7907 7889 7871 7889 7908 7890 7909 7891 7892 7910 7892 7874 7893 7911 7893 7875 7894 7912 7894 7876 7895 7913 7895 7877 7896 7914 7896 7878 7897 7915 7897 7879 7898 7916 7898 7880 7899 7917 7900 7918 7919 7901 7883 7901 7920 7902 7884 7902 7921 7903 7885 7903 7922 7904 7886 7904 7923 7905 7887 7905 7924 7906 7888 7906 7925 7907 7889 7907 7926 7908 7927 7909 7910 7928 7910 7892 7911 7929 7911 7893 7912 7930 7912 7894 7913 7931 7913 7895 7914 7932 7914 7896 7915 7933 7915 7897 7916 7934 7916 7898 7917 7935 7918 7936 7937 7919 7901 7919 7938 7920 7902 7920 7939 7921 7903 7921 7940 7922 7904 7922 7941 7923 7905 7923 7942 7924 7906 7924 7943 7925 7907 7925 7944 7926 7945 7927 7928 7946 7928 7910 7929 7947 7929 7911 7930 7948 7930 7912 7931 7949 7931 7913 7932 7950 7932 7914 7933 7951 7933 7915 7934 7952 7934 7916 7935 7953 7936 7954 7955 7937 7919 7937 7956 7938 7920 7938 7957 7939 7921 7939 7958 7940 7922 7940 7959 7941 7923 7941 7960 7942 7924 7942 7961 7943 7925 7943 7962 7944 7963 7945 7946 7964 7946 7928 7947 7965 7947 7929 7948 7966 7948 7930 7949 7967 7949 7931 7950 7968 7950 7932 7951 7969 7951 7933 7952 7970 7952 7934 7953 7971 7954 7972 7973 7955 7937 7955 7974 7956 7938 7956 7975 7957 7939 7957 7976 7958 7940 7958 7977 7959 7941 7959 7978 7960 7942 7960 7979 7961 7943 7961 7980 7962 7981 7963 7964 7982 7964 7946 7965 7983 7965 7947 7966 7984 7966 7948 7967 7985 7967 7949 7968 7986 7968 7950 7969 7987 7969 7951 7970 7988 7970 7952 7971 7989 7972 7990 7991 7973 7955 7973 7992 7974 7956 7974 7993 7975 7957 7975 7994 7976 7958 7976 7995 7977 7959 7977 7996 7978 7960 7978 7997 7979 7961 7979 7998 7980 7999 7981 7982 8000 7982 7964 7983 8001 7983 7965 7984 8002 7984 7966 7985 8003 7985 7967 7986 8004 7986 7968 7987 8005 7987 7969 7988 8006 7988 7970 7989 8007 7990 8008 8009 7991 7973 7991 8010 7992 7974 7992 8011 7993 7975 7993 8012 7994 7976 7994 8013 7995 7977 7995 8014 7996 7978 7996 8015 7997 7979 7997 8016 7998 8017 7999 8000 8018 8000 7982 8001 8019 8001 7983 8002 8020 8002 7984 8003 8021 8003 7985 8004 8022 8004 7986 8005 8023 8005 7987 8006 8024 8006 7988 8007 8025 8008 8026 8027 8009 7991 8009 8028 8010 7992 8010 8029 8011 7993 8011 8030 8012 7994 8012 8031 8013 7995 8013 8032 8014 7996 8014 8033 8015 7997 8015 8034 8016 8035 8017 8018 8036 8018 8000 8019 8037 8019 8001 8020 8038 8020 8002 8021 8039 8021 8003 8022 8040 8022 8004 8023 8041 8023 8005 8024 8042 8024 8006 8025 8043 8026 8044 8045 8027 8009 8027 8046 8028 8010 8028 8047 8029 8011 8029 8048 8030 8012 8030 8049 8031 8013 8031 8050 8032 8014 8032 8051 8033 8015 8033 8052 8034 8053 8035 8036 8054 8036 8018 8037 8055 8037 8019 8038 8056 8038 8020 8039 8057 8039 8021 8040 8058 8040 8022 8041 8059 8041 8023 8042 8060 8042 8024 8043 8061 8044 8062 8063 8045 8027 8045 8064 8046 8028 8046 8065 8047 8029 8047 8066 8048 8030 8048 8067 8049 8031 8049 8068 8050 8032 8050 8069 8051 8033 8051 8070 8052 8071 8053 8054 8072 8054 8036 8055 8073 8055 8037 8056 8074 8056 8038 8057 8075 8057 8039 8058 8076 8058 8040 8059 8077 8059 8041 8060 8078 8060 8042 8061 8079 8062 8080 8081 8063 8045 8063 8082 8064 8046 8064 8083 8065 8047 8065 8084 8066 8048 8066 8085 8067 8049 8067 8086 8068 8050 8068 8087 8069 8051 8069 8088 8070 8089 8071 8072 8090 8072 8054 8073 8091 8073 8055 8074 8092 8074 8056 8075 8093 8075 8057 8076 8094 8076 8058 8077 8095 8077 8059 8078 8096 8078 8060 8079 8097 8080 8098 8099 8081 8063 8081 8100 8082 8064 8082 8101 8083 8065 8083 8102 8084 8066 8084 8103 8085 8067 8085 8104 8086 8068 8086 8105 8087 8069 8087 8106 8088 8107 8089 8090 8108 8090 8072 8091 8109 8091 8073 8092 8110 8092 8074 8093 8111 8093 8075 8094 8112 8094 8076 8095 8113 8095 8077 8096 8114 8096 8078 8097 8115 8098 8116 8117 8099 8081 8099 8118 8100 8082 8100 8119 8101 8083 8101 8120 8102 8084 8102 8121 8103 8085 8103 8122 8104 8086 8104 8123 8105 8087 8105 8124 8106 8125 8107 8108 8126 8108 8090 8109 8127 8109 8091 8110 8128 8110 8092 8111 8129 8111 8093 8112 8130 8112 8094 8113 8131 8113 8095 8114 8132 8114 8096 8115 8133 8116 8134 8135 8117 8099 8117 8136 8118 8100 8118 8137 8119 8101 8119 8138 8120 8102 8120 8139 8121 8103 8121 8140 8122 8104 8122 8141 8123 8105 8123 8142 8124 8143 8125 8126 8144 8126 8108 8127 8145 8127 8109 8128 8146 8128 8110 8129 8147 8129 8111 8130 8148 8130 8112 8131 8149 8131 8113 8132 8150 8132 8114 8133 8151 8134 8152 8153 8135 8117 8135 8154 8136 8118 8136 8155 8137 8119 8137 8156 8138 8120 8138 8157 8139 8121 8139 8158 8140 8122 8140 8159 8141 8123 8141 8160 8142 8161 8143 8144 8162 8144 8126 8145 8163 8145 8127 8146 8164 8146 8128 8147 8165 8147 8129 8148 8166 8148 8130 8149 8167 8149 8131 8150 8168 8150 8132 8151 8169 8152 8170 8171 8153 8135 8153 8172 8154 8136 8154 8173 8155 8137 8155 8174 8156 8138 8156 8175 8157 8139 8157 8176 8158 8140 8158 8177 8159 8141 8159 8178 8160 8162 8144 8163 8179 8163 8145 8164 8180 8164 8146 8165 8181 8165 8147 8166 8182 8166 8148 8167 8183 8167 8149 8168 8184 8168 8150 8169 8185 8170 8186 8187 8171 8153 8171 8188 8172 8154 8172 8189 8173 8155 8173 8190 8174 8156 8174 8191 8175 8157 8175 8192 8176 8158 8176 8193 8177 8159 8177 8194 8178 8179 8163 8180 8195 8180 8164 8181 8196 8181 8165 8182 8197 8182 8166 8183 8198 8183 8167 8184 8199 8184 8168 8185 8200 8186 8201 8202 8187 8171 8187 8203 8188 8172 8188 8204 8189 8173 8189 8205 8190 8174 8190 8206 8191 8175 8191 8207 8192 8176 8192 8208 8193 8177 8193 8209 8194 8195 8180 8196 8210 8196 8181 8197 8211 8197 8182 8198 8212 8198 8183 8199 8213 8199 8184 8200 8214 8201 8215 8216 8202 8187 8202 8217 8203 8188 8203 8218 8204 8189 8204 8219 8205 8190 8205 8220 8206 8191 8206 8221 8207 8192 8207 8222 8208 8193 8208 8223 8209 8210 8196 8211 8224 8211 8197 8212 8225 8212 8198 8213 8226 8213 8199 8214 8227 8215 8228 8229 8216 8202 8216 8230 8217 8203 8217 8231 8218 8204 8218 8232 8219 8205 8219 8233 8220 8206 8220 8234 8221 8207 8221 8235 8222 8208 8222 8236 8223 8224 8211 8225 8237 8225 8212 8226 8238 8226 8213 8227 8239 8228 8240 8241 8229 8216 8229 8242 8230 8217 8230 8243 8231 8218 8231 8244 8232 8219 8232 8245 8233 8220 8233 8246 8234 8221 8234 8247 8235 8222 8235 8248 8236 8237 8225 8238 8249 8238 8226 8239 8250 8240 8251 8252 8241 8229 8241 8253 8242 8230 8242 8254 8243 8231 8243 8255 8244 8232 8244 8256 8245 8233 8245 8257 8246 8234 8246 8258 8247 8235 8247 8259 8248 8249 8238 8250 8260 8241 8252 8261 8253 8242 8253 8262 8254 8243 8254 8263 8255 8244 8255 8264 8256 8245 8256 8265 8257 8246 8257 8266 8258 8247 8258 8267 8259 8253 8261 8268 8262 8254 8262 8269 8263 8255 8263 8270 8264 8256 8264 8271 8265 8257 8265 8272 8266 8258 8266 8273 8267 8262 8268 8274 8269 8263 8269 8275 8270 8264 8270 8276 8271 8265 8271 8277 8272 8266 8272 8278 8273 8269 8274 8279 8275 8270 8275 8280 8276 8271 8276 8281 8277 8272 8277 8282 8278 8275 8279 8283 8280 8276 8280 8284 8281 8277 8281 8285 8282 8280 8283 8286 8284 8281 8284 8287 8285 8284 8286 8288 8287 </DataArray>
        <DataArray type="Int32" Name="offsets" format="ascii">4 8 12 16 20 24 28 32 36 40 44 48 52 56 60 64 68 72 76 80 84 88 92 96 100 104 108 112 116 120 124 128 132 136 140 144 148 152 156 160 164 168 172 176 180 184 188 192 196 200 204 208 212 216 220 224 228 232 236 240 244 248 252 256 260 264 268 272 276 280 284 288 292 296 300 304 308 312 316 320 324 328 332 336 340 344 348 352 356 360 364 368 372 376 380 384 388 392 396 400 404 408 412 416 420 424 428 432 436 440 444 448 452 456 460 464 468 472 476 480 484 488 492 496 500 504 508 512 516 520 524 528 532 536 540 544 548 552 556 560 564 568 572 576 580 584 588 592 596 600 604 608 612 616 620 624 628 632 636 640 644 648 652 656 660 664 668 672 676 680 684 688 692 696 700 704 708 712 716 720 724 728 732 736 740 744 748 752 756 760 764 768 772 776 780 784 788 792 796 800 804 808 812 816 820 824 828 832 836 840 844 848 852 856 860 864 868 872 876 880 884 888 892 896 900 904 908 912 916 920 924 928 932 936 940 944 948 952 956 960 964 968 972 976 980 984 988 992 996 1000 1004 1008 1012 1016 1020 1024 1028 1032 1036 1040 1044 1048 1052 1056 1060 1064 1068 1072 1076 1080 1084 1088 1092 1096 1100 1104 1108 1112 1116 1120 1124 1128 1132 1136 1140 1144 1148 1152 1156 1160 1164 1168 1172 1176 1180 1184 1188 1192 1196 1200 1204 1208 1212 1216 1220 1224 1228 1232 1236 1240 1244 1248 1252 1256 1260 1264 1268 1272 1276 1280 1284 1288 1292 1296 1300 1304 1308 1312 1316 1320 1324 1328 1332 1336 1340 1344 1348 1352 1356 1360 1364 1368 1372 1376 1380 1384 1388 1392 1396 1400 1404 1408 1412 1416 1420 1424 1428 1432 1436 1440 1444 1448 1452 1456 1460 1464 1468 1472 1476 1480 1484 1488 1492 1496 1500 1504 1508 1512 1516 1520 1524 1528 1532 1536 1540 1544 1548 1552 1556 1560 1564 1568 1572 1576 1580 1584 1588 1592 1596 1600 1604 1608 1612 1616 1620 1624 1628 1632 1636 1640 1644 1648 1652 1656 1660 1664 1668 1672 1676 1680 1684 1688 1692 1696 1700 1704 1708 1712 1716 1720 1724 1728 1732 1736 1740 1744 1748 1752 1756 1760 1764 1768 1772 1776 1780 1784 1788 1792 1796 1800 1804 1808 1812 1816 1820 1824 1828 1832 1836 1840 1844 1848 1852 1856 1860 1864 1868 1872 1876 1880 1884 1888 1892 1896 1900 1904 1908 1912 1916 1920 1924 1928 1932 1936 1940 1944 1948 1952 1956 1960 1964 1968 1972 1976 1980 1984 1988 1992 1996 2000 2004 2008 2012 2016 2020 2024 2028 2032 2036 2040 2044 2048 2052 2056 2060 2064 2068 2072 2076 2080 2084 2088 2092 2096 2100 2104 2108 2112 2116 2120 2124 2128 2132 2136 2140 2144 2148 2152 2156 2160 2164 2168 2172 2176 2180 2184 2188 2192 2196 2200 2204 2208 2212 2216 2220 2224 2228 2232 2236 2240 2244 2248 2252 2256 2260 2264 2268 2272 2276 2280 2284 2288 2292 2296 2300 2304 2308 2312 2316 2320 2324 2328 2332 2336 2340 2344 2348 2352 2356 2360 2364 2368 2372 2376 2380 2384 2388 2392 2396 2400 2404 2408 2412 2416 2420 2424 2428 2432 2436 2440 2444 2448 2452 2456 2460 2464 2468 2472 2476 2480 2484 2488 2492 2496 2500 2504 2508 2512 2516 2520 2524 2528 2532 2536 2540 2544 2548 2552 2556 2560 2564 2568 2572 2576 2580 2584 2588 2592 2596 2600 2604 2608 2612 2616 2620 2624 2628 2632 2636 2640 2644 2648 2652 2656 2660 2664 2668 2672 2676 2680 2684 2688 2692 2696 2700 2704 2708 2712 2716 2720 2724 2728 2732 2736 2740 2744 2748 2752 2756 2760 2764 2768 2772 2776 2780 2784 2788 2792 2796 2800 2804 2808 2812 2816 2820 2824 2828 2832 2836 2840 2844 2848 2852 2856 2860 2864 2868 2872 2876 2880 2884 2888 2892 2896 2900 2904 2908 2912 2916 2920 2924 2928 2932 2936 2940 2944 2948 2952 2956 2960 2964 2968 2972 2976 2980 2984 2988 2992 2996 3000 3004 3008 3012 3016 3020 3024 3028 3032 3036 3040 3044 3048 3052 3056 3060 3064 3068 3072 3076 3080 3084 3088 3092 3096 3100 3104 3108 3112 3116 3120 3124 3128 3132 3136 3140 3144 3148 3152 3156 3160 3164 3168 3172 3176 3180 3184 3188 3192 3196 3200 3204 3208 3212 3216 3220 3224 3228 3232 3236 3240 3244 3248 3252 3256 3260 3264 3268 3272 3276 3280 3284 3288 3292 3296 3300 3304 3308 3312 3316 3320 3324 3328 3332 3336 3340 3344 3348 3352 3356 3360 3364 3368 3372 3376 3380 3384 3388 3392 3396 3400 3404 3408 3412 3416 3420 3424 3428 3432 3436 3440 3444 3448 3452 3456 3460 3464 3468 3472 3476 3480 3484 3488 3492 3496 3500 3504 3508 3512 3516 3520 3524 3528 3532 3536 3540 3544 3548 3552 3556 3560 3564 3568 3572 3576 3580 3584 3588 3592 3596 3600 3604 3608 3612 3616 3620 3624 3628 3632 3636 3640 3644 3648 3652 3656 3660 3664 3668 3672 3676 3680 3684 3688 3692 3696 3700 3704 3708 3712 3716 3720 3724 3728 3732 3736 3740 3744 3748 3752 3756 3760 3764 3768 3772 3776 3780 3784 3788 3792 3796 3800 3804 3808 3812 3816 3820 3824 3828 3832 3836 3840 3844 3848 3852 3856 3860 3864 3868 3872 3876 3880 3884 3888 3892 3896 3900 3904 3908 3912 3916 3920 3924 3928 3932 3936 3940 3944 3948 3952 3956 3960 3964 3968 3972 3976 3980 3984 3988 3992 3996 4000 4004 4008 4012 4016 4020 4024 4028 4032 4036 4040 4044 4048 4052 4056 4060 4064 4068 4072 4076 4080 4084 4088 4092 4096 4100 4104 4108 4112 4116 4120 4124 4128 4132 4136 4140 4144 4148 4152 4156 4160 4164 4168 4172 4176 4180 4184 4188 4192 4196 4200 4204 4208 4212 4216 4220 4224 4228 4232 4236 4240 4244 4248 4252 4256 4260 4264 4268 4272 4276 4280 4284 4288 4292 4296 4300 4304 4308 4312 4316 4320 4324 4328 4332 4336 4340 4344 4348 4352 4356 4360 4364 4368 4372 4376 4380 4384 4388 4392 4396 4400 4404 4408 4412 4416 4420 4424 4428 4432 4436 4440 4444 4448 4452 4456 4460 4464 4468 4472 4476 4480 4484 4488 4492 4496 4500 4504 4508 4512 4516 4520 4524 4528 4532 4536 4540 4544 4548 4552 4556 4560 4564 4568 4572 4576 4580 4584 4588 4592 4596 4600 4604 4608 4612 4616 4620 4624 4628 4632 4636 4640 4644 4648 4652 4656 4660 4664 4668 4672 4676 4680 4684 4688 4692 4696 4700 4704 4708 4712 4716 4720 4724 4728 4732 4736 4740 4744 4748 4752 4756 4760 4764 4768 4772 4776 4780 4784 4788 4792 4796 4800 4804 4808 4812 4816 4820 4824 4828 4832 4836 4840 4844 4848 4852 4856 4860 4864 4868 4872 4876 4880 4884 4888 4892 4896 4900 4904 4908 4912 4916 4920 4924 4928 4932 4936 4940 4944 4948 4952 4956 4960 4964 4968 4972 4976 4980 4984 4988 4992 4996 5000 5004 5008 5012 5016 5020 5024 5028 5032 5036 5040 5044 5048 5052 5056 5060 5064 5068 5072 5076 5080 5084 5088 5092 5096 5100 5104 5108 5112 5116 5120 5124 5128 5132 5136 5140 5144 5148 5152 5156 5160 5164 5168 5172 5176 5180 5184 5188 5192 5196 5200 5204 5208 5212 5216 5220 5224 5228 5232 5236 5240 5244 5248 5252 5256 5260 5264 5268 5272 5276 5280 5284 5288 5292 5296 5300 5304 5308 5312 5316 5320 5324 5328 5332 5336 5340 5344 5348 5352 5356 5360 5364 5368 5372 5376 5380 5384 5388 5392 5396 5400 5404 5408 5412 5416 5420 5424 5428 5432 5436 5440 5444 5448 5452 5456 5460 5464 5468 5472 5476 5480 5484 5488 5492 5496 5500 5504 5508 5512 5516 5520 5524 5528 5532 5536 5540 5544 5548 5552 5556 5560 5564 5568 5572 5576 5580 5584 5588 5592 5596 5600 5604 5608 5612 5616 5620 5624 5628 5632 5636 5640 5644 5648 5652 5656 5660 5664 5668 5672 5676 5680 5684 5688 5692 5696 5700 5704 5708 5712 5716 5720 5724 5728 5732 5736 5740 5744 5748 5752 5756 5760 5764 5768 5772 5776 5780 5784 5788 5792 5796 5800 5804 5808 5812 5816 5820 5824 5828 5832 5836 5840 5844 5848 5852 5856 5860 5864 5868 5872 5876 5880 5884 5888 5892 5896 5900 5904 5908 5912 5916 5920 5924 5928 5932 5936 5940 5944 5948 5952 5956 5960 5964 5968 5972 5976 5980 5984 5988 5992 5996 6000 6004 6008 6012 6016 6020 6024 6028 6032 6036 6040 6044 6048 6052 6056 6060 6064 6068 6072 6076 6080 6084 6088 6092 6096 6100 6104 6108 6112 6116 6120 6124 6128 6132 6136 6140 6144 6148 6152 6156 6160 6164 6168 6172 6176 6180 6184 6188 6192 6196 6200 6204 6208 6212 6216 6220 6224 6228 6232 6236 6240 6244 6248 6252 6256 6260 6264 6268 6272 6276 6280 6284 6288 6292 6296 6300 6304 6308 6312 6316 6320 6324 6328 6332 6336 6340 6344 6348 6352 6356 6360 6364 6368 6372 6376 6380 6384 6388 6392 6396 6400 6404 6408 6412 6416 6420 6424 6428 6432 6436 6440 6444 6448 6452 6456 6460 6464 6468 6472 6476 6480 6484 6488 6492 6496 6500 6504 6508 6512 6516 6520 6524 6528 6532 6536 6540 6544 6548 6552 6556 6560 6564 6568 6572 6576 6580 6584 6588 6592 6596 6600 6604 6608 6612 6616 6620 6624 6628 6632 6636 6640 6644 6648 6652 6656 6660 6664 6668 6672 6676 6680 6684 6688 6692 6696 6700 6704 6708 6712 6716 6720 6724 6728 6732 6736 6740 6744 6748 6752 6756 6760 6764 6768 6772 6776 6780 6784 6788 6792 6796 6800 6804 6808 6812 6816 6820 6824 6828 6832 6836 6840 6844 6848 6852 6856 6860 6864 6868 6872 6876 6880 6884 6888 6892 6896 6900 6904 6908 6912 6916 6920 6924 6928 6932 6936 6940 6944 6948 6952 6956 6960 6964 6968 6972 6976 6980 6984 6988 6992 6996 7000 7004 7008 7012 7016 7020 7024 7028 7032 7036 7040 7044 7048 7052 7056 7060 7064 7068 7072 7076 7080 7084 7088 7092 7096 7100 7104 7108 7112 7116 7120 7124 7128 7132 7136 7140 7144 7148 7152 7156 7160 7164 7168 7172 7176 7180 7184 7188 7192 7196 7200 7204 7208 7212 7216 7220 7224 7228 7232 7236 7240 7244 7248 7252 7256 7260 7264 7268 7272 7276 7280 7284 7288 7292 7296 7300 7304 7308 7312 7316 7320 7324 7328 7332 7336 7340 7344 7348 7352 7356 7360 7364 7368 7372 7376 7380 7384 7388 7392 7396 7400 7404 7408 7412 7416 7420 7424 7428 7432 7436 7440 7444 7448 7452 7456 7460 7464 7468 7472 7476 7480 7484 7488 7492 7496 7500 7504 7508 7512 7516 7520 7524 7528 7532 7536 7540 7544 7548 7552 7556 7560 7564 7568 7572 7576 7580 7584 7588 7592 7596 7600 7604 7608 7612 7616 7620 7624 7628 7632 7636 7640 7644 7648 7652 7656 7660 7664 7668 7672 7676 7680 7684 7688 7692 7696 7700 7704 7708 7712 7716 7720 7724 7728 7732 7736 7740 7744 7748 7752 7756 7760 7764 7768 7772 7776 7780 7784 7788 7792 7796 7800 7804 7808 7812 7816 7820 7824 7828 7832 7836 7840 7844 7848 7852 7856 7860 7864 7868 7872 7876 7880 7884 7888 7892 7896 7900 7904 7908 7912 7916 7920 7924 7928 7932 7936 7940 7944 7948 7952 7956 7960 7964 7968 7972 7976 7980 7984 7988 7992 7996 8000 8004 8008 8012 8016 8020 8024 8028 8032 8036 8040 8044 8048 8052 8056 8060 8064 8068 8072 8076 8080 8084 8088 8092 8096 8100 8104 8108 8112 8116 8120 8124 8128 8132 8136 8140 8144 8148 8152 8156 8160 8164 8168 8172 8176 8180 8184 8188 8192 8196 8200 8204 8208 8212 8216 8220 8224 8228 8232 8236 8240 8244 8248 8252 8256 8260 8264 8268 8272 8276 8280 8284 8288 8292 8296 8300 8304 8308 8312 8316 8320 8324 8328 8332 8336 8340 8344 8348 8352 8356 8360 8364 8368 8372 8376 8380 8384 8388 8392 8396 8400 8404 8408 8412 8416 8420 8424 8428 8432 8436 8440 8444 8448 8452 8456 8460 8464 8468 8472 8476 8480 8484 8488 8492 8496 8500 8504 8508 8512 8516 8520 8524 8528 8532 8536 8540 8544 8548 8552 8556 8560 8564 8568 8572 8576 8580 8584 8588 8592 8596 8600 8604 8608 8612 8616 8620 8624 8628 8632 8636 8640 8644 8648 8652 8656 8660 8664 8668 8672 8676 8680 8684 8688 8692 8696 8700 8704 8708 8712 8716 8720 8724 8728 8732 8736 8740 8744 8748 8752 8756 8760 8764 8768 8772 8776 8780 8784 8788 8792 8796 8800 8804 8808 8812 8816 8820 8824 8828 8832 8836 8840 8844 8848 8852 8856 8860 8864 8868 8872 8876 8880 8884 8888 8892 8896 8900 8904 8908 8912 8916 8920 8924 8928 8932 8936 8940 8944 8948 8952 8956 8960 8964 8968 8972 8976 8980 8984 8988 8992 8996 9000 9004 9008 9012 9016 9020 9024 9028 9032 9036 9040 9044 9048 9052 9056 9060 9064 9068 9072 9076 9080 9084 9088 9092 9096 9100 9104 9108 9112 9116 9120 9124 9128 9132 9136 9140 9144 9148 9152 9156 9160 9164 9168 9172 9176 9180 9184 9188 9192 9196 9200 9204 9208 9212 9216 9220 9224 9228 9232 9236 9240 9244 9248 9252 9256 9260 9264 9268 9272 9276 9280 9284 9288 9292 9296 9300 9304 9308 9312 9316 9320 9324 9328 9332 9336 9340 9344 9348 9352 9356 9360 9364 9368 9372 9376 9380 9384 9388 9392 9396 9400 9404 9408 9412 9416 9420 9424 9428 9432 9436 9440 9444 9448 9452 9456 9460 9464 9468 9472 9476 9480 9484 9488 9492 9496 9500 9504 9508 9512 9516 9520 9524 9528 9532 9536 9540 9544 9548 9552 9556 9560 9564 9568 9572 9576 9580 9584 9588 9592 9596 9600 9604 9608 9612 9616 9620 9624 9628 9632 9636 9640 9644 9648 9652 9656 9660 9664 9668 9672 9676 9680 9684 9688 9692 9696 9700 9704 9708 9712 9716 9720 9724 9728 9732 9736 9740 9744 9748 9752 9756 9760 9764 9768 9772 9776 9780 9784 9788 9792 9796 9800 9804 9808 9812 9816 9820 9824 9828 9832 9836 9840 9844 9848 9852 9856 9860 9864 9868 9872 9876 9880 9884 9888 9892 9896 9900 9904 9908 9912 9916 9920 9924 9928 9932 9936 9940 9944 9948 9952 9956 9960 9964 9968 9972 9976 9980 9984 9988 9992 9996 10000 10004 10008 10012 10016 10020 10024 10028 10032 10036 10040 10044 10048 10052 10056 10060 10064 10068 10072 10076 10080 10084 10088 10092 10096 10100 10104 10108 10112 10116 10120 10124 10128 10132 10136 10140 10144 10148 10152 10156 10160 10164 10168 10172 10176 10180 10184 10188 10192 10196 10200 10204 10208 10212 10216 10220 10224 10228 10232 10236 10240 10244 10248 10252 10256 10260 10264 10268 10272 10276 10280 10284 10288 10292 10296 10300 10304 10308 10312 10316 10320 10324 10328 10332 10336 10340 10344 10348 10352 10356 10360 10364 10368 10372 10376 10380 10384 10388 10392 10396 10400 10404 10408 10412 10416 10420 10424 10428 10432 10436 10440 10444 10448 10452 10456 10460 10464 10468 10472 10476 10480 10484 10488 10492 10496 10500 10504 10508 10512 10516 10520 10524 10528 10532 10536 10540 10544 10548 10552 10556 10560 10564 10568 10572 10576 10580 10584 10588 10592 10596 10600 10604 10608 10612 10616 10620 10624 10628 10632 10636 10640 10644 10648 10652 10656 10660 10664 10668 10672 10676 10680 10684 10688 10692 10696 10700 10704 10708 10712 10716 10720 10724 10728 10732 10736 10740 10744 10748 10752 10756 10760 10764 10768 10772 10776 10780 10784 10788 10792 10796 10800 10804 10808 10812 10816 10820 10824 10828 10832 10836 10840 10844 10848 10852 10856 10860 10864 10868 10872 10876 10880 10884 10888 10892 10896 10900 10904 10908 10912 10916 10920 10924 10928 10932 10936 10940 10944 10948 10952 10956 10960 10964 10968 10972 10976 10980 10984 10988 10992 10996 11000 11004 11008 11012 11016 11020 11024 11028 11032 11036 11040 11044 11048 11052 11056 11060 11064 11068 11072 11076 11080 11084 11088 11092 11096 11100 11104 11108 11112 11116 11120 11124 11128 11132 11136 11140 11144 11148 11152 11156 11160 11164 11168 11172 11176 11180 11184 11188 11192 11196 11200 11204 11208 11212 11216 11220 11224 11228 11232 11236 11240 11244 11248 11252 11256 11260 11264 11268 11272 11276 11280 11284 11288 11292 11296 11300 11304 11308 11312 11316 11320 11324 11328 11332 11336 11340 11344 11348 11352 11356 11360 11364 11368 11372 11376 11380 11384 11388 11392 11396 11400 11404 11408 11412 11416 11420 11424 11428 11432 11436 11440 11444 11448 11452 11456 11460 11464 11468 11472 11476 11480 11484 11488 11492 11496 11500 11504 11508 11512 11516 11520 11524 11528 11532 11536 11540 11544 11548 11552 11556 11560 11564 11568 11572 11576 11580 11584 11588 11592 11596 11600 11604 11608 11612 11616 11620 11624 11628 11632 11636 11640 11644 11648 11652 11656 11660 11664 11668 11672 11676 11680 11684 11688 11692 11696 11700 11704 11708 11712 11716 11720 11724 11728 11732 11736 11740 11744 11748 11752 11756 11760 11764 11768 11772 11776 11780 11784 11788 11792 11796 11800 11804 11808 11812 11816 11820 11824 11828 11832 11836 11840 11844 11848 11852 11856 11860 11864 11868 11872 11876 11880 11884 11888 11892 11896 11900 11904 11908 11912 11916 11920 11924 11928 11932 11936 11940 11944 11948 11952 11956 11960 11964 11968 11972 11976 11980 11984 11988 11992 11996 12000 12004 12008 12012 12016 12020 12024 12028 12032 12036 12040 12044 12048 12052 12056 12060 12064 12068 12072 12076 12080 12084 12088 12092 12096 12100 12104 12108 12112 12116 12120 12124 12128 12132 12136 12140 12144 12148 12152 12156 12160 12164 12168 12172 12176 12180 12184 12188 12192 12196 12200 12204 12208 12212 12216 12220 12224 12228 12232 12236 12240 12244 12248 12252 12256 12260 12264 12268 12272 12276 12280 12284 12288 12292 12296 12300 12304 12308 12312 12316 12320 12324 12328 12332 12336 12340 12344 12348 12352 12356 12360 12364 12368 12372 12376 12380 12384 12388 12392 12396 12400 12404 12408 12412 12416 12420 12424 12428 12432 12436 12440 12444 12448 12452 12456 12460 12464 12468 12472 12476 12480 12484 12488 12492 12496 12500 12504 12508 12512 12516 12520 12524 12528 12532 12536 12540 12544 12548 12552 12556 12560 12564 12568 12572 12576 12580 12584 12588 12592 12596 12600 12604 12608 12612 12616 12620 12624 12628 12632 12636 12640 12644 12648 12652 12656 12660 12664 12668 12672 12676 12680 12684 12688 12692 12696 12700 12704 12708 12712 12716 12720 12724 12728 12732 12736 12740 12744 12748 12752 12756 12760 12764 12768 12772 12776 12780 12784 12788 12792 12796 12800 12804 12808 12812 12816 12820 12824 12828 12832 12836 12840 12844 12848 12852 12856 12860 12864 12868 12872 12876 12880 12884 12888 12892 12896 12900 12904 12908 12912 12916 12920 12924 12928 12932 12936 12940 12944 12948 12952 12956 12960 12964 12968 12972 12976 12980 12984 12988 12992 12996 13000 13004 13008 13012 13016 13020 13024 13028 13032 13036 13040 13044 13048 13052 13056 13060 13064 13068 13072 13076 13080 13084 13088 13092 13096 13100 13104 13108 13112 13116 13120 13124 13128 13132 13136 13140 13144 13148 13152 13156 13160 13164 13168 13172 13176 13180 13184 13188 13192 13196 13200 13204 13208 13212 13216 13220 13224 13228 13232 13236 13240 13244 13248 13252 13256 13260 13264 13268 13272 13276 13280 13284 13288 13292 13296 13300 13304 13308 13312 13316 13320 13324 13328 13332 13336 13340 13344 13348 13352 13356 13360 13364 13368 13372 13376 13380 13384 13388 13392 13396 13400 13404 13408 13412 13416 13420 13424 13428 13432 13436 13440 13444 13448 13452 13456 13460 13464 13468 13472 13476 13480 13484 13488 13492 13496 13500 13504 13508 13512 13516 13520 13524 13528 13532 13536 13540 13544 13548 13552 13556 13560 13564 13568 13572 13576 13580 13584 13588 13592 13596 13600 13604 13608 13612 13616 13620 13624 13628 13632 13636 13640 13644 13648 13652 13656 13660 13664 13668 13672 13676 13680 13684 13688 13692 13696 13700 13704 13708 13712 13716 13720 13724 13728 13732 13736 13740 13744 13748 13752 13756 13760 13764 13768 13772 13776 13780 13784 13788 13792 13796 13800 13804 13808 13812 13816 13820 13824 13828 13832 13836 13840 13844 13848 13852 13856 13860 13864 13868 13872 13876 13880 13884 13888 13892 13896 13900 13904 13908 13912 13916 13920 13924 13928 13932 13936 13940 13944 13948 13952 13956 13960 13964 13968 13972 13976 13980 13984 13988 13992 13996 14000 14004 14008 14012 14016 14020 14024 14028 14032 14036 14040 14044 14048 14052 14056 14060 14064 14068 14072 14076 14080 14084 14088 14092 14096 14100 14104 14108 14112 14116 14120 14124 14128 14132 14136 14140 14144 14148 14152 14156 14160 14164 14168 14172 14176 14180 14184 14188 14192 14196 14200 14204 14208 14212 14216 14220 14224 14228 14232 14236 14240 14244 14248 14252 14256 14260 14264 14268 14272 14276 14280 14284 14288 14292 14296 14300 14304 14308 14312 14316 14320 14324 14328 14332 14336 14340 14344 14348 14352 14356 14360 14364 14368 14372 14376 14380 14384 14388 14392 14396 14400 14404 14408 14412 14416 14420 14424 14428 14432 14436 14440 14444 14448 14452 14456 14460 14464 14468 14472 14476 14480 14484 14488 14492 14496 14500 14504 14508 14512 14516 14520 14524 14528 14532 14536 14540 14544 14548 14552 14556 14560 14564 14568 14572 14576 14580 14584 14588 14592 14596 14600 14604 14608 14612 14616 14620 14624 14628 14632 14636 14640 14644 14648 14652 14656 14660 14664 14668 14672 14676 14680 14684 14688 14692 14696 14700 14704 14708 14712 14716 14720 14724 14728 14732 14736 14740 14744 14748 14752 14756 14760 14764 14768 14772 14776 14780 14784 14788 14792 14796 14800 14804 14808 14812 14816 14820 14824 14828 14832 14836 14840 14844 14848 14852 14856 14860 14864 14868 14872 14876 14880 14884 14888 14892 14896 14900 14904 14908 14912 14916 14920 14924 14928 14932 14936 14940 14944 14948 14952 14956 14960 14964 14968 14972 14976 14980 14984 14988 14992 14996 15000 15004 15008 15012 15016 15020 15024 15028 15032 15036 15040 15044 15048 15052 15056 15060 15064 15068 15072 15076 15080 15084 15088 15092 15096 15100 15104 15108 15112 15116 15120 15124 15128 15132 15136 15140 15144 15148 15152 15156 15160 15164 15168 15172 15176 15180 15184 15188 15192 15196 15200 15204 15208 15212 15216 15220 15224 15228 15232 15236 15240 15244 15248 15252 15256 15260 15264 15268 15272 15276 15280 15284 15288 15292 15296 15300 15304 15308 15312 15316 15320 15324 15328 15332 15336 15340 15344 15348 15352 15356 15360 15364 15368 15372 15376 15380 15384 15388 15392 15396 15400 15404 15408 15412 15416 15420 15424 15428 15432 15436 15440 15444 15448 15452 15456 15460 15464 15468 15472 15476 15480 15484 15488 15492 15496 15500 15504 15508 15512 15516 15520 15524 15528 15532 15536 15540 15544 15548 15552 15556 15560 15564 15568 15572 15576 15580 15584 15588 15592 15596 15600 15604 15608 15612 15616 15620 15624 15628 15632 15636 15640 15644 15648 15652 15656 15660 15664 15668 15672 15676 15680 15684 15688 15692 15696 15700 15704 15708 15712 15716 15720 15724 15728 15732 15736 15740 15744 15748 15752 15756 15760 15764 15768 15772 15776 15780 15784 15788 15792 15796 15800 15804 15808 15812 15816 15820 15824 15828 15832 15836 15840 15844 15848 15852 15856 15860 15864 15868 15872 15876 15880 15884 15888 15892 15896 15900 15904 15908 15912 15916 15920 15924 15928 15932 15936 15940 15944 15948 15952 15956 15960 15964 15968 15972 15976 15980 15984 15988 15992 15996 16000 16004 16008 16012 16016 16020 16024 16028 16032 16036 16040 16044 16048 16052 16056 16060 16064 16068 16072 16076 16080 16084 16088 16092 16096 16100 16104 16108 16112 16116 16120 16124 16128 16132 16136 16140 16144 16148 16152 16156 16160 16164 16168 16172 16176 16180 16184 16188 16192 16196 16200 16204 16208 16212 16216 16220 16224 16228 16232 16236 16240 16244 16248 16252 16256 16260 16264 16268 16272 16276 16280 16284 16288 16292 16296 16300 16304 16308 16312 16316 16320 16324 16328 16332 16336 16340 16344 16348 16352 16356 16360 16364 16368 16372 16376 16380 16384 16388 16392 16396 16400 16404 16408 16412 16416 16420 16424 16428 16432 16436 16440 16444 16448 16452 16456 16460 16464 16468 16472 16476 16480 16484 16488 16492 16496 16500 16504 16508 16512 16516 16520 16524 16528 16532 16536 16540 16544 16548 16552 16556 16560 16564 16568 16572 16576 16580 16584 16588 16592 16596 16600 16604 16608 16612 16616 16620 16624 16628 16632 16636 16640 16644 16648 16652 16656 16660 16664 16668 16672 16676 16680 16684 16688 16692 16696 16700 16704 16708 16712 16716 16720 16724 16728 16732 16736 16740 16744 16748 16752 16756 16760 16764 16768 16772 16776 16780 16784 16788 16792 16796 16800 16804 16808 16812 16816 16820 16824 16828 16832 16836 16840 16844 16848 16852 16856 16860 16864 16868 16872 16876 16880 16884 16888 16892 16896 16900 16904 16908 16912 16916 16920 16924 16928 16932 16936 16940 16944 16948 16952 16956 16960 16964 16968 16972 16976 16980 16984 16988 16992 16996 17000 17004 17008 17012 17016 17020 17024 17028 17032 17036 17040 17044 17048 17052 17056 17060 17064 17068 17072 17076 17080 17084 17088 17092 17096 17100 17104 17108 17112 17116 17120 17124 17128 17132 17136 17140 17144 17148 17152 17156 17160 17164 17168 17172 17176 17180 17184 17188 17192 17196 17200 17204 17208 17212 17216 17220 17224 17228 17232 17236 17240 17244 17248 17252 17256 17260 17264 17268 17272 17276 17280 17284 17288 17292 17296 17300 17304 17308 17312 17316 17320 17324 17328 17332 17336 17340 17344 17348 17352 17356 17360 17364 17368 17372 17376 17380 17384 17388 17392 17396 17400 17404 17408 17412 17416 17420 17424 17428 17432 17436 17440 17444 17448 17452 17456 17460 17464 17468 17472 17476 17480 17484 17488 17492 17496 17500 17504 17508 17512 17516 17520 17524 17528 17532 17536 17540 17544 17548 17552 17556 17560 17564 17568 17572 17576 17580 17584 17588 17592 17596 17600 17604 17608 17612 17616 17620 17624 17628 17632 17636 17640 17644 17648 17652 17656 17660 17664 17668 17672 17676 17680 17684 17688 17692 17696 17700 17704 17708 17712 17716 17720 17724 17728 17732 17736 17740 17744 17748 17752 17756 17760 17764 17768 17772 17776 17780 17784 17788 17792 17796 17800 17804 17808 17812 17816 17820 17824 17828 17832 17836 17840 17844 17848 17852 17856 17860 17864 17868 17872 17876 17880 17884 17888 17892 17896 17900 17904 17908 17912 17916 17920 17924 17928 17932 17936 17940 17944 17948 17952 17956 17960 17964 17968 17972 17976 17980 17984 17988 17992 17996 18000 18004 18008 18012 18016 18020 18024 18028 18032 18036 18040 18044 18048 18052 18056 18060 18064 18068 18072 18076 18080 18084 18088 18092 18096 18100 18104 18108 18112 18116 18120 18124 18128 18132 18136 18140 18144 18148 18152 18156 18160 18164 18168 18172 18176 18180 18184 18188 18192 18196 18200 18204 18208 18212 18216 18220 18224 18228 18232 18236 18240 18244 18248 18252 18256 18260 18264 18268 18272 18276 18280 18284 18288 18292 18296 18300 18304 18308 18312 18316 18320 18324 18328 18332 18336 18340 18344 18348 18352 18356 18360 18364 18368 18372 18376 18380 18384 18388 18392 18396 18400 18404 18408 18412 18416 18420 18424 18428 18432 18436 18440 18444 18448 18452 18456 18460 18464 18468 18472 18476 18480 18484 18488 18492 18496 18500 18504 18508 18512 18516 18520 18524 18528 18532 18536 18540 18544 18548 18552 18556 18560 18564 18568 18572 18576 18580 18584 18588 18592 18596 18600 18604 18608 18612 18616 18620 18624 18628 18632 18636 18640 18644 18648 18652 18656 18660 18664 18668 18672 18676 18680 18684 18688 18692 18696 18700 18704 18708 18712 18716 18720 18724 18728 18732 18736 18740 18744 18748 18752 18756 18760 18764 18768 18772 18776 18780 18784 18788 18792 18796 18800 18804 18808 18812 18816 18820 18824 18828 18832 18836 18840 18844 18848 18852 18856 18860 18864 18868 18872 18876 18880 18884 18888 18892 18896 18900 18904 18908 18912 18916 18920 18924 18928 18932 18936 18940 18944 18948 18952 18956 18960 18964 18968 18972 18976 18980 18984 18988 18992 18996 19000 19004 19008 19012 19016 19020 19024 19028 19032 19036 19040 19044 19048 19052 19056 19060 19064 19068 19072 19076 19080 19084 19088 19092 19096 19100 19104 19108 19112 19116 19120 19124 19128 19132 19136 19140 19144 19148 19152 19156 19160 19164 19168 19172 19176 19180 19184 19188 19192 19196 19200 19204 19208 19212 19216 19220 19224 19228 19232 19236 19240 19244 19248 19252 19256 19260 19264 19268 19272 19276 19280 19284 19288 19292 19296 19300 19304 19308 19312 19316 19320 19324 19328 19332 19336 19340 19344 19348 19352 19356 19360 19364 19368 19372 19376 19380 19384 19388 19392 19396 19400 19404 19408 19412 19416 19420 19424 19428 19432 19436 19440 19444 19448 19452 19456 19460 19464 19468 19472 19476 19480 19484 19488 19492 19496 19500 19504 19508 19512 19516 19520 19524 19528 19532 19536 19540 19544 19548 19552 19556 19560 19564 19568 19572 19576 19580 19584 19588 19592 19596 19600 19604 19608 19612 19616 19620 19624 19628 19632 19636 19640 19644 19648 19652 19656 19660 19664 19668 19672 19676 19680 19684 19688 19692 19696 19700 19704 19708 19712 19716 19720 19724 19728 19732 19736 19740 19744 19748 19752 19756 19760 19764 19768 19772 19776 19780 19784 19788 19792 19796 19800 19804 19808 19812 19816 19820 19824 19828 19832 19836 19840 19844 19848 19852 19856 19860 19864 19868 19872 19876 19880 19884 19888 19892 19896 19900 19904 19908 19912 19916 19920 19924 19928 19932 19936 19940 19944 19948 19952 19956 19960 19964 19968 19972 19976 19980 19984 19988 19992 19996 20000 20004 20008 20012 20016 20020 20024 20028 20032 20036 20040 20044 20048 20052 20056 20060 20064 20068 20072 20076 20080 20084 20088 20092 20096 20100 20104 20108 20112 20116 20120 20124 20128 20132 20136 20140 20144 20148 20152 20156 20160 20164 20168 20172 20176 20180 20184 20188 20192 20196 20200 20204 20208 20212 20216 20220 20224 20228 20232 20236 20240 20244 20248 20252 20256 20260 20264 20268 20272 20276 20280 20284 20288 20292 20296 20300 20304 20308 20312 20316 20320 20324 20328 20332 20336 20340 20344 20348 20352 20356 20360 20364 20368 20372 20376 20380 20384 20388 20392 20396 20400 20404 20408 20412 20416 20420 20424 20428 20432 20436 20440 20444 20448 20452 20456 20460 20464 20468 20472 20476 20480 20484 20488 20492 20496 20500 20504 20508 20512 20516 20520 20524 20528 20532 20536 20540 20544 20548 20552 20556 20560 20564 20568 20572 20576 20580 20584 20588 20592 20596 20600 20604 20608 20612 20616 20620 20624 20628 20632 20636 20640 20644 20648 20652 20656 20660 20664 20668 20672 20676 20680 20684 20688 20692 20696 20700 20704 20708 20712 20716 20720 20724 20728 20732 20736 20740 20744 20748 20752 20756 20760 20764 20768 20772 20776 20780 20784 20788 20792 20796 20800 20804 20808 20812 20816 20820 20824 20828 20832 20836 20840 20844 20848 20852 20856 20860 20864 20868 20872 20876 20880 20884 20888 20892 20896 20900 20904 20908 20912 20916 20920 20924 20928 20932 20936 20940 20944 20948 20952 20956 20960 20964 20968 20972 20976 20980 20984 20988 20992 20996 21000 21004 21008 21012 21016 21020 21024 21028 21032 21036 21040 21044 21048 21052 21056 21060 21064 21068 21072 21076 21080 21084 21088 21092 21096 21100 21104 21108 21112 21116 21120 21124 21128 21132 21136 21140 21144 21148 21152 21156 21160 21164 21168 21172 21176 21180 21184 21188 21192 21196 21200 21204 21208 21212 21216 21220 21224 21228 21232 21236 21240 21244 21248 21252 21256 21260 21264 21268 21272 21276 21280 21284 21288 21292 21296 21300 21304 21308 21312 21316 21320 21324 21328 21332 21336 21340 21344 21348 21352 21356 21360 21364 21368 21372 21376 21380 21384 21388 21392 21396 21400 21404 21408 21412 21416 21420 21424 21428 21432 21436 21440 21444 21448 21452 21456 21460 21464 21468 21472 21476 21480 21484 21488 21492 21496 21500 21504 21508 21512 21516 21520 21524 21528 21532 21536 21540 21544 21548 21552 21556 21560 21564 21568 21572 21576 21580 21584 21588 21592 21596 21600 21604 21608 21612 21616 21620 21624 21628 21632 21636 21640 21644 21648 21652 21656 21660 21664 21668 21672 21676 21680 21684 21688 21692 21696 21700 21704 21708 21712 21716 21720 21724 21728 21732 21736 21740 21744 21748 21752 21756 21760 21764 21768 21772 21776 21780 21784 21788 21792 21796 21800 21804 21808 21812 21816 21820 21824 21828 21832 21836 21840 21844 21848 21852 21856 21860 21864 21868 21872 21876 21880 21884 21888 21892 21896 21900 21904 21908 21912 21916 21920 21924 21928 21932 21936 21940 21944 21948 21952 21956 21960 21964 21968 21972 21976 21980 21984 21988 21992 21996 22000 22004 22008 22012 22016 22020 22024 22028 22032 22036 22040 22044 22048 22052 22056 22060 22064 22068 22072 22076 22080 22084 22088 22092 22096 22100 22104 22108 22112 22116 22120 22124 22128 22132 22136 22140 22144 22148 22152 22156 22160 22164 22168 22172 22176 22180 22184 22188 22192 22196 22200 22204 22208 22212 22216 22220 22224 22228 22232 22236 22240 22244 22248 22252 22256 22260 22264 22268 22272 22276 22280 22284 22288 22292 22296 22300 22304 22308 22312 22316 22320 22324 22328 22332 22336 22340 22344 22348 22352 22356 22360 22364 22368 22372 22376 22380 22384 22388 22392 22396 22400 22404 22408 22412 22416 22420 22424 22428 22432 22436 22440 22444 22448 22452 22456 22460 22464 22468 22472 22476 22480 22484 22488 22492 22496 22500 22504 22508 22512 22516 22520 22524 22528 22532 22536 22540 22544 22548 22552 22556 22560 22564 22568 22572 22576 22580 22584 22588 22592 22596 22600 22604 22608 22612 22616 22620 22624 22628 22632 22636 22640 22644 22648 22652 22656 22660 22664 22668 22672 22676 22680 22684 22688 22692 22696 22700 22704 22708 22712 22716 22720 22724 22728 22732 22736 22740 22744 22748 22752 22756 22760 22764 22768 22772 22776 22780 22784 22788 22792 22796 22800 22804 22808 22812 22816 22820 22824 22828 22832 22836 22840 22844 22848 22852 22856 22860 22864 22868 22872 22876 22880 22884 22888 22892 22896 22900 22904 22908 22912 22916 22920 22924 22928 22932 22936 22940 22944 22948 22952 22956 22960 22964 22968 22972 22976 22980 22984 22988 22992 22996 23000 23004 23008 23012 23016 23020 23024 23028 23032 23036 23040 23044 23048 23052 23056 23060 23064 23068 23072 23076 23080 23084 23088 23092 23096 23100 23104 23108 23112 23116 23120 23124 23128 23132 23136 23140 23144 23148 23152 23156 23160 23164 23168 23172 23176 23180 23184 23188 23192 23196 23200 23204 23208 23212 23216 23220 23224 23228 23232 23236 23240 23244 23248 23252 23256 23260 23264 23268 23272 23276 23280 23284 23288 23292 23296 23300 23304 23308 23312 23316 23320 23324 23328 23332 23336 23340 23344 23348 23352 23356 23360 23364 23368 23372 23376 23380 23384 23388 23392 23396 23400 23404 23408 23412 23416 23420 23424 23428 23432 23436 23440 23444 23448 23452 23456 23460 23464 23468 23472 23476 23480 23484 23488 23492 23496 23500 23504 23508 23512 23516 23520 23524 23528 23532 23536 23540 23544 23548 23552 23556 23560 23564 23568 23572 23576 23580 23584 23588 23592 23596 23600 23604 23608 23612 23616 23620 23624 23628 23632 23636 23640 23644 23648 23652 23656 23660 23664 23668 23672 23676 23680 23684 23688 23692 23696 23700 23704 23708 23712 23716 23720 23724 23728 23732 23736 23740 23744 23748 23752 23756 23760 23764 23768 23772 23776 23780 23784 23788 23792 23796 23800 23804 23808 23812 23816 23820 23824 23828 23832 23836 23840 23844 23848 23852 23856 23860 23864 23868 23872 23876 23880 23884 23888 23892 23896 23900 23904 23908 23912 23916 23920 23924 23928 23932 23936 23940 23944 23948 23952 23956 23960 23964 23968 23972 23976 23980 23984 23988 23992 23996 24000 24004 24008 24012 24016 24020 24024 24028 24032 24036 24040 24044 24048 24052 24056 24060 24064 24068 24072 24076 24080 24084 24088 24092 24096 24100 24104 24108 24112 24116 24120 24124 24128 24132 24136 24140 24144 24148 24152 24156 24160 24164 24168 24172 24176 24180 24184 24188 24192 24196 24200 24204 24208 24212 24216 24220 24224 24228 24232 24236 24240 24244 24248 24252 24256 24260 24264 24268 24272 24276 24280 24284 24288 24292 24296 24300 24304 24308 24312 24316 24320 24324 24328 24332 24336 24340 24344 24348 24352 24356 24360 24364 24368 24372 24376 24380 24384 24388 24392 24396 24400 24404 24408 24412 24416 24420 24424 24428 24432 24436 24440 24444 24448 24452 24456 24460 24464 24468 24472 24476 24480 24484 24488 24492 24496 24500 24504 24508 24512 24516 24520 24524 24528 24532 24536 24540 24544 24548 24552 24556 24560 24564 24568 24572 24576 24580 24584 24588 24592 24596 24600 24604 24608 24612 24616 24620 24624 24628 24632 24636 24640 24644 24648 24652 24656 24660 24664 24668 24672 24676 24680 24684 24688 24692 24696 24700 24704 24708 24712 24716 24720 24724 24728 24732 24736 24740 24744 24748 24752 24756 24760 24764 24768 24772 24776 24780 24784 24788 24792 24796 24800 24804 24808 24812 24816 24820 24824 24828 24832 24836 24840 24844 24848 24852 24856 24860 24864 24868 24872 24876 24880 24884 24888 24892 24896 24900 24904 24908 24912 24916 24920 24924 24928 24932 24936 24940 24944 24948 24952 24956 24960 24964 24968 24972 24976 24980 24984 24988 24992 24996 25000 25004 25008 25012 25016 25020 25024 25028 25032 25036 25040 25044 25048 25052 25056 25060 25064 25068 25072 25076 25080 25084 25088 25092 25096 25100 25104 25108 25112 25116 25120 25124 25128 25132 25136 25140 25144 25148 25152 25156 25160 25164 25168 25172 25176 25180 25184 25188 25192 25196 25200 25204 25208 25212 25216 25220 25224 25228 25232 25236 25240 25244 25248 25252 25256 25260 25264 25268 25272 25276 25280 25284 25288 25292 25296 25300 25304 25308 25312 25316 25320 25324 25328 25332 25336 25340 25344 25348 25352 25356 25360 25364 25368 25372 25376 25380 25384 25388 25392 25396 25400 25404 25408 25412 25416 25420 25424 25428 25432 25436 25440 25444 25448 25452 25456 25460 25464 25468 25472 25476 25480 25484 25488 25492 25496 25500 25504 25508 25512 25516 25520 25524 25528 25532 25536 25540 25544 25548 25552 25556 25560 25564 25568 25572 25576 25580 25584 25588 25592 25596 25600 25604 25608 25612 25616 25620 25624 25628 25632 25636 25640 25644 25648 25652 25656 25660 25664 25668 25672 25676 25680 25684 25688 25692 25696 25700 25704 25708 25712 25716 25720 25724 25728 25732 25736 25740 25744 25748 25752 25756 25760 25764 25768 25772 25776 25780 25784 25788 25792 25796 25800 25804 25808 25812 25816 25820 25824 25828 25832 25836 25840 25844 25848 25852 25856 25860 25864 25868 25872 25876 25880 25884 25888 25892 25896 25900 25904 25908 25912 25916 25920 25924 25928 25932 25936 25940 25944 25948 25952 25956 25960 25964 25968 25972 25976 25980 25984 25988 25992 25996 26000 26004 26008 26012 26016 26020 26024 26028 26032 26036 26040 26044 26048 26052 26056 26060 26064 26068 26072 26076 26080 26084 26088 26092 26096 26100 26104 26108 26112 26116 26120 26124 26128 26132 26136 26140 26144 26148 26152 26156 26160 26164 26168 26172 26176 26180 26184 26188 26192 26196 26200 26204 26208 26212 26216 26220 26224 26228 26232 26236 26240 26244 26248 26252 26256 26260 26264 26268 26272 26276 26280 26284 26288 26292 26296 26300 26304 26308 26312 26316 26320 26324 26328 26332 26336 26340 26344 26348 26352 26356 26360 26364 26368 26372 26376 26380 26384 26388 26392 26396 26400 26404 26408 26412 26416 26420 26424 26428 26432 26436 26440 26444 26448 26452 26456 26460 26464 26468 26472 26476 26480 26484 26488 26492 26496 26500 26504 26508 26512 26516 26520 26524 26528 26532 26536 26540 26544 26548 26552 26556 26560 26564 26568 26572 26576 26580 26584 26588 26592 26596 26600 26604 26608 26612 26616 26620 26624 26628 26632 26636 26640 26644 26648 26652 26656 26660 26664 26668 26672 26676 26680 26684 26688 26692 26696 26700 26704 26708 26712 26716 26720 26724 26728 26732 26736 26740 26744 26748 26752 26756 26760 26764 26768 26772 26776 26780 26784 26788 26792 26796 26800 26804 26808 26812 26816 26820 26824 26828 26832 26836 26840 26844 26848 26852 26856 26860 26864 26868 26872 26876 26880 26884 26888 26892 26896 26900 26904 26908 26912 26916 26920 26924 26928 26932 26936 26940 26944 26948 26952 26956 26960 26964 26968 26972 26976 26980 26984 26988 26992 26996 27000 27004 27008 27012 27016 27020 27024 27028 27032 27036 27040 27044 27048 27052 27056 27060 27064 27068 27072 27076 27080 27084 27088 27092 27096 27100 27104 27108 27112 27116 27120 27124 27128 27132 27136 27140 27144 27148 27152 27156 27160 27164 27168 27172 27176 27180 27184 27188 27192 27196 27200 27204 27208 27212 27216 27220 27224 27228 27232 27236 27240 27244 27248 27252 27256 27260 27264 27268 27272 27276 27280 27284 27288 27292 27296 27300 27304 27308 27312 27316 27320 27324 27328 27332 27336 27340 27344 27348 27352 27356 27360 27364 27368 27372 27376 27380 27384 27388 27392 27396 27400 27404 27408 27412 27416 27420 27424 27428 27432 27436 27440 27444 27448 27452 27456 27460 27464 27468 27472 27476 27480 27484 27488 27492 27496 27500 27504 27508 27512 27516 27520 27524 27528 27532 27536 27540 27544 27548 27552 27556 27560 27564 27568 27572 27576 27580 27584 27588 27592 27596 27600 27604 27608 27612 27616 27620 27624 27628 27632 27636 27640 27644 27648 27652 27656 27660 27664 27668 27672 27676 27680 27684 27688 27692 27696 27700 27704 27708 27712 27716 27720 27724 27728 27732 27736 27740 27744 27748 27752 27756 27760 27764 27768 27772 27776 27780 27784 27788 27792 27796 27800 27804 27808 27812 27816 27820 27824 27828 27832 27836 27840 27844 27848 27852 27856 27860 27864 27868 27872 27876 27880 27884 27888 27892 27896 27900 27904 27908 27912 27916 27920 27924 27928 27932 27936 27940 27944 27948 27952 27956 27960 27964 27968 27972 27976 27980 27984 27988 27992 27996 28000 28004 28008 28012 28016 28020 28024 28028 28032 28036 28040 28044 28048 28052 28056 28060 28064 28068 28072 28076 28080 28084 28088 28092 28096 28100 28104 28108 28112 28116 28120 28124 28128 28132 28136 28140 28144 28148 28152 28156 28160 28164 28168 28172 28176 28180 28184 28188 28192 28196 28200 28204 28208 28212 28216 28220 28224 28228 28232 28236 28240 28244 28248 28252 28256 28260 28264 28268 28272 28276 28280 28284 28288 28292 28296 28300 28304 28308 28312 28316 28320 28324 28328 28332 28336 28340 28344 28348 28352 28356 28360 28364 28368 28372 28376 28380 28384 28388 28392 28396 28400 28404 28408 28412 28416 28420 28424 28428 28432 28436 28440 28444 28448 28452 28456 28460 28464 28468 28472 28476 28480 28484 28488 28492 28496 28500 28504 28508 28512 28516 28520 28524 28528 28532 28536 28540 28544 28548 28552 28556 28560 28564 28568 28572 28576 28580 28584 28588 28592 28596 28600 28604 28608 28612 28616 28620 28624 28628 28632 28636 28640 28644 28648 28652 28656 28660 28664 28668 28672 28676 28680 28684 28688 28692 28696 28700 28704 28708 28712 28716 28720 28724 28728 28732 28736 28740 28744 28748 28752 28756 28760 28764 28768 28772 28776 28780 28784 28788 28792 28796 28800 28804 28808 28812 28816 28820 28824 28828 28832 28836 28840 28844 28848 28852 28856 28860 28864 28868 28872 28876 28880 28884 28888 28892 28896 28900 28904 28908 28912 28916 28920 28924 28928 28932 28936 28940 28944 28948 28952 28956 28960 28964 28968 28972 28976 28980 28984 28988 28992 28996 29000 29004 29008 29012 29016 29020 29024 29028 29032 29036 29040 29044 29048 29052 29056 29060 29064 29068 29072 29076 29080 29084 29088 29092 29096 29100 29104 29108 29112 29116 29120 29124 29128 29132 29136 29140 29144 29148 29152 29156 29160 29164 29168 29172 29176 29180 29184 29188 29192 29196 29200 29204 29208 29212 29216 29220 29224 29228 29232 29236 29240 29244 29248 29252 29256 29260 29264 29268 29272 29276 29280 29284 29288 29292 29296 29300 29304 29308 29312 29316 29320 29324 29328 29332 29336 29340 29344 29348 29352 29356 29360 29364 29368 29372 29376 29380 29384 29388 29392 29396 29400 29404 29408 29412 29416 29420 29424 29428 29432 29436 29440 </DataArray>
        <DataArray type="Int8" Name="types" format="ascii">70 70 70 70 70 70 70 70 70 70 70 70 70 70 70 70 70 70 70 70 70 70 70 70 70 70 70 70 70 70 70 70 70 70 70 70 70 70 70 70 70 70 70 70 70 70 70 70 70 70 70 70 70 70 70 70 70 70 70 70 70 70 70 70 70 70 70 70 70 70 70 70 70 70 70 70 70 70 70 70 70 70 70 70 70 70 70 70 70 70 70 70 70 70 70 70 70 70 70 70 70 70 70 70 70 70 70 70 70 70 70 70 70 70 70 70 70 70 70 70 70 70 70 70 70 70 70 70 70 70 70 70 70 70 70 70 70 70 70 70 70 70 70 70 70 70 70 70 70 70 70 70 70 70 70 70 70 70 70 70 70 70 70 70 70 70 70 70 70 70 70 70 70 70 70 70 70 70 70 70 70 70 70 70 70 70 70 70 70 70 70 70 70 70 70 70 70 70 70 70 70 70 70 70 70 70 70 70 70 70 70 70 70 70 70 70 70 70 70 70 70 70 70 70 70 70 70 70 70 70 70 70 70 70 70 70 70 70 70 70 70 70 70 70 70 70 70 70 70 70 70 70 70 70 70 70 70 70 70 70 70 70 70 70 70 70 70 70 70 70 70 70 70 70 70 70 70 70 70 70 70 70 70 70 70 70 70 70 70 70 70 70 70 70 70 70 70 70 70 70 70 70 70 70 70 70 70 70 70 70 70 70 70 70 70 70 70 70 70 70 70 70 70 70 70 70 70 70 70 70 70 70 70 70 70 70 70 70 70 70 70 70 70 70 70 70 70 70 70 70 70 70 70 70 70 70 70 70 70 70 70 70 70 70 70 70 70 70 70 70 70 70 70 70 70 70 70 70 70 70 70 70 70 70 70 70 70 70 70 70 70 70 70 70 70 70 70 70 70 70 70 70 70 70 70 70 70 70 70 70 70 70 70 70 70 70 70 70 70 70 70 70 70 70 70 70 70 70 70 70 70 70 70 70 70 70 70 70 70 70 70 70 70 70 70 70 70 70 70 70 70 70 70 70 70 70 70 70 70 70 70 70 70 70 70 70 70 70 70 70 70 70 70 70 70 70 70 70 70 70 70 70 70 70 70 70 70 70 70 70 70 70 70 70 70 70 70 70 70 70 70 70 70 70 70 70 70 70 70 70 70 70 70 70 70 70 70 70 70 70 70 70 70 70 70 70 70 70 70 70 70 70 70 70 70 70 70 70 70 70 70 70 70 70 70 70 70 70 70 70 70 70 70 70 70 70 70 70 70 70 70 70 70 70 70 70 70 70 70 70 70 70 70 70 70 70 70 70 70 70 70 70 70 70 70 70 70 70 70 70 70 70 70 70 70 70 70 70 70 70 70 70 70 70 70 70 70 70 70 70 70 70 70 70 70 70 70 70 70 70 70 70 70 70 70 70 70 70 70 70 70 70 70 70 70 70 70 70 70 70 70 70 70 70 70 70 70 70 70 70 70 70 70 70 70 70 70 70 70 70 70 70 70 70 70 70 70 70 70 70 70 70 70 70 70 70 70 70 70 70 70 70 70 70 70 70 70 70 70 70 70 70 70 70 70 70 70 70 70 70 70 70 70 70 70 70 70 70 70 70 70 70 70 70 70 70 70 70 70 70 70 70 70 70 70 70 70 70 70 70 70 70 70 70 70 70 70 70 70 70 70 70 70 70 70 70 70 70 70 70 70 70 70 70 70 70 70 70 70 70 70 70 70 70 70 70 70 70 70 70 70 70 70 70 70 70 70 70 70 70 70 70 70 70 70 70 70 70 70 70 70 70 70 70 70 70 70 70 70 70 70 70 70 70 70 70 70 70 70 70 70 70 70 70 70 70 70 70 70 70 70 70 70 70 70 70 70 70 70 70 70 70 70 70 70 70 70 70 70 70 70 70 70 70 70 70 70 70 70 70 70 70 70 70 70 70 70 70 70 70 70 70 70 70 70 70 70 70 70 70 70 70 70 70 70 70 70 70 70 70 70 70 70 70 70 70 70 70 70 70 70 70 70 70 70 70 70 70 70 70 70 70 70 70 70 70 70 70 70 70 70 70 70 70 70 70 70 70 70 70 70 70 70 70 70 70 70 70 70 70 70 70 70 70 70 70 70 70 70 70 70 70 70 70 70 70 70 70 70 70 70 70 70 70 70 70 70 70 70 70 70 70 70 70 70 70 70 70 70 70 70 70 70 70 70 70 70 70 70 70 70 70 70 70 70 70 70 70 70 70 70 70 70 70 70 70 70 70 70 70 70 70 70 70 70 70 70 70 70 70 70 70 70 70 70 70 70 70 70 70 70 70 70 70 70 70 70 70 70 70 70 70 70 70 70 70 70 70 70 70 70 70 70 70 70 70 70 70 70 70 70 70 70 70 70 70 70 70 70 70 70 70 70 70 70 70 70 70 70 70 70 70 70 70 70 70 70 70 70 70 70 70 70 70 70 70 70 70 70 70 70 70 70 70 70 70 70 70 70 70 70 70 70 70 70 70 70 70 70 70 70 70 70 70 70 70 70 70 70 70 70 70 70 70 70 70 70 70 70 70 70 70 70 70 70 70 70 70 70 70 70 70 70 70 70 70 70 70 70 70 70 70 70 70 70 70 70 70 70 70 70 70 70 70 70 70 70 70 70 70 70 70 70 70 70 70 70 70 70 70 70 70 70 70 70 70 70 70 70 70 70 70 70 70 70 70 70 70 70 70 70 70 70 70 70 70 70 70 70 70 70 70 70 70 70 70 70 70 70 70 70 70 70 70 70 70 70 70 70 70 70 70 70 70 70 70 70 70 70 70 70 70 70 70 70 70 70 70 70 70 70 70 70 70 70 70 70 70 70 70 70 70 70 70 70 70 70 70 70 70 70 70 70 70 70 70 70 70 70 70 70 70 70 70 70 70 70 70 70 70 70 70 70 70 70 70 70 70 70 70 70 70 70 70 70 70 70 70 70 70 70 70 70 70 70 70 70 70 70 70 70 70 70 70 70 70 70 70 70 70 70 70 70 70 70 70 70 70 70 70 70 70 70 70 70 70 70 70 70 70 70 70 70 70 70 70 70 70 70 70 70 70 70 70 70 70 70 70 70 70 70 70 70 70 70 70 70 70 70 70 70 70 70 70 70 70 70 70 70 70 70 70 70 70 70 70 70 70 70 70 70 70 70 70 70 70 70 70 70 70 70 70 70 70 70 70 70 70 70 70 70 70 70 70 70 70 70 70 70 70 70 70 70 70 70 70 70 70 70 70 70 70 70 70 70 70 70 70 70 70 70 70 70 70 70 70 70 70 70 70 70 70 70 70 70 70 70 70 70 70 70 70 70 70 70 70 70 70 70 70 70 70 70 70 70 70 70 70 70 70 70 70 70 70 70 70 70 70 70 70 70 70 70 70 70 70 70 70 70 70 70 70 70 70 70 70 70 70 70 70 70 70 70 70 70 70 70 70 70 70 70 70 70 70 70 70 70 70 70 70 70 70 70 70 70 70 70 70 70 70 70 70 70 70 70 70 70 70 70 70 70 70 70 70 70 70 70 70 70 70 70 70 70 70 70 70 70 70 70 70 70 70 70 70 70 70 70 70 70 70 70 70 70 70 70 70 70 70 70 70 70 70 70 70 70 70 70 70 70 70 70 70 70 70 70 70 70 70 70 70 70 70 70 70 70 70 70 70 70 70 70 70 70 70 70 70 70 70 70 70 70 70 70 70 70 70 70 70 70 70 70 70 70 70 70 70 70 70 70 70 70 70 70 70 70 70 70 70 70 70 70 70 70 70 70 70 70 70 70 70 70 70 70 70 70 70 70 70 70 70 70 70 70 70 70 70 70 70 70 70 70 70 70 70 70 70 70 70 70 70 70 70 70 70 70 70 70 70 70 70 70 70 70 70 70 70 70 70 70 70 70 70 70 70 70 70 70 70 70 70 70 70 70 70 70 70 70 70 70 70 70 70 70 70 70 70 70 70 70 70 70 70 70 70 70 70 70 70 70 70 70 70 70 70 70 70 70 70 70 70 70 70 70 70 70 70 70 70 70 70 70 70 70 70 70 70 70 70 70 70 70 70 70 70 70 70 70 70 70 70 70 70 70 70 70 70 70 70 70 70 70 70 70 70 70 70 70 70 70 70 70 70 70 70 70 70 70 70 70 70 70 70 70 70 70 70 70 70 70 70 70 70 70 70 70 70 70 70 70 70 70 70 70 70 70 70 70 70 70 70 70 70 70 70 70 70 70 70 70 70 70 70 70 70 70 70 70 70 70 70 70 70 70 70 70 70 70 70 70 70 70 70 70 70 70 70 70 70 70 70 70 70 70 70 70 70 70 70 70 70 70 70 70 70 70 70 70 70 70 70 70 70 70 70 70 70 70 70 70 70 70 70 70 70 70 70 70 70 70 70 70 70 70 70 70 70 70 70 70 70 70 70 70 70 70 70 70 70 70 70 70 70 70 70 70 70 70 70 70 70 70 70 70 70 70 70 70 70 70 70 70 70 70 70 70 70 70 70 70 70 70 70 70 70 70 70 70 70 70 70 70 70 70 70 70 70 70 70 70 70 70 70 70 70 70 70 70 70 70 70 70 70 70 70 70 70 70 70 70 70 70 70 70 70 70 70 70 70 70 70 70 70 70 70 70 70 70 70 70 70 70 70 70 70 70 70 70 70 70 70 70 70 70 70 70 70 70 70 70 70 70 70 70 70 70 70 70 70 70 70 70 70 70 70 70 70 70 70 70 70 70 70 70 70 70 70 70 70 70 70 70 70 70 70 70 70 70 70 70 70 70 70 70 70 70 70 70 70 70 70 70 70 70 70 70 70 70 70 70 70 70 70 70 70 70 70 70 70 70 70 70 70 70 70 70 70 70 70 70 70 70 70 70 70 70 70 70 70 70 70 70 70 70 70 70 70 70 70 70 70 70 70 70 70 70 70 70 70 70 70 70 70 70 70 70 70 70 70 70 70 70 70 70 70 70 70 70 70 70 70 70 70 70 70 70 70 70 70 70 70 70 70 70 70 70 70 70 70 70 70 70 70 70 70 70 70 70 70 70 70 70 70 70 70 70 70 70 70 70 70 70 70 70 70 70 70 70 70 70 70 70 70 70 70 70 70 70 70 70 70 70 70 70 70 70 70 70 70 70 70 70 70 70 70 70 70 70 70 70 70 70 70 70 70 70 70 70 70 70 70 70 70 70 70 70 70 70 70 70 70 70 70 70 70 70 70 70 70 70 70 70 70 70 70 70 70 70 70 70 70 70 70 70 70 70 70 70 70 70 70 70 70 70 70 70 70 70 70 70 70 70 70 70 70 70 70 70 70 70 70 70 70 70 70 70 70 70 70 70 70 70 70 70 70 70 70 70 70 70 70 70 70 70 70 70 70 70 70 70 70 70 70 70 70 70 70 70 70 70 70 70 70 70 70 70 70 70 70 70 70 70 70 70 70 70 70 70 70 70 70 70 70 70 70 70 70 70 70 70 70 70 70 70 70 70 70 70 70 70 70 70 70 70 70 70 70 70 70 70 70 70 70 70 70 70 70 70 70 70 70 70 70 70 70 70 70 70 70 70 70 70 70 70 70 70 70 70 70 70 70 70 70 70 70 70 70 70 70 70 70 70 70 70 70 70 70 70 70 70 70 70 70 70 70 70 70 70 70 70 70 70 70 70 70 70 70 70 70 70 70 70 70 70 70 70 70 70 70 70 70 70 70 70 70 70 70 70 70 70 70 70 70 70 70 70 70 70 70 70 70 70 70 70 70 70 70 70 70 70 70 70 70 70 70 70 70 70 70 70 70 70 70 70 70 70 70 70 70 70 70 70 70 70 70 70 70 70 70 70 70 70 70 70 70 70 70 70 70 70 70 70 70 70 70 70 70 70 70 70 70 70 70 70 70 70 70 70 70 70 70 70 70 70 70 70 70 70 70 70 70 70 70 70 70 70 70 70 70 70 70 70 70 70 70 70 70 70 70 70 70 70 70 70 70 70 70 70 70 70 70 70 70 70 70 70 70 70 70 70 70 70 70 70 70 70 70 70 70 70 70 70 70 70 70 70 70 70 70 70 70 70 70 70 70 70 70 70 70 70 70 70 70 70 70 70 70 70 70 70 70 70 70 70 70 70 70 70 70 70 70 70 70 70 70 70 70 70 70 70 70 70 70 70 70 70 70 70 70 70 70 70 70 70 70 70 70 70 70 70 70 70 70 70 70 70 70 70 70 70 70 70 70 70 70 70 70 70 70 70 70 70 70 70 70 70 70 70 70 70 70 70 70 70 70 70 70 70 70 70 70 70 70 70 70 70 70 70 70 70 70 70 70 70 70 70 70 70 70 70 70 70 70 70 70 70 70 70 70 70 70 70 70 70 70 70 70 70 70 70 70 70 70 70 70 70 70 70 70 70 70 70 70 70 70 70 70 70 70 70 70 70 70 70 70 70 70 70 70 70 70 70 70 70 70 70 70 70 70 70 70 70 70 70 70 70 70 70 70 70 70 70 70 70 70 70 70 70 70 70 70 70 70 70 70 70 70 70 70 70 70 70 70 70 70 70 70 70 70 70 70 70 70 70 70 70 70 70 70 70 70 70 70 70 70 70 70 70 70 70 70 70 70 70 70 70 70 70 70 70 70 70 70 70 70 70 70 70 70 70 70 70 70 70 70 70 70 70 70 70 70 70 70 70 70 70 70 70 70 70 70 70 70 70 70 70 70 70 70 70 70 70 70 70 70 70 70 70 70 70 70 70 70 70 70 70 70 70 70 70 70 70 70 70 70 70 70 70 70 70 70 70 70 70 70 70 70 70 70 70 70 70 70 70 70 70 70 70 70 70 70 70 70 70 70 70 70 70 70 70 70 70 70 70 70 70 70 70 70 70 70 70 70 70 70 70 70 70 70 70 70 70 70 70 70 70 70 70 70 70 70 70 70 70 70 70 70 70 70 70 70 70 70 70 70 70 70 70 70 70 70 70 70 70 70 70 70 70 70 70 70 70 70 70 70 70 70 70 70 70 70 70 70 70 70 70 70 70 70 70 70 70 70 70 70 70 70 70 70 70 70 70 70 70 70 70 70 70 70 70 70 70 70 70 70 70 70 70 70 70 70 70 70 70 70 70 70 70 70 70 70 70 70 70 70 70 70 70 70 70 70 70 70 70 70 70 70 70 70 70 70 70 70 70 70 70 70 70 70 70 70 70 70 70 70 70 70 70 70 70 70 70 70 70 70 70 70 70 70 70 70 70 70 70 70 70 70 70 70 70 70 70 70 70 70 70 70 70 70 70 70 70 70 70 70 70 70 70 70 70 70 70 70 70 70 70 70 70 70 70 70 70 70 70 70 70 70 70 70 70 70 70 70 70 70 70 70 70 70 70 70 70 70 70 70 70 70 70 70 70 70 70 70 70 70 70 70 70 70 70 70 70 70 70 70 70 70 70 70 70 70 70 70 70 70 70 70 70 70 70 70 70 70 70 70 70 70 70 70 70 70 70 70 70 70 70 70 70 70 70 70 70 70 70 70 70 70 70 70 70 70 70 70 70 70 70 70 70 70 70 70 70 70 70 70 70 70 70 70 70 70 70 70 70 70 70 70 70 70 70 70 70 70 70 70 70 70 70 70 70 70 70 70 70 70 70 70 70 70 70 70 70 70 70 70 70 70 70 70 70 70 70 70 70 70 70 70 70 70 70 70 70 70 70 70 70 70 70 70 70 70 70 70 70 70 70 70 70 70 70 70 70 70 70 70 70 70 70 70 70 70 70 70 70 70 70 70 70 70 70 70 70 70 70 70 70 70 70 70 70 70 70 70 70 70 70 70 70 70 70 70 70 70 70 70 70 70 70 70 70 70 70 70 70 70 70 70 70 70 70 70 70 70 70 70 70 70 70 70 70 70 70 70 70 70 70 70 70 70 70 70 70 70 70 70 70 70 70 70 70 70 70 70 70 70 70 70 70 70 70 70 70 70 70 70 70 70 70 70 70 70 70 70 70 70 70 70 70 70 70 70 70 70 70 70 70 70 70 70 70 70 70 70 70 70 70 70 70 70 70 70 70 70 70 70 70 70 70 70 70 70 70 70 70 70 70 70 70 70 70 70 70 70 70 70 70 70 70 70 70 70 70 70 70 70 70 70 70 70 70 70 70 70 70 70 70 70 70 70 70 70 70 70 70 70 70 70 70 70 70 70 70 70 70 70 70 70 70 70 70 70 70 70 70 70 70 70 70 70 70 70 70 70 70 70 70 70 70 70 70 70 70 70 70 70 70 70 70 70 70 70 70 70 70 70 70 70 70 70 70 70 70 70 70 70 70 70 70 70 70 70 70 70 70 70 70 70 70 70 70 70 70 70 70 70 70 70 70 70 70 70 70 70 70 70 70 70 70 70 70 70 70 70 70 70 70 70 70 70 70 70 70 70 70 70 70 70 70 70 70 70 70 70 70 70 70 70 70 70 70 70 70 70 70 70 70 70 70 70 70 70 70 70 70 70 70 70 70 70 70 70 70 70 70 70 70 70 70 70 70 70 70 70 70 70 70 70 70 70 70 70 70 70 70 70 70 70 70 70 70 70 70 70 70 70 70 70 70 70 70 70 70 70 70 70 70 70 70 70 70 70 70 70 70 70 70 70 70 70 70 70 70 70 70 70 70 70 70 70 70 70 70 70 70 70 70 70 70 70 70 70 70 70 70 70 70 70 70 70 70 70 70 70 70 70 70 70 70 70 70 70 70 70 70 70 70 70 70 70 70 70 70 70 70 70 70 70 70 70 70 70 70 70 70 70 70 70 70 70 70 70 70 70 70 70 70 70 70 70 70 70 70 70 70 70 70 70 70 70 70 70 70 70 70 70 70 70 70 70 70 70 70 70 70 70 70 70 70 70 70 70 70 70 70 70 70 70 70 70 70 70 70 70 70 70 70 70 70 70 70 70 70 70 70 70 70 70 70 70 70 70 70 70 70 70 70 70 70 70 70 70 70 70 70 70 70 70 70 70 70 70 70 70 70 70 70 70 70 70 70 70 70 70 70 70 70 70 70 70 70 70 70 70 70 70 70 70 70 70 70 70 70 70 70 70 70 70 70 70 70 70 70 70 70 70 70 70 70 70 70 70 70 70 70 70 70 70 70 70 70 70 70 70 70 70 70 70 70 70 70 70 70 70 70 70 70 70 70 70 70 70 70 70 70 70 70 70 70 70 70 70 70 70 70 70 70 70 70 70 70 70 70 70 70 70 70 70 70 70 70 70 70 70 70 70 70 70 70 70 70 70 70 70 70 70 70 70 70 70 70 70 70 70 70 70 70 70 70 70 70 70 70 70 70 70 70 70 70 70 70 70 70 70 70 70 70 70 70 70 70 70 70 70 70 70 70 70 70 70 70 70 70 70 70 70 70 70 70 70 70 70 70 70 70 70 70 70 70 70 70 70 70 70 70 70 70 70 70 70 70 70 70 70 70 70 70 70 70 70 70 70 70 70 70 70 70 70 70 70 70 70 70 70 70 70 70 70 70 70 70 70 70 70 70 70 70 70 70 70 70 70 70 70 70 70 70 70 70 70 70 70 70 70 70 70 70 70 70 70 70 70 70 70 70 70 70 70 70 70 70 70 70 70 70 70 70 70 70 70 70 70 70 70 70 70 70 70 70 70 70 70 70 70 70 70 70 70 70 70 70 70 70 70 70 70 70 70 70 70 70 70 70 70 70 70 70 70 70 70 70 70 70 70 70 70 70 70 70 70 70 70 70 70 70 70 70 70 70 70 70 70 70 70 70 70 70 70 70 70 70 70 70 70 70 70 70 70 70 70 70 70 70 70 70 70 70 70 70 70 70 70 70 70 70 70 70 70 70 70 70 70 70 70 70 70 70 70 70 70 70 70 70 70 70 70 70 70 70 70 70 70 70 70 70 70 70 70 70 70 70 70 70 70 70 70 70 70 70 70 70 70 70 70 70 70 70 70 70 70 70 70 70 70 70 70 70 70 70 70 70 70 70 70 70 70 70 70 70 70 70 70 70 70 70 70 70 70 70 70 70 70 70 70 70 70 70 70 70 70 70 70 70 70 70 70 70 70 70 70 70 70 70 70 70 70 70 70 70 70 70 70 70 70 70 70 70 70 70 70 70 70 70 70 70 70 70 70 70 70 70 70 70 70 70 70 70 70 70 70 70 70 70 70 70 70 70 70 70 70 70 70 70 70 70 70 70 70 70 70 70 70 70 70 70 70 70 70 70 70 70 70 70 70 70 70 70 70 70 70 70 70 70 70 70 70 70 70 70 70 70 70 70 70 70 70 70 70 70 70 70 70 70 70 70 70 70 70 70 70 70 70 70 70 70 70 70 70 70 70 70 70 70 70 70 70 70 70 70 70 70 70 70 70 70 70 70 70 70 70 70 70 70 70 70 70 70 70 70 70 70 70 70 70 70 70 70 70 70 70 70 70 70 70 70 70 70 70 70 70 70 70 70 70 70 70 70 70 70 70 70 70 70 70 70 70 70 70 70 70 70 70 70 70 70 70 70 70 70 70 70 70 70 70 70 70 70 70 70 70 70 70 70 70 70 70 70 70 70 70 70 70 70 70 70 70 70 70 70 70 70 70 70 70 70 70 70 70 70 70 70 70 70 70 70 70 70 70 70 70 70 70 70 70 70 70 70 70 70 70 70 70 70 70 70 70 70 70 70 70 70 70 70 70 70 70 70 70 70 70 70 70 70 70 70 70 70 70 70 70 70 70 70 70 70 70 70 70 70 70 70 70 70 70 70 70 70 70 70 70 70 70 70 70 70 70 70 70 70 70 70 70 70 70 70 70 70 70 70 70 70 70 70 70 70 70 70 70 70 70 70 70 70 70 70 70 70 70 70 70 70 70 70 70 70 70 70 70 70 70 70 70 70 70 70 70 70 70 70 70 70 70 70 70 70 70 70 70 70 70 70 70 70 70 70 70 70 70 70 70 70 70 70 70 70 70 70 70 70 70 70 70 70 70 70 70 70 70 70 70 70 70 70 70 70 70 70 70 70 70 70 70 70 70 70 70 70 70 70 70 70 70 70 70 70 70 70 70 70 70 70 70 70 70 70 70 70 70 70 70 70 70 70 70 70 70 70 70 70 70 70 70 70 70 70 70 70 70 70 70 70 70 70 70 70 70 70 70 70 70 70 70 70 70 70 70 70 70 70 70 70 70 70 70 70 70 70 70 70 70 70 70 70 70 70 70 70 70 70 70 70 70 70 70 70 70 70 70 70 70 70 70 70 70 70 70 70 70 70 70 70 70 70 70 70 70 70 70 70 70 70 70 70 70 70 70 70 70 70 70 70 70 70 70 70 70 70 70 70 70 70 70 70 70 70 70 70 70 70 70 70 70 70 70 70 70 70 70 70 70 70 70 70 70 70 70 70 70 70 70 70 70 70 70 70 70 70 70 70 70 70 70 70 70 70 70 70 70 70 70 70 70 70 70 70 70 70 70 70 70 70 70 70 70 70 70 70 70 70 70 70 70 70 70 70 70 70 70 70 70 70 70 70 70 70 70 70 70 70 70 70 70 70 70 70 70 70 70 70 70 70 70 70 70 70 70 70 70 70 70 70 70 70 70 70 70 70 70 70 70 70 70 70 70 70 70 70 70 70 70 70 70 70 70 70 70 70 70 70 70 70 70 70 70 70 70 70 70 70 70 70 70 70 70 70 70 70 70 70 70 70 70 70 70 70 70 70 70 70 70 70 70 70 70 70 70 70 70 70 70 70 70 70 70 70 70 70 70 70 70 70 70 70 70 70 70 70 70 70 70 70 70 70 70 70 70 70 70 70 70 70 70 70 70 70 70 70 70 70 70 70 70 70 70 70 70 70 70 70 70 70 70 70 70 70 70 70 70 70 70 70 70 70 70 70 70 70 70 70 70 70 70 70 70 70 70 70 70 70 70 70 70 70 70 70 70 70 70 70 70 70 70 70 70 70 70 70 70 70 70 70 70 70 70 70 70 70 70 70 70 70 70 70 70 70 70 70 70 70 70 70 70 70 70 70 70 70 70 70 70 70 70 70 70 70 70 70 70 70 70 70 70 70 70 70 70 70 70 70 70 70 70 70 70 70 70 70 70 70 70 70 70 70 70 70 70 70 70 70 70 70 70 70 70 70 70 70 70 70 70 70 70 70 70 70 70 70 70 70 70 70 70 70 70 70 70 70 70 70 70 70 70 70 70 70 70 70 70 70 70 70 70 70 70 70 70 70 70 70 70 70 70 70 70 70 70 70 70 70 70 70 70 70 70 70 70 70 70 70 70 70 70 70 70 70 70 70 70 70 70 70 70 70 70 70 70 70 70 70 70 70 70 70 70 70 70 70 70 70 70 70 70 70 70 70 70 70 70 70 70 70 70 70 70 70 70 70 70 70 70 70 70 70 70 70 70 70 70 70 70 70 70 70 70 70 70 70 70 70 70 70 70 70 70 70 70 70 70 70 70 70 70 70 70 70 70 70 70 70 70 70 70 70 70 70 70 70 70 70 70 70 70 70 70 70 70 70 70 70 70 70 70 70 70 70 70 70 70 70 70 70 70 70 70 70 70 70 70 70 70 70 70 70 70 70 70 70 70 70 70 70 70 70 70 70 70 70 70 70 70 70 70 70 70 70 70 70 70 70 70 70 70 70 70 70 70 70 70 70 70 70 70 70 70 70 70 70 70 70 70 70 70 70 70 70 70 70 70 70 70 70 70 70 70 70 70 70 70 70 70 70 70 70 70 70 70 70 70 70 70 70 70 70 70 70 70 70 70 70 70 70 70 70 70 70 70 70 70 70 70 70 70 70 70 70 70 70 70 70 70 70 70 70 70 70 70 70 70 70 70 70 70 70 70 70 70 70 70 70 70 70 70 70 70 70 70 70 70 70 70 70 70 70 70 70 70 70 70 70 70 70 70 70 70 70 70 70 70 70 70 70 70 70 70 70 70 70 70 70 70 70 70 70 70 70 70 70 70 70 70 70 70 70 70 70 70 70 70 70 70 70 70 70 70 70 70 70 70 70 70 70 70 70 70 70 70 70 70 70 70 70 70 70 70 70 70 70 70 70 70 70 70 70 70 70 70 70 70 70 70 70 70 70 70 70 70 70 70 70 70 70 70 70 70 70 70 70 70 70 70 70 70 70 70 70 70 70 70 70 70 70 70 70 70 70 70 70 70 70 70 70 70 70 70 70 70 70 70 70 70 70 70 70 70 70 70 70 70 70 70 70 70 70 70 70 70 70 70 70 70 70 70 70 70 70 70 70 70 70 70 70 70 70 70 70 70 70 70 70 70 70 70 70 70 70 70 70 70 70 70 70 70 70 70 70 70 70 70 70 70 70 70 70 70 70 70 70 70 70 70 70 70 70 70 70 70 70 70 70 70 70 70 70 70 70 70 70 70 70 70 70 70 70 70 70 70 70 70 70 70 70 70 70 70 70 70 70 70 70 70 70 70 70 70 70 70 70 70 70 70 70 70 70 70 70 70 70 70 70 70 70 70 70 70 70 70 70 70 70 70 70 70 70 70 70 70 70 70 70 70 70 70 70 70 70 70 70 70 70 70 70 70 70 70 70 70 70 70 70 70 70 70 70 70 70 70 70 70 70 70 70 70 70 70 70 70 70 70 70 70 70 70 70 70 70 70 70 70 70 70 70 70 70 70 70 70 70 70 70 70 70 70 70 70 70 70 70 70 70 70 70 70 70 70 70 70 70 70 70 70 70 70 70 70 70 70 70 70 70 70 70 70 70 70 70 70 70 70 70 70 70 70 70 70 70 70 70 70 70 70 70 70 70 70 70 70 70 70 70 70 70 70 70 70 70 70 70 70 70 70 70 70 70 70 70 70 70 70 70 70 70 70 70 70 70 70 70 70 70 70 70 70 70 70 70 70 70 70 70 70 70 70 70 70 70 70 70 70 70 70 70 70 70 70 70 70 70 70 70 70 70 70 70 70 70 70 70 70 70 70 70 70 70 70 70 70 70 70 70 70 70 70 70 70 70 70 70 70 70 70 70 70 70 70 70 70 70 70 70 70 70 70 70 70 70 70 70 70 70 70 70 70 70 70 70 70 70 70 70 70 70 70 70 70 70 70 70 70 70 70 70 70 70 70 70 70 70 70 70 70 70 70 70 70 70 70 70 70 70 70 70 70 70 70 70 70 70 70 70 70 70 70 70 70 70 70 70 70 70 70 70 70 70 70 70 70 70 70 70 70 70 70 70 70 70 70 70 70 70 70 70 70 70 70 70 70 70 70 70 70 70 70 70 70 70 70 70 70 70 70 70 70 70 70 70 70 70 70 70 70 70 70 70 70 70 70 70 70 70 70 70 70 70 70 70 70 70 70 70 70 70 70 70 70 70 70 70 70 70 70 70 70 70 70 70 70 70 70 70 70 70 70 70 70 70 70 70 70 70 70 70 70 70 70 70 70 70 70 70 70 70 70 70 70 70 70 70 70 70 70 70 70 70 70 70 70 70 70 70 70 70 70 70 70 70 70 70 70 70 70 70 70 70 70 70 70 70 70 70 70 70 70 70 70 70 70 70 70 70 70 70 70 70 70 70 70 70 70 70 70 70 70 70 70 70 70 70 70 70 70 70 70 70 70 70 70 70 70 70 70 70 70 70 70 70 70 70 70 70 70 70 70 70 70 70 70 70 70 70 70 70 70 70 70 70 70 70 70 70 70 70 70 70 70 70 70 70 70 70 70 70 70 70 70 70 70 70 70 70 70 70 70 70 70 70 70 70 70 70 70 70 70 70 70 70 70 70 70 70 70 70 70 70 70 70 70 70 70 70 70 70 70 70 70 70 70 70 70 70 70 70 70 70 70 70 70 70 70 70 70 70 70 70 70 70 70 70 70 70 70 70 70 70 70 70 70 70 70 70 70 70 70 70 70 70 70 70 70 70 70 70 70 70 70 70 70 70 70 70 70 70 70 70 70 70 70 70 70 70 70 70 70 70 70 70 70 70 70 70 70 70 70 70 70 70 70 70 70 70 70 70 70 70 70 70 70 70 70 70 70 70 70 70 70 70 70 70 70 70 70 70 70 70 70 70 70 70 70 70 70 70 70 70 70 70 70 70 70 70 70 70 70 70 70 70 70 70 70 70 70 70 70 70 70 70 70 70 70 70 70 70 70 70 70 70 70 70 70 70 70 70 70 70 70 70 70 70 70 70 70 70 70 70 70 70 70 70 70 70 70 70 70 70 70 70 70 70 70 70 70 70 70 70 70 70 70 70 70 70 70 70 70 70 70 70 70 70 70 70 70 70 70 70 70 70 70 70 70 70 70 70 70 70 70 70 70 70 70 70 70 70 70 70 70 70 70 70 70 70 70 70 70 70 70 70 70 70 70 70 70 70 70 70 70 70 70 70 70 70 70 70 70 70 70 70 70 70 70 70 70 70 70 70 70 70 70 70 70 70 70 70 70 70 70 70 70 70 70 70 70 70 70 70 70 70 70 70 70 70 70 70 70 70 70 70 70 70 70 70 70 70 70 70 70 70 70 70 70 70 70 70 70 70 70 70 70 70 70 70 70 70 70 70 70 70 70 70 70 70 70 70 70 70 70 70 70 70 70 70 70 70 70 70 70 70 70 70 70 70 70 70 70 70 70 70 70 70 70 70 70 70 70 70 70 70 70 70 70 70 70 70 70 70 70 70 70 70 70 70 70 70 70 70 70 70 70 70 70 70 70 70 70 70 70 70 70 70 70 70 70 70 70 70 70 70 70 70 70 70 70 70 70 70 70 70 70 70 70 70 70 70 70 70 70 70 70 70 70 70 70 70 70 70 70 70 70 70 70 70 70 70 70 70 70 70 70 70 70 70 70 70 70 70 70 70 70 70 70 70 70 70 70 70 70 70 70 70 70 70 70 70 70 70 70 70 70 70 70 70 70 70 70 70 70 70 70 70 70 70 70 70 70 70 70 70 70 70 70 70 70 70 70 70 70 70 70 70 70 70 70 70 70 70 70 70 70 70 70 70 70 70 70 70 70 70 70 70 70 70 70 70 70 70 70 70 70 70 70 70 70 70 70 70 70 70 70 70 70 70 70 70 70 70 70 70 70 70 70 70 70 70 70 70 70 70 70 70 70 70 70 70 70 70 70 70 70 70 70 70 70 70 70 70 70 70 70 70 70 70 70 70 70 70 70 70 70 70 70 70 70 70 70 70 70 70 70 70 70 70 70 70 70 70 70 70 70 70 70 70 70 70 70 70 70 70 70 70 70 70 70 70 70 70 70 70 70 70 70 70 70 70 70 70 70 70 70 70 70 70 70 70 70 70 70 70 70 70 70 70 70 70 70 70 70 70 70 70 70 70 70 70 70 70 70 70 70 70 70 70 70 70 70 70 70 70 70 70 70 70 70 70 70 70 70 70 70 70 70 70 70 70 70 70 70 70 70 70 70 70 70 70 70 70 70 70 70 70 70 70 70 70 70 70 70 70 70 70 70 70 70 70 70 70 70 70 70 70 70 70 70 70 70 70 70 70 70 70 70 70 70 70 70 70 70 70 70 70 70 70 70 70 70 70 70 70 70 70 70 70 70 70 70 70 70 70 70 70 70 70 70 70 70 </DataArray>
      </Cells>
      <CellData>
        <DataArray type="UInt8" Name="vtkGhostType" format="ascii" RangeMin="0" RangeMax="1">0 0 0 0 0 0 0 0 0 0 0 0 0 0 0 0 0 0 0 0 0 0 0 0 0 0 0 0 0 0 0 0 0 0 0 0 0 0 0 0 0 0 0 0 0 0 0 0 0 0 0 0 0 0 0 0 0 0 0 0 0 0 0 0 0 0 0 0 0 0 0 0 0 0 0 0 0 0 0 0 0 0 0 0 0 0 0 0 0 0 0 0 0 0 0 0 0 0 0 0 0 0 0 0 0 0 0 0 0 0 0 0 0 0 0 0 0 0 0 0 0 0 0 0 0 0 0 0 0 0 0 0 0 0 0 0 0 0 0 0 0 0 0 0 0 0 0 0 0 0 0 0 0 0 0 0 0 0 0 0 0 0 0 0 0 0 0 0 0 0 0 0 0 0 0 0 0 0 0 0 0 0 0 0 0 0 0 0 0 0 0 0 0 0 0 0 0 0 0 0 0 0 0 0 0 0 0 0 0 0 0 0 0 0 0 0 0 0 0 0 0 0 0 0 0 0 0 0 0 0 0 0 0 0 0 0 0 0 0 0 0 0 0 0 0 0 0 0 0 0 0 0 0 0 0 0 0 0 0 0 0 0 0 0 0 0 0 0 0 0 0 0 0 0 0 0 0 0 0 0 0 0 0 0 0 0 0 0 0 0 0 0 0 0 0 0 0 0 0 0 0 0 0 0 0 0 0 0 0 0 0 0 0 0 0 0 0 0 0 0 0 0 0 0 0 0 0 0 0 0 0 0 0 0 0 0 0 0 0 0 0 0 0 0 0 0 0 0 0 0 0 0 0 0 0 0 0 0 0 0 0 0 0 0 0 0 0 0 0 0 0 0 0 0 0 0 0 0 0 0 0 0 0 0 0 0 0 0 0 0 0 0 0 0 0 0 0 0 0 0 0 0 0 0 0 0 0 0 0 0 0 0 0 0 0 0 0 0 0 0 0 0 0 0 0 0 0 0 0 0 0 0 0 0 0 0 0 0 0 0 0 0 0 0 0 0 0 0 0 0 0 0 0 0 0 0 0 0 0 0 0 0 0 0 0 0 0 0 0 0 0 0 0 0 0 0 0 0 0 0 0 0 0 0 0 0 0 0 0 0 0 0 0 0 0 0 0 0 0 0 0 0 0 0 0 0 0 0 0 0 0 0 0 0 0 0 0 0 0 0 0 0 0 0 0 0 0 0 0 0 0 0 0 0 0 0 0 0 0 0 0 0 0 0 0 0 0 0 0 0 0 0 0 0 0 0 0 0 0 0 0 0 0 0 0 0 0 0 0 0 0 0 0 0 0 0 0 0 0 0 0 0 0 0 0 0 0 0 0 0 0 0 0 0 0 0 0 0 0 0 0 0 0 0 0 0 0 0 0 0 0 0 0 0 0 0 0 0 0 0 0 0 0 0 0 0 0 0 0 0 0 0 0 0 0 0 0 0 0 0 0 0 0 0 0 0 0 0 0 0 0 0 0 0 0 0 0 0 0 0 0 0 0 0 0 0 0 0 0 0 0 0 0 0 0 0 0 0 0 0 0 0 0 0 0 0 0 0 0 0 0 0 0 0 0 0 0 0 0 0 0 0 0 0 0 0 0 0 0 0 0 0 0 0 0 0 0 0 0 0 0 0 0 0 0 0 0 0 0 0 0 0 0 0 0 0 0 0 0 0 0 0 0 0 0 0 0 0 0 0 0 0 0 0 0 0 0 0 0 0 0 0 0 0 0 0 0 0 0 0 0 0 0 0 0 0 0 0 0 0 0 0 0 0 0 0 0 0 0 0 0 0 0 0 0 0 0 0 0 0 0 0 0 0 0 0 0 0 0 0 0 0 0 0 0 0 0 0 0 0 0 0 0 0 0 0 0 0 0 0 0 0 0 0 0 0 0 0 0 0 0 0 0 0 0 0 0 0 0 0 0 0 0 0 0 0 0 0 0 0 0 0 0 0 0 0 0 0 0 0 0 0 0 0 0 0 0 0 0 0 0 0 0 0 0 0 0 0 0 0 0 0 0 0 0 0 0 0 0 0 0 0 0 0 0 0 0 0 0 0 0 0 0 0 0 0 0 0 0 0 0 0 0 0 0 0 0 0 0 0 0 0 0 0 0 0 0 0 0 0 0 0 0 0 0 0 0 0 0 0 0 0 0 0 0 0 0 0 0 0 0 0 0 0 0 0 0 0 0 0 0 0 0 0 0 0 0 0 0 0 0 0 0 0 0 0 0 0 0 0 0 0 0 0 0 0 0 0 0 0 0 0 0 0 0 0 0 0 0 0 0 0 0 0 0 0 0 0 0 0 0 0 0 0 0 0 0 0 0 0 0 0 0 0 0 0 0 0 0 0 0 0 0 0 0 0 0 0 0 0 0 0 0 0 0 0 0 0 0 0 0 0 0 0 0 0 0 0 0 0 0 0 0 0 0 0 0 0 0 0 0 0 0 0 0 0 0 0 0 0 0 0 0 0 0 0 0 0 0 0 0 0 0 0 0 0 0 0 0 0 0 0 0 0 0 0 0 0 0 0 0 0 0 0 0 0 0 0 0 0 0 0 0 0 0 0 0 0 0 0 0 0 0 0 0 0 0 0 0 0 0 0 0 0 0 0 0 0 0 0 0 0 0 0 0 0 0 0 0 0 0 0 0 0 0 0 0 0 0 0 0 0 0 0 0 0 0 0 0 0 0 0 0 0 0 0 0 0 0 0 0 0 0 0 0 0 0 0 0 0 0 0 0 0 0 0 0 0 0 0 0 0 0 0 0 0 0 0 0 0 0 0 0 0 0 0 0 0 0 0 0 0 0 0 0 0 0 0 0 0 0 0 0 0 0 0 0 0 0 0 0 0 0 0 0 0 0 0 0 0 0 0 0 0 0 0 0 0 0 0 0 0 0 0 0 0 0 0 0 0 0 0 0 0 0 0 0 0 0 0 0 0 0 0 0 0 0 0 0 0 0 0 0 0 0 0 0 0 0 0 0 0 0 0 0 0 0 0 0 0 0 0 0 0 0 0 0 0 0 0 0 0 0 0 0 0 0 0 0 0 0 0 0 0 0 0 0 0 0 0 0 0 0 0 0 0 0 0 0 0 0 0 0 0 0 0 0 0 0 0 0 0 0 0 0 0 0 0 0 0 0 0 0 0 0 0 0 0 0 0 0 0 0 0 0 0 0 0 0 0 0 0 0 0 0 0 0 0 0 0 0 0 0 0 0 0 0 0 0 0 0 0 0 0 0 0 0 0 0 0 0 0 0 0 0 0 0 0 0 0 0 0 0 0 0 0 0 0 0 0 0 0 0 0 0 0 0 0 0 0 0 0 0 0 0 0 0 0 0 0 0 0 0 0 0 0 0 0 0 0 0 0 0 0 0 0 0 0 0 0 0 0 0 0 0 0 0 0 0 0 0 0 0 0 0 0 0 0 0 0 0 0 0 0 0 0 0 0 0 0 0 0 0 0 0 0 0 0 0 0 0 0 0 0 0 0 0 0 0 0 0 0 0 0 0 0 0 0 0 0 0 0 0 0 0 0 0 0 0 0 0 0 0 0 0 0 0 0 0 0 0 0 0 0 0 0 0 0 0 0 0 0 0 0 0 0 0 0 0 0 0 0 0 0 0 0 0 0 0 0 0 0 0 0 0 0 0 0 0 0 0 0 0 0 0 0 0 0 0 0 0 0 0 0 0 0 0 0 0 0 0 0 0 0 0 0 0 0 0 0 0 0 0 0 0 0 0 0 0 0 0 0 0 0 0 0 0 0 0 0 0 0 0 0 0 0 0 0 0 0 0 0 0 0 0 0 0 0 0 0 0 0 0 0 0 0 0 0 0 0 0 0 0 0 0 0 0 0 0 0 0 0 0 0 0 0 0 0 0 0 0 0 0 0 0 0 0 0 0 0 0 0 0 0 0 0 0 0 0 0 0 0 0 0 0 0 0 0 0 0 0 0 0 0 0 0 0 0 0 0 0 0 0 0 0 0 0 0 0 0 0 0 0 0 0 0 0 0 0 0 0 0 0 0 0 0 0 0 0 0 0 0 0 0 0 0 0 0 0 0 0 0 0 0 0 0 0 0 0 0 0 0 0 0 0 0 0 0 0 0 0 0 0 0 0 0 0 0 0 0 0 0 0 0 0 0 0 0 0 0 0 0 0 0 0 0 0 0 0 0 0 0 0 0 0 0 0 0 0 0 0 0 0 0 0 0 0 0 0 0 0 0 0 0 0 0 0 0 0 0 0 0 0 0 0 0 0 0 0 0 0 0 0 0 0 0 0 0 0 0 0 0 0 0 0 0 0 0 0 0 0 0 0 0 0 0 0 0 0 0 0 0 0 0 0 0 0 0 0 0 0 0 0 0 0 0 0 0 0 0 0 0 0 0 0 0 0 0 0 0 0 0 0 0 0 0 0 0 0 0 0 0 0 0 0 0 0 0 0 0 0 0 0 0 0 0 0 0 0 0 0 0 0 0 0 0 0 0 0 0 0 0 0 0 0 0 0 0 0 0 0 0 0 0 0 0 0 0 0 0 0 0 0 0 0 0 0 0 0 0 0 0 0 0 0 0 0 0 0 0 0 0 0 0 0 0 0 0 0 0 0 0 0 0 0 0 0 0 0 0 0 0 0 0 0 0 0 0 0 0 0 0 0 0 0 0 0 0 0 0 0 0 0 0 0 0 0 0 0 0 0 0 0 0 0 0 0 0 0 0 0 0 0 0 0 0 0 0 0 0 0 0 0 0 0 0 0 0 0 0 0 0 0 0 0 0 0 0 0 0 0 0 0 0 0 0 0 0 0 0 0 0 0 0 0 0 0 0 0 0 0 0 0 0 0 0 0 0 0 0 0 0 0 0 0 0 0 0 0 0 0 0 0 0 0 0 0 0 0 0 0 0 0 0 0 0 0 0 0 0 0 0 0 0 0 0 0 0 0 0 0 0 0 0 0 0 0 0 0 0 0 0 0 0 0 0 0 0 0 0 0 0 0 0 0 0 0 0 0 0 0 0 0 0 0 0 0 0 0 0 0 0 0 0 0 0 0 0 0 0 0 0 0 0 0 0 0 0 0 0 0 0 0 0 0 0 0 0 0 0 0 0 0 0 0 0 0 0 0 0 0 0 0 0 0 0 0 0 0 0 0 0 0 0 0 0 0 0 0 0 0 0 0 0 0 0 0 0 0 0 0 0 0 0 0 0 0 0 0 0 0 0 0 0 0 0 0 0 0 0 0 0 0 0 0 0 0 0 0 0 0 0 0 0 0 0 0 0 0 0 0 0 0 0 0 0 0 0 0 0 0 0 0 0 0 0 0 0 0 0 0 0 0 0 0 0 0 0 0 0 0 0 0 0 0 0 0 0 0 0 0 0 0 0 0 0 0 0 0 0 0 0 0 0 0 0 0 0 0 0 0 0 0 0 0 0 0 0 0 0 0 0 0 0 0 0 0 0 0 0 0 0 0 0 0 0 0 0 0 0 0 0 0 0 0 0 0 0 0 0 0 0 0 0 0 0 0 0 0 0 0 0 0 0 0 0 0 0 0 0 0 0 0 0 0 0 0 0 0 0 0 0 0 0 0 0 0 0 0 0 0 0 0 0 0 0 0 0 0 0 0 0 0 0 0 0 0 0 0 0 0 0 0 0 0 0 0 0 0 0 0 0 0 0 0 0 0 0 0 0 0 0 0 0 0 0 0 0 0 0 0 0 0 0 0 0 0 0 0 0 0 0 0 0 0 0 0 0 0 0 0 0 0 0 0 0 0 0 0 0 0 0 0 0 0 0 0 0 0 0 0 0 0 0 0 0 0 0 0 0 0 0 0 0 0 0 0 0 0 0 0 0 0 0 0 0 0 0 0 0 0 0 0 0 0 0 0 0 0 0 0 0 0 0 0 0 0 0 0 0 0 0 0 0 0 0 0 0 0 0 0 0 0 0 0 0 0 0 0 0 0 0 0 0 0 0 0 0 0 0 0 0 0 0 0 0 0 0 0 0 0 0 0 0 0 0 0 0 0 0 0 0 0 0 0 0 0 0 0 0 0 0 0 0 0 0 0 0 0 0 0 0 0 0 0 0 0 0 0 0 0 0 0 0 0 0 0 0 0 0 0 0 0 0 0 0 0 0 0 0 0 0 0 0 0 0 0 0 0 0 0 0 0 0 0 0 0 0 0 0 0 0 0 0 0 0 0 0 0 0 0 0 0 0 0 0 0 0 0 0 0 0 0 0 0 0 0 0 0 0 0 0 0 0 0 0 0 0 0 0 0 0 0 0 0 0 0 0 0 0 0 0 0 0 0 0 0 0 0 0 0 0 0 0 0 0 0 0 0 0 0 0 0 0 0 0 0 0 0 0 0 0 0 0 0 0 0 0 0 0 0 0 0 0 0 0 0 0 0 0 0 0 0 0 0 0 0 0 0 0 0 0 0 0 0 0 0 0 0 0 0 0 0 0 0 0 0 0 0 0 0 0 0 0 0 0 0 0 0 0 0 0 0 0 0 0 0 0 0 0 0 0 0 0 0 0 0 0 0 0 0 0 0 0 0 0 0 0 0 0 0 0 0 0 0 0 0 0 0 0 0 0 0 0 0 0 0 0 0 0 0 0 0 0 0 0 0 0 0 0 0 0 0 0 0 0 0 0 0 0 0 0 0 0 0 0 0 0 0 0 0 0 0 0 0 0 0 0 0 0 0 0 0 0 0 0 0 0 0 0 0 0 0 0 0 0 0 0 0 0 0 0 0 0 0 0 0 0 0 0 0 0 0 0 0 0 0 0 0 0 0 0 0 0 0 0 0 0 0 0 0 0 0 0 0 0 0 0 0 0 0 0 0 0 0 0 0 0 0 0 0 0 0 0 0 0 0 0 0 0 0 0 0 0 0 0 0 0 0 0 0 0 0 0 0 0 0 0 0 0 0 0 0 0 0 0 0 0 0 0 0 0 0 0 0 0 0 0 0 0 0 0 0 0 0 0 0 0 0 0 0 0 0 0 0 0 0 0 0 0 0 0 0 0 0 0 0 0 0 0 0 0 0 0 0 0 0 0 0 0 0 0 0 0 0 0 0 0 0 0 0 0 0 0 0 0 0 0 0 0 0 0 0 0 0 0 0 0 0 0 0 0 0 0 0 0 0 0 0 0 0 0 0 0 0 0 0 0 0 0 0 0 0 0 0 0 0 0 0 0 0 0 0 0 0 0 0 0 0 0 0 0 0 0 0 0 0 0 0 0 0 0 0 0 0 0 0 0 0 0 0 0 0 0 0 0 0 0 0 0 0 0 0 0 0 0 0 0 0 0 0 0 0 0 0 0 0 0 0 0 0 0 0 0 0 0 0 0 0 0 0 0 0 0 0 0 0 0 0 0 0 0 0 0 0 0 0 0 0 0 0 0 0 0 0 0 0 0 0 0 0 0 0 0 0 0 0 0 0 0 0 0 0 0 0 0 0 0 0 0 0 0 0 0 0 0 0 0 0 0 0 0 0 0 0 0 0 0 0 0 0 0 0 0 0 0 0 0 0 0 0 0 0 0 0 0 0 0 0 0 0 0 0 0 0 0 0 0 0 0 0 0 0 0 0 0 0 0 0 0 0 0 0 0 0 0 0 0 0 0 0 0 0 0 0 0 0 0 0 0 0 0 0 0 0 0 0 0 0 0 0 0 0 0 0 0 0 0 0 0 0 0 0 0 0 0 0 0 0 0 0 0 0 0 0 0 0 0 0 0 0 0 0 0 0 0 0 0 0 0 0 0 0 0 0 0 0 0 0 0 0 0 0 0 0 0 0 0 0 0 0 0 0 0 0 0 0 0 0 0 0 0 0 0 0 0 0 0 0 0 0 0 0 0 0 0 0 0 0 0 0 0 0 0 0 0 0 0 0 0 0 0 0 0 0 0 0 0 0 0 0 0 0 0 0 0 0 0 0 0 0 0 0 0 0 0 0 0 0 0 0 0 0 0 0 0 0 0 0 0 0 0 0 0 0 0 0 0 0 0 0 0 0 0 0 0 0 0 0 0 0 0 0 0 0 0 0 0 0 0 0 0 0 0 0 0 0 0 0 0 0 0 0 0 0 0 0 0 0 0 0 0 0 0 0 0 0 0 0 0 0 0 0 0 0 0 0 0 0 0 0 0 0 0 0 0 0 0 0 0 0 0 0 0 0 0 0 0 0 0 0 0 0 0 0 0 0 0 0 0 0 0 0 0 0 0 0 0 0 0 0 0 0 0 0 0 0 0 0 0 0 0 0 0 0 0 0 0 0 0 0 0 0 0 0 0 0 0 0 0 0 0 0 0 0 0 0 0 0 0 0 0 0 0 0 0 0 0 0 0 0 0 0 0 0 0 0 0 0 0 0 0 0 0 0 0 0 0 0 0 0 0 0 0 0 0 0 0 0 0 0 0 0 0 0 0 0 0 0 0 0 0 0 0 0 0 0 0 0 0 0 0 0 0 0 0 0 0 0 0 0 0 0 0 0 0 0 0 0 0 0 0 0 0 0 0 0 0 0 0 0 0 0 0 0 0 0 0 0 0 0 0 0 0 0 0 0 0 0 0 0 0 0 0 0 0 0 0 0 0 0 0 0 0 0 0 0 0 0 0 0 0 0 0 0 0 0 0 0 0 0 0 0 0 0 0 0 0 0 0 0 0 0 0 0 0 0 0 0 0 0 0 0 0 0 0 0 0 0 0 0 0 0 0 0 0 0 0 0 0 0 0 0 0 0 0 0 0 0 0 0 0 0 0 0 0 0 0 0 0 0 0 0 0 0 0 0 0 0 0 0 0 0 0 0 0 0 0 0 0 0 0 0 0 0 0 0 0 0 0 0 0 0 0 0 0 0 0 0 0 0 0 0 0 0 0 0 0 0 0 0 0 0 0 0 0 0 0 0 0 0 0 0 0 0 0 0 0 0 0 0 0 0 0 0 0 0 0 0 0 0 0 0 0 0 0 0 0 0 0 0 0 0 0 0 0 0 0 0 0 0 0 0 0 0 0 0 0 0 0 0 0 0 0 0 0 0 0 0 0 0 0 0 0 0 0 0 0 0 0 0 0 0 0 0 0 0 0 0 0 0 0 0 0 0 0 0 0 0 0 0 0 0 0 0 0 0 0 0 0 0 0 0 0 0 0 0 0 0 0 0 0 0 0 0 0 0 0 0 0 0 0 0 0 0 0 0 0 0 0 0 0 0 0 0 0 0 0 0 0 0 0 0 0 0 0 0 0 0 0 0 0 0 0 0 0 0 0 0 0 0 0 0 0 0 0 0 0 0 0 0 0 0 0 0 0 0 0 0 0 0 0 0 0 0 0 0 0 0 0 0 0 0 0 0 0 0 0 0 0 0 0 0 0 0 0 0 0 0 0 0 0 0 0 0 0 0 0 0 0 0 0 0 0 0 0 0 0 0 0 0 0 0 0 0 0 0 0 0 0 0 0 0 0 0 0 0 0 0 0 0 0 0 0 0 0 0 0 0 0 0 0 0 0 0 0 0 0 0 0 0 0 0 0 0 0 0 0 0 0 0 0 0 0 0 0 0 0 0 0 0 0 0 0 0 0 0 0 0 0 0 0 0 0 0 0 0 0 0 0 0 0 0 0 0 0 0 0 0 0 0 0 0 0 0 0 0 0 0 0 0 0 0 0 0 0 0 0 0 0 0 0 0 0 0 0 0 0 0 0 0 0 0 0 0 0 0 0 0 0 0 0 0 0 0 0 0 0 0 0 0 0 0 0 0 0 0 0 0 0 0 0 0 0 0 0 0 0 0 0 0 0 0 0 0 0 0 0 0 0 0 0 0 0 0 0 0 0 0 0 0 0 0 0 0 0 0 0 0 0 0 0 0 0 0 0 0 0 0 0 0 0 0 0 0 0 0 0 0 0 0 0 0 0 0 0 0 0 0 0 0 0 0 0 0 0 0 0 0 0 0 0 0 0 0 0 0 0 0 0 0 0 0 0 0 0 0 0 0 0 0 0 0 0 0 0 0 0 0 0 0 0 0 0 0 0 0 0 0 0 0 0 0 0 0 0 0 0 0 0 0 0 0 0 0 0 0 0 0 0 0 0 0 0 0 0 0 0 0 0 0 0 0 0 0 0 0 0 0 0 0 0 0 0 0 0 0 0 0 0 0 0 0 0 0 0 0 0 0 0 0 0 0 0 0 0 0 0 0 0 0 0 0 0 0 0 0 0 0 0 0 0 0 0 0 0 0 0 0 0 0 0 0 0 0 0 0 0 0 0 0 0 0 0 0 0 0 0 0 0 0 0 0 0 0 0 0 0 0 0 0 0 0 0 0 0 0 0 0 0 0 0 0 0 0 0 0 0 0 0 0 0 0 0 0 0 0 0 0 0 0 0 0 0 0 0 0 0 0 0 0 0 0 0 0 0 0 0 0 0 0 0 0 0 0 0 0 0 0 0 0 0 0 0 0 0 0 0 0 0 0 0 0 0 0 0 0 0 0 0 0 0 0 0 0 0 0 0 0 0 0 0 0 0 0 0 0 0 0 0 0 0 0 0 0 0 0 0 0 0 0 0 0 0 0 0 0 0 0 0 0 0 0 0 0 0 0 0 0 0 0 0 0 0 0 0 0 0 0 0 0 0 0 0 0 0 0 0 0 0 0 0 0 0 0 0 0 0 0 0 0 0 0 0 0 0 0 0 0 0 0 0 0 0 0 0 0 0 0 0 0 0 0 0 0 0 0 0 0 0 0 0 0 0 0 0 0 0 0 0 0 0 0 0 0 0 0 0 0 0 0 0 0 0 0 0 0 0 0 0 0 0 0 0 0 0 0 0 0 0 0 0 0 0 0 0 0 0 0 0 0 0 0 0 0 0 0 0 0 0 0 0 0 0 0 0 0 0 0 0 0 0 0 0 0 0 0 0 0 0 0 0 0 0 0 0 0 0 0 0 0 0 0 0 0 0 0 0 0 0 0 0 0 0 0 0 0 0 0 0 0 0 0 0 0 0 0 0 0 0 0 0 0 0 0 0 0 0 0 0 0 0 0 0 0 0 0 0 0 0 0 0 0 0 0 0 0 0 0 0 0 0 0 0 0 0 0 0 0 0 0 0 0 0 0 0 0 0 0 0 0 0 0 0 0 0 0 0 0 0 0 0 0 0 0 0 0 0 0 0 0 0 0 0 0 0 0 0 0 0 0 0 0 0 0 0 0 0 0 0 0 0 0 0 0 0 0 0 0 0 0 0 0 0 0 0 0 0 0 0 0 0 0 0 0 0 0 0 0 0 0 0 0 0 0 0 0 0 0 0 0 0 0 0 0 0 0 0 0 0 0 0 0 0 0 0 0 0 0 0 0 0 0 0 0 0 0 0 0 0 0 0 0 0 0 0 0 0 0 0 0 0 0 0 0 0 0 0 0 0 0 0 0 0 0 0 0 0 0 0 0 0 0 0 0 0 0 0 0 0 0 0 0 0 0 0 0 0 0 0 0 0 0 0 0 0 0 0 0 0 0 0 0 0 0 0 0 0 0 0 0 0 0 0 0 0 0 0 0 0 0 0 0 0 0 0 0 0 0 0 0 0 0 0 0 0 0 0 0 0 0 0 0 0 0 0 0 0 0 0 0 0 0 0 0 0 0 0 0 0 0 0 0 0 0 0 0 0 0 0 0 0 0 0 0 0 0 0 0 0 0 0 0 0 0 0 0 0 0 0 0 0 0 0 0 0 0 0 0 0 0 0 0 0 0 0 0 0 0 0 0 0 0 0 0 0 0 0 0 0 0 0 0 0 0 0 0 0 0 0 0 0 0 0 0 0 0 0 0 0 0 0 0 0 0 0 0 0 0 0 0 0 0 0 0 0 0 0 0 0 0 0 0 0 0 0 0 0 0 0 0 0 0 0 0 0 0 0 0 0 0 0 0 0 0 0 0 0 0 0 0 0 0 0 0 0 0 0 0 0 0 0 0 0 0 0 0 0 0 0 0 0 0 0 0 0 0 0 0 0 0 0 0 0 0 0 0 0 0 0 0 0 0 0 0 0 0 0 0 0 0 0 0 0 0 0 0 0 0 0 0 0 0 0 0 0 0 0 0 0 0 0 0 0 0 0 0 0 0 0 0 0 0 0 0 0 0 0 0 0 0 0 0 0 0 0 0 0 0 0 0 0 0 0 0 0 0 0 0 0 0 0 0 0 0 0 0 0 0 0 0 0 0 0 0 0 0 0 0 0 0 0 0 0 0 0 0 0 0 0 0 0 0 0 0 0 0 0 0 0 0 0 0 0 0 0 0 0 0 0 0 0 0 0 0 0 0 0 0 0 0 0 0 0 0 0 0 0 0 0 0 0 0 0 0 0 0 0 0 0 0 0 0 0 0 0 0 0 0 0 0 0 0 0 0 0 0 0 0 0 0 0 0 0 0 0 0 0 0 0 0 0 0 0 0 0 0 0 0 0 0 0 0 0 0 0 0 0 0 0 0 0 0 0 0 0 0 0 0 0 0 0 0 0 0 0 0 0 0 0 0 0 0 0 0 0 0 0 0 0 0 0 0 0 0 0 0 0 0 0 0 0 0 0 0 0 0 0 0 0 0 0 0 0 0 0 0 0 0 0 0 0 0 0 0 0 0 0 0 0 0 0 0 0 0 0 0 0 0 0 0 0 0 0 0 0 0 0 0 0 0 0 0 0 0 0 0 0 0 0 0 0 0 0 0 0 0 0 0 0 0 0 0 0 0 0 0 0 0 0 0 0 0 0 0 0 0 0 0 0 0 0 0 0 0 0 0 0 0 0 0 0 0 0 0 0 0 0 0 0 0 0 0 0 0 0 0 0 0 0 0 0 0 0 0 0 0 0 0 0 0 0 0 0 0 0 0 0 0 0 0 0 0 0 0 0 0 0 0 0 0 0 0 0 0 0 0 0 0 0 0 0 0 0 0 0 0 0 0 0 0 0 0 0 0 0 0 0 0 0 0 0 0 0 0 0 0 0 0 0 0 0 0 0 0 0 0 0 0 0 0 0 0 0 0 0 0 0 0 0 0 0 0 0 0 0 0 0 0 0 0 0 0 0 0 0 0 0 0 0 0 0 0 0 0 0 0 0 0 0 0 0 0 0 0 0 0 0 0 0 0 0 0 0 0 0 0 0 0 0 0 0 0 0 0 0 0 0 0 0 0 0 0 0 0 0 0 0 0 0 0 0 0 0 0 0 0 0 0 0 0 0 0 0 0 0 0 0 0 0 0 0 0 0 0 0 0 0 0 0 0 0 0 0 0 0 0 0 0 0 0 0 0 0 0 0 0 0 0 0 0 0 0 0 0 0 0 0 0 0 0 0 0 0 0 0 0 0 0 0 0 0 0 0 0 0 0 0 0 0 0 0 0 0 0 0 0 0 0 0 0 0 0 0 0 0 0 0 0 0 0 0 0 0 0 0 0 0 0 0 0 0 0 0 0 0 0 0 0 0 0 0 0 0 0 0 0 0 0 0 0 0 0 0 0 0 0 0 0 0 0 0 0 0 0 0 0 0 0 0 0 0 0 0 0 0 0 0 0 0 0 0 0 0 0 0 0 0 0 0 0 0 0 0 0 0 0 0 0 0 0 0 0 0 0 0 0 0 0 0 0 0 0 0 0 0 0 0 0 0 0 0 0 0 0 0 0 0 0 0 0 0 0 0 0 0 0 0 0 0 0 0 0 0 0 0 0 0 0 0 0 0 0 0 0 0 0 0 0 0 0 0 0 0 0 0 0 0 0 0 0 0 0 0 0 0 0 0 0 0 0 0 0 0 0 0 0 0 0 0 0 0 0 0 0 0 0 0 0 0 0 0 0 0 0 0 0 0 0 0 0 0 0 0 0 0 0 0 0 0 0 0 0 0 0 0 0 0 0 0 0 0 0 0 0 0 0 0 0 0 0 0 0 0 0 0 0 0 0 0 0 0 0 0 0 0 0 0 0 0 0 0 0 0 0 0 0 0 0 0 0 0 0 0 0 0 0 0 0 0 0 0 0 0 0 0 0 0 0 0 0 0 0 0 0 0 0 0 0 0 0 0 0 0 0 0 0 0 0 0 0 0 0 0 0 0 0 0 0 0 0 0 0 0 0 0 0 0 0 0 0 0 0 0 0 0 0 0 0 0 0 0 0 0 0 0 0 0 0 0 0 0 0 0 0 0 0 0 0 0 0 0 0 0 0 0 0 0 0 0 0 0 0 0 0 0 0 0 0 0 0 0 0 0 0 0 0 0 0 0 0 0 0 0 0 0 0 0 0 0 0 0 0 0 0 0 0 0 0 0 0 0 0 0 0 0 0 0 0 0 0 0 0 0 0 0 0 0 0 0 0 0 0 0 0 0 0 0 0 0 0 0 0 0 0 0 0 0 0 0 0 0 0 0 0 0 0 0 0 0 0 0 0 0 0 0 0 0 0 0 0 0 0 0 0 0 0 0 0 0 0 0 0 0 0 0 0 0 0 0 0 0 0 0 0 0 0 0 0 0 0 0 0 0 0 0 0 0 0 0 0 0 0 0 0 0 0 0 0 0 0 0 0 0 0 0 0 0 0 0 0 0 0 0 0 0 0 0 0 0 0 0 0 0 0 0 0 0 0 0 0 0 0 0 0 0 0 0 0 0 0 0 0 0 0 0 0 0 0 0 0 0 0 0 0 0 0 0 0 0 0 0 0 0 0 0 0 0 0 0 0 0 0 0 0 0 0 0 0 0 0 0 0 0 0 0 0 0 0 0 0 0 0 0 0 0 0 0 0 0 0 0 0 0 0 0 0 0 0 0 0 0 0 0 0 0 0 0 0 0 0 0 0 0 0 0 0 0 0 0 0 0 0 0 0 0 0 0 0 0 0 0 0 0 0 0 0 0 0 0 0 0 0 0 0 0 0 0 0 0 0 0 0 0 0 0 0 0 0 0 0 0 0 0 0 0 0 0 0 0 0 0 0 0 0 0 0 0 0 0 0 0 0 0 0 0 0 0 0 0 0 0 0 0 0 0 0 0 0 0 0 0 0 0 0 0 0 0 0 0 0 0 0 0 0 0 0 0 0 0 0 0 0 0 0 0 0 0 0 0 0 0 0 0 0 0 0 0 0 0 0 0 0 0 0 0 0 0 0 0 0 0 0 0 0 0 0 0 0 0 0 0 0 0 0 0 0 0 0 0 0 0 0 0 0 0 0 0 0 0 0 0 0 0 0 0 0 0 0 0 0 0 0 0 0 0 0 0 0 0 0 0 0 0 0 0 0 0 0 0 0 0 0 0 0 0 0 0 0 0 0 0 0 0 0 0 0 0 0 0 0 0 0 0 0 0 0 0 0 0 0 0 0 0 0 0 0 0 0 0 0 0 0 0 0 0 0 0 0 0 0 0 0 0 0 0 0 0 0 0 0 0 0 0 0 0 0 0 0 0 0 0 0 0 0 0 0 0 0 0 0 0 0 0 0 0 0 0 0 0 0 0 0 0 0 0 0 0 0 0 0 0 0 0 0 0 0 0 0 0 0 0 0 0 0 0 0 0 0 0 0 0 0 0 0 0 0 0 0 0 0 0 0 0 0 0 0 0 0 0 0 0 0 0 0 0 0 0 0 0 0 0 0 0 0 0 0 0 0 0 0 0 0 0 0 0 0 0 0 0 0 0 0 0 0 0 0 0 0 0 0 0 0 0 0 0 0 0 0 0 0 0 0 0 0 0 0 0 0 0 0 0 0 0 0 0 0 0 0 0 0 0 0 0 0 0 0 0 0 0 0 0 0 0 0 0 0 0 0 0 0 0 0 0 0 0 0 0 0 0 0 0 0 0 0 0 0 0 0 0 0 0 0 0 0 0 0 0 0 0 0 0 0 0 0 0 0 0 0 0 0 0 0 0 0 0 0 0 0 0 0 0 0 0 0 0 0 0 0 0 0 0 0 0 0 0 0 0 0 0 0 0 0 0 0 0 0 0 0 0 0 0 0 0 0 0 0 0 0 0 0 0 0 0 0 0 0 0 0 0 0 0 0 0 0 0 0 0 0 0 0 0 0 0 0 0 0 0 0 0 0 0 0 0 0 0 0 0 0 0 0 0 0 0 0 0 0 0 0 0 0 0 0 0 0 0 0 0 0 0 0 0 0 0 0 0 0 0 0 0 0 0 0 0 0 0 0 0 0 0 0 0 0 0 0 0 0 0 0 0 0 0 0 0 0 0 0 0 0 0 0 0 0 0 0 0 0 0 0 0 0 0 0 0 0 0 0 0 0 0 0 0 0 0 0 0 0 0 0 0 0 0 0 0 0 0 0 0 0 0 0 0 0 0 0 0 0 0 0 0 0 0 0 0 0 0 0 0 0 0 0 0 0 0 0 0 0 0 0 0 0 0 0 0 0 0 0 0 0 0 0 0 0 0 0 0 0 0 0 0 0 0 0 0 0 0 0 0 0 0 0 0 0 0 0 0 0 0 0 0 0 0 0 0 0 0 0 0 0 0 0 0 0 0 0 0 0 0 0 0 0 0 0 0 0 0 0 0 0 0 0 0 0 0 0 0 0 0 0 0 0 0 0 0 0 0 0 0 0 0 0 0 0 0 0 0 0 0 0 0 </DataArray>
        <DataArray type="Int64" IdType="1" Name="vtkOriginalCellIds" format="ascii" RangeMin="0" RangeMax="7359">0 1 2 3 4 5 6 7 8 9 10 11 12 13 14 15 16 17 18 19 20 21 22 23 24 25 26 27 28 29 30 31 32 33 34 35 36 37 38 39 40 41 42 43 44 45 46 47 48 49 50 51 52 53 54 55 56 57 58 59 60 61 62 63 64 65 66 67 68 69 70 71 72 73 74 75 76 77 78 79 80 81 82 83 84 85 86 87 88 89 90 91 92 93 94 95 96 97 98 99 100 101 102 103 104 105 106 107 108 109 110 111 112 113 114 115 116 117 118 119 120 121 122 123 124 125 126 127 128 129 130 131 132 133 134 135 136 137 138 139 140 141 142 143 144 145 146 147 148 149 150 151 152 153 154 155 156 157 158 159 160 161 162 163 164 165 166 167 168 169 170 171 172 173 174 175 176 177 178 179 180 181 182 183 184 185 186 187 188 189 190 191 192 193 194 195 196 197 198 199 200 201 202 203 204 205 206 207 208 209 210 211 212 213 214 215 216 217 218 219 220 221 222 223 224 225 226 227 228 229 230 231 232 233 234 235 236 237 238 239 240 241 242 243 244 245 246 247 248 249 250 251 252 253 254 255 256 257 258 259 260 261 262 263 264 265 266 267 268 269 270 271 272 273 274 275 276 277 278 279 280 281 282 283 284 285 286 287 288 289 290 291 292 293 294 295 296 297 298 299 300 301 302 303 304 305 306 307 308 309 310 311 312 313 314 315 316 317 318 319 320 321 322 323 324 325 326 327 328 329 330 331 332 333 334 335 336 337 338 339 340 341 342 343 344 345 346 347 348 349 350 351 352 353 354 355 356 357 358 359 360 361 362 363 364 365 366 367 368 369 370 371 372 373 374 375 376 377 378 379 380 381 382 383 384 385 386 387 388 389 390 391 392 393 394 395 396 397 398 399 400 401 402 403 404 405 406 407 408 409 410 411 412 413 414 415 416 417 418 419 420 421 422 423 424 425 426 427 428 429 430 431 432 433 434 435 436 437 438 439 440 441 442 443 444 445 446 447 448 449 450 451 452 453 454 455 456 457 458 459 460 461 462 463 464 465 466 467 468 469 470 471 472 473 474 475 476 477 478 479 480 481 482 483 484 485 486 487 488 489 490 491 492 493 494 495 496 497 498 499 500 501 502 503 504 505 506 507 508 509 510 511 512 513 514 515 516 517 518 519 520 521 522 523 524 525 526 527 528 529 530 531 532 533 534 535 536 537 538 539 540 541 542 543 544 545 546 547 548 549 550 551 552 553 554 555 556 557 558 559 560 561 562 563 564 565 566 567 568 569 570 571 572 573 574 575 576 577 578 579 580 581 582 583 584 585 586 587 588 589 590 591 592 593 594 595 596 597 598 599 600 601 602 603 604 605 606 607 608 609 610 611 612 613 614 615 616 617 618 619 620 621 622 623 624 625 626 627 628 629 630 631 632 633 634 635 636 637 638 639 640 641 642 643 644 645 646 647 648 649 650 651 652 653 654 655 656 657 658 659 660 661 662 663 664 665 666 667 668 669 670 671 672 673 674 675 676 677 678 679 680 681 682 683 684 685 686 687 688 689 690 691 692 693 694 695 696 697 698 699 700 701 702 703 704 705 706 707 708 709 710 711 712 713 714 715 716 717 718 719 720 721 722 723 724 725 726 727 728 729 730 731 732 733 734 735 736 737 738 739 740 741 742 743 744 745 746 747 748 749 750 751 752 753 754 755 756 757 758 759 760 761 762 763 764 765 766 767 768 769 770 771 772 773 774 775 776 777 778 779 780 781 782 783 784 785 786 787 788 789 790 791 792 793 794 795 796 797 798 799 800 801 802 803 804 805 806 807 808 809 810 811 812 813 814 815 816 817 818 819 820 821 822 823 824 825 826 827 828 829 830 831 832 833 834 835 836 837 838 839 840 841 842 843 844 845 846 847 848 849 850 851 852 853 854 855 856 857 858 859 860 861 862 863 864 865 866 867 868 869 870 871 872 873 874 875 876 877 878 879 880 881 882 883 884 885 886 887 888 889 890 891 892 893 894 895 896 897 898 899 900 901 902 903 904 905 906 907 908 909 910 911 912 913 914 915 916 917 918 919 920 921 922 923 924 925 926 927 928 929 930 931 932 933 934 935 936 937 938 939 940 941 942 943 944 945 946 947 948 949 950 951 952 953 954 955 956 957 958 959 960 961 962 963 964 965 966 967 968 969 970 971 972 973 974 975 976 977 978 979 980 981 982 983 984 985 986 987 988 989 990 991 992 993 994 995 996 997 998 999 1000 1001 1002 1003 1004 1005 1006 1007 1008 1009 1010 1011 1012 1013 1014 1015 1016 1017 1018 1019 1020 1021 1022 1023 1024 1025 1026 1027 1028 1029 1030 1031 1032 1033 1034 1035 1036 1037 1038 1039 1040 1041 1042 1043 1044 1045 1046 1047 1048 1049 1050 1051 1052 1053 1054 1055 1056 1057 1058 1059 1060 1061 1062 1063 1064 1065 1066 1067 1068 1069 1070 1071 1072 1073 1074 1075 1076 1077 1078 1079 1080 1081 1082 1083 1084 1085 1086 1087 1088 1089 1090 1091 1092 1093 1094 1095 1096 1097 1098 1099 1100 1101 1102 1103 1104 1105 1106 1107 1108 1109 1110 1111 1112 1113 1114 1115 1116 1117 1118 1119 1120 1121 1122 1123 1124 1125 1126 1127 1128 1129 1130 1131 1132 1133 1134 1135 1136 1137 1138 1139 1140 1141 1142 1143 1144 1145 1146 1147 1148 1149 1150 1151 1152 1153 1154 1155 1156 1157 1158 1159 1160 1161 1162 1163 1164 1165 1166 1167 1168 1169 1170 1171 1172 1173 1174 1175 1176 1177 1178 1179 1180 1181 1182 1183 1184 1185 1186 1187 1188 1189 1190 1191 1192 1193 1194 1195 1196 1197 1198 1199 1200 1201 1202 1203 1204 1205 1206 1207 1208 1209 1210 1211 1212 1213 1214 1215 1216 1217 1218 1219 1220 1221 1222 1223 1224 1225 1226 1227 1228 1229 1230 1231 1232 1233 1234 1235 1236 1237 1238 1239 1240 1241 1242 1243 1244 1245 1246 1247 1248 1249 1250 1251 1252 1253 1254 1255 1256 1257 1258 1259 1260 1261 1262 1263 1264 1265 1266 1267 1268 1269 1270 1271 1272 1273 1274 1275 1276 1277 1278 1279 1280 1281 1282 1283 1284 1285 1286 1287 1288 1289 1290 1291 1292 1293 1294 1295 1296 1297 1298 1299 1300 1301 1302 1303 1304 1305 1306 1307 1308 1309 1310 1311 1312 1313 1314 1315 1316 1317 1318 1319 1320 1321 1322 1323 1324 1325 1326 1327 1328 1329 1330 1331 1332 1333 1334 1335 1336 1337 1338 1339 1340 1341 1342 1343 1344 1345 1346 1347 1348 1349 1350 1351 1352 1353 1354 1355 1356 1357 1358 1359 1360 1361 1362 1363 1364 1365 1366 1367 1368 1369 1370 1371 1372 1373 1374 1375 1376 1377 1378 1379 1380 1381 1382 1383 1384 1385 1386 1387 1388 1389 1390 1391 1392 1393 1394 1395 1396 1397 1398 1399 1400 1401 1402 1403 1404 1405 1406 1407 1408 1409 1410 1411 1412 1413 1414 1415 1416 1417 1418 1419 1420 1421 1422 1423 1424 1425 1426 1427 1428 1429 1430 1431 1432 1433 1434 1435 1436 1437 1438 1439 1440 1441 1442 1443 1444 1445 1446 1447 1448 1449 1450 1451 1452 1453 1454 1455 1456 1457 1458 1459 1460 1461 1462 1463 1464 1465 1466 1467 1468 1469 1470 1471 1472 1473 1474 1475 1476 1477 1478 1479 1480 1481 1482 1483 1484 1485 1486 1487 1488 1489 1490 1491 1492 1493 1494 1495 1496 1497 1498 1499 1500 1501 1502 1503 1504 1505 1506 1507 1508 1509 1510 1511 1512 1513 1514 1515 1516 1517 1518 1519 1520 1521 1522 1523 1524 1525 1526 1527 1528 1529 1530 1531 1532 1533 1534 1535 1536 1537 1538 1539 1540 1541 1542 1543 1544 1545 1546 1547 1548 1549 1550 1551 1552 1553 1554 1555 1556 1557 1558 1559 1560 1561 1562 1563 1564 1565 1566 1567 1568 1569 1570 1571 1572 1573 1574 1575 1576 1577 1578 1579 1580 1581 1582 1583 1584 1585 1586 1587 1588 1589 1590 1591 1592 1593 1594 1595 1596 1597 1598 1599 1600 1601 1602 1603 1604 1605 1606 1607 1608 1609 1610 1611 1612 1613 1614 1615 1616 1617 1618 1619 1620 1621 1622 1623 1624 1625 1626 1627 1628 1629 1630 1631 1632 1633 1634 1635 1636 1637 1638 1639 1640 1641 1642 1643 1644 1645 1646 1647 1648 1649 1650 1651 1652 1653 1654 1655 1656 1657 1658 1659 1660 1661 1662 1663 1664 1665 1666 1667 1668 1669 1670 1671 1672 1673 1674 1675 1676 1677 1678 1679 1680 1681 1682 1683 1684 1685 1686 1687 1688 1689 1690 1691 1692 1693 1694 1695 1696 1697 1698 1699 1700 1701 1702 1703 1704 1705 1706 1707 1708 1709 1710 1711 1712 1713 1714 1715 1716 1717 1718 1719 1720 1721 1722 1723 1724 1725 1726 1727 1728 1729 1730 1731 1732 1733 1734 1735 1736 1737 1738 1739 1740 1741 1742 1743 1744 1745 1746 1747 1748 1749 1750 1751 1752 1753 1754 1755 1756 1757 1758 1759 1760 1761 1762 1763 1764 1765 1766 1767 1768 1769 1770 1771 1772 1773 1774 1775 1776 1777 1778 1779 1780 1781 1782 1783 1784 1785 1786 1787 1788 1789 1790 1791 1792 1793 1794 1795 1796 1797 1798 1799 1800 1801 1802 1803 1804 1805 1806 1807 1808 1809 1810 1811 1812 1813 1814 1815 1816 1817 1818 1819 1820 1821 1822 1823 1824 1825 1826 1827 1828 1829 1830 1831 1832 1833 1834 1835 1836 1837 1838 1839 1840 1841 1842 1843 1844 1845 1846 1847 1848 1849 1850 1851 1852 1853 1854 1855 1856 1857 1858 1859 1860 1861 1862 1863 1864 1865 1866 1867 1868 1869 1870 1871 1872 1873 1874 1875 1876 1877 1878 1879 1880 1881 1882 1883 1884 1885 1886 1887 1888 1889 1890 1891 1892 1893 1894 1895 1896 1897 1898 1899 1900 1901 1902 1903 1904 1905 1906 1907 1908 1909 1910 1911 1912 1913 1914 1915 1916 1917 1918 1919 1920 1921 1922 1923 1924 1925 1926 1927 1928 1929 1930 1931 1932 1933 1934 1935 1936 1937 1938 1939 1940 1941 1942 1943 1944 1945 1946 1947 1948 1949 1950 1951 1952 1953 1954 1955 1956 1957 1958 1959 1960 1961 1962 1963 1964 1965 1966 1967 1968 1969 1970 1971 1972 1973 1974 1975 1976 1977 1978 1979 1980 1981 1982 1983 1984 1985 1986 1987 1988 1989 1990 1991 1992 1993 1994 1995 1996 1997 1998 1999 2000 2001 2002 2003 2004 2005 2006 2007 2008 2009 2010 2011 2012 2013 2014 2015 2016 2017 2018 2019 2020 2021 2022 2023 2024 2025 2026 2027 2028 2029 2030 2031 2032 2033 2034 2035 2036 2037 2038 2039 2040 2041 2042 2043 2044 2045 2046 2047 2048 2049 2050 2051 2052 2053 2054 2055 2056 2057 2058 2059 2060 2061 2062 2063 2064 2065 2066 2067 2068 2069 2070 2071 2072 2073 2074 2075 2076 2077 2078 2079 2080 2081 2082 2083 2084 2085 2086 2087 2088 2089 2090 2091 2092 2093 2094 2095 2096 2097 2098 2099 2100 2101 2102 2103 2104 2105 2106 2107 2108 2109 2110 2111 2112 2113 2114 2115 2116 2117 2118 2119 2120 2121 2122 2123 2124 2125 2126 2127 2128 2129 2130 2131 2132 2133 2134 2135 2136 2137 2138 2139 2140 2141 2142 2143 2144 2145 2146 2147 2148 2149 2150 2151 2152 2153 2154 2155 2156 2157 2158 2159 2160 2161 2162 2163 2164 2165 2166 2167 2168 2169 2170 2171 2172 2173 2174 2175 2176 2177 2178 2179 2180 2181 2182 2183 2184 2185 2186 2187 2188 2189 2190 2191 2192 2193 2194 2195 2196 2197 2198 2199 2200 2201 2202 2203 2204 2205 2206 2207 2208 2209 2210 2211 2212 2213 2214 2215 2216 2217 2218 2219 2220 2221 2222 2223 2224 2225 2226 2227 2228 2229 2230 2231 2232 2233 2234 2235 2236 2237 2238 2239 2240 2241 2242 2243 2244 2245 2246 2247 2248 2249 2250 2251 2252 2253 2254 2255 2256 2257 2258 2259 2260 2261 2262 2263 2264 2265 2266 2267 2268 2269 2270 2271 2272 2273 2274 2275 2276 2277 2278 2279 2280 2281 2282 2283 2284 2285 2286 2287 2288 2289 2290 2291 2292 2293 2294 2295 2296 2297 2298 2299 2300 2301 2302 2303 2304 2305 2306 2307 2308 2309 2310 2311 2312 2313 2314 2315 2316 2317 2318 2319 2320 2321 2322 2323 2324 2325 2326 2327 2328 2329 2330 2331 2332 2333 2334 2335 2336 2337 2338 2339 2340 2341 2342 2343 2344 2345 2346 2347 2348 2349 2350 2351 2352 2353 2354 2355 2356 2357 2358 2359 2360 2361 2362 2363 2364 2365 2366 2367 2368 2369 2370 2371 2372 2373 2374 2375 2376 2377 2378 2379 2380 2381 2382 2383 2384 2385 2386 2387 2388 2389 2390 2391 2392 2393 2394 2395 2396 2397 2398 2399 2400 2401 2402 2403 2404 2405 2406 2407 2408 2409 2410 2411 2412 2413 2414 2415 2416 2417 2418 2419 2420 2421 2422 2423 2424 2425 2426 2427 2428 2429 2430 2431 2432 2433 2434 2435 2436 2437 2438 2439 2440 2441 2442 2443 2444 2445 2446 2447 2448 2449 2450 2451 2452 2453 2454 2455 2456 2457 2458 2459 2460 2461 2462 2463 2464 2465 2466 2467 2468 2469 2470 2471 2472 2473 2474 2475 2476 2477 2478 2479 2480 2481 2482 2483 2484 2485 2486 2487 2488 2489 2490 2491 2492 2493 2494 2495 2496 2497 2498 2499 2500 2501 2502 2503 2504 2505 2506 2507 2508 2509 2510 2511 2512 2513 2514 2515 2516 2517 2518 2519 2520 2521 2522 2523 2524 2525 2526 2527 2528 2529 2530 2531 2532 2533 2534 2535 2536 2537 2538 2539 2540 2541 2542 2543 2544 2545 2546 2547 2548 2549 2550 2551 2552 2553 2554 2555 2556 2557 2558 2559 2560 2561 2562 2563 2564 2565 2566 2567 2568 2569 2570 2571 2572 2573 2574 2575 2576 2577 2578 2579 2580 2581 2582 2583 2584 2585 2586 2587 2588 2589 2590 2591 2592 2593 2594 2595 2596 2597 2598 2599 2600 2601 2602 2603 2604 2605 2606 2607 2608 2609 2610 2611 2612 2613 2614 2615 2616 2617 2618 2619 2620 2621 2622 2623 2624 2625 2626 2627 2628 2629 2630 2631 2632 2633 2634 2635 2636 2637 2638 2639 2640 2641 2642 2643 2644 2645 2646 2647 2648 2649 2650 2651 2652 2653 2654 2655 2656 2657 2658 2659 2660 2661 2662 2663 2664 2665 2666 2667 2668 2669 2670 2671 2672 2673 2674 2675 2676 2677 2678 2679 2680 2681 2682 2683 2684 2685 2686 2687 2688 2689 2690 2691 2692 2693 2694 2695 2696 2697 2698 2699 2700 2701 2702 2703 2704 2705 2706 2707 2708 2709 2710 2711 2712 2713 2714 2715 2716 2717 2718 2719 2720 2721 2722 2723 2724 2725 2726 2727 2728 2729 2730 2731 2732 2733 2734 2735 2736 2737 2738 2739 2740 2741 2742 2743 2744 2745 2746 2747 2748 2749 2750 2751 2752 2753 2754 2755 2756 2757 2758 2759 2760 2761 2762 2763 2764 2765 2766 2767 2768 2769 2770 2771 2772 2773 2774 2775 2776 2777 2778 2779 2780 2781 2782 2783 2784 2785 2786 2787 2788 2789 2790 2791 2792 2793 2794 2795 2796 2797 2798 2799 2800 2801 2802 2803 2804 2805 2806 2807 2808 2809 2810 2811 2812 2813 2814 2815 2816 2817 2818 2819 2820 2821 2822 2823 2824 2825 2826 2827 2828 2829 2830 2831 2832 2833 2834 2835 2836 2837 2838 2839 2840 2841 2842 2843 2844 2845 2846 2847 2848 2849 2850 2851 2852 2853 2854 2855 2856 2857 2858 2859 2860 2861 2862 2863 2864 2865 2866 2867 2868 2869 2870 2871 2872 2873 2874 2875 2876 2877 2878 2879 2880 2881 2882 2883 2884 2885 2886 2887 2888 2889 2890 2891 2892 2893 2894 2895 2896 2897 2898 2899 2900 2901 2902 2903 2904 2905 2906 2907 2908 2909 2910 2911 2912 2913 2914 2915 2916 2917 2918 2919 2920 2921 2922 2923 2924 2925 2926 2927 2928 2929 2930 2931 2932 2933 2934 2935 2936 2937 2938 2939 2940 2941 2942 2943 2944 2945 2946 2947 2948 2949 2950 2951 2952 2953 2954 2955 2956 2957 2958 2959 2960 2961 2962 2963 2964 2965 2966 2967 2968 2969 2970 2971 2972 2973 2974 2975 2976 2977 2978 2979 2980 2981 2982 2983 2984 2985 2986 2987 2988 2989 2990 2991 2992 2993 2994 2995 2996 2997 2998 2999 3000 3001 3002 3003 3004 3005 3006 3007 3008 3009 3010 3011 3012 3013 3014 3015 3016 3017 3018 3019 3020 3021 3022 3023 3024 3025 3026 3027 3028 3029 3030 3031 3032 3033 3034 3035 3036 3037 3038 3039 3040 3041 3042 3043 3044 3045 3046 3047 3048 3049 3050 3051 3052 3053 3054 3055 3056 3057 3058 3059 3060 3061 3062 3063 3064 3065 3066 3067 3068 3069 3070 3071 3072 3073 3074 3075 3076 3077 3078 3079 3080 3081 3082 3083 3084 3085 3086 3087 3088 3089 3090 3091 3092 3093 3094 3095 3096 3097 3098 3099 3100 3101 3102 3103 3104 3105 3106 3107 3108 3109 3110 3111 3112 3113 3114 3115 3116 3117 3118 3119 3120 3121 3122 3123 3124 3125 3126 3127 3128 3129 3130 3131 3132 3133 3134 3135 3136 3137 3138 3139 3140 3141 3142 3143 3144 3145 3146 3147 3148 3149 3150 3151 3152 3153 3154 3155 3156 3157 3158 3159 3160 3161 3162 3163 3164 3165 3166 3167 3168 3169 3170 3171 3172 3173 3174 3175 3176 3177 3178 3179 3180 3181 3182 3183 3184 3185 3186 3187 3188 3189 3190 3191 3192 3193 3194 3195 3196 3197 3198 3199 3200 3201 3202 3203 3204 3205 3206 3207 3208 3209 3210 3211 3212 3213 3214 3215 3216 3217 3218 3219 3220 3221 3222 3223 3224 3225 3226 3227 3228 3229 3230 3231 3232 3233 3234 3235 3236 3237 3238 3239 3240 3241 3242 3243 3244 3245 3246 3247 3248 3249 3250 3251 3252 3253 3254 3255 3256 3257 3258 3259 3260 3261 3262 3263 3264 3265 3266 3267 3268 3269 3270 3271 3272 3273 3274 3275 3276 3277 3278 3279 3280 3281 3282 3283 3284 3285 3286 3287 3288 3289 3290 3291 3292 3293 3294 3295 3296 3297 3298 3299 3300 3301 3302 3303 3304 3305 3306 3307 3308 3309 3310 3311 3312 3313 3314 3315 3316 3317 3318 3319 3320 3321 3322 3323 3324 3325 3326 3327 3328 3329 3330 3331 3332 3333 3334 3335 3336 3337 3338 3339 3340 3341 3342 3343 3344 3345 3346 3347 3348 3349 3350 3351 3352 3353 3354 3355 3356 3357 3358 3359 3360 3361 3362 3363 3364 3365 3366 3367 3368 3369 3370 3371 3372 3373 3374 3375 3376 3377 3378 3379 3380 3381 3382 3383 3384 3385 3386 3387 3388 3389 3390 3391 3392 3393 3394 3395 3396 3397 3398 3399 3400 3401 3402 3403 3404 3405 3406 3407 3408 3409 3410 3411 3412 3413 3414 3415 3416 3417 3418 3419 3420 3421 3422 3423 3424 3425 3426 3427 3428 3429 3430 3431 3432 3433 3434 3435 3436 3437 3438 3439 3440 3441 3442 3443 3444 3445 3446 3447 3448 3449 3450 3451 3452 3453 3454 3455 3456 3457 3458 3459 3460 3461 3462 3463 3464 3465 3466 3467 3468 3469 3470 3471 3472 3473 3474 3475 3476 3477 3478 3479 3480 3481 3482 3483 3484 3485 3486 3487 3488 3489 3490 3491 3492 3493 3494 3495 3496 3497 3498 3499 3500 3501 3502 3503 3504 3505 3506 3507 3508 3509 3510 3511 3512 3513 3514 3515 3516 3517 3518 3519 3520 3521 3522 3523 3524 3525 3526 3527 3528 3529 3530 3531 3532 3533 3534 3535 3536 3537 3538 3539 3540 3541 3542 3543 3544 3545 3546 3547 3548 3549 3550 3551 3552 3553 3554 3555 3556 3557 3558 3559 3560 3561 3562 3563 3564 3565 3566 3567 3568 3569 3570 3571 3572 3573 3574 3575 3576 3577 3578 3579 3580 3581 3582 3583 3584 3585 3586 3587 3588 3589 3590 3591 3592 3593 3594 3595 3596 3597 3598 3599 3600 3601 3602 3603 3604 3605 3606 3607 3608 3609 3610 3611 3612 3613 3614 3615 3616 3617 3618 3619 3620 3621 3622 3623 3624 3625 3626 3627 3628 3629 3630 3631 3632 3633 3634 3635 3636 3637 3638 3639 3640 3641 3642 3643 3644 3645 3646 3647 3648 3649 3650 3651 3652 3653 3654 3655 3656 3657 3658 3659 3660 3661 3662 3663 3664 3665 3666 3667 3668 3669 3670 3671 3672 3673 3674 3675 3676 3677 3678 3679 3680 3681 3682 3683 3684 3685 3686 3687 3688 3689 3690 3691 3692 3693 3694 3695 3696 3697 3698 3699 3700 3701 3702 3703 3704 3705 3706 3707 3708 3709 3710 3711 3712 3713 3714 3715 3716 3717 3718 3719 3720 3721 3722 3723 3724 3725 3726 3727 3728 3729 3730 3731 3732 3733 3734 3735 3736 3737 3738 3739 3740 3741 3742 3743 3744 3745 3746 3747 3748 3749 3750 3751 3752 3753 3754 3755 3756 3757 3758 3759 3760 3761 3762 3763 3764 3765 3766 3767 3768 3769 3770 3771 3772 3773 3774 3775 3776 3777 3778 3779 3780 3781 3782 3783 3784 3785 3786 3787 3788 3789 3790 3791 3792 3793 3794 3795 3796 3797 3798 3799 3800 3801 3802 3803 3804 3805 3806 3807 3808 3809 3810 3811 3812 3813 3814 3815 3816 3817 3818 3819 3820 3821 3822 3823 3824 3825 3826 3827 3828 3829 3830 3831 3832 3833 3834 3835 3836 3837 3838 3839 3840 3841 3842 3843 3844 3845 3846 3847 3848 3849 3850 3851 3852 3853 3854 3855 3856 3857 3858 3859 3860 3861 3862 3863 3864 3865 3866 3867 3868 3869 3870 3871 3872 3873 3874 3875 3876 3877 3878 3879 3880 3881 3882 3883 3884 3885 3886 3887 3888 3889 3890 3891 3892 3893 3894 3895 3896 3897 3898 3899 3900 3901 3902 3903 3904 3905 3906 3907 3908 3909 3910 3911 3912 3913 3914 3915 3916 3917 3918 3919 3920 3921 3922 3923 3924 3925 3926 3927 3928 3929 3930 3931 3932 3933 3934 3935 3936 3937 3938 3939 3940 3941 3942 3943 3944 3945 3946 3947 3948 3949 3950 3951 3952 3953 3954 3955 3956 3957 3958 3959 3960 3961 3962 3963 3964 3965 3966 3967 3968 3969 3970 3971 3972 3973 3974 3975 3976 3977 3978 3979 3980 3981 3982 3983 3984 3985 3986 3987 3988 3989 3990 3991 3992 3993 3994 3995 3996 3997 3998 3999 4000 4001 4002 4003 4004 4005 4006 4007 4008 4009 4010 4011 4012 4013 4014 4015 4016 4017 4018 4019 4020 4021 4022 4023 4024 4025 4026 4027 4028 4029 4030 4031 4032 4033 4034 4035 4036 4037 4038 4039 4040 4041 4042 4043 4044 4045 4046 4047 4048 4049 4050 4051 4052 4053 4054 4055 4056 4057 4058 4059 4060 4061 4062 4063 4064 4065 4066 4067 4068 4069 4070 4071 4072 4073 4074 4075 4076 4077 4078 4079 4080 4081 4082 4083 4084 4085 4086 4087 4088 4089 4090 4091 4092 4093 4094 4095 4096 4097 4098 4099 4100 4101 4102 4103 4104 4105 4106 4107 4108 4109 4110 4111 4112 4113 4114 4115 4116 4117 4118 4119 4120 4121 4122 4123 4124 4125 4126 4127 4128 4129 4130 4131 4132 4133 4134 4135 4136 4137 4138 4139 4140 4141 4142 4143 4144 4145 4146 4147 4148 4149 4150 4151 4152 4153 4154 4155 4156 4157 4158 4159 4160 4161 4162 4163 4164 4165 4166 4167 4168 4169 4170 4171 4172 4173 4174 4175 4176 4177 4178 4179 4180 4181 4182 4183 4184 4185 4186 4187 4188 4189 4190 4191 4192 4193 4194 4195 4196 4197 4198 4199 4200 4201 4202 4203 4204 4205 4206 4207 4208 4209 4210 4211 4212 4213 4214 4215 4216 4217 4218 4219 4220 4221 4222 4223 4224 4225 4226 4227 4228 4229 4230 4231 4232 4233 4234 4235 4236 4237 4238 4239 4240 4241 4242 4243 4244 4245 4246 4247 4248 4249 4250 4251 4252 4253 4254 4255 4256 4257 4258 4259 4260 4261 4262 4263 4264 4265 4266 4267 4268 4269 4270 4271 4272 4273 4274 4275 4276 4277 4278 4279 4280 4281 4282 4283 4284 4285 4286 4287 4288 4289 4290 4291 4292 4293 4294 4295 4296 4297 4298 4299 4300 4301 4302 4303 4304 4305 4306 4307 4308 4309 4310 4311 4312 4313 4314 4315 4316 4317 4318 4319 4320 4321 4322 4323 4324 4325 4326 4327 4328 4329 4330 4331 4332 4333 4334 4335 4336 4337 4338 4339 4340 4341 4342 4343 4344 4345 4346 4347 4348 4349 4350 4351 4352 4353 4354 4355 4356 4357 4358 4359 4360 4361 4362 4363 4364 4365 4366 4367 4368 4369 4370 4371 4372 4373 4374 4375 4376 4377 4378 4379 4380 4381 4382 4383 4384 4385 4386 4387 4388 4389 4390 4391 4392 4393 4394 4395 4396 4397 4398 4399 4400 4401 4402 4403 4404 4405 4406 4407 4408 4409 4410 4411 4412 4413 4414 4415 4416 4417 4418 4419 4420 4421 4422 4423 4424 4425 4426 4427 4428 4429 4430 4431 4432 4433 4434 4435 4436 4437 4438 4439 4440 4441 4442 4443 4444 4445 4446 4447 4448 4449 4450 4451 4452 4453 4454 4455 4456 4457 4458 4459 4460 4461 4462 4463 4464 4465 4466 4467 4468 4469 4470 4471 4472 4473 4474 4475 4476 4477 4478 4479 4480 4481 4482 4483 4484 4485 4486 4487 4488 4489 4490 4491 4492 4493 4494 4495 4496 4497 4498 4499 4500 4501 4502 4503 4504 4505 4506 4507 4508 4509 4510 4511 4512 4513 4514 4515 4516 4517 4518 4519 4520 4521 4522 4523 4524 4525 4526 4527 4528 4529 4530 4531 4532 4533 4534 4535 4536 4537 4538 4539 4540 4541 4542 4543 4544 4545 4546 4547 4548 4549 4550 4551 4552 4553 4554 4555 4556 4557 4558 4559 4560 4561 4562 4563 4564 4565 4566 4567 4568 4569 4570 4571 4572 4573 4574 4575 4576 4577 4578 4579 4580 4581 4582 4583 4584 4585 4586 4587 4588 4589 4590 4591 4592 4593 4594 4595 4596 4597 4598 4599 4600 4601 4602 4603 4604 4605 4606 4607 4608 4609 4610 4611 4612 4613 4614 4615 4616 4617 4618 4619 4620 4621 4622 4623 4624 4625 4626 4627 4628 4629 4630 4631 4632 4633 4634 4635 4636 4637 4638 4639 4640 4641 4642 4643 4644 4645 4646 4647 4648 4649 4650 4651 4652 4653 4654 4655 4656 4657 4658 4659 4660 4661 4662 4663 4664 4665 4666 4667 4668 4669 4670 4671 4672 4673 4674 4675 4676 4677 4678 4679 4680 4681 4682 4683 4684 4685 4686 4687 4688 4689 4690 4691 4692 4693 4694 4695 4696 4697 4698 4699 4700 4701 4702 4703 4704 4705 4706 4707 4708 4709 4710 4711 4712 4713 4714 4715 4716 4717 4718 4719 4720 4721 4722 4723 4724 4725 4726 4727 4728 4729 4730 4731 4732 4733 4734 4735 4736 4737 4738 4739 4740 4741 4742 4743 4744 4745 4746 4747 4748 4749 4750 4751 4752 4753 4754 4755 4756 4757 4758 4759 4760 4761 4762 4763 4764 4765 4766 4767 4768 4769 4770 4771 4772 4773 4774 4775 4776 4777 4778 4779 4780 4781 4782 4783 4784 4785 4786 4787 4788 4789 4790 4791 4792 4793 4794 4795 4796 4797 4798 4799 4800 4801 4802 4803 4804 4805 4806 4807 4808 4809 4810 4811 4812 4813 4814 4815 4816 4817 4818 4819 4820 4821 4822 4823 4824 4825 4826 4827 4828 4829 4830 4831 4832 4833 4834 4835 4836 4837 4838 4839 4840 4841 4842 4843 4844 4845 4846 4847 4848 4849 4850 4851 4852 4853 4854 4855 4856 4857 4858 4859 4860 4861 4862 4863 4864 4865 4866 4867 4868 4869 4870 4871 4872 4873 4874 4875 4876 4877 4878 4879 4880 4881 4882 4883 4884 4885 4886 4887 4888 4889 4890 4891 4892 4893 4894 4895 4896 4897 4898 4899 4900 4901 4902 4903 4904 4905 4906 4907 4908 4909 4910 4911 4912 4913 4914 4915 4916 4917 4918 4919 4920 4921 4922 4923 4924 4925 4926 4927 4928 4929 4930 4931 4932 4933 4934 4935 4936 4937 4938 4939 4940 4941 4942 4943 4944 4945 4946 4947 4948 4949 4950 4951 4952 4953 4954 4955 4956 4957 4958 4959 4960 4961 4962 4963 4964 4965 4966 4967 4968 4969 4970 4971 4972 4973 4974 4975 4976 4977 4978 4979 4980 4981 4982 4983 4984 4985 4986 4987 4988 4989 4990 4991 4992 4993 4994 4995 4996 4997 4998 4999 5000 5001 5002 5003 5004 5005 5006 5007 5008 5009 5010 5011 5012 5013 5014 5015 5016 5017 5018 5019 5020 5021 5022 5023 5024 5025 5026 5027 5028 5029 5030 5031 5032 5033 5034 5035 5036 5037 5038 5039 5040 5041 5042 5043 5044 5045 5046 5047 5048 5049 5050 5051 5052 5053 5054 5055 5056 5057 5058 5059 5060 5061 5062 5063 5064 5065 5066 5067 5068 5069 5070 5071 5072 5073 5074 5075 5076 5077 5078 5079 5080 5081 5082 5083 5084 5085 5086 5087 5088 5089 5090 5091 5092 5093 5094 5095 5096 5097 5098 5099 5100 5101 5102 5103 5104 5105 5106 5107 5108 5109 5110 5111 5112 5113 5114 5115 5116 5117 5118 5119 5120 5121 5122 5123 5124 5125 5126 5127 5128 5129 5130 5131 5132 5133 5134 5135 5136 5137 5138 5139 5140 5141 5142 5143 5144 5145 5146 5147 5148 5149 5150 5151 5152 5153 5154 5155 5156 5157 5158 5159 5160 5161 5162 5163 5164 5165 5166 5167 5168 5169 5170 5171 5172 5173 5174 5175 5176 5177 5178 5179 5180 5181 5182 5183 5184 5185 5186 5187 5188 5189 5190 5191 5192 5193 5194 5195 5196 5197 5198 5199 5200 5201 5202 5203 5204 5205 5206 5207 5208 5209 5210 5211 5212 5213 5214 5215 5216 5217 5218 5219 5220 5221 5222 5223 5224 5225 5226 5227 5228 5229 5230 5231 5232 5233 5234 5235 5236 5237 5238 5239 5240 5241 5242 5243 5244 5245 5246 5247 5248 5249 5250 5251 5252 5253 5254 5255 5256 5257 5258 5259 5260 5261 5262 5263 5264 5265 5266 5267 5268 5269 5270 5271 5272 5273 5274 5275 5276 5277 5278 5279 5280 5281 5282 5283 5284 5285 5286 5287 5288 5289 5290 5291 5292 5293 5294 5295 5296 5297 5298 5299 5300 5301 5302 5303 5304 5305 5306 5307 5308 5309 5310 5311 5312 5313 5314 5315 5316 5317 5318 5319 5320 5321 5322 5323 5324 5325 5326 5327 5328 5329 5330 5331 5332 5333 5334 5335 5336 5337 5338 5339 5340 5341 5342 5343 5344 5345 5346 5347 5348 5349 5350 5351 5352 5353 5354 5355 5356 5357 5358 5359 5360 5361 5362 5363 5364 5365 5366 5367 5368 5369 5370 5371 5372 5373 5374 5375 5376 5377 5378 5379 5380 5381 5382 5383 5384 5385 5386 5387 5388 5389 5390 5391 5392 5393 5394 5395 5396 5397 5398 5399 5400 5401 5402 5403 5404 5405 5406 5407 5408 5409 5410 5411 5412 5413 5414 5415 5416 5417 5418 5419 5420 5421 5422 5423 5424 5425 5426 5427 5428 5429 5430 5431 5432 5433 5434 5435 5436 5437 5438 5439 5440 5441 5442 5443 5444 5445 5446 5447 5448 5449 5450 5451 5452 5453 5454 5455 5456 5457 5458 5459 5460 5461 5462 5463 5464 5465 5466 5467 5468 5469 5470 5471 5472 5473 5474 5475 5476 5477 5478 5479 5480 5481 5482 5483 5484 5485 5486 5487 5488 5489 5490 5491 5492 5493 5494 5495 5496 5497 5498 5499 5500 5501 5502 5503 5504 5505 5506 5507 5508 5509 5510 5511 5512 5513 5514 5515 5516 5517 5518 5519 5520 5521 5522 5523 5524 5525 5526 5527 5528 5529 5530 5531 5532 5533 5534 5535 5536 5537 5538 5539 5540 5541 5542 5543 5544 5545 5546 5547 5548 5549 5550 5551 5552 5553 5554 5555 5556 5557 5558 5559 5560 5561 5562 5563 5564 5565 5566 5567 5568 5569 5570 5571 5572 5573 5574 5575 5576 5577 5578 5579 5580 5581 5582 5583 5584 5585 5586 5587 5588 5589 5590 5591 5592 5593 5594 5595 5596 5597 5598 5599 5600 5601 5602 5603 5604 5605 5606 5607 5608 5609 5610 5611 5612 5613 5614 5615 5616 5617 5618 5619 5620 5621 5622 5623 5624 5625 5626 5627 5628 5629 5630 5631 5632 5633 5634 5635 5636 5637 5638 5639 5640 5641 5642 5643 5644 5645 5646 5647 5648 5649 5650 5651 5652 5653 5654 5655 5656 5657 5658 5659 5660 5661 5662 5663 5664 5665 5666 5667 5668 5669 5670 5671 5672 5673 5674 5675 5676 5677 5678 5679 5680 5681 5682 5683 5684 5685 5686 5687 5688 5689 5690 5691 5692 5693 5694 5695 5696 5697 5698 5699 5700 5701 5702 5703 5704 5705 5706 5707 5708 5709 5710 5711 5712 5713 5714 5715 5716 5717 5718 5719 5720 5721 5722 5723 5724 5725 5726 5727 5728 5729 5730 5731 5732 5733 5734 5735 5736 5737 5738 5739 5740 5741 5742 5743 5744 5745 5746 5747 5748 5749 5750 5751 5752 5753 5754 5755 5756 5757 5758 5759 5760 5761 5762 5763 5764 5765 5766 5767 5768 5769 5770 5771 5772 5773 5774 5775 5776 5777 5778 5779 5780 5781 5782 5783 5784 5785 5786 5787 5788 5789 5790 5791 5792 5793 5794 5795 5796 5797 5798 5799 5800 5801 5802 5803 5804 5805 5806 5807 5808 5809 5810 5811 5812 5813 5814 5815 5816 5817 5818 5819 5820 5821 5822 5823 5824 5825 5826 5827 5828 5829 5830 5831 5832 5833 5834 5835 5836 5837 5838 5839 5840 5841 5842 5843 5844 5845 5846 5847 5848 5849 5850 5851 5852 5853 5854 5855 5856 5857 5858 5859 5860 5861 5862 5863 5864 5865 5866 5867 5868 5869 5870 5871 5872 5873 5874 5875 5876 5877 5878 5879 5880 5881 5882 5883 5884 5885 5886 5887 5888 5889 5890 5891 5892 5893 5894 5895 5896 5897 5898 5899 5900 5901 5902 5903 5904 5905 5906 5907 5908 5909 5910 5911 5912 5913 5914 5915 5916 5917 5918 5919 5920 5921 5922 5923 5924 5925 5926 5927 5928 5929 5930 5931 5932 5933 5934 5935 5936 5937 5938 5939 5940 5941 5942 5943 5944 5945 5946 5947 5948 5949 5950 5951 5952 5953 5954 5955 5956 5957 5958 5959 5960 5961 5962 5963 5964 5965 5966 5967 5968 5969 5970 5971 5972 5973 5974 5975 5976 5977 5978 5979 5980 5981 5982 5983 5984 5985 5986 5987 5988 5989 5990 5991 5992 5993 5994 5995 5996 5997 5998 5999 6000 6001 6002 6003 6004 6005 6006 6007 6008 6009 6010 6011 6012 6013 6014 6015 6016 6017 6018 6019 6020 6021 6022 6023 6024 6025 6026 6027 6028 6029 6030 6031 6032 6033 6034 6035 6036 6037 6038 6039 6040 6041 6042 6043 6044 6045 6046 6047 6048 6049 6050 6051 6052 6053 6054 6055 6056 6057 6058 6059 6060 6061 6062 6063 6064 6065 6066 6067 6068 6069 6070 6071 6072 6073 6074 6075 6076 6077 6078 6079 6080 6081 6082 6083 6084 6085 6086 6087 6088 6089 6090 6091 6092 6093 6094 6095 6096 6097 6098 6099 6100 6101 6102 6103 6104 6105 6106 6107 6108 6109 6110 6111 6112 6113 6114 6115 6116 6117 6118 6119 6120 6121 6122 6123 6124 6125 6126 6127 6128 6129 6130 6131 6132 6133 6134 6135 6136 6137 6138 6139 6140 6141 6142 6143 6144 6145 6146 6147 6148 6149 6150 6151 6152 6153 6154 6155 6156 6157 6158 6159 6160 6161 6162 6163 6164 6165 6166 6167 6168 6169 6170 6171 6172 6173 6174 6175 6176 6177 6178 6179 6180 6181 6182 6183 6184 6185 6186 6187 6188 6189 6190 6191 6192 6193 6194 6195 6196 6197 6198 6199 6200 6201 6202 6203 6204 6205 6206 6207 6208 6209 6210 6211 6212 6213 6214 6215 6216 6217 6218 6219 6220 6221 6222 6223 6224 6225 6226 6227 6228 6229 6230 6231 6232 6233 6234 6235 6236 6237 6238 6239 6240 6241 6242 6243 6244 6245 6246 6247 6248 6249 6250 6251 6252 6253 6254 6255 6256 6257 6258 6259 6260 6261 6262 6263 6264 6265 6266 6267 6268 6269 6270 6271 6272 6273 6274 6275 6276 6277 6278 6279 6280 6281 6282 6283 6284 6285 6286 6287 6288 6289 6290 6291 6292 6293 6294 6295 6296 6297 6298 6299 6300 6301 6302 6303 6304 6305 6306 6307 6308 6309 6310 6311 6312 6313 6314 6315 6316 6317 6318 6319 6320 6321 6322 6323 6324 6325 6326 6327 6328 6329 6330 6331 6332 6333 6334 6335 6336 6337 6338 6339 6340 6341 6342 6343 6344 6345 6346 6347 6348 6349 6350 6351 6352 6353 6354 6355 6356 6357 6358 6359 6360 6361 6362 6363 6364 6365 6366 6367 6368 6369 6370 6371 6372 6373 6374 6375 6376 6377 6378 6379 6380 6381 6382 6383 6384 6385 6386 6387 6388 6389 6390 6391 6392 6393 6394 6395 6396 6397 6398 6399 6400 6401 6402 6403 6404 6405 6406 6407 6408 6409 6410 6411 6412 6413 6414 6415 6416 6417 6418 6419 6420 6421 6422 6423 6424 6425 6426 6427 6428 6429 6430 6431 6432 6433 6434 6435 6436 6437 6438 6439 6440 6441 6442 6443 6444 6445 6446 6447 6448 6449 6450 6451 6452 6453 6454 6455 6456 6457 6458 6459 6460 6461 6462 6463 6464 6465 6466 6467 6468 6469 6470 6471 6472 6473 6474 6475 6476 6477 6478 6479 6480 6481 6482 6483 6484 6485 6486 6487 6488 6489 6490 6491 6492 6493 6494 6495 6496 6497 6498 6499 6500 6501 6502 6503 6504 6505 6506 6507 6508 6509 6510 6511 6512 6513 6514 6515 6516 6517 6518 6519 6520 6521 6522 6523 6524 6525 6526 6527 6528 6529 6530 6531 6532 6533 6534 6535 6536 6537 6538 6539 6540 6541 6542 6543 6544 6545 6546 6547 6548 6549 6550 6551 6552 6553 6554 6555 6556 6557 6558 6559 6560 6561 6562 6563 6564 6565 6566 6567 6568 6569 6570 6571 6572 6573 6574 6575 6576 6577 6578 6579 6580 6581 6582 6583 6584 6585 6586 6587 6588 6589 6590 6591 6592 6593 6594 6595 6596 6597 6598 6599 6600 6601 6602 6603 6604 6605 6606 6607 6608 6609 6610 6611 6612 6613 6614 6615 6616 6617 6618 6619 6620 6621 6622 6623 6624 6625 6626 6627 6628 6629 6630 6631 6632 6633 6634 6635 6636 6637 6638 6639 6640 6641 6642 6643 6644 6645 6646 6647 6648 6649 6650 6651 6652 6653 6654 6655 6656 6657 6658 6659 6660 6661 6662 6663 6664 6665 6666 6667 6668 6669 6670 6671 6672 6673 6674 6675 6676 6677 6678 6679 6680 6681 6682 6683 6684 6685 6686 6687 6688 6689 6690 6691 6692 6693 6694 6695 6696 6697 6698 6699 6700 6701 6702 6703 6704 6705 6706 6707 6708 6709 6710 6711 6712 6713 6714 6715 6716 6717 6718 6719 6720 6721 6722 6723 6724 6725 6726 6727 6728 6729 6730 6731 6732 6733 6734 6735 6736 6737 6738 6739 6740 6741 6742 6743 6744 6745 6746 6747 6748 6749 6750 6751 6752 6753 6754 6755 6756 6757 6758 6759 6760 6761 6762 6763 6764 6765 6766 6767 6768 6769 6770 6771 6772 6773 6774 6775 6776 6777 6778 6779 6780 6781 6782 6783 6784 6785 6786 6787 6788 6789 6790 6791 6792 6793 6794 6795 6796 6797 6798 6799 6800 6801 6802 6803 6804 6805 6806 6807 6808 6809 6810 6811 6812 6813 6814 6815 6816 6817 6818 6819 6820 6821 6822 6823 6824 6825 6826 6827 6828 6829 6830 6831 6832 6833 6834 6835 6836 6837 6838 6839 6840 6841 6842 6843 6844 6845 6846 6847 6848 6849 6850 6851 6852 6853 6854 6855 6856 6857 6858 6859 6860 6861 6862 6863 6864 6865 6866 6867 6868 6869 6870 6871 6872 6873 6874 6875 6876 6877 6878 6879 6880 6881 6882 6883 6884 6885 6886 6887 6888 6889 6890 6891 6892 6893 6894 6895 6896 6897 6898 6899 6900 6901 6902 6903 6904 6905 6906 6907 6908 6909 6910 6911 6912 6913 6914 6915 6916 6917 6918 6919 6920 6921 6922 6923 6924 6925 6926 6927 6928 6929 6930 6931 6932 6933 6934 6935 6936 6937 6938 6939 6940 6941 6942 6943 6944 6945 6946 6947 6948 6949 6950 6951 6952 6953 6954 6955 6956 6957 6958 6959 6960 6961 6962 6963 6964 6965 6966 6967 6968 6969 6970 6971 6972 6973 6974 6975 6976 6977 6978 6979 6980 6981 6982 6983 6984 6985 6986 6987 6988 6989 6990 6991 6992 6993 6994 6995 6996 6997 6998 6999 7000 7001 7002 7003 7004 7005 7006 7007 7008 7009 7010 7011 7012 7013 7014 7015 7016 7017 7018 7019 7020 7021 7022 7023 7024 7025 7026 7027 7028 7029 7030 7031 7032 7033 7034 7035 7036 7037 7038 7039 7040 7041 7042 7043 7044 7045 7046 7047 7048 7049 7050 7051 7052 7053 7054 7055 7056 7057 7058 7059 7060 7061 7062 7063 7064 7065 7066 7067 7068 7069 7070 7071 7072 7073 7074 7075 7076 7077 7078 7079 7080 7081 7082 7083 7084 7085 7086 7087 7088 7089 7090 7091 7092 7093 7094 7095 7096 7097 7098 7099 7100 7101 7102 7103 7104 7105 7106 7107 7108 7109 7110 7111 7112 7113 7114 7115 7116 7117 7118 7119 7120 7121 7122 7123 7124 7125 7126 7127 7128 7129 7130 7131 7132 7133 7134 7135 7136 7137 7138 7139 7140 7141 7142 7143 7144 7145 7146 7147 7148 7149 7150 7151 7152 7153 7154 7155 7156 7157 7158 7159 7160 7161 7162 7163 7164 7165 7166 7167 7168 7169 7170 7171 7172 7173 7174 7175 7176 7177 7178 7179 7180 7181 7182 7183 7184 7185 7186 7187 7188 7189 7190 7191 7192 7193 7194 7195 7196 7197 7198 7199 7200 7201 7202 7203 7204 7205 7206 7207 7208 7209 7210 7211 7212 7213 7214 7215 7216 7217 7218 7219 7220 7221 7222 7223 7224 7225 7226 7227 7228 7229 7230 7231 7232 7233 7234 7235 7236 7237 7238 7239 7240 7241 7242 7243 7244 7245 7246 7247 7248 7249 7250 7251 7252 7253 7254 7255 7256 7257 7258 7259 7260 7261 7262 7263 7264 7265 7266 7267 7268 7269 7270 7271 7272 7273 7274 7275 7276 7277 7278 7279 7280 7281 7282 7283 7284 7285 7286 7287 7288 7289 7290 7291 7292 7293 7294 7295 7296 7297 7298 7299 7300 7301 7302 7303 7304 7305 7306 7307 7308 7309 7310 7311 7312 7313 7314 7315 7316 7317 7318 7319 7320 7321 7322 7323 7324 7325 7326 7327 7328 7329 7330 7331 7332 7333 7334 7335 7336 7337 7338 7339 7340 7341 7342 7343 7344 7345 7346 7347 7348 7349 7350 7351 7352 7353 7354 7355 7356 7357 7358 7359 </DataArray>
      </CellData>
      <PointData Vectors="displacement">
        <DataArray type="Int64" IdType="1" Name="vtkOriginalPointIds" format="ascii" RangeMin="0" RangeMax="8288">0 1 2 3 4 5 6 7 8 9 10 11 12 13 14 15 16 17 18 19 20 21 22 23 24 25 26 27 28 29 30 31 32 33 34 35 36 37 38 39 40 41 42 43 44 45 46 47 48 49 50 51 52 53 54 55 56 57 58 59 60 61 62 63 64 65 66 67 68 69 70 71 72 73 74 75 76 77 78 79 80 81 82 83 84 85 86 87 88 89 90 91 92 93 94 95 96 97 98 99 100 101 102 103 104 105 106 107 108 109 110 111 112 113 114 115 116 117 118 119 120 121 122 123 124 125 126 127 128 129 130 131 132 133 134 135 136 137 138 139 140 141 142 143 144 145 146 147 148 149 150 151 152 153 154 155 156 157 158 159 160 161 162 163 164 165 166 167 168 169 170 171 172 173 174 175 176 177 178 179 180 181 182 183 184 185 186 187 188 189 190 191 192 193 194 195 196 197 198 199 200 201 202 203 204 205 206 207 208 209 210 211 212 213 214 215 216 217 218 219 220 221 222 223 224 225 226 227 228 229 230 231 232 233 234 235 236 237 238 239 240 241 242 243 244 245 246 247 248 249 250 251 252 253 254 255 256 257 258 259 260 261 262 263 264 265 266 267 268 269 270 271 272 273 274 275 276 277 278 279 280 281 282 283 284 285 286 287 288 289 290 291 292 293 294 295 296 297 298 299 300 301 302 303 304 305 306 307 308 309 310 311 312 313 314 315 316 317 318 319 320 321 322 323 324 325 326 327 328 329 330 331 332 333 334 335 336 337 338 339 340 341 342 343 344 345 346 347 348 349 350 351 352 353 354 355 356 357 358 359 360 361 362 363 364 365 366 367 368 369 370 371 372 373 374 375 376 377 378 379 380 381 382 383 384 385 386 387 388 389 390 391 392 393 394 395 396 397 398 399 400 401 402 403 404 405 406 407 408 409 410 411 412 413 414 415 416 417 418 419 420 421 422 423 424 425 426 427 428 429 430 431 432 433 434 435 436 437 438 439 440 441 442 443 444 445 446 447 448 449 450 451 452 453 454 455 456 457 458 459 460 461 462 463 464 465 466 467 468 469 470 471 472 473 474 475 476 477 478 479 480 481 482 483 484 485 486 487 488 489 490 491 492 493 494 495 496 497 498 499 500 501 502 503 504 505 506 507 508 509 510 511 512 513 514 515 516 517 518 519 520 521 522 523 524 525 526 527 528 529 530 531 532 533 534 535 536 537 538 539 540 541 542 543 544 545 546 547 548 549 550 551 552 553 554 555 556 557 558 559 560 561 562 563 564 565 566 567 568 569 570 571 572 573 574 575 576 577 578 579 580 581 582 583 584 585 586 587 588 589 590 591 592 593 594 595 596 597 598 599 600 601 602 603 604 605 606 607 608 609 610 611 612 613 614 615 616 617 618 619 620 621 622 623 624 625 626 627 628 629 630 631 632 633 634 635 636 637 638 639 640 641 642 643 644 645 646 647 648 649 650 651 652 653 654 655 656 657 658 659 660 661 662 663 664 665 666 667 668 669 670 671 672 673 674 675 676 677 678 679 680 681 682 683 684 685 686 687 688 689 690 691 692 693 694 695 696 697 698 699 700 701 702 703 704 705 706 707 708 709 710 711 712 713 714 715 716 717 718 719 720 721 722 723 724 725 726 727 728 729 730 731 732 733 734 735 736 737 738 739 740 741 742 743 744 745 746 747 748 749 750 751 752 753 754 755 756 757 758 759 760 761 762 763 764 765 766 767 768 769 770 771 772 773 774 775 776 777 778 779 780 781 782 783 784 785 786 787 788 789 790 791 792 793 794 795 796 797 798 799 800 801 802 803 804 805 806 807 808 809 810 811 812 813 814 815 816 817 818 819 820 821 822 823 824 825 826 827 828 829 830 831 832 833 834 835 836 837 838 839 840 841 842 843 844 845 846 847 848 849 850 851 852 853 854 855 856 857 858 859 860 861 862 863 864 865 866 867 868 869 870 871 872 873 874 875 876 877 878 879 880 881 882 883 884 885 886 887 888 889 890 891 892 893 894 895 896 897 898 899 900 901 902 903 904 905 906 907 908 909 910 911 912 913 914 915 916 917 918 919 920 921 922 923 924 925 926 927 928 929 930 931 932 933 934 935 936 937 938 939 940 941 942 943 944 945 946 947 948 949 950 951 952 953 954 955 956 957 958 959 960 961 962 963 964 965 966 967 968 969 970 971 972 973 974 975 976 977 978 979 980 981 982 983 984 985 986 987 988 989 990 991 992 993 994 995 996 997 998 999 1000 1001 1002 1003 1004 1005 1006 1007 1008 1009 1010 1011 1012 1013 1014 1015 1016 1017 1018 1019 1020 1021 1022 1023 1024 1025 1026 1027 1028 1029 1030 1031 1032 1033 1034 1035 1036 1037 1038 1039 1040 1041 1042 1043 1044 1045 1046 1047 1048 1049 1050 1051 1052 1053 1054 1055 1056 1057 1058 1059 1060 1061 1062 1063 1064 1065 1066 1067 1068 1069 1070 1071 1072 1073 1074 1075 1076 1077 1078 1079 1080 1081 1082 1083 1084 1085 1086 1087 1088 1089 1090 1091 1092 1093 1094 1095 1096 1097 1098 1099 1100 1101 1102 1103 1104 1105 1106 1107 1108 1109 1110 1111 1112 1113 1114 1115 1116 1117 1118 1119 1120 1121 1122 1123 1124 1125 1126 1127 1128 1129 1130 1131 1132 1133 1134 1135 1136 1137 1138 1139 1140 1141 1142 1143 1144 1145 1146 1147 1148 1149 1150 1151 1152 1153 1154 1155 1156 1157 1158 1159 1160 1161 1162 1163 1164 1165 1166 1167 1168 1169 1170 1171 1172 1173 1174 1175 1176 1177 1178 1179 1180 1181 1182 1183 1184 1185 1186 1187 1188 1189 1190 1191 1192 1193 1194 1195 1196 1197 1198 1199 1200 1201 1202 1203 1204 1205 1206 1207 1208 1209 1210 1211 1212 1213 1214 1215 1216 1217 1218 1219 1220 1221 1222 1223 1224 1225 1226 1227 1228 1229 1230 1231 1232 1233 1234 1235 1236 1237 1238 1239 1240 1241 1242 1243 1244 1245 1246 1247 1248 1249 1250 1251 1252 1253 1254 1255 1256 1257 1258 1259 1260 1261 1262 1263 1264 1265 1266 1267 1268 1269 1270 1271 1272 1273 1274 1275 1276 1277 1278 1279 1280 1281 1282 1283 1284 1285 1286 1287 1288 1289 1290 1291 1292 1293 1294 1295 1296 1297 1298 1299 1300 1301 1302 1303 1304 1305 1306 1307 1308 1309 1310 1311 1312 1313 1314 1315 1316 1317 1318 1319 1320 1321 1322 1323 1324 1325 1326 1327 1328 1329 1330 1331 1332 1333 1334 1335 1336 1337 1338 1339 1340 1341 1342 1343 1344 1345 1346 1347 1348 1349 1350 1351 1352 1353 1354 1355 1356 1357 1358 1359 1360 1361 1362 1363 1364 1365 1366 1367 1368 1369 1370 1371 1372 1373 1374 1375 1376 1377 1378 1379 1380 1381 1382 1383 1384 1385 1386 1387 1388 1389 1390 1391 1392 1393 1394 1395 1396 1397 1398 1399 1400 1401 1402 1403 1404 1405 1406 1407 1408 1409 1410 1411 1412 1413 1414 1415 1416 1417 1418 1419 1420 1421 1422 1423 1424 1425 1426 1427 1428 1429 1430 1431 1432 1433 1434 1435 1436 1437 1438 1439 1440 1441 1442 1443 1444 1445 1446 1447 1448 1449 1450 1451 1452 1453 1454 1455 1456 1457 1458 1459 1460 1461 1462 1463 1464 1465 1466 1467 1468 1469 1470 1471 1472 1473 1474 1475 1476 1477 1478 1479 1480 1481 1482 1483 1484 1485 1486 1487 1488 1489 1490 1491 1492 1493 1494 1495 1496 1497 1498 1499 1500 1501 1502 1503 1504 1505 1506 1507 1508 1509 1510 1511 1512 1513 1514 1515 1516 1517 1518 1519 1520 1521 1522 1523 1524 1525 1526 1527 1528 1529 1530 1531 1532 1533 1534 1535 1536 1537 1538 1539 1540 1541 1542 1543 1544 1545 1546 1547 1548 1549 1550 1551 1552 1553 1554 1555 1556 1557 1558 1559 1560 1561 1562 1563 1564 1565 1566 1567 1568 1569 1570 1571 1572 1573 1574 1575 1576 1577 1578 1579 1580 1581 1582 1583 1584 1585 1586 1587 1588 1589 1590 1591 1592 1593 1594 1595 1596 1597 1598 1599 1600 1601 1602 1603 1604 1605 1606 1607 1608 1609 1610 1611 1612 1613 1614 1615 1616 1617 1618 1619 1620 1621 1622 1623 1624 1625 1626 1627 1628 1629 1630 1631 1632 1633 1634 1635 1636 1637 1638 1639 1640 1641 1642 1643 1644 1645 1646 1647 1648 1649 1650 1651 1652 1653 1654 1655 1656 1657 1658 1659 1660 1661 1662 1663 1664 1665 1666 1667 1668 1669 1670 1671 1672 1673 1674 1675 1676 1677 1678 1679 1680 1681 1682 1683 1684 1685 1686 1687 1688 1689 1690 1691 1692 1693 1694 1695 1696 1697 1698 1699 1700 1701 1702 1703 1704 1705 1706 1707 1708 1709 1710 1711 1712 1713 1714 1715 1716 1717 1718 1719 1720 1721 1722 1723 1724 1725 1726 1727 1728 1729 1730 1731 1732 1733 1734 1735 1736 1737 1738 1739 1740 1741 1742 1743 1744 1745 1746 1747 1748 1749 1750 1751 1752 1753 1754 1755 1756 1757 1758 1759 1760 1761 1762 1763 1764 1765 1766 1767 1768 1769 1770 1771 1772 1773 1774 1775 1776 1777 1778 1779 1780 1781 1782 1783 1784 1785 1786 1787 1788 1789 1790 1791 1792 1793 1794 1795 1796 1797 1798 1799 1800 1801 1802 1803 1804 1805 1806 1807 1808 1809 1810 1811 1812 1813 1814 1815 1816 1817 1818 1819 1820 1821 1822 1823 1824 1825 1826 1827 1828 1829 1830 1831 1832 1833 1834 1835 1836 1837 1838 1839 1840 1841 1842 1843 1844 1845 1846 1847 1848 1849 1850 1851 1852 1853 1854 1855 1856 1857 1858 1859 1860 1861 1862 1863 1864 1865 1866 1867 1868 1869 1870 1871 1872 1873 1874 1875 1876 1877 1878 1879 1880 1881 1882 1883 1884 1885 1886 1887 1888 1889 1890 1891 1892 1893 1894 1895 1896 1897 1898 1899 1900 1901 1902 1903 1904 1905 1906 1907 1908 1909 1910 1911 1912 1913 1914 1915 1916 1917 1918 1919 1920 1921 1922 1923 1924 1925 1926 1927 1928 1929 1930 1931 1932 1933 1934 1935 1936 1937 1938 1939 1940 1941 1942 1943 1944 1945 1946 1947 1948 1949 1950 1951 1952 1953 1954 1955 1956 1957 1958 1959 1960 1961 1962 1963 1964 1965 1966 1967 1968 1969 1970 1971 1972 1973 1974 1975 1976 1977 1978 1979 1980 1981 1982 1983 1984 1985 1986 1987 1988 1989 1990 1991 1992 1993 1994 1995 1996 1997 1998 1999 2000 2001 2002 2003 2004 2005 2006 2007 2008 2009 2010 2011 2012 2013 2014 2015 2016 2017 2018 2019 2020 2021 2022 2023 2024 2025 2026 2027 2028 2029 2030 2031 2032 2033 2034 2035 2036 2037 2038 2039 2040 2041 2042 2043 2044 2045 2046 2047 2048 2049 2050 2051 2052 2053 2054 2055 2056 2057 2058 2059 2060 2061 2062 2063 2064 2065 2066 2067 2068 2069 2070 2071 2072 2073 2074 2075 2076 2077 2078 2079 2080 2081 2082 2083 2084 2085 2086 2087 2088 2089 2090 2091 2092 2093 2094 2095 2096 2097 2098 2099 2100 2101 2102 2103 2104 2105 2106 2107 2108 2109 2110 2111 2112 2113 2114 2115 2116 2117 2118 2119 2120 2121 2122 2123 2124 2125 2126 2127 2128 2129 2130 2131 2132 2133 2134 2135 2136 2137 2138 2139 2140 2141 2142 2143 2144 2145 2146 2147 2148 2149 2150 2151 2152 2153 2154 2155 2156 2157 2158 2159 2160 2161 2162 2163 2164 2165 2166 2167 2168 2169 2170 2171 2172 2173 2174 2175 2176 2177 2178 2179 2180 2181 2182 2183 2184 2185 2186 2187 2188 2189 2190 2191 2192 2193 2194 2195 2196 2197 2198 2199 2200 2201 2202 2203 2204 2205 2206 2207 2208 2209 2210 2211 2212 2213 2214 2215 2216 2217 2218 2219 2220 2221 2222 2223 2224 2225 2226 2227 2228 2229 2230 2231 2232 2233 2234 2235 2236 2237 2238 2239 2240 2241 2242 2243 2244 2245 2246 2247 2248 2249 2250 2251 2252 2253 2254 2255 2256 2257 2258 2259 2260 2261 2262 2263 2264 2265 2266 2267 2268 2269 2270 2271 2272 2273 2274 2275 2276 2277 2278 2279 2280 2281 2282 2283 2284 2285 2286 2287 2288 2289 2290 2291 2292 2293 2294 2295 2296 2297 2298 2299 2300 2301 2302 2303 2304 2305 2306 2307 2308 2309 2310 2311 2312 2313 2314 2315 2316 2317 2318 2319 2320 2321 2322 2323 2324 2325 2326 2327 2328 2329 2330 2331 2332 2333 2334 2335 2336 2337 2338 2339 2340 2341 2342 2343 2344 2345 2346 2347 2348 2349 2350 2351 2352 2353 2354 2355 2356 2357 2358 2359 2360 2361 2362 2363 2364 2365 2366 2367 2368 2369 2370 2371 2372 2373 2374 2375 2376 2377 2378 2379 2380 2381 2382 2383 2384 2385 2386 2387 2388 2389 2390 2391 2392 2393 2394 2395 2396 2397 2398 2399 2400 2401 2402 2403 2404 2405 2406 2407 2408 2409 2410 2411 2412 2413 2414 2415 2416 2417 2418 2419 2420 2421 2422 2423 2424 2425 2426 2427 2428 2429 2430 2431 2432 2433 2434 2435 2436 2437 2438 2439 2440 2441 2442 2443 2444 2445 2446 2447 2448 2449 2450 2451 2452 2453 2454 2455 2456 2457 2458 2459 2460 2461 2462 2463 2464 2465 2466 2467 2468 2469 2470 2471 2472 2473 2474 2475 2476 2477 2478 2479 2480 2481 2482 2483 2484 2485 2486 2487 2488 2489 2490 2491 2492 2493 2494 2495 2496 2497 2498 2499 2500 2501 2502 2503 2504 2505 2506 2507 2508 2509 2510 2511 2512 2513 2514 2515 2516 2517 2518 2519 2520 2521 2522 2523 2524 2525 2526 2527 2528 2529 2530 2531 2532 2533 2534 2535 2536 2537 2538 2539 2540 2541 2542 2543 2544 2545 2546 2547 2548 2549 2550 2551 2552 2553 2554 2555 2556 2557 2558 2559 2560 2561 2562 2563 2564 2565 2566 2567 2568 2569 2570 2571 2572 2573 2574 2575 2576 2577 2578 2579 2580 2581 2582 2583 2584 2585 2586 2587 2588 2589 2590 2591 2592 2593 2594 2595 2596 2597 2598 2599 2600 2601 2602 2603 2604 2605 2606 2607 2608 2609 2610 2611 2612 2613 2614 2615 2616 2617 2618 2619 2620 2621 2622 2623 2624 2625 2626 2627 2628 2629 2630 2631 2632 2633 2634 2635 2636 2637 2638 2639 2640 2641 2642 2643 2644 2645 2646 2647 2648 2649 2650 2651 2652 2653 2654 2655 2656 2657 2658 2659 2660 2661 2662 2663 2664 2665 2666 2667 2668 2669 2670 2671 2672 2673 2674 2675 2676 2677 2678 2679 2680 2681 2682 2683 2684 2685 2686 2687 2688 2689 2690 2691 2692 2693 2694 2695 2696 2697 2698 2699 2700 2701 2702 2703 2704 2705 2706 2707 2708 2709 2710 2711 2712 2713 2714 2715 2716 2717 2718 2719 2720 2721 2722 2723 2724 2725 2726 2727 2728 2729 2730 2731 2732 2733 2734 2735 2736 2737 2738 2739 2740 2741 2742 2743 2744 2745 2746 2747 2748 2749 2750 2751 2752 2753 2754 2755 2756 2757 2758 2759 2760 2761 2762 2763 2764 2765 2766 2767 2768 2769 2770 2771 2772 2773 2774 2775 2776 2777 2778 2779 2780 2781 2782 2783 2784 2785 2786 2787 2788 2789 2790 2791 2792 2793 2794 2795 2796 2797 2798 2799 2800 2801 2802 2803 2804 2805 2806 2807 2808 2809 2810 2811 2812 2813 2814 2815 2816 2817 2818 2819 2820 2821 2822 2823 2824 2825 2826 2827 2828 2829 2830 2831 2832 2833 2834 2835 2836 2837 2838 2839 2840 2841 2842 2843 2844 2845 2846 2847 2848 2849 2850 2851 2852 2853 2854 2855 2856 2857 2858 2859 2860 2861 2862 2863 2864 2865 2866 2867 2868 2869 2870 2871 2872 2873 2874 2875 2876 2877 2878 2879 2880 2881 2882 2883 2884 2885 2886 2887 2888 2889 2890 2891 2892 2893 2894 2895 2896 2897 2898 2899 2900 2901 2902 2903 2904 2905 2906 2907 2908 2909 2910 2911 2912 2913 2914 2915 2916 2917 2918 2919 2920 2921 2922 2923 2924 2925 2926 2927 2928 2929 2930 2931 2932 2933 2934 2935 2936 2937 2938 2939 2940 2941 2942 2943 2944 2945 2946 2947 2948 2949 2950 2951 2952 2953 2954 2955 2956 2957 2958 2959 2960 2961 2962 2963 2964 2965 2966 2967 2968 2969 2970 2971 2972 2973 2974 2975 2976 2977 2978 2979 2980 2981 2982 2983 2984 2985 2986 2987 2988 2989 2990 2991 2992 2993 2994 2995 2996 2997 2998 2999 3000 3001 3002 3003 3004 3005 3006 3007 3008 3009 3010 3011 3012 3013 3014 3015 3016 3017 3018 3019 3020 3021 3022 3023 3024 3025 3026 3027 3028 3029 3030 3031 3032 3033 3034 3035 3036 3037 3038 3039 3040 3041 3042 3043 3044 3045 3046 3047 3048 3049 3050 3051 3052 3053 3054 3055 3056 3057 3058 3059 3060 3061 3062 3063 3064 3065 3066 3067 3068 3069 3070 3071 3072 3073 3074 3075 3076 3077 3078 3079 3080 3081 3082 3083 3084 3085 3086 3087 3088 3089 3090 3091 3092 3093 3094 3095 3096 3097 3098 3099 3100 3101 3102 3103 3104 3105 3106 3107 3108 3109 3110 3111 3112 3113 3114 3115 3116 3117 3118 3119 3120 3121 3122 3123 3124 3125 3126 3127 3128 3129 3130 3131 3132 3133 3134 3135 3136 3137 3138 3139 3140 3141 3142 3143 3144 3145 3146 3147 3148 3149 3150 3151 3152 3153 3154 3155 3156 3157 3158 3159 3160 3161 3162 3163 3164 3165 3166 3167 3168 3169 3170 3171 3172 3173 3174 3175 3176 3177 3178 3179 3180 3181 3182 3183 3184 3185 3186 3187 3188 3189 3190 3191 3192 3193 3194 3195 3196 3197 3198 3199 3200 3201 3202 3203 3204 3205 3206 3207 3208 3209 3210 3211 3212 3213 3214 3215 3216 3217 3218 3219 3220 3221 3222 3223 3224 3225 3226 3227 3228 3229 3230 3231 3232 3233 3234 3235 3236 3237 3238 3239 3240 3241 3242 3243 3244 3245 3246 3247 3248 3249 3250 3251 3252 3253 3254 3255 3256 3257 3258 3259 3260 3261 3262 3263 3264 3265 3266 3267 3268 3269 3270 3271 3272 3273 3274 3275 3276 3277 3278 3279 3280 3281 3282 3283 3284 3285 3286 3287 3288 3289 3290 3291 3292 3293 3294 3295 3296 3297 3298 3299 3300 3301 3302 3303 3304 3305 3306 3307 3308 3309 3310 3311 3312 3313 3314 3315 3316 3317 3318 3319 3320 3321 3322 3323 3324 3325 3326 3327 3328 3329 3330 3331 3332 3333 3334 3335 3336 3337 3338 3339 3340 3341 3342 3343 3344 3345 3346 3347 3348 3349 3350 3351 3352 3353 3354 3355 3356 3357 3358 3359 3360 3361 3362 3363 3364 3365 3366 3367 3368 3369 3370 3371 3372 3373 3374 3375 3376 3377 3378 3379 3380 3381 3382 3383 3384 3385 3386 3387 3388 3389 3390 3391 3392 3393 3394 3395 3396 3397 3398 3399 3400 3401 3402 3403 3404 3405 3406 3407 3408 3409 3410 3411 3412 3413 3414 3415 3416 3417 3418 3419 3420 3421 3422 3423 3424 3425 3426 3427 3428 3429 3430 3431 3432 3433 3434 3435 3436 3437 3438 3439 3440 3441 3442 3443 3444 3445 3446 3447 3448 3449 3450 3451 3452 3453 3454 3455 3456 3457 3458 3459 3460 3461 3462 3463 3464 3465 3466 3467 3468 3469 3470 3471 3472 3473 3474 3475 3476 3477 3478 3479 3480 3481 3482 3483 3484 3485 3486 3487 3488 3489 3490 3491 3492 3493 3494 3495 3496 3497 3498 3499 3500 3501 3502 3503 3504 3505 3506 3507 3508 3509 3510 3511 3512 3513 3514 3515 3516 3517 3518 3519 3520 3521 3522 3523 3524 3525 3526 3527 3528 3529 3530 3531 3532 3533 3534 3535 3536 3537 3538 3539 3540 3541 3542 3543 3544 3545 3546 3547 3548 3549 3550 3551 3552 3553 3554 3555 3556 3557 3558 3559 3560 3561 3562 3563 3564 3565 3566 3567 3568 3569 3570 3571 3572 3573 3574 3575 3576 3577 3578 3579 3580 3581 3582 3583 3584 3585 3586 3587 3588 3589 3590 3591 3592 3593 3594 3595 3596 3597 3598 3599 3600 3601 3602 3603 3604 3605 3606 3607 3608 3609 3610 3611 3612 3613 3614 3615 3616 3617 3618 3619 3620 3621 3622 3623 3624 3625 3626 3627 3628 3629 3630 3631 3632 3633 3634 3635 3636 3637 3638 3639 3640 3641 3642 3643 3644 3645 3646 3647 3648 3649 3650 3651 3652 3653 3654 3655 3656 3657 3658 3659 3660 3661 3662 3663 3664 3665 3666 3667 3668 3669 3670 3671 3672 3673 3674 3675 3676 3677 3678 3679 3680 3681 3682 3683 3684 3685 3686 3687 3688 3689 3690 3691 3692 3693 3694 3695 3696 3697 3698 3699 3700 3701 3702 3703 3704 3705 3706 3707 3708 3709 3710 3711 3712 3713 3714 3715 3716 3717 3718 3719 3720 3721 3722 3723 3724 3725 3726 3727 3728 3729 3730 3731 3732 3733 3734 3735 3736 3737 3738 3739 3740 3741 3742 3743 3744 3745 3746 3747 3748 3749 3750 3751 3752 3753 3754 3755 3756 3757 3758 3759 3760 3761 3762 3763 3764 3765 3766 3767 3768 3769 3770 3771 3772 3773 3774 3775 3776 3777 3778 3779 3780 3781 3782 3783 3784 3785 3786 3787 3788 3789 3790 3791 3792 3793 3794 3795 3796 3797 3798 3799 3800 3801 3802 3803 3804 3805 3806 3807 3808 3809 3810 3811 3812 3813 3814 3815 3816 3817 3818 3819 3820 3821 3822 3823 3824 3825 3826 3827 3828 3829 3830 3831 3832 3833 3834 3835 3836 3837 3838 3839 3840 3841 3842 3843 3844 3845 3846 3847 3848 3849 3850 3851 3852 3853 3854 3855 3856 3857 3858 3859 3860 3861 3862 3863 3864 3865 3866 3867 3868 3869 3870 3871 3872 3873 3874 3875 3876 3877 3878 3879 3880 3881 3882 3883 3884 3885 3886 3887 3888 3889 3890 3891 3892 3893 3894 3895 3896 3897 3898 3899 3900 3901 3902 3903 3904 3905 3906 3907 3908 3909 3910 3911 3912 3913 3914 3915 3916 3917 3918 3919 3920 3921 3922 3923 3924 3925 3926 3927 3928 3929 3930 3931 3932 3933 3934 3935 3936 3937 3938 3939 3940 3941 3942 3943 3944 3945 3946 3947 3948 3949 3950 3951 3952 3953 3954 3955 3956 3957 3958 3959 3960 3961 3962 3963 3964 3965 3966 3967 3968 3969 3970 3971 3972 3973 3974 3975 3976 3977 3978 3979 3980 3981 3982 3983 3984 3985 3986 3987 3988 3989 3990 3991 3992 3993 3994 3995 3996 3997 3998 3999 4000 4001 4002 4003 4004 4005 4006 4007 4008 4009 4010 4011 4012 4013 4014 4015 4016 4017 4018 4019 4020 4021 4022 4023 4024 4025 4026 4027 4028 4029 4030 4031 4032 4033 4034 4035 4036 4037 4038 4039 4040 4041 4042 4043 4044 4045 4046 4047 4048 4049 4050 4051 4052 4053 4054 4055 4056 4057 4058 4059 4060 4061 4062 4063 4064 4065 4066 4067 4068 4069 4070 4071 4072 4073 4074 4075 4076 4077 4078 4079 4080 4081 4082 4083 4084 4085 4086 4087 4088 4089 4090 4091 4092 4093 4094 4095 4096 4097 4098 4099 4100 4101 4102 4103 4104 4105 4106 4107 4108 4109 4110 4111 4112 4113 4114 4115 4116 4117 4118 4119 4120 4121 4122 4123 4124 4125 4126 4127 4128 4129 4130 4131 4132 4133 4134 4135 4136 4137 4138 4139 4140 4141 4142 4143 4144 4145 4146 4147 4148 4149 4150 4151 4152 4153 4154 4155 4156 4157 4158 4159 4160 4161 4162 4163 4164 4165 4166 4167 4168 4169 4170 4171 4172 4173 4174 4175 4176 4177 4178 4179 4180 4181 4182 4183 4184 4185 4186 4187 4188 4189 4190 4191 4192 4193 4194 4195 4196 4197 4198 4199 4200 4201 4202 4203 4204 4205 4206 4207 4208 4209 4210 4211 4212 4213 4214 4215 4216 4217 4218 4219 4220 4221 4222 4223 4224 4225 4226 4227 4228 4229 4230 4231 4232 4233 4234 4235 4236 4237 4238 4239 4240 4241 4242 4243 4244 4245 4246 4247 4248 4249 4250 4251 4252 4253 4254 4255 4256 4257 4258 4259 4260 4261 4262 4263 4264 4265 4266 4267 4268 4269 4270 4271 4272 4273 4274 4275 4276 4277 4278 4279 4280 4281 4282 4283 4284 4285 4286 4287 4288 4289 4290 4291 4292 4293 4294 4295 4296 4297 4298 4299 4300 4301 4302 4303 4304 4305 4306 4307 4308 4309 4310 4311 4312 4313 4314 4315 4316 4317 4318 4319 4320 4321 4322 4323 4324 4325 4326 4327 4328 4329 4330 4331 4332 4333 4334 4335 4336 4337 4338 4339 4340 4341 4342 4343 4344 4345 4346 4347 4348 4349 4350 4351 4352 4353 4354 4355 4356 4357 4358 4359 4360 4361 4362 4363 4364 4365 4366 4367 4368 4369 4370 4371 4372 4373 4374 4375 4376 4377 4378 4379 4380 4381 4382 4383 4384 4385 4386 4387 4388 4389 4390 4391 4392 4393 4394 4395 4396 4397 4398 4399 4400 4401 4402 4403 4404 4405 4406 4407 4408 4409 4410 4411 4412 4413 4414 4415 4416 4417 4418 4419 4420 4421 4422 4423 4424 4425 4426 4427 4428 4429 4430 4431 4432 4433 4434 4435 4436 4437 4438 4439 4440 4441 4442 4443 4444 4445 4446 4447 4448 4449 4450 4451 4452 4453 4454 4455 4456 4457 4458 4459 4460 4461 4462 4463 4464 4465 4466 4467 4468 4469 4470 4471 4472 4473 4474 4475 4476 4477 4478 4479 4480 4481 4482 4483 4484 4485 4486 4487 4488 4489 4490 4491 4492 4493 4494 4495 4496 4497 4498 4499 4500 4501 4502 4503 4504 4505 4506 4507 4508 4509 4510 4511 4512 4513 4514 4515 4516 4517 4518 4519 4520 4521 4522 4523 4524 4525 4526 4527 4528 4529 4530 4531 4532 4533 4534 4535 4536 4537 4538 4539 4540 4541 4542 4543 4544 4545 4546 4547 4548 4549 4550 4551 4552 4553 4554 4555 4556 4557 4558 4559 4560 4561 4562 4563 4564 4565 4566 4567 4568 4569 4570 4571 4572 4573 4574 4575 4576 4577 4578 4579 4580 4581 4582 4583 4584 4585 4586 4587 4588 4589 4590 4591 4592 4593 4594 4595 4596 4597 4598 4599 4600 4601 4602 4603 4604 4605 4606 4607 4608 4609 4610 4611 4612 4613 4614 4615 4616 4617 4618 4619 4620 4621 4622 4623 4624 4625 4626 4627 4628 4629 4630 4631 4632 4633 4634 4635 4636 4637 4638 4639 4640 4641 4642 4643 4644 4645 4646 4647 4648 4649 4650 4651 4652 4653 4654 4655 4656 4657 4658 4659 4660 4661 4662 4663 4664 4665 4666 4667 4668 4669 4670 4671 4672 4673 4674 4675 4676 4677 4678 4679 4680 4681 4682 4683 4684 4685 4686 4687 4688 4689 4690 4691 4692 4693 4694 4695 4696 4697 4698 4699 4700 4701 4702 4703 4704 4705 4706 4707 4708 4709 4710 4711 4712 4713 4714 4715 4716 4717 4718 4719 4720 4721 4722 4723 4724 4725 4726 4727 4728 4729 4730 4731 4732 4733 4734 4735 4736 4737 4738 4739 4740 4741 4742 4743 4744 4745 4746 4747 4748 4749 4750 4751 4752 4753 4754 4755 4756 4757 4758 4759 4760 4761 4762 4763 4764 4765 4766 4767 4768 4769 4770 4771 4772 4773 4774 4775 4776 4777 4778 4779 4780 4781 4782 4783 4784 4785 4786 4787 4788 4789 4790 4791 4792 4793 4794 4795 4796 4797 4798 4799 4800 4801 4802 4803 4804 4805 4806 4807 4808 4809 4810 4811 4812 4813 4814 4815 4816 4817 4818 4819 4820 4821 4822 4823 4824 4825 4826 4827 4828 4829 4830 4831 4832 4833 4834 4835 4836 4837 4838 4839 4840 4841 4842 4843 4844 4845 4846 4847 4848 4849 4850 4851 4852 4853 4854 4855 4856 4857 4858 4859 4860 4861 4862 4863 4864 4865 4866 4867 4868 4869 4870 4871 4872 4873 4874 4875 4876 4877 4878 4879 4880 4881 4882 4883 4884 4885 4886 4887 4888 4889 4890 4891 4892 4893 4894 4895 4896 4897 4898 4899 4900 4901 4902 4903 4904 4905 4906 4907 4908 4909 4910 4911 4912 4913 4914 4915 4916 4917 4918 4919 4920 4921 4922 4923 4924 4925 4926 4927 4928 4929 4930 4931 4932 4933 4934 4935 4936 4937 4938 4939 4940 4941 4942 4943 4944 4945 4946 4947 4948 4949 4950 4951 4952 4953 4954 4955 4956 4957 4958 4959 4960 4961 4962 4963 4964 4965 4966 4967 4968 4969 4970 4971 4972 4973 4974 4975 4976 4977 4978 4979 4980 4981 4982 4983 4984 4985 4986 4987 4988 4989 4990 4991 4992 4993 4994 4995 4996 4997 4998 4999 5000 5001 5002 5003 5004 5005 5006 5007 5008 5009 5010 5011 5012 5013 5014 5015 5016 5017 5018 5019 5020 5021 5022 5023 5024 5025 5026 5027 5028 5029 5030 5031 5032 5033 5034 5035 5036 5037 5038 5039 5040 5041 5042 5043 5044 5045 5046 5047 5048 5049 5050 5051 5052 5053 5054 5055 5056 5057 5058 5059 5060 5061 5062 5063 5064 5065 5066 5067 5068 5069 5070 5071 5072 5073 5074 5075 5076 5077 5078 5079 5080 5081 5082 5083 5084 5085 5086 5087 5088 5089 5090 5091 5092 5093 5094 5095 5096 5097 5098 5099 5100 5101 5102 5103 5104 5105 5106 5107 5108 5109 5110 5111 5112 5113 5114 5115 5116 5117 5118 5119 5120 5121 5122 5123 5124 5125 5126 5127 5128 5129 5130 5131 5132 5133 5134 5135 5136 5137 5138 5139 5140 5141 5142 5143 5144 5145 5146 5147 5148 5149 5150 5151 5152 5153 5154 5155 5156 5157 5158 5159 5160 5161 5162 5163 5164 5165 5166 5167 5168 5169 5170 5171 5172 5173 5174 5175 5176 5177 5178 5179 5180 5181 5182 5183 5184 5185 5186 5187 5188 5189 5190 5191 5192 5193 5194 5195 5196 5197 5198 5199 5200 5201 5202 5203 5204 5205 5206 5207 5208 5209 5210 5211 5212 5213 5214 5215 5216 5217 5218 5219 5220 5221 5222 5223 5224 5225 5226 5227 5228 5229 5230 5231 5232 5233 5234 5235 5236 5237 5238 5239 5240 5241 5242 5243 5244 5245 5246 5247 5248 5249 5250 5251 5252 5253 5254 5255 5256 5257 5258 5259 5260 5261 5262 5263 5264 5265 5266 5267 5268 5269 5270 5271 5272 5273 5274 5275 5276 5277 5278 5279 5280 5281 5282 5283 5284 5285 5286 5287 5288 5289 5290 5291 5292 5293 5294 5295 5296 5297 5298 5299 5300 5301 5302 5303 5304 5305 5306 5307 5308 5309 5310 5311 5312 5313 5314 5315 5316 5317 5318 5319 5320 5321 5322 5323 5324 5325 5326 5327 5328 5329 5330 5331 5332 5333 5334 5335 5336 5337 5338 5339 5340 5341 5342 5343 5344 5345 5346 5347 5348 5349 5350 5351 5352 5353 5354 5355 5356 5357 5358 5359 5360 5361 5362 5363 5364 5365 5366 5367 5368 5369 5370 5371 5372 5373 5374 5375 5376 5377 5378 5379 5380 5381 5382 5383 5384 5385 5386 5387 5388 5389 5390 5391 5392 5393 5394 5395 5396 5397 5398 5399 5400 5401 5402 5403 5404 5405 5406 5407 5408 5409 5410 5411 5412 5413 5414 5415 5416 5417 5418 5419 5420 5421 5422 5423 5424 5425 5426 5427 5428 5429 5430 5431 5432 5433 5434 5435 5436 5437 5438 5439 5440 5441 5442 5443 5444 5445 5446 5447 5448 5449 5450 5451 5452 5453 5454 5455 5456 5457 5458 5459 5460 5461 5462 5463 5464 5465 5466 5467 5468 5469 5470 5471 5472 5473 5474 5475 5476 5477 5478 5479 5480 5481 5482 5483 5484 5485 5486 5487 5488 5489 5490 5491 5492 5493 5494 5495 5496 5497 5498 5499 5500 5501 5502 5503 5504 5505 5506 5507 5508 5509 5510 5511 5512 5513 5514 5515 5516 5517 5518 5519 5520 5521 5522 5523 5524 5525 5526 5527 5528 5529 5530 5531 5532 5533 5534 5535 5536 5537 5538 5539 5540 5541 5542 5543 5544 5545 5546 5547 5548 5549 5550 5551 5552 5553 5554 5555 5556 5557 5558 5559 5560 5561 5562 5563 5564 5565 5566 5567 5568 5569 5570 5571 5572 5573 5574 5575 5576 5577 5578 5579 5580 5581 5582 5583 5584 5585 5586 5587 5588 5589 5590 5591 5592 5593 5594 5595 5596 5597 5598 5599 5600 5601 5602 5603 5604 5605 5606 5607 5608 5609 5610 5611 5612 5613 5614 5615 5616 5617 5618 5619 5620 5621 5622 5623 5624 5625 5626 5627 5628 5629 5630 5631 5632 5633 5634 5635 5636 5637 5638 5639 5640 5641 5642 5643 5644 5645 5646 5647 5648 5649 5650 5651 5652 5653 5654 5655 5656 5657 5658 5659 5660 5661 5662 5663 5664 5665 5666 5667 5668 5669 5670 5671 5672 5673 5674 5675 5676 5677 5678 5679 5680 5681 5682 5683 5684 5685 5686 5687 5688 5689 5690 5691 5692 5693 5694 5695 5696 5697 5698 5699 5700 5701 5702 5703 5704 5705 5706 5707 5708 5709 5710 5711 5712 5713 5714 5715 5716 5717 5718 5719 5720 5721 5722 5723 5724 5725 5726 5727 5728 5729 5730 5731 5732 5733 5734 5735 5736 5737 5738 5739 5740 5741 5742 5743 5744 5745 5746 5747 5748 5749 5750 5751 5752 5753 5754 5755 5756 5757 5758 5759 5760 5761 5762 5763 5764 5765 5766 5767 5768 5769 5770 5771 5772 5773 5774 5775 5776 5777 5778 5779 5780 5781 5782 5783 5784 5785 5786 5787 5788 5789 5790 5791 5792 5793 5794 5795 5796 5797 5798 5799 5800 5801 5802 5803 5804 5805 5806 5807 5808 5809 5810 5811 5812 5813 5814 5815 5816 5817 5818 5819 5820 5821 5822 5823 5824 5825 5826 5827 5828 5829 5830 5831 5832 5833 5834 5835 5836 5837 5838 5839 5840 5841 5842 5843 5844 5845 5846 5847 5848 5849 5850 5851 5852 5853 5854 5855 5856 5857 5858 5859 5860 5861 5862 5863 5864 5865 5866 5867 5868 5869 5870 5871 5872 5873 5874 5875 5876 5877 5878 5879 5880 5881 5882 5883 5884 5885 5886 5887 5888 5889 5890 5891 5892 5893 5894 5895 5896 5897 5898 5899 5900 5901 5902 5903 5904 5905 5906 5907 5908 5909 5910 5911 5912 5913 5914 5915 5916 5917 5918 5919 5920 5921 5922 5923 5924 5925 5926 5927 5928 5929 5930 5931 5932 5933 5934 5935 5936 5937 5938 5939 5940 5941 5942 5943 5944 5945 5946 5947 5948 5949 5950 5951 5952 5953 5954 5955 5956 5957 5958 5959 5960 5961 5962 5963 5964 5965 5966 5967 5968 5969 5970 5971 5972 5973 5974 5975 5976 5977 5978 5979 5980 5981 5982 5983 5984 5985 5986 5987 5988 5989 5990 5991 5992 5993 5994 5995 5996 5997 5998 5999 6000 6001 6002 6003 6004 6005 6006 6007 6008 6009 6010 6011 6012 6013 6014 6015 6016 6017 6018 6019 6020 6021 6022 6023 6024 6025 6026 6027 6028 6029 6030 6031 6032 6033 6034 6035 6036 6037 6038 6039 6040 6041 6042 6043 6044 6045 6046 6047 6048 6049 6050 6051 6052 6053 6054 6055 6056 6057 6058 6059 6060 6061 6062 6063 6064 6065 6066 6067 6068 6069 6070 6071 6072 6073 6074 6075 6076 6077 6078 6079 6080 6081 6082 6083 6084 6085 6086 6087 6088 6089 6090 6091 6092 6093 6094 6095 6096 6097 6098 6099 6100 6101 6102 6103 6104 6105 6106 6107 6108 6109 6110 6111 6112 6113 6114 6115 6116 6117 6118 6119 6120 6121 6122 6123 6124 6125 6126 6127 6128 6129 6130 6131 6132 6133 6134 6135 6136 6137 6138 6139 6140 6141 6142 6143 6144 6145 6146 6147 6148 6149 6150 6151 6152 6153 6154 6155 6156 6157 6158 6159 6160 6161 6162 6163 6164 6165 6166 6167 6168 6169 6170 6171 6172 6173 6174 6175 6176 6177 6178 6179 6180 6181 6182 6183 6184 6185 6186 6187 6188 6189 6190 6191 6192 6193 6194 6195 6196 6197 6198 6199 6200 6201 6202 6203 6204 6205 6206 6207 6208 6209 6210 6211 6212 6213 6214 6215 6216 6217 6218 6219 6220 6221 6222 6223 6224 6225 6226 6227 6228 6229 6230 6231 6232 6233 6234 6235 6236 6237 6238 6239 6240 6241 6242 6243 6244 6245 6246 6247 6248 6249 6250 6251 6252 6253 6254 6255 6256 6257 6258 6259 6260 6261 6262 6263 6264 6265 6266 6267 6268 6269 6270 6271 6272 6273 6274 6275 6276 6277 6278 6279 6280 6281 6282 6283 6284 6285 6286 6287 6288 6289 6290 6291 6292 6293 6294 6295 6296 6297 6298 6299 6300 6301 6302 6303 6304 6305 6306 6307 6308 6309 6310 6311 6312 6313 6314 6315 6316 6317 6318 6319 6320 6321 6322 6323 6324 6325 6326 6327 6328 6329 6330 6331 6332 6333 6334 6335 6336 6337 6338 6339 6340 6341 6342 6343 6344 6345 6346 6347 6348 6349 6350 6351 6352 6353 6354 6355 6356 6357 6358 6359 6360 6361 6362 6363 6364 6365 6366 6367 6368 6369 6370 6371 6372 6373 6374 6375 6376 6377 6378 6379 6380 6381 6382 6383 6384 6385 6386 6387 6388 6389 6390 6391 6392 6393 6394 6395 6396 6397 6398 6399 6400 6401 6402 6403 6404 6405 6406 6407 6408 6409 6410 6411 6412 6413 6414 6415 6416 6417 6418 6419 6420 6421 6422 6423 6424 6425 6426 6427 6428 6429 6430 6431 6432 6433 6434 6435 6436 6437 6438 6439 6440 6441 6442 6443 6444 6445 6446 6447 6448 6449 6450 6451 6452 6453 6454 6455 6456 6457 6458 6459 6460 6461 6462 6463 6464 6465 6466 6467 6468 6469 6470 6471 6472 6473 6474 6475 6476 6477 6478 6479 6480 6481 6482 6483 6484 6485 6486 6487 6488 6489 6490 6491 6492 6493 6494 6495 6496 6497 6498 6499 6500 6501 6502 6503 6504 6505 6506 6507 6508 6509 6510 6511 6512 6513 6514 6515 6516 6517 6518 6519 6520 6521 6522 6523 6524 6525 6526 6527 6528 6529 6530 6531 6532 6533 6534 6535 6536 6537 6538 6539 6540 6541 6542 6543 6544 6545 6546 6547 6548 6549 6550 6551 6552 6553 6554 6555 6556 6557 6558 6559 6560 6561 6562 6563 6564 6565 6566 6567 6568 6569 6570 6571 6572 6573 6574 6575 6576 6577 6578 6579 6580 6581 6582 6583 6584 6585 6586 6587 6588 6589 6590 6591 6592 6593 6594 6595 6596 6597 6598 6599 6600 6601 6602 6603 6604 6605 6606 6607 6608 6609 6610 6611 6612 6613 6614 6615 6616 6617 6618 6619 6620 6621 6622 6623 6624 6625 6626 6627 6628 6629 6630 6631 6632 6633 6634 6635 6636 6637 6638 6639 6640 6641 6642 6643 6644 6645 6646 6647 6648 6649 6650 6651 6652 6653 6654 6655 6656 6657 6658 6659 6660 6661 6662 6663 6664 6665 6666 6667 6668 6669 6670 6671 6672 6673 6674 6675 6676 6677 6678 6679 6680 6681 6682 6683 6684 6685 6686 6687 6688 6689 6690 6691 6692 6693 6694 6695 6696 6697 6698 6699 6700 6701 6702 6703 6704 6705 6706 6707 6708 6709 6710 6711 6712 6713 6714 6715 6716 6717 6718 6719 6720 6721 6722 6723 6724 6725 6726 6727 6728 6729 6730 6731 6732 6733 6734 6735 6736 6737 6738 6739 6740 6741 6742 6743 6744 6745 6746 6747 6748 6749 6750 6751 6752 6753 6754 6755 6756 6757 6758 6759 6760 6761 6762 6763 6764 6765 6766 6767 6768 6769 6770 6771 6772 6773 6774 6775 6776 6777 6778 6779 6780 6781 6782 6783 6784 6785 6786 6787 6788 6789 6790 6791 6792 6793 6794 6795 6796 6797 6798 6799 6800 6801 6802 6803 6804 6805 6806 6807 6808 6809 6810 6811 6812 6813 6814 6815 6816 6817 6818 6819 6820 6821 6822 6823 6824 6825 6826 6827 6828 6829 6830 6831 6832 6833 6834 6835 6836 6837 6838 6839 6840 6841 6842 6843 6844 6845 6846 6847 6848 6849 6850 6851 6852 6853 6854 6855 6856 6857 6858 6859 6860 6861 6862 6863 6864 6865 6866 6867 6868 6869 6870 6871 6872 6873 6874 6875 6876 6877 6878 6879 6880 6881 6882 6883 6884 6885 6886 6887 6888 6889 6890 6891 6892 6893 6894 6895 6896 6897 6898 6899 6900 6901 6902 6903 6904 6905 6906 6907 6908 6909 6910 6911 6912 6913 6914 6915 6916 6917 6918 6919 6920 6921 6922 6923 6924 6925 6926 6927 6928 6929 6930 6931 6932 6933 6934 6935 6936 6937 6938 6939 6940 6941 6942 6943 6944 6945 6946 6947 6948 6949 6950 6951 6952 6953 6954 6955 6956 6957 6958 6959 6960 6961 6962 6963 6964 6965 6966 6967 6968 6969 6970 6971 6972 6973 6974 6975 6976 6977 6978 6979 6980 6981 6982 6983 6984 6985 6986 6987 6988 6989 6990 6991 6992 6993 6994 6995 6996 6997 6998 6999 7000 7001 7002 7003 7004 7005 7006 7007 7008 7009 7010 7011 7012 7013 7014 7015 7016 7017 7018 7019 7020 7021 7022 7023 7024 7025 7026 7027 7028 7029 7030 7031 7032 7033 7034 7035 7036 7037 7038 7039 7040 7041 7042 7043 7044 7045 7046 7047 7048 7049 7050 7051 7052 7053 7054 7055 7056 7057 7058 7059 7060 7061 7062 7063 7064 7065 7066 7067 7068 7069 7070 7071 7072 7073 7074 7075 7076 7077 7078 7079 7080 7081 7082 7083 7084 7085 7086 7087 7088 7089 7090 7091 7092 7093 7094 7095 7096 7097 7098 7099 7100 7101 7102 7103 7104 7105 7106 7107 7108 7109 7110 7111 7112 7113 7114 7115 7116 7117 7118 7119 7120 7121 7122 7123 7124 7125 7126 7127 7128 7129 7130 7131 7132 7133 7134 7135 7136 7137 7138 7139 7140 7141 7142 7143 7144 7145 7146 7147 7148 7149 7150 7151 7152 7153 7154 7155 7156 7157 7158 7159 7160 7161 7162 7163 7164 7165 7166 7167 7168 7169 7170 7171 7172 7173 7174 7175 7176 7177 7178 7179 7180 7181 7182 7183 7184 7185 7186 7187 7188 7189 7190 7191 7192 7193 7194 7195 7196 7197 7198 7199 7200 7201 7202 7203 7204 7205 7206 7207 7208 7209 7210 7211 7212 7213 7214 7215 7216 7217 7218 7219 7220 7221 7222 7223 7224 7225 7226 7227 7228 7229 7230 7231 7232 7233 7234 7235 7236 7237 7238 7239 7240 7241 7242 7243 7244 7245 7246 7247 7248 7249 7250 7251 7252 7253 7254 7255 7256 7257 7258 7259 7260 7261 7262 7263 7264 7265 7266 7267 7268 7269 7270 7271 7272 7273 7274 7275 7276 7277 7278 7279 7280 7281 7282 7283 7284 7285 7286 7287 7288 7289 7290 7291 7292 7293 7294 7295 7296 7297 7298 7299 7300 7301 7302 7303 7304 7305 7306 7307 7308 7309 7310 7311 7312 7313 7314 7315 7316 7317 7318 7319 7320 7321 7322 7323 7324 7325 7326 7327 7328 7329 7330 7331 7332 7333 7334 7335 7336 7337 7338 7339 7340 7341 7342 7343 7344 7345 7346 7347 7348 7349 7350 7351 7352 7353 7354 7355 7356 7357 7358 7359 7360 7361 7362 7363 7364 7365 7366 7367 7368 7369 7370 7371 7372 7373 7374 7375 7376 7377 7378 7379 7380 7381 7382 7383 7384 7385 7386 7387 7388 7389 7390 7391 7392 7393 7394 7395 7396 7397 7398 7399 7400 7401 7402 7403 7404 7405 7406 7407 7408 7409 7410 7411 7412 7413 7414 7415 7416 7417 7418 7419 7420 7421 7422 7423 7424 7425 7426 7427 7428 7429 7430 7431 7432 7433 7434 7435 7436 7437 7438 7439 7440 7441 7442 7443 7444 7445 7446 7447 7448 7449 7450 7451 7452 7453 7454 7455 7456 7457 7458 7459 7460 7461 7462 7463 7464 7465 7466 7467 7468 7469 7470 7471 7472 7473 7474 7475 7476 7477 7478 7479 7480 7481 7482 7483 7484 7485 7486 7487 7488 7489 7490 7491 7492 7493 7494 7495 7496 7497 7498 7499 7500 7501 7502 7503 7504 7505 7506 7507 7508 7509 7510 7511 7512 7513 7514 7515 7516 7517 7518 7519 7520 7521 7522 7523 7524 7525 7526 7527 7528 7529 7530 7531 7532 7533 7534 7535 7536 7537 7538 7539 7540 7541 7542 7543 7544 7545 7546 7547 7548 7549 7550 7551 7552 7553 7554 7555 7556 7557 7558 7559 7560 7561 7562 7563 7564 7565 7566 7567 7568 7569 7570 7571 7572 7573 7574 7575 7576 7577 7578 7579 7580 7581 7582 7583 7584 7585 7586 7587 7588 7589 7590 7591 7592 7593 7594 7595 7596 7597 7598 7599 7600 7601 7602 7603 7604 7605 7606 7607 7608 7609 7610 7611 7612 7613 7614 7615 7616 7617 7618 7619 7620 7621 7622 7623 7624 7625 7626 7627 7628 7629 7630 7631 7632 7633 7634 7635 7636 7637 7638 7639 7640 7641 7642 7643 7644 7645 7646 7647 7648 7649 7650 7651 7652 7653 7654 7655 7656 7657 7658 7659 7660 7661 7662 7663 7664 7665 7666 7667 7668 7669 7670 7671 7672 7673 7674 7675 7676 7677 7678 7679 7680 7681 7682 7683 7684 7685 7686 7687 7688 7689 7690 7691 7692 7693 7694 7695 7696 7697 7698 7699 7700 7701 7702 7703 7704 7705 7706 7707 7708 7709 7710 7711 7712 7713 7714 7715 7716 7717 7718 7719 7720 7721 7722 7723 7724 7725 7726 7727 7728 7729 7730 7731 7732 7733 7734 7735 7736 7737 7738 7739 7740 7741 7742 7743 7744 7745 7746 7747 7748 7749 7750 7751 7752 7753 7754 7755 7756 7757 7758 7759 7760 7761 7762 7763 7764 7765 7766 7767 7768 7769 7770 7771 7772 7773 7774 7775 7776 7777 7778 7779 7780 7781 7782 7783 7784 7785 7786 7787 7788 7789 7790 7791 7792 7793 7794 7795 7796 7797 7798 7799 7800 7801 7802 7803 7804 7805 7806 7807 7808 7809 7810 7811 7812 7813 7814 7815 7816 7817 7818 7819 7820 7821 7822 7823 7824 7825 7826 7827 7828 7829 7830 7831 7832 7833 7834 7835 7836 7837 7838 7839 7840 7841 7842 7843 7844 7845 7846 7847 7848 7849 7850 7851 7852 7853 7854 7855 7856 7857 7858 7859 7860 7861 7862 7863 7864 7865 7866 7867 7868 7869 7870 7871 7872 7873 7874 7875 7876 7877 7878 7879 7880 7881 7882 7883 7884 7885 7886 7887 7888 7889 7890 7891 7892 7893 7894 7895 7896 7897 7898 7899 7900 7901 7902 7903 7904 7905 7906 7907 7908 7909 7910 7911 7912 7913 7914 7915 7916 7917 7918 7919 7920 7921 7922 7923 7924 7925 7926 7927 7928 7929 7930 7931 7932 7933 7934 7935 7936 7937 7938 7939 7940 7941 7942 7943 7944 7945 7946 7947 7948 7949 7950 7951 7952 7953 7954 7955 7956 7957 7958 7959 7960 7961 7962 7963 7964 7965 7966 7967 7968 7969 7970 7971 7972 7973 7974 7975 7976 7977 7978 7979 7980 7981 7982 7983 7984 7985 7986 7987 7988 7989 7990 7991 7992 7993 7994 7995 7996 7997 7998 7999 8000 8001 8002 8003 8004 8005 8006 8007 8008 8009 8010 8011 8012 8013 8014 8015 8016 8017 8018 8019 8020 8021 8022 8023 8024 8025 8026 8027 8028 8029 8030 8031 8032 8033 8034 8035 8036 8037 8038 8039 8040 8041 8042 8043 8044 8045 8046 8047 8048 8049 8050 8051 8052 8053 8054 8055 8056 8057 8058 8059 8060 8061 8062 8063 8064 8065 8066 8067 8068 8069 8070 8071 8072 8073 8074 8075 8076 8077 8078 8079 8080 8081 8082 8083 8084 8085 8086 8087 8088 8089 8090 8091 8092 8093 8094 8095 8096 8097 8098 8099 8100 8101 8102 8103 8104 8105 8106 8107 8108 8109 8110 8111 8112 8113 8114 8115 8116 8117 8118 8119 8120 8121 8122 8123 8124 8125 8126 8127 8128 8129 8130 8131 8132 8133 8134 8135 8136 8137 8138 8139 8140 8141 8142 8143 8144 8145 8146 8147 8148 8149 8150 8151 8152 8153 8154 8155 8156 8157 8158 8159 8160 8161 8162 8163 8164 8165 8166 8167 8168 8169 8170 8171 8172 8173 8174 8175 8176 8177 8178 8179 8180 8181 8182 8183 8184 8185 8186 8187 8188 8189 8190 8191 8192 8193 8194 8195 8196 8197 8198 8199 8200 8201 8202 8203 8204 8205 8206 8207 8208 8209 8210 8211 8212 8213 8214 8215 8216 8217 8218 8219 8220 8221 8222 8223 8224 8225 8226 8227 8228 8229 8230 8231 8232 8233 8234 8235 8236 8237 8238 8239 8240 8241 8242 8243 8244 8245 8246 8247 8248 8249 8250 8251 8252 8253 8254 8255 8256 8257 8258 8259 8260 8261 8262 8263 8264 8265 8266 8267 8268 8269 8270 8271 8272 8273 8274 8275 8276 8277 8278 8279 8280 8281 8282 8283 8284 8285 8286 8287 8288 </DataArray>
        <DataArray type="UInt8" Name="vtkGhostType" format="ascii" RangeMin="0" RangeMax="0">0 0 0 0 0 0 0 0 0 0 0 0 0 0 0 0 0 0 0 0 0 0 0 0 0 0 0 0 0 0 0 0 0 0 0 0 0 0 0 0 0 0 0 0 0 0 0 0 0 0 0 0 0 0 0 0 0 0 0 0 0 0 0 0 0 0 0 0 0 0 0 0 0 0 0 0 0 0 0 0 0 0 0 0 0 0 0 0 0 0 0 0 0 0 0 0 0 0 0 0 0 0 0 0 0 0 0 0 0 0 0 0 0 0 0 0 0 0 0 0 0 0 0 0 0 0 0 0 0 0 0 0 0 0 0 0 0 0 0 0 0 0 0 0 0 0 0 0 0 0 0 0 0 0 0 0 0 0 0 0 0 0 0 0 0 0 0 0 0 0 0 0 0 0 0 0 0 0 0 0 0 0 0 0 0 0 0 0 0 0 0 0 0 0 0 0 0 0 0 0 0 0 0 0 0 0 0 0 0 0 0 0 0 0 0 0 0 0 0 0 0 0 0 0 0 0 0 0 0 0 0 0 0 0 0 0 0 0 0 0 0 0 0 0 0 0 0 0 0 0 0 0 0 0 0 0 0 0 0 0 0 0 0 0 0 0 0 0 0 0 0 0 0 0 0 0 0 0 0 0 0 0 0 0 0 0 0 0 0 0 0 0 0 0 0 0 0 0 0 0 0 0 0 0 0 0 0 0 0 0 0 0 0 0 0 0 0 0 0 0 0 0 0 0 0 0 0 0 0 0 0 0 0 0 0 0 0 0 0 0 0 0 0 0 0 0 0 0 0 0 0 0 0 0 0 0 0 0 0 0 0 0 0 0 0 0 0 0 0 0 0 0 0 0 0 0 0 0 0 0 0 0 0 0 0 0 0 0 0 0 0 0 0 0 0 0 0 0 0 0 0 0 0 0 0 0 0 0 0 0 0 0 0 0 0 0 0 0 0 0 0 0 0 0 0 0 0 0 0 0 0 0 0 0 0 0 0 0 0 0 0 0 0 0 0 0 0 0 0 0 0 0 0 0 0 0 0 0 0 0 0 0 0 0 0 0 0 0 0 0 0 0 0 0 0 0 0 0 0 0 0 0 0 0 0 0 0 0 0 0 0 0 0 0 0 0 0 0 0 0 0 0 0 0 0 0 0 0 0 0 0 0 0 0 0 0 0 0 0 0 0 0 0 0 0 0 0 0 0 0 0 0 0 0 0 0 0 0 0 0 0 0 0 0 0 0 0 0 0 0 0 0 0 0 0 0 0 0 0 0 0 0 0 0 0 0 0 0 0 0 0 0 0 0 0 0 0 0 0 0 0 0 0 0 0 0 0 0 0 0 0 0 0 0 0 0 0 0 0 0 0 0 0 0 0 0 0 0 0 0 0 0 0 0 0 0 0 0 0 0 0 0 0 0 0 0 0 0 0 0 0 0 0 0 0 0 0 0 0 0 0 0 0 0 0 0 0 0 0 0 0 0 0 0 0 0 0 0 0 0 0 0 0 0 0 0 0 0 0 0 0 0 0 0 0 0 0 0 0 0 0 0 0 0 0 0 0 0 0 0 0 0 0 0 0 0 0 0 0 0 0 0 0 0 0 0 0 0 0 0 0 0 0 0 0 0 0 0 0 0 0 0 0 0 0 0 0 0 0 0 0 0 0 0 0 0 0 0 0 0 0 0 0 0 0 0 0 0 0 0 0 0 0 0 0 0 0 0 0 0 0 0 0 0 0 0 0 0 0 0 0 0 0 0 0 0 0 0 0 0 0 0 0 0 0 0 0 0 0 0 0 0 0 0 0 0 0 0 0 0 0 0 0 0 0 0 0 0 0 0 0 0 0 0 0 0 0 0 0 0 0 0 0 0 0 0 0 0 0 0 0 0 0 0 0 0 0 0 0 0 0 0 0 0 0 0 0 0 0 0 0 0 0 0 0 0 0 0 0 0 0 0 0 0 0 0 0 0 0 0 0 0 0 0 0 0 0 0 0 0 0 0 0 0 0 0 0 0 0 0 0 0 0 0 0 0 0 0 0 0 0 0 0 0 0 0 0 0 0 0 0 0 0 0 0 0 0 0 0 0 0 0 0 0 0 0 0 0 0 0 0 0 0 0 0 0 0 0 0 0 0 0 0 0 0 0 0 0 0 0 0 0 0 0 0 0 0 0 0 0 0 0 0 0 0 0 0 0 0 0 0 0 0 0 0 0 0 0 0 0 0 0 0 0 0 0 0 0 0 0 0 0 0 0 0 0 0 0 0 0 0 0 0 0 0 0 0 0 0 0 0 0 0 0 0 0 0 0 0 0 0 0 0 0 0 0 0 0 0 0 0 0 0 0 0 0 0 0 0 0 0 0 0 0 0 0 0 0 0 0 0 0 0 0 0 0 0 0 0 0 0 0 0 0 0 0 0 0 0 0 0 0 0 0 0 0 0 0 0 0 0 0 0 0 0 0 0 0 0 0 0 0 0 0 0 0 0 0 0 0 0 0 0 0 0 0 0 0 0 0 0 0 0 0 0 0 0 0 0 0 0 0 0 0 0 0 0 0 0 0 0 0 0 0 0 0 0 0 0 0 0 0 0 0 0 0 0 0 0 0 0 0 0 0 0 0 0 0 0 0 0 0 0 0 0 0 0 0 0 0 0 0 0 0 0 0 0 0 0 0 0 0 0 0 0 0 0 0 0 0 0 0 0 0 0 0 0 0 0 0 0 0 0 0 0 0 0 0 0 0 0 0 0 0 0 0 0 0 0 0 0 0 0 0 0 0 0 0 0 0 0 0 0 0 0 0 0 0 0 0 0 0 0 0 0 0 0 0 0 0 0 0 0 0 0 0 0 0 0 0 0 0 0 0 0 0 0 0 0 0 0 0 0 0 0 0 0 0 0 0 0 0 0 0 0 0 0 0 0 0 0 0 0 0 0 0 0 0 0 0 0 0 0 0 0 0 0 0 0 0 0 0 0 0 0 0 0 0 0 0 0 0 0 0 0 0 0 0 0 0 0 0 0 0 0 0 0 0 0 0 0 0 0 0 0 0 0 0 0 0 0 0 0 0 0 0 0 0 0 0 0 0 0 0 0 0 0 0 0 0 0 0 0 0 0 0 0 0 0 0 0 0 0 0 0 0 0 0 0 0 0 0 0 0 0 0 0 0 0 0 0 0 0 0 0 0 0 0 0 0 0 0 0 0 0 0 0 0 0 0 0 0 0 0 0 0 0 0 0 0 0 0 0 0 0 0 0 0 0 0 0 0 0 0 0 0 0 0 0 0 0 0 0 0 0 0 0 0 0 0 0 0 0 0 0 0 0 0 0 0 0 0 0 0 0 0 0 0 0 0 0 0 0 0 0 0 0 0 0 0 0 0 0 0 0 0 0 0 0 0 0 0 0 0 0 0 0 0 0 0 0 0 0 0 0 0 0 0 0 0 0 0 0 0 0 0 0 0 0 0 0 0 0 0 0 0 0 0 0 0 0 0 0 0 0 0 0 0 0 0 0 0 0 0 0 0 0 0 0 0 0 0 0 0 0 0 0 0 0 0 0 0 0 0 0 0 0 0 0 0 0 0 0 0 0 0 0 0 0 0 0 0 0 0 0 0 0 0 0 0 0 0 0 0 0 0 0 0 0 0 0 0 0 0 0 0 0 0 0 0 0 0 0 0 0 0 0 0 0 0 0 0 0 0 0 0 0 0 0 0 0 0 0 0 0 0 0 0 0 0 0 0 0 0 0 0 0 0 0 0 0 0 0 0 0 0 0 0 0 0 0 0 0 0 0 0 0 0 0 0 0 0 0 0 0 0 0 0 0 0 0 0 0 0 0 0 0 0 0 0 0 0 0 0 0 0 0 0 0 0 0 0 0 0 0 0 0 0 0 0 0 0 0 0 0 0 0 0 0 0 0 0 0 0 0 0 0 0 0 0 0 0 0 0 0 0 0 0 0 0 0 0 0 0 0 0 0 0 0 0 0 0 0 0 0 0 0 0 0 0 0 0 0 0 0 0 0 0 0 0 0 0 0 0 0 0 0 0 0 0 0 0 0 0 0 0 0 0 0 0 0 0 0 0 0 0 0 0 0 0 0 0 0 0 0 0 0 0 0 0 0 0 0 0 0 0 0 0 0 0 0 0 0 0 0 0 0 0 0 0 0 0 0 0 0 0 0 0 0 0 0 0 0 0 0 0 0 0 0 0 0 0 0 0 0 0 0 0 0 0 0 0 0 0 0 0 0 0 0 0 0 0 0 0 0 0 0 0 0 0 0 0 0 0 0 0 0 0 0 0 0 0 0 0 0 0 0 0 0 0 0 0 0 0 0 0 0 0 0 0 0 0 0 0 0 0 0 0 0 0 0 0 0 0 0 0 0 0 0 0 0 0 0 0 0 0 0 0 0 0 0 0 0 0 0 0 0 0 0 0 0 0 0 0 0 0 0 0 0 0 0 0 0 0 0 0 0 0 0 0 0 0 0 0 0 0 0 0 0 0 0 0 0 0 0 0 0 0 0 0 0 0 0 0 0 0 0 0 0 0 0 0 0 0 0 0 0 0 0 0 0 0 0 0 0 0 0 0 0 0 0 0 0 0 0 0 0 0 0 0 0 0 0 0 0 0 0 0 0 0 0 0 0 0 0 0 0 0 0 0 0 0 0 0 0 0 0 0 0 0 0 0 0 0 0 0 0 0 0 0 0 0 0 0 0 0 0 0 0 0 0 0 0 0 0 0 0 0 0 0 0 0 0 0 0 0 0 0 0 0 0 0 0 0 0 0 0 0 0 0 0 0 0 0 0 0 0 0 0 0 0 0 0 0 0 0 0 0 0 0 0 0 0 0 0 0 0 0 0 0 0 0 0 0 0 0 0 0 0 0 0 0 0 0 0 0 0 0 0 0 0 0 0 0 0 0 0 0 0 0 0 0 0 0 0 0 0 0 0 0 0 0 0 0 0 0 0 0 0 0 0 0 0 0 0 0 0 0 0 0 0 0 0 0 0 0 0 0 0 0 0 0 0 0 0 0 0 0 0 0 0 0 0 0 0 0 0 0 0 0 0 0 0 0 0 0 0 0 0 0 0 0 0 0 0 0 0 0 0 0 0 0 0 0 0 0 0 0 0 0 0 0 0 0 0 0 0 0 0 0 0 0 0 0 0 0 0 0 0 0 0 0 0 0 0 0 0 0 0 0 0 0 0 0 0 0 0 0 0 0 0 0 0 0 0 0 0 0 0 0 0 0 0 0 0 0 0 0 0 0 0 0 0 0 0 0 0 0 0 0 0 0 0 0 0 0 0 0 0 0 0 0 0 0 0 0 0 0 0 0 0 0 0 0 0 0 0 0 0 0 0 0 0 0 0 0 0 0 0 0 0 0 0 0 0 0 0 0 0 0 0 0 0 0 0 0 0 0 0 0 0 0 0 0 0 0 0 0 0 0 0 0 0 0 0 0 0 0 0 0 0 0 0 0 0 0 0 0 0 0 0 0 0 0 0 0 0 0 0 0 0 0 0 0 0 0 0 0 0 0 0 0 0 0 0 0 0 0 0 0 0 0 0 0 0 0 0 0 0 0 0 0 0 0 0 0 0 0 0 0 0 0 0 0 0 0 0 0 0 0 0 0 0 0 0 0 0 0 0 0 0 0 0 0 0 0 0 0 0 0 0 0 0 0 0 0 0 0 0 0 0 0 0 0 0 0 0 0 0 0 0 0 0 0 0 0 0 0 0 0 0 0 0 0 0 0 0 0 0 0 0 0 0 0 0 0 0 0 0 0 0 0 0 0 0 0 0 0 0 0 0 0 0 0 0 0 0 0 0 0 0 0 0 0 0 0 0 0 0 0 0 0 0 0 0 0 0 0 0 0 0 0 0 0 0 0 0 0 0 0 0 0 0 0 0 0 0 0 0 0 0 0 0 0 0 0 0 0 0 0 0 0 0 0 0 0 0 0 0 0 0 0 0 0 0 0 0 0 0 0 0 0 0 0 0 0 0 0 0 0 0 0 0 0 0 0 0 0 0 0 0 0 0 0 0 0 0 0 0 0 0 0 0 0 0 0 0 0 0 0 0 0 0 0 0 0 0 0 0 0 0 0 0 0 0 0 0 0 0 0 0 0 0 0 0 0 0 0 0 0 0 0 0 0 0 0 0 0 0 0 0 0 0 0 0 0 0 0 0 0 0 0 0 0 0 0 0 0 0 0 0 0 0 0 0 0 0 0 0 0 0 0 0 0 0 0 0 0 0 0 0 0 0 0 0 0 0 0 0 0 0 0 0 0 0 0 0 0 0 0 0 0 0 0 0 0 0 0 0 0 0 0 0 0 0 0 0 0 0 0 0 0 0 0 0 0 0 0 0 0 0 0 0 0 0 0 0 0 0 0 0 0 0 0 0 0 0 0 0 0 0 0 0 0 0 0 0 0 0 0 0 0 0 0 0 0 0 0 0 0 0 0 0 0 0 0 0 0 0 0 0 0 0 0 0 0 0 0 0 0 0 0 0 0 0 0 0 0 0 0 0 0 0 0 0 0 0 0 0 0 0 0 0 0 0 0 0 0 0 0 0 0 0 0 0 0 0 0 0 0 0 0 0 0 0 0 0 0 0 0 0 0 0 0 0 0 0 0 0 0 0 0 0 0 0 0 0 0 0 0 0 0 0 0 0 0 0 0 0 0 0 0 0 0 0 0 0 0 0 0 0 0 0 0 0 0 0 0 0 0 0 0 0 0 0 0 0 0 0 0 0 0 0 0 0 0 0 0 0 0 0 0 0 0 0 0 0 0 0 0 0 0 0 0 0 0 0 0 0 0 0 0 0 0 0 0 0 0 0 0 0 0 0 0 0 0 0 0 0 0 0 0 0 0 0 0 0 0 0 0 0 0 0 0 0 0 0 0 0 0 0 0 0 0 0 0 0 0 0 0 0 0 0 0 0 0 0 0 0 0 0 0 0 0 0 0 0 0 0 0 0 0 0 0 0 0 0 0 0 0 0 0 0 0 0 0 0 0 0 0 0 0 0 0 0 0 0 0 0 0 0 0 0 0 0 0 0 0 0 0 0 0 0 0 0 0 0 0 0 0 0 0 0 0 0 0 0 0 0 0 0 0 0 0 0 0 0 0 0 0 0 0 0 0 0 0 0 0 0 0 0 0 0 0 0 0 0 0 0 0 0 0 0 0 0 0 0 0 0 0 0 0 0 0 0 0 0 0 0 0 0 0 0 0 0 0 0 0 0 0 0 0 0 0 0 0 0 0 0 0 0 0 0 0 0 0 0 0 0 0 0 0 0 0 0 0 0 0 0 0 0 0 0 0 0 0 0 0 0 0 0 0 0 0 0 0 0 0 0 0 0 0 0 0 0 0 0 0 0 0 0 0 0 0 0 0 0 0 0 0 0 0 0 0 0 0 0 0 0 0 0 0 0 0 0 0 0 0 0 0 0 0 0 0 0 0 0 0 0 0 0 0 0 0 0 0 0 0 0 0 0 0 0 0 0 0 0 0 0 0 0 0 0 0 0 0 0 0 0 0 0 0 0 0 0 0 0 0 0 0 0 0 0 0 0 0 0 0 0 0 0 0 0 0 0 0 0 0 0 0 0 0 0 0 0 0 0 0 0 0 0 0 0 0 0 0 0 0 0 0 0 0 0 0 0 0 0 0 0 0 0 0 0 0 0 0 0 0 0 0 0 0 0 0 0 0 0 0 0 0 0 0 0 0 0 0 0 0 0 0 0 0 0 0 0 0 0 0 0 0 0 0 0 0 0 0 0 0 0 0 0 0 0 0 0 0 0 0 0 0 0 0 0 0 0 0 0 0 0 0 0 0 0 0 0 0 0 0 0 0 0 0 0 0 0 0 0 0 0 0 0 0 0 0 0 0 0 0 0 0 0 0 0 0 0 0 0 0 0 0 0 0 0 0 0 0 0 0 0 0 0 0 0 0 0 0 0 0 0 0 0 0 0 0 0 0 0 0 0 0 0 0 0 0 0 0 0 0 0 0 0 0 0 0 0 0 0 0 0 0 0 0 0 0 0 0 0 0 0 0 0 0 0 0 0 0 0 0 0 0 0 0 0 0 0 0 0 0 0 0 0 0 0 0 0 0 0 0 0 0 0 0 0 0 0 0 0 0 0 0 0 0 0 0 0 0 0 0 0 0 0 0 0 0 0 0 0 0 0 0 0 0 0 0 0 0 0 0 0 0 0 0 0 0 0 0 0 0 0 0 0 0 0 0 0 0 0 0 0 0 0 0 0 0 0 0 0 0 0 0 0 0 0 0 0 0 0 0 0 0 0 0 0 0 0 0 0 0 0 0 0 0 0 0 0 0 0 0 0 0 0 0 0 0 0 0 0 0 0 0 0 0 0 0 0 0 0 0 0 0 0 0 0 0 0 0 0 0 0 0 0 0 0 0 0 0 0 0 0 0 0 0 0 0 0 0 0 0 0 0 0 0 0 0 0 0 0 0 0 0 0 0 0 0 0 0 0 0 0 0 0 0 0 0 0 0 0 0 0 0 0 0 0 0 0 0 0 0 0 0 0 0 0 0 0 0 0 0 0 0 0 0 0 0 0 0 0 0 0 0 0 0 0 0 0 0 0 0 0 0 0 0 0 0 0 0 0 0 0 0 0 0 0 0 0 0 0 0 0 0 0 0 0 0 0 0 0 0 0 0 0 0 0 0 0 0 0 0 0 0 0 0 0 0 0 0 0 0 0 0 0 0 0 0 0 0 0 0 0 0 0 0 0 0 0 0 0 0 0 0 0 0 0 0 0 0 0 0 0 0 0 0 0 0 0 0 0 0 0 0 0 0 0 0 0 0 0 0 0 0 0 0 0 0 0 0 0 0 0 0 0 0 0 0 0 0 0 0 0 0 0 0 0 0 0 0 0 0 0 0 0 0 0 0 0 0 0 0 0 0 0 0 0 0 0 0 0 0 0 0 0 0 0 0 0 0 0 0 0 0 0 0 0 0 0 0 0 0 0 0 0 0 0 0 0 0 0 0 0 0 0 0 0 0 0 0 0 0 0 0 0 0 0 0 0 0 0 0 0 0 0 0 0 0 0 0 0 0 0 0 0 0 0 0 0 0 0 0 0 0 0 0 0 0 0 0 0 0 0 0 0 0 0 0 0 0 0 0 0 0 0 0 0 0 0 0 0 0 0 0 0 0 0 0 0 0 0 0 0 0 0 0 0 0 0 0 0 0 0 0 0 0 0 0 0 0 0 0 0 0 0 0 0 0 0 0 0 0 0 0 0 0 0 0 0 0 0 0 0 0 0 0 0 0 0 0 0 0 0 0 0 0 0 0 0 0 0 0 0 0 0 0 0 0 0 0 0 0 0 0 0 0 0 0 0 0 0 0 0 0 0 0 0 0 0 0 0 0 0 0 0 0 0 0 0 0 0 0 0 0 0 0 0 0 0 0 0 0 0 0 0 0 0 0 0 0 0 0 0 0 0 0 0 0 0 0 0 0 0 0 0 0 0 0 0 0 0 0 0 0 0 0 0 0 0 0 0 0 0 0 0 0 0 0 0 0 0 0 0 0 0 0 0 0 0 0 0 0 0 0 0 0 0 0 0 0 0 0 0 0 0 0 0 0 0 0 0 0 0 0 0 0 0 0 0 0 0 0 0 0 0 0 0 0 0 0 0 0 0 0 0 0 0 0 0 0 0 0 0 0 0 0 0 0 0 0 0 0 0 0 0 0 0 0 0 0 0 0 0 0 0 0 0 0 0 0 0 0 0 0 0 0 0 0 0 0 0 0 0 0 0 0 0 0 0 0 0 0 0 0 0 0 0 0 0 0 0 0 0 0 0 0 0 0 0 0 0 0 0 0 0 0 0 0 0 0 0 0 0 0 0 0 0 0 0 0 0 0 0 0 0 0 0 0 0 0 0 0 0 0 0 0 0 0 0 0 0 0 0 0 0 0 0 0 0 0 0 0 0 0 0 0 0 0 0 0 0 0 0 0 0 0 0 0 0 0 0 0 0 0 0 0 0 0 0 0 0 0 0 0 0 0 0 0 0 0 0 0 0 0 0 0 0 0 0 0 0 0 0 0 0 0 0 0 0 0 0 0 0 0 0 0 0 0 0 0 0 0 0 0 0 0 0 0 0 0 0 0 0 0 0 0 0 0 0 0 0 0 0 0 0 0 0 0 0 0 0 0 0 0 0 0 0 0 0 0 0 0 0 0 0 0 0 0 0 0 0 0 0 0 0 0 0 0 0 0 0 0 0 0 0 0 0 0 0 0 0 0 0 0 0 0 0 0 0 0 0 0 0 0 0 0 0 0 0 0 0 0 0 0 0 0 0 0 0 0 0 0 0 0 0 0 0 0 0 0 0 0 0 0 0 0 0 0 0 0 0 0 0 0 0 0 0 0 0 0 0 0 0 0 0 0 0 0 0 0 0 0 0 0 0 0 0 0 0 0 0 0 0 0 0 0 0 0 0 0 0 0 0 0 0 0 0 0 0 0 0 0 0 0 0 0 0 0 0 0 0 0 0 0 0 0 0 0 0 0 0 0 0 0 0 0 0 0 0 0 0 0 0 0 0 0 0 0 0 0 0 0 0 0 0 0 0 0 0 0 0 0 0 0 0 0 0 0 0 0 0 0 0 0 0 0 0 0 0 0 0 0 0 0 0 0 0 0 0 0 0 0 0 0 0 0 0 0 0 0 0 0 0 0 0 0 0 0 0 0 0 0 0 0 0 0 0 0 0 0 0 0 0 0 0 0 0 0 0 0 0 0 0 0 0 0 0 0 0 0 0 0 0 0 0 0 0 0 0 0 0 0 0 0 0 0 0 0 0 0 0 0 0 0 0 0 0 0 0 0 0 0 0 0 0 0 0 0 0 0 0 0 0 0 0 0 0 0 0 0 0 0 0 0 0 0 0 0 0 0 0 0 0 0 0 0 0 0 0 0 0 0 0 0 0 0 0 0 0 0 0 0 0 0 0 0 0 0 0 0 0 0 0 0 0 0 0 0 0 0 0 0 0 0 0 0 0 0 0 0 0 0 0 0 0 0 0 0 0 0 0 0 0 0 0 0 0 0 0 0 0 0 0 0 0 0 0 0 0 0 0 0 0 0 0 0 0 0 0 0 0 0 0 0 0 0 0 0 0 0 0 0 0 0 0 0 0 0 0 0 0 0 0 0 0 0 0 0 0 0 0 0 0 0 0 0 0 0 0 0 0 0 0 0 0 0 0 0 0 0 0 0 0 0 0 0 0 0 0 0 0 0 0 0 0 0 0 0 0 0 0 0 0 0 0 0 0 0 0 0 0 0 0 0 0 0 0 0 0 0 0 0 0 0 0 0 0 0 0 0 0 0 0 0 0 0 0 0 0 0 0 0 0 0 0 0 0 0 0 0 0 0 0 0 0 0 0 0 0 0 0 0 0 0 0 0 0 0 0 0 0 0 0 0 0 0 0 0 0 0 0 0 0 0 0 0 0 0 0 0 0 0 0 0 0 0 0 0 0 0 0 0 0 0 0 0 0 0 0 0 0 0 0 0 0 0 0 0 0 0 0 0 0 0 0 0 0 0 0 0 0 0 0 0 0 0 0 0 0 0 0 0 0 0 0 0 0 0 0 0 0 0 0 0 0 0 0 0 0 0 0 0 0 0 0 0 0 0 0 0 0 0 0 0 0 0 0 0 0 0 0 0 0 0 0 0 0 0 0 0 0 0 0 0 0 0 0 0 0 0 0 0 0 0 0 0 0 0 0 0 0 0 0 0 0 0 0 0 0 0 0 0 0 0 0 0 0 0 0 0 0 0 0 0 0 0 0 0 0 0 0 0 0 0 0 0 0 0 0 0 0 0 0 0 0 0 0 0 0 0 0 0 0 0 0 0 0 0 0 0 0 0 0 0 0 0 0 0 0 0 0 0 0 0 0 0 0 0 0 0 0 0 0 0 0 0 0 0 0 0 0 0 0 0 0 0 0 0 0 0 0 0 0 0 0 0 0 0 0 0 0 0 0 0 0 0 0 0 0 0 0 0 0 0 0 0 0 0 0 0 0 0 0 0 0 0 0 0 0 0 0 0 0 0 0 0 0 0 0 0 0 0 0 0 0 0 0 0 0 0 0 0 0 0 0 0 0 0 0 0 0 0 0 0 0 0 0 0 0 0 0 0 0 0 0 0 0 0 0 0 0 0 0 0 0 0 0 0 0 0 0 0 0 0 0 0 0 0 0 0 0 0 0 0 0 0 0 0 0 0 0 0 0 0 0 0 0 0 0 0 0 0 0 0 0 0 0 0 0 0 0 0 0 0 0 0 0 0 0 0 0 0 0 0 0 0 0 0 0 0 0 0 0 0 0 0 0 0 0 0 0 0 0 0 0 0 0 0 0 0 0 0 0 0 0 0 0 0 0 0 0 0 0 0 0 0 0 0 0 0 0 0 0 0 0 0 0 0 0 0 0 0 0 0 0 0 0 0 0 0 0 0 0 0 0 0 0 0 0 0 0 0 0 0 0 0 0 0 0 0 0 0 0 0 0 0 0 0 0 0 0 0 0 0 0 0 0 0 0 0 0 0 0 0 0 0 0 0 0 0 0 0 0 0 0 0 0 0 0 0 0 0 0 0 0 0 0 0 0 0 0 0 0 0 0 0 0 0 0 0 0 0 0 0 0 0 0 0 0 0 0 0 0 0 0 0 0 0 0 0 0 0 0 0 0 0 0 0 0 0 0 0 0 0 0 0 0 0 0 0 0 0 0 0 0 0 0 0 0 0 0 0 0 0 0 0 0 0 0 0 0 0 0 0 0 0 0 0 0 0 0 0 0 0 0 0 0 0 0 0 0 0 0 0 0 0 0 0 0 0 0 0 0 0 0 0 0 0 0 0 0 0 0 0 0 0 0 0 0 0 0 0 0 0 0 0 0 0 0 0 0 0 0 0 0 0 0 0 0 0 0 0 0 0 0 0 0 0 0 0 0 0 0 0 0 0 0 0 0 0 0 0 0 0 0 0 0 0 0 0 0 0 0 0 0 0 0 0 0 0 0 0 0 0 0 0 0 0 0 0 0 0 0 0 0 0 0 0 0 0 0 0 0 0 0 0 0 0 0 0 0 0 0 0 0 0 0 0 0 0 0 0 0 0 0 0 0 0 0 0 0 0 0 0 0 0 0 0 0 0 0 0 0 0 0 0 0 0 0 0 0 0 0 0 0 0 0 0 0 0 0 0 0 0 0 0 0 0 0 0 0 0 0 0 0 0 0 0 0 0 0 0 0 0 0 0 0 0 0 0 0 0 0 0 0 0 0 0 0 0 0 0 0 0 0 0 0 0 0 0 0 0 0 0 0 0 0 0 0 0 0 0 0 0 0 0 0 0 0 0 0 0 0 0 0 0 0 0 0 0 0 0 0 0 0 0 0 0 0 0 0 0 0 0 0 0 0 0 0 0 0 0 0 0 0 0 0 0 0 0 0 0 0 0 0 0 0 0 0 0 0 0 0 0 0 0 0 0 0 0 0 0 0 0 0 0 0 0 0 0 0 0 0 0 0 0 0 0 0 0 0 0 0 0 0 0 0 0 0 0 0 0 0 0 0 0 0 0 0 0 0 0 0 0 0 0 0 0 0 0 0 0 0 0 0 0 0 0 0 0 0 0 0 0 0 0 0 0 0 0 0 0 0 0 0 0 0 0 0 0 0 0 0 0 0 0 0 0 0 0 0 0 0 0 0 0 0 0 0 0 0 0 0 0 0 0 0 0 0 0 0 0 0 0 0 0 0 0 0 0 0 0 0 0 0 0 0 0 0 0 0 0 0 0 0 0 0 0 0 0 0 0 0 0 0 0 0 0 0 0 0 0 0 0 0 0 0 0 0 0 0 0 0 0 0 0 0 0 0 0 0 0 0 0 0 0 0 0 0 0 0 0 0 0 0 0 0 0 0 0 0 0 0 0 0 0 0 0 0 0 0 0 0 0 0 0 0 0 0 0 0 0 0 0 0 0 0 0 0 0 0 0 0 0 0 0 0 0 0 0 0 0 0 0 0 0 0 0 0 0 0 0 0 0 0 0 0 0 0 0 0 0 0 0 0 0 0 0 0 0 0 0 0 0 0 0 0 0 0 0 0 0 0 0 0 0 0 0 0 0 0 0 0 0 0 0 0 0 0 0 0 0 0 0 0 0 0 0 0 0 0 0 0 0 0 0 0 0 0 0 0 0 0 0 0 0 0 0 0 0 0 0 0 0 0 0 0 0 0 0 0 0 0 0 0 0 0 0 0 0 0 0 0 0 0 0 0 0 0 0 0 0 0 0 0 0 0 0 0 0 0 0 0 0 0 0 0 0 0 0 0 0 0 0 0 0 0 0 0 0 0 0 0 0 0 0 0 0 0 0 0 0 0 0 0 0 0 0 0 0 0 0 0 0 0 0 0 0 0 0 0 0 0 0 0 0 0 0 0 0 0 0 0 0 0 0 0 0 0 0 0 0 0 0 0 0 0 0 0 0 0 0 0 0 0 0 0 0 0 0 0 0 0 0 0 0 0 0 0 0 0 0 0 0 0 0 0 0 0 0 0 0 0 0 0 0 0 0 0 0 0 0 0 0 0 0 0 0 0 0 0 0 0 0 0 0 0 0 0 0 0 0 0 0 0 0 0 0 0 0 0 0 0 0 0 0 0 0 0 0 0 0 0 0 0 0 0 0 0 0 0 0 0 0 0 0 0 0 0 0 0 0 0 0 0 0 0 0 0 0 0 0 0 0 0 0 0 0 0 0 0 0 0 0 0 0 0 0 0 0 0 0 0 0 0 0 0 0 0 0 0 0 0 0 0 0 0 0 0 0 0 0 0 0 0 0 0 0 0 0 0 0 0 0 0 0 0 0 0 0 0 0 0 0 0 0 0 0 0 0 0 0 0 0 0 0 0 0 0 0 0 0 0 0 0 0 0 0 0 0 0 0 0 0 0 0 0 0 0 0 0 0 0 0 0 0 0 0 0 0 0 0 0 0 0 0 0 0 0 0 0 0 0 0 0 0 0 0 0 0 0 0 0 0 0 0 0 0 0 0 0 0 0 0 0 0 0 0 0 0 0 0 0 0 0 0 0 0 0 0 0 0 0 0 0 0 0 0 0 0 0 0 0 0 0 0 0 0 0 0 0 0 0 0 0 0 0 0 0 0 0 0 0 0 0 0 0 0 0 0 0 0 0 0 0 0 0 0 0 0 0 0 0 0 0 0 0 0 0 0 0 0 0 0 0 0 0 0 0 0 0 0 0 0 0 0 0 0 0 0 0 0 0 0 0 0 0 0 0 0 0 0 0 0 0 0 0 0 0 0 0 0 0 0 0 0 0 0 0 0 0 0 0 0 0 0 0 0 0 0 0 0 0 0 0 0 0 0 0 0 0 0 0 0 0 0 0 0 0 0 0 0 0 0 0 0 0 0 0 0 0 0 0 0 0 0 0 0 0 0 0 0 0 0 0 0 0 0 0 0 0 0 0 0 0 0 0 0 0 0 0 0 0 0 0 0 0 0 0 0 0 0 0 0 0 0 0 0 0 0 0 0 0 0 0 0 0 0 0 0 0 0 0 0 0 0 0 0 0 0 0 0 0 0 0 0 0 0 0 0 0 0 0 0 0 0 0 0 0 0 0 0 0 0 0 0 0 0 0 0 0 0 0 0 0 0 0 0 0 0 0 0 0 0 0 0 0 0 0 0 0 0 0 0 0 0 0 0 0 0 0 0 0 0 0 0 0 0 0 0 0 0 0 0 0 0 0 0 0 0 0 0 0 0 0 0 0 0 0 0 0 0 0 0 0 0 0 0 0 0 0 0 0 0 0 0 0 0 0 0 0 0 0 0 0 0 0 0 0 0 0 0 0 0 0 0 0 0 0 0 0 0 0 0 0 0 0 0 0 0 0 0 0 0 0 0 0 0 0 0 0 0 0 0 0 0 0 0 0 0 0 0 0 0 0 0 0 0 0 0 0 0 0 0 0 0 0 0 0 0 0 0 0 0 0 0 0 0 0 0 0 0 0 0 0 0 0 0 0 0 0 0 0 0 0 0 0 0 0 0 0 0 0 0 0 0 0 0 0 0 0 0 0 0 0 0 0 0 0 0 0 0 0 0 0 0 0 0 0 0 0 0 0 0 0 0 0 0 0 0 0 0 0 0 0 0 0 0 0 0 0 0 0 0 0 0 0 0 0 0 0 0 0 0 0 0 0 0 0 0 0 0 0 0 0 0 0 0 0 0 0 0 0 0 0 0 0 0 0 0 0 0 0 0 0 0 0 0 0 0 0 0 0 0 0 0 0 0 0 0 0 0 0 0 0 0 0 0 0 0 0 0 0 0 0 0 0 0 0 0 0 0 0 0 0 0 0 0 0 0 0 0 0 0 0 0 0 0 0 0 0 0 0 0 0 0 0 0 0 0 0 0 0 0 0 0 0 0 0 0 0 0 0 0 0 0 0 0 0 0 0 0 0 0 0 0 0 0 0 0 0 0 0 0 0 0 0 0 0 0 0 0 0 0 0 0 0 0 0 0 0 0 0 0 0 0 0 0 0 0 0 0 0 0 0 0 0 0 0 0 0 0 0 0 0 0 0 0 0 0 0 0 0 0 0 0 0 0 0 0 0 0 0 0 0 0 0 0 0 0 0 0 0 0 0 0 0 0 0 0 0 0 0 0 0 0 0 0 0 0 0 0 0 0 0 0 0 0 0 0 0 0 0 0 0 0 0 0 0 0 0 0 0 0 0 0 0 0 0 0 0 0 0 0 0 0 0 0 0 0 0 0 0 0 0 0 0 0 0 0 0 0 0 0 0 0 0 0 0 0 0 0 0 0 0 0 0 0 0 0 0 0 0 0 0 0 0 0 0 0 0 0 0 0 0 0 0 0 0 0 0 0 0 0 0 0 0 0 0 0 0 0 0 0 0 0 0 0 0 0 0 0 0 0 0 0 0 0 0 0 0 0 0 0 0 0 0 0 0 0 0 0 0 0 0 0 0 0 0 0 0 0 0 0 0 0 0 0 0 0 0 0 0 0 0 0 0 0 0 0 0 0 0 0 0 0 0 0 0 0 0 0 0 0 0 0 0 0 0 0 0 0 0 0 0 0 0 0 0 0 0 0 0 0 0 0 0 0 0 0 0 0 0 0 0 0 0 0 0 0 0 0 0 0 0 0 0 0 0 0 0 0 0 0 0 0 0 0 0 0 0 0 0 0 0 0 0 0 0 0 0 0 0 0 0 0 0 0 0 0 0 0 0 0 0 0 0 0 0 0 0 0 0 0 0 0 0 0 0 0 0 0 0 0 0 0 0 0 0 0 0 0 0 0 0 0 0 0 0 0 0 0 0 0 0 0 0 0 0 0 0 0 0 0 0 0 0 0 0 0 0 0 0 0 0 0 0 0 0 0 0 0 0 0 0 0 0 0 0 0 0 0 0 0 0 0 0 0 0 0 0 0 0 0 0 0 0 0 0 0 0 0 0 0 0 0 0 0 0 0 0 0 0 0 0 0 0 0 0 0 0 0 0 0 0 0 0 0 0 0 0 0 0 0 0 0 0 0 0 0 0 0 0 0 0 0 0 0 0 0 0 0 0 0 0 0 0 0 0 0 0 0 0 0 0 0 0 0 0 0 0 0 0 0 0 0 0 0 0 0 0 0 0 0 0 0 0 0 0 0 0 0 0 0 0 0 0 0 0 0 0 0 0 0 0 0 0 0 0 0 0 0 0 0 0 0 0 0 0 0 0 0 0 0 0 0 0 0 0 0 0 0 0 0 0 0 0 0 0 0 0 0 0 0 0 0 0 0 0 0 0 0 0 0 0 0 0 0 0 0 0 0 0 0 0 0 0 0 0 0 0 0 0 0 0 0 0 0 0 0 0 0 0 0 0 0 0 0 0 0 0 0 0 0 0 0 0 0 0 0 0 0 0 0 0 0 0 0 0 0 0 0 0 0 0 0 0 0 0 0 0 0 0 0 0 0 0 0 0 0 0 0 0 0 0 0 0 0 0 0 0 0 0 0 0 0 0 0 0 0 0 0 0 0 0 0 0 0 0 0 0 0 0 0 0 0 0 0 0 0 0 0 0 0 0 0 0 0 0 0 0 0 0 0 0 0 0 0 0 0 0 0 0 0 0 0 0 0 0 0 0 0 0 0 0 0 0 0 0 0 0 0 0 0 0 0 0 0 0 0 0 0 0 0 0 0 0 0 0 0 0 0 0 0 0 0 0 0 0 0 0 0 0 0 0 0 0 0 0 0 0 0 0 0 0 0 0 0 0 0 0 0 0 0 0 0 0 0 0 0 0 0 0 0 0 0 0 0 0 0 0 0 0 0 0 0 0 0 0 0 0 0 0 0 0 0 0 0 0 0 0 0 0 0 0 0 0 0 0 0 0 0 0 0 0 0 0 0 0 0 0 0 0 0 0 0 0 0 0 0 0 0 0 0 0 0 0 0 0 0 0 0 0 0 0 0 0 0 0 0 0 0 0 0 0 0 0 0 0 0 0 0 0 0 0 0 0 0 0 0 0 0 0 0 0 0 0 0 0 0 0 0 0 0 0 0 0 0 0 0 0 0 0 0 0 0 0 0 0 0 0 0 0 0 0 0 0 0 0 0 0 0 0 0 0 0 0 0 0 0 0 0 0 </DataArray>
        <DataArray type="Float64" Name="displacement" format="ascii" NumberOfComponents="3">2.896643320743895e-05 7.13438609738215e-07 0 -2.94124815763898e-06 7.037353350509978e-07 0 3.29688915686496e-05 4.55314242723756e-07 0 -3.73926806393509e-06 3.533546228317793e-07 0 -1.074417061090889e-05 6.86956491936612e-07 0 -1.300884914005049e-05 4.64263873754811e-07 0 3.851890581410164e-05 6.464850622368842e-08 0 -9.145795500426935e-07 -2.253419489192318e-07 0 -2.070307391433554e-06 2.109643485251333e-07 0 -3.140798696604297e-06 3.892450164940178e-07 0 -1.043679487771828e-05 -7.465299754847581e-08 0 4.138217873049022e-05 -1.328779315841119e-07 0 1.716026777853394e-06 -6.327155638126067e-07 0 1.405071953159471e-07 -7.653777134020156e-07 0 -1.545413186612243e-06 -8.80399416182398e-08 0 9.420693626457054e-07 2.53110282729535e-07 0 -6.45534381613121e-06 -5.945300659768171e-07 0 3.848827447496308e-05 6.824172782329134e-08 0 2.711946041006674e-07 -5.816324997812149e-07 0 -1.289938676803191e-06 -1.788763952779472e-06 0 -4.23400478305816e-06 -6.477929899734862e-07 0 1.747450139864479e-06 3.461720819832384e-07 0 7.086556668986195e-06 -1.605114620531825e-07 0 -5.333594930486111e-06 -7.92547541257453e-07 0 3.010450616192323e-05 1.230453940594816e-07 0 -8.721228117198794e-06 -6.289791713602262e-07 0 -1.598398790726794e-06 -2.437063364714615e-06 0 -5.162433001320958e-06 -1.00741753505159e-06 0 -2.383286488573865e-06 3.216163354203758e-07 0 7.522869129305242e-06 1.78161470913013e-07 0 1.107180434480352e-05 -6.902499316476656e-07 0 -1.347449152122246e-05 -1.096285736489067e-06 0 2.020043915806077e-05 -3.754522075972641e-07 0 -2.398668555847114e-05 -1.235325249190899e-06 0 -9.524718214875064e-07 -2.599333540737394e-06 0 -4.435731003469243e-06 -1.100036377111799e-06 0 -3.967404547814637e-06 2.771738512093863e-07 0 2.184710053708232e-06 3.792396968812714e-07 0 1.194925032300281e-05 -6.506123613834318e-07 0 5.002733477643901e-06 -1.31543517881659e-06 0 -3.189317229936147e-05 -1.853645397184925e-06 0 4.591475357263494e-05 -1.286707397747699e-09 0 -7.914195172675036e-06 -9.40351729890494e-07 0 -1.76492440480923e-07 -2.453184228526014e-06 0 -3.358492419450448e-06 -1.029357133260945e-06 0 -3.123790541315844e-06 2.87771058014169e-07 0 5.826024360514046e-08 4.06946583044257e-07 0 5.807342125369735e-06 -7.189834277812958e-07 0 7.075748076155542e-06 -1.466640443027051e-06 0 -1.338801965372529e-05 -1.963875821189668e-06 0 -2.267670942128811e-05 -1.597110865859778e-06 0 0.0001206719334269643 1.925321013439632e-06 0 5.763594345198982e-05 1.068712073641273e-06 0 2.965310978019115e-07 -2.176003001194346e-06 0 -2.792681487473817e-06 -9.832037872834624e-07 0 -1.666047558910796e-06 3.777031731657179e-07 0 1.069440971751979e-06 4.419376704346833e-07 0 3.233286546395174e-06 -9.75176229780182e-07 0 8.23399169854345e-07 -1.672086420350348e-06 0 -9.963306996320712e-06 -1.62493198711984e-06 0 -6.884691787901456e-06 -1.298832738985678e-06 0 3.68420386253805e-05 5.947562469960436e-07 0 2.647896973134375e-07 -2.005875988901444e-06 0 -3.168880582242115e-06 -1.110185194302948e-06 0 -9.607277106958923e-07 3.285485432706625e-07 0 3.055014344121448e-06 6.443571372955966e-07 0 4.474110788959575e-06 -1.05676971337218e-06 0 -2.271698722035829e-06 -2.105063249156422e-06 0 -1.569362574047463e-05 -1.297893288404114e-06 0 -2.204968512698001e-06 -3.810360347990958e-08 0 4.944815885668464e-05 1.568481128419625e-06 0 2.767940313250748e-07 -1.75489739025203e-06 0 -3.456148475858116e-06 -1.176041202148765e-06 0 -1.775816892330122e-06 2.332649385022173e-08 0 4.073248446563506e-06 7.502576720832057e-07 0 7.149295965823161e-06 -7.025071280973224e-07 0 -1.032967979098121e-06 -2.327178824323289e-06 0 -1.948263933037719e-05 -1.410437748950235e-06 0 -5.287887683457426e-06 1.208356111028624e-06 0 5.624132544453487e-05 3.901051131720984e-06 0 8.238469486401833e-07 -1.276084872885337e-06 0 -2.758237344171934e-06 -9.732265084079828e-07 0 -2.458854263627172e-06 -2.969810969991049e-07 0 2.822867756869379e-06 5.661721715587152e-07 0 8.721980606881447e-06 -2.135294105464272e-07 0 2.232472664676511e-06 -1.982014295662075e-06 0 -1.867967366859071e-05 -1.656511799644385e-06 0 -9.083187696830742e-06 1.664299324008467e-06 0 5.695664594173753e-05 5.894527607925442e-06 0 1.313001496258161e-06 -7.054730026267996e-07 0 -1.998842168980403e-06 -5.982782523934401e-07 0 -1.589159639699654e-06 -3.872579816084284e-07 0 1.605561651386433e-06 2.595028682833219e-07 0 7.177007242651062e-06 3.337631497221659e-08 0 4.490313466321699e-06 -1.272903302115477e-06 0 -1.505848122978441e-05 -1.572175615197763e-06 0 -9.970533063301602e-06 1.455750818319008e-06 0 5.312191058021122e-05 6.72549421135496e-06 0 1.180111806053929e-06 -2.439871591829872e-07 0 -2.152106273543841e-06 -2.69094197458651e-07 0 -4.767469537472409e-07 -2.692773946842696e-07 0 2.491290250407774e-06 4.829755542896941e-08 0 5.317925152346133e-06 6.030929127539413e-08 0 3.046716421772205e-06 -6.576169095670949e-07 0 -1.200559938752078e-05 -1.094721350701488e-06 0 -7.48098735153498e-06 1.062715732575228e-06 0 4.91770206460249e-05 6.359629858390323e-06 0 8.332133354087971e-07 2.672764234500774e-08 0 -2.67222665962033e-06 -9.135864463636484e-08 0 -5.547570962344955e-07 -1.003965979032295e-07 0 3.864508522494637e-06 2.790499035836002e-09 0 5.953173255121569e-06 -8.518129024186197e-09 0 7.736525616365912e-07 -2.86434780609468e-07 0 -1.281293787616135e-05 -5.013880850692625e-07 0 -4.788573682561019e-06 8.351496983294986e-07 0 4.871498166745397e-05 5.278870062942753e-06 0 8.107835734504422e-07 1.364604670667929e-07 0 -2.783713284828897e-06 -7.973301032349749e-08 0 -1.17038069319484e-06 -2.338999877289637e-08 0 3.899256282487336e-06 9.31717531668652e-08 0 7.37772323062668e-06 -2.530319561343252e-08 0 1.019286388023212e-06 -1.861643693030005e-07 0 -1.501412229336276e-05 -7.158054374668126e-08 0 -5.092496873910883e-06 9.286557453580535e-07 0 4.927548502897715e-05 4.091301424357166e-06 0 9.439685683476985e-07 1.750812629640677e-07 0 -2.632793649115853e-06 -1.087063071702685e-07 0 -1.376535826208038e-06 -1.225554367902809e-07 0 3.273065089492641e-06 1.413696205550263e-07 0 7.491476770451339e-06 1.311367848252226e-07 0 2.30802843655814e-06 -1.697790230244245e-07 0 -1.507374014837444e-05 -1.017639827526757e-08 0 -6.440701005006565e-06 1.006454272407462e-06 0 4.863064761522146e-05 3.354391976028576e-06 0 9.673705017015225e-07 2.759389472030762e-07 0 -2.537987909802947e-06 -2.661826539220035e-08 0 -1.262359482441348e-06 -2.448395816020965e-07 0 2.970089250860751e-06 1.79388988212625e-09 0 6.895081236057629e-06 2.627198653773824e-07 0 2.46849908248567e-06 1.149498622416562e-08 0 -1.401797729342399e-05 -1.5415091541085e-07 0 -6.305157168221432e-06 7.450641569201401e-07 0 4.818963595882176e-05 2.71009598284272e-06 0 8.58041700205203e-07 3.544833493832402e-07 0 -2.591745732088632e-06 8.360511510006884e-08 0 -1.115466551114032e-06 -2.26476298379949e-07 0 2.99661519167875e-06 -1.776431489382627e-07 0 6.498261265448259e-06 1.972018161596617e-07 0 1.915945135539179e-06 2.05289431711754e-07 0 -1.383634304915043e-05 -1.615688620393296e-07 0 -5.554482541191529e-06 2.870488066825105e-07 0 4.867335215424798e-05 1.848133676641411e-06 0 6.711861863101241e-07 3.375765817957565e-07 0 -2.794010001930247e-06 1.174465788884513e-07 0 -1.111156225089109e-06 -1.286207378043205e-07 0 3.1749671325779e-06 -2.370284145833401e-07 0 6.417419172312193e-06 3.574330402489334e-08 0 1.450520849755749e-06 2.549081249848122e-07 0 -1.4346313428764e-05 -5.965103817145988e-08 0 -5.46896545781158e-06 -6.689771874478222e-08 0 4.917137487853033e-05 1.032221696187219e-06 0 5.266232317897854e-07 2.428049952389946e-07 0 -2.962612801674439e-06 7.283992975622154e-08 0 -1.332984191896106e-06 -6.054284444265146e-08 0 3.244410756153386e-06 -1.954217434740543e-07 0 6.610774240542114e-06 -7.790990054750562e-08 0 1.284789039933919e-06 1.764438833755377e-07 0 -1.48458330129931e-05 3.833009444911827e-08 0 -5.879765990497027e-06 -2.213291948969381e-07 0 4.916146842830725e-05 3.097986885081117e-07 0 5.217683616406605e-07 1.338194493983452e-07 0 -2.931667158484128e-06 -4.487949472123389e-09 0 -1.534075984125326e-06 -5.08526471019316e-08 0 3.017433295101311e-06 -1.284274838515495e-07 0 6.750456451852689e-06 -1.136127441413864e-07 0 1.47735652547467e-06 5.791868156867358e-08 0 -1.506160842193981e-05 6.461623327288363e-08 0 -6.293174297959843e-06 -2.072958208386433e-07 0 4.893689448094707e-05 -1.174147347743001e-07 0 5.68243465380938e-07 4.364134528495738e-08 0 -2.829201294884606e-06 -7.34936278067727e-08 0 -1.484485555924842e-06 -9.245685143616926e-08 0 2.789991447217296e-06 -8.81129836056288e-08 0 6.541751710592743e-06 -8.434181630184721e-08 0 1.67678028486877e-06 -3.429920352165244e-08 0 -1.489310217919933e-05 -8.6783299426893e-09 0 -6.457617467861207e-06 -1.488208548590733e-07 0 4.870423642460396e-05 -2.445101376629538e-07 0 5.454000929884862e-07 -4.749369617203237e-09 0 -2.830259208045326e-06 -9.658317848531411e-08 0 -1.348037670398892e-06 -1.38447621257122e-07 0 2.841794568088362e-06 -1.08208907688423e-07 0 6.300612900310247e-06 -5.070784927976162e-08 0 1.507393282210168e-06 -4.539236528929707e-08 0 -1.466762075734949e-05 -1.077675444716153e-07 0 -6.296861358020753e-06 -1.930739210002918e-07 0 4.86389897660193e-05 -2.673716534892095e-07 0 5.031937032580825e-07 -2.59366659764032e-08 0 -2.875396366533618e-06 -9.252136097797486e-08 0 -1.338529475863361e-06 -1.398208678221949e-07 0 2.989245345836645e-06 -1.417011251721861e-07 0 6.345633880489379e-06 -7.301814310307908e-08 0 1.26227293646003e-06 -2.668034717028672e-08 0 -1.479480099298314e-05 -1.270035787266643e-07 0 -6.122322744561877e-06 -2.608235980900916e-07 0 4.879825681597394e-05 -3.430153277762458e-07 0 5.036449259145437e-07 -5.092047129003768e-08 0 -2.876397044894972e-06 -9.705990789213303e-08 0 -1.389660915659952e-06 -1.171287839817417e-07 0 3.004009038791444e-06 -1.36687359451014e-07 0 6.494831299977757e-06 -1.106407200987189e-07 0 1.288399683793337e-06 -4.829562723265151e-08 0 -1.503685028677974e-05 -9.832368681912672e-08 0 -6.24768269400465e-06 -2.53482099911613e-07 0 4.88834427211423e-05 -3.688994693216638e-07 0 5.337314307124819e-07 -7.398134445248811e-08 0 -2.842375440775986e-06 -1.07648126889022e-07 0 -1.39902215303897e-06 -1.052627889011268e-07 0 2.951613118283742e-06 -1.105335549703851e-07 0 6.519074438970582e-06 -1.172964614196484e-07 0 1.434152363204329e-06 -8.541213124182295e-08 0 -1.503561436647007e-05 -9.185645532660408e-08 0 -6.447686729346702e-06 -1.948963711901827e-07 0 4.874202938835899e-05 -3.121489696193344e-07 0 5.62989679908296e-07 -9.06191829994768e-08 0 -2.804079343208567e-06 -1.179188089013572e-07 0 -1.369372892053369e-06 -1.065981745365305e-07 0 2.932420492625723e-06 -9.178548902345762e-08 0 6.474133633581e-06 -1.023107675740889e-07 0 1.474577827982951e-06 -1.04180497351343e-07 0 -1.489601363522178e-05 -1.034479785583242e-07 0 -6.444197487512002e-06 -1.427709621125775e-07 0 4.862063565177956e-05 -2.143676463041422e-07 0 5.823109260382276e-07 -9.972008867698695e-08 0 -2.778663162261372e-06 -1.237617737164659e-07 0 -1.327339835030528e-06 -1.154301771172025e-07 0 2.951926531053437e-06 -8.78972603087641e-08 0 6.448972151895487e-06 -8.58976033192918e-08 0 1.444916408669186e-06 -1.032820610953958e-07 0 -1.483781073977931e-05 -1.151695801756072e-07 0 -6.331277594856868e-06 -1.104639128224338e-07 0 4.865013547133198e-05 -1.131192773878159e-07 0 5.880715758660446e-07 -1.04544708785792e-07 0 -2.776171672186356e-06 -1.2351969867503e-07 0 -1.298768070870197e-06 -1.242909685754065e-07 0 2.992880207179984e-06 -9.724496811448768e-08 0 6.457528941586355e-06 -7.885515546091071e-08 0 1.419495948702145e-06 -9.224730435509337e-08 0 -1.484953867934066e-05 -1.18343737121572e-07 0 -6.277803698227606e-06 -9.873890083767627e-08 0 4.871687473138007e-05 -4.355760178237354e-08 0 5.900969466069576e-07 -1.076138432627369e-07 0 -2.781126712661508e-06 -1.201308855534183e-07 0 -1.301198250931723e-06 -1.2571733409069e-07 0 3.02229866956747e-06 -1.100378611302438e-07 0 6.495221770101874e-06 -8.612382354587084e-08 0 1.419219061182288e-06 -8.254557144152935e-08 0 -1.487001768376694e-05 -1.082397433913376e-07 0 -6.279464408653554e-06 -9.554592845031905e-08 0 4.874345272099304e-05 -1.282737646830788e-08 0 6.007038327471984e-07 -1.124989893212455e-07 0 -2.773000643713566e-06 -1.18550101041448e-07 0 -1.313563151339112e-06 -1.229814747486651e-07 0 3.015779785266181e-06 -1.150958938251831e-07 0 6.525356282363268e-06 -9.796376724234557e-08 0 1.452311650147406e-06 -8.522821037977579e-08 0 -1.48752734826299e-05 -9.477191153205167e-08 0 -6.295671657994759e-06 -8.371154553484665e-08 0 4.873788259289556e-05 -2.002141363290063e-09 0 6.134444057222935e-07 -1.200636784159936e-07 0 -2.760195046070529e-06 -1.197380863956349e-07 0 -1.309062371720321e-06 -1.21879952227899e-07 0 2.998179426684163e-06 -1.158882992095475e-07 0 6.517720361370535e-06 -1.027956856598095e-07 0 1.484102034481072e-06 -9.293324893053928e-08 0 -1.484720948763396e-05 -9.212696883750121e-08 0 -6.301199517923239e-06 -7.290372350948758e-08 0 4.871717740794011e-05 6.973333570303733e-09 0 6.205403912142025e-07 -1.296006920878389e-07 0 -2.754272095974869e-06 -1.230349060106841e-07 0 -1.297629761417424e-06 -1.235332532491598e-07 0 2.999262947956868e-06 -1.181703686388078e-07 0 6.497943594583819e-06 -1.040892872302898e-07 0 1.479871924316145e-06 -9.530489741838011e-08 0 -1.481408960913536e-05 -9.582065263556011e-08 0 -6.27760968170514e-06 -7.303869677902779e-08 0 4.87095447835378e-05 4.001805221399991e-09 0 6.243228059307074e-07 -1.413528751834439e-07 0 -2.753189289590383e-06 -1.281066602486225e-07 0 -1.293378988461574e-06 -1.274114308563376e-07 0 3.008597400544488e-06 -1.232517250768575e-07 0 6.496606496438073e-06 -1.069347598742568e-07 0 1.461434930386321e-06 -9.499212246487365e-08 0 -1.481317050447753e-05 -9.621562203996487e-08 0 -6.250876993120665e-06 -8.043050661165478e-08 0 4.872531209320231e-05 -1.202456223828306e-08 0 6.290783715143936e-07 -1.542584031448413e-07 0 -2.751893518129767e-06 -1.335463029770653e-07 0 -1.294694847305336e-06 -1.324332936326542e-07 0 3.011532179011608e-06 -1.307499847879104e-07 0 6.50406899111583e-06 -1.127990939091272e-07 0 1.459007131469556e-06 -9.607400167869345e-08 0 -1.482909193433954e-05 -9.446091635105514e-08 0 -6.250309264387716e-06 -8.660380390948519e-08 0 4.873700275787474e-05 -3.492329822031569e-08 0 6.360130736949435e-07 -1.683316501986665e-07 0 -2.748583663461646e-06 -1.395250842734994e-07 0 -1.296597945723774e-06 -1.368411232521849e-07 0 3.009062872115497e-06 -1.388887622385052e-07 0 6.506539054733015e-06 -1.213958533046247e-07 0 1.465486887640422e-06 -1.000669806478643e-07 0 -1.483241932723721e-05 -9.341618224193576e-08 0 -6.262556972298078e-06 -9.164843602776918e-08 0 4.873046613164747e-05 -5.858559667601402e-08 0 6.450772599732311e-07 -1.828896042874173e-07 0 -2.742615394445494e-06 -1.458891232602663e-07 0 -1.296574318410126e-06 -1.411182949245804e-07 0 3.005259091817813e-06 -1.45616131143507e-07 0 6.504265335426432e-06 -1.305677169828947e-07 0 1.468681906161007e-06 -1.068611955807111e-07 0 -1.482708757005388e-05 -9.448427829104183e-08 0 -6.265572679563583e-06 -9.64344911615761e-08 0 4.872053407029009e-05 -8.154272308075192e-08 0 6.554341546553819e-07 -1.981069974073268e-07 0 -2.735567083314572e-06 -1.52787783949844e-07 0 -1.293272813831722e-06 -1.458280315469809e-07 0 3.003239665184953e-06 -1.517941910691295e-07 0 6.500046445647237e-06 -1.379860228752083e-07 0 1.468033595266455e-06 -1.143896357471211e-07 0 -1.482359587785635e-05 -9.795559226862677e-08 0 -6.262410456819509e-06 -1.020641759693144e-07 0 4.871684213159783e-05 -1.03350844868344e-07 0 6.654802883494097e-07 -2.137723851556098e-07 0 -2.729700283310432e-06 -1.600614928272404e-07 0 -1.288872310436021e-06 -1.511539077280258e-07 0 3.004936638384067e-06 -1.585676953413592e-07 0 6.497272563826817e-06 -1.447728078859262e-07 0 1.465103569705737e-06 -1.201423048182576e-07 0 -1.482306408081072e-05 -1.021113580522079e-07 0 -6.260218562785178e-06 -1.091556399192284e-07 0 4.871608589384485e-05 -1.246667388739645e-07 0 6.761113206694978e-07 -2.30183992306135e-07 0 -2.72409683811474e-06 -1.679386437128047e-07 0 -1.286191344672394e-06 -1.569215716925101e-07 0 3.007852400540092e-06 -1.661396921521716e-07 0 6.498314575380248e-06 -1.523327142899378e-07 0 1.463025402893489e-06 -1.252658300135087e-07 0 -1.482485341842282e-05 -1.044734531420455e-07 0 -6.260072016808435e-06 -1.159886330896406e-07 0 4.871516309556782e-05 -1.461677222019259e-07 0 6.878793575113699e-07 -2.472072391642918e-07 0 -2.717661671170282e-06 -1.762892171443264e-07 0 -1.28423447347259e-06 -1.633424334965619e-07 0 3.008907837099422e-06 -1.742436904683328e-07 0 6.500683647594693e-06 -1.608006290074529e-07 0 1.464477296930778e-06 -1.312735856814559e-07 0 -1.482646808801877e-05 -1.0602041300347e-07 0 -6.261841347394992e-06 -1.209130102092573e-07 0 4.871317487194736e-05 -1.659043657531792e-07 0 7.009340011986107e-07 -2.649015604112153e-07 0 -2.710436451948753e-06 -1.850561264253245e-07 0 -1.281581929496456e-06 -1.702359871177256e-07 0 3.009160840398289e-06 -1.830680660397377e-07 0 6.501296397683209e-06 -1.697822584649858e-07 0 1.467391139185065e-06 -1.382034500044607e-07 0 -1.482506082132497e-05 -1.084487138702794e-07 0 -6.263363156970916e-06 -1.25006278181225e-07 0 4.870998132144692e-05 -1.835312017726271e-07 0 7.146808350573517e-07 -2.829310183282904e-07 0 -2.702923356221604e-06 -1.93933364110721e-07 0 -1.278352485898498e-06 -1.77536168078328e-07 0 3.010084458526449e-06 -1.923815200815734e-07 0 6.501181219552288e-06 -1.793900934023498e-07 0 1.468821627196096e-06 -1.455518889208543e-07 0 -1.482210296976753e-05 -1.117637129875032e-07 0 -6.26252131257117e-06 -1.299065365721261e-07 0 4.87077271699686e-05 -2.007283046523769e-07 0 7.292266602614004e-07 -3.018107846098835e-07 0 -2.695265348129361e-06 -2.033577307858012e-07 0 -1.275004208494898e-06 -1.849424332203004e-07 0 3.011575734946508e-06 -2.021828291055155e-07 0 6.501713099760567e-06 -1.893882525250135e-07 0 1.469619333668154e-06 -1.533531676671182e-07 0 -1.482035157811951e-05 -1.154054516403283e-07 0 -6.26060056274115e-06 -1.356529380092813e-07 0 4.870721619354423e-05 -2.18679136766535e-07 0 7.442066086976033e-07 -3.215600789521419e-07 0 -2.687702683764823e-06 -2.1345087404534e-07 0 -1.271836252607697e-06 -1.92915748385529e-07 0 3.013201922566835e-06 -2.121946756005952e-07 0 6.502829176842015e-06 -1.998377295127016e-07 0 1.471008426718809e-06 -1.613852869727234e-07 0 -1.481923866815914e-05 -1.193674217699059e-07 0 -6.259615633004423e-06 -1.417725256653429e-07 0 4.870704246599626e-05 -2.375308392754682e-07 0 7.602266426237624e-07 -3.423920309896661e-07 0 -2.679790583251865e-06 -2.242439235671662e-07 0 -1.269044950400963e-06 -2.015807908373191e-07 0 3.014614396900511e-06 -2.229338957058027e-07 0 6.5041322323562e-06 -2.105337957858389e-07 0 1.472964689230166e-06 -1.697468263398699e-07 0 -1.481766860979977e-05 -1.234321470909918e-07 0 -6.259115616061642e-06 -1.48311225408454e-07 0 4.870625484383953e-05 -2.570389635719872e-07 0 7.772905979246124e-07 -3.638850705053528e-07 0 -2.671272462693997e-06 -2.353532898551752e-07 0 -1.266245544287795e-06 -2.108928637703858e-07 0 3.01560689921522e-06 -2.344775994686521e-07 0 6.505292654305703e-06 -2.21990723055579e-07 0 1.475129623713587e-06 -1.78335320489241e-07 0 -1.481564671926977e-05 -1.276951494622383e-07 0 -6.258332177261697e-06 -1.550556389126947e-07 0 4.87053156062317e-05 -2.773853177776009e-07 0 7.954886515129654e-07 -3.86575976787755e-07 0 -2.662299478040087e-06 -2.471945653734555e-07 0 -1.263056381147626e-06 -2.204299630256812e-07 0 3.016569361653093e-06 -2.467705551610979e-07 0 6.506088988134442e-06 -2.342665252532544e-07 0 1.477263230017373e-06 -1.875893414415505e-07 0 -1.481347052605456e-05 -1.321561099009577e-07 0 -6.257280185687983e-06 -1.621988064363228e-07 0 4.870454630969377e-05 -2.983808203172594e-07 0 8.142441518012299e-07 -4.103027932385664e-07 0 -2.653300625892266e-06 -2.597582365480507e-07 0 -1.259759773502775e-06 -2.306340519692834e-07 0 3.017886639689743e-06 -2.593334692503265e-07 0 6.506906688318048e-06 -2.472876560926165e-07 0 1.479143747757164e-06 -1.975671866790915e-07 0 -1.481130297823624e-05 -1.371406068290115e-07 0 -6.256142824574706e-06 -1.697112276127788e-07 0 4.870392110634461e-05 -3.204237184568567e-07 0 8.34272966919805e-07 -4.353522522100584e-07 0 -2.643810713425301e-06 -2.731085741594987e-07 0 -1.25670170878639e-06 -2.415522122141064e-07 0 3.019260882891616e-06 -2.726952342919572e-07 0 6.508087548087391e-06 -2.605611969953153e-07 0 1.481098287452187e-06 -2.081792180187031e-07 0 -1.480933884302933e-05 -1.426993132781426e-07 0 -6.255084958026874e-06 -1.779393689485889e-07 0 4.870336049555418e-05 -3.43344998451553e-07 0 8.555520855327985e-07 -4.612358690363194e-07 0 -2.633639427375781e-06 -2.868446861634121e-07 0 -1.253549589960018e-06 -2.53173259502637e-07 0 3.020377429885368e-06 -2.869033828107811e-07 0 6.509378079609315e-06 -2.746381223273086e-07 0 1.483409704133507e-06 -2.189587065253712e-07 0 -1.480735696057431e-05 -1.487292151155367e-07 0 -6.25423482684094e-06 -1.868053835620345e-07 0 4.870268106503366e-05 -3.67609346224769e-07 0 8.782315927772371e-07 -4.88610751185614e-07 0 -2.622905427566991e-06 -3.014621247909854e-07 0 -1.250026366042545e-06 -2.650765652889922e-07 0 3.021529274968223e-06 -3.019599157400715e-07 0 6.510481619124292e-06 -2.895856113325351e-07 0 1.485920757136189e-06 -2.303865558953011e-07 0 -1.480509969384314e-05 -1.54811234524474e-07 0 -6.253421545887941e-06 -1.962768420554067e-07 0 4.870183303287354e-05 -3.92972399435379e-07 0 9.016388719147727e-07 -5.172646532075608e-07 0 -2.612066854248626e-06 -3.169454141334696e-07 0 -1.246389998090999e-06 -2.777859857382159e-07 0 3.022973018766347e-06 -3.173838317360386e-07 0 6.511669373217288e-06 -3.054018940639586e-07 0 1.48835711373703e-06 -2.425721599167915e-07 0 -1.4802657421693e-05 -1.612939163880139e-07 0 -6.252440581786325e-06 -2.0595484455984e-07 0 4.870097556411435e-05 -4.195542227100266e-07 0 9.266211417509328e-07 -5.475441039988828e-07 0 -2.60057975213189e-06 -3.33356844852209e-07 0 -1.242963781027465e-06 -2.913487583220548e-07 0 3.024445064288283e-06 -3.338046386724622e-07 0 6.513145540653839e-06 -3.215908040898538e-07 0 1.490950089338625e-06 -2.554933699232611e-07 0 -1.480025948744773e-05 -1.683369412336377e-07 0 -6.25140049600667e-06 -2.162312963283758e-07 0 4.870020247587682e-05 -4.46963347156687e-07 0 9.531109637517936e-07 -5.788434645232625e-07 0 -2.588266832911218e-06 -3.502094146909732e-07 0 -1.239368272152458e-06 -3.057346084885462e-07 0 3.025679876530323e-06 -3.512519955121279e-07 0 6.51470514085456e-06 -3.388028904406648e-07 0 1.493840299848781e-06 -2.6869124524799e-07 0 -1.479775094416665e-05 -1.75884294909695e-07 0 -6.250452541304088e-06 -2.271508067908795e-07 0 4.869936876181723e-05 -4.75821621505855e-07 0 9.812647358570929e-07 -6.119767334304345e-07 0 -2.57529720344013e-06 -3.681066059789753e-07 0 -1.235324538894494e-06 -3.204334389867933e-07 0 3.027003821836141e-06 -3.697173755904185e-07 0 6.51610942223671e-06 -3.570744261252937e-07 0 1.496928693641223e-06 -2.827246676929268e-07 0 -1.479501576789541e-05 -1.835514392952222e-07 0 -6.249486830431708e-06 -2.387449410112818e-07 0 4.869842084693869e-05 -5.059311570469044e-07 0 1.010261955465205e-06 -6.466893416740004e-07 0 -2.562235735423593e-06 -3.87047425329419e-07 0 -1.231171439509265e-06 -3.360767217627098e-07 0 3.028674313792709e-06 -3.886131184367009e-07 0 6.517655083372251e-06 -3.763943618633261e-07 0 1.499998395968622e-06 -2.97672727976421e-07 0 -1.479209417428427e-05 -1.917358481758752e-07 0 -6.24839811270636e-06 -2.506414927844896e-07 0 4.869744554979703e-05 -5.375546630187467e-07 0 1.041173495173325e-06 -6.834178423826761e-07 0 -2.548376230135374e-06 -4.071115745829176e-07 0 -1.227309871464771e-06 -3.527379844317155e-07 0 3.030346498331115e-06 -4.086995122132633e-07 0 6.519538876920486e-06 -3.96156534298274e-07 0 1.50330118046764e-06 -3.134981099873341e-07 0 -1.478915395935858e-05 -2.005801254317471e-07 0 -6.247250550437192e-06 -2.632969217184616e-07 0 4.869650683317871e-05 -5.702678010730683e-07 0 1.073958184907159e-06 -7.214187632787958e-07 0 -2.533464768812721e-06 -4.277141802018491e-07 0 -1.223233915711303e-06 -3.70381991823994e-07 0 3.03169279671292e-06 -4.3001947649772e-07 0 6.521491007384708e-06 -4.171490251220558e-07 0 1.506954758043536e-06 -3.296432649121245e-07 0 -1.47860290330825e-05 -2.100026830773385e-07 0 -6.246146152548079e-06 -2.767262975095566e-07 0 4.869550517698495e-05 -6.048295207563073e-07 0 1.108782113696388e-06 -7.616844078205121e-07 0 -2.517733049024751e-06 -4.49576704020932e-07 0 -1.218565974236974e-06 -3.884003340675832e-07 0 3.033149158173167e-06 -4.525676346222099e-07 0 6.523219893915175e-06 -4.394188652138628e-07 0 1.510823052299632e-06 -3.467842430012955e-07 0 -1.478263726879987e-05 -2.195405990430485e-07 0 -6.24497819484357e-06 -2.909589671010528e-07 0 4.8694413548463e-05 -6.40964821961576e-07 0 1.144614852139486e-06 -8.038877890729004e-07 0 -2.501906043922419e-06 -4.726918251063764e-07 0 -1.213745739650496e-06 -4.075466197260568e-07 0 3.035065877930037e-06 -4.75639527348394e-07 0 6.525116413717488e-06 -4.629601124753191e-07 0 1.514641659228558e-06 -3.6502411231501e-07 0 -1.477903909604533e-05 -2.296682927302104e-07 0 -6.243672780462811e-06 -3.055436787928814e-07 0 4.869329384149697e-05 -6.790052871508828e-07 0 1.182775732352231e-06 -8.485686241819362e-07 0 -2.485106875140669e-06 -4.971531877093898e-07 0 -1.209298352868732e-06 -4.279083720710313e-07 0 3.036996410028802e-06 -5.001513269375922e-07 0 6.527452257282934e-06 -4.870453078325425e-07 0 1.518738810409384e-06 -3.843246584702212e-07 0 -1.477543902143712e-05 -2.405747650188749e-07 0 -6.242314414714803e-06 -3.210297854026183e-07 0 4.869219545214527e-05 -7.184158121401746e-07 0 1.223231752847664e-06 -8.948174295159844e-07 0 -2.467010291613836e-06 -5.222582695552437e-07 0 -1.204589559676561e-06 -4.494390627302058e-07 0 3.038509488309526e-06 -5.261517693512519e-07 0 6.529874241118644e-06 -5.126277540391104e-07 0 1.523283444843787e-06 -4.040197295641923e-07 0 -1.477161955770918e-05 -2.52165129157808e-07 0 -6.241023243567373e-06 -3.374451189508062e-07 0 4.86909940345618e-05 -7.601303314294995e-07 0 1.266158071392548e-06 -9.43856931395412e-07 0 -2.447928692361767e-06 -5.488859678506873e-07 0 -1.199142626438776e-06 -4.714103672108504e-07 0 3.040155121154797e-06 -5.536370404173041e-07 0 6.532000782290964e-06 -5.397588804705379e-07 0 1.528088838780723e-06 -4.249239761080353e-07 0 -1.476745967538169e-05 -2.638926451725351e-07 0 -6.239655651173875e-06 -3.548331814753544e-07 0 4.868966649275094e-05 -8.037955370882032e-07 0 1.310281511596178e-06 -9.952848004585525e-07 0 -2.428766242474484e-06 -5.770348654506734e-07 0 -1.193523766113841e-06 -4.947325809205941e-07 0 3.04237912547578e-06 -5.817579225896388e-07 0 6.534327455648414e-06 -5.684382217360783e-07 0 1.532811156064462e-06 -4.471558905363646e-07 0 -1.476305059476199e-05 -2.763196497047177e-07 0 -6.238107214699348e-06 -3.726559541141621e-07 0 4.86883074384218e-05 -8.498383138513116e-07 0 1.357239438271734e-06 -1.049769944320468e-06 0 -2.408425212700738e-06 -6.06817801090953e-07 0 -1.188394099502221e-06 -5.19518132377321e-07 0 3.044610388639595e-06 -6.116211486465947e-07 0 6.537207384235688e-06 -5.977864479707329e-07 0 1.537869470880082e-06 -4.706741870141862e-07 0 -1.475865976982918e-05 -2.89669641936191e-07 0 -6.236493275694338e-06 -3.915646233712544e-07 0 4.868698650263743e-05 -8.975961026209608e-07 0 1.407022856714929e-06 -1.106194370544683e-06 0 -2.386477180760238e-06 -6.373817340830923e-07 0 -1.182951860648207e-06 -5.457045410741518e-07 0 3.046303030440622e-06 -6.432835314386029e-07 0 6.540188894947618e-06 -6.28956425389321e-07 0 1.543492155590271e-06 -4.94676525108692e-07 0 -1.475400631392385e-05 -3.038259046173747e-07 0 -6.23497315670532e-06 -4.115830176953938e-07 0 4.868554768255526e-05 -9.481994730229162e-07 0 1.459833568095287e-06 -1.166050665297839e-06 0 -2.363317377643281e-06 -6.697884475060853e-07 0 -1.176584850846873e-06 -5.724122260864981e-07 0 3.048153250116009e-06 -6.767357513867006e-07 0 6.542787381547122e-06 -6.620032668236756e-07 0 1.549435718978254e-06 -5.201480861175347e-07 0 -1.474892272927686e-05 -3.181376237630998e-07 0 -6.233359854806997e-06 -4.327628533029592e-07 0 4.868395645173454e-05 -1.001195386311771e-06 0 1.514100361581227e-06 -1.228833642438753e-06 0 -2.340067931486806e-06 -7.040344415501151e-07 0 -1.16999778498536e-06 -6.007420790821172e-07 0 3.050731774135312e-06 -7.109495332316765e-07 0 6.545625842766661e-06 -6.969226727061503e-07 0 1.555262124641743e-06 -5.472277605196931e-07 0 -1.474353362021855e-05 -3.332820622129265e-07 0 -6.231515022547818e-06 -4.544619179105979e-07 0 4.868233612669373e-05 -1.057117096337455e-06 0 1.57182454973287e-06 -1.295361391874874e-06 0 -2.315388663690771e-06 -7.402468984868404e-07 0 -1.16401627433399e-06 -6.308367119277694e-07 0 3.053330199547649e-06 -7.472730776799871e-07 0 6.549156085628588e-06 -7.32647662335037e-07 0 1.561493550888277e-06 -5.758603882511508e-07 0 -1.473818087597417e-05 -3.495344028459426e-07 0 -6.22959040677204e-06 -4.774700838854755e-07 0 4.868077292108364e-05 -1.11515187229197e-06 0 1.632999627746573e-06 -1.364265419238897e-06 0 -2.288751533609246e-06 -7.77391213427521e-07 0 -1.157660776063968e-06 -6.626078468251889e-07 0 3.055265280046265e-06 -7.857828790850188e-07 0 6.552817788475773e-06 -7.705868790980341e-07 0 1.568423205252495e-06 -6.05072363558598e-07 0 -1.473251724267224e-05 -3.667442811574467e-07 0 -6.227790903871183e-06 -5.018213828809555e-07 0 4.867907018870146e-05 -1.176688268265599e-06 0 1.69784926735625e-06 -1.43738367835728e-06 0 -2.260665000784062e-06 -8.167652184587482e-07 0 -1.150179402359397e-06 -6.949894343286078e-07 0 3.057389992799225e-06 -8.264607232353824e-07 0 6.556006120563701e-06 -8.108144498326225e-07 0 1.575747528508032e-06 -6.360658851272544e-07 0 -1.472632753685491e-05 -3.841245879406332e-07 0 -6.225882881988332e-06 -5.275729174081255e-07 0 4.867717932847265e-05 -1.241164884581598e-06 0 1.764448052811451e-06 -1.514102219375528e-06 0 -2.2325057761792e-06 -8.583780554535445e-07 0 -1.142456140173359e-06 -7.293193434940171e-07 0 3.060405084891887e-06 -8.680543645712274e-07 0 6.559486058699965e-06 -8.533220599085678e-07 0 1.582923240185663e-06 -6.69017136683582e-07 0 -1.471976914047685e-05 -4.02495627593695e-07 0 -6.223689594315324e-06 -5.539451797256441e-07 0 4.867526585332696e-05 -1.309239434209124e-06 0 1.835260297910341e-06 -1.595428091481603e-06 0 -2.202622132674997e-06 -9.023787213759821e-07 0 -1.135505729839281e-06 -7.657837198249418e-07 0 3.063428832598968e-06 -9.122024963630418e-07 0 6.563814207310309e-06 -8.968076193622415e-07 0 1.590591624005961e-06 -7.038555046518305e-07 0 -1.471326296060421e-05 -4.222012169744285e-07 0 -6.221397598454859e-06 -5.818951638566007e-07 0 4.86734394013616e-05 -1.379910282394738e-06 0 1.910303504042143e-06 -1.679681336603546e-06 0 -2.170342570963907e-06 -9.475065940907357e-07 0 -1.128118052744209e-06 -8.042622569072454e-07 0 3.065619877683917e-06 -9.590032836043203e-07 0 6.568296284908265e-06 -9.429849329375961e-07 0 1.599115919733579e-06 -7.393946107958974e-07 0 -1.470638530387536e-05 -4.430505997693109e-07 0 -6.219259154446183e-06 -6.114691316989536e-07 0 4.867146884744364e-05 -1.454879344247283e-06 0 1.989851243475865e-06 -1.769104731865964e-06 0 -2.136289513926526e-06 -9.953328658253433e-07 0 -1.119350681817732e-06 -8.434601044679176e-07 0 3.068033121927243e-06 -1.008422208795094e-06 0 6.572186844782529e-06 -9.91945096148576e-07 0 1.608118873834552e-06 -7.77096744393295e-07 0 -1.469886875053381e-05 -4.640902506354571e-07 0 -6.216991830544638e-06 -6.427308492026883e-07 0 4.866928904294007e-05 -1.533452150847755e-06 0 2.071547333424433e-06 -1.862934604811121e-06 0 -2.102145433356684e-06 -1.045869138170154e-06 0 -1.110282309934457e-06 -8.849996118755198e-07 0 3.071542908773816e-06 -1.058935016744547e-06 0 6.576429592567573e-06 -1.043666872374213e-06 0 1.61693174338326e-06 -8.171786098310971e-07 0 -1.469091363616101e-05 -4.863136123340813e-07 0 -6.214380431669719e-06 -6.747354672851507e-07 0 4.866710020752854e-05 -1.616439583202594e-06 0 2.158386642463205e-06 -1.962395800935747e-06 0 -2.065914704810906e-06 -1.099278020811299e-06 0 -1.102153635797881e-06 -9.291179846023303e-07 0 3.075076538277404e-06 -1.112541382680167e-06 0 6.581716680442717e-06 -1.096562444428614e-06 0 1.626342220228949e-06 -8.595427121406082e-07 0 -1.468303538248311e-05 -5.101467893927138e-07 0 -6.211660368234811e-06 -7.086434611024149e-07 0 4.866502612887319e-05 -1.702609921887428e-06 0 2.250377864929098e-06 -2.065433861450985e-06 0 -2.026787885144737e-06 -1.154027763320894e-06 0 -1.093507085533907e-06 -9.75648235074407e-07 0 3.077603028832365e-06 -1.169374556408108e-06 0 6.587204045352402e-06 -1.152728035668134e-06 0 1.636801269480626e-06 -9.027422914181099e-07 0 -1.467471691875624e-05 -5.353429706929368e-07 0 -6.209139967534166e-06 -7.445160137998368e-07 0 4.866278455432568e-05 -1.794041012563412e-06 0 2.347829988764982e-06 -2.174813022528393e-06 0 -1.985555660655863e-06 -1.21204311310033e-06 0 -1.083203068560912e-06 -1.023017142861952e-06 0 3.080397511109889e-06 -1.229379839519373e-06 0 6.591977511686414e-06 -1.212288488358637e-06 0 1.647849907006338e-06 -9.485641474446527e-07 0 -1.466562484703574e-05 -5.607430753323123e-07 0 -6.206469622630634e-06 -7.824192049714697e-07 0 4.866029242139164e-05 -1.889874842575696e-06 0 2.447871232179321e-06 -2.289613056298371e-06 0 -1.944264418522051e-06 -1.273361605329433e-06 0 -1.072586063917413e-06 -1.073198788490749e-06 0 3.084516028338535e-06 -1.290698077145713e-06 0 6.59718341075588e-06 -1.275210836207234e-06 0 1.658670064623447e-06 -9.972857987110629e-07 0 -1.465600646564577e-05 -5.875546254027059e-07 0 -6.203378607561733e-06 -8.212049800145406e-07 0 4.865781698933438e-05 -1.991104129609247e-06 0 2.554188590971062e-06 -2.411334884057023e-06 0 -1.900454010047431e-06 -1.338167568942263e-06 0 -1.06316481417873e-06 -1.12650165827715e-06 0 3.088630788912472e-06 -1.355759596125342e-06 0 6.603658957243796e-06 -1.339555300860357e-06 0 1.670220498080355e-06 -1.048781340758607e-06 0 -1.464648844819172e-05 -6.163115331492622e-07 0 -6.200154628537013e-06 -8.622839531976719e-07 0 4.865551421160894e-05 -2.096218097640684e-06 0 2.666825409263634e-06 -2.537455989151324e-06 0 -1.853097639635537e-06 -1.404590759579265e-06 0 -1.053135677300115e-06 -1.182699336139091e-06 0 3.091484613405165e-06 -1.424734898951459e-06 0 6.610363583889334e-06 -1.407870516722219e-06 0 1.683048485905114e-06 -1.101285384256037e-06 0 -1.46364465532442e-05 -6.46700933444079e-07 0 -6.197174421726515e-06 -9.057414278885316e-07 0 4.865305396690306e-05 -2.207765236592572e-06 0 2.786143039505001e-06 -2.671354714642304e-06 0 -1.803184194393986e-06 -1.474966856332416e-06 0 -1.041070712179404e-06 -1.239877895068374e-06 0 3.094659098135804e-06 -1.497536014558737e-06 0 6.616179284178736e-06 -1.480310788493783e-06 0 1.696587012930268e-06 -1.156969960965266e-06 0 -1.462547284495144e-05 -6.773145158041684e-07 0 -6.194020305320957e-06 -9.516474380900224e-07 0 4.865032323721902e-05 -2.324693576040947e-06 0 2.908622494923046e-06 -2.811894281328809e-06 0 -1.753222655661441e-06 -1.549347070911068e-06 0 -1.028631583875616e-06 -1.300433126687379e-06 0 3.099471699654493e-06 -1.571899573103198e-06 0 6.622524624397275e-06 -1.556818519498487e-06 0 1.709835564130818e-06 -1.216176969300389e-06 0 -1.461387929817606e-05 -7.096146850005951e-07 0 -6.190364923018554e-06 -9.986069566762094e-07 0 4.864764411878844e-05 -2.448219514646424e-06 0 3.038753501757862e-06 -2.960902339615122e-06 0 -1.700233401479012e-06 -1.627929658679604e-06 0 -1.017673571045152e-06 -1.364759027604884e-06 0 3.104290444165547e-06 -1.650789603797019e-06 0 6.630440453982839e-06 -1.635029969115562e-06 0 1.723974260344624e-06 -1.278737302340231e-06 0 -1.460242757834324e-05 -7.44261975315144e-07 0 -6.186568450555763e-06 -1.048329073829838e-06 0 4.864518899269643e-05 -2.576487255127533e-06 0 3.176584627055667e-06 -3.115295402804363e-06 0 -1.642959843315556e-06 -1.708440835151807e-06 0 -1.006016768629464e-06 -1.432547614322807e-06 0 3.10756388596789e-06 -1.734435748916748e-06 0 6.638651240998411e-06 -1.718060142467774e-06 0 1.739682338318394e-06 -1.342500377241908e-06 0 -1.459035543224796e-05 -7.808564801278435e-07 0 -6.183086888541384e-06 -1.100924387200004e-06 0 4.864255938195547e-05 -2.712599881242103e-06 0 3.322538637325761e-06 -3.279227417767906e-06 0 -1.582633520284815e-06 -1.793734892021302e-06 0 -9.919158056696795e-07 -1.501472759807103e-06 0 3.111210583460477e-06 -1.82270549684959e-06 0 6.645776746336957e-06 -1.80611828656807e-06 0 1.756263980315365e-06 -1.410119947643264e-06 0 -1.457715478804522e-05 -8.176876486413325e-07 0 -6.179404146995637e-06 -1.156461536433624e-06 0 4.863961315369064e-05 -2.85526162071767e-06 0 3.472337372460721e-06 -3.451321183311519e-06 0 -1.522293692563653e-06 -1.883902114690507e-06 0 -9.774162504777582e-07 -1.574448411387728e-06 0 3.116836360374242e-06 -1.912838312683774e-06 0 6.65354355761788e-06 -1.899114628271803e-06 0 1.772489922349796e-06 -1.482032084187436e-06 0 -1.456321552163395e-05 -8.56534936699571e-07 0 -6.175109750788943e-06 -1.213247149477008e-06 0 4.863677649031076e-05 -3.005954372684548e-06 0 3.631470618110921e-06 -3.633808473217474e-06 0 -1.458309712192712e-06 -1.979156258576433e-06 0 -9.647634186295271e-07 -1.651983525492034e-06 0 3.122445148221603e-06 -2.00844173612897e-06 0 6.663219552088817e-06 -1.994160422866785e-06 0 1.789795745277267e-06 -1.558011805197039e-06 0 -1.45494653952527e-05 -8.982232530957423e-07 0 -6.170649097643477e-06 -1.273358007656058e-06 0 4.863426430756421e-05 -3.162407093499665e-06 0 3.800011341238696e-06 -3.822910615122048e-06 0 -1.389126607999336e-06 -2.076724430736913e-06 0 -9.513028347528374e-07 -1.733663511979157e-06 0 3.126153533039577e-06 -2.109815767872662e-06 0 6.673251330864549e-06 -2.095050441244632e-06 0 1.809009489640162e-06 -1.635431344819936e-06 0 -1.453498721784227e-05 -9.422414579676393e-07 0 -6.166580303702818e-06 -1.336944126340694e-06 0 4.863160767578853e-05 -3.328414682927244e-06 0 3.978457299127352e-06 -4.023717476923059e-06 0 -1.316272253335665e-06 -2.180079323687439e-06 0 -9.348860628421996e-07 -1.816658526031418e-06 0 3.130303137002105e-06 -2.216764142042374e-06 0 6.681958526048165e-06 -2.202054542513494e-06 0 1.829285577546053e-06 -1.717523052305499e-06 0 -1.4519157948676e-05 -9.865058485953452e-07 0 -6.162286914229015e-06 -1.404067780351632e-06 0 4.86286132269538e-05 -3.502393511491467e-06 0 4.161599309479568e-06 -4.234541648257157e-06 0 -1.24343734693444e-06 -2.289349552053038e-06 0 -9.180240322023692e-07 -1.904505914247616e-06 0 3.136862013343455e-06 -2.3259236245389e-06 0 6.691448269664085e-06 -2.315035577969519e-06 0 1.849129537712102e-06 -1.804833952026574e-06 0 -1.450245863055671e-05 -1.03317594871144e-06 0 -6.157269034925972e-06 -1.472669823197534e-06 0 4.862580304366287e-05 -3.686148981791454e-06 0 4.356126192962827e-06 -4.458099934448455e-06 0 -1.166225374705371e-06 -2.404754490756451e-06 0 -9.034435885582615e-07 -1.997856854005393e-06 0 3.143395970812285e-06 -2.441688179012635e-06 0 6.703268260115774e-06 -2.430470180591823e-06 0 1.870287419603045e-06 -1.897065739098029e-06 0 -1.448600675734921e-05 -1.083277742157211e-06 0 -6.152074702218957e-06 -1.545267446648526e-06 0 4.862341732343387e-05 -3.876898153592177e-06 0 4.562122453748151e-06 -4.689771315973325e-06 0 -1.082734638935962e-06 -2.522920492683405e-06 0 -8.879389576249563e-07 -2.096155990812323e-06 0 3.147610526631206e-06 -2.564454671005745e-06 0 6.715530961473593e-06 -2.552988309538658e-06 0 1.893765997924152e-06 -1.991014644216193e-06 0 -1.446869847742532e-05 -1.136160906515214e-06 0 -6.147373374884579e-06 -1.622058088247488e-06 0 4.862090265068952e-05 -4.079259934937005e-06 0 4.780165490374243e-06 -4.935816852217125e-06 0 -9.948686336344603e-07 -2.648089804238758e-06 0 -8.688882675057796e-07 -2.195965203227214e-06 0 3.152343238062294e-06 -2.693944324979117e-06 0 6.72618612176934e-06 -2.682947004939255e-06 0 1.918538523437707e-06 -2.090623269267524e-06 0 -1.444977303392131e-05 -1.189292949170528e-06 0 -6.142418811593692e-06 -1.703092529183568e-06 0 4.861801438445917e-05 -4.291293141681952e-06 0 5.003930647624887e-06 -5.194189509955502e-06 0 -9.070918910517035e-07 -2.780457669415357e-06 0 -8.49381007507477e-07 -2.301581552211461e-06 0 3.159986679063947e-06 -2.826060177831512e-06 0 6.737794232318517e-06 -2.820150176146424e-06 0 1.942787658533451e-06 -2.196583592912158e-06 0 -1.442982594086414e-05 -1.24529642468816e-06 0 -6.13659665310573e-06 -1.785872543037629e-06 0 4.861542208008107e-05 -4.515192597275008e-06 0 5.241585843345636e-06 -5.468203097560262e-06 0 -8.140600004612197e-07 -2.920244091168291e-06 0 -8.327141638765634e-07 -2.413840393197461e-06 0 3.167567721472364e-06 -2.966144333693514e-06 0 6.752233493698828e-06 -2.960299017967273e-06 0 1.968633266728748e-06 -2.308506572041603e-06 0 -1.441020338009691e-05 -1.30544744462828e-06 0 -6.130581843954985e-06 -1.873446840927432e-06 0 4.861341174947423e-05 -4.747556048643152e-06 0 5.493245365400383e-06 -5.752198060397436e-06 0 -7.134270091635475e-07 -3.063337626048844e-06 0 -8.149944172378132e-07 -2.532001740579437e-06 0 3.172302180779601e-06 -3.114711454317576e-06 0 6.767209586231587e-06 -3.109028382105097e-06 0 1.997296662146347e-06 -2.422484984727912e-06 0 -1.438958013288971e-05 -1.368921662460616e-06 0 -6.125183102410892e-06 -1.966074382053414e-06 0 4.861133657772798e-05 -4.994006358097561e-06 0 5.759575673745797e-06 -6.053865686067757e-06 0 -6.075626420923297e-07 -3.214909734947612e-06 0 -7.930010589470016e-07 -2.651887624981544e-06 0 3.177646030014247e-06 -3.271367812402066e-06 0 6.780228053452492e-06 -3.266795929361514e-06 0 2.027533418377109e-06 -2.54331731500048e-06 0 -1.436702654059041e-05 -1.432641167915631e-06 0 -6.119508245656241e-06 -2.063785657086328e-06 0 4.860887406239744e-05 -5.252170134840972e-06 0 6.032895826853234e-06 -6.370705307021454e-06 0 -5.018735851763934e-07 -3.375232634860934e-06 0 -7.705308998455507e-07 -2.778713078845259e-06 0 3.1865243917302e-06 -3.431127679981959e-06 0 6.794406900670347e-06 -3.433321778961718e-06 0 2.057137743014664e-06 -2.671868107871275e-06 0 -1.434327558915219e-05 -1.499786493359446e-06 0 -6.11280775986503e-06 -2.163551585437385e-06 0 4.860685395213088e-05 -5.524711357815341e-06 0 6.323160557843848e-06 -6.706754699470872e-06 0 -3.898893824495764e-07 -3.544510260828672e-06 0 -7.515793514975555e-07 -2.913545534794643e-06 0 3.195311977021581e-06 -3.600490449134734e-06 0 6.812032436378374e-06 -3.603368657712457e-06 0 2.088680120412162e-06 -2.807629826096295e-06 0 -1.431994341729095e-05 -1.571939983807495e-06 0 -6.105910063700787e-06 -2.269060749374336e-06 0 4.860559732248332e-05 -5.807472535681625e-06 0 6.630506855266615e-06 -7.055090946061181e-06 0 -2.687353747067578e-07 -3.717738943656568e-06 0 -7.314452822211603e-07 -3.0554016947704e-06 0 3.200622033173311e-06 -3.780130161962908e-06 0 6.830320206960977e-06 -3.783803555759517e-06 0 2.123639779489511e-06 -2.945844117055625e-06 0 -1.429544478186162e-05 -1.648059607773505e-06 0 -6.099783245554213e-06 -2.380649801743406e-06 0 4.86043486963815e-05 -6.107281099648754e-06 0 6.955699355083721e-06 -7.425187266337126e-06 0 -1.413590099488827e-07 -3.901238028716259e-06 0 -7.061934781567303e-07 -3.199208218312987e-06 0 3.206641636131768e-06 -3.969499732947231e-06 0 6.846231822840027e-06 -3.97522412321112e-06 0 2.160510432662466e-06 -3.092358948074934e-06 0 -1.426865024801299e-05 -1.7244091450987e-06 0 -6.093358955062272e-06 -2.498319039457262e-06 0 4.86026960163366e-05 -6.421235758313422e-06 0 7.289436162200707e-06 -7.814002092603951e-06 0 -1.428202499320638e-08 -4.09539276360199e-06 0 -6.804830619960844e-07 -3.351295841229513e-06 0 3.216928057197393e-06 -4.16253098475209e-06 0 6.863550376975946e-06 -4.177239786065308e-06 0 2.19661800229462e-06 -3.248261937561885e-06 0 -1.424046245492028e-05 -1.804847846241346e-06 0 -6.0857225985117e-06 -2.618400444723625e-06 0 4.860168698266054e-05 -6.752564031157342e-06 0 7.643850866018152e-06 -8.2264606042692e-06 0 1.203252422421474e-07 -4.300373134874177e-06 0 -6.591329878395669e-07 -3.513029974167372e-06 0 3.22707109357348e-06 -4.367123776287743e-06 0 6.885047779237041e-06 -4.38346629912014e-06 0 2.235073011103844e-06 -3.412894878986397e-06 0 -1.421281563691174e-05 -1.89133763774281e-06 0 -6.077889813851239e-06 -2.74534946279048e-06 0 4.860169327013802e-05 -7.096192761700537e-06 0 8.019108563513814e-06 -8.654088376085395e-06 0 2.659854235580182e-07 -4.510085222471544e-06 0 -6.364723981848452e-07 -3.683109896903194e-06 0 3.232969254217399e-06 -4.584153284399248e-06 0 6.907355452966113e-06 -4.602261802443691e-06 0 2.277663467376706e-06 -3.580459425432149e-06 0 -1.418381793114043e-05 -1.982563587977701e-06 0 -6.071018613926227e-06 -2.879599223717423e-06 0 4.860184237889462e-05 -7.460398222885155e-06 0 8.41609419107575e-06 -9.108558286731806e-06 0 4.190522024036246e-07 -4.732248110354657e-06 0 -6.076945236847819e-07 -3.85537635117731e-06 0 3.239687449106687e-06 -4.812866972962043e-06 0 6.926785859485973e-06 -4.834396013995469e-06 0 2.322575216904404e-06 -3.758075473549692e-06 0 -1.415209756460215e-05 -2.073989932715666e-06 0 -6.063839634359164e-06 -3.021103902232057e-06 0 4.860160027226473e-05 -7.841636851994502e-06 0 8.823567437414579e-06 -9.586158284205849e-06 0 5.716815015752161e-07 -4.96738806422467e-06 0 -5.784900347013955e-07 -4.037508981344189e-06 0 3.251546443931024e-06 -5.045884837676616e-06 0 6.947915039717811e-06 -5.079330022281919e-06 0 2.366576031295753e-06 -3.947103338767902e-06 0 -1.411875884592059e-05 -2.170296733246604e-06 0 -6.055241717324578e-06 -3.165427160794868e-06 0 4.860226476670337e-05 -8.243811970108997e-06 0 9.256289800588928e-06 -1.009289144158609e-05 0 7.333113691589119e-07 -5.215606051218145e-06 0 -5.546524870329861e-07 -4.231248956311669e-06 0 3.263210539998506e-06 -5.292808273656829e-06 0 6.974093482336324e-06 -5.329288806042547e-06 0 2.413412281750127e-06 -4.146692695525949e-06 0 -1.408610732550955e-05 -2.273912772280187e-06 0 -6.046466599522043e-06 -3.317944751346675e-06 0 4.860424848735639e-05 -8.660741018921315e-06 0 9.714430318833593e-06 -1.06183885868116e-05 0 9.082244761399181e-07 -5.469484435686144e-06 0 -5.293781293221056e-07 -4.434878426312801e-06 0 3.269729257598941e-06 -5.554773833610534e-06 0 7.001270942379179e-06 -5.594448006608632e-06 0 2.465231335201101e-06 -4.34978439541999e-06 0 -1.405190114765753e-05 -2.383183134886495e-06 0 -6.038890382045747e-06 -3.479211388854146e-06 0 4.860654559169647e-05 -9.102433027053866e-06 0 1.019899218482681e-05 -1.117707754377459e-05 0 1.091897263581082e-06 -5.738477634057229e-06 0 -4.968318416190276e-07 -4.640924391107262e-06 0 3.277197822268429e-06 -5.830757995642019e-06 0 7.024990385583879e-06 -5.875801993403783e-06 0 2.5198670095955e-06 -4.565049979143864e-06 0 -1.401448786347848e-05 -2.492606264677122e-06 0 -6.031012217719983e-06 -3.649115481173768e-06 0 4.860847426606946e-05 -9.564563543341432e-06 0 1.069643122264541e-05 -1.176444167887321e-05 0 1.274927136914877e-06 -6.023310296922671e-06 0 -4.639696268744775e-07 -4.858705126656662e-06 0 3.290829546899465e-06 -6.111788284123357e-06 0 7.050761482781109e-06 -6.172621331383514e-06 0 2.57343388678638e-06 -4.794192214885306e-06 0 -1.397520495953486e-05 -2.60785665518945e-06 0 -6.021485932275472e-06 -3.82229822908607e-06 0 4.861165225350864e-05 -1.005184142002184e-05 0 1.122472447604231e-05 -1.238780765605574e-05 0 1.468700771542486e-06 -6.323974708693884e-06 0 -4.377329355410852e-07 -5.0904426990208e-06 0 3.304171182442333e-06 -6.409523189011834e-06 0 7.0826068250332e-06 -6.4754397392933e-06 0 2.630424919151941e-06 -5.036124477251352e-06 0 -1.393677861699291e-05 -2.731937770843358e-06 0 -6.011816510533008e-06 -4.005232742083051e-06 0 4.861654331904039e-05 -1.055674209573827e-05 0 1.178405523594161e-05 -1.30344793142145e-05 0 1.678441251339035e-06 -6.631435326311455e-06 0 -4.099504119399466e-07 -5.333875751816278e-06 0 3.311265350088021e-06 -6.725429036112153e-06 0 7.115662020270447e-06 -6.79663140132087e-06 0 2.693399303085181e-06 -5.282256503058927e-06 0 -1.389656862438651e-05 -2.862778360532454e-06 0 -6.003626479612195e-06 -4.198623425896371e-06 0 4.862200892217713e-05 -1.109134133781952e-05 0 1.237555353817907e-05 -1.37223142840379e-05 0 1.898548690752732e-06 -6.957278543458408e-06 0 -3.735247854977363e-07 -5.579940072320683e-06 0 3.319452670409728e-06 -7.058121975532863e-06 0 7.144555264744501e-06 -7.137465908860913e-06 0 2.759777030219429e-06 -5.543140669129337e-06 0 -1.385260052212331e-05 -2.993712817283243e-06 0 -5.995162994792969e-06 -4.402272137278561e-06 0 4.862717844943826e-05 -1.165036616203059e-05 0 1.29829316166466e-05 -1.444579851969142e-05 0 2.117775699386065e-06 -7.302477853651443e-06 0 -3.369341463436981e-07 -5.839936843086285e-06 0 3.335030026356544e-06 -7.396702112396659e-06 0 7.175914457421134e-06 -7.496962377040103e-06 0 2.824902693668307e-06 -5.820893706781453e-06 0 -1.380648848650287e-05 -3.131615825787033e-06 0 -5.984811870037021e-06 -4.609719341818786e-06 0 4.863403193988008e-05 -1.223948724603501e-05 0 1.362804619784233e-05 -1.5213872404541e-05 0 2.349803745797796e-06 -7.666850115723397e-06 0 -3.084810719748698e-07 -6.116694976823072e-06 0 3.350226047416082e-06 -7.755324082261808e-06 0 7.214568564502949e-06 -7.86360582400499e-06 0 2.894149715257366e-06 -6.114133065859319e-06 0 -1.376143808167959e-05 -3.280188717357315e-06 0 -5.974394370718977e-06 -4.828740925781789e-06 0 4.86430665596338e-05 -1.28495618751329e-05 0 1.431105810624153e-05 -1.601099578905484e-05 0 2.600959549587528e-06 -8.039391867725383e-06 0 -2.784111758670493e-07 -6.407240184557946e-06 0 3.357882655746075e-06 -8.135879918367596e-06 0 7.254707055332626e-06 -8.252447429995221e-06 0 2.97056049243169e-06 -6.412414256225588e-06 0 -1.371435570821436e-05 -3.436848280320876e-06 0 -5.9658069473216e-06 -5.060219201610295e-06 0 4.86530000738325e-05 -1.349510423808049e-05 0 1.503322144794788e-05 -1.685934667724521e-05 0 2.864316909077097e-06 -8.434345784661191e-06 0 -2.381410487903302e-07 -6.700584386189721e-06 0 3.366786960223855e-06 -8.53650918940848e-06 0 7.28987167990594e-06 -8.665111139689178e-06 0 3.051088944334979e-06 -6.728586115264078e-06 0 -1.366289295683457e-05 -3.593527128006694e-06 0 -5.957011251039174e-06 -5.303839521484353e-06 0 4.86627350920199e-05 -1.416968627159128e-05 0 1.577502962473928e-05 -1.775220349142965e-05 0 3.126492079640053e-06 -8.853023096859132e-06 0 -1.979819157990614e-07 -7.010440359015747e-06 0 3.384493735221483e-06 -8.943974796950596e-06 0 7.32798653325234e-06 -9.100289974520689e-06 0 3.130181551798394e-06 -7.065279824565104e-06 0 -1.360897645813833e-05 -3.758557888822351e-06 0 -5.946073665274998e-06 -5.551831641427938e-06 0 4.867470386965209e-05 -1.488011387862885e-05 0 1.656306344496871e-05 -1.870047741842767e-05 0 3.403909852983666e-06 -9.294973951660608e-06 0 -1.678080620362565e-07 -7.340412677398107e-06 0 3.401677908566186e-06 -9.375452666534299e-06 0 7.374804835820481e-06 -9.54397920110376e-06 0 3.214221832387176e-06 -7.420749129028945e-06 0 -1.355634561843108e-05 -3.936496568053559e-06 0 -5.935179561135373e-06 -5.81351785462758e-06 0 4.868944188704885e-05 -1.561530319246773e-05 0 1.739744174521912e-05 -1.968513856070563e-05 0 3.7042260520731e-06 -9.746785554810148e-06 0 -1.359923818243514e-07 -7.686592548085056e-06 0 3.409783655320547e-06 -9.833376095036948e-06 0 7.42341788773429e-06 -1.001447467285834e-05 0 3.306789556935252e-06 -7.782296917605533e-06 0 -1.350141321787915e-05 -4.124138197890945e-06 0 -5.926526757273065e-06 -6.08999615087178e-06 0 4.870553372576109e-05 -1.639264457933224e-05 0 1.827951818151457e-05 -2.073381178934602e-05 0 4.018870570422771e-06 -1.022601089179995e-05 0 -9.216822716151542e-08 -8.035660676364298e-06 0 3.419313858443739e-06 -1.031525301173168e-05 0 7.466102515573531e-06 -1.051383982423812e-05 0 3.404315259022267e-06 -8.165564912755543e-06 0 -1.344142032014967e-05 -4.311724780919206e-06 0 -5.917785977724993e-06 -6.380803356702615e-06 0 4.872159677271268e-05 -1.720431532449898e-05 0 1.918600634318729e-05 -2.183829523985311e-05 0 4.331970585226551e-06 -1.073440047867202e-05 0 -4.885603629295466e-08 -8.404259437586915e-06 0 3.439309794947553e-06 -1.080501701836243e-05 0 7.512306588276785e-06 -1.104034504488538e-05 0 3.500215781639116e-06 -8.57380731230945e-06 0 -1.337864468571939e-05 -4.509352783666625e-06 0 -5.906669728779346e-06 -6.676612591823352e-06 0 4.874056694849707e-05 -1.80584608903394e-05 0 2.014920396351677e-05 -2.301190206414633e-05 0 4.663180119802989e-06 -1.127110980406448e-05 0 -1.776608604675547e-08 -8.796979403916626e-06 0 3.45862391052526e-06 -1.13235020814742e-05 0 7.568860144746559e-06 -1.15769696781183e-05 0 3.602041457481664e-06 -9.004836217077308e-06 0 -1.331740286271768e-05 -4.722611423415776e-06 0 -5.895784665543163e-06 -6.988564442607543e-06 0 4.876298825557193e-05 -1.894167452075237e-05 0 2.116914191366975e-05 -2.423133556478038e-05 0 5.021727184147117e-06 -1.18197821410938e-05 0 1.488944721683703e-08 -9.208688051612346e-06 0 3.467053596821478e-06 -1.18738333277071e-05 0 7.627594179639152e-06 -1.214594911929344e-05 0 3.713978041094967e-06 -9.443227703073881e-06 0 -1.325356682108092e-05 -4.947549092426846e-06 0 -5.887640324036408e-06 -7.318004222634475e-06 0 4.878732493095519e-05 -1.987468822912345e-05 0 2.224725478622291e-05 -2.553112518958751e-05 0 5.39704358842874e-06 -1.24021255714377e-05 0 6.158219752888657e-08 -9.623246289487339e-06 0 3.477084991730661e-06 -1.245268177869387e-05 0 7.679302844447454e-06 -1.27498975597308e-05 0 3.831885177545125e-06 -9.90803291626551e-06 0 -1.318392257746576e-05 -5.17237756207569e-06 0 -5.87960339451174e-06 -7.664281244521702e-06 0 4.881185852819228e-05 -2.084798840676534e-05 0 2.335589091176371e-05 -2.690126248764291e-05 0 5.770427541212929e-06 -1.30204657967075e-05 0 1.071785792339241e-07 -1.006086465708735e-05 0 3.499477103832693e-06 -1.30405571794525e-05 0 7.735175378276169e-06 -1.338653545846554e-05 0 3.948001203755991e-06 -1.040326267391124e-05 0 -1.311112719580565e-05 -5.409340002147585e-06 0 -5.868981992833422e-06 -8.016232569598573e-06 0 4.884011840634167e-05 -2.187127977012083e-05 0 2.45342556874778e-05 -2.835795931720002e-05 0 6.165317483874943e-06 -1.367337010071881e-05 0 1.378877516611254e-07 -1.052738985431612e-05 0 3.520997636979883e-06 -1.366272140214224e-05 0 7.803259705674302e-06 -1.403518495689607e-05 0 4.071177475417631e-06 -1.092619389996777e-05 0 -1.304011077177952e-05 -5.665274766501401e-06 0 -5.858859293599028e-06 -8.387135095388324e-06 0 4.887264055749435e-05 -2.292839758022153e-05 0 2.578221309951223e-05 -2.987270828153261e-05 0 6.592774069849593e-06 -1.434087238771486e-05 0 1.699766491725096e-07 -1.10160770905145e-05 0 3.529558547814282e-06 -1.432318244174238e-05 0 7.873986333471748e-06 -1.472286114744936e-05 0 4.206247694461818e-06 -1.14580932895729e-05 0 -1.296619484088268e-05 -5.93534110203582e-06 0 -5.852062940105152e-06 -8.77861958566324e-06 0 4.890780069637807e-05 -2.404393570894919e-05 0 2.710117351972102e-05 -3.148885036463166e-05 0 7.039735447994521e-06 -1.504995609044862e-05 0 2.183704277125553e-07 -1.150737049991027e-05 0 3.539931938544016e-06 -1.501749923782467e-05 0 7.936461735212617e-06 -1.545286486524279e-05 0 4.348486747601799e-06 -1.202217495565802e-05 0 -1.288569798562483e-05 -6.20530415871949e-06 0 -5.845687044044034e-06 -9.189804021421213e-06 0 4.894347329120752e-05 -2.520635082217063e-05 0 2.84584799905771e-05 -3.319419415406289e-05 0 7.484294064732943e-06 -1.580371652284713e-05 0 2.647925661861116e-07 -1.202585023771761e-05 0 3.564828202115566e-06 -1.572203956114268e-05 0 8.003857562603743e-06 -1.622220700552186e-05 0 4.488832996710213e-06 -1.262336178336695e-05 0 -1.280165390497162e-05 -6.490019969902955e-06 0 -5.836607144898975e-06 -9.607364092882596e-06 0 4.898383787005356e-05 -2.642714845197714e-05 0 2.990172857722517e-05 -3.50084232002834e-05 0 7.954346159327884e-06 -1.659986916865453e-05 0 2.930861005279172e-07 -1.257897632747293e-05 0 3.588600381784767e-06 -1.646742386301157e-05 0 8.085571374362442e-06 -1.70057816877376e-05 0 4.637575914144543e-06 -1.325830207842167e-05 0 -1.271959080574592e-05 -6.797825566864229e-06 0 -5.82841839463083e-06 -1.004706265750853e-05 0 4.902937780608407e-05 -2.768690881632587e-05 0 3.143057895214906e-05 -3.689668871568671e-05 0 8.463143183840003e-06 -1.741400742429847e-05 0 3.223777172017827e-07 -1.315788349112896e-05 0 3.596984562120875e-06 -1.725878762916938e-05 0 8.17046304821961e-06 -1.783639850310835e-05 0 4.800217121452011e-06 -1.390425551273892e-05 0 -1.2634287875124e-05 -7.122850822915624e-06 0 -5.824226247772013e-06 -1.051084379175265e-05 0 4.907845612820566e-05 -2.901461920807799e-05 0 3.304629108809991e-05 -3.8913577535612e-05 0 8.994573258744308e-06 -1.827983484604597e-05 0 3.70493956930451e-07 -1.373886809625906e-05 0 3.607400200750232e-06 -1.809020160997623e-05 0 8.245705526967184e-06 -1.871820553287201e-05 0 4.971430371189522e-06 -1.45895296220248e-05 0 -1.254161005879995e-05 -7.447925712569802e-06 0 -5.820912733739414e-06 -1.099755627985248e-05 0 4.91284786227203e-05 -3.039630613863205e-05 0 3.471054693649638e-05 -4.104425232817013e-05 0 9.523157184353202e-06 -1.920144686087029e-05 0 4.154562107117065e-07 -1.435185913592225e-05 0 3.634796140308815e-06 -1.893302358965936e-05 0 8.326721752334454e-06 -1.964727841349562e-05 0 5.140718156416979e-06 -1.532013044898677e-05 0 -1.244496435565123e-05 -7.791102718037247e-06 0 -5.814908803219998e-06 -1.149135611160611e-05 0 4.918431536958534e-05 -3.184552953395831e-05 0 3.648102711361483e-05 -4.331245378093664e-05 0 1.008193393439716e-05 -2.017532723191072e-05 0 4.384625072462177e-07 -1.500637652934473e-05 0 3.660819909719059e-06 -1.982434303453035e-05 0 8.42441451898851e-06 -2.059314754954134e-05 0 5.319934814389249e-06 -1.60919597003489e-05 0 -1.235044390668349e-05 -8.162498347905401e-06 0 -5.810375149607749e-06 -1.201087808225427e-05 0 4.924632820672153e-05 -3.333906719673631e-05 0 3.835707356981965e-05 -4.567568929364929e-05 0 1.068667988961963e-05 -2.117161493884328e-05 0 4.618412417570216e-07 -1.569078018460318e-05 0 3.668730169027745e-06 -2.077073661225452e-05 0 8.525970090419999e-06 -2.159563021692564e-05 0 5.515265825449533e-06 -1.687741125300755e-05 0 -1.225232487989808e-05 -8.55506032829481e-06 0 -5.810636172824679e-06 -1.255839159117547e-05 0 4.931294939498204e-05 -3.491081246236559e-05 0 4.033952803229878e-05 -4.820298075950118e-05 0 1.131750953033833e-05 -2.223272958569271e-05 0 5.067445355486088e-07 -1.637634799505489e-05 0 3.67893201006636e-06 -2.176431473693233e-05 0 8.616385333296006e-06 -2.265992627217134e-05 0 5.720846665918655e-06 -1.77110243189801e-05 0 -1.214604841133504e-05 -8.948077795317871e-06 0 -5.812449692631227e-06 -1.313242487198298e-05 0 4.938104746402688e-05 -3.654390347298565e-05 0 4.238381200065421e-05 -5.087635412314664e-05 0 1.194506469771872e-05 -2.336410748886558e-05 0 5.468160176741453e-07 -1.709964763335278e-05 0 3.70883076406675e-06 -2.277040624974313e-05 0 8.713558453110615e-06 -2.378092383354975e-05 0 5.924646971043612e-06 -1.860009023008611e-05 0 -1.20353159603695e-05 -9.363526920107451e-06 0 -5.811784089836125e-06 -1.371420671355487e-05 0 4.945624625835726e-05 -3.825418467205341e-05 0 4.455973039167726e-05 -5.372406564631803e-05 0 1.260829426066867e-05 -2.456039106614981e-05 0 5.603619663493985e-07 -1.787285235425439e-05 0 3.737062814965219e-06 -2.383393968891957e-05 0 8.829971723030294e-06 -2.492169241309627e-05 0 6.140126079003105e-06 -1.953969099794186e-05 0 -1.192667287316235e-05 -9.813629102914737e-06 0 -5.813365835702355e-06 -1.432566462510835e-05 0 4.953871893324802e-05 -4.001405078301982e-05 0 4.686626626848599e-05 -5.669449443946022e-05 0 1.332593748867849e-05 -2.578494325162356e-05 0 5.732746124614828e-07 -1.868059111042892e-05 0 3.744105962322219e-06 -2.496332527153911e-05 0 8.951069658091892e-06 -2.613053373721509e-05 0 6.374075226606157e-06 -2.049634357561332e-05 0 -1.181403866942765e-05 -1.029006164081272e-05 0 -5.820618795462917e-06 -1.496939723476601e-05 0 4.962714062613227e-05 -4.186278469380921e-05 0 4.930343948907761e-05 -5.987514421046825e-05 0 1.407350162566101e-05 -2.709161168678014e-05 0 6.105313691620594e-07 -1.948797357093079e-05 0 3.753725722782652e-06 -2.614793292549187e-05 0 9.059445025105806e-06 -2.741392326662678e-05 0 6.620202881134352e-06 -2.151223989341634e-05 0 -1.169256988261397e-05 -1.076787330489288e-05 0 -5.830394644065762e-06 -1.564360523399755e-05 0 4.971776376674897e-05 -4.378014933303833e-05 0 5.181990235566396e-05 -6.32443881446315e-05 0 1.481754502377641e-05 -2.848765791832984e-05 0 6.40694500946004e-07 -2.033988195228147e-05 0 3.786006139275266e-06 -2.734575612300949e-05 0 9.175700456248714e-06 -2.87650457657402e-05 0 6.864908701699479e-06 -2.259614749721469e-05 0 -1.156613957083164e-05 -1.127389024095995e-05 0 -5.838270171275306e-06 -1.632616648432859e-05 0 4.981689536451284e-05 -4.578450448671986e-05 0 5.449999670852772e-05 -6.683522289133505e-05 0 1.560378937950218e-05 -2.996523295141496e-05 0 6.390045981033431e-07 -2.125197953237092e-05 0 3.816367836001477e-06 -2.861124228636415e-05 0 9.31395600107382e-06 -3.01391102430059e-05 0 7.123260215312344e-06 -2.374209615095806e-05 0 -1.144152153365746e-05 -1.182276012659002e-05 0 -5.849527880089078e-06 -1.704272705262306e-05 0 4.992436800940747e-05 -4.784327171425753e-05 0 5.734229115432476e-05 -7.058537744192207e-05 0 1.645441576465095e-05 -3.147935963955256e-05 0 6.353106684481301e-07 -2.220424035903265e-05 0 3.822219784989366e-06 -2.99552434101253e-05 0 9.457986565181153e-06 -3.159469606718069e-05 0 7.402552596819101e-06 -2.490941012459578e-05 0 -1.131245004896975e-05 -1.240473012249169e-05 0 -5.867467955819605e-06 -1.779614885133017e-05 0 5.003933734805399e-05 -5.000143327670621e-05 0 6.034514947612923e-05 -7.460572766785494e-05 0 1.733914143363379e-05 -3.309887384285101e-05 0 6.589123460049028e-07 -2.315432470331203e-05 0 3.831086623010126e-06 -3.136374734386427e-05 0 9.58777345140549e-06 -3.313995552327742e-05 0 7.696293557180043e-06 -2.614972690211884e-05 0 -1.117395954505079e-05 -1.298966374106355e-05 0 -5.889245559075051e-06 -1.858420413415346e-05 0 5.015740380896055e-05 -5.223483343730177e-05 0 6.345005045281514e-05 -7.887040573082998e-05 0 1.8220289055286e-05 -3.483331810834756e-05 0 6.723598007796204e-07 -2.415735898205536e-05 0 3.865841046696294e-06 -3.278601999336713e-05 0 9.726765285586469e-06 -3.476612684322113e-05 0 7.989331908160589e-06 -2.747362798971326e-05 0 -1.102987486233109e-05 -1.361047382006288e-05 0 -5.910092456901106e-06 -1.938091774611981e-05 0 5.028560002082877e-05 -5.456439808039677e-05 0 6.675858581685344e-05 -8.341624536265488e-05 0 1.915128004671001e-05 -3.667097635461253e-05 0 6.476197143001626e-07 -2.52332232129988e-05 0 3.898463199245027e-06 -3.428762776024573e-05 0 9.89063406708901e-06 -3.641906241017359e-05 0 8.298092298693325e-06 -2.887425423296359e-05 0 -1.088689133157267e-05 -1.428471702589768e-05 0 -5.935792792191585e-06 -2.02161558162878e-05 0 5.042327651942624e-05 -5.695203167352565e-05 0 7.026896634468315e-05 -8.816894832511505e-05 0 2.015840939367796e-05 -3.855653175991683e-05 0 6.189839044934419e-07 -2.635556262603304e-05 0 3.902939184660669e-06 -3.588217930680648e-05 0 1.006168373068883e-05 -3.816916694027433e-05 0 8.630109522490824e-06 -3.030230229948954e-05 0 -1.07390173279473e-05 -1.50014532366927e-05 0 -5.969270461474163e-06 -2.109305911958143e-05 0 5.057039681461567e-05 -5.944864759750527e-05 0 7.397700311583681e-05 -9.326919778133816e-05 0 2.120477127997427e-05 -4.058010793728337e-05 0 6.2069359547251e-07 -2.747288978785251e-05 0 3.911086853630729e-06 -3.755079105086188e-05 0 1.021712306692457e-05 -4.002624930173407e-05 0 8.979104720939489e-06 -3.182043942834278e-05 0 -1.058154856244109e-05 -1.572436957879546e-05 0 -6.008502963290863e-06 -2.200913741172774e-05 0 5.072180027159562e-05 -6.202574022715936e-05 0 7.781672975666619e-05 -9.868645631073545e-05 0 2.224866751104198e-05 -4.275482213699204e-05 0 6.088349156982418e-07 -2.865497537512563e-05 0 3.948670817544019e-06 -3.923232424601214e-05 0 1.038341419612454e-05 -4.197852945910657e-05 0 9.328614812099954e-06 -3.344089205012737e-05 0 -1.041779582770797e-05 -1.649354907099116e-05 0 -6.048605922327754e-06 -2.293414810680075e-05 0 5.088496754612065e-05 -6.470693726171907e-05 0 8.190923160493467e-05 -0.0001044581246574918 0 2.335109904395838e-05 -4.506270467705825e-05 0 5.521948919437467e-07 -2.992800755429771e-05 0 3.984564929851441e-06 -4.100765718831681e-05 0 1.057763340388262e-05 -4.3960807957928e-05 0 9.696023815217168e-06 -3.515546797206152e-05 0 -1.025368676465382e-05 -1.732937652459965e-05 0 -6.095560397600952e-06 -2.390220111372996e-05 0 5.105849183197758e-05 -6.744819442011055e-05 0 8.625193629004795e-05 -0.0001104964711602634 0 2.454262821915964e-05 -4.743482198656633e-05 0 4.889659715456849e-07 -3.125684878081594e-05 0 3.989078331212425e-06 -4.289496873312575e-05 0 1.0781183158802e-05 -4.60596634365611e-05 0 1.008874354681971e-05 -3.69046158506317e-05 0 -1.00840720240955e-05 -1.821967644428847e-05 0 -6.151290332864767e-06 -2.491622950273608e-05 0 5.124389403993872e-05 -7.030571201815244e-05 0 9.083539833148328e-05 -0.0001169775400458083 0 2.5777640689853e-05 -4.998862740104946e-05 0 4.580609352516917e-07 -3.257738590359011e-05 0 3.997868931022996e-06 -4.486794041501201e-05 0 1.096837804471368e-05 -4.828803023810418e-05 0 1.050106135608297e-05 -3.876642414547392e-05 0 -9.905068638266235e-06 -1.912082998822319e-05 0 -6.215190629668688e-06 -2.597331084358382e-05 0 5.143530195983458e-05 -7.324607657956551e-05 0 9.558646600860836e-05 -0.0001238656000307498 0 2.701117823492721e-05 -5.274182886099484e-05 0 4.079527449532549e-07 -3.397595076387941e-05 0 4.038777907416912e-06 -4.685133999838588e-05 0 1.116794191909076e-05 -5.06287466269387e-05 0 1.091547610704291e-05 -4.075601275134454e-05 0 -9.719240469621693e-06 -2.008339920933025e-05 0 -6.282639860369366e-06 -2.703866029366442e-05 0 5.164035039230407e-05 -7.629525268560908e-05 0 0.0001006545531769196 -0.0001311952061885477 0 2.831925599113688e-05 -5.567353421900238e-05 0 3.047964602029273e-07 -3.548578892674861e-05 0 4.077948137122533e-06 -4.894086513420205e-05 0 1.139762100903913e-05 -5.300165100334195e-05 0 1.134914417531135e-05 -4.286220757091994e-05 0 -9.531123757428039e-06 -2.113200982131573e-05 0 -6.359862503864389e-06 -2.815200707033307e-05 0 5.185643848882453e-05 -7.940325001682888e-05 0 0.0001060358504394454 -0.0001388649136392101 0 2.973970552905963e-05 -5.870053822161318e-05 0 1.967448682374527e-07 -3.70684029254182e-05 0 4.082288505978525e-06 -5.11592295895022e-05 0 1.163934592827293e-05 -5.55076852312951e-05 0 1.180884898661916e-05 -4.501123474949607e-05 0 -9.337301664573416e-06 -2.22525166606426e-05 0 -6.447319054220246e-06 -2.931666171658662e-05 0 5.208705058786649e-05 -8.26318755004149e-05 0 0.000111707229776499 -0.000147089680281696 0 3.121085153279245e-05 -6.197965902839801e-05 0 1.304475499078193e-07 -3.86489266261409e-05 0 4.095635040543554e-06 -5.347951943231004e-05 0 1.186519314558959e-05 -5.816247943212036e-05 0 1.229124672932902e-05 -4.729487526950078e-05 0 -9.13518351982473e-06 -2.339055489687658e-05 0 -6.54631694919916e-06 -3.052837004993789e-05 0 5.232551230750087e-05 -8.594291955231655e-05 0 0.0001175845258059999 -0.0001558222653157927 0 3.26803803350345e-05 -6.553166628492454e-05 0 4.088360195525487e-08 -4.033975561588878e-05 0 4.149090489645456e-06 -5.581602232566495e-05 0 1.210699286099959e-05 -6.095152620024923e-05 0 1.277913221698484e-05 -4.973043898316015e-05 0 -8.924532428129794e-06 -2.460612603428624e-05 0 -6.65255959596267e-06 -3.174621554419276e-05 0 5.257975943266657e-05 -8.936304665309574e-05 0 0.0001238514139017196 -0.0001650692937584276 0 3.424895521519227e-05 -6.931045091047512e-05 0 -1.14478960672182e-07 -4.217957245249149e-05 0 4.201375065494838e-06 -5.828688352891176e-05 0 1.238271595926238e-05 -6.378385731942939e-05 0 1.328585067501137e-05 -5.231199112930296e-05 0 -8.706513032120944e-06 -2.592713382477702e-05 0 -6.770645871831404e-06 -3.301306762577143e-05 0 5.284582410264304e-05 -9.283590346074316e-05 0 0.0001305005950811566 -0.0001747142431408272 0 3.596572243407675e-05 -7.320904610672289e-05 0 -2.64536422475703e-07 -4.410486457646998e-05 0 4.210693468557901e-06 -6.091655830740318e-05 0 1.26712067243448e-05 -6.678116533826403e-05 0 1.381557594255789e-05 -5.495551051961332e-05 0 -8.484408863668191e-06 -2.734417702615621e-05 0 -6.898125492205143e-06 -3.433148634419263e-05 0 5.313171755772644e-05 -9.642505515357423e-05 0 0.000137499435106117 -0.0001850302236287831 0 3.775387008066177e-05 -7.746444247702741e-05 0 -3.481467153454432e-07 -4.601312943804981e-05 0 4.243971154754832e-06 -6.365126033673098e-05 0 1.294000137517376e-05 -6.995825868954999e-05 0 1.436460709643844e-05 -5.777164100336744e-05 0 -8.260953723776554e-06 -2.879677804227837e-05 0 -7.043613958021555e-06 -3.570045365618862e-05 0 5.342971181442751e-05 -0.0001000877540004823 0 0.0001447426908825142 -0.0001959571352589239 0 3.955109298117709e-05 -8.211709749401853e-05 0 -4.477772649891243e-07 -4.808094876617829e-05 0 4.342738249396571e-06 -6.637746618699727e-05 0 1.323933524233212e-05 -7.327408973311408e-05 0 1.49173571411948e-05 -6.077603353871718e-05 0 -8.033704015336651e-06 -3.035793539190624e-05 0 -7.207055202643198e-06 -3.707744750551609e-05 0 5.374159828103186e-05 -0.0001038550080199501 0 0.0001524311770388503 -0.0002074639399208692 0 4.146523791797446e-05 -8.710060982596977e-05 0 -6.238920225998258e-07 -5.03787002881055e-05 0 4.448381329409667e-06 -6.927448401174673e-05 0 1.359454982769598e-05 -7.661081304508651e-05 0 1.549670836614031e-05 -6.394114182538614e-05 0 -7.79675650399575e-06 -3.205503635156283e-05 0 -7.390149166619508e-06 -3.850831141343369e-05 0 5.40598369896672e-05 -0.0001076669791270305 0 0.0001605407125212579 -0.0002193952852958259 0 4.354931108196957e-05 -9.226939366547506e-05 0 -7.8913670490538e-07 -5.283326035256281e-05 0 4.496472481456403e-06 -7.239823146999551e-05 0 1.396496307278644e-05 -8.015003384322181e-05 0 1.611128754325924e-05 -6.715800158226327e-05 0 -7.549184232548412e-06 -3.386629735945521e-05 0 -7.583028946621384e-06 -3.999179443342493e-05 0 5.440131192607777e-05 -0.0001115856097031048 0 0.0001690491134745397 -0.0002320328428564071 0 4.572818317844645e-05 -9.784691098015454e-05 0 -8.730647643381829e-07 -5.530165394187613e-05 0 4.577509493765285e-06 -7.568754112326648e-05 0 1.429873780303681e-05 -8.393599483734124e-05 0 1.673516862380625e-05 -7.059111538944891e-05 0 -7.291400752472421e-06 -3.571092942874966e-05 0 -7.790983812372421e-06 -4.151757084634287e-05 0 5.476047191683291e-05 -0.0001155624959100062 0 0.0001778307679931867 -0.000245305959216722 0 4.794136326952136e-05 -0.000103868638768532 0 -9.495465589509646e-07 -5.792213480731306e-05 0 4.745262133405702e-06 -7.898852059797477e-05 0 1.467251642194023e-05 -8.792285036092386e-05 0 1.734011160064996e-05 -7.428248320633274e-05 0 -7.037122986990052e-06 -3.769897249146242e-05 0 -8.012452783472124e-06 -4.303427652443437e-05 0 5.514571144031587e-05 -0.0001196202875654523 0 0.0001871735477289443 -0.0002592576778610178 0 5.032475304606737e-05 -0.0001103878628194279 0 -1.08178370381018e-06 -6.072895765072989e-05 0 4.961087788767081e-06 -8.242620665843518e-05 0 1.51283497077867e-05 -9.195290172832934e-05 0 1.797251001167676e-05 -7.820302985286907e-05 0 -6.791362395411338e-06 -3.988322894555012e-05 0 -8.26265173290569e-06 -4.460358629089153e-05 0 5.554615758124325e-05 -0.0001236959023222014 0 0.0001970446154040198 -0.0002737548105392426 0 5.293863819914173e-05 -0.000117304091178127 0 -1.187351855926055e-06 -6.375209863541172e-05 0 5.152095441225689e-06 -8.601674560217588e-05 0 1.565259162867455e-05 -9.615290800622355e-05 0 1.866106599567735e-05 -8.220720030742769e-05 0 -6.535447317913834e-06 -4.224488436080538e-05 0 -8.541512770035564e-06 -4.623687103106396e-05 0 5.596796100719447e-05 -0.0001278612501899095 0 0.0002074280519417243 -0.0002891499184872929 0 5.570172062606404e-05 -0.000125002038714652 0 -1.211179582488731e-06 -6.692256618847769e-05 0 5.377787772993524e-06 -8.980032909796602e-05 0 1.618548361890376e-05 -0.00010053491900615 0 1.940458620421081e-05 -8.642465459395877e-05 0 -6.248328375431378e-06 -4.46754272344094e-05 0 -8.837955372244244e-06 -4.792838525077315e-05 0 5.639871728507772e-05 -0.0001320720254712774 0 0.0002180249874341039 -0.0003051301144954181 0 5.852681414642013e-05 -0.0001334617175868047 0 -1.219070386318522e-06 -7.0497995869492e-05 0 5.658146428409726e-06 -9.369987868909375e-05 0 1.674342485964014e-05 -0.0001051544256792172 0 2.017156772197298e-05 -9.087529445909667e-05 0 -5.925240163157097e-06 -4.728180840385311e-05 0 -9.130884632876923e-06 -4.961857377194875e-05 0 5.687102139594751e-05 -0.0001363579795328057 0 0.0002291119992475915 -0.0003213826812653412 0 6.14345334887592e-05 -0.0001421223377958015 0 -1.26945929898592e-06 -7.450138292991286e-05 0 6.001739154527785e-06 -9.793787416632373e-05 0 1.732765570304495e-05 -0.0001099170224926 0 2.092170119456782e-05 -9.561831368407481e-05 0 -5.572316249556619e-06 -5.010229359038095e-05 0 -9.424784636995198e-06 -5.137112048523781e-05 0 5.738054685677784e-05 -0.0001406549201115343 0 0.000240691070726877 -0.0003377806151593888 0 6.449206012624358e-05 -0.000150757308732527 0 -1.337489517146129e-06 -7.847774652974988e-05 0 6.360780490780037e-06 -0.0001025083474180243 0 1.802135398353694e-05 -0.0001150349687718622 0 2.164032082627165e-05 -0.0001005471512189318 0 -5.252637588423759e-06 -5.317266978327461e-05 0 -9.726522283627637e-06 -5.318766844956447e-05 0 5.794659959984515e-05 -0.0001450411201947312 0 0.0002530288311652639 -0.0003553317897326659 0 6.800304756027219e-05 -0.000160758343641037 0 -1.414529628138151e-06 -8.204611760696725e-05 0 6.719911227900943e-06 -0.0001070046087597491 0 1.881704193563288e-05 -0.0001204889912366199 0 2.246857010626546e-05 -0.0001058605919701658 0 -5.004275922732004e-06 -5.640548228271446e-05 0 -1.009431433975083e-05 -5.508333031486664e-05 0 5.854417855358229e-05 -0.0001494679435997638 0 0.0002657081019999465 -0.0003741232268007592 0 7.193170543924597e-05 -0.0001725320240036085 0 -1.316935057553426e-06 -8.622472752483745e-05 0 7.041109326977324e-06 -0.0001110801105456867 0 1.959990400310363e-05 -0.000125951956937282 0 2.346157195485393e-05 -0.0001115466530080753 0 -4.682803260366853e-06 -5.994287956719458e-05 0 -1.055792473160511e-05 -5.700295673696786e-05 0 5.914784122513366e-05 -0.0001539709533492657 0 0.0002791692108805934 -0.0003939767392286105 0 7.594391271552313e-05 -0.0001859776781477952 0 -9.382625549489435e-07 -9.157327419952784e-05 0 7.604678145166355e-06 -0.0001156565439163091 0 2.028697110952049e-05 -0.0001311323954231282 0 2.438025503479629e-05 -0.0001174212515840153 0 -4.161385066356328e-06 -6.379245353878379e-05 0 -1.098514663298161e-05 -5.900507979285548e-05 0 5.973999651560229e-05 -0.0001584811033985799 0 0.0002926465544194692 -0.0004138024154044396 0 7.985642917478912e-05 -0.0002004212505737398 0 -5.420211748319307e-07 -9.782100612118568e-05 0 8.501622342123314e-06 -0.0001212255417212486 0 2.126085053438115e-05 -0.0001369167647172339 0 2.508407341499097e-05 -0.0001232542235733696 0 -3.723799544268214e-06 -6.790353464768052e-05 0 -1.125335908600672e-05 -6.10663815544237e-05 0 6.054153648078069e-05 -0.0001630477682631869 0 0.0003057086629133023 -0.0004333452376350097 0 8.28475552388727e-05 -0.0002140736402930854 0 -4.395019633784974e-07 -0.0001044568176963127 0 9.492782996924075e-06 -0.0001273595724015494 0 2.265897173613085e-05 -0.0001436899925499049 0 2.59385966094594e-05 -0.0001297962299510423 0 -3.612564222363335e-06 -7.21188150691514e-05 0 -1.167108619193336e-05 -6.316563459256729e-05 0 6.154964648779487e-05 -0.0001676112436894773 0 0.0003201644351351548 -0.0004526371389859873 0 8.522586480645687e-05 -0.0002270582112722241 0 -1.184773281828755e-06 -0.0001100018409816959 0 1.026095808454724e-05 -0.0001334412113231515 0 2.417057624415353e-05 -0.0001509039567734573 0 2.717013230676274e-05 -0.0001373017987519841 0 -3.632809251259695e-06 -7.687288076229768e-05 0 -1.248282655940541e-05 -6.522920570900275e-05 0 6.242402789197188e-05 -0.0001721813232014192 0 0.0003397123945354379 -0.0004730908108729849 0 9.182326758214869e-05 -0.0002438937558512213 0 -2.765903806628556e-06 -0.0001136588248105801 0 1.04159251018629e-05 -0.0001382204960145936 0 2.550153591307502e-05 -0.0001578389249420643 0 2.846884875282174e-05 -0.0001452278787837926 0 -3.461173447280586e-06 -8.237222446111791e-05 0 -1.356952451845445e-05 -6.739795870859109e-05 0 6.304919955373023e-05 -0.0001766952482199049 0 0.000360389426552643 -0.000496628812234571 0 0.0001024066319206193 -0.0002660201450269622 0 -2.018948921739261e-06 -0.000119367815670169 0 9.914623156991041e-06 -0.000141181993413288 0 2.627381851433991e-05 -0.0001636842925245626 0 2.958256305529705e-05 -0.0001528656716315909 0 -3.206068915774519e-06 -8.826474116592225e-05 0 -1.466178047275501e-05 -6.973838771364911e-05 0 6.378096216785173e-05 -0.000181254999502993 0 0.0003785757011206744 -0.0005230449511895579 0 0.0001067199201067528 -0.0002948922776460811 0 2.341873094190149e-06 -0.0001293926256172055 0 1.148035149280829e-05 -0.0001463641472534008 0 2.644122651643266e-05 -0.0001683863603658244 0 3.006931915462002e-05 -0.0001602452588142806 0 -3.021934026715968e-06 -9.395664302091262e-05 0 -1.558190153799766e-05 -7.209354388200416e-05 0 6.476554775713961e-05 -0.0001858242986632619 0 0.0003993230058414939 -0.0005468862007185917 0 0.0001052006819212275 -0.0003272772985571329 0 5.522139793628911e-07 -0.0001428653558092352 0 1.617406546502997e-05 -0.0001559257594047434 0 2.864766745244024e-05 -0.0001760157970051917 0 2.989595349665863e-05 -0.000167683847875591 0 -3.444158016195633e-06 -9.997894475771706e-05 0 -1.627223085945428e-05 -7.424703820033909e-05 0 6.678005322872937e-05 -0.0001903523119527878 0 0.0004294177534251639 -0.0005656820961713118 0 0.0001138672239644062 -0.0003521110400595993 0 -1.106165190051939e-05 -0.0001581403476364884 0 1.552605053459916e-05 -0.0001668018298005558 0 3.391970983685627e-05 -0.000188187692287802 0 3.136074701597796e-05 -0.0001783435612305829 0 -4.598891950022278e-06 -0.0001068225900407874 0 -1.740335514114482e-05 -7.634241068153485e-05 0 6.975040586883891e-05 -0.00019472874925534 0 0.0004602174833358147 -0.0005788518252448099 0 0.0001350540359549568 -0.0003721087787184919 0 -1.597603239743977e-05 -0.0001685882159631648 0 5.98713817452634e-06 -0.0001763872178919615 0 3.522940629280269e-05 -0.0001996399168226236 0 3.557046734680574e-05 -0.0001929039654353076 0 -5.275262127478476e-06 -0.0001158050810898996 0 -1.935529334438912e-05 -7.853257549470664e-05 0 7.323082137401099e-05 -0.0001990318714058673 0 0.000489152409244714 -0.0005924926439156803 0 0.0001587323705047883 -0.0004098108222451227 0 -4.057045938303528e-06 -0.0001706622553028867 0 5.703247339138018e-06 -0.0001802106367804011 0 2.947064932999621e-05 -0.0002068627688844625 0 3.743781753157843e-05 -0.0002044301315847399 0 -4.342947268885788e-06 -0.0001272489205272767 0 -2.140337177290729e-05 -8.095899795992292e-05 0 7.679242252257856e-05 -0.0002032088489206446 0 0.0005261896577036656 -0.0006144372163445714 0 0.0001885697783496551 -0.0004657902943532386 0 6.665536474964593e-06 -0.0001880651808312886 0 2.530840360803061e-05 -0.0001764128021523601 0 3.281014626586864e-05 -0.0002084978195308739 0 3.410161261863109e-05 -0.0002089367693182053 0 -4.387944744214945e-06 -0.0001357354733629613 0 -2.304119128070797e-05 -8.371646587109533e-05 0 8.163295291257339e-05 -0.0002075733667179415 0 0.0005805821442001617 -0.0006410176758626608 0 0.0002365139985049252 -0.0005308415299695783 0 6.413875143433664e-06 -0.0002275702348893769 0 4.000765094838709e-05 -0.0001908497810648004 0 5.428529096287299e-05 -0.0002062469903496957 0 3.524141680347897e-05 -0.0002099944741736611 0 -7.880691331653424e-06 -0.0001368861655076598 0 -2.562769347738691e-05 -8.514351507610955e-05 0 8.769329650026858e-05 -0.0002120028656506581 0 0.0006550228796641521 -0.0006628595935077395 0 0.0003012849315177368 -0.0005863140261813748 0 2.367881079355648e-05 -0.0002758588201994217 0 3.563460774688026e-05 -0.0002274718575161396 0 7.054020239457419e-05 -0.0002268621726353708 0 4.723132796324857e-05 -0.0002128009449570206 0 -1.023346802783015e-05 -0.0001379833547113882 0 -3.037373360910423e-05 -8.368968542316577e-05 0 9.46870826147722e-05 -0.0002159323339790478 0 0.0007354085375414696 -0.0006803391529293995 0 0.0003707845736865902 -0.00061201869545607 0 6.570980348707954e-05 -0.0003225599815707449 0 5.11481036150202e-05 -0.000262418707908536 0 7.066739096393131e-05 -0.0002727545099308155 0 5.099444700234351e-05 -0.0002365262176389597 0 -6.358327211748727e-06 -0.0001476666042257851 0 -3.204365300940592e-05 -8.540841198149093e-05 0 0.0001046933257643767 -0.0002203588600961101 0 0.0008064655208402244 -0.00069391434719469 0 0.0004169800672187001 -0.0006217298871385809 0 0.0001268250913190536 -0.0003319431423450033 0 0.0001049959643187256 -0.0002839047696436064 0 9.389916748243216e-05 -0.0003084850324054896 0 3.784123382326309e-05 -0.0002810169281462762 0 -1.176824498864276e-05 -0.0001713247133485508 0 -2.815826559093154e-05 -9.490919605749467e-05 0 0.0001272068589279265 -0.0002316802268341345 0 0.0008717151012829633 -0.0006955578271059795 0 0.0004380962404318747 -0.0006276094420219228 0 0.0001869901134017929 -0.0003072205064502406 0 0.0001633810834779995 -0.000267631806181035 0 0.000158547543160352 -0.0003139988232454278 0 3.727418727785675e-05 -0.0003149705152624737 0 -3.741038272171703e-05 -0.0002067261592223184 0 -3.357328511845864e-05 -0.0001053186422916253 0 0.0001587037757090209 -0.0002472559586147085 0 0.0009270739867737188 -0.0006805196143998323 0 0.0004563736574345542 -0.0006136889210681672 0 0.0002014964612167547 -0.0002985292606347755 0 0.0001949409984370251 -0.0002266901875220429 0 0.0001895105805405014 -0.0002800734869728583 0 6.521712136636769e-05 -0.0003106184524182976 0 -6.372525126102646e-05 -0.000231519201696664 0 -5.835693546998866e-05 -0.0001108855684856108 0 0.0001783177155332618 -0.0002546912349137374 0 0.0009545717297256215 -0.0006520358256624755 0 0.0004654522611518829 -0.0005708623089603738 0 0.0001924306829184999 -0.0002922359593918611 0 0.0001673609024318706 -0.0002206679608203919 0 0.0001631060744346838 -0.0002441985738602242 0 5.90852654050733e-05 -0.0002767195491857445 0 -7.327279166791101e-05 -0.0002058293768321525 0 -7.331978425818148e-05 -9.282136461414863e-05 0 0.0002120823936476654 -0.0002405742724309167 0 0.0009537412350513474 -0.0006165831907858988 0 0.000445487452717691 -0.0005252300954043265 0 0.0001954836019417011 -0.0002482125266298901 0 0.0001189840687671265 -0.0002389627588889479 0 0.0001147671603854011 -0.0002562856509939248 0 9.27171504574997e-06 -0.0002643920448828634 0 -8.645252224241673e-05 -0.0001732219203881141 0 -5.162487344179817e-05 -4.817539653126453e-05 0 0.0003204414973763322 -0.0002060140341839525 0 0.0009490814386511962 -0.0005793617593628769 0 0.0004127978558953887 -0.0004932642981974234 0 0.0001912229552005484 -0.0002096086074879454 0 0.000117758664003216 -0.0002329978354649728 0 7.38875182748344e-05 -0.0003071290076115205 0 -2.917115193460523e-05 -0.0002962168563790356 0 -0.0001227161771235122 -0.0002265402790691097 0 -5.441289236685771e-05 -5.96535203173905e-05 0 0.0004402677056127013 -0.0002721127401187134 0 0.0009622570593346494 -0.0005403940080425678 0 0.0004031342262113685 -0.0004727919719665604 0 0.0001661667938132813 -0.0002111075565848375 0 0.0001577399273951299 -0.0002166409765033874 0 9.324742065444645e-05 -0.0003345859890273618 0 -1.503108577454587e-05 -0.0003798312184864682 0 -0.0001495832083909035 -0.0003350019683064564 0 -9.710121735437978e-05 -0.0001681377685119195 0 0.0005626326602646906 -0.0004367178769953423 0 0.0009922349561294686 -0.0004954486687897109 0 0.0004206652717159559 -0.0004543943441349587 0 0.0001526343822311621 -0.0002328526921170021 0 0.0001776653338045539 -0.0002345183499091983 0 0.0001937866628506229 -0.0003365583424629068 0 5.450498873500047e-05 -0.0004364750172206229 0 -0.0001014705849879324 -0.0004708596459362815 0 -3.07430329515579e-05 -0.0004273558512596833 0 0.0007496576829925035 -0.0006445533793878076 0 0.001027399704314882 -0.0004503616405699788 0 0.0004221322292275522 -0.0004135703641070876 0 0.0001730928560642469 -0.000262133578756569 0 0.0001960212037232026 -0.0002752198647069737 0 0.0002766638242052769 -0.0003686998994084202 0 0.0001955132411977437 -0.0004402297393475254 0 1.069534256008253e-05 -0.0005408823012208012 0 0.0001406700820896778 -0.0006224582656180078 0 0.0008942353049662121 -0.0006885950780462685 0 0.001069235995704368 -0.0004158488705977362 0 0.0004162297903928871 -0.0003672249209961042 0 0.0001981818929009463 -0.0002602881148529656 0 0.0002705136540603544 -0.0003162938327146174 0 0.0003605182213892721 -0.0004287707310951689 0 0.0002808348108861297 -0.0004606060801768821 0 0.0001095917416699607 -0.0005183730471125671 0 0.0004377274398702432 -0.0005854047094108324 0 0.00102514796574215 -0.0005231903140897226 0 0.001109351201646062 -0.0003869213253666487 0 0.0004151045993003518 -0.0003415602261586511 0 0.0002095729956124378 -0.0002197685102546792 0 0.0003612430632440946 -0.0003136763837477833 0 0.0005288169196017919 -0.0004747261068803717 0 0.000422717267552733 -0.0005362652870470105 0 9.287158885887964e-05 -0.0004935479234409898 0 0.0004754611782237239 -0.0004322446439139907 0 0.000897074481707595 -0.0003189801686392405 0 0.001132629124021303 -0.0003477384036696708 0 0.0004061300934988104 -0.0003197346881808936 0 0.0001994683061413149 -0.0001874847651841746 0 0.0004713895755899047 -0.0002476008346544537 0 0.0006601454905563742 -0.0004079218362358933 0 0.0006851558339142915 -0.0005640334004391819 0 0.0001232008729363382 -0.0005355909354733747 0 0.0003219532974218022 -0.0003206629107374379 0 0.0007505066507303564 -0.0001694818371677136 0 0.001281719559539269 -0.0003764190772723528 0 0.001445548735996657 -0.000339108882944977 0 0.001150107915257506 -0.0002942205931204152 0 0.0003943687615649768 -0.0002905349664718672 0 0.0001725842967966739 -0.0001814131534249169 0 0.0004881127697571458 -0.0001751414285451067 0 0.0005861328268679937 -0.0002256375340137922 0 0.0005842529810676232 -0.000346325486993414 0 0.000346248547529411 -0.0005377485042263752 0 0.0001189132734969109 -0.0003525333176437536 0 0.0006357238054462698 -0.0001047143327577186 0 0.001473553241268286 -0.0004524646133388585 0 0.002020036286369035 -0.0007110402379319654 0 0.002275357954062883 -0.0007634396960533723 0 0.001165697788710965 -0.0002195933765452764 0 0.0003805888742269142 -0.0002478890901722943 0 0.0001569455246951262 -0.0001896067348836558 0 0.0004437416639711602 -0.000152093728141206 0 0.0004383682078850717 -0.000123648849770736 0 0.000230017534894468 -0.0001220584036457873 0 0.0001016063960829691 -0.0002345386756306784 0 -1.49634209909086e-05 -0.0002557416743883883 0 0.0005630432669493298 -0.0001386792992549837 0 0.001429903910820964 -0.0005345782717311756 0 0.002697371926750132 -0.000312238440287554 0 0.003199608304145701 -0.0004510232589648053 0 0.002024891151270289 -0.0001087194020495344 0 0.001177623026355288 -0.0001280188837870034 0 0.0003756433503951869 -0.0002015052813000434 0 0.0001621081322357998 -0.0001910359692704868 0 0.0004198832987620457 -0.000159190698019074 0 0.0004340172566475731 -0.0001362641148847576 0 9.171100871702834e-05 -6.236927531158563e-05 0 -8.787034356254333e-05 -6.723617532707926e-05 0 -0.0001095764545966799 -6.260577916299831e-05 0 0.0004611434113561894 -0.0002106556689654227 0 0.001754302693872882 -0.0003644533148163186 0 0.001629635335476443 0.0002411662510104009 0 0.003149474933241233 -0.0001346961167949384 0 0.002864648783617237 0.0001880868172228124 0 0.001777503250017111 0.0001534153808287527 0 0.001180442286520061 -3.996479949281393e-05 0 0.0003953567614937702 -0.0001489422737245647 0 0.0001696835210722447 -0.0001558141134200639 0 0.0004226444750518032 -0.0001582874931440074 0 0.0005495587037610758 -0.0001530689948147463 0 0.0001567970438505969 -0.0001043156159649325 0 -7.766013057049217e-05 -8.554054419933345e-05 0 -6.70795233530252e-05 -0.000104107838468679 0 0.0005779830860092174 -0.0003390282413471088 0 0.001936089516361164 -0.0001227650593075106 0 0.00178904914282834 0.0006095875549480042 0 0.002015610923182573 0.0009113862505302077 0 0.0009539816333185221 0.0001851212850319996 0 0.001370160654064964 -6.171162660161163e-05 0 0.00086722630381212 -0.0001258189920599149 0 0.001148686697411187 2.682340014480057e-05 0 0.0004358742949521973 -8.830483405171829e-05 0 0.0001655021013024574 -0.0001015357461637608 0 0.0004121770874836588 -0.000124217667812735 0 0.0006583809757724837 -0.0001184776745532575 0 0.0005166397302783717 -0.000108209467380601 0 0.0001343491068304947 -0.0001463373719168661 0 0.0003912073350336718 -0.0002222189076009585 0 0.001415304966477564 2.634238569721934e-05 0 0.001495037864412699 0.0007119588770845945 0 0.004731092373664417 0.0005254272303191093 0 0.0009427247660171375 0.0004055929772167396 0 0.000420162514303303 0.0001947914160388315 0 0.000559853648746604 -5.602855947807289e-05 0 0.00109438201898094 -0.000413416526550801 0 0.000780916214793724 -0.0002875524124370774 0 0.001097290771887575 7.132597581116245e-05 0 0.0004674926458390349 -2.80923070316132e-05 0 0.0001604775170005249 -3.899639945577002e-05 0 0.0003725649414116905 -6.156822695102709e-05 0 0.000631991148828108 -7.008054205851279e-05 0 0.0007185681258001578 2.770515291814629e-05 0 0.000350101220886842 0.0001694057425349355 0 0.001069405011077003 0.0002359042487816154 0 0.001548372365358583 0.0004937145670501935 0 0.005235563337285357 0.0008388852509685333 0 0.002228697565022162 0.0006949003932140654 0 0.0005835605286666072 0.0003699022299894945 0 0.0001477106204372802 0.0001992362161221013 0 0.0002788623080222721 7.158334677865619e-05 0 0.0005230210339456988 -3.222315878705777e-05 0 0.001031366301771884 -0.0002518424560020906 0 0.0006992817071372683 0.0001178558253860564 0 0.001045074276865343 0.0001023088960224721 0 0.0004402920960430295 1.666867991969786e-05 0 0.0001550848391534201 2.386238161257783e-05 0 0.0003193470855107766 8.562465539148183e-06 0 0.0005549863617454672 -6.249234916854035e-06 0 0.0007036681596323327 7.672020486009563e-05 0 0.0005555786242204055 0.0002682084295596047 0 0.001023233154768252 0.0004570752776000701 0 0.003765505381372664 0.0004728856090889755 0 0.001131545042524745 0.001331765500804489 0 0.0006929801816409339 0.001105373245097204 0 0.0004395760950573479 0.0004913921790850819 0 -0.0001008897811052359 0.0002408232380098439 0 4.563974246497154e-05 0.0001749939395512459 0 0.0003300265606595506 8.791433854613874e-05 0 0.0002836799611493565 0.0002876299277381877 0 0.0006888839569408749 4.415319864526853e-05 0 0.0003482718632505724 0.000171559542547826 0 0.0009993705926897507 0.0001280326071711442 0 0.0003749587898434839 5.121804444735075e-05 0 0.000127053662274619 7.03850623686112e-05 0 0.0002530473215301213 7.076316276883633e-05 0 0.0004619373740646221 4.306913866898836e-05 0 0.0006386611373046316 9.892259267322254e-05 0 0.0006930333372853689 0.0002817663670093709 0 0.0008158436715618928 0.000570577686847931 0 0.004283108048287416 0.000874852451266975 0 0.005127083736009716 0.001239754295559904 0 0.0007259070601613388 0.001119990840854443 0 -0.0003419037447363882 0.0003367705424853016 0 -0.000193543994047439 9.435185066318172e-05 0 0.0001197344925074964 0.0002390247701938939 0 8.673590776076683e-05 0.0003173184257383513 0 0.0002114794749329823 0.0002528136816479891 0 0.0004717842945787531 -7.608794428913024e-05 0 0.0001865509489254873 6.628923595718753e-07 0 0.0009517392040576458 0.0001528674492017566 0 0.0003182587558526947 8.015107527968057e-05 0 6.494658206188801e-05 0.0001046173312624771 0 0.0001745620356147781 0.0001097859512755039 0 0.0003775831852266681 7.862973462809205e-05 0 0.0005629773727498649 9.676681322410943e-05 0 0.0007770160203549244 0.0002892136812964958 0 0.0007525594165875559 0.0005623385251888038 0 0.003419460924771196 0.0004949592781980258 0 0.005677514577590526 0.00078779128856442 0 0.00113903786640352 0.001249778658608961 0 -0.0004132005143411902 0.0001357207446438819 0 8.407159337196074e-05 0.0002305009938695663 0 -2.963356196163809e-05 0.0002749744593857367 0 0.0002707695381932579 0.0003521372837177218 0 0.0002606531817703761 9.281604355784208e-05 0 0.0003340305844949029 -0.0002577863222460643 0 0.0001294862481924161 -0.0001882124812878881 0 0.0009024644631234757 0.0001780043123998454 0 0.0002828066689216437 0.0001086642917735095 0 2.258571793596614e-06 0.0001266362576904309 0 0.0001000629396403982 0.000136229189032641 0 0.0003098557855997983 0.0001051029087175545 0 0.0004964827807807936 0.0001079994214487085 0 0.0007385350345956929 0.0002721627093840977 0 0.0006564760036814956 0.0004942470853305002 0 0.003152034239591504 0.0004439478013420943 0 0.005265728014765124 0.0003895185310627615 0 -0.0001355538405355334 8.21307412873611e-05 0 -0.0002994139219193934 4.725165813478441e-05 0 0.0004868664353305032 -8.026057019925796e-05 0 0.0002180910339454542 0.0002174729055180787 0 0.001168870802407677 -5.096172203329118e-05 0 0.00056209415805393 8.094139418220003e-05 0 0.0002939402122716858 -0.0004246670057223706 0 0.0004888282240289309 -0.0003447945604505824 0 0.0008563854324687424 0.0002039693000733421 0 0.0002510936344948325 0.0001395038198797136 0 -2.629224915098872e-05 0.000149340050192872 0 6.043570132564096e-05 0.0001521710483697166 0 0.0002751479253932446 0.0001380355672558906 0 0.0004266250931970958 0.0001343601850170477 0 0.0006216003316416516 0.0002260984502081235 0 0.0005474355225614582 0.0003853100595245205 0 0.002784998132994362 0.0003884616134977045 0 0.006468447355991336 0.0008297937687934323 0 -0.0003137598816454618 -0.0001091741285580028 0 5.486583075711706e-05 -0.000296523009845874 0 0.0007587225067208976 0.0001522965622213264 0 0.000932488812472175 -5.607458450358751e-06 0 0.0008663906686608644 0.0001611432025869653 0 0.001165238758580704 -0.0002994019404966106 0 0.0007485719876330829 -0.0005527452422873623 0 0.001030689109779603 -4.583231359124061e-05 0 0.000822233937491562 0.0002291202639758318 0 0.0002079114889801114 0.0001772528518059618 0 -1.097119028729832e-05 0.00017544610625352 0 8.426806319021539e-05 0.0001693271367877664 0 0.000299763154623274 0.0001656253272605277 0 0.0004020762722667867 0.0001906840290046641 0 0.0004778331156789564 0.0001892120259269258 0 0.0005792645899741071 0.0003226100350582688 0 0.002355823154117566 0.0003245102081411944 0 0.0006824529086532153 0.0004042431338943785 0 8.291002270120064e-05 -0.000358082587174754 0 0.0004933189468345338 0.0003394738928160015 0 0.0005860100933552797 0.0002156926472020627 0 0.0007155566623624349 4.32677755409349e-05 0 0.001357181596375601 0.0004571119983294482 0 0.001046486668356834 -0.0001859070589480712 0 0.001067991889999738 -0.0004586590297691075 0 0.0009806095454429409 -0.000208598830450768 0 0.0007973886888012065 0.0002516248916373791 0 0.000174841593212155 0.0002182755776363315 0 -4.672973243774815e-08 0.0002107770881552258 0 0.0001384018406031806 0.0001870025757121328 0 0.0003820995929976478 0.0001855956105834755 0 0.0004473395470570019 0.0002325579713977049 0 0.0003569591545183534 0.0002106881169763528 0 0.0004943540033142123 0.0002458077415067472 0 0.001955841688585862 0.0003348698114849596 0 0.0007790093211766312 0.0002013889130789999 0 0.0003152291478319066 0.000230132098068948 0 0.0005496816093040687 0.0001690668749061014 0 0.0005680056736065002 2.289322830430031e-05 0 0.0007019069316841208 -0.0001137634501886375 0 0.000176186950342945 0.0007057351673110997 0 0.0007302404967288872 0.0001224384277779509 0 0.001001564262275642 -0.0004387526853490298 0 0.0007081854301395559 -0.0002122540012275495 0 0.000779402966104646 0.000269094629067117 0 0.0001629627390336771 0.0002611067595421606 0 -2.249244530499323e-05 0.0002405286415811704 0 0.0001362430741039949 0.0002023063366334383 0 0.0003915213214726113 0.0001886149125723659 0 0.0004967939585184474 0.0002578451196196888 0 0.0003097634373229046 0.0002726525790430045 0 0.0003378493806771229 0.0002102160289799686 0 0.001547291029548883 0.0005440226307555874 0 0.0007972722356216627 -6.262848656597887e-05 0 0.0009863371891387846 9.053588621385152e-05 0 0.0008916126959497838 -0.0001079219152064666 0 0.0005749132271483103 -0.0001508654267813446 0 0.001421881406911574 7.330802336977938e-05 0 0.0002095456659778893 0.0009010115330214691 0 0.0005126567965485286 -0.0002097408260256367 0 0.0008984515138849849 0.0003603432602214354 0 0.0006824112659034735 0.0003888473370845072 0 0.0007610927122814053 0.0002819648049217915 0 0.0001651037357058779 0.0002940651214021284 0 -4.537203563546865e-05 0.0002719896388811001 0 8.896537159747141e-05 0.000212570104078943 0 0.0003417427657374933 0.0001816324717495094 0 0.000472026335377386 0.0002444613133907209 0 0.000320218441898154 0.0003302477790531463 0 0.000208650944115249 0.0002292259405128035 0 0.001169110741819239 0.0007233271469714456 0 0.0007887010208646182 -0.0003386899235316779 0 0.001916806034081245 -0.0004900516345872439 0 0.001689190652880458 0.0001534840553211683 0 0.001475698176592294 -0.0003745097353705425 0 0.0001504824765676746 0.0005141745913343868 0 0.0001013125882126861 0.0001274097916400228 0 0.0003055074933090221 0.0002468374704820367 0 0.001216642481688575 0.0001795047310127388 0 0.00101152024190778 0.0001887378009680674 0 0.000737764174689362 0.0002897037563887065 0 0.0001639538445596875 0.0003126889014021649 0 -3.84569417617095e-05 0.0003109095284892964 0 6.044865645552649e-05 0.0002308511684826018 0 0.0002779620727778737 0.0001792338213260141 0 0.0004148769476598826 0.0002147731643934109 0 0.0002926755510514189 0.0003474240131479678 0 0.0001544466978555189 0.0003392585689639769 0 0.0009102093779138065 0.0006610362174235005 0 0.0007645058904626048 -0.0006283024600639962 0 0.001567315211561018 -0.0008887477783252328 0 0.002584098980129283 -0.0009469053557533464 0 0.00144213026530024 0.0007351762004939431 0 -0.0001660707687683866 0.0004800659820654133 0 0.0001961555874184575 -0.0002895725471219676 0 0.003610564438208778 0.002290448132459948 0 0.005932865501650965 -0.0002329446606651411 0 0.004131026518834984 -0.0003052745922370209 0 0.0007117019770338378 0.0002938909709563194 0 0.0001592072270429415 0.0003107272540982982 0 -2.095051534996978e-05 0.0003477351495686952 0 7.190994733263788e-05 0.0002629955511012733 0 0.0002376148526927191 0.0001864969917570909 0 0.0003572557117423047 0.0001907454774572144 0 0.0002261455246368518 0.0003021988047794966 0 0.0001251662303192943 0.0004602305317519687 0 0.0007234698276108384 0.0005000540463631883 0 0.0007996238605930749 -0.0009489503100742809 0 0.00129647816973432 -0.001160192871273912 0 0.002688390046133873 -0.001183302595171867 0 -0.0002532236690952136 0.000246224888793509 0 0.0006033647915765354 0.0006615981889933949 0 3.435144978933268e-05 -7.417369194668426e-05 0 0.006321307804342 -0.0001444485674376005 0 0.001915251317932153 0.001415598655767872 0 0.005472994943473953 -0.002057222923377507 0 0.0006889665123481769 0.0002982199947182406 0 0.0001548534702420362 0.0002994617322669242 0 -2.39482539957786e-05 0.0003655777101383333 0 8.600289320583042e-05 0.0002976864260844595 0 0.0002186027291091533 0.0002082377792980089 0 0.0003174971908403711 0.00017787886929069 0 0.0001692446571974482 0.0002515407964771175 0 0.0001015963110661752 0.0004602988087759521 0 0.0005670931559709144 0.000312340934053616 0 0.0009476135574192008 -0.001213855154147866 0 0.002557414858803584 -0.001468996571141032 0 0.001364071880990476 5.710671748619667e-05 0 0.000125636239661088 0.0005862353450851055 0 -0.0001033263338839629 0.0001035048282905724 0 0.0008329217503671232 5.287612165194922e-05 0 0.001792322008879813 -4.228910097966288e-05 0 0.006930396188715388 -0.0002171095339227376 0 0.005513006855555099 -0.0007474982269894489 0 0.0006677930280415966 0.0003036893139581227 0 0.0001574097084328513 0.0002916214391013427 0 -4.912886928552102e-05 0.0003602688601020759 0 7.446028000759192e-05 0.0003217223222935122 0 0.0001959899062066589 0.0002336352298320495 0 0.0002817425708778464 0.0001773147282710151 0 0.0001394725848161346 0.0002108173481857774 0 3.936164421886045e-05 0.0003543210114021113 0 0.0004500395242814995 0.0002173339616654912 0 0.002618605450818566 -0.001658367139653602 0 0.001887218848676694 -0.000470856947037506 0 -0.0006700911785293348 0.0001939775503930051 0 0.001275081161671375 0.0006136019100561885 0 0.0009422297060022731 0.000161259313127979 0 0.0005516029399766854 -0.0002757464825794351 0 0.0005135568311960065 -0.0005708717632230322 0 0.007956364949784167 -0.001375590962962702 0 0.005653521872237498 -0.001908872613982126 0 0.0006428754277785566 0.0003045151065804796 0 0.0001697689947077405 0.0002972267065589366 0 -7.743302470143015e-05 0.0003423765597600093 0 4.110266107334309e-05 0.0003269566808868172 0 0.0001648523849743441 0.0002589461075036443 0 0.0002447140614153381 0.0001907742056440186 0 0.0001298728778845528 0.0001958532536957052 0 -5.099137841746427e-05 0.0003009715724327883 0 0.0003231567523151666 0.0001948780500957104 0 0.006140479595279913 -0.0005967475189685605 0 0.001279606423562583 -0.0002939018405056556 0 0.001036234047976266 0.0004879327841238179 0 0.001816335226107218 -7.355519665309601e-05 0 0.0002903891586290077 -0.0002741577440222679 0 0.0001239340225192075 -0.0007188301080436506 0 0.001639454189794803 -0.0003922116368290718 0 0.00273546635229005 0.001398851939937426 0 0.002738755964254018 0.001536558582361709 0 0.0006152919623948482 0.0002992670668553265 0 0.0001822081866214714 0.0003047864010912865 0 -7.714042244777451e-05 0.000336658591615583 0 -2.711197117852282e-06 0.0003166969696109566 0 0.0001261255660355842 0.0002682240162458215 0 0.0002091056948047912 0.0002145983766657869 0 0.0001337073353955067 0.0002113992452075349 0 -0.0001651536451630284 0.000277457951947232 0 0.0002175314351959487 0.0002125593623985714 0 0.004195865352751689 -0.0008429006756852811 0 -0.0007637451676638581 -0.0002397463584301456 0 0.00279697300303431 0.0007558047787141995 0 0.0007710028964705503 -0.0003230359956416361 0 0.0001305927482784383 -0.0005647806374029266 0 0.001959656024891669 0.001639927151212037 0 0.005715339483638288 0.0004646785321272339 0 0.00317908254218368 -0.001939489850496901 0 0.004399433774430471 -0.002708710608125886 0 0.0005918068793722002 0.000293705247924136 0 0.0001785500756209326 0.0002976277626504202 0 -4.406819685562335e-05 0.0003505231834147497 0 -1.405562717353426e-05 0.000313727194704648 0 7.928908366207355e-05 0.0002594262052227009 0 0.000166446462091116 0.0002215370971262905 0 0.000153454901944787 0.0002570544096638381 0 -0.0002056527611036183 0.0003045521594672983 0 0.000344719352843574 0.0002969299918604622 0 0.002113913693416562 0.001794049853744923 0 0.0007510915128975667 0.0003304682808376573 0 -0.0002324322492029477 -0.0003026443460394968 0 0.0008024445185796993 -0.0002999101669678254 0 0.004633110371382628 9.244725028861501e-05 0 0.003955301384091218 0.001151783954001088 0 0.006453208613033639 0.000565814059784982 0 0.0008000424849885154 0.0002096334233784788 0 0.0004199583318756222 0.0005757826474551297 0 0.000574210191553015 0.0002903340033697174 0 0.0001678537002717806 0.0002797602905745917 0 -1.589688962341101e-05 0.0003629389561045065 0 2.372243968280091e-05 0.0003302293190865016 0 6.699179175612829e-05 0.0002555936783148011 0 0.000113252480893937 0.000207285331721741 0 0.0001468981597863433 0.0002710340914865482 0 -1.616655845754906e-05 0.0004191349649954496 0 0.001114682416464223 0.0005663678587257354 0 7.883090481590436e-05 -0.0001639007115762248 0 0.002492780460717943 -2.299596252942731e-05 0 -0.0002092896956358696 -0.0005459030134707699 0 0.0006197073060436595 0.001091835860720145 0 0.001853206134886806 -0.0009577081082808614 0 0.004393092039386897 0.0005356627983678397 0 0.0002363474861592774 0.0007084610888140555 0 0.001188391577024578 -7.484469565289759e-05 0 0.0009332578850798913 -6.416467375429037e-05 0 0.0005584053616484937 0.0002882745743559662 0 0.0001677210406323265 0.0002653610605027595 0 -2.032010919383182e-05 0.0003564539163186603 0 5.738177515907799e-05 0.000346094937466678 0 0.0001053369987667751 0.0002671319436032193 0 9.269885515551107e-05 0.0001944751007985921 0 9.969033337398069e-05 0.0002466345988605522 0 0.0002434017466820954 0.0005107485424189076 0 0.001465033954747862 0.0007548999272247856 0 0.002316046780157468 0.0007567540830950431 0 0.001808666917524813 -0.0007100096119702307 0 0.00201976640792529 -0.0009541370849048235 0 -0.0003810691903205973 -0.00120730878328096 0 0.004031620964331301 0.0006529575221823849 0 -4.938106081426409e-05 0.0006081996573777825 0 0.0009244010183908077 -0.0002765567459825559 0 0.0011737349995753 -0.0002634571719550384 0 0.006169821190730514 -0.0001118120639355612 0 0.000541391409429874 0.0002869770683381032 0 0.0001766981880272702 0.0002561244883129213 0 -3.261919913859906e-05 0.0003399867001073328 0 5.034122475014446e-05 0.000346420346511063 0 0.0001318375117200024 0.0002803539664876482 0 0.0001205989596710089 0.0001917567421358341 0 6.453899824130498e-05 0.0002080392230872268 0 0.0002846388417563003 0.0005149330239134133 0 0.00141106371180403 0.0007469327373082592 0 0.002369682732163938 0.0005291561479961565 0 -0.0005750289292900943 -0.0007320013658260494 0 0.0023247932707985 -0.001255021240550278 0 0.005633831902046595 0.0008873212140207889 0 -0.0002540530029016966 0.0007118136887548382 0 0.0001586616370666608 0.0005921550443262012 0 0.002585817230593152 0.0007717495826392652 0 0.007194708102467528 -0.001129016711869879 0 0.006895602902848102 -0.001091237821932309 0 0.000522218500037988 0.0002844862389630928 0 0.000182936993387478 0.0002511008948570649 0 -3.155492989476843e-05 0.0003252517490400595 0 3.355141367380326e-05 0.0003383332504046993 0 0.0001233162504008511 0.0002888061923444103 0 0.0001416924067195596 0.0002023476697437295 0 6.279126685755641e-05 0.0001655668406464264 0 0.0002047305648401887 0.0004555025459409539 0 0.001218640327512822 0.0006799918169268617 0 0.0002999027300243999 -0.0008360952771358107 0 0.002571963525450645 -4.27468406151262e-05 0 0.006420232643869581 0.0006247064970488977 0 0.001790956718275907 0.000385507657110564 0 0.002008700595288431 0.0009847108061635174 0 0.004440581486992618 0.0005855676931404741 0 8.465796735832742e-05 -0.0002599820283329304 0 0.0026562646390434 7.958790794827289e-05 0 0.001630329868355019 -0.0002640168675861894 0 0.0005017074765551326 0.0002794889304101799 0 0.0001844118872666722 0.000246995989692975 0 -2.120858794320279e-05 0.0003168914347826211 0 2.724457756213272e-05 0.0003285028193861722 0 0.000111748347586503 0.0002932560165863299 0 0.0001350253183519251 0.0002231204105004438 0 7.140786781833357e-05 0.0001557754165273242 0 7.825273420340033e-05 0.0003573749430130831 0 0.0009745559868989812 0.0005899286589874608 0 0.002725046497842588 -0.002469736074709465 0 0.005204178754596076 0.0005683339558371218 0 0.002141991135451979 0.00163275649540647 0 -0.0005380326598695555 0.0004111317178928304 0 0.00115094475571665 0.0003888362715238363 0 0.0036527839218553 -0.0008037167706903841 0 0.001408580815264917 -0.001268242893748481 0 0.001495006933015415 -0.0009465147177173758 0 0.0003691085226708927 -0.0005103042906303596 0 0.0004810195607456505 0.0002724792732853526 0 0.0001819781359698458 0.0002390852732734741 0 -1.131348987131603e-05 0.0003131654519894431 0 2.720152209535753e-05 0.0003203627230039209 0 0.0001091412424871763 0.0002936722172917505 0 0.0001261697481301713 0.0002443680469475092 0 6.758071259710395e-05 0.0001798066831131062 0 -4.317980290810549e-06 0.0002902097717822219 0 0.0007555979839159732 0.0005167691690572017 0 0.003344626798870056 0.001421173757441648 0 0.0009775672164726368 0.0002471219137173582 0 0.001087498321535762 -0.0003816625283051891 0 0.0007690717093122161 -0.0007562706241839126 0 -0.0001392345123556672 0.0002880867326069802 0 0.0005752169423808503 0.0008230623127427877 0 0.0006583813096295019 0.0005695215925970251 0 0.001252963211481453 -0.001548385550883203 0 0.0009701659676277576 0.0002813964533102484 0 0.0004624150522358483 0.0002653841751136002 0 0.0001775526646700595 0.0002272376850134573 0 -5.169496703948119e-06 0.0003087436220882587 0 2.732448972232737e-05 0.0003153428653512652 0 0.0001075761931152788 0.000288343741571188 0 0.0001239243756434929 0.0002600753699023364 0 6.252978615881726e-05 0.0002186467454162195 0 -4.608397699634725e-05 0.0002733063358569768 0 0.0005901297678783807 0.0004788310064927246 0 0.001494516012991873 0.001744004174125298 0 0.0009332260168431332 0.0002255462380287131 0 0.002704580958006991 0.001307639566167286 0 0.0003723462353785594 -0.0001845324114191654 0 0.0004565161315334826 0.0006932860040822809 0 0.0007667529165570549 0.0006649465482460088 0 0.0003076854611756413 0.0003370829320678437 0 0.0009819124664549315 3.665968095638814e-05 0 0.0005032784178342144 1.939969237350035e-05 0 0.0004450787444991097 0.0002585159987195505 0 0.0001744397104064682 0.0002152244789168445 0 -3.647875437953753e-06 0.0002998258753724101 0 2.471589108580391e-05 0.000311282638854533 0 0.0001028919301556408 0.0002797793524155142 0 0.0001208859552698158 0.0002585816865951001 0 6.251709519124875e-05 0.0002582210142944019 0 -4.923558677032841e-05 0.0003130670785085653 0 0.0004898522534989569 0.0004772398473541537 0 0.0003427515983077112 0.0003442825686014485 0 0.000520245567200983 -5.378297146143054e-06 0 0.001437411993245908 -0.0002844578216663409 0 0.0008060645318457084 -0.001275072891157858 0 0.001405227749061259 0.0005538123607506435 0 0.001704660253674418 0.0001282216906266856 0 0.0001850585553310955 0.0002309946193173196 0 0.0003555826302485409 -0.0002631446822551949 0 3.907642783322619e-05 -7.775879555696993e-05 0 0.0004270725032395756 0.000252295989625474 0 0.000171938027986887 0.0002037131946456654 0 -3.248042194911595e-06 0.0002868717971970377 0 1.848340931486642e-05 0.0003057514197386752 0 9.473960027424344e-05 0.0002720629213644899 0 0.0001130941528042217 0.0002426862302754035 0 5.980765875135407e-05 0.0002704811893175238 0 -3.271529709148596e-05 0.0003768440337605935 0 0.000453892640114771 0.000509177796588091 0 -0.0004659767934075409 -0.000670507013370408 0 0.0003857440335233789 0.0004214377888035624 0 0.001031691629946506 -0.00112495014651557 0 0.0004604203999150416 0.0003952490461088478 0 0.0005022494092294937 3.01425517096679e-05 0 0.001907053253422768 -7.395389640167842e-05 0 0.0006610799934381599 7.490436713391764e-05 0 -3.819882514322081e-05 -3.244210968460572e-05 0 4.952995602415521e-05 7.016136915334245e-05 0 0.0004084924892965164 0.0002466561728042175 0 0.0001677947763398801 0.0001941702839319678 0 -7.141801492138738e-07 0.0002723646804295952 0 1.180650269043404e-05 0.0002982779972790593 0 8.473546643293639e-05 0.0002660875513620939 0 0.0001029804073443552 0.000227377359042406 0 5.094708084626975e-05 0.0002513770599403492 0 -2.05518421722839e-05 0.0004278926867677772 0 0.0004476454651390904 0.0005406090758879349 0 -0.000934310207323992 -0.000777061347016231 0 0.000774546113830293 -0.001128915974201354 0 0.0005067649201181062 -0.001528558965062416 0 -0.0002487005352119486 -0.000221953076029303 0 0.001387936658913139 -0.0002048088015316977 0 0.001238615655161305 0.000255976850938356 0 0.0005192922426800611 -2.533401611139185e-05 0 5.171317564092724e-05 0.0003716991587798604 0 -9.244830618636291e-05 0.0002339996759310459 0 0.0003910235701511319 0.0002406431852326335 0 0.0001622831406852265 0.0001860544119281901 0 2.867582008465872e-06 0.0002581036770917116 0 7.897789161985524e-06 0.0002894115075055322 0 7.63432148750201e-05 0.000261384881545131 0 9.302998168520675e-05 0.0002172406280267032 0 4.2797435544209e-05 0.0002225871193977007 0 -2.98486735959419e-05 0.0004324794315573449 0 0.0004233670737663758 0.000552301650374864 0 -0.0003738882362253549 0.0003697530117375542 0 0.001431117855054974 -0.0007686031741446636 0 -0.0007465474617176781 -0.0004701104810083348 0 0.0008215035641452524 -0.0002539555511204029 0 0.001454619598768095 0.0004766200346508191 0 0.0006668786794385498 0.0001199879659771457 0 0.0002073688937735823 -1.924667543184989e-05 0 0.0005977791778028138 0.0003976141601052668 0 0.0002598114285283781 0.0003421440444896818 0 0.0003746846227992012 0.0002341912587097384 0 0.0001566490775088275 0.0001781652973277086 0 5.729704269284706e-06 0.0002452393917205686 0 6.548830440322728e-06 0.0002794428090015267 0 7.052668117330657e-05 0.0002571798770278892 0 8.470548055580089e-05 0.0002122229538171552 0 3.84305307602889e-05 0.0001998792377898408 0 -4.165947860516884e-05 0.0004033009250701243 0 0.0003940804043148297 0.0005527506904317433 0 0.002060699911829937 0.0008837068924523584 0 -5.90505299178298e-05 -3.437319539480516e-05 0 0.0006642592609764074 -0.0002456807048867564 0 0.001444106444063023 0.0003247285946137973 0 0.0006596508509268128 3.167380550577435e-05 0 0.0006890481498180723 -2.052383460924428e-05 0 -0.0001072904250547582 4.592621800582688e-05 0 0.0008311448164368546 1.877538681546026e-05 0 0.0005418723778180672 -4.545595402329765e-06 0 0.0003593180554601407 0.0002277095228447852 0 0.0001511511068665178 0.0001702407997702347 0 7.344914534523904e-06 0.0002334434911112166 0 6.233490921297991e-06 0.0002692243177131623 0 6.73914803751216e-05 0.0002518488684022778 0 7.793996489345588e-05 0.0002105830157826819 0 3.475101128584678e-05 0.000187486023250645 0 -3.955565769651198e-05 0.0003699881678256725 0 0.0003708144706359995 0.0005450000089191791 0 0.00127030506401489 0.001275848016277266 0 0.0007990418388371873 -0.0002499604716736865 0 0.001547372024328836 -4.752826211608386e-05 0 0.0009749628614297012 0.0002674691288144237 0 0.0004703504455351933 -9.735522343112812e-05 0 0.0007698864572614553 -0.0002114538267183989 0 9.242582235952089e-05 -7.715985289710388e-05 0 0.0009616123608942734 -0.0001172572666020034 0 0.0007093753611671289 -0.0002976786761287874 0 0.0003448336376422958 0.0002213856280882239 0 0.0001462985586956483 0.0001627484521359839 0 8.014494076995225e-06 0.0002218642437974002 0 5.462702676213571e-06 0.0002589758447215694 0 6.605401952149842e-05 0.0002449454128812256 0 7.415902013989394e-05 0.0002080873855821079 0 2.980491348365116e-05 0.0001831549085954016 0 -3.144600225096772e-05 0.0003435980462793402 0 0.0003448388043093692 0.0005355725934282239 0 0.003315595572196593 -0.0004774778708536135 0 0.001816814440988329 0.000165697122254482 0 0.001449453298256034 0.0002744435829652898 0 0.000488714600739945 -3.348474151971048e-05 0 0.0005462643689207181 -0.0002274071312941481 0 0.0006292149504971076 -0.0005028687264796646 0 0.0003280146828100391 -0.0003844174398229607 0 0.001110333737283746 0.0006939711618613313 0 0.00160654500526318 0.0009116594548800525 0 0.0003310567659953883 0.0002152425307479326 0 0.0001420532680723729 0.0001556467676019583 0 8.981111279331154e-06 0.0002106390118657136 0 3.561107995188329e-06 0.0002486298189839719 0 6.397727879537546e-05 0.0002371277534561345 0 7.303769180896229e-05 0.000202916718002758 0 2.688403401008426e-05 0.000180427624818286 0 -2.831497117645326e-05 0.0003292924398314015 0 0.0003148667889746048 0.000529606392125309 0 0.004235971612934812 -0.001231562388860716 0 0.001213571197149869 0.0007038150499737786 0 0.0004922162566737205 0.0007445575878556356 0 0.0006410849911631515 0.0001058041806736507 0 0.0008446657320265865 -0.0001725931661920692 0 0.0003819250223153908 -0.000810676008902545 0 0.005123960446244399 -0.0006292769449703048 0 0.00253340575705005 -0.0002391124549746236 0 0.001127734950457267 -3.079494031880956e-05 0 0.0003175775801845595 0.0002093542530571865 0 0.0001376167415989907 0.0001491685039103413 0 1.082273381664e-05 0.0001998118139611253 0 1.995436923307726e-06 0.0002383882102652592 0 6.013901218258899e-05 0.000229062335590148 0 7.149644264650699e-05 0.0001963178571986104 0 2.711682252223846e-05 0.0001742945525044356 0 -2.703157422827285e-05 0.0003207205156675842 0 0.0002837223192853483 0.0005241908119494468 0 0.006196801641650637 -0.0009444136605659231 0 0.0007786007319707103 0.000702496364075305 0 7.717475105980391e-05 0.0004986358683269145 0 0.0004712536002414169 -3.103528743051213e-05 0 0.0003346779816066625 -0.0001866429639011263 0 0.0002479867787131343 -0.001001807178198696 0 0.001441832200950205 0.0001259268981022923 0 0.008564422858007624 -0.0003698541019994392 0 0.004551992463090945 -0.001376439340050665 0 0.0003044503465926343 0.0002035880349539141 0 0.0001327564607300976 0.0001431871680834477 0 1.268525672985104e-05 0.0001898175098287809 0 1.970707352624835e-06 0.0002283398568923845 0 5.660442848676867e-05 0.0002211651996445359 0 6.810464566785883e-05 0.0001894514844401765 0 2.795709196697082e-05 0.0001660927907162655 0 -2.327329888839741e-05 0.0003088756230724462 0 0.0002556114600947845 0.0005173137022743126 0 0.004000758664200701 -0.001773295172055841 0 4.357223275699283e-05 0.0006892681099794351 0 -0.0002280353259762752 0.0001735385640936962 0 -0.0001202524339570868 -3.359048144889465e-05 0 9.016334278564442e-05 -0.0002722310812671747 0 0.004822646321172192 -0.0009037687412889807 0 0.004335896892932413 -0.001392945521975042 0 0.008224142702701989 -0.0006387549192794771 0 0.006985608116254676 -0.001214144838073677 0 0.0002918846671181515 0.0001979275500148996 0 0.0001280053754969951 0.0001375278847613104 0 1.385813366540367e-05 0.0001805646524022115 0 2.611887263886947e-06 0.0002188225772515309 0 5.446848391667952e-05 0.000213495090301042 0 6.493377276896999e-05 0.0001828852231476755 0 2.716883632944422e-05 0.0001578336096987494 0 -1.811365076613558e-05 0.00029484492375752 0 0.0002304892899303301 0.000508958174955206 0 0.003718027492906201 -0.00194543262631746 0 -0.0002636371952856459 0.0003936336512150237 0 -0.0004826624482198381 0.0001526513379322171 0 -0.0003147430061709033 6.393802354576206e-05 0 0.001428486545667365 -0.0001484010166232334 0 0.003366674658073325 -0.0006699136923946669 0 0.006676547798431152 -0.0008921037069157048 0 0.001734246445485824 -0.0005256502780346152 0 0.00187482613946642 -0.0007195021899734469 0 0.0002799642828102133 0.0001923492105278474 0 0.000123468610431339 0.0001320449375889834 0 1.468009875134346e-05 0.0001718990641311462 0 2.948624288220958e-06 0.0002097849295639338 0 5.273642764768577e-05 0.0002060898589902188 0 6.303823181777467e-05 0.0001767109248595146 0 2.621058697063749e-05 0.000150194354710192 0 -1.384455079163349e-05 0.0002810777300277911 0 0.0002086208845911638 0.000500543270153953 0 0.004339655905227606 -0.002133603473913325 0 -0.0007366598839022713 0.0002282575671015454 0 -0.000228537930336239 0.0009498959320135696 0 0.001177761492171213 -0.0001759114046531555 0 0.0009266525687333799 -9.728620134981035e-05 0 0.003178524125056543 -0.001081894238251332 0 0.005631835529237753 -0.001073765143273991 0 0.001866130814618984 -0.0007202466991380712 0 0.001662897667497484 -0.0007716763522576492 0 0.0002684698832555731 0.0001869169271044085 0 0.0001190271881861479 0.0001268893870616273 0 1.548110792493756e-05 0.000163452594327488 0 3.115312436588468e-06 0.0002010848987707928 0 5.067220427786012e-05 0.0001988586017073364 0 6.143675306886225e-05 0.0001706737674981706 0 2.622994032031728e-05 0.0001433375903970059 0 -1.00645079120984e-05 0.0002682618475651983 0 0.0001897055401189063 0.0004921675611333819 0 0.00159650884102723 -0.000311268635600201 0 0.0008229846304325037 4.760568458660557e-05 0 0.0008714317322062736 -0.0001681276848312444 0 0.0005618385139751838 0.0004596607855939308 0 0.0007620490553174111 -0.0002025800170044438 0 0.0007112282893679059 -0.001005011847843955 0 0.001460151573512702 -0.0008190008226482902 0 0.001686836137460991 0.001837542220065033 0 0.001259194207245663 0.001125969438126401 0 0.0002572587349328053 0.0001815912789633117 0 0.000114489385757574 0.0001219975794621705 0 1.611600633778798e-05 0.0001554905540271769 0 3.432172468849359e-06 0.0001923915314221104 0 4.849044522979573e-05 0.0001916409250579242 0 5.942807697302543e-05 0.0001645949336838001 0 2.646745405245759e-05 0.000136827600642056 0 -6.125869024459223e-06 0.0002564963109977494 0 0.00017330150973318 0.0004838918991299087 0 -0.0004535474257379019 0.0001820244295893496 0 0.0006065560757712029 -0.000190688613710313 0 0.0004457213263509355 0.0003072176894765056 0 0.000842620767244999 -0.0001167709934089406 0 0.0009589789490948991 -0.0006014029095272461 0 0.001387676577409006 -0.0008835146297934175 0 0.001114281842919354 0.001106028171553357 0 0.001660675665446351 0.001285758850978414 0 0.001831046317289239 0.001872951767505359 0 0.000246471027285644 0.0001763977543408814 0 0.0001100805629257045 0.0001173774301123668 0 1.64971494210353e-05 0.0001479889585666479 0 3.754079191724268e-06 0.0001840153186827408 0 4.644365145940743e-05 0.0001842742037173675 0 5.726105124540665e-05 0.0001584223009030291 0 2.615390036102283e-05 0.0001302265887708452 0 -2.726941806752152e-06 0.0002452813408265067 0 0.000158887550588814 0.000475420591578588 0 0.003906368107034201 -0.000518776975813838 0 -0.0001304692854565137 0.0003970681338776247 0 0.0005487276144908736 -3.94087576365172e-05 0 0.0008146958172637122 -0.0003118254715327277 0 0.001027661927312421 -0.0006548257186624574 0 0.002583196317824338 0.002670754506123751 0 0.007549459238152444 -0.0006090535602639618 0 0.004177237370491963 0.001643288739290281 0 0.003354165031171877 0.001751674034688184 0 0.0002361545168449858 0.0001712716043915652 0 0.0001058239235163794 0.0001129221083603776 0 1.677157242874205e-05 0.0001409512274122759 0 4.041861037015758e-06 0.0001760391794553432 0 4.451327476757277e-05 0.0001770976988366051 0 5.519080579882013e-05 0.0001520921093479633 0 2.554985154994138e-05 0.000123586566473181 0 -2.85450260352486e-07 0.0002339399800110062 0 0.0001458069989768995 0.0004661906406539526 0 0.001507151137146757 -0.001012999301978585 0 0.0001631638118659501 1.490212068911566e-05 0 0.0005164377804351342 -0.0003668563478091239 0 0.0006370879420666833 -0.0005275155904341523 0 0.004709837303730597 0.003855420198361377 0 0.001290684209342855 0.001526070799401744 0 0.004352522351822298 0.000660913594794029 0 0.00236651456343545 0.001525593219761791 0 0.005505463784224326 0.00301067396846983 0 0.00022620102589406 0.0001662513800789796 0 0.0001016492948063136 0.0001087025783824283 0 1.703603445112056e-05 0.0001341817403391586 0 4.352668692406136e-06 0.0001684430557724803 0 4.262887447185892e-05 0.0001702265621167896 0 5.320231166960204e-05 0.0001459550801891631 0 2.499070862517494e-05 0.0001169360350907773 0 1.580248254098856e-06 0.0002225477066785932 0 0.0001337619288727943 0.0004561020689226149 0 -0.0006768875083976376 -0.0008650884768555342 0 -0.0002463455664838405 -0.0004531522654754737 0 0.0001691516462256697 -0.000833388458782731 0 0.002874020918102883 0.003024350078859511 0 0.004443299084321818 0.0007721457864280113 0 0.006942555081580744 -0.0006332847486688643 0 0.005759141224926391 0.002322436366455193 0 0.007756929311530227 -0.00139401075688917 0 0.004238627226012904 -0.0004026684244769173 0 0.0002164690136200187 0.000161296100658681 0 9.739492478250121e-05 0.0001046552887354578 0 1.713320682809882e-05 0.0001278499582869344 0 4.76651625419544e-06 0.0001610176575369453 0 4.08593469604368e-05 0.0001635897041750252 0 5.119515648994988e-05 0.0001401352843445882 0 2.43830097844469e-05 0.0001106450667167913 0 3.377409370869385e-06 0.0002113009961411767 0 0.0001234018936993458 0.0004454261061879938 0 0.00537968585837162 -0.002020144831682381 0 0.007425686066323814 -0.001128933592386853 0 0.00215931659023448 0.002549374816197689 0 0.004007096407448451 0.0008055485126323252 0 0.002835725863102281 0.001219937964766937 0 0.002863973272693068 -0.0009032118946780583 0 0.002963337993742765 -0.001184660832500902 0 0.003642271272187781 -0.001450049242541218 0 0.001474068608697428 5.033932901753541e-05 0 0.0002071542573847396 0.0001564417268154093 0 9.332127564982971e-05 0.0001007847451600001 0 1.698981786595055e-05 0.0001218795240138029 0 5.098910952863744e-06 0.0001539686222207315 0 3.926250583430324e-05 0.00015699706335549 0 4.924530828509521e-05 0.0001345276389329896 0 2.361361563239794e-05 0.0001048484719683154 0 4.855996432594208e-06 0.0002006464989230362 0 0.0001145895833880098 0.0004342150081629607 0 0.00623521641025585 0.003994388626600273 0 0.0009058574489956285 0.002584590858836367 0 0.006741903166664869 9.549940215294512e-05 0 0.00496105083830272 0.001664338359322521 0 0.002810427622555053 0.001262999756463778 0 0.0008205226880499544 7.003532322313182e-05 0 0.001248071512777726 -0.0001817408592638126 0 0.001399732145396119 -0.0004058802993583513 0 0.001092789792390275 -0.0003491805504151764 0 0.0001982562496607443 0.0001516349293365099 0 8.945317699576848e-05 9.700591246980268e-05 0 1.680359283176558e-05 0.0001162461623433614 0 5.284590137807909e-06 0.0001472674797607541 0 3.772098086589348e-05 0.0001506468772546716 0 4.742567198523506e-05 0.0001289263129481289 0 2.27582866889342e-05 9.942041992397602e-05 0 5.899560408181844e-06 0.0001907273146069628 0 0.0001068581892595469 0.0004228001511053835 0 -0.0005422361197508288 0.002081526267956535 0 0.002132418159049943 0.001426689312071693 0 0.001976952731205947 0.0003688468370822984 0 0.001444516771446316 0.0003031344725858662 0 0.0004012151081235412 0.0001482205406312178 0 0.001306551538749103 0.0003346225326842991 0 0.002592855165873195 -0.001446183463683526 0 0.003101444035449874 -0.00172266737842602 0 0.002647463058923431 -0.0009880711669476917 0 0.0001896715049395925 0.0001469376465793636 0 8.568032130716606e-05 9.341037436419886e-05 0 1.669930868397617e-05 0.0001107882512139382 0 5.458486497689207e-06 0.0001408791996397414 0 3.612448341129559e-05 0.000144556997956808 0 4.563893907891248e-05 0.0001235211698880616 0 2.193034573805263e-05 9.40636095287852e-05 0 6.591023494303958e-06 0.0001813139114509266 0 9.983003982967642e-05 0.0004112659830235793 0 -0.0005476657681979945 0.0009936131417668801 0 0.0006413127965957386 0.001796294301958781 0 0.002085402287698351 -0.0008573719102352161 0 0.00274606019724094 -0.001250829495317348 0 0.0005973684369752276 -0.0001625676179823829 0 0.001301785247506189 6.716383936154059e-05 0 -8.812642908349877e-05 -0.0001157415334787568 0 0.001187146008346539 -0.0008691152654946576 0 8.099316883502379e-05 -0.0002091581226820841 0 0.0001812478987844174 0.0001423107945137131 0 8.183555460042345e-05 8.995810291889412e-05 0 1.650321652264808e-05 0.000105662157855472 0 5.762022654898224e-06 0.0001346208054045887 0 3.461625984545191e-05 0.0001386825296714553 0 4.37623619576194e-05 0.0001183484455341537 0 2.102488558285153e-05 8.897704377109314e-05 0 7.124975757194505e-06 0.000172028113894258 0 9.353950552548618e-05 0.0003993579446834187 0 -0.000547028704484025 0.0007691252132414997 0 0.0003559216440849333 0.000771971623073811 0 0.0008722670731037412 0.0007371865396027208 0 0.0005138529256620421 -0.0001889376603593021 0 0.00285140082009265 -0.001480364966335509 0 0.0009361570895819528 -0.0006971017888160458 0 0.001641931700691254 0.001205764996468371 0 0.0002307652366191626 -0.0004707483806801436 0 0.0001221304375732812 0.0001511167715081314 0 0.0001732079658472996 0.0001377821265376834 0 7.816508495096795e-05 8.664696399710101e-05 0 1.610105167748621e-05 0.0001008342641640935 0 6.008087741288247e-06 0.0001286791766548665 0 3.330395528090835e-05 0.0001328613129527546 0 4.194267899342018e-05 0.0001133706665697237 0 1.994737575898575e-05 8.420449428893534e-05 0 7.385791864031319e-06 0.0001631250032806206 0 8.785763588542439e-05 0.0003869634906396936 0 -0.0006975564996617307 0.0004425653759023706 0 -0.0004401599728570543 0.0002228964240676596 0 0.000491760039462545 -0.0001725818984496252 0 0.0001590641005087613 -0.0003676192848796818 0 0.001954380228432764 -0.001140920566517593 0 0.0002950909653124458 -2.050558296614813e-05 0 0.001158292071029139 0.0005297099419248607 0 1.395727460217627e-05 -0.0001602356906346865 0 -6.673919980475923e-05 6.083064679165972e-05 0 0.0001655363122025216 0.0001332973637364265 0 7.470141235120519e-05 8.339977056922958e-05 0 1.56756828900012e-05 9.627670373423165e-05 0 6.091448186293368e-06 0.0001230500853412501 0 3.204626077243922e-05 0.0001272830237963439 0 4.029137159920759e-05 0.0001084319152728592 0 1.882777628763043e-05 7.972178902256476e-05 0 7.379575429247717e-06 0.000154695035438154 0 8.273949716171292e-05 0.0003743756368489925 0 -0.0006900977590610924 0.0001756065577595972 0 3.207135873340554e-05 -0.0001730064359574922 0 8.830493013600024e-05 -0.0004086166404593319 0 0.0008860766643044928 -0.0001349827107817413 0 -0.000389431972169521 -0.0005327468892797857 0 0.001320869142323849 0.000453474018028626 0 -0.0001019357534935844 0.0004409488925822581 0 2.437374361390771e-05 -2.047125567132198e-05 0 -0.000168447106505959 2.60875349740626e-05 0 0.0001581537280714029 0.0001289189391473055 0 7.134652140486363e-05 8.029404217881324e-05 0 1.534989688428689e-05 9.184928170266442e-05 0 6.144051167999986e-06 0.0001176965200051739 0 3.071339926073724e-05 0.0001219650159866702 0 3.868636940702885e-05 0.0001037108806148934 0 1.780827283646979e-05 7.534401593563971e-05 0 7.238962157554705e-06 0.0001466764569967582 0 7.803916868223681e-05 0.0003617211085272078 0 0.001213141970414742 0.0005395003424397797 0 -0.0004976112015421114 -0.000286375387562321 0 0.002936719504297344 -0.001711931003176376 0 0.0005233816855401554 -0.0009481962544139118 0 0.0005343415850218927 -4.800788316476622e-05 0 0.001250973174037572 0.0007832192272666515 0 -0.00023211396151189 0.0002051597950296982 0 0.0001829906384402738 1.211930850427562e-05 0 -4.856529774077688e-05 1.457194561049063e-05 0 0.0001509048114676087 0.0001246095639744716 0 6.794373745384884e-05 7.730078166630695e-05 0 1.497682488169061e-05 8.767421658078568e-05 0 6.306279688145232e-06 0.0001124510570461633 0 2.943445638438346e-05 0.0001168597898812563 0 3.699096432691062e-05 9.922999004056791e-05 0 1.676870396098706e-05 7.12461201899349e-05 0 7.12175325764952e-06 0.0001388685759140572 0 7.389415281046363e-05 0.0003489479279745475 0 0.002031400008615146 0.0009205871405889438 0 0.0005815905157819099 -1.055791573886791e-05 0 0.001436446884715926 -0.0013185405230089 0 0.0007119416108877646 0.0001930487195017233 0 0.0007543341885454941 -8.878764877057881e-05 0 0.0008417883084369248 0.0003076845576683966 0 -0.0002039015662393187 7.406226959845094e-05 0 0.000311636341905723 -5.672817807396077e-05 0 6.992890577731806e-05 -6.042325090591451e-05 0 0.0001440055646578092 0.0001203958627986864 0 6.470608901532059e-05 7.441504478088687e-05 0 1.444472877377978e-05 8.373029978109812e-05 0 6.42479162193954e-06 0.0001074662679989898 0 2.831542009082422e-05 0.0001118085601858792 0 3.533097341303081e-05 9.493955749897282e-05 0 1.558554303569825e-05 6.74444896225047e-05 0 6.905794437267463e-06 0.0001314850890050036 0 7.02468663916489e-05 0.000336014542726912 0 0.003118587408172203 0.002072534315491155 0 0.002102320918140789 0.0005289765719671441 0 0.00180071558190574 0.0006996437980316717 0 0.0007285617086203386 4.987492446290389e-05 0 0.0009293105196712878 -0.0001745351556006886 0 0.0005954332810858692 -8.941344386698134e-05 0 -0.000112890588968316 -2.742287625750324e-05 0 0.0005281634024162165 -0.000166175748324747 0 0.0002969428141410615 -0.0001697678774980338 0 0.000137434686001886 0.0001162239125655079 0 6.166559305235962e-05 7.157018309219327e-05 0 1.390924432477514e-05 7.998789900420713e-05 0 6.403247882022511e-06 0.0001027398280917299 0 2.724208833837505e-05 0.0001069778264211341 0 3.380911226688598e-05 9.06818177675555e-05 0 1.436370264831788e-05 6.389283569051968e-05 0 6.512937881023027e-06 0.000124551014328093 0 6.700940688182666e-05 0.0003231547889354361 0 0.006954858310517113 0.0007517511487696234 0 0.001422961516683183 0.001210806035099883 0 0.0006214756843846008 0.0001604473328706071 0 0.0007114859613223806 -0.0001658670358122283 0 0.0008359715203767533 0.0002294357904207879 0 0.0002738603916259963 -0.0001809143307425244 0 0.0003030428995824535 -0.0002584922839175482 0 0.001942502830732467 -6.466672987102612e-05 0 0.00163267677904598 -0.0001492117817020396 0 0.0001311332412362864 0.0001121572150957666 0 5.873871627279369e-05 6.883440968402913e-05 0 1.347581038591006e-05 7.633321237595584e-05 0 6.358117593988077e-06 9.82379377075281e-05 0 2.610495678312397e-05 0.0001023824992355529 0 3.233472483223087e-05 8.662134655562995e-05 0 1.32263797290727e-05 6.040491144421178e-05 0 6.043551451617721e-06 0.0001179840456887017 0 6.403681162474306e-05 0.0003104426122579173 0 0.007179089137823753 0.0003352964506195715 0 0.001584546208209025 0.000636861508990224 0 0.0005517630048393895 -9.386516021403847e-05 0 0.0008391590815183951 0.0003534504964426421 0 0.0002953370299951518 -0.0002636008850197511 0 0.0003572450730375126 -0.000314853428393963 0 0.001143007060070949 -0.0002418035658314742 0 0.002528064224727635 -0.000268478744879709 0 0.002230565936736102 -0.0002843018132657887 0 0.0001249503513999078 0.000108161613692254 0 5.578235341800741e-05 6.61896582972686e-05 0 1.30193422606395e-05 7.286503848114804e-05 0 6.408956673212284e-06 9.381954019272668e-05 0 2.501587728005739e-05 9.798673262764995e-05 0 3.079630850848224e-05 8.278237548529561e-05 0 1.209117316974817e-05 5.713980101251184e-05 0 5.611870537367e-06 0.0001115731709677489 0 6.142971336141334e-05 0.0002977940753613097 0 0.00430453195268167 0.001483544493645871 0 0.0005215339863714405 6.212003188046232e-05 0 0.0008549132682295485 0.0001591006248439011 0 0.0001596171691940415 -0.00020863559561397 0 0.0001692444308328058 -0.0001741766179223398 0 0.0009110130352095179 -0.0003439331787492041 0 0.001931805641150718 -0.0003180479031140923 0 0.001770277659033585 -4.441486569500953e-07 0 0.001520278417871813 -4.446156730460321e-07 0 0.0001190903240081143 0.0001042651902454401 0 5.298716218987697e-05 6.363266370222608e-05 0 1.243592166165486e-05 6.957606104024145e-05 0 6.424442072647251e-06 8.961100900614812e-05 0 2.406473944562004e-05 9.364815059580839e-05 0 2.930410287213525e-05 7.912849063664624e-05 0 1.086119044631239e-05 5.412772507162009e-05 0 5.139670805343053e-06 0.0001055127267525664 0 5.914709081991653e-05 0.0002851345254928543 0 0.002031817598376139 0.0009801391991854508 0 0.0005008719314253395 -0.0001645145673908645 0 0.0001013414322887443 -2.803911127185341e-05 0 0.0001053400948644451 -0.00028707992650151 0 0.0009674062153447459 -0.000392521038769588 0 0.002423384678101686 -0.0003044720683921184 0 0.001270281054756954 -4.452528861928606e-07 0 0.002527753735964991 0.0002705047472261433 0 0.002230125003939181 0.0002861932540264462 0 0.000113529092216999 0.0001004153949079245 0 5.038465524537238e-05 6.110667847711043e-05 0 1.186899649152639e-05 6.644069726939941e-05 0 6.315993170261102e-06 8.561439848443764e-05 0 2.314995037297485e-05 8.950977043617556e-05 0 2.794128404683127e-05 7.551611527985626e-05 0 9.631600706425101e-06 5.133267304164527e-05 0 4.561722876855743e-06 9.984179000453729e-05 0 5.713808667444364e-05 0.0002727064016370805 0 0.00179640721751162 0.000679225980446261 0 0.0006355636473481875 -0.0002731388789304276 0 0.0006712002604628563 -4.100535276061953e-05 0 0.001136866354864603 -0.0005120973829000757 0 0.003052016782635579 -0.0001643842013276941 0 0.001020296316799646 -4.42512321254667e-07 0 0.001931267848467595 0.0003197858097622706 0 0.001944367620489051 6.323059879754719e-05 0 0.001636005288503932 0.0001485790256661734 0 0.0001082126219765084 9.667385949027954e-05 0 4.789295195066489e-05 5.86722621777943e-05 0 1.141406336682693e-05 6.3367645177532e-05 0 6.198913199487176e-06 8.180126805847673e-05 0 2.217334656076653e-05 8.558096827607914e-05 0 2.662854151756766e-05 7.208798769650723e-05 0 8.49800067496964e-06 4.859144664596387e-05 0 3.970372586786784e-06 9.449967470924121e-05 0 5.529791887221024e-05 0.000260568264458411 0 0.002351999958857348 0.0006359188008522136 0 0.0006959076466243469 0.0001278687491972699 0 0.001494415966683683 -3.847969114465635e-05 0 0.002092131429477638 0.0001543899230179966 0 0.0007703703798979596 -4.357985486820466e-07 0 0.00242519401421927 0.0003081397490216388 0 0.001147900919159499 0.000242919647586045 0 0.0005275593358233867 0.0001664145057101822 0 0.0002963442805670457 0.0001700562098386482 0 0.0001029960385514339 9.300871421943564e-05 0 4.537711530534782e-05 5.631794547007133e-05 0 1.095485051974543e-05 6.044046015367225e-05 0 6.182590991180014e-06 7.805358285696562e-05 0 2.124829573546538e-05 8.183207147412566e-05 0 2.526395950162852e-05 6.886067379072157e-05 0 7.39338705520176e-06 4.603761297631778e-05 0 3.445285274586428e-06 8.929988909562018e-05 0 5.372093127824217e-05 0.0002486666913929479 0 0.001433672027776715 0.0006522384783563331 0 0.002035343755483677 0.0003091530658257436 0 0.0003234439411223324 3.921067424485918e-05 0 0.0005204525737142472 -4.290585484401053e-07 0 0.003053385346050374 0.0001666161137446886 0 0.0009144992239859677 0.0003447779994746567 0 0.0003030977404193877 0.0002592162357587975 0 0.000311383519749929 5.676674019405858e-05 0 6.964975165565933e-05 6.046247231127413e-05 0 9.807134349310019e-05 8.944886529384416e-05 0 4.301058144012825e-05 5.404366934385219e-05 0 1.038640975900562e-05 5.765938878412278e-05 0 6.145195455359297e-06 7.447910362661393e-05 0 2.045891563218216e-05 7.81360038755001e-05 0 2.396009652474995e-05 6.580188718285916e-05 0 6.223517906092656e-06 4.369675409701331e-05 0 2.924372004720065e-06 8.440527618451715e-05 0 5.237823047300749e-05 0.0002369067161866415 0 -0.0001923634817135592 0.0003029676357702674 0 4.304870540793732e-05 8.108687967416441e-05 0 0.0002705460667365433 -4.237807483126172e-07 0 0.002097351222167337 -0.0001491606412849927 0 0.0009675025464292302 0.0003933198938578415 0 0.0003569536783051414 0.0003144178104706255 0 -0.000113366453250871 2.748198014584228e-05 0 0.0001833020894807732 -1.208819056576493e-05 0 -4.83170799621957e-05 -1.453968869002605e-05 0 9.341671240147008e-05 8.594348397497098e-05 0 4.082787323987646e-05 5.179968389209307e-05 0 9.844157241312155e-06 5.500651659687793e-05 0 5.994240024689844e-06 7.108252446884344e-05 0 1.970574365604827e-05 7.461486192852482e-05 0 2.279161231326376e-05 6.278128773935797e-05 0 5.086415252084086e-06 4.153383120437427e-05 0 2.335076752180142e-06 7.984131751529766e-05 0 5.122006404917334e-05 0.0002255091164401731 0 -0.0002216563710545766 0.0001498202658061568 0 2.0657945185798e-05 -4.203089139682966e-07 0 0.000324002924331379 -3.969729829204558e-05 0 0.00113656344914656 0.0005120359025323379 0 0.0001693749212798925 0.0001739113239700059 0 0.0002745815638677678 0.0001814494735984939 0 -0.0002040330108634969 -7.40205516330146e-05 0 2.576670800712165e-05 2.041661342378626e-05 0 -0.0001673419229102011 -2.61204918182399e-05 0 8.898175834326504e-05 8.255455860101036e-05 0 3.875084257833061e-05 4.964414512549035e-05 0 9.419614682787401e-06 5.240613075953651e-05 0 5.845475299831592e-06 6.784370552493072e-05 0 1.888985386871989e-05 7.12756477720764e-05 0 2.168017546524958e-05 5.991995702340266e-05 0 4.063408530263767e-06 3.94056633544965e-05 0 1.767661492235727e-06 7.555817427145043e-05 0 5.015866238700095e-05 0.0002144913767757051 0 -0.0002291548181112338 -4.181171891423648e-07 0 4.356942249544858e-05 -8.172121513901411e-05 0 0.001496105911669917 4.18928770898018e-05 0 0.0001048644704011795 0.0002864670304124385 0 0.0002953118835539725 0.000262698120874618 0 0.0005959454131257355 8.859437758323978e-05 0 -0.0002319659162338533 -0.0002051225534890725 0 1.646299241680331e-05 0.0001596766134807186 0 -6.503078988959884e-05 -6.101400672159017e-05 0 8.462920047069832e-05 7.925152540926449e-05 0 3.665287468893052e-05 4.756869867078486e-05 0 9.006554952548094e-06 4.993406413849634e-05 0 5.802917008745911e-06 6.466288356675279e-05 0 1.812694625047406e-05 6.809433283519807e-05 0 2.052240305552843e-05 5.723195360282651e-05 0 3.092819315667072e-06 3.742234787993196e-05 0 1.285157356034626e-06 7.139143417232793e-05 0 4.927716061975396e-05 0.0002038216683554021 0 -0.0002213118667999877 -0.0001505694551469546 0 0.002036644424324315 -0.0003054955019104327 0 0.0006702464015613391 4.266818550517636e-05 0 0.0001586590618237598 0.000207364487299206 0 0.0008354231073845544 -0.0002287486729148982 0 0.0008405116603433861 -0.0003085537166517861 0 -0.0001020998223206781 -0.0004408536540018888 0 0.0002340611185000507 0.0004680974326208668 0 0.0001244515566727819 -0.0001514476185617112 0 8.052951871037604e-05 7.60596631803733e-05 0 3.468273350050454e-05 4.557289277710552e-05 0 8.500505019881642e-06 4.759230241420647e-05 0 5.754981043437634e-06 6.163562542272574e-05 0 1.749828886238314e-05 6.496011026325183e-05 0 1.94316093374558e-05 5.468733054270897e-05 0 2.073738626581777e-06 3.561112396680173e-05 0 8.317228384069329e-07 6.748001860445908e-05 0 4.855937823788903e-05 0.0001933866592696738 0 -0.0001917977550149333 -0.0003035229882963306 0 0.0006954712446666509 -0.0001261951022731994 0 0.0001011364501460957 2.814463776035572e-05 0 0.0008381835828723816 -0.0003521210136957914 0 0.0009340995879831282 0.0001729817816176066 0 0.001250059489821327 -0.0007821024622242169 0 0.001159021058770165 -0.0005307306931983079 0 0.001185955822049334 0.0008665668234734691 0 8.465131755730494e-05 0.0002069434396024181 0 7.666515038970422e-05 7.29277786646696e-05 0 3.28756443545991e-05 4.360855984520805e-05 0 8.019274744669456e-06 4.536664425567726e-05 0 5.606586358952725e-06 5.876573642036448e-05 0 1.690815132635026e-05 6.197749376620625e-05 0 1.847748363387191e-05 5.217218804826236e-05 0 1.102489615503743e-06 3.393736527596003e-05 0 3.280121342319464e-07 6.384560169997269e-05 0 4.795400972447406e-05 0.000183395883938833 0 0.001437114367652141 -0.0006469669797636163 0 0.0006325502724804852 0.0002747003232661943 0 0.0008539236312434874 -0.0001589892669475387 0 0.0007162804266703515 0.0001640317063607635 0 0.000763209039081697 8.641858966549133e-05 0 0.00132272008269331 -0.000454504617796194 0 0.001639964689921197 -0.001204635069550305 0 0.003102908846514221 0.001747524350708011 0 0.00264833110356287 0.001016492122578257 0 7.299483619707668e-05 6.991536730739481e-05 0 3.116500051250636e-05 4.17292214737533e-05 0 7.645885233290016e-06 4.318762966374484e-05 0 5.461218676588996e-06 5.60380221371181e-05 0 1.625729712946555e-05 5.915235255968005e-05 0 1.758312079609691e-05 4.978581522457719e-05 0 2.513174379020761e-07 3.22798531861377e-05 0 -1.426056425585253e-07 6.045023183094341e-05 0 4.739114687903057e-05 0.0001738353773289751 0 0.002353837129833614 -0.0006328911769522202 0 0.0004999798838296597 0.0001645005103118706 0 0.0005551262214343459 9.208760474161901e-05 0 0.0007349342142144026 -5.288303971785061e-05 0 0.0005497473191691665 4.382421014005592e-05 0 0.0003041862130297236 1.900126434859275e-05 0 -8.502207559307066e-05 0.0001124917643527782 0 0.001398023878419252 0.0004041043205448048 0 0.001084963656378661 0.0003447081500764122 0 6.939328978955438e-05 6.699284943515164e-05 0 2.943836401338162e-05 3.992756338284768e-05 0 7.291219132912752e-06 4.11218895517906e-05 0 5.411808639735337e-06 5.336338249567647e-05 0 1.564921468853731e-05 5.646559636554235e-05 0 1.664545160452724e-05 4.754209577571313e-05 0 -5.380112000075158e-07 3.072349531636417e-05 0 -5.257673772740567e-07 5.715133280469273e-05 0 4.694130869128954e-05 0.0001646967434610373 0 0.00179791088359757 -0.0006763927547725998 0 0.0005216210129579053 -6.27971755021474e-05 0 0.000626040337620752 -0.000163292011940614 0 0.0007243833441642545 -0.000200035986582043 0 -0.0003878655476966529 0.0005288023478134465 0 0.0009347591938158734 0.0006969781950775589 0 0.002594019333588409 0.001471492138680346 0 0.003637309613227584 0.001443419788203053 0 0.001470519619337591 -5.243377504394666e-05 0 6.600377885071505e-05 6.418209277849785e-05 0 2.781625860079351e-05 3.820265756377272e-05 0 6.861712163033773e-06 3.91705972450215e-05 0 5.365154754827239e-06 5.082470164757217e-05 0 1.515767076849805e-05 5.382128695561976e-05 0 1.576435331371306e-05 4.541602568245741e-05 0 -1.367920359263142e-06 2.929643894252712e-05 0 -8.727361727328697e-07 5.40587887688142e-05 0 4.66015807464859e-05 0.0001558513652391829 0 0.002034347962794128 -0.0009779206697472544 0 0.001577094357786905 -0.0006353714979114751 0 0.001806637251478782 -0.0006954800390950727 0 0.0005193188256716051 0.0009485876717873626 0 0.001953084839781731 0.001167696180102474 0 0.00130670550003354 -6.087691806544444e-05 0 0.001242146705756987 0.0001818215023054147 0 0.007763110570269391 0.001377357520267009 0 0.004206419906076224 0.0004138581187942483 0 6.28126307754273e-05 6.143240327730145e-05 0 2.633091100381901e-05 3.650850075100683e-05 0 6.452580560201149e-06 3.732188352163421e-05 0 5.236296123423133e-06 4.842353737367997e-05 0 1.470199317135656e-05 5.130857358920295e-05 0 1.500229291470645e-05 4.331283656603974e-05 0 -2.155611300416749e-06 2.796875851196305e-05 0 -1.261477134820167e-06 5.118572490446591e-05 0 4.632509061840151e-05 0.0001474754713268241 0 0.004296379348201235 -0.001458915207268111 0 0.001439340518384943 -0.001203803132739635 0 0.001434438291015923 0.00134215704407508 0 0.0008899920775770757 0.0001434339182004792 0 0.002867263466948592 0.001476484243381096 0 0.001312998448304528 -0.0003289938474368356 0 0.002961823672379467 0.001178574698467442 0 0.002374424528151459 -0.001524415867636447 0 0.005479901398901171 -0.002991825858539683 0 5.978956959908077e-05 5.879854137129815e-05 0 2.492967167706805e-05 3.489250975073718e-05 0 6.133494207083422e-06 3.551301871716241e-05 0 5.109190606131241e-06 4.614784283880208e-05 0 1.419509456103418e-05 4.893202173847106e-05 0 1.429500487354351e-05 4.131476701159201e-05 0 -2.838084541892383e-06 2.66454507999829e-05 0 -1.622974937484646e-06 4.850479677730341e-05 0 4.60598451385158e-05 0.0001395229626937238 0 0.007187561105928206 -0.0003417297248425875 0 0.00210094894394279 -0.0005210065458798629 0 0.002942521228481369 0.001720089984357954 0 0.0001504450693005088 0.0003637338025671809 0 0.0005888976688803101 0.0001609433805578111 0 0.0008178185247367868 -7.101899807238753e-05 0 0.005777329680690585 -0.002331311731479816 0 0.004174135924990724 -0.001628007442434895 0 0.003339038944067805 -0.001754621047098424 0 5.682476959220639e-05 5.625256338956126e-05 0 2.351756544732852e-05 3.334823540835154e-05 0 5.833791337755966e-06 3.380093958084245e-05 0 5.060082173644064e-06 4.39190326257128e-05 0 1.371980605793799e-05 4.667662015708091e-05 0 1.355279029080503e-05 3.943531251041163e-05 0 -3.462673187015764e-06 2.539297301196522e-05 0 -1.910040718852702e-06 4.589991221141086e-05 0 4.58625053205014e-05 0.0001319932398178682 0 0.006965063526628325 -0.0007593448036318262 0 0.0005813510403907123 2.340799557980235e-05 0 7.887232970111428e-05 0.000406732144047614 0 0.0005102313261699311 0.0001892174185130699 0 0.0003890734668394112 -0.0001537460305985892 0 0.002860425694156364 0.0008960929274143061 0 0.00435473054993156 -0.0006337681951645681 0 0.001675765892083986 -0.001284835086731072 0 0.001843396200578052 -0.00187556514987601 0 5.403490968770852e-05 5.381380425723784e-05 0 2.21896832489632e-05 3.187492789508139e-05 0 5.475915833816346e-06 3.218647921143011e-05 0 5.015682078862715e-06 4.180734427036703e-05 0 1.333654974099152e-05 4.445975294820829e-05 0 1.285419743136951e-05 3.765480451003305e-05 0 -4.118015960036248e-06 2.423905806655905e-05 0 -2.164064885804007e-06 4.345641287099768e-05 0 4.573810590999261e-05 0.0001247550357616747 0 0.003111098138970834 -0.002058791632543522 0 -0.0005034632294025137 0.0002800004316140038 0 0.0004857829065346708 0.0001751542783818838 0 0.002750521856328416 0.001240109823184544 0 0.002819526334135708 -0.001249301793432106 0 0.006949976388897153 0.0006076654560250165 0 0.007557521969178248 0.0005886848349120794 0 0.001704037844560691 -0.001841361290811697 0 0.001232426525844758 -0.001133722329602831 0 5.140929617225564e-05 5.143392050491104e-05 0 2.097361188026225e-05 3.043035733192156e-05 0 5.134567070436135e-06 3.065999987559436e-05 0 4.906922383585143e-06 3.981295355489755e-05 0 1.298272361631436e-05 4.235622567058586e-05 0 1.224944522472404e-05 3.589448609348736e-05 0 -4.740460374491606e-06 2.315985743674229e-05 0 -2.45032444799731e-06 4.118218662604953e-05 0 4.564848857585568e-05 0.0001179458422096713 0 0.002028765532058052 -0.0009113170091379424 0 2.177633289901508e-05 0.0001733475816043488 0 0.0008779442073616265 -0.0007279795695554722 0 0.00144003440503919 -0.0002914664642616924 0 0.002838248194783927 -0.001214081700565105 0 0.001292199561756648 -0.001518155106049922 0 0.001083481920744464 -0.001110930726126627 0 0.00186792032972885 0.0007178550138948782 0 0.001665621802881829 0.0007688860248378954 0 4.892687298233e-05 4.916172023774514e-05 0 1.982885634636833e-05 2.905543706458943e-05 0 4.8658372425181e-06 2.916683499671127e-05 0 4.799510477243584e-06 3.792645481225185e-05 0 1.258873424962725e-05 4.036894043388077e-05 0 1.168990233099687e-05 3.422200689514893e-05 0 -5.28062784789507e-06 2.208112998185966e-05 0 -2.717376973548902e-06 3.905854376906603e-05 0 4.555673079162381e-05 0.0001115057296984688 0 0.001231638724458549 -0.0005115944602447561 0 -0.0004459552533447388 -0.0002303399046157568 0 0.002084203814175261 0.000849665249856385 0 0.00491124573242415 -0.001607825040691412 0 0.004443762438432356 -0.0007183574430534611 0 0.002583523456685228 -0.00266499598864528 0 0.001463680073000788 0.0008159080065928206 0 0.001740790067768525 0.0005282228776866264 0 0.001882812903416145 0.0007157368853477375 0 4.649402662489088e-05 4.697154568138444e-05 0 1.867725494954231e-05 2.774452026624036e-05 0 4.614727714832844e-06 2.775477326950621e-05 0 4.753448827748973e-06 3.608040011359847e-05 0 1.2218396502367e-05 3.848633529667921e-05 0 1.110456604909438e-05 3.264866924440525e-05 0 -5.773470111922197e-06 2.105535387218055e-05 0 -2.928464222909378e-06 3.699398864700532e-05 0 4.550416422657855e-05 0.0001054381304388665 0 -0.0006981994831510643 -0.0001811422442861248 0 0.0003550950475691567 -0.0007621076863055035 0 0.001968273872639869 -0.0003738791965094551 0 0.004004623256753498 -0.0007572406053997919 0 0.004689890109643324 -0.003835358264885651 0 0.001390292238109047 0.0008771814247072809 0 0.005581396659726233 0.001128017582967489 0 0.00824456022896995 0.0006381328731223897 0 0.006978167747178902 0.00122698241594639 0 4.420434470671363e-05 4.48805468259367e-05 0 1.759316254680565e-05 2.649721707114264e-05 0 4.318862981078641e-06 2.64244761444014e-05 0 4.712133740841783e-06 3.433343032104192e-05 0 1.191877904349603e-05 3.663826648034069e-05 0 1.055292479383574e-05 3.115937704461363e-05 0 -6.287975097427068e-06 2.01067892440579e-05 0 -3.114261729358914e-06 3.505505092935186e-05 0 4.549791659735902e-05 9.962545737784816e-05 0 -0.0007055801748304184 -0.0004490597450535241 0 0.0006487273820442244 -0.001794842716583821 0 0.006727317291126757 -0.0001800135725180568 0 0.002875898305620968 -0.003016453977434649 0 0.001024731125211398 0.0006481924212254145 0 0.0007201097953091344 0.001004475152026358 0 0.006679027242825777 0.0009063922051474639 0 0.008562184471564592 0.0003663647429631503 0 0.004535397716303561 0.001361846223852249 0 4.204942480802442e-05 4.284417774057334e-05 0 1.659946503833331e-05 2.527592261622903e-05 0 4.036349551150841e-06 2.516825064799357e-05 0 4.621106886801284e-06 3.268492119325953e-05 0 1.164236879920566e-05 3.488680416040279e-05 0 1.007320879062301e-05 2.968871454355187e-05 0 -6.776913064596157e-06 1.921693321645709e-05 0 -3.32373520378626e-06 3.324640106258658e-05 0 4.550919503894246e-05 9.41746321386468e-05 0 -0.0005520666233478773 -0.0007769109244336739 0 0.002134096529618163 -0.001421683957252534 0 0.002157638460910098 -0.002543039267565474 0 0.0006306238596668344 0.0005222563043385252 0 0.0009643090223098658 0.0005992836563301975 0 0.003169778435411753 0.001069797795454144 0 0.004317821050658809 0.001375523849399179 0 0.00253577491393115 0.000233055234575081 0 0.001122184261360147 2.794281757533331e-05 0 4.001502872226503e-05 4.090495642844211e-05 0 1.566528683072388e-05 2.411535444624396e-05 0 3.811659237490383e-06 2.393953261821662e-05 0 4.53130579809724e-06 3.112759556577176e-05 0 1.133511921369568e-05 3.323343235100278e-05 0 9.629532710747622e-06 2.829206361769539e-05 0 -7.203572580591344e-06 1.83269969306352e-05 0 -3.51987686542099e-06 3.155552882350316e-05 0 4.55132250804513e-05 8.90268373142742e-05 0 -0.0005481829830404771 -0.001001941431186596 0 0.000909431849448784 -0.002582269469533969 0 0.000178002442244307 0.0008382619727356868 0 0.0008054672434002484 0.000298597784687226 0 0.0007647398171528388 0.0002029446658351232 0 0.00356956329804943 0.0005237520181046277 0 0.001449656415222031 -0.0001264986654218938 0 0.001106529515306605 -0.0006930695091588272 0 0.001594300603382177 -0.0009147787001418521 0 3.80228066309135e-05 3.903992258565309e-05 0 1.472715404758629e-05 2.301063380948272e-05 0 3.602202116648189e-06 2.277800693606998e-05 0 4.489352146627711e-06 2.960458893343405e-05 0 1.104581067012944e-05 3.166934477488898e-05 0 9.167274687152392e-06 2.697821983038001e-05 0 -7.593176903269994e-06 1.747872203539547e-05 0 -3.675479872095045e-06 2.991070887953077e-05 0 4.553895912090544e-05 8.418798794877606e-05 0 -0.0005224652547215843 -0.002087406216774538 0 0.007421964009483709 0.001118391050065313 0 0.0005122476796439941 0.0003600515644101333 0 0.000832764305209059 9.75858226281642e-05 0 0.0009328579168698322 9.614814764666296e-05 0 0.004774827852805258 0.0008738429078032559 0 0.005071219668002259 0.0006007195519249983 0 0.0009622293607114488 0.0001176469641914479 0 0.0007099289148653347 0.0002972545476973183 0 3.614725692142883e-05 3.72641614458111e-05 0 1.384306789989353e-05 2.19617146229598e-05 0 3.35839282700201e-06 2.168423719145409e-05 0 4.451692559942488e-06 2.816441549934826e-05 0 1.081058230720244e-05 3.01356708134826e-05 0 8.731217722102167e-06 2.573573464413094e-05 0 -7.997758945096911e-06 1.6692117511043e-05 0 -3.812821641954734e-06 2.836412088361248e-05 0 4.559335765327854e-05 7.955949134978105e-05 0 0.006249771480841868 -0.004010931810069718 0 -0.0002412133654306063 0.0004611424359769085 0 0.0005415504999183375 3.202658892252283e-05 0 0.0005461706030927687 -0.0004630252807332862 0 0.001429751364829458 0.0001428233913605379 0 0.0002476440637230667 0.00100009497667345 0 0.0003285519577040373 0.0003845112827557812 0 0.0008314503807123827 -1.804823559294413e-05 0 0.0005420866330201403 5.427624496175804e-06 0 3.438171721922844e-05 3.55377216932455e-05 0 1.303166459976079e-05 2.093582592778854e-05 0 3.125346361557146e-06 2.065215574236379e-05 0 4.375765657538277e-06 2.680604698026938e-05 0 1.059348489958201e-05 2.868354870787151e-05 0 8.350043016233653e-06 2.451042216419091e-05 0 -8.382412118188021e-06 1.595298995973014e-05 0 -3.967427360557219e-06 2.691835406468806e-05 0 4.56551220978374e-05 7.522484583652976e-05 0 0.005367703745178774 0.002029640468766386 0 0.0001542130527162412 -2.091461535378915e-05 0 0.0004356706586243485 -0.0003127869273641982 0 0.001180684027854636 0.0001714580911095359 0 9.047704967941186e-05 0.0002706717870120979 0 0.0003810771945491064 0.0008087581498043387 0 9.194551436771112e-05 7.879404833813566e-05 0 0.0005961318365795275 -0.0003947469692639483 0 0.0002577768335407584 -0.0003391371486880616 0 3.271674096409771e-05 3.389701198062977e-05 0 1.226944876556168e-05 1.996209414408499e-05 0 2.938087376724851e-06 1.964266607021228e-05 0 4.300977336793576e-06 2.552389227334501e-05 0 1.035282483134725e-05 2.731344750268178e-05 0 7.997320316269206e-06 2.334748610839307e-05 0 -8.720164787326401e-06 1.521432271904804e-05 0 -4.112774923722973e-06 2.556510520594374e-05 0 4.570804907669257e-05 7.11321157064208e-05 0 -0.0006662240566187029 0.0008612436775411284 0 -0.0001454172587876807 -0.0003961239393636093 0 0.0008762142032951728 0.0001647740266993088 0 -0.0003145725637307903 -6.259200803314728e-05 0 0.0003352314364311951 0.0001850515727322838 0 0.0006274345695016226 0.0005010303042033702 0 -0.0001082824371291258 -4.408708710718423e-05 0 4.893538189010975e-05 -0.0003679945612587061 0 -9.403050875403385e-05 -0.0002314273477029525 0 3.108755235269044e-05 3.232189988638077e-05 0 1.150526184283407e-05 1.903633600933239e-05 0 2.763650523401883e-06 1.868850216669733e-05 0 4.263420365774317e-06 2.427056113339307e-05 0 1.012588930074387e-05 2.601870538796076e-05 0 7.631276489575288e-06 2.225350611548445e-05 0 -9.029227622608937e-06 1.45094959628821e-05 0 -4.228906788056319e-06 2.424801652580605e-05 0 4.577225314819633e-05 6.728831387148217e-05 0 0.001470593192230057 0.001009085400058059 0 0.0006141246627603962 0.0001888858441690813 0 -0.0002504107424031384 -0.0009382593281045543 0 -0.0001189635837182817 3.303676901337747e-05 0 0.0008435494810609886 0.0001739040551906913 0 0.0007668124196845497 0.0002098471684162765 0 0.0002067205808752442 1.861530859212021e-05 0 -3.957888225724487e-05 3.403424899304716e-05 0 4.833884394182113e-05 -6.931480022974097e-05 0 2.955329971705833e-05 3.082550123710038e-05 0 1.078442654044165e-05 1.815877392840736e-05 0 2.56282341305758e-06 1.779013374493283e-05 0 4.229559189924958e-06 2.3085955574236e-05 0 9.940332659108542e-06 2.475033846495098e-05 0 7.285692542810529e-06 2.121985735318177e-05 0 -9.348628494207367e-06 1.385452084960541e-05 0 -4.332021262654084e-06 2.30082354041811e-05 0 4.585390833086733e-05 6.361329758271337e-05 0 0.004023546242696852 0.0002821765904095185 0 0.0008209900196259263 -5.591391820758413e-05 0 -0.0004808982094810788 -0.0001505739937688634 0 0.0004719155988660711 3.116984624460667e-05 0 0.0005427376803781163 0.000226059159880429 0 0.0006867094050811914 1.890597690382827e-05 0 0.0005176621756561652 2.42121190966657e-05 0 0.0003537505851722925 0.000263825106182669 0 3.729457323081026e-05 7.851117259065343e-05 0 2.810864373048449e-05 2.937273042181478e-05 0 1.012195050249798e-05 1.730129371743747e-05 0 2.370717853264481e-06 1.694282224959983e-05 0 4.166220381227047e-06 2.196887137096565e-05 0 9.768899045872748e-06 2.355028203236773e-05 0 6.982039366276727e-06 2.020180694284508e-05 0 -9.652462250098193e-06 1.323857564522902e-05 0 -4.447769510432242e-06 2.184700531675503e-05 0 4.593725563047102e-05 6.017258044991539e-05 0 -0.0004504297725733965 -0.0001828296768555914 0 -0.0007344457279018641 -0.0002240135892014051 0 -0.0002259065672435348 -0.0001741798220853512 0 0.0006406300722226892 -0.0001033173163731207 0 0.0004679252559380564 9.607274588343401e-05 0 0.0006648217500637917 -0.0001213000475955086 0 0.0006591187873373482 -7.532089969269561e-05 0 0.0009798176287516695 -3.612252903604715e-05 0 0.000501425318785574 -1.899727314721295e-05 0 2.67473741611679e-05 2.799437021004051e-05 0 9.499891895900501e-06 1.648814138347377e-05 0 2.214862235019877e-06 1.611404554513907e-05 0 4.103968048244088e-06 2.091504317730444e-05 0 9.579455778063739e-06 2.241834069901562e-05 0 6.700777126097957e-06 1.923618332230411e-05 0 -9.920905943289204e-06 1.262383085184285e-05 0 -4.557049399001034e-06 2.075888151125901e-05 0 4.601178053884047e-05 5.692250082936587e-05 0 0.001586279129874989 0.0003006732740265353 0 -0.0002573294078384372 -0.000394322367034055 0 8.173782421110744e-05 -0.0004992004467894474 0 0.0004849569717657736 3.389687834885394e-05 0 0.0006570028951028011 -3.185142376074467e-05 0 0.001236219126488927 -0.0002537230895366428 0 0.000183278774354624 -0.0002308315552145452 0 0.001245253379326565 0.001537170989076648 0 0.0009675500693367006 -0.0002806091928450049 0 2.541633271606336e-05 2.667304167022246e-05 0 8.877140297097739e-06 1.571574174853186e-05 0 2.069657616621257e-06 1.533069147097339e-05 0 4.070765564176403e-06 1.988527706952691e-05 0 9.400636725651057e-06 2.134950301908422e-05 0 6.409960383341184e-06 1.832778622842899e-05 0 -1.016717727624072e-05 1.203709536736191e-05 0 -4.645188315097193e-06 1.96994229714302e-05 0 4.609147919401591e-05 5.387031387109158e-05 0 0.004327914879484869 0.002129167049732428 0 5.403559549985861e-05 -0.0006882641260039582 0 0.0004985335534134979 -0.0007427839490840304 0 0.0009743587609207792 -0.0002621722680622753 0 0.001455157465876142 -0.0004708811120291526 0 0.001903878970874302 7.259045524231691e-05 0 0.0003057485381512889 -0.0003367488537583604 0 0.001505012473252631 0.0009379127586438724 0 0.0003672526643348218 0.0005149868488978185 0 2.41624732938428e-05 2.542001620299376e-05 0 8.289228217772669e-06 1.498449767920254e-05 0 1.904101934790958e-06 1.459312404006405e-05 0 4.040676363531447e-06 1.891227186526061e-05 0 9.253637850023533e-06 2.030327034653525e-05 0 6.13524212843275e-06 1.747013971540451e-05 0 -1.042058970969484e-05 1.149096685922664e-05 0 -4.724031659325556e-06 1.870125317234277e-05 0 4.618160464009424e-05 5.095186251928736e-05 0 0.003713332722567471 0.001927554709386301 0 0.0007793451252526074 -0.0007031182245047679 0 0.001446676805601378 -0.0002847536684460749 0 0.001444846230660227 -0.0003242674854367494 0 0.001383391927646103 0.0002044431078688964 0 0.001700097999516322 -0.0001281914646225381 0 0.0006560233142900161 -0.0005689135691591719 0 0.002659789937416417 -8.278600184634738e-05 0 0.001643092173286342 0.0002582015021438817 0 2.298148563240065e-05 2.420497515195387e-05 0 7.748172874980084e-06 1.427056275099103e-05 0 1.745626337978923e-06 1.389766880344027e-05 0 3.987786555234573e-06 1.799477412285123e-05 0 9.117655281720705e-06 1.931393124742029e-05 0 5.89274562631803e-06 1.662642699318348e-05 0 -1.066174371659734e-05 1.097720428311355e-05 0 -4.812165019560388e-06 1.776474720305461e-05 0 4.627042087627931e-05 4.821880672379632e-05 0 0.003987064511626524 0.001764344817896477 0 0.00120732130726938 -0.0007107392026778869 0 0.001545592265631723 4.018338689584441e-05 0 0.0008152263532962902 0.0002560334320599322 0 0.0004969961186687756 -2.856532118021212e-05 0 0.000763803935240656 -0.0006642681709549056 0 0.001418551014466931 0.001267049906526877 0 0.007189507409078164 0.001124998309285092 0 0.00688804264653646 0.00108669182537266 0 2.186934031690735e-05 2.305369967310969e-05 0 7.24023061195178e-06 1.359401096523091e-05 0 1.615887531614124e-06 1.321743184550146e-05 0 3.935898502588352e-06 1.712954793348271e-05 0 8.967827248865246e-06 1.838088625051234e-05 0 5.667885364782355e-06 1.582662310344734e-05 0 -1.087599214243118e-05 1.046523576905562e-05 0 -4.895680790525936e-06 1.688636312580961e-05 0 4.635112473161396e-05 4.563531215156374e-05 0 0.006189778742193758 0.0009469589320216383 0 0.001812424073109768 -0.0001774642072215269 0 0.000658120574346263 0.0002472597404341927 0 -0.0002537391418207871 0.0002237994586491501 0 0.001400755799892884 -0.0005515571235158446 0 0.0005724729342424378 -0.0008222977321315077 0 8.742463454913783e-05 0.0002624456828806409 0 0.001178070564393799 0.000254155372369093 0 0.006152988492159109 0.0001062153482002738 0 2.078263464208585e-05 2.195136757074303e-05 0 6.732413048202156e-06 1.295179278642741e-05 0 1.494949195199324e-06 1.257444176853972e-05 0 3.906754140747814e-06 1.628433514491972e-05 0 8.826268727363249e-06 1.750037849683299e-05 0 5.436106702852439e-06 1.507416620144357e-05 0 -1.107304024736133e-05 9.976662273490471e-06 0 -4.963721421613609e-06 1.603087976741191e-05 0 4.643353291870767e-05 4.320830118358966e-05 0 0.004220731604118858 0.001226178950363779 0 0.0007968804682798937 0.0002476221159050489 0 -0.0007503681826747169 0.0004728311824201762 0 0.0004554883857543836 -0.0003935461201561401 0 0.0004526539843947574 -0.0006919671601675647 0 0.003664534433842056 0.0007906890537692778 0 0.002577712286792835 -0.0007674631978387726 0 0.001190140468901146 6.479077147046598e-05 0 0.0009354276057127602 5.422544911212744e-05 0 1.975869263629026e-05 2.090756983332345e-05 0 6.25269051891808e-06 1.234442091012627e-05 0 1.358278594557061e-06 1.196895437574185e-05 0 3.880214853965724e-06 1.548587081807821e-05 0 8.709307874193993e-06 1.663907092923529e-05 0 5.217037807536684e-06 1.436420173703701e-05 0 -1.127506665754563e-05 9.52130873883416e-06 0 -5.025047238454983e-06 1.522428005631352e-05 0 4.652202390764693e-05 4.088672801524917e-05 0 0.003302681650266752 0.000460049594340744 0 -6.568323617821288e-05 3.624753835755265e-05 0 0.0005221224215069195 0.001527365805250393 0 0.0008211702866881275 0.001273845541432849 0 -0.000144048054871747 -0.0002856000040563043 0 0.004427956281546588 -0.0006072926989867146 0 0.000917414481960192 0.0002651685298065906 0 0.0008066156653347559 -0.000209361011565358 0 0.000421464889789072 -0.0005765845566204317 0 1.879399659146519e-05 1.989643423182686e-05 0 5.810638728662164e-06 1.175184146751888e-05 0 1.227401541334383e-06 1.139814000504415e-05 0 3.835982464533982e-06 1.473292495819244e-05 0 8.600973920372399e-06 1.58249484898355e-05 0 5.022873676541195e-06 1.366650231496118e-05 0 -1.146740173502137e-05 9.092904578358006e-06 0 -5.09326631646656e-06 1.446640773702327e-05 0 4.660776491828555e-05 3.871150814261596e-05 0 0.001262889543976547 -0.001289606163405035 0 0.00142293275984693 0.0007838177507905296 0 0.0009974320925168337 0.001142557813128528 0 0.0003839119148168963 0.0001797196544461657 0 0.001163862082322872 -0.0003961901426090471 0 0.0001617998523971642 -0.0005952597474263368 0 0.000237993282303027 -0.0007107575806874175 0 0.003185959917743918 0.001938434285417845 0 0.00440256356121519 0.00271386602172647 0 1.78859534298581e-05 1.893940195806485e-05 0 5.395670491320503e-06 1.119061160304198e-05 0 1.119373073607543e-06 1.083984589715734e-05 0 3.792679194591919e-06 1.402305675496981e-05 0 8.481954022365732e-06 1.505719083552334e-05 0 4.84263968339449e-06 1.300545283074422e-05 0 -1.163912384867516e-05 8.666678597067481e-06 0 -5.158127816096147e-06 1.375500679146393e-05 0 4.668634505251845e-05 3.66535943841003e-05 0 0.002060147197554971 -0.0008923689143946964 0 0.000740736101299072 0.001146022828840663 0 0.001437361333158526 0.0003016655516120681 0 0.000762270861217426 0.0007559252190710228 0 0.001999464493172106 -0.0009802538046991096 0 -4.651296350348393e-05 -0.0006135528110328309 0 0.006442853962619135 -0.0005682015837691759 0 0.002843826310443823 -0.001448316077813563 0 0.002829151158140947 -0.001572229299458011 0 1.699922322882796e-05 1.802394657095859e-05 0 4.981301634926493e-06 1.065813059028791e-05 0 1.018595385329779e-06 1.031209133610725e-05 0 3.767266451307205e-06 1.332980030018839e-05 0 8.369431372626244e-06 1.433299012808947e-05 0 4.657368079072355e-06 1.2383476697902e-05 0 -1.179742310715437e-05 8.260082015948236e-06 0 -5.211519647871365e-06 1.306204803201271e-05 0 4.676472780476559e-05 3.471932241750752e-05 0 -0.0003830751857359996 -0.0003679627725912233 0 0.0003914075317683827 -0.0004266084434729236 0 0.002704053810938821 -0.001311087472024332 0 -0.0005357963305204633 -0.0004144637317914019 0 -0.0002515496840291635 -0.000715157117009365 0 0.004396499559551784 -0.0005540102775895144 0 0.00574869222516127 -0.0004585558826026431 0 0.007952449588444188 0.001379192026651814 0 0.005654181415311834 0.001903797195511224 0 1.616354245309592e-05 1.715816153977263e-05 0 4.589649748351631e-06 1.015496304958372e-05 0 9.056020134762254e-07 9.81502845431078e-06 0 3.744020406898362e-06 1.267498458616505e-05 0 8.276041349133954e-06 1.362498882803102e-05 0 4.482192462393342e-06 1.179693465244019e-05 0 -1.195920174611176e-05 7.880736339681975e-06 0 -5.259979006425053e-06 1.240831342938509e-05 0 4.684652931771782e-05 3.286816353263201e-05 0 -0.0009185743128927867 0.0007801190998531286 0 0.0005305061961037512 5.211412520259097e-06 0 0.001075605305239861 0.0003913988998483427 0 0.001793321993392521 -0.0003631815767449338 0 0.004033923937379376 -0.0006727243540601834 0 0.003950496022029355 -0.001162285341962454 0 0.001645223837354583 0.0003920538683141876 0 0.006915682050179561 0.0002426578573723678 0 0.005490269648159781 0.0007419663207288012 0 1.537602654934355e-05 1.632018289096908e-05 0 4.228336276668187e-06 9.664350649705824e-06 0 7.973693079282861e-07 9.346488772035352e-06 0 3.706972737424485e-06 1.205744241598947e-05 0 8.189428976443368e-06 1.295600326542152e-05 0 4.326394181672355e-06 1.122105467600033e-05 0 -1.211325818441245e-05 7.52386129780104e-06 0 -5.313580034263521e-06 1.179332753956184e-05 0 4.692502838682389e-05 3.113265655009176e-05 0 -0.0004801402921436603 0.0006605942691251185 0 0.0009321139936089918 -0.0002145894110829396 0 0.002146351694266822 -0.001635818038624139 0 0.005623080494395963 -0.0008879875759342723 0 0.001855538993921754 0.0009619017236934954 0 0.002064965286567604 -0.001688306407411407 0 0.0005142842694829605 0.0005689119413692099 0 0.001918976078691153 -0.00142537420015694 0 0.005478867210099054 0.002056182014963312 0 1.463502842430353e-05 1.552774989240814e-05 0 3.889166225887196e-06 9.199912848294882e-06 0 7.073664371470833e-07 8.888269260444101e-06 0 3.670768921826272e-06 1.147534088060363e-05 0 8.094509329106823e-06 1.232511506593648e-05 0 4.181628668636916e-06 1.067567216748132e-05 0 -1.225138609416143e-05 7.169340333928151e-06 0 -5.364673952915067e-06 1.121568168821561e-05 0 4.69973574492577e-05 2.948937956564254e-05 0 0.0003122013380873406 -0.000316040455208083 0 0.0009922653805454966 -0.0002297065066974787 0 0.006414655270197293 -0.0006269787761681646 0 -0.0003816422539947225 0.001206806565276601 0 0.004618522190885369 -0.0001120140925569902 0 0.0001239280670695747 0.0007172245548622211 0 0.001790483260086587 4.618560282475956e-05 0 0.00590820996842066 0.0002289941795604528 0 0.004138892205402027 0.0003024259632519108 0 1.391182025445303e-05 1.477035138344306e-05 0 3.5508542886864e-06 8.759433277698117e-06 0 6.233428355290059e-07 8.455094926296085e-06 0 3.648705635517224e-06 1.090700836136986e-05 0 8.004717504006552e-06 1.173022933699964e-05 0 4.033148963689115e-06 1.016247006254463e-05 0 -1.237897506405072e-05 6.831301591595124e-06 0 -5.407152492545308e-06 1.065296683526364e-05 0 4.706850830654696e-05 2.794393837424798e-05 0 0.00149218709884167 -0.001749154179756174 0 0.005194089654727867 -0.0005704993089730504 0 0.002316952757890872 0.001270626121825893 0 0.0006419900416240049 -0.001112442596840957 0 0.0001297671306924944 0.000563178863668641 0 0.000550605358660042 0.0002747367118712749 0 0.006327157432867789 0.0001405114557702994 0 0.001215556839000258 -0.0001807768065572937 0 0.001010303156224468 -0.0001896905907927543 0 1.323014766485553e-05 1.405477032136865e-05 0 3.23095909665616e-06 8.343488502374033e-06 0 5.29805625662516e-07 8.047028260369481e-06 0 3.628449424822322e-06 1.037025194869281e-05 0 7.929894473346353e-06 1.114894066935653e-05 0 3.89271198131258e-06 9.678719230633326e-06 0 -1.250901916784175e-05 6.515646366505797e-06 0 -5.445945920140582e-06 1.012186202347005e-05 0 4.714145006547155e-05 2.646412413888442e-05 0 0.003338862553551036 -0.001441134986425778 0 0.002576167267613109 3.069597524200947e-05 0 0.0020206045654464 0.0009610411817389529 0 0.0007991426976350773 0.0003034331301771942 0 0.0002895409038872266 0.0002730446067254961 0 0.0008306594759938806 -5.253747813596665e-05 0 0.003612754561180167 -0.002269536635178544 0 0.0008987173184335576 -0.0003617909845996802 0 0.0006827119252490881 -0.0003903519812026301 0 1.258763076227021e-05 1.336266971237784e-05 0 2.93553709718175e-06 7.938142577807067e-06 0 4.401991734459542e-07 7.662417216986078e-06 0 3.597385554929277e-06 9.863989220615724e-06 0 7.8604235883295e-06 1.059983761398688e-05 0 3.767442654095676e-06 9.204145738929239e-06 0 -1.263288359505677e-05 6.218728265245526e-06 0 -5.488603957659599e-06 9.62172560762045e-06 0 4.721102253368858e-05 2.507590178371134e-05 0 0.002729021081920989 0.002474991311281677 0 -0.0005757755075561367 0.0007308461074871445 0 -0.0002105211278359901 0.0005450434939893999 0 0.000765265400099392 0.0003253176118237153 0 0.0009393720422109922 -0.0001586631683353559 0 3.41555425707601e-05 7.33170362065758e-05 0 0.0003054740660814251 -0.0002479582278897343 0 0.001001386765342282 0.0004390821594702568 0 0.0007079599436802322 0.0002124063382900679 0 1.198324355887459e-05 1.270866675631959e-05 0 2.65821678321898e-06 7.554575059240572e-06 0 3.65182425535182e-07 7.286330515250162e-06 0 3.56708145038409e-06 9.386852958146938e-06 0 7.784464106194709e-06 1.008198302893462e-05 0 3.650944013805502e-06 8.754882902797452e-06 0 -1.274434158947402e-05 5.92419008928896e-06 0 -5.52934576913966e-06 9.151718487527929e-06 0 4.727536058381221e-05 2.376043022100753e-05 0 0.0002979612790443978 0.0008414279497601998 0 0.001808114319727223 0.0007173089270534407 0 -0.0002335731471538729 0.0003016581495361575 0 0.001814714778849362 7.588791311919489e-05 0 -0.0001032384385208778 -0.00010480826713756 0 0.000195657884008632 0.0002895295809677913 0 0.0005123474782119941 0.0002098720032713345 0 0.001067657171311027 0.0004590661573277907 0 0.0009803150121577076 0.0002086117660251435 0 1.139365647997992e-05 1.208399026850215e-05 0 2.3818702948597e-06 7.190897697528092e-06 0 2.950992358807802e-07 6.930793087227445e-06 0 3.54800013802059e-06 8.921122285317565e-06 0 7.71257548058679e-06 9.593819599176301e-06 0 3.531685831503761e-06 8.3320778463394e-06 0 -1.284746930173275e-05 5.643488048471049e-06 0 -5.563528440125087e-06 8.693865488239824e-06 0 4.733809255072496e-05 2.252258083021343e-05 0 0.002374800238177966 -0.0005409176776529427 0 0.002493033915920386 3.315145006849153e-05 0 0.002803169971516639 -0.0007512186523673732 0 0.001274139557746939 -0.0006085157730407742 0 0.0006053619597867417 -0.0006630678578826084 0 0.0001009467998733457 -0.0001276263750747269 0 0.0007292389204279006 -0.0001227695989311703 0 0.0007481430286119251 0.0005530228976475536 0 0.001030330077660887 4.584773419835651e-05 0 1.083787789367407e-05 1.149429714299155e-05 0 2.120491366414123e-06 6.847673385104551e-06 0 2.175849336261137e-07 6.595793159249949e-06 0 3.530425221456856e-06 8.481315538823654e-06 0 7.652459397225473e-06 9.11702666409747e-06 0 3.418860310619443e-06 7.933683727210162e-06 0 -1.29523349340771e-05 5.381184166135949e-06 0 -5.594905608641287e-06 8.26159296953184e-06 0 4.740165000147178e-05 2.133671599782901e-05 0 0.002321698563679676 -0.0007667098027820535 0 0.0007500293804631185 -0.0003260098011486702 0 0.001035784187796942 -0.0004835321665063937 0 0.0001260071557644958 -0.0005876004611380588 0 -0.0001665487731311519 -0.0004803852622894816 0 0.0002095099895868326 -0.0009023131146653068 0 0.001045643202754839 0.0001860361247526115 0 0.0002935040224812945 0.0004245148481823169 0 0.0004884160321302274 0.0003450598825447057 0 1.031393672804026e-05 1.092430366556995e-05 0 1.878890816250922e-06 6.513358714064187e-06 0 1.433320958588168e-07 6.280078543824223e-06 0 3.504353802086246e-06 8.066443654913302e-06 0 7.596585309091464e-06 8.666742966231994e-06 0 3.317972052677143e-06 7.543126538032269e-06 0 -1.305222882083679e-05 5.134491421811618e-06 0 -5.6292055137519e-06 7.854183317575375e-06 0 4.746202004592137e-05 2.022361685479011e-05 0 7.887815500418737e-05 0.0001665249291665923 0 -0.0007641810327128559 0.0002390872184808015 0 -0.0006705401289414658 -0.0001940673580863445 0 -0.0002537593416138822 -0.0002468028643174344 0 0.0001502499827082879 -0.0005144950359582053 0 0.0001756620669725804 -0.000706100718001458 0 0.001165017722933884 0.0002998958973524853 0 0.0003336134290920986 0.0002576457917487923 0 0.0001290521825721286 0.0001881188884070572 0 9.821208654753331e-06 1.038601920641622e-05 0 1.652089933010248e-06 6.19711715643765e-06 0 8.07957626358657e-08 5.971415836101245e-06 0 3.478962521383244e-06 7.675491428510253e-06 0 7.535615983558785e-06 8.242060522781548e-06 0 3.224076487076677e-06 7.173530373984389e-06 0 -1.314239135526141e-05 4.890094102147531e-06 0 -5.662013342039307e-06 7.471167852367635e-06 0 4.751798268476382e-05 1.916812661829567e-05 0 0.002128005654211312 -0.00174362015658263 0 0.001288812519692671 0.0002976546132352765 0 0.001369532808388973 -5.597421363724708e-05 0 0.001445986092468453 -0.0007303413662788497 0 0.001420575741694671 -7.137599185536719e-05 0 0.001355152854687583 -0.0004564364604627765 0 0.0005618070009543243 -8.048284983453583e-05 0 0.0004714092290206418 7.603861719402555e-05 0 0.0001861375127189882 -7.254428767769495e-07 0 9.340753543377043e-06 9.872155321787727e-06 0 1.426282993322036e-06 5.8973406975079e-06 0 2.233510616733711e-08 5.679620826003207e-06 0 3.462516968449902e-06 7.293979736958459e-06 0 7.477892744023329e-06 7.841822677039955e-06 0 3.128109792638334e-06 6.82565940932859e-06 0 -1.322593258386295e-05 4.657293940064922e-06 0 -5.689773388439789e-06 7.098078219547679e-06 0 4.75722003576845e-05 1.817440770183337e-05 0 0.004198116736333871 0.0008377438241036277 0 0.001899177389186872 0.0004794849353542822 0 0.00268627508528408 0.001183712996219485 0 0.001473181491451696 0.0003754141107865094 0 0.0007008141410344212 0.0001139922691881165 0 0.0008655469360236076 -0.0001608545415858475 0 0.000260286236191648 -9.253122243944172e-05 0 0.0006887261404715517 -4.398642145195946e-05 0 0.0003479464353095402 -0.0001714800816168468 0 8.887825409614745e-06 9.387407437480044e-06 0 1.212664262242868e-06 5.614560084887463e-06 0 -4.194982726468677e-08 5.4046251174375e-06 0 3.447328565081564e-06 6.933740645716398e-06 0 7.429474206704922e-06 7.451062094813998e-06 0 3.037301774352907e-06 6.497976637824705e-06 0 -1.331070975114923e-05 4.439618188830165e-06 0 -5.71536345068957e-06 6.745748092091586e-06 0 4.762666496412049e-05 1.722200112314054e-05 0 0.006136598184902711 0.0005962512809596015 0 0.002557703419784278 0.001468649426989932 0 0.00258229191838296 0.0009475429542575506 0 0.0005734075891756715 0.0001509661270968007 0 0.0007147789660858425 -4.291551008352156e-05 0 0.00116895850415534 5.115863632531444e-05 0 0.0002111529883501925 -0.0002525932418880328 0 0.001031332863610186 0.0002518877314984444 0 0.0006994935526826104 -0.0001174797594418117 0 8.460790922898418e-06 8.919095822427709e-06 0 1.015058916503664e-06 5.339241239053945e-06 0 -1.035198583382302e-07 5.145484864811298e-06 0 3.425433386439191e-06 6.593882435022673e-06 0 7.384430053283819e-06 7.082103868846952e-06 0 2.955934714832242e-06 6.176941978301882e-06 0 -1.339147040420319e-05 4.234934629527078e-06 0 -5.743172339270353e-06 6.413448157945033e-06 0 4.767824457145575e-05 1.63275796844992e-05 0 0.002621630332212361 0.001658089662287469 0 0.00129603818145655 0.001161884901398076 0 0.001690488997132832 -0.0001518507530656257 0 0.0005668686332701774 -2.267378787321194e-05 0 0.0009324268184309828 5.822375155444015e-06 0 0.0002706125582616139 -0.0003515919390170638 0 0.0002836112001142407 -0.0002873476748873476 0 0.001093501621409781 0.0004132067135499198 0 0.0007802916998208217 0.0002873355714500605 0 8.059282989858472e-06 8.477063642149499e-06 0 8.295600925634081e-07 5.078885815188067e-06 0 -1.556494260146479e-07 4.892185712921868e-06 0 3.404142786919695e-06 6.273657342741219e-06 0 7.335364365895769e-06 6.734098814759754e-06 0 2.880158242221653e-06 5.873232096576322e-06 0 -1.346454898154548e-05 4.032396517128326e-06 0 -5.769792468274249e-06 6.100954111062928e-06 0 4.772614806154707e-05 1.547894408411576e-05 0 0.0009470568006643904 0.001214951768710816 0 0.001567376814693391 0.0008913647445947387 0 0.0008889739037707538 0.000107885528537216 0 0.0005851705115038421 -0.0002154094235969073 0 0.0002182246471317816 -0.0002168203079925338 0 8.668344974802761e-05 -0.0003169663714276058 0 0.0005229239880255794 3.222385047419591e-05 0 0.001369537955152454 6.165879270529641e-05 0 0.0008664271251772743 0.0001256241090820953 0 7.667924250165379e-06 8.05527654234965e-06 0 6.450206987973493e-07 4.832126243576976e-06 0 -2.044034551618168e-07 4.652737162502002e-06 0 3.390012648291085e-06 5.961243584885409e-06 0 7.288898338578265e-06 6.406192109286411e-06 0 2.802812341884398e-06 5.587340554898124e-06 0 -1.353233814789523e-05 3.839564153678906e-06 0 -5.792482819427791e-06 5.796592832976905e-06 0 4.777235466450758e-05 1.467961802868734e-05 0 0.0007989220903360376 0.0009493774368912952 0 0.001916109852435656 0.0004923724219300234 0 0.000547987868317945 -0.0001691388544827616 0 0.0007587827122081045 -0.000152242551157436 0 -2.948042664605715e-05 -0.0002744615891270077 0 0.000330199106320185 -8.770036636493449e-05 0 0.0005591991731452027 5.581794973864851e-05 0 0.002864048731466117 -0.000187706690446189 0 0.001777107266351836 -0.0001528822289437182 0 7.298972717520446e-06 7.657619952364072e-06 0 4.704132098437562e-07 4.599451928796564e-06 0 -2.577321249752628e-07 4.427030066901649e-06 0 3.376937096372101e-06 5.666280625571049e-06 0 7.249822007796003e-06 6.086167237176129e-06 0 2.729615107846528e-06 5.318114146060475e-06 0 -1.360101110546574e-05 3.65916455462821e-06 0 -5.813470033769197e-06 5.509124267862388e-06 0 4.781849196507093e-05 1.391323832223863e-05 0 0.0007637581745378871 0.0006286637654721871 0 0.0009833465787771958 -8.981364415004688e-05 0 0.0004926011292706657 -0.000339346875873149 0 0.0004875908572818179 8.060985256456292e-05 0 0.0001200992923699462 -0.000238594917541586 0 0.0002784682623196352 -7.173115222297574e-05 0 0.0009533466842552087 -0.0001851297134780119 0 0.003199596296138925 0.0004507936872307702 0 0.002022811999165513 0.000109877616351374 0 6.951070808849934e-06 7.273617006361283e-06 0 3.087764430531602e-07 4.373008278726018e-06 0 -3.08802833290378e-07 4.21435752038981e-06 0 3.358552347398902e-06 5.387971565811236e-06 0 7.213442598019704e-06 5.784055550483481e-06 0 2.663919716899832e-06 5.054499462040298e-06 0 -1.366642836110599e-05 3.489564360745385e-06 0 -5.836154493565893e-06 5.237842659700647e-06 0 4.786208410217929e-05 1.319320946258952e-05 0 0.0007878869687989176 0.0003391821367403694 0 0.0003149236968489135 -0.0002300615220318103 0 5.522081716794607e-05 0.000296772399163675 0 8.464671876769885e-05 -0.0002299690884897953 0 4.548106864592921e-05 -0.0001750326436335825 0 0.0004195356944448475 -0.0001949525539071198 0 0.003150034573446459 0.000135001756395206 0 0.002019828289755505 0.000710934780638675 0 0.002275048142045627 0.0007628722762415482 0 6.624025673584998e-06 6.911320496533896e-06 0 1.570426997887785e-07 4.158930101910186e-06 0 -3.522591112414819e-07 4.00652740943034e-06 0 3.340695000603188e-06 5.125770526910427e-06 0 7.173877190597144e-06 5.499079765098995e-06 0 2.602708211327243e-06 4.805181304894795e-06 0 -1.372574615333966e-05 3.321922554348592e-06 0 -5.857882177093265e-06 4.982677107360361e-06 0 4.790261432036091e-05 1.25096995432809e-05 0 0.0007964131982046985 6.317280383957848e-05 0 8.323464184923496e-05 0.0003583034433004907 0 -0.0002991752115926935 -4.703397731804088e-05 0 -0.0001938681533483546 -9.447035338067815e-05 0 0.0001470904365574732 -0.0001994048539736628 0 0.002015095401715253 -0.000911179197531517 0 0.0026976367567575 0.0003120517115750287 0 0.001281299850687277 0.0003767359083330854 0 0.001445208116936068 0.0003394278908409598 0 6.305363037306665e-06 6.565747670214846e-06 0 6.210324837718696e-09 3.956055415512728e-06 0 -3.929194892643428e-07 3.810073073183713e-06 0 3.328577030489721e-06 4.870030090403828e-06 0 7.136394400475421e-06 5.230610881271948e-06 0 2.540298152040044e-06 4.570462164199886e-06 0 -1.378081764656647e-05 3.162386670724215e-06 0 -5.87652379982484e-06 4.73418667061489e-06 0 4.794156840143282e-05 1.186566230464061e-05 0 0.0007781424538113661 -0.0002009091738745529 0 -0.0003136723638744386 0.0001092971463229896 0 -0.0004134061869034423 -0.0001357889825593025 0 -0.0001014060421595034 -0.0002409735376462316 0 0.000942282772577671 -0.0004051723313233807 0 0.001627739425646139 -0.0002398582043171004 0 0.001473354979509831 0.0004524236345479284 0 0.001024988397327779 0.0005232105144682628 0 0.0008968186486876112 0.0003191424151825425 0 6.004957132696442e-06 6.240104766796171e-06 0 -1.365047645612849e-07 3.764828213008442e-06 0 -4.371736055941433e-07 3.624858392634565e-06 0 3.317342250966359e-06 4.628601441312996e-06 0 7.10479302372391e-06 4.96868373160101e-06 0 2.481226054007468e-06 4.349477509105886e-06 0 -1.38365213583902e-05 3.013064745929598e-06 0 -5.893810261670129e-06 4.499463167377537e-06 0 4.798028034735946e-05 1.124797792638726e-05 0 0.0006817482604347041 -0.0004041304807891818 0 -0.0001355205584695208 -8.197201920718408e-05 0 -0.0003421704625787211 -0.0003368496929521403 0 0.0005828816826590754 -0.0003695621521886405 0 0.001788316484290023 -0.0006088579773149902 0 0.00142975403025692 0.0005342354499802414 0 0.0007501366518623056 0.0001697642004583263 0 0.0001406646591492755 0.0006224544648685686 0 0.00043765480701171 0.0005853338115706722 0 5.721676623549054e-06 5.925762196872831e-06 0 -2.686893678938151e-07 3.578791016388416e-06 0 -4.795336634028091e-07 3.450357505685973e-06 0 3.301899419508314e-06 4.400778216407872e-06 0 7.075351457552781e-06 4.721461581497047e-06 0 2.428128625359127e-06 4.133209607176148e-06 0 -1.388958205095214e-05 2.872706271292436e-06 0 -5.912396530693975e-06 4.27784670019738e-06 0 4.801679184858465e-05 1.066743888173283e-05 0 0.00646610422863679 -0.000830204019906182 0 0.001136682690929397 -0.001248529495814152 0 0.0004394333682628189 -0.0004910272576430784 0 0.004732312541533597 -0.0005266622959195983 0 0.001754040697284277 0.0003639767811309674 0 0.0006353407622591427 0.0001050864232346113 0 0.0004753630081296492 0.0004322102887494572 0 0.0008940827605980541 0.000688505532242721 0 -3.074045873133895e-05 0.0004273878455375718 0 -0.0001014132937825207 0.0004709032255824364 0 1.073023867651651e-05 0.0005408895415553102 0 5.455426246442351e-06 5.629298608291789e-06 0 -3.927702852957182e-07 3.402957400592405e-06 0 -5.157276932316046e-07 3.279872966299203e-06 0 3.286926088350017e-06 4.186165056332957e-06 0 7.043382753951777e-06 4.488245373387815e-06 0 2.378632804514447e-06 3.928724000437123e-06 0 -1.39377839772914e-05 2.734105736910443e-06 0 -5.930202783249738e-06 4.069365392257023e-06 0 4.805077066399877e-05 1.011611287046917e-05 0 0.005265279815382932 -0.0003892726105425985 0 0.0007256599209882335 -0.001120386712431087 0 0.002230555129424563 -0.00069426030892554 0 0.001936420620045363 0.0001226038567179663 0 0.0005628282658696539 0.0001390143209566014 0 0.0003218488744522393 0.0003206988375274652 0 0.00010959340707134 0.0005183358438241302 0 0.0007495228207759149 0.000644490340705385 0 -9.713094977407964e-05 0.0001681602974257859 0 -0.0001495260042858465 0.0003350607481483261 0 -1.49589754441376e-05 0.0003798763371718958 0 5.456995442990054e-05 0.0004364946390279997 0 5.196073710161952e-06 5.346609128825327e-06 0 -5.160368795609216e-07 3.23634143235222e-06 0 -5.496025767548485e-07 3.11873290858352e-06 0 3.276575289604122e-06 3.976891753113345e-06 0 7.013097011121516e-06 4.268573750165413e-06 0 2.328219292496714e-06 3.736191349646041e-06 0 -1.398256764419126e-05 2.602266294123023e-06 0 -5.945569582249677e-06 3.866374911305064e-06 0 4.808334161901517e-05 9.596467701786758e-06 0 0.005676620320898912 -0.0007880750682100616 0 0.0006930047203819177 -0.001105484809804442 0 0.001494164715022478 -0.0007117018568552415 0 0.0004610856190232145 0.0002108548068278787 0 0.000118858878331532 0.0003525818753183362 0 9.28719653480528e-05 0.000493501159834618 0 0.0001955646680433173 0.0004402151830287249 0 0.0005624987582577913 0.000436685410105185 0 -5.446456160284469e-05 5.966860639212284e-05 0 -0.0001226638511303627 0.0002265966598217345 0 -2.909671120770313e-05 0.0002962746840885419 0 7.396898476461075e-05 0.0003071734158326955 0 9.333140431386915e-05 0.0003346133331543002 0 4.951578089010255e-06 5.080332777025741e-06 0 -6.326799995431953e-07 3.079339095720703e-06 0 -5.863146627649307e-07 2.966786091236455e-06 0 3.266965608969552e-06 3.77935124157118e-06 0 6.98751576712342e-06 4.054321537550787e-06 0 2.280504408799788e-06 3.554962990244201e-06 0 -1.402780188017316e-05 2.478817713538577e-06 0 -5.959848681527657e-06 3.674626185182217e-06 0 4.811559436987412e-05 9.097966070093291e-06 0 0.005127455733592114 -0.001240647831156315 0 0.005234031547175825 -0.0008383966328833203 0 0.0005779540390533215 0.0003387472952745551 0 -1.495679224636226e-05 0.0002558776656254591 0 0.0001232429824893147 0.0005355754814460253 0 0.0002808808067662899 0.0004605977686312906 0 0.0001938664043556193 0.0003365587570763398 0 0.0004401592098688539 0.0002720984978505161 0 -5.166375435041586e-05 4.819643714069204e-05 0 -8.640267496203001e-05 0.0001732725281815769 0 9.346501738886898e-06 0.0002644518761159356 0 0.0001148449591905007 0.0002563367424014764 0 0.0001190631397601227 0.0002390032551337212 0 0.000117846889611771 0.0002330269409556371 0 4.721000733842739e-06 4.823379473560366e-06 0 -7.407788879948418e-07 2.926649188638927e-06 0 -6.214512922736448e-07 2.82364387550315e-06 0 3.254004667857524e-06 3.592922412499859e-06 0 6.96366941121962e-06 3.852130051971297e-06 0 2.237570082538887e-06 3.377684075816546e-06 0 -1.407087996596612e-05 2.362800005474737e-06 0 -5.975126953966514e-06 3.49351514442129e-06 0 4.814596759654399e-05 8.629311263688884e-06 0 0.001131729792962756 -0.001330429703474092 0 0.001415662507906159 -2.647015119992823e-05 0 -0.0001096008444670601 6.284927316919929e-05 0 0.0003464549937942235 0.0005377962398890322 0 0.0004227726872655448 0.0005362914445924334 0 0.0002767270896961299 0.0003687000756230144 0 0.0001578315640989453 0.0002166488139018416 0 0.00032035343712946 0.0002060190810172363 0 -7.332838713980384e-05 9.284220270210085e-05 0 -7.322487409353733e-05 0.0002058700765538157 0 5.915215907674465e-05 0.0002767708983755154 0 0.0001631775656738832 0.000244249859654988 0 0.0001674317871223491 0.0002207103924425288 0 0.0001924854727502686 0.0002922603290547373 0 0.0001955522064274392 0.0002482291057262914 0 4.504319712508863e-06 4.581116387152548e-06 0 -8.422463952800774e-07 2.782365286032977e-06 0 -6.515968510173442e-07 2.683832974224171e-06 0 3.241446282151172e-06 3.417322941804725e-06 0 6.937805112849915e-06 3.661379064721741e-06 0 2.197534943557122e-06 3.210101777214279e-06 0 -1.411006642834667e-05 2.248336291076417e-06 0 -5.989761088426304e-06 3.323123424183588e-06 0 4.817424900077638e-05 8.184093549019715e-06 0 0.001548630101488084 -0.0004936302700208685 0 -6.691459174960888e-05 0.0001042197247559454 0 0.0001019291178364703 0.0002346050190328297 0 0.0006852712356065008 0.0005640711427423449 0 0.0003605561993878723 0.0004287871372335786 0 0.0001777442978332447 0.0002345174567446526 0 0.0001912976851725298 0.0002096083931496031 0 0.0002120362745777274 0.000240586698390978 0 -5.834662956118869e-05 0.0001109053004605329 0 -6.368111013128203e-05 0.0002315491254349794 0 6.526843126267169e-05 0.0003106569621964053 0 0.0001895676145968819 0.0002801149123536073 0 0.0001949981366537804 0.0002267276241081015 0 0.0002015407662305235 0.0002985526913516153 0 0.000456394228662775 0.0006136879248987773 0 0.0004654737276392414 0.0005708501161980281 0 4.293318221576524e-06 4.350168542393769e-06 0 -9.429783978803785e-07 2.645652579272642e-06 0 -6.798174591732264e-07 2.551697108296377e-06 0 3.232610436443295e-06 3.246135245368008e-06 0 6.913293308000168e-06 3.481733121909157e-06 0 2.156786158141744e-06 3.052297293605448e-06 0 -1.414649184898475e-05 2.139498323064197e-06 0 -6.002450444395069e-06 3.157247930473186e-06 0 4.820129929533623e-05 7.764355147574925e-06 0 0.0003909476972255576 0.0002216564392861983 0 -8.754954251619095e-05 6.730307916535254e-05 0 0.0005845287531733162 0.000346298612539167 0 0.000528838628909324 0.000474760548539517 0 0.0001960710902722401 0.0002752211815018196 0 0.000166232253959335 0.0002110953443743152 0 0.0004455051724589209 0.0005252035163442609 0 0.0001783007115210427 0.0002547049628522923 0 -3.355366918979252e-05 0.0001053380266951981 0 -3.736759984296345e-05 0.0002067494353745133 0 3.730962871166531e-05 0.0003149967055481248 0 0.0001585838637654588 0.0003140279852185679 0 0.0001634164814764902 0.0002676572941276989 0 0.0001870218751866062 0.0003072385347306985 0 0.0004381161061443872 0.0006276140491798254 0 0.0009270862148234373 0.0006805113969488017 0 0.0009545798752893589 0.0006520203315375089 0 4.094424491798975e-06 4.132705228477618e-06 0 -1.038286045751402e-06 2.516861987291591e-06 0 -7.102705950612354e-07 2.427079088072187e-06 0 3.224397723447514e-06 3.084563811042544e-06 0 6.892547380232816e-06 3.30657099162357e-06 0 2.118212967763822e-06 2.903785741070579e-06 0 -1.418324295522633e-05 2.037546940929051e-06 0 -6.014259131020827e-06 3.000554156086868e-06 0 4.822800975810837e-05 7.361613295541955e-06 0 0.003765549564897448 -0.0004730661773235389 0 0.001069930129180406 -0.0002359433627042023 0 -7.738801031781373e-05 8.541593240255635e-05 0 0.0002303753952513782 0.0001219904293858209 0 0.0006602560300790969 0.0004079219152658131 0 0.0002705251072379344 0.0003163119981472312 0 0.0001526755267935511 0.0002328358047359868 0 0.0004128049849693865 0.0004932258422199812 0 0.0009537428853901575 0.0006165634999096906 0 0.0001587035349608287 0.0002472712855367403 0 -2.813267355094434e-05 9.492861400883788e-05 0 -1.17257001367721e-05 0.0001713444319095883 0 3.787201125261124e-05 0.0002810359150757432 0 9.391763878362214e-05 0.0003085045729942295 0 0.0001050126022202058 0.0002839217781409816 0 0.0001268412920374315 0.000331955139165993 0 0.0004170003153149137 0.0006217364897128097 0 0.0008717300159433241 0.0006955553672087637 0 3.906854514235113e-06 3.922915004301446e-06 0 -1.126645017696104e-06 2.391649260087558e-06 0 -7.393980407804923e-07 2.309694499282554e-06 0 3.21352064916458e-06 2.93206569853318e-06 0 6.873199237963923e-06 3.141295088590623e-06 0 2.083468451263837e-06 2.758572507205979e-06 0 -1.421823979677606e-05 1.941747482411132e-06 0 -6.026841028183849e-06 2.852500541829575e-06 0 4.82531311806339e-05 6.982891081171519e-06 0 0.004281126657731413 -0.0008746942180306236 0 0.001023647203523575 -0.0004570657414700308 0 0.000134334484927695 0.0001459190663161552 0 9.202292368524349e-05 6.219136711514693e-05 0 0.0005863312339695545 0.0002255597044955177 0 0.0003612514022496501 0.0003137031606977591 0 0.0001730984527380033 0.0002621272030875893 0 0.0004031256132201801 0.000472754074720555 0 0.0009490756995318567 0.0005793435856994641 0 0.0001272168915721211 0.0002316969851162004 0 -3.201603217654891e-05 8.542782233791205e-05 0 -6.317149103353402e-06 0.0001476840870116569 0 5.102643476527501e-05 0.0002365411070394188 0 7.067971273867767e-05 0.0002727681336448517 0 5.115294186089358e-05 0.0002624308353428861 0 6.571474995848565e-05 0.0003225687158200652 0 0.0003708029521570371 0.0006120263878098831 0 0.0008064826218741535 0.0006939154827846903 0 3.730616891378657e-06 3.725172919541095e-06 0 -1.209578350980234e-06 2.27335548619225e-06 0 -7.644702800374548e-07 2.195073002411382e-06 0 3.203000033175085e-06 2.788441214125227e-06 0 6.852244426189258e-06 2.985360486680924e-06 0 2.051061773936103e-06 2.62133256211973e-06 0 -1.425011530875597e-05 1.847309829406188e-06 0 -6.038892271284513e-06 2.713202323912505e-06 0 4.82765287081327e-05 6.623006707816466e-06 0 0.003419113882846935 -0.0004951162571217166 0 0.0008160587060645971 -0.000570508276344847 0 0.0003498046779157812 -0.000169829809780371 0 0.0001569428176174045 0.0001040212553425207 0 0.0004385608312181058 0.000123504687455124 0 0.0004714727350359493 0.0002476037165387787 0 0.0001981620547690729 0.0002603023256145393 0 0.0004206433922186655 0.0004543740608189198 0 0.000962250892291322 0.0005403845545557534 0 0.0001047088940598975 0.0002203763308831069 0 -3.034664426318501e-05 8.370845986967883e-05 0 -1.019600412626581e-05 0.0001379996697940117 0 4.726164255171306e-05 0.000212812525997752 0 7.055342980516464e-05 0.0002268722645201587 0 3.563564275662483e-05 0.0002274804347426259 0 2.367781733905033e-05 0.0002758659667289123 0 0.0003012986430542471 0.0005863228368040707 0 0.0007354276536916183 0.0006803429678108248 0 3.559034918873549e-06 3.536708216313883e-06 0 -1.291870209738089e-06 2.161274526986736e-06 0 -7.879460156845486e-07 2.086754915855624e-06 0 3.195490303281589e-06 2.648458286919758e-06 0 6.832388595223726e-06 2.838523659535672e-06 0 2.018103745962674e-06 2.492087169097233e-06 0 -1.427975583380425e-05 1.757549526453655e-06 0 -6.049388387052712e-06 2.577626061424191e-06 0 4.829886606780298e-05 6.283653540290618e-06 0 0.003151812838654059 -0.0004440545848243549 0 0.0007527564614180429 -0.0005621602810979564 0 0.0005553516377313147 -0.0002683147746126365 0 0.0005164682211821828 0.0001081225967716204 0 0.0004340869873810035 0.000136109446920489 0 0.0004882245089058712 0.000175103897725272 0 0.0002095606931093174 0.0002197903605606413 0 0.0004221136750602941 0.0004135739814905767 0 0.0009922411958597915 0.0004954536293424322 0 9.470441824547397e-05 0.0002159492417799433 0 -2.560228416738364e-05 8.516077963574563e-05 0 -7.848360769079075e-06 0.0001369012183526988 0 3.526755939531333e-05 0.0002100045666727848 0 5.42981146701843e-05 0.0002062543973491149 0 4.000987536879885e-05 0.0001908561192316832 0 6.411312162564461e-06 0.0002275755671495572 0 0.0002365231703944648 0.0005308499485827053 0 0.0006550418575849564 0.0006628657459144536 0 3.397303495827897e-06 3.35929968946734e-06 0 -1.369731744624292e-06 2.055712969344959e-06 0 -8.131919175119462e-07 1.984583794197893e-06 0 3.188502531517589e-06 2.516352176754923e-06 0 6.81555977782855e-06 2.695390027087491e-06 0 1.986909481097032e-06 2.370473003756624e-06 0 -1.430962723464324e-05 1.673440862467838e-06 0 -6.059166524435833e-06 2.449561062101146e-06 0 4.832087249775907e-05 5.957998005676375e-06 0 0.002785114642979619 -0.0003885649476384201 0 0.0006565615136108065 -0.000494011119213572 0 0.0006924551512638502 -0.0002815901130550427 0 0.0007184677215276505 -2.755672473097464e-05 0 0.0005495119029559555 0.0001530528433755923 0 0.000443817830259173 0.0001520441230280639 0 0.0001994783827592855 0.000187500375486746 0 0.0004162275032726925 0.0003672480573849307 0 0.001027421898152366 0.0004503750322596144 0 8.771201458197818e-05 0.0002120182931051248 0 -2.30169864374255e-05 8.373166202292612e-05 0 -4.360550447314592e-06 0.0001357492158514176 0 3.412322455220718e-05 0.0002089460632593367 0 3.282105079182445e-05 0.0002085043811831735 0 2.531125274873175e-05 0.0001764176455185743 0 6.664215572438347e-06 0.0001880692562715724 0 0.0001885755132289626 0.0004657970214656248 0 0.0005805984954014158 0.0006410256998301485 0 3.244775471700212e-06 3.188191039486636e-06 0 -1.441945710140002e-06 1.953113385600238e-06 0 -8.37334218697916e-07 1.88835342137747e-06 0 3.179383135820668e-06 2.391651482001184e-06 0 6.799857426562084e-06 2.56035246751999e-06 0 1.958792209558191e-06 2.251604568267832e-06 0 -1.433806410171268e-05 1.594419465273874e-06 0 -6.069541415229529e-06 2.328525698388692e-06 0 4.834154646360389e-05 5.651713671574708e-06 0 0.002356243468547715 -0.0003246340662049971 0 0.0005473180953508988 -0.0003849597215995967 0 0.0007761582890316032 -0.0002887799168253685 0 0.0007035417911734204 -7.653521514472404e-05 0 0.0006583483540355954 0.0001186190402999651 0 0.0004199061131349712 0.000159181590242391 0 0.0001726072128745842 0.0001814201857750566 0 0.0004151198002469297 0.0003415871064176568 0 0.001069265832068858 0.0004158590561995911 0 8.165306235927149e-05 0.000207586724147224 0 -2.13800244688242e-05 8.097200096906368e-05 0 -4.318937039553271e-06 0.000127261303695482 0 3.745569055958048e-05 0.0002044391191508635 0 2.947967798835882e-05 0.0002068692980346371 0 5.706037253229433e-06 0.0001802153905915774 0 -4.057211517291548e-06 0.0001706659249118974 0 0.0001587364152487794 0.0004098154672716597 0 0.0005262033649610156 0.0006144455269759818 0 3.101485772982748e-06 3.026944874470923e-06 0 -1.509717680259204e-06 1.856200423738102e-06 0 -8.581825783893215e-07 1.794413918993973e-06 0 3.170567918389655e-06 2.274218716514544e-06 0 6.782864919036014e-06 2.432936874416716e-06 0 1.932560906664493e-06 2.139283544407531e-06 0 -1.436398831020091e-05 1.516578260894914e-06 0 -6.079473669359792e-06 2.214645981451872e-06 0 4.836080524552033e-05 5.360604657099824e-06 0 0.001956405803991791 -0.0003349821445416609 0 0.0005785365047854679 -0.0003219315708055669 0 0.0007377628947776646 -0.0002716866799113704 0 0.0006385020457834663 -9.87465054688441e-05 0 0.0006320394568282913 7.023404778244008e-05 0 0.0004226208132722605 0.0001583575972103068 0 0.0001569675652839941 0.0001896118994157703 0 0.0004061570101331346 0.0003197529936964441 0 0.001109374329414395 0.0003869223004089872 0 7.681377300636226e-05 0.000203220338487034 0 -1.933276089543384e-05 7.854367085270705e-05 0 -5.253581946002004e-06 0.0001158160105166547 0 3.558611073897072e-05 0.0001929126821017257 0 3.52371633233553e-05 0.0001996468014984279 0 5.989704429172622e-06 0.0001763923897049949 0 -1.597528063720238e-05 0.0001685922923447616 0 0.0001350578704541194 0.0003721124610548756 0 0.0004891637324777319 0.0005924999922661959 0 2.962018126592691e-06 2.873290290307875e-06 0 -1.576924429647075e-06 1.764378439523227e-06 0 -8.777025502365587e-07 1.705649527790343e-06 0 3.164188568327563e-06 2.159790977638263e-06 0 6.76675944563665e-06 2.312969629569318e-06 0 1.905895026438343e-06 2.033493421847894e-06 0 -1.438810171847105e-05 1.442616539036774e-06 0 -6.088155461145273e-06 2.103829880372581e-06 0 4.837916402550269e-05 5.086061523036298e-06 0 0.001548073957887301 -0.0005440182427823153 0 0.0004935801249823095 -0.0002451471673438343 0 0.0006210470112987739 -0.0002256978485572284 0 0.0005628473700025268 -9.663257651063711e-05 0 0.0005550918854893143 6.366214041902961e-06 0 0.0004121664409278968 0.0001243270273678515 0 0.0001621197030564764 0.0001910531424995088 0 0.0003943969599678534 0.0002905431242219078 0 0.001132641295211727 0.0003477324115397431 0 7.325319158102415e-05 0.0001990419119495198 0 -1.738151638398105e-05 7.63520915432747e-05 0 -4.579552143460506e-06 0.0001068320680480683 0 3.137505025917891e-05 0.0001783518075420404 0 3.392708068807037e-05 0.0001881948209647155 0 1.552858580088079e-05 0.0001668075522884282 0 -1.106052407338215e-05 0.0001581449346282001 0 0.0001138713577440442 0.0003521149310606527 0 0.0004602270097479876 0.0005788579641592404 0 2.830571354514588e-06 2.728684439139497e-06 0 -1.640504969938061e-06 1.677914010691194e-06 0 -8.986173765934691e-07 1.621909357698778e-06 0 3.158250695939335e-06 2.051813633619989e-06 0 6.753089631009179e-06 2.196058822781163e-06 0 1.880654588268249e-06 1.933964228822623e-06 0 -1.4412382960724e-05 1.373288243129711e-06 0 -6.096250751708165e-06 1.9991552543102e-06 0 4.839721776393746e-05 4.822567973468417e-06 0 0.001169957793845447 -0.0007231903166865296 0 0.0003373251166762722 -0.0002097107813899199 0 0.0004775301940450685 -0.0001889285160853738 0 0.0004964013262827651 -0.0001079119997440675 0 0.0004620723034044968 -4.300894946192984e-05 0 0.0003726169343521226 6.16685224106711e-05 0 0.0001696831757660305 0.0001558524242653084 0 0.0003806091099148312 0.0002478873402500317 0 0.001150111490035605 0.0002942117646941439 0 6.977360354018523e-05 0.000194737795459185 0 -1.62509436233485e-05 7.425569546958692e-05 0 -3.426805902588536e-06 9.99872238729299e-05 0 2.990846175507378e-05 0.0001676913481478484 0 2.865499190698312e-05 0.0001760228633928274 0 1.61770897517538e-05 0.0001559318691044323 0 5.534935292872399e-07 0.0001428703417455656 0 0.0001052046151069144 0.0003272813195713541 0 0.0004294264495102034 0.0005656875000118325 0 2.706604337293638e-06 2.589241607803966e-06 0 -1.699494765819431e-06 1.593898259853038e-06 0 -9.186077995909647e-07 1.543045842621049e-06 0 3.150614064542645e-06 1.949878735078847e-06 0 6.74033261437168e-06 2.085775036024702e-06 0 1.857890097989312e-06 1.836717630166948e-06 0 -1.443549448097714e-05 1.308162187667154e-06 0 -6.10481067200852e-06 1.90020051002264e-06 0 4.841416170578428e-05 4.574708290418748e-06 0 0.000910982885605524 -0.0006609478481624033 0 0.0002083001129840195 -0.0002288644961009334 0 0.0003567914185664406 -0.0002105097797293343 0 0.0004266101877376249 -0.0001343261095924086 0 0.000377715021629324 -7.863805695669523e-05 0 0.0003194560245730337 -8.501965232152185e-06 0 0.0001655099460755455 0.0001015825503662068 0 0.0003756544073262035 0.0002014953585130347 0 0.001165697511167692 0.0002195858379403087 0 6.680372634240704e-05 0.0001903608007392671 0 -1.556118845635196e-05 7.210149825297856e-05 0 -3.006095310072176e-06 9.396401495260358e-05 0 3.008005871894814e-05 0.0001602519807651429 0 2.644782291907205e-05 0.0001683930530694613 0 1.148392391262659e-05 0.0001463703231464816 0 2.34370688853569e-06 0.0001293978978115437 0 0.0001067232907371526 0.0002948962117442568 0 0.0003993309503686828 0.0005468912681862307 0 2.590162170371113e-06 2.457860246001149e-06 0 -1.754852705926346e-06 1.514551816164146e-06 0 -9.35922349176721e-07 1.466080679000253e-06 0 3.143241031025589e-06 1.853893641246517e-06 0 6.726544945961921e-06 1.981707485909124e-06 0 1.836650940681417e-06 1.744843810834278e-06 0 -1.445657984677773e-05 1.244054484437866e-06 0 -6.113002086499675e-06 1.807096294799762e-06 0 4.842994522778754e-05 4.339085521653033e-06 0 0.0007241781772245047 -0.000500096458864667 0 0.0001543031625415233 -0.0003390149310510404 0 0.0003097495024369998 -0.0002725801322121663 0 0.0004021230788801081 -0.0001907106107906509 0 0.0003099842186723711 -0.0001051654887041162 0 0.0002531948978950551 -7.076213592376729e-05 0 0.000160520885200785 3.902431652565846e-05 0 0.0003953616717299393 0.0001489226198871096 0 0.001177622990833523 0.0001280158485253702 0 6.478932794015678e-05 0.0001858323555650049 0 -1.464176441440257e-05 6.974572411181516e-05 0 -3.191341477373765e-06 8.827144556068643e-05 0 2.959203015005102e-05 0.0001528718122000283 0 2.62794491496382e-05 0.0001636905003367314 0 9.918061947444821e-06 0.0001411879469288349 0 -2.016515551428455e-06 0.0001193731201068401 0 0.0001024099206686849 0.0002660241865731008 0 0.0003785826910316716 0.0005230495949193058 0 2.476849158244975e-06 2.332681136340761e-06 0 -1.809722456447282e-06 1.439372946050559e-06 0 -9.521366369502626e-07 1.393362946873651e-06 0 3.137838912328772e-06 1.760385992536501e-06 0 6.713477785580402e-06 1.883733357334327e-06 0 1.815072284930275e-06 1.658301763861163e-06 0 -1.447619458970484e-05 1.183162170591279e-06 0 -6.120183739286023e-06 1.716517868198541e-06 0 4.844497344722032e-05 4.116845834048824e-06 0 0.0005676800740140804 -0.0003124297885022109 0 0.0001253633741367596 -0.0004601781695266205 0 0.0003203720042625063 -0.000330280848010546 0 0.0004474404635904303 -0.000232617440162626 0 0.0002752701959547049 -0.0001381357456120141 0 0.0001747084326609929 -0.0001098495905497779 0 0.0001551667592426531 -2.38762145877494e-05 0 0.0004358781067317074 8.827469607091547e-05 0 0.001180447018930365 3.996853146345095e-05 0 6.38043837630428e-05 0.000181262737795694 0 -1.355035945318356e-05 6.740480766817546e-05 0 -3.447455576371937e-06 8.237830421917168e-05 0 2.84775047298888e-05 0.0001452335869673305 0 2.550658481377532e-05 0.000157844795425334 0 1.041889193707096e-05 0.0001382260909191732 0 -2.763443825708201e-06 0.0001136639041105711 0 9.182683592656726e-05 0.0002438978968319627 0 0.000360395983758227 0.0004966331757437491 0 2.37006535874773e-06 2.214896617862803e-06 0 -1.861623624407893e-06 1.368591807537727e-06 0 -9.694552282613065e-07 1.324750663136282e-06 0 3.132805864586307e-06 1.672158154526239e-06 0 6.70237165696641e-06 1.788278193329447e-06 0 1.794648600672577e-06 1.576890932150632e-06 0 -1.449592936475508e-05 1.126066513704865e-06 0 -6.126882854146087e-06 1.630965998145918e-06 0 4.845973266118242e-05 3.903536218565623e-06 0 0.0004505217200531028 -0.0002174157096480958 0 0.0001020610368782995 -0.0004603746923974236 0 0.0002929221510326735 -0.0003474837009715195 0 0.0004968708192250453 -0.0002578898437586643 0 0.0002998517458273827 -0.0001657253384364371 0 0.0001001939477550187 -0.0001363355564582558 0 0.0001271518370049088 -7.045322536878422e-05 0 0.0004674975398538047 2.805401477506964e-05 0 0.001148702296529906 -2.681003967491131e-05 0 6.30719488671702e-05 0.0001767027607361138 0 -1.246460499175484e-05 6.523569264444555e-05 0 -3.619985655123336e-06 7.687845802470393e-05 0 2.717808488059831e-05 0.0001373070707135979 0 2.41753526590352e-05 0.000150909558739247 0 1.026372068373832e-05 0.0001334465525411124 0 -1.182627650656021e-06 0.0001100065551140131 0 8.522932723044328e-05 0.0002270621516260798 0 0.0003397189232041547 0.0004730950233605493 0 2.269363552617753e-06 2.101336694058063e-06 0 -1.909786606871244e-06 1.299832029182275e-06 0 -9.859988269328433e-07 1.260139049511812e-06 0 3.126414156409684e-06 1.588859299142542e-06 0 6.692003358163556e-06 1.698244346010937e-06 0 1.776218350874048e-06 1.497372827160247e-06 0 -1.45147098949e-05 1.072437259083507e-06 0 -6.133943829603195e-06 1.550072248376888e-06 0 4.847357285812925e-05 3.70286276592767e-06 0 0.0003235737182585851 -0.0001949402975291933 0 3.980249450743349e-05 -0.000354373889334389 0 0.0002263799776034206 -0.000302213792334055 0 0.0004720617949654574 -0.0002444666726199307 0 0.000382109033228592 -0.0001856394936137762 0 6.053506257982371e-05 -0.0001522930915542411 0 6.503640906037332e-05 -0.0001047154066050326 0 0.0004403000588588598 -1.670332681744102e-05 0 0.001097319558715733 -7.130656381278133e-05 0 6.244573166328675e-05 0.0001721886629735825 0 -1.165394195028896e-05 6.317181045451674e-05 0 -3.600575350697077e-06 7.212401004105111e-05 0 2.594598287424671e-05 0.0001298011222305786 0 2.266347787240052e-05 0.0001436952560058269 0 9.495544020209077e-06 0.0001273647034532241 0 -4.375009485663166e-07 0.0001044612425683405 0 8.28505525702003e-05 0.0002140771858275408 0 0.0003201706532486373 0.0004526410457506013 0 2.174791051468005e-06 1.994358716890347e-06 0 -1.954976621587612e-06 1.234903495699394e-06 0 -1.00036104545842e-06 1.197098440731785e-06 0 3.120251408042507e-06 1.510427597710418e-06 0 6.680808244285963e-06 1.613278927668424e-06 0 1.759020497343889e-06 1.422259972259921e-06 0 -1.453185636700327e-05 1.019679593799311e-06 0 -6.140699179008058e-06 1.473962027943518e-06 0 4.848646372723753e-05 3.512071661613062e-06 0 0.0002178663430211572 -0.0002126042379684903 0 -5.059782697529324e-05 -0.0003009999008810326 0 0.0001694370754033586 -0.0002515177776849578 0 0.0004148645606177198 -0.0002147445305804574 0 0.0003914635819467771 -0.0001886143908041843 0 8.43190140530775e-05 -0.0001694166060549895 0 2.327366210912166e-06 -0.0001267415107388883 0 0.0003749705332024427 -5.123727915731096e-05 0 0.001045119349118877 -0.000102287026929937 0 6.157005659950669e-05 0.0001676183579830403 0 -1.123739851644628e-05 6.107218598366825e-05 0 -3.712594135694968e-06 6.79083840275929e-05 0 2.509095941643363e-05 0.0001232588087682965 0 2.12651238501102e-05 0.0001369216998363121 0 8.504342578159739e-06 0.0001212303906349549 0 -5.400215823611615e-07 9.78251967623661e-05 0 7.985907607854781e-05 0.0002004244954434894 0 0.0003057142464328588 0.0004333487195284854 0 2.082777713519057e-06 1.892442535679842e-06 0 -1.999747703693155e-06 1.173384933174023e-06 0 -1.013807708685754e-06 1.137542090024792e-06 0 3.11569039916637e-06 1.434034755882878e-06 0 6.670200018460415e-06 1.533294193818355e-06 0 1.741554910575372e-06 1.351498802256573e-06 0 -1.454781026634377e-05 9.695825621521337e-07 0 -6.146639938753307e-06 1.399931201361698e-06 0 4.84987238123652e-05 3.332101073682397e-06 0 0.0003446907074429599 -0.0002969805612386966 0 -0.0001647852583551434 -0.0002774767394028432 0 0.0001396305409038581 -0.0002107957039186731 0 0.0003572168596078368 -0.0001907116089661237 0 0.0003416421140293515 -0.0001816074431974235 0 0.0001383888273143868 -0.0001870179914777517 0 -2.625349749530576e-05 -0.0001494168700138382 0 0.0003182761965440025 -8.01518740535037e-05 0 0.0009994293200470752 -0.0001280144899682492 0 6.056041149976598e-05 0.0001630546118303461 0 -1.09704111427647e-05 5.901051107697757e-05 0 -4.150954709083997e-06 6.379689255370245e-05 0 2.438670460378628e-05 0.0001174255562163134 0 2.029105390045915e-05 0.0001311370922437646 0 7.607335561876648e-06 0.0001156611230660534 0 -9.36291112606236e-07 9.157720551472569e-05 0 7.594634482770145e-05 0.0001859807136042127 0 0.000292651556075503 0.0004138055862596343 0 1.99607200149221e-06 1.79656080388519e-06 0 -2.042095701162983e-06 1.115473076727415e-06 0 -1.028129059596483e-06 1.081339819610817e-06 0 3.111441896699873e-06 1.361959484209169e-06 0 6.661176592231977e-06 1.455380660712186e-06 0 1.725026098728377e-06 1.284939027569078e-06 0 -1.456385075528088e-05 9.225955427370757e-07 0 -6.152185049360104e-06 1.330012341084659e-06 0 4.851074938790056e-05 3.159351243981791e-06 0 0.001114579895093691 -0.0005665480427548898 0 -0.0002052976066227105 -0.0003045962127518759 0 0.0001300126998884307 -0.0001958793228389877 0 0.0003174612059950316 -0.0001778733304682173 0 0.0002778458509886533 -0.0001792077714637755 0 0.0001361828365622 -0.0002022810709521386 0 -1.096185329126781e-05 -0.0001754690762892017 0 0.000282833349716953 -0.0001086426466005985 0 0.0009518073013892875 -0.0001528588183794047 0 5.975725767635997e-05 0.0001584877006937796 0 -1.054436295044175e-05 5.700808252262489e-05 0 -4.673056529382046e-06 5.994694572195729e-05 0 2.34676050534996e-05 0.0001115506408855271 0 1.9603789598574e-05 0.0001259564585630313 0 7.043731533908081e-06 0.0001110845301041039 0 -1.315016006572801e-06 8.622845510544011e-05 0 7.193396158208797e-05 0.0001725348585326497 0 0.0002791737619573242 0.0003939797304499045 0 1.914302219588326e-06 1.704128744742239e-06 0 -2.081409290838332e-06 1.059227002921971e-06 0 -1.041808265003774e-06 1.028419940459283e-06 0 3.106106234940231e-06 1.293902601066238e-06 0 6.652753553895718e-06 1.381896211058442e-06 0 1.710106474914208e-06 1.219943910929673e-06 0 -1.457911229324482e-05 8.7846520545852e-07 0 -6.158011977480671e-06 1.263887519959046e-06 0 4.852202008552575e-05 2.996818638868401e-06 0 0.001464696125831492 -0.0007550814096133063 0 -1.59230341881672e-05 -0.0004192764521991979 0 0.0001338313847899716 -0.0002114862090237812 0 0.0002817222932125218 -0.0001773541741031948 0 0.0002375070105026245 -0.0001864908272123933 0 8.887978079010621e-05 -0.0002125374603723917 0 -6.274289263142258e-08 -0.0002107503595101118 0 0.000251127708868995 -0.000139471661937382 0 0.0009025349374425992 -0.0001780122135776746 0 5.916337058914366e-05 0.0001539773209865147 0 -1.008194282024061e-05 5.508819600589381e-05 0 -4.995101606966589e-06 5.640928614072254e-05 0 2.247427707167265e-05 0.0001058642956805189 0 1.882066584495134e-05 0.0001204932588401014 0 6.722449377792593e-06 0.0001070089202994742 0 -1.412638160898372e-06 8.204976882533742e-05 0 6.800516810324951e-05 0.0001607610410297722 0 0.0002657122819601787 0.0003741260633476836 0 1.837521317701873e-06 1.617058944713458e-06 0 -2.118292374481134e-06 1.006116750098748e-06 0 -1.053718284835248e-06 9.768015767266239e-07 0 3.100963036573034e-06 1.229828356189358e-06 0 6.64366750707801e-06 1.312540458448669e-06 0 1.696185555385976e-06 1.158554887850313e-06 0 -1.459305281942269e-05 8.350764833736992e-07 0 -6.163582645005161e-06 1.201674045745587e-06 0 4.853251909740786e-05 2.842271496100203e-06 0 0.001410580858051895 -0.0007470697023563011 0 0.0002435396422614949 -0.0005109772771429432 0 0.0001535569955457491 -0.0002572056263576427 0 0.0002447059275606441 -0.0001908544025835054 0 0.000218531269438299 -0.0002082734738652891 0 6.035661548182274e-05 -0.0002308351026417132 0 -2.252412515600655e-05 -0.0002404889432268062 0 0.0002079474496116881 -0.0001772238654364905 0 0.0008564542756359442 -0.0002039939081902447 0 5.855782823227517e-05 0.0001494740680411527 0 -9.715428895315514e-06 5.31922675124849e-05 0 -5.244000615391153e-06 5.317627094710008e-05 0 2.164580308365582e-05 0.0001005506553038021 0 1.802473542002886e-05 0.0001150390029796347 0 6.363114959509474e-06 0.0001025124944908987 0 -1.335677588198969e-06 7.848136980796726e-05 0 6.44940704422267e-05 0.0001507599880378393 0 0.000253032723835117 0.0003553344639929886 0 1.762837642221848e-06 1.534109611836185e-06 0 -2.15481150075969e-06 9.557877919908959e-07 0 -1.064869378300526e-06 9.280375337086462e-07 0 3.097114459560401e-06 1.16743599421279e-06 0 6.635056901890812e-06 1.247256601630796e-06 0 1.682053779872295e-06 1.100713535877491e-06 0 -1.460602430997104e-05 7.938853551761256e-07 0 -6.168491838279277e-06 1.14117263203331e-06 0 4.85425016454738e-05 2.696478225659542e-06 0 0.001218186819559506 -0.0006800862254561502 0 0.0002847631401299496 -0.0005151552467200989 0 0.0001469589426411691 -0.0002712017696849047 0 0.0002091003483199808 -0.0002147053360194856 0 0.0001959454416947323 -0.0002337024829802275 0 7.183623502808599e-05 -0.000263020584347233 0 -4.540657388308472e-05 -0.0002719686745907834 0 0.0001748769036857695 -0.0002182671786807727 0 0.0008222975042142186 -0.0002291620071587785 0 5.795826884057858e-05 0.0001450469845109478 0 -9.414968386627087e-06 5.137545043211455e-05 0 -5.56427882914684e-06 5.0105670371621e-05 0 2.092700403896752e-05 9.562166733520502e-05 0 1.733089253224545e-05 0.0001099208683433828 0 6.003844697607951e-06 9.794182865918016e-05 0 -1.267851162549405e-06 7.45048927885683e-05 0 6.143640735985222e-05 0.000142125053230753 0 0.0002406946889961861 0.0003377831501410327 0 1.692481570725324e-06 1.456076604821818e-06 0 -2.189337604499575e-06 9.084098584310335e-07 0 -1.076707237604446e-06 8.820066943280441e-07 0 3.093528044700866e-06 1.108572549917732e-06 0 6.627723151450549e-06 1.183680471047652e-06 0 1.668680420674473e-06 1.046312005133741e-06 0 -1.461905849720058e-05 7.55239121204461e-07 0 -6.173074394100198e-06 1.084035347358007e-06 0 4.855228978972725e-05 2.55652888306139e-06 0 0.0009741739159752834 -0.0005899934232985528 0 0.000204791573753367 -0.0004556852586395654 0 9.969959214427976e-05 -0.0002467737779949449 0 0.0001664266358106098 -0.0002216439952500496 0 0.0001648188611621803 -0.0002590285923098623 0 8.59562578809439e-05 -0.0002977466514266017 0 -3.848437946805949e-05 -0.0003109252092785356 0 0.0001629995317836141 -0.0002611285651741984 0 0.0007974434692416404 -0.0002516779259080851 0 5.739027024049408e-05 0.0001406605174651826 0 -9.122262299945949e-06 4.962263906591046e-05 0 -5.917773519978352e-06 4.728495493749873e-05 0 2.017664340381309e-05 9.087847798829041e-05 0 1.674656997470436e-05 0.0001051581178707003 0 5.66012373331981e-06 9.370366550025266e-05 0 -1.217695874515534e-06 7.050134107864507e-05 0 5.852847164328906e-05 0.0001334643770201579 0 0.0002291153059433489 0.0003213851007413114 0 1.626144261912543e-06 1.380859303778785e-06 0 -2.221385018597033e-06 8.624038372795004e-07 0 -1.087997367449356e-06 8.386604861488137e-07 0 3.089076144505154e-06 1.052978859205147e-06 0 6.620876288152e-06 1.123721654346099e-06 0 1.656603854260919e-06 9.932074521686385e-07 0 -1.463145970832802e-05 7.189462155592768e-07 0 -6.177877952540101e-06 1.029988969944613e-06 0 4.85614622271896e-05 2.424846875984273e-06 0 0.0007552605520739843 -0.0005168087385477581 0 7.823532826565365e-05 -0.0003575047416334228 0 6.449879033489786e-05 -0.0002081428964615731 0 0.0001132066013475944 -0.0002073678085863576 0 0.0001260887624569481 -0.0002683040514374346 0 7.442629216684869e-05 -0.0003217950083480789 0 -2.096075327868291e-05 -0.000347791866566291 0 0.0001651428481333483 -0.0002941199622784954 0 0.0007794469758979489 -0.000269151473332535 0 5.68788484143004e-05 0.0001363633066050335 0 -8.830448041251271e-06 4.793220582170048e-05 0 -6.241339992503479e-06 4.46783546208182e-05 0 1.940944716012638e-05 8.642765630705734e-05 0 1.618850453347781e-05 0.0001005384570132994 0 5.379693299806253e-06 8.980397228077613e-05 0 -1.209932315851536e-06 6.692577217542321e-05 0 5.570313111615682e-05 0.0001250045693554497 0 0.0002180280087366037 0.000305132431504318 0 1.563860942202511e-06 1.310015608144144e-06 0 -2.251451281395922e-06 8.189742865998342e-07 0 -1.097836037605715e-06 7.963876863621364e-07 0 3.084800140940036e-06 1.000632549675966e-06 0 6.613499562976854e-06 1.0671200318009e-06 0 1.645333608718547e-06 9.430532750360696e-07 0 -1.464279581683825e-05 6.832851590400646e-07 0 -6.182470643628646e-06 9.79141445867082e-07 0 4.857000781975651e-05 2.299622747032638e-06 0 0.000589797015580283 -0.0004788474057699915 0 -4.397845245786292e-06 -0.0002902925598293679 0 6.271081690963075e-05 -0.0001656353908542768 0 9.262940986527052e-05 -0.0001945351044775056 0 7.923794829722135e-05 -0.0002594882743219284 0 4.106890694189485e-05 -0.0003270253769801501 0 -2.395020727993802e-05 -0.0003656514244847128 0 0.0001639902746717256 -0.0003127598712368909 0 0.0007611257834167426 -0.0002820192554593494 0 5.640465217424117e-05 0.0001320770874125576 0 -8.535102825814322e-06 4.624047014691739e-05 0 -6.528870204629277e-06 4.224762069993809e-05 0 1.866577906498718e-05 8.221002368507396e-05 0 1.56554822930352e-05 9.61562841344521e-05 0 5.153899825152685e-06 8.602025241440797e-05 0 -1.186171913546141e-06 6.375518580734733e-05 0 5.293987805429778e-05 0.0001173065061510214 0 0.0002074308112905084 0.0002891521199389762 0 1.503274036585011e-06 1.242533591013645e-06 0 -2.281226678696457e-06 7.778278656549176e-07 0 -1.107051180795904e-06 7.56463039339704e-07 0 3.081586291073246e-06 9.496636302636779e-07 0 6.606519051224891e-06 1.013834380609972e-06 0 1.633895669636565e-06 8.957852867296293e-07 0 -1.465334996128553e-05 6.494368964306274e-07 0 -6.186529614968239e-06 9.297042336525034e-07 0 4.85781303106031e-05 2.181484516812493e-06 0 0.0004895053503800108 -0.0004772323775076651 0 -4.62086396068248e-05 -0.000273347165931366 0 7.13110264233263e-05 -0.0001558173236411026 0 0.0001205145174867153 -0.000191801569787077 0 6.692689796650857e-05 -0.0002556404583056865 0 -2.75127588305474e-06 -0.000316753185755303 0 -4.913275082603363e-05 -0.0003603390918358734 0 0.0001592359303477925 -0.0003107960038530865 0 0.0007377880432527795 -0.0002897547892379697 0 5.597204919725179e-05 0.0001278660481458388 0 -8.257280935897171e-06 4.460697520048545e-05 0 -6.785196065124676e-06 3.988580116683765e-05 0 1.797711936880886e-05 7.820568956803248e-05 0 1.513113822110279e-05 9.195610548767136e-05 0 4.962769903499308e-06 8.24295745191425e-05 0 -1.080702820649426e-06 6.073192746369748e-05 0 5.032588255186876e-05 0.0001103901779175576 0 0.0001970471040588783 0.000273756870839123 0 1.446196238083508e-06 1.179052213647925e-06 0 -2.30938112673329e-06 7.390960913185307e-07 0 -1.116828976230333e-06 7.187844191409998e-07 0 3.078587969176926e-06 9.015868880947464e-07 0 6.600581086688151e-06 9.61944446409811e-07 0 1.623078190682304e-06 8.513215484871189e-07 0 -1.466395345176008e-05 6.176650774155149e-07 0 -6.190323644378326e-06 8.830164536979128e-07 0 4.858609082353249e-05 2.068078289349864e-06 0 0.0004535272007471155 -0.0005091629885627668 0 -4.939183823906428e-05 -0.0003130711358466098 0 6.748158332919169e-05 -0.0001798268054282598 0 0.0001416071699055985 -0.0002023806238573219 0 0.0001052643214346505 -0.0002671729780952189 0 -1.410418220312154e-05 -0.0003137715036785477 0 -7.744096596200983e-05 -0.0003424387906557011 0 0.0001548743552495582 -0.0002995246096728215 0 0.0007117187119064436 -0.0002939386221907507 0 5.55484654944649e-05 0.0001237004265008945 0 -8.008062256953385e-06 4.303744700236838e-05 0 -7.031339723781448e-06 3.770139112206638e-05 0 1.734460631185736e-05 7.428499676749578e-05 0 1.467522690384165e-05 8.792588491365189e-05 0 4.746821761235364e-06 7.899173579603568e-05 0 -9.485896455413425e-07 5.792498766906545e-05 0 4.794237092216324e-05 0.000103870857681175 0 0.0001871757742101451 0.0002592595906102529 0 1.392384434570348e-06 1.117854641332662e-06 0 -2.335512315418398e-06 7.014793207450742e-07 0 -1.126156160685676e-06 6.83304247756783e-07 0 3.074879962608467e-06 8.561910691670324e-07 0 6.595036194712023e-06 9.130167066074071e-07 0 1.613316844298329e-06 8.079216784473431e-07 0 -1.467404039309783e-05 5.878222410797204e-07 0 -6.194293601755052e-06 8.388417973440378e-07 0 4.859355366475249e-05 1.961359952649261e-06 0 0.0004472532475333842 -0.0005405935912403125 0 -3.289143741117689e-05 -0.000376818905042306 0 6.243681709216381e-05 -0.0002186491667753865 0 0.0001349481679936773 -0.000223142173837676 0 0.000131767921380671 -0.0002803908865856714 0 2.366847970396157e-05 -0.0003302715105282863 0 -7.715525319114402e-05 -0.0003367120005197469 0 0.0001574229834793925 -0.0002916785957436523 0 0.0006889770454728758 -0.0002982659075822721 0 5.514633631465565e-05 0.0001196245371305263 0 -7.787492648222982e-06 4.152053566692376e-05 0 -7.285966039639879e-06 3.571318470117767e-05 0 1.673955386474746e-05 7.059348952615646e-05 0 1.430137475463833e-05 8.393887651629572e-05 0 4.578955200930378e-06 7.56906014694053e-05 0 -8.72235926624443e-07 5.530438623390504e-05 0 4.572905383286307e-05 9.784903791699993e-05 0 0.0001778327810178295 0.0002453077574339559 0 1.341873020629935e-06 1.060198837891241e-06 0 -2.360021288755343e-06 6.65948824796897e-07 0 -1.13429042424007e-06 6.486946741816879e-07 0 3.071318660091693e-06 8.134458934399083e-07 0 6.589052685287977e-06 8.668406490221561e-07 0 1.604206630492766e-06 7.669441444077552e-07 0 -1.4683259839679e-05 5.585090916927423e-07 0 -6.19808485803619e-06 7.972767790036596e-07 0 4.860051271862731e-05 1.859861770238391e-06 0 0.0004229608540491855 -0.0005522917860127304 0 -2.072732542574007e-05 -0.000427861207869959 0 6.243851003859269e-05 -0.000258209280656757 0 0.0001261042880495097 -0.0002443791787443416 0 0.0001232549448467387 -0.0002888368664692512 0 5.733159621115757e-05 -0.0003461391836821759 0 -4.408800773678805e-05 -0.0003505757202331428 0 0.0001697759558647316 -0.0002972829156759962 0 0.0006677985274399015 -0.0003037344304032268 0 5.475947369899119e-05 0.0001155664857508676 0 -7.580389973678436e-06 3.999457929940858e-05 0 -7.544058971277467e-06 3.386840360904141e-05 0 1.611557903429678e-05 6.716022766710406e-05 0 1.396753147085705e-05 8.015276829938939e-05 0 4.497818751433846e-06 7.240115047451449e-05 0 -7.884306656366636e-07 5.283587220158286e-05 0 4.355003910325866e-05 9.227143185169816e-05 0 0.0001690509369657242 0.0002320345481072253 0 1.292747763434465e-06 1.005263895932987e-06 0 -2.384286581363915e-06 6.322638157179455e-07 0 -1.141904551527073e-06 6.159806797073966e-07 0 3.068632049310626e-06 7.718135760156897e-07 0 6.583390095071806e-06 8.233670975420909e-07 0 1.59495255462605e-06 7.28337109615583e-07 0 -1.469184789883171e-05 5.306994013158302e-07 0 -6.201435094665975e-06 7.568692488519115e-07 0 4.8607142746529e-05 1.76409596519024e-06 0 0.0003936674977004506 -0.0005527442162982578 0 -3.001287426758481e-05 -0.0004324564100605111 0 5.974450411079523e-05 -0.000270467340870481 0 0.0001238729867842764 -0.0002600773559107288 0 0.0001116954573645371 -0.0002932790938554239 0 5.029783446081764e-05 -0.0003464621680024232 0 -1.591726162201296e-05 -0.0003629948098867741 0 0.0001822103802742517 -0.0003048439480372241 0 0.0006428762276907696 -0.000304557455130916 0 5.439879408428854e-05 0.0001115893536710391 0 -7.388287551701733e-06 3.851093112706288e-05 0 -7.791922923362782e-06 3.205702108592667e-05 0 1.550091883039534e-05 6.394322625517118e-05 0 1.359705220352336e-05 7.661339035706233e-05 0 4.449634094974563e-06 6.927726633853408e-05 0 -6.232935391981e-07 5.038119831633769e-05 0 4.146582810757304e-05 8.710256380216329e-05 0 0.0001605423270457165 0.0002193968959120704 0 1.246454173459144e-06 9.535803269407339e-07 0 -2.407259392545047e-06 6.005658589672279e-07 0 -1.149970739716677e-06 5.85075663079096e-07 0 3.066130364132169e-06 7.325083124024023e-07 0 6.578580609609141e-06 7.810171709253175e-07 0 1.58619629558876e-06 6.920194410859476e-07 0 -1.470048383807321e-05 5.046058629562879e-07 0 -6.204568072057381e-06 7.187188522245201e-07 0 4.861365536330819e-05 1.672160564222813e-06 0 0.0003704023267884215 -0.0005449956163302362 0 -4.180518453479608e-05 -0.0004032917602907609 0 5.08943838493786e-05 -0.0002513714157310609 0 0.0001208440099268182 -0.0002585817067309315 0 0.0001090957763137737 -0.0002936869208855566 0 3.351299522281331e-05 -0.0003383688716206909 0 -2.033970842912209e-05 -0.0003565076023720956 0 0.0001785477484195427 -0.0002976819492135768 0 0.0006152881112544764 -0.0002993043872198813 0 5.405588989791654e-05 0.0001076704753744384 0 -7.205916266316004e-06 3.707989607630579e-05 0 -8.0291358833251e-06 3.0359807094614e-05 0 1.492148677606497e-05 6.077799455024568e-05 0 1.324177828117973e-05 7.327651117677163e-05 0 4.343889042066062e-06 6.638010225683276e-05 0 -4.47279407338186e-07 4.808333570484323e-05 0 3.955156403677439e-05 8.211896855578325e-05 0 0.0001524325766255607 0.0002074654595324854 0 1.202781487533166e-06 9.037646940294672e-07 0 -2.428629554893091e-06 5.69820128948871e-07 0 -1.157698340484292e-06 5.560031268196305e-07 0 3.063054928809094e-06 6.953556849521869e-07 0 6.57409592874636e-06 7.410413566267399e-07 0 1.578297222609715e-06 6.56556404977568e-07 0 -1.470871261331774e-05 4.801004687415843e-07 0 -6.207848092062984e-06 6.826309994515874e-07 0 4.861977396584949e-05 1.585646908807033e-06 0 0.0003444381066506352 -0.0005355677715757691 0 -3.968612887686462e-05 -0.0003699908012078714 0 4.275061400365459e-05 -0.0002225899122638431 0 0.0001130554934158645 -0.0002426905386092512 0 0.0001075348430845877 -0.0002883538801281907 0 2.720850200787355e-05 -0.0003285298324922012 0 -3.263939430111357e-05 -0.000340032582200625 0 0.0001678466141325704 -0.0002798065172899197 0 0.0005917981142001469 -0.0002937367611999807 0 5.373635035365448e-05 0.0001038582618481526 0 -7.043113227654663e-06 3.570274008670576e-05 0 -8.256632783455731e-06 2.879852356067747e-05 0 1.436865872531806e-05 5.777348252800767e-05 0 1.294239330688895e-05 6.996053735237177e-05 0 4.245024356412662e-06 6.365374868225886e-05 0 -3.477587008707262e-07 4.601540001598208e-05 0 3.775423409058814e-05 7.746622981340266e-05 0 0.000144743908282792 0.0001959585694602389 0 1.161844821101487e-06 8.568097650835799e-07 0 -2.448606226557182e-06 5.407744795874954e-07 0 -1.164500142425418e-06 5.27719761556078e-07 0 3.060074278499191e-06 6.604187606749912e-07 0 6.569257741090295e-06 7.032668700879957e-07 0 1.570928132049732e-06 6.230284568991064e-07 0 -1.471624548406159e-05 4.560225666987507e-07 0 -6.210991823824008e-06 6.486787820373165e-07 0 4.862548695847013e-05 1.503367624393522e-06 0 0.0003144784678897893 -0.0005295981667516255 0 -3.156683432485596e-05 -0.0003436051471948364 0 3.838770781593864e-05 -0.0001998864326873961 0 0.0001029440451319474 -0.0002273843717746429 0 0.0001028517562388434 -0.0002797889765308453 0 2.716545784835905e-05 -0.0003203821301431264 0 -3.157773390852214e-05 -0.000325287353203918 0 0.0001677086811212105 -0.0002653979065822126 0 0.0005741964761699428 -0.0002903593940746171 0 5.342325367902605e-05 0.0001000907778267723 0 -6.898203540176007e-06 3.433362915435111e-05 0 -8.480301531568757e-06 2.734580549827725e-05 0 1.381955156432024e-05 5.495721951054993e-05 0 1.267355104223044e-05 6.678330397202197e-05 0 4.211666144428305e-06 6.091890770773544e-05 0 -2.642523726503756e-07 4.410701753932571e-05 0 3.596597330474127e-05 7.321074785409525e-05 0 0.0001375004927935685 0.0001850315703963226 0 1.122143633541794e-06 8.120301282612055e-07 0 -2.468234198443886e-06 5.131879986849246e-07 0 -1.17078998852771e-06 5.009992279847095e-07 0 3.057768366621083e-06 6.264966048354775e-07 0 6.5646660417501e-06 6.6775820576747e-07 0 1.563446004895775e-06 5.913900457685596e-07 0 -1.472327232200643e-05 4.331455986297111e-07 0 -6.213785150088746e-06 6.156652736693037e-07 0 4.863093875896729e-05 1.425728926134941e-06 0 0.000283345887051728 -0.0005241806014766244 0 -2.842899094134682e-05 -0.0003292972597362456 0 3.471106556371394e-05 -0.0001874920441273173 0 9.299668207364553e-05 -0.0002172472998968819 0 9.470140450545254e-05 -0.0002720716641026744 0 2.728733463631255e-05 -0.0003153575228619851 0 -2.123470189493993e-05 -0.0003169170980561395 0 0.0001766807374581416 -0.0002561518219408795 0 0.000558387677062365 -0.0002882944107550772 0 5.312417228829635e-05 9.642785808318398e-05 0 -6.771232553645645e-06 3.30150740579238e-05 0 -8.702592504974958e-06 2.592866922507958e-05 0 1.328975797457166e-05 5.231357348135789e-05 0 1.238500921115632e-05 6.37858456512541e-05 0 4.202274728769272e-06 5.828909704031632e-05 0 -1.142779809670815e-07 4.218161213144499e-05 0 3.424910171324901e-05 6.93120679284842e-05 0 0.0001305014901710269 0.0001747155024650059 0 1.084795753183987e-06 7.698605109475107e-07 0 -2.486757151767827e-06 4.871460900892146e-07 0 -1.177277332245485e-06 4.756990143097578e-07 0 3.055699479517781e-06 5.944992547551875e-07 0 6.56074639666937e-06 6.332898947651946e-07 0 1.556364268823218e-06 5.616769906020834e-07 0 -1.473033603377472e-05 4.116333999076848e-07 0 -6.216402296158052e-06 5.844692081528878e-07 0 4.863630033315192e-05 1.35118627201964e-06 0 0.0002552467918674611 -0.0005173013382172783 0 -2.714056108206464e-05 -0.0003207191810755266 0 2.976730559765828e-05 -0.0001831557022892796 0 8.467504915583846e-05 -0.0002122263535511357 0 8.47007802754207e-05 -0.0002660937956671036 0 2.467912076635492e-05 -0.0003112939011476329 0 -1.134258990759946e-05 -0.0003131836848709879 0 0.0001829154930290053 -0.000251120499483233 0 0.0005413705430602558 -0.0002869920810568693 0 5.283727506430468e-05 9.283847869779453e-05 0 -6.653617838303649e-06 3.174807631143444e-05 0 -8.920778480664414e-06 2.460757790140322e-05 0 1.278297927163885e-05 4.973191668518339e-05 0 1.210923677532477e-05 6.095336801303918e-05 0 4.149908949854785e-06 5.581809412509575e-05 0 4.101154877506041e-08 4.034168614559102e-05 0 3.268044723563762e-05 6.553320030359965e-05 0 0.0001238521572003298 0.0001650704717912204 0 1.049543214198811e-06 7.292009853504186e-07 0 -2.504053748145219e-06 4.61819642553693e-07 0 -1.183452882566605e-06 4.517561287675081e-07 0 3.05331778106821e-06 5.641936899544731e-07 0 6.557157858827489e-06 6.007929857212643e-07 0 1.549970913644616e-06 5.327863070378468e-07 0 -1.473707080129616e-05 3.914643470145918e-07 0 -6.219129012899338e-06 5.549243789759738e-07 0 4.864137024818138e-05 1.281013729534548e-06 0 0.0002301378769230255 -0.0005089441087060552 0 -2.337711636164058e-05 -0.0003088688365239858 0 2.684821861943798e-05 -0.0001804222876987255 0 7.791177017841405e-05 -0.0002105809894239405 0 7.631171144779901e-05 -0.0002613872801373249 0 1.844909724236371e-05 -0.0003057587260796024 0 -5.199909406186647e-06 -0.0003087564963935099 0 0.0001843878117822328 -0.0002470097703331577 0 0.0005221956832534291 -0.000284497288143351 0 5.257031807708034e-05 8.936539854746682e-05 0 -6.547791226947652e-06 3.053009177303444e-05 0 -9.131593519132173e-06 2.339191473819252e-05 0 1.229503608357607e-05 4.729626279102032e-05 0 1.186739492029659e-05 5.816419177957083e-05 0 4.096372681075543e-06 5.34814514389706e-05 0 1.304925515976938e-07 3.865074849062482e-05 0 3.121085272301399e-05 6.198111435985058e-05 0 0.0001175851515670401 0.0001558233667429687 0 1.016369128206684e-06 6.910076402934922e-07 0 -2.520339172917829e-06 4.380448659071709e-07 0 -1.188992637041197e-06 4.283163870782286e-07 0 3.051014403843144e-06 5.354922160251753e-07 0 6.553393039676614e-06 5.700246619184251e-07 0 1.544041500961546e-06 5.055201184097495e-07 0 -1.474324359443391e-05 3.717603720126278e-07 0 -6.221731674471709e-06 5.271598583324668e-07 0 4.86461415433459e-05 1.214253059876255e-06 0 0.0002082818116477189 -0.0005005283415253843 0 -1.821182292566225e-05 -0.0002948346509843574 0 2.708254447805064e-05 -0.000174284838302341 0 7.413241222860301e-05 -0.0002080806253362266 0 7.049742273903396e-05 -0.0002571775645424864 0 1.177504153034025e-05 -0.000298281063312221 0 -3.677636692893396e-06 -0.0002998337590357363 0 0.0001819529289569799 -0.0002390941483038228 0 0.0005016835975834438 -0.0002794965460154938 0 5.231525483333915e-05 8.594506709614506e-05 0 -6.449171118715069e-06 2.93182628808078e-05 0 -9.333867020337725e-06 2.22537903552325e-05 0 1.181257467065128e-05 4.501253065068016e-05 0 1.164150923515378e-05 5.55092827919032e-05 0 4.082955553777467e-06 5.11610312166691e-05 0 1.967065189900638e-07 3.707011711080038e-05 0 2.973963141558733e-05 5.870192099062532e-05 0 0.000111707759588589 0.0001470907091481871 0 9.840298883512231e-07 6.547908365985704e-07 0 -2.536439940456492e-06 4.157625235010759e-07 0 -1.194199704276921e-06 4.06325210556939e-07 0 3.049117884942886e-06 5.073982792059075e-07 0 6.549795052088192e-06 5.408586263725214e-07 0 1.538077908036506e-06 4.79733905962322e-07 0 -1.474900734196871e-05 3.530951704832849e-07 0 -6.224039840824203e-06 5.002479983792773e-07 0 4.865075010636322e-05 1.151290308283072e-06 0 0.0001893774516563556 -0.0004921527226298058 0 -1.393708550251338e-05 -0.0002810661046054457 0 2.79248634292989e-05 -0.0001660813445547304 0 7.301231663585372e-05 -0.0002029071824807757 0 6.736388103188716e-05 -0.000251842878012283 0 7.868316490501622e-06 -0.000289410484466332 0 -3.27633751420753e-06 -0.0002868753571974233 0 0.0001775275157287273 -0.0002272427381847242 0 0.000480995298100681 -0.0002724840970281111 0 5.207608428754034e-05 8.26338394242787e-05 0 -6.362037722189295e-06 2.815350067882777e-05 0 -9.527836258731158e-06 2.113321276037832e-05 0 1.135279903862613e-05 4.286341805423421e-05 0 1.13997433796309e-05 5.300313709803022e-05 0 4.078553693817598e-06 4.894254677596105e-05 0 3.046859648747622e-07 3.548739637707076e-05 0 2.83191059593374e-05 5.567484672243383e-05 0 0.0001060362775079995 0.0001388658808272949 0 9.537984036050993e-07 6.208705177913192e-07 0 -2.55129227470785e-06 3.949182031158863e-07 0 -1.199575099919414e-06 3.858823438259232e-07 0 3.047384161763977e-06 4.810497847181071e-07 0 6.546598219261957e-06 5.122716288594175e-07 0 1.53238561481639e-06 4.552801222360708e-07 0 -1.475479302230631e-05 3.354935472783122e-07 0 -6.226211096638234e-06 4.748518122174236e-07 0 4.865532277588402e-05 1.090890888402578e-06 0 0.0001729832953992483 -0.0004838775211022869 0 -1.015177847395188e-05 -0.000268250578195725 0 2.713947978751768e-05 -0.0001578223242984789 0 7.147290502037412e-05 -0.0001963075737219169 0 6.602792148008989e-05 -0.0002449374485000016 0 6.520902717625786e-06 -0.000279438822710934 0 -7.413676193432388e-07 -0.0002723648122543373 0 0.0001744146963372009 -0.0002152265831411107 0 0.0004623905529826597 -0.0002653866712340885 0 5.184484433698455e-05 7.940503568236444e-05 0 -6.285099977368369e-06 2.704004549367727e-05 0 -9.716087357440615e-06 2.008453740596355e-05 0 1.091905571982965e-05 4.075714818581322e-05 0 1.117001992131244e-05 5.063012856811738e-05 0 4.039323914038772e-06 4.685290638315603e-05 0 4.077813195238475e-07 3.397745568226029e-05 0 2.701096428852495e-05 5.274306534387013e-05 0 0.0001006548779338284 0.0001311961196008918 0 9.257169109322393e-07 5.882152487131017e-07 0 -2.564537504745612e-06 3.746009094611133e-07 0 -1.204242843541592e-06 3.666975728058505e-07 0 3.045485420571925e-06 4.565337838047245e-07 0 6.543695854899223e-06 4.854730567124473e-07 0 1.527122897720945e-06 4.312262250633775e-07 0 -1.476037788587792e-05 3.188027426883136e-07 0 -6.228485133638606e-06 4.507552198180358e-07 0 4.865968141121169e-05 1.034020032207247e-06 0 0.0001585781841089914 -0.0004754070695652535 0 -6.208570368829158e-06 -0.000256485505120009 0 2.618436330308754e-05 -0.0001501840637239751 0 6.80838074875456e-05 -0.0001894417556225769 0 6.39532507824697e-05 -0.0002371193003990954 0 6.207139282503325e-06 -0.0002692186417442843 0 2.84160311021103e-06 -0.0002581016022362506 0 0.0001719133956315996 -0.0002037132720092844 0 0.000445054390763748 -0.0002585166968969502 0 5.162823324257603e-05 7.629687099437037e-05 0 -6.217882224442139e-06 2.597459474609764e-05 0 -9.90203994449129e-06 1.912189783841861e-05 0 1.050456439571218e-05 3.87674888164477e-05 0 1.09704097878277e-05 4.828931547385534e-05 0 3.998359200459155e-06 4.486939769715592e-05 0 4.578322071319139e-07 3.257879298203258e-05 0 2.57773735042946e-05 4.998978504548029e-05 0 9.558670461129458e-05 0.0001238664537845241 0 8.987087898176814e-07 5.573124757744101e-07 0 -2.57773904571712e-06 3.550766287940821e-07 0 -1.207735174826863e-06 3.477513319865774e-07 0 3.044103060623193e-06 4.334552083070167e-07 0 6.540821750222747e-06 4.605772997920421e-07 0 1.52228259753251e-06 4.086555537149636e-07 0 -1.476561509976271e-05 3.022571594046494e-07 0 -6.230710249716109e-06 4.279573223341451e-07 0 4.866380062532039e-05 9.798663382206904e-07 0 0.000145505978840596 -0.0004661779885187026 0 -2.805667094860076e-06 -0.0002452708578870171 0 2.620657026734807e-05 -0.0001433279757114964 0 6.491570580224175e-05 -0.0001828762251445681 0 6.011775494427912e-05 -0.0002290541928895579 0 5.438296522462803e-06 -0.0002589696232544458 0 5.705155685875592e-06 -0.0002452358728519191 0 0.0001677709519885412 -0.0001941687642782047 0 0.0004270486904746005 -0.00025229517292015 0 5.142273265217045e-05 7.324753911078923e-05 0 -6.154177480149903e-06 2.491742282956927e-05 0 -1.008115078474786e-05 1.822067843017943e-05 0 1.00921720844957e-05 3.690560567588125e-05 0 1.078316812842816e-05 4.606085708223906e-05 0 3.989516625030331e-06 4.289632093205931e-05 0 4.88686298823204e-07 3.125816140515241e-05 0 2.454230990774769e-05 4.743590420156623e-05 0 9.083556136286335e-05 0.0001169783267221253 0 8.710449098531247e-07 5.276278908653355e-07 0 -2.592549331228988e-06 3.361460981206668e-07 0 -1.211907733625339e-06 3.292726935338539e-07 0 3.043596191007469e-06 4.106278236994457e-07 0 6.53843991385572e-06 4.371531644124099e-07 0 1.517616294396951e-06 3.877818393061006e-07 0 -1.477049497680682e-05 2.866669241178774e-07 0 -6.232755560400816e-06 4.056722980256069e-07 0 4.866780674869786e-05 9.286458922752941e-07 0 0.0001334685801199706 -0.0004560901825678629 0 -3.60465847094871e-07 -0.0002339294812843742 0 2.644654095079746e-05 -0.0001368182070809673 0 6.302257424313505e-05 -0.000176702227980316 0 5.658585517891861e-05 -0.0002211573709099135 0 3.539075180122862e-06 -0.0002486234101875053 0 7.321936070413256e-06 -0.0002334391632421301 0 0.0001622604426057203 -0.0001860517114421756 0 0.0004084695521021434 -0.0002466541576234063 0 5.12309627867663e-05 7.030702811278848e-05 0 -6.09860236662485e-06 2.390330750506875e-05 0 -1.025085951239513e-05 1.733032361221631e-05 0 9.699382986026737e-06 3.515638759726825e-05 0 1.057957289493649e-05 4.396190980415077e-05 0 3.984955625230268e-06 4.100890965633153e-05 0 5.518700605389168e-07 2.992922556461358e-05 0 2.335073529527442e-05 4.506371304736911e-05 0 8.62520231647637e-05 0.0001104971927869264 0 8.444988650185835e-07 5.000554630912173e-07 0 -2.606774529456679e-06 3.189363732827508e-07 0 -1.21822883905609e-06 3.112057683132136e-07 0 3.042193321436959e-06 3.883346307723481e-07 0 6.536710551813263e-06 4.139695066037938e-07 0 1.513378451417635e-06 3.682323268831486e-07 0 -1.477520725320924e-05 2.723926101986379e-07 0 -6.234626498943796e-06 3.847350763322432e-07 0 4.86718037712025e-05 8.793780583663674e-07 0 0.0001231152240113095 -0.0004454148816340694 0 1.508542211876851e-06 -0.0002225369580572401 0 2.613515794152449e-05 -0.0001302170947186168 0 6.142308728840361e-05 -0.0001706650482133643 0 5.445212498764867e-05 -0.0002134871761412943 0 1.975607046733606e-06 -0.0002383816012700365 0 7.993058468262758e-06 -0.0002218592711734288 0 0.000156627367449029 -0.0001781616633668298 0 0.0003910014309556689 -0.000240640195452002 0 5.104525950731797e-05 6.744936073312806e-05 0 -6.051781506713483e-06 2.293516142858054e-05 0 -1.041505475397192e-05 1.649444512254183e-05 0 9.331909621795864e-06 3.344175205841071e-05 0 1.038531265981635e-05 4.197954568718743e-05 0 3.949016118505454e-06 3.923348035635848e-05 0 6.084709756395965e-07 2.865610298521254e-05 0 2.224826459968493e-05 4.275575389256491e-05 0 8.190924672083626e-05 0.0001044587841508015 0 8.202157499720418e-07 4.742535740873827e-07 0 -2.618489677849722e-06 3.035963938285285e-07 0 -1.224040617128774e-06 2.950808132839988e-07 0 3.038714667197295e-06 3.665349823864239e-07 0 6.534279566899892e-06 3.913066235821869e-07 0 1.50958350063346e-06 3.488465642551702e-07 0 -1.477968130733642e-05 2.591478202654262e-07 0 -6.236409043278157e-06 3.652115539059044e-07 0 4.867579741338335e-05 8.331081669003469e-07 0 0.0001143087339814594 -0.0004342043760027295 0 3.308730143945781e-06 -0.0002112900745577795 0 2.55330522471453e-05 -0.0001235768612234955 0 5.941610375625322e-05 -0.0001645860537709473 0 5.272184795725165e-05 -0.0002060816950189351 0 1.952553839369707e-06 -0.0002283327623881642 0 8.960885012301854e-06 -0.0002106333624208034 0 0.0001511301602599782 -0.0001702364356077762 0 0.0003746631261781971 -0.0002341875307614246 0 5.087150653397542e-05 6.470796102900354e-05 0 -6.011786841772504e-06 2.201006435827157e-05 0 -1.057889525166167e-05 1.572521004152005e-05 0 8.982334149039428e-06 3.182124808358971e-05 0 1.021898576306079e-05 4.002718922030413e-05 0 3.911394234591691e-06 3.755185716399628e-05 0 6.202927361614871e-07 2.747393311659796e-05 0 2.120433487432655e-05 4.058096543333583e-05 0 7.781668228820647e-05 9.86870525193084e-05 0 7.981518269778442e-07 4.499357355008254e-07 0 -2.628800498963302e-06 2.892934590596751e-07 0 -1.226985280891602e-06 2.813055759850677e-07 0 3.036107274492772e-06 3.471014532619582e-07 0 6.530287057451845e-06 3.69150535109615e-07 0 1.505436979964969e-06 3.298417968053066e-07 0 -1.478396681003913e-05 2.459226555468624e-07 0 -6.23814350800278e-06 3.469506088243229e-07 0 4.867977657249667e-05 7.892776252441461e-07 0 0.000106582653982161 -0.0004227901744665308 0 4.790157931720828e-06 -0.0002006356280296606 0 2.497578148721868e-05 -0.0001169262145791008 0 5.725056932240347e-05 -0.0001584132823868392 0 5.065913928768011e-05 -0.0001988502253763777 0 2.594972240969882e-06 -0.0002188149610414178 0 1.080333819788309e-05 -0.0001998053714793793 0 0.0001462781833319187 -0.0001627433438376388 0 0.0003592970829434591 -0.0002277051268962937 0 5.070815432949016e-05 6.202664052874089e-05 0 -5.972648478957954e-06 2.109391539113075e-05 0 -1.073645387846683e-05 1.500224239932984e-05 0 8.633266778829141e-06 3.030306093584206e-05 0 1.006350979297632e-05 3.817004087528636e-05 0 3.903217313028228e-06 3.588316121774792e-05 0 6.185544298917265e-07 2.635652674591593e-05 0 2.015794130841991e-05 3.855732261709432e-05 0 7.397689954716928e-05 9.326973200068225e-05 0 7.769208541646976e-07 4.259193941112682e-07 0 -2.639688104544291e-06 2.745459707804986e-07 0 -1.22926057181949e-06 2.685972647926277e-07 0 3.036677445625302e-06 3.30468028246142e-07 0 6.527621020893659e-06 3.494240724856434e-07 0 1.500367471291009e-06 3.11235401484998e-07 0 -1.478842138340208e-05 2.328465660110523e-07 0 -6.239898745208361e-06 3.29020353343444e-07 0 4.868368481598939e-05 7.478268629398238e-07 0 9.955947970928523e-05 -0.0004112567539489576 0 5.836518099225362e-06 -0.0001907167165459897 0 2.436998808167528e-05 -0.0001106353100824159 0 5.518173702136198e-05 -0.0001520830441047727 0 4.847870608333526e-05 -0.0001916324396531652 0 2.932759148165097e-06 -0.0002097769750538103 0 1.266645862659649e-05 -0.0001898104122720901 0 0.0001420333232330997 -0.0001556409299692321 0 0.0003448131297804288 -0.0002213805835134391 0 5.055662600054327e-05 5.944944666155111e-05 0 -5.93923992061457e-06 2.021695418225749e-05 0 -1.088441930170714e-05 1.428546459219387e-05 0 8.301170234030486e-06 2.887496662460492e-05 0 9.89241635270671e-06 3.641987578652944e-05 0 3.898715037732591e-06 3.428853427839967e-05 0 6.471716615177868e-07 2.523410897510569e-05 0 1.915078866476793e-05 3.667170474599967e-05 0 7.026880898635539e-05 8.816942821875809e-05 0 7.548317901701073e-07 3.997456475453298e-07 0 -2.653303495137038e-06 2.569928495756851e-07 0 -1.233434820932522e-06 2.550691420759657e-07 0 3.03724198928712e-06 3.151098733151711e-07 0 6.528238415209886e-06 3.3253026226511e-07 0 1.496692050365067e-06 2.946006023955838e-07 0 -1.479332724507731e-05 2.199604200673471e-07 0 -6.241743085541596e-06 3.116307973590262e-07 0 4.868749611054712e-05 7.078159551228771e-07 0 9.327354687817256e-05 -0.0003993494109353693 0 6.530587031650103e-06 -0.0001813037351458546 0 2.360259670061704e-05 -0.0001048389284225362 0 5.319469865427973e-05 -0.0001459461104361889 0 4.643316036898048e-05 -0.0001842656979496871 0 3.100363747260414e-06 -0.0002010768047449041 0 1.383988504019551e-05 -0.0001805571452390756 0 0.0001375972605833428 -0.0001491621104724589 0 0.0003310367805724745 -0.0002152369495432085 0 5.040942846207263e-05 5.695273924084809e-05 0 -5.913586750248834e-06 1.938166020987869e-05 0 -1.10274896261836e-05 1.361118154426244e-05 0 7.99232711510417e-06 2.747429809050322e-05 0 9.728501001900201e-06 3.476688483296935e-05 0 3.866061324228619e-06 3.27868577557136e-05 0 6.718972217351068e-07 2.415817132553344e-05 0 1.821978537561858e-05 3.483398096443961e-05 0 6.675838424941709e-05 8.341667562800774e-05 0 7.307046311633145e-07 3.702136974030601e-07 0 -2.670265999010768e-06 2.358453552739684e-07 0 -1.241348252800645e-06 2.391026040857863e-07 0 3.034771573776073e-06 2.98876884670049e-07 0 6.528240655959139e-06 3.16942859014159e-07 0 1.495949224494808e-06 2.803484926193824e-07 0 -1.479717653396495e-05 2.08281945440758e-07 0 -6.243659077184716e-06 2.946390624935374e-07 0 4.869149188500843e-05 6.696140301635373e-07 0 8.759613498490747e-05 -0.0003869555720243251 0 7.066927653273657e-06 -0.0001720183505455747 0 2.274923227162106e-05 -9.941117107302444e-05 0 5.118909312452902e-05 -0.000140126524189238 0 4.450402974477685e-05 -0.0001770892926240136 0 3.418120736065065e-06 -0.000192383395599155 0 1.466244647167769e-05 -0.0001718913908933667 0 0.0001327375190172189 -0.0001431804290000782 0 0.000317558197680895 -0.0002093482681455316 0 5.027173577180216e-05 5.456502426797599e-05 0 -5.892753785055604e-06 1.858489501269794e-05 0 -1.117165297815498e-05 1.299032544758993e-05 0 7.699206150860172e-06 2.615035069318538e-05 0 9.589466053824823e-06 3.314066006457338e-05 0 3.831279274869869e-06 3.136452229009212e-05 0 6.584300886111615e-07 2.315506979031628e-05 0 1.733862974368644e-05 3.309947150763325e-05 0 6.344981893111056e-05 7.887078282564629e-05 0 7.128817449270073e-07 3.41941769203477e-07 0 -2.680477105748702e-06 2.174849547519758e-07 0 -1.252700839296517e-06 2.204568509377169e-07 0 3.028833525334229e-06 2.810521034070715e-07 0 6.524281369851836e-06 3.005063683265627e-07 0 1.494132374463275e-06 2.673102433292662e-07 0 -1.479877589564971e-05 1.982742857510947e-07 0 -6.244597185192657e-06 2.78838549023011e-07 0 4.86957757408063e-05 6.328003583277661e-07 0 8.248243524779096e-05 -0.0003743681972476695 0 7.329888895166169e-06 -0.0001631156244961962 0 2.192313276756785e-05 -9.405464700933813e-05 0 4.924074967355141e-05 -0.0001345191348322353 0 4.262091093969188e-05 -0.0001702183470226951 0 3.74091276741234e-06 -0.000184007265553697 0 1.546414905418541e-05 -0.000163444873853967 0 0.0001279871121522072 -0.0001375209658156726 0 0.0003044316721221296 -0.0002035817992677574 0 5.014356718198442e-05 5.223538194602805e-05 0 -5.87096488159633e-06 1.779679209441137e-05 0 -1.131020471405175e-05 1.240534813395921e-05 0 7.405386057750262e-06 2.490997809771744e-05 0 9.459637827821664e-06 3.159534308512512e-05 0 3.822396213749856e-06 2.995595722931482e-05 0 6.3481464732118e-07 2.220492377190408e-05 0 1.645388961570709e-05 3.147989657675126e-05 0 6.034489445192608e-05 7.460604866497965e-05 0 7.061120845114342e-07 3.18873542673112e-07 0 -2.677504446685353e-06 2.068871930967567e-07 0 -1.256885018979803e-06 2.069664509418354e-07 0 3.020996121289032e-06 2.618539896867902e-07 0 6.518066085536844e-06 2.829247564830814e-07 0 1.487801456090399e-06 2.535714740308295e-07 0 -1.480177337614963e-05 1.892798943302007e-07 0 -6.244001225411133e-06 2.64348109244375e-07 0 4.870114840863082e-05 5.981367141791316e-07 0 7.778668984864677e-05 -0.000361714082374509 0 7.325693882176409e-06 -0.0001546860123984583 0 2.10193635936523e-05 -8.896834627939582e-05 0 4.742250201100751e-05 -0.0001289180599200468 0 4.085258187812301e-05 -0.0001635817209868287 0 4.029557324092268e-06 -0.0001760312891144131 0 1.609975573415439e-05 -0.000155482917215774 0 0.0001234511428309728 -0.0001320379834460206 0 0.0002918667930084107 -0.0001979211832534786 0 5.002557651609395e-05 5.000190345145344e-05 0 -5.852996640728914e-06 1.704331979215934e-05 0 -1.143932136894038e-05 1.182334299664606e-05 0 7.126023980105755e-06 2.374261080211048e-05 0 9.31556463167754e-06 3.013969182408954e-05 0 3.816533312328562e-06 2.861189460399288e-05 0 6.385091165517218e-07 2.125260288141084e-05 0 1.560325255541006e-05 2.996571427085065e-05 0 5.734200543525829e-05 7.058564452126769e-05 0 7.020833289184123e-07 3.003590709430709e-07 0 -2.673926597931975e-06 2.000764034552904e-07 0 -1.247521577568689e-06 2.034697000538599e-07 0 3.020216700663769e-06 2.492946852171093e-07 0 6.512582341175466e-06 2.646726084644043e-07 0 1.48052429817247e-06 2.38883851802138e-07 0 -1.480961264688219e-05 1.798231965667932e-07 0 -6.245450415540144e-06 2.509629349637874e-07 0 4.870741094552267e-05 5.652856654861718e-07 0 7.364644406925024e-05 -0.0003489412431750688 0 7.18691059169163e-06 -0.0001466678079305172 0 1.994344572393835e-05 -8.419603879084026e-05 0 4.563704850731043e-05 -0.0001235131566691763 0 3.925680686470145e-05 -0.0001569893092573799 0 4.341110287853221e-06 -0.000168435381061198 0 1.648154191512263e-05 -0.0001479814784143135 0 0.0001190104583813911 -0.0001268824917376454 0 0.0002799472131327849 -0.0001923428277574649 0 4.991070876785713e-05 4.784365532627815e-05 0 -5.841711895181179e-06 1.632670048215545e-05 0 -1.156398295668048e-05 1.127444174184311e-05 0 6.867612666515421e-06 2.259662174922127e-05 0 9.177267631735318e-06 2.876556530415075e-05 0 3.786156033303012e-06 2.734634447312118e-05 0 6.402060520396822e-07 2.034044967494375e-05 0 1.481701092619775e-05 2.848808581699946e-05 0 5.449968128924675e-05 6.68354408466451e-05 0 6.906897586089753e-07 2.829582196580207e-07 0 -2.683054095023452e-06 1.907104129174678e-07 0 -1.240319549469793e-06 2.012889338733753e-07 0 3.030860933242451e-06 2.471694091127005e-07 0 6.513176054004366e-06 2.523913390150775e-07 0 1.476603096212115e-06 2.236640541533955e-07 0 -1.48179077033711e-05 1.696713476566705e-07 0 -6.251435580820197e-06 2.377767852525941e-07 0 4.871109671518437e-05 5.344908169330545e-07 0 7.000416506124095e-05 -0.0003360081882422122 0 7.071391399299242e-06 -0.0001388603493705301 0 1.882526501148507e-05 -7.971359297300612e-05 0 4.376168484279686e-05 -0.0001183406601353368 0 3.771625470577743e-05 -0.0001506393564672179 0 4.755553323271265e-06 -0.0001610101929033561 0 1.675647523485812e-05 -0.0001409439394552472 0 0.0001144732863561926 -0.0001219908097525521 0 0.0002684535347498573 -0.0001869105866831935 0 4.980336818995872e-05 4.578480337855128e-05 0 -5.83380706933867e-06 1.564408369974373e-05 0 -1.169046898437387e-05 1.076839095594945e-05 0 6.622846950882221e-06 2.151268659726646e-05 0 9.060973728589048e-06 2.741439400509582e-05 0 3.753856156252233e-06 2.614846135410437e-05 0 6.100440120906935e-07 1.948849027782334e-05 0 1.407297738424684e-05 2.709199444119597e-05 0 5.181956920610047e-05 6.324456039854402e-05 0 6.710223964395687e-07 2.60694410843254e-07 0 -2.698478229562484e-06 1.731436127701269e-07 0 -1.249574893655292e-06 1.910894431291985e-07 0 3.036052587543358e-06 2.429066452520542e-07 0 6.521140452922514e-06 2.487996826122315e-07 0 1.477012367315234e-06 2.121605519878056e-07 0 -1.482106022281104e-05 1.589357056666976e-07 0 -6.256593637385399e-06 2.247271081836158e-07 0 4.871145616351658e-05 5.051984685996644e-07 0 6.677191842936746e-05 -0.0003231487042435823 0 6.85696536219249e-06 -0.0001314773240516167 0 1.780704056031368e-05 -7.53361192836477e-05 0 4.194310268898493e-05 -0.0001133631153884193 0 3.612069831680775e-05 -0.0001445497172556653 0 5.088466296127025e-06 -0.0001539613878495869 0 1.702132821912449e-05 -0.0001341746296551066 0 0.0001100650048637686 -0.0001173707911221247 0 0.0002572430123805591 -0.000181585026150316 0 4.970439007286747e-05 4.378038014751089e-05 0 -5.823997284742921e-06 1.49698331770795e-05 0 -1.18120032421079e-05 1.029054783059646e-05 0 6.376649282407997e-06 2.049676811882034e-05 0 8.952558918577656e-06 2.613097137104531e-05 0 3.744216118560517e-06 2.496380238390522e-05 0 5.727824007942248e-07 1.868106076857723e-05 0 1.33254187179091e-05 2.578529117214928e-05 0 4.930309752570333e-05 5.987527978904005e-05 0 6.471029602439502e-07 2.304572507931535e-07 0 -2.710181801465761e-06 1.462649732945215e-07 0 -1.259382655605101e-06 1.697811821375905e-07 0 3.022971368490945e-06 2.258940438402274e-07 0 6.52030617745436e-06 2.403800950234735e-07 0 1.479967680642625e-06 2.064202092250458e-07 0 -1.482117557034812e-05 1.498391730258425e-07 0 -6.255799708337895e-06 2.115542948599724e-07 0 4.871541358704434e-05 4.776582063882942e-07 0 6.380470472595877e-05 -0.0003104367680430708 0 6.465560754079224e-06 -0.0001245437154528475 0 1.676861264388041e-05 -7.123855662626716e-05 0 4.029280124227819e-05 -0.0001084246099488581 0 3.461335411898691e-05 -0.000138675483024403 0 5.274685782763465e-06 -0.0001472605079466948 0 1.711885580621408e-05 -0.0001278430442525555 0 0.0001058088474698709 -0.000112915585419239 0 0.0002464558950087542 -0.0001763915881613717 0 4.961394907871535e-05 4.186296591284638e-05 0 -5.816698569548195e-06 1.432606873768421e-05 0 -1.192470519269933e-05 9.814089130415203e-06 0 6.142622235409677e-06 1.954009568677639e-05 0 8.83141659851344e-06 2.492210587961424e-05 0 3.737153122310155e-06 2.383437693144475e-05 0 5.59862557890367e-07 1.787327592555482e-05 0 1.260777743080504e-05 2.456070815830963e-05 0 4.686591532005596e-05 5.66946054305975e-05 0 6.413332107740863e-07 2.119521465941687e-07 0 -2.69866127783347e-06 1.334191789756356e-07 0 -1.254063450584209e-06 1.405108679634198e-07 0 3.017657922738115e-06 1.970096380424918e-07 0 6.500662234759647e-06 2.173001426167623e-07 0 1.471957495544074e-06 1.964912288033444e-07 0 -1.482246715829583e-05 1.440754717578485e-07 0 -6.253081471577215e-06 2.000639361164971e-07 0 4.872523480654867e-05 4.515658050601931e-07 0 6.120326676369024e-05 -0.0002977883988357285 0 5.99755391959833e-06 -0.0001179771979689798 0 1.558652975666707e-05 -6.743726735502359e-05 0 3.868872906778731e-05 -0.0001037038168899274 0 3.33018672136337e-05 -0.0001328544831906142 0 5.449124304127139e-06 -0.000140872481407657 0 1.697586669231754e-05 -0.0001218728389566007 0 0.0001016346988785138 -0.0001086961752780127 0 0.0002361399459116231 -0.0001712655221698806 0 4.952573305747748e-05 4.001418933265166e-05 0 -5.81505806598881e-06 1.37145809993508e-05 0 -1.203341181225947e-05 9.36396114943616e-06 0 5.927064182974228e-06 1.860047291780964e-05 0 8.714959308916968e-06 2.378131618716722e-05 0 3.708902427429494e-06 2.277081113276347e-05 0 5.463100934965934e-07 1.710002816081995e-05 0 1.194454947727602e-05 2.336438814935781e-05 0 4.455937356799555e-05 5.372415706324933e-05 0 6.657140023957895e-07 2.184492099545701e-07 0 -2.657216265827822e-06 1.505211023591566e-07 0 -1.227817538404508e-06 1.277992920959911e-07 0 3.040195047543381e-06 1.638185792548e-07 0 6.496745939277293e-06 1.838826672144467e-07 0 1.445946259948095e-06 1.748081834987772e-07 0 -1.483585821902833e-05 1.377807549041848e-07 0 -6.253416839185899e-06 1.911126104011187e-07 0 4.873533512489425e-05 4.291570132085656e-07 0 5.892655925544831e-05 -0.0002851289922781372 0 5.567228174810367e-06 -0.0001115667481095678 0 1.436567350031337e-05 -6.388596206615554e-05 0 3.699422203175262e-05 -9.922315396545395e-05 0 3.204493492706128e-05 -0.0001272763757837192 0 5.753177339792858e-06 -0.0001346143005184139 0 1.679007238586383e-05 -0.0001162396987570077 0 9.738082696217341e-05 -0.000104649015870456 0 0.0002261870171773456 -0.0001662453760200647 0 4.9443491712986e-05 3.825428707827926e-05 0 -5.815650363873159e-06 1.313277279905295e-05 0 -1.214419965743507e-05 8.948482087108019e-06 0 5.72318719788134e-06 1.771137790589072e-05 0 8.617747728298373e-06 2.266029267352504e-05 0 3.678994318925821e-06 2.176469059530367e-05 0 5.062354247603593e-07 1.637668879780202e-05 0 1.131699628606486e-05 2.223296879368813e-05 0 4.23834549411195e-05 5.087641877797587e-05 0 6.677005822547375e-07 2.491272338899994e-07 0 -2.648444900499314e-06 1.86025484661366e-07 0 -1.186649629419945e-06 1.465688041178692e-07 0 3.072792820357772e-06 1.483562105586075e-07 0 6.531982060659081e-06 1.503751081181545e-07 0 1.439006921538644e-06 1.463689357564246e-07 0 -1.486688013409287e-05 1.266088620558575e-07 0 -6.266812080893414e-06 1.86389977504392e-07 0 4.874165288534793e-05 4.107823813109465e-07 0 5.692362763708158e-05 -0.0002727009255692539 0 5.096291550141239e-06 -0.0001055066676672461 0 1.32292672696821e-05 -6.039838946624714e-05 0 3.533507250734479e-05 -9.493295512821159e-05 0 3.071280259898945e-05 -0.0001219585191056249 0 5.999722135080487e-06 -0.0001286728336882745 0 1.668622350298188e-05 -0.0001107819758936271 0 9.330768573002911e-05 -0.000100778608995232 0 0.000216455555390363 -0.0001612901822500359 0 4.936853881606223e-05 3.654397165499256e-05 0 -5.813755434798396e-06 1.255871597738434e-05 0 -1.225052100960883e-05 8.555436749803354e-06 0 5.517533909087101e-06 1.687772794872755e-05 0 8.527296246299552e-06 2.159596207101933e-05 0 3.668795309566541e-06 2.077108040661468e-05 0 4.613411667755972e-07 1.569108440128974e-05 0 1.068616945498063e-05 2.117181151054664e-05 0 4.033917250533674e-05 4.820301033724854e-05 0 6.068734218489522e-07 2.884968030745713e-07 0 -2.717681454197929e-06 2.171052488307568e-07 0 -1.189331502421398e-06 1.70046705462272e-07 0 3.092629852194384e-06 1.612382977472446e-07 0 6.562593765205293e-06 1.335225518275806e-07 0 1.477191764479025e-06 1.205312338712835e-07 0 -1.488184689171779e-05 1.13345670001673e-07 0 -6.296247997347737e-06 1.851008295718909e-07 0 4.873571473616722e-05 4.027440620758826e-07 0 5.50895658506939e-05 -0.0002605628126537279 0 4.519502951674801e-06 -9.983603816846041e-05 0 1.209484729308707e-05 -5.713361631246027e-05 0 3.381400472271533e-05 -9.067546948897387e-05 0 2.943453893444747e-05 -0.0001168534485568654 0 6.083529662373465e-06 -0.0001230438716768381 0 1.649054012226036e-05 -0.0001056560444899768 0 8.944009363470727e-05 -9.699992001148404e-05 0 0.0002071413380815707 -0.0001564359141297544 0 4.930070169493344e-05 3.491084560985207e-05 0 -5.81340943091313e-06 1.201117724160261e-05 0 -1.234867802244605e-05 8.162853327491058e-06 0 5.322136993231307e-06 1.609224088486294e-05 0 8.425701654060645e-06 2.059343757097876e-05 0 3.660890643499004e-06 1.982465075612421e-05 0 4.379857561215281e-07 1.500664523541167e-05 0 1.008143528954952e-05 2.017548401387486e-05 0 3.835671599452389e-05 4.567568034034157e-05 0 5.034639156409335e-07 3.077537190782075e-07 0 -2.822630965390593e-06 2.211333208698707e-07 0 -1.268860161621199e-06 1.691564810090903e-07 0 3.069134748706625e-06 1.63968156517702e-07 0 6.548960779617641e-06 1.387336752501147e-07 0 1.502081789103715e-06 1.060445672584551e-07 0 -1.485083203070503e-05 1.026797888607073e-07 0 -6.307122785084718e-06 1.861571142063034e-07 0 4.871906270913218e-05 4.046373552769184e-07 0 5.351883438560467e-05 -0.0002486612527855674 0 3.929237654382021e-06 -9.44942074171881e-05 0 1.086553489694497e-05 -5.412185320749496e-05 0 3.234032212282022e-05 -8.661526435798511e-05 0 2.831613952186673e-05 -0.0001118024050577246 0 6.136533016135036e-06 -0.0001176904362408041 0 1.608874603790944e-05 -0.0001008283045131481 0 8.566770288252755e-05 -9.340454963658455e-05 0 0.0001982438417956062 -0.0001516292542706466 0 4.923435040789236e-05 3.333906025713983e-05 0 -5.817860858833845e-06 1.149162475162779e-05 0 -1.244323636076516e-05 7.791438750057165e-06 0 5.142859431199464e-06 1.532038569277555e-05 0 8.327968720099608e-06 1.964752821803639e-05 0 3.634863505873331e-06 1.893329261191262e-05 0 4.150051167023382e-07 1.435209603885268e-05 0 9.522682715534801e-06 1.920156912865733e-05 0 3.648067058729942e-05 4.331240874728969e-05 0 4.034904444311093e-07 2.890442557922784e-07 0 -2.899173091694407e-06 1.89680200939242e-07 0 -1.355126239208082e-06 1.439604614961176e-07 0 2.998324006561747e-06 1.260950991902737e-07 0 6.508144634820301e-06 1.260725627574843e-07 0 1.461386551049326e-06 1.046489589628594e-07 0 -1.482970202744405e-05 9.584339568952797e-08 0 -6.274516963791776e-06 1.870902365409127e-07 0 4.873204080510507e-05 4.078037484167921e-07 0 5.218249949788533e-05 -0.0002369013390792346 0 3.405221034216698e-06 -8.929472669819137e-05 0 9.636484566311053e-06 -5.132710242833349e-05 0 3.080253175291591e-05 -8.277655685169638e-05 0 2.724338846457619e-05 -0.0001069718863579913 0 6.299122506950305e-06 -0.0001124451311369859 0 1.566369578208382e-05 -9.627089944608952e-05 0 8.182334668452305e-05 -8.995246988469789e-05 0 0.0001896595666284889 -0.0001469321399952955 0 4.917261634484332e-05 3.184548406751086e-05 0 -5.823784992448067e-06 1.099779680774349e-05 0 -1.253992604813292e-05 7.448240516891302e-06 0 4.973511556947973e-06 1.458976702124054e-05 0 8.246913419329703e-06 1.871842497457726e-05 0 3.60745680529767e-06 1.809043443295327e-05 0 3.700568354247922e-07 1.37390773889065e-05 0 8.994125165799614e-06 1.827993288761042e-05 0 3.471020056147744e-05 4.104417828896394e-05 0 4.247615026375939e-07 2.342232038035283e-07 0 -2.858917105177938e-06 1.320546128592836e-07 0 -1.375486910870638e-06 1.073408772206061e-07 0 2.970468528401548e-06 7.89208534340141e-08 0 6.473597012321419e-06 6.861542826454291e-08 0 1.413903056302068e-06 8.890132475233152e-08 0 -1.487800802124628e-05 9.246532379873772e-08 0 -6.248954879745083e-06 1.835458655020591e-07 0 4.87843771730806e-05 4.062691533641972e-07 0 5.103073754958442e-05 -0.000225503802388026 0 2.885343393946304e-06 -8.440041940110248e-05 0 8.503354367320191e-06 -4.858618403622005e-05 0 2.931086064224264e-05 -7.912292926651882e-05 0 2.610679534852111e-05 -0.0001023767859980318 0 6.417974814279525e-06 -0.0001074605299367717 0 1.533819096759259e-05 -9.184363921695832e-05 0 7.815323254960203e-05 -8.664152025117387e-05 0 0.0001812363748270179 -0.0001423054816194272 0 4.911706380703734e-05 3.039623314435996e-05 0 -5.82701891446713e-06 1.051106504203897e-05 0 -1.263265297137689e-05 7.123145888424109e-06 0 4.802234441443619e-06 1.390447705346825e-05 0 8.171632394804449e-06 1.78365975651365e-05 0 3.597029054232259e-06 1.725899065291303e-05 0 3.219446205390829e-07 1.315806854532142e-05 0 8.462711326637227e-06 1.741409081019301e-05 0 3.304595810278698e-05 3.891348625562757e-05 0 6.167055065370296e-07 1.672098501950825e-07 0 -2.676692105671452e-06 7.404020101187124e-08 0 -1.323085016269321e-06 8.011946748924524e-08 0 3.045845332616536e-06 5.68896323868695e-08 0 6.538964508528977e-06 2.159196999928364e-08 0 1.425307518870822e-06 3.98826548930406e-08 0 -1.492487371440587e-05 8.473490158752288e-08 0 -6.278100447995594e-06 1.736199948046413e-07 0 4.883095946840721e-05 3.880510838129986e-07 0 4.997566290361465e-05 -0.0002144861419577024 0 2.297040523943638e-06 -7.983675093181651e-05 0 7.399124251572519e-06 -4.603265300238967e-05 0 2.794852086368538e-05 -7.551080315172654e-05 0 2.501820413403077e-05 -9.798124112744833e-05 0 6.396777667797004e-06 -0.0001027342934682152 0 1.496539830712906e-05 -8.766874631407906e-05 0 7.468988366267358e-05 -8.339449931914905e-05 0 0.0001731968228597114 -0.0001377769985273503 0 4.906733249823713e-05 2.901453001466492e-05 0 -5.831128585438716e-06 1.004727119095772e-05 0 -1.271800639156967e-05 6.798104783767299e-06 0 4.639526790140013e-06 1.325850840562526e-05 0 8.086701538956296e-06 1.700596452005459e-05 0 3.588633847723121e-06 1.646760426145255e-05 0 2.92654882626253e-07 1.257913767167828e-05 0 7.953922550540947e-06 1.659994173956736e-05 0 3.143025376798474e-05 3.689659067691169e-05 0 7.804798977384396e-07 1.402037912278525e-07 0 -2.553316840792075e-06 4.67694667265206e-08 0 -1.230728980380902e-06 7.782337086391365e-08 0 3.100057631655328e-06 9.076821924202531e-08 0 6.732881470239427e-06 3.234728939132541e-08 0 1.558793742917342e-06 8.391473864735597e-09 0 -1.489016686588573e-05 6.542946628766698e-08 0 -6.299703116524613e-06 1.667740825925245e-07 0 4.884796659966606e-05 3.546268186197313e-07 0 4.910049598133569e-05 -0.0002038165013773865 0 1.730612256556351e-06 -7.555387546061969e-05 0 6.229586030720435e-06 -4.369208173892607e-05 0 2.663619052870048e-05 -7.208290700917025e-05 0 2.406751990130518e-05 -9.364286256742516e-05 0 6.352001664905459e-06 -9.82326008754017e-05 0 1.443361044510538e-05 -8.372501012077203e-05 0 7.133532063476054e-05 -8.028893100761603e-05 0 0.0001655255307402431 -0.0001332924009809777 0 4.901855208757493e-05 2.76868065057223e-05 0 -5.839229947283975e-06 9.607560337049346e-06 0 -1.280011756882998e-05 6.490283474311353e-06 0 4.490717484484374e-06 1.262355182607422e-05 0 8.004950826243083e-06 1.622237439499047e-05 0 3.564853418118463e-06 1.572220095916871e-05 0 2.643644314084813e-07 1.202598929717774e-05 0 7.483877944421125e-06 1.580377360118484e-05 0 2.990140853922906e-05 3.50083222170755e-05 0 7.285481959384831e-07 1.834149365824433e-07 0 -2.663737975375224e-06 6.623877514284199e-08 0 -1.209342674418634e-06 7.377039673486101e-08 0 3.027108805939149e-06 1.768740816240899e-07 0 6.788108018407346e-06 1.354041698877276e-07 0 1.803105370373759e-06 3.731839830038718e-08 0 -1.476107321608799e-05 5.215068236020386e-08 0 -6.255679782754542e-06 1.70682345645122e-07 0 4.886735460118974e-05 3.341118547982649e-07 0 4.83890202055831e-05 -0.0001933815648454823 0 1.249114413306995e-06 -7.138738635829865e-05 0 5.09276194329833e-06 -4.152943274574744e-05 0 2.527197944887649e-05 -6.885580685179332e-05 0 2.315313225757787e-05 -8.950465890606579e-05 0 6.403196783272279e-06 -9.381437903886736e-05 0 1.389846649474391e-05 -7.998278136402136e-05 0 6.793288524585549e-05 -7.7295825413215e-05 0 0.0001581433161523399 -0.0001289141237723959 0 4.897331624498235e-05 2.642703526214984e-05 0 -5.848216394224726e-06 9.189989197098956e-06 0 -1.288420502208731e-05 6.205548774632085e-06 0 4.3503066908257e-06 1.202234391937257e-05 0 7.937521855849726e-06 1.545301372563728e-05 0 3.539956050221948e-06 1.501764293023594e-05 0 2.17949265177153e-07 1.150748872295881e-05 0 7.039327806171447e-06 1.504999353918457e-05 0 2.845816776043258e-05 3.319408381773081e-05 0 2.570795775008738e-07 3.481766290879332e-07 0 -3.107232646848423e-06 1.936700712822093e-07 0 -1.331449783842364e-06 4.480650784687706e-08 0 2.90372211961265e-06 2.17363442953089e-07 0 6.529162855178905e-06 3.074787662737596e-07 0 1.833942717827109e-06 1.517348925074088e-07 0 -1.457719538534852e-05 6.342187205791994e-08 0 -6.17936364084859e-06 1.612064196776161e-07 0 4.890627834468197e-05 3.366795723542051e-07 0 4.778985911507715e-05 -0.0001833908218741228 0 7.966654935187551e-07 -6.747617830105133e-05 0 4.070012146917268e-06 -3.940153456673257e-05 0 2.396844086310912e-05 -6.579722908629099e-05 0 2.217688786104732e-05 -8.557601256984487e-05 0 6.419014763475727e-06 -8.960599448370327e-05 0 1.346539044985717e-05 -7.632824879010013e-05 0 6.469560106664439e-05 -7.441023510504352e-05 0 0.0001508947735872068 -0.0001246048837656166 0 4.893325893004507e-05 2.520622648377601e-05 0 -5.854494816999456e-06 8.778794994702964e-06 0 -1.296473760475924e-05 5.935568331637275e-06 0 4.20800566913737e-06 1.145823552745062e-05 0 7.875014147756819e-06 1.472298531895316e-05 0 3.529588923460724e-06 1.432330655206509e-05 0 1.695712082347421e-07 1.101617633082752e-05 0 6.592377071193423e-06 1.434088917300763e-05 0 2.710087054141885e-05 3.148872409464847e-05 0 -5.940530423131918e-07 6.141767883889593e-07 0 -3.793503477081406e-06 4.27470641994887e-07 0 -1.47861373238356e-06 5.100660714456306e-08 0 2.831273771958242e-06 1.48355464968386e-07 0 6.25568048387426e-06 4.059213985028315e-07 0 1.442783232372124e-06 3.240184126059725e-07 0 -1.459415893100002e-05 1.028564848692265e-07 0 -6.119539559645837e-06 1.240205874924321e-07 0 4.889293820835305e-05 2.982962160804487e-07 0 4.723301934124457e-05 -0.0001738303326641946 0 2.938797024482071e-07 -6.384192893361949e-05 0 3.099616013926831e-06 -3.741847095341255e-05 0 2.280025475906444e-05 -6.277684790455262e-05 0 2.125215077168618e-05 -8.182727204313067e-05 0 6.310864398798021e-06 -8.560951135139216e-05 0 1.300926625159848e-05 -7.2860213371842e-05 0 6.165547520381452e-05 -7.156551391902105e-05 0 0.0001439958990260143 -0.0001203913152902011 0 4.889789316318837e-05 2.404379818524843e-05 0 -5.861195635517569e-06 8.387298907945593e-06 0 -1.303868321202856e-05 5.665489435674464e-06 0 4.072879002371687e-06 1.092631101402841e-05 0 7.804252441775959e-06 1.403527876929489e-05 0 3.521034183384674e-06 1.366282269681801e-05 0 1.375066288195058e-07 1.05274712944442e-05 0 6.164937903875567e-06 1.367336842870992e-05 0 2.578191854035044e-05 2.987256377508934e-05 0 -1.337713610632951e-06 8.743956087034488e-07 0 -4.142162748591026e-06 6.709370756335931e-07 0 -1.522179059007533e-06 1.316468011087687e-07 0 3.089985903967362e-06 1.942235817748577e-08 0 6.2668192112314e-06 3.403426432190687e-07 0 1.079477136581297e-06 4.44593425338001e-07 0 -1.5004906963767e-05 1.601019738502879e-07 0 -6.184016339796927e-06 2.99077017179572e-08 0 4.88029728501066e-05 1.924351506260233e-07 0 4.678907788699393e-05 -0.0001646917345404994 0 -1.758529047657391e-07 -6.044671578387534e-05 0 2.0806585846328e-06 -3.560747707016809e-05 0 2.168905572537405e-05 -5.991574204348287e-05 0 2.046305799763281e-05 -7.813137910951673e-05 0 6.194048956090214e-06 -8.179650879396039e-05 0 1.242615739642516e-05 -6.957136921043049e-05 0 5.872894463998523e-05 -6.882988683769992e-05 0 0.0001374253836711609 -0.0001162195013583583 0 4.886303582866263e-05 2.292824318035624e-05 0 -5.871229207678186e-06 8.016380851856573e-06 0 -1.310972954327027e-05 5.409543621999468e-06 0 3.949651503312722e-06 1.040336244175627e-05 0 7.736132588080645e-06 1.338660056769691e-05 0 3.499511925256215e-06 1.304063292102697e-05 0 1.068209572255284e-07 1.00609305808616e-05 0 5.770072924238256e-06 1.302044988438916e-05 0 2.453397274027047e-05 2.835779861846965e-05 0 -1.531982791139197e-06 1.019845080156567e-06 0 -3.744242965758593e-06 8.149302560371552e-07 0 -1.111630535122199e-06 2.377782079487564e-07 0 3.755723498283236e-06 -8.613153546638273e-08 0 6.798648676725749e-06 1.467599416195287e-07 0 1.193594184309421e-06 4.306759882255137e-07 0 -1.535502925413545e-05 2.248983924013279e-07 0 -6.431739607862252e-06 -1.138031552041715e-07 0 4.879293898026049e-05 -5.581784631204787e-08 0 4.645512061800249e-05 -0.0001558464376522975 0 -5.581413052707654e-07 -5.714799565144368e-05 0 1.109454678113742e-06 -3.393393356593277e-05 0 2.053146411724882e-05 -5.722796287469661e-05 0 1.971013105984964e-05 -7.461043396968237e-05 0 6.177975040405625e-06 -7.804896859169713e-05 0 1.185951232964e-05 -6.643613710093781e-05 0 5.577289303392018e-05 -6.618529209863333e-05 0 0.0001311242766932896 -0.000112152952688814 0 4.883081175340725e-05 2.187110824124899e-05 0 -5.881765886988494e-06 7.664414398977913e-06 0 -1.318256042389526e-05 5.172567953598549e-06 0 3.833485794725588e-06 9.908121085151766e-06 0 7.680226662566679e-06 1.274994222334042e-05 0 3.477112275739047e-06 1.245273375136829e-05 0 6.12379562614506e-08 9.623298735925156e-06 0 5.396713235475414e-06 1.240210258117436e-05 0 2.335562522480516e-05 2.690109089225484e-05 0 -8.114655995067332e-07 9.591167306893798e-07 0 -2.259026589401802e-06 7.550939886960191e-07 0 -1.588618705472555e-07 3.04990049378867e-07 0 4.585674405546691e-06 -1.442263814575156e-07 0 7.766691701049931e-06 -6.26442464091506e-08 0 1.717950460777829e-06 3.134500947254287e-07 0 -1.515027482498765e-05 2.733534351685717e-07 0 -6.414458196379869e-06 -2.370963873791348e-07 0 4.895057731832408e-05 -4.286005613066481e-07 0 4.618423985311425e-05 -0.0001474706451021282 0 -9.042429941763522e-07 -5.405563910311494e-05 0 2.582866228534321e-07 -3.227663819677096e-05 0 1.944078188266529e-05 -5.468355371211764e-05 0 1.889445305847115e-05 -7.12714291828051e-05 0 6.140817549141197e-06 -7.447465689458531e-05 0 1.140484452136214e-05 -6.336321814427724e-05 0 5.297798020398314e-05 -6.362844658162198e-05 0 0.0001249416921201424 -0.0001081575109951188 0 4.88028488288758e-05 2.084780528496116e-05 0 -5.889717612821838e-06 7.318126732318297e-06 0 -1.325224233195837e-05 4.947726804302443e-06 0 3.715525976603906e-06 9.443304724521262e-06 0 7.628486094743425e-06 1.214598067113271e-05 0 3.467073169734213e-06 1.187386699123133e-05 0 1.455062285937717e-08 9.20872881417234e-06 0 5.021412180603035e-06 1.181975805585045e-05 0 2.224700683110814e-05 2.553095107389602e-05 0 6.612007038553358e-07 7.193211863315909e-07 0 2.727063476426517e-08 5.031328970594647e-07 0 1.411383196578408e-06 2.358551984410484e-07 0 5.24767192017217e-06 -1.643846115669672e-07 0 8.1847182467204e-06 -2.08685250908773e-07 0 2.339413463212092e-06 1.904572719604869e-07 0 -1.488259813942072e-05 3.501424914028814e-07 0 -5.822747607325818e-06 -2.816048872275253e-07 0 4.969985573087532e-05 -8.232078461262171e-07 0 4.592440705832034e-05 -0.0001395182529031896 0 -1.292129882354831e-06 -5.118275670845662e-05 0 -5.310725544743763e-07 -3.072048750404899e-05 0 1.848672589996325e-05 -5.216861122685906e-05 0 1.813171674668046e-05 -6.809031518857643e-05 0 5.990101978839423e-06 -7.107826004799227e-05 0 1.094589969496962e-05 -6.043617360997761e-05 0 5.037573516147863e-05 -6.110259390712525e-05 0 0.0001190819461436704 -0.0001042612357904649 0 4.877861065696528e-05 1.98744975128326e-05 0 -5.89777661129734e-06 6.988678053883312e-06 0 -1.331611399448332e-05 4.722779012401867e-06 0 3.603536175539324e-06 9.004902884066079e-06 0 7.569719857478119e-06 1.157699009116803e-05 0 3.458637290648658e-06 1.132352268069792e-05 0 -1.810045192895968e-08 8.797008969101126e-06 0 4.662873981833847e-06 1.12710862351581e-05 0 2.116890624249273e-05 2.423116579022832e-05 0 3.319025631637329e-06 1.222735530447684e-08 0 5.5886193202348e-06 -2.262954960892752e-07 0 7.423341944132188e-06 -2.644374991122785e-07 0 1.910544689190385e-06 1.153363574282057e-07 0 -1.509940200848658e-05 4.879677088310065e-07 0 -5.607496541021328e-06 -1.864289903806548e-07 0 5.100502126162421e-05 -1.159765616686945e-06 0 4.573231415549994e-05 -0.0001319886524950783 0 -1.652766869336686e-06 -4.850200122289566e-05 0 -1.361019891829573e-06 -2.929362253943634e-05 0 1.759239360800413e-05 -4.978241372377568e-05 0 1.75032052980445e-05 -6.495627066255282e-05 0 5.841583231677715e-06 -6.783961688182348e-05 0 1.037774417465831e-05 -5.765525114342918e-05 0 4.788429605918908e-05 -5.866829915340126e-05 0 0.0001135209830991774 -0.0001004115690961052 0 4.875456914282816e-05 1.894147440038851e-05 0 -5.908576342892463e-06 6.676715325212856e-06 0 -1.33773894674255e-05 4.509510782575719e-06 0 3.501659466571133e-06 8.573864259030228e-06 0 7.513135356421174e-06 1.104035547637439e-05 0 3.439319208438373e-06 1.080502638238501e-05 0 -4.918429379746632e-08 8.404278523693741e-06 0 4.331673264641733e-06 1.073437348731582e-05 0 2.014897794539588e-05 2.301173815146689e-05 0 5.659430750759586e-06 -3.833808196211306e-07 0 5.409408951606575e-06 -2.946979161620039e-07 0 -1.307250850485219e-07 1.110037295849048e-07 0 -1.621818348919446e-05 6.476509506530767e-07 0 -6.450373625149775e-06 2.404474230485734e-08 0 5.138238263814598e-05 -1.383958633071128e-06 0 4.561300870351003e-05 -0.0001247505699399076 0 -1.938963189174193e-06 -4.589728136534382e-05 0 -2.14875371419565e-06 -2.796612067831189e-05 0 1.665474038095582e-05 -4.753884836183886e-05 0 1.691317890134547e-05 -6.197379992262107e-05 0 5.799278022661224e-06 -6.465894811803762e-05 0 9.835803490843008e-06 -5.500252234912767e-05 0 4.536873782740036e-05 -5.631410159877975e-05 0 0.0001082047833090988 -9.667014757277355e-05 0 4.873244053408068e-05 1.805825080553047e-05 0 -5.919608277064198e-06 6.380895520824436e-06 0 -1.344019789728187e-05 4.311871702931957e-06 0 3.405709809476548e-06 8.165612077462581e-06 0 7.466902372636058e-06 1.051383989851551e-05 0 3.419322228623289e-06 1.031525221743129e-05 0 -9.248705838682544e-08 8.035669772796237e-06 0 4.018583608760006e-06 1.022597694135679e-05 0 1.918579211260263e-05 2.183813179285759e-05 0 2.823238000618233e-06 -3.798555637118949e-07 0 -3.259074257286332e-06 1.126815503474376e-07 0 -1.828836451381322e-05 7.835124619780948e-07 0 -7.545730060953826e-06 2.500881974816863e-07 0 5.037287543817326e-05 -1.510419724728637e-06 0 4.552829467532881e-05 -0.0001179414801252485 0 -2.192129228889561e-06 -4.345392182408813e-05 0 -2.831269857769824e-06 -2.664298983731661e-05 0 1.57736400307612e-05 -4.541292395689178e-05 0 1.626241149799145e-05 -5.914878117905392e-05 0 5.751578388654698e-06 -6.163181505391967e-05 0 9.411593096572688e-06 -5.240226553247102e-05 0 4.300250226389745e-05 -5.403994059385158e-05 0 0.0001029884757689781 -9.300510844780646e-05 0 4.871375991932422e-05 1.720409717043125e-05 0 -5.928265956849088e-06 6.090080262512176e-06 0 -1.35002225152836e-05 4.124275157710299e-06 0 3.308135538157564e-06 7.782333603462142e-06 0 7.424189411218279e-06 1.00144640470673e-05 0 3.409792831150781e-06 9.833364796665854e-06 0 -1.362984313746374e-07 7.686592218079933e-06 0 3.703951691795548e-06 9.746743635317964e-06 0 1.827931722521436e-05 2.07336437040434e-05 0 -6.270426807272743e-06 4.535402084969441e-08 0 -1.977853229778725e-05 8.082458751342003e-07 0 -8.069410297226187e-06 3.803899155203558e-07 0 5.05222752846951e-05 -1.64206759726334e-06 0 4.54412375282126e-05 -0.0001115014581764204 0 -2.477570020462116e-06 -4.117981066064507e-05 0 -3.455922424441815e-06 -2.539067611444234e-05 0 1.501156688654692e-05 -4.330988899837324e-05 0 1.565438856031276e-05 -5.646214283762385e-05 0 5.603391336483909e-06 -5.876203365321603e-05 0 8.998853902195124e-06 -4.993031683277194e-05 0 4.082010606222541e-05 -5.179606759773275e-05 0 9.806406354234687e-05 -8.944536429938976e-05 0 4.869797925928162e-05 1.639242041493599e-05 0 -5.936839137344468e-06 5.813595331465026e-06 0 -1.355518593107799e-05 3.9366263697993e-06 0 3.215520632517122e-06 7.420776749533785e-06 0 7.375546740198691e-06 9.543957793345381e-06 0 3.401687105171469e-06 9.375430937243188e-06 0 -1.680999298335484e-07 7.340403233128955e-06 0 3.403650222742749e-06 9.294924211360186e-06 0 1.73972538969544e-05 1.968496433057964e-05 0 -1.930690901515153e-05 6.86697639282023e-07 0 -5.177198479588974e-06 3.144705595552536e-07 0 5.315272445960417e-05 -1.843794906904693e-06 0 4.539319622685888e-05 -0.0001054339642379762 0 -2.743826484727374e-06 -3.905627419931167e-05 0 -4.111360764988413e-06 -2.423690787584781e-05 0 1.430423609999343e-05 -4.131197640373785e-05 0 1.516288968964052e-05 -5.381796572077185e-05 0 5.458202182229144e-06 -5.603442456603852e-05 0 8.493091164740728e-06 -4.758867101015141e-05 0 3.874337045983722e-05 -4.964064980939042e-05 0 9.340971767941852e-05 -8.594009114586826e-05 0 4.868216198525287e-05 1.56150735796251e-05 0 -5.947656999967521e-06 5.551901948459836e-06 0 -1.360784770508203e-05 3.758681053539492e-06 0 3.131434537111122e-06 7.065301034607507e-06 0 7.328699353485735e-06 9.100259317253168e-06 0 3.384499874609092e-06 8.943943107471429e-06 0 -1.982613760283248e-07 7.010422811301597e-06 0 3.126247905747143e-06 8.852966766989543e-06 0 1.656288873448305e-05 1.870029731922129e-05 0 2.067598632263247e-06 5.836085292289235e-08 0 6.231032620968024e-05 -2.172367631322891e-06 0 4.53913295440228e-05 -9.962141788402017e-05 0 -2.954121969184209e-06 -3.69918365298108e-05 0 -4.733927833552864e-06 -2.315784055213765e-05 0 1.356194884388762e-05 -3.94326743070883e-05 0 1.470723344336455e-05 -5.130539760068303e-05 0 5.408958667435515e-06 -5.335990234824756e-05 0 8.012116075067908e-06 -4.536312798415765e-05 0 3.664566518339629e-05 -4.756533671888135e-05 0 8.897502970513227e-05 -8.255128870700984e-05 0 4.86676887217173e-05 1.487987996529744e-05 0 -5.958520996190986e-06 5.303903394794639e-06 0 -1.366179548688631e-05 3.593641914066692e-06 0 3.052297455882758e-06 6.728601110603249e-06 0 7.290557410517123e-06 8.665073561890667e-06 0 3.366789718992763e-06 8.536468943963481e-06 0 -2.384121085725888e-07 6.700559856354092e-06 0 2.864085944635081e-06 8.43428481506203e-06 0 1.57748681879899e-05 1.775201942799675e-05 0 7.728633413336959e-05 -2.610279261622619e-06 0 4.540681749888586e-05 -9.417072830700256e-05 0 -3.139134335417015e-06 -3.505301768703255e-05 0 -5.274224916210212e-06 -2.207924579581549e-05 0 1.286325268314015e-05 -3.765230974264039e-05 0 1.420033869557746e-05 -4.892899514932769e-05 0 5.362462043467797e-06 -5.082135220816492e-05 0 7.638968931397703e-06 -4.318422893973689e-05 0 3.467575809355804e-05 -4.556966143804547e-05 0 8.462271117450071e-05 -7.924839270778694e-05 0 4.865597875043647e-05 1.416944981698365e-05 0 -5.967243214159701e-06 5.060278065661949e-06 0 -1.3713287347554e-05 3.436954917154788e-06 0 2.97172506250401e-06 6.412420738871604e-06 0 7.255367303473509e-06 8.252403273116547e-06 0 3.357884753904527e-06 8.135832681908926e-06 0 -2.786746009543484e-07 6.407209740565133e-06 0 2.600737816056686e-06 8.03932779917804e-06 0 1.503307108181861e-05 1.685916103651152e-05 0 4.541488871215304e-05 -8.902306819155713e-05 0 -3.347840057663087e-06 -3.32444793360101e-05 0 -5.767202953629868e-06 -2.105359465624789e-05 0 1.225838324403483e-05 -3.589212679223908e-05 0 1.372503440016937e-05 -4.667373715670775e-05 0 5.233760307685187e-06 -4.842032554833176e-05 0 7.284542160090889e-06 -4.111860787578414e-05 0 3.286889179665575e-05 -4.360544620609502e-05 0 8.052324937744826e-05 -7.605666114499088e-05 0 4.864649628889827e-05 1.349486491676599e-05 0 -5.975758729705877e-06 4.828793690819787e-06 0 -1.376039558314418e-05 3.280288989930546e-06 0 2.895272763817763e-06 6.114131034663794e-06 0 7.215203479345872e-06 7.863553166703728e-06 0 3.350229099551016e-06 7.75527050701774e-06 0 -3.087338112522932e-07 6.116659010527158e-06 0 2.349590378519089e-06 7.666783538619324e-06 0 1.431091555033348e-05 1.601081008657107e-05 0 4.544450433811852e-05 -8.418435490926966e-05 0 -3.543221478954917e-06 -3.155371227548525e-05 0 -6.281845952013642e-06 -2.010514406006886e-05 0 1.169870719880395e-05 -3.421976949028599e-05 0 1.334175211328836e-05 -4.44570018927129e-05 0 5.106810649260773e-06 -4.614476508517373e-05 0 6.85528190831619e-06 -3.916743914510883e-05 0 3.115847105401858e-05 -4.172621711902302e-05 0 7.665909377209401e-05 -7.29248907917826e-05 0 4.863681311998227e-05 1.284931611471307e-05 0 -5.986106488574394e-06 4.6097630689787e-06 0 -1.380547062731011e-05 3.131710435907986e-06 0 2.825987052992862e-06 5.820885358824577e-06 0 7.176524404677032e-06 7.496901314386905e-06 0 3.33503347532682e-06 7.396641490450827e-06 0 -3.371744654208364e-07 5.839896216018602e-06 0 2.117573541286776e-06 7.302408024746631e-06 0 1.362791072217345e-05 1.521368681187129e-05 0 4.550265257120822e-05 -7.955599136727497e-05 0 -3.698066846635762e-06 -2.990899476183057e-05 0 -6.77091879650038e-06 -1.921539316410148e-05 0 1.111322978196438e-05 -3.264654234415992e-05 0 1.298788332987355e-05 -4.235359119262455e-05 0 5.057858296908523e-06 -4.391607761989463e-05 0 6.446404476126432e-06 -3.731884492360476e-05 0 2.943206618866156e-05 -3.992466754052654e-05 0 7.298899412389037e-05 -6.991258276565354e-05 0 4.862802457023321e-05 1.223923427332019e-05 0 -5.996391319203903e-06 4.4023069740301e-06 0 -1.385160875272406e-05 2.993801165640519e-06 0 2.760824212803131e-06 5.543128887584846e-06 0 7.145140553596607e-06 7.137398460373145e-06 0 3.319454584711778e-06 7.058054563864602e-06 0 -3.737533445097308e-07 5.579895594756689e-06 0 1.898359380001629e-06 6.95720619382778e-06 0 1.298280558956893e-05 1.444561157822044e-05 0 4.556801074634408e-05 -7.522146590700772e-05 0 -3.834664171045721e-06 -2.836249585973227e-05 0 -7.197707273337572e-06 -1.832556096455912e-05 0 1.05614411997218e-05 -3.115735457263901e-05 0 1.25938390550806e-05 -4.036641214300724e-05 0 5.013601876935335e-06 -4.180449947002035e-05 0 6.127576165082526e-06 -3.551009000587329e-05 0 2.78102002767705e-05 -3.819986455411845e-05 0 6.938766744647717e-05 -6.699016470897157e-05 0 4.862141301529426e-05 1.165010973937924e-05 0 -6.004791146763111e-06 4.198652749483333e-06 0 -1.389560497899039e-05 2.862861072712441e-06 0 2.694408717064667e-06 5.282243173233835e-06 0 7.116222839848724e-06 6.796561053179494e-06 0 3.311263488223192e-06 6.725355895902119e-06 0 -4.101701200770469e-07 5.333827732219298e-06 0 1.678264235163012e-06 6.631362252984551e-06 0 1.237543825599596e-05 1.372212606679662e-05 0 4.562438721900097e-05 -7.112884179100858e-05 0 -3.988551020739361e-06 -2.69168030378325e-05 0 -7.587442242495968e-06 -1.747738236752838e-05 0 1.008157702786505e-05 -2.968679921474398e-05 0 1.222343496318223e-05 -3.848390955145387e-05 0 4.904969614361042e-06 -3.981021237033089e-05 0 5.828119388526231e-06 -3.379811423515066e-05 0 2.632509547689787e-05 -3.650580392790953e-05 0 6.599838011907277e-05 -6.4179502496646e-05 0 4.861647774010921e-05 1.109108586840046e-05 0 -6.012920101203245e-06 4.005259508076119e-06 0 -1.393584452602514e-05 2.732016202371123e-06 0 2.63139609848681e-06 5.036110285835949e-06 0 7.083143132299158e-06 6.47536942461474e-06 0 3.304164351385779e-06 6.40944666050608e-06 0 -4.379472889198822e-07 5.090390744845463e-06 0 1.468533305289815e-06 6.323901222633765e-06 0 1.178395008835306e-05 1.303429154305563e-05 0 4.5691898409278e-05 -6.728515141388168e-05 0 -4.133202509679078e-06 -2.556362329039774e-05 0 -7.992164956407975e-06 -1.669086351130389e-05 0 9.637744030788209e-06 -2.829025476252383e-05 0 1.192374773316407e-05 -3.663594783723245e-05 0 4.797669469674969e-06 -3.792381492243035e-05 0 5.470470161111906e-06 -3.218375723332278e-05 0 2.492408691594228e-05 -3.488990931860975e-05 0 6.280745628911566e-05 -6.142990314087632e-05 0 4.86112384854298e-05 1.055648949459253e-05 0 -6.022529051095959e-06 3.822323252529457e-06 0 -1.397429956276688e-05 2.607930486328569e-06 0 2.574366751592616e-06 4.794176316436083e-06 0 7.051275151395697e-06 6.172551900461565e-06 0 3.29081831611927e-06 6.111710645781421e-06 0 -4.641806483143829e-07 4.858649408280569e-06 0 1.274765871080857e-06 6.023235011032301e-06 0 1.122462739100438e-05 1.238762075989052e-05 0 4.577674660109776e-05 -6.361025666860169e-05 0 -4.248652316060641e-06 -2.424661135975309e-05 0 -8.376968564052787e-06 -1.595181382926802e-05 0 9.175318412435463e-06 -2.697651370872634e-05 0 1.164725999762417e-05 -3.488459643597591e-05 0 4.751714462222777e-06 -3.607786421908759e-05 0 5.129328202790883e-06 -3.065737929696526e-05 0 2.351219243601487e-05 -3.334573693240112e-05 0 5.978460688070564e-05 -5.879613486182988e-05 0 4.860656282795749e-05 1.005159235301089e-05 0 -6.031996547934543e-06 3.649139456690653e-06 0 -1.401360838594601e-05 2.492673904425091e-06 0 2.520762902812751e-06 4.565029140639332e-06 0 7.025484095691398e-06 5.875731802433559e-06 0 3.277186294326633e-06 5.830680156193591e-06 0 -4.970388646462209e-07 4.640865555481655e-06 0 1.091739975377787e-06 5.738398955276724e-06 0 1.069633983491469e-05 1.176425446607065e-05 0 4.586315482785207e-05 -6.016966624260156e-05 0 -4.351098959992638e-06 -2.300691022960599e-05 0 -8.714876224558131e-06 -1.521322489989735e-05 0 8.739080384692621e-06 -2.573412459408453e-05 0 1.133992695190322e-05 -3.323133642329362e-05 0 4.710500776966552e-06 -3.433100223326768e-05 0 4.860797346323275e-06 -2.916431292426802e-05 0 2.21845033978596e-05 -3.187252837295873e-05 0 5.682000120806052e-05 -5.625025701572194e-05 0 4.860359180248671e-05 9.564317007354493e-06 0 -6.03981755815941e-06 3.479234225209348e-06 0 -1.40510441114447e-05 2.383245106235553e-06 0 2.466092152497018e-06 4.349754936558425e-06 0 7.001746027000127e-06 5.594373081813098e-06 0 3.269722749492387e-06 5.554694813683647e-06 0 -5.295760506680847e-07 4.43481718405414e-06 0 9.080713779842375e-07 5.469401507439408e-06 0 1.019890451298827e-05 1.117688830027524e-05 0 4.59406253047051e-05 -5.691971195826567e-05 0 -4.466192492225129e-06 -2.184575767572721e-05 0 -9.024093117440677e-06 -1.450847312473025e-05 0 8.357716272527904e-06 -2.450890275659812e-05 0 1.10505251125631e-05 -3.166735479246535e-05 0 4.619573903047457e-06 -3.268260365527075e-05 0 4.6098822225199e-06 -2.775234996512527e-05 0 2.096861686107232e-05 -3.042804825817424e-05 0 5.403031902626032e-05 -5.381159351582759e-05 0 4.860186119298032e-05 9.102186600516702e-06 0 -6.04733958435924e-06 3.317964528175287e-06 0 -1.408527052233419e-05 2.273971137160823e-06 0 2.414240833588377e-06 4.146654926998061e-06 0 6.97454900024444e-06 5.329205138723814e-06 0 3.263209966519742e-06 5.292725720668079e-06 0 -5.548346675640636e-07 4.231185680575455e-06 0 7.331670816186631e-07 5.215519295789783e-06 0 9.71434599559423e-06 1.061819610145842e-05 0 4.602315054355598e-05 -5.386764849795583e-05 0 -4.574827556128036e-06 -2.075770850454988e-05 0 -9.343642040776643e-06 -1.385356742541338e-05 0 8.004800354760588e-06 -2.334604823858027e-05 0 1.081519650805718e-05 -3.013377820337143e-05 0 4.529868120731194e-06 -3.112538392064517e-05 0 4.314212906572633e-06 -2.642215470156223e-05 0 1.982404342044941e-05 -2.905321456638659e-05 0 5.140487478688671e-05 -5.143179541815951e-05 0 4.859975857196899e-05 8.660491805229096e-06 0 -6.056063283604862e-06 3.1654412512086e-06 0 -1.411794179181913e-05 2.170352203761938e-06 0 2.367374395011168e-06 3.947061223502635e-06 0 6.948350106238815e-06 5.079237847087359e-06 0 3.251547594160242e-06 5.045796371547229e-06 0 -5.786557283858629e-07 4.03744414273488e-06 0 5.715523862526162e-07 4.967298951115416e-06 0 9.256212149318098e-06 1.009269593046924e-05 0 4.611600760091871e-05 -5.094931555246762e-05 0 -4.66232820123258e-06 -1.969832222425971e-05 0 -9.6476130027473e-06 -1.32376866253045e-05 0 7.638566349443821e-06 -2.225214225146793e-05 0 1.059799300148767e-05 -2.868174204801593e-05 0 4.488005734812338e-06 -2.960247425208562e-05 0 4.031893381647999e-06 -2.516602706653659e-05 0 1.867262723566354e-05 -2.77423863827772e-05 0 4.892261882097348e-05 -4.915967610588657e-05 0 4.859796520536099e-05 8.243559420258171e-06 0 -6.064611903982414e-06 3.021111821363553e-06 0 -1.415130189829847e-05 2.074041679726856e-06 0 2.323344815081257e-06 3.758032608096317e-06 0 6.9272001765458e-06 4.834299610692594e-06 0 3.239685334863878e-06 4.812772864057346e-06 0 -6.078494489483721e-07 3.855310230171937e-06 0 4.189388212935685e-07 4.732159370607335e-06 0 8.823501612312266e-06 9.585961229088833e-06 0 4.620743992633791e-05 -4.821636645004068e-05 0 -4.740549362280966e-06 -1.870021539120137e-05 0 -9.916185225763983e-06 -1.262300500366742e-05 0 7.292798453392701e-06 -2.121856228364666e-05 0 1.035722613874912e-05 -2.731171907975616e-05 0 4.450429048966086e-06 -2.816238780203872e-05 0 3.807394303487199e-06 -2.393739847422749e-05 0 1.758872112958553e-05 -2.649516807386176e-05 0 4.648994252767769e-05 -4.69695833738501e-05 0 4.859748896642729e-05 7.841383906595499e-06 0 -6.071741807986419e-06 2.879603151970111e-06 0 -1.418304451298799e-05 1.982611523995703e-06 0 2.278404313327264e-06 3.580416971328548e-06 0 6.907750090649756e-06 4.602165588264706e-06 0 3.232961067061585e-06 4.584056302048277e-06 0 -6.366235310931168e-07 3.683042879509823e-06 0 2.658821607257056e-07 4.509999243999806e-06 0 8.416040460576533e-06 9.108362597140539e-06 0 4.62906598965862e-05 -4.563296654330056e-05 0 -4.828082032365399e-06 -1.776376194959766e-05 0 -1.016258126855518e-05 -1.203632703485752e-05 0 6.988967169857529e-06 -2.020058087439519e-05 0 1.013018525207465e-05 -2.601705055775561e-05 0 4.374578026600239e-06 -2.680410098084007e-05 0 3.598118446176967e-06 -2.277595583430325e-05 0 1.659520871184761e-05 -2.527395174458518e-05 0 4.420043187010336e-05 -4.487866285907138e-05 0 4.859791253371617e-05 7.460148799855182e-06 0 -6.078566725832568e-06 2.74535194746267e-06 0 -1.421206418984397e-05 1.891382357677162e-06 0 2.235785052887018e-06 3.412853025006046e-06 0 6.885424588688738e-06 4.383372172976629e-06 0 3.22705745813695e-06 4.367026801579964e-06 0 -6.592844654963737e-07 3.512962312705869e-06 0 1.202250156893958e-07 4.300290319121657e-06 0 8.019061996673153e-06 8.65389673243566e-06 0 4.637547825994681e-05 -4.320605090341045e-05 0 -4.911019604425526e-06 -1.68854266666546e-05 0 -1.041612315499929e-05 -1.14902487873339e-05 0 6.707526955390674e-06 -1.923502406147443e-05 0 9.944526738678293e-06 -2.474875803692989e-05 0 4.299859826556451e-06 -2.552202431575085e-05 0 3.354479235190277e-06 -2.168226828867803e-05 0 1.566120676861626e-05 -2.411345968084816e-05 0 4.204568232699102e-05 -4.28423669765754e-05 0 4.859793505753231e-05 7.095949315152893e-06 0 -6.086356577440083e-06 2.618402921678031e-06 0 -1.423973295939379e-05 1.80488948077484e-06 0 2.19730114379632e-06 3.24821985106527e-06 0 6.863910740461526e-06 4.177148137676777e-06 0 3.216912724157e-06 4.162435271813646e-06 0 -6.806344302438816e-07 3.351227655386257e-06 0 -1.438361670047516e-08 4.095311272267476e-06 0 7.643804927612295e-06 8.226273301742413e-06 0 4.646629709499638e-05 -4.088457809331424e-05 0 -4.978496485300021e-06 -1.602999706322438e-05 0 -1.065741019355692e-05 -1.097653181220126e-05 0 6.416526948202494e-06 -1.832669044447149e-05 0 9.772989600198566e-06 -2.354877595953792e-05 0 4.26237245469696e-06 -2.426877102776337e-05 0 3.121592438426467e-06 -2.065026665004632e-05 0 1.472323928980446e-05 -2.300881836980739e-05 0 4.001144853850447e-05 -4.090321940145719e-05 0 4.859808940006759e-05 6.752327424884574e-06 0 -6.093952114670509e-06 2.498322056038171e-06 0 -1.426794249799815e-05 1.724447353149139e-06 0 2.161165231877315e-06 3.092314789489292e-06 0 6.846575764291735e-06 3.975133762025572e-06 0 3.206627544438678e-06 3.969405640701084e-06 0 -7.063398796205989e-07 3.199139414523932e-06 0 -1.414615504943817e-07 3.901155710223091e-06 0 7.289386571105588e-06 7.813816820349815e-06 0 4.65542692919818e-05 -3.870946095743676e-05 0 -5.039274995982668e-06 -1.522345335368269e-05 0 -1.087179233655311e-05 -1.046461029222817e-05 0 6.141620628868915e-06 -1.74691035024141e-05 0 9.583438318958025e-06 -2.241690816116859e-05 0 4.228576006820583e-06 -2.308424346422755e-05 0 2.934489595790567e-06 -1.964085415816219e-05 0 1.383930826930057e-05 -2.195997691931128e-05 0 3.801937858415039e-05 -3.90382636486844e-05 0 4.859925328552436e-05 6.421004719737999e-06 0 -6.100335103315091e-06 2.380652406472338e-06 0 -1.429475587394133e-05 1.648094305820025e-06 0 2.124267077706354e-06 2.945796136140376e-06 0 6.830648015029861e-06 3.783712322784349e-06 0 3.20060948108547e-06 3.780037026709926e-06 0 -7.315829000341389e-07 3.05533222681037e-06 0 -2.688338373857401e-07 3.717654591173236e-06 0 6.955646347402145e-06 7.425001472431691e-06 0 4.663500161497524e-05 -3.665164841128859e-05 0 -5.106959456213644e-06 -1.446563542777113e-05 0 -1.106897095733139e-05 -9.976082502832773e-06 0 5.898934518952514e-06 -1.662544826333545e-05 0 9.404506747065498e-06 -2.134814029181031e-05 0 4.165296424080144e-06 -2.196723767304565e-05 0 2.760202430299174e-06 -1.868676669634222e-05 0 1.30280562317675e-05 -2.093416093001954e-05 0 3.614397187054474e-05 -3.726257859679172e-05 0 4.860105576215758e-05 6.107051778246607e-06 0 -6.106421040666388e-06 2.26906001400684e-06 0 -1.431926963847349e-05 1.571971338230893e-06 0 2.089282946531045e-06 2.807577661460836e-06 0 6.812344472442028e-06 3.603274686306279e-06 0 3.195300621230273e-06 3.600397254624465e-06 0 -7.517076846957904e-07 2.913475461073511e-06 0 -3.899796088592533e-07 3.544423400003715e-06 0 6.630455148932957e-06 7.054903363404307e-06 0 4.671545235983287e-05 -3.471747300268224e-05 0 -5.171296701259043e-06 -1.375428567479409e-05 0 -1.127112271194497e-05 -9.520771076604317e-06 0 5.673886773069347e-06 -1.582569671396833e-05 0 9.257394076409018e-06 -2.030197316746363e-05 0 4.103097638777363e-06 -2.0913484373275e-05 0 2.559519527101095e-06 -1.778847623232909e-05 0 1.226598649783916e-05 -1.996049987352394e-05 0 3.437857121993404e-05 -3.553620896844939e-05 0 4.860245348513314e-05 5.807239756662474e-06 0 -6.113279310184655e-06 2.163544350168578e-06 0 -1.43426152977924e-05 1.499814986503922e-06 0 2.057719478389813e-06 2.671812910332027e-06 0 6.794703980735756e-06 3.433224703003334e-06 0 3.186513503321969e-06 3.431033652925852e-06 0 -7.706504544652271e-07 2.778642967007916e-06 0 -5.01954710168534e-07 3.375143816451708e-06 0 6.323114646589884e-06 6.706564814516757e-06 0 4.679925723073685e-05 -3.286640376392452e-05 0 -5.224169334350215e-06 -1.30613748034053e-05 0 -1.146357216673388e-05 -9.092405773555856e-06 0 5.44192526484577e-06 -1.507328692536974e-05 0 9.121297930361759e-06 -1.931269255790041e-05 0 4.06994668261662e-06 -1.988378793248841e-05 0 2.367552561319263e-06 -1.694123949325804e-05 0 1.150194204552202e-05 -1.903481434136628e-05 0 3.271372969480824e-05 -3.389556683920658e-05 0 4.860385562495406e-05 5.524473728216183e-06 0 -6.119945034455815e-06 2.063771950236437e-06 0 -1.436638133548926e-05 1.432667308336188e-06 0 2.028095612824354e-06 2.543262569376648e-06 0 6.78051094829199e-06 3.266696903099497e-06 0 3.177633638624249e-06 3.271272666041658e-06 0 -7.931130625860039e-07 2.651818223481373e-06 0 -6.076349768104062e-07 3.214820639911575e-06 0 6.032857299713423e-06 6.370513630428453e-06 0 4.68796757644857e-05 -3.113097320004559e-05 0 -5.272124789471033e-06 -1.240767921782682e-05 0 -1.163539843636319e-05 -8.666217802225096e-06 0 5.222683013672568e-06 -1.436336663615534e-05 0 8.971358394033178e-06 -1.837970034933994e-05 0 4.039904943561878e-06 -1.891084554264677e-05 0 2.211833178444866e-06 -1.611253164140319e-05 0 1.078124553724469e-05 -1.815732195530051e-05 0 3.108467298400253e-05 -3.232052365754329e-05 0 4.860601574337847e-05 5.251932042579787e-06 0 -6.125590317072188e-06 1.966057774013818e-06 0 -1.438895466951764e-05 1.368945988414194e-06 0 1.997838256637823e-06 2.422434425830566e-06 0 6.767478678199046e-06 3.108931531319026e-06 0 3.172286184686262e-06 3.114615443750024e-06 0 -8.151022695898624e-07 2.531932938330816e-06 0 -7.134919038399856e-07 3.06325007492364e-06 0 5.759544611197431e-06 6.053673851279249e-06 0 4.695385292277642e-05 -2.948776048122131e-05 0 -5.32524124800815e-06 -1.179272317951285e-05 0 -1.179379664457969e-05 -8.259655400556787e-06 0 5.028354311834015e-06 -1.366571254479698e-05 0 8.829693320569485e-06 -1.749924279445536e-05 0 3.987059270058046e-06 -1.799340615599165e-05 0 2.066758462246354e-06 -1.532924099150595e-05 0 1.011890671853699e-05 -1.729990577059581e-05 0 2.955054937858748e-05 -3.082419102576339e-05 0 4.860861065054955e-05 4.99377435365933e-06 0 -6.130961969358362e-06 1.87343224988118e-06 0 -1.440960244638786e-05 1.30547022628158e-06 0 1.969151460057272e-06 2.308460477065677e-06 0 6.752488571872689e-06 2.96020910521555e-06 0 3.167547394059e-06 2.966050003397336e-06 0 -8.328214705990988e-07 2.413771246309593e-06 0 -8.141210312839764e-07 2.92015820894248e-06 0 5.493220283717126e-06 5.752007882692254e-06 0 4.702677034916502e-05 -2.794238414519784e-05 0 -5.375875362187421e-06 -1.121510473973963e-05 0 -1.195567835064748e-05 -7.880338978048795e-06 0 4.84795980872088e-06 -1.300470870269771e-05 0 8.712631349355736e-06 -1.663798730147658e-05 0 3.935212446848357e-06 -1.712823582542683e-05 0 1.901326161721228e-06 -1.459173514582746e-05 0 9.496979510553725e-06 -1.648681423839504e-05 0 2.810602100224157e-05 -2.937148142642676e-05 0 4.861081216674459e-05 4.747335059770984e-06 0 -6.136947490766737e-06 1.785863362295526e-06 0 -1.442924916170846e-05 1.245317291599657e-06 0 1.94327957992943e-06 2.196538783097446e-06 0 6.738036226940775e-06 2.820067351819167e-06 0 3.159963063412846e-06 2.825970957791302e-06 0 -8.494892010137145e-07 2.30151204545087e-06 0 -9.071527568883797e-07 2.7803717969066e-06 0 5.241563483242284e-06 5.468014903489691e-06 0 4.710141613223361e-05 -2.646264127811187e-05 0 -5.417912094643484e-06 -1.065242303573133e-05 0 -1.210984413217708e-05 -7.52349039692679e-06 0 4.662524764775799e-06 -1.238277748044636e-05 0 8.604198324019262e-06 -1.582391943223682e-05 0 3.906108912363203e-06 -1.628307964552516e-05 0 1.742966249995703e-06 -1.38963390788685e-05 0 8.874352689924868e-06 -1.571447627027323e-05 0 2.67448734315584e-05 -2.799318099881709e-05 0 4.861294142294997e-05 4.51498344203327e-06 0 -6.14273823528258e-06 1.703089622273612e-06 0 -1.444921503688037e-05 1.189311179004837e-06 0 1.919004642979976e-06 2.090574137053602e-06 0 6.726416576265104e-06 2.682866888079061e-06 0 3.152320979714351e-06 2.693860504381085e-06 0 -8.689957245178181e-07 2.195896282058962e-06 0 -9.94930834649632e-07 2.648001853844395e-06 0 5.00390787809904e-06 5.194001943577274e-06 0 4.717262266946964e-05 -2.507449647379256e-05 0 -5.456279365184669e-06 -1.01213565599223e-05 0 -1.224808663510823e-05 -7.168997483715522e-06 0 4.487180658610534e-06 -1.17962778200531e-05 0 8.485077721664956e-06 -1.505621800463458e-05 0 3.87960806461085e-06 -1.548467399625774e-05 0 1.613338841272016e-06 -1.321615964069989e-05 0 8.286557092701539e-06 -1.498329147535393e-05 0 2.541394748611925e-05 -2.667191430950899e-05 0 4.86156473424662e-05 4.291090919018858e-06 0 -6.147660478114658e-06 1.62205886283101e-06 0 -1.446815232531567e-05 1.136177032193264e-06 0 1.894209670741387e-06 1.990956462326332e-06 0 6.715750449044072e-06 2.552903585369137e-06 0 3.147595252602636e-06 2.564373246860541e-06 0 -8.880391721699521e-07 2.096088160853659e-06 0 -1.082796559706556e-06 2.522829178765173e-06 0 4.780141134367449e-06 4.935627527687113e-06 0 4.72385422070759e-05 -2.375910494508554e-05 0 -5.498517358662469e-06 -9.621260125471097e-06 0 -1.237578742224743e-05 -6.830986916846193e-06 0 4.331209688498982e-06 -1.122043745217099e-05 0 8.372450589558265e-06 -1.433207085346083e-05 0 3.835411671884724e-06 -1.473178896838762e-05 0 1.49250715728022e-06 -1.257322731367666e-05 0 7.745613107415504e-06 -1.426941169896389e-05 0 2.416019553257154e-05 -2.541894794278604e-05 0 4.861864342207283e-05 4.079057404543506e-06 0 -6.152331466550975e-06 1.545267232373748e-06 0 -1.448546792032212e-05 1.083293086096004e-06 0 1.870714154313114e-06 1.896998583335307e-06 0 6.703475929320524e-06 2.430374857233242e-06 0 3.143387810208148e-06 2.441604202471636e-06 0 -9.035289171670235e-07 1.997789896478197e-06 0 -1.166280598520475e-06 2.404660394354774e-06 0 4.562098011872545e-06 4.689578224220669e-06 0 4.730279532436098e-05 -2.252133105595799e-05 0 -5.538845350608335e-06 -9.151291038483887e-06 0 -1.250593337093209e-05 -6.515358196637621e-06 0 4.186275606721246e-06 -1.067508921989008e-05 0 8.278952936355275e-06 -1.362411788476126e-05 0 3.792140114908249e-06 -1.402197894563584e-05 0 1.35594083543189e-06 -1.196779959507926e-05 0 7.237777725599414e-06 -1.359291293983461e-05 0 2.297931025758981e-05 -2.420396051814461e-05 0 4.862126330098734e-05 3.876689742769722e-06 0 -6.157499686170603e-06 1.472664594930062e-06 0 -1.450192701385466e-05 1.033190691432373e-06 0 1.849543761131556e-06 1.804762449687802e-06 0 6.691644582154654e-06 2.314929394946208e-06 0 3.136855371881769e-06 2.325833075314531e-06 0 -9.180945183470679e-07 1.90443953407976e-06 0 -1.24347842914499e-06 2.289254827606002e-06 0 4.35610705593753e-06 4.45790343743535e-06 0 4.73678271993988e-05 -2.133553353105693e-05 0 -5.5726185830135e-06 -8.693471407604512e-06 0 -1.262988561952227e-05 -6.218464604974826e-06 0 4.037637366588465e-06 -1.016191660333648e-05 0 8.192235202139629e-06 -1.295517275617247e-05 0 3.766755846540403e-06 -1.332877497196849e-05 0 1.225164244431087e-06 -1.139704236387262e-05 0 6.730065667079343e-06 -1.29507487541744e-05 0 2.186726314198917e-05 -2.305273493103527e-05 0 4.862375100584195e-05 3.685933159316979e-06 0 -6.162495311493738e-06 1.404056861525893e-06 0 -1.451863809838472e-05 9.865191015756556e-07 0 1.829688182523187e-06 1.717451837572603e-06 0 6.68214505412934e-06 2.201942957170965e-06 0 3.130293008260509e-06 2.216666746789053e-06 0 -9.349495564171806e-07 1.816592519861271e-06 0 -1.316299106397106e-06 2.179987683016693e-06 0 4.161591617337507e-06 4.234344261500044e-06 0 4.742960786888183e-05 -2.022248905719781e-05 0 -5.603601532483404e-06 -8.261223743373512e-06 0 -1.274142184604088e-05 -5.923949740055389e-06 0 3.897055279561412e-06 -9.678193070170038e-06 0 8.097216522742754e-06 -1.232431905153625e-05 0 3.743535996289515e-06 -1.267400437975075e-05 0 1.117233310449217e-06 -1.083879999696363e-05 0 6.25044601067215e-06 -1.23434284463042e-05 0 2.078065424544751e-05 -2.195045243296584e-05 0 4.86266613822471e-05 3.502174903080579e-06 0 -6.166767749851698e-06 1.336930952611226e-06 0 -1.453448338730595e-05 9.422532396899385e-07 0 1.80939749200304e-06 1.6353623813678e-06 0 6.673428829640643e-06 2.09493934891225e-06 0 3.126138542471762e-06 2.109715152791291e-06 0 -9.513668160418542e-07 1.733598098609123e-06 0 -1.389146571263017e-06 2.076638957362875e-06 0 3.978461588369925e-06 4.023523640407644e-06 0 4.748692760213335e-05 -1.916704312188155e-05 0 -5.637525756108097e-06 -7.853831585198643e-06 0 -1.28446245615671e-05 -5.643268158078695e-06 0 3.771649826553314e-06 -9.203648645907114e-06 0 8.007333513693203e-06 -1.172946592953306e-05 0 3.706514558471374e-06 -1.205650260483609e-05 0 1.016548634408254e-06 -1.031109189399831e-05 0 5.808494820291887e-06 -1.175089631706011e-05 0 1.975680623227116e-05 -2.090670182147703e-05 0 4.86297506931653e-05 3.328200096776312e-06 0 -6.170817643064153e-06 1.273347216508569e-06 0 -1.454897927119156e-05 8.982343427110794e-07 0 1.79016582843583e-06 1.557945218215451e-06 0 6.663387525081971e-06 1.994052621800968e-06 0 3.122425940610407e-06 2.008341637653454e-06 0 -9.648305801072954e-07 1.6519192054254e-06 0 -1.45832972271373e-06 1.979077632954795e-06 0 3.8000221773693e-06 3.822724095395301e-06 0 4.754244192392564e-05 -1.817336795066626e-05 0 -5.669979457445518e-06 -7.470831439107539e-06 0 -1.294957141316499e-05 -5.380981719128874e-06 0 3.655018340209537e-06 -8.754416812202515e-06 0 7.932424507986478e-06 -1.114821297481389e-05 0 3.670336205630064e-06 -1.147443969824746e-05 0 9.036447916332956e-07 -9.814073356123609e-06 0 5.393622942426179e-06 -1.118971133255708e-05 0 1.879220171009666e-05 -1.989561041101928e-05 0 4.863249420563111e-05 3.162201760546767e-06 0 -6.175260402266347e-06 1.213241865694048e-06 0 -1.456274691290227e-05 8.565454556533346e-07 0 1.772840345744958e-06 1.481966197515449e-06 0 6.653701493542635e-06 1.899010219644226e-06 0 3.116815175487064e-06 1.912740323566086e-06 0 -9.774859971688199e-07 1.574385203949313e-06 0 -1.522316259223999e-06 1.883828168409984e-06 0 3.631482880697701e-06 3.633629908475488e-06 0 4.759815884966544e-05 -1.722100998061831e-05 0 -5.697398446372071e-06 -7.097761476809739e-06 0 -1.30495522506352e-05 -5.134304741784279e-06 0 3.535622976197361e-06 -8.331643715900339e-06 0 7.862868997662862e-06 -1.059914979356646e-05 0 3.648297539668443e-06 -1.090614786683486e-05 0 7.954960699468881e-07 -9.345576075139859e-06 0 4.979346697797648e-06 -1.065727591714055e-05 0 1.788424613650974e-05 -1.893862212262037e-05 0 4.863508606094829e-05 3.005759157848064e-06 0 -6.179535085869964e-06 1.156461654390484e-06 0 -1.457670120345172e-05 8.176970826140327e-07 0 1.756595470303602e-06 1.410051008302049e-06 0 6.645924383812118e-06 1.8060148870222e-06 0 3.111189923844098e-06 1.822609696340571e-06 0 -9.919845431194394e-07 1.501410181153906e-06 0 -1.582658078685267e-06 1.793662597504575e-06 0 3.472349270988023e-06 3.451147688564304e-06 0 4.765093904156303e-05 -1.6326641265961e-05 0 -5.722660186807671e-06 -6.745454837975284e-06 0 -1.313980348950638e-05 -4.889924276343938e-06 0 3.422657330512391e-06 -7.933280373212391e-06 0 7.786822279337578e-06 -1.00813378841394e-05 0 3.62806320548803e-06 -1.036943525643125e-05 0 7.055729037974687e-07 -8.887398275793377e-06 0 4.58778167050644e-06 -1.01541518792575e-05 0 1.699760033115061e-05 -1.802321302183524e-05 0 4.86380006584422e-05 2.855071456461799e-06 0 -6.18319446965554e-06 1.10092622739727e-06 0 -1.458991058361086e-05 7.808643199061492e-07 0 1.739997544599609e-06 1.342424785319429e-06 0 6.638789461419631e-06 1.717953009204576e-06 0 3.107545006916789e-06 1.734340779123433e-06 0 -1.006080623477956e-06 1.432485567248731e-06 0 -1.642983022565742e-06 1.708368076808186e-06 0 3.32255054076927e-06 3.279055378051232e-06 0 4.770000447257283e-05 -1.547805979852656e-05 0 -5.750146830907354e-06 -6.413179426741077e-06 0 -1.322343014301119e-05 -4.657140962323336e-06 0 3.32162911670375e-06 -7.542751329858709e-06 0 7.714845400075275e-06 -9.593215616665596e-06 0 3.597018562173648e-06 -9.863218683348052e-06 0 6.216242978973605e-07 -8.454265813320759e-06 0 4.226550690114571e-06 -9.663579353905161e-06 0 1.616199950200958e-05 -1.715747206782609e-05 0 4.864102332893457e-05 2.712406272822876e-06 0 -6.186652294948997e-06 1.048326698463442e-06 0 -1.460198530559356e-05 7.442680190206107e-07 0 1.7242783051305e-06 1.278654805897395e-06 0 6.630570759509624e-06 1.63491474170635e-06 0 3.104273929074169e-06 1.650692618357374e-06 0 -1.017730663889493e-06 1.364697889243149e-06 0 -1.700251648813211e-06 1.627856111401093e-06 0 3.176598864181035e-06 3.115122591740293e-06 0 4.774732677072235e-05 -1.467878448994236e-05 0 -5.776452184066971e-06 -6.100708514762686e-06 0 -1.330828598537781e-05 -4.439480762320758e-06 0 3.227598534036313e-06 -7.173178829429638e-06 0 7.654642377105668e-06 -9.116459040184322e-06 0 3.566732526341653e-06 -9.386126634348955e-06 0 5.281597567075023e-07 -8.046241915221629e-06 0 3.887458706622326e-06 -9.199178265251184e-06 0 1.537456035545504e-05 -1.631953233408034e-05 0 4.864372937871466e-05 2.576282505176164e-06 0 -6.190428783338364e-06 9.985956747268763e-07 0 -1.461343864422176e-05 7.096195082656464e-07 0 1.710133011176979e-06 1.216090654072854e-06 0 6.622647781430457e-06 1.556695149687592e-06 0 3.099457223456475e-06 1.571797871094405e-06 0 -1.028681265693304e-06 1.300373213705686e-06 0 -1.753234289338101e-06 1.54927443277858e-06 0 3.038772594405464e-06 2.9607283878047e-06 0 4.77945442277361e-05 -1.391244985957107e-05 0 -5.798833093650924e-06 -5.796367253084466e-06 0 -1.338911597406622e-05 -4.234811609854505e-06 0 3.131503681849668e-06 -6.825327812452764e-06 0 7.59868448613199e-06 -8.666204969365319e-06 0 3.547670368878042e-06 -8.920435225712174e-06 0 4.386248522308954e-07 -7.661671578465533e-06 0 3.549222897594739e-06 -8.758734533202694e-06 0 1.463363498509229e-05 -1.552713322407889e-05 0 4.864625832034716e-05 2.448001892731144e-06 0 -6.194071248709354e-06 9.516272578766194e-07 0 -1.462503875964902e-05 6.773190641407022e-07 0 1.696878637932192e-06 1.156886299771842e-06 0 6.616294850995269e-06 1.480183318670891e-06 0 3.094642723550089e-06 1.497429406742412e-06 0 -1.041113980020103e-06 1.239819271053877e-06 0 -1.803188482349394e-06 1.474897977714329e-06 0 2.908647679288057e-06 2.811720900365577e-06 0 4.78391692537855e-05 -1.319245742942981e-05 0 -5.819523517205938e-06 -5.508912751486793e-06 0 -1.34622575407306e-05 -4.032287567769244e-06 0 3.040577050722471e-06 -6.497663714459534e-06 0 7.537634561863293e-06 -8.241547428740335e-06 0 3.530113749150576e-06 -8.480661635501539e-06 0 3.636803912882012e-07 -7.285621813964138e-06 0 3.229402465818043e-06 -8.342823587526027e-06 0 1.391049695487201e-05 -1.476976650100631e-05 0 4.864900658550427e-05 2.32447038422956e-06 0 -6.197218716714331e-06 9.057174852611372e-07 0 -1.46360276153841e-05 6.467056913386781e-07 0 1.683331023915463e-06 1.10121039903488e-06 0 6.610471158199904e-06 1.407747189201281e-06 0 3.091460985097521e-06 1.424625725297834e-06 0 -1.05317864047133e-06 1.182641503665038e-06 0 -1.85309534232736e-06 1.404527960768842e-06 0 2.786174941055847e-06 2.671185061142722e-06 0 4.788069411884587e-05 -1.250897703049258e-05 0 -5.841924384089592e-06 -5.237639889459077e-06 0 -1.353010684772282e-05 -3.839467422016296e-06 0 2.959098010457684e-06 -6.17664972001053e-06 0 7.479835550702751e-06 -7.841333245856006e-06 0 3.504058427139522e-06 -8.065819186844901e-06 0 2.936665128572268e-07 -6.930117805670211e-06 0 2.934055228304144e-06 -7.937509536273812e-06 0 1.322889155998264e-05 -1.405421520599137e-05 0 4.865180178511424e-05 2.207546221690004e-06 0 -6.20019288846349e-06 8.622628514115549e-07 0 -1.464609167124361e-05 6.163162667091602e-07 0 1.67048828126834e-06 1.048715273017919e-06 0 6.603758459605008e-06 1.339443814217522e-06 0 3.088598675420051e-06 1.355653285788072e-06 0 -1.063215177156407e-06 1.126443823759593e-06 0 -1.900450874180865e-06 1.338110163555395e-06 0 2.666863652873303e-06 2.537292813534208e-06 0 4.792059702231343e-05 -1.186497044791679e-05 0 -5.863386185148145e-06 -4.98248209609281e-06 0 -1.35988429195294e-05 -3.659077559788059e-06 0 2.883213691601272e-06 -5.872962149933159e-06 0 7.431345070807449e-06 -7.450599206537678e-06 0 3.478681009180806e-06 -7.674895083520371e-06 0 2.16216624049359e-07 -6.595150063785915e-06 0 2.656806370640585e-06 -7.553973515012079e-06 0 1.258644024201838e-05 -1.336214365702665e-05 0 4.865432441186062e-05 2.096009510225982e-06 0 -6.203404775834143e-06 8.2119095245331e-07 0 -1.465563049886376e-05 5.875587149040128e-07 0 1.658918345835009e-06 9.972232185573304e-07 0 6.597275567756661e-06 1.27511138823394e-06 0 3.084479080161378e-06 1.290600052016033e-06 0 -1.072645588528348e-06 1.073141046747938e-06 0 -1.944267771579466e-06 1.273306266501295e-06 0 2.554228933158986e-06 2.411177628371119e-06 0 4.796022371718333e-05 -1.12473219109066e-05 0 -5.881774421664931e-06 -4.734003448532419e-06 0 -1.366432802728246e-05 -3.489485683197402e-06 0 2.805759145796394e-06 -5.587093242831465e-06 0 7.386231961503675e-06 -7.081670815589636e-06 0 3.462248456612138e-06 -7.293413278805505e-06 0 1.420223239151363e-07 -6.279466257801125e-06 0 2.380526701789564e-06 -7.190329047966625e-06 0 1.198211510577973e-05 -1.270817124766205e-05 0 4.86566860935754e-05 1.99090649195821e-06 0 -6.20647888514847e-06 7.82412427222101e-07 0 -1.466526090503767e-05 5.607459203429975e-07 0 1.648079539576242e-06 9.484975148632556e-07 0 6.59206342312757e-06 1.212193858242394e-06 0 3.080362837908079e-06 1.229290428048091e-06 0 -1.083266419420192e-06 1.022960441118825e-06 0 -1.985567352359024e-06 1.211985307558727e-06 0 2.447908055366183e-06 2.289458158610813e-06 0 4.799761148636949e-05 -1.066682399044477e-05 0 -5.898818357955027e-06 -4.499296206682268e-06 0 -1.372371761412805e-05 -3.32185304565552e-06 0 2.73245079548956e-06 -5.317887973484148e-06 0 7.337098097762174e-06 -6.733697400472527e-06 0 3.44707287841528e-06 -6.933206488354826e-06 0 7.954112542229988e-08 -5.970833631359362e-06 0 2.119208936890437e-06 -6.84713626079858e-06 0 1.139258669105581e-05 -1.208352797685275e-05 0 4.865921653120219e-05 1.889680751827882e-06 0 -6.209131566681236e-06 7.445120970284157e-07 0 -1.467435648791829e-05 5.353449241268792e-07 0 1.637017956072906e-06 9.02666358909565e-07 0 6.587284429787621e-06 1.152628340189699e-06 0 3.077577093685973e-06 1.16928879182604e-06 0 -1.093564231630789e-06 9.755929608057377e-07 0 -2.02680313694803e-06 1.153964412588248e-06 0 2.34786153485711e-06 2.174654941899945e-06 0 4.803243912969434e-05 -1.011554191398395e-05 0 -5.917165502883348e-06 -4.277698273866259e-06 0 -1.377885906600484e-05 -3.162327008178478e-06 0 2.666641586213103e-06 -5.054291982289905e-06 0 7.290562521564126e-06 -6.405820664752426e-06 0 3.425191326567045e-06 -6.59338223693573e-06 0 2.113376912360456e-08 -5.67906858876116e-06 0 1.877666182495408e-06 -6.512849810520748e-06 0 1.083686278545437e-05 -1.149386656496693e-05 0 4.866175882716622e-05 1.793841759460679e-06 0 -6.211637034972406e-06 7.086371356865294e-07 0 -1.468267488422339e-05 5.101488837200295e-07 0 1.626552122945685e-06 8.594580737791845e-07 0 6.581791391593178e-06 1.096450926336978e-06 0 3.075059411238034e-06 1.112452549037468e-06 0 -1.102195693918756e-06 9.290637431394465e-07 0 -2.065924356989268e-06 1.099209452078142e-06 0 2.250407281544076e-06 2.065268329673464e-06 0 4.806582461784614e-05 -9.595938468331953e-06 0 -5.934737860063821e-06 -4.069235139778082e-06 0 -1.383462548158742e-05 -3.01301495663625e-06 0 2.605320058621241e-06 -4.804989166572182e-06 0 7.251414164674563e-06 -6.085821681413306e-06 0 3.403912569033273e-06 -6.27318945382177e-06 0 -4.309705525784588e-08 -5.404103407408156e-06 0 1.650921051352116e-06 -6.196633511437732e-06 0 1.0312974004556e-05 -1.092390015792338e-05 0 4.866404786759564e-05 1.702401274138176e-06 0 -6.214347344719873e-06 6.747236123705313e-07 0 -1.469055433751809e-05 4.863162514703867e-07 0 1.617137950677555e-06 8.17091117544244e-07 0 6.576498341605286e-06 1.04354410670332e-06 0 3.071528102992215e-06 1.058838592422895e-06 0 -1.110309625153988e-06 8.849460322798984e-07 0 -2.102141334215518e-06 1.04579894717044e-06 0 2.158420299724212e-06 1.962222914618505e-06 0 4.80988653083908e-05 -9.097473816131739e-06 0 -5.949875226049506e-06 -3.866259935529636e-06 0 -1.388774004400239e-05 -2.872665750587588e-06 0 2.542808093627946e-06 -4.570283079811943e-06 0 7.214965050267308e-06 -5.783730708946999e-06 0 3.389791134636444e-06 -5.960804118028407e-06 0 -1.046149458172608e-07 -5.144992084954447e-06 0 1.425170300300982e-06 -5.896881418762655e-06 0 9.820296127005523e-06 -1.038563819978633e-05 0 4.866616741293697e-05 1.616221279421292e-06 0 -6.216952577513257e-06 6.427132941272394e-07 0 -1.469851619105566e-05 4.640930563251655e-07 0 1.608321336110663e-06 7.770121099939796e-07 0 6.572249396891855e-06 9.918184827109597e-07 0 3.068013628124838e-06 1.008318578035738e-06 0 -1.119372797803858e-06 8.434070618151821e-07 0 -2.136272075375922e-06 9.952661551015927e-07 0 2.071591086630353e-06 1.862758796961072e-06 0 4.812999030869013e-05 -8.628849534418613e-06 0 -5.963935420058575e-06 -3.674522032919014e-06 0 -1.393599082240293e-05 -2.734073441562623e-06 0 2.483643827405623e-06 -4.349310160085829e-06 0 7.175335490924861e-06 -5.498772379680661e-06 0 3.376723226297673e-06 -5.665865009135684e-06 0 -1.566959022814008e-07 -4.891719064037403e-06 0 1.211605328968468e-06 -5.614123636386858e-06 0 9.339890331305778e-06 -9.871794906836373e-06 0 4.866840204183902e-05 1.533229328026797e-06 0 -6.219213592454503e-06 6.114490365000113e-07 0 -1.470604375243545e-05 4.430532476035198e-07 0 1.599311635170492e-06 7.393151350496006e-07 0 6.56835320263921e-06 9.428620000931364e-07 0 3.065592349828921e-06 9.58897522551627e-07 0 -1.128144959661875e-06 8.042100554314645e-07 0 -2.170320562374511e-06 9.474469885514812e-07 0 1.989905051333341e-06 1.768932169021742e-06 0 4.81589943359395e-05 -8.183657479635119e-06 0 -5.979005487738442e-06 -3.493418413325067e-06 0 -1.398082138939771e-05 -2.602240515431342e-06 0 2.430459889929403e-06 -4.13305445105816e-06 0 7.137794872130732e-06 -5.230319484440804e-06 0 3.358347595461275e-06 -5.387577189611137e-06 0 -2.054042046034655e-07 -4.652293969849285e-06 0 1.014049891154278e-06 -5.338826322455469e-06 0 8.887007634836297e-06 -9.38706613352186e-06 0 4.867062662573806e-05 1.454657628865985e-06 0 -6.221345265525202e-06 5.818758547215807e-07 0 -1.471293317512751e-05 4.222035679124491e-07 0 1.590777565011609e-06 7.037806268317403e-07 0 6.563866575336891e-06 8.966915345798298e-07 0 3.063394621277693e-06 9.12099631406038e-07 0 -1.135541964712022e-06 7.657329070404061e-07 0 -2.202604482696296e-06 9.023263186219709e-07 0 1.91036145717749e-06 1.679516312969031e-06 0 4.818673268867923e-05 -7.763944547926891e-06 0 -5.993444749122223e-06 -3.323033299203193e-06 0 -1.402610528855597e-05 -2.478797026590762e-06 0 2.380880605695745e-06 -3.928581580658896e-06 0 7.106139268589495e-06 -4.96840946279109e-06 0 3.340500470433438e-06 -5.125396069449728e-06 0 -2.586877405202914e-07 -4.426609329137575e-06 0 8.285979277572463e-07 -5.078492066330764e-06 0 8.46001403284613e-06 -8.918773457051998e-06 0 4.867263882242858e-05 1.379691944435046e-06 0 -6.223629552371684e-06 5.539282401378908e-07 0 -1.471944984656956e-05 4.024976623870357e-07 0 1.583098062644256e-06 6.689438809201475e-07 0 6.559534036994913e-06 8.532122542995179e-07 0 3.060369499034709e-06 8.679563454211391e-07 0 -1.142499724396395e-06 7.292700362482306e-07 0 -2.232496375098591e-06 8.583293260935875e-07 0 1.835316442357072e-06 1.595270296105011e-06 0 4.821410606092868e-05 -7.361230694544196e-06 0 -6.005947671611223e-06 -3.157166731992955e-06 0 -1.406923574574781e-05 -2.362783661724599e-06 0 2.330382242773931e-06 -3.736061976088167e-06 0 7.076645097581213e-06 -4.72120604082249e-06 0 3.328392918999778e-06 -4.869676236946008e-06 0 -3.097147885378071e-07 -4.213958154308805e-06 0 6.441049471422875e-07 -4.831754444142855e-06 0 8.058544279515578e-06 -8.476761411593814e-06 0 4.867450338568238e-05 1.309023458420655e-06 0 -6.225813804442565e-06 5.275575219940153e-07 0 -1.472601582865052e-05 3.841264267848143e-07 0 1.575912101717259e-06 6.359913322998012e-07 0 6.556048789005398e-06 8.107071262988818e-07 0 3.057356553953782e-06 8.263671343530787e-07 0 -1.150222888438718e-06 6.949412307485914e-07 0 -2.26066160160035e-06 8.167160491720503e-07 0 1.764499861438285e-06 1.513946892073292e-06 0 4.82398611748036e-05 -6.982538690365747e-06 0 -6.017578588979333e-06 -3.000484365182909e-06 0 -1.410847555682881e-05 -2.248324910053556e-06 0 2.282581845189368e-06 -3.554845875074208e-06 0 7.044622785876142e-06 -4.488009690245542e-06 0 3.317167384386809e-06 -4.628269389482519e-06 0 -3.531288818164891e-07 -4.006148878778203e-06 0 4.695427776174597e-07 -4.59910123100371e-06 0 7.667224315069388e-06 -8.054996262614467e-06 0 4.86764531317553e-05 1.240946621183791e-06 0 -6.227711923160323e-06 5.018045640750589e-07 0 -1.473220925176863e-05 3.667457339484592e-07 0 1.568580008864257e-06 6.049953107517547e-07 0 6.552855148767717e-06 7.704782965869961e-07 0 3.055233519153738e-06 7.856912434683894e-07 0 -1.15769907729768e-06 6.625603459278762e-07 0 -2.288747012569453e-06 7.773392872653661e-07 0 1.697898793836389e-06 1.437225719491674e-06 0 4.826387155403011e-05 -6.622685393573024e-06 0 -6.029986897249096e-06 -2.852443321099684e-06 0 -1.414495271519211e-05 -2.139492485071781e-06 0 2.239562457762023e-06 -3.377577771128404e-06 0 7.014283086442807e-06 -4.268356830657015e-06 0 3.301732133975665e-06 -4.400468968615567e-06 0 -3.937494825606569e-07 -3.80971534371527e-06 0 3.07950226138831e-07 -4.37267671935665e-06 0 7.298312118458882e-06 -7.657360797080903e-06 0 4.867837786254672e-05 1.176462046996451e-06 0 -6.229503053241381e-06 4.774487695341499e-07 0 -1.473787410755448e-05 3.495351227969512e-07 0 1.561646036093295e-06 5.75781343700732e-07 0 6.549189058176891e-06 7.325363485244374e-07 0 3.053299016366611e-06 7.471811071316226e-07 0 -1.164049723029192e-06 6.307897666493756e-07 0 -2.315378189100825e-06 7.401918370522619e-07 0 1.633052310646283e-06 1.364102357313823e-06 0 4.82867970788281e-05 -6.283360415422489e-06 0 -6.041869003395317e-06 -2.713156935008065e-06 0 -1.418175211022332e-05 -2.037546793863532e-06 0 2.199445401446231e-06 -3.210004382497855e-06 0 6.988648406647258e-06 -4.054120721234954e-06 0 3.286764947596498e-06 -4.185877354546951e-06 0 -4.379657209535593e-07 -3.624521943065839e-06 0 1.562585641157187e-07 -4.158616061081255e-06 0 6.950449731535357e-06 -7.273376045689727e-06 0 4.868011291171356e-05 1.114914485421392e-06 0 -6.23142262664092e-06 4.544347262103177e-07 0 -1.474322928805144e-05 3.332825955146279e-07 0 1.555412725385425e-06 5.471485888947081e-07 0 6.54565566356527e-06 6.968094685630422e-07 0 3.050700164347608e-06 7.108565111893506e-07 0 -1.170028000957446e-06 6.006958801138551e-07 0 -2.340051749916832e-06 7.03978049576559e-07 0 1.571884292464465e-06 1.295193032060937e-06 0 4.830937331014306e-05 -5.957728818124785e-06 0 -6.05219825298986e-06 -2.577590234947857e-06 0 -1.421679131285991e-05 -1.941752809840602e-06 0 2.158618723088756e-06 -3.052207579762323e-06 0 6.964750423998911e-06 -3.851942045274281e-06 0 3.276419926270812e-06 -3.976622876961099e-06 0 -4.80289995122285e-07 -3.450041247604618e-06 0 5.466332109182922e-09 -3.955758570074741e-06 0 6.623442583966743e-06 -6.911094880455992e-06 0 4.86817076639813e-05 1.056867462753685e-06 0 -6.233264019991219e-06 4.327302732115568e-07 0 -1.474862499600132e-05 3.181389923306853e-07 0 1.549583355103801e-06 5.200720906081702e-07 0 6.542814905315109e-06 6.618907208086333e-07 0 3.048119895227713e-06 6.766422977408371e-07 0 -1.17661380693787e-06 5.723672058532968e-07 0 -2.363296999471908e-06 6.697328246499378e-07 0 1.514167277377049e-06 1.228662194333041e-06 0 4.833059010418694e-05 -5.651462503176995e-06 0 -6.06181713846965e-06 -2.449531013783146e-06 0 -1.424870409920398e-05 -1.847320070795522e-06 0 2.119974690864556e-06 -2.903703239826028e-06 0 6.938836510150814e-06 -3.661201865505503e-06 0 3.266815131824918e-06 -3.779098015209426e-06 0 -5.16449297910393e-07 -3.279574896708493e-06 0 -1.372111761016593e-07 -3.764547721038513e-06 0 6.304815585181367e-06 -6.565536268862693e-06 0 4.868336037021358e-05 1.000936004108554e-06 0 -6.23487276948248e-06 4.115472743010384e-07 0 -1.475371704360434e-05 3.038288762038932e-07 0 1.543632998375622e-06 4.946065051344982e-07 0 6.540212879546647e-06 6.288484913075099e-07 0 3.046267078869041e-06 6.431911787202482e-07 0 -1.182982187240139e-06 5.456607688955616e-07 0 -2.386454584234892e-06 6.373280670157742e-07 0 1.459906661751415e-06 1.165878374488616e-06 0 4.835036922419544e-05 -5.360367093462658e-06 0 -6.072041394633576e-06 -2.3284983273128e-06 0 -1.427837966500034e-05 -1.757563278297069e-06 0 2.085165299148261e-06 -2.758497808147409e-06 0 6.91427986510007e-06 -3.48156602536509e-06 0 3.253858163812517e-06 -3.59268304576249e-06 0 -5.502917677785435e-07 -3.118451077206708e-06 0 -2.693598761954741e-07 -3.578525979451574e-06 0 6.004441906098945e-06 -6.239906741450918e-06 0 4.868498305476281e-05 9.479327572961549e-07 0 -6.236388493795902e-06 3.915275445104393e-07 0 -1.475837769960089e-05 2.896743142438706e-07 0 1.538002489465812e-06 4.706103666832217e-07 0 6.5372251988223e-06 5.976861949807954e-07 0 3.044570630338777e-06 6.115322624469788e-07 0 -1.188427524015378e-06 5.194752495593645e-07 0 -2.408403068022285e-06 6.067655657915337e-07 0 1.407100576309578e-06 1.106022221468439e-06 0 4.836922018860989e-05 -5.085838201988878e-06 0 -6.081835120783086e-06 -2.214620981655368e-06 0 -1.430828852470867e-05 -1.673456609944945e-06 0 2.052697014628957e-06 -2.621265944649509e-06 0 6.893493851786725e-06 -3.30641498119677e-06 0 3.241304908030429e-06 -3.417096585127399e-06 0 -5.869736530439429e-07 -2.966519730876471e-06 0 -3.934072784622655e-07 -3.402707532830506e-06 0 5.721191131624614e-06 -5.92557749312661e-06 0 4.868644990668746e-05 8.973225219394143e-07 0 -6.237999161707447e-06 3.726178988625039e-07 0 -1.476277537688572e-05 2.763253364942985e-07 0 1.532938569713538e-06 4.470958736568775e-07 0 6.534340407437361e-06 5.683452838842196e-07 0 3.042334627289394e-06 5.816743252687328e-07 0 -1.19356140935653e-06 4.946902919106265e-07 0 -2.428746329191655e-06 5.769821314269285e-07 0 1.35731963578703e-06 1.049597095043042e-06 0 4.838774527564371e-05 -4.822362218076525e-06 0 -6.090387098534045e-06 -2.103810032502706e-06 0 -1.433676671107331e-05 -1.594436715969538e-06 0 2.019675977932289e-06 -2.492028426552551e-06 0 6.874107889284775e-06 -3.141151194499536e-06 0 3.232476702350051e-06 -3.245922446472316e-06 0 -6.22080616213827e-07 -2.823392243167522e-06 0 -5.166420375679603e-07 -3.236107231623097e-06 0 5.454968552212613e-06 -5.629128104936432e-06 0 4.868779485144199e-05 8.495577267439435e-07 0 -6.23954506222095e-06 3.547940896977963e-07 0 -1.476719173354457e-05 2.638983395905625e-07 0 1.528211396796542e-06 4.24864260183122e-07 0 6.532013376726875e-06 5.396696982282178e-07 0 3.040109830366316e-06 5.535581805299338e-07 0 -1.199184352679294e-06 4.713686098667402e-07 0 -2.447911945913788e-06 5.488302751224804e-07 0 1.310362697029555e-06 9.951090755369594e-07 0 4.840513913351163e-05 -4.574523872501179e-06 0 -6.098359426040534e-06 -1.999143816738824e-06 0 -1.436273541920163e-05 -1.51659810331689e-06 0 1.988416228546063e-06 -2.370421396599709e-06 0 6.853113947172251e-06 -2.985229187277283e-06 0 3.224271842197645e-06 -3.084365354392993e-06 0 -6.521950872279136e-07 -2.683595782183856e-06 0 -6.332533229319592e-07 -3.07911999355287e-06 0 5.195643537167505e-06 -5.346454104389331e-06 0 4.868917585017055e-05 8.035071135878423e-07 0 -6.240910114601109e-06 3.374045076109943e-07 0 -1.477135838178108e-05 2.521704064381569e-07 0 1.523400026440594e-06 4.039577732456445e-07 0 6.529887960217418e-06 5.12537642195776e-07 0 3.038470057132453e-06 5.260750370952859e-07 0 -1.204629820818204e-06 4.493977765543388e-07 0 -2.466996222146022e-06 5.221980644981582e-07 0 1.266239503128902e-06 9.436754869890373e-07 0 4.842135885999021e-05 -4.338924748409355e-06 0 -6.106797457633428e-06 -1.90019929716817e-06 0 -1.438689241076152e-05 -1.442639941243162e-06 0 1.960231389541711e-06 -2.251559264219993e-06 0 6.833216659452024e-06 -2.838403918591081e-06 0 3.213400600429738e-06 -2.931882145167097e-06 0 -6.803854178394353e-07 -2.551474450315783e-06 0 -7.413186969285057e-07 -2.926443905475195e-06 0 4.951177058773459e-06 -5.080192627841817e-06 0 4.869052445966893e-05 7.598332610742052e-07 0 -6.242197760915336e-06 3.209873131876372e-07 0 -1.477518365671296e-05 2.405800624827314e-07 0 1.518848766266304e-06 3.842596771261308e-07 0 6.527464638103261e-06 4.869512363891991e-07 0 3.036964713404311e-06 5.000735072702155e-07 0 -1.209329352647864e-06 4.278675543034626e-07 0 -2.485089736214973e-06 4.97089070558565e-07 0 1.223313894876954e-06 8.946284165214923e-07 0 4.843680640979896e-05 -4.116706608832398e-06 0 -6.114868323775502e-06 -1.807104910482582e-06 0 -1.441121214325325e-05 -1.373315415553744e-06 0 1.933935141223974e-06 -2.139242922728768e-06 0 6.816344484128489e-06 -2.695279941240802e-06 0 3.202882703973175e-06 -2.788271535790476e-06 0 -7.108107824560505e-07 -2.426871385408091e-06 0 -8.427536467292551e-07 -2.782172887801082e-06 0 4.720631399932063e-06 -4.823252097600761e-06 0 4.869174859431675e-05 7.181097599409657e-07 0 -6.243551389194246e-06 3.05499359178063e-07 0 -1.477878813778942e-05 2.296747405386434e-07 0 1.514745206586746e-06 3.649574510933283e-07 0 6.525124546016142e-06 4.628611584081565e-07 0 3.035037807585377e-06 4.755587091551106e-07 0 -1.213765464868482e-06 4.075065789255205e-07 0 -2.501878219759307e-06 4.726261895321437e-07 0 1.182863552395136e-06 8.483727497940462e-07 0 4.845197213247664e-05 -3.903414535579019e-06 0 -6.121930367017359e-06 -1.716533826225108e-06 0 -1.44343553326598e-05 -1.308192820653753e-06 0 1.90721013994255e-06 -2.033456015952673e-06 0 6.800600706041715e-06 -2.560249085153954e-06 0 3.195373345823981e-06 -2.648300528367009e-06 0 -7.399141307706802e-07 -2.309501033130601e-06 0 -9.434561385746054e-07 -2.645473037424239e-06 0 4.503981029690962e-06 -4.580999812577036e-06 0 4.869286851021461e-05 6.786921595419714e-07 0 -6.244856109711636e-06 2.909149169061375e-07 0 -1.478238980799976e-05 2.19549304854294e-07 0 1.51092104324832e-06 3.46718435781379e-07 0 6.523222222056327e-06 4.393166706667672e-07 0 3.033119351731131e-06 4.524831417537789e-07 0 -1.218579475152637e-06 3.88361505010426e-07 0 -2.517693042582147e-06 4.495129328485614e-07 0 1.144714891952725e-06 8.036878840628202e-07 0 4.846619860142398e-05 -3.702752783531216e-06 0 -6.128515788475508e-06 -1.630985484266101e-06 0 -1.445546784233087e-05 -1.244087788607184e-06 0 1.881918027676899e-06 -1.933929445224746e-06 0 6.783571197016558e-06 -2.432837930915754e-06 0 3.18838602712812e-06 -2.516203568461717e-06 0 -7.649649585578233e-07 -2.194892342786969e-06 0 -1.038738727837663e-06 -2.516694890951354e-06 0 4.293006168901159e-06 -4.350062068558813e-06 0 4.869400424641241e-05 6.40648661162646e-07 0 -6.246030057487431e-06 2.766854880695279e-07 0 -1.47857897203809e-05 2.100144558259131e-07 0 1.507048191271704e-06 3.295805489564319e-07 0 6.521487724623493e-06 4.170466040565034e-07 0 3.031657823530584e-06 4.299322255846283e-07 0 -1.223248077081296e-06 3.703442435498693e-07 0 -2.533418108886798e-06 4.27654657381149e-07 0 1.108894727371718e-06 7.614842697789558e-07 0 4.847945839484002e-05 -3.511968882902172e-06 0 -6.135470575055479e-06 -1.55009234136666e-06 0 -1.447510831925625e-05 -1.183197047623097e-06 0 1.859106570467617e-06 -1.836686107141438e-06 0 6.767433842883031e-06 -2.312874496250561e-06 0 3.179269398065343e-06 -2.391510061094948e-06 0 -7.884201490560017e-07 -2.086585360112913e-06 0 -1.127075894974405e-06 -2.391494012890516e-06 0 4.094133213491946e-06 -4.132608429567586e-06 0 4.869511154898323e-05 6.04513081890745e-07 0 -6.247136172341655e-06 2.632600458046807e-07 0 -1.478892951237674e-05 2.005949476593938e-07 0 1.503387855176716e-06 3.134378068897492e-07 0 6.519531742920498e-06 3.960565563773666e-07 0 3.03030599348511e-06 4.086114801515883e-07 0 -1.227329393839807e-06 3.527006738543448e-07 0 -2.548330689694164e-06 4.070565578426221e-07 0 1.074077316292471e-06 7.212209399073963e-07 0 4.849206638590785e-05 -3.332005287313977e-06 0 -6.142129516023553e-06 -1.473982140114127e-06 0 -1.449487188526222e-05 -1.126102183730826e-06 0 1.837822234493358e-06 -1.744816707706376e-06 0 6.753735048312115e-06 -2.19596880320777e-06 0 3.170458821394328e-06 -2.274083818816496e-06 0 -8.136440820399882e-07 -1.98442436346452e-06 0 -1.2099884862532e-06 -2.273211822785559e-06 0 3.906579747817163e-06 -3.922827963832864e-06 0 4.869613740353384e-05 5.69949640379097e-07 0 -6.248272890512635e-06 2.506066312871202e-07 0 -1.479187939059344e-05 1.917511474047728e-07 0 1.500074221645956e-06 2.976117496680808e-07 0 6.517646142159897e-06 3.762956138006479e-07 0 3.028631167127648e-06 3.885262161162917e-07 0 -1.231197195993017e-06 3.360395160259544e-07 0 -2.562196801373165e-06 3.869949432508401e-07 0 1.041290463545814e-06 6.832225917449695e-07 0 4.850442465401116e-05 -3.15926486001844e-06 0 -6.147980236112516e-06 -1.399953511144192e-06 0 -1.451368482183191e-05 -1.072473608657032e-06 0 1.816196176604445e-06 -1.658280090223452e-06 0 6.74094959425553e-06 -2.085692282827178e-06 0 3.16408451299377e-06 -2.159663558508329e-06 0 -8.377639417883609e-07 -1.888203388401843e-06 0 -1.292257822416154e-06 -2.16114267732187e-06 0 3.730357519562965e-06 -3.725096454944287e-06 0 4.869710190072082e-05 5.372330768305121e-07 0 -6.249348661450244e-06 2.387110167659245e-07 0 -1.479479810994298e-05 1.835638918368243e-07 0 1.496996675282372e-06 2.82657433681166e-07 0 6.516099723501839e-06 3.569725171639893e-07 0 3.02696439339993e-06 3.696308804729265e-07 0 -1.235352980808249e-06 3.203965105030848e-07 0 -2.575266291125755e-06 3.680542656758767e-07 0 1.010370540548839e-06 6.464945284875843e-07 0 4.851601189262422e-05 -2.996744707974008e-06 0 -6.153440436001967e-06 -1.330039369328017e-06 0 -1.453086567793082e-05 -1.019717436344381e-06 0 1.795723208769529e-06 -1.57687478783558e-06 0 6.727131562550559e-06 -1.981633741029997e-06 0 3.158150276058591e-06 -2.051695297475286e-06 0 -8.585905981323139e-07 -1.7942732330814e-06 0 -1.370095734185006e-06 -2.055592233214665e-06 0 3.558793595814791e-06 -3.536643392205995e-06 0 4.869809273776864e-05 5.056047253093609e-07 0 -6.250311129510355e-06 2.271182933041849e-07 0 -1.479752835021469e-05 1.758951994543234e-07 0 1.493908581501682e-06 2.686129389750658e-07 0 6.514695952862179e-06 3.386909533872884e-07 0 3.025650338371946e-06 3.511629366806379e-07 0 -1.239390221374412e-06 3.056984379246064e-07 0 -2.588240353519621e-06 3.501557915425168e-07 0 9.813627778933885e-07 6.11779549047897e-07 0 4.852681698171157e-05 -2.842212016629375e-06 0 -6.159183465248574e-06 -1.263920651951855e-06 0 -1.454685305289638e-05 -9.696222721469749e-07 0 1.77724325056694e-06 -1.497361327727764e-06 0 6.714033248103601e-06 -1.883668484727041e-06 0 3.150515027694478e-06 -1.94977079155667e-06 0 -8.780912187228429e-07 -1.705518362503378e-06 0 -1.442286312033914e-06 -1.953002569242412e-06 0 3.397082899703196e-06 -3.359245916649545e-06 0 4.869904284844801e-05 4.7549364429883e-07 0 -6.251268040095848e-06 2.162031020810917e-07 0 -1.480004026275031e-05 1.683509770408764e-07 0 1.491019185523995e-06 2.554070601817893e-07 0 6.513137777022088e-06 3.214634330186983e-07 0 3.024425197249713e-06 3.337079387336073e-07 0 -1.242969777789579e-06 2.913138709773055e-07 0 -2.600547993173579e-06 3.333036443370351e-07 0 9.532016740105431e-07 5.786420676848202e-07 0 4.853709327158617e-05 -2.696431297348478e-06 0 -6.164670796018901e-06 -1.201712677194322e-06 0 -1.456292341914245e-05 -9.226367506942611e-07 0 1.759997973235783e-06 -1.422250982999196e-06 0 6.702896733296049e-06 -1.788220308412969e-06 0 3.143142839015511e-06 -1.853795700612615e-06 0 -8.989892476135575e-07 -1.6217880039332e-06 0 -1.510037193327984e-06 -1.856098097871572e-06 0 3.244576732383542e-06 -3.18814644599541e-06 0 4.869986882024765e-05 4.466426894236819e-07 0 -6.252324024517281e-06 2.059344474877878e-07 0 -1.480245070428418e-05 1.613121625859692e-07 0 1.488419923657489e-06 2.424868079872743e-07 0 6.511659507558651e-06 3.052627429098176e-07 0 3.022956206204588e-06 3.17275237970982e-07 0 -1.246381188471299e-06 2.777516609347996e-07 0 -2.612019753694266e-06 3.168964144775743e-07 0 9.267129432270765e-07 5.473404965233851e-07 0 4.854716606905728e-05 -2.556490889114859e-06 0 -6.169496450880718e-06 -1.141214450189887e-06 0 -1.457820932583564e-05 -8.785075831727051e-07 0 1.742488662234698e-06 -1.351490166452696e-06 0 6.692499938634744e-06 -1.698190024934654e-06 0 3.137742985118152e-06 -1.760296254170457e-06 0 -9.189635364476034e-07 -1.542933880264996e-06 0 -1.577225889295986e-06 -1.764283774109698e-06 0 3.10130694479438e-06 -3.026907071809748e-06 0 4.870064215183912e-05 4.19239267336613e-07 0 -6.253299969893877e-06 1.962586405682143e-07 0 -1.480490953989846e-05 1.548310451932044e-07 0 1.485971994879404e-06 2.303033076120342e-07 0 6.510463698670976e-06 2.894455859436817e-07 0 3.021507330681558e-06 3.018425562203997e-07 0 -1.250013986072232e-06 2.650412616531094e-07 0 -2.622844597465617e-06 3.014207346843655e-07 0 9.017404311410798e-07 5.170634452961175e-07 0 4.855660837593811e-05 -2.424812643349316e-06 0 -6.173999788486317e-06 -1.084076791502131e-06 0 -1.459216991593626e-05 -8.351198575312634e-07 0 1.725921485340454e-06 -1.284930506884052e-06 0 6.681278164236137e-06 -1.613225226120008e-06 0 3.132712970088658e-06 -1.672073690325848e-06 0 -9.362603697743443e-07 -1.46597722446018e-06 0 -1.640789990486891e-06 -1.677826637083712e-06 0 2.961855327041074e-06 -2.873257771457416e-06 0 4.870153020700325e-05 3.926473676196806e-07 0 -6.254072035610792e-06 1.867777346051258e-07 0 -1.480715903814933e-05 1.487478125464236e-07 0 1.483448804214319e-06 2.188704898709037e-07 0 6.509350392459867e-06 2.744992397413215e-07 0 3.020345460071419e-06 2.867862190017444e-07 0 -1.253545046594334e-06 2.531386034884675e-07 0 -2.633577151025037e-06 2.868119918994493e-07 0 8.783410717101014e-07 4.88416626684418e-07 0 4.856541098641198e-05 -2.299588439523547e-06 0 -6.178730444519887e-06 -1.030027296684832e-06 0 -1.46051603816949e-05 -7.939293138539693e-07 0 1.710967369034089e-06 -1.219937374438707e-06 0 6.6706456477994e-06 -1.533241039561317e-06 0 3.12632393845158e-06 -1.588777777783434e-06 0 -9.524566841889737e-07 -1.393266855165276e-06 0 -1.699762578716291e-06 -1.593818461341489e-06 0 2.830421190952448e-06 -2.728656831166298e-06 0 4.870241682789974e-05 3.672539679380748e-07 0 -6.25488573270834e-06 1.778890728332261e-07 0 -1.480909770128214e-05 1.427152956853805e-07 0 1.481142578311362e-06 2.080873184942544e-07 0 6.508053524506563e-06 2.604149497709151e-07 0 3.019220563517041e-06 2.725799440606024e-07 0 -1.256709835917302e-06 2.415220574369936e-07 0 -2.643759867602957e-06 2.73084129608081e-07 0 8.556582456447503e-07 4.610508675187418e-07 0 4.85737747581566e-05 -2.181451464730588e-06 0 -6.183258807995751e-06 -9.791766510669484e-07 0 -1.461821682308129e-05 -7.552832166912714e-07 0 1.697013314386209e-06 -1.158552889068964e-06 0 6.661599448967714e-06 -1.455330827210277e-06 0 3.120162599859477e-06 -1.510348857196309e-06 0 -9.69758509689056e-07 -1.324661202943556e-06 0 -1.755103314488027e-06 -1.514480493118586e-06 0 2.706465893634324e-06 -2.589219874560289e-06 0 4.870310165778698e-05 3.429468214480313e-07 0 -6.255950305462943e-06 1.696311616450341e-07 0 -1.481102612800079e-05 1.371563393831599e-07 0 1.479217954738002e-06 1.974801884241373e-07 0 6.506872425135479e-06 2.471367081050002e-07 0 3.017845393301493e-06 2.59213043050932e-07 0 -1.259775711238281e-06 2.306080996161697e-07 0 -2.653267196485453e-06 2.597403815293719e-07 0 8.343623362043478e-07 4.351745079567148e-07 0 4.858196524905322e-05 -2.068050402044552e-06 0 -6.187259336862261e-06 -9.297391680013201e-07 0 -1.463064476646403e-05 -7.189903316676127e-07 0 1.682846405531846e-06 -1.10071781568577e-06 0 6.653154369457015e-06 -1.381853533669042e-06 0 3.115601588929428e-06 -1.433960824109848e-06 0 -9.862881832495285e-07 -1.260055768656509e-06 0 -1.809956618373243e-06 -1.439311102267859e-06 0 2.590034932095642e-06 -2.457846437271816e-06 0 4.870364115599871e-05 3.19983809449198e-07 0 -6.257121097858268e-06 1.620888642334117e-07 0 -1.481319948165062e-05 1.3217580782654e-07 0 1.477365319897325e-06 1.875242689672318e-07 0 6.506059774633033e-06 2.341232440625229e-07 0 3.016523966815898e-06 2.466457617589234e-07 0 -1.263068325211419e-06 2.204038591496759e-07 0 -2.66227642046167e-06 2.471811251791856e-07 0 8.143088738137022e-07 4.101277158996552e-07 0 4.858964696724532e-05 -1.961341856704379e-06 0 -6.190998357996635e-06 -8.830545155519287e-07 0 -1.464201072724769e-05 -6.833297529831861e-07 0 1.669435255174934e-06 -1.046322372175168e-06 0 6.644045954753985e-06 -1.312507590743583e-06 0 3.111352621182339e-06 -1.361893116127999e-06 0 -1.00063927030436e-06 -1.197021430254797e-06 0 -1.861843545003516e-06 -1.368538825215204e-06 0 2.476733318337865e-06 -2.33267718638408e-06 0 4.870424974825169e-05 2.979196774971493e-07 0 -6.25820143041779e-06 1.549230687972192e-07 0 -1.481540774711694e-05 1.277133868382574e-07 0 1.475232837574656e-06 1.783076356148827e-07 0 6.505268738434683e-06 2.218779578261331e-07 0 3.015544908138018e-06 2.343568101803583e-07 0 -1.266260022650747e-06 2.10863182026344e-07 0 -2.671243907426471e-06 2.353427988044387e-07 0 7.955366508570488e-07 3.864007887890985e-07 0 4.859681817226402e-05 -1.859856494777767e-06 0 -6.19491227450697e-06 -8.388849347881755e-07 0 -1.465259392004203e-05 -6.49482070284868e-07 0 1.657319166459281e-06 -9.932218581476524e-07 0 6.635412711980537e-06 -1.247233033928319e-06 0 3.106017294793317e-06 -1.293845671698768e-06 0 -1.014075944827386e-06 -1.137471392742561e-06 0 -1.909994654894498e-06 -1.299786032540884e-06 0 2.369960346582101e-06 -2.214901984244622e-06 0 4.870502658973693e-05 2.76920206203346e-07 0 -6.258986610335401e-06 1.481631965588592e-07 0 -1.481746048652248e-05 1.234382313655691e-07 0 1.473048482874065e-06 1.697493387867177e-07 0 6.504108703099531e-06 2.104717447479198e-07 0 3.014537634815975e-06 2.228344169533103e-07 0 -1.269083246862451e-06 2.015471091895704e-07 0 -2.679758847734872e-06 2.242295888618684e-07 0 7.773409242285012e-07 3.637103689405063e-07 0 4.860365104067398e-05 -1.764103048085275e-06 0 -6.198647023419879e-06 -7.973251086798583e-07 0 -1.466322157407662e-05 -6.177104577217984e-07 0 1.646011362127497e-06 -9.430684493050289e-07 0 6.628056309354591e-06 -1.183662920054007e-06 0 3.100876019429543e-06 -1.22978027630033e-06 0 -1.028386144213966e-06 -1.081275411707327e-06 0 -1.955174196599518e-06 -1.234861802555665e-06 0 2.269268361054788e-06 -2.101348687139071e-06 0 4.870601082881085e-05 2.565679678989685e-07 0 -6.259456094174359e-06 1.416123838748895e-07 0 -1.481904146866802e-05 1.193626611648013e-07 0 1.471070059513163e-06 1.613929422883409e-07 0 6.502799163891557e-06 1.998203045944224e-07 0 3.013126134624941e-06 2.121328006657319e-07 0 -1.271895825043223e-06 1.928824476041257e-07 0 -2.687686573661987e-06 2.134244657045481e-07 0 7.602862724474112e-07 3.422113343740095e-07 0 4.861035898760801e-05 -1.672177596286073e-06 0 -6.201941167571778e-06 -7.569208834920514e-07 0 -1.467332718076142e-05 -5.87867579907031e-07 0 1.634540401349027e-06 -8.95798642229495e-07 0 6.621188324715255e-06 -1.123705343025749e-06 0 3.097030806836764e-06 -1.167394138822109e-06 0 -1.042051993541126e-06 -1.028361408340894e-06 0 -1.999934431715089e-06 -1.173345626610811e-06 0 2.174704037405384e-06 -1.994373542542338e-06 0 4.870684526656239e-05 2.370657234823659e-07 0 -6.260441930965033e-06 1.35497582980093e-07 0 -1.482013995960513e-05 1.154008349296687e-07 0 1.469668295993668e-06 1.533610170245669e-07 0 6.501671726577909e-06 1.89385823461119e-07 0 3.011507545625999e-06 2.021541605431998e-07 0 -1.275059821156943e-06 1.849161722772275e-07 0 -2.695262791977889e-06 2.03311457155908e-07 0 7.442665500723843e-07 3.21363543810682e-07 0 4.861666207130188e-05 -1.585671084297635e-06 0 -6.20502147313795e-06 -7.187712436559911e-07 0 -1.46825625186725e-05 -5.585543111710778e-07 0 1.623694685884414e-06 -8.513326118786413e-07 0 6.613792477447311e-06 -1.067101483710753e-06 0 3.093448278687627e-06 -1.108533302672521e-06 0 -1.053946713472364e-06 -9.767483525255358e-07 0 -2.042270639129872e-06 -1.115435899097517e-06 0 2.082697547867163e-06 -1.892457514564294e-06 0 4.870700783946198e-05 2.182450410045944e-07 0 -6.262439013358587e-06 1.297765790664318e-07 0 -1.482191715890604e-05 1.117664712099731e-07 0 1.468873898824094e-06 1.455772973418812e-07 0 6.501130280944789e-06 1.79395035694585e-07 0 3.010016882019558e-06 1.9236270784595e-07 0 -1.278391763486625e-06 1.775136171666691e-07 0 -2.702913079220131e-06 1.938644073051776e-07 0 7.292876016765097e-07 3.015869668651637e-07 0 4.862255070260667e-05 -1.503397089916425e-06 0 -6.208253264333718e-06 -6.826824372890837e-07 0 -1.469116583162344e-05 -5.307443333851802e-07 0 1.613907313735563e-06 -8.079324178913994e-07 0 6.606794080390999e-06 -1.013813298811339e-06 0 3.088999503866873e-06 -1.052939725174062e-06 0 -1.065082493270641e-06 -9.279890824942516e-07 0 -2.08157147892074e-06 -1.059193501365407e-06 0 1.99599695779873e-06 -1.796575702768532e-06 0 4.870749187964491e-05 2.003518856028008e-07 0 -6.26334365574216e-06 1.249206666165126e-07 0 -1.482497513601369e-05 1.084586048888392e-07 0 1.467424105347851e-06 1.382416628253891e-07 0 6.501243269186815e-06 1.698147553200191e-07 0 3.009089147385651e-06 1.83053816174561e-07 0 -1.281612858764283e-06 1.702056511357353e-07 0 -2.710409166965452e-06 1.849630410014069e-07 0 7.147524596750475e-07 2.826735658045808e-07 0 4.862816755317467e-05 -1.425764865899126e-06 0 -6.211354445825878e-06 -6.487291251341952e-07 0 -1.469981928786668e-05 -5.046503334660279e-07 0 1.604771931576487e-06 -7.669571300134015e-07 0 6.600838046447177e-06 -9.61923793209307e-07 0 3.084723941379485e-06 -1.000593343222777e-06 0 -1.076906938915489e-06 -8.819628267223156e-07 0 -2.118442085682903e-06 -1.006089469686444e-06 0 1.914231187394311e-06 -1.704145906930576e-06 0 4.870978603483538e-05 1.832212926863863e-07 0 -6.261791270787201e-06 1.208782623440818e-07 0 -1.482646210406758e-05 1.06029276303321e-07 0 1.464443871026372e-06 1.313013598125412e-07 0 6.500634167957292e-06 1.608517438064783e-07 0 3.008832286011467e-06 1.742510323393676e-07 0 -1.284267821477503e-06 1.633024543923334e-07 0 -2.717625161297032e-06 1.761728546170737e-07 0 7.010180437649204e-07 2.646118646074113e-07 0 4.863368670963985e-05 -1.351231117073526e-06 0 -6.21410884280027e-06 -6.15716113032405e-07 0 -1.470806822460868e-05 -4.80144202542887e-07 0 1.595491676803507e-06 -7.283540028601987e-07 0 6.595275410248291e-06 -9.130003856133717e-07 0 3.081507556651486e-06 -9.496264993316683e-07 0 -1.088187912265392e-06 -8.386209413360768e-07 0 -2.15495004921018e-06 -9.557687909791945e-07 0 1.837453600841976e-06 -1.617082075577869e-06 0 4.871305612064169e-05 1.656535583288709e-07 0 -6.259949475791171e-06 1.160045954226585e-07 0 -1.482483608901928e-05 1.044711194497783e-07 0 1.462931637684351e-06 1.252451958533296e-07 0 6.498269584490762e-06 1.523690924543075e-07 0 3.00780302843473e-06 1.661647719558568e-07 0 -1.286234221299989e-06 1.568809484819855e-07 0 -2.724066897228164e-06 1.677995553756028e-07 0 6.879687864669308e-07 2.468936258909204e-07 0 4.863890746106824e-05 -1.281068862706014e-06 0 -6.216688539770199e-06 -5.845218336991697e-07 0 -1.471562271053439e-05 -4.56065447039522e-07 0 1.586708322245944e-06 -6.92040189133325e-07 0 6.589274921198207e-06 -8.6683122755421e-07 0 3.078506084192023e-06 -9.015546760041127e-07 0 -1.09802153359928e-06 -7.963522931087041e-07 0 -2.189468220323287e-06 -9.083988925934204e-07 0 1.76277337839148e-06 -1.534141607889561e-06 0 4.871508304569831e-05 1.459464445477398e-07 0 -6.260057733983512e-06 1.092156178342241e-07 0 -1.48229931848081e-05 1.021112385687917e-07 0 1.465003461743886e-06 1.200426686664979e-07 0 6.497229975544958e-06 1.447420850259062e-07 0 3.004956880506282e-06 1.58587100541896e-07 0 -1.288885328796715e-06 1.511205097518009e-07 0 -2.729691286935606e-06 1.598996363927352e-07 0 6.761862980202154e-07 2.298482552898217e-07 0 4.864382577925152e-05 -1.214318542379355e-06 0 -6.219376245300556e-06 -5.549789962935868e-07 0 -1.472266981307479e-05 -4.331873313112577e-07 0 1.578781878022739e-06 -6.565792213045207e-07 0 6.58359668329056e-06 -8.233645540992041e-07 0 3.07479703050284e-06 -8.561656548305985e-07 0 -1.107232637118094e-06 -7.564315764319041e-07 0 -2.221510976979646e-06 -8.623984922365157e-07 0 1.692419876783702e-06 -1.456117363199394e-06 0 4.871596927265818e-05 1.244752120127534e-07 0 -6.262281209788029e-06 1.021768102488219e-07 0 -1.482349472510871e-05 9.798397342108964e-08 0 1.467956419998543e-06 1.14228549390194e-07 0 6.500002664141039e-06 1.378468951832024e-07 0 3.003320452723071e-06 1.517674637699362e-07 0 -1.2931927924828e-06 1.458038527760164e-07 0 -2.735549527642378e-06 1.526205836085981e-07 0 6.655198090538278e-07 2.134088811500678e-07 0 4.864857481572115e-05 -1.151364521508047e-06 0 -6.221940255971004e-06 -5.272160288061211e-07 0 -1.472974994375098e-05 -4.116736521050934e-07 0 1.57138715496663e-06 -6.230512900468055e-07 0 6.578772649604159e-06 -7.810189680754198e-07 0 3.071237763080381e-06 -8.134272096171902e-07 0 -1.117003754519396e-06 -7.187567447192178e-07 0 -2.251573470321566e-06 -8.189713890244253e-07 0 1.62608374128237e-06 -1.38090578036959e-06 0 4.871660448283083e-05 1.03240644436231e-07 0 -6.265536938613453e-06 9.661727187748603e-08 0 -1.482700500352735e-05 9.453859797781128e-08 0 1.468616208038717e-06 1.06692770306116e-07 0 6.504218482802221e-06 1.30334625647599e-07 0 3.005341884973825e-06 1.455090919352808e-07 0 -1.296415595593986e-06 1.410965922155061e-07 0 -2.742534200407889e-06 1.457413884298209e-07 0 6.554445840158829e-07 1.977318342880063e-07 0 4.865328200902296e-05 -1.090971982101174e-06 0 -6.224211799299439e-06 -5.003047878066046e-07 0 -1.473649842091695e-05 -3.915034693102725e-07 0 1.563882156010998e-06 -5.914118002686708e-07 0 6.574274164186655e-06 -7.410445706443336e-07 0 3.068555430210673e-06 -7.71799720127031e-07 0 -1.126320553185289e-06 -6.832801023176627e-07 0 -2.281343088508802e-06 -7.778253481652285e-07 0 1.563800947956829e-06 -1.310063860428257e-06 0 4.872018612543313e-05 8.15117016522704e-08 0 -6.262519435428632e-06 9.186896269414158e-08 0 -1.483239672580086e-05 9.347000044790388e-08 0 1.465411699935401e-06 9.988567131746781e-08 0 6.506489891757242e-06 1.211328479050477e-07 0 3.009115144541468e-06 1.387116789000608e-07 0 -1.296445179144873e-06 1.368103762638961e-07 0 -2.74845236044631e-06 1.394217569589129e-07 0 6.450881267459912e-07 1.825312712921967e-07 0 4.865776645333885e-05 -1.034108134609357e-06 0 -6.226349657606489e-06 -4.749082884933364e-07 0 -1.474268515512522e-05 -3.717991957224998e-07 0 1.556779556877164e-06 -5.616986204701191e-07 0 6.569422039470751e-06 -7.032698947709304e-07 0 3.066057397207999e-06 -7.324969396940717e-07 0 -1.134441813599451e-06 -6.486738281102911e-07 0 -2.30948905423356e-06 -7.390935766529715e-07 0 1.503215042442108e-06 -1.242581092582296e-06 0 4.873015974181035e-05 5.85556582249902e-08 0 -6.250074919436285e-06 8.679736737682298e-08 0 -1.482900826290864e-05 9.449290001156685e-08 0 1.458904135769046e-06 9.581986697149156e-08 0 6.504019565235775e-06 1.125041408506222e-07 0 3.011568061353844e-06 1.305538716231402e-07 0 -1.294592236767214e-06 1.324016800918759e-07 0 -2.751784843329704e-06 1.33498092705353e-07 0 6.360184437639171e-07 1.680221085181843e-07 0 4.866200451761337e-05 -9.799626380091462e-07 0 -6.228593009971473e-06 -4.50811055520417e-07 0 -1.474846265861473e-05 -3.531334115472462e-07 0 1.55036536744757e-06 -5.328103017815389e-07 0 6.564816064993928e-06 -6.677621791073562e-07 0 3.062982527377022e-06 -6.95345373835643e-07 0 -1.142044243229723e-06 -6.159626188204093e-07 0 -2.335609928960646e-06 -7.014783464653894e-07 0 1.446138730723523e-06 -1.179098870832118e-06 0 4.873680572463172e-05 3.477786633676594e-08 0 -6.250446202645324e-06 8.051105833406513e-08 0 -1.481283109158217e-05 9.622139800907759e-08 0 1.461382049284046e-06 9.466786680262238e-08 0 6.496559125041337e-06 1.06537722303901e-07 0 3.008638064110752e-06 1.230370646407297e-07 0 -1.293303338076312e-06 1.274023455483108e-07 0 -2.753134752864552e-06 1.281174820400021e-07 0 6.290412563388781e-07 1.540144862963166e-07 0 4.866612186432694e-05 -9.287513011227433e-07 0 -6.230789701619499e-06 -4.280114945659497e-07 0 -1.475426184606443e-05 -3.355298369145387e-07 0 1.54441656519122e-06 -5.055471310119741e-07 0 6.560881841990995e-06 -6.332979269954575e-07 0 3.059999634832943e-06 -6.604101571924814e-07 0 -1.150103143374159e-06 -5.850598887371938e-07 0 -2.360109961463408e-06 -6.659509302966993e-07 0 1.39232862962635e-06 -1.117902850081287e-06 0 4.872510713717185e-05 1.167226414827694e-08 0 -6.277179377688763e-06 7.294915940758706e-08 0 -1.481351777920994e-05 9.581672915509598e-08 0 1.479995616424784e-06 9.497195074814611e-08 0 6.497898483193501e-06 1.036038257060112e-07 0 2.999325077615924e-06 1.178839621959748e-07 0 -1.297541911722891e-06 1.235485041425899e-07 0 -2.754244236631564e-06 1.230993850465101e-07 0 6.242384281533736e-07 1.411715098431631e-07 0 4.867022508035778e-05 -8.794925237254336e-07 0 -6.232807099215698e-06 -4.057238836979726e-07 0 -1.475985942261948e-05 -3.188356874836429e-07 0 1.538435691950113e-06 -4.797622871963169e-07 0 6.557281172117624e-06 -6.008063450496648e-07 0 3.057690569671645e-06 -6.264919482912301e-07 0 -1.157827254349985e-06 -5.559895036796879e-07 0 -2.38437009300596e-06 -6.322696238583725e-07 0 1.341817677830148e-06 -1.060251211257301e-06 0 4.870924257584837e-05 -4.581496376721004e-09 0 -6.300909015462611e-06 7.263607292723461e-08 0 -1.484660932010544e-05 9.213852130568467e-08 0 1.484397812319925e-06 9.271175742397997e-08 0 6.517675800777473e-06 1.023116144444058e-07 0 2.998193885935668e-06 1.155359151891466e-07 0 -1.308930249828768e-06 1.218983144007923e-07 0 -2.76014132684528e-06 1.198609258581951e-07 0 6.204384611491204e-07 1.294606961563249e-07 0 4.867431966121271e-05 -8.332298244637104e-07 0 -6.234651547989967e-06 -3.847830547173969e-07 0 -1.476510841842693e-05 -3.022862294782547e-07 0 1.532726850855815e-06 -4.553090038050822e-07 0 6.553508023907084e-06 -5.700421029236624e-07 0 3.055621581232737e-06 -5.944997288620524e-07 0 -1.164626574845506e-06 -5.277085847812945e-07 0 -2.407340808266433e-06 -6.005746853027238e-07 0 1.292690908774597e-06 -1.005321717491292e-06 0 4.871680290566889e-05 -7.68212130020096e-09 0 -6.295521499059126e-06 8.331330617061814e-08 0 -1.487479890714075e-05 9.478277617630536e-08 0 1.452650910178932e-06 8.522612854333644e-08 0 6.525307659028742e-06 9.764407110646188e-08 0 3.015628907464609e-06 1.147405241722077e-07 0 -1.313484340768195e-06 1.229846059644379e-07 0 -2.772875270827882e-06 1.18742904293978e-07 0 6.13385986737367e-07 1.199721257894026e-07 0 4.867839643907245e-05 -7.894044102424446e-07 0 -6.236408886195477e-06 -3.652553631841581e-07 0 -1.476999978683446e-05 -2.866932121148302e-07 0 1.527446438887026e-06 -4.312560874658589e-07 0 6.549900881600013e-06 -5.4087997625879e-07 0 3.053244892733952e-06 -5.641987917970325e-07 0 -1.170910473344277e-06 -5.009907161068749e-07 0 -2.428709433829889e-06 -5.698303686893502e-07 0 1.246394498929937e-06 -9.536428360115699e-07 0 4.873753518600236e-05 1.241765114345928e-09 0 -6.279347745322648e-06 9.505745929283548e-08 0 -1.486969486998255e-05 1.082062248483617e-07 0 1.419495676994141e-06 8.274669493352205e-08 0 6.495163533308014e-06 8.611085017956599e-08 0 3.021979151126251e-06 1.097989401760424e-07 0 -1.301344350067984e-06 1.257006971774887e-07 0 -2.781005820061757e-06 1.203562753904208e-07 0 6.007451229354815e-07 1.124864714638351e-07 0 4.868240095681763e-05 -7.47956734679922e-07 0 -6.238118773788104e-06 -3.469897146765599e-07 0 -1.477472380514988e-05 -2.724183559843496e-07 0 1.522588334537667e-06 -4.086900089253498e-07 0 6.546689966316355e-06 -5.122979950811234e-07 0 3.050943617716184e-06 -5.355020417027733e-07 0 -1.177386021275484e-06 -4.756931971244827e-07 0 -2.448680983091478e-06 -5.407852029654103e-07 0 1.202719126916496e-06 -9.03829522808097e-07 0 4.874327938209164e-05 1.199489662456753e-08 0 -6.277569168836039e-06 9.817207243661973e-08 0 -1.484928822934744e-05 1.182647120165359e-07 0 1.419686670519824e-06 9.252484498706302e-08 0 6.457464336438734e-06 7.913973752715631e-08 0 2.992509086189275e-06 9.722971665293565e-08 0 -1.299140215182091e-06 1.242668761711196e-07 0 -2.776206617855978e-06 1.237129623396504e-07 0 5.902159174401433e-07 1.076498989116547e-07 0 4.868630861604161e-05 -7.079482610555797e-07 0 -6.239848986858143e-06 -3.290543402478807e-07 0 -1.477920911979735e-05 -2.591733587811729e-07 0 1.517905211328996e-06 -3.878256155248616e-07 0 6.543772273187587e-06 -4.85509037653764e-07 0 3.049040241023814e-06 -5.074135176891258e-07 0 -1.183553740208287e-06 -4.517524263281114e-07 0 -2.468298160973603e-06 -5.131995442844706e-07 0 1.16178319425897e-06 -8.568755970536633e-07 0 4.871688805431831e-05 4.266887617537796e-08 0 -6.331001047266485e-06 1.098694691059609e-07 0 -1.483750381898324e-05 1.150818141684717e-07 0 1.445053513516627e-06 1.035822137299136e-07 0 6.448911448214689e-06 8.632144039844024e-08 0 2.951614253949956e-06 8.809866651471318e-08 0 -1.327765087847862e-06 1.154207181081057e-07 0 -2.778857803143776e-06 1.238362519959124e-07 0 5.881820304681073e-07 1.045555463458081e-07 0 4.86903946670808e-05 -6.697501368849167e-07 0 -6.241670537449062e-06 -3.116605765823843e-07 0 -1.478350483967439e-05 -2.459460162473892e-07 0 1.51365283815319e-06 -3.682860863704618e-07 0 6.540885894981696e-06 -4.606282512503723e-07 0 3.047296637553875e-06 -4.810734294605211e-07 0 -1.189096928089217e-06 -4.283139688199267e-07 0 -2.486814023247574e-06 -4.871572005724079e-07 0 1.122087468524713e-06 -8.120975057285262e-07 0 4.865012560745056e-05 1.122357941515939e-07 0 -6.444135105590325e-06 1.422090657177133e-07 0 -1.489575099818206e-05 1.033837154357231e-07 0 1.474728849906217e-06 1.045508682476215e-07 0 6.474076818151903e-06 1.027927530247719e-07 0 2.932204057923097e-06 9.208209109795582e-08 0 -1.369698832578807e-06 1.06591411828949e-07 0 -2.804289648009918e-06 1.178166031678973e-07 0 5.823983210018901e-07 9.959640847462256e-08 0 4.869476132032812e-05 -6.329421658665678e-07 0 -6.243567640965009e-06 -2.94666388032938e-07 0 -1.47879699439607e-05 -2.328660589426268e-07 0 1.509845643177243e-06 -3.489063411729609e-07 0 6.538496900798663e-06 -4.372195349308661e-07 0 3.045392537592839e-06 -4.565693303426599e-07 0 -1.194311662983116e-06 -4.063234889106759e-07 0 -2.5041144943172e-06 -4.618282066284895e-07 0 1.084742247914328e-06 -7.699284362006065e-07 0 4.862049783190425e-05 2.135912322218103e-07 0 -6.447859413689222e-06 1.944493048661178e-07 0 -1.503563966475177e-05 9.182614848363134e-08 0 1.434256033480686e-06 8.585024616203361e-08 0 6.519011304160702e-06 1.1788521607492e-07 0 2.951463914813851e-06 1.108657803269852e-07 0 -1.399207460006657e-06 1.052192337286373e-07 0 -2.842485907822087e-06 1.07357563713939e-07 0 5.631182583044908e-07 9.02802985980333e-08 0 4.870021057779005e-05 -5.982844848984036e-07 0 -6.24448830588431e-06 -2.788637311346153e-07 0 -1.479288845165905e-05 -2.199757979243211e-07 0 1.505686777522608e-06 -3.299029983500068e-07 0 6.536764636300152e-06 -4.140464689231238e-07 0 3.044012725883504e-06 -4.335025611257315e-07 0 -1.199689579733931e-06 -3.858812939946943e-07 0 -2.520407660785983e-06 -4.380472556769765e-07 0 1.049483620452208e-06 -7.292675003184312e-07 0 4.87419074150534e-05 3.115709438852865e-07 0 -6.247865019668765e-06 2.532056516749148e-07 0 -1.503715136382238e-05 9.830845654201779e-08 0 1.288304791666195e-06 4.875205007054405e-08 0 6.494760239345553e-06 1.113169136660041e-07 0 3.003847591355295e-06 1.370969205521932e-07 0 -1.389761868235244e-06 1.17043812745965e-07 0 -2.876387266279555e-06 9.66228542453873e-08 0 5.339354439415361e-07 7.342471444043981e-08 0 4.870654685870667e-05 -5.654377541533527e-07 0 -6.243873162586899e-06 -2.643700874327414e-07 0 -1.479674897175709e-05 -2.082931569377666e-07 0 1.500602462831124e-06 -3.112955030207254e-07 0 6.534330863991467e-06 -3.913885107537096e-07 0 3.043515076031622e-06 -4.106833430203571e-07 0 -1.204350266487131e-06 -3.666967141741084e-07 0 -2.536510682563109e-06 -4.157556732706235e-07 0 1.01630169319078e-06 -6.91068716127119e-07 0 4.888344807276421e-05 3.685440964490416e-07 0 -6.122355653980123e-06 2.607297127157903e-07 0 -1.479514948478019e-05 1.269697406033887e-07 0 1.261976733448258e-06 2.703052133512517e-08 0 6.345562848584195e-06 7.370412674623238e-08 0 2.989118743786621e-06 1.421803665843657e-07 0 -1.338668205617607e-06 1.397280579851223e-07 0 -2.875344384710258e-06 9.198131296211941e-08 0 5.039093006215667e-07 5.022328117276762e-08 0 4.871030355779737e-05 -5.346403847000801e-07 0 -6.245302986901402e-06 -2.509789017099417e-07 0 -1.479835508233496e-05 -1.982814052739479e-07 0 1.496913327514449e-06 -2.946585712301775e-07 0 6.530331515985921e-06 -3.692340737673772e-07 0 3.042122124624624e-06 -3.883945981705827e-07 0 -1.20782721177437e-06 -3.477499819978802e-07 0 -2.551354893687296e-06 -3.949013933773892e-07 0 9.839608890171993e-07 -6.548427036595639e-07 0 4.879836537041368e-05 3.427845239253879e-07 0 -6.296744011285126e-06 1.931233816615529e-07 0 -1.466785233976246e-05 1.077359307044556e-07 0 1.507037639260182e-06 4.551072583375281e-08 0 6.300548869770696e-06 5.123298989218038e-08 0 2.84185488889227e-06 1.087031550328632e-07 0 -1.348146066741142e-06 1.383773495025609e-07 0 -2.830294810712841e-06 9.596039399206723e-08 0 5.034258225393445e-07 2.51535016496107e-08 0 4.87107322836161e-05 -5.053386328696118e-07 0 -6.251269666385229e-06 -2.377837087993995e-07 0 -1.480135870897403e-05 -1.892845210918481e-07 0 1.496160884545406e-06 -2.804054710786597e-07 0 6.527656597740683e-06 -3.495078105958394e-07 0 3.038647727909849e-06 -3.665977021047317e-07 0 -1.211983312113252e-06 -3.292715362243626e-07 0 -2.564582865127729e-06 -3.745762020557208e-07 0 9.537390040920137e-07 -6.209124214159867e-07 0 4.863907474888118e-05 2.672158011390868e-07 0 -6.457478829459233e-06 1.489977921112495e-07 0 -1.489319625969099e-05 8.706351681264662e-09 0 1.676471458064363e-06 3.420031269296686e-08 0 6.541696677181755e-06 8.45401009613722e-08 0 2.790254414553571e-06 8.849346599948403e-08 0 -1.484342054890869e-06 9.241825815742287e-08 0 -2.829272018492132e-06 7.284810008695297e-08 0 5.454847488012287e-07 3.881121597715239e-09 0 4.871476623592718e-05 -4.777864104771322e-07 0 -6.256407809671072e-06 -2.247255432852313e-07 0 -1.480920754334813e-05 -1.798275939893235e-07 0 1.494333539714399e-06 -2.673714258119575e-07 0 6.528266091335166e-06 -3.326156725880214e-07 0 3.036038410716979e-06 -3.471659540468797e-07 0 -1.218294660376706e-06 -3.112064478269505e-07 0 -2.577765643330121e-06 -3.550485748321507e-07 0 9.256766177606627e-07 -5.882499245699058e-07 0 4.870409953960843e-05 2.445028720252096e-07 0 -6.293194537896306e-06 2.076141919840624e-07 0 -1.50616553195931e-05 -6.452776346588251e-08 0 1.477107044229979e-06 -5.809252266036899e-08 0 6.750401226744349e-06 1.134856173062859e-07 0 3.017763340209742e-06 1.285648734070111e-07 0 -1.533660848731383e-06 5.082727230071304e-08 0 -2.931572217772585e-06 3.884450455737831e-09 0 5.681886024126037e-07 -4.45459224923672e-08 0 4.872467290127635e-05 -4.516841901405777e-07 0 -6.255591259746174e-06 -2.115477739442206e-07 0 -1.481751306139922e-05 -1.696773148096575e-07 0 1.487986612466741e-06 -2.53643194399189e-07 0 6.528257785048952e-06 -3.170360231077862e-07 0 3.036603458211884e-06 -3.305348086901638e-07 0 -1.22410550033869e-06 -2.950833190920599e-07 0 -2.592564056935753e-06 -3.361191235409788e-07 0 8.986896937734915e-07 -5.573451331494783e-07 0 4.893649505032133e-05 1.175708745429494e-07 0 -5.87984988249541e-06 2.217411575883288e-07 0 -1.484596834493579e-05 -3.823026378801943e-08 0 1.284567377400972e-06 -1.766587634094429e-07 0 6.610703565684654e-06 7.763074715699815e-08 0 3.244686975142907e-06 1.953158256587373e-07 0 -1.332493719639546e-06 6.049525276552448e-08 0 -2.962328847986618e-06 -7.331699199836228e-08 0 5.216985375609834e-07 -1.346922936171224e-07 0 4.873483904431485e-05 -4.292744566619655e-07 0 -6.252860349581502e-06 -2.000585269251731e-07 0 -1.482067373048679e-05 -1.589437230789525e-07 0 1.480694898053914e-06 -2.389678629907687e-07 0 6.52428351430312e-06 -3.006143517864102e-07 0 3.037158351537616e-06 -3.151821125341181e-07 0 -1.227054958349849e-06 -2.813083278818684e-07 0 -2.606786944081562e-06 -3.189113344931327e-07 0 8.710405215578424e-07 -5.276631880601901e-07 0 4.916103787827672e-05 -3.095540419134622e-07 0 -5.468800389171399e-06 6.731915325880472e-08 0 -1.434639075860531e-05 5.971588006720151e-08 0 1.450269825992341e-06 -2.552539655129027e-07 0 6.4173411312516e-06 -3.611795390545677e-08 0 3.175154754192326e-06 2.368139381397904e-07 0 -1.110757519975913e-06 1.28561515606862e-07 0 -2.793700845022707e-06 -1.177426871001863e-07 0 5.265688583335279e-07 -2.435399298686413e-07 0 4.874119484825356e-05 -4.109075256511496e-07 0 -6.25320019129183e-06 -1.911134652546331e-07 0 -1.482080271635044e-05 -1.498467134194992e-07 0 1.476766902430704e-06 -2.237562871446053e-07 0 6.518060673324499e-06 -2.83048401251984e-07 0 3.034675463350899e-06 -2.98958504160729e-07 0 -1.229340853614591e-06 -2.685981996750075e-07 0 -2.618506329127301e-06 -3.035700330486502e-07 0 8.444999429341185e-07 -5.000944231781101e-07 0 4.917108129137443e-05 -1.032055954634792e-06 0 -5.553997991366352e-06 -2.867644830276127e-07 0 -1.383605212196184e-05 1.615803542007188e-07 0 1.915761674890596e-06 -2.057783793640855e-07 0 6.498203207027341e-06 -1.977713739442777e-07 0 2.996755004024478e-06 1.773662342066662e-07 0 -1.115200263327939e-06 2.264566823922953e-07 0 -2.591542675454625e-06 -8.370451915623578e-08 0 6.710678181380898e-07 -3.380917937903515e-07 0 4.873531015826826e-05 -4.028727627197747e-07 0 -6.266584434977407e-06 -1.863945683563961e-07 0 -1.482211956466139e-05 -1.440781463232788e-07 0 1.477166433325183e-06 -2.122484844963024e-07 0 6.512584101656116e-06 -2.648057161810934e-07 0 3.028738814261911e-06 -2.811432181989981e-07 0 -1.23352819465794e-06 -2.550668954798274e-07 0 -2.628826966721842e-06 -2.892593408965194e-07 0 8.202157343178977e-07 -4.742929320469823e-07 0 4.867313889184198e-05 -1.848239972263021e-06 0 -6.304570336526216e-06 -7.450394173338925e-07 0 -1.401730139374011e-05 1.541296820728455e-07 0 2.468573205740079e-06 -1.205836073353564e-08 0 6.895040247577658e-06 -2.634740600970797e-07 0 2.970278166864251e-06 -2.208283091109629e-09 0 -1.262150753167032e-06 2.448724945799952e-07 0 -2.537914786925402e-06 2.668328070998259e-08 0 8.578122753719058e-07 -3.547711947271548e-07 0 4.871874543600773e-05 -4.047580915780835e-07 0 -6.295970647066107e-06 -1.851008931963438e-07 0 -1.483551964516494e-05 -1.377765902546568e-07 0 1.480099877632091e-06 -2.06489989891534e-07 0 6.513185398446253e-06 -2.525172275169573e-07 0 3.020924734281615e-06 -2.619506820275563e-07 0 -1.241437409316148e-06 -2.390978116953434e-07 0 -2.639726041295253e-06 -2.744981821081738e-07 0 7.981470769857783e-07 -4.499680711089747e-07 0 4.818942646021189e-05 -2.710547090854775e-06 0 -6.440248477427787e-06 -1.006717394988476e-06 0 -1.507293865492904e-05 1.016555357252757e-08 0 2.308375958904544e-06 1.693367859198491e-07 0 7.491420972468785e-06 -1.319618791878474e-07 0 3.273211057626054e-06 -1.41918748856884e-07 0 -1.376236118951629e-06 1.226069841625543e-07 0 -2.632748641211331e-06 1.089213509594678e-07 0 9.670425916308988e-07 -2.760703729440261e-07 0 4.873178759871865e-05 -4.079036257653712e-07 0 -6.306803303907094e-06 -1.861437557773571e-07 0 -1.486651284252072e-05 -1.265995302549006e-07 0 1.472077654524062e-06 -1.9654112891343e-07 0 6.521143342347324e-06 -2.489011780015815e-07 0 3.020172836099011e-06 -2.493856788923776e-07 0 -1.252759116679436e-06 -2.204516891882169e-07 0 -2.653335645558252e-06 -2.569324689116748e-07 0 7.769126110779294e-07 -4.259374264056759e-07 0 4.863039820597169e-05 -3.355040151607757e-06 0 -5.092287922247619e-06 -9.291158684643363e-07 0 -1.501348774592213e-05 7.157270363183913e-08 0 1.019742506496064e-06 1.860488442195773e-07 0 7.377637306185941e-06 2.467556878271715e-08 0 3.899125656733198e-06 -9.37737792486293e-08 0 -1.170114669411977e-06 2.342471019239899e-08 0 -2.783530600506366e-06 8.010911203837345e-08 0 9.436594041187593e-07 -1.750746815090687e-07 0 4.878414111930684e-05 -4.063405821333466e-07 0 -6.274203638148568e-06 -1.870590711772202e-07 0 -1.488145422452736e-05 -1.133357675209279e-07 0 1.446080888006795e-06 -1.748501432669025e-07 0 6.520296444406659e-06 -2.404562031849133e-07 0 3.030828845562716e-06 -2.472428762417822e-07 0 -1.256906664748314e-06 -2.069621927031084e-07 0 -2.670266164461754e-06 -2.357798820976087e-07 0 7.548356092956791e-07 -3.997497831087493e-07 0 4.927523103572797e-05 -4.091984859115604e-06 0 -4.78850941502398e-06 -8.356957284932909e-07 0 -1.281261223314315e-05 5.013379772572656e-07 0 7.740178772342417e-07 2.866573888676837e-07 0 5.953066348348637e-06 8.357603158148931e-09 0 3.864061505718178e-06 -3.250418226241603e-09 0 -5.548510504591042e-07 1.003992828249589e-07 0 -2.671992397875779e-06 9.183326443035207e-08 0 8.106457057930483e-07 -1.362715539438009e-07 0 4.883076283920817e-05 -3.880959503280156e-07 0 -6.248648690213021e-06 -1.834963451463611e-07 0 -1.485046114196864e-05 -1.026743644896855e-07 0 1.439149913712301e-06 -1.464219979360748e-07 0 6.500644860463201e-06 -2.173668396318607e-07 0 3.03600959164485e-06 -2.429617005500483e-07 0 -1.247524727368554e-06 -2.034659953228934e-07 0 -2.68043934156803e-06 -2.174267298010734e-07 0 7.307413874002581e-07 -3.702118639287155e-07 0 4.871486876537782e-05 -5.279536689828389e-06 0 -7.480813764134015e-06 -1.063282764696138e-06 0 -1.200548667098893e-05 1.09462259760551e-06 0 3.046889912202994e-06 6.579976001078178e-07 0 5.317814745757313e-06 -5.99785953264709e-08 0 2.490714206123453e-06 -4.841731118115918e-08 0 -4.772573731813902e-07 2.692566432316301e-07 0 -2.15210212936405e-06 2.695669771221597e-07 0 8.332499005191122e-07 -2.639760870309934e-08 0 4.88478634469297e-05 -3.546531972264954e-07 0 -6.277754921860113e-06 -1.735553559895075e-07 0 -1.482936096262877e-05 -9.58400759518141e-08 0 1.477307088715296e-06 -1.206104037337896e-07 0 6.496715037399015e-06 -1.839652044935414e-07 0 3.022901190918858e-06 -2.259411891886165e-07 0 -1.240334231253359e-06 -2.012839218773488e-07 0 -2.677446347451595e-06 -2.068462227056145e-07 0 7.129575487901943e-07 -3.419484766939429e-07 0 4.917706801298464e-05 -6.360261946149192e-06 0 -9.970230989164631e-06 -1.456297285144792e-06 0 -1.505832828589811e-05 1.57206076246974e-06 0 4.490334084663369e-06 1.273299872997513e-06 0 7.176904278848212e-06 -3.279204885409121e-08 0 1.605084750876031e-06 -2.592656134503544e-07 0 -1.58983113014103e-06 3.87242055269188e-07 0 -1.999132309415518e-06 5.985854035842063e-07 0 1.180176264649509e-06 2.44354326967011e-07 0 4.886733815794019e-05 -3.341250214006219e-07 0 -6.299318787650332e-06 -1.667013493425462e-07 0 -1.487765494137538e-05 -9.245508204858144e-08 0 1.502172540912561e-06 -1.06146051594147e-07 0 6.531925141800565e-06 -1.504931060464232e-07 0 3.017554732115401e-06 -1.970668337680781e-07 0 -1.249625391538944e-06 -1.910809336105879e-07 0 -2.673875674027992e-06 -2.000502405119508e-07 0 7.062147717312731e-07 -3.189014405671764e-07 0 5.312192402187176e-05 -6.726124870348737e-06 0 -9.082980373884605e-06 -1.664835109035922e-06 0 -1.867945617453972e-05 1.656412109196648e-06 0 2.232488802856279e-06 1.982409542827801e-06 0 8.721895210059021e-06 2.141619965950746e-07 0 2.822603071805582e-06 -5.657576388831687e-07 0 -2.459384336087923e-06 2.969618587284062e-07 0 -2.758631823523462e-06 9.732370218895614e-07 0 1.31302649142729e-06 7.056791554507777e-07 0 4.89063097029313e-05 -3.366803048576727e-07 0 -6.255304452792987e-06 -1.70608151182916e-07 0 -1.49245106162571e-05 -8.4714857011281e-08 0 1.461494171836608e-06 -1.047517665109243e-07 0 6.562534285478594e-06 -1.336720152969595e-07 0 3.040066981069289e-06 -1.639006177167612e-07 0 -1.259475348763805e-06 -1.697690002605556e-07 0 -2.683031741557151e-06 -1.906855468386537e-07 0 7.021926216321809e-07 -3.004060712893941e-07 0 5.695650567958949e-05 -5.895149230383811e-06 0 -5.287852708165884e-06 -1.20885897681583e-06 0 -1.94825479183907e-05 1.410365016607517e-06 0 -1.032937385788117e-06 2.327582437559872e-06 0 7.149238000010021e-06 7.031456563180715e-07 0 4.073180609278671e-06 -7.498123648363997e-07 0 -1.776052325464915e-06 -2.338689807090948e-08 0 -3.456442051246074e-06 1.175728809713061e-06 0 8.238820924343091e-07 1.275953805758567e-06 0 4.889302919278137e-05 -2.982718266889006e-07 0 -6.178993380068221e-06 -1.611317514069177e-07 0 -1.488984602404653e-05 -6.540568788654387e-08 0 1.414015608242059e-06 -8.899136712259281e-08 0 6.548943116538308e-06 -1.388894483450587e-07 0 3.07268196297894e-06 -1.484604550266999e-07 0 -1.254183401785957e-06 -1.404969349610985e-07 0 -2.698490491448435e-06 -1.731030874890793e-07 0 6.907890860718971e-07 -2.830086384617014e-07 0 5.624112677651555e-05 -3.901583731882874e-06 0 -2.204999378464106e-06 3.767265601556363e-08 0 -1.569369183810547e-05 1.297838406473517e-06 0 -2.271775106288919e-06 2.105501340388116e-06 0 4.474052019577852e-06 1.057409689572686e-06 0 3.055014646793398e-06 -6.439026517257584e-07 0 -9.60709352493781e-07 -3.286476034022878e-07 0 -3.168978013937638e-06 1.109648345425096e-06 0 2.768428904089548e-07 1.754403995704589e-06 0 4.880315894345565e-05 -1.923692775004926e-07 0 -6.119120081166107e-06 -1.239401963282205e-07 0 -1.476079272880182e-05 -5.212898530199128e-08 0 1.425365080659491e-06 -3.996143777690308e-08 0 6.508144523076353e-06 -1.262151188008431e-07 0 3.092586596253887e-06 -1.613466084904314e-07 0 -1.227915661303203e-06 -1.277827580553614e-07 0 -2.710216074383597e-06 -1.461983619374663e-07 0 6.711078187060518e-07 -2.607272546334416e-07 0 4.94480459190716e-05 -1.568864700381145e-06 0 -6.884673462169462e-06 1.298494141377393e-06 0 -9.96342051312474e-06 1.624871835699537e-06 0 8.232099808680353e-07 1.672521372626801e-06 0 3.233176829583582e-06 9.758479668914299e-07 0 1.069429229182822e-06 -4.414751791498306e-07 0 -1.665985582983368e-06 -3.777996138501493e-07 0 -2.792645701261715e-06 9.825781177308364e-07 0 2.648096233881172e-07 2.005163207051408e-06 0 4.879323225083498e-05 5.594404463987734e-08 0 -6.183526139375006e-06 -2.981253560685459e-08 0 -1.45768910775057e-05 -6.340386966147137e-08 0 1.558805597656754e-06 -8.462536164877131e-09 0 6.47353774331505e-06 -6.87418797093442e-08 0 3.069128574534341e-06 -1.640653377391055e-07 0 -1.186671648709114e-06 -1.465465604630345e-07 0 -2.698672532455703e-06 -1.333265262082328e-07 0 6.471854083200948e-07 -2.304585365389688e-07 0 3.684212622136933e-05 -5.950201967391822e-07 0 -2.267657187775643e-05 1.596853672333753e-06 0 -1.338809593032989e-05 1.963806643100196e-06 0 7.07554437088891e-06 1.466997171996331e-06 0 5.80718995033002e-06 7.196420472657671e-07 0 5.825743268350573e-08 -4.064579833470972e-07 0 -3.123775457784631e-06 -2.878357613853021e-07 0 -3.358507492663091e-06 1.028734935362707e-06 0 2.964432891309877e-07 2.175231691596557e-06 0 4.895097194662634e-05 4.287999976620993e-07 0 -6.43120336203673e-06 1.139204315811493e-07 0 -1.459380453726344e-05 -1.028392778365528e-07 0 1.803147189727294e-06 -3.738526128949092e-08 0 6.538861755098213e-06 -2.17018288548032e-08 0 2.998264100342873e-06 -1.26177439288555e-07 0 -1.189305292678688e-06 -1.700168478988018e-07 0 -2.657153031423997e-06 -1.504129511220587e-07 0 6.414496532963779e-07 -2.119219819560202e-07 0 5.763614611075564e-05 -1.068906221687871e-06 0 -7.914115385158609e-06 9.401456118260377e-07 0 -3.189318179965341e-05 1.853587046116156e-06 0 5.002575365931812e-06 1.315685595207339e-06 0 1.194911383412987e-05 6.511641582676585e-07 0 2.184731506513257e-06 -3.787634418189746e-07 0 -3.967350651230828e-06 -2.772080212667949e-07 0 -4.435836600665595e-06 1.099470081825093e-06 0 -1.767565250476363e-07 2.452438669253708e-06 0 4.970034886513097e-05 8.234932295514419e-07 0 -6.413900793242333e-06 2.372382439455589e-07 0 -1.500453689727565e-05 -1.600793652009602e-07 0 1.834036508108206e-06 -1.517940059342359e-07 0 6.732831395156458e-06 -3.244292945403515e-08 0 2.97037105738418e-06 -7.89864361833148e-08 0 -1.268878221730163e-06 -1.691193685579573e-07 0 -2.648329613635924e-06 -1.85912795248877e-07 0 6.659059415548011e-07 -2.18401818255498e-07 0 0.0001206720320519846 -1.925469398790513e-06 0 4.591458489996947e-05 1.114634398669017e-09 0 -2.398679340653659e-05 1.235279583643167e-06 0 -1.347459586550416e-05 1.096475932244045e-06 0 1.107171960757674e-05 6.906560161903941e-07 0 7.522919184907049e-06 -1.777711753914169e-07 0 -2.383162699871704e-06 -3.216426997035282e-07 0 -5.162503616026013e-06 1.006887137389168e-06 0 -9.528624590952696e-07 2.598651595520084e-06 0 5.10056147498411e-05 1.16014471932685e-06 0 -5.822178405875955e-06 2.817677977884347e-07 0 -1.53546770083196e-05 -2.248738623367163e-07 0 1.442881928909179e-06 -3.240609911178693e-07 0 6.788126066928357e-06 -1.354781006268624e-07 0 3.045819576677488e-06 -5.693953165214482e-08 0 -1.355179962345132e-06 -1.43918253849018e-07 0 -2.717597924792314e-06 -2.169928414660904e-07 0 6.679461013459068e-07 -2.49076250811997e-07 0 2.020007613440233e-05 3.754136772698978e-07 0 -8.721375995753145e-06 6.291437093935981e-07 0 -5.333628143677424e-06 7.928653789970874e-07 0 7.086635774781462e-06 1.60791772035873e-07 0 1.747609145642858e-06 -3.462229549722196e-07 0 -4.233984182634666e-06 6.472936709481237e-07 0 -1.598778759484206e-06 2.43641317913823e-06 0 5.138313410388284e-05 1.384456604726358e-06 0 -5.606859916823526e-06 1.866288358021162e-07 0 -1.514995097470772e-05 -2.733396701898316e-07 0 1.079544506496499e-06 -4.446254684015161e-07 0 6.529177653494256e-06 -3.075183400147452e-07 0 3.100116012080822e-06 -9.079422673419213e-08 0 -1.375473235809554e-06 -1.072962575454639e-07 0 -2.822578766659145e-06 -2.210283735273877e-07 0 6.070997068674537e-07 -2.88447161482519e-07 0 3.010421592783917e-05 -1.229020540477465e-07 0 2.711752792326753e-07 5.819092711578655e-07 0 -6.455244855752474e-06 5.947543334147708e-07 0 9.422254294241313e-07 -2.531848743297927e-07 0 -1.545344304681485e-06 8.758198086905595e-08 0 -1.290221759163044e-06 1.788147845828425e-06 0 5.037385060109589e-05 1.511060303313605e-06 0 -6.449584407194897e-06 -2.378175604361711e-08 0 -1.48822554996153e-05 -3.501349448084556e-07 0 1.193626968487571e-06 -4.307153335034175e-07 0 6.255647240022144e-06 -4.059310233159308e-07 0 3.027164523536352e-06 -1.768638627636099e-07 0 -1.322988205779141e-06 -8.007086142736153e-08 0 -2.899066437481168e-06 -1.895880564067864e-07 0 5.036701079402799e-07 -3.077135162718458e-07 0 3.848822946941139e-05 -6.800104156157169e-08 0 1.716174608172446e-06 6.329218728146069e-07 0 -1.043667122832157e-05 7.459443782109605e-08 0 -3.140743645848458e-06 -3.896427563515603e-07 0 1.402999359684598e-07 7.648283579381188e-07 0 5.052346978834387e-05 1.642833759897544e-06 0 -7.544790447358563e-06 -2.497516588609305e-07 0 -1.509895897217062e-05 -4.879443320435216e-07 0 1.717995907923875e-06 -3.135004850440825e-07 0 6.266744212862774e-06 -3.403406698479494e-07 0 2.903725283970315e-06 -2.173182760828451e-07 0 -1.230628321066684e-06 -7.77659803705144e-08 0 -2.858742418426762e-06 -1.319827837506504e-07 0 4.037490130420766e-07 -2.890200679131483e-07 0 4.138240738670722e-05 1.330653074255172e-07 0 -9.1438048604033e-07 2.253193746373783e-07 0 -1.300885916826551e-05 -4.645825234170231e-07 0 -2.070501890759916e-06 -2.114230418653883e-07 0 5.315409279105231e-05 1.844650472780651e-06 0 -8.068404138805716e-06 -3.799922262195943e-07 0 -1.621764446724238e-05 -6.475945892453482e-07 0 2.339543532098309e-06 -1.905056225132151e-07 0 6.798592553647342e-06 -1.467572091837232e-07 0 2.831237718714518e-06 -1.482890155321548e-07 0 -1.209282537259493e-06 -7.3705140109237e-08 0 -2.676517869337757e-06 -7.399403420538241e-08 0 4.250713616510419e-07 -2.342280737768765e-07 0 3.851930181354538e-05 -6.464184025556373e-08 0 -3.739203438690378e-06 -3.53591736099168e-07 0 -1.074441962416878e-05 -6.873227567441574e-07 0 6.23118948622353e-05 2.173244507880367e-06 0 -5.176223931230295e-06 -3.140484867228399e-07 0 -1.828782337084944e-05 -7.834220412464287e-07 0 1.910741721330988e-06 -1.153706062559379e-07 0 7.766734252484529e-06 6.26503551121038e-08 0 3.089976932171834e-06 -1.934832766226079e-08 0 -1.331414234168049e-06 -4.473951181055423e-08 0 -2.55317314667991e-06 -4.675231583123329e-08 0 6.169909916725618e-07 -1.672557127310736e-07 0 3.296919942397851e-05 -4.554794493794034e-07 0 -2.941465345459889e-06 -7.040155831014582e-07 0 7.72881438614592e-05 2.611110052327947e-06 0 2.068479467542961e-06 -5.79564603669924e-08 0 -1.977809997161239e-05 -8.081351514921397e-07 0 -1.305604050566566e-07 -1.11020081454416e-07 0 8.184825251680848e-06 2.086962572825368e-07 0 3.755821298773165e-06 8.620731400260651e-08 0 -1.478555099215795e-06 -5.094926055354553e-08 0 -2.663597234511816e-06 -6.625005953553308e-08 0 7.807262207837344e-07 -1.402969700345369e-07 0 2.89663796962503e-05 -7.136412295757899e-07 0 -1.930665403691855e-05 -6.865904087216544e-07 0 -3.259035597960591e-06 -1.126860393468876e-07 0 7.423388751981452e-06 2.644527573106292e-07 0 4.585833815157202e-06 1.442977270310619e-07 0 -1.52204654682575e-06 -1.316090079833687e-07 0 -3.107071165839304e-06 -1.937159632564578e-07 0 7.288117645637418e-07 -1.835522442164561e-07 0 -6.270548497250283e-06 -4.535960914514579e-08 0 5.409269783124282e-06 2.947093527758127e-07 0 5.247754688283978e-06 1.644486320173666e-07 0 -1.111469034517642e-06 -2.377631805189351e-07 0 -3.793315713554457e-06 -4.275605360523626e-07 0 2.57375694701079e-07 -3.483607454446424e-07 0 2.822859600903892e-06 3.798526714282602e-07 0 5.588455303476292e-06 2.263459801463141e-07 0 -1.587847914957808e-07 -3.049923726558545e-07 0 -4.141990561618013e-06 -6.710651185154458e-07 0 -5.937593001575918e-07 -6.144146831588148e-07 0 5.658918306200578e-06 3.834118916246076e-07 0 1.41119760185826e-06 -2.358637595303859e-07 0 -3.744153338466893e-06 -8.150783775973114e-07 0 -1.337466302986367e-06 -8.746735274400839e-07 0 3.318438768454279e-06 -1.223205235711952e-08 0 -2.259154478254088e-06 -7.552292342824507e-07 0 -1.531810753394036e-06 -1.020136537938088e-06 0 2.679885237333345e-08 -5.032267582638638e-07 0 -8.114280725113328e-07 -9.593757274301007e-07 0 6.610464314132932e-07 -7.195090956785274e-07 0 </DataArray>
      </PointData>
    </Piece>
  </UnstructuredGrid>
</VTKFile>
