t,u_L2,p_L2,solid_force_L2,volume,inlet_scale,tip_dx,tip_dy,cyl_dx,cyl_dy,max_u,umax_x,umax_y,elapsed_s
0.00000000e+00,0.0000000000e+00,0.0000000000e+00,2.2534589945e+05,1.4843057359e+02,0.0000000000e+00,0.0000000000e+00,0.0000000000e+00,2.0528006619e-17,2.1896540393e-17,0.0000000000e+00,108.0000,40.0000,0.390
1.00000000e-02,1.4220587899e+00,9.2448373944e+08,2.2534612948e+05,1.4843059467e+02,1.2336751834e-02,3.9944643059e-05,-2.5789391758e-08,1.0546585444e-05,-1.8017999734e-09,2.4913608143e-02,18.5000,26.5000,10.227
2.00000000e-02,2.3027015750e+01,3.7846877945e+09,2.2534677601e+05,1.4843068642e+02,4.9343963427e-02,1.7182651966e-04,-3.2989899207e-07,2.7835883401e-05,2.0028816575e-08,1.0111239819e-01,18.5000,13.5000,20.409
3.00000000e-02,1.1730827259e+02,8.5717962007e+09,2.2534713514e+05,1.4843073792e+02,1.1101250380e-01,2.4091660333e-04,-1.4622207176e-06,4.0782728140e-05,1.9792666170e-08,2.2034667578e-01,18.5000,13.5000,28.217
4.00000000e-02,3.7120062879e+02,1.5338618493e+10,2.2534755770e+05,1.4843079710e+02,1.9732715717e-01,3.2339024545e-04,-3.5669198005e-06,5.5120807183e-05,1.9758422482e-08,3.7655989713e-01,18.5000,13.5000,36.585
5.00000000e-02,9.0796385193e+02,2.4159699299e+10,2.2534820613e+05,1.4843089624e+02,3.0826662669e-01,4.5606181543e-04,-6.8966978696e-06,7.3186686839e-05,2.8289174634e-08,5.7848270378e-01,18.0000,27.0000,44.684
6.00000000e-02,1.8855664511e+03,3.4950803605e+10,2.2534864840e+05,1.4843096664e+02,4.4380353969e-01,5.4382761586e-04,-1.2084869651e-05,8.8358036929e-05,2.2667744597e-08,8.2994301939e-01,18.0000,27.0000,52.560
7.00000000e-02,3.4957882576e+03,4.7798737412e+10,2.2534917785e+05,1.4843105172e+02,6.0390445448e-01,6.5093937124e-04,-1.9939469168e-05,1.0531858114e-04,2.0574213760e-08,1.1226980156e+00,18.0000,27.0000,60.630
8.00000000e-02,5.9684216623e+03,6.2740529719e+10,2.2534982125e+05,1.4843116088e+02,7.8852986855e-01,7.8426767597e-04,-3.1237858146e-05,1.2430562940e-04,2.0363140117e-08,1.4589185615e+00,17.5000,27.0000,68.543
9.00000000e-02,9.5658068889e+03,7.9680421599e+10,2.2535032701e+05,1.4843125339e+02,9.9763422834e-01,8.8849079649e-04,-4.6950457340e-05,1.4145578681e-04,2.9837819871e-10,1.8368821502e+00,17.5000,27.0000,76.727
1.00000000e-01,1.4584159034e+04,9.8715599771e+10,2.2535091540e+05,1.4843136280e+02,1.2311659405e+00,1.0120967605e-03,-6.8081473482e-05,1.6022672033e-04,-1.9609582802e-08,2.2542572912e+00,17.5000,27.0000,84.735
1.10000000e-01,2.1357991636e+04,1.1984285529e+11,2.2535155235e+05,1.4843148696e+02,1.4890673845e+00,1.1482756244e-03,-9.5599742914e-05,1.7997717821e-04,-4.0776667602e-08,2.7149016108e+00,18.0000,27.5000,92.862
1.20000000e-01,3.0251902305e+04,1.4298086664e+11,2.2535210196e+05,1.4843160308e+02,1.7712749271e+00,1.2671018650e-03,-1.3039946261e-04,1.9865939162e-04,-7.4539137227e-08,3.2236562451e+00,18.0000,27.5000,101.018
1.30000000e-01,4.1664713454e+04,1.6821734679e+11,2.2535271789e+05,1.4843173490e+02,2.0777189378e+00,1.4025065781e-03,-1.7353508861e-04,2.1868789807e-04,-1.0771183617e-07,3.7729998176e+00,18.0000,27.5000,108.974
1.40000000e-01,5.6032229023e+04,1.9551868260e+11,2.2535334628e+05,1.4843187574e+02,2.4083238061e+00,1.5431018023e-03,-2.2626746851e-04,2.3917661846e-04,-1.3914249120e-07,4.3624813325e+00,18.0000,27.5000,116.964
1.50000000e-01,7.3818229609e+04,2.2482422685e+11,2.2535392101e+05,1.4843201389e+02,2.7630079602e+00,1.6743505460e-03,-2.8988235562e-04,2.5916106029e-04,-1.7553859539e-07,4.9912912747e+00,18.0000,27.5000,125.139
1.60000000e-01,9.5520727136e+04,2.5619990873e+11,2.2535454270e+05,1.4843216510e+02,3.1416838871e+00,1.8185879062e-03,-3.6566993100e-04,2.8021599380e-04,-2.1281108896e-07,5.6588225527e+00,18.0000,27.5000,133.180
1.70000000e-01,1.2167222345e+05,2.8959295409e+11,2.2535515783e+05,1.4843232186e+02,3.5442581542e+00,1.9643950620e-03,-4.5500283238e-04,3.0148539105e-04,-2.5225832222e-07,6.3699961452e+00,18.5000,28.0000,141.407
1.80000000e-01,1.5283157189e+05,3.2495967487e+11,2.2535573979e+05,1.4843247891e+02,3.9706314323e+00,2.1059729005e-03,-5.5912909577e-04,3.2259978489e-04,-2.9444825728e-07,7.1344684187e+00,18.0000,28.0000,149.489
1.90000000e-01,1.8959111161e+05,3.6233944353e+11,2.2535635055e+05,1.4843264607e+02,4.4206985202e+00,2.2571834188e-03,-6.7904949079e-04,3.4452218664e-04,-3.3569037340e-07,7.9411377952e+00,18.0000,28.0000,157.523
2.00000000e-01,2.3257453025e+05,4.0166968209e+11,2.2535694533e+05,1.4843281664e+02,4.8943483705e+00,2.4084492527e-03,-8.1571527148e-04,3.6654742131e-04,-3.7854331132e-07,8.7884943207e+00,18.0000,28.0000,165.606
2.10000000e-01,2.8243052796e+05,4.4291701257e+11,2.2535751804e+05,1.4843298883e+02,5.3914641172e+00,2.5585165782e-03,-9.7007142481e-04,3.8861354014e-04,-4.1951752085e-07,9.6760784559e+00,18.0000,28.0000,173.614
2.20000000e-01,3.3983965469e+05,4.8609488191e+11,2.2535810434e+05,1.4843316831e+02,5.9119231046e+00,2.7154496508e-03,-1.1429822793e-03,4.1127443995e-04,-4.5606598344e-07,1.0603565483e+01,18.0000,28.0000,181.668
2.30000000e-01,4.0551042057e+05,5.3113706638e+11,2.2535867019e+05,1.4843334975e+02,6.4555969170e+00,2.8719830747e-03,-1.3352442336e-03,4.3400439665e-04,-4.9205644951e-07,1.1570647429e+01,18.0000,28.0000,189.745
2.40000000e-01,4.8017501551e+05,5.7801385527e+11,2.2535921880e+05,1.4843353301e+02,7.0223514112e+00,3.0289322741e-03,-1.5476634431e-03,4.5687955858e-04,-5.2820191669e-07,1.2576962117e+01,18.0000,28.0000,198.299
2.50000000e-01,5.6459503039e+05,6.2671599307e+11,2.2535976894e+05,1.4843372107e+02,7.6120467489e+00,3.1906247854e-03,-1.7809204150e-03,4.8019367966e-04,-5.6175965563e-07,1.3622259307e+01,18.0000,28.0000,207.175
2.60000000e-01,6.5955662143e+05,6.7717664666e+11,2.2536029649e+05,1.4843390996e+02,8.2245374316e+00,3.3519270982e-03,-2.0354871240e-03,5.0358079900e-04,-5.9611097491e-07,1.4706299974e+01,18.0000,28.0000,216.112
2.70000000e-01,7.6586806476e+05,7.2936449157e+11,2.2536080787e+05,1.4843410022e+02,8.8596723365e+00,3.5143639396e-03,-2.3116688390e-03,5.2716112834e-04,-6.3087635189e-07,1.5828841781e+01,18.0000,28.0000,225.228
2.80000000e-01,8.8436395924e+05,7.8325170073e+11,2.2536131170e+05,1.4843429313e+02,9.5172947534e+00,3.6799930881e-03,-2.6097194205e-03,5.5107215773e-04,-6.6423960017e-07,1.7000201817e+01,18.5000,11.5000,234.208
2.90000000e-01,1.0159001604e+06,8.3877178328e+11,2.2536179183e+05,1.4843448593e+02,1.0197242424e+01,3.8453903020e-03,-2.9298036619e-03,5.7507393033e-04,-6.9561518460e-07,1.8219929777e+01,18.5000,11.5000,243.409
3.00000000e-01,1.1613527113e+06,8.9588839685e+11,2.2536225489e+05,1.4843467926e+02,1.0899347581e+01,4.0121113940e-03,-3.2720499084e-03,5.9928563002e-04,-7.2624750231e-07,1.9479341435e+01,18.5000,11.5000,252.902
3.10000000e-01,1.3216204713e+06,9.5455926113e+11,2.2536270378e+05,1.4843487348e+02,1.1623436991e+01,4.1809235101e-03,-3.6366171945e-03,6.2375826274e-04,-7.5611559869e-07,2.0778275052e+01,18.5000,11.5000,263.017
3.20000000e-01,1.4976203318e+06,1.0147180605e+12,2.2536312826e+05,1.4843506671e+02,1.2369331996e+01,4.3496576074e-03,-4.0236892342e-03,6.4834438370e-04,-7.8627465197e-07,2.2116581269e+01,18.5000,11.5000,272.793
3.30000000e-01,1.6902870120e+06,1.0763217309e+12,2.2536353395e+05,1.4843525953e+02,1.3136848556e+01,4.5196154530e-03,-4.4333433409e-03,6.7314463440e-04,-8.1677831322e-07,2.3498301600e+01,18.0000,28.5000,282.657
3.40000000e-01,1.9005742899e+06,1.1393171302e+12,2.2536392096e+05,1.4843545181e+02,1.3925797300e+01,4.6908912094e-03,-4.8655757807e-03,6.9816736633e-04,-8.4905145332e-07,2.4920962384e+01,18.0000,28.5000,292.421
3.50000000e-01,2.1294507871e+06,1.2036374960e+12,2.2536428322e+05,1.4843564234e+02,1.4735983565e+01,4.8621786132e-03,-5.3203347892e-03,7.2332933490e-04,-8.8212088118e-07,2.6383444342e+01,18.0000,28.5000,302.097
3.60000000e-01,2.3779001844e+06,1.2692326117e+12,2.2536462511e+05,1.4843583154e+02,1.5567207450e+01,5.0344497706e-03,-5.7975199122e-03,7.4870901349e-04,-9.1464689022e-07,2.7885810804e+01,18.0000,28.5000,311.788
3.70000000e-01,2.6469213401e+06,1.3360413708e+12,2.2536494564e+05,1.4843601911e+02,1.6419263863e+01,5.2074925448e-03,-6.2969734895e-03,7.7429785456e-04,-9.4607896354e-07,2.9428191635e+01,18.0000,28.5000,321.698
3.80000000e-01,2.9375247501e+06,1.4039959145e+12,2.2536524156e+05,1.4843620428e+02,1.7291942573e+01,5.3805602865e-03,-6.8185748685e-03,8.0005519392e-04,-9.7670998521e-07,3.1010763778e+01,18.0000,28.5000,331.338
3.90000000e-01,3.2507328477e+06,1.4730392780e+12,2.2536551613e+05,1.4843638734e+02,1.8185028257e+01,5.5543179675e-03,-7.3622235733e-03,8.2604011311e-04,-1.0052460294e-06,3.2633767984e+01,18.0000,28.5000,341.066
4.00000000e-01,3.5875793209e+06,1.5431046031e+12,2.2536576822e+05,1.4843656792e+02,1.9098300563e+01,5.7284489474e-03,-7.9277648337e-03,8.5224128792e-04,-1.0320490051e-06,3.4297512942e+01,18.0000,28.5000,350.534
4.10000000e-01,3.9491062237e+06,1.6141224372e+12,2.2536599645e+05,1.4843674557e+02,2.0031534151e+01,5.9025483209e-03,-8.5149347454e-03,8.7864545226e-04,-1.0573863599e-06,3.6002362272e+01,18.0000,28.5000,359.945
4.20000000e-01,4.3363641456e+06,1.6860298778e+12,2.2536620329e+05,1.4843692043e+02,2.0984498762e+01,6.0770321561e-03,-9.1233696098e-03,9.0529730855e-04,-1.0805883131e-06,3.7748746091e+01,18.0000,28.5000,369.408
4.30000000e-01,4.7504110089e+06,1.7587558722e+12,2.2536638795e+05,1.4843709214e+02,2.1956959266e+01,6.2515782751e-03,-9.7525552996e-03,9.3218973892e-04,-1.1000023342e-06,3.9537160577e+01,18.0000,28.5000,379.089
4.40000000e-01,5.1923097331e+06,1.8322290021e+12,2.2536655029e+05,1.4843726038e+02,2.2948675722e+01,6.4259750711e-03,-1.0401815139e-02,9.5932669008e-04,-1.1147903628e-06,4.1368160154e+01,18.0000,28.5000,388.643
4.50000000e-01,5.6631281627e+06,1.9063812795e+12,2.2536669228e+05,1.4843742514e+02,2.3959403440e+01,6.6004515373e-03,-1.1070347780e-02,9.8674340298e-04,-1.1237446106e-06,4.3242364247e+01,18.0000,28.5000,398.132
4.60000000e-01,6.1639375659e+06,1.9811383984e+12,2.2536681363e+05,1.4843758605e+02,2.4988893037e+01,6.7747183801e-03,-1.1757261747e-02,1.0144395422e-03,-1.1257615842e-06,4.5160455478e+01,18.0000,28.5000,407.892
4.70000000e-01,6.6958107254e+06,2.0564266409e+12,2.2536691497e+05,1.4843774279e+02,2.6036890502e+01,6.9486599955e-03,-1.2461523666e-02,1.0424295169e-03,-1.1200643022e-06,4.7123177161e+01,18.0000,28.5000,417.208
4.80000000e-01,7.2598215851e+06,2.1321736025e+12,2.2536699797e+05,1.4843789517e+02,2.7103137258e+01,7.1223698239e-03,-1.3181927295e-02,1.0707428761e-03,-1.1068472423e-06,4.9131341525e+01,18.0000,28.5000,426.532
4.90000000e-01,7.8570436069e+06,2.2083021546e+12,2.2536706286e+05,1.4843804272e+02,2.8187370224e+01,7.2955969403e-03,-1.3917084753e-02,1.0993861325e-03,-1.0857726383e-06,5.1185833997e+01,18.0000,28.5000,435.854
5.00000000e-01,8.4885481564e+06,2.2847359553e+12,2.2536711072e+05,1.4843818505e+02,2.9289321881e+01,7.4682603280e-03,-1.4665403644e-02,1.1283796359e-03,-1.0559785202e-06,5.3287624141e+01,18.0000,28.5000,445.330
5.10000000e-01,9.1554038750e+06,2.3613986490e+12,2.2536714310e+05,1.4843832175e+02,3.0408720341e+01,7.6403559804e-03,-1.5425059725e-02,1.1577496195e-03,-1.0166580184e-06,5.5437787193e+01,18.0000,28.5000,454.755
5.20000000e-01,9.8586749885e+06,2.4382104414e+12,2.2536716063e+05,1.4843845222e+02,3.1545289407e+01,7.8116619641e-03,-1.6194045713e-02,1.1875080703e-03,-9.6717801115e-07,5.7637528048e+01,18.0000,28.5000,464.170
5.30000000e-01,1.0599419870e+07,2.5150922063e+12,2.2536716465e+05,1.4843857592e+02,3.2698748649e+01,7.9820955497e-03,-1.6970229893e-02,1.2176779909e-03,-9.0637415426e-07,5.9888216484e+01,18.0000,28.5000,473.440
5.40000000e-01,1.1378690163e+07,2.5919641471e+12,2.2536715662e+05,1.4843869228e+02,3.3868813468e+01,8.1515823279e-03,-1.7751375280e-02,1.2482832066e-03,-8.3349375961e-07,6.2191434937e+01,18.0000,28.5000,482.727
5.50000000e-01,1.2197529090e+07,2.6687441497e+12,2.2536713743e+05,1.4843880059e+02,3.5055195167e+01,8.3199173377e-03,-1.8535150194e-02,1.2793389830e-03,-7.4853733892e-07,6.4549031165e+01,18.0000,28.5000,491.996
5.60000000e-01,1.3056970097e+07,2.7453507430e+12,2.2536710852e+05,1.4843890023e+02,3.6257601025e+01,8.4869993272e-03,-1.9319161714e-02,1.3108683136e-03,-6.5149151053e-07,6.6963179433e+01,18.0000,28.5000,501.442
5.70000000e-01,1.3958035766e+07,2.8217018385e+12,2.2536707127e+05,1.4843899059e+02,3.7475734366e+01,8.6527060444e-03,-2.0100963171e-02,1.3428924335e-03,-5.4186761597e-07,6.9436443038e+01,18.0000,28.5000,510.799
5.80000000e-01,1.4901736146e+07,2.8977142995e+12,2.2536702677e+05,1.4843907105e+02,3.8709294635e+01,8.8168437911e-03,-2.0878054420e-02,1.3754274236e-03,-4.1915803324e-07,7.1971823022e+01,18.0000,28.5000,520.303
5.90000000e-01,1.5889067426e+07,2.9733061396e+12,2.2536697648e+05,1.4843914116e+02,3.9957977467e+01,8.9792935435e-03,-2.1647926199e-02,1.4084941048e-03,-2.8265071311e-07,7.4572778487e+01,18.0000,28.5000,529.732
6.00000000e-01,1.6921010704e+07,3.0483957101e+12,2.2536692176e+05,1.4843920061e+02,4.1221474771e+01,9.1399102947e-03,-2.2408134631e-02,1.4421104017e-03,-1.3100561978e-07,7.7243192969e+01,18.0000,28.5000,539.132
6.10000000e-01,1.7998530382e+07,3.1229021295e+12,2.2536686386e+05,1.4843924928e+02,4.2499474796e+01,9.2985189329e-03,-2.3156353478e-02,1.4762910172e-03,3.7332953728e-08,8.0056809311e+01,17.5000,28.0000,548.617
6.20000000e-01,1.9122572883e+07,3.1967470524e+12,2.2536680427e+05,1.4843928737e+02,4.3791662215e+01,9.4550011626e-03,-2.3890415660e-02,1.5110531043e-03,2.2363380373e-07,8.2956722372e+01,17.5000,28.0000,558.203
6.30000000e-01,2.0294065397e+07,3.2698543773e+12,2.2536674444e+05,1.4843931543e+02,4.5097718200e+01,9.6092221425e-03,-2.4608361691e-02,1.5464106840e-03,4.2919026357e-07,8.5943719810e+01,17.5000,28.0000,567.870
6.40000000e-01,2.1513914437e+07,3.3421511107e+12,2.2536668581e+05,1.4843933441e+02,4.6417320502e+01,9.7610468100e-03,-2.5308463869e-02,1.5823757004e-03,6.5582215010e-07,8.9019568007e+01,17.5000,28.0000,577.425
6.50000000e-01,2.2783004695e+07,3.4135686289e+12,2.2536663004e+05,1.4843934576e+02,4.7750143528e+01,9.9103876163e-03,-2.5989222032e-02,1.6189610218e-03,9.0564007055e-07,9.2184107018e+01,17.5000,28.0000,586.918
6.60000000e-01,2.4102197912e+07,3.4840423939e+12,2.2536657881e+05,1.4843935139e+02,4.9095858425e+01,1.0057152769e-02,-2.6649374619e-02,1.6561765596e-03,1.1811888674e-06,9.5434612306e+01,17.5000,28.0000,596.214
6.70000000e-01,2.5472331692e+07,3.5535123335e+12,2.2536653384e+05,1.4843935368e+02,5.0454133157e+01,1.0201265388e-02,-2.7287932550e-02,1.6940305938e-03,1.4858637026e-06,9.8765320775e+01,17.5000,28.0000,605.478
6.80000000e-01,2.6894218555e+07,3.6219228418e+12,2.2536649705e+05,1.4843935538e+02,5.1824632590e+01,1.0342682525e-02,-2.7904198484e-02,1.7325309511e-03,1.8238660092e-06,1.0216728558e+02,17.5000,28.0000,614.730
6.90000000e-01,2.8368644970e+07,3.6892214337e+12,2.2536647029e+05,1.4843935952e+02,5.3207018574e+01,1.0481354437e-02,-2.8497773502e-02,1.7716821231e-03,2.1996004186e-06,1.0562869357e+02,17.5000,28.0000,624.098
7.00000000e-01,2.9896370340e+07,3.7553576140e+12,2.2536645543e+05,1.4843936917e+02,5.4600950026e+01,1.0617234358e-02,-2.9068561586e-02,1.8114860821e-03,2.6177868946e-06,1.0913569290e+02,17.5000,28.0000,633.375
7.10000000e-01,3.1478126105e+07,3.8202811639e+12,2.2536645433e+05,1.4843938725e+02,5.6006083014e+01,1.0750275030e-02,-2.9616750191e-02,1.8519420983e-03,3.0836024277e-06,1.1268830481e+02,18.0000,28.0000,642.557
7.20000000e-01,3.3114614714e+07,3.8839397484e+12,2.2536646864e+05,1.4843941627e+02,5.7422070843e+01,1.0880393088e-02,-3.0142750932e-02,1.8930444225e-03,3.6025380433e-06,1.1635847581e+02,18.0000,28.0000,651.800
7.30000000e-01,3.4806508483e+07,3.9462771640e+12,2.2536649981e+05,1.4843945811e+02,5.8848564139e+01,1.1007470477e-02,-3.0647134553e-02,1.9347826466e-03,4.1801784562e-06,1.2004648446e+02,18.0000,28.0000,661.017
7.40000000e-01,3.6554448441e+07,4.0072318617e+12,2.2536654904e+05,1.4843951385e+02,6.0285210937e+01,1.1131344470e-02,-3.1130575423e-02,1.9771412459e-03,4.8224760813e-06,1.2374006032e+02,18.0000,28.0000,670.279
7.50000000e-01,3.8359042988e+07,4.0667360457e+12,2.2536661722e+05,1.4843958372e+02,6.1731656763e+01,1.1251788025e-02,-3.1593793616e-02,2.0200985773e-03,5.5355254963e-06,1.2743009386e+02,18.0000,28.0000,679.552
7.60000000e-01,4.0220866481e+07,4.1247161039e+12,2.2536670494e+05,1.4843966711e+02,6.3187544732e+01,1.1368520200e-02,-3.2037493039e-02,2.0636281093e-03,6.3250372223e-06,1.3111082459e+02,18.0000,28.0000,689.065
7.70000000e-01,4.2140457817e+07,4.1810937781e+12,2.2536681258e+05,1.4843976269e+02,6.4652515622e+01,1.1481209799e-02,-3.2462313228e-02,2.1076992807e-03,7.1959498409e-06,1.3477946985e+02,18.0000,28.0000,698.548
7.80000000e-01,4.4118318974e+07,4.2357879421e+12,2.2536694033e+05,1.4843986864e+02,6.6126207975e+01,1.1589478759e-02,-3.2868779877e-02,2.1522785334e-03,8.1524614532e-06,1.3845529891e+02,17.5000,27.5000,707.954
7.90000000e-01,4.6154913638e+07,4.2887169196e+12,2.2536708833e+05,1.4843998286e+02,6.7608258180e+01,1.1692922575e-02,-3.3257241917e-02,2.1973316340e-03,9.1977667233e-06,1.4220797911e+02,17.5000,27.5000,717.319
8.00000000e-01,4.8250665957e+07,4.3398005592e+12,2.2536725675e+05,1.4844010317e+02,6.9098300563e+01,1.1791119641e-02,-3.3627811610e-02,2.2428251978e-03,1.0334002221e-05,1.4595569806e+02,17.5000,27.5000,726.758
8.10000000e-01,5.0405959397e+07,4.3889619269e+12,2.2536744588e+05,1.4844022753e+02,7.0595967477e+01,1.1883637602e-02,-3.3980329737e-02,2.2887279172e-03,1.1562494566e-05,1.4969975635e+02,17.5000,27.5000,736.220
8.20000000e-01,5.2621135750e+07,4.4361286091e+12,2.2536765617e+05,1.4844035409e+02,7.2100889396e+01,1.1970044511e-02,-3.4314347842e-02,2.3350118946e-03,1.2884031758e-05,1.5344140912e+02,17.5000,27.5000,745.894
8.30000000e-01,5.4896494273e+07,4.4812333619e+12,2.2536788828e+05,1.4844048135e+02,7.3612695003e+01,1.2049908164e-02,-3.4629129127e-02,2.3816528465e-03,1.4298670187e-05,1.5718172214e+02,17.5000,27.5000,755.467
8.40000000e-01,5.7232290909e+07,4.5242143484e+12,2.2536814311e+05,1.4844060808e+02,7.5131011284e+01,1.2122794206e-02,-3.4923675813e-02,2.4286299455e-03,1.5805684400e-05,1.6092149643e+02,17.5000,27.5000,765.067
8.50000000e-01,5.9628737595e+07,4.5650151428e+12,2.2536842178e+05,1.4844073338e+02,7.6655463614e+01,1.2188267410e-02,-3.5196773761e-02,2.4759256161e-03,1.7403595088e-05,1.6466123513e+02,17.5000,27.5000,774.598
8.60000000e-01,6.2086001632e+07,4.6035844575e+12,2.2536872567e+05,1.4844085662e+02,7.8185675860e+01,1.2245887071e-02,-3.5447031840e-02,2.5235247135e-03,1.9090098890e-05,1.6840113896e+02,17.5000,27.5000,784.068
8.70000000e-01,6.4604205070e+07,4.6398758132e+12,2.2536905642e+05,1.4844097736e+02,7.9721270464e+01,1.2295205652e-02,-3.5672919829e-02,2.5714137955e-03,2.0861902788e-05,1.7214112415e+02,17.5000,27.5000,793.668
8.80000000e-01,6.7183424136e+07,4.6738472368e+12,2.2536941596e+05,1.4844109537e+02,8.1261868541e+01,1.2335772374e-02,-3.5872812949e-02,2.6195806358e-03,2.2714909853e-05,1.7588085894e+02,17.5000,27.5000,803.175
8.90000000e-01,6.9823688700e+07,4.7054609452e+12,2.2536980655e+05,1.4844121051e+02,8.2807089972e+01,1.2367136595e-02,-3.6045038998e-02,2.6680136629e-03,2.4644402886e-05,1.7969139037e+02,17.0000,27.0000,812.932
9.00000000e-01,7.2524981746e+07,4.7346831304e+12,2.2537023085e+05,1.4844132275e+02,8.4356553496e+01,1.2388856824e-02,-3.6187923134e-02,2.7167017489e-03,2.6644990149e-05,1.8352811446e+02,17.0000,27.0000,822.898
9.10000000e-01,7.5287238915e+07,4.7614838678e+12,2.2537069196e+05,1.4844143208e+02,8.5909876806e+01,1.2400513902e-02,-3.6299837146e-02,2.7656343275e-03,2.8710568616e-05,1.8736295030e+02,17.0000,27.0000,832.502
9.20000000e-01,7.8110348090e+07,4.7858370983e+12,2.2537119350e+05,1.4844153857e+02,8.7466676644e+01,1.2401724705e-02,-3.6379243967e-02,2.8148015762e-03,3.0834394954e-05,1.9119490905e+02,17.0000,27.0000,842.078
9.30000000e-01,8.0994149046e+07,4.8077207197e+12,2.2537173970e+05,1.4844164227e+02,8.9026568891e+01,1.2392156990e-02,-3.6424718446e-02,2.8641948104e-03,3.3009041203e-05,1.9506601194e+02,18.0000,27.5000,851.645
9.40000000e-01,8.3938433157e+07,4.8271167352e+12,2.2537233541e+05,1.4844174328e+02,9.0589168668e+01,1.2371541926e-02,-3.6434938317e-02,2.9138068877e-03,3.5226312630e-05,1.9893837443e+02,18.0000,27.5000,861.292
9.50000000e-01,8.6942943163e+07,4.8440114035e+12,2.2537298619e+05,1.4844184172e+02,9.2154090427e+01,1.2339681507e-02,-3.6408649563e-02,2.9636324698e-03,3.7477379321e-05,2.0280586848e+02,18.0000,27.5000,871.026
9.60000000e-01,9.0007372965e+07,4.8583953689e+12,2.2537369826e+05,1.4844193773e+02,9.3720948047e+01,1.2296451006e-02,-3.6344600788e-02,3.0136681718e-03,3.9752988630e-05,2.0666756234e+02,18.0000,27.5000,880.651
9.70000000e-01,9.3131367435e+07,4.8702637026e+12,2.2537447850e+05,1.4844203149e+02,9.5289354929e+01,1.2241795286e-02,-3.6241444206e-02,3.0639124988e-03,4.2043574887e-05,2.1052255424e+02,18.0000,27.5000,890.163
9.80000000e-01,9.6314522226e+07,4.8796157821e+12,2.2537533442e+05,1.4844212318e+02,9.6858924092e+01,1.2175717966e-02,-3.6097607009e-02,3.1143654805e-03,4.4339271966e-05,2.1436997047e+02,18.0000,27.5000,900.091
9.90000000e-01,9.9556383522e+07,4.8864550217e+12,2.2537627402e+05,1.4844221301e+02,9.8429268269e+01,1.2098267390e-02,-3.5911122438e-02,3.1650282050e-03,4.6630025886e-05,2.1820896139e+02,18.0000,27.5000,909.809
1.00000000e+00,1.0285644775e+08,4.8907884346e+12,2.2537730576e+05,1.4844230118e+02,1.0000000000e+02,1.2009518255e-02,-3.5679403190e-02,3.2159022217e-03,4.8905689622e-05,2.2203869694e+02,18.0000,27.5000,919.550
1.01000000e+00,1.0621416116e+08,4.8926260399e+12,2.2537843833e+05,1.4844238789e+02,1.0157073173e+02,1.1909545875e-02,-3.5398948669e-02,3.2669884976e-03,5.1155972687e-05,2.2585836254e+02,18.0000,27.5000,929.455
1.02000000e+00,1.0962891935e+08,4.8919803831e+12,2.2537968060e+05,1.4844247329e+02,1.0314107591e+02,1.1798401692e-02,-3.5064988496e-02,3.3182865228e-03,5.3370675735e-05,2.2967573872e+02,17.5000,27.0000,939.330
1.03000000e+00,1.1310006661e+08,4.8888662120e+12,2.2538104140e+05,1.4844255746e+02,1.0471064507e+02,1.1676084669e-02,-3.4671101685e-02,3.3697931486e-03,5.5539962361e-05,2.3359348371e+02,17.5000,27.0000,949.004
1.04000000e+00,1.1662689528e+08,4.8833004672e+12,2.2538252935e+05,1.4844264043e+02,1.0627905195e+02,1.1542520087e-02,-3.4208861308e-02,3.4215015689e-03,5.7654481479e-05,2.3749838855e+02,17.5000,27.0000,958.670
1.05000000e+00,1.2020864512e+08,4.8753027636e+12,2.2538415274e+05,1.4844272213e+02,1.0784590957e+02,1.1397565133e-02,-3.3667617404e-02,3.4734014767e-03,5.9705299499e-05,2.4138953909e+02,17.5000,27.0000,968.327
1.06000000e+00,1.2384450293e+08,4.8648962547e+12,2.2538591941e+05,1.4844280246e+02,1.0941083133e+02,1.1241040547e-02,-3.3034529992e-02,3.5254803945e-03,6.1682933005e-05,2.4526604146e+02,17.5000,27.0000,977.982
1.07000000e+00,1.2753360263e+08,4.8521086738e+12,2.2538783670e+05,1.4844288129e+02,1.1097343111e+02,1.1072794546e-02,-3.2294915149e-02,3.5777261139e-03,6.3576995432e-05,2.4912702165e+02,17.5000,27.0000,987.703
1.08000000e+00,1.3127502587e+08,4.8369735015e+12,2.2538991135e+05,1.4844295861e+02,1.1253332336e+02,1.0892794825e-02,-3.1432927428e-02,3.6301303744e-03,6.5373682905e-05,2.5297162466e+02,17.5000,27.0000,997.489
1.09000000e+00,1.3506780346e+08,4.8195309502e+12,2.2539214935e+05,1.4844303451e+02,1.1409012319e+02,1.0701213045e-02,-3.0432525841e-02,3.6826928530e-03,6.7055385714e-05,2.5679901190e+02,17.5000,27.0000,1007.283
1.10000000e+00,1.3891091714e+08,4.7998278686e+12,2.2539455556e+05,1.4844310931e+02,1.1564344650e+02,1.0498451966e-02,-2.9278535699e-02,3.7354216530e-03,6.8598968729e-05,2.6060835639e+02,17.5000,27.0000,1016.912
1.11000000e+00,1.4280330142e+08,4.7779174239e+12,2.2539713334e+05,1.4844318350e+02,1.1719291003e+02,1.0285153882e-02,-2.7957722509e-02,3.7883332453e-03,6.9977262781e-05,2.6439884016e+02,17.5000,27.0000,1026.616
1.12000000e+00,1.4674384547e+08,4.7538585473e+12,2.2539988422e+05,1.4844325781e+02,1.1873813146e+02,1.0062181635e-02,-2.6459785550e-02,3.8414521734e-03,7.1164753067e-05,2.6816965065e+02,17.5000,27.0000,1036.250
1.13000000e+00,1.5073139483e+08,4.7277148612e+12,2.2540280756e+05,1.4844333314e+02,1.2027872954e+02,9.8305594105e-03,-2.4778193566e-02,3.8948086092e-03,7.2134627513e-05,2.7191998188e+02,17.5000,27.0000,1045.802
1.14000000e+00,1.5476475252e+08,4.6995528458e+12,2.2540590017e+05,1.4844341053e+02,1.2181432414e+02,9.5913678823e-03,-2.2910878085e-02,3.9484321681e-03,7.2867161411e-05,2.7564903586e+02,17.5000,27.0000,1055.580
1.15000000e+00,1.5884267947e+08,4.6694415948e+12,2.2540915651e+05,1.4844349111e+02,1.2334453639e+02,9.3457156807e-03,-2.0860988127e-02,4.0023526171e-03,7.3350636893e-05,2.7935602729e+02,17.5000,27.0000,1065.206
1.16000000e+00,1.6296389565e+08,4.6374523558e+12,2.2541256902e+05,1.4844357610e+02,1.2486898872e+02,9.0947161563e-03,-1.8637318816e-02,4.0565993997e-03,7.3581553514e-05,2.8304019155e+02,17.5000,27.0000,1074.825
1.17000000e+00,1.6712708024e+08,4.6036559841e+12,2.2541612797e+05,1.4844366666e+02,1.2638730500e+02,8.8393013084e-03,-1.6254444997e-02,4.1111927317e-03,7.3557780853e-05,2.8670078275e+02,17.5000,27.0000,1084.599
1.18000000e+00,1.7133087079e+08,4.5681226757e+12,2.2541982216e+05,1.4844376382e+02,1.2789911060e+02,8.5801651058e-03,-1.3732414735e-02,4.1661434024e-03,7.3280244603e-05,2.9033707214e+02,17.5000,27.0000,1094.355
1.19000000e+00,1.7557386228e+08,4.5309195271e+12,2.2542363910e+05,1.4844386835e+02,1.2940403252e+02,8.3175939057e-03,-1.1095195051e-02,4.2214428334e-03,7.2753731754e-05,2.9394835289e+02,17.5000,27.0000,1104.591
1.20000000e+00,1.7985460485e+08,4.4921105808e+12,2.2542756609e+05,1.4844398064e+02,1.3090169944e+02,8.0514860110e-03,-8.3691944337e-03,4.2770641060e-03,7.1982097740e-05,2.9753393246e+02,17.5000,27.0000,1114.646
1.21000000e+00,1.8417160268e+08,4.4517603878e+12,2.2543159255e+05,1.4844410089e+02,1.3239174182e+02,7.7815839428e-03,-5.5804869476e-03,4.3329767691e-03,7.0982969032e-05,3.0109313186e+02,17.5000,27.0000,1124.571
1.22000000e+00,1.8852331531e+08,4.4099334468e+12,2.2543571100e+05,1.4844422904e+02,1.3387379202e+02,7.5074478870e-03,-2.7514275264e-03,4.3891453829e-03,6.9756640652e-05,3.0462529358e+02,17.5000,27.0000,1134.245
1.23000000e+00,1.9290815598e+08,4.3666896922e+12,2.2543991720e+05,1.4844436439e+02,1.3534748438e+02,7.2280440524e-03,1.0324162194e-04,4.4455140471e-03,6.8322186842e-05,3.0812978407e+02,17.5000,27.0000,1144.115
1.24000000e+00,1.9732448927e+08,4.3221009681e+12,2.2544420544e+05,1.4844450372e+02,1.3681245527e+02,6.9396193355e-03,2.9724777086e-03,4.5019899279e-03,6.6684435462e-05,3.1160768706e+02,18.0000,27.0000,1153.956
1.25000000e+00,2.0177059365e+08,4.2761108454e+12,2.2544856281e+05,1.4844464290e+02,1.3826834324e+02,6.6379490083e-03,5.8508145081e-03,4.5581945293e-03,6.4883558151e-05,3.1520457958e+02,18.0000,27.0000,1163.827
1.26000000e+00,2.0624471572e+08,4.2289335209e+12,2.2545303453e+05,1.4844478638e+02,1.3971478906e+02,6.3303892603e-03,8.7648207844e-03,4.6146114955e-03,6.2866972947e-05,3.1877122146e+02,18.0000,27.0000,1174.053
1.27000000e+00,2.1074513916e+08,4.1806469454e+12,2.2545764349e+05,1.4844493462e+02,1.4115143586e+02,6.0176920362e-03,1.1773719666e-02,4.6712262126e-03,6.0446032499e-05,3.2230686638e+02,18.0000,27.0000,1184.009
1.28000000e+00,2.1527005345e+08,4.1312893343e+12,2.2546240723e+05,1.4844508533e+02,1.4257792916e+02,5.6974247102e-03,1.4959349769e-02,4.7278017803e-03,5.7926245463e-05,3.2581082491e+02,18.0000,27.0000,1194.087
1.29000000e+00,2.1981763486e+08,4.0810303666e+12,2.2546738686e+05,1.4844524288e+02,1.4399391699e+02,5.3764209470e-03,1.8423127152e-02,4.7847256849e-03,5.5463995046e-05,3.2928276768e+02,18.0000,27.0000,1204.190
1.30000000e+00,2.2438608341e+08,4.0299654161e+12,2.2547261863e+05,1.4844540895e+02,1.4539904997e+02,5.0572880494e-03,2.2273539306e-02,4.8420455861e-03,5.3035602295e-05,3.3272254909e+02,18.0000,27.0000,1214.267
1.31000000e+00,2.2897355824e+08,3.9782111711e+12,2.2547813535e+05,1.4844558633e+02,1.4679298143e+02,4.7440293710e-03,2.6597109726e-02,4.8998708733e-03,5.0440130793e-05,3.3612979917e+02,18.0000,27.0000,1224.365
1.32000000e+00,2.3357826917e+08,3.9259829015e+12,2.2548399235e+05,1.4844578416e+02,1.4817536741e+02,4.4486746769e-03,3.1455288942e-02,4.9588114614e-03,4.7637114432e-05,3.3950417015e+02,18.0000,27.0000,1234.601
1.33000000e+00,2.3819851638e+08,3.8734665343e+12,2.2549022031e+05,1.4844601219e+02,1.4954586684e+02,4.1827659869e-03,3.6887605376e-02,5.0193507553e-03,4.4210681689e-05,3.4284514873e+02,18.0000,27.0000,1244.758
1.34000000e+00,2.4283268500e+08,3.8208897861e+12,2.2549684258e+05,1.4844628415e+02,1.5090414158e+02,3.9621398278e-03,4.2900948182e-02,5.0821841136e-03,3.9799257240e-05,3.4615177441e+02,18.0000,27.0000,1254.744
1.35000000e+00,2.4747933371e+08,3.7685188487e+12,2.2550387498e+05,1.4844661870e+02,1.5224985647e+02,3.8073562508e-03,4.9450838087e-02,5.1482786710e-03,3.4163528175e-05,3.4942277162e+02,18.0000,27.0000,1264.713
1.36000000e+00,2.5213719550e+08,3.7165070626e+12,2.2551127015e+05,1.4844703023e+02,1.5358267950e+02,3.7312471335e-03,5.6451820573e-02,5.2181427205e-03,2.7239768299e-05,3.5265691045e+02,18.0000,27.0000,1274.610
1.37000000e+00,2.5680505797e+08,3.6648106727e+12,2.2551887944e+05,1.4844752045e+02,1.5490228180e+02,3.7286487517e-03,6.3805053028e-02,5.2913958629e-03,1.8669574645e-05,3.5585290838e+02,18.0000,27.0000,1284.578
1.38000000e+00,2.6148151201e+08,3.6130077897e+12,2.2552639167e+05,1.4844806301e+02,1.5620833779e+02,3.7572567467e-03,7.1465094143e-02,5.3658357640e-03,8.2644301271e-06,3.5900934327e+02,18.0000,27.0000,1294.667
1.39000000e+00,2.6616440906e+08,3.5601929077e+12,2.2553330262e+05,1.4844859102e+02,1.5750052520e+02,3.7229915885e-03,7.9564253611e-02,5.4366202910e-03,-3.9390092410e-06,3.6212479755e+02,18.0000,27.0000,1304.659
1.40000000e+00,2.7085023299e+08,3.5052590367e+12,2.2553903699e+05,1.4844901103e+02,1.5877852523e+02,3.5005113960e-03,8.8553581639e-02,5.4972326024e-03,-1.7509753933e-05,3.6519797869e+02,18.0000,27.0000,1314.547
1.41000000e+00,2.7553387404e+08,3.4473172630e+12,2.2554313988e+05,1.4844922441e+02,1.6004202253e+02,2.9594402213e-03,9.9260532820e-02,5.5417435886e-03,-3.1110335165e-05,3.6822872517e+02,18.0000,27.0000,1324.488
1.42000000e+00,2.8020864647e+08,3.3856297577e+12,2.2554527908e+05,1.4844911011e+02,1.6129070537e+02,1.9580507135e-03,1.1274520782e-01,5.5648145478e-03,-4.1606455362e-05,3.7121837166e+02,18.0000,27.0000,1334.487
1.43000000e+00,2.8486663315e+08,3.3199048906e+12,2.2554535730e+05,1.4844852180e+02,1.6252426563e+02,3.9286677883e-04,1.2978672841e-01,5.5635736020e-03,-4.6732085971e-05,3.7417125317e+02,18.0000,27.0000,1344.447
1.44000000e+00,2.8950126048e+08,3.2538167362e+12,2.2554480771e+05,1.4844759790e+02,1.6374239897e+02,-1.3596094446e-03,1.4957484229e-01,5.5542915603e-03,-4.6396810434e-05,3.7709035472e+02,18.0000,27.0000,1354.557
1.45000000e+00,2.9411700968e+08,3.2013451326e+12,2.2554885299e+05,1.4844749240e+02,1.6494480483e+02,-1.7958461687e-03,1.6850456608e-01,5.6119745902e-03,-4.2401414948e-05,3.7997500232e+02,18.0000,27.0000,1364.743
1.46000000e+00,2.9873492277e+08,3.1614732929e+12,2.2555660415e+05,1.4844845923e+02,1.6613118653e+02,-1.0090344621e-03,1.8305100000e-01,5.7521378071e-03,-3.9081963999e-05,3.8283599300e+02,18.0000,27.0000,1374.765
1.47000000e+00,3.0334861984e+08,3.1028211369e+12,2.2555443681e+05,1.4844833376e+02,1.6730125135e+02,-1.8504340058e-03,1.9126978229e-01,5.7798290898e-03,-6.5149994188e-05,3.8566365513e+02,18.0000,27.0000,1384.639
1.48000000e+00,3.0793296552e+08,3.0466388589e+12,2.2554905752e+05,1.4844812748e+02,1.6845471059e+02,-2.7623514066e-03,1.9248500096e-01,5.8011558529e-03,-1.1066024769e-04,3.8840437404e+02,18.0000,27.0000,1394.589
1.49000000e+00,3.1250001693e+08,3.0000705161e+12,2.2554575504e+05,1.4844872725e+02,1.6959127966e+02,-2.6704720684e-03,1.8722462806e-01,5.8823315026e-03,-1.5759346873e-04,3.9106528494e+02,18.0000,27.0000,1404.462
1.50000000e+00,3.1704747871e+08,2.9460229429e+12,2.2553797184e+05,1.4844892913e+02,1.7071067812e+02,-3.2428656045e-03,1.7704452567e-01,5.9127315589e-03,-1.8309066971e-04,3.9365180592e+02,18.0000,27.0000,1414.329
1.51000000e+00,3.2156284119e+08,2.8938646791e+12,2.2552956305e+05,1.4844905354e+02,1.7181262978e+02,-3.8542147681e-03,1.6353268755e-01,5.9407961462e-03,-1.8818402045e-04,3.9618505531e+02,18.0000,27.0000,1424.635
1.52000000e+00,3.2605013084e+08,2.8459860047e+12,2.2552337556e+05,1.4844941020e+02,1.7289686274e+02,-4.0995528469e-03,1.4773051715e-01,5.9937920735e-03,-1.6905879865e-04,3.9869005568e+02,18.0000,27.0000,1434.534
1.53000000e+00,3.3050538307e+08,2.7943974864e+12,2.2551668696e+05,1.4844939142e+02,1.7396310950e+02,-4.8308637618e-03,1.3065648442e-01,6.0145956189e-03,-1.2817480586e-04,4.0123570185e+02,18.0000,13.0000,1444.315
1.54000000e+00,3.3492024799e+08,2.7449323017e+12,2.2551244246e+05,1.4844927424e+02,1.7501110696e+02,-5.6317193724e-03,1.1454007258e-01,6.0352656854e-03,-8.2997752509e-05,4.0374121291e+02,18.0000,13.0000,1454.165
1.55000000e+00,3.3929624346e+08,2.6985131624e+12,2.2551228988e+05,1.4844927029e+02,1.7604059656e+02,-6.2658113539e-03,1.0218144079e-01,6.0687808130e-03,-4.9466706754e-05,4.0620110182e+02,18.0000,27.0000,1463.843
1.56000000e+00,3.4363162139e+08,2.6531112955e+12,2.2551561617e+05,1.4844926828e+02,1.7705132428e+02,-6.9215393816e-03,9.6428087947e-02,6.0982162782e-03,-2.4826771343e-05,4.0868061447e+02,18.0000,27.0000,1473.501
1.57000000e+00,3.4792748365e+08,2.6133749353e+12,2.2552461384e+05,1.4844970685e+02,1.7804304073e+02,-7.0351621703e-03,9.9731331154e-02,6.1589846214e-03,-2.6822514644e-06,4.1113306208e+02,18.0000,27.0000,1483.392
1.58000000e+00,3.5219216502e+08,2.5783022626e+12,2.2553840546e+05,1.4845070013e+02,1.7901550124e+02,-6.5775839656e-03,1.1323921213e-01,6.2525323981e-03,1.4007913404e-05,4.1355488855e+02,18.0000,27.0000,1493.058
1.59000000e+00,3.5642719715e+08,2.5423300179e+12,2.2555196598e+05,1.4845166265e+02,1.7996846585e+02,-6.4555598343e-03,1.3651866314e-01,6.3355026331e-03,2.6182537305e-05,4.1594415219e+02,18.0000,27.0000,1502.755
1.60000000e+00,3.6061888198e+08,2.4973055693e+12,2.2555796617e+05,1.4845117652e+02,1.8090169944e+02,-8.2055036125e-03,1.6851840177e-01,6.3371389146e-03,3.1318635658e-05,4.1829604320e+02,18.0000,27.0000,1512.496
1.61000000e+00,3.6474005399e+08,2.4522066944e+12,2.2555962656e+05,1.4844986935e+02,1.8181497174e+02,-1.0236010662e-02,2.0444499149e-01,6.2914556792e-03,1.7962020081e-05,4.2057491458e+02,18.0000,27.0000,1522.194
1.62000000e+00,3.6882581910e+08,2.4373097266e+12,2.2557357966e+05,1.4845126167e+02,1.8270805743e+02,-8.7111711042e-03,2.3758962881e-01,6.5163642383e-03,6.1973788778e-06,4.2276901748e+02,18.0000,27.0000,1531.933
1.63000000e+00,3.7289275909e+08,2.3972370589e+12,2.2556846250e+05,1.4845121575e+02,1.8358073614e+02,-9.8966928575e-03,2.6116095758e-01,6.5362730261e-03,-1.7885798692e-05,4.2491995118e+02,18.0000,27.0000,1542.409
1.64000000e+00,3.7687657772e+08,2.3583544321e+12,2.2555136709e+05,1.4845064136e+02,1.8443279255e+02,-1.1994184355e-02,2.7180190477e-01,6.4757731753e-03,-5.2462786894e-05,4.2694404283e+02,18.0000,27.0000,1552.163
1.65000000e+00,3.8080635923e+08,2.3389139177e+12,2.2554065632e+05,1.4845220493e+02,1.8526401644e+02,-1.1042833900e-02,2.6741869304e-01,6.6012627149e-03,-1.3717390535e-04,4.2884442788e+02,18.0000,27.0000,1561.956
1.66000000e+00,3.8469392856e+08,2.3076536462e+12,2.2551922858e+05,1.4845289867e+02,1.8607420270e+02,-1.1322956947e-02,2.4828188255e-01,6.6226051340e-03,-1.8302951322e-04,4.3063758614e+02,18.0000,27.0000,1571.765
1.67000000e+00,3.8850290540e+08,2.2787737054e+12,2.2549330085e+05,1.4845299270e+02,1.8686315144e+02,-1.2127577908e-02,2.1756481144e-01,6.6007164637e-03,-1.9986545528e-04,4.3233455185e+02,18.0000,27.0000,1581.577
1.68000000e+00,3.9224866742e+08,2.2601639781e+12,2.2547534182e+05,1.4845404827e+02,1.8763066800e+02,-1.1416298875e-02,1.8013382840e-01,6.6815708957e-03,-1.9401105488e-04,4.3396246230e+02,18.0000,27.0000,1591.355
1.69000000e+00,3.9593437975e+08,2.2344914026e+12,2.2545624467e+05,1.4845410668e+02,1.8837656301e+02,-1.1974275733e-02,1.3915999610e-01,6.6846009973e-03,-1.7093800216e-04,4.3556823228e+02,18.0000,27.0000,1601.324
1.70000000e+00,3.9953147732e+08,2.2106330050e+12,2.2544113597e+05,1.4845346657e+02,1.8910065242e+02,-1.3344733956e-02,9.9961892228e-02,6.6445656805e-03,-1.0654434758e-04,4.3716341806e+02,18.0000,27.0000,1611.171
1.71000000e+00,4.0304508227e+08,2.1927289934e+12,2.2543721486e+05,1.4845318376e+02,1.8980275758e+02,-1.4281484216e-02,6.7769601541e-02,6.6470923351e-03,-5.8288817154e-05,4.3878051919e+02,18.0000,13.0000,1620.910
1.72000000e+00,4.0646937908e+08,2.1729269741e+12,2.2543857944e+05,1.4845227095e+02,1.9048270525e+02,-1.6155984567e-02,4.6682622069e-02,6.5876183009e-03,2.8665894979e-06,4.4039826603e+02,18.0000,27.0000,1630.661
1.73000000e+00,4.0979066543e+08,2.1584426203e+12,2.2544894001e+05,1.4845132937e+02,1.9114032766e+02,-1.7984164104e-02,3.9165542982e-02,6.5331441362e-03,3.1352298284e-05,4.4202608924e+02,18.0000,27.0000,1640.384
1.74000000e+00,4.1302134971e+08,2.1495231325e+12,2.2547035714e+05,1.4845095932e+02,1.9177546257e+02,-1.8918260765e-02,4.8207207583e-02,6.5365028537e-03,6.7735306404e-05,4.4364994550e+02,18.0000,27.0000,1650.159
1.75000000e+00,4.1617493015e+08,2.1443509804e+12,2.2550063782e+05,1.4845142304e+02,1.9238795325e+02,-1.8734681993e-02,7.3973230286e-02,6.5950223278e-03,7.2513334566e-05,4.4524854466e+02,18.0000,27.0000,1660.168
1.76000000e+00,4.1928208673e+08,2.1465990546e+12,2.2554411609e+05,1.4845442980e+02,1.9297764859e+02,-1.5595909854e-02,1.1371094397e-01,6.8202063226e-03,8.9413463309e-05,4.4678074777e+02,18.0000,27.0000,1670.008
1.77000000e+00,4.2238606054e+08,2.1485721970e+12,2.2558521047e+05,1.4845830447e+02,1.9354440308e+02,-1.2665236570e-02,1.6441332989e-01,7.0944820324e-03,9.7975752004e-05,4.4828520410e+02,18.0000,27.0000,1679.896
1.78000000e+00,4.2541179443e+08,2.1264675794e+12,2.2557964802e+05,1.4845343657e+02,1.9408807690e+02,-1.9049161347e-02,2.2555530406e-01,6.7860115198e-03,9.4300770972e-05,4.4976630512e+02,18.0000,27.0000,1689.774
1.79000000e+00,4.2827311515e+08,2.1481046711e+12,2.2559355663e+05,1.4845321636e+02,1.9460853588e+02,-1.9108152369e-02,2.8246387944e-01,6.9522218074e-03,3.0343593842e-06,4.5100342641e+02,18.0000,27.0000,1699.865
1.80000000e+00,4.3112818130e+08,2.1443255618e+12,2.2560293486e+05,1.4845612583e+02,1.9510565163e+02,-1.7368589938e-02,3.2587152175e-01,7.1155925437e-03,9.8472209996e-05,4.5226944515e+02,18.0000,27.0000,1709.732
1.81000000e+00,4.3388340735e+08,2.1393171520e+12,2.2557754192e+05,1.4845543765e+02,1.9557930148e+02,-2.0854294643e-02,3.5199300083e-01,6.9385998993e-03,9.2035277012e-05,4.5345328570e+02,18.0000,27.0000,1719.827
1.82000000e+00,4.3651705265e+08,2.1519670750e+12,2.2555695338e+05,1.4845657348e+02,1.9602936857e+02,-2.0901037002e-02,3.6060358207e-01,6.9894487173e-03,-4.3225212780e-05,4.5446288285e+02,18.0000,27.0000,1729.947
1.83000000e+00,4.3909219905e+08,2.1589630451e+12,2.2553361115e+05,1.4845855950e+02,1.9645574185e+02,-1.9683003036e-02,3.4717045079e-01,7.0857865308e-03,-1.8472390952e-04,4.5534382671e+02,18.0000,27.0000,1740.520
1.84000000e+00,4.4156720607e+08,2.1668951200e+12,2.2549660817e+05,1.4845842016e+02,1.9685831611e+02,-2.0804129191e-02,3.1560395776e-01,7.0025903247e-03,-1.4444814421e-04,4.5611354841e+02,18.0000,27.0000,1750.814
1.85000000e+00,4.4393117936e+08,2.1831426215e+12,2.2546786742e+05,1.4845940431e+02,1.9723699204e+02,-2.0018059242e-02,2.7110678173e-01,7.0291443386e-03,-1.9337027699e-04,4.5676106517e+02,18.0000,27.0000,1761.034
1.86000000e+00,4.4621695877e+08,2.1978546531e+12,2.2544668545e+05,1.4846085367e+02,1.9759167619e+02,-1.8523398289e-02,2.1649822334e-01,7.1032722697e-03,-2.4705508937e-04,4.5734594491e+02,18.0000,27.0000,1771.027
1.87000000e+00,4.4840052691e+08,2.2144811045e+12,2.2542508589e+05,1.4846064261e+02,1.9792228106e+02,-1.9078484674e-02,1.5325588398e-01,7.0446214183e-03,-2.5564970006e-04,4.5787818603e+02,18.0000,27.0000,1781.267
1.88000000e+00,4.5046198096e+08,2.2371165760e+12,2.2541583313e+05,1.4846032641e+02,1.9822872507e+02,-1.9703914882e-02,9.1004169800e-02,7.0093246259e-03,-1.7503679192e-04,4.5864012571e+02,18.0000,13.0000,1791.270
1.89000000e+00,4.5240773539e+08,2.2622252344e+12,2.2541581432e+05,1.4845944740e+02,1.9851093262e+02,-2.1379770690e-02,3.6706303368e-02,6.9416713345e-03,-1.9605671221e-04,4.5947485299e+02,18.0000,13.0000,1801.554
1.90000000e+00,4.5420418094e+08,2.2946680120e+12,2.2542049542e+05,1.4845699639e+02,1.9876883406e+02,-2.5208263315e-02,-4.4712178227e-03,6.7531589792e-03,-1.5497644253e-04,4.6022072735e+02,18.0000,13.0000,1811.717
1.91000000e+00,4.5584369313e+08,2.3343413239e+12,2.2544288305e+05,1.4845495184e+02,1.9900236577e+02,-2.8056163818e-02,-2.5979312218e-02,6.6431758424e-03,-1.0436319617e-04,4.6078368978e+02,18.0000,13.0000,1821.776
1.92000000e+00,4.5738127503e+08,2.3720982857e+12,2.2549251777e+05,1.4845504822e+02,1.9921147013e+02,-2.7459016664e-02,-1.6694004998e-02,6.7796862574e-03,-2.7079883811e-05,4.6119716208e+02,18.0000,13.0000,1831.733
1.93000000e+00,4.5889690956e+08,2.3973189680e+12,2.2556272073e+05,1.4845816913e+02,1.9939609555e+02,-2.3305359799e-02,2.7044889289e-02,7.1078585326e-03,-3.2941849145e-05,4.6154226678e+02,18.0000,13.0000,1841.901
1.94000000e+00,4.6036974696e+08,2.4171388699e+12,2.2561232550e+05,1.4845936051e+02,1.9955619646e+02,-2.3195539979e-02,1.0424105076e-01,7.0517815238e-03,4.9036008271e-05,4.6181870094e+02,18.0000,13.0000,1852.131
1.95000000e+00,4.6168014142e+08,2.4459101799e+12,2.2565814706e+05,1.4846135617e+02,1.9969173337e+02,-2.3193926330e-02,2.0062500438e-01,6.9653216946e-03,1.5034460450e-04,4.6207744772e+02,18.0000,27.0000,1862.081
1.96000000e+00,4.6292919467e+08,2.4739995839e+12,2.2570251473e+05,1.4846110643e+02,1.9980267284e+02,-2.2995402919e-02,3.0664928938e-01,7.0753699809e-03,3.3468999278e-04,4.6276353647e+02,18.0000,27.0000,1872.130
1.97000000e+00,4.6405394042e+08,2.5136674124e+12,2.2571623885e+05,1.4846056940e+02,1.9988898750e+02,-2.5871805592e-02,4.1056183012e-01,6.9874069224e-03,1.6762988521e-04,4.6345467981e+02,18.0000,27.0000,1882.417
1.98000000e+00,4.6507059388e+08,2.5513699852e+12,2.2572338777e+05,1.4846218531e+02,1.9995065604e+02,-2.6906446303e-02,5.0179155724e-01,7.1013002061e-03,1.2539161385e-05,4.6387288585e+02,18.0000,27.0000,1892.556
1.99000000e+00,4.6600475773e+08,2.5883150534e+12,2.2570560051e+05,1.4846362034e+02,1.9998766325e+02,-2.9141562245e-02,5.6770285291e-01,7.1104252732e-03,-6.9391541609e-06,4.6409361241e+02,18.0000,27.0000,1903.758
2.00000000e+00,4.6681259133e+08,2.6382658792e+12,2.2566226131e+05,1.4846466088e+02,2.0000000000e+02,-3.2799712516e-02,6.0943828916e-01,7.0044180283e-03,-4.1745284963e-05,4.6411645442e+02,18.0000,27.0000,1913.822
2.01000000e+00,4.6753470594e+08,2.6553095963e+12,2.2561171166e+05,1.4846650481e+02,2.0000000000e+02,-3.4041881378e-02,6.2044061008e-01,6.9872471254e-03,-2.5993795798e-04,4.6398732877e+02,18.0000,27.0000,1923.886
2.02000000e+00,4.6825612246e+08,2.6558064756e+12,2.2555930557e+05,1.4846782631e+02,2.0000000000e+02,-3.2737365651e-02,5.8898069004e-01,7.0645470100e-03,-3.0322665803e-04,4.6372268810e+02,18.0000,27.0000,1933.865
2.03000000e+00,4.6896486439e+08,2.6672142825e+12,2.2549467186e+05,1.4846727716e+02,2.0000000000e+02,-3.1898951890e-02,5.1389536063e-01,6.9904319261e-03,-2.8737660926e-04,4.6342173244e+02,18.0000,27.0000,1943.859
2.04000000e+00,4.6963576802e+08,2.6715885664e+12,2.2544007276e+05,1.4846881282e+02,2.0000000000e+02,-2.8312631447e-02,4.0641057949e-01,6.9758689265e-03,-3.7062535588e-04,4.6298347039e+02,18.0000,27.0000,1953.830
2.05000000e+00,4.7032439873e+08,2.6703105639e+12,2.2540702967e+05,1.4847092062e+02,2.0000000000e+02,-2.3038221317e-02,2.7319099512e-01,7.1361743074e-03,-5.0566551480e-04,4.6249895786e+02,18.0000,27.0000,1964.529
2.06000000e+00,4.7101099544e+08,2.6759120338e+12,2.2538331327e+05,1.4847063941e+02,2.0000000000e+02,-2.1015448734e-02,1.3019709267e-01,7.1440692593e-03,-5.2670470704e-04,4.6286130696e+02,18.0000,13.0000,1974.440
2.07000000e+00,4.7167727060e+08,2.6823057963e+12,2.2538251022e+05,1.4847144795e+02,2.0000000000e+02,-2.0408190300e-02,4.9320635182e-04,7.1358624892e-03,-5.8050148835e-04,4.6327975814e+02,18.0000,13.0000,1984.367
2.08000000e+00,4.7231508044e+08,2.6973868844e+12,2.2539378880e+05,1.4846949718e+02,2.0000000000e+02,-2.4368979618e-02,-9.9283775980e-02,6.9188880637e-03,-5.9305725855e-04,4.6375042773e+02,18.0000,13.0000,1994.317
2.09000000e+00,4.7285907388e+08,2.7341196680e+12,2.2543040401e+05,1.4846516817e+02,2.0000000000e+02,-3.0743195785e-02,-1.5591823556e-01,6.7401715964e-03,-2.7059121775e-04,4.6400147499e+02,18.0000,13.0000,2004.208
2.10000000e+00,4.7335749667e+08,2.7766361772e+12,2.2550054852e+05,1.4846051177e+02,2.0000000000e+02,-3.5664153026e-02,-1.6942738607e-01,6.7355465497e-03,-2.0571558100e-04,4.6401179701e+02,18.0000,13.0000,2014.177
2.11000000e+00,4.7391936675e+08,2.7535743888e+12,2.2561800803e+05,1.4846606736e+02,2.0000000000e+02,-2.9584384088e-02,-1.1770098088e-01,7.0923647880e-03,1.4271272501e-05,4.6381262050e+02,18.0000,13.0000,2024.359
2.12000000e+00,4.7450787281e+08,2.7467075538e+12,2.2570800503e+05,1.4846644966e+02,2.0000000000e+02,-3.0382479231e-02,-9.5642522486e-03,6.9209373543e-03,-6.6314955136e-05,4.6353214522e+02,18.0000,13.0000,2034.993
2.13000000e+00,4.7501110150e+08,2.7610588722e+12,2.2579686508e+05,1.4846461786e+02,2.0000000000e+02,-3.1598062830e-02,1.5055725561e-01,6.7627964599e-03,3.6733780200e-04,4.6316128438e+02,18.0000,13.0000,2046.464
2.14000000e+00,4.7551116258e+08,2.7286959567e+12,2.2591783065e+05,1.4847239917e+02,2.0000000000e+02,-2.1588562945e-02,3.3502337468e-01,7.1062802660e-03,2.5843647154e-04,4.6231447542e+02,18.0000,13.0000,2058.985
2.15000000e+00,4.7619011028e+08,2.6992075949e+12,2.2599006652e+05,1.4847259702e+02,2.0000000000e+02,-2.1242167252e-02,5.4462412644e-01,7.2304701562e-03,2.8153924754e-04,4.6292018245e+02,18.0000,27.0000,2071.195
2.16000000e+00,4.7678307933e+08,2.7397404634e+12,2.2598425982e+05,1.4846898190e+02,2.0000000000e+02,-3.2907985098e-02,7.3609947530e-01,6.9367246280e-03,-1.4701195638e-04,4.6388086230e+02,18.0000,27.0000,2083.596
2.17000000e+00,4.7728242306e+08,2.8016472022e+12,2.2594872337e+05,1.4846679394e+02,2.0000000000e+02,-4.3916789922e-02,8.9031204668e-01,6.5741946682e-03,2.7303328887e-04,4.6428965086e+02,18.0000,27.0000,2094.652
2.18000000e+00,4.7781156248e+08,2.7382238795e+12,2.2592641969e+05,1.4847330545e+02,2.0000000000e+02,-4.3335516124e-02,9.8356338041e-01,7.1808722168e-03,-1.7401620329e-04,4.6473713387e+02,18.0000,27.0000,2105.538
2.19000000e+00,4.7842045825e+08,2.7215219458e+12,2.2582329433e+05,1.4847458637e+02,2.0000000000e+02,-5.1459886150e-02,1.0235973030e+00,7.0575445729e-03,-3.3919918182e-04,4.6469888515e+02,18.0000,27.0000,2116.338
2.20000000e+00,4.7889144212e+08,2.7451235775e+12,2.2569496771e+05,1.4847274600e+02,2.0000000000e+02,-5.5667850310e-02,9.7842288203e-01,6.8576754533e-03,-5.3370222923e-04,4.6433964655e+02,18.0000,27.0000,2126.967
2.21000000e+00,4.7938883249e+08,2.7428353671e+12,2.2559797674e+05,1.4847540417e+02,2.0000000000e+02,-4.6381159647e-02,8.5117719874e-01,7.1706011537e-03,-1.6179531476e-04,4.6372263129e+02,18.0000,27.0000,2137.089
2.22000000e+00,4.7991942045e+08,2.7524362364e+12,2.2548478309e+05,1.4847633180e+02,2.0000000000e+02,-3.6352368386e-02,6.5165144859e-01,7.1607091756e-03,-5.0040750457e-04,4.6331958454e+02,18.0000,27.0000,2148.213
2.23000000e+00,4.8043887902e+08,2.7428298776e+12,2.2538929606e+05,1.4847650681e+02,2.0000000000e+02,-2.5031496440e-02,3.9306157718e-01,7.1772375889e-03,-7.9092856422e-04,4.6250484634e+02,18.0000,27.0000,2158.873
2.24000000e+00,4.8099817526e+08,2.7120744946e+12,2.2532186130e+05,1.4847928733e+02,2.0000000000e+02,-1.5818769577e-02,8.5916574756e-02,7.1642922967e-03,-6.0605770084e-04,4.6232283807e+02,18.0000,13.0000,2169.435
2.25000000e+00,4.8162087656e+08,2.7018496605e+12,2.2529934677e+05,1.4848186913e+02,2.0000000000e+02,-1.4413956085e-02,-2.1338312439e-01,7.5844806827e-03,-4.6350287368e-04,4.6323018360e+02,18.0000,13.0000,2180.021
2.26000000e+00,4.8214356453e+08,2.7700188994e+12,2.2523469723e+05,1.4846984675e+02,2.0000000000e+02,-3.8048429885e-02,-4.6265334057e-01,6.7134817796e-03,-8.6475861169e-04,4.6380414646e+02,18.0000,13.0000,2190.556
2.27000000e+00,4.8239128795e+08,2.8344248820e+12,2.2526651248e+05,1.4846093909e+02,2.0000000000e+02,-5.6851969302e-02,-6.3164576639e-01,6.5591911708e-03,-5.2972732802e-04,4.6438096987e+02,18.0000,13.0000,2200.741
2.28000000e+00,4.8285899381e+08,2.7798142342e+12,2.2543074059e+05,1.4847031261e+02,2.0000000000e+02,-5.4904341997e-02,-6.9960621065e-01,7.5706841692e-03,-1.8994974266e-04,4.6460167202e+02,18.0000,13.0000,2211.454
2.29000000e+00,4.8333624238e+08,2.8000474450e+12,2.2552518400e+05,1.4846608667e+02,2.0000000000e+02,-6.8611815893e-02,-6.3416932072e-01,6.6151187460e-03,3.8567045021e-04,4.6459985697e+02,18.0000,13.0000,2221.784
2.30000000e+00,4.8365428191e+08,2.8488971467e+12,2.2572269850e+05,1.4846546338e+02,2.0000000000e+02,-5.8950839095e-02,-4.5339721318e-01,6.9280362075e-03,3.2892188986e-04,4.6380382008e+02,18.0000,13.0000,2234.245
2.31000000e+00,4.8416511407e+08,2.8082878839e+12,2.2595077901e+05,1.4847321607e+02,2.0000000000e+02,-3.8814151089e-02,-1.7237207793e-01,7.3000201046e-03,1.0165534992e-03,4.6287038308e+02,18.0000,13.0000,2249.629
2.32000000e+00,4.8463813249e+08,2.8512739883e+12,2.2612238606e+05,1.4847411441e+02,2.0000000000e+02,-2.9230711755e-02,1.7950563572e-01,7.0849810968e-03,1.2301120534e-03,4.6252597408e+02,18.0000,27.0000,2263.632
2.33000000e+00,4.8508427694e+08,2.7839491693e+12,2.2628618313e+05,1.4847662710e+02,2.0000000000e+02,-1.9065450839e-02,5.7418442671e-01,7.4338012876e-03,1.1896361408e-03,4.6380370100e+02,18.0000,27.0000,2280.957
2.34000000e+00,4.8565882649e+08,2.8167046391e+12,2.2632972286e+05,1.4847575460e+02,2.0000000000e+02,-3.2716996333e-02,9.5339619875e-01,7.2963171027e-03,8.7631924868e-04,4.6548134857e+02,18.0000,27.0000,2291.633
2.35000000e+00,4.8599568403e+08,2.9021148267e+12,2.2628292523e+05,1.4847278163e+02,2.0000000000e+02,-5.8311428505e-02,1.2868795195e+00,6.9820790085e-03,9.1603712257e-04,4.6650416754e+02,18.0000,27.0000,2301.986
2.36000000e+00,4.8649506575e+08,2.7754274088e+12,2.2620768442e+05,1.4848153054e+02,2.0000000000e+02,-7.7359560243e-02,1.5388659484e+00,7.6494320741e-03,-3.3113795407e-04,4.6712397949e+02,18.0000,27.0000,2311.634
2.37000000e+00,4.8696905258e+08,2.7857529605e+12,2.2596923017e+05,1.4847462130e+02,2.0000000000e+02,-1.1268340395e-01,1.6547803630e+00,6.8681542292e-03,-6.6627261809e-04,4.6751429128e+02,18.0000,27.0000,2321.064
2.38000000e+00,4.8722601903e+08,2.8269547583e+12,2.2572259311e+05,1.4846715713e+02,2.0000000000e+02,-1.2699595190e-01,1.6042253130e+00,6.7835176439e-03,-4.0643946688e-05,4.6727970384e+02,18.0000,27.0000,2330.330
2.39000000e+00,4.8756965032e+08,2.7657125480e+12,2.2550358163e+05,1.4847304550e+02,2.0000000000e+02,-1.0825360826e-01,1.3887513922e+00,7.1251894728e-03,-1.2777538402e-04,4.6673925638e+02,18.0000,27.0000,2339.937
2.40000000e+00,4.8795209337e+08,2.7611524560e+12,2.2526846373e+05,1.4847313820e+02,2.0000000000e+02,-7.4896977757e-02,9.9400964531e-01,6.9357753814e-03,-7.7806096005e-04,4.6564488938e+02,18.0000,27.0000,2348.936
2.41000000e+00,4.8835597293e+08,2.7602778498e+12,2.2508004425e+05,1.4847695172e+02,2.0000000000e+02,-3.4909507718e-02,4.5586256103e-01,7.0486684922e-03,-8.6009438711e-04,4.6420607469e+02,18.0000,27.0000,2357.887
2.42000000e+00,4.8883304346e+08,2.7253774001e+12,2.2494687584e+05,1.4848421606e+02,2.0000000000e+02,-8.8616219240e-03,-1.5595975330e-01,7.3933996706e-03,-1.0328717307e-03,4.6234445914e+02,18.0000,27.0000,2366.854
2.43000000e+00,4.8938363167e+08,2.7282002891e+12,2.2480120663e+05,1.4848041996e+02,2.0000000000e+02,-2.8803246407e-02,-7.5523879988e-01,6.9508665741e-03,-1.2856872933e-03,4.6377368715e+02,18.0000,13.0000,2375.899
2.44000000e+00,4.8985159489e+08,2.7335096809e+12,2.2475717839e+05,1.4848033811e+02,2.0000000000e+02,-7.0450647222e-02,-1.2624036279e+00,7.5179716854e-03,-1.7315007584e-03,4.6569688445e+02,18.0000,13.0000,2385.577
2.45000000e+00,4.9031124146e+08,2.8232584161e+12,2.2474302852e+05,1.4846633638e+02,2.0000000000e+02,-1.4121316803e-01,-1.6133450564e+00,7.1663515168e-03,-7.4493006163e-04,4.6700700356e+02,18.0000,13.0000,2395.248
2.46000000e+00,4.9056577904e+08,2.8813805904e+12,2.2487420086e+05,1.4846163354e+02,2.0000000000e+02,-1.9269367174e-01,-1.7618298376e+00,7.1585288569e-03,1.2838045313e-04,4.6721557213e+02,18.0000,13.0000,2403.729
2.47000000e+00,4.9092422573e+08,2.8365091644e+12,2.2513507183e+05,1.4846662812e+02,2.0000000000e+02,-2.0805969434e-01,-1.6817772100e+00,7.1723658061e-03,5.9366711890e-04,4.6675120852e+02,18.0000,13.0000,2412.076
2.48000000e+00,4.9115934331e+08,2.8366359706e+12,2.2547896146e+05,1.4846552537e+02,2.0000000000e+02,-1.9372280818e-01,-1.3802196701e+00,6.6454088139e-03,1.1907526853e-03,4.6547616126e+02,18.0000,13.0000,2420.378
2.49000000e+00,4.9139862239e+08,2.7929031719e+12,2.2595177929e+05,1.4846924487e+02,2.0000000000e+02,-1.3456760193e-01,-8.7318739068e-01,6.9883136631e-03,1.9797897985e-03,4.6372482278e+02,18.0000,13.0000,2428.699
2.50000000e+00,4.9181638022e+08,2.7234940524e+12,2.2643231836e+05,1.4847497715e+02,2.0000000000e+02,-6.3422041652e-02,-1.7497975920e-01,7.3948194664e-03,2.2994946474e-03,4.6227791649e+02,18.0000,27.0000,2437.133
2.51000000e+00,4.9230174412e+08,2.7065390861e+12,2.2680312880e+05,1.4847985638e+02,2.0000000000e+02,-2.1997308618e-02,6.4892863046e-01,7.6733597563e-03,2.1297672817e-03,4.6492631002e+02,18.0000,27.0000,2445.494
2.52000000e+00,4.9279368363e+08,2.6620898696e+12,2.2700686261e+05,1.4848454626e+02,2.0000000000e+02,-3.4974988052e-02,1.4829140024e+00,8.0222109446e-03,2.1366793586e-03,4.6723886606e+02,18.0000,27.0000,2454.088
2.53000000e+00,4.9338376834e+08,2.6300638978e+12,2.2695146936e+05,1.4848395650e+02,2.0000000000e+02,-1.1750232722e-01,2.2276187252e+00,7.9744866186e-03,2.1510246467e-03,4.6980108398e+02,18.0000,27.0000,2462.497
2.54000000e+00,4.9384104644e+08,2.6557904917e+12,2.2660181195e+05,1.4847561600e+02,2.0000000000e+02,-2.4821303418e-01,2.7696056827e+00,7.3842769050e-03,1.4245458902e-03,4.7160106297e+02,18.0000,27.0000,2470.876
2.55000000e+00,4.9413120900e+08,2.7186074442e+12,2.2611009579e+05,1.4846745525e+02,2.0000000000e+02,-3.6125918534e-01,3.0200995695e+00,7.5493153967e-03,4.8277551458e-04,4.7294939727e+02,18.0000,27.0000,2479.267
2.56000000e+00,4.9431747383e+08,2.7181957198e+12,2.2553628136e+05,1.4846410068e+02,2.0000000000e+02,-4.1246054368e-01,2.9385116034e+00,6.9084947182e-03,-4.1950080770e-05,4.7320864038e+02,18.0000,27.0000,2487.622
2.57000000e+00,4.9449320292e+08,2.7169693401e+12,2.2503054607e+05,1.4846362378e+02,2.0000000000e+02,-3.6366032067e-01,2.4996509457e+00,6.8143853614e-03,-5.5672692993e-04,4.7164786381e+02,18.0000,27.0000,2496.051
2.58000000e+00,4.9474929326e+08,2.7097101126e+12,2.2460533769e+05,1.4847241241e+02,2.0000000000e+02,-2.3802154940e-01,1.7346076337e+00,6.6544630221e-03,-1.2245739368e-03,4.6955950509e+02,18.0000,27.0000,2504.461
2.59000000e+00,4.9514483380e+08,2.6619335743e+12,2.2431472809e+05,1.4848163168e+02,2.0000000000e+02,-8.8392846152e-02,7.1046771201e-01,7.4550703944e-03,-2.2106812663e-03,4.6649255593e+02,18.0000,27.0000,2512.941
2.60000000e+00,4.9581782608e+08,2.5944794441e+12,2.2408069024e+05,1.4849585028e+02,2.0000000000e+02,3.0075971737e-03,-4.7342779954e-01,8.2103892104e-03,-2.9179197427e-03,4.6249766774e+02,18.0000,27.0000,2521.302
2.61000000e+00,4.9660974115e+08,2.5577981231e+12,2.2382226347e+05,1.4850049658e+02,2.0000000000e+02,-3.8144954898e-02,-1.6490208169e+00,8.3626945322e-03,-2.4981860083e-03,4.6598916502e+02,18.0000,13.0000,2529.691
2.62000000e+00,4.9722658722e+08,2.6706675961e+12,2.2362355937e+05,1.4848779355e+02,2.0000000000e+02,-1.9394884096e-01,-2.6257207161e+00,8.9888985312e-03,-2.0088487460e-03,4.6916391137e+02,18.0000,13.0000,2538.158
2.63000000e+00,4.9773627816e+08,2.7184182630e+12,2.2354104528e+05,1.4847818887e+02,2.0000000000e+02,-4.0445332433e-01,-3.2777923240e+00,8.6921568831e-03,-1.7019794361e-03,4.7134687063e+02,18.0000,13.0000,2546.685
2.64000000e+00,4.9803345764e+08,2.8356376373e+12,2.2363779319e+05,1.4846531504e+02,2.0000000000e+02,-6.0540422648e-01,-3.5503008311e+00,7.3538124336e-03,-1.2713117956e-03,4.7301337601e+02,18.0000,13.0000,2555.134
2.65000000e+00,4.9807755438e+08,2.8772459331e+12,2.2412804986e+05,1.4846845922e+02,2.0000000000e+02,-6.8035351926e-01,-3.3831088823e+00,7.1155145764e-03,1.0382514561e-04,4.7273459005e+02,18.0000,13.0000,2563.580
2.66000000e+00,4.9831575023e+08,2.8302133652e+12,2.2494089691e+05,1.4847309567e+02,2.0000000000e+02,-6.0528954438e-01,-2.7651748322e+00,7.0044506670e-03,1.2774171496e-03,4.7160959894e+02,18.0000,13.0000,2572.201
2.67000000e+00,4.9853490309e+08,2.7817014617e+12,2.2598886991e+05,1.4847940139e+02,2.0000000000e+02,-4.0696298133e-01,-1.7593112412e+00,7.1251840500e-03,2.5785641391e-03,4.6891383937e+02,18.0000,13.0000,2580.624
2.68000000e+00,4.9910022930e+08,2.6316032644e+12,2.2715094322e+05,1.4849775268e+02,2.0000000000e+02,-1.5520984401e-01,-4.0843577253e-01,8.4694287504e-03,4.2805045442e-03,4.6513799674e+02,18.0000,13.0000,2589.064
2.69000000e+00,4.9996967873e+08,2.5770916504e+12,2.2803680725e+05,1.4851590684e+02,2.0000000000e+02,-7.9012287397e-03,1.1607141094e+00,9.5307640717e-03,4.1699669218e-03,4.6366223525e+02,18.0000,27.0000,2597.555
2.70000000e+00,5.0101553035e+08,2.6238328105e+12,2.2840101225e+05,1.4852234792e+02,2.0000000000e+02,-6.9518220807e-02,2.6840090675e+00,1.0466584474e-02,4.2913605972e-03,4.6913848370e+02,18.0000,27.0000,2606.020
2.71000000e+00,5.0197214274e+08,2.6871799459e+12,2.2804477699e+05,1.4849996835e+02,2.0000000000e+02,-3.2203539251e-01,3.8334925845e+00,1.0037870306e-02,3.2776602580e-03,4.7384329849e+02,18.0000,27.0000,2614.577
2.72000000e+00,5.0257610008e+08,2.8250204725e+12,2.2717382132e+05,1.4848922461e+02,2.0000000000e+02,-6.0533740624e-01,4.4395623783e+00,9.0440323720e-03,3.1527203029e-03,4.7732861228e+02,18.0000,27.0000,2623.099
2.73000000e+00,5.0283566144e+08,2.7771724445e+12,2.2600901253e+05,1.4846866733e+02,2.0000000000e+02,-7.9965790662e-01,4.4868409656e+00,6.8032912900e-03,-3.1603829233e-05,4.8060497464e+02,18.0000,27.0000,2631.700
2.74000000e+00,5.0289681860e+08,2.9127119041e+12,2.2497349295e+05,1.4846916961e+02,2.0000000000e+02,-7.9711347124e-01,4.0127420237e+00,6.8138103131e-03,-1.3199011528e-03,4.7941843825e+02,18.0000,27.0000,2640.410
2.75000000e+00,5.0317411965e+08,2.7050562596e+12,2.2411623881e+05,1.4847295627e+02,2.0000000000e+02,-6.3266648091e-01,3.0924467943e+00,6.3336289134e-03,-1.9545036241e-03,4.7778387144e+02,18.0000,27.0000,2649.676
2.76000000e+00,5.0361680646e+08,2.7019908312e+12,2.2356140772e+05,1.4848432916e+02,2.0000000000e+02,-3.7447541214e-01,1.8711435865e+00,7.6853360888e-03,-2.5554231303e-03,4.7381729584e+02,18.0000,27.0000,2659.281
2.77000000e+00,5.0434942311e+08,2.5838978894e+12,2.2317258850e+05,1.4849771604e+02,2.0000000000e+02,-1.2615344048e-01,3.8361467582e-01,8.4416761968e-03,-2.6826554476e-03,4.7597054863e+02,82.0000,27.0000,2670.289
2.78000000e+00,5.0525070058e+08,2.5643740410e+12,2.2290557621e+05,1.4851200782e+02,2.0000000000e+02,-2.7699048447e-04,-1.1854167074e+00,9.6022202662e-03,-2.3323522771e-03,4.8033021812e+02,85.0000,26.5000,2679.286
2.79000000e+00,5.0620267234e+08,2.6071066961e+12,2.2267943532e+05,1.4851339006e+02,2.0000000000e+02,-7.8914588430e-02,-2.5779181461e+00,9.5275007897e-03,-3.2318366500e-03,4.8378680715e+02,88.0000,26.5000,2688.531
2.80000000e+00,5.0687503567e+08,2.6888153220e+12,2.2256464482e+05,1.4849464582e+02,2.0000000000e+02,-3.1646857840e-01,-3.5674792619e+00,8.9951944287e-03,-1.7643386887e-03,4.8390907396e+02,91.5000,26.0000,2697.394
2.81000000e+00,5.0720351231e+08,2.8380561356e+12,2.2274081065e+05,1.4848193166e+02,2.0000000000e+02,-5.6674262101e-01,-4.0153519874e+00,7.6936850714e-03,-1.4703842046e-03,4.8229324935e+02,95.0000,25.0000,2706.394
2.82000000e+00,5.0739423225e+08,2.9135892800e+12,2.2329824279e+05,1.4846664897e+02,2.0000000000e+02,-7.0475378312e-01,-3.9133605308e+00,7.0002415148e-03,-1.7584063386e-03,4.7758816877e+02,98.0000,25.0000,2715.375
2.83000000e+00,5.0766249124e+08,2.8488367248e+12,2.2423063742e+05,1.4846759961e+02,2.0000000000e+02,-6.8574851065e-01,-3.3378282867e+00,7.1478332695e-03,-5.4071663315e-04,4.7700654737e+02,18.0000,13.0000,2724.388
2.84000000e+00,5.0792320996e+08,2.7794281593e+12,2.2539810753e+05,1.4847850055e+02,2.0000000000e+02,-5.3779157479e-01,-2.4010214514e+00,7.1079790421e-03,1.9822320851e-03,4.7609088626e+02,18.0000,13.0000,2733.145
2.85000000e+00,5.0834708974e+08,2.7414869830e+12,2.2665430226e+05,1.4848688893e+02,2.0000000000e+02,-3.1032131926e-01,-1.1900451409e+00,8.3332803857e-03,2.4529117299e-03,4.7285518881e+02,18.0000,13.0000,2741.981
2.86000000e+00,5.0894654511e+08,2.7617090333e+12,2.2771199819e+05,1.4850414503e+02,2.0000000000e+02,-1.0552235005e-01,2.1110373300e-01,8.8980938125e-03,2.0809818238e-03,4.6875158321e+02,18.0000,13.0000,2751.157
2.87000000e+00,5.0966058429e+08,2.6719500091e+12,2.2838885684e+05,1.4850567738e+02,2.0000000000e+02,-2.5416907900e-02,1.6388214318e+00,9.0574986781e-03,2.6318245067e-03,4.6472070965e+02,18.0000,13.0000,2759.944
2.88000000e+00,5.1035644910e+08,2.6962150498e+12,2.2847707398e+05,1.4850030096e+02,2.0000000000e+02,-1.0655509409e-01,2.8660394614e+00,8.6099517653e-03,2.6406768480e-03,4.6629245732e+02,18.0000,27.0000,2768.740
2.89000000e+00,5.1089612959e+08,2.7299305041e+12,2.2804694954e+05,1.4848868547e+02,2.0000000000e+02,-3.0063374662e-01,3.7241144178e+00,9.0596603441e-03,1.9619089578e-03,4.7127030747e+02,18.0000,27.0000,2777.477
2.90000000e+00,5.1123994800e+08,2.8117262008e+12,2.2720354914e+05,1.4847690885e+02,2.0000000000e+02,-4.9422166900e-01,4.0795602553e+00,9.0178316272e-03,1.2470872636e-03,4.7476472680e+02,18.0000,27.0000,2786.490
2.91000000e+00,5.1131932035e+08,2.8593316277e+12,2.2618414572e+05,1.4846572624e+02,2.0000000000e+02,-6.0430394795e-01,3.9755019736e+00,7.8624451130e-03,1.9892837772e-03,4.7627162757e+02,18.0000,27.0000,2795.338
2.92000000e+00,5.1145103280e+08,2.9078894657e+12,2.2526361986e+05,1.4846161387e+02,2.0000000000e+02,-5.8790625041e-01,3.4769498709e+00,7.7357167634e-03,1.0671685087e-03,4.7618198780e+02,18.0000,27.0000,2804.184
2.93000000e+00,5.1161556999e+08,2.7400419256e+12,2.2444802891e+05,1.4847026047e+02,2.0000000000e+02,-4.7069695406e-01,2.6523908416e+00,7.1133004638e-03,-4.5153589216e-04,4.7523192529e+02,18.0000,27.0000,2813.439
2.94000000e+00,5.1179001332e+08,2.6582049844e+12,2.2386560883e+05,1.4847802164e+02,2.0000000000e+02,-2.8444665499e-01,1.5810479332e+00,7.4580297005e-03,-1.4720245364e-03,4.7306417680e+02,18.0000,27.0000,2822.293
2.95000000e+00,5.1208556766e+08,2.5428666683e+12,2.2344501041e+05,1.4848425994e+02,2.0000000000e+02,-1.0778101739e-01,3.2754169563e-01,7.7405789918e-03,-1.5858177765e-03,4.7028177324e+02,18.0000,27.0000,2831.059
2.96000000e+00,5.1246702450e+08,2.5415105030e+12,2.2316232783e+05,1.4848902085e+02,2.0000000000e+02,-1.4237390819e-02,-9.5070725529e-01,8.2387667150e-03,-1.8886845106e-03,4.6656092195e+02,18.0000,27.0000,2840.067
2.97000000e+00,5.1295305666e+08,2.5447652099e+12,2.2298899391e+05,1.4849386476e+02,2.0000000000e+02,-5.3108380100e-02,-2.1100374818e+00,8.4629416510e-03,-3.2922644046e-03,4.6321877475e+02,18.0000,13.0000,2848.945
2.98000000e+00,5.1335384247e+08,2.5831613188e+12,2.2294345185e+05,1.4848724495e+02,2.0000000000e+02,-1.9987568383e-01,-2.9601576511e+00,7.8605909644e-03,-1.8784995477e-03,4.6685811695e+02,18.0000,13.0000,2857.674
2.99000000e+00,5.1360646975e+08,2.6174878698e+12,2.2309818831e+05,1.4848369634e+02,2.0000000000e+02,-3.7096508593e-01,-3.3795494184e+00,6.8769451046e-03,-1.0348194560e-03,4.7034135572e+02,18.0000,13.0000,2866.663
3.00000000e+00,5.1354071336e+08,2.6162442095e+12,2.2351888041e+05,1.4846799282e+02,2.0000000000e+02,-4.8544387622e-01,-3.3665550006e+00,6.1581117266e-03,4.1480321808e-04,4.7301637670e+02,18.0000,13.0000,2876.304
3.01000000e+00,5.1336242926e+08,2.6209914197e+12,2.2423617894e+05,1.4846660835e+02,2.0000000000e+02,-4.9316753358e-01,-2.9823213405e+00,6.4727823595e-03,1.5152897449e-03,4.7343598586e+02,18.0000,13.0000,2885.367
3.02000000e+00,5.1322326400e+08,2.6087726289e+12,2.2513103056e+05,1.4846829668e+02,2.0000000000e+02,-4.0415059182e-01,-2.2685198146e+00,6.5764669021e-03,1.3825196671e-03,4.7248895042e+02,18.0000,13.0000,2894.346
3.03000000e+00,5.1327726937e+08,2.5471472885e+12,2.2612308814e+05,1.4847843344e+02,2.0000000000e+02,-2.5201479528e-01,-1.3110236881e+00,7.4783572540e-03,1.0690770130e-03,4.7021756338e+02,18.0000,13.0000,2903.791
3.04000000e+00,5.1341724651e+08,2.5316958153e+12,2.2698217938e+05,1.4848326194e+02,2.0000000000e+02,-1.1190366376e-01,-2.0349048003e-01,7.9419692653e-03,1.3630957827e-03,4.6671200428e+02,18.0000,13.0000,2912.848
3.05000000e+00,5.1355052601e+08,2.5076018145e+12,2.2761691000e+05,1.4848968656e+02,2.0000000000e+02,-2.7385177865e-02,9.4912266065e-01,8.6173026829e-03,2.0946016356e-03,4.6361709222e+02,18.0000,13.0000,2921.770
3.06000000e+00,5.1371241092e+08,2.4656456361e+12,2.2786791593e+05,1.4849193434e+02,2.0000000000e+02,-4.5599019859e-02,2.0291489601e+00,8.8009163459e-03,2.2471080015e-03,4.6651654303e+02,18.0000,27.0000,2931.259
3.07000000e+00,5.1376771671e+08,2.4476621140e+12,2.2764824496e+05,1.4848346021e+02,2.0000000000e+02,-1.6460084441e-01,2.8803702751e+00,7.8914108186e-03,1.3222100369e-03,4.6926988943e+02,18.0000,27.0000,2940.256
3.08000000e+00,5.1350474159e+08,2.4753579854e+12,2.2708899855e+05,1.4848108407e+02,2.0000000000e+02,-3.1963968886e-01,3.3619285911e+00,7.4928000542e-03,1.5267899940e-03,4.7224628143e+02,18.0000,27.0000,2949.060
3.09000000e+00,5.1288040037e+08,2.4095509144e+12,2.2631671067e+05,1.4847050237e+02,2.0000000000e+02,-4.3785205041e-01,3.4449764581e+00,6.6072340065e-03,7.3054749581e-04,4.7426047146e+02,18.0000,27.0000,2957.884
3.10000000e+00,5.1219829732e+08,2.4404202319e+12,2.2555649295e+05,1.4846806632e+02,2.0000000000e+02,-4.5594490410e-01,3.1455950317e+00,6.7954497253e-03,-3.2596324504e-04,4.7486842341e+02,18.0000,27.0000,2967.284
3.11000000e+00,5.1166917847e+08,2.4458598377e+12,2.2485014325e+05,1.4846357608e+02,2.0000000000e+02,-3.8169684880e-01,2.5044597036e+00,6.6084582209e-03,-2.9611984341e-04,4.7421424142e+02,18.0000,27.0000,2976.249
3.12000000e+00,5.1134607062e+08,2.4802736426e+12,2.2434106401e+05,1.4847581927e+02,2.0000000000e+02,-2.3139470261e-01,1.5898026208e+00,7.6146199750e-03,-7.8674398421e-04,4.7219317291e+02,18.0000,27.0000,2985.156
3.13000000e+00,5.1138549720e+08,2.4706564465e+12,2.2394396599e+05,1.4848221797e+02,2.0000000000e+02,-9.1452262339e-02,5.1827247138e-01,7.9438487909e-03,-1.9110700878e-03,4.6946061627e+02,18.0000,27.0000,2994.471
3.14000000e+00,5.1149909095e+08,2.5206311516e+12,2.2363398116e+05,1.4848158985e+02,2.0000000000e+02,-1.9758891098e-02,-5.9000610752e-01,7.9097328261e-03,-2.9556185533e-03,4.6569913519e+02,18.0000,27.0000,3003.518
3.15000000e+00,5.1171483432e+08,2.5413729918e+12,2.2349883108e+05,1.4849014476e+02,2.0000000000e+02,-2.7745836890e-02,-1.6008006783e+00,8.7808476699e-03,-1.9587309952e-03,4.6272072870e+02,18.0000,13.0000,3012.465
3.16000000e+00,5.1201660358e+08,2.4925370671e+12,2.2343418474e+05,1.4848725543e+02,2.0000000000e+02,-1.2439480643e-01,-2.3623807417e+00,8.6895689662e-03,-1.0055500061e-03,4.6600610606e+02,18.0000,13.0000,3021.206
3.17000000e+00,5.1198763913e+08,2.5092038992e+12,2.2348084055e+05,1.4846850531e+02,2.0000000000e+02,-2.6105569272e-01,-2.7965473298e+00,6.9638340624e-03,-1.7413470303e-03,4.6943676503e+02,18.0000,13.0000,3034.041
3.18000000e+00,5.1180480709e+08,2.5037578442e+12,2.2385374848e+05,1.4847057600e+02,2.0000000000e+02,-3.5550475678e-01,-2.8950065907e+00,7.5956094646e-03,-1.4181254087e-04,4.7137326006e+02,18.0000,13.0000,3050.151
3.19000000e+00,5.1138662569e+08,2.4978289281e+12,2.2440570312e+05,1.4846262695e+02,2.0000000000e+02,-3.9950782204e-01,-2.6713853018e+00,6.9571862899e-03,1.7731318474e-03,4.7170510545e+02,18.0000,13.0000,3062.643
3.20000000e+00,5.1075450484e+08,2.5178712024e+12,2.2515290219e+05,1.4847060773e+02,2.0000000000e+02,-3.4773047082e-01,-2.1109742493e+00,6.7505535183e-03,1.0348051565e-03,4.7033231135e+02,18.0000,13.0000,3071.584
3.21000000e+00,5.1029934832e+08,2.4916266687e+12,2.2600575084e+05,1.4847536069e+02,2.0000000000e+02,-2.3038358116e-01,-1.2931035333e+00,7.4781106766e-03,3.3691501115e-04,4.6858922062e+02,18.0000,13.0000,3080.459
3.22000000e+00,5.0999410542e+08,2.4729134237e+12,2.2677582867e+05,1.4847731568e+02,2.0000000000e+02,-1.1051817172e-01,-2.9198748190e-01,7.6449069698e-03,1.6263369945e-03,4.6676505741e+02,18.0000,13.0000,3089.791
3.23000000e+00,5.0979163937e+08,2.4806152235e+12,2.2739385826e+05,1.4848381203e+02,2.0000000000e+02,-2.5512943315e-02,8.0553601112e-01,8.5783231785e-03,2.3040868412e-03,4.6385276525e+02,18.0000,13.0000,3098.667
3.24000000e+00,5.0986446081e+08,2.4810412372e+12,2.2766147942e+05,1.4849175802e+02,2.0000000000e+02,-3.7480448682e-02,1.8864138372e+00,8.8299582457e-03,2.3675237333e-03,4.6537316864e+02,18.0000,27.0000,3107.523
3.25000000e+00,5.0991668170e+08,2.4610862049e+12,2.2751864783e+05,1.4848390561e+02,2.0000000000e+02,-1.5565174961e-01,2.7350295284e+00,8.5137262492e-03,2.0185293181e-03,4.6930131993e+02,18.0000,27.0000,3116.784
3.26000000e+00,5.0992519380e+08,2.5343271330e+12,2.2706425584e+05,1.4847542369e+02,2.0000000000e+02,-2.9676615315e-01,3.2213055602e+00,8.8096832300e-03,2.1353723623e-03,4.7132874941e+02,18.0000,27.0000,3125.736
3.27000000e+00,5.0982224518e+08,2.5147442109e+12,2.2636706004e+05,1.4847028509e+02,2.0000000000e+02,-4.0717464019e-01,3.3362370494e+00,7.9465411543e-03,1.3959502620e-03,4.7303882476e+02,18.0000,27.0000,3134.508
3.28000000e+00,5.0962528745e+08,2.5133532785e+12,2.2562903188e+05,1.4846375121e+02,2.0000000000e+02,-4.3589749483e-01,3.1047770666e+00,7.1118592816e-03,6.4322898482e-04,4.7405944869e+02,18.0000,27.0000,3143.330
3.29000000e+00,5.0949071802e+08,2.4826831374e+12,2.2498435582e+05,1.4846432544e+02,2.0000000000e+02,-3.6620318243e-01,2.5273818424e+00,7.0444749956e-03,-7.7247749202e-04,4.7309790290e+02,18.0000,27.0000,3152.686
3.30000000e+00,5.0938700373e+08,2.4753778553e+12,2.2444762538e+05,1.4847661270e+02,2.0000000000e+02,-2.4002123460e-01,1.6980781795e+00,7.2200048966e-03,-1.1039690851e-03,4.7133469627e+02,18.0000,27.0000,3161.436
3.31000000e+00,5.0925768070e+08,2.4557267896e+12,2.2404610336e+05,1.4848101896e+02,2.0000000000e+02,-1.0675499045e-01,7.0258691774e-01,7.3209143375e-03,-2.4566456969e-03,4.6908197910e+02,18.0000,27.0000,3170.287
3.32000000e+00,5.0914762366e+08,2.4355133662e+12,2.2376071645e+05,1.4848424131e+02,2.0000000000e+02,-1.9346282126e-02,-3.7516763774e-01,7.5563633540e-03,-2.7741002133e-03,4.6585447032e+02,18.0000,27.0000,3179.332
3.33000000e+00,5.0903109679e+08,2.3902358885e+12,2.2358376689e+05,1.4849134681e+02,2.0000000000e+02,-1.6808802685e-02,-1.4302803924e+00,7.8759730178e-03,-2.0583983235e-03,4.6334909863e+02,18.0000,13.0000,3188.276
3.34000000e+00,5.0892228549e+08,2.3396328621e+12,2.2348579639e+05,1.4848621827e+02,2.0000000000e+02,-1.1286781783e-01,-2.2785822381e+00,7.6957623480e-03,-1.1238473430e-03,4.6631355109e+02,18.0000,13.0000,3197.081
3.35000000e+00,5.0864612075e+08,2.3734357906e+12,2.2349039994e+05,1.4847463773e+02,2.0000000000e+02,-2.5828220288e-01,-2.8151895224e+00,6.8175588553e-03,-1.9041597638e-03,4.6861545314e+02,18.0000,13.0000,3206.403
3.36000000e+00,5.0825720318e+08,2.4161109989e+12,2.2377885166e+05,1.4846579500e+02,2.0000000000e+02,-3.8268598924e-01,-3.0011668024e+00,7.3724734851e-03,-4.1301105438e-04,4.7138771768e+02,18.0000,13.0000,3215.432
3.37000000e+00,5.0771114570e+08,2.4196784101e+12,2.2429712685e+05,1.4846413317e+02,2.0000000000e+02,-4.3614561928e-01,-2.8262673895e+00,6.6552590149e-03,1.3598353664e-03,4.7204312668e+02,18.0000,13.0000,3224.226
3.38000000e+00,5.0718501291e+08,2.4401260578e+12,2.2504506640e+05,1.4847043470e+02,2.0000000000e+02,-3.7786850207e-01,-2.2623541909e+00,6.8864602184e-03,7.4596979438e-04,4.7074445076e+02,18.0000,13.0000,3233.189
3.39000000e+00,5.0672673503e+08,2.4136540863e+12,2.2589615688e+05,1.4847388902e+02,2.0000000000e+02,-2.5288923633e-01,-1.4115592758e+00,7.2688569727e-03,9.0745624790e-04,4.6958956554e+02,18.0000,13.0000,3242.202
3.40000000e+00,5.0630500447e+08,2.4139165204e+12,2.2674174359e+05,1.4848298972e+02,2.0000000000e+02,-1.1245811685e-01,-3.6938381471e-01,7.9641936111e-03,2.4008187750e-03,4.6671801302e+02,18.0000,13.0000,3251.208
3.41000000e+00,5.0597103769e+08,2.4269012082e+12,2.2740195105e+05,1.4848684686e+02,2.0000000000e+02,-2.1176295172e-02,7.7291108962e-01,8.7704893549e-03,2.5070763221e-03,4.6299989921e+02,18.0000,13.0000,3260.036
3.42000000e+00,5.0575133490e+08,2.4415116612e+12,2.2768307866e+05,1.4849290990e+02,2.0000000000e+02,-3.6067798848e-02,1.8715227865e+00,8.8919414652e-03,2.3528725918e-03,4.6614227583e+02,18.0000,27.0000,3269.336
3.43000000e+00,5.0549966930e+08,2.4354189681e+12,2.2755373026e+05,1.4848447734e+02,2.0000000000e+02,-1.5314841985e-01,2.7397381172e+00,8.6900119930e-03,2.3414670101e-03,4.7024150052e+02,18.0000,27.0000,3278.341
3.44000000e+00,5.0530727954e+08,2.4871615168e+12,2.2709174156e+05,1.4847731819e+02,2.0000000000e+02,-2.9587536932e-01,3.2496512124e+00,8.9804873556e-03,1.4994729579e-03,4.7259568743e+02,18.0000,27.0000,3287.101
3.45000000e+00,5.0497621027e+08,2.4864630130e+12,2.2634344629e+05,1.4846630925e+02,2.0000000000e+02,-4.2356066225e-01,3.3987007263e+00,7.9186002942e-03,9.3491170082e-04,4.7374584579e+02,18.0000,27.0000,3296.395
3.46000000e+00,5.0445584173e+08,2.5142442326e+12,2.2559149042e+05,1.4846275746e+02,2.0000000000e+02,-4.6315973697e-01,3.1927217252e+00,7.5805649921e-03,7.2522989560e-04,4.7422757535e+02,18.0000,27.0000,3305.261
3.47000000e+00,5.0411569264e+08,2.4859239729e+12,2.2491013682e+05,1.4846584583e+02,2.0000000000e+02,-4.0417295066e-01,2.6363842806e+00,7.3086902718e-03,-1.5999320000e-04,4.7291615304e+02,18.0000,27.0000,3314.281
3.48000000e+00,5.0388913347e+08,2.5126368049e+12,2.2435596973e+05,1.4847755660e+02,2.0000000000e+02,-2.7330200811e-01,1.7991992717e+00,7.2954495393e-03,-1.3379645889e-03,4.7120406428e+02,18.0000,27.0000,3323.137
3.49000000e+00,5.0391710244e+08,2.4978367987e+12,2.2395880042e+05,1.4848510840e+02,2.0000000000e+02,-1.2211143285e-01,7.5758609815e-01,7.5478220157e-03,-2.5590729610e-03,4.6924800377e+02,18.0000,27.0000,3332.578
3.50000000e+00,5.0411177498e+08,2.4882146454e+12,2.2365771883e+05,1.4848787421e+02,2.0000000000e+02,-2.1666068812e-02,-3.9585094946e-01,7.5821101190e-03,-2.3462885895e-03,4.6649307063e+02,18.0000,27.0000,3341.735
3.51000000e+00,5.0436398537e+08,2.4610524671e+12,2.2347307827e+05,1.4849513487e+02,2.0000000000e+02,-2.1053915508e-02,-1.5333621880e+00,8.0999341435e-03,-1.8132954256e-03,4.6270426459e+02,18.0000,13.0000,3350.736
3.52000000e+00,5.0465939234e+08,2.4066017216e+12,2.2338106936e+05,1.4849246720e+02,2.0000000000e+02,-1.2316478415e-01,-2.4303572539e+00,8.4560832316e-03,-1.6660239435e-03,4.6559339374e+02,18.0000,13.0000,3360.101
3.53000000e+00,5.0470372866e+08,2.3704680089e+12,2.2339401146e+05,1.4847799755e+02,2.0000000000e+02,-2.8295210455e-01,-2.9667004749e+00,7.0978468452e-03,-2.4672137259e-03,4.6870326983e+02,18.0000,13.0000,3369.052
3.54000000e+00,5.0443110068e+08,2.3835061857e+12,2.2365106932e+05,1.4846970036e+02,2.0000000000e+02,-4.1605864971e-01,-3.1354629483e+00,6.1097627633e-03,-4.3487677284e-04,4.7149806794e+02,18.0000,13.0000,3377.926
3.55000000e+00,5.0392437903e+08,2.4126360938e+12,2.2422748244e+05,1.4846372162e+02,2.0000000000e+02,-4.5691190018e-01,-2.9187705023e+00,6.5906587995e-03,1.4191337054e-03,4.7264206629e+02,18.0000,13.0000,3387.217
3.56000000e+00,5.0356732299e+08,2.4463294414e+12,2.2501634813e+05,1.4846911513e+02,2.0000000000e+02,-3.9361113444e-01,-2.3288507521e+00,7.2227744258e-03,1.3711398808e-03,4.7192181191e+02,18.0000,13.0000,3396.069
3.57000000e+00,5.0332888994e+08,2.4629250023e+12,2.2588628332e+05,1.4847352409e+02,2.0000000000e+02,-2.6972284527e-01,-1.4605261680e+00,7.2304708695e-03,1.2894878274e-03,4.6994983366e+02,18.0000,13.0000,3405.248
3.58000000e+00,5.0329384241e+08,2.4920405639e+12,2.2677590862e+05,1.4848494492e+02,2.0000000000e+02,-1.2509134145e-01,-4.1715790910e-01,7.9766898193e-03,1.9251673906e-03,4.6628474788e+02,18.0000,13.0000,3414.328
3.59000000e+00,5.0358810252e+08,2.4946808365e+12,2.2746409099e+05,1.4848995065e+02,2.0000000000e+02,-2.7795100313e-02,7.3217082766e-01,8.6545777706e-03,2.5801274339e-03,4.6278249629e+02,18.0000,13.0000,3423.874
3.60000000e+00,5.0403512384e+08,2.5116925145e+12,2.2775569975e+05,1.4849326186e+02,2.0000000000e+02,-3.6395479063e-02,1.8544839241e+00,8.5212785048e-03,1.8887917355e-03,4.6589996458e+02,18.0000,27.0000,3433.079
3.61000000e+00,5.0448221459e+08,2.4936647130e+12,2.2766372107e+05,1.4848921645e+02,2.0000000000e+02,-1.4720380380e-01,2.7826230955e+00,8.8390775632e-03,2.0559445967e-03,4.7037079283e+02,18.0000,27.0000,3441.955
3.62000000e+00,5.0485439787e+08,2.5377791492e+12,2.2716913473e+05,1.4848165392e+02,2.0000000000e+02,-3.0772924255e-01,3.3531194981e+00,8.7292295250e-03,9.8622487826e-04,4.7275733825e+02,18.0000,27.0000,3451.424
3.63000000e+00,5.0481842249e+08,2.4840145224e+12,2.2638388338e+05,1.4846907639e+02,2.0000000000e+02,-4.5739051092e-01,3.5465522120e+00,7.0630219724e-03,1.1936416857e-03,4.7424499912e+02,18.0000,27.0000,3460.304
3.64000000e+00,5.0452676094e+08,2.4563732686e+12,2.2561777261e+05,1.4846778582e+02,2.0000000000e+02,-5.0239924508e-01,3.3453290335e+00,6.9218916432e-03,-1.2529855698e-04,4.7492616829e+02,18.0000,27.0000,3469.603
3.65000000e+00,5.0435683614e+08,2.4419102227e+12,2.2490269232e+05,1.4846835076e+02,2.0000000000e+02,-4.4194753206e-01,2.7704089093e+00,7.0398191920e-03,-5.7108607663e-05,4.7425793854e+02,18.0000,27.0000,3479.097
3.66000000e+00,5.0413408070e+08,2.4801788630e+12,2.2431952526e+05,1.4847714391e+02,2.0000000000e+02,-2.9712944643e-01,1.8872904464e+00,7.0723055048e-03,-1.5155460040e-03,4.7251861922e+02,18.0000,27.0000,3488.026
3.67000000e+00,5.0423901548e+08,2.4738218552e+12,2.2393668574e+05,1.4849105728e+02,2.0000000000e+02,-1.2549703886e-01,7.9922740176e-01,7.8993777026e-03,-2.4807040806e-03,4.6947974697e+02,18.0000,27.0000,3497.178
3.68000000e+00,5.0452723151e+08,2.4553539658e+12,2.2361238259e+05,1.4849201926e+02,2.0000000000e+02,-2.1274275417e-02,-3.8681782110e-01,7.6537614047e-03,-2.0145084020e-03,4.6631356147e+02,18.0000,27.0000,3506.285
3.69000000e+00,5.0482364626e+08,2.4427405987e+12,2.2341187391e+05,1.4849527903e+02,2.0000000000e+02,-2.0783956303e-02,-1.5173942546e+00,7.9892516250e-03,-1.6263802235e-03,4.6281464302e+02,18.0000,13.0000,3515.832
3.70000000e+00,5.0523122166e+08,2.4273589639e+12,2.2333248737e+05,1.4849486238e+02,2.0000000000e+02,-1.1504215221e-01,-2.4142308404e+00,8.4556491958e-03,-1.8741848284e-03,4.6594590134e+02,18.0000,13.0000,3525.144
3.71000000e+00,5.0543475094e+08,2.4255660514e+12,2.2334601170e+05,1.4847886944e+02,2.0000000000e+02,-2.7046677120e-01,-2.9504469200e+00,7.0204904858e-03,-1.8620594203e-03,4.6899329105e+02,18.0000,13.0000,3534.296
3.72000000e+00,5.0524510125e+08,2.4399466400e+12,2.2360262002e+05,1.4847068694e+02,2.0000000000e+02,-4.0619288332e-01,-3.1362213134e+00,6.0778608293e-03,-3.9792137547e-04,4.7140947168e+02,18.0000,13.0000,3543.781
3.73000000e+00,5.0474026628e+08,2.4584303879e+12,2.2417519785e+05,1.4846497190e+02,2.0000000000e+02,-4.5834734746e-01,-2.9475619945e+00,6.5960713115e-03,1.2131033263e-03,4.7239897442e+02,18.0000,13.0000,3552.737
3.74000000e+00,5.0436480074e+08,2.4890421557e+12,2.2496300777e+05,1.4846772469e+02,2.0000000000e+02,-4.1272074159e-01,-2.4017676274e+00,7.1680282155e-03,8.3369860463e-04,4.7157316977e+02,18.0000,13.0000,3561.931
3.75000000e+00,5.0412285360e+08,2.4849774354e+12,2.2584384329e+05,1.4847467613e+02,2.0000000000e+02,-2.9368945104e-01,-1.5581824222e+00,7.2325801822e-03,8.6954490759e-04,4.7000936863e+02,18.0000,13.0000,3571.587
3.76000000e+00,5.0409040091e+08,2.5019326188e+12,2.2674377032e+05,1.4848568022e+02,2.0000000000e+02,-1.4539908428e-01,-5.1814110611e-01,7.7569600079e-03,1.2011379808e-03,4.6679304232e+02,18.0000,13.0000,3580.587
3.77000000e+00,5.0439008211e+08,2.4924458101e+12,2.2746064357e+05,1.4849314012e+02,2.0000000000e+02,-3.5344683383e-02,6.5825878122e-01,8.3411094070e-03,2.3926250600e-03,4.6354860924e+02,18.0000,13.0000,3590.058
3.78000000e+00,5.0484107812e+08,2.4962575947e+12,2.2779746765e+05,1.4849660304e+02,2.0000000000e+02,-3.1507208313e-02,1.8202408331e+00,8.4537545509e-03,1.6504138936e-03,4.6472310444e+02,18.0000,27.0000,3600.421
3.79000000e+00,5.0534229954e+08,2.4962810480e+12,2.2773348958e+05,1.4849310627e+02,2.0000000000e+02,-1.4123954736e-01,2.7857081142e+00,8.9496312221e-03,2.3878804801e-03,4.6919407275e+02,18.0000,27.0000,3610.031
3.80000000e+00,5.0568634638e+08,2.5446345920e+12,2.2724075889e+05,1.4848268050e+02,2.0000000000e+02,-3.0671432050e-01,3.3739481091e+00,8.6680428371e-03,1.3959819289e-03,4.7283279422e+02,18.0000,27.0000,3619.669
3.81000000e+00,5.0558797685e+08,2.4796371662e+12,2.2646538660e+05,1.4847090561e+02,2.0000000000e+02,-4.5252864599e-01,3.5656274547e+00,6.8540651681e-03,1.4545061560e-03,4.7456347226e+02,18.0000,27.0000,3628.741
3.82000000e+00,5.0521546880e+08,2.4647270144e+12,2.2569294835e+05,1.4846798705e+02,2.0000000000e+02,-4.9315868398e-01,3.3553484359e+00,6.7210644769e-03,-1.1334200456e-04,4.7548003396e+02,18.0000,27.0000,3638.369
3.83000000e+00,5.0495314306e+08,2.4527195864e+12,2.2496278695e+05,1.4846808367e+02,2.0000000000e+02,-4.3524836035e-01,2.7881780211e+00,6.9134959276e-03,-5.1491733125e-04,4.7491533796e+02,18.0000,27.0000,3647.622
3.84000000e+00,5.0462740706e+08,2.4871575051e+12,2.2435937232e+05,1.4847622592e+02,2.0000000000e+02,-2.9986578090e-01,1.9305796652e+00,6.9223947936e-03,-1.8193665204e-03,4.7294663207e+02,18.0000,27.0000,3657.086
3.85000000e+00,5.0466344903e+08,2.4858316109e+12,2.2396522602e+05,1.4849044970e+02,2.0000000000e+02,-1.3610212509e-01,8.8320677966e-01,7.8711134099e-03,-2.5653340479e-03,4.6938395643e+02,18.0000,27.0000,3666.887
3.86000000e+00,5.0492380472e+08,2.4626261641e+12,2.2362936952e+05,1.4849052644e+02,2.0000000000e+02,-3.1476477378e-02,-2.5873082847e-01,7.6235359596e-03,-1.8336630689e-03,4.6605152343e+02,18.0000,27.0000,3675.965
3.87000000e+00,5.0519669530e+08,2.4435804780e+12,2.2342274716e+05,1.4849148013e+02,2.0000000000e+02,-1.5397718220e-02,-1.3656823864e+00,7.7069490577e-03,-1.3635756000e-03,4.6269404759e+02,18.0000,27.0000,3685.458
3.88000000e+00,5.0559711771e+08,2.4038135707e+12,2.2333802229e+05,1.4849235163e+02,2.0000000000e+02,-9.8389247188e-02,-2.2913850220e+00,7.8499816964e-03,-1.6601202354e-03,4.6627844670e+02,18.0000,13.0000,3695.034
3.89000000e+00,5.0587812558e+08,2.4641190752e+12,2.2334120922e+05,1.4848018699e+02,2.0000000000e+02,-2.4784507878e-01,-2.8840807479e+00,6.9667225576e-03,-1.5055052463e-03,4.6863600085e+02,18.0000,13.0000,3704.072
3.90000000e+00,5.0586618034e+08,2.4769629882e+12,2.2358480508e+05,1.4847229230e+02,2.0000000000e+02,-3.9402180045e-01,-3.1299678641e+00,6.6355359096e-03,-5.8091106917e-04,4.7130045607e+02,18.0000,13.0000,3713.656
3.91000000e+00,5.0547805659e+08,2.5077608024e+12,2.2411049707e+05,1.4846550821e+02,2.0000000000e+02,-4.6353894210e-01,-2.9927025706e+00,6.6656047711e-03,9.2899921271e-04,4.7210058218e+02,18.0000,13.0000,3722.678
3.92000000e+00,5.0507708539e+08,2.5410431784e+12,2.2487608872e+05,1.4846693722e+02,2.0000000000e+02,-4.2460442027e-01,-2.4774589048e+00,7.1303438243e-03,-5.5919084191e-05,4.7135477203e+02,18.0000,13.0000,3732.573
3.93000000e+00,5.0478540141e+08,2.5118475685e+12,2.2574304301e+05,1.4847630423e+02,2.0000000000e+02,-3.0406258649e-01,-1.6511143548e+00,7.0652197238e-03,2.4367775514e-04,4.7022279653e+02,18.0000,13.0000,3742.042
3.94000000e+00,5.0464749960e+08,2.5088723502e+12,2.2663913035e+05,1.4848608347e+02,2.0000000000e+02,-1.5249475109e-01,-6.2018415336e-01,7.3749312629e-03,1.0259518583e-03,4.6777530934e+02,18.0000,13.0000,3751.128
3.95000000e+00,5.0482641726e+08,2.5006811758e+12,2.2738369267e+05,1.4849628686e+02,2.0000000000e+02,-3.7063311937e-02,5.4410206930e-01,8.0361033193e-03,2.6325653980e-03,4.6436253097e+02,18.0000,13.0000,3760.627
3.96000000e+00,5.0520470615e+08,2.4977557699e+12,2.2775275503e+05,1.4850096678e+02,2.0000000000e+02,-2.7621864815e-02,1.6904714995e+00,8.3023252639e-03,1.7183694457e-03,4.6442263333e+02,18.0000,27.0000,3769.720
3.97000000e+00,5.0557205691e+08,2.5694897903e+12,2.2773151641e+05,1.4849416662e+02,2.0000000000e+02,-1.2318350023e-01,2.6460327807e+00,9.0041749350e-03,1.9570423100e-03,4.6774179245e+02,18.0000,27.0000,3779.200
3.98000000e+00,5.0591233391e+08,2.5705007262e+12,2.2729884819e+05,1.4848369872e+02,2.0000000000e+02,-2.7457625794e-01,3.2524637956e+00,8.7475940534e-03,1.4947896053e-03,4.7182385783e+02,18.0000,27.0000,3789.222
3.99000000e+00,5.0597489465e+08,2.5925698549e+12,2.2655920693e+05,1.4846984842e+02,2.0000000000e+02,-4.1675731537e-01,3.4778754223e+00,7.6130207073e-03,1.8286617117e-03,4.7391275645e+02,18.0000,27.0000,3798.353
4.00000000e+00,5.0571331779e+08,2.5684893287e+12,2.2578762547e+05,1.4846660755e+02,2.0000000000e+02,-4.7285813136e-01,3.3295143910e+00,7.4643566795e-03,9.5334967792e-04,4.7485448757e+02,18.0000,27.0000,3807.832
4.01000000e+00,5.0549939047e+08,2.5274900005e+12,2.2505234182e+05,1.4846867680e+02,2.0000000000e+02,-4.3641413450e-01,2.8366349667e+00,7.1427305452e-03,-6.3555233962e-04,4.7434399522e+02,18.0000,27.0000,3817.275
4.02000000e+00,5.0520529872e+08,2.4838160938e+12,2.2443998997e+05,1.4847517915e+02,2.0000000000e+02,-3.1791794105e-01,2.0429860722e+00,6.9059089364e-03,-1.7690256118e-03,4.7275813276e+02,18.0000,27.0000,3826.536
4.03000000e+00,5.0520686153e+08,2.4581899913e+12,2.2402319733e+05,1.4848653353e+02,2.0000000000e+02,-1.5822302936e-01,1.0343154815e+00,7.7130085114e-03,-2.4611505132e-03,4.6986650050e+02,18.0000,27.0000,3836.088
4.04000000e+00,5.0539738406e+08,2.4227930518e+12,2.2367794699e+05,1.4848769266e+02,2.0000000000e+02,-4.2567526947e-02,-1.0579513010e-01,7.6482902316e-03,-1.6539632804e-03,4.6657625480e+02,18.0000,27.0000,3845.194
4.05000000e+00,5.0563463750e+08,2.4562207204e+12,2.2346089861e+05,1.4849092372e+02,2.0000000000e+02,-9.3290963377e-03,-1.2424252198e+00,7.8893274476e-03,-1.8488190620e-03,4.6334085240e+02,18.0000,27.0000,3854.782
4.06000000e+00,5.0602515525e+08,2.3992506426e+12,2.2335345702e+05,1.4849261952e+02,2.0000000000e+02,-8.6039600590e-02,-2.2149275662e+00,7.8388639736e-03,-2.1973279158e-03,4.6504272539e+02,18.0000,13.0000,3863.819
4.07000000e+00,5.0629976704e+08,2.4354910691e+12,2.2332969493e+05,1.4848168023e+02,2.0000000000e+02,-2.3531503831e-01,-2.8595157310e+00,7.0417031711e-03,-1.6169691733e-03,4.6860202075e+02,18.0000,13.0000,3873.262
4.08000000e+00,5.0625753241e+08,2.4635332256e+12,2.2354421990e+05,1.4847313009e+02,2.0000000000e+02,-3.8360806048e-01,-3.1325372283e+00,6.9761581209e-03,-5.9638327732e-04,4.7143635221e+02,18.0000,13.0000,3883.224
4.09000000e+00,5.0581973200e+08,2.4994427493e+12,2.2403033876e+05,1.4846612189e+02,2.0000000000e+02,-4.5529234084e-01,-3.0172587265e+00,6.8179841175e-03,7.7724436128e-04,4.7215311539e+02,18.0000,13.0000,3892.348
4.10000000e+00,5.0537307868e+08,2.5367763561e+12,2.2477361723e+05,1.4846760161e+02,2.0000000000e+02,-4.1977043230e-01,-2.5252132056e+00,7.1932565481e-03,-1.0923511307e-04,4.7132739955e+02,18.0000,13.0000,3902.359
4.11000000e+00,5.0501971935e+08,2.5061332963e+12,2.2562857760e+05,1.4847849315e+02,2.0000000000e+02,-3.0707014853e-01,-1.7345401050e+00,6.9763555718e-03,3.8871094601e-04,4.7009443092e+02,18.0000,13.0000,3912.174
4.12000000e+00,5.0479360670e+08,2.4813475568e+12,2.2652470193e+05,1.4848814339e+02,2.0000000000e+02,-1.6216584601e-01,-7.4131894505e-01,7.2089679200e-03,1.1901661978e-03,4.6783861385e+02,18.0000,13.0000,3921.330
4.13000000e+00,5.0486438119e+08,2.4702506722e+12,2.2728368502e+05,1.4849748910e+02,2.0000000000e+02,-4.5008119315e-02,3.8206240428e-01,7.7187799356e-03,2.6136200151e-03,4.6468728261e+02,18.0000,13.0000,3931.037
4.14000000e+00,5.0514047420e+08,2.4806100524e+12,2.2769964836e+05,1.4850160312e+02,2.0000000000e+02,-2.2104661016e-02,1.5124309961e+00,7.9403894067e-03,1.6423432562e-03,4.6440499615e+02,18.0000,27.0000,3940.136
4.15000000e+00,5.0541084231e+08,2.5142756057e+12,2.2772941389e+05,1.4849844059e+02,2.0000000000e+02,-9.9907271465e-02,2.4931909237e+00,8.4321091291e-03,1.3420459433e-03,4.6714350802e+02,18.0000,27.0000,3949.954
4.16000000e+00,5.0572755458e+08,2.4986907029e+12,2.2735352730e+05,1.4848333848e+02,2.0000000000e+02,-2.4867055720e-01,3.1647704574e+00,8.0167473304e-03,1.7659470479e-03,4.7033797101e+02,18.0000,27.0000,3959.551
4.17000000e+00,5.0580967541e+08,2.5095387270e+12,2.2664797622e+05,1.4847130356e+02,2.0000000000e+02,-4.0361323173e-01,3.4607900266e+00,6.8902162084e-03,1.7464198742e-03,4.7292668190e+02,18.0000,27.0000,3968.707
4.18000000e+00,5.0551409955e+08,2.5388667165e+12,2.2587113220e+05,1.4846653754e+02,2.0000000000e+02,-4.7798132468e-01,3.3753922425e+00,6.8290917470e-03,1.0623760833e-03,4.7467617552e+02,18.0000,27.0000,3978.505
4.19000000e+00,5.0525669687e+08,2.5059188348e+12,2.2514487561e+05,1.4846957317e+02,2.0000000000e+02,-4.5082417574e-01,2.9294478305e+00,6.9877558419e-03,-7.4737999063e-04,4.7510646408e+02,18.0000,27.0000,3987.648
4.20000000e+00,5.0493689616e+08,2.4657577769e+12,2.2450872402e+05,1.4847200932e+02,2.0000000000e+02,-3.3700655278e-01,2.1518964434e+00,6.5329716929e-03,-1.5325080523e-03,4.7386679426e+02,18.0000,27.0000,3997.396
4.21000000e+00,5.0484932792e+08,2.4501616404e+12,2.2408545789e+05,1.4848300297e+02,2.0000000000e+02,-1.7049867426e-01,1.1429431842e+00,7.5253114616e-03,-1.7595575624e-03,4.7107827368e+02,18.0000,27.0000,4007.154
4.22000000e+00,5.0499904883e+08,2.4201251117e+12,2.2373321204e+05,1.4848746720e+02,2.0000000000e+02,-4.7154941844e-02,2.5080440404e-03,7.7328982748e-03,-1.8354584494e-03,4.6750685746e+02,18.0000,27.0000,4016.289
4.23000000e+00,5.0517906144e+08,2.4747975118e+12,2.2349330411e+05,1.4848810621e+02,2.0000000000e+02,-1.0236533937e-02,-1.1357397955e+00,8.0635931678e-03,-2.5971029574e-03,4.6355017814e+02,18.0000,27.0000,4025.919
4.24000000e+00,5.0555081223e+08,2.4155792819e+12,2.2339213163e+05,1.4849552650e+02,2.0000000000e+02,-6.9444247303e-02,-2.1069106982e+00,8.2836973367e-03,-2.3918650802e-03,4.6465606329e+02,18.0000,13.0000,4035.590
4.25000000e+00,5.0587141698e+08,2.4136223306e+12,2.2333988467e+05,1.4848421348e+02,2.0000000000e+02,-2.1514692905e-01,-2.7707390738e+00,7.2419137797e-03,-1.2381631975e-03,4.6826501003e+02,18.0000,13.0000,4044.877
4.26000000e+00,5.0580322604e+08,2.5248487674e+12,2.2353946781e+05,1.4847044302e+02,2.0000000000e+02,-3.5611122372e-01,-3.0619625696e+00,7.8062544800e-03,-7.3594404042e-04,4.7105396982e+02,18.0000,13.0000,4054.567
4.27000000e+00,5.0544562454e+08,2.5444064325e+12,2.2397954339e+05,1.4846648088e+02,2.0000000000e+02,-4.3795553045e-01,-3.0013677471e+00,7.1565839019e-03,-3.1492882812e-04,4.7168508423e+02,18.0000,13.0000,4063.673
4.28000000e+00,5.0501516900e+08,2.5706840951e+12,2.2469846665e+05,1.4846723301e+02,2.0000000000e+02,-4.2132806732e-01,-2.5728882837e+00,7.3541439617e-03,-8.1863037622e-05,4.7063670657e+02,18.0000,13.0000,4073.405
4.29000000e+00,5.0467838545e+08,2.5227317471e+12,2.2553129383e+05,1.4847864245e+02,2.0000000000e+02,-3.2581099178e-01,-1.8430957815e+00,6.8771948515e-03,7.0944406677e-04,4.6988962413e+02,18.0000,13.0000,4083.000
4.30000000e+00,5.0444127004e+08,2.4561671947e+12,2.2641843283e+05,1.4848627438e+02,2.0000000000e+02,-1.8688705601e-01,-8.8530765525e-01,7.0524966193e-03,1.1152869056e-03,4.6794768387e+02,18.0000,13.0000,4092.182
4.31000000e+00,5.0449189550e+08,2.4483157445e+12,2.2720034805e+05,1.4849773405e+02,2.0000000000e+02,-6.0115936872e-02,2.2745310403e-01,7.5873928149e-03,1.9298811906e-03,4.6545396811e+02,18.0000,13.0000,4101.903
4.32000000e+00,5.0476862710e+08,2.4378496198e+12,2.2767217642e+05,1.4850068342e+02,2.0000000000e+02,-1.7847613676e-02,1.3814882425e+00,7.7904132642e-03,1.8856793537e-03,4.6363979123e+02,18.0000,27.0000,4111.056
4.33000000e+00,5.0506551558e+08,2.4461987229e+12,2.2775814591e+05,1.4850061327e+02,2.0000000000e+02,-8.6038407596e-02,2.4106594747e+00,8.0512473000e-03,1.7204718573e-03,4.6679335284e+02,18.0000,27.0000,4120.770
4.34000000e+00,5.0540606084e+08,2.4748221884e+12,2.2742573806e+05,1.4848679747e+02,2.0000000000e+02,-2.3658144323e-01,3.1364549025e+00,7.7512951483e-03,2.2054397835e-03,4.7009652200e+02,18.0000,27.0000,4130.438
4.35000000e+00,5.0549799954e+08,2.4709388838e+12,2.2674524075e+05,1.4847367641e+02,2.0000000000e+02,-3.9620061674e-01,3.4725924991e+00,6.6562249139e-03,1.6601308925e-03,4.7236520199e+02,18.0000,27.0000,4139.547
4.36000000e+00,5.0518324709e+08,2.5153105349e+12,2.2596746980e+05,1.4846694006e+02,2.0000000000e+02,-4.7693246957e-01,3.4154341003e+00,6.6560690424e-03,1.0991023412e-03,4.7501215968e+02,18.0000,27.0000,4149.377
4.37000000e+00,5.0490974288e+08,2.4971250970e+12,2.2523796943e+05,1.4847075096e+02,2.0000000000e+02,-4.5259737249e-01,2.9898902912e+00,6.9892030147e-03,-8.8047583245e-04,4.7544532629e+02,18.0000,27.0000,4159.097
4.38000000e+00,5.0458979337e+08,2.4609476507e+12,2.2457601598e+05,1.4846791399e+02,2.0000000000e+02,-3.4651838810e-01,2.2366351556e+00,6.4236283162e-03,-1.7834295085e-03,4.7429067150e+02,18.0000,27.0000,4168.268
4.39000000e+00,5.0444854790e+08,2.4346710313e+12,2.2413295481e+05,1.4847835424e+02,2.0000000000e+02,-1.8617766583e-01,1.2552068754e+00,7.3968845513e-03,-1.6118510897e-03,4.7154405436e+02,18.0000,27.0000,4178.126
4.40000000e+00,5.0457451506e+08,2.4401439917e+12,2.2377249369e+05,1.4848382588e+02,2.0000000000e+02,-5.8319003933e-02,1.4339545606e-01,7.8385011074e-03,-1.9705209245e-03,4.6777993191e+02,18.0000,27.0000,4187.273
4.41000000e+00,5.0473741211e+08,2.4854702402e+12,2.2351458021e+05,1.4848458221e+02,2.0000000000e+02,-1.1134466193e-02,-9.8126720109e-01,8.2302269405e-03,-2.8323025288e-03,4.6368596139e+02,18.0000,27.0000,4197.048
4.42000000e+00,5.0508908690e+08,2.4846480397e+12,2.2340287398e+05,1.4849419499e+02,2.0000000000e+02,-5.2800181476e-02,-1.9714655818e+00,8.7360729636e-03,-2.4273215561e-03,4.6500983724e+02,18.0000,13.0000,4206.824
4.43000000e+00,5.0543822160e+08,2.4370840867e+12,2.2334978556e+05,1.4848790953e+02,2.0000000000e+02,-1.9259123354e-01,-2.6879084113e+00,7.8852977876e-03,-1.1418008076e-03,4.6799313849e+02,18.0000,13.0000,4216.257
4.44000000e+00,5.0534645584e+08,2.5513059762e+12,2.2351226679e+05,1.4847655327e+02,2.0000000000e+02,-3.3997357474e-01,-3.0406093386e+00,7.8425269367e-03,-9.0639577215e-04,4.7000834487e+02,18.0000,13.0000,4226.239
4.45000000e+00,5.0503711849e+08,2.5789620806e+12,2.2391200550e+05,1.4846893475e+02,2.0000000000e+02,-4.3731409970e-01,-3.0384029074e+00,7.1487495194e-03,-1.6391878087e-03,4.7122672044e+02,18.0000,13.0000,4235.481
4.46000000e+00,5.0458491733e+08,2.5807028595e+12,2.2460391720e+05,1.4846901037e+02,2.0000000000e+02,-4.3440066149e-01,-2.6576011171e+00,7.2760873305e-03,-7.3607550876e-05,4.7091505216e+02,18.0000,13.0000,4245.251
4.47000000e+00,5.0427643209e+08,2.5261803613e+12,2.2543111127e+05,1.4847883455e+02,2.0000000000e+02,-3.4404780388e-01,-1.9543717712e+00,6.7928218313e-03,8.5627323474e-04,4.7057009739e+02,18.0000,13.0000,4255.030
4.48000000e+00,5.0404878643e+08,2.4621987359e+12,2.2631592388e+05,1.4848547195e+02,2.0000000000e+02,-2.0234189648e-01,-9.9834339354e-01,6.8902699807e-03,1.8444367037e-03,4.6867408868e+02,18.0000,13.0000,4264.615
4.49000000e+00,5.0409689959e+08,2.4312251856e+12,2.2712749903e+05,1.4849484397e+02,2.0000000000e+02,-6.7008044980e-02,1.1289371707e-01,7.6831836141e-03,1.8512774980e-03,4.6619708797e+02,18.0000,13.0000,4274.754
4.50000000e+00,5.0440068960e+08,2.4433229836e+12,2.2764590305e+05,1.4850018649e+02,2.0000000000e+02,-1.4251242967e-02,1.2714381559e+00,8.0563913523e-03,2.7684839941e-03,4.6283156667e+02,18.0000,27.0000,4284.614
4.51000000e+00,5.0471591302e+08,2.4706563268e+12,2.2775808264e+05,1.4849715144e+02,2.0000000000e+02,-7.6189883003e-02,2.3091413046e+00,7.7002019228e-03,2.1702684741e-03,4.6649190416e+02,18.0000,27.0000,4294.125
4.52000000e+00,5.0507120306e+08,2.4576522805e+12,2.2747773303e+05,1.4849032731e+02,2.0000000000e+02,-2.1490592909e-01,3.0516008066e+00,7.5333506302e-03,2.2296116626e-03,4.7033075501e+02,18.0000,27.0000,4304.062
4.53000000e+00,5.0524420740e+08,2.4293190121e+12,2.2683350945e+05,1.4848081436e+02,2.0000000000e+02,-3.6682664892e-01,3.4158434080e+00,6.3644568302e-03,9.9065102268e-04,4.7282486074e+02,18.0000,27.0000,4313.847
4.54000000e+00,5.0498637908e+08,2.4474545410e+12,2.2604749474e+05,1.4846753133e+02,2.0000000000e+02,-4.6154472686e-01,3.4062516057e+00,5.8506349477e-03,7.1459629475e-05,4.7494342612e+02,18.0000,27.0000,4323.414
4.55000000e+00,5.0471009746e+08,2.4666127105e+12,2.2531850968e+05,1.4847074969e+02,2.0000000000e+02,-4.5267567694e-01,3.0355638723e+00,6.5050129646e-03,-1.6510595982e-03,4.7561109872e+02,18.0000,27.0000,4333.466
4.56000000e+00,5.0441475256e+08,2.4520971198e+12,2.2463957532e+05,1.4846604338e+02,2.0000000000e+02,-3.6489364947e-01,2.3403117291e+00,6.1939326953e-03,-1.5354990303e-03,4.7445873653e+02,18.0000,27.0000,4342.690
4.57000000e+00,5.0425186455e+08,2.4266846327e+12,2.2417844169e+05,1.4847675417e+02,2.0000000000e+02,-2.1246800823e-01,1.3996664240e+00,7.3081391820e-03,-1.0377097423e-03,4.7184909132e+02,18.0000,27.0000,4352.682
4.58000000e+00,5.0436940907e+08,2.4207681751e+12,2.2380968324e+05,1.4848565737e+02,2.0000000000e+02,-7.6835375395e-02,3.0678706517e-01,7.9246971678e-03,-1.6773424300e-03,4.6823339877e+02,18.0000,27.0000,4362.713
4.59000000e+00,5.0454313882e+08,2.4968368964e+12,2.2353372307e+05,1.4848324727e+02,2.0000000000e+02,-1.2238025880e-02,-8.3569449086e-01,8.2801642623e-03,-2.6520740741e-03,4.6449524318e+02,18.0000,27.0000,4371.912
4.60000000e+00,5.0490342568e+08,2.5752494371e+12,2.2340463704e+05,1.4849298629e+02,2.0000000000e+02,-4.2533365822e-02,-1.8765371185e+00,9.0700349604e-03,-2.2230853988e-03,4.6419455410e+02,18.0000,13.0000,4381.684
4.61000000e+00,5.0529575884e+08,2.4821625814e+12,2.2334645128e+05,1.4848893007e+02,2.0000000000e+02,-1.7809274878e-01,-2.6499076821e+00,8.6935116354e-03,-1.2582986027e-03,4.6783557871e+02,18.0000,13.0000,4391.376
4.62000000e+00,5.0526040810e+08,2.5512739004e+12,2.2346765437e+05,1.4847902584e+02,2.0000000000e+02,-3.3019229047e-01,-3.0492983791e+00,7.9452386948e-03,-1.2620320493e-03,4.6942703795e+02,18.0000,13.0000,4401.224
4.63000000e+00,5.0495899836e+08,2.5890674441e+12,2.2382554492e+05,1.4846984422e+02,2.0000000000e+02,-4.3600798693e-01,-3.0813608850e+00,6.9497525423e-03,-1.9990514650e-03,4.7123954205e+02,18.0000,13.0000,4411.107
4.64000000e+00,5.0450147457e+08,2.5605552763e+12,2.2449259912e+05,1.4846986033e+02,2.0000000000e+02,-4.3909064023e-01,-2.7317943533e+00,7.0508256788e-03,8.2139541495e-05,4.7150721294e+02,18.0000,13.0000,4420.644
4.65000000e+00,5.0419119272e+08,2.5091698922e+12,2.2531513414e+05,1.4847829447e+02,2.0000000000e+02,-3.5344925536e-01,-2.0509254329e+00,6.8982890293e-03,1.4316625536e-03,4.7109848348e+02,18.0000,13.0000,4430.607
4.66000000e+00,5.0393590452e+08,2.5058802702e+12,2.2619985382e+05,1.4848365678e+02,2.0000000000e+02,-2.1568427635e-01,-1.1189694309e+00,6.9965320109e-03,2.6836299367e-03,4.6901843457e+02,18.0000,13.0000,4440.664
4.67000000e+00,5.0394255541e+08,2.4702036533e+12,2.2703398440e+05,1.4849431870e+02,2.0000000000e+02,-7.8729036670e-02,-3.0780343474e-02,7.8938125648e-03,2.1186875541e-03,4.6608282058e+02,18.0000,13.0000,4450.259
4.68000000e+00,5.0422138636e+08,2.4707157956e+12,2.2759665302e+05,1.4849842905e+02,2.0000000000e+02,-1.6251633502e-02,1.1146102444e+00,8.3704127523e-03,2.9275489048e-03,4.6272924253e+02,18.0000,27.0000,4460.356
4.69000000e+00,5.0454404199e+08,2.5047373614e+12,2.2775605980e+05,1.4849626777e+02,2.0000000000e+02,-6.3233185936e-02,2.1668986227e+00,7.8459215823e-03,2.5213963331e-03,4.6621736277e+02,18.0000,27.0000,4472.311
4.70000000e+00,5.0490890262e+08,2.5029631534e+12,2.2752892109e+05,1.4849110037e+02,2.0000000000e+02,-1.8846968780e-01,2.9573412788e+00,7.6931442931e-03,1.7737294016e-03,4.6927605785e+02,18.0000,27.0000,4482.254
4.71000000e+00,5.0515986838e+08,2.4593382457e+12,2.2692566641e+05,1.4848664480e+02,2.0000000000e+02,-3.4425698481e-01,3.3873311130e+00,6.8486904529e-03,9.1622159595e-04,4.7310211697e+02,18.0000,27.0000,4492.566
4.72000000e+00,5.0495348293e+08,2.4510135473e+12,2.2613637139e+05,1.4847045993e+02,2.0000000000e+02,-4.6048184157e-01,3.4446164203e+00,5.9598276006e-03,-2.2974348968e-04,4.7438756464e+02,18.0000,27.0000,4502.723
4.73000000e+00,5.0464156873e+08,2.4663346615e+12,2.2540743827e+05,1.4847125301e+02,2.0000000000e+02,-4.6698821310e-01,3.1232495362e+00,6.6082402655e-03,-1.4391516036e-03,4.7484837588e+02,18.0000,27.0000,4512.512
4.74000000e+00,5.0436326798e+08,2.4824582832e+12,2.2471233261e+05,1.4846711956e+02,2.0000000000e+02,-3.8826776887e-01,2.4632430961e+00,6.3380192586e-03,-7.2373060942e-04,4.7402287138e+02,18.0000,27.0000,4522.538
4.75000000e+00,5.0415729560e+08,2.4663676971e+12,2.2422927513e+05,1.4847919526e+02,2.0000000000e+02,-2.3337113176e-01,1.5339457740e+00,7.3954465413e-03,-1.1259856197e-03,4.7173217682e+02,18.0000,27.0000,4532.515
4.76000000e+00,5.0427498676e+08,2.4681384107e+12,2.2385583347e+05,1.4848853603e+02,2.0000000000e+02,-8.8233361883e-02,4.3695888674e-01,7.9597644939e-03,-1.9017577011e-03,4.6871199842e+02,18.0000,27.0000,4542.323
4.77000000e+00,5.0445881707e+08,2.5166705780e+12,2.2355784168e+05,1.4848702651e+02,2.0000000000e+02,-1.5220998051e-02,-7.2075641469e-01,8.0779063715e-03,-2.7560980192e-03,4.6493411760e+02,18.0000,27.0000,4552.873
4.78000000e+00,5.0479806982e+08,2.5940235330e+12,2.2341869986e+05,1.4849566890e+02,2.0000000000e+02,-3.5811175854e-02,-1.7830454126e+00,9.0932172660e-03,-1.8151525732e-03,4.6300455625e+02,18.0000,13.0000,4562.794
4.79000000e+00,5.0523086246e+08,2.5167852095e+12,2.2335523000e+05,1.4849116170e+02,2.0000000000e+02,-1.5966168139e-01,-2.5735372121e+00,9.1447005047e-03,-1.2502801529e-03,4.6725959314e+02,18.0000,13.0000,4572.457
4.80000000e+00,5.0525991006e+08,2.5281439712e+12,2.2344328000e+05,1.4848066175e+02,2.0000000000e+02,-3.0976212580e-01,-3.0002142145e+00,7.5738812668e-03,-1.3598716090e-03,4.6944320423e+02,18.0000,13.0000,4582.418
4.81000000e+00,5.0502723947e+08,2.5659071555e+12,2.2377479410e+05,1.4847074932e+02,2.0000000000e+02,-4.2007402469e-01,-3.0709301523e+00,6.5927060831e-03,-1.3703384431e-03,4.7092427993e+02,18.0000,13.0000,4592.084
4.82000000e+00,5.0458493321e+08,2.5339557111e+12,2.2441035570e+05,1.4846947113e+02,2.0000000000e+02,-4.3789396452e-01,-2.7734226727e+00,6.7634700757e-03,8.0736562419e-04,4.7183483343e+02,18.0000,13.0000,4602.079
4.83000000e+00,5.0427818283e+08,2.4778814147e+12,2.2521782956e+05,1.4847785683e+02,2.0000000000e+02,-3.6666183690e-01,-2.1418753241e+00,6.9454653022e-03,1.5277158580e-03,4.7128521258e+02,18.0000,13.0000,4611.877
4.84000000e+00,5.0400973220e+08,2.4927349496e+12,2.2609228361e+05,1.4847768752e+02,2.0000000000e+02,-2.3877893561e-01,-1.2481974701e+00,7.0109951752e-03,2.3190549494e-03,4.6916115221e+02,18.0000,13.0000,4621.107
4.85000000e+00,5.0396822657e+08,2.5019482248e+12,2.2694201507e+05,1.4848797758e+02,2.0000000000e+02,-9.9410946890e-02,-1.8532070350e-01,7.9801568353e-03,1.9962197629e-03,4.6623881225e+02,18.0000,13.0000,4630.942
4.86000000e+00,5.0420497320e+08,2.5002798573e+12,2.2754936318e+05,1.4849520841e+02,2.0000000000e+02,-2.0857858068e-02,9.6557078483e-01,8.6334719925e-03,2.7626692182e-03,4.6281006497e+02,18.0000,13.0000,4641.312
4.87000000e+00,5.0454178833e+08,2.5084682750e+12,2.2777093362e+05,1.4849671517e+02,2.0000000000e+02,-5.0447796937e-02,2.0533521204e+00,8.3805218274e-03,2.5916629449e-03,4.6602510463e+02,18.0000,27.0000,4650.575
4.88000000e+00,5.0494469533e+08,2.5295265407e+12,2.2759023625e+05,1.4849150079e+02,2.0000000000e+02,-1.7091561104e-01,2.9039496658e+00,8.1167162616e-03,1.8580288018e-03,4.6925940699e+02,18.0000,27.0000,4660.449
4.89000000e+00,5.0520963460e+08,2.5347348852e+12,2.2702494715e+05,1.4848771203e+02,2.0000000000e+02,-3.3233243404e-01,3.3829691438e+00,7.4655547455e-03,1.3699948743e-03,4.7235510668e+02,18.0000,27.0000,4670.025
4.90000000e+00,5.0501882826e+08,2.4737007094e+12,2.2624340956e+05,1.4847184259e+02,2.0000000000e+02,-4.5840119360e-01,3.4814232831e+00,6.3050511647e-03,3.0680385646e-04,4.7436893022e+02,18.0000,27.0000,4680.125
4.91000000e+00,5.0468334400e+08,2.4855225227e+12,2.2550609908e+05,1.4847227714e+02,2.0000000000e+02,-4.7239617401e-01,3.1900968337e+00,6.7154713212e-03,-1.1221731765e-03,4.7478209820e+02,18.0000,27.0000,4690.150
4.92000000e+00,5.0439769415e+08,2.4816960123e+12,2.2479777379e+05,1.4846927895e+02,2.0000000000e+02,-3.9868200432e-01,2.5552398124e+00,6.5001193011e-03,-3.9023079635e-04,4.7403690425e+02,18.0000,27.0000,4699.658
4.93000000e+00,5.0413393725e+08,2.4954327982e+12,2.2428394729e+05,1.4848100691e+02,2.0000000000e+02,-2.4833903870e-01,1.6515595654e+00,7.3282961571e-03,-1.6704468548e-03,4.7165788163e+02,18.0000,27.0000,4709.756
4.94000000e+00,5.0420414850e+08,2.4846488917e+12,2.2390255005e+05,1.4848878374e+02,2.0000000000e+02,-9.9825076399e-02,5.8039784535e-01,7.8323995415e-03,-2.1646289154e-03,4.6898853607e+02,18.0000,27.0000,4719.782
4.95000000e+00,5.0436775753e+08,2.5254309325e+12,2.2359107489e+05,1.4849119888e+02,2.0000000000e+02,-2.0020550782e-02,-5.6667590829e-01,7.7499384941e-03,-2.6186929132e-03,4.6519543375e+02,18.0000,27.0000,4729.236
4.96000000e+00,5.0464259058e+08,2.5441824400e+12,2.2343838014e+05,1.4849694492e+02,2.0000000000e+02,-2.8250269320e-02,-1.6368808908e+00,8.7265471962e-03,-1.2323864589e-03,4.6273454735e+02,18.0000,13.0000,4739.069
4.97000000e+00,5.0504054156e+08,2.5305578162e+12,2.2336763702e+05,1.4849682323e+02,2.0000000000e+02,-1.3258689493e-01,-2.4628306682e+00,9.0060866068e-03,-9.8313912451e-04,4.6564768460e+02,18.0000,13.0000,4748.918
4.98000000e+00,5.0515475322e+08,2.5140451188e+12,2.2341729582e+05,1.4848041646e+02,2.0000000000e+02,-2.8504839229e-01,-2.9448600159e+00,7.2198948485e-03,-1.5927842985e-03,4.6896598902e+02,18.0000,13.0000,4758.433
4.99000000e+00,5.0502121156e+08,2.5113596747e+12,2.2372264078e+05,1.4847355570e+02,2.0000000000e+02,-4.0885175788e-01,-3.0824210761e+00,6.1882075024e-03,-4.1462172509e-04,4.7072300276e+02,18.0000,13.0000,4768.395
5.00000000e+00,5.0458558891e+08,2.5246626693e+12,2.2431344662e+05,1.4846784860e+02,2.0000000000e+02,-4.4763054341e-01,-2.8436129150e+00,6.3686702436e-03,1.2334466104e-03,4.7193597021e+02,18.0000,13.0000,4777.984
5.01000000e+00,5.0425505008e+08,2.4869475863e+12,2.2510931298e+05,1.4847734602e+02,2.0000000000e+02,-3.8493482725e-01,-2.2521557549e+00,7.0975572600e-03,1.0423711109e-03,4.7125675068e+02,18.0000,13.0000,4787.789
5.02000000e+00,5.0399375364e+08,2.5002629346e+12,2.2597733384e+05,1.4847588112e+02,2.0000000000e+02,-2.6134188476e-01,-1.3782097116e+00,7.2288571532e-03,1.5325844861e-03,4.6962876416e+02,18.0000,13.0000,4797.903
5.03000000e+00,5.0390944554e+08,2.5133198125e+12,2.2684579794e+05,1.4848714625e+02,2.0000000000e+02,-1.1676041941e-01,-3.2358164848e-01,8.1254186399e-03,1.9474752627e-03,4.6619971800e+02,18.0000,13.0000,4807.208
5.04000000e+00,5.0412521615e+08,2.5351270222e+12,2.2749772273e+05,1.4849193859e+02,2.0000000000e+02,-2.3493388275e-02,8.3523955903e-01,8.7776156152e-03,2.5949160081e-03,4.6298018628e+02,18.0000,13.0000,4817.147
5.05000000e+00,5.0448420917e+08,2.5531827358e+12,2.2776253406e+05,1.4849565859e+02,2.0000000000e+02,-3.9708070478e-02,1.9382798646e+00,8.5614444087e-03,2.3598932054e-03,4.6579729674e+02,18.0000,27.0000,4827.359
5.06000000e+00,5.0488173067e+08,2.5267618291e+12,2.2763644929e+05,1.4849177634e+02,2.0000000000e+02,-1.5484511752e-01,2.8205837190e+00,8.5844199603e-03,2.5325799963e-03,4.7022945021e+02,18.0000,27.0000,4836.613
5.07000000e+00,5.0516635297e+08,2.5744062287e+12,2.2711384932e+05,1.4848473306e+02,2.0000000000e+02,-3.1016509266e-01,3.3299656085e+00,8.2943619179e-03,1.3645018972e-03,4.7233657171e+02,18.0000,27.0000,4846.512
5.08000000e+00,5.0504072575e+08,2.5525549322e+12,2.2634720623e+05,1.4847274023e+02,2.0000000000e+02,-4.3986832603e-01,3.4663260055e+00,7.1288814218e-03,8.4411287756e-04,4.7425688567e+02,18.0000,27.0000,4855.956
5.09000000e+00,5.0471327897e+08,2.5247120459e+12,2.2560268498e+05,1.4847235985e+02,2.0000000000e+02,-4.6795409784e-01,3.2237752731e+00,7.2188085112e-03,-5.0478961104e-04,4.7470382581e+02,18.0000,27.0000,4865.786
5.10000000e+00,5.0443740094e+08,2.5021229093e+12,2.2488399964e+05,1.4847013524e+02,2.0000000000e+02,-4.0926888658e-01,2.6417358619e+00,6.8695645052e-03,-6.7726344007e-05,4.7333518468e+02,17.0000,26.5000,4876.031
5.11000000e+00,5.0414131209e+08,2.5436891751e+12,2.2433753229e+05,1.4848156036e+02,2.0000000000e+02,-2.7124368337e-01,1.7877355680e+00,7.3506228517e-03,-1.6923418706e-03,4.7127781254e+02,18.0000,27.0000,4885.540
5.12000000e+00,5.0418825890e+08,2.5151134385e+12,2.2394451443e+05,1.4849084449e+02,2.0000000000e+02,-1.1907373687e-01,7.4588956261e-01,7.8217618972e-03,-2.3299989368e-03,4.6884039558e+02,18.0000,27.0000,4895.451
5.13000000e+00,5.0436009199e+08,2.5114031502e+12,2.2362310324e+05,1.4849151317e+02,2.0000000000e+02,-2.4806356234e-02,-3.9582160619e-01,7.5255642961e-03,-2.1512041790e-03,4.6610008306e+02,18.0000,27.0000,4905.782
5.14000000e+00,5.0461420061e+08,2.5136432147e+12,2.2345160533e+05,1.4849891282e+02,2.0000000000e+02,-1.9282509886e-02,-1.4973631146e+00,8.1611916531e-03,-1.2962967316e-03,4.6230909729e+02,18.0000,13.0000,4915.241
5.15000000e+00,5.0500185567e+08,2.4869456558e+12,2.2336521834e+05,1.4849822167e+02,2.0000000000e+02,-1.1458532117e-01,-2.3817004424e+00,8.3074291303e-03,-1.4119546510e-03,4.6503638109e+02,18.0000,13.0000,4925.079
5.16000000e+00,5.0518239096e+08,2.5191022885e+12,2.2338465094e+05,1.4848188168e+02,2.0000000000e+02,-2.6782701702e-01,-2.9217410595e+00,7.0363689449e-03,-2.1511088349e-03,4.6804865548e+02,18.0000,13.0000,4935.389
5.17000000e+00,5.0507027447e+08,2.4991375908e+12,2.2365386661e+05,1.4847449615e+02,2.0000000000e+02,-4.0220002968e-01,-3.1087244874e+00,6.2760311490e-03,-3.8109747946e-04,4.7087263340e+02,18.0000,13.0000,4944.820
5.18000000e+00,5.0460650754e+08,2.5237395906e+12,2.2420792893e+05,1.4846639400e+02,2.0000000000e+02,-4.5276864021e-01,-2.9110952446e+00,6.4375056542e-03,1.3114624349e-03,4.7199942810e+02,18.0000,13.0000,4954.656
5.19000000e+00,5.0421571947e+08,2.5411478187e+12,2.2498982720e+05,1.4847314675e+02,2.0000000000e+02,-3.9667077678e-01,-2.3491026896e+00,7.2031726523e-03,6.4022790294e-04,4.7125933634e+02,18.0000,13.0000,4964.207
5.20000000e+00,5.0391457950e+08,2.5311425187e+12,2.2585266472e+05,1.4847710406e+02,2.0000000000e+02,-2.7646356335e-01,-1.5008007032e+00,7.2639639784e-03,9.1088300459e-04,4.6968236644e+02,18.0000,13.0000,4974.042
5.21000000e+00,5.0377378583e+08,2.5484318465e+12,2.2673434561e+05,1.4848882398e+02,2.0000000000e+02,-1.3173278923e-01,-4.6923511231e-01,7.9073053023e-03,1.7252787800e-03,4.6613806080e+02,18.0000,13.0000,4983.945
5.22000000e+00,5.0395481361e+08,2.5511811074e+12,2.2742490072e+05,1.4849447162e+02,2.0000000000e+02,-3.1087850274e-02,6.7501169701e-01,8.4912741352e-03,2.4569767534e-03,4.6282228758e+02,18.0000,13.0000,4993.443
5.23000000e+00,5.0430409410e+08,2.5613479918e+12,2.2773553135e+05,1.4849860746e+02,2.0000000000e+02,-3.3401162656e-02,1.7854693017e+00,8.4749453649e-03,1.7254287554e-03,4.6502597611e+02,18.0000,27.0000,5003.570
5.24000000e+00,5.0467503109e+08,2.5782479642e+12,2.2767516715e+05,1.4849555320e+02,2.0000000000e+02,-1.3464541519e-01,2.7024595131e+00,9.0181627940e-03,2.2223628191e-03,4.6932196322e+02,18.0000,27.0000,5013.692
5.25000000e+00,5.0498140788e+08,2.6121770690e+12,2.2720326581e+05,1.4848552042e+02,2.0000000000e+02,-2.8814082160e-01,3.2713967890e+00,8.7795054346e-03,1.0575230580e-03,4.7239622785e+02,18.0000,27.0000,5022.924
5.26000000e+00,5.0494984319e+08,2.6300433153e+12,2.2645436334e+05,1.4847286660e+02,2.0000000000e+02,-4.2771262064e-01,3.4698663146e+00,7.6708282988e-03,1.4408212478e-03,4.7351921351e+02,18.0000,27.0000,5032.862
5.27000000e+00,5.0463571454e+08,2.5961557160e+12,2.2570132968e+05,1.4847108318e+02,2.0000000000e+02,-4.7468728114e-01,3.2897463840e+00,7.6151515880e-03,7.9629727677e-04,4.7438449131e+02,18.0000,27.0000,5042.439
5.28000000e+00,5.0438724680e+08,2.5724224884e+12,2.2497612344e+05,1.4847042648e+02,2.0000000000e+02,-4.2855779207e-01,2.7572570972e+00,7.1614981036e-03,-1.7024394711e-05,4.7336570976e+02,18.0000,27.0000,5052.349
5.29000000e+00,5.0408282577e+08,2.5580569857e+12,2.2439477366e+05,1.4847890498e+02,2.0000000000e+02,-2.9893283455e-01,1.9319584101e+00,7.1553203887e-03,-1.6268220366e-03,4.7184105687e+02,18.0000,27.0000,5062.297
5.30000000e+00,5.0411479301e+08,2.5225806764e+12,2.2399385771e+05,1.4849148682e+02,2.0000000000e+02,-1.3819162907e-01,8.9450777573e-01,7.8187874916e-03,-2.7115808389e-03,4.6914518093e+02,18.0000,27.0000,5071.787
5.31000000e+00,5.0430915561e+08,2.5116626021e+12,2.2365974812e+05,1.4849287555e+02,2.0000000000e+02,-3.1275409119e-02,-2.5361883633e-01,7.5405640563e-03,-1.7743204957e-03,4.6619605120e+02,18.0000,27.0000,5081.788
5.32000000e+00,5.0455688055e+08,2.4879015394e+12,2.2346365207e+05,1.4849632584e+02,2.0000000000e+02,-1.3011114895e-02,-1.3723153011e+00,7.8057179046e-03,-1.7031381154e-03,4.6285921730e+02,18.0000,27.0000,5091.849
5.33000000e+00,5.0496589654e+08,2.4340360150e+12,2.2337098715e+05,1.4849644332e+02,2.0000000000e+02,-9.8566200690e-02,-2.2906492491e+00,7.9056978011e-03,-2.1668783140e-03,4.6578116399e+02,18.0000,13.0000,5101.316
5.34000000e+00,5.0521407791e+08,2.5211207378e+12,2.2335863318e+05,1.4848223713e+02,2.0000000000e+02,-2.4772337635e-01,-2.8688002845e+00,6.8897131558e-03,-2.0463379975e-03,4.6829813530e+02,18.0000,13.0000,5111.349
5.35000000e+00,5.0514497184e+08,2.5025517443e+12,2.2360753098e+05,1.4847365590e+02,2.0000000000e+02,-3.8523056253e-01,-3.0931824008e+00,6.7411758093e-03,-2.7215205992e-04,4.7128480373e+02,18.0000,13.0000,5121.356
5.36000000e+00,5.0470396176e+08,2.5269914028e+12,2.2412167244e+05,1.4846628117e+02,2.0000000000e+02,-4.4750156219e-01,-2.9443571033e+00,6.5871371365e-03,1.4396107368e-03,4.7186681609e+02,18.0000,13.0000,5130.901
5.37000000e+00,5.0429570808e+08,2.5741675123e+12,2.2488162247e+05,1.4847038350e+02,2.0000000000e+02,-4.0646564359e-01,-2.4322976497e+00,7.2210862585e-03,1.5364393544e-04,4.7095546243e+02,18.0000,13.0000,5140.940
5.38000000e+00,5.0397966536e+08,2.5568602679e+12,2.2573484723e+05,1.4847822966e+02,2.0000000000e+02,-2.9552354038e-01,-1.6308896929e+00,7.1962500340e-03,6.8694527634e-04,4.6948206153e+02,18.0000,13.0000,5151.098
5.39000000e+00,5.0380476409e+08,2.5454140695e+12,2.2662009838e+05,1.4848848130e+02,2.0000000000e+02,-1.5273815830e-01,-6.3388774728e-01,7.5176491828e-03,1.2781676986e-03,4.6676035015e+02,18.0000,13.0000,5160.606
5.40000000e+00,5.0394794674e+08,2.5507224027e+12,2.2734908115e+05,1.4849810397e+02,2.0000000000e+02,-4.1226525399e-02,5.0142660107e-01,8.0075860245e-03,2.1531917380e-03,4.6337376484e+02,18.0000,13.0000,5170.675
5.41000000e+00,5.0428296468e+08,2.5323836572e+12,2.2772139169e+05,1.4850175326e+02,2.0000000000e+02,-2.8411706949e-02,1.6378062956e+00,8.1607600953e-03,1.1973333559e-03,4.6446267678e+02,18.0000,27.0000,5180.131
5.42000000e+00,5.0464427676e+08,2.6022951028e+12,2.2772306925e+05,1.4850048967e+02,2.0000000000e+02,-1.1606575102e-01,2.6032995590e+00,8.9817591780e-03,1.6249954787e-03,4.6730831317e+02,18.0000,27.0000,5190.410
5.43000000e+00,5.0497166965e+08,2.5964623612e+12,2.2729653620e+05,1.4848769057e+02,2.0000000000e+02,-2.7133051887e-01,3.2377946285e+00,8.5076352301e-03,1.4779263000e-03,4.7107421207e+02,18.0000,27.0000,5200.557
5.44000000e+00,5.0498589469e+08,2.6262460021e+12,2.2656766622e+05,1.4847295843e+02,2.0000000000e+02,-4.2068946034e-01,3.4903766510e+00,7.4908868246e-03,1.8005100190e-03,4.7341343140e+02,18.0000,27.0000,5209.961
5.45000000e+00,5.0467043041e+08,2.6050260891e+12,2.2580609555e+05,1.4847002344e+02,2.0000000000e+02,-4.8006549040e-01,3.3546244292e+00,7.4531148979e-03,1.2792443743e-03,4.7444168918e+02,18.0000,27.0000,5220.061
5.46000000e+00,5.0441382964e+08,2.5846329781e+12,2.2507551867e+05,1.4847125743e+02,2.0000000000e+02,-4.4100789324e-01,2.8574033448e+00,7.2024887137e-03,-2.2198429262e-04,4.7418614822e+02,18.0000,27.0000,5230.208
5.47000000e+00,5.0408675841e+08,2.5435425323e+12,2.2446157197e+05,1.4847717735e+02,2.0000000000e+02,-3.1791373344e-01,2.0521172726e+00,6.9058747680e-03,-1.5070767030e-03,4.7279284613e+02,18.0000,27.0000,5239.735
5.48000000e+00,5.0405900128e+08,2.5150232054e+12,2.2404689798e+05,1.4848908183e+02,2.0000000000e+02,-1.5484673649e-01,1.0366264034e+00,7.7674813330e-03,-2.4980783509e-03,4.6983570149e+02,18.0000,27.0000,5249.972
5.49000000e+00,5.0424273273e+08,2.4789269714e+12,2.2370011332e+05,1.4848999960e+02,2.0000000000e+02,-4.0710652874e-02,-9.9754130359e-02,7.6881829128e-03,-1.8656767340e-03,4.6613830339e+02,18.0000,27.0000,5259.609
5.50000000e+00,5.0446343111e+08,2.5019523545e+12,2.2347895379e+05,1.4849230401e+02,2.0000000000e+02,-9.9626154631e-03,-1.2174133104e+00,7.8708955900e-03,-2.1202608307e-03,4.6277623682e+02,18.0000,27.0000,5269.640
5.51000000e+00,5.0486316894e+08,2.4510864483e+12,2.2338147445e+05,1.4849653758e+02,2.0000000000e+02,-7.9466815499e-02,-2.1623579426e+00,7.9519932078e-03,-2.5192615824e-03,4.6490119656e+02,18.0000,13.0000,5279.881
5.52000000e+00,5.0515371239e+08,2.4711422317e+12,2.2334582080e+05,1.4848559054e+02,2.0000000000e+02,-2.2549140245e-01,-2.7976809573e+00,6.9826820206e-03,-1.4899137571e-03,4.6841229380e+02,18.0000,13.0000,5289.378
5.53000000e+00,5.0509752544e+08,2.5555763906e+12,2.2357145026e+05,1.4847242628e+02,2.0000000000e+02,-3.6708740763e-01,-3.0732131005e+00,7.6206152384e-03,-5.2118420067e-04,4.7091088476e+02,18.0000,13.0000,5299.379
5.54000000e+00,5.0471785784e+08,2.5767865942e+12,2.2403601749e+05,1.4846752551e+02,2.0000000000e+02,-4.4560866528e-01,-2.9886962606e+00,7.0290823482e-03,4.5611266069e-04,4.7142766293e+02,18.0000,13.0000,5309.861
5.55000000e+00,5.0428870413e+08,2.6093582575e+12,2.2477134444e+05,1.4846865570e+02,2.0000000000e+02,-4.2094481489e-01,-2.5289629530e+00,7.3062984767e-03,-3.0149035273e-04,4.7029673560e+02,18.0000,13.0000,5319.364
5.56000000e+00,5.0398288391e+08,2.5714757462e+12,2.2561412441e+05,1.4848007280e+02,2.0000000000e+02,-3.1712681895e-01,-1.7671962090e+00,6.9817354006e-03,5.0936328677e-04,4.6962546917e+02,18.0000,13.0000,5329.326
5.57000000e+00,5.0379664427e+08,2.5256408809e+12,2.2649970625e+05,1.4848886274e+02,2.0000000000e+02,-1.7360275928e-01,-7.8584467834e-01,7.0846679769e-03,9.7338777432e-04,4.6766827514e+02,18.0000,13.0000,5339.664
5.58000000e+00,5.0391427698e+08,2.5297187399e+12,2.2726969381e+05,1.4850002177e+02,2.0000000000e+02,-4.9143756532e-02,3.4470981783e-01,7.6722194096e-03,2.1296823007e-03,4.6479654743e+02,18.0000,13.0000,5349.095
5.59000000e+00,5.0425101348e+08,2.5196791367e+12,2.2770352954e+05,1.4850464082e+02,2.0000000000e+02,-2.0453214914e-02,1.4969796676e+00,7.8567371730e-03,1.6885971984e-03,4.6376376182e+02,18.0000,27.0000,5359.052
5.60000000e+00,5.0458447810e+08,2.5499860670e+12,2.2775464976e+05,1.4850259622e+02,2.0000000000e+02,-9.7453144284e-02,2.4944628491e+00,8.4758105333e-03,1.6872291638e-03,4.6653754632e+02,18.0000,27.0000,5369.524
5.61000000e+00,5.0493465076e+08,2.5584014294e+12,2.2738198367e+05,1.4848671935e+02,2.0000000000e+02,-2.4909408483e-01,3.1743562565e+00,8.0196326654e-03,2.0621556976e-03,4.6984662318e+02,18.0000,27.0000,5378.997
5.62000000e+00,5.0499868559e+08,2.5712284794e+12,2.2668097062e+05,1.4847372031e+02,2.0000000000e+02,-4.0275311041e-01,3.4697651888e+00,6.9810268623e-03,1.7541739750e-03,4.7282978680e+02,18.0000,27.0000,5389.140
5.63000000e+00,5.0469747295e+08,2.5962515962e+12,2.2590990889e+05,1.4846890847e+02,2.0000000000e+02,-4.7366232373e-01,3.3818030686e+00,7.0032247183e-03,1.2138659022e-03,4.7466855775e+02,18.0000,27.0000,5399.473
5.64000000e+00,5.0445114276e+08,2.5678235143e+12,2.2517563885e+05,1.4847188159e+02,2.0000000000e+02,-4.4719791535e-01,2.9385343786e+00,7.0603551798e-03,-7.2361835352e-04,4.7497428402e+02,18.0000,27.0000,5408.999
5.65000000e+00,5.0413413692e+08,2.5222651436e+12,2.2452917047e+05,1.4847243084e+02,2.0000000000e+02,-3.3915010392e-01,2.1786711962e+00,6.5351972712e-03,-1.6958339172e-03,4.7361569132e+02,18.0000,27.0000,5419.172
5.66000000e+00,5.0405989848e+08,2.4937778581e+12,2.2409684328e+05,1.4848241591e+02,2.0000000000e+02,-1.7924559739e-01,1.1962402286e+00,7.5214700511e-03,-1.8789347588e-03,4.7081966324e+02,18.0000,27.0000,5429.058
5.67000000e+00,5.0423147362e+08,2.4843227520e+12,2.2373958389e+05,1.4848740861e+02,2.0000000000e+02,-5.5068161040e-02,7.8033835777e-02,7.7616356762e-03,-1.7658939661e-03,4.6705232050e+02,18.0000,27.0000,5439.061
5.68000000e+00,5.0444096481e+08,2.5038872126e+12,2.2349865079e+05,1.4849061052e+02,2.0000000000e+02,-1.0829728870e-02,-1.0545482412e+00,8.1919910712e-03,-2.5151473721e-03,4.6322393075e+02,18.0000,27.0000,5449.188
5.69000000e+00,5.0483648525e+08,2.4891465701e+12,2.2338718219e+05,1.4849807778e+02,2.0000000000e+02,-6.1712234274e-02,-2.0431931243e+00,8.4582445543e-03,-2.4714198712e-03,4.6432274275e+02,18.0000,13.0000,5458.613
5.70000000e+00,5.0517103243e+08,2.4781050550e+12,2.2333725233e+05,1.4848862571e+02,2.0000000000e+02,-2.0598057426e-01,-2.7469393412e+00,7.5475235456e-03,-1.3722926776e-03,4.6757734131e+02,18.0000,13.0000,5468.789
5.71000000e+00,5.0510630369e+08,2.5964948831e+12,2.2352090987e+05,1.4847455772e+02,2.0000000000e+02,-3.5412982329e-01,-3.0761172223e+00,7.9621022173e-03,-9.1058651343e-04,4.7026383884e+02,18.0000,13.0000,5479.177
5.72000000e+00,5.0474207692e+08,2.6171334460e+12,2.2393822950e+05,1.4846895434e+02,2.0000000000e+02,-4.4487704633e-01,-3.0400780602e+00,7.1660408480e-03,-8.8116767486e-04,4.7128313112e+02,18.0000,13.0000,5488.656
5.73000000e+00,5.0428638372e+08,2.6311439294e+12,2.2464781097e+05,1.4847079225e+02,2.0000000000e+02,-4.3048733466e-01,-2.6230023347e+00,7.3014649722e-03,-3.5646170978e-04,4.7048395898e+02,18.0000,13.0000,5498.890
5.74000000e+00,5.0398095317e+08,2.5913012028e+12,2.2548383029e+05,1.4848118968e+02,2.0000000000e+02,-3.3366282025e-01,-1.8950438621e+00,6.8035445552e-03,7.1427993692e-04,4.7011375814e+02,18.0000,13.0000,5509.230
5.75000000e+00,5.0376368126e+08,2.5124710520e+12,2.2637275837e+05,1.4848823939e+02,2.0000000000e+02,-1.9228106475e-01,-9.3043743706e-01,6.9204598467e-03,1.8619125770e-03,4.6829373456e+02,18.0000,13.0000,5518.637
5.76000000e+00,5.0383587426e+08,2.4861990097e+12,2.2717429809e+05,1.4849859509e+02,2.0000000000e+02,-6.1789555873e-02,1.8230818218e-01,7.6689667109e-03,2.1729261005e-03,4.6573844398e+02,18.0000,13.0000,5528.750
5.77000000e+00,5.0415312346e+08,2.4943718811e+12,2.2766425798e+05,1.4850180365e+02,2.0000000000e+02,-1.6900612178e-02,1.3289023739e+00,7.8970666533e-03,2.3033683761e-03,4.6303247719e+02,18.0000,27.0000,5538.242
5.78000000e+00,5.0446514771e+08,2.5032922755e+12,2.2776329231e+05,1.4850076141e+02,2.0000000000e+02,-8.0174161188e-02,2.3516483376e+00,7.8661083617e-03,1.8323226289e-03,4.6658809219e+02,18.0000,27.0000,5548.262
5.79000000e+00,5.0483838221e+08,2.5233565855e+12,2.2745743395e+05,1.4849139593e+02,2.0000000000e+02,-2.2267120315e-01,3.0823796133e+00,7.6545254646e-03,2.1685004795e-03,4.6999724316e+02,18.0000,27.0000,5558.803
5.80000000e+00,5.0498803242e+08,2.4944200826e+12,2.2679192925e+05,1.4847944492e+02,2.0000000000e+02,-3.7945727536e-01,3.4406538741e+00,6.4023036501e-03,1.1036524051e-03,4.7222560973e+02,18.0000,27.0000,5568.327
5.81000000e+00,5.0471254117e+08,2.5258122561e+12,2.2600876875e+05,1.4846894601e+02,2.0000000000e+02,-4.7092420164e-01,3.4190974112e+00,6.1502803964e-03,3.3308311400e-04,4.7469286172e+02,18.0000,27.0000,5578.307
5.82000000e+00,5.0445027586e+08,2.5326277512e+12,2.2527780132e+05,1.4847276310e+02,2.0000000000e+02,-4.5958198563e-01,3.0346929248e+00,6.7239106648e-03,-1.1848313154e-03,4.7542882178e+02,18.0000,27.0000,5588.660
5.83000000e+00,5.0415986556e+08,2.5032471167e+12,2.2460088517e+05,1.4846639586e+02,2.0000000000e+02,-3.6619434431e-01,2.3183627655e+00,6.2049659730e-03,-1.5597921115e-03,4.7437103023e+02,18.0000,27.0000,5598.137
5.84000000e+00,5.0403553688e+08,2.4770619068e+12,2.2415305929e+05,1.4847847192e+02,2.0000000000e+02,-2.0633751907e-01,1.3558690350e+00,7.3730898052e-03,-1.1125729950e-03,4.7177824997e+02,18.0000,27.0000,5608.314
5.85000000e+00,5.0419492479e+08,2.4626296024e+12,2.2378385164e+05,1.4848592394e+02,2.0000000000e+02,-7.0226168685e-02,2.4105499893e-01,7.8811433748e-03,-1.8768132740e-03,4.6823165918e+02,18.0000,27.0000,5618.719
5.86000000e+00,5.0439386377e+08,2.5434946841e+12,2.2351878341e+05,1.4848574412e+02,2.0000000000e+02,-9.8935752716e-03,-9.0577784189e-01,8.3065067010e-03,-2.8638952876e-03,4.6425582667e+02,18.0000,27.0000,5628.412
5.87000000e+00,5.0478364511e+08,2.5898428579e+12,2.2339567712e+05,1.4849552877e+02,2.0000000000e+02,-4.6533738330e-02,-1.9313629797e+00,8.9822833306e-03,-2.5756669646e-03,4.6450408298e+02,18.0000,13.0000,5638.634
5.88000000e+00,5.0517967004e+08,2.5077245604e+12,2.2333783050e+05,1.4849124495e+02,2.0000000000e+02,-1.8578275392e-01,-2.6784401187e+00,8.3406198205e-03,-1.3098986194e-03,4.6784202827e+02,18.0000,13.0000,5648.903
5.89000000e+00,5.0513212336e+08,2.6071578418e+12,2.2347923925e+05,1.4847881317e+02,2.0000000000e+02,-3.3426490158e-01,-3.0496237700e+00,8.0237363435e-03,-1.1998300537e-03,4.6964468516e+02,18.0000,13.0000,5658.427
5.90000000e+00,5.0482240071e+08,2.6383460535e+12,2.2385467315e+05,1.4846987851e+02,2.0000000000e+02,-4.3456744383e-01,-3.0591275632e+00,7.1052563443e-03,-1.7374296511e-03,4.7122137254e+02,18.0000,13.0000,5668.434
5.91000000e+00,5.0436926031e+08,2.6271066559e+12,2.2453449515e+05,1.4847082271e+02,2.0000000000e+02,-4.3501168036e-01,-2.6976716784e+00,7.2219580066e-03,9.3358244049e-05,4.7103914534e+02,18.0000,13.0000,5678.737
5.92000000e+00,5.0406951263e+08,2.5618034837e+12,2.2535974137e+05,1.4847965323e+02,2.0000000000e+02,-3.5066899788e-01,-2.0157277299e+00,6.8391901870e-03,1.2627414674e-03,4.7059368917e+02,18.0000,13.0000,5688.211
5.93000000e+00,5.0382543474e+08,2.5265892870e+12,2.2624446350e+05,1.4848590712e+02,2.0000000000e+02,-2.1478117433e-01,-1.0852471641e+00,6.9313633904e-03,2.4380323447e-03,4.6863062115e+02,18.0000,13.0000,5698.356
5.94000000e+00,5.0384668045e+08,2.4864396152e+12,2.2707103888e+05,1.4849570033e+02,2.0000000000e+02,-7.8518562754e-02,5.2724349937e-03,7.8093832816e-03,1.9237004959e-03,4.6596779432e+02,18.0000,13.0000,5708.166
5.95000000e+00,5.0413313552e+08,2.4991804162e+12,2.2761978891e+05,1.4849928921e+02,2.0000000000e+02,-1.7445918198e-02,1.1566668090e+00,8.2605122132e-03,2.7624983592e-03,4.6233238580e+02,18.0000,27.0000,5718.075
5.96000000e+00,5.0445918562e+08,2.5387000848e+12,2.2778025927e+05,1.4849867798e+02,2.0000000000e+02,-6.5728998072e-02,2.2170659754e+00,8.0038539662e-03,2.3475520190e-03,4.6571491736e+02,18.0000,27.0000,5728.301
5.97000000e+00,5.0485474343e+08,2.5164374254e+12,2.2753268854e+05,1.4849306614e+02,2.0000000000e+02,-1.9907262310e-01,3.0069227196e+00,7.7144412238e-03,1.8591164809e-03,4.6901394625e+02,18.0000,27.0000,5737.715
5.98000000e+00,5.0506194880e+08,2.4762860935e+12,2.2690853000e+05,1.4848465200e+02,2.0000000000e+02,-3.6065352402e-01,3.4286150745e+00,6.6216134619e-03,1.0678555212e-03,4.7251664743e+02,18.0000,27.0000,5747.940
5.99000000e+00,5.0480591544e+08,2.5078989240e+12,2.2612212628e+05,1.4847103251e+02,2.0000000000e+02,-4.6956532514e-01,3.4661044293e+00,5.9893971840e-03,1.1351531835e-04,4.7410960999e+02,18.0000,27.0000,5758.193
6.00000000e+00,5.0450551500e+08,2.5255788363e+12,2.2538801891e+05,1.4847275799e+02,2.0000000000e+02,-4.6957314104e-01,3.1228428968e+00,6.6678749244e-03,-1.1716687055e-03,4.7517761561e+02,18.0000,27.0000,5767.582
6.01000000e+00,5.0422432192e+08,2.5177477637e+12,2.2468917641e+05,1.4846700131e+02,2.0000000000e+02,-3.8550394169e-01,2.4435467195e+00,6.2357618002e-03,-1.2158352228e-03,4.7441615972e+02,18.0000,27.0000,5777.650
6.02000000e+00,5.0403039350e+08,2.5003115808e+12,2.2421391729e+05,1.4848038569e+02,2.0000000000e+02,-2.2795157861e-01,1.5046462401e+00,7.3051167744e-03,-1.4082002892e-03,4.7177340170e+02,18.0000,27.0000,5787.417
6.03000000e+00,5.0415129328e+08,2.4889108200e+12,2.2383744182e+05,1.4848942006e+02,2.0000000000e+02,-8.5816599689e-02,4.0624917641e-01,7.8554096926e-03,-2.0902146948e-03,4.6848968793e+02,18.0000,27.0000,5797.423
6.04000000e+00,5.0432591849e+08,2.5344839411e+12,2.2354470774e+05,1.4848782920e+02,2.0000000000e+02,-1.4916258226e-02,-7.4125976413e-01,8.0775385891e-03,-2.9454705063e-03,4.6459767567e+02,18.0000,27.0000,5807.475
6.05000000e+00,5.0466421678e+08,2.6154312104e+12,2.2340954389e+05,1.4849648783e+02,2.0000000000e+02,-3.6749282386e-02,-1.7910677750e+00,9.0912114039e-03,-1.9553278804e-03,4.6328624910e+02,18.0000,13.0000,5816.946
6.06000000e+00,5.0507351445e+08,2.5402656335e+12,2.2335067176e+05,1.4849257787e+02,2.0000000000e+02,-1.6115459980e-01,-2.5761489699e+00,9.0944911133e-03,-9.4368304547e-04,4.6752652314e+02,18.0000,13.0000,5827.052
6.07000000e+00,5.0508863752e+08,2.5598481271e+12,2.2344822718e+05,1.4848217719e+02,2.0000000000e+02,-3.1168096247e-01,-3.0042132555e+00,7.6419859437e-03,-1.0819000661e-03,4.6930850369e+02,18.0000,13.0000,5837.538
6.08000000e+00,5.0486494446e+08,2.6044956550e+12,2.2378456659e+05,1.4847205436e+02,2.0000000000e+02,-4.2390902272e-01,-3.0752124523e+00,6.6485147911e-03,-1.3253783984e-03,4.7075509225e+02,18.0000,13.0000,5847.020
6.09000000e+00,5.0441795029e+08,2.5775842121e+12,2.2442184290e+05,1.4847000503e+02,2.0000000000e+02,-4.4359715115e-01,-2.7769172662e+00,6.8081126401e-03,6.9323674584e-04,4.7163999397e+02,18.0000,13.0000,5857.187
6.10000000e+00,5.0412285202e+08,2.5202692184e+12,2.2523659156e+05,1.4847863885e+02,2.0000000000e+02,-3.7058471092e-01,-2.1410900955e+00,7.0364240562e-03,1.4438048222e-03,4.7120253592e+02,18.0000,13.0000,5867.719
6.11000000e+00,5.0387522911e+08,2.5349721742e+12,2.2611177547e+05,1.4847848492e+02,2.0000000000e+02,-2.3995317135e-01,-1.2368547007e+00,7.0463485487e-03,2.2191377431e-03,4.6909039478e+02,18.0000,13.0000,5877.262
6.12000000e+00,5.0384171032e+08,2.5416660298e+12,2.2696422461e+05,1.4848945246e+02,2.0000000000e+02,-9.7676124773e-02,-1.6175858916e-01,8.0302527064e-03,1.8068572769e-03,4.6616886466e+02,18.0000,13.0000,5887.317
6.13000000e+00,5.0410016942e+08,2.5281546619e+12,2.2757213913e+05,1.4849727343e+02,2.0000000000e+02,-1.9893703429e-02,9.9705026620e-01,8.7009236998e-03,2.8052042127e-03,4.6279219540e+02,18.0000,13.0000,5898.092
6.14000000e+00,5.0444654546e+08,2.5445500283e+12,2.2778844667e+05,1.4849851042e+02,2.0000000000e+02,-5.2419769751e-02,2.0828381495e+00,8.3938229592e-03,2.6693945306e-03,4.6573441895e+02,18.0000,27.0000,5907.580
6.15000000e+00,5.0485955123e+08,2.5637889754e+12,2.2759794991e+05,1.4849270409e+02,2.0000000000e+02,-1.7416749818e-01,2.9221621384e+00,8.0553613503e-03,1.8435407416e-03,4.6888882394e+02,18.0000,27.0000,5917.733
6.16000000e+00,5.0511283465e+08,2.5519366377e+12,2.2702173618e+05,1.4848833071e+02,2.0000000000e+02,-3.3474081608e-01,3.3893075229e+00,7.2673144482e-03,1.3472378070e-03,4.7238305857e+02,18.0000,27.0000,5928.217
6.17000000e+00,5.0490617908e+08,2.5061330249e+12,2.2624028067e+05,1.4847260961e+02,2.0000000000e+02,-4.5732251477e-01,3.4789595783e+00,6.2220794154e-03,2.4284830760e-04,4.7412641956e+02,18.0000,27.0000,5937.692
6.18000000e+00,5.0458619819e+08,2.5167328792e+12,2.2549908369e+05,1.4847305034e+02,2.0000000000e+02,-4.7119304081e-01,3.1857546423e+00,6.6842091838e-03,-1.1964215644e-03,4.7464339746e+02,18.0000,27.0000,5947.916
6.19000000e+00,5.0430840829e+08,2.5162362458e+12,2.2478534019e+05,1.4846964116e+02,2.0000000000e+02,-4.0039193615e-01,2.5565502702e+00,6.4394223295e-03,-5.9276266828e-04,4.7392233538e+02,18.0000,27.0000,5958.365
6.20000000e+00,5.0405516190e+08,2.5192377385e+12,2.2427473044e+05,1.4848192409e+02,2.0000000000e+02,-2.5159311835e-01,1.6612756692e+00,7.3164490394e-03,-1.7073838738e-03,4.7138916854e+02,18.0000,27.0000,5967.864
6.21000000e+00,5.0414015929e+08,2.5082530582e+12,2.2388978622e+05,1.4848973712e+02,2.0000000000e+02,-1.0351873838e-01,5.9357919599e-01,7.7723522803e-03,-2.0394383720e-03,4.6877333868e+02,18.0000,27.0000,5978.121
6.22000000e+00,5.0430908950e+08,2.5432228413e+12,2.2358222720e+05,1.4849328209e+02,2.0000000000e+02,-2.0955828937e-02,-5.5680159979e-01,7.7451970737e-03,-2.4607252591e-03,4.6513555661e+02,18.0000,27.0000,5988.535
6.23000000e+00,5.0459938267e+08,2.5639542285e+12,2.2342817787e+05,1.4849838273e+02,2.0000000000e+02,-2.8183845223e-02,-1.6377032456e+00,8.7395955179e-03,-1.1776421601e-03,4.6250919883e+02,18.0000,13.0000,5998.072
6.24000000e+00,5.0498638949e+08,2.5550082481e+12,2.2335489109e+05,1.4849806415e+02,2.0000000000e+02,-1.3505567317e-01,-2.4788040150e+00,9.0049177782e-03,-9.0222370318e-04,4.6540291838e+02,18.0000,13.0000,6008.223
6.25000000e+00,5.0509594099e+08,2.5382377314e+12,2.2341056808e+05,1.4848292736e+02,2.0000000000e+02,-2.8990539205e-01,-2.9710653953e+00,7.3658978930e-03,-1.5411721276e-03,4.6866584805e+02,18.0000,13.0000,6018.026
6.26000000e+00,5.0493599390e+08,2.5634133287e+12,2.2370677877e+05,1.4847420712e+02,2.0000000000e+02,-4.1496589722e-01,-3.1042931184e+00,6.2967515972e-03,-6.9453232484e-04,4.7049208828e+02,18.0000,13.0000,6028.114
6.27000000e+00,5.0447845129e+08,2.5622454600e+12,2.2429884520e+05,1.4846794495e+02,2.0000000000e+02,-4.5194814388e-01,-2.8589999165e+00,6.4867109899e-03,9.9486889973e-04,4.7191696142e+02,18.0000,13.0000,6038.273
6.28000000e+00,5.0413638630e+08,2.5246736352e+12,2.2510221347e+05,1.4847716069e+02,2.0000000000e+02,-3.8675550183e-01,-2.2620153559e+00,7.2058123165e-03,1.2124793218e-03,4.7137761562e+02,18.0000,13.0000,6047.735
6.29000000e+00,5.0386569746e+08,2.5388548253e+12,2.2597248679e+05,1.4847586520e+02,2.0000000000e+02,-2.6251124733e-01,-1.3840779665e+00,7.2518195056e-03,1.5634314944e-03,4.6949266754e+02,18.0000,13.0000,6057.980
6.30000000e+00,5.0377029286e+08,2.5507501463e+12,2.2684483801e+05,1.4848785181e+02,2.0000000000e+02,-1.1765090057e-01,-3.2844948557e-01,8.1386057644e-03,1.7853809990e-03,4.6583559771e+02,18.0000,13.0000,6068.491
6.31000000e+00,5.0399031166e+08,2.5660546462e+12,2.2750097153e+05,1.4849210266e+02,2.0000000000e+02,-2.4754325874e-02,8.2371414515e-01,8.7741858625e-03,2.5463296360e-03,4.6261294571e+02,18.0000,13.0000,6077.921
6.32000000e+00,5.0434539146e+08,2.5867433084e+12,2.2777099431e+05,1.4849591331e+02,2.0000000000e+02,-3.9117255324e-02,1.9219608425e+00,8.5348211025e-03,2.4778775686e-03,4.6572413420e+02,18.0000,27.0000,6087.968
6.33000000e+00,5.0475627581e+08,2.5543283190e+12,2.2765239752e+05,1.4849333909e+02,2.0000000000e+02,-1.5176265191e-01,2.8099225062e+00,8.6395398643e-03,2.4474845249e-03,4.7025145583e+02,18.0000,27.0000,6097.597
6.34000000e+00,5.0505116093e+08,2.6118656394e+12,2.2712794515e+05,1.4848555988e+02,2.0000000000e+02,-3.0908732309e-01,3.3333469638e+00,8.3077545906e-03,1.1909942429e-03,4.7220291683e+02,18.0000,27.0000,6107.553
6.35000000e+00,5.0493440499e+08,2.5944951296e+12,2.2636083486e+05,1.4847350128e+02,2.0000000000e+02,-4.4259923964e-01,3.4841342144e+00,7.1208313877e-03,9.1525552255e-04,4.7398646293e+02,18.0000,27.0000,6117.798
6.36000000e+00,5.0461138031e+08,2.5525076236e+12,2.2561180676e+05,1.4847342814e+02,2.0000000000e+02,-4.7598262954e-01,3.2550463172e+00,7.1532735954e-03,-3.9045764078e-04,4.7443099141e+02,18.0000,27.0000,6127.331
6.37000000e+00,5.0434408136e+08,2.5462651377e+12,2.2488751764e+05,1.4847087819e+02,2.0000000000e+02,-4.1983983786e-01,2.6802487870e+00,6.8496794260e-03,3.9989511510e-05,4.7341707077e+02,17.0000,26.5000,6137.463
6.38000000e+00,5.0404931696e+08,2.5744161528e+12,2.2433700023e+05,1.4848226387e+02,2.0000000000e+02,-2.8024953282e-01,1.8254805435e+00,7.3266794674e-03,-1.7205239093e-03,4.7128307818e+02,18.0000,27.0000,6147.874
6.39000000e+00,5.0411520855e+08,2.5515870330e+12,2.2394232470e+05,1.4849229402e+02,2.0000000000e+02,-1.2318957097e-01,7.7188631291e-01,7.8407731446e-03,-2.3722501559e-03,4.6866368775e+02,18.0000,27.0000,6157.386
6.40000000e+00,5.0429789844e+08,2.5437979537e+12,2.2361990200e+05,1.4849349778e+02,2.0000000000e+02,-2.5093140895e-02,-3.8110493118e-01,7.5580151460e-03,-1.8925981647e-03,4.6591771157e+02,18.0000,27.0000,6167.659
6.41000000e+00,5.0456139084e+08,2.5320555968e+12,2.2344524539e+05,1.4849987556e+02,2.0000000000e+02,-1.8188188385e-02,-1.4896859675e+00,8.1611556737e-03,-1.3957794365e-03,4.6210060830e+02,18.0000,13.0000,6178.082
6.42000000e+00,5.0495810849e+08,2.5102296812e+12,2.2335603576e+05,1.4849927756e+02,2.0000000000e+02,-1.1326081186e-01,-2.3785600820e+00,8.2802207534e-03,-1.6111568187e-03,4.6507588400e+02,18.0000,13.0000,6187.550
6.43000000e+00,5.0515251605e+08,2.5481034100e+12,2.2337402480e+05,1.4848257338e+02,2.0000000000e+02,-2.6585513254e-01,-2.9209554647e+00,7.0338854620e-03,-2.1612066227e-03,4.6796445231e+02,18.0000,13.0000,6197.921
6.44000000e+00,5.0505163139e+08,2.5250350890e+12,2.2364010990e+05,1.4847507432e+02,2.0000000000e+02,-3.9945232383e-01,-3.1084320922e+00,6.2812078009e-03,-3.5087313971e-04,4.7080794184e+02,18.0000,13.0000,6208.482
6.45000000e+00,5.0459331906e+08,2.5523029900e+12,2.2418830258e+05,1.4846629553e+02,2.0000000000e+02,-4.5271632479e-01,-2.9177729051e+00,6.4182226700e-03,1.2370576506e-03,4.7191057564e+02,18.0000,13.0000,6218.149
6.46000000e+00,5.0420636566e+08,2.5713266339e+12,2.2497051837e+05,1.4847279420e+02,2.0000000000e+02,-4.0108023607e-01,-2.3693746230e+00,7.2116692167e-03,5.9220251511e-04,4.7114820801e+02,18.0000,13.0000,6228.638
6.47000000e+00,5.0390814725e+08,2.5591977202e+12,2.2583445646e+05,1.4847736119e+02,2.0000000000e+02,-2.8421948113e-01,-1.5341824083e+00,7.2687720832e-03,8.6549633637e-04,4.6947581680e+02,18.0000,13.0000,6239.291
6.48000000e+00,5.0376018722e+08,2.5756335679e+12,2.2671846767e+05,1.4848859191e+02,2.0000000000e+02,-1.4021795683e-01,-5.1132721880e-01,7.8205782426e-03,1.5432562447e-03,4.6602517580e+02,18.0000,13.0000,6248.904
6.49000000e+00,5.0393854420e+08,2.5738668735e+12,2.2742096319e+05,1.4849537259e+02,2.0000000000e+02,-3.5459017523e-02,6.3455158834e-01,8.3781282809e-03,2.3225206240e-03,4.6274807691e+02,18.0000,13.0000,6259.519
6.50000000e+00,5.0428483158e+08,2.5741848108e+12,2.2775101111e+05,1.4850012285e+02,2.0000000000e+02,-3.1967930920e-02,1.7593165851e+00,8.4082391931e-03,1.5292054654e-03,4.6459805884e+02,18.0000,27.0000,6270.401
6.51000000e+00,5.0469092323e+08,2.6039488416e+12,2.2770875746e+05,1.4849748214e+02,2.0000000000e+02,-1.3066231268e-01,2.6981482849e+00,9.0744721286e-03,2.1505696335e-03,4.6875893769e+02,18.0000,27.0000,6280.044
6.52000000e+00,5.0500558554e+08,2.6378574259e+12,2.2723632643e+05,1.4848654941e+02,2.0000000000e+02,-2.8859718516e-01,3.2897385333e+00,8.7206342646e-03,1.1362736581e-03,4.7224407091e+02,18.0000,27.0000,6290.664
6.53000000e+00,5.0496594331e+08,2.6571211111e+12,2.2648834773e+05,1.4847460261e+02,2.0000000000e+02,-4.3189129912e-01,3.5028697573e+00,7.5285123980e-03,1.5079883447e-03,4.7358025640e+02,18.0000,27.0000,6301.616
6.54000000e+00,5.0465055089e+08,2.5911184565e+12,2.2572914900e+05,1.4847174121e+02,2.0000000000e+02,-4.8244146485e-01,3.3305944778e+00,7.4024995155e-03,5.8963498139e-04,4.7454767449e+02,18.0000,27.0000,6311.361
6.55000000e+00,5.0438815102e+08,2.5858764779e+12,2.2499836401e+05,1.4847072246e+02,2.0000000000e+02,-4.3707388144e-01,2.8010245669e+00,7.1213810919e-03,2.3951855770e-05,4.7347629896e+02,18.0000,27.0000,6321.914
6.56000000e+00,5.0406604099e+08,2.5675580621e+12,2.2440748083e+05,1.4847880467e+02,2.0000000000e+02,-3.0647522909e-01,1.9751004235e+00,7.1623879048e-03,-1.4277694681e-03,4.7205064252e+02,18.0000,27.0000,6332.766
6.57000000e+00,5.0408208575e+08,2.5481238150e+12,2.2400080254e+05,1.4849124133e+02,2.0000000000e+02,-1.4419389788e-01,9.4046117481e-01,7.9231945357e-03,-2.6270806277e-03,4.6907059295e+02,18.0000,27.0000,6342.340
6.58000000e+00,5.0426781157e+08,2.5208690814e+12,2.2366217626e+05,1.4849220227e+02,2.0000000000e+02,-3.4687194587e-02,-2.0585994745e-01,7.6734881833e-03,-1.7053036070e-03,4.6561895168e+02,18.0000,27.0000,6352.709
6.59000000e+00,5.0450651838e+08,2.5104583751e+12,2.2345942522e+05,1.4849609017e+02,2.0000000000e+02,-1.1702194587e-02,-1.3215395877e+00,7.8440701640e-03,-1.6919334247e-03,4.6253486656e+02,18.0000,27.0000,6363.200
6.60000000e+00,5.0490649797e+08,2.4576137625e+12,2.2336320110e+05,1.4849640175e+02,2.0000000000e+02,-9.2728966861e-02,-2.2504418806e+00,7.8354442453e-03,-2.3480830160e-03,4.6555035036e+02,18.0000,13.0000,6372.931
6.61000000e+00,5.0516300143e+08,2.5308283458e+12,2.2334761226e+05,1.4848367379e+02,2.0000000000e+02,-2.4036411248e-01,-2.8501787245e+00,6.9114827814e-03,-1.9166517806e-03,4.6823381392e+02,18.0000,13.0000,6383.288
6.62000000e+00,5.0511330299e+08,2.5371252244e+12,2.2359017557e+05,1.4847382615e+02,2.0000000000e+02,-3.8132502839e-01,-3.0958025372e+00,7.0425056861e-03,-4.5442848524e-04,4.7106706297e+02,18.0000,13.0000,6393.835
6.63000000e+00,5.0468638930e+08,2.5629567347e+12,2.2408696984e+05,1.4846650362e+02,2.0000000000e+02,-4.5170111698e-01,-2.9706801147e+00,6.6959911598e-03,1.1593426022e-03,4.7158166737e+02,18.0000,13.0000,6403.396
6.64000000e+00,5.0426578965e+08,2.6069088349e+12,2.2484265094e+05,1.4846959482e+02,2.0000000000e+02,-4.1704506125e-01,-2.4780606277e+00,7.2094379785e-03,-1.5716082227e-04,4.7064939144e+02,18.0000,13.0000,6413.677
6.65000000e+00,5.0396235988e+08,2.5834995967e+12,2.2569599964e+05,1.4847880036e+02,2.0000000000e+02,-3.0746293986e-01,-1.6885235724e+00,7.1037449165e-03,5.2323289660e-04,4.6945629335e+02,18.0000,13.0000,6424.219
6.66000000e+00,5.0378498674e+08,2.5665566753e+12,2.2658337083e+05,1.4848892272e+02,2.0000000000e+02,-1.6283784355e-01,-6.9257651893e-01,7.2803274447e-03,1.0803188082e-03,4.6713319493e+02,18.0000,13.0000,6433.843
6.67000000e+00,5.0392988188e+08,2.5610222696e+12,2.2733514456e+05,1.4849890412e+02,2.0000000000e+02,-4.4178258640e-02,4.4794819457e-01,7.8615902890e-03,2.2490173527e-03,4.6388116326e+02,18.0000,13.0000,6444.162
6.68000000e+00,5.0427545625e+08,2.5497009690e+12,2.2773163283e+05,1.4850222411e+02,2.0000000000e+02,-2.6317206709e-02,1.5959545994e+00,8.0216753207e-03,1.3959201942e-03,4.6400585543e+02,18.0000,27.0000,6454.778
6.69000000e+00,5.0464462128e+08,2.6148449227e+12,2.2775510946e+05,1.4850287439e+02,2.0000000000e+02,-1.0944659892e-01,2.5764822565e+00,8.9061107795e-03,1.6768345535e-03,4.6682187005e+02,18.0000,27.0000,6464.402
6.70000000e+00,5.0498415041e+08,2.6105416542e+12,2.2734082772e+05,1.4848819908e+02,2.0000000000e+02,-2.6507280511e-01,3.2291515491e+00,8.3848403327e-03,1.6936365747e-03,4.7056909884e+02,18.0000,27.0000,6474.692
6.71000000e+00,5.0500560570e+08,2.6448233658e+12,2.2661754355e+05,1.4847365508e+02,2.0000000000e+02,-4.1604744003e-01,3.4971955964e+00,7.4115740933e-03,1.8002368211e-03,4.7332733221e+02,18.0000,27.0000,6485.349
6.72000000e+00,5.0470019628e+08,2.6261903781e+12,2.2585015391e+05,1.4846964923e+02,2.0000000000e+02,-4.8068513539e-01,3.3798990360e+00,7.4067355547e-03,1.2292201373e-03,4.7454434806e+02,18.0000,27.0000,6494.978
6.73000000e+00,5.0444330716e+08,2.6145170170e+12,2.2511279045e+05,1.4847129721e+02,2.0000000000e+02,-4.4821295453e-01,2.9062140951e+00,7.2415294902e-03,-4.0291924365e-04,4.7432583051e+02,18.0000,27.0000,6505.891
6.74000000e+00,5.0411343569e+08,2.5656899561e+12,2.2448308387e+05,1.4847521403e+02,2.0000000000e+02,-3.3151532493e-01,2.1201804754e+00,6.8521086328e-03,-1.4125666463e-03,4.7288207222e+02,18.0000,27.0000,6517.064
6.75000000e+00,5.0406980168e+08,2.5372566800e+12,2.2405930390e+05,1.4848588479e+02,2.0000000000e+02,-1.6851584051e-01,1.1194364436e+00,7.7852232543e-03,-2.1154357674e-03,4.7009882608e+02,18.0000,27.0000,6526.764
6.76000000e+00,5.0425115935e+08,2.4993224991e+12,2.2370687934e+05,1.4849014934e+02,2.0000000000e+02,-4.8516624101e-02,-1.2876943854e-02,7.8034942491e-03,-1.8403063535e-03,4.6631461940e+02,18.0000,27.0000,6537.262
6.77000000e+00,5.0447794288e+08,2.5222851379e+12,2.2347859672e+05,1.4849265336e+02,2.0000000000e+02,-9.8920820861e-03,-1.1424897442e+00,8.0860639661e-03,-2.3541452857e-03,4.6270531269e+02,18.0000,27.0000,6547.836
6.78000000e+00,5.0487764101e+08,2.4894874443e+12,2.2337060529e+05,1.4849841016e+02,2.0000000000e+02,-7.1606225943e-02,-2.1145598620e+00,8.1310163401e-03,-2.5718790672e-03,4.6414819563e+02,18.0000,13.0000,6557.560
6.79000000e+00,5.0518178529e+08,2.4967687993e+12,2.2333118293e+05,1.4848785952e+02,2.0000000000e+02,-2.1745574163e-01,-2.7879729598e+00,7.2303862405e-03,-1.5490505082e-03,4.6774995655e+02,18.0000,13.0000,6567.987
6.80000000e+00,5.0513211286e+08,2.5904085914e+12,2.2353718890e+05,1.4847291908e+02,2.0000000000e+02,-3.6485538410e-01,-3.0917615789e+00,7.7737623540e-03,-8.1206879738e-04,4.7063675892e+02,18.0000,13.0000,6578.750
6.81000000e+00,5.0474160029e+08,2.6150180453e+12,2.2397947463e+05,1.4846780450e+02,2.0000000000e+02,-4.4993602344e-01,-3.0277136421e+00,7.0795734888e-03,-5.0113928078e-06,4.7131448331e+02,18.0000,13.0000,6588.441
6.82000000e+00,5.0429275927e+08,2.6350630611e+12,2.2470522003e+05,1.4846984508e+02,2.0000000000e+02,-4.2953149165e-01,-2.5859893276e+00,7.2538089343e-03,-3.8326239552e-04,4.7038338014e+02,18.0000,13.0000,6598.721
6.83000000e+00,5.0398884008e+08,2.5993470163e+12,2.2554904328e+05,1.4848053983e+02,2.0000000000e+02,-3.2838853379e-01,-1.8393987836e+00,6.8301461418e-03,5.4631377087e-04,4.6984945514e+02,18.0000,13.0000,6609.228
6.84000000e+00,5.0378609182e+08,2.5305624312e+12,2.2643980025e+05,1.4848837431e+02,2.0000000000e+02,-1.8551312421e-01,-8.6347453746e-01,6.9299341974e-03,1.5067320548e-03,4.6794299217e+02,18.0000,13.0000,6618.837
6.85000000e+00,5.0388349063e+08,2.5398416790e+12,2.2723151522e+05,1.4850108517e+02,2.0000000000e+02,-5.6530924087e-02,2.6006570629e-01,7.6468314572e-03,2.2852643439e-03,4.6542761042e+02,18.0000,13.0000,6629.200
6.86000000e+00,5.0421542016e+08,2.5178129802e+12,2.2769567684e+05,1.4850301891e+02,2.0000000000e+02,-1.8283146795e-02,1.4113290593e+00,7.8076041306e-03,1.9604229794e-03,4.6325644259e+02,18.0000,27.0000,6639.784
6.87000000e+00,5.0454363469e+08,2.5312059393e+12,2.2777837149e+05,1.4850354047e+02,2.0000000000e+02,-8.6837231672e-02,2.4256921802e+00,8.2201068802e-03,1.6739560196e-03,4.6650722198e+02,18.0000,27.0000,6649.379
6.88000000e+00,5.0491738238e+08,2.5653396295e+12,2.2743496554e+05,1.4848868465e+02,2.0000000000e+02,-2.3597331468e-01,3.1391521216e+00,7.8272979179e-03,2.1376348930e-03,4.6976423588e+02,18.0000,27.0000,6659.775
6.89000000e+00,5.0501469924e+08,2.5612984206e+12,2.2674611833e+05,1.4847538882e+02,2.0000000000e+02,-3.9511548533e-01,3.4725540470e+00,6.7093321227e-03,1.4779428114e-03,4.7226026403e+02,18.0000,27.0000,6670.474
6.90000000e+00,5.0472035019e+08,2.5977308968e+12,2.2596798201e+05,1.4846880388e+02,2.0000000000e+02,-4.7736425492e-01,3.4220700509e+00,6.7994557234e-03,9.1655484964e-04,4.7473924701e+02,18.0000,27.0000,6680.175
6.91000000e+00,5.0446463788e+08,2.5766661702e+12,2.2522991729e+05,1.4847257159e+02,2.0000000000e+02,-4.6032503839e-01,3.0129933478e+00,7.0586398507e-03,-8.8278237213e-04,4.7522651891e+02,18.0000,27.0000,6690.436
6.92000000e+00,5.0415946929e+08,2.5356804450e+12,2.2456124064e+05,1.4846725196e+02,2.0000000000e+02,-3.6003511082e-01,2.2750878813e+00,6.3866628376e-03,-1.6654774520e-03,4.7394323105e+02,18.0000,27.0000,6700.691
6.93000000e+00,5.0405950453e+08,2.5038755175e+12,2.2412073886e+05,1.4847886510e+02,2.0000000000e+02,-1.9807479857e-01,1.2997046887e+00,7.5008439067e-03,-1.3186186363e-03,4.7142669877e+02,18.0000,27.0000,6710.835
6.94000000e+00,5.0422990008e+08,2.5014176281e+12,2.2375384559e+05,1.4848571840e+02,2.0000000000e+02,-6.4954411739e-02,1.7756183781e-01,7.8570074081e-03,-1.9697818990e-03,4.6785322656e+02,18.0000,27.0000,6721.201
6.95000000e+00,5.0444155885e+08,2.5349550687e+12,2.2350177092e+05,1.4848829651e+02,2.0000000000e+02,-9.8512784511e-03,-9.6732785855e-01,8.3206514497e-03,-2.8984685245e-03,4.6377843519e+02,18.0000,27.0000,6731.432
6.96000000e+00,5.0484117918e+08,2.5633737124e+12,2.2338028198e+05,1.4849679305e+02,2.0000000000e+02,-5.2849250926e-02,-1.9817337444e+00,8.7861236419e-03,-2.6923276287e-03,4.6451179019e+02,18.0000,13.0000,6741.535
6.97000000e+00,5.0520825302e+08,2.5128546845e+12,2.2332654400e+05,1.4849078575e+02,2.0000000000e+02,-1.9474197374e-01,-2.7157826149e+00,8.0097339530e-03,-1.3717286542e-03,4.6762786380e+02,18.0000,13.0000,6751.925
6.98000000e+00,5.0515983813e+08,2.6242225137e+12,2.2348740461e+05,1.4847658459e+02,2.0000000000e+02,-3.4380609405e-01,-3.0713228943e+00,8.1282128407e-03,-1.0960415992e-03,4.6990456467e+02,18.0000,13.0000,6761.547
6.99000000e+00,5.0482092635e+08,2.6483522130e+12,2.2387856258e+05,1.4846939988e+02,2.0000000000e+02,-4.4128691840e-01,-3.0618698387e+00,7.1846453076e-03,-1.3053429985e-03,4.7127787061e+02,18.0000,13.0000,6772.004
7.00000000e+00,5.0436290364e+08,2.6484203765e+12,2.2457047735e+05,1.4847114212e+02,2.0000000000e+02,-4.3683618110e-01,-2.6801606538e+00,7.2684571636e-03,-1.0683652367e-04,4.7067945010e+02,18.0000,13.0000,6782.268
7.01000000e+00,5.0406187952e+08,2.5937734347e+12,2.2540509237e+05,1.4848024755e+02,2.0000000000e+02,-3.4848581273e-01,-1.9824969453e+00,6.8179570029e-03,1.1249443625e-03,4.7033805091e+02,18.0000,13.0000,6791.890
7.02000000e+00,5.0382885621e+08,2.5291076292e+12,2.2629442428e+05,1.4848644246e+02,2.0000000000e+02,-2.1012668728e-01,-1.0376466847e+00,6.9264942917e-03,2.4245693268e-03,4.6853575273e+02,18.0000,13.0000,6802.499
7.03000000e+00,5.0386979198e+08,2.4986106076e+12,2.2711680083e+05,1.4849583780e+02,2.0000000000e+02,-7.3873301094e-02,6.4508704356e-02,7.7972160827e-03,1.9324525779e-03,4.6585862580e+02,18.0000,13.0000,6813.107
7.04000000e+00,5.0417364591e+08,2.5078326029e+12,2.2764757207e+05,1.4849970909e+02,2.0000000000e+02,-1.7217840928e-02,1.2180446802e+00,8.1450363600e-03,2.5633170664e-03,4.6238486514e+02,18.0000,27.0000,6822.666
7.05000000e+00,5.0450357000e+08,2.5449438057e+12,2.2779419877e+05,1.4849950268e+02,2.0000000000e+02,-6.9814994139e-02,2.2714485385e+00,8.0200411722e-03,2.1305564807e-03,4.6582821779e+02,18.0000,27.0000,6833.299
7.06000000e+00,5.0490357481e+08,2.5232892713e+12,2.2752251452e+05,1.4849307974e+02,2.0000000000e+02,-2.0907681363e-01,3.0474999688e+00,7.7052127082e-03,2.0278057464e-03,4.6938621156e+02,18.0000,27.0000,6844.032
7.07000000e+00,5.0507812712e+08,2.4997240920e+12,2.2687750472e+05,1.4848126919e+02,2.0000000000e+02,-3.7227047411e-01,3.4523518376e+00,6.5342162721e-03,1.0261541791e-03,4.7218850484e+02,18.0000,27.0000,6853.525
7.08000000e+00,5.0480086973e+08,2.5495799742e+12,2.2609180258e+05,1.4846979322e+02,2.0000000000e+02,-4.7476227715e-01,3.4702878941e+00,6.2314596281e-03,3.1503876216e-04,4.7422472323e+02,18.0000,27.0000,6864.171
7.09000000e+00,5.0451077903e+08,2.5516712978e+12,2.2535317824e+05,1.4847256274e+02,2.0000000000e+02,-4.7164417357e-01,3.1134756326e+00,6.8131991040e-03,-9.8386096253e-04,4.7532410738e+02,18.0000,27.0000,6874.942
7.10000000e+00,5.0423181401e+08,2.5276607495e+12,2.2465566197e+05,1.4846597818e+02,2.0000000000e+02,-3.8494880600e-01,2.4225875957e+00,6.2095354288e-03,-1.4815483350e-03,4.7442019692e+02,18.0000,27.0000,6884.621
7.11000000e+00,5.0405675364e+08,2.5179092379e+12,2.2418766559e+05,1.4847961412e+02,2.0000000000e+02,-2.2529426491e-01,1.4746449078e+00,7.2952903360e-03,-1.4557786339e-03,4.7171511072e+02,18.0000,27.0000,6895.250
7.12000000e+00,5.0419348328e+08,2.4944547491e+12,2.2381160039e+05,1.4848851309e+02,2.0000000000e+02,-8.3386565083e-02,3.6722510087e-01,7.8253544646e-03,-2.1508527091e-03,4.6845075139e+02,18.0000,27.0000,6905.844
7.13000000e+00,5.0438079494e+08,2.5340934045e+12,2.2352744947e+05,1.4848705382e+02,2.0000000000e+02,-1.3308344826e-02,-7.8320399933e-01,8.1367490018e-03,-3.0262020879e-03,4.6449614732e+02,18.0000,27.0000,6915.720
7.14000000e+00,5.0473837367e+08,2.6308348680e+12,2.2339316321e+05,1.4849535599e+02,2.0000000000e+02,-3.9157712664e-02,-1.8309732560e+00,9.0761754343e-03,-2.2694497703e-03,4.6360284625e+02,18.0000,13.0000,6926.482
7.15000000e+00,5.0514051214e+08,2.5454929962e+12,2.2333690851e+05,1.4849153025e+02,2.0000000000e+02,-1.6827354348e-01,-2.6120416134e+00,8.9574533087e-03,-1.0187675540e-03,4.6785932423e+02,18.0000,13.0000,6937.090
7.16000000e+00,5.0513865379e+08,2.5937260165e+12,2.2344845578e+05,1.4848241447e+02,2.0000000000e+02,-3.1930281681e-01,-3.0290362406e+00,7.8800926233e-03,-1.0218622652e-03,4.6937243923e+02,18.0000,13.0000,6946.721
7.17000000e+00,5.0488657208e+08,2.6382100660e+12,2.2379167475e+05,1.4847147109e+02,2.0000000000e+02,-4.2987012444e-01,-3.0832044728e+00,6.8773337072e-03,-1.5354908571e-03,4.7101373735e+02,18.0000,13.0000,6957.323
7.18000000e+00,5.0443330338e+08,2.6114728797e+12,2.2444073324e+05,1.4846974133e+02,2.0000000000e+02,-4.4556153961e-01,-2.7695380873e+00,6.9984462937e-03,5.0307338816e-04,4.7152930939e+02,18.0000,13.0000,6968.082
7.19000000e+00,5.0413965613e+08,2.5487342806e+12,2.2526320619e+05,1.4847836955e+02,2.0000000000e+02,-3.6978063009e-01,-2.1228503225e+00,7.0610322928e-03,1.5221858362e-03,4.7107241831e+02,18.0000,13.0000,6977.658
7.20000000e+00,5.0389149849e+08,2.5556278208e+12,2.2614276181e+05,1.4847878270e+02,2.0000000000e+02,-2.3737745133e-01,-1.2111672338e+00,7.0495243280e-03,2.3691118681e-03,4.6888969259e+02,18.0000,13.0000,6988.439
7.21000000e+00,5.0386847126e+08,2.5532192814e+12,2.2699447365e+05,1.4849067744e+02,2.0000000000e+02,-9.4735919140e-02,-1.2938078683e-01,8.0456740199e-03,1.6906440199e-03,4.6602126313e+02,18.0000,13.0000,6998.986
7.22000000e+00,5.0414102259e+08,2.5318953224e+12,2.2759355922e+05,1.4849783638e+02,2.0000000000e+02,-2.0271732450e-02,1.0302065368e+00,8.6624513338e-03,2.7327187166e-03,4.6260307345e+02,18.0000,13.0000,7008.638
7.23000000e+00,5.0448637571e+08,2.5636521618e+12,2.2780444403e+05,1.4849850127e+02,2.0000000000e+02,-5.4789171921e-02,2.1145961638e+00,8.4064197710e-03,2.6807738777e-03,4.6558888589e+02,18.0000,27.0000,7019.256
7.24000000e+00,5.0490863500e+08,2.5670982472e+12,2.2760017268e+05,1.4849311282e+02,2.0000000000e+02,-1.7966271645e-01,2.9489896154e+00,7.9967294648e-03,1.7943916980e-03,4.6856984563e+02,18.0000,27.0000,7029.939
7.25000000e+00,5.0514662608e+08,2.5397847202e+12,2.2700915722e+05,1.4848713964e+02,2.0000000000e+02,-3.4331252039e-01,3.4133718182e+00,7.0692868260e-03,1.2522743962e-03,4.7235577947e+02,18.0000,27.0000,7039.545
7.26000000e+00,5.0491195197e+08,2.5236995457e+12,2.2622407831e+05,1.4847208455e+02,2.0000000000e+02,-4.6428575985e-01,3.4956717989e+00,6.1309092787e-03,2.2412438834e-04,4.7386083221e+02,18.0000,27.0000,7050.264
7.27000000e+00,5.0459264440e+08,2.5416666552e+12,2.2547898446e+05,1.4847280519e+02,2.0000000000e+02,-4.7661124980e-01,3.1951049772e+00,6.6274518359e-03,-9.8606464112e-04,4.7474875711e+02,18.0000,27.0000,7061.189
7.28000000e+00,5.0432429179e+08,2.5274939295e+12,2.2476380189e+05,1.4846943964e+02,2.0000000000e+02,-4.0331288260e-01,2.5569140233e+00,6.3391225489e-03,-8.2755228055e-04,4.7423714559e+02,18.0000,27.0000,7070.721
7.29000000e+00,5.0407930238e+08,2.5235937990e+12,2.2425573283e+05,1.4848173125e+02,2.0000000000e+02,-2.5174898311e-01,1.6517906590e+00,7.2077542076e-03,-1.9031546947e-03,4.7150794122e+02,18.0000,27.0000,7081.415
7.30000000e+00,5.0417377331e+08,2.5195903750e+12,2.2387241405e+05,1.4848953146e+02,2.0000000000e+02,-1.0256104539e-01,5.7371603807e-01,7.7015564333e-03,-2.0493082575e-03,4.6874628844e+02,18.0000,27.0000,7092.305
7.31000000e+00,5.0435057474e+08,2.5400683754e+12,2.2356882148e+05,1.4849347065e+02,2.0000000000e+02,-2.0216803216e-02,-5.8096940485e-01,7.7780329305e-03,-2.4457194346e-03,4.6493991420e+02,18.0000,27.0000,7101.917
7.32000000e+00,5.0465009774e+08,2.5756041313e+12,2.2341478405e+05,1.4849858008e+02,2.0000000000e+02,-2.9457138317e-02,-1.6605634465e+00,8.7951019451e-03,-1.2441411511e-03,4.6261441411e+02,18.0000,13.0000,7112.826
7.33000000e+00,5.0503268367e+08,2.5628721685e+12,2.2334436256e+05,1.4849736421e+02,2.0000000000e+02,-1.3932165088e-01,-2.4980770356e+00,9.0836159161e-03,-8.2319890197e-04,4.6576182680e+02,18.0000,13.0000,7123.462
7.34000000e+00,5.0513291468e+08,2.5483325932e+12,2.2340872924e+05,1.4848343667e+02,2.0000000000e+02,-2.9391995389e-01,-2.9850121790e+00,7.4799133346e-03,-1.2946035539e-03,4.6882260634e+02,18.0000,13.0000,7132.987
7.35000000e+00,5.0496303595e+08,2.5893588976e+12,2.2370720128e+05,1.4847384343e+02,2.0000000000e+02,-4.1799378196e-01,-3.1093846120e+00,6.3911200165e-03,-7.7880645881e-04,4.7051471820e+02,18.0000,13.0000,7144.002
7.36000000e+00,5.0450526708e+08,2.5814039828e+12,2.2430424346e+05,1.4846739373e+02,2.0000000000e+02,-4.5422177784e-01,-2.8591961924e+00,6.5592894513e-03,8.7387342920e-04,4.7191841733e+02,18.0000,13.0000,7154.907
7.37000000e+00,5.0416930972e+08,2.5370728257e+12,2.2511285512e+05,1.4847641746e+02,2.0000000000e+02,-3.8917207060e-01,-2.2611330800e+00,7.2574106025e-03,1.2633320781e-03,4.7142378584e+02,18.0000,13.0000,7165.172
7.38000000e+00,5.0390333601e+08,2.5519482734e+12,2.2598604761e+05,1.4847511564e+02,2.0000000000e+02,-2.6456232202e-01,-1.3808527489e+00,7.2754407445e-03,1.5769754831e-03,4.6938137023e+02,18.0000,13.0000,7175.589
7.39000000e+00,5.0381182076e+08,2.5631620029e+12,2.2685951931e+05,1.4848707007e+02,2.0000000000e+02,-1.1884240355e-01,-3.2136466790e-01,8.1713785635e-03,1.6290924203e-03,4.6572196949e+02,18.0000,13.0000,7186.205
7.40000000e+00,5.0404112908e+08,2.5777264723e+12,2.2751646877e+05,1.4849148109e+02,2.0000000000e+02,-2.5227689705e-02,8.3459918390e-01,8.8069631053e-03,2.4957421630e-03,4.6254762545e+02,18.0000,13.0000,7196.179
7.41000000e+00,5.0439846865e+08,2.5956200067e+12,2.2778958926e+05,1.4849561219e+02,2.0000000000e+02,-3.9348591589e-02,1.9374373736e+00,8.5792263024e-03,2.5814664639e-03,4.6562087223e+02,18.0000,27.0000,7206.845
7.42000000e+00,5.0483008626e+08,2.5665446794e+12,2.2766532167e+05,1.4849277502e+02,2.0000000000e+02,-1.5318243863e-01,2.8292773522e+00,8.6029866046e-03,2.4081843398e-03,4.7013096574e+02,18.0000,27.0000,7217.581
7.43000000e+00,5.0512025448e+08,2.6213696679e+12,2.2713237640e+05,1.4848602907e+02,2.0000000000e+02,-3.1347789580e-01,3.3545282026e+00,8.1413809851e-03,1.2540873488e-03,4.7214050571e+02,18.0000,27.0000,7227.581
7.44000000e+00,5.0497857582e+08,2.5789630667e+12,2.2636142409e+05,1.4847309907e+02,2.0000000000e+02,-4.4800049817e-01,3.5041057128e+00,6.8511064773e-03,8.4618287633e-04,4.7405973055e+02,18.0000,27.0000,7237.747
7.45000000e+00,5.0465250096e+08,2.5415266253e+12,2.2560667589e+05,1.4847300452e+02,2.0000000000e+02,-4.8088043020e-01,3.2709660611e+00,6.8839267576e-03,-5.7001647323e-04,4.7440639809e+02,18.0000,27.0000,7248.315
7.46000000e+00,5.0438519286e+08,2.5536727370e+12,2.2488043656e+05,1.4847058496e+02,2.0000000000e+02,-4.2345969019e-01,2.6926101791e+00,6.7490529403e-03,-1.7615683739e-05,4.7343529232e+02,18.0000,27.0000,7258.458
7.47000000e+00,5.0408990376e+08,2.5705163515e+12,2.2432811720e+05,1.4848230835e+02,2.0000000000e+02,-2.8284352088e-01,1.8347865588e+00,7.2613467369e-03,-1.7963292107e-03,4.7148398175e+02,18.0000,27.0000,7268.853
7.48000000e+00,5.0415378246e+08,2.5587826753e+12,2.2393219594e+05,1.4849233508e+02,2.0000000000e+02,-1.2498572414e-01,7.7812138576e-01,7.8161149984e-03,-2.3291679638e-03,4.6853007166e+02,18.0000,27.0000,7279.476
7.49000000e+00,5.0433497798e+08,2.5511943152e+12,2.2361174482e+05,1.4849380372e+02,2.0000000000e+02,-2.5657813209e-02,-3.7607782066e-01,7.5977618645e-03,-1.7463006321e-03,4.6569752319e+02,18.0000,27.0000,7289.467
7.50000000e+00,5.0459998420e+08,2.5343562771e+12,2.2343602238e+05,1.4849991849e+02,2.0000000000e+02,-1.7909623285e-02,-1.4851075227e+00,8.1798283493e-03,-1.3147239467e-03,4.6212445712e+02,18.0000,13.0000,7299.691
7.51000000e+00,5.0498546627e+08,2.5192617805e+12,2.2334516567e+05,1.4849920341e+02,2.0000000000e+02,-1.1324023194e-01,-2.3793978135e+00,8.2461026945e-03,-1.5650887410e-03,4.6512447513e+02,18.0000,13.0000,7310.332
7.52000000e+00,5.0517783824e+08,2.5537828436e+12,2.2336767133e+05,1.4848301095e+02,2.0000000000e+02,-2.6621177526e-01,-2.9282225973e+00,7.0697851084e-03,-2.0745100814e-03,4.6792503449e+02,18.0000,13.0000,7320.411
7.53000000e+00,5.0507910866e+08,2.5350595404e+12,2.2363042351e+05,1.4847511804e+02,2.0000000000e+02,-4.0135973180e-01,-3.1192667979e+00,6.2900937776e-03,-4.4387374553e-04,4.7066691069e+02,18.0000,13.0000,7330.545
7.54000000e+00,5.0461862045e+08,2.5668181187e+12,2.2417632641e+05,1.4846576312e+02,2.0000000000e+02,-4.5700785805e-01,-2.9320629467e+00,6.4412808841e-03,1.0522736407e-03,4.7184807214e+02,18.0000,13.0000,7341.160
7.55000000e+00,5.0422530997e+08,2.5900743440e+12,2.2496114754e+05,1.4847143355e+02,2.0000000000e+02,-4.0656578506e-01,-2.3866739030e+00,7.2288981067e-03,5.1499460284e-04,4.7114861491e+02,18.0000,13.0000,7351.152
7.56000000e+00,5.0393186353e+08,2.5745002169e+12,2.2582846113e+05,1.4847659729e+02,2.0000000000e+02,-2.8873332709e-01,-1.5507943550e+00,7.2726997013e-03,7.5737948102e-04,4.6946276431e+02,18.0000,13.0000,7361.557
7.57000000e+00,5.0378439293e+08,2.5899691200e+12,2.2671508875e+05,1.4848767363e+02,2.0000000000e+02,-1.4346716676e-01,-5.2512979463e-01,7.7619465345e-03,1.3923950392e-03,4.6607455624e+02,18.0000,13.0000,7372.045
7.58000000e+00,5.0396903023e+08,2.5846712450e+12,2.2742598531e+05,1.4849521244e+02,2.0000000000e+02,-3.6495292754e-02,6.2420309644e-01,8.3435592812e-03,2.3850959058e-03,4.6277318041e+02,18.0000,13.0000,7381.972
7.59000000e+00,5.0432055683e+08,2.5782102566e+12,2.2776309499e+05,1.4849994434e+02,2.0000000000e+02,-3.1437574589e-02,1.7533363458e+00,8.3891227049e-03,1.6011335134e-03,4.6442679431e+02,18.0000,27.0000,7392.355
7.60000000e+00,5.0473871462e+08,2.6142472972e+12,2.2772571189e+05,1.4849768952e+02,2.0000000000e+02,-1.2927105711e-01,2.6983208630e+00,9.0786453387e-03,2.1506910786e-03,4.6864598024e+02,18.0000,27.0000,7402.960
7.61000000e+00,5.0505490555e+08,2.6488659137e+12,2.2725296502e+05,1.4848629762e+02,2.0000000000e+02,-2.8815862741e-01,3.2966553623e+00,8.7012731389e-03,1.1375176435e-03,4.7230970771e+02,18.0000,27.0000,7412.739
7.62000000e+00,5.0500999833e+08,2.6665051254e+12,2.2650399989e+05,1.4847474349e+02,2.0000000000e+02,-4.3267063949e-01,3.5152771582e+00,7.4593448673e-03,1.5249706217e-03,4.7366634178e+02,18.0000,27.0000,7423.203
7.63000000e+00,5.0469601752e+08,2.5892122453e+12,2.2573879977e+05,1.4847108557e+02,2.0000000000e+02,-4.8612341203e-01,3.3494468284e+00,7.2947114918e-03,4.6838406213e-04,4.7464006408e+02,18.0000,27.0000,7433.839
7.64000000e+00,5.0443000432e+08,2.5965196102e+12,2.2500632136e+05,1.4846994135e+02,2.0000000000e+02,-4.4313941658e-01,2.8281239942e+00,7.1685438306e-03,-1.9317825286e-05,4.7354055374e+02,18.0000,27.0000,7443.718
7.65000000e+00,5.0410606894e+08,2.5730082332e+12,2.2440802203e+05,1.4847839350e+02,2.0000000000e+02,-3.1372201088e-01,2.0057736510e+00,7.1746959993e-03,-1.2642702414e-03,4.7215088528e+02,18.0000,27.0000,7454.332
7.66000000e+00,5.0411527011e+08,2.5608169866e+12,2.2399888322e+05,1.4849020681e+02,2.0000000000e+02,-1.4984217409e-01,9.7324775131e-01,7.9823422550e-03,-2.4058116614e-03,4.6906426992e+02,18.0000,27.0000,7465.035
7.67000000e+00,5.0430470177e+08,2.5246048485e+12,2.2365914781e+05,1.4849142710e+02,2.0000000000e+02,-3.7289879475e-02,-1.7562452276e-01,7.7757384205e-03,-1.6460787923e-03,4.6538546969e+02,18.0000,27.0000,7475.011
7.68000000e+00,5.0454978407e+08,2.5182167577e+12,2.2345265176e+05,1.4849576830e+02,2.0000000000e+02,-1.0637559496e-02,-1.2971452171e+00,7.9069177827e-03,-1.7925120898e-03,4.6244851644e+02,18.0000,27.0000,7485.514
7.69000000e+00,5.0494786071e+08,2.4722078382e+12,2.2335167230e+05,1.4849607067e+02,2.0000000000e+02,-9.0612696899e-02,-2.2390170684e+00,7.8124615306e-03,-2.4661127424e-03,4.6525236999e+02,18.0000,13.0000,7495.946
7.70000000e+00,5.0520876872e+08,2.5331310144e+12,2.2333696690e+05,1.4848396970e+02,2.0000000000e+02,-2.3804776224e-01,-2.8529886367e+00,6.9583769861e-03,-1.9258735993e-03,4.6822261691e+02,18.0000,13.0000,7505.781
7.71000000e+00,5.0516245841e+08,2.5423010429e+12,2.2357122645e+05,1.4847424546e+02,2.0000000000e+02,-3.8144975504e-01,-3.1085594763e+00,7.0550245443e-03,-6.3181584714e-04,4.7103079252e+02,18.0000,13.0000,7516.467
7.72000000e+00,5.0472619206e+08,2.5762137399e+12,2.2406046931e+05,1.4846607076e+02,2.0000000000e+02,-4.5492396909e-01,-2.9910337886e+00,6.7146311456e-03,9.4782675043e-04,4.7159265561e+02,18.0000,13.0000,7526.874
7.73000000e+00,5.0429454413e+08,2.6176914779e+12,2.2481434842e+05,1.4846893779e+02,2.0000000000e+02,-4.2252873222e-01,-2.5061930646e+00,7.1705836032e-03,-1.9099325037e-04,4.7071678097e+02,18.0000,13.0000,7536.568
7.74000000e+00,5.0398985817e+08,2.5891046217e+12,2.2566912277e+05,1.4847873810e+02,2.0000000000e+02,-3.1385273574e-01,-1.7234290792e+00,7.0107523925e-03,4.9118066779e-04,4.6953818251e+02,18.0000,13.0000,7547.060
7.75000000e+00,5.0380803106e+08,2.5666383297e+12,2.2655949129e+05,1.4848867016e+02,2.0000000000e+02,-1.6893180232e-01,-7.2988780913e-01,7.1435369089e-03,1.0621540231e-03,4.6728238529e+02,18.0000,13.0000,7557.880
7.76000000e+00,5.0394999925e+08,2.5575825262e+12,2.2732386063e+05,1.4849850483e+02,2.0000000000e+02,-4.6889618123e-02,4.0831078478e-01,7.7726393400e-03,2.3790925740e-03,4.6429048716e+02,18.0000,13.0000,7567.712
7.77000000e+00,5.0429524210e+08,2.5564684143e+12,2.2773595146e+05,1.4850237879e+02,2.0000000000e+02,-2.4881441659e-02,1.5596473926e+00,7.9165511896e-03,1.5323681129e-03,4.6379164769e+02,18.0000,27.0000,7578.223
7.78000000e+00,5.0466892137e+08,2.6084124580e+12,2.2777522064e+05,1.4850344940e+02,2.0000000000e+02,-1.0405362068e-01,2.5530033433e+00,8.8214113950e-03,1.6146836166e-03,4.6667493539e+02,18.0000,27.0000,7589.051
7.79000000e+00,5.0501758205e+08,2.6109938523e+12,2.2737023307e+05,1.4848815660e+02,2.0000000000e+02,-2.6075874116e-01,3.2246788660e+00,8.2760644341e-03,1.7476227638e-03,4.7027006426e+02,18.0000,27.0000,7598.999
7.80000000e+00,5.0504810293e+08,2.6501558374e+12,2.2664948489e+05,1.4847391787e+02,2.0000000000e+02,-4.1504416112e-01,3.5098376607e+00,7.3363851191e-03,1.8254722834e-03,4.7323554362e+02,18.0000,27.0000,7609.446
7.81000000e+00,5.0474382575e+08,2.6331382235e+12,2.2587648131e+05,1.4846868953e+02,2.0000000000e+02,-4.8570972559e-01,3.4089886068e+00,7.3814151645e-03,1.2154226864e-03,4.7469345301e+02,18.0000,27.0000,7620.097
7.82000000e+00,5.0447499047e+08,2.6315014454e+12,2.2513772487e+05,1.4847133985e+02,2.0000000000e+02,-4.5676615266e-01,2.9506673008e+00,7.3475308296e-03,-4.7788192154e-04,4.7448710052e+02,18.0000,27.0000,7629.827
7.83000000e+00,5.0414936029e+08,2.5793335959e+12,2.2449425866e+05,1.4847212036e+02,2.0000000000e+02,-3.4247485754e-01,2.1712542863e+00,6.8246595236e-03,-1.2981706951e-03,4.7300753607e+02,18.0000,27.0000,7640.414
7.84000000e+00,5.0408670383e+08,2.5557456074e+12,2.2406538596e+05,1.4848294880e+02,2.0000000000e+02,-1.7799245803e-01,1.1725507792e+00,7.8118322696e-03,-1.7467997167e-03,4.7055453103e+02,18.0000,27.0000,7651.170
7.85000000e+00,5.0426979271e+08,2.5242131036e+12,2.2371027793e+05,1.4848905610e+02,2.0000000000e+02,-5.2937481013e-02,3.8925220527e-02,7.8952797641e-03,-2.0142760420e-03,4.6669069339e+02,18.0000,27.0000,7660.961
7.86000000e+00,5.0450033164e+08,2.5216602972e+12,2.2347579064e+05,1.4849239048e+02,2.0000000000e+02,-1.0150872352e-02,-1.0972271337e+00,8.2021001495e-03,-2.6479532697e-03,4.6286501903e+02,18.0000,27.0000,7671.261
7.87000000e+00,5.0489993177e+08,2.5090626503e+12,2.2336254393e+05,1.4849838137e+02,2.0000000000e+02,-6.6782987648e-02,-2.0823527015e+00,8.2830569229e-03,-2.6682850157e-03,4.6404785193e+02,18.0000,13.0000,7681.844
7.88000000e+00,5.0521748377e+08,2.5120361130e+12,2.2332129797e+05,1.4848839135e+02,2.0000000000e+02,-2.1126540906e-01,-2.7747974032e+00,7.4205150716e-03,-1.5802203009e-03,4.6753199047e+02,18.0000,13.0000,7691.374
7.89000000e+00,5.0517439034e+08,2.6110808475e+12,2.2351643108e+05,1.4847323572e+02,2.0000000000e+02,-3.6019091136e-01,-3.0938026001e+00,7.9214150432e-03,-9.7005634141e-04,4.7046294748e+02,18.0000,13.0000,7701.941
7.90000000e+00,5.0479223624e+08,2.6340382736e+12,2.2394397950e+05,1.4846781141e+02,2.0000000000e+02,-4.4990740963e-01,-3.0459322332e+00,7.1325361626e-03,-2.8240315605e-04,4.7134523273e+02,18.0000,13.0000,7712.671
7.91000000e+00,5.0433857793e+08,2.6419509523e+12,2.2466069208e+05,1.4847027351e+02,2.0000000000e+02,-4.3520279305e-01,-2.6235294638e+00,7.2262512631e-03,-3.0023026663e-04,4.7045658960e+02,18.0000,13.0000,7722.115
7.92000000e+00,5.0403828311e+08,2.6130797458e+12,2.2550509541e+05,1.4848034008e+02,2.0000000000e+02,-3.3841851283e-01,-1.8935055567e+00,6.7719622087e-03,7.2643863978e-04,4.7003081291e+02,18.0000,13.0000,7732.729
7.93000000e+00,5.0383079502e+08,2.5271213489e+12,2.2639764614e+05,1.4848725041e+02,2.0000000000e+02,-1.9633151045e-01,-9.2486552976e-01,6.8800929797e-03,1.9347699757e-03,4.6819255866e+02,18.0000,13.0000,7743.623
7.94000000e+00,5.0391541481e+08,2.5170696252e+12,2.2720310084e+05,1.4849851816e+02,2.0000000000e+02,-6.3503603264e-02,1.9532141532e-01,7.6812151384e-03,2.1750352327e-03,4.6573020024e+02,18.0000,13.0000,7753.071
7.95000000e+00,5.0424513193e+08,2.5186929942e+12,2.2769108086e+05,1.4850118356e+02,2.0000000000e+02,-1.8321639756e-02,1.3512455558e+00,7.8651466317e-03,2.1163674733e-03,4.6284457786e+02,18.0000,27.0000,7763.862
7.96000000e+00,5.0458321542e+08,2.5276549242e+12,2.2779945391e+05,1.4850280622e+02,2.0000000000e+02,-8.0395015373e-02,2.3840264908e+00,8.1564551632e-03,1.7344149793e-03,4.6639896362e+02,18.0000,27.0000,7774.927
7.97000000e+00,5.0496938006e+08,2.5628029704e+12,2.2747524578e+05,1.4849027800e+02,2.0000000000e+02,-2.2907208144e-01,3.1233930723e+00,7.7776369246e-03,2.1795915409e-03,4.6980776910e+02,18.0000,27.0000,7784.685
7.98000000e+00,5.0507813401e+08,2.5575632185e+12,2.2679545740e+05,1.4847598462e+02,2.0000000000e+02,-3.9151652495e-01,3.4818182377e+00,6.6650025223e-03,1.3618188463e-03,4.7208201831e+02,18.0000,27.0000,7795.140
7.99000000e+00,5.0477983380e+08,2.6046461820e+12,2.2601400550e+05,1.4846801103e+02,2.0000000000e+02,-4.8029877193e-01,3.4534443968e+00,6.8170346232e-03,8.4451610960e-04,4.7480614328e+02,18.0000,27.0000,7805.844
8.00000000e+00,5.0450407686e+08,2.5765346780e+12,2.2527174065e+05,1.4847204234e+02,2.0000000000e+02,-4.6820797106e-01,3.0621701837e+00,7.1090555924e-03,-9.0300865681e-04,4.7534032493e+02,18.0000,27.0000,7815.605
8.01000000e+00,5.0420863468e+08,2.5376138932e+12,2.2458785815e+05,1.4846477638e+02,2.0000000000e+02,-3.7325571432e-01,2.3405636904e+00,6.3320385646e-03,-1.6933301374e-03,4.7411181907e+02,18.0000,27.0000,7826.208
8.02000000e+00,5.0407598297e+08,2.5213866001e+12,2.2413660694e+05,1.4847737472e+02,2.0000000000e+02,-2.1172297362e-01,1.3753599386e+00,7.4447772624e-03,-1.3194455365e-03,4.7154886575e+02,18.0000,27.0000,7837.110
8.03000000e+00,5.0423611703e+08,2.4877175792e+12,2.2376525430e+05,1.4848576209e+02,2.0000000000e+02,-7.3478073811e-02,2.5668212719e-01,7.8791672507e-03,-2.1969832311e-03,4.6832874017e+02,18.0000,27.0000,7846.883
8.04000000e+00,5.0444608179e+08,2.5470796438e+12,2.2350240339e+05,1.4848639533e+02,2.0000000000e+02,-1.0137122149e-02,-8.9172515762e-01,8.2851453687e-03,-3.0853166138e-03,4.6411209329e+02,18.0000,27.0000,7857.395
8.05000000e+00,5.0483416111e+08,2.6197991747e+12,2.2337319591e+05,1.4849508778e+02,2.0000000000e+02,-4.6148176794e-02,-1.9235779390e+00,8.9424271798e-03,-2.7314345938e-03,4.6437428006e+02,18.0000,13.0000,7868.458
8.06000000e+00,5.0521027592e+08,2.5391486215e+12,2.2332083120e+05,1.4849156160e+02,2.0000000000e+02,-1.8455032946e-01,-2.6834019336e+00,8.4276034789e-03,-1.3174506570e-03,4.6787758710e+02,18.0000,13.0000,7878.541
8.07000000e+00,5.0517802188e+08,2.6257051763e+12,2.2346349308e+05,1.4847832704e+02,2.0000000000e+02,-3.3549261622e-01,-3.0670613271e+00,8.1910389216e-03,-1.0847082086e-03,4.6969334653e+02,18.0000,13.0000,7888.860
8.08000000e+00,5.0486523842e+08,2.6549797129e+12,2.2383332408e+05,1.4846970462e+02,2.0000000000e+02,-4.3984513087e-01,-3.0835924857e+00,7.1463025264e-03,-1.4938546662e-03,4.7132125109e+02,18.0000,13.0000,7899.619
8.09000000e+00,5.0440489923e+08,2.6469906212e+12,2.2450734351e+05,1.4846999823e+02,2.0000000000e+02,-4.4427961096e-01,-2.7296154529e+00,7.1898502206e-03,1.0233545559e-04,4.7104177294e+02,18.0000,13.0000,7909.834
8.10000000e+00,5.0410598581e+08,2.5826567390e+12,2.2534162747e+05,1.4847839394e+02,2.0000000000e+02,-3.6060907893e-01,-2.0515668344e+00,6.9255019429e-03,1.4046592488e-03,4.7067613897e+02,18.0000,13.0000,7920.185
8.11000000e+00,5.0386815375e+08,2.5582737435e+12,2.2623045620e+05,1.4848338645e+02,2.0000000000e+02,-2.2337094486e-01,-1.1190299787e+00,7.0002602859e-03,2.6353029388e-03,4.6877888971e+02,18.0000,13.0000,7931.140
8.12000000e+00,5.0388415527e+08,2.5277483391e+12,2.2706901511e+05,1.4849463532e+02,2.0000000000e+02,-8.3298446403e-02,-2.2725439816e-02,7.9579350360e-03,1.7671020239e-03,4.6592728537e+02,18.0000,13.0000,7941.361
8.13000000e+00,5.0418137155e+08,2.5339153618e+12,2.2763262612e+05,1.4849816882e+02,2.0000000000e+02,-1.8661551309e-02,1.1355749177e+00,8.4184881468e-03,2.6460663335e-03,4.6221778877e+02,18.0000,13.0000,7951.633
8.14000000e+00,5.0452197902e+08,2.5649592547e+12,2.2781101104e+05,1.4849888574e+02,2.0000000000e+02,-6.2755327644e-02,2.2046790252e+00,8.2249616753e-03,2.4240445520e-03,4.6552803857e+02,18.0000,27.0000,7962.319
8.15000000e+00,5.0493550071e+08,2.5412366716e+12,2.2756810957e+05,1.4849324496e+02,2.0000000000e+02,-1.9631755219e-01,3.0094193179e+00,7.8160905994e-03,1.9004799560e-03,4.6872081067e+02,18.0000,27.0000,7972.474
8.16000000e+00,5.0513512703e+08,2.5035378806e+12,2.2694320368e+05,1.4848297542e+02,2.0000000000e+02,-3.6156110804e-01,3.4458084255e+00,6.7187230497e-03,1.0033148548e-03,4.7235887294e+02,18.0000,27.0000,7982.861
8.17000000e+00,5.0486373237e+08,2.5523333754e+12,2.2615558565e+05,1.4847042874e+02,2.0000000000e+02,-4.7327390040e-01,3.4959640186e+00,6.2048815513e-03,2.1197335703e-04,4.7391012811e+02,18.0000,27.0000,7993.517
8.18000000e+00,5.0455485651e+08,2.5634565367e+12,2.2541066195e+05,1.4847228454e+02,2.0000000000e+02,-4.7859662703e-01,3.1679741226e+00,6.7292908952e-03,-8.4454605027e-04,4.7516442092e+02,18.0000,27.0000,8004.466
8.19000000e+00,5.0429152382e+08,2.5315351344e+12,2.2470099619e+05,1.4846736593e+02,2.0000000000e+02,-3.9893372744e-01,2.5039226490e+00,6.2019756150e-03,-1.2500282916e-03,4.7444488191e+02,18.0000,27.0000,8014.036
8.20000000e+00,5.0407740917e+08,2.5267892988e+12,2.2421179922e+05,1.4848029048e+02,2.0000000000e+02,-2.4196262987e-01,1.5745888406e+00,7.1818929675e-03,-1.8661039146e-03,4.7163607119e+02,18.0000,27.0000,8024.756
8.21000000e+00,5.0419998185e+08,2.5234803549e+12,2.2383406285e+05,1.4848930327e+02,2.0000000000e+02,-9.4655712829e-02,4.7674259746e-01,7.7276888580e-03,-2.1627771205e-03,4.6875162154e+02,18.0000,27.0000,8035.726
8.22000000e+00,5.0439175481e+08,2.5353646354e+12,2.2353984938e+05,1.4849094827e+02,2.0000000000e+02,-1.7002859491e-02,-6.8114197298e-01,7.9563229793e-03,-2.7379872384e-03,4.6463836205e+02,18.0000,27.0000,8045.141
8.23000000e+00,5.0472438793e+08,2.6153021829e+12,2.2339332922e+05,1.4849870850e+02,2.0000000000e+02,-3.4291883851e-02,-1.7505180421e+00,8.9858899757e-03,-1.6697748749e-03,4.6290533667e+02,18.0000,13.0000,8055.985
8.24000000e+00,5.0511618301e+08,2.5597131498e+12,2.2333192219e+05,1.4849409659e+02,2.0000000000e+02,-1.5534289186e-01,-2.5638177055e+00,9.1915081217e-03,-8.2954968165e-04,4.6703697415e+02,18.0000,13.0000,8067.030
8.25000000e+00,5.0516625865e+08,2.5691532934e+12,2.2342120770e+05,1.4848338740e+02,2.0000000000e+02,-3.0808345980e-01,-3.0179690687e+00,7.7800411561e-03,-9.6601166120e-04,4.6930434110e+02,18.0000,13.0000,8076.479
8.26000000e+00,5.0494661841e+08,2.6294023948e+12,2.2373837790e+05,1.4847209973e+02,2.0000000000e+02,-4.2575684440e-01,-3.1055655793e+00,6.6944747398e-03,-1.1819120274e-03,4.7086023903e+02,18.0000,13.0000,8087.194
8.27000000e+00,5.0448896259e+08,2.6005520240e+12,2.2436074672e+05,1.4846754013e+02,2.0000000000e+02,-4.5258051949e-01,-2.8250264338e+00,6.8059507374e-03,6.9015347342e-04,4.7191296454e+02,18.0000,13.0000,8098.233
8.28000000e+00,5.0417517682e+08,2.5424463509e+12,2.2517949446e+05,1.4847701458e+02,2.0000000000e+02,-3.8285245930e-01,-2.2058298339e+00,7.2401643626e-03,1.5287715506e-03,4.7137890906e+02,18.0000,13.0000,8107.616
8.29000000e+00,5.0391684093e+08,2.5575738435e+12,2.2605733880e+05,1.4847512523e+02,2.0000000000e+02,-2.5518687421e-01,-1.3111478693e+00,7.2175113263e-03,2.0232419295e-03,4.6908709542e+02,18.0000,13.0000,8118.239
8.30000000e+00,5.0385638246e+08,2.5687184646e+12,2.2692388682e+05,1.4848592354e+02,2.0000000000e+02,-1.1011338308e-01,-2.4118214241e-01,8.1968205086e-03,1.5549457212e-03,4.6576996658e+02,18.0000,13.0000,8129.445
8.31000000e+00,5.0411020888e+08,2.5787850902e+12,2.2755866854e+05,1.4849245895e+02,2.0000000000e+02,-2.3020236906e-02,9.1754280745e-01,8.8332057168e-03,2.4872886841e-03,4.6253453575e+02,18.0000,13.0000,8138.981
8.32000000e+00,5.0446610398e+08,2.5768928885e+12,2.2781144223e+05,1.4849661448e+02,2.0000000000e+02,-4.5154363006e-02,2.0164650036e+00,8.6237666724e-03,2.7619260759e-03,4.6577843951e+02,18.0000,27.0000,8149.552
8.33000000e+00,5.0490869142e+08,2.5838306429e+12,2.2764904830e+05,1.4849213126e+02,2.0000000000e+02,-1.6338602895e-01,2.8908951920e+00,8.3314369566e-03,2.0582219105e-03,4.6941277207e+02,18.0000,27.0000,8160.696
8.34000000e+00,5.0517393803e+08,2.6092149490e+12,2.2708878260e+05,1.4848718730e+02,2.0000000000e+02,-3.2865476026e-01,3.3958468502e+00,7.6141297100e-03,1.3535028589e-03,4.7203893109e+02,18.0000,27.0000,8170.238
8.35000000e+00,5.0497204297e+08,2.5417350912e+12,2.2630749004e+05,1.4847195110e+02,2.0000000000e+02,-4.6007714729e-01,3.5197758554e+00,6.3749030722e-03,5.2193226602e-04,4.7399763168e+02,18.0000,27.0000,8181.200
8.36000000e+00,5.0463842179e+08,2.5397747714e+12,2.2555216856e+05,1.4847242722e+02,2.0000000000e+02,-4.8442091408e-01,3.2581186693e+00,6.5948761311e-03,-6.9822670029e-04,4.7446236347e+02,18.0000,27.0000,8192.190
8.37000000e+00,5.0438083017e+08,2.5450069692e+12,2.2482922129e+05,1.4847030102e+02,2.0000000000e+02,-4.1925739558e-01,2.6529472949e+00,6.5325694721e-03,-4.2868733766e-04,4.7415453557e+02,18.0000,27.0000,8201.690
8.38000000e+00,5.0409789093e+08,2.5463285158e+12,2.2428914351e+05,1.4848222777e+02,2.0000000000e+02,-2.7288779703e-01,1.7729668489e+00,7.1229049187e-03,-2.0782884016e-03,4.7166012104e+02,18.0000,27.0000,8212.395
8.39000000e+00,5.0417086276e+08,2.5483938538e+12,2.2390134331e+05,1.4849183316e+02,2.0000000000e+02,-1.1613236213e-01,7.0474898469e-01,7.7093921863e-03,-2.1071751269e-03,4.6854700546e+02,18.0000,27.0000,8223.390
8.40000000e+00,5.0435606205e+08,2.5515870865e+12,2.2358876014e+05,1.4849341470e+02,2.0000000000e+02,-2.3239794434e-02,-4.5140292630e-01,7.6298399716e-03,-1.8938971049e-03,4.6544423874e+02,18.0000,27.0000,8232.867
8.41000000e+00,5.0462937095e+08,2.5584294653e+12,2.2341993596e+05,1.4850139787e+02,2.0000000000e+02,-2.2780358837e-02,-1.5492693840e+00,8.4041320790e-03,-1.2217939859e-03,4.6247042416e+02,18.0000,13.0000,8243.638
8.42000000e+00,5.0500327273e+08,2.5457795565e+12,2.2333735895e+05,1.4849946489e+02,2.0000000000e+02,-1.2160100124e-01,-2.4247356211e+00,8.5786907540e-03,-1.1754951614e-03,4.6511631088e+02,18.0000,13.0000,8254.633
8.43000000e+00,5.0516572217e+08,2.5511252018e+12,2.2337793464e+05,1.4848309021e+02,2.0000000000e+02,-2.7601171727e-01,-2.9532847695e+00,7.2321586384e-03,-1.6997711761e-03,4.6821963973e+02,18.0000,13.0000,8264.108
8.44000000e+00,5.0504493037e+08,2.5563885742e+12,2.2365147377e+05,1.4847420605e+02,2.0000000000e+02,-4.0838573490e-01,-3.1222471868e+00,6.2679713452e-03,-5.0181623375e-04,4.7051157733e+02,18.0000,13.0000,8274.755
8.45000000e+00,5.0458434720e+08,2.5827462608e+12,2.2421446309e+05,1.4846543695e+02,2.0000000000e+02,-4.5919177453e-01,-2.9154419075e+00,6.4560026867e-03,8.9007631703e-04,4.7187324918e+02,18.0000,13.0000,8285.678
8.46000000e+00,5.0421028764e+08,2.5824504641e+12,2.2501003800e+05,1.4847186551e+02,2.0000000000e+02,-4.0476364939e-01,-2.3547333752e+00,7.2757590700e-03,6.9796582053e-04,4.7128977587e+02,18.0000,13.0000,8295.097
8.47000000e+00,5.0393236816e+08,2.5734266084e+12,2.2588196798e+05,1.4847522382e+02,2.0000000000e+02,-2.8420675792e-01,-1.5025069171e+00,7.3276048700e-03,8.7571621430e-04,4.6948710777e+02,18.0000,13.0000,8305.728
8.48000000e+00,5.0380498356e+08,2.5961965015e+12,2.2676651500e+05,1.4848670375e+02,2.0000000000e+02,-1.3748004027e-01,-4.6272261634e-01,7.9446079382e-03,1.3631667593e-03,4.6581129697e+02,18.0000,13.0000,8317.218
8.49000000e+00,5.0401140879e+08,2.5957590068e+12,2.2746346728e+05,1.4849304382e+02,2.0000000000e+02,-3.3342586858e-02,6.9313103156e-01,8.5436849429e-03,2.4174456326e-03,4.6258983876e+02,18.0000,13.0000,8327.121
8.50000000e+00,5.0437103813e+08,2.5922775550e+12,2.2778251774e+05,1.4849758995e+02,2.0000000000e+02,-3.3324029718e-02,1.8173669441e+00,8.5076256670e-03,1.9844705798e-03,4.6458959431e+02,18.0000,27.0000,8337.692
8.51000000e+00,5.0481082442e+08,2.5910967990e+12,2.2771821989e+05,1.4849702830e+02,2.0000000000e+02,-1.3745061056e-01,2.7503830888e+00,8.9747746396e-03,2.4590981154e-03,4.6954539200e+02,18.0000,27.0000,8348.725
8.52000000e+00,5.0511581929e+08,2.6457148442e+12,2.2722324939e+05,1.4848470047e+02,2.0000000000e+02,-2.9779941693e-01,3.3263392683e+00,8.6206439060e-03,1.1310050858e-03,4.7253857171e+02,18.0000,27.0000,8358.355
8.53000000e+00,5.0502574535e+08,2.6391680844e+12,2.2646467230e+05,1.4847413597e+02,2.0000000000e+02,-4.3934464521e-01,3.5231029048e+00,7.2269170427e-03,1.3384809720e-03,4.7393032157e+02,18.0000,27.0000,8369.171
8.54000000e+00,5.0470279052e+08,2.5638744822e+12,2.2569788351e+05,1.4847118300e+02,2.0000000000e+02,-4.8712006401e-01,3.3364573097e+00,7.0514485173e-03,-1.8209783712e-05,4.7470892192e+02,18.0000,27.0000,8380.318
8.55000000e+00,5.0443401928e+08,2.5810176944e+12,2.2496684314e+05,1.4846902980e+02,2.0000000000e+02,-4.4029272076e-01,2.7995311867e+00,7.0681241066e-03,5.2561666274e-06,4.7352496157e+02,18.0000,27.0000,8389.960
8.56000000e+00,5.0411333307e+08,2.5678523876e+12,2.2437772011e+05,1.4847867718e+02,2.0000000000e+02,-3.0844674327e-01,1.9690470680e+00,7.2100257418e-03,-1.3853482857e-03,4.7200953572e+02,18.0000,27.0000,8400.631
8.57000000e+00,5.0413520996e+08,2.5607578959e+12,2.2397268340e+05,1.4849079394e+02,2.0000000000e+02,-1.4569796800e-01,9.2977840789e-01,7.9748128561e-03,-2.3818532681e-03,4.6889037885e+02,17.0000,26.5000,8411.902
8.58000000e+00,5.0432521071e+08,2.5382866691e+12,2.2363872077e+05,1.4849239860e+02,2.0000000000e+02,-3.5100188481e-02,-2.2089521215e-01,7.7626034918e-03,-1.4810925430e-03,4.6524462690e+02,18.0000,27.0000,8421.616
8.59000000e+00,5.0458010262e+08,2.5141529570e+12,2.2344057604e+05,1.4849688114e+02,2.0000000000e+02,-1.1897658841e-02,-1.3413272149e+00,7.9415795856e-03,-1.5513626352e-03,4.6231006130e+02,18.0000,27.0000,8432.240
8.60000000e+00,5.0496993914e+08,2.4758559280e+12,2.2333906328e+05,1.4849656267e+02,2.0000000000e+02,-9.6383275363e-02,-2.2787898740e+00,7.7981563061e-03,-2.2451098798e-03,4.6549405568e+02,18.0000,13.0000,8443.406
8.61000000e+00,5.0521026930e+08,2.5481077904e+12,2.2333743081e+05,1.4848349972e+02,2.0000000000e+02,-2.4554169866e-01,-2.8813416835e+00,6.9816585706e-03,-2.0369401819e-03,4.6807631302e+02,18.0000,13.0000,8453.153
8.62000000e+00,5.0515289813e+08,2.5359703481e+12,2.2357504746e+05,1.4847466221e+02,2.0000000000e+02,-3.8869738161e-01,-3.1248016204e+00,6.7376613356e-03,-6.7519320720e-04,4.7094326448e+02,18.0000,13.0000,8463.377
8.63000000e+00,5.0469810188e+08,2.5756972706e+12,2.2407847871e+05,1.4846536658e+02,2.0000000000e+02,-4.5927430862e-01,-2.9900322065e+00,6.6131333195e-03,8.7348021614e-04,4.7170181057e+02,18.0000,13.0000,8474.504
8.64000000e+00,5.0426611721e+08,2.6205487222e+12,2.2484084891e+05,1.4846851933e+02,2.0000000000e+02,-4.2239545742e-01,-2.4894435318e+00,7.1486577893e-03,-7.5217012526e-05,4.7091347841e+02,18.0000,13.0000,8484.392
8.65000000e+00,5.0396392199e+08,2.5940889123e+12,2.2570247737e+05,1.4847737602e+02,2.0000000000e+02,-3.0989440792e-01,-1.6919352150e+00,7.0621921790e-03,4.6467951452e-04,4.6953957213e+02,18.0000,13.0000,8494.867
8.66000000e+00,5.0379389317e+08,2.5845378363e+12,2.2659426778e+05,1.4848776942e+02,2.0000000000e+02,-1.6386908652e-01,-6.8936264867e-01,7.2216314973e-03,1.0642926579e-03,4.6711194046e+02,18.0000,13.0000,8505.910
8.67000000e+00,5.0395041376e+08,2.5736590525e+12,2.2735083669e+05,1.4849778565e+02,2.0000000000e+02,-4.5004441552e-02,4.5211514385e-01,7.8460543300e-03,2.5024080040e-03,4.6399233554e+02,18.0000,13.0000,8515.834
8.68000000e+00,5.0430015570e+08,2.5593730970e+12,2.2774871171e+05,1.4850073720e+02,2.0000000000e+02,-2.6860282569e-02,1.5994417179e+00,8.0077443176e-03,1.5447618333e-03,4.6391110158e+02,18.0000,27.0000,8526.155
8.69000000e+00,5.0468944511e+08,2.6266386965e+12,2.2777376298e+05,1.4850268547e+02,2.0000000000e+02,-1.0886908186e-01,2.5843953328e+00,8.9414531022e-03,1.6201770261e-03,4.6696663446e+02,18.0000,27.0000,8537.318
8.70000000e+00,5.0503032823e+08,2.6261259689e+12,2.2735312927e+05,1.4848812729e+02,2.0000000000e+02,-2.6630612278e-01,3.2444690874e+00,8.3951146495e-03,1.5532860055e-03,4.7081852837e+02,18.0000,27.0000,8547.327
8.71000000e+00,5.0504384663e+08,2.6707316354e+12,2.2662430795e+05,1.4847401210e+02,2.0000000000e+02,-4.1965616759e-01,3.5199331223e+00,7.4107548419e-03,1.8038486516e-03,4.7347167451e+02,18.0000,27.0000,8557.746
8.72000000e+00,5.0473765685e+08,2.6258312777e+12,2.2584932670e+05,1.4846821316e+02,2.0000000000e+02,-4.8955556473e-01,3.4107119910e+00,7.3842988474e-03,1.0621791820e-03,4.7477330572e+02,18.0000,27.0000,8568.767
8.73000000e+00,5.0446188637e+08,2.6427750245e+12,2.2511179800e+05,1.4847037200e+02,2.0000000000e+02,-4.5925196616e-01,2.9447313580e+00,7.4050591852e-03,-3.8406837478e-04,4.7430821195e+02,18.0000,27.0000,8580.070
8.74000000e+00,5.0413739394e+08,2.5893362121e+12,2.2447245482e+05,1.4847269278e+02,2.0000000000e+02,-3.4216286624e-01,2.1564971465e+00,6.9290904360e-03,-1.1142556097e-03,4.7283896994e+02,18.0000,27.0000,8589.518
8.75000000e+00,5.0408599686e+08,2.5706789641e+12,2.2404782293e+05,1.4848345654e+02,2.0000000000e+02,-1.7558373264e-01,1.1494291174e+00,7.9096033434e-03,-1.6696423423e-03,4.7039256233e+02,18.0000,27.0000,8600.355
8.76000000e+00,5.0427982777e+08,2.5281511265e+12,2.2369557711e+05,1.4848967921e+02,2.0000000000e+02,-5.0883433136e-02,8.4914389861e-03,7.9330909814e-03,-2.0105579630e-03,4.6646567476e+02,18.0000,27.0000,8611.430
8.77000000e+00,5.0452262460e+08,2.5253161360e+12,2.2346497303e+05,1.4849282184e+02,2.0000000000e+02,-9.5217697076e-03,-1.1296666191e+00,8.1761067561e-03,-2.6403931211e-03,4.6276431154e+02,18.0000,27.0000,8620.926
8.78000000e+00,5.0492664040e+08,2.5069793392e+12,2.2335183565e+05,1.4849787834e+02,2.0000000000e+02,-7.0693011627e-02,-2.1123376631e+00,8.1616708384e-03,-2.7220729899e-03,4.6400111892e+02,18.0000,13.0000,8632.344
8.79000000e+00,5.0523444363e+08,2.5135617632e+12,2.2331544239e+05,1.4848747421e+02,2.0000000000e+02,-2.1567881523e-01,-2.7944794225e+00,7.3300158297e-03,-1.6828946152e-03,4.6762946879e+02,18.0000,13.0000,8643.560
8.80000000e+00,5.0519653990e+08,2.5973804792e+12,2.2351668665e+05,1.4847269863e+02,2.0000000000e+02,-3.6435411075e-01,-3.1035038901e+00,7.8030572968e-03,-1.0058191269e-03,4.7069009637e+02,18.0000,13.0000,8653.634
8.81000000e+00,5.0479426788e+08,2.6276843762e+12,2.2395316748e+05,1.4846700455e+02,2.0000000000e+02,-4.5191381823e-01,-3.0443696873e+00,7.0716614265e-03,2.5883571731e-05,4.7145371614e+02,18.0000,13.0000,8663.962
8.82000000e+00,5.0434032700e+08,2.6364642767e+12,2.2467523235e+05,1.4846946075e+02,2.0000000000e+02,-4.3543336219e-01,-2.6143984353e+00,7.1664572977e-03,-2.6816689841e-04,4.7058319824e+02,18.0000,13.0000,8674.634
8.83000000e+00,5.0403737703e+08,2.6129323998e+12,2.2552277476e+05,1.4847956056e+02,2.0000000000e+02,-3.3768486858e-01,-1.8802193663e+00,6.7580392331e-03,7.0304737470e-04,4.6999588241e+02,18.0000,13.0000,8684.829
8.84000000e+00,5.0383617631e+08,2.5286092633e+12,2.2641690464e+05,1.4848671250e+02,2.0000000000e+02,-1.9554126573e-01,-9.0999252530e-01,6.8823420638e-03,1.8670525122e-03,4.6807948569e+02,18.0000,13.0000,8695.195
8.85000000e+00,5.0393207664e+08,2.5303052069e+12,2.2721982772e+05,1.4849850288e+02,2.0000000000e+02,-6.3111710657e-02,2.1186918646e-01,7.6686129983e-03,2.2372450181e-03,4.6570352551e+02,18.0000,13.0000,8705.920
8.86000000e+00,5.0426614063e+08,2.5223223684e+12,2.2770201165e+05,1.4850062160e+02,2.0000000000e+02,-1.8967088175e-02,1.3698335087e+00,7.8232459982e-03,1.9922106132e-03,4.6290472308e+02,18.0000,27.0000,8716.019
8.87000000e+00,5.0461868930e+08,2.5313743225e+12,2.2780871206e+05,1.4850338057e+02,2.0000000000e+02,-8.1691851400e-02,2.4047046811e+00,8.2613722019e-03,1.6630389861e-03,4.6644280356e+02,18.0000,27.0000,8726.680
8.88000000e+00,5.0500211951e+08,2.5717035846e+12,2.2747351157e+05,1.4848909717e+02,2.0000000000e+02,-2.3337384396e-01,3.1447398492e+00,7.8314146630e-03,2.1489991641e-03,4.6979713046e+02,18.0000,27.0000,8737.607
8.89000000e+00,5.0509367978e+08,2.5806604607e+12,2.2678665247e+05,1.4847504956e+02,2.0000000000e+02,-3.9727627275e-01,3.5001895411e+00,6.8119823134e-03,1.5199958539e-03,4.7217154017e+02,18.0000,27.0000,8748.827
8.90000000e+00,5.0478727161e+08,2.6257496419e+12,2.2600475745e+05,1.4846705797e+02,2.0000000000e+02,-4.8565619407e-01,3.4664830938e+00,7.0628563974e-03,1.0581357499e-03,4.7496428675e+02,18.0000,27.0000,8758.240
8.91000000e+00,5.0449634828e+08,2.5934342174e+12,2.2526144808e+05,1.4847168475e+02,2.0000000000e+02,-4.7147424299e-01,3.0681044256e+00,7.2569271561e-03,-8.2933399823e-04,4.7529957626e+02,18.0000,27.0000,8769.232
8.92000000e+00,5.0420269923e+08,2.5505009576e+12,2.2457602155e+05,1.4846445317e+02,2.0000000000e+02,-3.7428221373e-01,2.3390713135e+00,6.3946709640e-03,-1.5978223045e-03,4.7402809731e+02,18.0000,27.0000,8780.488
8.93000000e+00,5.0406276049e+08,2.5340263004e+12,2.2412412947e+05,1.4847656462e+02,2.0000000000e+02,-2.1163972899e-01,1.3690389688e+00,7.4901888369e-03,-1.3854064917e-03,4.7155982313e+02,18.0000,27.0000,8790.175
8.94000000e+00,5.0422829823e+08,2.4984786395e+12,2.2375605901e+05,1.4848533966e+02,2.0000000000e+02,-7.2651990456e-02,2.4814987058e-01,7.9221833969e-03,-2.4000079573e-03,4.6846127465e+02,18.0000,27.0000,8801.204
8.95000000e+00,5.0444580525e+08,2.5476481595e+12,2.2349391077e+05,1.4848638943e+02,2.0000000000e+02,-1.0178065880e-02,-8.9874835145e-01,8.2793172667e-03,-3.1982783499e-03,4.6410865799e+02,18.0000,27.0000,8812.421
8.96000000e+00,5.0483107069e+08,2.6193210486e+12,2.2336470862e+05,1.4849467003e+02,2.0000000000e+02,-4.6864238876e-02,-1.9281876990e+00,8.8974163207e-03,-2.7993661020e-03,4.6443768188e+02,18.0000,13.0000,8821.919
8.97000000e+00,5.0520019871e+08,2.5436403628e+12,2.2331585266e+05,1.4849130740e+02,2.0000000000e+02,-1.8482678285e-01,-2.6866344556e+00,8.3924148859e-03,-1.3653632892e-03,4.6791238376e+02,18.0000,13.0000,8832.968
8.98000000e+00,5.0517035331e+08,2.6272772673e+12,2.2346152841e+05,1.4847792943e+02,2.0000000000e+02,-3.3598936416e-01,-3.0698853631e+00,8.2121014991e-03,-1.0561278576e-03,4.6979696805e+02,18.0000,13.0000,8844.355
8.99000000e+00,5.0485585802e+08,2.6553914916e+12,2.2383252019e+05,1.4846933372e+02,2.0000000000e+02,-4.4118871945e-01,-3.0872286917e+00,7.1639241971e-03,-1.3619003432e-03,4.7141669650e+02,18.0000,13.0000,8853.840
9.00000000e+00,5.0439680439e+08,2.6489674661e+12,2.2450631623e+05,1.4846945792e+02,2.0000000000e+02,-4.4682810599e-01,-2.7350419537e+00,7.1930193640e-03,1.6254510783e-04,4.7109491751e+02,18.0000,13.0000,8864.693
9.01000000e+00,5.0410187165e+08,2.5843202206e+12,2.2534251757e+05,1.4847776162e+02,2.0000000000e+02,-3.6351226584e-01,-2.0579084381e+00,6.9347648255e-03,1.4238274639e-03,4.7074673995e+02,18.0000,13.0000,8875.803
9.02000000e+00,5.0387151572e+08,2.5613787162e+12,2.2623186258e+05,1.4848243429e+02,2.0000000000e+02,-2.2575421896e-01,-1.1241540155e+00,7.0083598894e-03,2.6293541215e-03,4.6885212273e+02,18.0000,13.0000,8885.282
9.03000000e+00,5.0389215829e+08,2.5362540587e+12,2.2707280847e+05,1.4849401754e+02,2.0000000000e+02,-8.4334435529e-02,-2.5262013573e-02,7.9904749802e-03,1.6995716017e-03,4.6597714107e+02,18.0000,13.0000,8896.334
9.04000000e+00,5.0419622217e+08,2.5398830119e+12,2.2763880916e+05,1.4849755215e+02,2.0000000000e+02,-1.8795615129e-02,1.1365380423e+00,8.4501748345e-03,2.6042362475e-03,4.6222757580e+02,18.0000,13.0000,8907.443
9.05000000e+00,5.0454385110e+08,2.5679882000e+12,2.2782039694e+05,1.4849870173e+02,2.0000000000e+02,-6.2402463759e-02,2.2085513634e+00,8.2810483638e-03,2.4074908084e-03,4.6553694317e+02,18.0000,27.0000,8916.885
9.06000000e+00,5.0495958321e+08,2.5420511840e+12,2.2757656019e+05,1.4849301593e+02,2.0000000000e+02,-1.9693592646e-01,3.0158148540e+00,7.8351950765e-03,1.9340510660e-03,4.6876136955e+02,18.0000,27.0000,8927.784
9.07000000e+00,5.0514873828e+08,2.5059423922e+12,2.2694984978e+05,1.4848190506e+02,2.0000000000e+02,-3.6300690758e-01,3.4530103192e+00,6.7364410367e-03,9.8406092197e-04,4.7240028944e+02,18.0000,27.0000,8938.945
9.08000000e+00,5.0486481182e+08,2.5638192162e+12,2.2616197956e+05,1.4846976062e+02,2.0000000000e+02,-4.7440513617e-01,3.5033988407e+00,6.2962942825e-03,2.6911248916e-04,4.7398186977e+02,18.0000,27.0000,8948.681
9.09000000e+00,5.0455017844e+08,2.5707789222e+12,2.2541371187e+05,1.4847191022e+02,2.0000000000e+02,-4.8040269590e-01,3.1776333829e+00,6.7569928230e-03,-7.8026994438e-04,4.7528785428e+02,18.0000,27.0000,8959.357
9.10000000e+00,5.0429092822e+08,2.5310418019e+12,2.2470128255e+05,1.4846714934e+02,2.0000000000e+02,-4.0195440755e-01,2.5172855806e+00,6.1888091789e-03,-1.2922526497e-03,4.7452587688e+02,18.0000,27.0000,8970.788
9.11000000e+00,5.0406746749e+08,2.5302816827e+12,2.2420752298e+05,1.4847967934e+02,2.0000000000e+02,-2.4590293921e-01,1.5919711748e+00,7.1390637034e-03,-2.0094132675e-03,4.7165128104e+02,18.0000,27.0000,8980.654
9.12000000e+00,5.0418994084e+08,2.5323206718e+12,2.2383068061e+05,1.4848899123e+02,2.0000000000e+02,-9.7343938598e-02,4.9695533956e-01,7.7067726193e-03,-2.1859472427e-03,4.6886792482e+02,18.0000,27.0000,8991.111
9.13000000e+00,5.0438893635e+08,2.5314385288e+12,2.2353664393e+05,1.4849147766e+02,2.0000000000e+02,-1.7821862553e-02,-6.6226342337e-01,7.9276394252e-03,-2.6624680375e-03,4.6468630327e+02,18.0000,27.0000,9002.533
9.14000000e+00,5.0472168782e+08,2.6052175459e+12,2.2338723907e+05,1.4849904584e+02,2.0000000000e+02,-3.3481771501e-02,-1.7367980563e+00,8.9513663739e-03,-1.5634884114e-03,4.6287119914e+02,18.0000,13.0000,9012.569
9.15000000e+00,5.0510338755e+08,2.5608550598e+12,2.2332442440e+05,1.4849425264e+02,2.0000000000e+02,-1.5362154918e-01,-2.5604449192e+00,9.1885002843e-03,-7.9370302342e-04,4.6687783809e+02,18.0000,13.0000,9023.031
9.16000000e+00,5.0516101922e+08,2.5679871545e+12,2.2341230541e+05,1.4848371341e+02,2.0000000000e+02,-3.0720049642e-01,-3.0241633274e+00,7.8244695716e-03,-9.1754758234e-04,4.6931209201e+02,18.0000,13.0000,9033.991
9.17000000e+00,5.0493992225e+08,2.6322839529e+12,2.2372365645e+05,1.4847210811e+02,2.0000000000e+02,-4.2682081146e-01,-3.1175759112e+00,6.7198230343e-03,-1.1631294944e-03,4.7095016287e+02,18.0000,13.0000,9045.310
9.18000000e+00,5.0447988488e+08,2.6041860003e+12,2.2434030835e+05,1.4846628522e+02,2.0000000000e+02,-4.5592378415e-01,-2.8417087363e+00,6.8046824285e-03,6.6347018763e-04,4.7206371763e+02,18.0000,13.0000,9054.706
9.19000000e+00,5.0415482634e+08,2.5490967386e+12,2.2515988960e+05,1.4847578671e+02,2.0000000000e+02,-3.8674703172e-01,-2.2264127877e+00,7.2903567904e-03,1.5241930213e-03,4.7149396209e+02,18.0000,13.0000,9065.585
9.20000000e+00,5.0389742767e+08,2.5652627204e+12,2.2604004675e+05,1.4847408644e+02,2.0000000000e+02,-2.5918656427e-01,-1.3337094168e+00,7.2827028088e-03,1.9192958020e-03,4.6913850814e+02,18.0000,13.0000,9077.052
9.21000000e+00,5.0383349786e+08,2.5755511425e+12,2.2690938856e+05,1.4848523584e+02,2.0000000000e+02,-1.1343509017e-01,-2.6476125021e-01,8.2304915891e-03,1.4451569810e-03,4.6564883126e+02,18.0000,13.0000,9086.879
9.22000000e+00,5.0408612704e+08,2.5882804930e+12,2.2755195942e+05,1.4849083215e+02,2.0000000000e+02,-2.4092830790e-02,8.9267917813e-01,8.8479838630e-03,2.4059099549e-03,4.6241892666e+02,18.0000,13.0000,9097.543
9.23000000e+00,5.0444651583e+08,2.5871717979e+12,2.2781493179e+05,1.4849553704e+02,2.0000000000e+02,-4.2886643286e-02,1.9932397532e+00,8.6562675302e-03,2.7801286182e-03,4.6585512177e+02,18.0000,27.0000,9108.996
9.24000000e+00,5.0489448453e+08,2.5827425197e+12,2.2766218198e+05,1.4849170198e+02,2.0000000000e+02,-1.5991236039e-01,2.8765367544e+00,8.4101647789e-03,2.1417303238e-03,4.6971569337e+02,18.0000,27.0000,9119.069
9.25000000e+00,5.0516291838e+08,2.6215011102e+12,2.2710846502e+05,1.4848657409e+02,2.0000000000e+02,-3.2540427735e-01,3.3929088917e+00,7.7511111574e-03,1.2949198322e-03,4.7208401150e+02,18.0000,27.0000,9129.522
9.26000000e+00,5.0496621479e+08,2.5489297083e+12,2.2632804410e+05,1.4847168008e+02,2.0000000000e+02,-4.5960519243e-01,3.5288547780e+00,6.4549034125e-03,6.1718137465e-04,4.7405425432e+02,18.0000,27.0000,9138.892
9.27000000e+00,5.0462864586e+08,2.5406261190e+12,2.2556796248e+05,1.4847193904e+02,2.0000000000e+02,-4.8820396195e-01,3.2794921288e+00,6.5820311684e-03,-5.7027660931e-04,4.7444695452e+02,18.0000,27.0000,9151.924
9.28000000e+00,5.0437518977e+08,2.5522050040e+12,2.2484356438e+05,1.4846968844e+02,2.0000000000e+02,-4.2591675883e-01,2.6850279519e+00,6.6131475150e-03,-3.7215352377e-04,4.7418313518e+02,18.0000,27.0000,9161.589
9.29000000e+00,5.0408333885e+08,2.5559984194e+12,2.2429358519e+05,1.4848160895e+02,2.0000000000e+02,-2.8122542625e-01,1.8115154147e+00,7.0867083527e-03,-2.0539699965e-03,4.7179872032e+02,18.0000,27.0000,9170.783
9.30000000e+00,5.0415266182e+08,2.5613842960e+12,2.2390543743e+05,1.4849196623e+02,2.0000000000e+02,-1.2147826373e-01,7.4325849248e-01,7.7494843837e-03,-2.1312397575e-03,4.6846285105e+02,18.0000,27.0000,9183.458
9.31000000e+00,5.0434748605e+08,2.5502343834e+12,2.2359099367e+05,1.4849301579e+02,2.0000000000e+02,-2.4271434096e-02,-4.1528103674e-01,7.6403879959e-03,-1.6533373860e-03,4.6544582427e+02,18.0000,27.0000,9192.911
9.32000000e+00,5.0462200500e+08,2.5468472253e+12,2.2341737114e+05,1.4850102438e+02,2.0000000000e+02,-2.0417055794e-02,-1.5198671380e+00,8.3076353746e-03,-1.2604817687e-03,4.6242732436e+02,18.0000,13.0000,9202.026
9.33000000e+00,5.0499656501e+08,2.5386762954e+12,2.2333043619e+05,1.4849901483e+02,2.0000000000e+02,-1.1779431434e-01,-2.4075379701e+00,8.4137574687e-03,-1.3485145771e-03,4.6519803739e+02,18.0000,13.0000,9215.091
9.34000000e+00,5.0517376733e+08,2.5530407888e+12,2.2336639582e+05,1.4848297477e+02,2.0000000000e+02,-2.7157558103e-01,-2.9478509168e+00,7.1914231810e-03,-1.7790339273e-03,4.6815452698e+02,18.0000,13.0000,9224.638
9.35000000e+00,5.0505964305e+08,2.5499124800e+12,2.2363193886e+05,1.4847438257e+02,2.0000000000e+02,-4.0573777117e-01,-3.1278592586e+00,6.2757700990e-03,-5.2261884732e-04,4.7057042260e+02,18.0000,13.0000,9233.851
9.36000000e+00,5.0459655482e+08,2.5838667104e+12,2.2418506725e+05,1.4846473270e+02,2.0000000000e+02,-4.6057210671e-01,-2.9332441723e+00,6.4677382063e-03,8.1811721820e-04,4.7187302742e+02,18.0000,13.0000,9246.447
9.37000000e+00,5.0420996217e+08,2.5997144371e+12,2.2497630837e+05,1.4846995161e+02,2.0000000000e+02,-4.1001065493e-01,-2.3850276899e+00,7.2700611772e-03,5.4516289409e-04,4.7126415201e+02,18.0000,13.0000,9256.109
9.38000000e+00,5.0392888467e+08,2.5833891175e+12,2.2584852501e+05,1.4847484882e+02,2.0000000000e+02,-2.9090783265e-01,-1.5436551710e+00,7.3152582892e-03,7.3958940543e-04,4.6946349136e+02,18.0000,13.0000,9265.239
9.39000000e+00,5.0379578985e+08,2.6045353929e+12,2.2673571874e+05,1.4848606644e+02,2.0000000000e+02,-1.4442750809e-01,-5.1201444304e-01,7.8082505603e-03,1.2163393103e-03,4.6598986829e+02,18.0000,13.0000,9278.037
9.40000000e+00,5.0399813390e+08,2.5957665957e+12,2.2744613593e+05,1.4849336315e+02,2.0000000000e+02,-3.6752343684e-02,6.4247964000e-01,8.3927324149e-03,2.3984114031e-03,4.6273771019e+02,18.0000,13.0000,9287.701
9.41000000e+00,5.0435828977e+08,2.5836669411e+12,2.2778334171e+05,1.4849803091e+02,2.0000000000e+02,-3.1548976809e-02,1.7756298065e+00,8.4422810770e-03,1.7929484998e-03,4.6435143089e+02,18.0000,27.0000,9296.839
9.42000000e+00,5.0480192180e+08,2.6082988449e+12,2.2773788929e+05,1.4849742820e+02,2.0000000000e+02,-1.3185867419e-01,2.7242026131e+00,9.0319830806e-03,2.2695842189e-03,4.6897251864e+02,18.0000,27.0000,9309.905
9.43000000e+00,5.0510925635e+08,2.6524057007e+12,2.2725622565e+05,1.4848504237e+02,2.0000000000e+02,-2.9296594504e-01,3.3212125830e+00,8.6724495844e-03,1.1467188164e-03,4.7258529197e+02,18.0000,27.0000,9319.518
9.44000000e+00,5.0503178981e+08,2.6478325095e+12,2.2650121637e+05,1.4847430933e+02,2.0000000000e+02,-4.3812727799e-01,3.5362523963e+00,7.2556105945e-03,1.4685803436e-03,4.7398031315e+02,18.0000,27.0000,9329.222
9.45000000e+00,5.0470511864e+08,2.5683262071e+12,2.2572815986e+05,1.4846984842e+02,2.0000000000e+02,-4.9153059901e-01,3.3655782942e+00,7.0312925293e-03,1.2106492747e-04,4.7485882531e+02,18.0000,27.0000,9341.826
9.46000000e+00,5.0443148546e+08,2.5982110703e+12,2.2499796787e+05,1.4846833405e+02,2.0000000000e+02,-4.4779282415e-01,2.8435023457e+00,7.2184033055e-03,-5.4495017874e-05,4.7378173379e+02,18.0000,27.0000,9351.516
9.47000000e+00,5.0410427612e+08,2.5709950679e+12,2.2439235301e+05,1.4847749578e+02,2.0000000000e+02,-3.1862659251e-01,2.0190098806e+00,7.1639331737e-03,-1.1724135191e-03,4.7229293071e+02,18.0000,27.0000,9361.170
9.48000000e+00,5.0410201934e+08,2.5692543955e+12,2.2398513403e+05,1.4848909987e+02,2.0000000000e+02,-1.5331873792e-01,9.8618563398e-01,8.0194126833e-03,-2.1280967129e-03,4.6899406157e+02,17.0000,26.5000,9373.421
9.49000000e+00,5.0430020696e+08,2.5271743338e+12,2.2364723073e+05,1.4849072764e+02,2.0000000000e+02,-3.8994947091e-02,-1.6294236885e-01,7.8615918453e-03,-1.5204063107e-03,4.6508834373e+02,18.0000,27.0000,9383.030
9.50000000e+00,5.0455350874e+08,2.5133403325e+12,2.2343951194e+05,1.4849543278e+02,2.0000000000e+02,-1.0297219430e-02,-1.2859577545e+00,7.9537784921e-03,-1.8001943774e-03,4.6229216077e+02,18.0000,27.0000,9393.593
9.51000000e+00,5.0494487462e+08,2.4818540810e+12,2.2333486019e+05,1.4849539920e+02,2.0000000000e+02,-9.0119552015e-02,-2.2370268829e+00,7.7711478588e-03,-2.4732385564e-03,4.6513576271e+02,18.0000,13.0000,9405.072
9.52000000e+00,5.0520012386e+08,2.5373667140e+12,2.2332630152e+05,1.4848367596e+02,2.0000000000e+02,-2.3724772577e-01,-2.8611528904e+00,7.0253533443e-03,-1.9417869388e-03,4.6816683430e+02,18.0000,13.0000,9414.595
9.53000000e+00,5.0515436213e+08,2.5431538346e+12,2.2355479570e+05,1.4847456826e+02,2.0000000000e+02,-3.8295997349e-01,-3.1244067248e+00,7.0186835971e-03,-8.6925189171e-04,4.7096340829e+02,18.0000,13.0000,9425.681
9.54000000e+00,5.0470652840e+08,2.5862912833e+12,2.2404031138e+05,1.4846540542e+02,2.0000000000e+02,-4.5949459228e-01,-3.0115038038e+00,6.7230928864e-03,6.6306628092e-04,4.7164609380e+02,18.0000,13.0000,9436.683
9.55000000e+00,5.0426504787e+08,2.6256019735e+12,2.2479244680e+05,1.4846780570e+02,2.0000000000e+02,-4.2894592229e-01,-2.5312619294e+00,7.1005388397e-03,-2.5878774155e-04,4.7084155177e+02,18.0000,13.0000,9446.043
9.56000000e+00,5.0396534272e+08,2.5940816654e+12,2.2565132116e+05,1.4847774748e+02,2.0000000000e+02,-3.1981115676e-01,-1.7515355411e+00,6.9374585524e-03,4.2924786409e-04,4.6968189694e+02,18.0000,13.0000,9457.003
9.57000000e+00,5.0379318172e+08,2.5638601430e+12,2.2654449139e+05,1.4848733661e+02,2.0000000000e+02,-1.7386989392e-01,-7.5672109230e-01,7.0424404763e-03,1.1254912024e-03,4.6746251115e+02,18.0000,13.0000,9468.168
9.58000000e+00,5.0394008826e+08,2.5566167899e+12,2.2731836590e+05,1.4849755729e+02,2.0000000000e+02,-4.9173393905e-02,3.8093317977e-01,7.7083443209e-03,2.5611149653e-03,4.6479181358e+02,18.0000,13.0000,9477.713
9.59000000e+00,5.0428989377e+08,2.5554519044e+12,2.2774288334e+05,1.4850159597e+02,2.0000000000e+02,-2.3731213337e-02,1.5345143380e+00,7.8573523740e-03,1.7162705016e-03,4.6359108588e+02,18.0000,27.0000,9488.794
9.60000000e+00,5.0467220462e+08,2.6008283384e+12,2.2779338506e+05,1.4850320437e+02,2.0000000000e+02,-1.0000063205e-01,2.5368275856e+00,8.7630879394e-03,1.5942493781e-03,4.6667059454e+02,18.0000,27.0000,9499.684
9.61000000e+00,5.0502353908e+08,2.6127185897e+12,2.2739530095e+05,1.4848750143e+02,2.0000000000e+02,-2.5731480864e-01,3.2224038638e+00,8.2029177709e-03,1.7879648129e-03,4.7022550674e+02,18.0000,27.0000,9509.129
9.62000000e+00,5.0505175978e+08,2.6529613313e+12,2.2667601425e+05,1.4847382308e+02,2.0000000000e+02,-4.1396704804e-01,3.5210625665e+00,7.2845224717e-03,1.8240611038e-03,4.7330789314e+02,18.0000,27.0000,9520.170
9.63000000e+00,5.0474247595e+08,2.6352431776e+12,2.2589708590e+05,1.4846701361e+02,2.0000000000e+02,-4.9040800355e-01,3.4353769024e+00,7.3628569876e-03,1.1448500834e-03,4.7498873586e+02,18.0000,27.0000,9531.475
9.64000000e+00,5.0445466122e+08,2.6427575704e+12,2.2515703513e+05,1.4847065978e+02,2.0000000000e+02,-4.6546436367e-01,2.9925457146e+00,7.4443653283e-03,-5.6991908763e-04,4.7471903461e+02,18.0000,27.0000,9540.925
9.65000000e+00,5.0413625744e+08,2.5853176371e+12,2.2449911047e+05,1.4846860656e+02,2.0000000000e+02,-3.5467173969e-01,2.2230240841e+00,6.7765246857e-03,-1.2209143875e-03,4.7322360512e+02,18.0000,27.0000,9552.398
9.66000000e+00,5.0405315632e+08,2.5644200978e+12,2.2406605209e+05,1.4847958836e+02,2.0000000000e+02,-1.8941431075e-01,1.2282086870e+00,7.8154168544e-03,-1.3841326353e-03,4.7099322134e+02,18.0000,27.0000,9562.935
9.67000000e+00,5.0424474198e+08,2.5475526594e+12,2.2370925476e+05,1.4848700269e+02,2.0000000000e+02,-5.8254397183e-02,9.4234659057e-02,7.9691638313e-03,-2.2083824492e-03,4.6727052948e+02,18.0000,27.0000,9572.343
9.68000000e+00,5.0448607729e+08,2.5166524133e+12,2.2346981210e+05,1.4849172166e+02,2.0000000000e+02,-1.0097114401e-02,-1.0494758009e+00,8.2914522412e-03,-2.9369591304e-03,4.6326860501e+02,18.0000,27.0000,9584.276
9.69000000e+00,5.0489127411e+08,2.5289077142e+12,2.2334942739e+05,1.4849731831e+02,2.0000000000e+02,-6.2306293170e-02,-2.0513069823e+00,8.4332979886e-03,-2.7770193705e-03,4.6414631427e+02,18.0000,13.0000,9595.022
9.70000000e+00,5.0521662556e+08,2.5278225565e+12,2.2330755934e+05,1.4848844476e+02,2.0000000000e+02,-2.0544625747e-01,-2.7659528630e+00,7.6497219120e-03,-1.6651608223e-03,4.6744978037e+02,18.0000,13.0000,9604.269
9.71000000e+00,5.0517992112e+08,2.6240004818e+12,2.2349112398e+05,1.4847375268e+02,2.0000000000e+02,-3.5613452719e-01,-3.1015132817e+00,8.0686745680e-03,-1.1250902632e-03,4.7032528710e+02,18.0000,13.0000,9613.725
9.72000000e+00,5.0479559879e+08,2.6459201666e+12,2.2390351041e+05,1.4846778636e+02,2.0000000000e+02,-4.5025319506e-01,-3.0688215568e+00,7.1772208455e-03,-4.7741932784e-04,4.7147666817e+02,18.0000,13.0000,9626.695
9.73000000e+00,5.0433526498e+08,2.6430549084e+12,2.2460748907e+05,1.4847007763e+02,2.0000000000e+02,-4.4123447978e-01,-2.6656882203e+00,7.1574250086e-03,-1.7839527966e-04,4.7070197929e+02,18.0000,13.0000,9636.316
9.74000000e+00,5.0403487142e+08,2.6153443163e+12,2.2545414425e+05,1.4847941536e+02,2.0000000000e+02,-3.4864682534e-01,-1.9523548074e+00,6.7534651915e-03,1.0046924452e-03,4.7035718896e+02,18.0000,13.0000,9646.395
9.75000000e+00,5.0382832620e+08,2.5271524344e+12,2.2634908751e+05,1.4848516020e+02,2.0000000000e+02,-2.0757488583e-01,-9.9329285578e-01,6.9015789398e-03,2.4476598630e-03,4.6854971211e+02,18.0000,13.0000,9659.175
9.76000000e+00,5.0390200550e+08,2.5110939168e+12,2.2716771095e+05,1.4849455836e+02,2.0000000000e+02,-7.1140873263e-02,1.2068075848e-01,7.7834621382e-03,2.0629636047e-03,4.6590262471e+02,18.0000,13.0000,9668.793
9.77000000e+00,5.0422813457e+08,2.5227842923e+12,2.2768169283e+05,1.4849854636e+02,2.0000000000e+02,-1.8528349091e-02,1.2791347249e+00,8.0239241477e-03,2.2632313045e-03,4.6251059946e+02,18.0000,27.0000,9680.167
9.78000000e+00,5.0458034575e+08,2.5399757723e+12,2.2781911632e+05,1.4850052140e+02,2.0000000000e+02,-7.3296950234e-02,2.3304597386e+00,8.1700844123e-03,1.8406844470e-03,4.6615603488e+02,18.0000,27.0000,9690.006
9.79000000e+00,5.0497806913e+08,2.5519137253e+12,2.2751887344e+05,1.4849146037e+02,2.0000000000e+02,-2.2003909731e-01,3.0992704657e+00,7.7710598959e-03,2.1666392183e-03,4.6980006462e+02,18.0000,27.0000,9701.400
9.80000000e+00,5.0510060995e+08,2.5482574147e+12,2.2685212536e+05,1.4847664535e+02,2.0000000000e+02,-3.8634267500e-01,3.4899700769e+00,6.6714714865e-03,1.1703214458e-03,4.7210840265e+02,18.0000,27.0000,9712.830
9.81000000e+00,5.0479183411e+08,2.6084844692e+12,2.2606664932e+05,1.4846710682e+02,2.0000000000e+02,-4.8418043014e-01,3.4908625598e+00,6.8122105079e-03,7.2242739810e-04,4.7479023845e+02,18.0000,27.0000,9722.400
9.82000000e+00,5.0448471370e+08,2.5798621209e+12,2.2532027742e+05,1.4847131304e+02,2.0000000000e+02,-4.7838713703e-01,3.1223243121e+00,7.0893975370e-03,-8.3946556916e-04,4.7557475218e+02,18.0000,27.0000,9733.852
9.83000000e+00,5.0421158353e+08,2.5427314340e+12,2.2462039499e+05,1.4846444549e+02,2.0000000000e+02,-3.8938595387e-01,2.4222376004e+00,6.2311889200e-03,-1.5474547723e-03,4.7442374078e+02,18.0000,27.0000,9745.431
9.84000000e+00,5.0403261416e+08,2.5432474059e+12,2.2415225242e+05,1.4847749289e+02,2.0000000000e+02,-2.2803799453e-01,1.4677655016e+00,7.3237365584e-03,-1.6782107363e-03,4.7174600400e+02,18.0000,27.0000,9755.030
9.85000000e+00,5.0418838695e+08,2.5107522400e+12,2.2378141345e+05,1.4848714596e+02,2.0000000000e+02,-8.3870150222e-02,3.5419201476e-01,7.8546293995e-03,-2.4812304624e-03,4.6882263856e+02,18.0000,27.0000,9766.482
9.86000000e+00,5.0440352558e+08,2.5294991899e+12,2.2350342602e+05,1.4848687836e+02,2.0000000000e+02,-1.2807269329e-02,-8.0002881502e-01,8.1612131375e-03,-3.1659054183e-03,4.6460150050e+02,18.0000,27.0000,9777.757
9.87000000e+00,5.0477532785e+08,2.6329080382e+12,2.2336612510e+05,1.4849441806e+02,2.0000000000e+02,-4.0575253042e-02,-1.8513930349e+00,9.0141850249e-03,-2.4429736798e-03,4.6377990611e+02,18.0000,13.0000,9787.194
9.88000000e+00,5.0515723832e+08,2.5525150482e+12,2.2331395370e+05,1.4849080591e+02,2.0000000000e+02,-1.7188775989e-01,-2.6393353744e+00,8.8723324525e-03,-1.1170118715e-03,4.6808344761e+02,18.0000,13.0000,9797.137
9.89000000e+00,5.0515409695e+08,2.6027801646e+12,2.2343529555e+05,1.4848115412e+02,2.0000000000e+02,-3.2402710958e-01,-3.0559791814e+00,8.1502945178e-03,-9.3770243716e-04,4.6966722500e+02,18.0000,13.0000,9809.903
9.90000000e+00,5.0487294673e+08,2.6476354369e+12,2.2377928124e+05,1.4847025073e+02,2.0000000000e+02,-4.3585440510e-01,-3.1048441550e+00,7.0449184680e-03,-1.4147889888e-03,4.7148665539e+02,18.0000,13.0000,9819.625
9.91000000e+00,5.0441337744e+08,2.6296741291e+12,2.2442858260e+05,1.4846752119e+02,2.0000000000e+02,-4.5220538775e-01,-2.7871127316e+00,7.0753866436e-03,4.5220324935e-04,4.7167670658e+02,18.0000,13.0000,9828.881
9.92000000e+00,5.0411068789e+08,2.5682203964e+12,2.2525924296e+05,1.4847666182e+02,2.0000000000e+02,-3.7564313917e-01,-2.1387032614e+00,7.1253528233e-03,1.6254923825e-03,4.7111645846e+02,18.0000,13.0000,9842.532
9.93000000e+00,5.0387113657e+08,2.5764506574e+12,2.2614497143e+05,1.4847634830e+02,2.0000000000e+02,-2.4221136366e-01,-1.2241979910e+00,7.1542308599e-03,2.4561645219e-03,4.6893784970e+02,18.0000,13.0000,9852.174
9.94000000e+00,5.0385744680e+08,2.5859187083e+12,2.2700108072e+05,1.4848849094e+02,2.0000000000e+02,-9.7619209850e-02,-1.3882506491e-01,8.1567215704e-03,1.5003906789e-03,4.6586858502e+02,18.0000,13.0000,9861.451
9.95000000e+00,5.0414276619e+08,2.5536240845e+12,2.2760498820e+05,1.4849521365e+02,2.0000000000e+02,-2.1710514215e-02,1.0224319456e+00,8.7257252355e-03,2.4794500639e-03,4.6238103076e+02,18.0000,13.0000,9873.288
9.96000000e+00,5.0450210543e+08,2.5797255384e+12,2.2782810880e+05,1.4849718778e+02,2.0000000000e+02,-5.3272333674e-02,2.1112909986e+00,8.5682217128e-03,2.6785679681e-03,4.6575055227e+02,18.0000,27.0000,9885.082
9.97000000e+00,5.0493766344e+08,2.5705330703e+12,2.2762327995e+05,1.4849239505e+02,2.0000000000e+02,-1.7905824168e-01,2.9568953992e+00,8.0631651797e-03,1.8109420107e-03,4.6862589987e+02,18.0000,27.0000,9894.879
9.98000000e+00,5.0516082176e+08,2.5470270309e+12,2.2702957796e+05,1.4848484537e+02,2.0000000000e+02,-3.4693712244e-01,3.4350388765e+00,7.1246770817e-03,1.1709753769e-03,4.7235403740e+02,18.0000,27.0000,9905.851
9.99000000e+00,5.0489638880e+08,2.5518117042e+12,2.2624152001e+05,1.4847070770e+02,2.0000000000e+02,-4.7062122394e-01,3.5268073154e+00,6.2598187465e-03,3.1674608836e-04,4.7378190556e+02,18.0000,27.0000,9915.348
9.99995000e+00,5.0456228975e+08,2.5676681282e+12,2.2549015538e+05,1.4847177926e+02,2.0000000000e+02,-4.8710219389e-01,3.2394024882e+00,6.5976596419e-03,-5.6537120308e-04,4.7489421838e+02,18.0000,27.0000,9924.481
