$MeshFormat
4.1 0 8
$EndMeshFormat
$Entities
7 13 10 5
1 0.04898979485566357 2.449293598294706e-18 0.01 0 
2 3.061616997868383e-18 -7.498798913309289e-34 0.05 0 
3 0.04898979485566356 -2.619631386094471e-16 -0.01000000000000003 0 
4 3.061616997868383e-18 -7.498798913309289e-34 -0.05 0 
5 0.05898979485566357 2.449293598294706e-18 0.01 0 
6 0.1389897948556636 2.449293598294706e-18 0.01 0 
7 0.3489897948556636 2.449293598294706e-18 0.01 0 
1 -9.999999999593667e-08 -1.00000000011999e-07 0.009999900000000006 0.04898989485566357 1e-07 0.05000010000000001 0 2 1 -2 
2 0.04898969485566353 -0.01000010000000003 -0.01000010000000003 0.04898989485566361 1.000000000341006e-07 0.01000010000000003 0 2 1 -3 
3 -1.000000000098145e-07 -1.00000000011999e-07 -0.05000010000000001 0.04898989485566355 1e-07 -0.009999900000000062 0 2 4 -3 
4 -1.000000000030824e-07 -1.000000000030789e-07 -0.05000010000000001 1.000000000030824e-07 1.000000000030789e-07 -0.0499999 0 2 4 -4 
5 0.04898969485566356 -1.000000000089471e-07 -0.01000010000000001 0.04898989485566358 0.01000010000000001 0.01000010000000001 0 2 3 -1 
6 -1.000000000030824e-07 -1.000000000030789e-07 0.0499999 1.000000000030824e-07 1.000000000030789e-07 0.05000010000000001 0 2 2 -2 
7 0.04898969485566355 -1.000000000122465e-07 -0.01000010000000006 0.05000010000000001 9.999999998800095e-08 0.01000009999999999 0 2 3 -1 
8 0.04898969485566357 -9.999999999755071e-08 0.009999900000000001 0.05898989485566358 1.000000000024493e-07 0.0100001 0 2 1 -5 
9 0.05898969485566356 -0.01000010000000001 -0.01000010000000001 0.05898989485566358 0.01000010000000001 0.01000010000000001 0 2 5 -5 
10 0.1389896948556636 -0.01000010000000001 -0.01000010000000001 0.1389898948556636 0.01000010000000001 0.01000010000000001 0 2 6 -6 
11 0.05898969485566357 -9.999999999755071e-08 0.009999900000000001 0.1389898948556636 1.000000000024493e-07 0.0100001 0 2 5 -6 
12 0.3489896948556636 -0.0100001 -0.0100001 0.3489898948556636 0.0100001 0.0100001 0 2 7 -7 
13 0.1389896948556636 -9.999999999755071e-08 0.009999900000000001 0.3489898948556636 1.000000000024493e-07 0.0100001 0 2 6 -7 
1 -0.05000010000000001 -0.05000010000000001 -0.05000010000000001 0.05000010000000001 0.05000010000000001 0.05000010000000001 1 15 8 1 -6 -1 -5 -3 4 3 -2 
2 0.04898969485566353 -0.01000010000000003 -0.01000010000000003 0.04898989485566361 0.01000010000000003 0.01000010000000003 0 2 5 2 
3 0.04799989999999998 -0.01000010000000002 -0.01000010000000006 0.05000010000000001 1.000000000002735e-07 0.0100001 0 2 7 2 
4 0.04799989999999998 -1.000000000002735e-07 -0.01000010000000006 0.05000010000000001 0.0100001 0.0100001 0 2 5 -7 
5 0.04898969485566357 -0.0100001 -0.0100001 0.05898989485566358 0.0100001 0.0100001 1 17 5 8 -9 -8 2 5 
6 0.05898969485566356 -0.01000010000000001 -0.01000010000000001 0.05898989485566358 0.01000010000000001 0.01000010000000001 0 1 9 
7 0.05898969485566357 -0.0100001 -0.0100001 0.1389898948556636 0.0100001 0.0100001 1 18 4 -10 -11 9 11 
8 0.1389896948556636 -0.01000010000000001 -0.01000010000000001 0.1389898948556636 0.01000010000000001 0.01000010000000001 0 1 10 
9 0.1389896948556636 -0.0100001 -0.0100001 0.3489898948556636 0.0100001 0.0100001 1 19 4 -12 -13 10 13 
10 0.3489896948556636 -0.0100001 -0.0100001 0.3489898948556636 0.0100001 0.0100001 1 16 1 12 
3 0.05898969485566356 -0.01000010000000001 -0.01000010000000001 0.1389898948556636 0.01000010000000001 0.01000010000000001 1 1 3 7 8 -6 
4 0.1389896948556636 -0.01000010000000001 -0.01000010000000001 0.3489898948556636 0.01000010000000001 0.01000010000000001 1 1 3 9 10 -8 
5 -0.05000010000000004 -0.05000010000000004 -0.05000010000000004 0.05000010000000004 0.05000010000000004 0.05000010000000004 1 1 2 1 2 
6 0.04799989999999995 -0.01000010000000005 -0.0100001000000001 0.05000010000000004 0.01000010000000004 0.01000010000000004 1 1 3 3 4 -2 
7 0.04799989999999998 -0.01000010000000003 -0.01000010000000007 0.05898989485566358 0.01000010000000001 0.01000010000000002 1 1 4 5 -4 -3 6 
$EndEntities
$Nodes
33 3104 1 3104
0 1 0 1
1
0.04898979485566357 2.449293598294706e-18 0.01
0 2 0 1
2
3.061616997868383e-18 -7.498798913309289e-34 0.05
0 3 0 1
3
0.04898979485566356 -2.619631386094471e-16 -0.01000000000000003
0 4 0 1
4
3.061616997868383e-18 -7.498798913309289e-34 -0.05
0 5 0 1
5
0.05898979485566357 2.449293598294706e-18 0.01
0 6 0 1
6
0.1389897948556636 2.449293598294706e-18 0.01
0 7 0 1
7
0.3489897948556636 2.449293598294706e-18 0.01
1 1 0 8
8
9
10
11
12
13
14
15
0.04690803383013285 -1.148915469687359e-17 0.01731000757339845
0.04374232309045431 -1.071377919199885e-17 0.02422001590937356
0.03956581580403148 -9.690829936012184e-18 0.03057034870199312
0.03447502260048598 -8.443945215643564e-18 0.03621426261427921
0.02858758140635612 -7.001938012931681e-18 0.0410213382196993
0.0220395390707286 -5.398130195530162e-18 0.0448804937311281
0.01498220759793157 -3.669582515793611e-18 0.04770255187610493
0.00757866763338891 -1.856238211806275e-18 0.04942230060309438
1 2 0 3
16
17
18
0.04898979485566357 -0.007071067811865464 0.007071067811865487
0.04898979485566357 -0.01 3.613946018757869e-17
0.04898979485566357 -0.007071067811865492 -0.007071067811865459
1 3 0 8
19
20
21
22
23
24
25
26
0.005820092266842773 -1.425511473066253e-18 -0.04966011000798767
0.01332071350257728 -3.262633830658039e-18 -0.04819293093164448
0.02069711458287884 -5.069331025101715e-18 -0.04551515624430157
0.02756368968178022 -6.751156868296616e-18 -0.04171622000045693
0.03375129645943311 -8.26668343522363e-18 -0.0368897002875797
0.03910751740443504 -9.578579202388154e-18 -0.03115448735674864
0.0435004142898922 -1.065452862434005e-17 -0.02465185503380512
0.04682177816924588 -1.146802815307088e-17 -0.01754198076244328
1 5 0 3
27
28
29
0.04898979485566357 0.007071067811865461 -0.007071067811865489
0.04898979485566357 0.01 -4.624589118372729e-17
0.04898979485566357 0.007071067811865489 0.007071067811865461
1 7 0 2
30
31
0.04988741724090947 -1.221889316836165e-17 -0.00335344614261344
0.04988741724090948 -1.221889316836166e-17 0.003353446142613372
1 8 0 1
32
0.05398979485566357 2.449293598294706e-18 0.01
1 9 0 7
33
34
35
36
37
38
39
0.05898979485566357 -0.007071067811865462 0.007071067811865488
0.05898979485566357 -0.01 3.391901413832837e-17
0.05898979485566357 -0.007071067811865517 -0.007071067811865434
0.05898979485566357 -7.227892037515737e-17 -0.01
0.05898979485566357 0.00707106781186543 -0.00707106781186552
0.05898979485566357 0.01 -4.624589118372729e-17
0.05898979485566357 0.007071067811865489 0.007071067811865461
1 10 0 7
40
41
42
43
44
45
46
0.1389897948556636 -0.007071067811865462 0.007071067811865488
0.1389897948556636 -0.01 3.391901413832837e-17
0.1389897948556636 -0.007071067811865517 -0.007071067811865434
0.1389897948556636 -7.227892037515737e-17 -0.01
0.1389897948556636 0.00707106781186543 -0.00707106781186552
0.1389897948556636 0.01 -4.624589118372729e-17
0.1389897948556636 0.007071067811865489 0.007071067811865461
1 11 0 9
47
48
49
50
51
52
53
54
55
0.06698979485566356 2.449293598294706e-18 0.01
0.07498979485566357 2.449293598294706e-18 0.01
0.08298979485566357 2.449293598294706e-18 0.01
0.09098979485566357 2.449293598294706e-18 0.01
0.09898979485566356 2.449293598294706e-18 0.01
0.1069897948556636 2.449293598294706e-18 0.01
0.1149897948556636 2.449293598294706e-18 0.01
0.1229897948556636 2.449293598294706e-18 0.01
0.1309897948556636 2.449293598294706e-18 0.01
1 12 0 7
56
57
58
59
60
61
62
0.3489897948556636 -0.007071067811865462 0.007071067811865488
0.3489897948556636 -0.01 3.391901413832837e-17
0.3489897948556636 -0.007071067811865517 -0.007071067811865434
0.3489897948556636 -7.227892037515737e-17 -0.01
0.3489897948556636 0.00707106781186543 -0.00707106781186552
0.3489897948556636 0.01 -4.624589118372729e-17
0.3489897948556636 0.007071067811865489 0.007071067811865461
1 13 0 26
63
64
65
66
67
68
69
70
71
72
73
74
75
76
77
78
79
80
81
82
83
84
85
86
87
88
0.1467675726334413 2.449293598294706e-18 0.01
0.1545453504112191 2.449293598294706e-18 0.01
0.1623231281889969 2.449293598294706e-18 0.01
0.1701009059667746 2.449293598294706e-18 0.01
0.1778786837445524 2.449293598294706e-18 0.01
0.1856564615223301 2.449293598294706e-18 0.01
0.1934342393001079 2.449293598294706e-18 0.01
0.2012120170778857 2.449293598294706e-18 0.01
0.2089897948556635 2.449293598294706e-18 0.01
0.2167675726334412 2.449293598294706e-18 0.01
0.224545350411219 2.449293598294706e-18 0.01
0.2323231281889968 2.449293598294706e-18 0.01
0.2401009059667745 2.449293598294706e-18 0.01
0.2478786837445523 2.449293598294706e-18 0.01
0.25565646152233 2.449293598294706e-18 0.01
0.2634342393001078 2.449293598294706e-18 0.01
0.2712120170778856 2.449293598294706e-18 0.01
0.2789897948556634 2.449293598294706e-18 0.01
0.2867675726334412 2.449293598294706e-18 0.01
0.294545350411219 2.449293598294706e-18 0.01
0.3023231281889968 2.449293598294706e-18 0.01
0.3101009059667745 2.449293598294706e-18 0.01
0.3178786837445524 2.449293598294706e-18 0.01
0.3256564615223302 2.449293598294706e-18 0.01
0.333434239300108 2.449293598294706e-18 0.01
0.3412120170778858 2.449293598294706e-18 0.01
2 1 0 1093
89
90
91
92
93
94
95
96
97
98
99
100
101
102
103
104
105
106
107
108
109
110
111
112
113
114
115
116
117
118
119
120
121
122
123
124
125
126
127
128
129
130
131
132
133
134
135
136
137
138
139
140
141
142
143
144
145
146
147
148
149
150
151
152
153
154
155
156
157
158
159
160
161
162
163
164
165
166
167
168
169
170
171
172
173
174
175
176
177
178
179
180
181
182
183
184
185
186
187
188
189
190
191
192
193
194
195
196
197
198
199
200
201
202
203
204
205
206
207
208
209
210
211
212
213
214
215
216
217
218
219
220
221
222
223
224
225
226
227
228
229
230
231
232
233
234
235
236
237
238
239
240
241
242
243
244
245
246
247
248
249
250
251
252
253
254
255
256
257
258
259
260
261
262
263
264
265
266
267
268
269
270
271
272
273
274
275
276
277
278
279
280
281
282
283
284
285
286
287
288
289
290
291
292
293
294
295
296
297
298
299
300
301
302
303
304
305
306
307
308
309
310
311
312
313
314
315
316
317
318
319
320
321
322
323
324
325
326
327
328
329
330
331
332
333
334
335
336
337
338
339
340
341
342
343
344
345
346
347
348
349
350
351
352
353
354
355
356
357
358
359
360
361
362
363
364
365
366
367
368
369
370
371
372
373
374
375
376
377
378
379
380
381
382
383
384
385
386
387
388
389
390
391
392
393
394
395
396
397
398
399
400
401
402
403
404
405
406
407
408
409
410
411
412
413
414
415
416
417
418
419
420
421
422
423
424
425
426
427
428
429
430
431
432
433
434
435
436
437
438
439
440
441
442
443
444
445
446
447
448
449
450
451
452
453
454
455
456
457
458
459
460
461
462
463
464
465
466
467
468
469
470
471
472
473
474
475
476
477
478
479
480
481
482
483
484
485
486
487
488
489
490
491
492
493
494
495
496
497
498
499
500
501
502
503
504
505
506
507
508
509
510
511
512
513
514
515
516
517
518
519
520
521
522
523
524
525
526
527
528
529
530
531
532
533
534
535
536
537
538
539
540
541
542
543
544
545
546
547
548
549
550
551
552
553
554
555
556
557
558
559
560
561
562
563
564
565
566
567
568
569
570
571
572
573
574
575
576
577
578
579
580
581
582
583
584
585
586
587
588
589
590
591
592
593
594
595
596
597
598
599
600
601
602
603
604
605
606
607
608
609
610
611
612
613
614
615
616
617
618
619
620
621
622
623
624
625
626
627
628
629
630
631
632
633
634
635
636
637
638
639
640
641
642
643
644
645
646
647
648
649
650
651
652
653
654
655
656
657
658
659
660
661
662
663
664
665
666
667
668
669
670
671
672
673
674
675
676
677
678
679
680
681
682
683
684
685
686
687
688
689
690
691
692
693
694
695
696
697
698
699
700
701
702
703
704
705
706
707
708
709
710
711
712
713
714
715
716
717
718
719
720
721
722
723
724
725
726
727
728
729
730
731
732
733
734
735
736
737
738
739
740
741
742
743
744
745
746
747
748
749
750
751
752
753
754
755
756
757
758
759
760
761
762
763
764
765
766
767
768
769
770
771
772
773
774
775
776
777
778
779
780
781
782
783
784
785
786
787
788
789
790
791
792
793
794
795
796
797
798
799
800
801
802
803
804
805
806
807
808
809
810
811
812
813
814
815
816
817
818
819
820
821
822
823
824
825
826
827
828
829
830
831
832
833
834
835
836
837
838
839
840
841
842
843
844
845
846
847
848
849
850
851
852
853
854
855
856
857
858
859
860
861
862
863
864
865
866
867
868
869
870
871
872
873
874
875
876
877
878
879
880
881
882
883
884
885
886
887
888
889
890
891
892
893
894
895
896
897
898
899
900
901
902
903
904
905
906
907
908
909
910
911
912
913
914
915
916
917
918
919
920
921
922
923
924
925
926
927
928
929
930
931
932
933
934
935
936
937
938
939
940
941
942
943
944
945
946
947
948
949
950
951
952
953
954
955
956
957
958
959
960
961
962
963
964
965
966
967
968
969
970
971
972
973
974
975
976
977
978
979
980
981
982
983
984
985
986
987
988
989
990
991
992
993
994
995
996
997
998
999
1000
1001
1002
1003
1004
1005
1006
1007
1008
1009
1010
1011
1012
1013
1014
1015
1016
1017
1018
1019
1020
1021
1022
1023
1024
1025
1026
1027
1028
1029
1030
1031
1032
1033
1034
1035
1036
1037
1038
1039
1040
1041
1042
1043
1044
1045
1046
1047
1048
1049
1050
1051
1052
1053
1054
1055
1056
1057
1058
1059
1060
1061
1062
1063
1064
1065
1066
1067
1068
1069
1070
1071
1072
1073
1074
1075
1076
1077
1078
1079
1080
1081
1082
1083
1084
1085
1086
1087
1088
1089
1090
1091
1092
1093
1094
1095
1096
1097
1098
1099
1100
1101
1102
1103
1104
1105
1106
1107
1108
1109
1110
1111
1112
1113
1114
1115
1116
1117
1118
1119
1120
1121
1122
1123
1124
1125
1126
1127
1128
1129
1130
1131
1132
1133
1134
1135
1136
1137
1138
1139
1140
1141
1142
1143
1144
1145
1146
1147
1148
1149
1150
1151
1152
1153
1154
1155
1156
1157
1158
1159
1160
1161
1162
1163
1164
1165
1166
1167
1168
1169
1170
1171
1172
1173
1174
1175
1176
1177
1178
1179
1180
1181
0.007346530020209288 -0.006177318321759432 -0.04907004417171253
0.01848200310389924 0.006495756319695393 0.04600239897116885
0.02398088207362469 0.006789030291185221 -0.04334543070124319
0.0419318023602245 -0.006925494771741734 0.02633935217482862
0.04141203591299173 0.006575981738140064 0.02723600091277594
0.01927533761669127 -0.006907037726878599 0.04561528460507555
0.0362036781174113 -0.006789030292206726 -0.0338112815264724
0.003920391838649672 0.005671197092724701 -0.04952239949120923
0.04104803263183316 0.006789030292075572 -0.02773027379506449
0.03146252636537239 0.006607884862415336 0.03829419397706799
0.01690761670306938 0.006700870237209394 -0.04657500225964751
0.003767315659382639 -0.006575981738242462 0.04942230060307667
0.0309846689419281 -0.006623126826603034 0.0386792513060665
0.04528702838625127 -0.007310105879393213 -0.01989088766181471
0.02488907486982956 -0.006966391977016663 -0.0428019080760026
0.01459720045707335 -0.007408993194150037 -0.04724434948927814
0.02516647423871415 0.006575981738062506 0.04270134703464055
0.00764817430951481 0.004425715259529729 -0.04921299090862943
0.01069901504067519 0.0114968416432179 -0.04746950294020549
0.02057671217466657 0.01354865716634677 -0.04350899682904363
0.02676921376752633 0.01331405771158908 -0.04007673965682531
0.03081318240749811 0.006775599215875032 -0.03878967704413228
0.03249174542684032 0.01300121628170468 -0.03571071063859887
0.03059152310247727 -0.00673261934833815 -0.03897217662616476
0.03627082200227381 0.006732337015593857 -0.03375060161816134
0.03775796307227876 0.01282039565860509 -0.03016577000159706
0.04189703832964986 0.01321348453155532 -0.02387555246980055
0.02844441394591756 0.0191777365778616 -0.03637485030929255
0.03804457329396381 0.01921516796410195 -0.0261416863073438
0.02769381251710846 0.0130011975086474 0.03954771310213004
0.04747398731734204 0.01449697784616234 0.006004844837356363
0.04690766974958626 0.01728660804226233 -0.0009185320119305878
0.04486199360775812 0.02153762463558077 0.004851005524042785
0.04377455108420344 0.02408607071616314 -0.001910464559328982
0.04124004492111095 0.02802898773089091 0.003692498027936984
0.03968531150530769 0.03024089805103841 -0.003250251650779575
0.04182305156880344 0.02525388444146954 0.01063361077386751
0.03773301069557541 0.03143688375875486 0.009377752576503973
0.03785886368366079 0.02834071804022727 0.01623299545821187
0.04203570378287308 0.02538598068429203 -0.009410185554775312
0.03722382494527247 0.03180137671634638 -0.01015181241890992
0.03481414759908099 0.03562052284960191 -0.004376468767213109
0.03187079957803851 0.03690343240904927 -0.01106294764912285
0.03430800113594307 0.03181988804910055 -0.01761975546365038
0.02821017663204454 0.03734166775271595 -0.01760073248005951
0.0258391352901296 0.04116982238411254 -0.01172112675125586
0.02195929774374599 0.04113922776682476 -0.01803754920577701
0.03360369537621539 0.03401834141652467 0.01461314833741461
0.03311535749354261 0.0307472255431026 0.0214004957764172
0.02408304330698199 0.03692827284946561 -0.02358621820957001
0.01763881621739603 0.04027235409985885 -0.02381196459145086
0.01953903161920732 0.03569118596440523 -0.02905796771692508
0.01301908776890025 0.03864226096882899 -0.02893577406745131
0.01472219846210985 0.03386103507298732 -0.03371479165334072
0.008123630041437745 0.03621890202447994 -0.03349922045497438
0.009721380502732984 0.03117259094739377 -0.03786508067794848
0.002961609880737505 0.03318233869408674 -0.037284866443441
0.004586989558837444 0.02781743476603396 -0.04129346013383428
0.03717748018336571 0.02454576470798575 0.02270111015161268
0.03204210359850222 0.02667394950364882 0.02760079735912795
0.01619688971779557 0.02845227114175177 -0.03779059446933599
0.02505244939329603 0.03244810139215043 -0.0286268317394899
0.0469114109234495 0.01143933271569224 0.0129792600787162
0.03582044421070684 0.01999714752655847 0.02858338446280803
0.03331189327526122 0.03645124175000928 0.007850142756662909
0.04038832297606015 0.01805691998147912 0.02329658790389513
0.0418660426879275 0.01907895061918927 -0.01957621293619299
0.04508109138981071 0.01325825907603866 -0.0170854840544883
0.03057787759117089 0.02196082710088263 0.03290464215068307
0.03768051884554026 0.02513645908340074 -0.02117396808062688
0.03392546757107573 0.02430671260154454 -0.02753627376007519
0.03350221390415606 0.01371498817762021 0.0344891397806311
0.02106623715175527 0.012917960698068 0.04346653820663864
0.0140184675577248 0.01375727096539299 0.04598064878748203
0.01671643196463731 0.01917904710723907 0.04304329279260541
0.02793273223381242 0.03690079730246819 0.01892336197392771
0.01930482800784124 0.04450762821834636 -0.0120993655191141
0.001259272030743299 0.03800989275833128 -0.03246016460914429
0.01095279332505913 0.04271990215179718 -0.02355942016517842
0.02644402228151207 0.0282586136452127 0.03165698091141182
0.02291436384761761 0.04406976591437833 -0.005726051144627737
0.01616294238388057 0.04694979000741466 -0.005871670269610127
0.01954517466637987 0.04601840082720716 0.0005412324520964423
0.01237009461654828 0.04690923758760037 -0.01210389144563451
0.008978556534808129 0.04882651850754404 -0.005946142697893588
0.005199345192659255 0.04825140727260659 -0.01203197846493332
0.003767315659325619 0.006575981738134668 0.04942230060309535
0.02594812212314387 0.04273373262180115 0.0007232250623564312
0.02233413465355114 0.04420259084541478 0.006878763830071449
0.01565244938130587 0.04701563476930608 0.006673148852294239
0.0183950136355786 0.0446069591951072 0.01310887732465746
0.01160956297268542 0.04698351686790663 0.0125605410037301
0.001824336282074979 0.04960806346018293 -0.005975938157341391
-0.001594250895420288 0.04871467390456341 -0.01115073587053789
-0.004220288887189885 0.04948365960142922 -0.005792805378963074
-0.007334200910756671 0.04833616823820323 -0.01047971073306746
0.014004449206695 0.04410298652612219 0.01894206910276131
0.007083744623678605 0.04589787586902685 0.01852580775075429
0.009064514580500744 0.0427049356476361 0.02437463941786932
0.001681978396223425 0.0441086095952019 0.02348619825030652
0.003964133396212699 0.04043927043305833 0.02913676463265965
-0.002939806834471922 0.04093734350092651 0.02855681079643072
-0.009641055617199221 0.04871307673921696 -0.005838338906335551
-0.01230208903028608 0.04737717592004813 -0.0102010689308389
-0.01468101231534474 0.04743764413459968 -0.005842755887060254
-0.01702405544597727 0.04594189289294379 -0.009976172291293557
-0.01940087784800123 0.04572560392751945 -0.005724952767539114
-0.02167936102172704 0.04398371940251607 -0.009769223777268765
-0.02393346306161222 0.04356473078770925 -0.005413277867693566
-0.02611013840150806 0.04160188092552575 -0.009356504481507556
-0.02820903982660208 0.04098327582670252 -0.004961972850953508
-0.03024289246587305 0.03874982743551946 -0.009155235060614398
-0.03218624044402355 0.03799828571294325 -0.004491793512288406
-0.03402185910586848 0.03564988256979161 -0.008461617796881623
-0.03584459223808713 0.03463155603072911 -0.003977503510461595
-0.0375143289820264 0.03213152978156707 -0.007761437684125506
-0.03914252824012378 0.03093389970021758 -0.003310035091655605
-0.04061547147532142 0.02825347077328879 -0.007219755265953844
-0.04205053745916599 0.0269214012204838 -0.002643946996634361
-0.04331571544732708 0.0240967118928111 -0.00656485119717471
-0.0445395071952932 0.02263314706711477 -0.001993226690263806
-0.04558408491657666 0.01969211342577016 -0.005857633578923456
-0.0465811278515131 0.01812730966489521 -0.001264583881752434
-0.04739293258103009 0.01509491686444742 -0.005104255697489837
-0.04815979778022596 0.01342604619102736 -0.0006125042401015468
-0.04872825105943057 0.01033629663920178 -0.004326490549571268
-0.04710285369096145 0.01641476514545765 0.003446252948834112
-0.04924763342142766 0.008641065343100322 5.091291537177089e-05
-0.04772898609176811 0.0119157531734306 -0.008941963596530949
-0.04881976157879987 0.007110271882374152 -0.008128647682601069
-0.03870583072698271 0.02930170028695085 -0.01196950408445836
-0.04757585265652571 0.008640149560458998 -0.0127234452715236
-0.04842777340544917 0.003791670973261893 -0.01184795316588456
0.03247018865541881 -0.01336559248298637 -0.03559561470546969
0.009785071197928777 -0.01262682831934924 -0.04737948488792533
-0.04694325389154067 0.00529039120640042 -0.01638116830258432
-0.04756280538009257 0.0004157272996391575 -0.01541449691646706
-0.03729840126967752 0.03329449189418684 0.0005532379542710283
-0.04583478938544541 0.001903561163297679 -0.01988840206978543
-0.04621362249979147 -0.0029735008171404 -0.01885363064073426
-0.04769997066380754 -0.00445150954147702 -0.01431421885657891
-0.04612207124027046 -0.007825551868712059 -0.01764979553585575
-0.04426156460168173 -0.001486408659408956 -0.02321000836510812
-0.04365692608891688 0.003389607826064892 -0.02413676372781423
-0.04186335421063223 -5.131919308343563e-06 -0.02733970643402275
-0.04106976361598244 0.004871260107328712 -0.02809884946922334
-0.03904301847208911 0.001455488815650297 -0.03120135030564584
-0.03965922066294719 -0.003415680253816712 -0.03025688921239839
-0.0279232164375894 0.03925197549205048 -0.01340061206628286
-0.02609342364393793 0.04263821010112916 -0.001056542431683484
-0.03664163620476418 -0.001950146758367498 -0.0339645024085227
-0.03706660817794061 -0.006807867639838837 -0.03285908544651635
-0.03802332312268115 0.006307188592232826 -0.03185037316532083
-0.03386429127769049 -0.005320384233649724 -0.03639922097883508
-0.0341422192906063 -0.0101625398112114 -0.03508606057250792
-0.03073880930224864 -0.008621457938017574 -0.03848111310374203
-0.0308234775152269 -0.01340174168086391 -0.03701765192158596
-0.03032969647423099 -0.003759191717473272 -0.03957243977078367
-0.0340334155025712 -0.01486897105833688 -0.03347596643706775
-0.03058285284069998 -0.01805215032868429 -0.03519671832194975
-0.03365012945840385 -0.01945469277673743 -0.03145129117215097
-0.03001934604465887 -0.02252609245431658 -0.03303655584032036
-0.03290781420826496 -0.02380564242205208 -0.02916105541484583
-0.0291386027783418 -0.02677874460971529 -0.03055880667260514
0.04747398731733451 -0.0144969778462108 -0.006004844837298924
0.04686120672824466 -0.01740675774701322 0.001015917668668327
-0.03187156613712001 -0.02793151666566394 -0.02653363240724728
-0.02794837834696787 -0.03081004786357218 -0.02774218986343956
-0.04737793792237641 -0.009272043851926445 -0.01301384651175049
0.04485137254008682 -0.02155776762046684 -0.004859736257483288
-0.02507340583786874 -0.02947050217004738 -0.03166723577350513
-0.02375136071972022 -0.03330828552682838 -0.02874771259117857
-0.02077420535744744 -0.03189767915014828 -0.03241867450406937
-0.01933345284486331 -0.03554796754804351 -0.0293693650646161
-0.02220982928544937 -0.03681023195503132 -0.02552900911762906
-0.01767375232476191 -0.0388490630211727 -0.02604589758752662
-0.0204498091653481 -0.03998454538340328 -0.02197820364778269
0.04374249225524893 -0.02411984496916984 0.002197145867415267
-0.0158362542364739 -0.04179507171142418 -0.02241394727384432
-0.01853212878673679 -0.04266998927247508 -0.01832572558232453
-0.01381434071883508 -0.04429969019745309 -0.01861992048623231
-0.01643280579916516 -0.04496909253472711 -0.01441331364295091
-0.01163894499353651 -0.04637950432350724 -0.01461083632593303
-0.01418731949664679 -0.04681553179336629 -0.01034533462022258
-0.0189041727807352 -0.0451795255009989 -0.01007187802650036
-0.01659091771932416 -0.04679185064446342 -0.005938363621137095
-0.0212036815779252 -0.04492888081445529 -0.005639109530983344
-0.01878057391091171 -0.04631487060248646 -0.001490907324992974
-0.02330842553085823 -0.04421964375667212 -0.001157758742331436
-0.0141763618073673 -0.04791809008154082 -0.001699237724380492
-0.02077970036371899 -0.04537875580783729 0.002995425533497809
-0.02519711324474113 -0.04305912946380881 0.00331916464651029
-0.02262716787385637 -0.04396917466661093 0.00739749641063667
-0.02685065048447467 -0.04145849258023303 0.00776118299844445
-0.02417110727450553 -0.04215698097025711 0.01177057894063525
-0.02825290462133087 -0.03943419034503882 0.01211272109351277
-0.008956951905193321 -0.04547840481875162 -0.01874800543284015
-0.006730202078430389 -0.04732356760555448 -0.01466916252094868
-0.003989450338303125 -0.04613806231180381 -0.01885108729252299
-0.001575166845555138 -0.04785578045423322 -0.01439941410352844
0.001679455314457355 -0.04609376064632213 -0.01930141599277905
-0.02549721376049163 -0.03991399436282507 0.01602389292451013
-0.02938963767475203 -0.03700637171324941 0.01633332942077671
-0.02074550959678387 -0.04251000874660966 0.01620256115350036
-0.02638710400886942 -0.0373611314320274 0.02019570746826866
-0.03025926258645314 -0.03420996450046897 0.02034835021815604
-0.03311923122521922 -0.03369050497870615 0.01637273334939042
-0.03383696417203096 -0.03071789398625166 0.02028474413617531
-0.03080757929077059 -0.03106423152634495 0.02420550718164194
-0.03421533719244154 -0.02742319085313007 0.0240266373893712
-0.03709193837817185 -0.02693587996839856 0.01996613326805989
-0.03729159642227794 -0.02350493856241474 0.02359776895079398
-0.02921850451898349 -0.04042423788238988 0.003487117047375544
-0.0342357798641275 -0.02386461002490385 0.02753891365784535
-0.03713277248684345 -0.0198276370611149 0.02698188310724485
-0.03998177270872136 -0.02289120958622139 0.01942808211707553
-0.03394511516474859 -0.02009052591734829 0.03072620908632095
-0.03665111215743878 -0.01594750261489153 0.0300395262607597
0.00461329267352358 -0.04780988882044433 -0.01388999862077623
0.008131451547749986 -0.04543156709607125 -0.01923154197982497
-0.03320564299654571 -0.01610071239268329 0.03373651335917879
-0.03574961917644934 -0.01188342120551887 0.03287474759129064
-0.03031849280359904 -0.02014702601967426 0.03427661501199734
-0.03897966385620372 -0.01165379142250398 0.02906501249162191
-0.0379997915465783 -0.007535921364805046 0.03161053197274717
-0.03451024112079813 -0.007718360610067485 0.03534784529893346
-0.03665734872579098 -0.003314323928702313 0.03384160222701316
-0.04096223512997172 -0.007259676558134969 0.02773792330777804
-0.02728412392325902 -0.01652484184011596 -0.03850332691988315
-0.0329113406844643 -0.003487364588872876 0.03747908673614394
-0.03478445283993005 0.0009198045662687027 0.03590537285959518
-0.01622052606744254 -0.03390519980582087 -0.03297471698472607
-0.003471172345994263 0.03531590752162963 -0.03522410592858403
-0.03096893690104988 0.0007671774341328134 0.03924711946122095
-0.03262407456876651 0.005164312052424959 0.03753664395702871
-0.03633161100386372 0.005400012928421362 0.0339242376809975
-0.03393786698050819 0.009519996816465891 0.0354625273412346
-0.02898903643963537 -0.003627353108246762 0.04057681697385326
-0.03017765183546505 0.0093516218296363 0.03875379334791529
-0.03133075372383477 0.01366000930380004 0.03649367091587952
-0.03508023094877952 0.01424311746217963 0.03265748002431978
-0.03215421460271436 0.01784155390962015 0.03387898223637641
-0.02839846976440083 0.01765232289003123 0.03717421702775314
-0.000461647336348501 0.03755328882859765 0.03300814111537888
-0.02907016952956361 0.02174491041112227 0.03438145015462114
-0.03254853464574278 0.02200225363655423 0.03092723277837217
-0.0294336812660403 0.02562906108517111 0.03125395391021297
-0.02517039301379875 0.02145693945843531 0.03749734743429131
0.01150357197725165 -0.04690366849763196 -0.01295043293594616
-0.03288032701869291 0.02560012054423378 0.02763182808401414
-0.02948536302922185 0.02926586045608637 0.02782306199540011
0.006258872741124644 -0.04905940895157288 -0.007348530828181792
-0.01474516844161425 0.04556712000593913 -0.01436027792184975
0.01459756869526137 -0.04738605895462911 -0.006439907214823801
0.01044140142169643 -0.04889477727326309 -0.0005271543881932092
0.01494921593652991 -0.04397531609643615 -0.01851195605822152
-0.004173087690729945 0.04370083424172774 0.02393370898340906
-0.005663864094677982 0.0378428577308156 0.03218444907532624
-0.004175310878670764 0.03459248866294285 0.0358598174447476
0.001264773462088142 0.0338615595473918 0.03676676669368734
-0.003418962935302052 0.0306713886869005 0.03933925022752852
-0.01225026676346273 0.04844638474811936 -0.001696693567262087
-0.03982651913909646 0.009686107985194672 -0.02863612552986755
-0.03661035071920217 0.01109081095688922 -0.03219745537360925
0.01122167600926984 -0.04211176159284445 -0.02450864180427812
0.01759097086620241 -0.04680279005973699 0.000237879399282772
0.01344918922797087 -0.04776208788872714 0.006156481919061977
0.02002656597863994 -0.04527364274764398 0.007016689209440938
0.015971404548477 -0.04560729158285879 0.01284091862854783
0.02222431384718701 -0.0426769560013103 0.01359254576905874
0.01805604573118891 -0.04247067848379135 0.01924111955369639
0.02427614151895146 -0.03904943222770736 0.01964206699014977
0.01968367462956249 -0.03839565839229409 0.02526512160469002
0.01295883341014102 -0.04155192999050838 0.02460702645002243
0.01440586666054755 -0.03702368525464918 0.03035980460943709
0.007519612530324543 -0.03974353614109918 0.029392290866738
-0.03547842323031725 -0.02482874741265506 -0.02499629546570972
-0.03427810373100426 -0.02884234915595256 -0.02220654182381028
-0.03275853269044216 0.02907673764355777 0.02411269093189192
-0.02922469703082486 0.03261887222637629 0.02412314776590805
-0.03606353422041408 0.02526328873803978 0.02368940146292126
-0.03822197563322705 0.01441765787130314 -0.0288307426230933
-0.03481825752321634 0.01575842984343021 -0.03223911958966432
-0.03302761354090897 0.01236429159869057 -0.03544433716484083
-0.03106548056782232 0.01696142747410059 -0.03531636865719747
-0.02911420226443804 0.01349379118657425 -0.03834424110500196
-0.02709434099173721 0.01803854990802687 -0.03795401696051542
-0.02897114491214944 0.02123521829555398 -0.03478129190267963
-0.02490932450146289 0.01446799351120013 -0.04086811369075764
-0.02266626358263224 0.01890739051351505 -0.04035778833350609
-0.01756144545794836 -0.03006592042328268 -0.03588364617103923
-0.0129443532241876 -0.03195684463413926 -0.03621054819575298
-0.01422837027560145 -0.02807010208509337 -0.03885386529333753
-0.009543376477394777 -0.02976704627372427 -0.03902367129767093
0.003111156215357712 -0.011549258799245 -0.04854827832366152
-0.0377112466210671 -0.02559414831267856 -0.02056213632951762
-0.03632484095997587 -0.02944821215795521 -0.01770052908623128
-0.03956648896119217 -0.02606729336140959 -0.01596838025893891
0.01813998614609601 -0.0400843533894339 -0.02375258966871662
0.02171170349088057 -0.04148270296032384 -0.01754386749350394
-0.0379908542961048 -0.02978545445862581 -0.01302004963682026
-0.04104298823356468 -0.02627032559857763 -0.01119567370925884
0.007873468316706312 -0.04799180567855541 0.01161012852545565
0.01430737413691496 -0.03784573045917837 -0.02937685707010802
0.005292429698424662 -0.01764090408387484 -0.04648428434418198
-0.009008468973534941 0.03521287115668421 0.03433513057577641
0.008845024391534213 -0.03477921881454982 0.0348162531321627
0.001386975808660316 -0.03637176105371282 0.03428077151929067
0.02596641440385806 -0.03438348097594119 0.02536772672085939
-0.02045510800263772 0.01527713825254519 -0.04299066879467039
-0.02722155567031233 -0.006959604379560343 -0.041358805758485
-0.04423256563422958 0.02091334526577244 -0.01030107408031639
-0.0268963620463558 0.0006343572748236058 0.04214478970785392
-0.02477639792958282 -0.003752672024853565 0.04326716489797831
-0.02255421787221178 0.0005168536834064992 0.04462107258283637
-0.02031563065818697 -0.003862065795860239 0.04552317650108108
0.003124968333149223 -0.03170804121922426 0.03853355284627658
-0.004415692339541951 -0.03439216841399729 0.03602333150814564
0.01005906431535098 -0.02902001492663034 0.03945445423216225
-0.04941837022785263 0.002217789240439246 -0.00727365760177652
-0.02297501847412385 -0.04067910524318388 -0.01781457051763074
-0.03624682420878237 0.01900964746532579 -0.02871934954036497
-0.01822393129173682 -0.04603623717608314 0.006968012266168593
-0.02436443544718413 0.0172663337359691 0.04010296752932548
-0.03958894746885189 -0.02619727106868732 0.01569771406486321
-0.04227935643557074 -0.02202957191290105 0.01507162833698749
-0.04168134747663745 -0.0252147641147232 0.01126414413840113
-0.04416495798978026 -0.02092797813791323 0.01055822981469772
-0.01304962099084827 -0.04055738561445404 -0.02616879561836366
-0.04314189110438039 0.02521084206357172 0.001786245891087542
0.002899494782983032 0.02917345754383486 0.04050311475604709
-0.008218993512013462 -0.03358651545360503 -0.0361163969040965
-0.03229881292561371 0.03230523529986978 0.02032629960952697
-0.02865429482647403 0.03565450330445855 0.02019127985319054
-0.02560579230853384 0.03578648309273452 0.02374175705599009
-0.02472347283756486 0.03869159536368654 0.0197916734780802
-0.02242479811258327 -0.008112506948179278 0.04394673663226457
-0.04454269425200989 -0.01763580116302314 0.01431526828635347
-0.04620235058366009 -0.01643823457173369 0.009753319676357553
-0.04635628503160258 -0.01305997904723165 0.01343621171888452
-0.04778567221477718 -0.01178779588900832 0.008807803305078436
-0.04770195880498036 -0.00834794972652228 0.0124432657100704
-0.04739447570971672 -0.01509599396970058 0.005086711930887798
-0.03914323477173395 -0.02996327131456967 -0.008367170593121901
-0.02101221125682963 0.0209738994943637 0.04023161093094202
-0.02009252775862593 0.01668745358836249 0.04263589123033661
-0.004611004593918474 -0.0382296124315741 0.03189412751536713
-0.008668598320352874 -0.03552576950774165 0.03409948832524015
-0.008741799235304298 -0.03197385371211742 0.03743332238695556
-0.01274589134030964 -0.0327881362785136 0.03553139982216631
-0.01270103963043143 -0.02903237972131887 0.03867563212183304
0.02473759653552986 -0.03711757068600695 -0.02259064549796262
-0.01056289800119987 0.03790206219673475 0.0308522100837379
0.02464101567183676 -0.04348493464220814 0.001371424742077064
-0.008496694138028022 -0.02779375341402173 0.04068554362283189
-0.01248655239318311 -0.02482443211554497 0.04156721760562034
-0.01785691197208806 -0.008191889258675124 0.04597851286410536
0.01203511459348622 -0.01884832230357513 -0.04472020531104712
-0.02258447360190875 0.0107631920478148 -0.04329082176474066
-0.01810397347081142 0.01963085974416828 -0.04227145006115771
-0.02034931509485645 0.02325169858989423 -0.03930984466841555
-0.03600384606724016 -0.03323662179851905 -0.009952388647389336
-0.01298571948890793 -0.03628710039881533 0.03185306004141036
-0.01830925372655983 0.000236344352287491 0.04652650179546703
-0.004737788065034531 -0.0311305757260144 -0.03883864852460368
-0.0259096938012529 0.02918029612712063 0.03126016770682566
0.02809536144322465 -0.03809562167553231 -0.01610510088541141
0.03087642586248247 -0.03329175995693753 -0.02093573607323789
-0.02783462611534497 0.03834297482602889 0.01597028085255455
-0.02371194786837589 0.04115500209950836 0.01562079801024541
-0.01802238847750819 0.01150707280344501 -0.04519713253141173
-0.02004998249261991 0.006937311398585979 -0.04527551117993793
-0.04889032551444214 -0.007025985527610149 0.007769916245217884
-0.04856858687933285 -0.003547962971984711 0.0113359749159092
-0.004871972028938893 0.03881338723367517 -0.03114136894868334
-0.008430715358728852 0.03583948197310554 -0.03382978821156787
-0.009887150854706275 0.03881289946838309 -0.02992996964304289
-0.01320913622006241 0.03584288464069171 -0.03226153035666321
-0.01461104794926266 0.03855117209342774 -0.02829000544445451
-0.01792869169609977 0.035609091638982 -0.03017539737456304
-0.01663728417224271 0.02030062999066021 0.04255684665661155
-0.01562554600754558 0.01592148212080183 0.04474761132220428
-0.01559562437474689 0.02383022616274194 -0.04109618986468661
-0.01336129358341086 0.02013827137597599 -0.04377129035984032
-0.010728655520265 -0.02556362239747732 -0.041610060810418
-0.006598325617120433 0.04141663259079838 -0.02722360453520565
-0.01667917972678517 -0.03003722653672236 0.0363258858890354
-0.02056381368247613 0.04140010940154542 0.01905677067009199
-0.01937632665819696 0.04358076378588049 0.01500916363672985
-0.03690406319793024 -0.01619894088705658 -0.02959196569376253
-0.00128188628726517 0.02561621824326275 0.04292046284070169
-0.04334817510346369 -0.02399820262881883 0.006709842456094183
-0.04065508739321586 -0.02816096787303698 0.007356885040814505
-0.00824694568526373 -0.02348630485068283 0.04336336439121281
-0.001187794774205751 -0.04399727690977112 -0.02372401247890607
-0.003384580676048644 -0.03480867569309105 -0.03573374749645677
0.0003537748455453553 -0.03187709194290822 -0.03851916214849482
0.03053122131184837 -0.03493708785095891 0.01863449537018151
0.03165288420696564 -0.0294897137713256 0.02506893900957349
0.02670339353325784 -0.02906483713995977 0.03069469035249547
-0.03946390372270405 0.01758509778558309 -0.02516673675383097
-0.03748635301762646 0.02196696419772395 -0.02474319747675716
-0.0192086735064734 0.03801631442492074 -0.02618752946857093
-0.02243351420055744 0.03478618250964792 -0.02804744100660261
-0.00441612467275901 -0.04871139693806652 -0.01037774788751261
-0.01986512275960566 -0.01240146726260593 0.0441766964301351
0.02716000779502455 -0.03189379333598925 -0.02729688486284496
-0.04075826805640125 -0.02208055536123475 -0.01874066861085777
-0.001017016669538907 0.0499885620592833 -0.0003306665073184723
-0.01539247789210373 0.007634965627394487 -0.04695507346612933
-0.01733124368568506 0.003028682224972875 -0.04680229776717737
-0.01535130088110329 -0.02368872130000176 -0.04126962617263065
-0.01180577612320197 -0.02116678451444911 -0.04373317829117513
-0.01636035863440538 -0.0191794636029022 -0.04317970404320284
-0.01274424206006897 -0.01655640840101546 -0.04542542938897941
-0.02541388234082492 -0.04271537024736866 -0.005434310351545968
-0.01746260803277946 0.02448363096060879 0.03994507648857648
-0.03692195156273113 -0.03328936978636335 -0.005346714133567931
-0.01520269517868178 -0.01242923715074339 0.04598251975647558
-0.0131116282328917 -0.008167977125736801 0.04755385741194795
-0.01038644822291449 -0.01235370292688581 0.04732343729387131
-0.04714202059714807 -0.004837998726027355 0.01594439281832409
-0.04776101123368308 -1.70292129722221e-05 0.01479478002343746
-0.005122517666121855 0.0472077772255859 -0.01565840292557715
0.04514195784193412 -0.01994135194097633 0.008034060303679704
0.04120927395863886 -0.02808755432445076 -0.003589572658810123
-0.04184473325841382 -0.02674692783285842 -0.00579828854370496
-0.04367524691077834 -0.02252060796967191 -0.00923553051854073
-0.01378515324618138 0.03490752049180601 0.03303686672633224
-0.04609353225157476 -0.001297011017362887 0.01933142640867137
-0.04648272587911333 0.003528327586006716 0.01808057242713937
-0.04791400501883367 0.004799509143848398 0.01346153167486143
-0.04639913637880538 0.008323994171574594 0.0166682711860772
-0.04473507061688473 0.007023107546671321 0.02120022210473806
-0.04442307458275301 0.01178031021815839 0.01969301235918764
0.03212956146953663 -0.02405511272541768 0.02981682128501822
0.03670620175991477 -0.02400826283030089 0.0240053758194206
0.02678158180834149 -0.0231280859524969 0.03532475783380586
-0.01722588070988267 -0.01447952390048622 -0.04464988713741772
-0.01353465104589714 -0.01177868440711697 -0.04666985981019586
-0.01793919563116006 -0.009635989860704032 -0.04566544601239955
0.007830452992652188 0.03269009780329115 0.0370140718043979
-0.01325939520966961 0.003943066887651478 -0.04804831591422635
-0.01085505410815337 0.008411300819095829 -0.04807720685355734
0.03300209655130794 -0.02765722583116867 -0.0254153395126228
0.03961997500553486 -0.0303135939461111 0.003368026518762912
-0.0267147477511062 0.04060296294877219 0.01173548688275857
-0.03069864149765277 0.03759503048387018 0.01200862577964123
-0.04587656954254599 0.0130299558875201 0.01501867559331457
-0.04366391251650958 0.01642881067587549 0.01798768810956086
-0.04199998810819233 0.01510375314831497 0.02253614074650912
-0.02432701912347696 -0.01227067148291078 0.04192405946380273
-0.02165658652267244 -0.01649779686313782 0.04193822789351789
-0.03092059133826292 0.00883184808613882 -0.03828727583252047
-0.03271685596343653 -0.03254414568944947 -0.01924801073388196
-0.04175391667744607 -0.0113414841010597 0.0250595526791342
-0.04591707764134317 0.01003456085035875 -0.01705665762742837
-0.04951034824262523 -0.002198459278087999 0.006625118391135811
-0.04958858509154655 -0.005651497621247302 0.003005462236575948
-0.01076386595479478 0.0242423881705409 -0.04238449959001556
-0.008485739792946612 0.0204245417627756 -0.04484228265763283
0.04192580544667481 -0.02529002196036417 -0.01013122040486095
0.003427844189176572 -0.04986890572571996 -0.001158501589978786
-0.01899127061205878 0.01222657906259136 0.04460764962386782
-0.01443752992208213 0.01139006107577407 0.04649542169331428
-0.01099645926260761 0.01501651415103571 0.04640670411091005
-0.01517335390549594 0.03775670365810476 0.02905513139073079
-0.04454749359407145 -0.02228296518471248 -0.004357783503463146
-0.01608900775858354 0.04360527571666483 0.01843159675714178
-0.01482942583946345 0.04556264195246881 0.01428753959165061
-0.01809256538567989 0.0453749325484854 0.01066651648783699
-0.01347944780429697 0.04713435392907302 0.009831437665983166
-0.01012029850295764 0.04705054796486203 0.01355822607929411
-0.02359916349021583 0.03702057386899209 -0.02392815481754841
-0.02665116194444032 0.03352187308043113 -0.02580696789998164
-0.008727440763850893 0.04841221467738799 0.008949259619877612
-0.04486927035109086 0.01760161885757876 0.01330156350784548
-0.04244506559139651 0.0209104720417719 0.01616071056396732
-0.01416908414592878 -0.006881479504508154 -0.04745400187860477
-0.01320081754323982 0.023739772952722 0.04197810853698986
-0.009744698843347816 0.01041891121320902 0.04792167707398942
-0.006251645331477424 0.013981616355227 0.04759654750866564
-0.02649823609967642 -0.002139931337482882 -0.04234695003747808
-0.01763559268051777 0.02727812139044183 -0.03801170825173723
-0.0458781704186905 -0.01840734777692772 -0.007507531342114131
-0.04032369238171755 0.02056139681198835 -0.02124214663927753
-0.02526926826509294 0.03131636849802499 -0.02967741810607311
0.03690125931024206 -0.03366409914939433 -0.002241760419407366
-0.02935470652456535 0.02987364578132702 -0.02731055643132236
-0.03060036243872758 0.03203955594445821 -0.02317508734612328
-0.02028932898135465 0.04009520007720625 -0.0219252835843727
0.004857167432228331 -0.02666157205513315 0.04201866847110036
0.01113762951384279 -0.02289369187804135 0.04303291857410652
-0.04564060846867891 -0.01238189466937118 -0.016236488013279
-0.04411124272393501 -0.01109183173837586 -0.02076462217420892
-0.0380389746251673 0.02497832033009496 -0.02071520994228741
-0.008128130681238259 -0.01844918496941566 -0.04575544847985866
-0.005323011164220338 0.0480794410752389 0.01265041098297669
-0.01174502212852556 0.04045747683881183 0.02693041074765569
0.03465942277733534 -0.03575357341472463 0.004517344443345567
0.0157825579968921 0.04074460826714771 0.02430612598155897
-0.0337892261511724 -0.03620778693891333 -0.006876362489804104
-0.009695106640385594 -0.008977406722821752 -0.04822251627367227
-0.02945146376042362 0.03967374200614068 0.00765542145140569
-0.0434479121997338 0.02199155168499499 0.01134242390190109
-0.04062865971380644 0.02543766354348145 0.0142210155512311
-0.04870703621899893 -0.005876608681601406 -0.00964832074324092
-0.03267567103720199 -0.03601381448055863 -0.01163209735294819
-0.01909809591433666 -0.004762721515657463 -0.0459628025278169
-0.007774768119545636 0.03260575617056882 -0.0371001030353382
-0.03989189732570383 -0.008247778208238033 -0.02899328685029033
-0.006820648406243125 -0.03704985273148349 -0.03287532764694214
-0.001928364557649878 -0.0381966839748621 -0.03220706045973946
0.03818417436466791 -0.01334874518406762 -0.02939013150871343
-0.04995835746049409 -0.0008307560756974214 0.001863428075399382
-0.02455024569878821 0.004900997742621448 0.0432812390910421
-0.01175958630879926 0.03233843122569732 0.03627585968253194
-0.01696763119474324 0.03153030370758353 0.03489898909347836
-0.01666035176688305 0.04673687994840777 0.006172254992451021
-0.0197671739558391 -0.02183096613661552 -0.04040628356260376
0.02897382658016232 -0.02598796991063139 -0.03138698445577079
-0.021165383600972 0.04477879951138607 0.006847309788726991
0.02285816743802551 -0.02991568587960786 -0.03290221755030839
0.02427336386939274 -0.02365014338532919 -0.03676240639998189
0.01863900993913192 -0.02755188304462384 -0.03732935907813462
0.007343606763449207 -0.02381877238787545 -0.04334440588632408
-0.008236488854930104 -0.00804101011979212 0.04865698724331392
-0.005266627915120387 -0.01233617790251384 0.04816722272626069
-0.01121081107832976 -0.003974161542794502 0.0485646348179184
0.006008217044482981 -0.02046554119200948 0.04522237224720246
0.006723436433058703 -0.04365959637965516 0.02342295981502383
0.009447608098373863 0.01902042556142606 0.04526550687534373
-0.007460177418421152 0.01850654227424105 0.0458459774237327
-0.00293496499532599 0.01780578496680846 0.04662981880934119
-0.04207767992274634 -0.02686294213771888 0.002801997863039505
-0.03924213445672116 -0.03079672418243019 0.003408322595051258
-0.03757479681049686 -0.03202596946730949 0.00790391828961024
-0.0332153392502617 0.03652609101961662 0.007911125919659421
-0.0343324439092772 0.03426021921811292 0.01214580892090689
-0.0342799717142452 -0.03637017252873746 -0.001447096921570973
-0.02450521434360071 0.006149068478929735 -0.04314722965400698
-0.005985043845959289 -0.003657979824837673 0.04950553942502824
-0.008614380934475297 0.0005870984258441967 0.04924883507814291
-0.04963026420802743 0.002565068191904139 0.005500663579266945
-0.003990132304586258 0.0491868383388061 0.008045730446892394
0.008539905672103297 0.04887016117972777 0.006227146808852955
-0.01229172268660147 -0.02056950352405768 0.0438840412697995
-0.04819333772661683 -0.01048850161637276 -0.008209356406661714
-0.01026972973844653 -0.00404045523818954 -0.04876686756976968
-0.006183203651016128 -0.006758600988392041 -0.04915373134655972
-0.007075212464437397 -0.001376166927003411 -0.04947774785873031
-0.0053702503963214 -0.04016074291338936 -0.02929633320614469
-0.03653956709414216 0.03312697740461322 0.008213610935936056
-0.02109103363925911 -0.0122646872737631 -0.0436433929261284
-0.00601287894322041 0.02495713156265335 -0.0429067229112011
-0.003622841764080464 0.02178862685235452 -0.04485678050686753
-0.006221504887490795 0.0168719869533025 -0.04665435599365314
-0.001182184774020348 0.01642592100447715 -0.04721007899077009
0.001634277672554838 0.02188781374324827 -0.04492496795802821
-0.004335774894190022 0.01365345067005328 -0.04790390736534269
-0.02201507333891358 0.0263957794846885 -0.03631252361483506
0.03422770121853624 -0.03376438783029602 -0.01372700199387948
0.03683032907811881 -0.01786111928378197 0.02871423476131634
0.04110769968822727 -0.0181170778779057 0.02195287032504907
-0.01312516241318477 0.006737799059528797 0.04777376032364351
0.03717221784857722 -0.03186024395483562 0.01015633178644127
-0.0009476177909274853 0.04874782165835504 0.01107934583301421
-0.001698204415936566 0.04749539338000634 0.01553395343884305
-0.04128629272223331 0.02648752222717718 0.009687786099974552
-0.04645185355765679 -0.01836579783122324 -0.002218731863169756
-0.007420909142016468 0.04924562091679623 0.004449598636409642
-0.04979624224229255 -0.004173145783962134 -0.001708541135799136
-0.04916674285168469 -0.009069338629464675 -0.0006152188069393766
-0.02946684006325838 -0.01607908780530651 0.03705628518936558
-0.02649821744860653 -0.02008903629070331 0.03733999321045962
-0.02720448800964145 -0.0240402706277799 0.03437995375616985
-0.0233083354563908 -0.02384594944325543 0.03725710930013307
-0.02369985120820222 -0.027626538366734 0.03427960662814628
-0.01631454694288243 -0.02215837459773458 0.04174735911689453
-0.02759533417551673 -0.02771992782777683 0.03114647866074755
-0.02400270026567041 -0.03157985752631325 0.03043982553455492
-0.02972014138616331 0.001089416700851168 -0.04019361102511654
-0.04450720775679318 -0.01419740729868459 0.01781971053886416
-0.0422135303900314 0.01603711445347106 -0.02146692367378628
0.04042794009301902 -0.0236369633663369 0.01751786581332649
-0.03182397247299927 0.03839965958966585 0.00356383493382737
-0.04079272757573199 0.02331673606151852 -0.01709629188945943
0.02474685996281963 -0.04203235535332528 -0.01099427239213145
-0.03418253761004587 0.02374627239054131 -0.02770683435710432
-0.01930944207679966 0.04605220572197862 0.002517894919030371
0.0008811566304409262 0.0470368864989642 -0.0169338380610005
0.02119083987671923 -0.02808167169725428 0.03552981874435717
-0.04533974413575751 -0.006079755571228829 0.02018276923264383
-0.04408741195678077 -0.002580297752874134 0.0234444486064317
-0.04686013520486838 0.01396352508723707 0.01044737745654648
-0.008086624773376625 -0.01938926198377382 0.04537249188108577
-0.04480505608366658 -0.01855909493951001 -0.01216827614601782
0.02089438075815879 -0.02181885022036016 0.03984171968922241
0.02709912403916762 -0.01673162256595956 0.03854465310026906
0.0009909050231540983 -0.02209392866655617 -0.0448427967828972
0.01241297443037112 0.02494567125187734 0.04151664186304347
-0.006557786732690391 0.02617844676894763 0.04209138104094383
0.01200831081425245 -0.01561744118752901 0.04595536967692002
-0.0245732207550933 0.03879959089149354 -0.01976736118894437
-0.02179210085115037 0.04144488604380706 -0.01753356099909936
-0.004569181534335236 -0.02220102836773371 0.04456721799171868
0.007309334563413396 -0.03940898758459851 -0.0298915594407025
0.01017283655607676 -0.03445824356135421 -0.0347727313720067
-0.004959793824060145 0.009322859212968141 0.04887212642517195
-0.01679947519177088 0.04317968358022597 -0.01879607829289502
-0.01642685031300541 0.03999691638479577 0.0251078726399066
-0.003740684273434356 0.04543629606696657 -0.02053168967429225
-0.008690324292765166 0.04546433438050185 -0.01890694483581346
-0.04367188747910594 -0.01524135410303533 -0.01898597822389456
-0.0417452797212679 -0.01420440788000263 -0.0235704564608244
-0.005406197591585503 -0.0117204541445032 -0.04830532043416474
-0.01937496731637859 0.03017904985526661 -0.03484014338837591
-0.01490818175173772 0.03057956416817471 -0.03664200284020567
-0.01952593246998837 0.03668137501472257 0.02780673817992215
-0.03099623380576949 -0.03906611303727164 -0.003615563858817613
-0.00335579364445832 0.03103788354230204 -0.0390562214535701
0.01902983580313504 0.02473433036275405 0.03906505152706014
-0.04476517510318319 -0.02223191428891324 0.001349475835931768
-0.02787925212812143 0.0275769358264153 -0.03102031449231953
-0.03597473314520051 -0.03451656034358207 0.003798109685023527
-0.03431758025663484 -0.0355214791984916 0.007779987203109996
-0.04072021767883634 -0.02899680983624265 -0.001024154045525628
-0.03802145413358054 0.03004075324584088 0.01232567117809541
-0.03791010508683503 0.02810084417917463 0.01652774905190881
-0.01535965642539769 -0.001697229823137092 -0.04755208055828045
0.04691007701227638 -0.01143970538554932 -0.0129837519767644
0.002341592072102872 0.04420336693963831 -0.0232503612395067
0.01946341974620853 -0.02044875208430458 -0.04126770928919546
0.01631318373676453 -0.01340177405511035 -0.04532408287595385
0.02608563383258991 -0.01725121257251389 -0.03901199010983648
-0.03278259530225097 0.02810886570498656 -0.02520303779364431
-0.03477285480537944 0.02939284749098851 -0.02066177836139694
-0.03156648988190703 0.03388969236175685 -0.01884265024249351
-0.03534640324017154 0.03169427549058103 -0.01568772383458944
0.02014655141333835 -0.01509196038980172 0.04320126384427162
0.03226547434732716 -0.03644274682213176 0.01143964025658052
0.02499442432239055 0.0411902365810893 0.01336574588963087
-0.007723988385297441 0.004312113567750055 -0.04921123530254667
-0.0009789821363105429 -0.04134016242334829 -0.02810751794072125
0.03142243871843875 -0.03885126592819818 -0.001791502375769861
0.001461943303629929 0.04964473728045504 0.005767389542208018
0.0009814633253715109 0.01252550230957027 -0.04839574900374929
0.004887883985734296 0.0174697706283938 -0.04659308644351984
0.03490718621775044 -0.0207298362557082 -0.02918496597857911
0.03974886303371478 -0.01837058306678237 -0.02413606358363832
-0.0006810260478047796 -0.02883937712966547 0.0408390319461069
0.0006214924207704054 -0.0416962363015628 0.02758691040068027
-0.00545570108398071 -0.04165856134792565 0.02710718709315607
-0.003572330350745659 -0.01771430466832587 0.04662018732247727
-0.03200512698063294 0.03578768238299492 -0.01396114739580661
-0.006881484420776443 0.04952150733642592 -0.0005152507107470367
-0.01647627885438624 -0.01750092284979884 0.04384347083110431
-0.009413239046399548 -0.03902494937018181 0.02980678206902056
-0.01389422206485842 -0.03909892840156358 0.0278966734766317
-0.01746799774685719 -0.03629089391488807 0.02962836602943422
-0.01841346871044553 -0.03876559499696228 0.02565487896250801
-0.0148610785182368 -0.04152151986694216 0.02356080926483487
-0.02147767635035178 -0.03544653502848924 0.02796877854078768
-0.01925249925573344 -0.04091305138386585 0.02134159082329936
-0.01583501843571161 -0.04351502036084594 0.01885988319518007
-0.0111167093901093 -0.04386961922445624 0.02125735828923894
-0.01182138512097461 -0.04564512153347983 0.01663663830271779
-0.007241433586079233 -0.04586011171248098 0.01855833487512198
-0.007928906947541703 -0.04734164114925943 0.01399647984001589
-0.003344956541552019 -0.04727841528615961 0.01592365265146655
-0.003973107277602973 -0.04857045645096646 0.01118593664855246
-0.00856085770874151 -0.04841062776484555 0.009117172516972949
-0.00270352423948603 -0.04555417240642145 0.02043302065414074
-0.004539790532215269 -0.04939426827416384 0.006292580041885869
-0.00887311385589978 -0.04902734010372359 0.004193777873714432
0.0009817537293584121 -0.04926154059277558 0.008505103058823859
-0.004955690309096723 -0.04972632213049982 0.001653487506481096
0.0005196303298245077 -0.04673260173204018 0.01777059142726664
-0.01664766393167264 -0.0450133389812515 0.01402335906183072
0.04435815880553023 0.01929048339116576 -0.0126582383418278
-0.008085439926031016 0.02841512052822496 -0.04033864879453689
0.007391142324046755 0.02200409768823924 -0.04428533278718937
-0.04359072704314209 0.02361406422664922 0.006498037130546946
0.04431903380064782 -0.01733191848275658 0.01534365812588766
0.04409631260885621 -0.01169758148309989 0.02046171551332554
-0.01309446445263053 -0.04775065088648229 0.00695775399220779
-0.006251332336610969 -0.04410657453882882 -0.02270530613024144
-0.03820183278920262 0.02754839900739198 -0.0167840901950427
-0.02366235561740938 -0.005451311724982897 -0.04370784971961351
-0.02294738927466912 -0.001034301183024405 -0.0444111196271789
0.02255386280034037 0.01928669589364176 -0.04024110627566798
0.01581267801344248 0.0195807569394196 -0.04320362452066451
0.02331578940979083 0.02516073534997853 -0.03637734680878509
-0.008840278195709008 0.02962252760510389 0.03929828672737948
0.02547947079504699 -0.009858365390974568 0.04187611729640634
0.04481931952063828 0.006899170816620963 -0.02106252690799512
0.0006675625443439326 -0.00535436185716208 -0.04970799904795965
-0.001272533734170573 -0.01530517900591407 -0.04758289769961814
-0.01393993654897006 0.02803395421604902 0.03898429914751779
-0.0009053008455139968 0.04146098841270621 -0.02793146738394805
-0.03910515406108314 0.02439010897258429 0.01938838596078632
0.04751723926028926 0.006639007664556267 -0.01407251044804688
0.04140380457016665 -0.006700760739365755 -0.02721809641817777
0.01154298546691323 0.02586178212793353 -0.04120591840595145
-0.01240948301880043 -0.0469577370434095 0.01187331726890641
-0.009296950887591143 -0.0140083751611509 -0.04708855624818167
-0.03216538417301245 -0.01197318038115007 0.03635974439628204
-0.01072056586768665 0.0009388008699071762 -0.0488281488529235
-0.03627524139969855 -0.02071326853476196 -0.02747848918700657
-0.03861030138885757 -0.02165722727902644 -0.02324239947264861
-0.009364421357722735 -0.04798937443996681 -0.01045598170884432
-0.00709285053317716 -0.0491013403737748 -0.006224937334039744
-0.001084231248634078 -0.04968072041997917 -0.005536285862502994
0.0007625749296190264 -0.0489176693334331 -0.01031891983017678
-0.02046695838029846 0.004642472931549626 0.04538227693427204
-0.02339787821785148 -0.04310006475787113 -0.009742880106514033
-0.02722072681929019 -0.04086312203426276 -0.009446549054682625
-0.02101659144422784 -0.04313429153447236 -0.01406185542115817
-0.04226185003770211 -0.004838315097314543 -0.02627787545464581
-0.03588837765152449 0.002890331526318271 -0.03469395240109619
-0.03331540690725846 -0.0005074800257084554 -0.03728037186814667
-0.03074859145414538 -0.007843531693713364 0.03863939872922161
-0.02870249028907022 0.005002640132846656 0.04063422994111076
-0.03096008159869843 -0.02399689550152398 0.03107446465654513
-0.02741638217380959 0.01343396105595755 0.03959634678662455
-0.02742359153956998 -0.01180262069891313 -0.04010791407825161
-0.04617611063427556 0.01654882587376059 -0.009690364744997805
-0.0446570332521367 0.01767400023374631 -0.01390608129039568
-0.02636628277360501 -0.03448274969513811 -0.0248144938728307
-0.03045548001001378 -0.03188594465741216 -0.02357435620889996
-0.0288661527911151 -0.0353337017150821 -0.02045176633324375
-0.02571728407324893 0.02541443905679129 0.03453588839634009
-0.02203631502236192 0.02877946533621835 0.03444042966045332
-0.02200395822496507 0.03260622422401133 0.03086519017092701
-0.02176042034171737 0.02502400415529232 0.03742035973354192
-0.03706434120305713 -0.0117191414343528 -0.03144672216980646
-0.04879935552810555 -0.001073029736875077 -0.01083842734096306
-0.04442597683390614 -0.006342598334925197 -0.02204776697797396
-0.01163939663271819 -0.03564135090529283 -0.03307897446524077
-0.01007372397354375 -0.03898501163325917 -0.02964268802351597
-0.04477963998727292 0.002166193638404174 0.02213800911850852
-0.04260148667911767 0.005291379674627322 0.02563424728498774
-0.006074340574300871 -0.02725337860735345 -0.04147717132437616
-0.007155828058345516 -0.02289445846060067 -0.04387069519161083
-0.003609200902195369 -0.02019652985034906 -0.04559686229173617
-0.03462810115545 0.007704424760830962 -0.03523544308608333
-0.01565207398474901 -0.003911237692676764 0.04732562519066524
-0.04122894819557362 0.01295201240632717 -0.02514794634384791
-0.04260929167935205 0.00825494232051331 -0.02482547461517903
-0.003280336793234953 -0.007812260295136376 0.04927685034175769
0.0008005067583346716 -0.01031863074707942 0.04891712428623833
-0.04246961870959673 -0.01862210871115266 0.0186962176338286
-0.04608568309544196 -0.009574847234659851 0.01686511529932189
-0.02578721325808439 0.03263022191096452 0.02775406727712694
-0.006819248206194762 0.04660838265822865 0.01676772256111249
-0.04241519034197704 -0.02250251175594522 -0.01394950152971085
-0.0268859094784118 0.009903049044245708 -0.04097654806283603
-0.04560573725267381 -0.01959445376797586 0.006014491763627058
-0.01583178122682322 0.01588872157317025 -0.04468672319555644
-0.01101593573837077 0.01630583998932126 -0.04596486421225171
-0.02330790668472939 0.01300120227440908 0.04228132241777506
-0.03879388599236148 -0.02923255920133808 0.0118529275772665
-0.03161634686676842 0.03514407508560062 0.01628805074825864
-0.0487297993797606 -0.01047485096875287 0.003960321904934032
-0.01776180950520649 0.007944151937190728 0.04605875131937019
-0.01149375794348486 0.04525977919698607 0.01787304997409917
-0.01277184999060554 0.04275968285949498 0.02254970885782966
-0.02252135724722518 0.04319624201949891 0.01126379790016382
-0.04101941570510768 0.01966936654467902 0.0207490615436609
-0.0391541533285562 0.01826102611419927 0.02516917166655359
-0.03995700156531085 0.01368686555168429 0.02676018941038841
-0.03727442375227443 0.01668534697305795 0.02884816337870656
-0.008375013386360578 0.005723649923044264 0.04896017751537179
-0.00356399161235542 0.004596697893897329 0.04966053093009881
-0.04261736683041557 0.01042412002919026 0.02398119609316495
-0.01866989852663858 -0.0261810705987561 -0.03828820224701034
-0.02299894051726252 -0.02386185276740462 -0.03743875956265279
-0.02694382989699757 -0.02112110761793161 -0.03644075799806327
-0.01208944319763052 0.0194438762871868 0.04444975858314464
-0.001438641467188393 0.01282715714804835 0.0483052207347007
0.00456307884945012 0.01685698823031782 0.04685104330979864
-0.04894757745192542 0.001291147656169931 0.0101226280835428
-0.03460749492850116 -0.03297467902111179 -0.0146625999818728
-0.02466413688078333 0.02199381160906871 -0.0375226945038703
-0.04760685705134882 0.009502000151858068 0.01197076249896092
-0.04830184047258839 0.01042372748962783 0.007634010229401022
-0.04957137216383561 0.005450011162467443 -0.003602282626819314
-0.04580755510123041 0.01849724879608437 0.007714900039760476
-0.01200328851467852 0.04823237536825576 0.005436821789341816
-0.03605120918053967 0.02134756697450518 0.02728720764186009
-0.0129173003168156 0.02763921070547219 -0.03961334855959172
-0.04660000543190931 -0.01406486412008028 -0.01142887094291039
-0.03293202653546769 0.02028321727975603 -0.03168710660583353
-0.01631701536513609 -0.04718954622210527 0.002627115704666202
-0.01344781056024589 0.01203607490926256 -0.0466292750524213
-0.03741680488648851 0.009583292969498718 0.03175127096585594
-0.0396656827309643 0.005425501980206992 0.02995325594571065
-0.03840768507996229 0.001176002910854177 0.03199166678921411
-0.04122106921497559 0.001147281597053719 0.0282755583094526
-0.03104521574131476 -0.02764846100002529 0.02778051806401929
-0.04502977622799097 0.006737896243142908 -0.02066204266459877
-0.02773906504927067 -0.04157892183255005 -0.001318153797939907
-0.0399799031948136 -0.01936859234979956 0.02294482449095263
-0.04188655018576611 0.02507825525898232 -0.01079805661684648
-0.02060133711819033 -0.01718503210679545 -0.04219312243045166
-0.01108786662764481 -0.04319229980863484 -0.02261602199522637
-0.02728600661687619 -0.0343817277310919 0.0239451590332755
-0.0261381894484424 -0.02541256039787281 -0.03421983089353016
-0.03968369170182402 -0.01551727439365228 0.02616139920391658
-0.0403971376403533 0.02944145850152135 0.001127737455947466
-0.02769448505471608 0.03556180239083909 -0.02164194326461974
-0.004318099944564034 -0.02609856132522768 0.04242898902427544
-0.0158393616488268 0.04084648245881699 -0.02409729223998477
-0.01649541419650766 -0.02596760176010778 0.03941554223037026
0.04695403839804181 -0.01071623322145624 0.01343430771043199
-0.02311913597754731 -0.03742728142154692 0.02376350472981641
0.01532540589643712 0.04395059073604614 -0.01826136654421091
-0.03979352682915631 -0.003282529792188787 0.03009485372386133
-0.03652407057476294 -0.03007493556645333 0.01617066848721526
0.006063856071110059 0.04072820255658342 -0.02836270731186948
0.02944696166045344 0.03286237249227165 -0.02351469589739517
0.0128024637786226 0.006339453947605729 0.04791563674671602
0.01203690528726073 -0.007190706484406861 0.0479938188870257
0.03676500183452635 -0.006537771591366146 0.033250446353792
0.03328408466790513 -0.0130367029394257 0.03496017855058655
0.04541839495049187 0.007288298966138258 0.01959719618469243
-0.02682150839955582 -0.007986655600079891 0.04143452690086216
0.01146377020734265 -0.0451664177196441 0.018126684280581
-0.01479344476994813 -0.03745508089341315 -0.0296356357634921
-0.008837725517323444 0.01295892766467683 -0.04747589705800327
-0.01319893857443319 0.0001192923715185559 0.04822627696431103
-0.0003041708897727685 0.009264628708130293 0.0491332284199838
0.03879165125331691 0.01311399145330998 0.0286920027395013
-0.01125726329847447 0.04134196750694049 -0.02577044325741985
0.04488784304040344 0.01860981415967141 0.01177948912825163
0.03685063953084483 0.03370589631474871 0.002437810449388097
0.041652337150366 -0.02621223892352518 0.008831836758470617
0.005335417241599147 0.04971451664558583 -1.255204433891331e-05
0.04494869764250071 -0.01854587417990455 -0.01164753755719215
0.0409472523276278 -0.02296998406422687 -0.01719599833992618
0.02102822442640249 -0.03536358317386142 -0.02841180674610884
0.02059437025017434 0.03079077283666201 -0.03358273696588489
0.02953191482969399 -0.03982619483344571 0.006460666496587087
0.03725101633354471 0.006788566456401336 0.0326538994238821
0.008337013662517134 0.01114222069969617 0.04802442213155995
0.03573473505880891 -0.02932731303383882 0.01905091652629766
0.01835376485107724 -0.04489713687617881 -0.0121402807262858
0.02770530728163447 0.03268245901618535 0.02577349066551867
0.02158445757538816 0.033192566851943 0.03053464748372844
0.0148575615432859 0.03105531676924589 0.03626044905057391
0.01115060531428287 0.0356487266964805 0.03323901752526277
0.01250227721448404 0.04841095527949606 0.0002692088015387337
0.02081106348714658 -0.03346355978168707 0.03077482417937446
0.04148134533282234 0.0219238473532054 0.01728128775909039
-0.04225463329192535 -0.009459884308253548 -0.02500113105920155
0.02921708728305408 0.04024620703283353 -0.005157967638973817
0.02076196887919438 0.04125289313097544 0.01916088350216878
0.03028535488310549 -0.03871773290063057 -0.009150652361432384
-0.04627355704756304 0.01334151789875179 -0.01344476918073398
-0.01187473226064897 -0.04821045569715551 -0.005894293444553763
-0.009203518718422062 -0.0491295366306732 -0.001258520422954918
-0.01045389128977661 -0.04166380823615817 0.02558990504402414
-0.02544663504796732 0.04239719661002087 0.007412589584402753
-0.02611893433564594 0.009068466857763741 0.0416601029525835
0.03622649246331221 -0.02870589051791277 -0.01906864162385957
-0.0475956828271438 -0.01439768445451102 -0.005230454910068628
-0.04803008659778874 -0.01389267383183368 -0.0003231024778587836
0.02302616920423987 0.01871049907161121 0.04024565512286949
0.007949929350709707 0.04607862301767105 -0.017707600744146
-0.007483981536554348 0.04202099306921592 0.02604277561700024
-0.02799475192456079 0.04129468582502051 0.003323068957326924
0.006002420798823708 -0.04941755221961219 0.004677229647531794
-0.03242599017807201 0.004252746589649013 -0.03782154554504358
-0.02529468369499732 -0.04093059657550684 -0.01359651575747056
-0.01711806990812695 0.04694681849643527 -0.001722763966201493
-0.02473576897217226 -0.03779539393866374 -0.0214394479960782
-0.04228325819583411 -0.01508870713879605 0.02201038375912772
-0.04381229771404437 0.0114517433436938 -0.02119764476082446
-0.03562819270596662 -0.03285151558368226 0.01230486929477874
-0.008372759154859329 -0.04179119387472006 -0.02614178682990664
-0.01244845592333872 0.04330967204882059 -0.02166352353954228
-0.02834900952582826 -0.01202013930641668 0.03939352624428075
-0.04992157125010099 0.0006618948770265693 -0.002720040274123972
-0.0309518688608865 -0.03576948823227467 -0.01620263946459492
-0.02833448306978635 0.03735340691968947 -0.01737469598755862
-0.03967318921118378 -0.0127821310013204 -0.02761621235576478
-0.04883999164333462 0.00595575866104355 0.008898547918082459
0.02118260524244379 -0.04494783495031412 -0.005566809537078995
-0.005792742122969058 0.008627292876951088 -0.04890821972135245
0.03365688559954805 0.01867287079479735 -0.03191454132554217
0.01701417166301453 -0.03303936724653372 -0.03345023429768688
-0.02780696371663222 -0.03117994045889396 0.02746969387965084
-0.0220036450902262 -0.02798296983069755 -0.03511115210581441
-0.04534664527743302 0.02091975089770338 0.00245881769570256
-0.02710744707410036 -0.03835100363034713 -0.01715770479026695
-0.03013747522297896 0.0398907151070767 -0.0006807609201268791
-0.02212316184929148 0.008824710370808403 0.04396237250946997
-0.04954002069020796 -0.002602976391400141 -0.006245867747525602
-0.004295011087589543 0.003598251117041163 -0.04968506283236638
-0.04983605563473625 0.003930644952344351 0.0009579086752313165
0.0470572693465364 0.01333315434476124 -0.01038462309697852
-0.02389994880720826 0.04177911416622227 -0.01353876163090961
-0.03066856953326018 -0.0387070802566073 0.007823092789437403
0.03824280019461273 -0.03106598642063831 -0.008508391210307923
-0.001076377480287935 0.02610906169307142 -0.04262813987294449
0.01552707407353908 -0.03175115782701472 0.03536628263415357
0.01373633712514106 -0.02518139391115151 -0.04095375981611327
0.009091212402333217 -0.02893373425097971 -0.03975158964556445
-0.01941959216615256 0.04389166774730347 -0.01401431205805788
0.005127655145025751 0.02439735939115568 0.04334138908079065
0.02988540557239715 -0.02029204869897772 -0.03457015032324347
-0.004859353026764827 0.02234393874460938 0.04446498723196056
0.03892840332332943 0.02764437724976844 -0.01484479104496522
0.00370827643290749 -0.03610258085478452 -0.03439262045149932
0.004500867728420211 -0.04260852121109077 -0.02577316647009625
-0.01761273437093807 0.03487839457488722 0.03119758291690647
0.04394152439204048 -0.01528611915100634 -0.01831603110406152
-0.04921590929989972 -0.007216493446907543 -0.005071143274921863
-0.03206698451627742 -0.03639435565994869 0.01213092659816161
-0.04447964453303486 0.01462132910668852 -0.01754360160767351
-0.02853445449355068 0.005442301917239451 -0.04069602261397418
-0.03494275498782734 0.03187190601404982 0.01622299235320793
-0.02372204051210378 0.04392017847473252 0.002877970932749288
-0.02560665597715316 -0.01604315641958382 0.03983611805591118
-0.04409308586692035 -0.0106627813347829 0.02102629004220654
-0.02120553885398913 0.03870753518439801 0.0234957834910979
-0.03794790273167935 -0.03254542846059815 -0.0008670435877692591
-0.03271828737868026 -0.03767527169423446 0.003176094106242401
0.02230834635584348 0.03729513525088513 0.02472671772568916
-0.02352294029901198 -0.01936952850929548 -0.03964205651850958
-0.03388440960130416 0.03676678628757309 -0.000224080465400346
-0.01020542933636552 0.04671506902936415 -0.01461340267159546
0.002684692625494086 -0.0272600165851444 -0.04182922329286393
-0.04296660353791167 -0.02552420528492651 -0.001544643968313322
-0.03923057239668651 -0.01748950975645919 -0.02559451577793685
-0.02608042962632687 0.02507675360025876 -0.03451039871369384
-0.007776140061513311 0.04360827961864928 -0.02319158456090108
0.04410402063806558 0.01505043308768826 0.01811959788268227
-0.01200378430701872 -0.01612921382886304 0.04577944542666921
-0.02040478473892659 -0.03070738870248324 0.03377426592588911
-0.02015282646426634 -0.04434650168486213 0.01128057506582388
0.01023579056840134 0.01676698588067449 -0.04597930812786431
0.03167816624683344 0.03866089757115051 0.001352324750565219
-0.006411327966182663 -0.04402217742799398 0.02282417070143539
-0.01857503108123226 0.02777669232335029 0.03719440258836253
-0.02169980623837276 0.04502330556474236 -0.001421395525854366
-0.002278172991984778 -0.04355631566656471 0.02444703035898555
-0.01999124506295642 -0.02711633933010648 0.03694664074266213
-0.04025506987272814 0.00963827101373199 0.02804697989815713
-0.03525033482500004 0.03522962058194616 0.004035805790360193
-0.01691678756942541 -0.03349814296886191 0.03304083406890059
-0.04928329067019112 0.007209383152175494 0.004379732330015308
-0.04125302545723297 0.02775694848836235 0.005266849270606516
-0.02914889606870101 -0.03855310951289842 -0.01280623304733005
-0.03557544154344229 0.03312704462616613 -0.01170413915352677
0.01566179055573606 -0.02631913356038936 0.03952229149756683
0.04218892361361068 -0.01225843076681849 -0.02387102007581664
-0.04656575194169242 -0.01809699888107186 0.002032087006811598
0.04743181824755218 -0.01391913075679301 0.007515345414980966
-0.02275887898695285 -0.02006926407829699 0.0397398800528237
0.04247053559483992 0.01206174007289212 0.02346844759888101
-0.0427600252764924 0.01902965306690074 -0.01759126324364248
0.00394582102153015 0.04817329925448706 0.01279702056744801
-0.04314989538129364 -0.01886761160117153 -0.0167958257031547
-0.003654669931308749 0.0007514753361976607 0.04986059238027838
-0.0241877601927761 -0.01465175574924549 -0.04123443112644101
-0.02608220555288449 0.002243742301876695 -0.04259911001394103
-0.04326455233660471 -0.006981389936975523 0.02407153309743873
-0.01653321465496996 0.03324221540642405 -0.03349041546540728
-0.0009633889146739184 -0.01134396188192051 -0.04868661428586525
-0.01467113807726726 0.04775380866794766 0.002081217245461378
0.03842838718370196 -0.01175387584492497 0.02975072202622283
0.02899144025478165 0.02415005739970687 -0.03280657128601357
-0.01929664181234652 -0.0003097757041336144 -0.0461253038340034
0.0125776299195065 0.0050277325855544 -0.04813029327415416
0.001020129441339056 0.02104699239731645 0.04534295366371954
-0.003029033247537717 0.04976045298353982 0.003836961878652849
0.02826933379756066 0.04061681242042764 0.00714977730044021
0.02668061701477086 -0.04196076188072287 -0.005238238072137876
-0.007758185754901376 0.04463640901451244 0.0211518685718685
0.006730668533959622 -0.0123160855879321 0.04798970865588473
-0.01938759983277732 -0.01998861152510711 0.04152801924029664
-0.01979253910396536 -0.02324306268424299 0.03959817461543339
-0.03850598022718004 0.03156865090213293 0.00455079849732785
-0.02311843501390337 -0.03980493552634676 0.01952191256642916
-0.03078791764047372 0.02400423412224961 -0.03123941215144156
-0.0356506288509587 0.02858340569164704 0.02029831474772994
-0.02050082233559548 -0.03333101656065861 0.03112490351145608
-0.0414155280652802 -0.0183556137861766 -0.021161887382904
-0.01170893885204852 0.03335075081397032 -0.03536422162445325
-0.03845011745103946 0.02188773347293974 0.02329196409534465
0.02162644638723362 0.02852527956350784 0.03490852678764649
0.001604525614590937 -0.01531994794246729 0.04756810583355421
-0.03926055404519806 0.02990566063757983 0.008016255852578032
0.04783193250993949 0.005153232918726838 0.01362168942715786
0.04562641410876323 -0.005565020340999648 0.01967894519988081
0.01583108632258242 -0.01977029033382153 0.04311046654773464
-0.00476374542731915 -0.04970943421474236 -0.002505769253921343
0.03166653013744361 -0.0192510439360692 0.03356528230815151
-0.005504470206049156 -0.01611399566502904 -0.04701106201159619
0.04780160587062535 -0.005117638484050417 -0.01374104262914434
0.02511094552316562 0.02357716416955448 0.03624303718860335
-0.02346110604464133 0.02914331319115537 -0.03316992311423594
-0.009257923681533876 0.02286847788158149 0.0434893500582213
0.01831677115497252 0.02369628761804867 -0.04003725574485695
0.04568683426070341 0.01919850915153783 -0.006643073203972403
-9.144623484486609e-05 -0.0498941812256093 0.003249971909446156
0.001418666818580468 -0.04808400911045928 0.0136350816764377
-0.04846532330217568 0.01176130113691407 0.003575504549348383
-0.004372483783655744 -0.04246568324582165 -0.02602973553509928
0.03742075929247624 -0.02400393014612232 -0.02288008110813058
-0.01622974249269411 0.004003483561364794 0.04712289865866404
0.006368142294721279 0.009410833870681036 -0.04869171356167931
-0.02098137141897579 0.03258569236578506 -0.03159042111813964
-0.003636105115147526 0.04327446470553816 -0.02478102992292149
-0.01272578180670122 0.04489631990000723 -0.01795480261223855
0.006717531677401281 0.01363355870364867 -0.04763403032745891
-0.01238397348972303 -0.04839550698114681 0.002124171519347806
-0.001484253650840776 -0.0499733157887553 -0.0006816892087350027
-0.02430214027557897 -0.009673258345608735 -0.04261260436778294
-0.04269845887440703 0.02186916070498244 -0.01409189198831098
-0.02196117424074315 0.002977691999507587 -0.0448200867505161
-0.01030612464943421 0.02631458480329492 0.04124713834122951
-0.01030530665487419 0.04889444611071616 0.001770252602110799
0.0479013869239252 -0.004702640003973149 0.01354039540624422
0.02715199817403943 -0.01138681027780967 -0.04041175010877564
0.02248750639873928 -0.01357672708209911 -0.04254391305116229
0.005433420369999878 0.03675440648457485 0.03346029807173739
-0.003112188281599244 0.04574709480602918 0.01993784343674249
0.001418005188218936 0.04630547535007485 0.0188093650581245
-0.0002519760099221279 0.007213639156914004 -0.049476256105371
-0.03052851979025569 -0.03870122005463116 -0.008380038526103707
0.02750317541663941 -0.03951813023056495 0.01348676110419658
0.01503242912696919 0.01432668205259078 -0.04548375815504499
-0.007828973452559413 -0.01575394202101822 0.04680299654378464
-0.03114804340445023 0.02677219985953857 -0.02851400895622024
-0.03806935444298456 0.0129303410071371 0.02972424151653934
-1.534767461452323e-05 -0.02302799219873498 0.04438143012278768
-0.04863387963124404 -0.01090841161007871 -0.00396891775661399
-0.004912887241811654 -0.03062598101729979 0.03921623166084724
-0.001114390699982061 -0.03238561180893954 0.0380779500646827
-0.01604942938029548 -0.04619167803462709 0.01042807254061162
0.001584376522478977 -0.04474209166107553 0.02226286111053415
0.02985362162883677 0.03813979437359719 0.01241440134609697
0.03444958409202838 -0.03297132855430174 0.01503720882512947
-0.04220994715540914 -0.003295111813498234 0.0265981690962764
-0.04750444786218274 0.01416569867965771 0.006531494027120098
-0.02302662076476221 0.03523424869615277 0.0269874499531445
-0.002066167065194393 -0.028622275956365 -0.04094503965972431
0.005198139271590422 -0.03214245813376532 -0.03794524651695248
0.02805606394965454 0.01827132623252053 0.03713510351887688
-0.007510566612431263 0.03277939591524009 0.03700138636040783
0.01392206871512196 -0.03023148978799324 -0.03731263898319017
0.039082232118197 -0.02791802489139401 0.01389830992685356
-0.03563090835651226 0.02573516603100585 -0.02383567911863197
-0.01115067804546427 0.03059221534886531 -0.03794441644267376
0.03335906563668825 0.02856476785091608 -0.02390035099052724
-0.004068701352490735 0.0279035810151398 -0.04128965773454377
-0.007550056181088039 0.03981638549790308 0.02928569783264159
0.03863765412459277 -0.02860338907606479 -0.01374692027734201
-0.02499064918767348 -0.03370448225991478 0.027193295658484
-0.01136378719848499 0.003685349441047477 0.04855185413560351
0.01626921385013381 -0.01111572533614263 0.04595381737081318
0.04290504340744563 -0.02227625115818668 0.01276424241945419
0.0480008403278834 0.01314898240737245 -0.004798290265047836
0.02015482932167232 -0.008913415022879966 -0.0448813311705898
-0.03109475024749053 -0.03915499140281512 5.617198288782558e-05
0.002366401823865788 -0.0392472831800882 -0.03088771447339494
0.04107643148230684 -0.01314851981389459 0.02529512212627116
-0.01747867190489356 0.04152666678811035 0.0216802207993908
0.02463652065930333 -0.004478555541396844 0.04327798967219185
-0.0450309450310888 -0.0159116868516173 -0.01479973686060426
0.02940164321342599 -0.011699445643172 0.03871261225999694
-0.002888771986302057 -0.02473573933742442 -0.04335663958198503
0.02536471543896495 0.02841675863553188 -0.03239010712162369
-0.02549455058273179 0.03981070440691489 -0.01628298821499842
0.02961229724241707 0.02853651576541096 -0.02843904217791433
0.02487816981420237 -0.04253206897012135 0.008491158685158972
-0.03946088051641019 -0.03036210719722497 -0.00458054095209491
0.0005853622687343412 0.02944935428163959 -0.04040288211760169
-0.03451827966694327 0.01857004980506722 0.03104257751978747
0.01046168185779928 0.03936242285729937 0.02900263573383202
0.01625104215461883 0.0366779736234854 0.0298434227219954
-0.001401643677789073 -0.004373697007887255 0.04978861485805477
-0.02850746527412803 -0.04067902696752911 -0.005704488462555099
0.004988670873428802 -0.04643274828429066 0.01786373560273177
-0.04043014039092523 0.02566333524611317 -0.01438043712881089
-0.0431586616508282 0.0005643552446654288 0.02523908531756154
0.04151657628489683 0.02304529604233348 -0.01566168011107208
0.008223223415917622 0.02845535053941787 0.04028239841830121
0.0345759236052382 -0.03538808149998059 -0.007224208925236256
0.004025247789663331 0.01212727981826932 0.0483396986382953
-0.02100820904738189 -0.008002385522514557 -0.04466113498972626
2 2 0 4
1182
1183
1184
1185
0.04898979485566357 0.001113264466680615 -0.002687658173968395
0.04898979485566357 -0.001504745478462394 0.003632776942023513
0.04898979485566357 -0.004510798725986279 -0.001820395192602624
0.04898979485566357 0.004476830152841259 0.001902402582583806
2 3 0 1
1186
0.04978997015661572 -0.004578086041493359 1.898612066229623e-18
2 4 0 1
1187
0.04978611585533713 0.004619812554525177 -2.801430066525911e-17
2 5 0 8
1188
1189
1190
1191
1192
1193
1194
1195
0.05393151190977952 -0.003826834323651018 -0.009238795325112818
0.05396027985149528 0.003827863036685048 -0.009238369151120793
0.05393151190977952 -0.009238795325112879 -0.003826834323650871
0.05398239555848741 0.009244948744989637 -0.003811944740223097
0.05393151190977954 -0.009238795325112858 0.003826834323650923
0.05393151190977954 0.00923879532511288 0.003826834323650867
0.05398979485566358 -0.005238120923323078 0.008518338405619079
0.05398360475152612 0.004955707418594079 0.008685675793010675
2 6 0 4
1196
1197
1198
1199
0.05898979485566357 -0.002687658173968396 -0.001113264466680601
0.05898979485566357 0.003632776942023561 0.001504745478462403
0.05898979485566357 -0.001820395192602638 0.004510798725986297
0.05898979485566357 0.001902402582583798 -0.004476830152841279
2 7 0 78
1200
1201
1202
1203
1204
1205
1206
1207
1208
1209
1210
1211
1212
1213
1214
1215
1216
1217
1218
1219
1220
1221
1222
1223
1224
1225
1226
1227
1228
1229
1230
1231
1232
1233
1234
1235
1236
1237
1238
1239
1240
1241
1242
1243
1244
1245
1246
1247
1248
1249
1250
1251
1252
1253
1254
1255
1256
1257
1258
1259
1260
1261
1262
1263
1264
1265
1266
1267
1268
1269
1270
1271
1272
1273
1274
1275
1276
1277
0.09510299556056726 0.006512050067828993 0.007589018639724665
0.08698979485566358 -0.006387098106570057 0.007694477095751811
0.1109897948556636 -0.006387098106570065 0.007694477095751803
0.1324053776251907 0.003826834323650835 -0.009238795325112894
0.1109897948556636 0.006499230723716245 0.007599999999993607
0.06557421208613647 0.003826834323650835 -0.009238795325112894
0.1311680662639121 -0.009128679149941836 -0.004082550303109221
0.06684848478104312 -0.009025774000928249 -0.004305276261074043
0.07898979485566357 0.006499230723703326 0.007600000000004655
0.1269897948556636 0.006499230723709232 0.007599999999999604
0.06633625379652355 0.009386560796042064 0.003448547001594464
0.1269897948556636 -0.006499230723707169 0.007600000000001368
0.07098979485566356 -0.006499230723707173 0.007600000000001364
0.1189567232775857 0.006483753926635367 0.007613207932195236
0.1149896915269404 0.009863598657472097 0.001646032054461471
0.1068769938151064 0.009867746476056739 0.001620981025265195
0.1029767518635477 0.006535701786933809 0.007568659204394807
0.09899134090085243 0.009869113884375455 0.001612634843114714
0.09109359650972804 0.009868980777896875 0.001613449226192751
0.0871079679777039 0.006555286104120966 0.007551703390170895
0.08303979957346126 0.009869239900853356 0.00161186344936662
0.07508348273067501 0.009869767294655458 0.00160863095498921
0.07945305396573366 0.008627958944121163 -0.00505552415270263
0.09490164828066722 0.008602044841254918 -0.005099492577604134
0.08715548122422342 0.008603699872214439 -0.005096699766403477
0.08281450691189414 0.003385814026986402 -0.009409371040333256
0.07507466581736916 0.003434642553974946 -0.009391657496226344
0.07894796304365276 -0.003345830283087426 -0.009423662754830264
0.08676816439911388 -0.003412121099757811 -0.00939986327563266
0.08280050396690612 -0.008613848134670088 -0.005079529536565434
0.07114994223676599 -0.003303715723040406 -0.009438509544485062
0.09100214930323619 -0.008643111055792511 -0.005029575655782231
0.09524606366796329 -0.003436307755906685 -0.009391048344391353
0.1110668986381915 0.008615010114441095 -0.005077558540093618
0.09887499485283904 -0.008638327359544904 -0.005037787255267732
0.118965443533919 0.008630949419428052 -0.005050417024293596
0.1150277092643068 0.00340480429162031 -0.00940251603219925
0.1069618007709637 0.003364343981077861 -0.009417069054487451
0.1111439446585332 -0.00341012317346501 -0.009400588276368502
0.1189883132958257 -0.003366436399707585 -0.009416321254434975
0.115103908491899 -0.008613298595389052 -0.005080461328134382
0.0962955117985588 -0.009844558050422595 0.001756324796801466
0.1024769895048133 -0.009833321320000529 0.00181818365893632
0.1229388705746348 -0.008591426228155837 -0.005117362149208905
0.1190563122291077 -0.009877538126057689 0.001560205296836533
0.1267984395971736 -0.003342735960218699 -0.009424760808649776
0.1027642707777274 0.008604323182033311 -0.00509564741511068
0.09885043866450971 0.003343751827895391 -0.00942440044318185
0.1030453159562152 -0.003448683274195618 -0.009386510729460836
0.1229569768644094 0.009862326478925206 0.001653637331185637
0.1308455647823177 0.009871118168947672 0.001600320622460127
0.1268576771678379 0.008646194326942712 -0.005024273446056024
0.1217301988582095 0.003490285307245256 -0.009371120982786847
0.0706039288033104 0.008695316923142944 -0.004938771467288596
0.07895238839570749 -0.006481724161602972 0.007614936105634259
0.07625660358604627 -0.00986316944353385 0.001648601992034509
0.1066836491593079 -0.008627111562537685 -0.00505697005009211
0.09107559776085807 0.003338204823715035 -0.009426366667753048
0.07136628390120962 0.006322145780383481 0.007747933449093335
0.1326287110745717 -0.009263789387694364 0.003765927001475369
0.06522376382906908 -0.00923879532511286 0.003826834323650921
0.1261781754912841 -0.009939560772114419 0.001097784886689658
0.07501403600137041 -0.008385777102368014 -0.00544781996668395
0.08306499724271653 -0.009769724821062227 0.002133653420947424
0.1112259442692464 -0.009913608817936055 0.001311625024517497
0.1189897948556636 -0.00615140959321077 0.007884171485739926
0.09760060187100039 -0.006093896666682498 0.007928708811388897
0.1029897948556636 -0.00604070129062457 0.007969311633851863
0.1335687337805314 -0.003826834323650956 -0.009238795325112844
0.06439534091797626 -0.003826834323650956 -0.009238795325112844
0.06414307367351384 0.009238795325112846 -0.003826834323650953
0.133346478139186 0.008995070746759867 -0.004369061942887158
0.1322893174193771 0.005997184681570723 0.008002110715000978
0.06469877932492388 0.005325939904674797 0.008463708651164253
0.1333051884056098 -0.005303715591864535 0.008477653031388642
0.06467440130571733 -0.005303715591864531 0.008477653031388645
0.08879313384654225 -0.009990453013212788 0.0004368622102992258
0.07033157512754548 -0.009992938423768182 0.0003757414786492077
2 8 0 4
1278
1279
1280
1281
0.1389897948556636 -0.002687658173968396 -0.001113264466680601
0.1389897948556636 0.003632776942023561 0.001504745478462403
0.1389897948556636 -0.001820395192602638 0.004510798725986297
0.1389897948556636 0.001902402582583798 -0.004476830152841279
2 9 0 226
1282
1283
1284
1285
1286
1287
1288
1289
1290
1291
1292
1293
1294
1295
1296
1297
1298
1299
1300
1301
1302
1303
1304
1305
1306
1307
1308
1309
1310
1311
1312
1313
1314
1315
1316
1317
1318
1319
1320
1321
1322
1323
1324
1325
1326
1327
1328
1329
1330
1331
1332
1333
1334
1335
1336
1337
1338
1339
1340
1341
1342
1343
1344
1345
1346
1347
1348
1349
1350
1351
1352
1353
1354
1355
1356
1357
1358
1359
1360
1361
1362
1363
1364
1365
1366
1367
1368
1369
1370
1371
1372
1373
1374
1375
1376
1377
1378
1379
1380
1381
1382
1383
1384
1385
1386
1387
1388
1389
1390
1391
1392
1393
1394
1395
1396
1397
1398
1399
1400
1401
1402
1403
1404
1405
1406
1407
1408
1409
1410
1411
1412
1413
1414
1415
1416
1417
1418
1419
1420
1421
1422
1423
1424
1425
1426
1427
1428
1429
1430
1431
1432
1433
1434
1435
1436
1437
1438
1439
1440
1441
1442
1443
1444
1445
1446
1447
1448
1449
1450
1451
1452
1453
1454
1455
1456
1457
1458
1459
1460
1461
1462
1463
1464
1465
1466
1467
1468
1469
1470
1471
1472
1473
1474
1475
1476
1477
1478
1479
1480
1481
1482
1483
1484
1485
1486
1487
1488
1489
1490
1491
1492
1493
1494
1495
1496
1497
1498
1499
1500
1501
1502
1503
1504
1505
1506
1507
0.2439897948556634 0.006342254654420239 0.007731481481481076
0.2906564615223302 0.006342254654420259 0.00773148148148106
0.1973231281889968 0.006342254654420239 0.007731481481481076
0.2207335864109216 0.006338733130456274 0.007734368901265054
0.1739897948556635 0.006342254654414299 0.007731481481485949
0.2673231281889967 0.006342254654430134 0.00773148148147296
0.31399019836766 0.006328730085588822 0.007742556135008832
0.3217562022791359 -0.006353156688072075 0.007722525499912905
0.1662120170778857 -0.006342254654419739 0.007731481481481487
0.3062120170778856 -0.006342254654426361 0.007731481481476054
0.1817675726334413 -0.006342254654419633 0.007731481481481573
0.1973231281889968 -0.006342254654417237 0.007731481481483539
0.29065646152233 -0.006342254654421564 0.00773148148147999
0.2128786837445523 -0.006342254654417235 0.00773148148148354
0.2751009059667745 -0.006342254654422075 0.007731481481479571
0.2284342393001079 -0.006342254654417255 0.007731481481483523
0.2595453504112189 -0.006342254654412938 0.007731481481487066
0.2439897948556634 -0.006342254654426342 0.007731481481476069
0.3295453504112191 0.006342254654420259 0.00773148148148106
0.1584350557355123 0.006328817090536763 0.007742485016745578
0.3424053776251901 -0.00382683432365096 -0.009238795325112842
0.1455742120861371 -0.003826834323650956 -0.009238795325112844
0.1448179355835126 0.009184606019156449 -0.003955124811289163
0.3424053776251907 0.009238795325112846 -0.003826834323650953
0.3373231281889969 -0.006342254654423517 0.007731481481478388
0.1506564615223302 -0.006342254654423497 0.007731481481478403
0.321739270004975 0.006328831779378136 0.007742473009855016
0.3178786445606184 0.009795393666305189 0.002012526502212624
0.3101545816230063 0.009800504441252144 0.001987489043239487
0.1661837144494195 0.006328831779378101 0.007742473009855044
0.1700727448550055 0.009795393712242712 0.002012526278624936
0.1779909828136869 0.009801989381943437 0.001980152558836847
0.1623520728210704 0.009796635112032898 0.002006474640179678
0.1662174484137697 0.008874512938625026 -0.00460901509025269
0.1585020383009191 0.008871224269181697 -0.004615341803797599
0.1635808231038011 0.003981372771284278 -0.009173258464475758
0.1707217406505616 0.003992852365254236 -0.00916826755659343
0.1662402855440562 -0.002678333156974147 -0.009634652640352579
0.1739625677023116 -0.002676638618079462 -0.009635123544003246
0.1585036130145856 -0.002678664357723107 -0.009634560563858833
0.1623567366172832 -0.00814683666810233 -0.005799056156243302
0.1563974965807306 -0.008165967246115463 -0.005772086185719115
0.1585075300251579 -0.009979655591160541 0.0006375533560558992
0.1781529248427232 0.004003116351192386 -0.009163790671922627
0.181684451560925 -0.002672038940564376 -0.009636400152552176
0.1857345819360698 0.004012830912276089 -0.009159540821978002
0.1894227477378004 -0.002666713064918987 -0.009637875358676849
0.1932870822130266 0.004022452595386161 -0.009155319498404802
0.1971644646191256 -0.002660786147950854 -0.009639513321473904
0.2010330957923644 0.004029347408950539 -0.00915228711623404
0.2049078140808536 -0.002654096952729163 -0.00964135723669203
0.2087739978195992 0.004037812747422866 -0.009148555526242896
0.2126526400268307 -0.002647330901764127 -0.009643217258600199
0.1894092979237327 0.008897789153602023 -0.004563918073108039
0.2165222621868921 0.004046488743280546 -0.009144721365383631
0.2203979395889814 -0.00264013016547464 -0.009645191170181691
0.224263285928054 0.004052924760337886 -0.009141870754229689
0.2281438954882316 -0.002633166195509303 -0.009647094681137273
0.2320107264467275 0.004059347687789748 -0.009139020535573604
0.2358901230750008 -0.002625813787180429 -0.00964909850478547
0.2126400098096742 0.008911019925460333 -0.004538030838155347
0.2397599841120159 0.004068177731431884 -0.009135093318925742
0.2436362775207279 -0.002618707239360045 -0.009651029602820795
0.2475003072359564 0.004074237387579989 -0.009132392332222997
0.2513827918322637 -0.002611277809601034 -0.009653042432367386
0.255249675811936 0.004080303190682394 -0.009129683777224
0.2591290871519401 -0.002604118520360681 -0.009654976267806903
0.2358775594500696 0.008921985533972585 -0.004516433784700483
0.26299961266382 0.004089465937769117 -0.009125583178286534
0.2668756999029932 -0.002596668184630755 -0.009656982672601542
0.2707390963919746 0.004095277572843169 -0.009122976575732713
0.2746220034897354 -0.002589470828070012 -0.009658915095939835
0.2784828285581851 0.004101077749969406 -0.009120370677154842
0.2823676555578462 -0.002581904508381756 -0.009660940384331018
0.2591166982336083 0.008932383969834312 -0.004495833250404982
0.2862374521626496 0.004108752993068658 -0.009116915533334142
0.2901020807069477 -0.002567514913695212 -0.00966477455339506
0.2939812375545299 0.004114616466043304 -0.009114270751813626
0.3140374642361028 0.008867493728884915 -0.004622505269676467
0.3217614945029315 0.008878467312779258 -0.004601393069050966
0.2978597507743485 -0.002566838480991119 -0.009664954227129232
0.2826822438063699 0.008907650366539198 -0.004544641344209032
0.3062977524210407 0.008854752149002785 -0.00464686608153609
0.3101977637690769 0.003952035002129158 -0.009185935953507732
0.3022999580046366 0.009803798970909187 0.001971173695542824
0.2845326412969922 -0.008100344049927648 -0.005863823519922966
0.2707549683891274 -0.008115151174736017 -0.005843314248881422
0.2552620433226246 -0.008124001807713272 -0.005831002883575988
0.2397692631721657 -0.008132729482030834 -0.005818823865018298
0.2242770073585815 -0.008141220646099233 -0.005806937780924435
0.2087860787507408 -0.008149108072672445 -0.005795863837246764
0.1932779621920585 -0.008151673919365806 -0.005792254510320771
0.1778211950534137 -0.008158085319245134 -0.005783220895307132
0.3256547946634535 0.009795154008361914 0.002013692616183397
0.3294780554894994 0.008873342736721156 -0.004611267578082834
0.3256107033877234 0.004000153246772037 -0.009165084506011886
0.3316808222441446 0.003957794585049829 -0.009183455886677426
0.3278426606336604 -0.002646589309789378 -0.0096434208155254
0.3217428477139072 -0.002652809488160401 -0.009641711560689116
0.3255906489560055 -0.008137021151395515 -0.005812820897098241
0.3196230228960032 -0.008127331656798253 -0.005826360797307781
0.331481183251699 -0.00813010591138655 -0.005822488975484408
0.3294444901718051 -0.009980960391113817 0.0006167898110516554
0.3297509348859157 -0.00638287187446655 0.007697983283571347
0.1584059366716418 -0.006328831779378177 0.007742473009854982
0.259573653039685 0.006328831779378211 0.007742473009854954
0.2518101889506025 0.006348823241348102 0.007726088496135557
0.2478931356461681 0.009799347075888795 0.001993187619435189
0.3062403197063518 0.006328831779378218 0.007742473009854948
0.298373801457372 0.006376494488312185 0.007703266712280209
0.2946479303232176 0.009802556572850304 0.001977342822089609
0.2985843846702617 0.008842076989902446 -0.004670939359982927
0.2829069863730184 0.006328831779378252 0.00774247300985492
0.2751435222839357 0.006348823241348087 0.007726088496135568
0.2712264689991586 0.009799342431548895 0.001993210452823629
0.2634910749463882 0.009803623288407774 0.001972047265911431
0.2867955222862565 0.009799807859940843 0.001990920869407338
0.2051009059667745 0.006342254654430093 0.007731481481472993
0.2012120170778753 0.009799347450264277 0.001993185778847279
0.212850381116086 0.006328831779378073 0.007742473009855067
0.2362403197063517 0.00632883177937819 0.007742473009854972
0.2401577626402022 0.009803620701745954 0.00197206012491967
0.2284768556172692 0.00634882324134802 0.007726088496135625
0.2245598023018808 0.009799349663811917 0.001993174896076423
0.2168245025099078 0.009803611756440523 0.001972104593823853
0.1506847641507964 0.006328831779378121 0.007742473009855027
0.1564371839472891 0.009806531627862153 0.001957533507181748
0.3373231281889969 0.006342254654427717 0.007731481481474942
0.331585445268977 0.009797837080658544 0.0020005970461021
0.1895736530396852 0.006328831779378108 0.007742473009855038
0.1817140556186047 0.006393973227862781 0.007688764943823814
0.193452419710985 0.00979969814025995 0.001991460860721515
0.185744093656223 0.00980002630637272 0.001989845319215199
0.3139614922271973 -0.006328831779378173 0.007742473009854985
0.3083427473243278 -0.009801647002388293 0.001981846623876982
0.3013526095390879 -0.009804309511337492 0.001968632775785571
0.3062273704622891 -0.008837348129980264 -0.004679880129825372
0.2984623943746622 -0.006355599627599894 0.007720515097689538
0.2943866184179634 -0.00980700171945011 0.001955177044337055
0.1740180974841297 -0.006328831779378186 0.007742473009854974
0.1701291271698357 -0.009802353493561667 0.00197834930870647
0.2984641751747367 -0.008831964867320938 -0.004690031618487091
0.2048953336726421 0.008907012825149049 -0.004545890730388311
0.1971228426125069 0.008802101240773779 -0.004745841732208177
0.1895471063829288 -0.006342235426274418 0.007731497254588516
0.185550381633124 -0.009800689307233186 0.001986577233103477
0.1816705041743409 0.008891867352077034 -0.004575444786364117
0.2051292085952407 -0.00632883177937818 0.007742473009854979
0.2013023005558756 -0.009806637368479056 0.001957003710561166
0.1934769603718252 -0.009808632698522654 0.001946978321777669
0.2829069863730184 -0.006328831779378181 0.007742473009854979
0.2790490014487823 -0.009809494281480476 0.001942632734616055
0.2867696107109267 -0.009811566134020599 0.001932141298595954
0.2206847641507962 -0.006328831779378184 0.007742473009854977
0.216873580021828 -0.009810246483236819 0.00193883055941968
0.209048738027532 -0.00981171723680783 0.001931373828374026
0.267351430817463 -0.006328831779378139 0.007742473009855012
0.2635469301271043 -0.009807663289981269 0.001951855729902644
0.2712861920086325 -0.009810415474116678 0.001937975290144861
0.2362403197063519 -0.006328831779378155 0.007742473009855
0.2324195421536648 -0.009806730654930866 0.001956536189708541
0.2246490181642956 -0.009808195921179919 0.001949177460302068
0.2517693295339418 -0.006342239526894508 0.007731493890801243
0.2478787203912769 -0.009804096921653514 0.001969691232357013
0.2557767449838034 -0.009808877337969191 0.00194574545320667
0.1736480066535614 0.008865922246304517 -0.004625518643620697
0.1778283605954878 -0.009797248627307105 0.002003476811627492
0.240143243434172 -0.009801898872885831 0.001980600536635159
0.2778206652532638 -0.008117638602339177 -0.005839858176515321
0.2630368833159169 -0.008107634875159121 -0.005853738696858918
0.2475440100233224 -0.008116456979083021 -0.005841500330111652
0.2320514218761924 -0.008125133846146947 -0.005829425356087624
0.2165596454181852 -0.008133519906773426 -0.005817718962456023
0.3024994201617788 0.003945318439069469 -0.009188822689242537
0.2010418502485481 -0.008151537159318576 -0.005792446973451586
0.1855467214423849 -0.00814193786105862 -0.005805932127286729
0.1700603683077029 -0.008169606172348062 -0.005766934626708757
0.3217493110431436 -0.009982305584019573 0.0005946219195855916
0.3179321694234025 0.003996475021281339 -0.009166689009902885
0.3148404220382679 -0.002625837353462522 -0.009649092091650952
0.3063931056657827 -0.002742662339493541 -0.009616538009674989
0.2090902545091838 0.009814806160645425 0.001915614791380729
0.1440726530133586 0.009236954634069672 0.003831275125612726
0.3438073232316851 0.009233852179574424 0.003838746400293809
0.2281803215601444 0.008906289407724012 -0.004547307883337467
0.2203503954634061 0.008952349768406866 -0.004455943628919193
0.2324977677196979 0.009821323241592706 0.001881916518911225
0.3428306456223107 -0.009238795325112858 0.003826834323650923
0.1451489440890161 -0.009238795325112858 0.003826834323650923
0.2514520865103662 0.008907710915844178 -0.004544522663575404
0.2436439935877277 0.008987804895786839 -0.004383989410944114
0.2557853158045439 0.009829329383787085 0.001839642319859976
0.2747237210055974 0.008909104357777392 -0.004541790345473013
0.2668729351327691 0.009010151737903423 -0.004337875708218935
0.2789903101127864 0.00983671080624313 0.001799755681846746
0.2906447820038492 0.008906271806528579 -0.004547342356611626
0.3399967535822527 0.003857466888099152 -0.009226047323053283
0.1478369823782617 -0.008985945925847724 -0.004387798516083062
0.1451946754304796 0.00382321633074943 -0.009240293117011543
0.1516528252310854 0.007641302930062149 -0.006450619313757682
0.1517675161701259 0.000207086578354722 -0.009997855527515155
0.3430461242150707 -0.009275556785288987 -0.003736849785966707
0.3366671544931726 -0.009994531932125766 0.0003306530775879831
0.1513003790699303 -0.009994243124222266 0.0003392703552271638
0.3360328128738551 -0.002010838532664444 -0.009795740318911681
0.3354927975404449 0.008613374791148888 -0.005080332145362238
0.2916374574406886 -0.00775047107471075 -0.006319034587662264
0.3433322823846507 0.005334287761301504 0.008458449862689321
0.3432674918688786 -0.005335028223756457 0.008457982847684313
0.1446473073266761 -0.005334287761302165 0.008458449862688905
0.3125457252422248 -0.007684770267050022 -0.006398773784301485
0.315437724554609 -0.009639453421635242 0.002661003143952415
0.1644970705108121 -0.00999175428787606 -0.0004060126238313097
0.1562564324250163 0.003784764735964075 -0.009256109112008285
0.1446487545853962 0.005334680746308779 0.008458202015497289
0.302047932577521 -0.006010452005444861 -0.007992150317045085
0.149258985453514 0.009997888970849177 0.0002054656335555479
0.3381227762223409 0.009987894489641805 0.0004918980217309797
0.1622936311107914 -0.008855987489580126 0.004644511339678298
0.3257046742138244 -0.008874077580993244 0.004609853260843897
0.1738601891721402 -0.009777792202338225 -0.002096372974423639
0.337941830697043 -0.007260745908728966 -0.006876159454875634
0.1816923188040518 -0.009779202859572095 -0.002089782627771835
0.1893388370784069 -0.009771825840843436 -0.002124010295696438
0.1508621155227766 -0.005258034089456741 -0.008506061222099851
0.1544282830683182 -0.008842982410955253 0.004669224997741707
2 10 0 4
1508
1509
1510
1511
0.3489897948556636 -0.002687658173968396 -0.001113264466680601
0.3489897948556636 0.003632776942023561 0.001504745478462403
0.3489897948556636 -0.001820395192602638 0.004510798725986297
0.3489897948556636 0.001902402582583798 -0.004476830152841279
3 3 0 7
1512
1513
1514
1515
1516
1517
1518
0.1249323784357888 5.764697345426197e-05 6.041470895984564e-05
0.1089512655663387 2.421047828522413e-05 1.346802919865303e-06
0.08495819822196617 2.841876323938716e-06 1.492898659870181e-05
0.09895101620250328 1.065174537987613e-07 -2.033453070891811e-07
0.06871221198091731 2.368023260685206e-05 -6.695916345432831e-06
0.07683171215432741 -0.0007733840836051106 0.001870204868985354
0.116949928156551 -2.964671307104181e-05 -0.002122328981502196
3 4 0 20
1519
1520
1521
1522
1523
1524
1525
1526
1527
1528
1529
1530
1531
1532
1533
1534
1535
1536
1537
1538
0.3237295444689117 -2.315076307450939e-06 2.082070815160372e-05
0.3005293953284933 6.266551979428915e-05 -5.786621514352556e-05
0.1876406555769865 1.1018502884182e-05 3.42527442913276e-05
0.1603547629734212 -4.449830415828702e-06 2.942647513369534e-05
0.175931139836797 4.306952343132234e-06 2.649228427812657e-06
0.2068242016125749 1.117038133016234e-05 -2.063536787199304e-05
0.230069766948258 6.511842421299228e-06 -2.83603266549191e-05
0.2533122662310191 5.224332243971772e-06 -3.748257108607961e-05
0.2420419046063928 -1.392949841327353e-05 3.303657141503873e-05
0.218484599617065 1.860673990158445e-05 -5.887869300303522e-05
0.2730030578292693 8.635209358920843e-06 1.378816362629029e-05
0.3393049658964416 -4.937642278937974e-05 7.394235527913881e-05
0.2830065352940154 1.734723475976807e-18 -3.876214485467461e-06
0.1480522628285809 0.0003862279432329183 0.0004041630411165914
0.310536713192809 -7.708165694881137e-07 1.796853655118905e-06
0.2631572007130124 0.0001304231809877467 0.000157108414034111
0.1972319017063519 -0.0008485153462684889 -0.0001797188534538186
0.2917730766491926 -4.361184083594215e-05 0.001541064623026047
0.168146205089525 0.0007734955857886146 0.002161686867692188
0.3315125039238235 0.0007866006308203443 0.002160224141500591
3 5 0 1566
1539
1540
1541
1542
1543
1544
1545
1546
1547
1548
1549
1550
1551
1552
1553
1554
1555
1556
1557
1558
1559
1560
1561
1562
1563
1564
1565
1566
1567
1568
1569
1570
1571
1572
1573
1574
1575
1576
1577
1578
1579
1580
1581
1582
1583
1584
1585
1586
1587
1588
1589
1590
1591
1592
1593
1594
1595
1596
1597
1598
1599
1600
1601
1602
1603
1604
1605
1606
1607
1608
1609
1610
1611
1612
1613
1614
1615
1616
1617
1618
1619
1620
1621
1622
1623
1624
1625
1626
1627
1628
1629
1630
1631
1632
1633
1634
1635
1636
1637
1638
1639
1640
1641
1642
1643
1644
1645
1646
1647
1648
1649
1650
1651
1652
1653
1654
1655
1656
1657
1658
1659
1660
1661
1662
1663
1664
1665
1666
1667
1668
1669
1670
1671
1672
1673
1674
1675
1676
1677
1678
1679
1680
1681
1682
1683
1684
1685
1686
1687
1688
1689
1690
1691
1692
1693
1694
1695
1696
1697
1698
1699
1700
1701
1702
1703
1704
1705
1706
1707
1708
1709
1710
1711
1712
1713
1714
1715
1716
1717
1718
1719
1720
1721
1722
1723
1724
1725
1726
1727
1728
1729
1730
1731
1732
1733
1734
1735
1736
1737
1738
1739
1740
1741
1742
1743
1744
1745
1746
1747
1748
1749
1750
1751
1752
1753
1754
1755
1756
1757
1758
1759
1760
1761
1762
1763
1764
1765
1766
1767
1768
1769
1770
1771
1772
1773
1774
1775
1776
1777
1778
1779
1780
1781
1782
1783
1784
1785
1786
1787
1788
1789
1790
1791
1792
1793
1794
1795
1796
1797
1798
1799
1800
1801
1802
1803
1804
1805
1806
1807
1808
1809
1810
1811
1812
1813
1814
1815
1816
1817
1818
1819
1820
1821
1822
1823
1824
1825
1826
1827
1828
1829
1830
1831
1832
1833
1834
1835
1836
1837
1838
1839
1840
1841
1842
1843
1844
1845
1846
1847
1848
1849
1850
1851
1852
1853
1854
1855
1856
1857
1858
1859
1860
1861
1862
1863
1864
1865
1866
1867
1868
1869
1870
1871
1872
1873
1874
1875
1876
1877
1878
1879
1880
1881
1882
1883
1884
1885
1886
1887
1888
1889
1890
1891
1892
1893
1894
1895
1896
1897
1898
1899
1900
1901
1902
1903
1904
1905
1906
1907
1908
1909
1910
1911
1912
1913
1914
1915
1916
1917
1918
1919
1920
1921
1922
1923
1924
1925
1926
1927
1928
1929
1930
1931
1932
1933
1934
1935
1936
1937
1938
1939
1940
1941
1942
1943
1944
1945
1946
1947
1948
1949
1950
1951
1952
1953
1954
1955
1956
1957
1958
1959
1960
1961
1962
1963
1964
1965
1966
1967
1968
1969
1970
1971
1972
1973
1974
1975
1976
1977
1978
1979
1980
1981
1982
1983
1984
1985
1986
1987
1988
1989
1990
1991
1992
1993
1994
1995
1996
1997
1998
1999
2000
2001
2002
2003
2004
2005
2006
2007
2008
2009
2010
2011
2012
2013
2014
2015
2016
2017
2018
2019
2020
2021
2022
2023
2024
2025
2026
2027
2028
2029
2030
2031
2032
2033
2034
2035
2036
2037
2038
2039
2040
2041
2042
2043
2044
2045
2046
2047
2048
2049
2050
2051
2052
2053
2054
2055
2056
2057
2058
2059
2060
2061
2062
2063
2064
2065
2066
2067
2068
2069
2070
2071
2072
2073
2074
2075
2076
2077
2078
2079
2080
2081
2082
2083
2084
2085
2086
2087
2088
2089
2090
2091
2092
2093
2094
2095
2096
2097
2098
2099
2100
2101
2102
2103
2104
2105
2106
2107
2108
2109
2110
2111
2112
2113
2114
2115
2116
2117
2118
2119
2120
2121
2122
2123
2124
2125
2126
2127
2128
2129
2130
2131
2132
2133
2134
2135
2136
2137
2138
2139
2140
2141
2142
2143
2144
2145
2146
2147
2148
2149
2150
2151
2152
2153
2154
2155
2156
2157
2158
2159
2160
2161
2162
2163
2164
2165
2166
2167
2168
2169
2170
2171
2172
2173
2174
2175
2176
2177
2178
2179
2180
2181
2182
2183
2184
2185
2186
2187
2188
2189
2190
2191
2192
2193
2194
2195
2196
2197
2198
2199
2200
2201
2202
2203
2204
2205
2206
2207
2208
2209
2210
2211
2212
2213
2214
2215
2216
2217
2218
2219
2220
2221
2222
2223
2224
2225
2226
2227
2228
2229
2230
2231
2232
2233
2234
2235
2236
2237
2238
2239
2240
2241
2242
2243
2244
2245
2246
2247
2248
2249
2250
2251
2252
2253
2254
2255
2256
2257
2258
2259
2260
2261
2262
2263
2264
2265
2266
2267
2268
2269
2270
2271
2272
2273
2274
2275
2276
2277
2278
2279
2280
2281
2282
2283
2284
2285
2286
2287
2288
2289
2290
2291
2292
2293
2294
2295
2296
2297
2298
2299
2300
2301
2302
2303
2304
2305
2306
2307
2308
2309
2310
2311
2312
2313
2314
2315
2316
2317
2318
2319
2320
2321
2322
2323
2324
2325
2326
2327
2328
2329
2330
2331
2332
2333
2334
2335
2336
2337
2338
2339
2340
2341
2342
2343
2344
2345
2346
2347
2348
2349
2350
2351
2352
2353
2354
2355
2356
2357
2358
2359
2360
2361
2362
2363
2364
2365
2366
2367
2368
2369
2370
2371
2372
2373
2374
2375
2376
2377
2378
2379
2380
2381
2382
2383
2384
2385
2386
2387
2388
2389
2390
2391
2392
2393
2394
2395
2396
2397
2398
2399
2400
2401
2402
2403
2404
2405
2406
2407
2408
2409
2410
2411
2412
2413
2414
2415
2416
2417
2418
2419
2420
2421
2422
2423
2424
2425
2426
2427
2428
2429
2430
2431
2432
2433
2434
2435
2436
2437
2438
2439
2440
2441
2442
2443
2444
2445
2446
2447
2448
2449
2450
2451
2452
2453
2454
2455
2456
2457
2458
2459
2460
2461
2462
2463
2464
2465
2466
2467
2468
2469
2470
2471
2472
2473
2474
2475
2476
2477
2478
2479
2480
2481
2482
2483
2484
2485
2486
2487
2488
2489
2490
2491
2492
2493
2494
2495
2496
2497
2498
2499
2500
2501
2502
2503
2504
2505
2506
2507
2508
2509
2510
2511
2512
2513
2514
2515
2516
2517
2518
2519
2520
2521
2522
2523
2524
2525
2526
2527
2528
2529
2530
2531
2532
2533
2534
2535
2536
2537
2538
2539
2540
2541
2542
2543
2544
2545
2546
2547
2548
2549
2550
2551
2552
2553
2554
2555
2556
2557
2558
2559
2560
2561
2562
2563
2564
2565
2566
2567
2568
2569
2570
2571
2572
2573
2574
2575
2576
2577
2578
2579
2580
2581
2582
2583
2584
2585
2586
2587
2588
2589
2590
2591
2592
2593
2594
2595
2596
2597
2598
2599
2600
2601
2602
2603
2604
2605
2606
2607
2608
2609
2610
2611
2612
2613
2614
2615
2616
2617
2618
2619
2620
2621
2622
2623
2624
2625
2626
2627
2628
2629
2630
2631
2632
2633
2634
2635
2636
2637
2638
2639
2640
2641
2642
2643
2644
2645
2646
2647
2648
2649
2650
2651
2652
2653
2654
2655
2656
2657
2658
2659
2660
2661
2662
2663
2664
2665
2666
2667
2668
2669
2670
2671
2672
2673
2674
2675
2676
2677
2678
2679
2680
2681
2682
2683
2684
2685
2686
2687
2688
2689
2690
2691
2692
2693
2694
2695
2696
2697
2698
2699
2700
2701
2702
2703
2704
2705
2706
2707
2708
2709
2710
2711
2712
2713
2714
2715
2716
2717
2718
2719
2720
2721
2722
2723
2724
2725
2726
2727
2728
2729
2730
2731
2732
2733
2734
2735
2736
2737
2738
2739
2740
2741
2742
2743
2744
2745
2746
2747
2748
2749
2750
2751
2752
2753
2754
2755
2756
2757
2758
2759
2760
2761
2762
2763
2764
2765
2766
2767
2768
2769
2770
2771
2772
2773
2774
2775
2776
2777
2778
2779
2780
2781
2782
2783
2784
2785
2786
2787
2788
2789
2790
2791
2792
2793
2794
2795
2796
2797
2798
2799
2800
2801
2802
2803
2804
2805
2806
2807
2808
2809
2810
2811
2812
2813
2814
2815
2816
2817
2818
2819
2820
2821
2822
2823
2824
2825
2826
2827
2828
2829
2830
2831
2832
2833
2834
2835
2836
2837
2838
2839
2840
2841
2842
2843
2844
2845
2846
2847
2848
2849
2850
2851
2852
2853
2854
2855
2856
2857
2858
2859
2860
2861
2862
2863
2864
2865
2866
2867
2868
2869
2870
2871
2872
2873
2874
2875
2876
2877
2878
2879
2880
2881
2882
2883
2884
2885
2886
2887
2888
2889
2890
2891
2892
2893
2894
2895
2896
2897
2898
2899
2900
2901
2902
2903
2904
2905
2906
2907
2908
2909
2910
2911
2912
2913
2914
2915
2916
2917
2918
2919
2920
2921
2922
2923
2924
2925
2926
2927
2928
2929
2930
2931
2932
2933
2934
2935
2936
2937
2938
2939
2940
2941
2942
2943
2944
2945
2946
2947
2948
2949
2950
2951
2952
2953
2954
2955
2956
2957
2958
2959
2960
2961
2962
2963
2964
2965
2966
2967
2968
2969
2970
2971
2972
2973
2974
2975
2976
2977
2978
2979
2980
2981
2982
2983
2984
2985
2986
2987
2988
2989
2990
2991
2992
2993
2994
2995
2996
2997
2998
2999
3000
3001
3002
3003
3004
3005
3006
3007
3008
3009
3010
3011
3012
3013
3014
3015
3016
3017
3018
3019
3020
3021
3022
3023
3024
3025
3026
3027
3028
3029
3030
3031
3032
3033
3034
3035
3036
3037
3038
3039
3040
3041
3042
3043
3044
3045
3046
3047
3048
3049
3050
3051
3052
3053
3054
3055
3056
3057
3058
3059
3060
3061
3062
3063
3064
3065
3066
3067
3068
3069
3070
3071
3072
3073
3074
3075
3076
3077
3078
3079
3080
3081
3082
3083
3084
3085
3086
3087
3088
3089
3090
3091
3092
3093
3094
3095
3096
3097
3098
3099
3100
3101
3102
3103
3104
-0.0002634622650677272 -0.0002689602410725633 0.0005088514242392803
-0.003110497957992085 -0.02071863004983272 -0.01366916269460996
-0.006598563575104503 0.01462632929243095 -0.01889498597694515
-0.01054863199496628 -0.01076876266748475 0.02037364407018698
-0.01996529643525424 0.01491678492191414 0.002810935800380551
-0.02296450282756778 -0.007172995310727038 -0.007877888257558249
-0.005731058228205075 0.01269295240085724 0.0220150025632365
0.003021255254782422 0.02433415013061992 0.001869685428801754
0.008063783883410298 -0.02232788400310722 0.008530736109156938
-0.01136753744264951 -0.005090383291192862 -0.02576106584600684
0.01315096592396743 -0.001069538381062291 -0.02093858851107759
-0.01540386653835618 -0.0236391742568237 0.003786463218805214
-0.02706115459449503 -0.002224229689222606 0.01163518939811549
0.0109563417540453 -0.002896444753895218 0.02029913086651582
-0.02486267708333754 0.01042135593636663 -0.01511535805567729
-0.01588410974934309 0.02653275964252226 -0.009801855855760534
0.02313228890150512 0.009097953788924498 0.001738601483947751
-0.001816987606529535 -0.03278937055600447 -0.001476752517930341
-0.02289719670898659 0.01252098150572271 0.0197127243474248
-0.01295598748459663 0.0264677366778508 0.01395924026431425
-0.01896383237954852 -0.0189124414992441 -0.01947373210681517
-0.03304441806147786 0.005789493217821814 -0.001522814777765683
-0.00345944818246981 -0.0007983422989332399 0.03262066179862408
-0.007927096851330473 -0.02701345123530969 0.01821354085120315
-0.02442141371936588 -0.01761314607452537 0.01574765952852078
0.01388558841699796 0.01959544015232866 -0.01582804266143819
-0.01209905403857711 0.00338597683106146 0.01065120328583327
0.02385799476038438 -0.01268570348368464 -0.004628508620191303
-0.01875615640900757 3.971987129484066e-05 0.02855907854318201
-0.01026171855852915 0.001298475442155362 -0.01147685288338672
-0.01729738259655258 0.008947463960718527 -0.02855501283403892
-0.02631429412193401 -0.003120487611871612 -0.02240131794288364
-0.02765244285077545 -0.02105975258002843 -0.004537825834360951
-0.01459788039026829 -0.02996959298431733 -0.01000609093656589
-0.001083874592595097 0.006439171031451443 -0.03261358857764127
-0.008789414321925692 0.0342165214771448 0.002108099235865833
0.01422418784539292 0.01761477627706281 0.01854824399566423
-0.006655453156388572 -0.01929876298193296 -0.02837789709634008
-0.009336381106446667 -0.01173756136155533 -0.003250159931637398
0.01361064015594954 -0.02707065725586992 -0.009591809029065855
0.01021819925066285 -0.01912747938104561 -0.02457800137613614
0.001108049069442453 -0.007254064564984895 -0.01181424327671499
-0.03424514858622142 -0.009337733649214502 0.001116921614218143
-0.02164407566728394 0.02880302346082644 0.003240382834724004
-0.004480108036674972 -0.01490035244875982 0.03245825395051956
-0.01809966314492657 0.02158973839728942 -0.0226746089164733
-0.02849021732415175 0.02106770962074855 -0.0065983642557692
-0.006027627515480543 0.02896944222841294 -0.02001001330838319
-0.01636153191077197 -0.009784683641734005 0.008172129578192302
-0.002440183466404093 -0.01125173252276092 0.008946663690469037
0.001290453778341786 -0.01734610337218099 0.02045198811792737
-0.03323336427905826 0.009821472588983374 0.01139843174222629
-0.00120273671655958 0.02078131653759312 -0.02991240381585986
-0.00454217214951854 0.02614904154685619 0.02491296691375862
-0.03470480877610496 -0.002310285062294368 -0.01202657909860941
-0.01136995167306607 0.009807238226932401 0.0336790557123753
-0.004675369640051224 -0.03114204067215393 -0.02054603125621571
-0.00631494061787517 0.01375279652624871 -0.003738047967024639
-0.0003327680876209719 0.01121057513990077 0.008926651926964284
-0.0002405940557836081 -0.007894613043262439 -0.03462298333766714
-0.0008865202891618316 0.03349456477118891 0.01360576595329944
0.02798407249827718 -0.00571906296955951 0.01249584447332521
-0.02134820395677947 -0.01269186282726198 0.02742789254104579
0.008456439421614538 0.01133052780424899 -0.003201196451864374
-0.01787363750175221 0.002640697005464362 -0.0009967353857251175
-0.0278293674775699 0.02152035256287056 0.01190211111480483
-0.01046287857713067 -0.03483674446920089 0.007886079531842588
-0.03045982579935696 -0.01458579487123746 -0.01538971183923313
-0.01566251619965749 0.02008136662953263 0.02721441558171471
-0.01952556552931658 -0.02891410129172885 0.01423432609194149
-0.02969268715941094 0.002495611147795345 0.02294627948391947
0.02725948228069515 0.008041321021615979 -0.0154187875287656
0.02006838925256971 0.02596808899314657 -0.0009208627344473575
-0.003579000309036524 -0.02118835222383292 0.001928685958849234
0.002033571596328805 -0.03429992163140644 0.01284928274283715
-0.02099684559564996 -0.01177887512602889 -0.02917332474811962
-0.01051642171271732 -0.01123944562503968 -0.01532509902128177
0.001244614195491378 0.03456389385482761 -0.008575269297967834
-0.01335594532806791 -0.02189846427737307 0.02786731270291061
-0.01157765862102877 0.001298910639206748 -0.03616830020846704
0.01805297328154475 -0.01809095933287912 0.0213615060750971
-0.03197607758186546 -0.01979978875168552 0.006629615674656034
0.007167891546458035 0.01117479797296773 0.03144811477742092
-0.00874017032001841 0.001021596074516492 0.02196197166085536
-0.0008485940338516793 -6.743203603916739e-05 0.0129895747767962
0.01224701549769067 -0.007727000523541788 0.00567605611300395
-0.003952063198500185 0.003245245323334735 -0.02144971731908988
0.00566987565942913 0.0120834162213857 -0.02285638418097169
-0.01080930689535666 0.02251801185198002 0.002940213794408082
-0.03106894790315391 -0.009017404811733449 0.02048379515051351
-0.002089614680819051 0.02170253631999394 0.01418680583075969
-0.01372856487384365 0.0148179794471809 0.01275378537911052
-0.01278401028319714 -0.007245335572671678 0.03548606655182908
-0.0377144863746184 -0.000159788370323875 0.007397345902345167
-0.02287556597120235 -0.03105119886076177 -0.001089444986772365
-0.01682953208798651 0.01512889226469394 -0.008294715034177839
-0.01694500559419536 -0.01885616484469908 -0.008141728783266531
-0.03527812313543302 0.01201352641776167 -0.0107942852922666
-0.009241473174938246 0.01421236193496194 -0.03481633755014052
0.02803113893995958 0.009655869213821229 0.01697480236874188
-0.0111316374964327 -0.01137517103817465 -0.03533622196552149
-0.0281292883231092 0.00758959940423779 -0.02557353979364257
-0.02469076005966021 -0.02674373657473745 -0.0137816218032126
0.02399789734799335 -0.02320843844906779 0.007419657992611532
-0.005450835981545856 0.02243151409206486 -0.01086033555146221
-0.0341903016505898 0.01773545480029579 0.00295435352490774
-0.02189522632787679 -0.0005040318065264119 -0.03231120956383961
-0.02792491739143868 0.02075176543255298 -0.01764771330596931
-0.001438994993887487 0.007941883356571479 -0.01177048095241056
-0.005874675746673326 -0.03682469497945952 -0.01103714584667485
-0.02192278613183105 0.01043193947092295 0.03050644669581964
-0.01040634965687374 -0.01824073168676543 0.01200467347044399
-0.01814660798591707 -0.003147468005980594 0.01803520264438382
-0.01554006256307669 -0.02928946345221359 -0.02097454266256892
-0.002255907915882305 -0.02570411369497744 0.02841744681131413
-0.01780445028515526 0.003090336512640412 -0.01926817933943097
-0.0104334142722248 0.03565392792187214 -0.01251507774727688
0.008736680457510866 -0.008779792088085155 0.03347641170579688
-0.02191101423901311 0.02556228658818609 0.02013688545109057
-0.02217440637399368 0.007339320079113307 0.01022862287634082
0.03364250763678336 -0.0006385172221210094 -0.004241184735363108
0.005622239400421091 0.0083461242490129 0.01944860457665828
0.006266433817710458 -0.01726506388895428 -0.005470478246275437
-0.02404606163439363 -0.01274739395121238 0.001255716306739957
-0.01235919580705283 -0.03731476890281561 -0.002435654729785128
-0.001513587900271651 -0.01051347454922909 -0.02269583888036062
-0.03609250751109367 -0.01125050531541963 0.01139806607396502
0.02949990201599485 -0.006851503154011841 -0.01748159623840067
-0.01740394640779539 0.03530543853240632 -0.004009510953474217
0.01353414777679215 0.03067577132530733 0.01154127243018757
0.006927559757793007 0.02847460794435858 -0.02280045329844693
0.01604315405964989 -0.0006053920464655707 -0.006360441549881635
0.01141701992661495 -0.03445768737789399 0.002550427381631142
-0.01005298896551147 -0.003207794769053943 0.002779524277492632
0.008946533951023954 0.003756763822471417 0.007131343262315176
-0.01124661332996556 0.02329348775881777 -0.03025351136863535
-0.006795258743404365 0.01982433220175552 0.03336691170644922
-0.01618163074562398 0.03519522624900609 0.00934034232712002
0.01104592522809704 9.237407475159434e-05 -0.03455478821792832
-0.02684848969607184 -0.002058321166660593 0.001259830142695838
-0.02550111671825096 0.002882747175610966 -0.008020674988940721
0.00648172976732445 0.02710935559623122 0.02047039167038904
-0.01677135443076681 -0.02121230906299405 -0.02931075338828272
-0.002068358882564766 0.007943123822616917 0.03865168156780487
-0.03978905092782284 -0.001794491943800546 -0.003114516631089692
0.02150237080975869 -0.006691232635243137 0.02847025963704697
0.01946088880332977 0.01038310860396748 -0.02766057158208095
-0.03513870184003848 0.005459586721739821 -0.01854574635673785
-0.02189340696916454 -0.02429422035676528 0.02294614604162813
-0.0159438714206368 0.03101126401022149 -0.01963692165033282
0.00308870966763502 -0.03008121907603524 -0.01240473127971715
-0.02014268974659539 -0.009180603899959387 -0.01730233566547767
0.009158004909921849 -0.02790699452705521 0.02203054374958197
0.02217208704919976 -0.01885962701559886 -0.01715990049910588
-0.01468122274667232 0.008768273438806429 0.02388771691106095
-0.03198820642973194 0.01603372825028023 0.01885371244827084
0.02562385893151174 0.0226299614925021 0.01171824723457756
-0.02732760518232374 -0.004941598104125252 0.02908235180568001
-0.01355848112883956 0.02990136341916327 0.02323485439400522
-0.03650413991108215 -0.001537247351357445 0.01707861563061742
-0.02711063416413986 -0.02852622567904952 0.007661350761020514
-0.006773389202366293 0.006652089999816064 0.00305349876056041
-0.0004913422263467188 -0.006574332578414527 0.0233710610855774
-0.03603113744361464 -0.01558903735227129 -0.006826745500967393
-0.02587511168318368 0.03050075484614342 -0.005492340185972696
-0.0161911459888816 0.01273116454961979 -0.01899989474161951
-0.0259523693835935 0.01191180349871503 -0.004306026140986367
-0.02736177244493888 -0.01735217497602175 -0.02425208914120573
0.02699290533428664 0.02138079385322804 -0.01192968733856596
-0.007291058010088869 -0.02540771733778209 -0.005380346909928794
0.02053241671017877 -0.01044541928879059 -0.02816689960076397
-0.02399133327247533 0.01605387751141724 -0.02816162202849921
0.007823151665813098 0.01428876316060805 -0.03447108902387916
0.02051698670253117 0.007406090963332998 0.02873279772099695
-0.03956843504379074 0.0088613125134222 0.0045143260268601
-0.01051510252804063 0.001613645096638075 0.0389443903781905
-0.02378317333916731 0.02881412283919545 -0.01465239684046308
0.001196449166632314 0.004655753119902122 -0.04020677062287072
-0.009091578773475946 -0.005459276088511552 0.01258261643503161
-0.03080345239433366 0.02656524350156743 0.002163765920717282
-0.03445556909376872 -0.0073603921851463 -0.02004252317052475
-0.02427455190606691 0.03033941939675853 0.01225465040360503
0.01415766725600342 0.03217095936917388 -0.01121890334054353
-0.01986425078543564 -0.0349459810094135 0.006972503090548014
0.002682563355343383 0.03794931416079764 0.002944767994702351
-0.00979707382967226 0.03504645294832853 0.01628167626074817
-0.015934908914876 -0.015753852879375 0.03416500512377337
0.003971284811530173 -0.002038747870130755 -0.02656864493234047
-0.01001948222429784 -0.02175375480305047 -0.01995403371803397
-0.007080081445869657 -0.03644900778177123 0.01671501167120851
0.0259655412489936 -0.02563831567317756 -0.005345533488499568
-0.02487082495360633 0.01845706229354992 0.02668278078036541
0.002278718397614068 -0.02646952957324735 -0.02835935055295047
-0.008175172234236925 0.009724775598748563 -0.02669124435742866
0.03589993751353029 0.003906957933027411 0.007997905157664593
0.03136989836462589 0.01929497948452717 0.0003304783933349648
0.01221730906113 -0.01178346784459922 -0.01482720051356125
-0.006864958935252779 -0.02631213371742407 0.008983272036226387
-0.009474710712834069 -0.02816778939746345 -0.02795589515442813
-0.01912281048035963 0.02188390882243039 0.008824194520313076
-0.005186653910262218 -0.0404539669701364 0.002632777042859615
0.004273971398338384 0.02234233759419558 0.0313077335142542
-0.01595449350620366 -0.0181878426613484 0.01938437785818041
-0.003365482143563477 0.007886769785031177 0.02952159240653814
-0.02011833854723135 0.02212657838337401 -0.002914247824899272
-0.008171715655267434 0.02968281528651574 -0.005881639540530213
-0.01444641351612369 -0.004489907618581047 -0.005684589628796781
-0.006165559372010675 0.03956838981884371 0.009128168555804549
-0.01325597148880673 -0.01402698983605372 -0.02476312615601952
-0.02707429592852919 -0.01119643809175054 0.009765709511320469
-0.01469933088141759 -0.02992152032845008 0.02365438853817034
-0.005033483173486546 -0.005713415892120139 0.04029714417988545
-0.02855748397355099 -0.01714038166645778 0.02391788600910663
-0.003346188836932668 -0.01657621068582359 -0.03683674244369519
-0.005789537069901471 0.02776965433904113 0.008462212852455402
-0.01918236309486062 -0.001175784399729112 0.007175488060152699
-0.00992391554050669 0.02055314524052537 0.02017107561126814
-0.02290170761821902 -0.01966624181080506 0.007029998012779551
-0.005382369872634147 -0.004032121316830565 -0.005978702948324851
0.03486724246299664 -0.01186479636482927 0.002861237466107201
0.01456750323559345 0.01714435625292372 0.00604574530367436
-0.01767752261090977 0.006475615945145487 -0.01085976039150046
-0.01870195795978999 0.004442244697725614 0.03643053776136509
-0.01283709173603151 0.02029904928488839 -0.01550867099046443
-0.03259348689770331 0.0137665259158467 -0.02082171057260133
-0.02784071668175944 0.01100428093643598 0.00437686601643875
-0.001585227821024671 -0.00910054142824039 0.0003199018346421712
-0.03024041292138382 0.01089072704266172 0.02594239728410267
-0.03238524189182602 -0.02259875667436126 -0.01195175800304638
-0.004983119880478883 -0.001379947197590068 -0.03077904758520156
-0.01694991645438491 -0.005349592518501922 -0.03749715825348447
-0.03986790596803472 0.004487289368879727 -0.009444277784532985
-0.008822054828928073 -0.005868770029269155 0.02761888687231551
-0.03325300554180259 -0.01869632922597074 0.01537386269707841
-0.009890734237488373 0.01069116591376656 -0.01163657828247848
-0.02765787192167021 -0.02587790091405148 0.01612356352378041
-0.007479085379789016 -0.01895437368945073 0.02190386102512531
-0.005420722210309673 0.007254895935543536 0.01501752686798712
0.002323648822348747 0.01698855231001872 -0.01457382207688335
-0.007879462417852208 0.01483951854228347 0.006148801106805697
0.00566570124869949 -0.01955111625038832 0.033402082508181
-0.02938450594087765 -0.009481793657399682 -0.02768757151229651
0.01144341702575112 -0.03025651689938291 -0.02077196841243374
-0.03903291444181189 0.01342390554881857 -0.002976136865732463
-0.02221584587415544 -0.03390410231339658 -0.009759358652003225
-0.01577523563556296 0.008901164980585023 -0.03716213529623354
-0.02121802800382061 -0.004903189598625854 0.03535195155327053
-0.01294563456209012 -0.03601056263492036 -0.01606838381379252
0.003743951755077786 -0.0004158452812239286 0.03991571699845168
-0.01573076737345229 -0.01527069701759762 0.001459564897163444
0.02182796669126132 0.02114356014256323 -0.02410696041681318
0.01667940675098022 0.006389780552565451 0.01569952463538008
-0.009897386371687257 -0.02969958194453308 0.000916342063938016
-0.01401892821300261 0.01038950978199321 -0.00159408319170417
-0.01715846488441384 0.01765497437041159 -0.03338828986996561
-0.0233803547315866 -0.02582147485181475 -0.02230858256770394
-0.03535694970631009 -0.02172950654500305 -0.0009533942250354167
-0.02602165842096498 0.003021774755100181 0.03210832192729879
0.01694522809321188 -0.03152713399644602 0.01317849427602642
-0.02143306584851604 0.004163840905069527 0.02117778910549759
-0.006351375904122882 -0.004571816870152135 -0.01880035496536171
-0.03618775727313626 0.006971332209457262 0.01913662972164793
-0.03140639008704655 -0.008363813833416623 -0.00692010453319177
-0.006008391682547445 -0.03273720038103218 0.02464354943323703
0.01556478654763303 -0.02110961761721479 -2.297717063796945e-05
-0.005519698617528349 0.004468803275853267 -0.005113212390165474
-0.03561201514022556 0.01802959659651776 0.01137599199623252
-0.03995445508105016 -0.008229569975721478 -0.008757654243403865
0.004467712632325832 -0.008010100955324907 0.01506441293056812
0.01208702323777014 0.008199004132258348 -0.01387540804972801
-0.03442972684437587 0.02017482235058193 -0.01242035893479622
-0.0227210331739465 -0.01016018479688121 0.01944124899022375
-0.01703728286095993 0.01606346418214771 0.0345633980961901
-0.02982940441068384 0.0001957668243083046 -0.02937885681891469
-0.02785975352855893 -0.006502643990232684 -0.01477517734120327
-0.02419844439604216 0.00759211395659511 -0.03328050759906304
0.007627503156936555 -0.01581179509683791 -0.034920723757267
0.003542288861471041 0.001784413178337662 0.02635017619388107
-0.009788931086466607 0.03987842397740292 -0.004697633100023279
-0.003949530696798124 -0.01774673585142212 -0.005791833806645457
-0.02757764481208713 0.002490295764404722 -0.0162057697218366
-0.02185426985858364 0.02092313094167271 -0.01179837829083711
-0.018827408584643 0.03518729982810127 -0.01229710370737483
0.029442354472615 -0.0172125005678525 0.016717974674922
-0.01155097404345343 0.02093060069922308 -0.005278649006744328
-0.01825120709624713 -0.002312135793233492 -0.01285062850097364
-0.02437808147988812 -0.01525671718190139 -0.0096431374045459
-0.01080319211874975 0.002291992801136595 0.0299938429549455
-0.02942383977353677 -0.02882993339153932 -0.007171401256872696
0.001524172183646744 0.0189970831519333 0.02269976029182867
0.007057545276077954 -0.02098450725293718 -0.01499750086114798
-0.007955955764703738 0.007801009012556595 -0.0401655298776834
-0.0008993402278584593 0.01343087788361956 -0.03854617217045658
-0.00767447443837467 -0.02255718241314591 0.0340963994209977
-0.006582653222025174 0.02148585265750891 -0.02360434964859291
-0.004740538867716792 0.02821692022036397 -0.02827259885614454
-0.01831894982279417 0.03348554881821793 0.01729581359226947
-0.03028930773750978 0.003378548017456354 0.006467427896397953
0.007822770802072188 -0.007051639764177952 -0.003786588746043172
-0.01094014468342645 0.02619500251422795 0.03013529444569693
-0.01093366338092588 -0.01967879940748272 -0.03548881921347736
0.02395983789168401 -0.002547685109563578 0.002001895515362402
-0.006498067897358111 0.03397911975635674 0.02367409276750895
0.01846145836552007 0.0159421811316143 -0.006066297553827553
-0.006765807286030237 -0.005173013817772874 -0.04026655520417933
-0.04089456017366138 -0.007612757792691601 0.005727528556946472
0.03565765874921593 0.01089440842177517 -0.007217631171719764
-0.007975522940883297 -0.02732001624516765 -0.01407221212832385
-0.02635396513116075 0.01992256420825462 0.003993747350818903
-0.01308077690047069 0.01628843506872022 -0.02640744792678215
-0.01869028727706643 -0.006552240144333846 0.00101312781004877
-0.002593562179925134 -0.01938472034668922 0.009850971794830236
-0.02122501271027422 -0.02047342162391153 0.03012499869428265
0.02643286038345788 0.0002781230723321348 -0.02701557870223196
0.005003376211823258 -0.02566094621923073 -0.0003129524776641062
-0.008453601586457011 -0.01296702888925387 0.03923433560332185
-0.01527327405990166 -0.03619416227731423 0.01469103082493759
0.003524060038073208 -0.03914369590962839 -0.007554477336786642
-0.01206520639252867 0.00269153462598538 -0.02813646363748143
-0.008269434953787602 -0.01514119897606904 0.004763683133190279
0.01399426740507794 0.03575251066967586 0.001031448843764292
-0.003767949710096695 -0.02431906570774223 -0.0341789627911175
-0.01112187458759198 -0.01405983478940258 0.0278086199531566
-0.01772252401181522 0.01872807366559935 0.01868080357482135
-0.02753366494819945 0.006736849205501497 0.01633445070029826
-0.02261136645223764 0.01526701244656445 0.01204910767924549
-0.01635396434184874 0.007824781137386872 0.01598063873061197
-0.01483061469120394 0.009791642274526448 0.006467170996032283
0.000396716609226533 -0.01964755274413376 -0.02226112760754247
-0.0147797135425733 0.02806245922691845 -0.001458593208910421
-0.03623492831646925 0.02093116820979138 -0.004209080465944307
-0.0174659906569486 -0.02565892304466516 -0.003779602448283674
-0.03840527776025691 -0.01525339036172192 0.004753299720243444
-0.01065904619834871 0.006838117423920591 -0.01870637328850644
-0.0163949255654319 -0.006805282831916745 0.02500665678565766
-0.02550777040357555 0.02290778397350017 -0.02474911015181697
-0.01500034304231902 0.03928148060632147 0.002534578878058403
-0.005981999081195702 -0.009862883964855429 -0.02934892466170072
0.0006847493001048751 -0.01514454496959776 -0.02948408200889674
-0.005712775440223559 0.02819396795215147 0.0172324709394918
-0.004753435791501688 -0.01421875649542399 0.01603113675744728
-0.01883391761542166 -0.002269408895655821 -0.02512656225656879
-0.0400652525554364 0.005749539597355165 0.01224824969375226
0.0248645700560482 0.01914875541397851 0.0226643992761222
0.00364191407496119 -0.01581663871742153 0.003787154378941776
-0.01627511339323611 -0.0110782650858313 -0.009801453675894776
0.005820857004453224 0.002339642118460578 -0.007270432027021969
-0.007217798428668042 0.01413702053836259 0.03907064379802396
0.03021759966621142 -0.0004616774624310215 0.02305384494022138
0.006446325027779162 0.02499545051224273 -0.0084482894844938
-0.01044479225045564 -0.02013725977848568 -0.001909498530945917
-0.01655981466684713 0.028049854182684 -0.02690930275853818
-0.0295573859712477 0.02357241123767282 0.01937293637386228
0.02000696480358564 -0.01349857090906685 0.01133141242411789
-0.001281865664341387 0.01417385263565303 0.03384412482759994
0.0322934953112999 -0.01761505285803468 -0.01123477787047317
-0.03118144401956393 -0.02843522937552978 0.0006944803207060493
0.01456022146475321 0.0241719867876163 0.02751604794927599
-0.03066424629157479 0.02699244355817889 -0.01129826125009541
-0.002335508869053438 0.005593584076289034 0.02206413610280802
-0.03791870920390845 -0.01303364123329226 -0.01439730283721301
-0.01752777576917817 -0.02152850653803488 0.01244988884598349
-0.0151786636381587 -0.02341436765760132 -0.0142797416350067
-0.00979805557753859 0.03585334166944305 -0.02034268419433967
-0.006129958919294038 0.01502422817757015 0.01456687109889301
-0.009774412959805955 -0.0176783186280057 -0.01098202162099593
-0.03003367057992364 -0.02289075299854363 -0.01941082071909414
-0.03503319299968327 -0.0004585211806232914 -0.02361486560379887
-0.002976228842861224 0.0006911840586933363 -0.01415844671279278
0.004318130587656465 0.004569787356408353 -0.01793432500909635
-0.003352044651172826 -0.003865716356540689 0.006677832344496992
-0.006987935440911844 0.04207068019644144 0.002008632172642315
-0.01766454002471156 -0.01569110369161359 -0.03508593345202657
-0.04141319603227434 -0.01017936894235794 -0.001483070331048133
-0.02510445624287884 0.00536614414862069 -0.0002115545332458599
0.01457271958589035 0.0008216252763412078 0.03611735114777408
-0.009877184907365458 0.01501079817267308 0.02813606302585127
-0.006079460984493952 -0.04075352761184872 0.01033583799444023
0.01168656997032197 0.01987805686517215 -0.02647724849222522
-0.04197848989725241 0.005562789132892571 -0.002068182733418498
-0.02579414169221341 -0.003059674540020316 0.01922496738001158
-0.01470928190773523 0.02810862361814417 0.006603003371728341
-0.03459429772490291 -0.003323480755615913 0.02436251694107969
-0.03158340021766471 -0.0008678396039071288 -0.005126201594410539
-0.01582357598259923 -0.0381688692822764 -0.009259699940263152
-0.02215091104525496 0.03640899333899355 0.001984860542640574
-0.03379917869054604 0.02483499809093084 0.008812367927054325
0.0004834308127648467 -0.02843874136727167 0.02048391822686093
-0.02314998918941298 0.01552214020794843 -0.02056689224062357
-0.009918852031859765 -0.02852423804972722 0.02977208765294341
0.01958379084961551 -0.03408803623836341 -0.004265584396351293
0.03473122811416971 0.01473908333946634 0.009814463879455147
-0.008783702277733308 0.02104107007242604 0.01053925480849303
-0.03234358718534722 0.004948321980222648 -0.01074916350742548
-0.006196179647746314 0.02135637656941823 -0.03593758285467751
0.006676426058502886 0.01751500803158057 0.01207992523838215
-0.0139645984887422 -0.004906054428316789 -0.01859616075687956
-0.03249756208286738 -0.005712959127114703 0.007589787228550108
-0.02134534544569694 -0.02005213529568657 -0.0004060653344385269
-0.01635939728848224 -0.01163615124277412 0.01554688520459382
-0.005452027076376716 0.02749918188773232 0.000872759616656113
-0.004049905828202734 0.02115301912478277 -0.003347054067318523
-0.0007493320999222208 0.01580084873477156 0.002044491132164294
0.0006305162036186683 0.007983208914148993 -0.0006371954747747949
-0.005513061022092884 -0.01572787405493681 -0.01887521383724916
-0.02122493709529409 -0.03258780969290864 -0.01717175207033679
-0.02454354282559379 -0.007364910339498445 -0.03425149222828384
-0.004114910418822534 -0.01298748043482127 0.02513787793485298
-0.003638822450940637 -0.01338774469106446 -0.01194721814767878
-0.002976328692513766 0.01348326412434458 -0.03066944784948137
-0.001154917799361019 0.01623981023224586 -0.02387684577103119
-0.002207179562394173 -0.007954429928593968 0.03058673005834589
0.001482273941646853 -0.0112742452881424 0.03795185443906691
-0.0007104787129835974 0.004033735282510476 0.006674122771062331
-0.009497787305188809 0.02824468528044469 -0.0133802663948739
-0.03074275872781947 -0.01587140012708799 -7.585400143912333e-05
-0.01952707177479474 -0.03775819300074618 -4.620774235363553e-05
-0.02657289863329178 -0.01071713692680068 -0.02084466312223879
-0.004256030800208413 0.04073511516382468 -0.01069345846396504
-0.0005160625335372832 0.03654978034744667 -0.01837508976155639
0.000771336271509597 -0.03741675015065226 -0.01708083425159956
0.004200091843199284 -0.01262363653645206 0.02727346182924276
-0.002372033604046944 0.02136613249753606 0.006739773436999402
0.001845064139656945 0.02706939031191819 0.01005868256574212
-0.01398700136381547 -0.02843799794102971 0.009291129185115328
-0.02157025510358067 -0.007111758063508906 0.01275700066768664
0.02105038218747045 -0.02928359496164201 -0.01665742680562283
-0.0009529478519822443 0.008930784897705966 -0.02516471283054056
0.01704765932545557 0.02978009905362201 -0.02089743321469989
6.575693958905168e-05 -0.03662640295242211 0.02073772152048564
-0.02769426475884544 0.03252371902540785 0.005153217926740987
-0.02845868407008703 -0.01226445835149697 0.0295129408801156
-0.02879062424270218 0.0154959066400631 -0.01144654110588167
-0.03930173637662566 -0.0006776053991330636 -0.01758216569363381
0.001650454468082636 0.01549610369876582 -0.006089699617280632
0.01802906300812258 -0.003368086967236482 0.01291283600797833
-0.0214985051971297 0.008597208037221638 -0.02250102027641632
-0.003705590021089643 0.001489243416727749 0.04230294971834694
-0.01064639746014496 -0.03405589413850065 -0.02370432104780674
0.003122458694235644 -0.03745025483674204 0.00446430464039515
0.03620516714322968 0.001542520862077402 -0.01479238873095495
-0.01857356235765897 0.002179653840507281 -0.03832090832489196
0.01090268936736213 -0.03577824208142645 -0.01283965039546145
-0.02354877077524447 -0.0185677228612923 -0.03042968375928256
-0.02225586453847592 -0.01210934810655366 0.03466114036485737
-0.006377213595527995 -0.04152072360078342 -0.004924566934282231
-0.004647995118715892 -0.003657317543706911 0.01810634073101559
0.02297609637305292 0.03166182966014363 0.007286160821785619
0.02025800973860437 -0.02098867338573602 -0.02734401166759887
0.01000975033485919 -0.01613447053910074 0.01597396774801691
-0.02128271858227157 0.02486212729548712 0.02745927050181998
-0.03785290189641449 -0.00861915924268796 0.01793073574867674
-0.003942479271556587 0.03437979962147197 -0.02444376414959433
-0.01395642079900642 -0.04029759604726358 0.00420642432675891
-0.02258121905133188 0.02893327285494366 -0.0218505782412183
0.001903120225649317 0.03222264797066848 0.0262167816072141
-0.03366451781823163 -0.01438446523719398 -0.02197728102304813
0.02887043436640389 0.01341303741598966 -0.02424637297432533
0.03294998781248754 -0.02223010657978523 0.001847808958793026
-0.02491995307623654 -0.01966547255949534 -0.01538807330852721
0.007983816412299609 -0.009977603802924491 -0.02316534650649492
0.001108219112154237 -0.02390748481266555 -0.007472798148034617
0.01591404456809011 -0.0166383611330426 0.03181794509338899
-0.04097643792068813 -0.004438364681263703 0.01221068001442754
0.02026673232122487 0.02823570807175634 0.01945969188102442
-0.01058850229946989 0.03217659122746588 -0.02656077869473343
-0.0327099796260716 -0.0254720578440996 0.01100663033018801
-0.03404805056053805 -0.002146954413948382 0.001522081825301278
-0.004506897035748926 -0.03190364550958297 0.005130184751022683
-0.003605939293720496 0.02685570128927622 0.03258424911300164
-0.0148747217604382 -0.02519630869334073 0.01824935435276823
-0.01268092157231217 0.004561849730720638 -0.005561564512769141
-0.01212105933206572 0.02506681011593414 -0.02080735991895463
-0.01132564626261967 0.008505520209162239 0.04072345505224736
0.03810320497512221 -0.005827266417569765 0.01055802161612947
-0.0330831916995943 0.02734443952864271 -0.004573592931247867
0.02431095914737863 0.003710615241347452 0.009972770933756026
-0.007747136313225281 -0.03277456056630514 -0.005459012049552105
-0.006684323042791519 -0.03789971508141813 -0.01908095517562299
-0.03236232477289791 0.01498301816884043 -0.004991678510484997
-0.01613380547782251 -0.002697488383018188 0.03985402889656586
0.004069538442156684 -0.007267296609441515 0.0059614196231901
0.02162961310292585 -0.0006142354088916719 -0.01505182480425604
-0.01654722730127054 -0.006378476251663589 -0.03046741319508507
-0.02065238286733356 0.02302879947356953 -0.03008129766501779
-0.01660974967625702 -0.02821403015489938 -0.02794664546422814
-0.03264729447815729 0.002961891864506522 0.01315758903789393
-0.008162967301426079 0.006745743255600792 -0.03314197701231655
-0.01805566338239218 0.02502213313122408 -0.01645711103004427
-0.04304550372466623 0.0004794620162794047 0.002762286320884918
0.01626305633535443 0.01569686741626432 0.03309898830760247
-0.0219377563683174 0.001719192050173519 0.01454280613898013
-0.01229061775438881 0.01389875236682689 0.0196286510469673
-0.01676984220563925 -0.03045890274622188 0.002450243229034336
-0.0379473883681689 0.01291588470220572 0.01569635127310988
-0.004015800850230567 -0.01845565117589746 0.03857377960305439
-0.02483511261679791 -0.03323985789167101 0.01243172757148338
0.02500719132864675 0.003863192867960131 -0.006595638239583545
-0.02719778692628595 -0.02285051444527941 0.00240516210102634
-0.004592940689814523 -0.03326745128657002 -0.0273086485927742
0.000913611707923802 -0.02598618398334712 0.006689903423545156
-0.01965375524099319 -0.0136834343447589 -0.004183949030096717
0.01691646183432181 -0.01799129925404971 -0.009082327825957357
-0.0189700483300311 0.01416357507623292 0.02531911271913503
0.002619029580721758 -0.02730892265114694 -0.02015997875710683
-0.00354787484060071 0.03844971890172925 0.0184936059061947
0.0004750545364919294 0.04087648641438423 0.01254369021907783
-0.01000876439770547 -0.005714436361593864 -0.01100228914768844
-0.02375704508026462 -0.00635900261799946 0.005886161226018248
0.03804897169387262 -0.009832694717595476 -0.007004508645151472
0.001277123180373509 0.02585060109234677 -0.01577021149480784
-0.03470209037259116 -0.01501217779848376 0.02120325662742715
-0.03815055643808953 0.01172698260502425 -0.01713973452542352
-0.0104600214410898 0.0004179119079132576 -0.02151832705752501
-0.02050503038740148 -0.02619852833898933 0.007850421637104076
-0.0143803396661356 0.01744797280470254 0.006197550770403377
0.007790867601333696 0.03621661755084961 0.01718006981917942
-0.04187615511839785 -0.00197176241359587 -0.01121225982114626
-0.01999389054316822 0.008279623052279139 -0.00452538427097561
-0.02461990743478927 0.01895643662882147 0.01762530957897479
-0.01276214677411248 0.00314648360059945 0.003716045555045764
-0.01841280847265114 -0.02662234624359319 0.02851576138125553
0.02418533297536832 -0.02611661517487204 0.01851185066926527
-0.02224536055193173 -0.02333838711138213 -0.008248175649032709
-0.02120786127286977 -0.03113728441924458 0.02085869642902393
-0.01322537166242737 0.0218646046496928 0.03508294191478833
-0.02291133690340691 0.003144704046204489 -0.02652029413378017
-0.009478646590011325 0.03351498133344273 0.00954748539595396
-0.02095014829175813 -0.01422504556758579 0.01082180218731475
-0.003352953688909561 0.03388979732539663 0.006365655755752386
-0.006908793012765759 -0.01211423240658648 -0.04082576155647787
0.001454966350055737 0.02073280892689147 -0.03722885989025106
-0.0009773597490382244 0.04241079671129566 -0.003449445699195345
-0.01042025857990856 -0.004840386277927256 -0.03324112083717407
-0.01639240458632797 0.006330724324109805 0.03010816127016081
0.01134206399933567 -0.0268802465901366 -0.02923811745396797
-0.02911078227383869 0.01509558332377002 0.009771851465558071
-0.01779628889853509 -0.008942860795550792 -0.02377377635425396
-0.0348666981617235 0.006191476023976763 -0.02538485409538835
0.02251814077997322 0.01365725511075091 0.01018498686235407
0.003264901349322754 -0.01372371189268077 -0.01664075777491424
0.02641632364145918 -0.01511637904515169 0.0260649075892683
-0.002381516722496608 0.00922265254099588 -0.0184525635107885
-0.03042684193081613 0.01381352167191835 -0.02733491633267373
-0.01731983977694226 -0.03308544495066197 -0.004544775669404804
-0.02237698362067289 -0.001619638064168102 -0.003910828412472127
-0.03204864293921337 -0.006001900944879859 0.01441557373031408
0.02910667589597941 0.02757223387498786 -0.004542151623661305
-0.03200109459561633 0.0008396188514640003 0.02929788876924069
-0.02608121159224636 -0.0343149571028436 0.004065358612672496
0.01223451455895683 0.004994974185488041 0.02513874264809916
-0.01210244100439409 -0.0005412436256743247 0.01623251028211045
-0.01200941850948982 -0.009742028886085722 0.002918517424089631
-0.01537141440405226 -0.01595781125304226 -0.01448295839236284
-0.008287296569413048 -0.01030599000952179 -0.02194148505600861
-0.01551945451425433 0.001115954369084749 0.02265839371043738
-0.005509142740586908 -0.02113561526565376 0.01575596195405768
0.003474796470228334 0.02789718163389397 -0.03059294968948856
-0.02188491342546931 -0.01749848625909753 0.022644440388202
-0.02866302001498425 -0.02379562368668209 0.02251979913346057
0.03447267343914269 -0.009057801577523629 0.01917262699932132
0.007943718017163615 -0.007449542487503781 -0.03955153485001902
-0.01115577632997762 0.01624793208260623 0.0003329013041986273
-0.0115306487440969 -0.03575302588951677 0.02189631369630947
0.01118757209287913 0.02015017387944919 -0.002080849641444954
-0.03023046000760908 0.02754094570112355 0.01391010463512089
0.008845824379954265 -0.03625477225367413 0.01850483345153687
0.02609824254678249 -0.03143405089996163 0.002543659068479445
-0.02287982825184008 0.03592603545121702 0.008696757769892777
-0.01022106201918552 -0.01170930277904176 0.01025596200219737
-0.0376512484920324 -0.0191245649618609 0.01025064163009554
-0.008394591189777091 0.00123551659379504 -0.04231505730713447
-0.004533125207003609 0.002105632962434148 -0.03669078749203378
0.01997493336990645 -0.0002296981762481697 0.02167013520803191
-0.02641059749223357 0.02624365551955567 0.007285646034939161
-0.0008571346663113827 0.02727862941131188 -0.006896044504423399
-0.02525733215467264 0.006352903509072147 0.02628916634311225
0.01517014604030559 -0.01213675124742854 -0.001795075790766639
-0.004696119823338883 0.0328112254989938 -0.01463042387538604
-0.008251593119249707 0.00704343724331598 0.02495364801867178
-0.008434531740824733 0.008855998236220334 0.009203933114681935
0.009444468803134171 0.03924220545003828 -0.006699318794742116
0.01639850399390878 -0.02219026414540687 0.01278990815153433
0.0007007335845830845 -0.01174977350136644 -0.04113327761450688
0.009139287416542467 -0.003482543232088262 -0.0132633702870472
-0.006490611521063202 0.004851580490048247 0.03464167816554042
0.01475910093140753 0.005621062013476551 0.0002684915363706983
0.005584196458657328 0.01167574715258896 0.03989021145014927
-0.00461514688592146 -0.02466611292806426 -0.02384176754897075
0.021306799131185 0.0345573930318109 -0.005171428107622248
0.03925005634229182 0.01091434238543767 0.001948446019170817
-0.01216027678578972 0.03978303794804865 0.01214836013508847
-0.00131068615475413 -0.02079862647424178 0.03289746077680811
-0.02276252874615154 0.01406920608679622 -0.0344880658980469
0.007841602565585092 -0.03197540721867687 -0.005459470194604195
-0.0147815515616783 0.03962500279868697 -0.009225819487606313
-0.004009784610849251 -0.001503633231625628 0.02598003803786178
-0.0155742274564313 -0.01698500124883566 0.007932698389085642
-0.004277320539826627 -0.004935413479685584 -0.02515307920474508
-0.002275504781713557 0.01915258068489855 0.03873490961474334
-0.02661601668876569 -0.007707903350467774 -0.002304831857575093
0.03358170270386789 0.01543776705929843 -0.0159593633898586
-0.00561609292185074 -0.03228177541551362 0.01170533714965508
-0.003387323450904749 -0.0104055555738621 -0.005976943960523119
-0.0156143862100302 -0.004224253354034623 0.01191790489398299
-0.009643153982029916 0.01725822498872604 -0.01050713629584226
-0.004144863308598225 0.01403582300900052 -0.01265967189589422
-0.04047186523037456 0.01539494982186649 0.003275549002708988
-0.0171956829722754 0.01062261060376428 0.0383992170256198
-0.02005192322054688 0.006497175887658679 0.003974395559076581
0.0007534620557453505 0.02361046273766991 -0.02307247199280726
-0.007646613850452526 -0.02505184663966099 0.02456788676691111
-0.02346216127464047 0.01645889115124857 0.03287281191705518
-0.0200901973946289 0.01493463774534601 -0.01408579462769208
-0.02944090286716408 -0.01325554876688215 0.0156272501655093
-0.03918531979736123 0.01693011870561641 -0.008619784657484074
-0.002767064536332121 -0.01933614436527666 0.02657795506405678
0.001987974320839486 -0.0006346376555818435 -0.03380953021177625
0.01933609693053908 0.0122892965831937 -0.01838751620165675
0.00215054614190211 0.00432119770820253 0.03341729172221946
-0.03534564559255631 -0.0251856297652487 0.004711796562059292
-0.03501685750466193 -0.01916633559753467 -0.01702170721802395
-0.02369952092794978 -0.005868089235277004 -0.02784398571858508
-0.01766387939316811 -0.008700770443011527 0.03123536279352154
-0.0322544297535795 -0.01319126740955478 0.006135080208327605
0.001266406821933428 0.01169741278258868 0.02483710095572027
-0.0195589140560317 0.02602419827980368 0.01396844054319014
-0.01303620866827838 -0.02542305354742442 -0.03286396631220492
-0.03607541095834077 0.003239728244691934 0.02463172998372945
-0.02237999791321561 -0.004012020384404185 0.02480188388457936
0.0131592735562088 -0.01083747197999296 0.02490070423459566
-0.0400284863987465 -0.006834014011829942 -0.01529001733933524
0.01671394501220037 -0.02542418300318108 0.02744115562821549
0.003789193515287288 0.005923263549953644 0.01249041855556606
-0.01429204781568079 -0.02217864090448112 0.03443186295809505
-0.01270958572852018 -0.02391601194221872 -0.008181021662175304
-0.02678263305625094 -0.03449926684371026 -0.005271337342336839
0.002973724345930186 -0.03434224374021769 -0.02435094480113679
0.02146907708774488 -0.009999417254477614 -0.01344671319931729
-0.02761418280039643 -0.02131041703201572 0.01132876979950842
-0.03675935811290593 0.02378450322059603 0.002550021166580546
-0.01238552965438529 -0.008430402610455082 -0.04180670505859854
-0.006967179902263761 0.02307885362411039 -0.01723105436745075
-0.03492216195959249 -0.02526827352461826 -0.00649123511552945
-0.02276182544541764 0.0172471691377916 -0.006429924971657574
-0.03397104895107153 0.01123613848234765 0.002029612645537938
-0.02303089040080271 0.03614968936011956 -0.007321955840335541
-0.02077957949841745 -0.002842528491956446 -0.01888432969783505
-0.0259586953606152 0.02496651260909359 -0.00196517195076905
-0.007401369311376072 0.01808878731178025 -0.0291596221774873
-0.009304104436839248 -0.02161209844060557 0.005107509527094191
0.01560884877756492 0.008604329716248483 -0.03656670428561987
-0.008570367354993407 0.02123952006196607 0.02655166133144775
-0.00344526153851127 0.01711695145340235 0.02814644851495191
0.00165027349543378 -0.004044085921597917 -0.01915113423575786
-0.01658492579775272 0.03291873203823065 0.002560607261602253
-0.03137456348239045 0.009959034204028366 -0.01563467583348967
-0.01556161044685201 -0.0231180783301777 -0.02316386997416702
0.02327762065964047 0.03012088412695658 -0.01355531885102738
-0.01064430918172315 0.006477956419138672 0.01888633367967963
-0.01606054668235085 -0.01318836180888361 0.0236050392077734
0.0003316735728330663 -0.04280259821929944 -0.001852781032442416
0.007508226577117808 0.01210980478605755 0.005368672286718809
-0.002845205967681226 -0.02687126119362615 0.01410623539725053
-0.03956773876764547 0.01322950464713412 0.009373932229651237
-0.006771455860068956 0.001669407768290093 0.007280295129150115
-0.03425740736102165 0.01979756327176815 -0.01894030587577145
0.02224759309844747 -0.008894099546294193 0.01911305304947793
0.01126135843409025 0.005804015603409285 -0.02708030931543602
-0.01484764660936602 -0.001347694739642845 0.03359897156092183
-0.03995150097739489 -0.01689269997052284 -0.001554451621098445
-0.01274872496023956 -0.04058245913056617 0.0105975938312412
-0.04132500651030691 0.01077049890632661 -0.008475743248730846
-0.01725566994505964 0.02347832834355305 0.002784860824453964
-0.02158083528271113 -0.01421341220521074 -0.02315535742303063
-0.01545817491979339 0.02474888609699888 0.01972589278789989
-0.01227473372010988 0.0194145260542678 -0.0373642247005153
0.01205958294651881 -0.008526974955418497 -0.03133967511660919
0.02603711384436208 -0.01463562653563706 0.004263261959807491
-0.03345019450007791 -0.009349902200246691 0.02652835351395297
0.03990512318688189 -0.002130392918646588 0.002329581301058014
0.009953772515545717 -0.01944112667913734 0.02534616284625277
0.02992640893418264 0.008661929592070653 0.02649108644062539
-0.002898288851983884 0.03367772977913358 -0.002435769093473523
-0.0312091405241488 0.0173700117783097 0.02525662224786659
0.002199714870278277 -0.01495658014481582 0.01345129610412456
0.01638822980562068 0.01731149887455823 -0.03383955172999786
-0.02841366499589773 0.02721332908514432 -0.01915252336637116
0.02068346528226214 -0.00278239975978991 -0.0346797667540943
0.006765498493809176 0.03145112104607498 -0.002179923545440351
-0.03219034830162912 -0.001685403279649414 -0.01794472761034644
-0.005945571668070023 0.03987762218380883 -0.01694029027930442
-0.004790069897911265 0.004328580854824573 -0.02776234049639146
-0.01030185537920756 -0.04153708394914334 -0.01014061979701645
-0.01695518572521119 0.003656861104843802 -0.03224471142617923
-0.01130427165982815 -0.03110196477508805 0.01452720930170294
0.02269826646507584 0.01803946054886493 0.002356539018394642
-0.02653855326363318 -0.01313076689098283 -0.03217389712725856
0.03743525594164167 0.001173743330932313 0.01701835905173124
-0.02221616397463264 -0.0245967270191156 -0.0285405988191843
-0.02195623513268713 0.02593277190106176 -0.007763889608773149
-0.02825999584790755 0.009259895128574995 0.03205350525090413
-0.03440556446458947 0.02292169556121487 0.01528318620127604
-0.0199645251763466 0.03102316672875358 0.02308772571634929
-0.01203673629089149 0.01294373099268585 -0.04044311506468444
-0.007097973572855897 0.03134531638083329 0.02953510250111138
-0.003929556812980526 -0.01506675909787741 3.811975155611365e-05
-0.02626420982990885 0.0299622450594632 0.01836577091893893
-0.01772465858071786 0.001061337999619129 -0.007420182248099451
-0.01125585192764243 -0.006446437080318307 0.04166224564847561
-0.01656847719708215 0.02899948500935417 0.02883492194628192
0.001292331713465859 -0.03238536398305556 0.02703458693842697
0.0123069552042454 0.02715228978799913 0.00339555436363466
-0.005444701401229239 0.03480433795500829 -0.008591015836640861
-0.009320517652613195 -0.0001254426676370931 -0.002783261371383125
-0.02975064861385748 -0.01450827923053826 -0.006248722654844909
-0.01177966130634307 -0.004550559608499477 0.02120115802706712
-0.01357977967792959 0.03224969760018637 -0.008116895193957283
0.003232320183287447 0.04073927242416553 -0.01294130512388003
-0.03362045585161112 -0.008545016749498775 -0.01291140640624128
0.02690619194767709 0.01267695407562577 -0.005682384628483811
-0.01367769514964631 0.00473735716265509 -0.0415275912783965
-0.007727040100348637 0.0271520705925228 -0.03385710911460204
-0.01283347597527443 -0.01565250883278129 -0.03091843845487775
-0.01910859092733399 0.02177595946571716 0.03260700218615876
0.009750565429784324 0.03836480833664485 0.008598658249903125
-0.01885480971987432 0.0140010975625045 -0.02501178789569389
-0.0274698735637414 -0.002983588944502603 -0.009491483110807365
-0.04069749837061562 0.006127142251572359 -0.01553149533158325
-0.01493360824089279 -0.0120045609277624 0.03944727557025773
-0.02951204141501204 0.002360963367221482 -0.02225027866497588
-0.03079704936156716 -0.02792191794588192 -0.01500249884841755
-0.004287728773384362 -0.02704614721499926 -0.0004014294419855233
-0.001815773394574653 -0.04077451522555353 0.01584919731957212
-0.02187957474206957 -0.02334061275984003 0.01668278296150925
0.03070477839967099 0.02699643007703625 0.00537134045890407
0.03533514974267026 -0.01802831283154772 0.009687948419400754
-0.02739777183899984 0.008716746224716736 -0.009573533781037657
0.001796498020000344 -0.0007000531978312153 0.01973812231315158
-0.01234007836643675 0.03609140185622307 0.02207679436774306
-0.002768101492806541 -0.00608018940742481 0.01257406249939369
0.004191947749491554 -0.02314688713304206 0.01559887491130448
-0.02138360277371335 0.03368950819172174 -0.01787347417344643
-0.01048102384422898 -0.04309886098720356 -0.000300173285175844
-0.0297604281409842 0.03203718489493822 -0.0007778220847096914
-0.03543160195257351 0.01223688083098326 0.02257351410755654
-0.01113894805126641 -0.02439523321361682 0.01322004198061896
0.03082514034531936 -0.01599347950634281 -0.02080518271454728
-0.006384017012633721 0.01646270124871316 -0.04017263614865535
-0.02159633974772993 0.002856932699718299 -0.01423033555007817
-0.02758404597889499 0.01299085232684549 0.01551820157961615
-0.02865714316209667 0.01554709151525501 7.990741855294636e-05
0.0001484539374781363 0.01175847429474803 0.01613948516350466
0.02669194852199665 -0.004870710230834572 -0.008157420868081529
-0.006667394688614835 -0.008674903787649769 0.03497993189221138
0.01585521154168266 0.02399109580186201 -0.00846931673716287
-0.02426318529454825 0.002016369757397938 0.00529257735988463
-0.03354975376248045 -0.004736210429635501 -0.02802932205245905
-0.03749830487581331 0.003388822515754902 0.002210767779444305
0.03272980314564919 0.01738503546845556 0.01833928007354325
-0.02706945608423083 0.02413313597080632 0.02511734107430341
0.01712260978679177 -0.02818987351704379 0.005010203555278136
6.200468521363458e-06 -0.00823760236704691 -0.02835293365800868
-0.02626278377848479 -0.009135328282501918 0.02452768747069778
-0.003359140389224558 -0.03052909951818019 -0.01019011167688541
-0.03014833608082093 0.01884284743522422 -0.02358883716566458
-0.01454424416903054 0.006251587542071918 -0.02360067573221699
0.01493087548977154 -0.02339092392492121 -0.01715034342682303
0.02984157767180236 -0.008659975370107386 -0.02687003730215422
-0.01682859194468543 0.01683282174781833 -0.002264351840407435
-0.03839285593360883 -0.01460150215925024 0.01616143010422567
0.00910138292627915 0.01650791346438614 -0.009720536724797176
-0.02997112699467284 0.006124382683707107 -0.03136934851848975
0.009463767644626944 0.01735672627341463 0.0258028035036742
0.03159837247817871 0.006531333028100706 0.0006448356995998963
0.01349081628337997 -0.01609616554456617 0.006524878040538619
-0.02036381967520784 -0.01062012961271277 -0.03762539239378335
-0.02769011947527749 -0.03243237286317941 -0.01217719186017392
-0.02433511382780448 -0.01346700256184286 -0.01561034333205387
-0.02694165974974771 -0.002515022522368903 0.03480312851385464
0.001086415181215604 -0.003535601946326384 -0.04130549658017892
0.009373224675120822 -0.03752915832919634 0.01016068407453297
-0.006869778249945272 0.001403077675380323 0.01349231640306374
-0.001995576680917716 0.0325468084709955 0.01964286137981098
-0.01123946021924647 0.04218035555679525 0.006511791760927098
0.006545543325646304 0.03267362522020324 -0.0152646864488669
-0.02362463856686903 0.008202433313745155 0.03604313220578927
-0.0138787456140656 -0.001457703390657341 -0.04122934973476416
-0.01058023760240964 -0.01875567558563966 0.03813834197678606
0.02913411439754993 -0.02580628633809539 -0.01397933406934235
-0.02086985196088765 -0.02587447973592944 0.001669992598682063
-0.01965936869493157 -0.02636707601073938 -0.01738171491017916
0.008855840357467892 -0.02947833594077835 0.01277806413282714
-0.006701173020459299 0.005640951098652723 -0.01409316427853289
-0.001749370276098461 -0.009124892339746433 0.01786975361157421
0.0332052197021882 0.005230513971943092 -0.02285887636938767
-0.009629797706663529 -0.02765023120684823 -0.02178618989327962
0.007761542292887362 -4.799229131470953e-05 0.0001531127804932855
0.0169834719271497 0.02276457856850608 0.01216543329575902
0.004001859891013682 -0.02290471613263608 -0.03528086849874656
-0.006099715407121061 -0.008962179279252665 0.004530955017869367
-0.03767374190915188 -0.01940733107725428 -0.01142592125927242
-0.002887723723817411 -0.02669314322328236 0.03465911593753926
-0.01541965653619128 0.03703940850076041 -0.01743641197815919
-0.03087518638182351 0.02121761805918812 -0.0009110132969731921
-0.02205535305808581 0.01176962789094556 -0.009172193642088777
-0.004029626792351283 -0.01001858912956209 -0.01709226310088507
-0.01520419007232834 0.02075770708311171 0.01343989160896688
0.03074580211442313 -0.02532894456431673 0.01267858907912127
-0.00892673470042489 -0.01155380318832834 -0.00938801707313628
-0.007224751964262628 -0.0351897465981539 0.0001959903493075048
-0.02676471814020985 0.002233245312656413 -0.03491006772377589
-0.02044304362838689 0.03014137853322322 -0.002637697435362245
-0.01297580290391671 0.01634063908458064 0.03919520335432469
-0.01565626034813743 0.04117680016086478 -0.003324713586631385
-0.02062901172801622 -0.03108024438482356 -0.0239354390385856
-0.02789772275732633 -0.02331531623994041 -0.02563660563193437
-0.02096528943776779 -0.03853558258606571 -0.005949904594368621
0.02639981760347131 0.0006797329688821999 0.0315258134551995
-0.01513455873809283 -0.01212069292851911 -0.01925259502735934
-0.008944617835064474 -0.002534929508604 0.03472099034572949
-0.03629634751245365 0.008188737406663434 -0.006122653573424853
-0.01512844282347665 -0.00981800300846003 -0.002746454526315091
-0.01644594004884783 -0.03538333085320226 -0.02110090231583599
-0.0186829582450074 -0.03751797226003864 -0.01461665367823834
-0.04316218090807334 0.004711640865491329 0.007122768513454321
-0.02855526600199773 -0.00918832091605808 0.003358004708499947
0.0153893379545042 0.009029749691425155 0.007874403115955234
-0.02647101391154288 -0.02989228819587061 -0.01889689804445248
-0.004265396681296994 0.02283239747403613 0.01978604351111633
-0.01105604209134578 0.01824879544455575 -0.02098406628521983
-0.005962767376890771 0.00708129196747434 0.04327862796783551
0.003517983602051573 0.01564477758182692 -0.02908822157534965
-0.01349210170083358 -0.01584325318856342 -0.03947322228505892
0.01891457657034854 -0.03657628285864169 0.006390553810208694
-0.01521401233215714 0.01262095266704227 0.02987027699730945
0.02018000373466471 0.01196256026264537 0.0213554762682786
-0.005960435443062161 0.01895360238910025 0.00200175168088431
-0.02547423330871321 -0.01673635896136613 0.03236502961540152
0.02950558661814646 0.02177699280747834 -0.02018943983679262
-0.04412010768875784 -0.005030502779327565 0.0003659316064719895
-0.03649286256985197 -0.006837971143073567 -0.003952936023056504
0.004565546112909028 -0.02726775107899796 0.03209135526953893
-0.01935307542489303 0.008229560254579937 -0.01642725009460681
-0.02699317828870071 0.03305442164509532 -0.01119206566459126
-0.03576482086232593 0.005562658263174813 0.007898068564900515
0.009938460459616341 -0.002862138519361224 0.01183131503254344
-0.04157647836545116 -0.01256125690946117 0.009165857441875451
-0.005478013405444892 -0.02981125713606781 -0.03222553216193112
-0.02250152292681121 -0.002920664499613722 -0.03784600983410687
-0.02719854855032714 0.01101976033225195 -0.02067040889343023
0.03498742489745307 0.01989410957620488 -0.007947908143824052
0.01752103843760751 0.007668041203345582 -0.007439492899123218
-0.04179406730590321 0.0008447643386530579 0.01534782084730731
-0.01406534520393379 0.0145796348581944 -0.0136469993643215
-0.01231300563297778 -0.02873264824042562 -0.004543982132936518
0.04088072029678758 0.004494957826741825 -0.003963720418842451
-0.001866156451577038 0.0167946727337305 0.01066356420893052
0.03189110821611137 -0.003177204673730225 0.005246291562535794
-0.0219829245107597 -0.02006410598368082 -0.02456732621307793
-0.01671605763342716 -0.01691198323674536 0.02830056990531898
-0.007665031444521179 -0.03316998442889271 -0.01547986221892136
-0.02700767274915222 -0.008477307517295129 0.03396376032574063
0.01491000171710676 0.02728788816596491 -0.02857239656425642
-0.02666300450376755 -0.02144032483586885 0.02770034841263394
0.01659306847261601 -0.01429338233020776 -0.02167990061926058
-0.04396946672737237 -0.004669366926338831 -0.006206731136540293
-0.008183886515542634 -0.0191247871304389 0.02918362782654672
-0.01059612927165451 -0.01611226235019868 0.01762236053304495
0.001279024940213319 -0.004912162934229262 -0.004369598464169864
-0.005305922645333071 -0.01467690368740476 -0.02478598435215965
-0.02088471840283209 -0.03517940088975777 0.01647170271945839
-0.00707367504222035 -0.01489489587585803 -0.03243897633684277
-0.01109948792061803 0.01236150768411113 -0.02215923683250421
0.01004407488263845 0.03172303261907973 0.0261756638379446
0.01751924072383389 -0.008809059654453791 0.03664472799805561
-0.01375095996903659 -0.01568394338891874 -0.004183390648340274
-0.02356353242640387 0.002164493244031929 -0.0206439937677412
-0.02205427760535197 1.236606467211996e-05 0.03867260362034496
-0.0106772072447672 -0.01292769848183114 0.03367317538065027
-0.01196592699604859 -0.01000010346274264 -0.02913850241563414
0.03662878864417532 0.009736802338983259 0.01757328291352405
0.01386858051744908 -0.002782068851589234 0.02836591382509135
-0.004838338470625318 -0.004089678103087837 -1.987380993404919e-05
-0.02731020178792446 -0.01628727283680466 0.004806740487188231
-0.02194514454519423 0.02067271413763832 -0.01777407343856772
0.01471203432175802 -0.02050078183116359 -0.03384999090039054
-0.01444712016393379 0.01240417097643118 -0.03250782515684077
-0.01517365599086475 0.02060452299209084 -0.01001842598284911
-0.02854574960408984 0.01492804699557151 0.03005796381056596
-0.02347515422501422 -0.02896104569310584 -0.006652292935591005
-0.01159951949897348 0.01297487098993663 -0.00639614341778114
-0.01484518738869234 0.03085666444988837 -0.01377661392998687
0.01580035625592976 -0.0003956095727017019 0.005662114489481054
-0.02330349497448788 0.01013775174178683 -0.027967295555112
-0.01281007800682148 0.02887089730424464 -0.03139482039991058
-0.02677876241010547 0.003710572295225672 0.01126381896879797
0.000563644644578371 0.03039839227035233 -0.02117473108624392
-0.001211404635115022 0.0431873410479604 0.005780859250967147
0.008997374724004033 0.02256422285733665 -0.03394026080435057
-0.03040337013024674 0.01037722522888235 0.02003531074766332
-0.03122756455660073 -0.01511598608378561 -0.02818147025162191
-0.01295511719836954 -0.03009386908365179 -0.01570068812727023
0.01303829770962862 0.009027409603413382 0.03706125638249558
-0.03078046249071558 -0.0002086841710322808 0.01779443578593514
-0.02794513650693999 0.01209258488029052 -0.03242452877427503
-0.01602389684107508 0.0234644926125588 -0.03376458921486052
-0.02567523978502241 0.0004773305559111537 0.02678406370994971
-0.01339518231957898 -0.00216035577076656 0.02709601531792489
-0.02649686193675357 -0.02639304387129501 -0.002271760482343022
0.007167648282174432 0.02014755483624457 -0.01998155975618124
-0.006093832629037803 -0.008293817557336124 -0.03529818545024538
0.01258387169857964 -0.03916738809897562 -0.004617538229746398
-0.04368519803367121 0.001540722239027832 -0.006038500333764493
-0.006284307138713793 -0.007271188245804107 0.02247729959786987
-0.004298457244110016 -0.03128206948621803 0.03053753830282908
-0.02831407271875239 -0.01111713168887195 -0.01112495960976316
-0.01142626281511194 -0.002023019098850954 0.008393551530266842
-0.003254152643881142 -0.03658574301158923 -0.005757301967884774
-0.01852958947723792 0.0133047130535105 0.015827332036777
-0.01140464815461476 -0.02263136140263222 -0.02731899942724126
-0.02956193264340457 -0.004881098342281447 -0.03238031606121691
-0.02450376369671245 0.01212852608421904 0.02537233422301687
-0.01531634221822918 0.004169921690070902 0.04127755099332348
-0.01164125249893025 0.03453368668720225 -0.003040628757464257
-0.02665280965926077 -0.008063626308526608 0.01558418359625405
-0.01971529652176032 0.03055017611961074 0.008527308018899801
-0.03618421367615735 0.02463232971390082 -0.008877751846811765
0.01961027433093769 0.00442090639293155 -0.02159967160526906
-0.007118330791916602 0.01384259001510423 0.03319732946959547
-0.03863079433260134 -0.02075968534156662 -0.00578345122164835
-0.00930190349627075 0.02625376589607972 0.02146460673449952
-0.005493109893296115 0.009658057061570302 -0.007874950357963307
-0.01336201962779566 0.0005155517943074587 -0.01640827494039708
-0.01593744335464643 -0.03147057516613588 0.0181228295325857
-0.04381399532838266 -0.0009851364947440081 0.00839885459108901
-0.004393986872722607 0.01744091657198718 -0.007883022361705887
-0.01929200070553766 0.03789329874519448 0.01353309293762162
-0.02138033728609319 0.007704193821100117 -0.03842817393744148
-0.02029591577434973 0.02051759004391236 0.023640983523833
-0.01679142114830867 -0.0215220218404214 -0.0351996020796379
-0.03510092551054343 -0.009783768498192352 -0.02538782460047169
-0.01639786532474163 -0.04139937830562754 -0.003633315103986755
-0.0007585035493773967 0.0005231874640942375 -0.007795615517744541
-0.00503053635892268 -0.02414369064992618 -0.01801956146983796
0.02521614369679429 -0.03163217770622499 0.01103939232880693
-0.01035207256474353 0.01037364904886046 0.0145244358409685
-0.03330739886401451 0.006599370216176884 0.02867200390483222
-4.285351384804943e-05 0.006003399837943772 0.04402786913740368
-0.03835770993303519 0.0197871312275006 0.006515127040995675
-0.009854141001928191 -0.005974212155251324 -0.002374042080395999
0.02720048336206763 0.008038544381593359 -0.03089231700683372
-0.01570748390387613 -0.001755577159876251 0.002512596876209274
-0.008501871349991622 0.008558709850998485 -0.002192983553183173
0.01676652337660845 -0.03143639049425181 0.02157569086415223
0.003664722498559004 -0.003338569901639354 0.0319530602989733
-0.01116457120801735 -0.03468840959693072 -0.009790264066034088
0.01956106204766017 -0.006487883075381414 -0.02082834923446523
-0.01793234187563518 0.003355322246744248 0.01063021622025474
-0.02987023205824772 -0.03025356271279425 0.01289223280633856
-0.00440926321251332 -0.04159590278030903 -0.01468148331698864
-0.02600640368859065 0.03617317060403177 -0.002342646452299845
-0.001611717323618183 -0.04303897267741064 -0.009028891134149869
-0.03638738906444944 0.002428122754082156 -0.005248741157798574
0.01003247336126847 0.01056216710385936 0.01337278881508159
-0.01471194285944272 0.03805886916496779 0.01713148410195723
-0.02758966649660361 0.009475795816898131 0.009993413126879366
-0.02283209544661456 0.01220706774863592 0.007097211256960684
-0.005238145876547281 0.01210963266460321 0.001739892445799681
-0.01979786307504172 -0.01340201927145542 0.005177874658993107
-0.01720887493294065 0.01443708227463395 -0.03823563208689626
0.01444423141088391 -0.009414532778088746 0.01696071617711503
-0.03418700900920746 0.01380627843365492 0.00724260017248098
-0.01462352382783313 0.03513748713379145 -0.02355230178417658
-0.009167469325631205 -0.04335643290077991 0.005967611075395562
0.005764655591125674 0.01064665294031214 -0.04076110528510088
-0.02490480200955304 -0.01605838147182375 -0.003441608660946749
0.02429564944149887 0.01498429189878 0.03015125556851812
-0.008275135204108993 0.02485302617660968 0.03596082480214908
-0.01925819669517295 0.03105010895957676 -0.008247586900186711
-0.03259479677100187 -0.02369252168739876 0.01825233275505371
0.01814427360427298 -0.02851888181100683 -0.0250661289302243
0.001287945932870034 -0.01739803486465454 -0.009909487046227348
-0.00139367967109637 0.01353872570913239 0.04185948008840562
-0.0193147089738562 -0.02701973235719425 -0.01163269433374808
-0.02343630657112001 0.01791991274681952 -0.0007187315149196718
0.01999419454625094 -0.009285892571716964 0.004018494461648467
-0.0409597724852928 -0.01489936522671733 -0.009816963873056059
-0.01954863494978938 -0.01976522530003558 -0.01323155310873216
-0.009936619622209481 0.04147823020950091 -0.01197426658405083
-0.02606661404107462 -0.03121233264540122 0.01771236061683107
-0.03109288077581407 0.01994474402333572 0.007314191819212354
-0.03002296038770633 -0.01609868708936073 0.01062326715566656
-0.03373138909648864 0.01523304659185149 -0.01534366178576065
-0.007933794467828527 -0.002211855538529008 0.04401793649449536
-0.006150346939875523 -0.0381491680003067 0.02229083835479885
-0.02747608064468929 -0.02009436889958665 -0.01022813573204781
-0.04306089603701185 0.01077393393129472 0.0002756951115546591
-0.002638088959421127 -0.02883774374341951 -0.01566160876855609
-0.01123985069096638 -0.01630799746389956 -0.01849366796046555
0.01414033731269446 -0.007932934463815997 -0.008303160305219234
-0.01300535833826158 -0.03481349687685973 0.002715081158886841
-0.02254786766830467 0.010518858380772 0.0001292688485773938
-0.003249795799613372 0.01928063838497484 -0.01945474058523598
-0.03247374669346042 -0.03000076902601468 0.006102473612939583
-0.02743583777513133 0.02229728350612105 -0.01212323140822726
-0.01734495533380653 0.04055592295538985 0.007624926185894016
-0.01403150350623921 0.03211786542352946 0.01370520505653361
-0.02389568963414176 -0.002411197238498745 -0.01396455996884906
-0.007969497941157155 -0.01778416829115924 -0.04004217269370855
-0.009655151407765071 0.0265527448404937 -0.02578804340624795
-0.02508082735459841 0.02520995256422211 0.01535185603336434
-0.00707114697609135 0.04114915855375845 0.01468545942986449
-0.01320740515665181 0.00446511897904907 0.03474154017312845
-0.004025764376362252 0.02794464704557928 -0.01164560418271894
-0.0124681832202243 -0.0217850501695707 0.0221939542315145
0.01905658324342134 -0.0358630638773688 -0.01223024881992303
0.0008173460373374756 0.02129649321866556 -0.009128996430279042
-0.03298347071151995 0.02488336014166337 -0.01627481264487244
0.008582005798050034 0.02495029463662655 0.01330500072749878
-0.001875225112704829 0.02590644545215891 -0.0357573554677519
0.03416326092179853 -0.02409356473579705 -0.006242208426885179
-0.03153234623739173 0.03021009044760379 0.008888481485750343
-0.00439146367757483 -0.03141556316261664 0.01723573921056598
-0.022057862504042 0.008357985499801605 0.0158660539487422
-0.011618815543324 -0.03333179663105034 0.02711232083510067
0.0008699657601166252 -0.04215742070673985 0.009361595809039143
0.0003344892426722043 0.03033540532300162 0.002226773147332276
0.005982563955921048 -0.01213924748085807 -0.01031891494107412
-0.01075702206477414 0.0288595017502262 0.002532935709165901
-0.009746117610834996 0.02548637038356648 -0.002326649734238745
-0.03933014378040296 -0.02097012746934691 0.00340463590975028
0.01374704471953888 -0.02838649244065874 -0.001959236453480734
-0.003185756251409481 0.001855753512532974 0.01783173673655829
0.005743423085377601 0.009385500421113272 -0.009967234350154716
-0.01986654962361969 -0.009152371430157019 0.03893634856904259
0.008978356855488947 0.01765811681525726 0.03578749057506005
-0.03849210849056281 -0.01138511365554048 -0.01982792487594976
0.008048902670188856 -0.01203153911740485 0.009989107292664258
0.01773910744266706 -0.01290404316878111 -0.03567370568200166
0.0006247547423163854 0.02659150575163269 0.01759138671278696
-0.00475566515546756 0.0107455580822095 -0.03533280121800141
-0.01316563267378762 -0.00698169450866932 0.01624883530769822
-0.02105442823392887 0.03947380806492586 -0.002689394959583241
0.0257489193466788 -0.02476670250509315 -0.0220917222780589
-0.0270694148911126 0.0158309618583209 0.02168583359317454
-0.005592410445284095 0.001255391820949202 0.001741429730622233
-0.006587717598300008 0.01476958269385979 -0.02462550440125245
-0.01263911376515497 0.006063976068090031 -0.01344267647325912
-0.01798171047650475 -0.01612247429054973 -0.0271081544579942
-0.003999154946850938 0.03724866437628836 0.001836332557120677
-0.03919160039805851 -0.004296694348331711 0.02127151555335299
0.03784581576139387 -0.0172606758326188 -0.002913218445831378
-0.01687887353093072 0.002330271035807544 0.01728720251890189
0.003530975737325629 -0.02307289656511837 0.02459762252613472
-0.02903808885138982 -0.004256760935469938 0.02371939365016369
-0.01175922192326229 0.03360642542405685 0.02716868029331695
-0.02127054444029283 -0.001107512664227256 0.001626835628070369
-0.01584677303199968 0.02102220817058202 -0.02784437714525147
0.006611007963896035 0.006547320170353702 -0.03412815780700226
-0.01357665632541641 0.02274573044365947 0.00804204850505213
-0.04057030188414916 0.01863674245705555 -0.001371349204887377
-0.003355004087043595 -0.003402982871673585 -0.03610628153778923
-0.02880656854729903 -0.01951673487957186 0.01878358915523672
-0.005371440814400815 0.01826655536932572 0.02294724681530805
-0.02010902746619272 0.008562603641214481 0.02548079877510182
-0.0176288192625355 -0.02083431076682685 0.02431269933169634
-0.01499286136904897 -0.006905894069578025 -0.01340309185712938
-0.002694082756504364 -0.01574636463307301 0.005518256494998198
-0.004818004353193851 -0.007960044159189999 -0.0108734697427433
-0.03244054671700569 -0.01971679609078821 -0.02343416775026404
-0.01553020404066413 -0.001680196217537669 -0.03343972557614943
-0.03923146426728084 0.01634768298800801 -0.01418128562335678
-0.008428693413133825 0.02351798922917562 0.01560251352448123
-0.01978730209277494 -0.03833104323550086 0.01170487011932046
-0.01068564002288247 0.0111784505459084 0.002893719319511138
-0.03653507128532352 0.002724436523815653 -0.01380841355308854
-0.009923298046035072 0.02511565302188041 -0.00870044195358478
-0.01817946173572741 0.01224283094595451 0.01029401195592604
0.0289434007308043 0.00973599163040793 0.007476805286122368
0.001096116526461727 -0.01871903596070929 -0.001831171562666865
-0.03909184295143484 -0.004586431515380313 -0.02163041382929856
-0.03267859788011569 -0.02011651365925107 -0.006902430978123877
0.03387386002644721 0.02272973621266418 0.01168212669086102
-0.02740879175311657 0.0151946827304465 -0.01689727617930616
-0.01010650776342599 -0.04086367365992678 -0.01572957977774284
-0.002287336059352238 -0.03735076805289074 -0.02333788275960855
-0.03689478875722618 0.01055957477546091 -0.02249051450088302
-0.02591538526400791 -0.02870031815454661 0.02274455213903194
-0.02374138073225692 0.03445967080968221 0.01607363545423738
-0.0160485397820925 -0.02043749140961876 -0.002251104823845297
-0.03856371986586387 -0.005463801364905452 0.001087391919239571
-0.0083941118707786 0.01970490519243985 0.03883236989007306
0.008087451406582132 -0.02401239067404754 -0.006441214700796528
-0.0308898686790585 0.009408198924368517 -0.005233651635298974
-0.01949533405371257 -0.01979757652184821 0.03531081038674286
0.001564102704613628 -0.03262839235145855 -0.006819714596090935
-0.03295300743358995 -0.004731709040263363 0.02978544420851535
0.01770809642517758 0.03733637918530135 0.009629129144905085
0.003105558620567809 0.01796896780790823 0.006733186591663282
-0.007771048422900407 -0.02248547743424676 -0.01020553513486012
-0.00694753336526082 -0.01077013363084114 0.02958496764006539
-0.01315296955520773 0.02467581798603878 0.02521659929258974
0.007454595505520774 -0.02897645275153074 0.005667829414015133
-0.03919931850364722 0.002347524843268432 0.02007399719952736
0.01340943562143683 0.01290461917551581 -0.02342704833339407
-0.02591835482374129 0.02100906200772899 -0.03004415078414139
-0.01175921634160059 -0.03952502113325622 0.01765781720372191
-0.007106641179860183 -0.009154882747994589 0.016276258509005
-0.002301704407433233 -0.02267950053051418 0.02110797437083704
0.02320953881060915 -0.01965574326247248 -0.001071377542411484
0.00675546415074213 0.03165283203842092 0.006280333789739196
0.0366775960138442 -0.01138222385218425 -0.01547701458887892
-0.02212379622659309 -0.03043358805907002 0.004614447718534151
-0.004512059680836517 0.01164751666418544 -0.042574387058168
0.02086116675768008 0.02322558268644902 -0.01655116683864648
-0.01175860581430395 0.01690956707003526 0.03301723764370333
-0.002766454643742314 0.01776003828667356 0.01805569986186564
-0.02073830577148865 0.02058686568260997 0.01398789310280743
0.02917968215609998 -0.007806161783004298 -0.001104566099578639
-0.03483116840660354 -0.001965451399685749 0.01179425027659581
-0.02207028858358571 0.0275375709979507 -0.02718882277194433
-0.002222034692759682 -0.005380687609719852 0.0355135396508627
-0.01945018461703524 -0.04011117408397713 0.004981107252683623
-0.03689425763450869 0.018243071415643 0.01718991854201082
-0.03301122611668921 -0.02014049779902807 0.02250123134435185
-0.02132407381783691 -0.01047229049446892 -0.01203240109486404
0.03122487859262347 -0.008151641291465232 0.02699035911215995
-0.02016002789932915 -0.01485696653786907 0.01798195969592422
-0.01703939370077633 0.01817941164170276 -0.01843591939293137
-0.00382053621352251 0.02256709421532661 0.02908017562037341
-0.001134769280594406 0.01980044313859205 0.0332267005061313
0.0001622736863222741 0.0245851188064047 0.03696840306026995
0.0131733707624291 0.03622003529181932 -0.01807908652221435
0.002752334481923795 0.01643655558651465 0.02946145616344007
-0.01345608446643013 -0.02210692085699372 0.008739845691244533
-0.02233305566932885 0.0177196364736107 0.007094853073557111
-0.008832246093478408 -0.02474123994173416 -0.03644434607363815
-0.006436663344140302 0.04442265625481684 -0.003286867238955765
-0.0414454078705896 -0.009681867042136839 0.01387501998825098
0.006570405240624562 -0.005787062798789247 0.02556173648856393
0.002349343754234127 0.03673038138573699 -0.02444708389116637
0.009881054637035917 0.003360398671273037 0.01592035496446188
-0.02411939744664745 -0.0268216885051845 0.01198454845433608
0.04033092750335474 -0.00214879881897968 -0.008741132538469188
-0.01752146323381742 -0.008336489783497256 0.01982092060347627
0.007904127919808821 -0.03746973375101669 -0.01956119932760217
-0.01143343895906467 0.03011458782097478 0.01814463518787826
0.002402970140189385 -0.001398308159952516 0.007705575083413068
0.02641051942701765 0.03022527282485732 0.01451661796060096
-0.01741425086566262 0.002791767853569899 -0.026796196035064
-0.008648643024154749 0.005202843703918177 -0.02357272409772813
0.017016685243264 0.0001158350761550058 -0.02800916575706919
-0.03351600825706028 0.0205238599440191 0.02149080955704801
-0.007872249291961075 0.000916837213736899 -0.01667828348483597
0.02069474283899249 -0.02442885810652108 -0.01075620050862271
-0.01204084016776737 0.04329783067123322 0.0002295551275205132
0.01131901670228741 0.02680349825528921 -0.01669923488098642
0.03562845706892467 -0.002969569327269321 -0.02207499555751063
-0.02304013210831602 -0.008221545972990057 0.03015729343554081
-0.007111835764829523 -0.0002690961518404267 -0.02582922481209805
-0.02941192536868516 -0.03385135822500959 -0.0003900867193549538
-0.01301567184406229 -0.03237839202242541 -0.02839858100018653
0.02435404105353777 0.02075362568706727 -0.00469028080676668
-0.005926596500162268 -0.01510528840073131 0.0107355783011943
-0.02179114415356196 0.01327906157873232 0.03701768850915521
0.008675563953212694 -0.01970856941425725 0.0007089574064016967
-0.02873478571949181 -0.001888712950717332 0.006415064290980043
0.02364034031802472 0.01662241813871842 -0.0304806920181862
-0.01071160828517046 0.0309846613688778 -0.01797874493643283
-0.002323523619935295 0.02303491533467134 0.001511230143557969
-0.0152647018924521 -0.01681792166695555 0.0141175330387797
-0.005434383226203301 0.002833492252971608 0.02901803095396204
-0.02258053495620281 -0.007094498640437503 -0.02183859558192063
-0.00957692374556523 -0.01800233766973608 -0.02392538223651665
-0.004099253085472007 0.01635200023752337 -0.03519700112833295
0.001464602132535984 0.003645497109741344 -0.02758160658661412
-0.01037962390602924 0.01842417364695271 0.01514929244598153
-0.02727076715558906 -0.01295242527540634 0.02064061043754294
-0.02235852127231297 0.02358089017180024 0.00475308382054769
0.02585037565009984 -0.03208158105274227 -0.01016240664542835
-0.02506250643874347 0.02903926556696001 0.02365236871989237
-0.03080671422420938 0.03116025346808441 -0.007761059792544462
0.01480890364533733 0.03398552237250382 0.02021002809926342
-0.04093766684165774 0.008496770305617702 0.01689593160100311
-0.004525517613725963 0.03842085453553565 -0.004601892459159571
-0.03156368973731487 -0.005405937941099432 -0.002087975996342469
-0.007169081639808474 -0.009685345894757776 0.04349057527593356
-0.01234127894476839 0.01734189623024726 0.02386166751049336
-0.01236503537251642 -0.02505059089173006 -0.0005188276972721709
0.02311861716434771 0.01470193001369065 -0.01210114449934172
-0.003247907023524547 -0.02256838382088022 -0.003338633008496226
-0.01237075706227541 -0.009237120460818123 0.03003071563178379
-0.01541362809610725 -0.0336720275480389 0.009856831230728324
-0.02154838043264126 0.0001156228072864713 0.03324328639424837
0.02428778452434123 -0.02293778762063274 0.02596832425128829
0.02655263867583615 -0.01593781055881927 -0.02853069219658807
-0.01914132010313711 0.03222744217784594 -0.0245214737528031
-0.02880626457242869 -0.03359018555654606 0.008723155784122819
-0.03883059163610336 0.002920539794793971 -0.0216485979887166
-0.005358514477421165 -0.04468013104172631 -0.0006913440106073154
0.006947513970597606 0.01555794783251009 0.01914771915473939
-0.01633171559320488 -0.01053445364570315 -0.03397282129416631
-0.03283810306141183 -0.01476570469229326 0.02632307255628762
0.008085798695407504 0.0009024924148590915 -0.04199256501173092
-0.03548747072436544 -0.01379929585854637 -0.001725071451168788
-0.005715118679228267 0.03117793749236539 0.01269239477723212
-0.00881619128958706 0.03931686380390021 0.01949181267734544
0.01501781730818998 0.01304368154669679 -0.0001440953248336755
0.01990308364215353 -0.006346454600055678 -0.003193998375178967
0.02969278621296629 0.002036470200335142 0.01554814814720131
-0.02698906323104057 0.001175023597809718 -0.003092508426752628
-0.006061680928049023 0.0334452972061545 -0.02945534208066015
-0.04293030350162187 -0.01406286138714266 0.00199671034398862
0.002911724471518232 -0.01163494851483199 -0.003983354213013948
0.01407408311306257 0.02979076732360706 -0.00378523670709324
0.008886346457749619 0.001902386761834234 0.03148614040235399
-0.00247901032906644 -0.03404774098948619 -0.01420648875577828
-0.002398067106989693 -0.028850041440196 -0.005138346013816762
-0.01194232966018743 0.01825530086406261 -0.03209222922785335
-0.03065114094475625 -0.006091163938514482 -0.02366989620396753
0.001688294482168059 -0.02450114065814374 -0.01471254500470321
-0.004843138307041651 -0.02210584652803402 -0.03902049916739729
-0.01925666525654738 0.01367462282779407 -0.03039251574495195
0.01262559132344727 0.01060001105775805 0.02031151041651738
-0.03767158195932425 0.008617227413900072 -0.0009132302987827942
-0.03297268539467121 -0.01675804125722629 -0.01112647110089915
-0.03050231417703276 0.001922883138231854 0.001267797856141709
0.02646393670722717 0.03294583023671797 0.0004400914160570861
-0.02428827665209281 0.02149462072170853 0.03110855824891655
-0.02564108256079671 0.008114983896373159 0.02119985496452913
-0.0008365709410857909 -0.02120317097279854 -0.02962490802603586
-0.003437561241744613 -0.02593860109086699 -0.02899711773347087
-0.02306312124379262 -0.01599910911038699 -0.03516381300047741
-0.003070685170712901 -0.01648024516288774 -0.04260109204493693
-0.01453260269723134 -0.02714691002134253 0.03226913325483962
0.004604396659131238 -0.03231859935024688 0.0004059416146762119
-0.02146568171923153 0.004563091986796829 0.029675836053894
0.008600900597197512 0.01396196594774322 -0.01651504364643075
-0.02601085356874779 0.002319591788518822 0.01901691910984728
-0.006674522310791558 0.01823368429236114 -0.01489506109444332
-0.005866212880137835 0.02342093653978465 -0.0304484559607464
-0.009314702890266981 -0.02927118943349593 -0.009235588727325866
0.008498962120417865 -0.01286044630880018 -0.0001231356087821951
0.02195599876852396 0.02236576919803083 0.02921317185219127
-0.002059375664138738 -0.03634642512008469 0.008679577189070763
-0.0103281879699702 -0.00718523289918403 0.007344652071301564
-0.03186244957795851 0.008486266734063353 -0.02155566734413289
-0.00202045441960964 0.008753382047343605 0.004447485379269457
0.03855757491127451 0.009250576552926906 -0.01455867140250472
-0.0115676203483369 0.03685033858275577 0.005883777988289049
-0.01726545717085928 -0.03455464615235802 0.02240497580218646
-0.01217611875607601 0.007821881674405007 -0.02973328888329845
-0.02467464545966629 -0.03636591697714577 -0.0006963376833963785
0.009092996151011697 -0.02760500486961959 -0.01481786705897504
-0.01077084753160765 -0.02677109266279074 0.005329606130435417
0.01351254755935602 0.0250549652122681 0.01893445965671339
-0.01069463697764561 0.01185744578893302 -0.01681144240098608
-0.02374135922878087 -0.02685402227796183 0.0273899204792622
-0.01847355508690131 -0.01925763026325737 0.0040446846887294
-0.01524365517453055 0.009079494422494269 -0.00686371118975528
0.002143472507156548 0.01160073665184252 -0.03351927707156295
-0.03792335355731542 -0.003356586030326947 -0.007880959266870598
0.002573603670963642 0.03740142452579445 0.02162349050111837
0.01357245095076175 -0.004248372813053888 -0.0004850725665764286
-0.02142263658801409 -0.008773502261949341 -0.00301281264599579
0.02877185155970793 0.001007453509920929 -0.01267524762477918
0.009415017070382007 -0.04172674918102192 0.003778391714218163
-0.01117118196151905 0.0400292038352722 -0.01684411343166631
-0.007871359454590989 -0.01936196913588762 -0.01568418756726281
0.0169801979701862 0.01733044434163703 0.0255403716820319
-0.008239242931582761 0.01007251398899144 0.02935624971442928
-0.009854462414075699 -0.03069837224313566 0.02155729297982405
-0.0009347672034571673 -0.03862117404796491 -0.011938859222581
-0.006151811264547507 -0.002038711143158928 -0.01086144363717574
-0.02835087070150339 -0.01784767410361181 -0.01903873378074688
-0.003488571337887547 0.00707018190959733 0.01005654982256249
-0.02548458462582879 -0.01292461099793772 -0.0265425622156925
-0.009110445772075274 0.005995985841563348 -0.009245038836768072
-0.01200195066909432 -0.03828586105547964 -0.02078097885384501
-0.03144260564408405 0.0235208842548984 -0.02145526985412263
0.03014667588843362 -0.0167790594947577 -0.002836434080622385
-0.004835891849771036 -0.001039478758162887 0.03775715300223099
-0.0151993754706447 0.02646748206936107 0.0333031732449476
0.02439458477486881 -0.01226034844159702 0.03290825763767211
-0.0002012284623720351 -0.003542448751642033 0.04367682074660027
-0.03453240780142913 -0.02443011697280288 -0.01645695785820575
-0.01916915724975483 0.01702928814960887 0.02979120316879534
-0.01571204951796326 0.02422641020571007 -0.00501681521936856
-0.0370290901269596 -0.01052927317854753 0.02280366929018172
0.0213185621235094 0.01808618109883731 0.01613016245816327
0.004908073941802834 -0.04028314657817764 0.0145808835692427
0.009021577052214094 0.04158033349765426 0.0005968684414648458
0.01165972228403749 -0.02441856616575936 0.0331950069076182
0.02438545782078555 -0.0179071967425336 -0.01002693954452666
-0.03098075099642036 0.01777733997302972 0.01394757853263332
-0.04331447585778719 0.00959946066943791 0.008981589338434424
-0.008154199169262214 -0.02419251389644963 -0.03120471123716847
-0.01841899640128116 -0.02550026406184 -0.03211342152029298
0.02079265971111818 0.01002790781759675 0.03614980224724774
0.002295788612218573 0.003162879887955917 -0.01236059537136451
-0.01203439416204191 -0.01661369284607107 0.02325797524284384
-0.02546790883356901 -0.01140894318329702 -0.005916261858191543
-0.01866296914340079 0.009434236869438305 0.02046382736651098
-0.03027649060380009 0.004197490512031258 -0.005934383746863485
-0.001311603664394672 0.01438458209692513 -0.01892258230740156
-0.03353076495804168 -0.02844545904997255 -0.01049524763596414
-0.006572126942240946 0.009672525808906934 -0.02164996533707743
-0.03424897228473426 0.003111788449517198 -0.02965647853009218
0.009138476647386675 0.02179790098421863 0.006914198816425595
-0.04496145381950965 0.005290346698017178 0.002193992261057418
-0.03600514894640171 -0.009484369054917684 0.006421694996338491
0.007228521753933599 -0.01148923248393849 0.02078937616274288
-0.007411434989695397 -0.04158652028077545 0.01540935208808521
-0.02458207875346897 -0.03675124510859536 0.008500203509436512
-0.0306563984898671 -0.01110006219920662 -0.002325011680720983
-0.02362634554849666 0.03578084017689204 -0.01383191798992462
-0.005271537629327481 0.03640354255027166 0.01325134789275023
-0.02898245520335549 0.008938136275150551 -0.0003392542419950106
-0.02223805855011477 0.01931287972214896 -0.03358367852985845
0.01472346033184869 0.001332435297075837 -0.01335172509497261
-0.03531076228149605 0.02841347031197655 0.0001032316919744236
-0.01817660731465778 -0.03257011118502277 -0.01287179621445191
-0.02221748137866901 -0.001080595564219682 -0.009150096717942478
-0.006284237740522026 0.0442807087823184 0.006751105027730502
-0.03568106401586775 -0.02781804693399701 -0.001955519471341466
-0.00576442210054619 0.03880579874547552 -0.02213984482830432
-0.02636716189526285 0.03194934563536388 -0.01802591838920103
-0.02385233477843118 -0.01245880379219067 0.01484271332966979
0.01079848279285571 -0.01522217692158085 0.03794749650196668
-0.003688451231676723 -0.01405160106495432 0.04221955209095846
-0.001608892397083298 -0.008961257007167347 0.04332863551639788
0.005256938853989195 -0.007801150216705557 0.0427023525509107
-0.0325226884189636 0.006908598572794911 0.02337341311122894
0.0005209818471756166 0.02667301472781705 0.02817209266848994
-0.001619071716412456 0.03214327876266922 0.03126481661377405
-0.01664240993936522 -0.03140799195949336 0.02839240217715815
-0.01800984889695869 -0.006066175026336223 -0.009195628830860451
-0.01465599231368646 -0.001866761104696615 -0.02827160764411214
-0.007094033736854405 0.009082266955562765 0.037680622689975
-0.03601809211439506 0.007938405962817814 -0.01400973457930095
0.02428157986062092 0.02776728221544824 -0.0214915921626518
0.02900573335603656 0.02414009712915709 0.01848607693787328
-0.009124339898286395 0.00291243643240567 0.0438517624658737
0.0147013294542434 -0.01500148509936209 -0.02882961532260723
0.01257210660003914 -0.02224756997817112 0.01898157757959697
-0.01422356444891922 0.02112640728464447 -0.0007791004832306981
-0.02460643065693978 0.03175649059657027 9.346332344381493e-05
-0.03619495343050465 -0.02271404709748962 0.01376789479921694
0.003047460861063477 0.01722315160984753 0.03670002060324588
-0.01002237651494758 0.01359472239384438 -0.02968319626583911
-0.003350967331255971 -0.004511281736822269 -0.01451900414536604
-0.003761622114131143 -0.04398182332662902 0.00656984391562814
-0.02281339098171217 0.007182889887237832 -0.0115611273935582
-0.01392525229324805 0.00822916716905695 0.01137112566802418
0.02826335209564351 0.01732855444192257 0.007229466796587113
-0.008901303539793279 -0.01610845263812347 -0.00607706651536835
-0.01549146447009427 -0.004843445350147774 0.006719796636485651
-0.01046473485870383 -0.02132801508902653 0.01739277038168984
-0.01165640355804834 0.02174874069463555 -0.02481340152677906
-0.0178347197443641 0.02676254463528479 -0.02201187639941812
-0.0002476904459665706 0.03218448035909789 -0.02863776923696184
0.03725792218179887 0.0203521924699657 0.005183429406902309
-0.02049959802583266 0.0134109991062495 -0.003704815937942366
-0.03128889677965947 -0.02440102814988191 -0.002843510811150471
-0.02746793736104458 0.03391767177737331 0.01018302112869558
0.005742053465946165 -0.01963315657745693 -0.02962296495904518
-0.0189366878352816 -0.00190449076772143 -0.04131724384596168
-0.03034223715674424 -0.02472948786684933 0.006121532393478851
-0.01045541609360121 0.0118224309081584 0.02404815135727216
-0.003117003457366251 -0.02553040646445928 -0.01165767682305564
-0.01930058575779928 0.009380111351177828 -0.03334988091464974
-0.02541552376233409 0.006584116891070354 -0.01859711350045179
-0.0285069688829141 -0.01946620920119891 -0.0290976172609983
-0.03059095787808704 -0.009889665131187411 -0.01763676884651614
0.002425443214273497 -0.01802381956667139 -0.03979158661399447
-0.03027491949451719 0.0004162258943741204 -0.01226405447823503
0.02988778603456124 -0.01280776935093794 0.01054807962531901
0.02102650932434161 0.02413277117409571 0.006154587041217674
-0.02215698989209284 0.003571212793415747 -0.00409996906811707
-0.00277947858370458 -0.03608833460726663 0.01381982932413931
-0.01561805528693139 -0.01821736954767818 0.03860553922261142
-0.01933239188278752 -0.01513920818956856 -0.01087637394853341
-0.01262234018268092 0.00430281299949466 0.02556293114002021
0.0210224557678114 0.03741012395915268 0.002937044776456683
-0.01069898674582326 -0.01539013569612778 0.0001806770728808608
-0.0321999712106821 0.009015667014500102 0.006375132843001367
0.005644576299100915 -0.006280274466951167 -0.0316170567277031
-0.03295548694637199 0.00954421862808319 -0.02885400633225266
0.02438620810872486 0.005814230463968966 0.02229826519484017
-0.02359377787296842 -0.03613143034438335 -0.01416224913859421
0.009712549453677327 0.02734679118121601 0.03218682812351956
0.01129952030398199 -0.03041603478861046 0.0287421625536932
-0.0271368767397922 0.02595913858940947 -0.007645353029114023
-0.04344050184581799 0.002720434233580571 -0.01275438838624619
-0.003406546637141699 0.02654427349880232 0.01289637018378405
-0.00625135053585277 0.02417290645311755 0.00476280540495492
-0.02462263443842923 -0.0167008187761225 0.02725655675251414
-0.0114358994628197 -0.0180766498206467 0.03307576539355561
-0.01046335194501923 -0.0364875168786302 0.01279454376072835
-0.02964139944081072 -0.0175176258093021 0.02935925043153537
-0.02635082701889263 -0.02827670938026217 0.002547310801662803
-0.004052874792331501 0.003827015223328629 -0.01003416964263386
-0.0001388438104878607 0.006109493878431354 -0.0064442241058274
0.001515138327538471 0.01982483816729683 -0.001709740909070184
-0.0194742748926962 -0.01430901483323432 -0.01716870599463832
-0.005144736257095901 0.01276436890520171 0.01001884239223922
-0.04179512714593216 0.01078757043456494 -0.01361245380287275
0.03921596376659198 0.0176865864050931 -0.001832091370677346
-0.02465870278076448 -0.02123360745595441 -0.02030453596064887
-0.03462766371010787 -0.01801945889650385 0.002568044597782106
-0.003979776943938735 -1.064540266917626e-05 -0.003063386523905396
-0.01452057654819713 -0.018198855087773 -0.02200045320609149
-0.002677120858132051 -0.03594988224123574 0.002507171285085969
-0.01296491471606747 -0.0256718683168924 -0.01835318220884885
-0.005445715695397185 -0.02007729943655521 -0.02164289487232663
-0.03725838815655016 0.01580362917906062 -0.02013446198386188
-0.002985367255604837 -0.01222614334378086 -0.03409403527303617
-0.04387854564674213 0.006644349735688236 -0.006736302178050157
-0.01377958378033241 -0.002275145093485683 -0.01028957871321258
-0.01543925350123443 -0.0009094921821239266 -0.02149584039152967
-0.02222641951263137 0.01896144845844192 -0.02429098706247197
0.02404251608781057 -0.01260635912975453 -0.02173626700492151
-0.01070197563418708 0.02852035715854581 0.009809806937872215
-0.01145279139423194 0.02430291978679273 -0.03597750674938317
-0.01783189959071608 0.0264236436217627 0.02397450423988412
-0.03454847068021658 0.02836860501805505 0.005173411248167588
0.01577131981455914 -0.005593573392108597 -0.01484635819616354
-0.005519600970187664 0.02527806678093823 -0.006046434970017361
-0.02481467635198872 0.007103233984905222 0.005820426775799126
-0.009438531050970762 -0.02743779851750826 0.03488514665839813
0.01046453134085585 -0.01711720226562034 -0.01070201174687312
-0.03478207052313147 0.01546044855086118 -0.02515467374075799
-0.0422468784176924 -0.01075833950301696 -0.01266444046944701
-0.03552901156780794 -0.01084169394819785 -0.008729153044960509
-0.006068437556894566 -0.0197368869929948 -0.03383576266696948
0.01586750868717924 0.01444379974499508 0.01244786752805328
-0.0213151813865889 -0.01912833043186931 -0.005457905734227572
-0.0175771732703344 -0.002333309699662829 -0.002233966140151448
-0.02257310237392677 -0.02066416413085256 0.01205535703773786
0.02242325518309961 -0.01901384202530637 0.01553362544724684
0.02042266766578146 -0.02619971368103734 -0.0009492364296912201
-0.01150211341671504 -0.04162351018004037 -0.005152721548641355
-0.004268918370944982 0.01220745564081164 0.02690802694741763
0.0320178721300062 -0.02840279426577701 0.005975009318280095
0.009506002624300574 -0.03329133434387455 -0.02686595253449082
0.03358767257557095 -0.004759417526919021 -0.0113997204852022
-0.01805771604308684 0.01732846643410365 0.01091710482443911
-0.03158613141647856 0.004755816846622815 0.01875911777694214
-0.01869736282718997 -0.02423155227430629 0.0329802415494969
-0.006621790462876908 -0.01402873829147352 0.02079543951763688
0.0003772279947565145 -0.03190901063259125 -0.03100125462515657
-6.012799778364305e-06 -0.02293447607689455 0.03836710086688618
0.002053446136896213 -0.01717195152193833 0.04097573771549405
0.01542537590046417 -0.03587758853520736 -0.01850694389973121
-0.02648736680932244 0.00203121984347767 0.03710656578311975
-0.03309240248380123 -0.004403636827887402 0.01959248164084125
0.006933410624152491 0.006552092614901103 0.001322127364985022
0.04046428942637052 0.009804707403265119 0.009346385177116497
0.0198774131713649 0.006383658859409044 -0.01419078719461819
-0.02113983180862819 -0.03088197059400673 0.009800246957604055
-0.01300219118398767 0.02540140803641602 -0.01578261902288724
-0.02908659127512891 -0.02704667572083792 -0.02229625583522729
-0.02344691934802103 0.02386038304113353 0.0107005931521212
-0.02097255336995104 -0.008866649246589926 0.02406330525167937
0.008519584206238133 -0.02431104196467854 -0.02054247574117204
-0.01747550325378612 0.03543520187478185 0.02201748235954097
-0.005832490889618583 -0.02521709591896345 0.004106225992639099
-0.01747335629703928 0.01051066264550238 0.002160738313389113
-0.02196893713618462 -0.002233382697424697 0.01131659377530702
-0.03090767289401413 0.004522089487674715 0.03272555528466887
-0.008776404592796109 0.001827084257452848 -0.03193838975658124
-0.02821677969341935 -0.0251333261680892 -0.01046927554863248
-0.01266842436671062 -0.0006425673254524507 0.04297440859399571
-0.03745707408536338 -0.005107151791523928 0.008587655685944691
-0.004999480649956868 0.03439252270869726 -0.01946193535985839
-0.01298571200123197 -0.008359977277625441 -0.02220798786597106
0.005385278497891511 0.02203185835636664 -0.02777056638373847
-0.03413243844064667 -0.01199921032088557 0.0171431587458973
-0.02552713854914906 -0.001188031271322473 -0.02704166730000993
-0.01181652471244564 -0.009021101422228105 0.02497912910412597
-0.03706633002846106 -0.01878101904584436 0.01873845012725874
-0.01775735691241424 0.009970424444234152 0.03338711148642985
0.03073856185633349 -0.01109064487729663 -0.007597503694296391
-0.01080736605456957 0.009636672417516865 -0.03637966741751626
-0.01958728994597627 0.0398997403151358 -0.007551497659733259
-0.01632068488451873 -0.01165061536664757 -0.04052644015886418
-0.0101285791962703 -0.00350040130611253 -0.01557449470303095
0.01964411311057612 0.037104547607478 -0.01193134140437515
-0.02373343430214584 0.02538612796559479 -0.01840126245654229
-0.02047119985257765 -0.01563543892287026 0.03147202621116987
-0.009453525588190848 0.02864063224046295 0.02594244337554734
0.00585828333927861 -0.04094809708944287 -0.01387349607499816
0.02675485910397649 0.002018281058225397 -0.01977713726748794
-0.02608445430480434 0.006881527580165165 -0.004953196503648637
-0.0164251513090664 0.02880200963656051 0.01683206874408207
-0.03711673184958249 0.003257188296733755 0.01553875896445385
-0.01907749614381971 -0.01158299531557746 0.0004986265124338771
0.01327343791892622 0.01159836473595106 0.02772070744567989
-0.03297466956836912 0.01198223235251747 0.01597459298421885
-0.009401479883613388 -0.03807855189230884 0.004139040469671198
-0.001290101258759642 -0.02926665938367336 -0.02480998539835036
-0.0108672358589937 0.004289014366805548 -0.0008401860082013508
-0.0129807930075424 -0.01941278322194251 0.002411236299419452
-0.02678854598662454 0.01508785318753698 -0.02405680058570817
-0.01570297895647257 0.002007176664009065 -0.01217770564048394
0.01211633269370633 0.03277625021900691 -0.02503666229020089
0.003419868630902032 -0.01431308643363073 -0.02383578052009985
-0.02497205369697168 0.01508026410428573 0.003513604349417274
-0.01131652759652954 -0.01173715120449639 0.01519213114431755
-0.04200719577713409 -0.003872163203300919 0.01711218707971795
-0.01067440271540421 0.03843572118461887 6.360092229871789e-05
-0.0125942948016523 -0.00899177245817539 -0.007039178422309481
-0.0001220078388871368 0.01180506532234126 -0.01474603782939062
-0.04514320340948764 -0.0005527508884901897 -0.00169734045931108
-0.0276903534917782 0.01608362484310555 -0.006555043224733634
0.01011487121914131 0.007371224553917118 -0.02044741446455536
0.003503924007516663 0.007966151274434008 0.006029357360014285
-0.03964940015639349 -0.0122512600285794 -0.005729561447628923
-0.02158581285814434 -0.0008710918998436033 0.02093722484177927
-0.006948620366833659 -0.0371047609012331 -0.02513263253916682
0.0305293094348637 0.02817369670753909 -0.01204395788506148
-0.01980606579785479 0.04072755289161896 0.003203694421292697
-0.03303393606023418 0.01918613276897449 -0.007683529249843549
-0.02141883356930952 0.02952517579044586 0.01707135397343713
0.01308189374244354 0.01178804747165356 -0.0304228920755928
-0.01129659135255676 -0.004516091000656256 -0.03818338843995019
-0.03212062931976358 -0.03100269912562503 -0.00352575279517434
-0.03042816807341373 0.03013414019134305 -0.01539494162222747
0.006321153070515257 -0.03862603268134305 -0.001398549261104466
-0.008244751357607513 0.0115597388692162 0.04326196840495065
-0.007217194894671836 -0.02134627228700603 0.009671712039493593
-0.01743529611953511 0.01143342844744153 -0.01164643613153434
-0.01464311201421064 -0.0403392815262609 -0.01363465954400019
0.01559240977923384 0.02301490659818694 -0.02164514337855205
-0.009140440559934831 -0.01397983498270826 -0.02795387673605245
0.003823555961884312 0.02092534909897602 0.01688305906235362
0.01603352520390352 0.0138449508798179 -0.01235001994880128
-0.01704237977527933 -0.02557253657787046 0.02276159627054679
-0.003385818283528963 -0.00845047090683035 -0.04382620753142909
-0.0450710003070682 -0.004794808045436355 0.005324385826112444
-0.003542420560532352 0.009708537325070744 0.03419284616308982
-0.006991702800022826 -0.02445957433511272 0.02950560023717259
-0.007622244153614897 -0.001585385198142483 0.02993597713621227
0.009076400092254182 -0.01599637874731406 -0.01885618683174566
-0.01316362626508415 0.02923887117518529 -0.02341589333424465
-0.03011571418517855 0.01553378937436607 0.004878123610891573
-0.009279035898137635 0.0160593355655902 0.01080576381273047
-0.02015902131134819 -0.005008224674729501 -0.03366166532268216
0.000591949908191911 -0.01617253529152029 0.03003277397293056
0.04191895195941807 -0.009227193010840341 0.004724116384496038
0.006431401105573368 -0.008019758832122404 -0.01711983832422724
-0.01187171470299519 0.02112694931917021 0.030317081061243
-0.02218597982972662 -0.02405747093647277 -0.003292400786563478
0.006744547618761989 -0.01240821371826055 -0.02927369347286567
-0.02654816626818689 0.01688485193080127 -0.03281215182173265
-0.03797854920213706 0.02258346860905174 0.01083565195387255
-0.006042861501751551 0.008167298718458772 0.01989956544013715
-0.004123241984547948 0.03524579006418521 0.02803937354806486
-0.003578248988949549 0.03841955497852599 0.02380955598615563
-0.009175975126495376 0.03680619546842945 -0.02523150127523989
-0.001209748539636256 -0.008147181421741288 0.005218805338925608
0.01634456543697057 0.03981868226832022 -0.00450815466364899
0.02194722818924209 0.002005888158231185 0.0375460007780789
-0.02344280569545948 0.003178858334400493 -0.03848872918688932
-0.02101395165920264 -0.0308493563385361 0.02590658866755843
3 6 0 0
3 7 0 0
$EndNodes
$Elements
10 17158 1 17158
2 1 2 2228
1 1 1083 8 
2 8 1113 1 
3 1 1113 16 
4 29 1083 1 
5 2 100 15 
6 15 175 2 
7 2 1172 100 
8 175 862 2 
9 862 1053 2 
10 1053 1172 2 
11 18 1089 3 
12 26 790 3 
13 3 1089 26 
14 3 790 27 
15 19 89 4 
16 4 96 19 
17 89 785 4 
18 4 1119 96 
19 785 987 4 
20 987 1119 4 
21 8 914 9 
22 9 1084 8 
23 8 1083 914 
24 1084 1113 8 
25 10 92 9 
26 9 93 10 
27 92 1084 9 
28 9 914 93 
29 11 912 10 
30 10 932 11 
31 10 912 92 
32 93 932 10 
33 11 98 12 
34 12 101 11 
35 11 932 98 
36 101 912 11 
37 12 105 13 
38 13 1159 12 
39 98 105 12 
40 12 1159 101 
41 13 90 14 
42 14 94 13 
43 13 105 90 
44 94 1159 13 
45 14 910 15 
46 15 911 14 
47 90 910 14 
48 14 911 94 
49 100 911 15 
50 15 910 175 
51 16 1047 17 
52 903 1047 16 
53 16 1113 903 
54 17 253 18 
55 17 254 253 
56 17 1047 254 
57 253 719 18 
58 719 1089 18 
59 20 89 19 
60 19 106 20 
61 96 106 19 
62 20 99 21 
63 21 104 20 
64 20 104 89 
65 20 1063 99 
66 106 1063 20 
67 21 91 22 
68 22 103 21 
69 21 99 91 
70 103 1154 21 
71 21 1154 104 
72 22 110 23 
73 23 112 22 
74 91 110 22 
75 22 112 103 
76 24 95 23 
77 23 113 24 
78 95 112 23 
79 110 113 23 
80 24 97 25 
81 25 791 24 
82 24 791 95 
83 24 113 97 
84 26 102 25 
85 25 784 26 
86 97 784 25 
87 102 791 25 
88 26 1089 102 
89 784 790 26 
90 27 1153 28 
91 790 989 27 
92 989 1153 27 
93 28 119 29 
94 28 120 119 
95 28 1153 120 
96 119 151 29 
97 151 1083 29 
98 104 223 89 
99 223 383 89 
100 383 785 89 
101 105 161 90 
102 161 162 90 
103 162 910 90 
104 99 108 91 
105 108 109 91 
106 109 110 91 
107 773 1084 92 
108 92 1157 773 
109 912 1060 92 
110 1060 1157 92 
111 914 1049 93 
112 921 932 93 
113 93 1049 921 
114 728 783 94 
115 94 1151 728 
116 783 1159 94 
117 911 1151 94 
118 95 222 112 
119 95 602 222 
120 95 791 602 
121 96 1101 106 
122 96 1119 1101 
123 113 114 97 
124 114 115 97 
125 115 784 97 
126 98 118 105 
127 98 160 118 
128 98 932 160 
129 99 1063 107 
130 107 1122 99 
131 99 1122 108 
132 838 839 100 
133 100 1172 838 
134 839 1069 100 
135 100 1069 911 
136 101 1159 783 
137 783 1161 101 
138 101 913 912 
139 101 1161 913 
140 719 1005 102 
141 102 1089 719 
142 102 1045 791 
143 1005 1045 102 
144 112 1114 103 
145 1114 1115 103 
146 1115 1154 103 
147 104 722 223 
148 104 1154 722 
149 118 161 105 
150 106 1101 1063 
151 107 1105 1030 
152 1030 1122 107 
153 1063 1101 107 
154 1101 1105 107 
155 108 779 109 
156 108 780 779 
157 108 1122 780 
158 109 111 110 
159 109 116 111 
160 109 779 116 
161 111 113 110 
162 111 114 113 
163 111 978 114 
164 116 978 111 
165 222 1114 112 
166 114 117 115 
167 114 978 117 
168 117 155 115 
169 155 156 115 
170 156 784 115 
171 779 781 116 
172 781 1061 116 
173 116 1061 978 
174 117 158 155 
175 117 159 158 
176 117 978 159 
177 160 1139 118 
178 118 956 161 
179 118 1139 956 
180 120 121 119 
181 121 923 119 
182 119 923 151 
183 120 122 121 
184 120 1094 122 
185 120 1153 1094 
186 122 123 121 
187 123 125 121 
188 125 923 121 
189 122 124 123 
190 122 128 124 
191 122 1094 128 
192 124 924 123 
193 123 126 125 
194 123 924 126 
195 128 129 124 
196 129 130 124 
197 130 924 124 
198 126 127 125 
199 127 942 125 
200 125 942 923 
201 126 136 127 
202 126 153 136 
203 126 924 153 
204 136 137 127 
205 137 147 127 
206 147 942 127 
207 128 1001 129 
208 128 1094 768 
209 768 1177 128 
210 128 1177 1001 
211 129 131 130 
212 129 132 131 
213 129 1001 132 
214 131 944 130 
215 130 1031 924 
216 944 1031 130 
217 132 133 131 
218 133 134 131 
219 134 944 131 
220 132 909 133 
221 132 1001 158 
222 158 1145 132 
223 132 1145 909 
224 133 135 134 
225 133 138 135 
226 133 909 138 
227 135 165 134 
228 165 169 134 
229 169 944 134 
230 138 139 135 
231 139 905 135 
232 135 905 165 
233 136 164 137 
234 153 1132 136 
235 136 1132 164 
236 137 148 147 
237 137 936 148 
238 164 936 137 
239 138 140 139 
240 138 150 140 
241 138 909 150 
242 140 141 139 
243 141 167 139 
244 167 905 139 
245 140 142 141 
246 140 930 142 
247 150 930 140 
248 142 143 141 
249 143 908 141 
250 141 908 167 
251 142 144 143 
252 142 149 144 
253 142 930 149 
254 144 145 143 
255 145 166 143 
256 166 908 143 
257 144 146 145 
258 144 792 146 
259 149 792 144 
260 146 1168 145 
261 145 321 166 
262 145 709 321 
263 145 1168 709 
264 146 770 647 
265 647 993 146 
266 146 792 770 
267 993 1168 146 
268 148 152 147 
269 152 154 147 
270 154 942 147 
271 148 157 152 
272 148 168 157 
273 148 936 168 
274 149 930 781 
275 781 1093 149 
276 149 1093 792 
277 909 1165 150 
278 150 1163 930 
279 150 1165 1163 
280 151 1026 914 
281 914 1083 151 
282 923 1026 151 
283 152 921 154 
284 157 160 152 
285 160 921 152 
286 924 1031 153 
287 1031 1066 153 
288 1066 1132 153 
289 921 1049 154 
290 154 1026 942 
291 154 1049 1026 
292 155 768 156 
293 158 1177 155 
294 155 1177 768 
295 768 989 156 
296 156 790 784 
297 156 989 790 
298 157 1139 160 
299 168 1090 157 
300 1090 1139 157 
301 159 1145 158 
302 1001 1177 158 
303 978 1061 159 
304 1061 1165 159 
305 159 1165 1145 
306 160 932 921 
307 161 163 162 
308 161 956 163 
309 163 620 162 
310 620 869 162 
311 869 933 162 
312 162 933 910 
313 163 689 620 
314 163 710 689 
315 163 956 710 
316 730 945 164 
317 164 1132 730 
318 164 1017 936 
319 945 1017 164 
320 165 170 169 
321 165 172 170 
322 165 905 172 
323 321 463 166 
324 463 788 166 
325 788 908 166 
326 167 908 720 
327 720 957 167 
328 167 957 905 
329 936 937 168 
330 937 1080 168 
331 1080 1090 168 
332 170 171 169 
333 171 176 169 
334 176 944 169 
335 170 940 171 
336 172 173 170 
337 173 940 170 
338 171 177 176 
339 171 178 177 
340 171 940 178 
341 172 174 173 
342 172 957 174 
343 905 957 172 
344 174 181 173 
345 181 926 173 
346 926 940 173 
347 174 182 181 
348 174 679 182 
349 174 957 679 
350 175 920 862 
351 910 933 175 
352 175 1180 920 
353 933 1180 175 
354 177 1066 176 
355 176 1031 944 
356 176 1066 1031 
357 178 179 177 
358 179 730 177 
359 730 1066 177 
360 178 180 179 
361 178 634 180 
362 178 940 634 
363 180 185 179 
364 185 945 179 
365 179 945 730 
366 180 186 185 
367 180 1051 186 
368 634 1051 180 
369 182 183 181 
370 183 497 181 
371 497 926 181 
372 182 184 183 
373 182 512 184 
374 182 679 512 
375 184 191 183 
376 191 744 183 
377 183 744 497 
378 184 192 191 
379 184 1020 192 
380 512 1020 184 
381 186 187 185 
382 187 589 185 
383 589 945 185 
384 186 188 187 
385 186 1118 188 
386 1051 1118 186 
387 188 189 187 
388 189 1170 187 
389 187 1170 589 
390 188 190 189 
391 188 345 190 
392 188 1117 345 
393 188 1118 1117 
394 190 332 189 
395 332 1116 189 
396 1116 1170 189 
397 190 346 332 
398 345 958 190 
399 190 1147 346 
400 958 1147 190 
401 192 193 191 
402 193 350 191 
403 350 744 191 
404 192 194 193 
405 192 341 194 
406 192 1020 341 
407 194 195 193 
408 195 963 193 
409 193 963 350 
410 194 196 195 
411 194 997 196 
412 341 997 194 
413 196 197 195 
414 197 1034 195 
415 195 1034 963 
416 196 198 197 
417 196 990 198 
418 196 997 990 
419 198 199 197 
420 199 238 197 
421 238 1034 197 
422 198 200 199 
423 198 237 200 
424 198 990 237 
425 200 201 199 
426 201 984 199 
427 199 984 238 
428 200 202 201 
429 200 743 202 
430 237 743 200 
431 202 203 201 
432 203 1019 201 
433 201 1019 984 
434 202 204 203 
435 202 1043 204 
436 743 1043 202 
437 204 205 203 
438 205 226 203 
439 226 1019 203 
440 204 206 205 
441 204 219 206 
442 204 1043 219 
443 206 207 205 
444 207 898 205 
445 205 898 226 
446 206 208 207 
447 206 892 208 
448 219 892 206 
449 208 209 207 
450 209 418 207 
451 418 898 207 
452 208 210 209 
453 208 400 210 
454 208 892 400 
455 210 211 209 
456 211 982 209 
457 209 982 418 
458 210 212 211 
459 210 815 212 
460 400 815 210 
461 212 213 211 
462 213 215 211 
463 215 982 211 
464 212 214 213 
465 212 217 214 
466 212 815 217 
467 214 216 213 
468 213 1097 215 
469 216 1097 213 
470 214 875 216 
471 217 218 214 
472 218 875 214 
473 876 982 215 
474 215 1135 876 
475 1097 1135 215 
476 875 988 216 
477 988 1040 216 
478 1040 1097 216 
479 217 220 218 
480 217 947 220 
481 815 947 217 
482 220 221 218 
483 221 408 218 
484 408 875 218 
485 727 776 219 
486 219 1043 727 
487 776 1175 219 
488 219 1175 892 
489 220 224 221 
490 220 545 224 
491 220 947 545 
492 224 225 221 
493 225 825 221 
494 221 825 408 
495 602 737 222 
496 222 999 723 
497 723 1114 222 
498 737 999 222 
499 223 393 383 
500 223 446 393 
501 223 722 446 
502 224 227 225 
503 224 889 227 
504 545 889 224 
505 227 228 225 
506 228 229 225 
507 229 825 225 
508 898 1072 226 
509 226 1038 1019 
510 226 1072 1038 
511 227 231 228 
512 227 232 231 
513 227 889 232 
514 228 230 229 
515 228 826 230 
516 231 826 228 
517 230 257 229 
518 257 595 229 
519 595 825 229 
520 230 582 257 
521 230 583 582 
522 230 826 583 
523 232 233 231 
524 233 807 231 
525 807 826 231 
526 232 234 233 
527 232 837 234 
528 232 889 837 
529 234 235 233 
530 235 236 233 
531 236 807 233 
532 234 241 235 
533 234 351 241 
534 234 837 351 
535 235 239 236 
536 235 808 239 
537 241 808 235 
538 239 240 236 
539 240 599 236 
540 599 807 236 
541 237 973 743 
542 237 1164 973 
543 990 1164 237 
544 238 984 959 
545 959 1011 238 
546 1011 1034 238 
547 239 242 240 
548 239 809 242 
549 808 809 239 
550 242 243 240 
551 243 824 240 
552 240 824 599 
553 351 352 241 
554 352 834 241 
555 241 834 808 
556 242 244 243 
557 242 246 244 
558 242 809 246 
559 244 245 243 
560 245 247 243 
561 247 824 243 
562 244 814 245 
563 246 399 244 
564 399 814 244 
565 245 248 247 
566 245 317 248 
567 245 814 317 
568 246 571 399 
569 246 670 571 
570 246 809 670 
571 248 249 247 
572 249 478 247 
573 478 824 247 
574 248 250 249 
575 248 866 250 
576 317 866 248 
577 250 251 249 
578 251 797 249 
579 249 797 478 
580 250 252 251 
581 250 896 252 
582 866 896 250 
583 252 255 251 
584 255 365 251 
585 365 797 251 
586 252 256 255 
587 252 259 256 
588 252 896 259 
589 254 258 253 
590 258 927 253 
591 253 927 719 
592 254 266 258 
593 254 513 266 
594 254 1047 513 
595 256 818 255 
596 255 366 365 
597 255 818 366 
598 259 260 256 
599 260 817 256 
600 817 818 256 
601 582 880 257 
602 257 636 595 
603 257 880 636 
604 266 514 258 
605 514 550 258 
606 550 927 258 
607 259 261 260 
608 259 981 261 
609 896 981 259 
610 261 262 260 
611 262 263 260 
612 263 817 260 
613 261 320 262 
614 261 379 320 
615 261 981 379 
616 262 264 263 
617 262 917 264 
618 320 917 262 
619 264 265 263 
620 265 964 263 
621 263 964 817 
622 264 267 265 
623 264 417 267 
624 264 917 417 
625 267 268 265 
626 268 409 265 
627 409 964 265 
628 513 925 266 
629 266 534 514 
630 266 925 534 
631 267 269 268 
632 267 894 269 
633 417 894 267 
634 269 270 268 
635 270 806 268 
636 268 806 409 
637 269 271 270 
638 269 285 271 
639 269 894 285 
640 271 272 270 
641 272 273 270 
642 273 806 270 
643 271 799 272 
644 285 286 271 
645 286 799 271 
646 272 274 273 
647 272 948 274 
648 799 948 272 
649 274 275 273 
650 275 804 273 
651 804 806 273 
652 274 276 275 
653 274 278 276 
654 274 948 278 
655 276 277 275 
656 277 504 275 
657 504 804 275 
658 276 279 277 
659 278 882 276 
660 276 882 279 
661 279 280 277 
662 280 890 277 
663 277 890 504 
664 278 1106 882 
665 948 949 278 
666 949 1106 278 
667 279 281 280 
668 279 411 281 
669 279 882 411 
670 281 282 280 
671 282 301 280 
672 301 890 280 
673 281 283 282 
674 281 1029 283 
675 411 1029 281 
676 283 284 282 
677 284 991 282 
678 282 991 301 
679 283 290 284 
680 283 292 290 
681 283 1029 292 
682 290 291 284 
683 291 1007 284 
684 284 1007 991 
685 285 287 286 
686 285 775 287 
687 285 894 775 
688 287 288 286 
689 288 493 286 
690 493 799 286 
691 287 289 288 
692 287 483 289 
693 287 775 483 
694 289 307 288 
695 307 802 288 
696 288 802 493 
697 289 308 307 
698 289 1003 308 
699 483 1003 289 
700 290 293 291 
701 292 1073 290 
702 290 1073 293 
703 293 294 291 
704 294 295 291 
705 295 1007 291 
706 292 753 752 
707 752 1073 292 
708 292 767 753 
709 292 1029 767 
710 293 895 294 
711 293 904 895 
712 293 1073 904 
713 294 296 295 
714 294 297 296 
715 294 895 297 
716 296 907 295 
717 907 967 295 
718 967 1007 295 
719 297 298 296 
720 298 299 296 
721 299 907 296 
722 297 888 298 
723 297 980 888 
724 895 980 297 
725 298 300 299 
726 298 302 300 
727 298 888 302 
728 300 304 299 
729 304 413 299 
730 413 907 299 
731 302 303 300 
732 303 891 300 
733 300 891 304 
734 301 1155 890 
735 991 1016 301 
736 1016 1155 301 
737 302 305 303 
738 302 812 305 
739 302 888 812 
740 305 306 303 
741 306 897 303 
742 303 897 891 
743 304 414 413 
744 304 840 414 
745 304 891 840 
746 305 309 306 
747 305 311 309 
748 305 812 311 
749 309 310 306 
750 310 312 306 
751 312 897 306 
752 308 337 307 
753 337 340 307 
754 340 802 307 
755 308 344 337 
756 308 353 344 
757 308 1003 353 
758 309 795 310 
759 311 662 309 
760 662 795 309 
761 310 313 312 
762 310 314 313 
763 310 795 314 
764 311 663 662 
765 311 664 663 
766 311 812 664 
767 313 316 312 
768 316 544 312 
769 544 897 312 
770 314 315 313 
771 315 906 313 
772 313 906 316 
773 314 318 315 
774 314 810 318 
775 795 810 314 
776 318 319 315 
777 319 886 315 
778 886 906 315 
779 316 1056 544 
780 906 1134 316 
781 316 1134 1056 
782 814 1054 317 
783 317 1018 866 
784 317 1054 1018 
785 318 322 319 
786 318 326 322 
787 318 810 326 
788 322 323 319 
789 323 324 319 
790 324 886 319 
791 379 380 320 
792 380 827 320 
793 827 917 320 
794 321 464 463 
795 321 598 464 
796 321 709 598 
797 322 811 323 
798 326 401 322 
799 401 811 322 
800 323 325 324 
801 323 327 325 
802 323 811 327 
803 325 884 324 
804 884 885 324 
805 885 886 324 
806 327 328 325 
807 328 329 325 
808 329 884 325 
809 326 402 401 
810 326 915 402 
811 810 915 326 
812 327 813 328 
813 811 952 327 
814 327 952 813 
815 328 330 329 
816 328 331 330 
817 328 813 331 
818 330 1169 329 
819 860 1125 329 
820 329 1169 860 
821 329 1125 884 
822 331 333 330 
823 333 334 330 
824 334 1169 330 
825 331 336 333 
826 331 412 336 
827 331 813 412 
828 346 347 332 
829 347 348 332 
830 348 1116 332 
831 333 335 334 
832 333 820 335 
833 336 820 333 
834 335 338 334 
835 338 878 334 
836 878 1169 334 
837 335 339 338 
838 335 454 339 
839 335 820 454 
840 412 433 336 
841 433 823 336 
842 336 823 820 
843 337 342 340 
844 337 935 342 
845 344 935 337 
846 339 367 338 
847 367 369 338 
848 369 878 338 
849 339 368 367 
850 339 842 368 
851 454 842 339 
852 342 343 340 
853 343 551 340 
854 551 801 340 
855 801 802 340 
856 698 997 341 
857 341 1104 698 
858 1020 1104 341 
859 342 354 343 
860 342 976 354 
861 935 976 342 
862 354 355 343 
863 355 960 343 
864 343 960 551 
865 353 387 344 
866 387 388 344 
867 388 935 344 
868 345 1068 958 
869 345 1117 1068 
870 346 394 347 
871 346 441 394 
872 346 1147 441 
873 347 349 348 
874 347 1140 349 
875 394 1140 347 
876 349 419 348 
877 419 530 348 
878 530 1116 348 
879 349 479 419 
880 349 690 479 
881 349 782 690 
882 349 1140 782 
883 350 1112 744 
884 963 1059 350 
885 1059 1112 350 
886 351 370 352 
887 351 836 370 
888 351 837 836 
889 370 371 352 
890 371 372 352 
891 372 834 352 
892 353 392 387 
893 353 695 392 
894 353 1003 695 
895 354 356 355 
896 354 442 356 
897 354 976 442 
898 356 357 355 
899 357 391 355 
900 391 960 355 
901 356 358 357 
902 356 1166 358 
903 442 1166 356 
904 358 359 357 
905 359 916 357 
906 357 916 391 
907 358 360 359 
908 358 1121 360 
909 358 1166 1121 
910 360 361 359 
911 361 362 359 
912 362 916 359 
913 360 397 361 
914 360 486 397 
915 360 1121 486 
916 361 363 362 
917 361 941 363 
918 397 941 361 
919 363 364 362 
920 364 619 362 
921 619 916 362 
922 363 395 364 
923 363 994 395 
924 941 994 363 
925 395 396 364 
926 396 740 364 
927 364 740 619 
928 366 384 365 
929 384 798 365 
930 365 798 797 
931 366 385 384 
932 366 543 385 
933 366 818 543 
934 368 421 367 
935 367 1075 369 
936 421 1075 367 
937 368 422 421 
938 368 423 422 
939 368 842 423 
940 369 1075 789 
941 789 1079 369 
942 369 1079 878 
943 370 410 371 
944 370 489 410 
945 370 836 489 
946 371 373 372 
947 371 881 373 
948 410 881 371 
949 373 374 372 
950 374 542 372 
951 542 834 372 
952 373 375 374 
953 373 376 375 
954 373 881 376 
955 375 377 374 
956 377 845 374 
957 374 845 542 
958 376 872 375 
959 375 378 377 
960 375 872 378 
961 376 1024 872 
962 881 1074 376 
963 376 1074 1024 
964 378 398 377 
965 398 447 377 
966 447 845 377 
967 378 448 398 
968 378 449 448 
969 378 872 449 
970 379 381 380 
971 379 864 381 
972 379 981 864 
973 381 382 380 
974 382 420 380 
975 420 827 380 
976 381 473 382 
977 381 500 473 
978 381 864 500 
979 382 453 420 
980 382 831 453 
981 473 831 382 
982 393 786 383 
983 383 1058 785 
984 786 1058 383 
985 385 386 384 
986 386 496 384 
987 496 798 384 
988 385 389 386 
989 385 871 389 
990 543 871 385 
991 389 390 386 
992 390 844 386 
993 386 844 496 
994 387 440 388 
995 392 929 387 
996 387 929 440 
997 440 455 388 
998 455 676 388 
999 676 935 388 
1000 389 432 390 
1001 389 450 432 
1002 389 871 450 
1003 432 515 390 
1004 515 516 390 
1005 516 844 390 
1006 764 960 391 
1007 391 1096 764 
1008 916 1174 391 
1009 391 1174 1096 
1010 695 696 392 
1011 696 979 392 
1012 392 979 929 
1013 446 614 393 
1014 614 688 393 
1015 688 786 393 
1016 441 517 394 
1017 517 605 394 
1018 605 1140 394 
1019 395 405 396 
1020 395 407 405 
1021 395 994 407 
1022 405 1129 396 
1023 406 435 396 
1024 396 1129 406 
1025 435 740 396 
1026 486 487 397 
1027 487 488 397 
1028 488 941 397 
1029 398 459 447 
1030 448 847 398 
1031 398 847 459 
1032 571 777 399 
1033 777 1108 399 
1034 399 1108 814 
1035 400 816 815 
1036 400 1109 816 
1037 892 1109 400 
1038 402 403 401 
1039 403 604 401 
1040 604 811 401 
1041 402 404 403 
1042 402 425 404 
1043 402 915 425 
1044 404 452 403 
1045 452 803 403 
1046 403 803 604 
1047 425 445 404 
1048 445 835 404 
1049 404 835 452 
1050 407 580 405 
1051 580 739 405 
1052 739 1129 405 
1053 406 436 435 
1054 406 437 436 
1055 406 1128 437 
1056 406 1129 1128 
1057 407 581 580 
1058 407 1044 581 
1059 994 1044 407 
1060 825 986 408 
1061 408 971 875 
1062 408 986 971 
1063 806 962 409 
1064 962 983 409 
1065 409 983 964 
1066 489 490 410 
1067 490 677 410 
1068 677 881 410 
1069 411 882 774 
1070 774 1130 411 
1071 411 1130 1029 
1072 412 434 433 
1073 412 849 434 
1074 813 849 412 
1075 414 415 413 
1076 415 850 413 
1077 850 907 413 
1078 414 416 415 
1079 414 426 416 
1080 414 840 426 
1081 416 480 415 
1082 480 481 415 
1083 481 850 415 
1084 426 427 416 
1085 427 846 416 
1086 416 846 480 
1087 417 917 828 
1088 828 968 417 
1089 417 968 894 
1090 418 982 771 
1091 771 1041 418 
1092 418 1041 898 
1093 479 998 419 
1094 419 1178 530 
1095 998 1178 419 
1096 453 484 420 
1097 484 600 420 
1098 600 827 420 
1099 422 851 421 
1100 851 1010 421 
1101 1010 1075 421 
1102 423 424 422 
1103 424 457 422 
1104 457 851 422 
1105 423 1014 424 
1106 842 1136 423 
1107 423 1136 1014 
1108 424 458 457 
1109 424 476 458 
1110 424 1014 476 
1111 425 494 445 
1112 425 540 494 
1113 425 915 540 
1114 426 428 427 
1115 426 671 428 
1116 426 840 671 
1117 428 429 427 
1118 429 431 427 
1119 431 846 427 
1120 428 430 429 
1121 428 841 430 
1122 671 841 428 
1123 430 461 429 
1124 429 852 431 
1125 461 852 429 
1126 430 462 461 
1127 430 510 462 
1128 430 841 510 
1129 431 1046 846 
1130 852 955 431 
1131 955 1046 431 
1132 450 506 432 
1133 506 1167 432 
1134 432 1167 515 
1135 434 469 433 
1136 469 505 433 
1137 505 823 433 
1138 434 470 469 
1139 434 552 470 
1140 434 849 552 
1141 436 746 435 
1142 435 741 740 
1143 435 746 741 
1144 437 438 436 
1145 438 451 436 
1146 451 746 436 
1147 437 439 438 
1148 437 443 439 
1149 437 1128 443 
1150 439 475 438 
1151 438 1039 451 
1152 475 1039 438 
1153 443 444 439 
1154 444 902 439 
1155 439 902 475 
1156 440 456 455 
1157 440 495 456 
1158 440 929 495 
1159 441 555 517 
1160 441 587 555 
1161 441 1147 587 
1162 733 931 442 
1163 442 1067 733 
1164 931 1166 442 
1165 976 1067 442 
1166 443 482 444 
1167 443 900 482 
1168 443 1128 900 
1169 482 635 444 
1170 635 667 444 
1171 667 902 444 
1172 494 507 445 
1173 507 508 445 
1174 508 835 445 
1175 446 995 614 
1176 446 722 721 
1177 721 995 446 
1178 459 460 447 
1179 460 629 447 
1180 629 845 447 
1181 449 471 448 
1182 471 472 448 
1183 472 847 448 
1184 449 572 471 
1185 449 649 572 
1186 449 872 649 
1187 450 590 506 
1188 450 596 590 
1189 450 871 596 
1190 451 747 746 
1191 451 748 747 
1192 451 1039 748 
1193 452 1100 803 
1194 835 919 452 
1195 919 1100 452 
1196 453 485 484 
1197 453 1137 485 
1198 831 1137 453 
1199 820 821 454 
1200 821 822 454 
1201 822 842 454 
1202 456 650 455 
1203 650 946 455 
1204 455 946 676 
1205 495 533 456 
1206 533 953 456 
1207 456 953 650 
1208 458 535 457 
1209 535 536 457 
1210 536 851 457 
1211 476 477 458 
1212 477 856 458 
1213 458 856 535 
1214 459 498 460 
1215 459 883 498 
1216 847 883 459 
1217 498 499 460 
1218 499 1110 460 
1219 460 1110 629 
1220 462 546 461 
1221 546 547 461 
1222 547 852 461 
1223 510 511 462 
1224 511 870 462 
1225 462 870 546 
1226 464 465 463 
1227 465 474 463 
1228 474 788 463 
1229 464 466 465 
1230 464 1078 466 
1231 598 1078 464 
1232 466 467 465 
1233 467 922 465 
1234 465 922 474 
1235 466 468 467 
1236 466 1057 468 
1237 466 1078 1057 
1238 468 491 467 
1239 491 901 467 
1240 901 922 467 
1241 468 492 491 
1242 468 1102 492 
1243 1057 1102 468 
1244 470 867 469 
1245 469 568 505 
1246 469 867 568 
1247 552 553 470 
1248 553 554 470 
1249 554 867 470 
1250 471 548 472 
1251 471 879 548 
1252 572 879 471 
1253 548 549 472 
1254 549 848 472 
1255 472 848 847 
1256 500 501 473 
1257 501 832 473 
1258 473 832 831 
1259 474 1103 788 
1260 922 1025 474 
1261 1025 1103 474 
1262 902 1036 475 
1263 475 1036 1028 
1264 1028 1039 475 
1265 476 557 477 
1266 476 1158 557 
1267 1014 1158 476 
1268 557 558 477 
1269 558 559 477 
1270 559 856 477 
1271 797 1023 478 
1272 478 974 824 
1273 478 1023 974 
1274 690 1000 479 
1275 479 1064 998 
1276 1000 1064 479 
1277 480 623 481 
1278 480 711 623 
1279 480 846 711 
1280 623 624 481 
1281 624 625 481 
1282 625 850 481 
1283 482 684 635 
1284 482 694 684 
1285 482 900 694 
1286 732 1003 483 
1287 483 1098 732 
1288 775 1098 483 
1289 485 1002 484 
1290 484 601 600 
1291 484 1002 601 
1292 485 1138 1002 
1293 485 1137 1021 
1294 1021 1138 485 
1295 486 934 487 
1296 486 1121 729 
1297 729 1133 486 
1298 486 1133 934 
1299 487 524 488 
1300 487 525 524 
1301 487 934 525 
1302 524 526 488 
1303 526 680 488 
1304 680 941 488 
1305 489 574 490 
1306 489 672 574 
1307 489 836 672 
1308 574 584 490 
1309 584 1143 490 
1310 490 1143 677 
1311 492 562 491 
1312 562 579 491 
1313 579 901 491 
1314 492 563 562 
1315 492 575 563 
1316 492 1102 575 
1317 493 800 799 
1318 493 801 800 
1319 493 802 801 
1320 494 745 507 
1321 540 541 494 
1322 541 745 494 
1323 495 609 533 
1324 495 611 609 
1325 495 929 611 
1326 496 1077 798 
1327 844 1052 496 
1328 1052 1077 496 
1329 734 926 497 
1330 497 1065 734 
1331 744 1065 497 
1332 498 531 499 
1333 498 532 531 
1334 498 883 532 
1335 531 718 499 
1336 718 1062 499 
1337 1062 1110 499 
1338 500 502 501 
1339 500 608 502 
1340 500 864 608 
1341 502 503 501 
1342 503 585 501 
1343 585 832 501 
1344 502 527 503 
1345 502 893 527 
1346 608 893 502 
1347 527 528 503 
1348 528 794 503 
1349 503 794 585 
1350 504 805 804 
1351 504 1173 805 
1352 890 1173 504 
1353 568 787 505 
1354 787 1033 505 
1355 505 1033 823 
1356 590 628 506 
1357 628 1015 506 
1358 1015 1167 506 
1359 507 509 508 
1360 507 1027 509 
1361 745 1027 507 
1362 509 615 508 
1363 615 617 508 
1364 617 835 508 
1365 509 616 615 
1366 509 1123 616 
1367 1027 1123 509 
1368 510 518 511 
1369 510 681 518 
1370 510 841 681 
1371 518 519 511 
1372 519 520 511 
1373 520 870 511 
1374 679 700 512 
1375 700 701 512 
1376 701 1020 512 
1377 513 1047 772 
1378 772 1152 513 
1379 513 1152 925 
1380 534 576 514 
1381 514 992 550 
1382 576 992 514 
1383 515 556 516 
1384 515 1022 556 
1385 715 1022 515 
1386 515 1167 715 
1387 556 573 516 
1388 573 685 516 
1389 685 844 516 
1390 555 1004 517 
1391 517 606 605 
1392 517 1004 606 
1393 518 829 519 
1394 681 682 518 
1395 682 829 518 
1396 519 521 520 
1397 519 522 521 
1398 519 829 522 
1399 521 873 520 
1400 520 975 870 
1401 873 975 520 
1402 522 523 521 
1403 523 537 521 
1404 537 873 521 
1405 522 863 523 
1406 829 830 522 
1407 830 863 522 
1408 523 538 537 
1409 523 539 538 
1410 523 863 539 
1411 525 651 524 
1412 524 1087 526 
1413 651 1087 524 
1414 525 652 651 
1415 525 673 652 
1416 525 934 673 
1417 526 686 680 
1418 526 687 686 
1419 526 1087 687 
1420 527 529 528 
1421 527 642 529 
1422 527 893 642 
1423 529 567 528 
1424 567 591 528 
1425 591 794 528 
1426 529 597 567 
1427 529 1181 597 
1428 642 1181 529 
1429 938 939 530 
1430 530 1178 938 
1431 939 1116 530 
1432 532 731 531 
1433 531 796 718 
1434 731 796 531 
1435 532 977 731 
1436 883 918 532 
1437 918 977 532 
1438 609 737 533 
1439 737 1099 533 
1440 533 1099 953 
1441 534 588 576 
1442 534 654 588 
1443 534 925 654 
1444 535 592 536 
1445 535 951 592 
1446 856 951 535 
1447 592 626 536 
1448 626 627 536 
1449 627 851 536 
1450 538 565 537 
1451 565 683 537 
1452 683 873 537 
1453 539 857 538 
1454 538 566 565 
1455 538 857 566 
1456 539 858 857 
1457 539 859 858 
1458 539 863 859 
1459 540 1012 541 
1460 915 970 540 
1461 970 1012 540 
1462 541 1070 745 
1463 1012 1048 541 
1464 1048 1070 541 
1465 542 961 834 
1466 845 1009 542 
1467 542 1009 961 
1468 818 819 543 
1469 819 972 543 
1470 543 972 871 
1471 544 965 897 
1472 544 1013 965 
1473 544 1056 1013 
1474 545 966 889 
1475 947 1008 545 
1476 545 1008 966 
1477 546 603 547 
1478 546 632 603 
1479 546 870 632 
1480 603 660 547 
1481 660 661 547 
1482 661 852 547 
1483 548 643 549 
1484 548 769 643 
1485 548 879 769 
1486 643 644 549 
1487 644 645 549 
1488 645 848 549 
1489 550 928 927 
1490 550 1148 928 
1491 992 1148 550 
1492 551 1107 801 
1493 960 1095 551 
1494 1095 1107 551 
1495 552 853 553 
1496 849 985 552 
1497 552 985 853 
1498 553 569 554 
1499 553 653 569 
1500 553 853 653 
1501 569 570 554 
1502 570 621 554 
1503 621 867 554 
1504 587 699 555 
1505 699 707 555 
1506 707 1004 555 
1507 556 658 573 
1508 556 711 658 
1509 556 1022 711 
1510 557 854 558 
1511 557 855 854 
1512 557 1158 855 
1513 558 560 559 
1514 558 561 560 
1515 558 854 561 
1516 560 607 559 
1517 607 610 559 
1518 610 856 559 
1519 561 564 560 
1520 564 877 560 
1521 560 877 607 
1522 561 586 564 
1523 561 843 586 
1524 561 854 843 
1525 563 899 562 
1526 562 692 579 
1527 562 899 692 
1528 575 577 563 
1529 577 578 563 
1530 578 899 563 
1531 586 633 564 
1532 633 659 564 
1533 659 877 564 
1534 566 593 565 
1535 593 876 565 
1536 565 876 683 
1537 566 594 593 
1538 566 789 594 
1539 566 857 789 
1540 567 637 591 
1541 597 718 567 
1542 567 718 637 
1543 568 1111 787 
1544 867 1092 568 
1545 1092 1111 568 
1546 569 697 570 
1547 653 861 569 
1548 569 861 697 
1549 570 622 621 
1550 570 868 622 
1551 697 868 570 
1552 670 1055 571 
1553 571 778 777 
1554 571 1055 778 
1555 649 705 572 
1556 705 706 572 
1557 706 879 572 
1558 658 954 573 
1559 573 880 685 
1560 573 954 880 
1561 574 675 584 
1562 672 1050 574 
1563 574 1050 675 
1564 575 712 577 
1565 575 1091 712 
1566 575 1102 1091 
1567 588 733 576 
1568 733 1179 576 
1569 576 1179 992 
1570 577 724 578 
1571 712 1124 577 
1572 577 1124 724 
1573 724 725 578 
1574 725 726 578 
1575 726 899 578 
1576 692 693 579 
1577 693 698 579 
1578 698 901 579 
1579 581 618 580 
1580 618 1126 580 
1581 580 1126 739 
1582 581 691 618 
1583 581 1085 691 
1584 1044 1085 581 
1585 583 702 582 
1586 702 1160 582 
1587 582 1160 880 
1588 583 703 702 
1589 583 943 703 
1590 826 943 583 
1591 675 776 584 
1592 584 776 725 
1593 725 1143 584 
1594 794 1088 585 
1595 585 833 832 
1596 585 1088 833 
1597 586 655 633 
1598 586 656 655 
1599 586 843 656 
1600 587 855 699 
1601 587 958 855 
1602 587 1147 958 
1603 654 729 588 
1604 729 931 588 
1605 588 931 733 
1606 589 1017 945 
1607 589 1171 1017 
1608 1170 1171 589 
1609 596 1120 590 
1610 590 708 628 
1611 590 1120 708 
1612 637 638 591 
1613 638 704 591 
1614 704 794 591 
1615 592 674 626 
1616 592 959 674 
1617 951 959 592 
1618 594 657 593 
1619 657 771 593 
1620 771 876 593 
1621 594 716 657 
1622 594 717 716 
1623 594 789 717 
1624 636 1006 595 
1625 595 986 825 
1626 595 1006 986 
1627 871 972 596 
1628 972 1042 596 
1629 1042 1120 596 
1630 597 1062 718 
1631 777 778 597 
1632 597 1181 777 
1633 778 1062 597 
1634 709 769 598 
1635 769 1144 598 
1636 598 1144 1078 
1637 599 943 807 
1638 824 974 599 
1639 599 974 943 
1640 601 640 600 
1641 640 828 600 
1642 600 828 827 
1643 601 732 640 
1644 601 1156 732 
1645 1002 1156 601 
1646 602 738 737 
1647 602 1045 738 
1648 791 1045 602 
1649 632 988 603 
1650 603 971 660 
1651 603 988 971 
1652 803 985 604 
1653 604 952 811 
1654 604 985 952 
1655 606 787 605 
1656 605 787 782 
1657 782 1140 605 
1658 606 1033 787 
1659 606 822 821 
1660 821 1033 606 
1661 606 1004 822 
1662 607 678 610 
1663 607 1059 678 
1664 877 1059 607 
1665 864 865 608 
1666 865 1018 608 
1667 608 1018 893 
1668 611 612 609 
1669 612 999 609 
1670 609 999 737 
1671 678 1011 610 
1672 610 951 856 
1673 610 1011 951 
1674 611 613 612 
1675 611 979 613 
1676 929 979 611 
1677 613 721 612 
1678 721 723 612 
1679 723 999 612 
1680 613 995 721 
1681 979 1141 613 
1682 613 1141 995 
1683 614 1021 688 
1684 995 996 614 
1685 996 1021 614 
1686 616 838 615 
1687 615 630 617 
1688 615 838 630 
1689 742 1081 616 
1690 616 1123 742 
1691 616 839 838 
1692 616 1081 839 
1693 630 631 617 
1694 631 919 617 
1695 617 919 835 
1696 691 1069 618 
1697 1069 1081 618 
1698 1081 1126 618 
1699 740 1131 619 
1700 619 1174 916 
1701 1131 1174 619 
1702 689 998 620 
1703 620 1064 869 
1704 998 1064 620 
1705 622 1000 621 
1706 621 1092 867 
1707 1000 1092 621 
1708 868 869 622 
1709 869 1064 622 
1710 622 1064 1000 
1711 623 715 624 
1712 711 1022 623 
1713 623 1022 715 
1714 624 713 625 
1715 624 1015 713 
1716 715 1015 624 
1717 713 714 625 
1718 714 967 625 
1719 625 967 850 
1720 626 641 627 
1721 626 1038 641 
1722 674 1038 626 
1723 641 716 627 
1724 716 1010 627 
1725 627 1010 851 
1726 708 1155 628 
1727 713 1015 628 
1728 628 1016 713 
1729 628 1155 1016 
1730 629 1009 845 
1731 629 1055 1009 
1732 629 1110 1055 
1733 630 1053 631 
1734 838 1172 630 
1735 630 1172 1053 
1736 631 862 861 
1737 861 1150 631 
1738 631 1053 862 
1739 631 1150 919 
1740 870 975 632 
1741 975 1040 632 
1742 632 1040 988 
1743 655 734 633 
1744 633 1065 659 
1745 734 1065 633 
1746 634 926 734 
1747 734 1051 634 
1748 634 940 926 
1749 635 745 667 
1750 684 1027 635 
1751 635 1027 745 
1752 880 954 636 
1753 954 1127 636 
1754 636 1127 1006 
1755 637 639 638 
1756 637 796 639 
1757 718 796 637 
1758 639 785 638 
1759 638 1058 704 
1760 785 1058 638 
1761 639 796 731 
1762 731 987 639 
1763 639 987 785 
1764 732 1098 640 
1765 640 968 828 
1766 640 1098 968 
1767 641 1082 716 
1768 1038 1072 641 
1769 1072 1082 641 
1770 893 1054 642 
1771 1054 1108 642 
1772 1108 1181 642 
1773 643 993 644 
1774 769 1146 643 
1775 643 1146 993 
1776 644 646 645 
1777 644 647 646 
1778 644 993 647 
1779 646 648 645 
1780 648 918 645 
1781 645 918 848 
1782 647 736 646 
1783 646 735 648 
1784 646 736 735 
1785 647 770 736 
1786 735 977 648 
1787 648 977 918 
1788 649 1091 705 
1789 872 1024 649 
1790 1024 1091 649 
1791 650 1179 946 
1792 953 1148 650 
1793 650 1148 992 
1794 992 1179 650 
1795 652 1157 651 
1796 651 1060 913 
1797 913 1087 651 
1798 651 1157 1060 
1799 673 772 652 
1800 772 773 652 
1801 773 1157 652 
1802 853 1100 653 
1803 653 1150 861 
1804 1100 1150 653 
1805 654 1133 729 
1806 925 1142 654 
1807 654 1142 1133 
1808 656 1051 655 
1809 655 1051 734 
1810 843 1117 656 
1811 656 1118 1051 
1812 1117 1118 656 
1813 716 1082 657 
1814 657 1041 771 
1815 657 1082 1041 
1816 711 1046 658 
1817 658 955 954 
1818 658 1046 955 
1819 659 1065 744 
1820 744 1112 659 
1821 659 1112 877 
1822 660 1006 661 
1823 971 986 660 
1824 986 1006 660 
1825 661 955 852 
1826 661 1127 955 
1827 1006 1127 661 
1828 663 1012 662 
1829 662 970 795 
1830 662 1012 970 
1831 664 665 663 
1832 665 1048 663 
1833 663 1048 1012 
1834 664 666 665 
1835 664 668 666 
1836 664 812 668 
1837 666 1036 665 
1838 1036 1071 665 
1839 665 1071 1048 
1840 668 669 666 
1841 669 1028 666 
1842 1028 1036 666 
1843 745 1070 667 
1844 667 1071 902 
1845 1070 1071 667 
1846 668 980 669 
1847 812 888 668 
1848 888 980 668 
1849 751 1076 669 
1850 669 1149 751 
1851 980 1149 669 
1852 669 1076 1028 
1853 809 961 670 
1854 961 1009 670 
1855 1009 1055 670 
1856 840 965 671 
1857 671 1013 841 
1858 965 1013 671 
1859 836 966 672 
1860 966 1008 672 
1861 1008 1050 672 
1862 673 1152 772 
1863 934 1142 673 
1864 1142 1152 673 
1865 959 984 674 
1866 984 1019 674 
1867 1019 1038 674 
1868 675 1175 776 
1869 1050 1109 675 
1870 1109 1175 675 
1871 676 976 935 
1872 946 1067 676 
1873 676 1067 976 
1874 724 1124 677 
1875 677 1143 724 
1876 677 1074 881 
1877 677 1124 1074 
1878 963 1034 678 
1879 678 1059 963 
1880 678 1034 1011 
1881 679 720 700 
1882 679 957 720 
1883 686 1044 680 
1884 680 994 941 
1885 680 1044 994 
1886 681 1056 682 
1887 841 1013 681 
1888 1013 1056 681 
1889 682 1176 829 
1890 1056 1134 682 
1891 1134 1176 682 
1892 683 874 873 
1893 683 1135 874 
1894 876 1135 683 
1895 694 742 684 
1896 742 1123 684 
1897 684 1123 1027 
1898 685 1052 844 
1899 880 1160 685 
1900 685 1160 1052 
1901 687 728 686 
1902 728 1085 686 
1903 686 1085 1044 
1904 687 783 728 
1905 687 1161 783 
1906 687 1087 913 
1907 913 1161 687 
1908 688 833 786 
1909 688 1162 833 
1910 1021 1162 688 
1911 710 938 689 
1912 938 1178 689 
1913 689 1178 998 
1914 782 1111 690 
1915 690 1092 1000 
1916 690 1111 1092 
1917 691 1085 728 
1918 728 1151 691 
1919 911 1069 691 
1920 691 1151 911 
1921 692 1164 693 
1922 899 973 692 
1923 973 1164 692 
1924 693 997 698 
1925 990 997 693 
1926 693 1164 990 
1927 694 1126 742 
1928 900 1126 694 
1929 695 1002 696 
1930 695 1156 1002 
1931 1003 1156 695 
1932 696 1141 979 
1933 696 1138 996 
1934 996 1141 696 
1935 1002 1138 696 
1936 861 862 697 
1937 862 920 697 
1938 697 920 868 
1939 698 969 901 
1940 698 1104 969 
1941 699 1014 707 
1942 855 1158 699 
1943 699 1158 1014 
1944 700 1025 701 
1945 720 1103 700 
1946 700 1103 1025 
1947 701 1025 969 
1948 969 1104 701 
1949 701 1104 1020 
1950 703 1077 702 
1951 702 1077 1052 
1952 1052 1160 702 
1953 943 974 703 
1954 974 1023 703 
1955 1023 1077 703 
1956 704 1058 786 
1957 786 1088 704 
1958 704 1088 794 
1959 705 1057 706 
1960 705 1102 1057 
1961 1091 1102 705 
1962 706 1144 879 
1963 1057 1078 706 
1964 1078 1144 706 
1965 822 1004 707 
1966 707 1136 822 
1967 1014 1136 707 
1968 890 1155 708 
1969 708 1173 890 
1970 1120 1173 708 
1971 709 1146 769 
1972 709 1168 1146 
1973 710 1080 938 
1974 956 1090 710 
1975 710 1090 1080 
1976 846 1046 711 
1977 1024 1074 712 
1978 712 1091 1024 
1979 1074 1124 712 
1980 713 1016 714 
1981 714 1007 967 
1982 991 1007 714 
1983 714 1016 991 
1984 715 1167 1015 
1985 717 1010 716 
1986 789 1075 717 
1987 717 1075 1010 
1988 927 1005 719 
1989 720 908 788 
1990 788 1103 720 
1991 722 1115 721 
1992 721 1115 723 
1993 722 1154 1115 
1994 723 1115 1114 
1995 724 1143 725 
1996 725 727 726 
1997 725 776 727 
1998 727 743 726 
1999 743 973 726 
2000 726 973 899 
2001 727 1043 743 
2002 729 1121 931 
2003 730 1132 1066 
2004 977 987 731 
2005 732 1156 1003 
2006 733 1067 946 
2007 946 1179 733 
2008 736 1105 735 
2009 735 1119 977 
2010 735 1105 1101 
2011 1101 1119 735 
2012 770 1030 736 
2013 1030 1105 736 
2014 738 1099 737 
2015 738 1005 928 
2016 928 1099 738 
2017 738 1045 1005 
2018 739 1126 900 
2019 900 1128 739 
2020 1128 1129 739 
2021 741 1035 740 
2022 1035 1131 740 
2023 746 950 741 
2024 950 1032 741 
2025 1032 1035 741 
2026 742 1126 1081 
2027 747 950 746 
2028 748 749 747 
2029 749 750 747 
2030 750 950 747 
2031 748 751 749 
2032 748 1076 751 
2033 1039 1076 748 
2034 749 752 750 
2035 751 904 749 
2036 749 904 752 
2037 752 753 750 
2038 753 754 750 
2039 754 950 750 
2040 751 1149 904 
2041 904 1073 752 
2042 753 755 754 
2043 753 767 755 
2044 755 756 754 
2045 756 1032 754 
2046 754 1032 950 
2047 755 757 756 
2048 755 793 757 
2049 767 793 755 
2050 757 758 756 
2051 758 761 756 
2052 761 1032 756 
2053 757 759 758 
2054 757 760 759 
2055 757 793 760 
2056 759 1096 758 
2057 758 766 761 
2058 758 1096 766 
2059 760 762 759 
2060 762 764 759 
2061 764 1096 759 
2062 760 763 762 
2063 760 774 763 
2064 760 793 774 
2065 766 1131 761 
2066 761 1035 1032 
2067 761 1131 1035 
2068 763 765 762 
2069 762 1095 764 
2070 765 1095 762 
2071 763 949 765 
2072 774 1106 763 
2073 763 1106 949 
2074 764 1095 960 
2075 949 1086 765 
2076 1086 1107 765 
2077 765 1107 1095 
2078 1096 1174 766 
2079 766 1174 1131 
2080 767 1130 793 
2081 1029 1130 767 
2082 768 1094 989 
2083 879 1144 769 
2084 770 792 780 
2085 780 1030 770 
2086 771 982 876 
2087 772 903 773 
2088 772 1047 903 
2089 903 1084 773 
2090 793 1130 774 
2091 882 1106 774 
2092 894 968 775 
2093 968 1098 775 
2094 777 1181 1108 
2095 1055 1110 778 
2096 778 1110 1062 
2097 780 1093 779 
2098 779 1093 781 
2099 792 1093 780 
2100 780 1122 1030 
2101 930 1163 781 
2102 781 1163 1061 
2103 787 1111 782 
2104 833 1088 786 
2105 857 1079 789 
2106 795 970 810 
2107 798 1023 797 
2108 798 1077 1023 
2109 800 948 799 
2110 801 1086 800 
2111 800 949 948 
2112 800 1086 949 
2113 801 1107 1086 
2114 853 985 803 
2115 803 1100 853 
2116 805 962 804 
2117 804 962 806 
2118 805 1042 962 
2119 805 1120 1042 
2120 805 1173 1120 
2121 807 943 826 
2122 808 961 809 
2123 834 961 808 
2124 810 970 915 
2125 813 952 849 
2126 814 1108 1054 
2127 816 947 815 
2128 816 1008 947 
2129 816 1050 1008 
2130 816 1109 1050 
2131 817 819 818 
2132 817 964 819 
2133 964 983 819 
2134 819 983 972 
2135 820 823 821 
2136 823 1033 821 
2137 822 1136 842 
2138 828 917 827 
2139 829 1176 830 
2140 830 1037 863 
2141 830 887 885 
2142 885 1037 830 
2143 830 1176 887 
2144 832 1162 831 
2145 831 1162 1137 
2146 833 1162 832 
2147 837 966 836 
2148 889 966 837 
2149 839 1081 1069 
2150 891 965 840 
2151 854 1068 843 
2152 1068 1117 843 
2153 848 883 847 
2154 848 918 883 
2155 952 985 849 
2156 850 967 907 
2157 855 1068 854 
2158 958 1068 855 
2159 858 1079 857 
2160 859 860 858 
2161 860 878 858 
2162 878 1079 858 
2163 859 1125 860 
2164 863 1037 859 
2165 1037 1125 859 
2166 860 1169 878 
2167 864 981 865 
2168 865 896 866 
2169 866 1018 865 
2170 865 981 896 
2171 868 1180 869 
2172 920 1180 868 
2173 869 1180 933 
2174 874 975 873 
2175 874 1040 975 
2176 874 1097 1040 
2177 874 1135 1097 
2178 971 988 875 
2179 877 1112 1059 
2180 884 1037 885 
2181 884 1125 1037 
2182 885 887 886 
2183 887 906 886 
2184 887 1134 906 
2185 887 1176 1134 
2186 897 965 891 
2187 892 1175 1109 
2188 1018 1054 893 
2189 904 1149 895 
2190 895 1149 980 
2191 1041 1072 898 
2192 901 969 922 
2193 902 1071 1036 
2194 903 1113 1084 
2195 1145 1165 909 
2196 913 1060 912 
2197 1026 1049 914 
2198 919 1150 1100 
2199 969 1025 922 
2200 942 1026 923 
2201 925 1152 1142 
2202 928 1005 927 
2203 953 1099 928 
2204 928 1148 953 
2205 1121 1166 931 
2206 1133 1142 934 
2207 936 1017 937 
2208 938 1080 937 
2209 937 1171 938 
2210 1017 1171 937 
2211 938 1171 939 
2212 939 1170 1116 
2213 939 1171 1170 
2214 951 1011 959 
2215 955 1127 954 
2216 956 1139 1090 
2217 962 1042 983 
2218 983 1042 972 
2219 977 1119 987 
2220 1094 1153 989 
2221 1146 1168 993 
2222 995 1141 996 
2223 996 1138 1021 
2224 1137 1162 1021 
2225 1028 1076 1039 
2226 1041 1082 1072 
2227 1048 1071 1070 
2228 1163 1165 1061 
2 5 2 34
2229 16 1194 1 
2230 1 1195 29 
2231 1 1194 32 
2232 32 1195 1 
2233 3 1188 18 
2234 27 1189 3 
2235 3 1189 1188 
2236 32 1194 5 
2237 5 1195 32 
2238 5 1194 33 
2239 39 1195 5 
2240 17 1192 16 
2241 1192 1194 16 
2242 18 1190 17 
2243 1190 1192 17 
2244 1188 1190 18 
2245 28 1191 27 
2246 27 1191 1189 
2247 29 1193 28 
2248 28 1193 1191 
2249 29 1195 1193 
2250 33 1192 34 
2251 33 1194 1192 
2252 34 1190 35 
2253 34 1192 1190 
2254 35 1188 36 
2255 35 1190 1188 
2256 36 1189 37 
2257 1188 1189 36 
2258 37 1191 38 
2259 1189 1191 37 
2260 38 1193 39 
2261 1191 1193 38 
2262 1193 1195 39 
2 7 2 190
2263 33 1275 5 
2264 5 1273 39 
2265 47 1273 5 
2266 5 1275 47 
2267 6 1274 40 
2268 46 1272 6 
2269 6 1272 55 
2270 55 1274 6 
2271 34 1260 33 
2272 1260 1275 33 
2273 35 1207 34 
2274 1207 1260 34 
2275 36 1269 35 
2276 35 1269 1207 
2277 37 1205 36 
2278 1205 1269 36 
2279 38 1270 37 
2280 37 1270 1205 
2281 39 1210 38 
2282 1210 1270 38 
2283 39 1273 1210 
2284 40 1259 41 
2285 40 1274 1259 
2286 41 1206 42 
2287 41 1259 1206 
2288 42 1268 43 
2289 1206 1268 42 
2290 43 1203 44 
2291 43 1268 1203 
2292 44 1271 45 
2293 1203 1271 44 
2294 45 1250 46 
2295 45 1271 1250 
2296 1250 1272 46 
2297 47 1212 48 
2298 48 1258 47 
2299 47 1275 1212 
2300 1258 1273 47 
2301 49 1208 48 
2302 48 1254 49 
2303 1208 1258 48 
2304 1212 1254 48 
2305 49 1201 50 
2306 50 1219 49 
2307 49 1254 1201 
2308 49 1219 1208 
2309 51 1200 50 
2310 50 1266 51 
2311 1200 1219 50 
2312 1201 1266 50 
2313 52 1216 51 
2314 51 1267 52 
2315 51 1216 1200 
2316 1266 1267 51 
2317 52 1202 53 
2318 53 1204 52 
2319 52 1267 1202 
2320 1204 1216 52 
2321 54 1213 53 
2322 53 1265 54 
2323 1202 1265 53 
2324 53 1213 1204 
2325 55 1209 54 
2326 54 1211 55 
2327 1209 1213 54 
2328 54 1265 1211 
2329 55 1272 1209 
2330 1211 1274 55 
2331 1216 1217 1200 
2332 1217 1218 1200 
2333 1218 1219 1200 
2334 1241 1266 1201 
2335 1201 1276 1241 
2336 1254 1263 1201 
2337 1263 1276 1201 
2338 1242 1264 1202 
2339 1202 1267 1242 
2340 1202 1264 1244 
2341 1244 1265 1202 
2342 1245 1252 1203 
2343 1203 1268 1245 
2344 1203 1252 1251 
2345 1251 1271 1203 
2346 1213 1214 1204 
2347 1214 1215 1204 
2348 1215 1216 1204 
2349 1226 1230 1205 
2350 1205 1253 1226 
2351 1230 1269 1205 
2352 1205 1270 1253 
2353 1243 1245 1206 
2354 1206 1261 1243 
2355 1245 1268 1206 
2356 1259 1261 1206 
2357 1230 1262 1207 
2358 1207 1269 1230 
2359 1207 1277 1260 
2360 1262 1277 1207 
2361 1219 1220 1208 
2362 1220 1221 1208 
2363 1221 1258 1208 
2364 1209 1249 1213 
2365 1209 1250 1249 
2366 1209 1272 1250 
2367 1221 1253 1210 
2368 1210 1258 1221 
2369 1253 1270 1210 
2370 1210 1273 1258 
2371 1244 1261 1211 
2372 1211 1265 1244 
2373 1211 1261 1259 
2374 1259 1274 1211 
2375 1212 1255 1254 
2376 1212 1277 1255 
2377 1212 1275 1260 
2378 1260 1277 1212 
2379 1213 1249 1214 
2380 1214 1233 1215 
2381 1214 1235 1233 
2382 1214 1249 1235 
2383 1215 1217 1216 
2384 1215 1246 1217 
2385 1233 1246 1215 
2386 1217 1223 1218 
2387 1217 1246 1223 
2388 1218 1220 1219 
2389 1218 1224 1220 
2390 1223 1224 1218 
2391 1220 1222 1221 
2392 1220 1224 1222 
2393 1222 1253 1221 
2394 1224 1225 1222 
2395 1225 1226 1222 
2396 1226 1253 1222 
2397 1223 1257 1224 
2398 1246 1247 1223 
2399 1247 1257 1223 
2400 1224 1257 1225 
2401 1225 1227 1226 
2402 1225 1228 1227 
2403 1225 1257 1228 
2404 1227 1230 1226 
2405 1228 1229 1227 
2406 1229 1262 1227 
2407 1227 1262 1230 
2408 1228 1231 1229 
2409 1228 1232 1231 
2410 1228 1257 1232 
2411 1231 1276 1229 
2412 1255 1262 1229 
2413 1229 1263 1255 
2414 1229 1276 1263 
2415 1232 1234 1231 
2416 1234 1241 1231 
2417 1241 1276 1231 
2418 1232 1248 1234 
2419 1247 1248 1232 
2420 1232 1257 1247 
2421 1235 1236 1233 
2422 1236 1237 1233 
2423 1237 1246 1233 
2424 1234 1242 1241 
2425 1234 1256 1242 
2426 1248 1256 1234 
2427 1235 1252 1236 
2428 1249 1251 1235 
2429 1251 1252 1235 
2430 1236 1238 1237 
2431 1236 1239 1238 
2432 1236 1252 1239 
2433 1238 1248 1237 
2434 1237 1247 1246 
2435 1237 1248 1247 
2436 1239 1240 1238 
2437 1240 1256 1238 
2438 1238 1256 1248 
2439 1239 1243 1240 
2440 1239 1245 1243 
2441 1239 1252 1245 
2442 1243 1244 1240 
2443 1244 1264 1240 
2444 1240 1264 1256 
2445 1242 1266 1241 
2446 1256 1264 1242 
2447 1242 1267 1266 
2448 1243 1261 1244 
2449 1250 1251 1249 
2450 1250 1271 1251 
2451 1255 1263 1254 
2452 1255 1277 1262 
2 9 2 520
2453 40 1491 6 
2454 6 1496 46 
2455 6 1491 63 
2456 63 1496 6 
2457 7 1490 56 
2458 62 1489 7 
2459 7 1489 88 
2460 88 1490 7 
2461 41 1470 40 
2462 1470 1491 40 
2463 42 1479 41 
2464 41 1479 1470 
2465 43 1303 42 
2466 1303 1479 42 
2467 44 1480 43 
2468 43 1480 1303 
2469 45 1304 44 
2470 1304 1480 44 
2471 46 1464 45 
2472 45 1464 1304 
2473 46 1496 1464 
2474 56 1469 57 
2475 56 1490 1469 
2476 57 1483 58 
2477 1469 1483 57 
2478 58 1302 59 
2479 58 1483 1302 
2480 59 1478 60 
2481 1302 1478 59 
2482 60 1305 61 
2483 60 1478 1305 
2484 61 1465 62 
2485 1305 1465 61 
2486 1465 1489 62 
2487 63 1307 64 
2488 64 1407 63 
2489 63 1491 1307 
2490 1407 1496 63 
2491 65 1301 64 
2492 64 1386 65 
2493 1301 1407 64 
2494 1307 1386 64 
2495 65 1290 66 
2496 66 1311 65 
2497 65 1386 1290 
2498 65 1311 1301 
2499 67 1286 66 
2500 66 1421 67 
2501 1286 1311 66 
2502 1290 1421 66 
2503 67 1292 68 
2504 68 1412 67 
2505 67 1412 1286 
2506 67 1421 1292 
2507 69 1411 68 
2508 68 1426 69 
2509 1292 1426 68 
2510 1411 1412 68 
2511 70 1284 69 
2512 69 1293 70 
2513 1284 1411 69 
2514 69 1426 1293 
2515 71 1399 70 
2516 70 1429 71 
2517 70 1399 1284 
2518 1293 1429 70 
2519 71 1295 72 
2520 72 1401 71 
2521 71 1429 1295 
2522 71 1401 1399 
2523 73 1285 72 
2524 72 1435 73 
2525 1285 1401 72 
2526 1295 1435 72 
2527 73 1297 74 
2528 74 1404 73 
2529 73 1404 1285 
2530 73 1435 1297 
2531 75 1402 74 
2532 74 1441 75 
2533 1297 1441 74 
2534 1402 1404 74 
2535 76 1282 75 
2536 75 1299 76 
2537 1282 1402 75 
2538 75 1441 1299 
2539 77 1388 76 
2540 76 1444 77 
2541 76 1388 1282 
2542 1299 1444 76 
2543 77 1298 78 
2544 78 1387 77 
2545 77 1444 1298 
2546 1387 1388 77 
2547 79 1287 78 
2548 78 1438 79 
2549 1287 1387 78 
2550 1298 1438 78 
2551 79 1296 80 
2552 80 1395 79 
2553 79 1395 1287 
2554 79 1438 1296 
2555 81 1394 80 
2556 80 1432 81 
2557 1296 1432 80 
2558 1394 1395 80 
2559 82 1283 81 
2560 81 1294 82 
2561 1283 1394 81 
2562 81 1432 1294 
2563 83 1391 82 
2564 82 1419 83 
2565 82 1391 1283 
2566 1294 1419 82 
2567 83 1291 84 
2568 84 1390 83 
2569 83 1419 1291 
2570 1390 1391 83 
2571 85 1288 84 
2572 84 1415 85 
2573 1288 1390 84 
2574 1291 1415 84 
2575 85 1289 86 
2576 86 1308 85 
2577 85 1308 1288 
2578 85 1415 1289 
2579 87 1300 86 
2580 86 1385 87 
2581 1289 1385 86 
2582 1300 1308 86 
2583 87 1306 88 
2584 88 1409 87 
2585 87 1409 1300 
2586 87 1385 1306 
2587 1306 1490 88 
2588 88 1489 1409 
2589 1388 1389 1282 
2590 1389 1403 1282 
2591 1282 1403 1402 
2592 1391 1392 1283 
2593 1392 1398 1283 
2594 1283 1398 1394 
2595 1399 1400 1284 
2596 1400 1413 1284 
2597 1284 1413 1411 
2598 1285 1406 1401 
2599 1404 1405 1285 
2600 1405 1406 1285 
2601 1286 1312 1311 
2602 1286 1313 1312 
2603 1286 1412 1313 
2604 1287 1397 1387 
2605 1395 1396 1287 
2606 1396 1397 1287 
2607 1308 1309 1288 
2608 1309 1310 1288 
2609 1310 1390 1288 
2610 1289 1501 1385 
2611 1415 1493 1289 
2612 1289 1493 1459 
2613 1459 1501 1289 
2614 1386 1500 1290 
2615 1290 1422 1421 
2616 1290 1500 1422 
2617 1291 1416 1415 
2618 1291 1417 1416 
2619 1291 1419 1417 
2620 1421 1448 1292 
2621 1292 1427 1426 
2622 1292 1448 1427 
2623 1426 1431 1293 
2624 1293 1430 1429 
2625 1293 1431 1430 
2626 1294 1420 1419 
2627 1294 1434 1420 
2628 1432 1434 1294 
2629 1429 1437 1295 
2630 1295 1436 1435 
2631 1295 1437 1436 
2632 1296 1433 1432 
2633 1296 1440 1433 
2634 1438 1440 1296 
2635 1435 1443 1297 
2636 1297 1442 1441 
2637 1297 1443 1442 
2638 1298 1439 1438 
2639 1298 1446 1439 
2640 1444 1446 1298 
2641 1441 1449 1299 
2642 1299 1445 1444 
2643 1299 1449 1445 
2644 1300 1375 1308 
2645 1300 1410 1375 
2646 1409 1410 1300 
2647 1311 1314 1301 
2648 1314 1408 1301 
2649 1301 1408 1407 
2650 1302 1486 1478 
2651 1483 1503 1302 
2652 1302 1503 1486 
2653 1303 1506 1479 
2654 1480 1482 1303 
2655 1482 1506 1303 
2656 1464 1498 1304 
2657 1304 1481 1480 
2658 1304 1498 1481 
2659 1305 1499 1465 
2660 1478 1487 1305 
2661 1487 1499 1305 
2662 1385 1484 1306 
2663 1306 1484 1469 
2664 1469 1490 1306 
2665 1307 1507 1386 
2666 1470 1485 1307 
2667 1307 1491 1470 
2668 1485 1507 1307 
2669 1308 1375 1309 
2670 1309 1360 1310 
2671 1309 1361 1360 
2672 1309 1375 1361 
2673 1360 1364 1310 
2674 1364 1366 1310 
2675 1366 1390 1310 
2676 1312 1314 1311 
2677 1313 1447 1312 
2678 1312 1315 1314 
2679 1312 1447 1315 
2680 1412 1414 1313 
2681 1414 1428 1313 
2682 1428 1447 1313 
2683 1315 1316 1314 
2684 1316 1408 1314 
2685 1315 1317 1316 
2686 1315 1318 1317 
2687 1315 1447 1318 
2688 1317 1495 1316 
2689 1316 1481 1408 
2690 1316 1495 1481 
2691 1318 1319 1317 
2692 1319 1321 1317 
2693 1321 1495 1317 
2694 1318 1320 1319 
2695 1318 1325 1320 
2696 1318 1447 1325 
2697 1320 1458 1319 
2698 1319 1322 1321 
2699 1319 1458 1322 
2700 1325 1326 1320 
2701 1326 1374 1320 
2702 1374 1458 1320 
2703 1322 1323 1321 
2704 1323 1506 1321 
2705 1482 1495 1321 
2706 1321 1506 1482 
2707 1322 1324 1323 
2708 1322 1494 1324 
2709 1458 1494 1322 
2710 1324 1485 1323 
2711 1323 1485 1479 
2712 1479 1506 1323 
2713 1324 1507 1485 
2714 1494 1500 1324 
2715 1500 1507 1324 
2716 1325 1327 1326 
2717 1325 1428 1327 
2718 1325 1447 1428 
2719 1327 1328 1326 
2720 1328 1457 1326 
2721 1326 1457 1374 
2722 1327 1329 1328 
2723 1327 1335 1329 
2724 1327 1428 1335 
2725 1329 1330 1328 
2726 1330 1373 1328 
2727 1373 1457 1328 
2728 1329 1331 1330 
2729 1329 1425 1331 
2730 1335 1425 1329 
2731 1331 1332 1330 
2732 1332 1456 1330 
2733 1330 1456 1373 
2734 1331 1333 1332 
2735 1331 1424 1333 
2736 1331 1425 1424 
2737 1333 1334 1332 
2738 1334 1372 1332 
2739 1372 1456 1332 
2740 1333 1336 1334 
2741 1333 1342 1336 
2742 1333 1424 1342 
2743 1336 1337 1334 
2744 1337 1454 1334 
2745 1334 1454 1372 
2746 1335 1414 1413 
2747 1413 1425 1335 
2748 1335 1428 1414 
2749 1336 1338 1337 
2750 1336 1467 1338 
2751 1342 1467 1336 
2752 1338 1339 1337 
2753 1339 1371 1337 
2754 1371 1454 1337 
2755 1338 1340 1339 
2756 1338 1466 1340 
2757 1338 1467 1466 
2758 1340 1341 1339 
2759 1341 1453 1339 
2760 1339 1453 1371 
2761 1340 1343 1341 
2762 1340 1349 1343 
2763 1340 1466 1349 
2764 1343 1344 1341 
2765 1344 1370 1341 
2766 1370 1453 1341 
2767 1342 1463 1406 
2768 1406 1467 1342 
2769 1424 1463 1342 
2770 1343 1345 1344 
2771 1343 1472 1345 
2772 1349 1472 1343 
2773 1345 1346 1344 
2774 1346 1452 1344 
2775 1344 1452 1370 
2776 1345 1347 1346 
2777 1345 1471 1347 
2778 1345 1472 1471 
2779 1347 1348 1346 
2780 1348 1369 1346 
2781 1369 1452 1346 
2782 1347 1350 1348 
2783 1347 1356 1350 
2784 1347 1471 1356 
2785 1350 1351 1348 
2786 1351 1451 1348 
2787 1348 1451 1369 
2788 1349 1468 1403 
2789 1403 1472 1349 
2790 1466 1468 1349 
2791 1350 1352 1351 
2792 1350 1475 1352 
2793 1356 1475 1350 
2794 1352 1353 1351 
2795 1353 1368 1351 
2796 1368 1451 1351 
2797 1352 1354 1353 
2798 1352 1474 1354 
2799 1352 1475 1474 
2800 1354 1355 1353 
2801 1355 1450 1353 
2802 1353 1450 1368 
2803 1354 1357 1355 
2804 1354 1363 1357 
2805 1354 1474 1363 
2806 1357 1358 1355 
2807 1358 1367 1355 
2808 1367 1450 1355 
2809 1356 1473 1397 
2810 1397 1475 1356 
2811 1471 1473 1356 
2812 1357 1359 1358 
2813 1357 1477 1359 
2814 1363 1477 1357 
2815 1359 1362 1358 
2816 1362 1488 1358 
2817 1358 1488 1367 
2818 1359 1455 1362 
2819 1393 1455 1359 
2820 1359 1477 1393 
2821 1361 1460 1360 
2822 1360 1365 1364 
2823 1360 1460 1365 
2824 1375 1376 1361 
2825 1376 1377 1361 
2826 1377 1460 1361 
2827 1423 1488 1362 
2828 1362 1497 1423 
2829 1455 1462 1362 
2830 1462 1497 1362 
2831 1363 1476 1398 
2832 1398 1477 1363 
2833 1474 1476 1363 
2834 1365 1455 1364 
2835 1364 1393 1366 
2836 1364 1455 1393 
2837 1365 1462 1455 
2838 1460 1461 1365 
2839 1461 1462 1365 
2840 1366 1391 1390 
2841 1366 1392 1391 
2842 1366 1393 1392 
2843 1367 1434 1433 
2844 1433 1450 1367 
2845 1367 1488 1434 
2846 1368 1440 1439 
2847 1439 1451 1368 
2848 1368 1450 1440 
2849 1369 1446 1445 
2850 1445 1452 1369 
2851 1369 1451 1446 
2852 1370 1449 1442 
2853 1442 1453 1370 
2854 1370 1452 1449 
2855 1371 1443 1436 
2856 1436 1454 1371 
2857 1371 1453 1443 
2858 1372 1437 1430 
2859 1430 1456 1372 
2860 1372 1454 1437 
2861 1373 1456 1431 
2862 1431 1505 1373 
2863 1373 1505 1457 
2864 1457 1504 1374 
2865 1374 1502 1458 
2866 1374 1504 1502 
2867 1375 1410 1376 
2868 1376 1378 1377 
2869 1376 1487 1378 
2870 1410 1487 1376 
2871 1378 1379 1377 
2872 1379 1380 1377 
2873 1380 1460 1377 
2874 1378 1486 1379 
2875 1478 1486 1378 
2876 1378 1487 1478 
2877 1379 1381 1380 
2878 1379 1383 1381 
2879 1379 1486 1383 
2880 1381 1382 1380 
2881 1382 1461 1380 
2882 1380 1461 1460 
2883 1381 1459 1382 
2884 1383 1384 1381 
2885 1384 1459 1381 
2886 1459 1493 1382 
2887 1382 1492 1461 
2888 1382 1493 1492 
2889 1383 1484 1384 
2890 1383 1503 1484 
2891 1486 1503 1383 
2892 1384 1484 1385 
2893 1385 1501 1384 
2894 1384 1501 1459 
2895 1386 1507 1500 
2896 1387 1473 1388 
2897 1397 1473 1387 
2898 1388 1473 1389 
2899 1389 1472 1403 
2900 1471 1472 1389 
2901 1389 1473 1471 
2902 1393 1477 1392 
2903 1392 1477 1398 
2904 1394 1476 1395 
2905 1398 1476 1394 
2906 1395 1476 1396 
2907 1396 1475 1397 
2908 1474 1475 1396 
2909 1396 1476 1474 
2910 1399 1463 1400 
2911 1401 1463 1399 
2912 1400 1425 1413 
2913 1424 1425 1400 
2914 1400 1463 1424 
2915 1406 1463 1401 
2916 1403 1468 1402 
2917 1402 1468 1404 
2918 1404 1468 1405 
2919 1405 1467 1406 
2920 1466 1467 1405 
2921 1405 1468 1466 
2922 1408 1498 1407 
2923 1464 1496 1407 
2924 1407 1498 1464 
2925 1481 1498 1408 
2926 1409 1499 1410 
2927 1409 1489 1465 
2928 1465 1499 1409 
2929 1410 1499 1487 
2930 1411 1414 1412 
2931 1413 1414 1411 
2932 1416 1493 1415 
2933 1417 1418 1416 
2934 1418 1492 1416 
2935 1492 1493 1416 
2936 1417 1423 1418 
2937 1419 1420 1417 
2938 1420 1423 1417 
2939 1423 1497 1418 
2940 1462 1492 1418 
2941 1418 1497 1462 
2942 1420 1488 1423 
2943 1434 1488 1420 
2944 1422 1448 1421 
2945 1422 1502 1448 
2946 1422 1494 1458 
2947 1458 1502 1422 
2948 1422 1500 1494 
2949 1427 1431 1426 
2950 1427 1505 1431 
2951 1448 1504 1427 
2952 1504 1505 1427 
2953 1430 1437 1429 
2954 1431 1456 1430 
2955 1433 1434 1432 
2956 1440 1450 1433 
2957 1436 1443 1435 
2958 1437 1454 1436 
2959 1439 1440 1438 
2960 1446 1451 1439 
2961 1442 1449 1441 
2962 1443 1453 1442 
2963 1445 1446 1444 
2964 1449 1452 1445 
2965 1502 1504 1448 
2966 1457 1505 1504 
2967 1461 1492 1462 
2968 1469 1484 1483 
2969 1479 1485 1470 
2970 1481 1482 1480 
2971 1481 1495 1482 
2972 1484 1503 1483 
2 10 2 14
2973 56 1510 7 
2974 7 1510 62 
2975 57 1510 56 
2976 58 1508 57 
2977 1508 1510 57 
2978 59 1511 58 
2979 58 1511 1508 
2980 60 1511 59 
2981 61 1511 60 
2982 62 1509 61 
2983 1509 1511 61 
2984 62 1510 1509 
2985 1509 1510 1508 
2986 1508 1511 1509 
3 3 4 283
2987 1281 1279 1271 1512 
2988 1278 1279 1281 1512 
2989 1278 1280 1279 1512 
2990 1218 1514 1223 1515 
2991 1218 1200 1514 1515 
2992 1223 1514 1257 1515 
2993 1268 1278 1281 1512 
2994 1232 1257 1514 1515 
2995 1271 1279 1250 1512 
2996 1206 1278 1268 1512 
2997 1280 1278 1259 1512 
2998 1231 1514 1276 1515 
2999 1231 1232 1514 1515 
3000 1200 50 1514 1515 
3001 1206 1259 1278 1512 
3002 1280 1259 1274 1512 
3003 1219 1218 1200 1514 
3004 1223 1218 1224 1514 
3005 55 1280 1274 1512 
3006 1257 1223 1224 1514 
3007 1276 1514 1201 1515 
3008 1232 1257 1228 1514 
3009 1219 1200 50 1514 
3010 1231 1232 1228 1514 
3011 1201 1514 50 1515 
3012 1279 1272 1250 1512 
3013 1213 54 53 1518 
3014 54 1265 53 1518 
3015 1203 1281 1271 1512 
3016 1213 1512 54 1518 
3017 54 1512 1265 1518 
3018 1268 1281 1203 1512 
3019 53 1204 1213 1518 
3020 53 1513 1204 1518 
3021 1225 1227 1514 1517 
3022 1204 1214 1213 1518 
3023 52 1216 1513 1515 
3024 52 1513 1267 1515 
3025 1204 1513 1214 1518 
3026 1237 1248 1513 1515 
3027 1215 1513 1216 1515 
3028 1261 1259 1206 1512 
3029 1225 1514 1222 1517 
3030 1237 1513 1246 1515 
3031 1246 1513 1215 1515 
3032 1225 1226 1227 1517 
3033 1249 1512 1213 1518 
3034 1256 1513 1248 1515 
3035 1206 1268 1245 1512 
3036 1241 1231 1276 1515 
3037 1276 1201 1241 1515 
3038 52 51 1216 1515 
3039 52 1267 51 1515 
3040 1266 1201 50 1515 
3041 1223 1217 1218 1515 
3042 1217 1215 1216 1515 
3043 1217 1200 1218 1515 
3044 1237 1247 1248 1515 
3045 1214 1249 1213 1518 
3046 1203 1271 1251 1512 
3047 1246 1215 1217 1515 
3048 1262 1227 1230 1517 
3049 1247 1223 1257 1515 
3050 1237 1246 1247 1515 
3051 1274 1259 1211 1512 
3052 1271 1250 1251 1512 
3053 1222 1514 1220 1517 
3054 1225 1222 1226 1517 
3055 1234 1256 1248 1515 
3056 1247 1257 1232 1515 
3057 1262 1230 1516 1517 
3058 1268 1203 1245 1512 
3059 1220 1514 1208 1517 
3060 1235 1512 1249 1518 
3061 1214 1235 1249 1518 
3062 1231 1234 1232 1515 
3063 1229 1514 1227 1517 
3064 1253 1516 1226 1517 
3065 1227 1226 1230 1517 
3066 1265 1202 53 1518 
3067 1274 1211 55 1512 
3068 51 50 1200 1515 
3069 1222 1221 1253 1517 
3070 1202 1513 53 1518 
3071 1226 1516 1230 1517 
3072 1262 1516 1277 1517 
3073 1221 1516 1253 1517 
3074 55 1209 1272 1512 
3075 1222 1253 1226 1517 
3076 1196 1207 1269 1516 
3077 1214 1513 1233 1518 
3078 1273 1198 1197 1516 
3079 1222 1220 1221 1517 
3080 1270 1197 1199 1516 
3081 1260 1207 1196 1516 
3082 1270 1210 1197 1516 
3083 1221 1258 1516 1517 
3084 1266 1241 1201 1515 
3085 1220 1208 1221 1517 
3086 48 47 1258 1516 
3087 1262 1229 1227 1517 
3088 1254 1514 1263 1517 
3089 55 54 1209 1512 
3090 1261 1211 1259 1512 
3091 1229 1263 1514 1517 
3092 48 1516 1258 1517 
3093 53 52 1204 1513 
3094 1224 1218 1220 1514 
3095 1249 1209 1213 1512 
3096 1213 1209 54 1512 
3097 1204 52 1216 1513 
3098 1218 1219 1220 1514 
3099 1208 1514 49 1517 
3100 1242 1513 1256 1515 
3101 1215 1214 1204 1513 
3102 1269 1199 1196 1516 
3103 1204 1216 1215 1513 
3104 1237 1238 1236 1513 
3105 1243 1512 1239 1518 
3106 1219 1208 1220 1514 
3107 1206 1243 1261 1512 
3108 1264 1513 1202 1518 
3109 1219 49 1208 1514 
3110 1251 1249 1235 1512 
3111 1225 1257 1224 1514 
3112 1238 1237 1248 1513 
3113 1267 1513 1242 1515 
3114 48 1212 47 1516 
3115 49 1514 1254 1517 
3116 1210 1273 1197 1516 
3117 1236 1513 1238 1518 
3118 1237 1236 1233 1513 
3119 1240 1513 1264 1518 
3120 1233 1215 1246 1513 
3121 1233 1246 1237 1513 
3122 1238 1513 1240 1518 
3123 1215 1233 1214 1513 
3124 1233 1513 1236 1518 
3125 48 1212 1516 1517 
3126 1265 1512 1244 1518 
3127 1277 1516 1212 1517 
3128 1198 1260 1196 1516 
3129 1238 1256 1240 1513 
3130 1273 47 1198 1516 
3131 1228 1225 1227 1514 
3132 1256 1238 1248 1513 
3133 1250 1272 1209 1512 
3134 1225 1228 1257 1514 
3135 1200 1217 1216 1515 
3136 1200 1216 51 1515 
3137 1251 1245 1203 1512 
3138 1245 1251 1252 1512 
3139 1245 1239 1243 1512 
3140 1223 1246 1217 1515 
3141 1262 1207 1277 1516 
3142 1223 1247 1246 1515 
3143 1234 1242 1256 1515 
3144 1235 1214 1233 1518 
3145 51 1266 50 1515 
3146 1256 1264 1240 1513 
3147 1198 1275 1260 1516 
3148 50 49 1219 1514 
3149 1198 47 1275 1516 
3150 1206 1245 1243 1512 
3151 1224 1220 1222 1514 
3152 1232 1234 1248 1515 
3153 1232 1248 1247 1515 
3154 1225 1224 1222 1514 
3155 1210 1221 1258 1516 
3156 1197 1198 1196 1516 
3157 1199 1197 1196 1516 
3158 1231 1241 1234 1515 
3159 1229 1255 1263 1517 
3160 1229 1228 1227 1514 
3161 1262 1277 1255 1517 
3162 1258 47 1273 1516 
3163 1262 1230 1207 1516 
3164 1244 1512 1243 1518 
3165 1221 1208 1258 1517 
3166 1269 1205 1199 1516 
3167 1250 1209 1249 1512 
3168 1205 1270 1199 1516 
3169 1262 1255 1229 1517 
3170 55 1211 54 1512 
3171 1229 1276 1231 1514 
3172 1229 1231 1228 1514 
3173 54 1211 1265 1512 
3174 1244 1261 1243 1512 
3175 1275 47 1212 1516 
3176 1275 1212 1260 1516 
3177 1226 1205 1230 1516 
3178 1235 1233 1236 1518 
3179 1250 1249 1251 1512 
3180 1252 1239 1512 1518 
3181 1252 1512 1235 1518 
3182 1210 1253 1221 1516 
3183 1260 1212 1277 1516 
3184 53 1202 52 1513 
3185 48 1258 1208 1517 
3186 1251 1235 1252 1512 
3187 1269 1207 1230 1516 
3188 1263 1276 1229 1514 
3189 1277 1212 1255 1517 
3190 1202 1267 52 1513 
3191 1230 1205 1269 1516 
3192 1226 1253 1205 1516 
3193 1240 1243 1239 1518 
3194 1264 1256 1242 1513 
3195 1260 1277 1207 1516 
3196 1240 1264 1244 1518 
3197 1263 1254 1201 1514 
3198 1245 1252 1239 1512 
3199 1258 1273 1210 1516 
3200 1202 1242 1267 1513 
3201 1208 49 48 1517 
3202 1252 1251 1245 1203 
3203 1253 1210 1270 1516 
3204 49 1201 1254 1514 
3205 1207 1196 34 1260 
3206 1205 1253 1270 1516 
3207 1202 1264 1242 1513 
3208 1255 1254 1263 1517 
3209 49 1254 48 1517 
3210 1278 1206 41 1259 
3211 35 1269 1196 1207 
3212 1278 42 1206 1268 
3213 1239 1238 1240 1518 
3214 1240 1244 1243 1518 
3215 1239 1236 1238 1518 
3216 50 1201 49 1514 
3217 1267 1266 51 1515 
3218 1276 1263 1201 1514 
3219 48 1254 1212 1517 
3220 1279 45 1271 1250 
3221 1255 1212 1254 1517 
3222 47 5 1273 1198 
3223 1197 1270 38 1210 
3224 1281 45 1271 1279 
3225 1272 6 55 1280 
3226 1196 34 35 1207 
3227 46 1272 1279 1280 
3228 1260 1196 34 1198 
3229 1280 1278 41 1259 
3230 39 1197 1273 1198 
3231 1267 1242 1266 1515 
3232 1260 34 33 1198 
3233 41 40 1280 1259 
3234 1206 41 42 1278 
3235 1271 44 45 1281 
3236 1280 40 1274 1259 
3237 39 1197 1210 1273 
3238 1196 1269 35 1199 
3239 1279 1272 46 1250 
3240 1268 1278 42 1281 
3241 47 5 1198 1275 
3242 1199 1270 38 1197 
3243 1252 1235 1236 1518 
3244 46 45 1279 1250 
3245 1273 5 39 1198 
3246 1269 36 35 1199 
3247 1198 33 1260 1275 
3248 1241 1242 1234 1515 
3249 42 43 1268 1281 
3250 1272 46 6 1280 
3251 38 37 1270 1199 
3252 1205 36 1269 1199 
3253 1252 1236 1239 1518 
3254 1274 55 6 1280 
3255 37 1205 1270 1199 
3256 38 39 1197 1210 
3257 1266 1242 1241 1515 
3258 1281 43 1268 1203 
3259 1281 1271 44 1203 
3260 37 36 1205 1199 
3261 1198 5 33 1275 
3262 44 43 1281 1203 
3263 1274 6 40 1280 
3264 1272 1280 1512 1279 
3265 1512 1280 1272 55 
3266 1244 1202 1518 1264 
3267 1244 1518 1202 1265 
3268 1244 1211 1512 1265 
3269 1512 1211 1244 1261 
3 4 4 743
3270 1360 1460 1519 1533 
3271 1309 1360 1519 1533 
3272 1309 1519 1288 1533 
3273 1288 1519 85 1533 
3274 74 1525 1402 1527 
3275 1360 1460 1361 1519 
3276 74 1441 1525 1527 
3277 1360 1361 1309 1519 
3278 1343 1525 1341 1527 
3279 1308 1288 1309 1519 
3280 1308 85 1288 1519 
3281 1349 1525 1343 1527 
3282 68 1521 1292 1523 
3283 74 1402 75 1527 
3284 74 75 1441 1527 
3285 1468 1402 1525 1527 
3286 1412 1521 68 1523 
3287 1461 1519 1460 1533 
3288 1340 1341 1343 1525 
3289 67 68 1292 1523 
3290 1415 85 1519 1533 
3291 1468 1525 1349 1527 
3292 1349 1340 1343 1525 
3293 67 1412 68 1523 
3294 1333 1334 1336 1528 
3295 1313 1521 1412 1523 
3296 1333 1336 1342 1528 
3297 1412 1313 1414 1521 
3298 1337 1339 1338 1528 
3299 1326 1521 1325 1523 
3300 64 1522 1507 1532 
3301 1313 1428 1521 1523 
3302 1333 1524 1334 1528 
3303 1495 1482 1522 1532 
3304 1292 1521 1504 1523 
3305 1468 1403 1402 1527 
3306 1333 1342 1524 1528 
3307 1504 1521 1326 1523 
3308 1313 1428 1414 1521 
3309 1467 1338 1466 1528 
3310 1468 1349 1403 1527 
3311 1506 1522 1482 1532 
3312 1325 1521 1428 1523 
3313 1345 1526 1471 1527 
3314 76 1526 1299 1527 
3315 1345 1346 1526 1527 
3316 1325 1326 1327 1521 
3317 1295 1524 71 1528 
3318 1405 1467 1466 1528 
3319 1339 1525 1338 1528 
3320 1282 1526 76 1527 
3321 1338 1525 1466 1528 
3322 71 1524 1401 1528 
3323 1471 1526 1389 1527 
3324 1295 71 72 1528 
3325 1345 1344 1346 1527 
3326 71 1401 72 1528 
3327 1389 1526 1282 1527 
3328 1405 1466 1525 1528 
3329 1435 73 1297 1525 
3330 73 1525 1435 1528 
3331 1472 1345 1471 1527 
3332 1428 1325 1327 1521 
3333 1472 1471 1389 1527 
3334 1485 1507 1522 1532 
3335 1463 1524 1342 1528 
3336 76 1444 1299 1526 
3337 73 1285 1525 1528 
3338 1463 1401 1524 1528 
3339 73 1285 1404 1525 
3340 1282 1388 76 1526 
3341 1405 1525 1285 1528 
3342 1463 1342 1406 1528 
3343 1463 1406 1401 1528 
3344 1389 1388 1282 1526 
3345 1504 1457 1326 1521 
3346 1285 1405 1404 1525 
3347 1506 1323 1522 1532 
3348 1504 1292 1427 1521 
3349 1485 1522 1323 1532 
3350 64 1507 1307 1532 
3351 64 1407 1522 1532 
3352 64 1407 1301 1522 
3353 1292 1504 1448 1523 
3354 1461 1382 1519 1533 
3355 1374 1504 1326 1523 
3356 1335 1413 1521 1535 
3357 1458 1523 1320 1537 
3358 1460 1461 1380 1519 
3359 1319 1458 1320 1537 
3360 1386 1507 64 1522 
3361 1289 1415 85 1519 
3362 1335 1521 1329 1535 
3363 1506 1321 1482 1522 
3364 1320 1523 1318 1537 
3365 1319 1320 1318 1537 
3366 1411 1521 1413 1535 
3367 1415 1519 1493 1533 
3368 1319 1322 1458 1537 
3369 1400 1524 1399 1535 
3370 70 1399 1524 1535 
3371 1424 1331 1524 1535 
3372 1400 1424 1524 1535 
3373 69 1521 1411 1535 
3374 1495 1522 1481 1532 
3375 1335 1425 1413 1535 
3376 1319 1522 1322 1537 
3377 1322 1494 1458 1537 
3378 70 1284 1399 1535 
3379 1284 1400 1399 1535 
3380 1284 1411 1413 1535 
3381 1335 1329 1425 1535 
3382 1506 1323 1321 1522 
3383 1347 1526 1348 1534 
3384 1284 69 1411 1535 
3385 1321 1495 1482 1522 
3386 1424 1425 1331 1535 
3387 1354 1529 1353 1531 
3388 1400 1425 1424 1535 
3389 1493 1519 1382 1533 
3390 1347 1356 1526 1534 
3391 1322 1522 1494 1537 
3392 1351 1529 1352 1534 
3393 1438 79 1529 1534 
3394 1287 1396 1529 1534 
3395 1370 1341 1525 1527 
3396 1475 1529 1396 1534 
3397 1287 1529 79 1534 
3398 1329 1521 1328 1535 
3399 1366 1520 1364 1533 
3400 83 1520 1390 1533 
3401 1366 1390 1520 1533 
3402 1474 1529 1354 1531 
3403 80 1296 1529 1531 
3404 1442 1525 1441 1527 
3405 1475 1352 1529 1534 
3406 1376 1377 1378 1519 
3407 1429 70 1524 1535 
3408 1476 1529 1474 1531 
3409 77 1298 1526 1534 
3410 80 1529 1395 1531 
3411 1331 1332 1524 1535 
3412 1426 1521 69 1535 
3413 77 1526 1387 1534 
3414 1395 1529 1476 1531 
3415 1355 1354 1353 1531 
3416 1347 1348 1350 1534 
3417 1366 1364 1310 1533 
3418 1362 1423 1520 1536 
3419 83 1390 84 1533 
3420 1473 1387 1526 1534 
3421 1379 1486 1378 1538 
3422 83 1291 1520 1533 
3423 1357 1477 1531 1536 
3424 1408 1522 1407 1532 
3425 1366 1310 1390 1533 
3426 1337 1371 1339 1528 
3427 1501 1384 1519 1538 
3428 1407 1408 1301 1522 
3429 1347 1350 1356 1534 
3430 1376 1519 1378 1538 
3431 1373 1328 1521 1535 
3432 1473 1526 1356 1534 
3433 1379 1383 1486 1538 
3434 1378 1519 1379 1538 
3435 1474 1354 1363 1531 
3436 1377 1379 1378 1519 
3437 1438 78 79 1534 
3438 1372 1334 1524 1528 
3439 1461 1382 1380 1519 
3440 78 1287 79 1534 
3441 1287 1397 1396 1534 
3442 1371 1525 1339 1528 
3443 1476 1474 1363 1531 
3444 1497 1418 1462 1520 
3445 1506 1485 1323 1532 
3446 1383 1530 1486 1538 
3447 1289 1493 1415 1519 
3448 1397 1475 1396 1534 
3449 1452 1526 1346 1527 
3450 1445 1299 1526 1527 
3451 80 1432 1296 1531 
3452 1383 1379 1519 1538 
3453 1455 1364 1520 1533 
3454 83 84 1291 1533 
3455 1317 1319 1318 1537 
3456 1317 1522 1319 1537 
3457 1452 1346 1344 1527 
3458 1437 1524 1295 1528 
3459 1359 1520 1393 1536 
3460 1477 1398 1531 1536 
3461 1435 1525 1443 1528 
3462 1383 1381 1384 1519 
3463 1435 1297 1443 1525 
3464 1350 1351 1352 1534 
3465 1329 1328 1330 1535 
3466 1393 1520 1392 1536 
3467 1477 1393 1392 1536 
3468 1357 1531 1358 1536 
3469 1429 1293 70 1535 
3470 1394 80 1395 1531 
3471 1378 1486 1530 1538 
3472 1445 1299 1444 1526 
3473 1383 1519 1384 1538 
3474 1475 1350 1352 1534 
3475 1458 1422 1502 1523 
3476 1394 1395 1476 1531 
3477 1331 1330 1332 1535 
3478 1505 1373 1521 1535 
3479 1379 1381 1383 1519 
3480 1477 1359 1393 1536 
3481 1432 81 1294 1536 
3482 1378 1530 1487 1538 
3483 1283 81 1394 1531 
3484 1458 1422 1523 1537 
3485 1408 1481 1522 1532 
3486 1384 1459 1501 1519 
3487 1426 69 1293 1535 
3488 81 1531 1283 1536 
3489 1283 1394 1398 1531 
3490 1495 1481 1482 1532 
3491 1316 1481 1495 1522 
3492 1283 1531 1398 1536 
3493 1318 1523 1447 1537 
3494 1432 1531 81 1536 
3495 77 78 1298 1534 
3496 1357 1359 1477 1536 
3497 1362 1520 1359 1536 
3498 77 1387 78 1534 
3499 84 1288 85 1533 
3500 1455 1520 1462 1533 
3501 1373 1330 1328 1535 
3502 1455 1365 1364 1533 
3503 1310 1360 1309 1533 
3504 1317 1318 1315 1537 
3505 1288 1310 1309 1533 
3506 1398 1363 1477 1531 
3507 1486 1383 1503 1530 
3508 1360 1365 1460 1533 
3509 1363 1357 1477 1531 
3510 1400 1284 1413 1535 
3511 1501 1289 86 1519 
3512 1462 1520 1418 1533 
3513 1473 1397 1387 1534 
3514 1483 1469 1508 1530 
3515 1370 1525 1442 1527 
3516 1473 1356 1397 1534 
3517 1433 1529 1296 1531 
3518 1317 1315 1522 1537 
3519 1493 1459 1382 1519 
3520 1400 1413 1425 1535 
3521 1357 1358 1359 1536 
3522 1315 1318 1447 1537 
3523 1465 1305 1509 1530 
3524 1422 1458 1494 1537 
3525 1440 1438 1529 1534 
3526 1362 1488 1423 1536 
3527 1353 1529 1450 1531 
3528 1483 1508 1302 1530 
3529 1497 1423 1418 1520 
3530 1423 1420 1520 1536 
3531 1455 1462 1365 1533 
3532 1375 1519 1376 1538 
3533 1358 1362 1359 1536 
3534 1391 1392 1520 1536 
3535 1365 1461 1460 1533 
3536 1416 1520 1291 1533 
3537 1461 1492 1382 1533 
3538 1418 1520 1416 1533 
3539 1427 1448 1292 1504 
3540 84 85 1415 1533 
3541 1316 1408 1481 1522 
3542 1457 1374 1504 1326 
3543 1344 1343 1341 1527 
3544 1459 1493 1289 1519 
3545 1369 1348 1526 1534 
3546 1297 74 1441 1525 
3547 1298 1444 77 1526 
3548 1328 1326 1457 1521 
3549 1368 1529 1351 1534 
3550 1372 1524 1437 1528 
3551 1314 1522 1315 1537 
3552 1351 1353 1352 1529 
3553 1388 1387 77 1526 
3554 1460 1380 1377 1519 
3555 1433 1296 1432 1531 
3556 1404 1402 74 1525 
3557 1361 1460 1377 1519 
3558 1328 1327 1326 1521 
3559 1377 1376 1361 1519 
3560 1465 1509 1489 1530 
3561 1355 1353 1450 1531 
3562 82 1520 1419 1536 
3563 1349 1343 1472 1527 
3564 1447 1523 1312 1537 
3565 69 1284 70 1535 
3566 1295 1429 71 1524 
3567 1403 1349 1472 1527 
3568 1309 1361 1375 1519 
3569 1388 1473 1387 1526 
3570 1391 1520 82 1536 
3571 1421 1523 1422 1537 
3572 1426 1505 1427 1521 
3573 1375 1361 1376 1519 
3574 1332 1334 1333 1524 
3575 1296 79 80 1529 
3576 1404 1468 1402 1525 
3577 1414 1335 1413 1521 
3578 1309 1375 1308 1519 
3579 1339 1341 1340 1525 
3580 1331 1332 1333 1524 
3581 1373 1457 1505 1521 
3582 1435 72 73 1528 
3583 1399 1401 71 1524 
3584 1347 1346 1348 1526 
3585 1331 1333 1424 1524 
3586 79 1395 80 1529 
3587 1292 68 1426 1521 
3588 1448 1421 1292 1523 
3589 1424 1333 1342 1524 
3590 1308 1375 1300 1519 
3591 1412 1414 1411 1521 
3592 75 76 1299 1527 
3593 1373 1328 1457 1521 
3594 1327 1328 1329 1521 
3595 1370 1341 1453 1525 
3596 1414 1413 1411 1521 
3597 72 1285 73 1528 
3598 1421 66 67 1523 
3599 1414 1428 1335 1521 
3600 67 1292 1421 1523 
3601 66 1286 67 1523 
3602 1338 1339 1340 1525 
3603 1327 1335 1428 1521 
3604 1475 1352 1474 1529 
3605 1396 1475 1474 1529 
3606 1327 1329 1335 1521 
3607 1292 1426 1427 1521 
3608 75 1282 76 1527 
3609 75 1402 1282 1527 
3610 1412 1411 68 1521 
3611 75 1299 1441 1527 
3612 68 69 1426 1521 
3613 1399 1463 1401 1524 
3614 1419 82 83 1520 
3615 1476 1395 1396 1529 
3616 1345 1346 1347 1526 
3617 1402 1403 1282 1527 
3618 1425 1329 1331 1535 
3619 1429 70 71 1524 
3620 1298 1446 1526 1534 
3621 82 1391 83 1520 
3622 1497 1462 1455 1520 
3623 85 1308 86 1519 
3624 1466 1340 1349 1525 
3625 1509 1305 1511 1530 
3626 1466 1338 1340 1525 
3627 68 1411 69 1521 
3628 70 1399 71 1524 
3629 1282 1403 1389 1527 
3630 1308 1300 86 1519 
3631 1374 1458 1502 1523 
3632 1345 1347 1471 1526 
3633 1286 1412 67 1523 
3634 1297 73 74 1525 
3635 1471 1347 1356 1526 
3636 1424 1342 1463 1524 
3637 1378 1487 1376 1538 
3638 1500 1494 1522 1537 
3639 1510 1489 1509 1530 
3640 1326 1320 1374 1523 
3641 1374 1320 1458 1523 
3642 1287 1396 1395 1529 
3643 1301 1314 1311 1522 
3644 64 1301 65 1522 
3645 1438 79 1296 1529 
3646 76 77 1444 1526 
3647 65 1301 1311 1522 
3648 1287 1395 79 1529 
3649 73 1404 74 1525 
3650 1337 1336 1334 1528 
3651 1343 1344 1345 1527 
3652 1403 1472 1389 1527 
3653 1449 1442 1441 1527 
3654 1315 1447 1312 1537 
3655 1476 1396 1474 1529 
3656 1386 64 65 1522 
3657 1286 1312 1313 1523 
3658 1303 1278 1479 1532 
3659 1406 1405 1285 1528 
3660 76 1388 77 1526 
3661 1329 1330 1331 1535 
3662 1419 1520 1420 1536 
3663 1343 1345 1472 1527 
3664 1352 1353 1354 1529 
3665 72 1435 1295 1528 
3666 1406 1467 1405 1528 
3667 1372 1454 1334 1528 
3668 1342 1336 1467 1528 
3669 1348 1351 1350 1534 
3670 1313 1412 1286 1523 
3671 1416 1417 1291 1520 
3672 1468 1466 1349 1525 
3673 1336 1337 1338 1528 
3674 1400 1424 1463 1524 
3675 1384 1381 1459 1519 
3676 1416 1418 1417 1520 
3677 1293 69 70 1535 
3678 72 1401 1285 1528 
3679 83 1391 1390 1520 
3680 1473 1471 1356 1526 
3681 1358 1357 1355 1531 
3682 1399 1400 1463 1524 
3683 1487 1530 1499 1538 
3684 1406 1342 1467 1528 
3685 1421 66 1523 1537 
3686 1467 1336 1338 1528 
3687 1401 1406 1285 1528 
3688 1304 1464 1279 1532 
3689 1312 1523 1286 1537 
3690 1391 1366 1390 1520 
3691 1493 1382 1492 1533 
3692 1312 1447 1313 1523 
3693 1326 1325 1320 1523 
3694 1290 1522 65 1537 
3695 1473 1389 1471 1526 
3696 1366 1391 1392 1520 
3697 1405 1466 1468 1525 
3698 1405 1468 1404 1525 
3699 1473 1388 1389 1526 
3700 66 1286 1523 1537 
3701 1352 1354 1474 1529 
3702 1484 1530 1383 1538 
3703 1421 1448 1422 1523 
3704 1386 64 1507 1307 
3705 1300 1519 1375 1538 
3706 1281 1278 1303 1532 
3707 1366 1392 1393 1520 
3708 1428 1313 1447 1523 
3709 1314 1311 1522 1537 
3710 1510 1508 1469 1530 
3711 1398 1477 1392 1536 
3712 1364 1366 1393 1520 
3713 1429 1524 1430 1535 
3714 1428 1447 1325 1523 
3715 1358 1488 1362 1536 
3716 65 1500 1290 1386 
3717 1448 1502 1422 1523 
3718 1504 1427 1457 1521 
3719 65 1522 1311 1537 
3720 63 64 1307 1532 
3721 1291 1419 83 1520 
3722 1426 1431 1521 1535 
3723 1500 65 1290 1522 
3724 65 1500 1386 1522 
3725 1306 87 88 1530 
3726 1434 1367 1531 1536 
3727 1456 1524 1332 1535 
3728 1455 1362 1497 1520 
3729 1511 1302 1508 1530 
3730 86 1519 1300 1538 
3731 1501 86 1385 1519 
3732 1485 1307 1507 1532 
3733 78 1438 1298 1534 
3734 1436 1437 1295 1528 
3735 1432 80 81 1531 
3736 1482 1480 1303 1532 
3737 1310 1364 1360 1533 
3738 1390 1288 84 1533 
3739 1321 1322 1319 1522 
3740 1504 1374 1448 1523 
3741 1440 1529 1368 1534 
3742 1475 1356 1350 1534 
3743 1324 1507 1386 1522 
3744 1390 1310 1288 1533 
3745 1378 1478 1487 1530 
3746 80 1394 81 1531 
3747 1315 1314 1316 1522 
3748 1479 1278 1470 1532 
3749 1289 85 86 1519 
3750 1485 1506 1479 1532 
3751 1455 1393 1359 1520 
3752 1408 1498 1481 1532 
3753 1510 88 1489 1530 
3754 1365 1360 1364 1533 
3755 1500 1522 1290 1537 
3756 1291 1417 1419 1520 
3757 1475 1397 1356 1534 
3758 1394 1476 1398 1531 
3759 1306 87 1530 1538 
3760 1318 1320 1325 1523 
3761 1387 1287 78 1534 
3762 1505 1521 1431 1535 
3763 1363 1354 1357 1531 
3764 1387 1397 1287 1534 
3765 1304 1279 1281 1532 
3766 87 1409 88 1530 
3767 1289 1501 1459 1519 
3768 1318 1325 1447 1523 
3769 1281 1303 1480 1532 
3770 1476 1363 1398 1531 
3771 1364 1393 1455 1520 
3772 1423 1488 1420 1536 
3773 1484 1503 1383 1530 
3774 1417 1418 1423 1520 
3775 1398 1392 1283 1536 
3776 1501 1519 1385 1538 
3777 1354 1355 1357 1531 
3778 1378 1486 1478 1530 
3779 1391 1283 1392 1536 
3780 1321 1319 1317 1522 
3781 1490 1510 1469 1530 
3782 1315 1316 1317 1522 
3783 1429 1430 1293 1535 
3784 1482 1303 1506 1532 
3785 1499 1530 1409 1538 
3786 1484 1383 1384 1538 
3787 1501 1385 1384 1538 
3788 1314 1315 1312 1537 
3789 63 1407 64 1532 
3790 1408 1407 1498 1532 
3791 1279 1496 1280 1532 
3792 1279 1464 1496 1532 
3793 1443 1525 1371 1528 
3794 1423 1497 1362 1520 
3795 1421 1422 1290 1537 
3796 1420 1419 1417 1520 
3797 1369 1526 1446 1534 
3798 1445 1526 1452 1527 
3799 1495 1317 1316 1522 
3800 1409 1530 87 1538 
3801 1450 1529 1433 1531 
3802 1505 1431 1373 1535 
3803 1370 1453 1442 1525 
3804 1456 1332 1330 1535 
3805 1495 1321 1317 1522 
3806 1455 1359 1362 1520 
3807 1380 1379 1377 1519 
3808 1380 1381 1379 1519 
3809 1483 1302 1503 1530 
3810 1420 1417 1423 1520 
3811 1410 1375 1376 1538 
3812 1358 1355 1367 1531 
3813 1426 1293 1431 1535 
3814 1410 1487 1499 1538 
3815 1461 1365 1462 1533 
3816 1449 1370 1442 1527 
3817 1499 1305 1465 1530 
3818 1505 1457 1427 1521 
3819 1510 1490 88 1530 
3820 1372 1437 1454 1528 
3821 1324 1494 1322 1522 
3822 1278 1280 1470 1532 
3823 1294 82 1419 1536 
3824 1306 1530 1484 1538 
3825 1391 82 1283 1536 
3826 1304 1281 1480 1532 
3827 1511 1508 1509 1530 
3828 1448 1374 1502 1523 
3829 1415 1291 84 1533 
3830 1440 1439 1438 1534 
3831 1509 1508 1510 1530 
3832 63 1280 1496 1532 
3833 1410 1376 1487 1538 
3834 1434 1488 1367 1536 
3835 1351 1368 1353 1529 
3836 1490 1469 1306 1530 
3837 1511 1305 1478 1530 
3838 1344 1341 1370 1527 
3839 1436 1454 1437 1528 
3840 1294 1419 1420 1536 
3841 1478 1302 1511 1530 
3842 1470 1307 1485 1532 
3843 1298 1446 1444 1526 
3844 1438 1296 1440 1529 
3845 1421 1290 66 1537 
3846 1289 86 1385 1501 
3847 1297 1441 1442 1525 
3848 1465 1489 1409 1530 
3849 1323 1324 1322 1522 
3850 1499 1487 1305 1530 
3851 1499 1465 1409 1530 
3852 1505 1426 1431 1521 
3853 1480 1482 1481 1532 
3854 1314 1312 1311 1537 
3855 1295 1437 1429 1524 
3856 1369 1451 1348 1534 
3857 1332 1372 1334 1524 
3858 1339 1453 1341 1525 
3859 1346 1369 1348 1526 
3860 1324 1386 1500 1522 
3861 1491 1470 1280 1532 
3862 1490 1306 88 1530 
3863 1299 1449 1441 1527 
3864 1491 1280 63 1532 
3865 1426 1431 1427 1505 
3866 1410 1499 1409 1538 
3867 1348 1451 1351 1534 
3868 1500 1494 1324 1522 
3869 86 1385 1519 1538 
3870 1435 1436 1295 1528 
3871 1381 1380 1382 1519 
3872 1451 1368 1351 1534 
3873 1337 1334 1454 1528 
3874 1480 1481 1304 1532 
3875 1486 1503 1302 1530 
3876 63 1307 1491 1532 
3877 1323 1322 1321 1522 
3878 88 1409 1489 1530 
3879 1304 1498 1464 1532 
3880 1491 1307 1470 1532 
3881 1461 1462 1492 1533 
3882 1381 1382 1459 1519 
3883 1440 1368 1439 1534 
3884 1439 1298 1438 1534 
3885 1462 1418 1492 1533 
3886 1303 1479 1506 1532 
3887 1478 1305 1487 1530 
3888 1278 1479 42 1303 
3889 1281 1279 1278 1532 
3890 1415 1416 1291 1533 
3891 1483 1484 1469 1530 
3892 1298 1439 1446 1534 
3893 81 1283 82 1536 
3894 1294 81 82 1536 
3895 1420 1488 1434 1536 
3896 1301 1408 1314 1522 
3897 1430 1524 1456 1535 
3898 1296 1433 1440 1529 
3899 1484 1384 1385 1538 
3900 1279 1280 1278 1532 
3901 1290 65 66 1537 
3902 1479 1470 1485 1532 
3903 1496 1464 1407 1532 
3904 58 1483 1508 1302 
3905 1311 1312 1286 1537 
3906 1306 1484 1385 1538 
3907 1369 1446 1451 1534 
3908 1483 1469 57 1508 
3909 1410 1300 1375 1538 
3910 1498 1407 1464 1532 
3911 1483 1503 1484 1530 
3912 1451 1439 1368 1534 
3913 1486 1302 1478 1530 
3914 41 1479 1278 1470 
3915 1408 1316 1314 1522 
3916 1469 1484 1306 1530 
3917 1432 1434 1433 1531 
3918 1294 1420 1434 1536 
3919 1496 1407 63 1532 
3920 1498 1304 1481 1532 
3921 1439 1451 1446 1534 
3922 66 1311 1286 1537 
3923 65 1311 66 1537 
3924 1493 1492 1416 1533 
3925 1492 1418 1416 1533 
3926 86 1300 87 1538 
3927 1433 1450 1440 1529 
3928 1497 1455 1462 1362 
3929 1493 1416 1415 1533 
3930 1373 1456 1330 1535 
3931 1367 1355 1450 1531 
3932 1434 1367 1433 1531 
3933 1509 1465 61 1305 
3934 1443 1436 1435 1528 
3935 1409 1300 1410 1538 
3936 1339 1371 1453 1525 
3937 1367 1450 1433 1531 
3938 1445 1449 1299 1527 
3939 1303 42 1278 1281 
3940 1456 1372 1332 1524 
3941 1346 1452 1369 1526 
3942 1452 1344 1370 1527 
3943 1444 1446 1445 1526 
3944 1373 1431 1456 1535 
3945 1506 1485 1479 1323 
3946 1511 1509 61 1305 
3947 1409 87 1300 1538 
3948 1442 1443 1297 1525 
3949 1437 1430 1429 1524 
3950 1371 1337 1454 1528 
3951 1353 1368 1450 1529 
3952 1306 1385 87 1538 
3953 1508 1511 58 1302 
3954 1479 42 41 1278 
3955 1510 88 7 1489 
3956 1279 1304 45 1464 
3957 1443 1371 1436 1528 
3958 1469 1510 57 1508 
3959 43 42 1303 1281 
3960 1303 43 1281 1480 
3961 1453 1371 1443 1525 
3962 1445 1452 1449 1527 
3963 1445 1369 1452 1526 
3964 1456 1430 1372 1524 
3965 1450 1368 1440 1529 
3966 1449 1452 1370 1527 
3967 1446 1369 1445 1526 
3968 1442 1453 1443 1525 
3969 1437 1372 1430 1524 
3970 1371 1454 1436 1528 
3971 1510 57 56 1469 
3972 86 87 1385 1538 
3973 1281 1304 45 1279 
3974 1489 62 1510 1509 
3975 63 6 1496 1280 
3976 59 1511 1478 1302 
3977 1478 1511 60 1305 
3978 56 1490 1510 1469 
3979 1281 44 1304 1480 
3980 1304 45 44 1281 
3981 1280 41 1278 1470 
3982 1279 1496 46 1280 
3983 1431 1293 1430 1535 
3984 7 62 1510 1489 
3985 1431 1430 1456 1535 
3986 1490 88 7 1510 
3987 1280 40 41 1470 
3988 1511 59 58 1302 
3989 61 60 1511 1305 
3990 1489 1465 62 1509 
3991 1280 1491 40 1470 
3992 6 63 1491 1280 
3993 57 58 1483 1508 
3994 46 1496 1279 1464 
3995 1511 60 59 1478 
3996 1496 6 46 1280 
3997 43 44 1281 1480 
3998 7 56 1490 1510 
3999 1427 1505 1504 1457 
4000 1465 61 62 1509 
4001 1374 1504 1448 1502 
4002 1324 1507 1500 1386 
4003 1491 40 6 1280 
4004 1279 45 46 1464 
4005 1485 1324 1522 1507 
4006 1485 1522 1324 1323 
4007 1536 1432 1434 1294 
4008 1536 1434 1432 1531 
4009 1536 1367 1358 1488 
4010 1536 1358 1367 1531 
4011 1500 1422 1537 1290 
4012 1500 1537 1422 1494 
3 5 4 13057
4013 1592 2244 2874 3097 
4014 1789 2157 2378 2654 
4015 1696 2698 2168 2733 
4016 1114 112 1709 2307 
4017 2253 2813 1757 2958 
4018 1978 2039 2007 2784 
4019 2100 2227 2216 2578 
4020 1803 2314 1642 2649 
4021 2257 2672 2324 2680 
4022 2031 2042 1862 2842 
4023 112 1114 1709 2227 
4024 1583 1854 2034 2869 
4025 1971 2152 1820 2183 
4026 1598 1843 2601 3078 
4027 1587 1964 2047 2067 
4028 2073 2094 1567 2604 
4029 1569 1848 2412 2791 
4030 1551 1748 1936 2047 
4031 1996 2378 2157 2729 
4032 1037 2167 1800 2284 
4033 1598 2450 1843 3078 
4034 926 2071 1723 2437 
4035 415 2159 2109 2887 
4036 636 2405 1912 3057 
4037 2003 2688 2637 2722 
4038 2017 2499 483 2625 
4039 636 1127 1912 2405 
4040 2081 2332 2145 2796 
4041 1179 2106 1729 2719 
4042 1757 1745 2253 2958 
4043 497 1910 2071 2437 
4044 2181 2542 1643 2779 
4045 1602 2125 1885 2391 
4046 1699 2037 1756 2053 
4047 2016 2495 1984 2981 
4048 1567 2168 2698 2733 
4049 402 2417 2019 2574 
4050 1587 2067 2047 2508 
4051 1548 1768 1876 2072 
4052 1567 2162 1785 2698 
4053 1685 2190 2490 2691 
4054 926 497 2071 2437 
4055 1756 1699 2178 2907 
4056 1962 2055 1599 2579 
4057 1958 2117 1957 2230 
4058 910 1787 2126 2442 
4059 380 2166 1737 2387 
4060 1742 2158 1893 3080 
4061 1893 2158 1682 3080 
4062 1819 2229 1570 2547 
4063 2190 2227 91 2490 
4064 276 1992 2481 2662 
4065 1813 1570 2229 2547 
4066 1179 576 1729 2106 
4067 1554 2431 1715 2518 
4068 1756 2037 1699 2907 
4069 1756 2178 1699 2682 
4070 1798 1567 2094 2604 
4071 1757 2046 1745 2958 
4072 1567 2168 2162 2698 
4073 2378 2654 2157 2729 
4074 1642 2314 2217 2649 
4075 380 2387 1737 2701 
4076 889 2626 2267 2738 
4077 813 2240 2151 2704 
4078 1858 2108 2091 2136 
4079 1787 2158 2126 2442 
4080 1708 2639 1889 2895 
4081 2031 1862 2458 2842 
4082 1554 2027 1715 2431 
4083 415 2005 2159 2887 
4084 246 2388 2350 2460 
4085 1555 2036 1840 2125 
4086 1163 781 1789 2402 
4087 1756 1699 2053 2682 
4088 1748 1936 1665 2085 
4089 1125 860 1766 2284 
4090 1803 2116 2314 2525 
4091 1789 2157 1996 2378 
4092 1568 2813 2253 2958 
4093 1548 1876 1768 2137 
4094 1655 2252 1817 2463 
4095 541 1725 2268 2920 
4096 1840 2036 1670 2125 
4097 1617 1928 1749 2150 
4098 2152 2183 1971 2344 
4099 1750 1854 2293 2869 
4100 1957 2528 1817 2677 
4101 1569 2065 1814 2233 
4102 1822 2099 652 2275 
4103 1768 1598 1876 2450 
4104 2058 2299 1730 2478 
4105 1962 2558 2055 2579 
4106 1596 1940 1823 2101 
4107 1720 1835 2465 2476 
4108 1782 1869 1644 2018 
4109 404 402 2019 2574 
4110 1820 2152 1971 2623 
4111 1567 1873 2162 2168 
4112 2217 2397 1840 2525 
4113 1708 1818 2639 2895 
4114 1708 1889 1818 2895 
4115 1843 637 2180 2326 
4116 1756 2067 2531 2978 
4117 636 1806 2405 3057 
4118 1655 2256 2252 2463 
4119 636 1912 1127 3057 
4120 576 1729 2106 2560 
4121 2019 2417 1785 2574 
4122 1114 2307 1709 2735 
4123 1748 2085 1665 2153 
4124 1771 2359 2208 2731 
4125 1678 1849 2047 2139 
4126 469 1811 433 2064 
4127 1577 2339 1765 2489 
4128 2091 2108 1587 2136 
4129 1600 1840 2397 2525 
4130 2067 2423 1756 2531 
4131 959 1969 1924 2107 
4132 2106 2560 1997 2983 
4133 2091 2489 1849 2491 
4134 2046 1757 2813 2958 
4135 1730 2299 2058 2584 
4136 2227 2490 2190 2691 
4137 1618 1784 2233 3023 
4138 1549 1999 1726 2216 
4139 402 1785 2417 2574 
4140 577 1874 1993 2226 
4141 14 1787 1914 2871 
4142 1663 2394 2083 2540 
4143 1589 1946 1701 2333 
4144 1591 1834 2559 2780 
4145 1771 2208 2447 2731 
4146 772 2099 2013 2275 
4147 112 2227 1709 2307 
4148 2094 2604 2073 2922 
4149 1551 1936 1748 2085 
4150 321 1834 2559 2900 
4151 1613 2039 1978 2784 
4152 1687 2097 2273 2602 
4153 1559 2317 2213 2948 
4154 1984 2016 1648 2495 
4155 1606 1998 1767 2814 
4156 1792 1603 2059 3007 
4157 1803 2116 2525 2649 
4158 2083 2394 2032 2540 
4159 1663 2495 2016 2981 
4160 1581 1912 1871 2850 
4161 1999 2216 1549 2496 
4162 2027 2281 1715 2431 
4163 1803 2525 2314 2649 
4164 959 1969 674 2500 
4165 1871 1912 1844 2850 
4166 2019 2248 445 2574 
4167 1715 2027 1554 2239 
4168 959 592 1969 2107 
4169 1743 2183 1820 2427 
4170 1663 2016 1984 2981 
4171 1889 2639 2174 2895 
4172 430 1844 2002 2678 
4173 576 2560 2106 2983 
4174 1138 2074 1731 2990 
4175 1574 1753 1939 2068 
4176 1001 2378 2140 3060 
4177 1540 1818 2639 2909 
4178 1163 2402 1789 2880 
4179 1606 1767 1998 2535 
4180 1593 1719 2170 2229 
4181 1559 2213 2317 2944 
4182 2055 2558 1680 2579 
4183 1549 2216 1726 2691 
4184 966 2267 889 2626 
4185 1834 2261 321 2559 
4186 2139 2266 1922 2750 
4187 1997 2106 1729 2560 
4188 1970 314 2401 2636 
4189 2168 2446 1696 2733 
4190 1909 1717 2279 2321 
4191 1608 2273 2063 3077 
4192 827 2387 380 2701 
4193 1924 1969 959 2500 
4194 1992 2662 2210 2732 
4195 1569 1848 2265 2412 
4196 2210 2662 2613 2732 
4197 2317 2814 2213 2948 
4198 1551 2047 1936 2706 
4199 1660 1816 2089 2164 
4200 1774 2098 296 2627 
4201 2027 2427 1820 2668 
4202 1909 2204 1717 2321 
4203 1748 2423 2067 2531 
4204 1656 2414 1914 2871 
4205 1835 2476 1720 2628 
4206 1749 1617 2150 2554 
4207 214 2211 212 2536 
4208 310 314 1970 2636 
4209 781 2225 1789 2402 
4210 1574 1939 1753 2568 
4211 595 1806 257 2056 
4212 1884 1904 1635 2092 
4213 1562 1736 2141 2234 
4214 430 2386 1844 2678 
4215 1688 2281 2027 2431 
4216 1573 1966 1948 2231 
4217 1657 2299 2058 2478 
4218 1948 1966 1732 2231 
4219 799 2232 1984 2501 
4220 1749 1928 1617 2060 
4221 430 2002 1844 3079 
4222 497 2071 1910 2677 
4223 1736 1562 2141 2202 
4224 1703 2500 2383 2721 
4225 1748 2047 1964 2067 
4226 1812 2311 2065 2350 
4227 321 2261 1834 2751 
4228 1569 2233 1814 2910 
4229 1569 2265 2305 2412 
4230 863 1800 1037 2167 
4231 207 2014 1869 2466 
4232 595 1806 2056 2405 
4233 1563 2531 2067 2978 
4234 1785 2162 1567 2208 
4235 1710 2023 2597 2762 
4236 1614 2419 2076 2588 
4237 1820 2239 1743 2427 
4238 1746 2323 2551 2863 
4239 2037 2423 1937 2515 
4240 2065 2311 1814 2350 
4241 104 1677 2100 2227 
4242 1181 2315 1769 2388 
4243 1567 2698 1785 2733 
4244 1608 1963 1900 2285 
4245 2248 2268 445 2574 
4246 2412 2791 1848 2889 
4247 1593 2170 1972 2229 
4248 433 2064 1811 2263 
4249 561 2551 2323 2863 
4250 1611 2294 2197 2702 
4251 705 1890 2023 2445 
4252 2084 2266 2139 2750 
4253 210 1782 212 2154 
4254 1885 2125 1670 2391 
4255 1608 2009 2273 3077 
4256 2076 2419 1747 2588 
4257 150 2402 1163 2880 
4258 459 2243 1784 2260 
4259 1662 2047 1748 2508 
4260 1125 2284 1766 2486 
4261 1889 1708 2174 2639 
4262 1843 2110 637 2326 
4263 761 1035 2272 2534 
4264 1800 2284 2167 2872 
4265 1791 2032 2394 2540 
4266 212 2211 1782 2536 
4267 1762 2427 2027 2668 
4268 184 2528 1957 2677 
4269 2071 2437 1910 2589 
4270 244 243 2236 2460 
4271 1954 2423 2037 2515 
4272 865 2479 1982 2837 
4273 1553 2195 1819 2276 
4274 257 2056 1806 2972 
4275 1689 2685 2043 2793 
4276 1977 2400 2335 2441 
4277 2130 2323 561 2551 
4278 1676 2194 1924 2545 
4279 1868 2256 1744 2827 
4280 1588 2279 2339 2785 
4281 1567 2604 1798 2776 
4282 2047 2067 1748 2508 
4283 2114 2709 1939 2967 
4284 1773 2145 2332 2796 
4285 2059 2148 1754 2497 
4286 1972 2170 1719 2229 
4287 2256 2616 1744 2827 
4288 1892 2217 1642 2314 
4289 1750 2824 2533 2870 
4290 1574 2068 1939 2222 
4291 1603 1792 2059 3041 
4292 2051 2267 966 2626 
4293 1592 1841 2244 3097 
4294 1743 1634 2183 2427 
4295 1869 2014 207 2860 
4296 1577 1765 2142 2489 
4297 1586 1834 1833 2549 
4298 813 328 2151 2240 
4299 2185 2383 1703 2500 
4300 2055 2558 1962 2650 
4301 262 2354 2362 2701 
4302 1715 1820 2027 2239 
4303 310 1970 2218 2636 
4304 883 532 2243 2260 
4305 1177 2140 1001 2378 
4306 1903 2031 1755 2716 
4307 2039 2202 1613 2331 
4308 1810 1919 1651 1964 
4309 1663 1791 2394 2540 
4310 1746 2323 2130 2551 
4311 1608 1900 2009 2285 
4312 863 1037 1800 2284 
4313 1605 1736 1963 2141 
4314 321 2751 1834 2900 
4315 2208 2359 1631 2731 
4316 1641 1998 1905 3011 
4317 1832 2034 900 2991 
4318 1555 2313 1734 2618 
4319 243 1780 2236 2460 
4320 1941 2396 1778 2945 
4321 2007 2039 1978 2775 
4322 1905 1998 1767 3011 
4323 1999 2404 2216 2496 
4324 541 1983 1725 2634 
4325 1737 2166 380 2701 
4326 1924 2545 2194 3061 
4327 2012 2147 553 2352 
4328 1830 2243 532 2260 
4329 517 2244 1838 2595 
4330 1858 2091 1788 2136 
4331 359 2105 1797 2320 
4332 2339 2422 1765 2489 
4333 1678 1849 2139 2596 
4334 1941 1961 1778 2396 
4335 1939 2222 2114 2967 
4336 2001 2080 1619 2169 
4337 212 2154 1782 2211 
4338 1562 1802 2150 2811 
4339 2092 2538 1901 2951 
4340 1783 2429 2083 2523 
4341 2058 2299 1891 2584 
4342 482 900 1832 2034 
4343 1581 1844 1912 2850 
4344 1672 2489 2091 2491 
4345 1590 1881 1800 2033 
4346 1722 2613 2662 2732 
4347 1644 1869 1782 2600 
4348 1572 1783 2083 2523 
4349 2356 2363 804 2929 
4350 1588 2279 2108 2647 
4351 1647 2081 1907 2332 
4352 1574 1939 1744 2222 
4353 1761 2147 985 2462 
4354 837 2626 889 2738 
4355 1611 2197 2086 2702 
4356 470 553 2147 2352 
4357 1996 2140 2378 2729 
4358 2212 2524 1543 2718 
4359 1754 2148 2059 2491 
4360 532 2110 1830 2260 
4361 1795 2209 1022 2570 
4362 2024 2196 1794 2354 
4363 1568 1804 2253 2813 
4364 1725 2268 2162 2574 
4365 1022 2209 1795 2469 
4366 1109 1809 892 2154 
4367 1661 1803 2632 2970 
4368 525 2080 1822 2734 
4369 605 1838 2244 2517 
4370 2166 2387 380 2676 
4371 354 2373 1929 2451 
4372 1567 2208 2162 2447 
4373 2350 2388 1645 2460 
4374 23 2227 1852 2490 
4375 1971 2544 1820 2623 
4376 1569 1814 2065 2433 
4377 1569 2412 2305 2791 
4378 2162 2399 2199 2731 
4379 1555 2259 1734 2313 
4380 1896 2575 2029 2930 
4381 402 404 2019 2417 
4382 193 192 1817 2134 
4383 1884 2606 2092 2944 
4384 2039 2280 2202 2331 
4385 1559 2092 1901 2951 
4386 2314 2525 2217 2649 
4387 846 2109 1871 2386 
4388 1747 2588 2459 2951 
4389 1956 1995 1780 2816 
4390 1819 2195 1932 2276 
4391 1860 2770 1752 2974 
4392 945 2637 2688 2722 
4393 2134 2342 341 2807 
4394 1597 1941 2507 2945 
4395 1593 2170 1719 2258 
4396 1762 2616 1643 3000 
4397 1562 1736 2234 2285 
4398 1135 2536 2146 2835 
4399 1602 2201 2103 2943 
4400 1704 2305 1872 2382 
4401 1844 2379 1912 2752 
4402 183 1957 2071 2677 
4403 2092 2606 2358 2944 
4404 1884 1690 2606 2944 
4405 1677 2216 2100 2227 
4406 2459 2588 1681 2951 
4407 1907 2081 1625 2332 
4408 2201 2638 2103 2943 
4409 1849 2491 2489 2977 
4410 2091 2361 1849 2489 
4411 1597 2396 1941 2945 
4412 1725 2162 1983 2574 
4413 1634 1743 2308 2427 
4414 296 2098 1774 2519 
4415 525 2061 1822 2347 
4416 1598 1843 2450 2601 
4417 1765 2422 2142 2489 
4418 2167 2443 1698 2643 
4419 1543 2212 2308 2524 
4420 1800 2033 1881 2723 
4421 1787 2158 2442 2755 
4422 1984 2495 2232 2981 
4423 191 1817 2528 2677 
4424 541 2634 1725 2920 
4425 1939 1744 2222 2967 
4426 2222 2589 2071 2724 
4427 1793 2597 2023 2762 
4428 1784 2791 2233 3023 
4429 513 2275 1758 2591 
4430 2358 2606 1690 2944 
4431 1762 1643 2181 3000 
4432 2443 2643 2167 2987 
4433 846 427 2109 2386 
4434 525 1822 2061 2734 
4435 1914 2414 911 2871 
4436 1814 2065 1645 2233 
4437 851 2246 2104 2904 
4438 1626 2715 1966 2800 
4439 2072 2877 2699 3010 
4440 1845 1659 2036 2805 
4441 1832 900 2341 2991 
4442 1614 2419 2588 2741 
4443 124 2086 1734 2274 
4444 1615 2608 2345 3026 
4445 865 1982 2479 2772 
4446 1001 2140 2390 3060 
4447 1077 1899 2160 2576 
4448 1778 2507 1941 2945 
4449 1866 2148 2059 2497 
4450 2257 2324 1958 2680 
4451 1599 2055 1962 2650 
4452 1984 1648 2232 2495 
4453 1618 2111 2601 3065 
4454 1889 2728 2271 3006 
4455 1678 2047 1849 2596 
4456 1567 2446 2168 2733 
4457 517 1838 2249 2595 
4458 985 1761 604 2325 
4459 1835 1676 2465 2476 
4460 192 1817 2134 2528 
4461 1548 2699 2072 2877 
4462 2108 2279 1717 2647 
4463 865 1982 2238 2837 
4464 1714 1976 2124 2370 
4465 2081 2145 1541 2796 
4466 910 1914 1787 2442 
4467 1559 1998 2317 2948 
4468 1567 2073 2604 2776 
4469 1665 1936 1748 2163 
4470 2116 2567 1661 2782 
4471 1551 2085 1748 2464 
4472 104 2100 1677 2743 
4473 1644 1782 2018 2184 
4474 1621 2089 1816 2164 
4475 2109 2159 2005 2887 
4476 1618 2072 2601 3010 
4477 459 1784 460 2260 
4478 1578 1981 1929 2133 
4479 1745 2253 2010 2977 
4480 1612 1850 1883 2607 
4481 1841 1878 1724 2322 
4482 1743 2427 2239 2827 
4483 1710 2762 2597 2960 
4484 244 2236 1945 2460 
4485 1543 2212 2054 2885 
4486 1822 2080 651 2099 
4487 1924 2107 1676 2545 
4488 206 2014 207 2466 
4489 1959 2043 1689 2685 
4490 469 433 505 2064 
4491 777 2315 1181 2388 
4492 860 329 1125 1766 
4493 1574 1753 2066 2568 
4494 2116 1661 2567 2970 
4495 1794 2196 2024 2238 
4496 803 1761 985 2462 
4497 591 2069 1843 2180 
4498 1820 2427 2152 2668 
4499 1843 2069 591 3078 
4500 1618 2601 2072 3065 
4501 1663 2083 2394 2495 
4502 1749 1617 2554 3077 
4503 210 1782 2154 2600 
4504 1547 1803 2642 2705 
4505 1909 2339 2279 2785 
4506 1687 2098 2097 2602 
4507 1037 2167 2284 2872 
4508 1540 1867 2079 2760 
4509 1612 1889 2271 3006 
4510 1901 2538 1727 2951 
4511 985 803 604 1761 
4512 2249 2595 1697 3005 
4513 212 1782 210 2600 
4514 159 2378 1789 2707 
4515 1606 1767 2160 2814 
4516 2465 3034 1835 3063 
4517 1823 2101 1940 2376 
4518 256 2238 1794 2354 
4519 2273 2529 2063 2627 
4520 1549 1908 1726 2193 
4521 517 2249 1838 2822 
4522 2262 2588 2419 2741 
4523 1592 1878 1841 2322 
4524 1995 2440 1780 2816 
4525 705 2023 1890 2660 
4526 296 2529 1774 2627 
4527 830 1800 863 2167 
4528 1557 2042 2478 2584 
4529 1843 2601 2111 3065 
4530 1565 2198 1865 2592 
4531 1744 1953 1655 2252 
4532 1722 2662 1992 2732 
4533 1940 2709 2114 2967 
4534 2034 2131 1583 3088 
4535 1945 1645 2388 2460 
4536 1743 2308 2212 2524 
4537 1684 2080 2001 2169 
4538 1574 1744 1939 2568 
4539 1737 2196 2024 2335 
4540 1635 2174 2062 2523 
4541 887 1134 1176 2167 
4542 2013 2275 2099 2916 
4543 1731 2074 1138 2338 
4544 1786 2400 1977 2441 
4545 2139 2596 1849 2804 
4546 1778 2054 1866 3086 
4547 1823 1627 2376 2569 
4548 1663 2394 2016 2495 
4549 1662 1756 1937 2798 
4550 1715 2431 1821 2518 
4551 907 296 2498 2519 
4552 1657 1891 2058 2299 
4553 1596 1940 2101 2376 
4554 1543 2054 2212 2675 
4555 1574 2066 1753 2068 
4556 1730 2223 334 2299 
4557 1551 1964 1748 2047 
4558 1698 1990 2002 2085 
4559 1715 2383 2239 2518 
4560 1840 2397 2217 2658 
4561 1620 1795 2037 2907 
4562 1883 2039 1612 2619 
4563 605 2244 1140 2517 
4564 1618 2601 2111 3010 
4565 1001 2140 1177 2390 
4566 1704 2587 2796 3071 
4567 1554 1715 2239 2518 
4568 985 2147 1761 2325 
4569 2465 2546 1835 3034 
4570 1978 2039 1613 2642 
4571 214 2211 2536 2957 
4572 1565 2090 2198 2592 
4573 1582 1718 2113 2886 
4574 482 2034 1832 2327 
4575 2114 2222 1744 2967 
4576 1592 1841 1878 2470 
4577 1652 1794 2196 2354 
4578 1623 1909 2279 2321 
4579 1955 2481 1992 2662 
4580 1704 2382 2587 3071 
4581 1645 1814 2233 3103 
4582 1633 2175 2083 2356 
4583 1558 1920 2165 2465 
4584 805 1783 1042 2316 
4585 813 2325 2240 2704 
4586 1693 2198 2094 2592 
4587 804 2356 1923 2363 
4588 2084 2596 2139 2804 
4589 1140 2244 2008 2517 
4590 1920 2066 2568 2789 
4591 1823 2376 1940 2569 
4592 1969 2113 1718 2886 
4593 2083 2175 1783 2356 
4594 1698 2085 2002 2659 
4595 1704 2305 2265 2412 
4596 1820 2424 2152 2623 
4597 328 2151 2240 2428 
4598 1724 1878 1841 2686 
4599 1888 2310 1777 2449 
4600 1698 2643 2443 2987 
4601 1626 2598 2715 2800 
4602 430 429 1844 2386 
4603 646 1831 644 2287 
4604 2033 2284 539 2723 
4605 1558 1920 2465 2546 
4606 1870 2062 2174 2523 
4607 1567 2162 1873 2447 
4608 1633 1783 2083 2175 
4609 1789 2225 781 2707 
4610 860 2223 1766 2284 
4611 1052 1077 1899 2160 
4612 824 1780 243 2296 
4613 1693 1865 2198 2592 
4614 2007 2039 1556 2271 
4615 1720 2465 2107 2476 
4616 334 2428 1730 2768 
4617 1954 2037 1795 2903 
4618 1710 2597 2023 2960 
4619 1849 2489 2361 2977 
4620 1802 2250 741 2534 
4621 1730 2299 334 2768 
4622 997 2134 1821 2342 
4623 886 2087 1921 2167 
4624 1718 1582 2187 2886 
4625 1774 2498 296 2519 
4626 1900 2273 1741 2667 
4627 1630 2119 1866 3086 
4628 1567 2094 2073 2922 
4629 1706 1995 1956 2816 
4630 1662 1937 1756 2423 
4631 2073 1693 2374 2810 
4632 1686 1932 1819 2195 
4633 906 1921 887 2167 
4634 2010 2247 1745 2977 
4635 1872 2305 1654 2382 
4636 1812 2269 1906 2759 
4637 1585 1743 2183 2239 
4638 1682 2158 1976 2821 
4639 1757 2348 2489 3051 
4640 565 2033 1805 2663 
4641 1710 2023 2762 2858 
4642 1755 2603 1903 2656 
4643 1598 2450 1768 2601 
4644 2104 2246 1720 2904 
4645 1866 2054 1630 3086 
4646 2078 2298 1638 2894 
4647 1179 1729 576 2560 
4648 2242 2249 1697 3005 
4649 1605 2141 1963 2234 
4650 1627 1931 1778 2376 
4651 1811 2064 469 2352 
4652 1615 2046 2608 3026 
4653 1616 2120 2228 2324 
4654 1780 1995 1956 2759 
4655 1539 2942 2482 2950 
4656 1748 2423 1662 2508 
4657 1181 2388 1769 2906 
4658 1554 2027 1820 2239 
4659 1605 1736 2007 2794 
4660 1767 1998 1905 2814 
4661 2020 2385 2336 2687 
4662 945 2688 2003 2722 
4663 805 2175 1783 2316 
4664 1638 2298 2078 2829 
4665 1565 2198 1776 2485 
4666 1582 2113 1969 2886 
4667 1565 1776 2198 2321 
4668 805 1042 2175 2316 
4669 1795 1620 2037 2949 
4670 246 1945 2388 2460 
4671 1676 2107 1924 2194 
4672 1810 2168 1651 3058 
4673 1599 2068 1723 2650 
4674 423 2242 2628 3005 
4675 1651 1964 1919 3008 
4676 529 1769 1181 3025 
4677 886 1921 906 2167 
4678 1746 2437 2068 2589 
4679 1540 1904 1818 1947 
4680 1652 2362 2354 2701 
4681 1844 1912 1871 2752 
4682 2078 2829 2298 2894 
4683 1655 1953 1744 2256 
4684 2109 2163 1665 2531 
4685 1800 1881 1590 3035 
4686 382 380 2387 2676 
4687 1963 2141 1736 2234 
4688 808 1812 809 2350 
4689 1577 2245 1765 2339 
4690 1756 2531 2178 2978 
4691 91 2227 22 2490 
4692 1901 2808 1846 2953 
4693 1793 2762 2023 2858 
4694 247 243 1780 2236 
4695 159 1789 1061 2707 
4696 1869 207 2179 2860 
4697 1587 2047 1964 2896 
4698 1600 1974 2112 2749 
4699 2140 2378 1707 3060 
4700 276 1992 882 2481 
4701 1558 2165 1920 2599 
4702 846 427 416 2109 
4703 1866 2119 1778 3086 
4704 1823 1627 2101 2376 
4705 2073 1693 2810 2922 
4706 1896 2029 710 2930 
4707 2108 2143 1587 2581 
4708 1543 2101 2054 3007 
4709 1587 2136 2108 2710 
4710 2597 2762 2265 2960 
4711 1615 1935 1799 2093 
4712 433 505 2064 2263 
4713 1600 2112 2206 2749 
4714 1888 2228 1721 2324 
4715 1920 2568 2194 2789 
4716 2295 2497 2435 3008 
4717 1708 2271 1889 2728 
4718 1587 1788 2091 2136 
4719 1703 2239 2383 2518 
4720 2148 2491 1754 2596 
4721 865 1982 896 2238 
4722 827 420 380 2387 
4723 1805 2033 565 2203 
4724 1772 2109 1665 2531 
4725 1811 2151 433 2263 
4726 1120 805 1042 2175 
4727 1635 2415 2174 2895 
4728 1543 2054 2308 2885 
4729 1704 2382 1872 2587 
4730 1709 2227 1114 2578 
4731 705 2434 1890 2445 
4732 1603 2491 2148 2596 
4733 1135 1097 2536 2835 
4734 1635 1870 2062 2174 
4735 1905 2270 1641 3011 
4736 1810 1651 2168 2684 
4737 808 2311 1812 2350 
4738 1783 2363 2356 2929 
4739 1662 2508 1756 2798 
4740 229 2170 2056 2972 
4741 1819 1932 1679 2276 
4742 1953 1643 2616 3000 
4743 449 1793 2215 2445 
4744 1543 2308 2212 2885 
4745 404 425 402 2574 
4746 1866 2119 2059 2614 
4747 1901 2639 1846 2808 
4748 288 2499 2501 2812 
4749 1077 2160 1995 2576 
4750 1904 1615 1947 2808 
4751 1953 2181 1643 3000 
4752 1577 2245 2339 2924 
4753 1617 2060 1928 2774 
4754 1690 1813 2186 2712 
4755 256 260 2238 2354 
4756 1795 2037 1954 2949 
4757 1571 1954 2037 2515 
4758 1823 1940 1596 2475 
4759 2010 2253 1603 2977 
4760 1736 1605 1963 2794 
4761 1834 1586 1991 2004 
4762 1891 2299 2223 2584 
4763 600 828 2038 2701 
4764 2059 2119 1700 2614 
4765 1555 2125 1840 2432 
4766 2015 2112 1974 2749 
4767 1687 2273 2098 2602 
4768 421 1891 2104 2246 
4769 1641 2367 1905 2948 
4770 326 1785 915 2318 
4771 402 915 326 1785 
4772 2608 2890 2345 3026 
4773 402 1785 326 2318 
4774 1555 1840 2015 2432 
4775 2097 1563 2273 2602 
4776 2006 2365 1678 2706 
4777 1600 1974 1840 2525 
4778 806 804 1923 2363 
4779 886 906 1921 2087 
4780 23 22 2227 2490 
4781 1943 1947 1615 2808 
4782 817 2367 1794 3001 
4783 1569 1848 2791 2889 
4784 1706 2440 1995 2816 
4785 1611 2128 2086 2197 
4786 1656 1914 1787 2871 
4787 1677 2216 1726 2926 
4788 314 795 1970 2401 
4789 537 2203 2723 2835 
4790 1957 1958 1616 2117 
4791 881 2304 2082 2645 
4792 2212 1543 2675 2718 
4793 1570 2269 1812 2759 
4794 1634 1743 2183 2308 
4795 1836 1632 2006 2706 
4796 1635 2174 1904 2895 
4797 2267 2626 1686 2738 
4798 1809 892 2154 2466 
4799 1726 1908 1549 3055 
4800 1555 2618 1734 2894 
4801 1648 2016 1984 2457 
4802 1686 1819 1932 2615 
4803 1865 2592 1693 2842 
4804 1725 1631 2162 2268 
4805 1717 2204 1909 2456 
4806 1677 1726 2216 2691 
4807 1743 1582 2212 2351 
4808 1574 2463 1744 2568 
4809 2100 2122 223 2914 
4810 1603 2059 2148 2491 
4811 1889 2189 1612 2924 
4812 1858 1612 2189 2924 
4813 1652 2196 2024 2354 
4814 1920 2165 1738 2599 
4815 1777 2049 1888 2449 
4816 2059 2614 1792 3007 
4817 1611 2086 2274 2702 
4818 2162 2447 2208 2731 
4819 1625 2137 2699 2715 
4820 1570 2186 1813 2712 
4821 2037 1795 2903 2907 
4822 1904 2092 1884 2348 
4823 2074 2984 1731 2990 
4824 448 449 1793 2215 
4825 537 2203 2033 2723 
4826 1725 2399 2162 2731 
4827 1606 1995 1899 2913 
4828 1554 2616 2256 2827 
4829 1908 2839 2123 2859 
4830 256 817 1794 3001 
4831 1747 2459 2262 2713 
4832 1950 2135 1701 2453 
4833 1771 2135 1950 2453 
4834 1715 2027 1993 2281 
4835 1993 2027 1688 2281 
4836 997 341 2134 2342 
4837 1114 1709 2578 2735 
4838 2002 2659 2085 3013 
4839 159 1996 2378 2707 
4840 334 2223 1730 2428 
4841 468 2004 1890 2434 
4842 887 1921 1134 2167 
4843 1747 2459 2713 2951 
4844 2128 2197 1611 2294 
4845 851 2628 2246 2904 
4846 1799 2345 2890 3026 
4847 2165 3034 2465 3063 
4848 1799 1625 2137 2699 
4849 1730 2478 2042 2584 
4850 1734 2313 2129 2618 
4851 2024 2196 1737 2459 
4852 1555 2015 1840 2313 
4853 1769 2326 2180 2906 
4854 1632 1844 2028 2630 
4855 1835 1720 2465 3063 
4856 1840 2313 2015 2397 
4857 1577 2489 2348 3051 
4858 1922 2725 2139 2750 
4859 1810 1651 1919 3058 
4860 1721 2228 2120 2324 
4861 1835 2465 1676 2546 
4862 1821 1715 2281 2431 
4863 1780 2460 2759 3018 
4864 509 2268 2248 2726 
4865 264 262 2362 2701 
4866 1559 2317 1998 2944 
4867 934 2061 525 2347 
4868 2029 2575 710 2930 
4869 1844 852 2379 2752 
4870 577 724 1874 2226 
4871 229 2056 257 2972 
4872 1885 2391 1670 2859 
4873 1610 1845 2036 2805 
4874 1661 1803 2116 2705 
4875 2159 2903 1795 2907 
4876 1547 2300 1803 2314 
4877 1869 2179 207 2600 
4878 1557 1862 2058 2478 
4879 1693 2592 2094 2842 
4880 1808 2391 1885 2859 
4881 1718 1847 2187 2718 
4882 1593 1719 2229 2258 
4883 423 2628 424 3005 
4884 2048 2219 1659 2658 
4885 1611 2235 2274 2917 
4886 2120 2257 172 2672 
4887 2024 2196 1652 2335 
4888 1616 2228 1888 2324 
4889 2112 2357 1712 2421 
4890 1557 2478 2058 2584 
4891 2177 2286 1894 2833 
4892 1662 1748 2047 2365 
4893 167 2672 2257 2680 
4894 1573 2026 1948 2580 
4895 1740 1680 1896 2312 
4896 2199 2399 1861 2731 
4897 1858 2339 2245 2924 
4898 1774 2529 2273 2627 
4899 1890 2004 468 2512 
4900 2196 2335 1737 2459 
4901 1574 2068 2222 2589 
4902 1564 2310 1888 2449 
4903 1708 1818 1889 2730 
4904 1603 2148 2059 3007 
4905 577 1993 1874 2660 
4906 795 310 314 1970 
4907 1995 2576 1899 2913 
4908 2010 2253 1745 2958 
4909 1969 2283 674 2500 
4910 193 2134 1817 2353 
4911 777 2388 1181 2906 
4912 1738 2212 2054 2675 
4913 1853 2039 1883 2619 
4914 1998 2814 2317 2948 
4915 2063 2273 1608 2529 
4916 482 1832 444 2327 
4917 1741 2605 2273 3077 
4918 1819 1932 2615 2915 
4919 1997 2275 266 2591 
4920 1708 1889 2271 2730 
4921 1612 2271 1889 2730 
4922 1812 2350 2065 3018 
4923 433 2151 1811 2704 
4924 1748 2067 2423 2508 
4925 1545 1903 2603 2656 
4926 1583 1832 2034 2937 
4927 2435 2497 2030 3008 
4928 460 1784 459 2477 
4929 1810 1919 2168 3058 
4930 1778 1961 1941 2376 
4931 1686 2229 1819 2615 
4932 2467 2490 1996 3032 
4933 1095 2565 2200 2891 
4934 1814 2477 2233 3103 
4935 605 1838 517 2244 
4936 2003 2783 1882 2881 
4937 1936 2365 2006 2706 
4938 112 1852 2227 2307 
4939 2248 2359 1714 2533 
4940 1583 2034 2327 2937 
4941 1744 1574 2222 2463 
4942 1886 2138 621 2522 
4943 2174 2415 1889 2895 
4944 254 513 1758 2591 
4945 1125 1766 329 2486 
4946 1846 1901 1572 2174 
4947 1922 2266 2139 2725 
4948 1832 2327 2034 2937 
4949 1732 2791 2412 2889 
4950 1547 1803 2300 2642 
4951 1556 2271 2039 2775 
4952 1790 2112 2015 2928 
4953 1734 2086 124 2390 
4954 256 1794 817 2354 
4955 247 2236 1780 2440 
4956 1609 2087 2115 2486 
4957 1614 2022 2076 2419 
4958 817 2354 1794 2367 
4959 2115 2486 2087 3009 
4960 1582 1743 2187 2351 
4961 1686 2195 1819 2786 
4962 2012 2352 553 3069 
4963 1750 2359 2248 2533 
4964 1704 2587 1872 2796 
4965 600 827 828 2701 
4966 1605 2540 1963 2794 
4967 2571 2642 1803 2705 
4968 1568 2253 2010 2958 
4969 1645 2065 1814 2350 
4970 1668 2637 2003 2688 
4971 1600 1840 1974 2015 
4972 115 2140 1996 2334 
4973 2125 1670 2432 2803 
4974 1181 529 597 1769 
4975 1885 2123 2839 2859 
4976 2009 2554 1749 2811 
4977 1632 1836 2659 2706 
4978 497 1065 1910 2437 
4979 1699 2037 2053 2940 
4980 2120 2672 172 3027 
4981 1562 2562 1802 2811 
4982 1866 2614 2059 3007 
4983 1679 1932 1819 2915 
4984 243 2296 1780 2460 
4985 1744 2222 2114 2252 
4986 509 1854 2268 2726 
4987 2194 2545 1875 3061 
4988 124 2901 1734 2947 
4989 1539 2422 1765 3100 
4990 1819 2615 2229 2915 
4991 2087 2318 318 2636 
4992 513 266 2275 2591 
4993 1595 1959 2043 2537 
4994 1813 1690 2186 2547 
4995 244 243 245 2236 
4996 2216 2404 1709 2496 
4997 1555 2015 2366 2432 
4998 1602 1941 2201 2943 
4999 200 2383 2500 2721 
5000 1845 1979 1659 2805 
5001 1625 1799 1907 2693 
5002 1901 1559 2951 2953 
5003 2108 2581 1587 3048 
5004 393 223 2122 2914 
5005 1853 1612 2039 2619 
5006 1557 2042 1862 2478 
5007 1733 2013 1 2237 
5008 1749 2554 2150 2811 
5009 1723 1599 2045 2068 
5010 274 1923 273 2481 
5011 2041 2632 1803 2970 
5012 1750 2359 2533 2821 
5013 1887 2206 2112 2749 
5014 1824 2547 1690 2665 
5015 1739 2457 2349 2952 
5016 707 2595 2249 3005 
5017 1965 1578 2793 2993 
5018 1563 2067 2531 2867 
5019 1762 2144 1643 2616 
5020 1848 2265 1704 2668 
5021 1900 2674 2053 2798 
5022 1984 2349 1739 2457 
5023 1565 1866 2059 2497 
5024 1 1083 1733 2237 
5025 1826 2073 2810 2922 
5026 1615 2345 1799 3026 
5027 591 1843 637 2180 
5028 1741 2273 2009 3077 
5029 1784 460 2260 2477 
5030 886 906 887 2167 
5031 1976 1682 2124 2370 
5032 1610 2140 1996 2729 
5033 1624 2336 2020 2385 
5034 1687 2273 2063 2627 
5035 1585 2187 1743 2239 
5036 1780 2480 1995 2759 
5037 1668 1986 2637 2688 
5038 1635 1901 2174 2523 
5039 1601 2199 2162 2399 
5040 1718 2113 1847 2718 
5041 191 1817 192 2528 
5042 480 2109 415 2159 
5043 272 1923 2481 2981 
5044 1715 2239 2383 2932 
5045 746 2454 1802 2564 
5046 907 2498 2005 2519 
5047 1616 2071 1723 2120 
5048 824 243 240 2296 
5049 1678 2139 2084 2596 
5050 1626 2371 2598 2800 
5051 1819 2276 1679 2892 
5052 1738 2465 1920 2718 
5053 1905 2160 1767 2814 
5054 2072 2699 1768 3010 
5055 1931 1961 1778 2376 
5056 837 966 889 2626 
5057 173 2071 181 2120 
5058 1551 1748 1964 2464 
5059 1963 2540 2032 2794 
5060 1038 2283 1969 2965 
5061 1799 1935 1615 3026 
5062 1665 2109 1871 2163 
5063 1908 1808 2839 2859 
5064 1125 1037 2284 2486 
5065 2063 2273 1687 3077 
5066 1748 2153 1665 2531 
5067 426 2309 2109 2386 
5068 1595 2335 1977 2400 
5069 1682 2158 2126 2487 
5070 109 2190 2490 2707 
5071 1975 2265 1704 2305 
5072 2296 2759 2460 3018 
5073 1615 1935 2093 3015 
5074 1682 1976 2124 2821 
5075 212 815 2154 2211 
5076 2253 2491 1603 2977 
5077 2143 2497 2030 2592 
5078 1670 1840 2125 2432 
5079 143 2096 144 2402 
5080 1717 2143 2108 2581 
5081 1974 2432 2385 2681 
5082 2298 2829 1695 2894 
5083 858 2284 2663 2692 
5084 1844 1632 2028 3079 
5085 236 1906 2296 2847 
5086 1553 2276 1819 2892 
5087 272 1923 274 2481 
5088 1620 2159 1795 2907 
5089 1823 1596 2144 2475 
5090 2101 2614 2054 3007 
5091 1772 2005 1620 2178 
5092 1586 2004 1834 2549 
5093 1767 2270 1905 3011 
5094 1594 1826 2073 2810 
5095 1549 2123 1908 2193 
5096 1714 2370 2124 2878 
5097 2116 2567 2539 2970 
5098 1901 2538 2092 2808 
5099 14 1914 911 2871 
5100 2539 2567 2116 2782 
5101 1635 1904 1901 2092 
5102 1542 2199 1938 2407 
5103 1547 2121 2300 2314 
5104 1845 2036 1659 2313 
5105 2084 1849 2596 2804 
5106 2233 2477 1980 3103 
5107 808 961 2311 2350 
5108 2097 2273 1741 2605 
5109 211 212 1782 2536 
5110 1605 2007 1736 2141 
5111 1869 2154 208 2466 
5112 1594 2147 2012 2352 
5113 1862 2042 2031 2727 
5114 1835 2628 2242 3005 
5115 229 595 257 2056 
5116 1823 2144 1596 2430 
5117 1818 2245 1889 2730 
5118 1612 1889 2245 2730 
5119 962 805 804 2929 
5120 1714 2533 2359 2821 
5121 1549 2193 1726 3090 
5122 1570 1813 2186 2547 
5123 1582 2187 1743 2718 
5124 1718 2179 2343 2530 
5125 961 808 809 2350 
5126 1919 1964 1810 2464 
5127 1651 1919 2030 3008 
5128 1580 2123 1885 2408 
5129 1938 2199 1741 2407 
5130 1594 2012 1886 2352 
5131 1974 1790 2432 2681 
5132 1670 1840 2432 2803 
5133 1029 2613 2210 2662 
5134 1584 2265 1848 2668 
5135 2216 1549 2496 2691 
5136 1658 2435 2295 2497 
5137 1734 2129 1930 2618 
5138 1758 2219 2048 2658 
5139 200 2383 2185 2500 
5140 604 1761 803 2417 
5141 1968 2105 1926 2250 
5142 1957 2117 1655 2230 
5143 1909 2279 1717 2785 
5144 731 1830 532 2110 
5145 1692 2286 2177 2833 
5146 272 2481 274 2981 
5147 2536 2835 1097 2849 
5148 1607 2214 2641 2727 
5149 1736 1562 2202 2285 
5150 1585 2183 1820 2239 
5151 1570 1956 1813 2913 
5152 1567 1798 2446 2776 
5153 236 2296 1906 2620 
5154 1603 2491 2253 3041 
5155 1901 2092 1904 2808 
5156 1924 1969 1582 2107 
5157 1610 2036 1845 2259 
5158 2140 1707 2390 3060 
5159 329 1766 860 2223 
5160 1645 2065 2350 3018 
5161 1885 2839 1808 2859 
5162 1810 2684 2168 3003 
5163 2146 2536 1713 2835 
5164 1120 2175 1042 2316 
5165 1587 2047 1849 2508 
5166 1761 2462 2019 2552 
5167 2277 2385 1623 2681 
5168 2489 2491 2253 2977 
5169 1727 1901 2951 2953 
5170 181 2120 2071 2257 
5171 1630 1866 2119 2893 
5172 1600 2206 1887 2749 
5173 287 483 2017 2499 
5174 1620 2005 1772 2887 
5175 357 359 1797 2320 
5176 1796 2115 2087 3009 
5177 1543 2308 2101 3007 
5178 1812 2269 1640 2847 
5179 1894 2177 1666 2286 
5180 1938 1587 2581 3048 
5181 1668 2558 2055 2650 
5182 1802 1653 2150 2454 
5183 2246 2628 1720 2904 
5184 1848 1704 2369 2668 
5185 1761 2019 2208 2552 
5186 1891 2246 367 2720 
5187 1716 1830 2110 2111 
5188 327 2325 2994 3009 
5189 1703 2383 2239 2932 
5190 23 1852 112 2307 
5191 2006 1678 2365 2725 
5192 1780 2161 2460 3018 
5193 1022 2469 1795 2864 
5194 1552 2112 2169 2510 
5195 1615 1884 2092 2348 
5196 2015 2313 1733 2397 
5197 1974 2015 1790 2112 
5198 2308 2427 1743 2827 
5199 523 2033 539 2723 
5200 1723 2071 1616 2222 
5201 360 2061 1797 2493 
5202 272 273 274 1923 
5203 1571 2037 1954 2903 
5204 1971 2183 1820 2544 
5205 2217 2525 1840 2658 
5206 2162 2168 1873 2698 
5207 1027 2268 1854 2327 
5208 2167 2590 1176 2643 
5209 143 2096 2402 3045 
5210 1912 2379 852 2752 
5211 1843 2326 2180 3065 
5212 1641 1794 2367 2948 
5213 1735 1692 2041 2306 
5214 1734 2274 2086 2702 
5215 1734 2390 124 2947 
5216 1590 1800 2025 2987 
5217 357 2320 1797 2373 
5218 1778 1961 1931 2396 
5219 1971 1636 2276 2633 
5220 1109 1809 2154 2611 
5221 1562 2554 2009 2811 
5222 1607 2641 2249 2822 
5223 696 2074 1138 2990 
5224 2184 2018 2633 2764 
5225 1567 2094 1873 2168 
5226 1767 2535 1606 2765 
5227 2003 2637 1668 2722 
5228 1712 2357 2221 2838 
5229 1902 1991 1586 2004 
5230 1 2013 1733 2219 
5231 1012 2377 1983 2634 
5232 1797 2061 360 2484 
5233 1981 2793 1578 2993 
5234 1836 2006 1632 2297 
5235 1871 1912 1581 2744 
5236 1583 2034 1854 2327 
5237 1801 1593 1922 2266 
5238 1045 2307 2651 2697 
5239 2028 2297 1632 2630 
5240 2001 526 2171 2734 
5241 863 539 2284 2723 
5242 1743 2212 1868 2351 
5243 1738 2165 1920 2465 
5244 1670 2177 2292 2748 
5245 1729 2106 2649 2980 
5246 1945 2236 814 2315 
5247 1898 1776 2291 2572 
5248 2661 2824 1750 2870 
5249 1553 1975 1927 2382 
5250 1737 2387 2038 2701 
5251 1124 577 724 1874 
5252 817 1944 2354 2367 
5253 1714 2248 2019 2359 
5254 1676 2066 1920 2789 
5255 1819 2786 2195 2911 
5256 724 1874 2226 2819 
5257 1785 2318 402 2417 
5258 798 1995 1077 2160 
5259 1627 1931 2376 2935 
5260 1552 2277 1816 2681 
5261 651 652 1822 2099 
5262 1949 2449 2542 2844 
5263 1588 2279 1879 2333 
5264 1593 1801 1922 2801 
5265 1556 2039 2007 2775 
5266 1553 1819 2195 2911 
5267 280 2088 2662 2792 
5268 1585 1743 2187 2524 
5269 1676 1920 2194 2789 
5270 1666 2177 1894 3022 
5271 960 1978 2200 2565 
5272 1859 1986 1668 2251 
5273 1977 2038 1737 2335 
5274 1595 2038 1977 2335 
5275 1693 2604 2094 2922 
5276 1640 2269 2077 2847 
5277 1588 2647 2108 2703 
5278 2183 2544 1971 3054 
5279 1583 2327 1854 2418 
5280 1687 2097 2098 2403 
5281 1670 2539 2177 2748 
5282 814 2315 2236 2772 
5283 1585 2183 1743 2524 
5284 1548 1768 2072 2699 
5285 1565 2059 1866 2119 
5286 1568 2253 1804 2817 
5287 1748 2531 2067 2867 
5288 1623 2204 1909 2321 
5289 1077 702 1052 1899 
5290 964 1944 817 2367 
5291 2109 2159 480 2570 
5292 817 1944 964 2354 
5293 1890 2512 468 2736 
5294 1610 1996 2157 2729 
5295 612 2578 1987 2735 
5296 636 2526 2972 3057 
5297 1845 2129 1734 2313 
5298 830 863 1037 2167 
5299 1587 2143 2108 2785 
5300 1547 1883 1850 2224 
5301 636 2972 1806 3057 
5302 1756 2053 2037 2329 
5303 1632 2392 1881 2474 
5304 1717 2108 2143 2785 
5305 390 2182 1767 2340 
5306 2362 2441 1944 2861 
5307 333 2428 334 2768 
5308 1812 1640 2065 2311 
5309 1933 2215 548 2287 
5310 2196 2951 1559 2953 
5311 2152 2427 2393 2668 
5312 1837 2567 2539 2782 
5313 297 296 2098 2627 
5314 208 2154 1869 2600 
5315 158 1177 1001 2378 
5316 1663 1791 2016 2394 
5317 2151 2240 1649 2704 
5318 1900 2053 1756 2798 
5319 2639 2730 1708 2909 
5320 1553 1927 2152 2382 
5321 1704 2152 1927 2382 
5322 1802 2150 1928 2454 
5323 1720 2476 2107 2628 
5324 1655 1817 2252 2528 
5325 1729 2106 1997 2649 
5326 1151 2414 2868 2871 
5327 529 2180 1769 3025 
5328 1956 2161 1780 2759 
5329 984 959 674 2500 
5330 605 517 1838 2822 
5331 554 553 2352 3069 
5332 1956 2712 2161 2759 
5333 529 597 1769 2180 
5334 1901 1904 1635 2174 
5335 1137 1860 2338 2761 
5336 1652 2354 2024 2701 
5337 1611 1986 1859 2251 
5338 2240 2325 1649 2704 
5339 1684 2357 2112 2421 
5340 845 2132 1814 2477 
5341 1670 2177 2539 2966 
5342 1612 1858 2245 2924 
5343 1895 2903 2159 2907 
5344 1565 2198 2090 2321 
5345 1605 2007 1791 2794 
5346 1626 2371 2207 2598 
5347 1996 2467 1685 2490 
5348 1596 1941 1940 2376 
5349 234 1906 233 2847 
5350 1572 1901 1846 2441 
5351 1740 1896 1680 2930 
5352 1642 2649 2106 2980 
5353 1873 2168 2094 3058 
5354 2110 2111 1843 2319 
5355 1837 1885 1670 2123 
5356 1567 2446 1798 3058 
5357 482 900 443 1832 
5358 1936 2006 1632 2706 
5359 1559 1794 2196 2330 
5360 1099 1894 2286 2328 
5361 390 2340 1767 2825 
5362 1638 2618 1733 2749 
5363 1594 1811 2147 2352 
5364 772 652 2099 2275 
5365 707 2249 2242 3005 
5366 1733 2237 1083 2997 
5367 1726 2193 1999 3090 
5368 367 1891 421 2246 
5369 1631 1725 2162 2418 
5370 1622 2321 2198 2572 
5371 390 2825 1767 2845 
5372 1766 2223 329 2428 
5373 247 243 824 1780 
5374 1984 2016 1663 2349 
5375 1873 2094 1651 3058 
5376 1936 2047 1748 2365 
5377 824 247 1780 2440 
5378 1751 2098 2097 2403 
5379 1997 2106 1642 2649 
5380 256 260 259 2238 
5381 1625 1726 1908 2193 
5382 1685 2490 2190 2707 
5383 1845 1734 2259 2313 
5384 1577 2339 2091 2924 
5385 1650 2136 1858 2189 
5386 1872 2382 1654 2587 
5387 1855 2234 2102 2646 
5388 1985 2255 2581 2647 
5389 459 2477 1784 2509 
5390 1744 2222 2252 2463 
5391 112 1852 23 2227 
5392 1651 2143 2030 2592 
5393 327 2240 2325 3009 
5394 1728 2102 2234 2646 
5395 1626 2207 2371 3064 
5396 808 1812 2311 2847 
5397 1766 2240 329 2486 
5398 1720 2113 1969 2465 
5399 2268 2327 1027 2920 
5400 1564 2449 1888 2696 
5401 1632 1881 2392 3035 
5402 1590 1881 2033 2203 
5403 752 2646 1855 2790 
5404 2297 2384 1836 2925 
5405 1687 2273 2097 2605 
5406 1632 2392 2659 3035 
5407 1673 2336 2385 2687 
5408 2090 2497 2143 2592 
5409 1553 2152 1971 2344 
5410 1725 1861 2399 2731 
5411 1570 2416 1819 2547 
5412 443 444 482 1832 
5413 1789 2378 1996 2707 
5414 772 773 2013 2099 
5415 1985 2581 1717 2647 
5416 2524 2675 1543 2718 
5417 936 2783 2003 2881 
5418 318 2318 2401 2636 
5419 1771 1622 2135 2453 
5420 805 1042 1783 2929 
5421 1555 1734 2235 2894 
5422 1609 2443 2167 2987 
5423 1670 2021 2177 2966 
5424 1612 2245 1889 2924 
5425 2097 2098 1751 2602 
5426 159 978 1996 2707 
5427 1570 2759 1956 2913 
5428 915 2318 1785 2401 
5429 1956 2759 1995 2913 
5430 1780 2759 2161 3018 
5431 1671 2451 2373 2806 
5432 1555 2366 2125 2432 
5433 1602 1885 2125 2996 
5434 1661 2632 1803 2705 
5435 1690 2547 1813 2665 
5436 1924 2194 2107 2465 
5437 1631 2162 2268 2574 
5438 2006 1632 2297 2630 
5439 1612 1883 1850 2039 
5440 1769 2180 597 2906 
5441 357 1797 358 2373 
5442 1611 1759 2103 2235 
5443 1644 2343 2179 2530 
5444 412 2151 433 2704 
5445 1714 2019 2462 2552 
5446 2293 2661 1950 3082 
5447 1045 2307 2286 2651 
5448 1572 1783 2523 2861 
5449 1899 1995 1606 2160 
5450 2107 2194 1676 2465 
5451 1927 1975 1704 2382 
5452 1807 1623 2277 2385 
5453 1948 2026 1732 2889 
5454 2067 2136 1587 2710 
5455 1581 1912 1844 2630 
5456 1733 1638 2420 2618 
5457 2252 2463 2222 2724 
5458 964 2354 1944 2362 
5459 1580 1837 2123 2408 
5460 677 1874 1124 2819 
5461 526 680 2001 2171 
5462 1787 2442 1914 2755 
5463 1568 2010 2253 2817 
5464 1593 1801 2258 2266 
5465 1926 2105 1613 2331 
5466 1545 2031 1903 2485 
5467 2361 2489 1745 2977 
5468 2067 2710 2667 2978 
5469 1565 2143 2090 2497 
5470 1938 2067 1587 2710 
5471 331 813 328 2151 
5472 1946 1950 1701 2453 
5473 1914 2442 2089 2755 
5474 2058 2478 1730 2584 
5475 2222 2463 1574 2724 
5476 1596 2101 1823 2430 
5477 228 1972 2056 2170 
5478 1565 2059 2119 2204 
5479 1700 2119 2059 2204 
5480 1590 1800 2987 3038 
5481 1540 1867 1943 2079 
5482 1761 803 2417 2462 
5483 1616 2222 2071 2724 
5484 1670 2177 2021 2292 
5485 1726 2207 1549 2691 
5486 1717 2321 2204 2456 
5487 1051 2264 2045 2437 
5488 152 2221 1882 2298 
5489 1771 2255 1622 2453 
5490 1676 1875 2194 2545 
5491 1948 2580 2026 2889 
5492 1971 2018 1636 2633 
5493 1799 2093 1935 3015 
5494 1051 634 2264 2437 
5495 1854 2034 684 2327 
5496 1740 1828 1680 2312 
5497 1692 2306 1735 2404 
5498 1646 1971 1809 2532 
5499 1823 2101 1627 2885 
5500 1610 2157 1996 2467 
5501 1588 2279 1909 2339 
5502 525 524 2080 2734 
5503 1670 2125 1885 2336 
5504 702 1899 1077 2576 
5505 1600 2112 1974 2206 
5506 1655 2117 1957 2252 
5507 185 2055 2637 2722 
5508 1560 2184 2297 2925 
5509 926 181 173 2071 
5510 1640 1812 2065 2269 
5511 1785 915 2401 2574 
5512 2360 2633 2018 2764 
5513 1882 2783 148 2881 
5514 470 554 553 2352 
5515 29 1 1733 2219 
5516 1562 2150 2554 2811 
5517 1685 2225 1789 2707 
5518 2174 2639 1904 2895 
5519 2180 2326 597 2906 
5520 2038 2701 828 3059 
5521 234 2077 1906 2847 
5522 1633 2083 1783 2429 
5523 1593 1922 1932 2502 
5524 852 1844 2386 2752 
5525 421 1891 1075 2104 
5526 1894 2177 2833 3022 
5527 1582 1924 2107 2465 
5528 1816 2277 1660 2681 
5529 2037 2329 2053 2940 
5530 1733 2313 2015 2618 
5531 444 2173 1832 2969 
5532 1582 1920 2465 2718 
5533 1977 2335 1652 2441 
5534 2039 2642 1978 2775 
5535 1698 1921 2167 2643 
5536 433 2151 336 2263 
5537 2332 2796 2081 2846 
5538 1615 2092 1904 2348 
5539 1563 2178 2531 2978 
5540 846 1871 2109 2570 
5541 1789 2225 1917 2402 
5542 1681 1839 2262 2459 
5543 2242 2246 423 2628 
5544 1944 2362 1652 2441 
5545 1626 2598 2207 2715 
5546 1914 1684 2421 3102 
5547 2107 2545 1924 3061 
5548 1637 1830 2287 2580 
5549 858 2284 539 2663 
5550 824 1780 2296 2480 
5551 1710 2265 2762 2960 
5552 296 2498 1774 2529 
5553 390 1767 2182 2845 
5554 1901 1727 2538 2808 
5555 1691 2250 2105 2931 
5556 1660 2312 2164 3037 
5557 1547 1883 1853 2039 
5558 593 1805 2488 3095 
5559 863 523 539 2723 
5560 1027 509 1854 2268 
5561 1757 2253 1745 2489 
5562 1665 2109 1772 2309 
5563 1961 2376 1931 2935 
5564 2055 2264 185 2637 
5565 1597 2507 1941 2787 
5566 208 210 2154 2600 
5567 1803 2571 2300 2642 
5568 1745 2247 2010 2958 
5569 1547 1850 1883 2039 
5570 1868 1920 1582 2212 
5571 1832 2173 444 2327 
5572 462 2002 430 3079 
5573 1580 2482 1885 2839 
5574 1637 1830 2243 2287 
5575 1854 1750 2726 2869 
5576 1744 2463 1868 2568 
5577 1599 2055 2322 2579 
5578 1714 2208 2019 2552 
5579 280 2662 2088 2853 
5580 1617 1832 2774 3081 
5581 1548 1935 1799 2052 
5582 1642 2347 2275 2916 
5583 1836 1590 2025 2505 
5584 2112 2749 2015 2928 
5585 1885 1580 2408 2482 
5586 448 1793 378 2509 
5587 799 1984 493 2501 
5588 1122 1711 1030 2514 
5589 1551 1919 1964 3008 
5590 1617 1832 2173 2774 
5591 1868 1582 1920 2194 
5592 1955 2088 1722 2652 
5593 1109 1175 892 1809 
5594 182 2071 1957 2257 
5595 1165 1789 159 2378 
5596 2112 2206 2169 2510 
5597 1560 2766 2857 2925 
5598 1623 1952 1909 2204 
5599 191 2528 184 2677 
5600 959 1924 951 2107 
5601 1786 2441 2362 2861 
5602 1794 2238 256 2355 
5603 1734 1555 2235 2259 
5604 2043 2984 1731 3004 
5605 1979 2651 2683 2985 
5606 1822 2080 2099 2206 
5607 1671 2331 2300 2642 
5608 1687 2273 2605 3077 
5609 874 1097 2835 2849 
5610 1576 2262 1839 2459 
5611 1960 2001 1779 2220 
5612 1551 2659 2025 2706 
5613 1964 2581 1651 2684 
5614 1637 2243 1830 3023 
5615 1185 2129 1733 2997 
5616 377 2132 2477 2509 
5617 1929 2133 1981 2451 
5618 2667 2710 1900 2978 
5619 1555 1840 2036 2313 
5620 1616 2120 1723 2228 
5621 433 469 434 1811 
5622 1550 2053 2674 2798 
5623 1673 2385 2432 2681 
5624 109 2225 2190 2707 
5625 2018 2184 1782 2764 
5626 1551 1964 1919 2464 
5627 1625 1908 1726 2715 
5628 1588 1879 2279 2647 
5629 1543 2054 2101 2308 
5630 1165 1061 159 1789 
5631 1897 2226 1715 2544 
5632 1800 1590 2025 3035 
5633 1704 1975 2305 2382 
5634 1885 2123 1837 2408 
5635 452 2019 2417 2462 
5636 1574 1746 2068 2589 
5637 2383 2518 1715 2855 
5638 2393 2427 1762 2668 
5639 1022 1795 623 2864 
5640 684 2034 1854 2869 
5641 1898 1622 2135 2711 
5642 1749 2060 1617 3077 
5643 2103 2638 2201 2848 
5644 1878 2470 1841 2686 
5645 1841 1724 2044 2322 
5646 1635 1901 2523 2527 
5647 1957 2252 1817 2528 
5648 1575 2795 2809 2829 
5649 143 144 142 2402 
5650 1645 2233 1980 3103 
5651 1928 2060 1749 2875 
5652 1726 1549 2207 3055 
5653 1707 2197 2294 2702 
5654 1633 1783 2175 2429 
5655 260 261 259 2238 
5656 1950 2453 1946 2640 
5657 1583 2327 2418 2937 
5658 1723 2045 1599 2650 
5659 1757 2046 2348 3051 
5660 1611 2103 1759 2251 
5661 1603 2253 2010 3041 
5662 1591 1949 1833 2188 
5663 1628 2717 2302 2742 
5664 1846 2174 1572 2781 
5665 1836 2025 2435 2505 
5666 2030 2497 2143 3008 
5667 1613 2039 2141 2202 
5668 2144 1596 2471 2475 
5669 1552 1816 2089 2681 
5670 1628 1919 2302 2464 
5671 2025 2659 1836 2706 
5672 1052 2160 1899 2340 
5673 1741 2273 2097 2667 
5674 1679 2247 2892 2918 
5675 1662 1937 2423 2515 
5676 1792 2010 1603 2057 
5677 1769 2315 1181 3025 
5678 1582 1969 2113 2465 
5679 1792 2614 2059 3041 
5680 1549 1726 1999 3090 
5681 1600 2099 1887 2206 
5682 1897 204 2466 2721 
5683 354 442 1929 2373 
5684 1632 2659 1936 2706 
5685 2088 2652 1955 2792 
5686 1540 1818 1904 2639 
5687 1596 2430 2144 2471 
5688 1610 1979 1845 2805 
5689 1576 2127 2770 2954 
5690 1704 2796 2393 3071 
5691 1585 2014 1897 2466 
5692 411 1029 1130 2210 
5693 1655 1744 2252 2256 
5694 542 1814 845 2444 
5695 1827 2175 590 2316 
5696 2072 1768 2601 3010 
5697 354 2373 2451 2806 
5698 318 2087 319 2318 
5699 1756 2037 1620 2423 
5700 318 2401 314 2636 
5701 212 211 1782 2600 
5702 1928 2454 2150 3081 
5703 2150 2454 1653 3081 
5704 2065 2269 1812 3018 
5705 434 2147 1811 2352 
5706 1686 1819 2269 2786 
5707 1643 1823 2475 2967 
5708 1633 1955 2032 2652 
5709 1940 2475 1823 2967 
5710 1565 1865 2198 2893 
5711 2018 1782 2360 2764 
5712 1926 1968 1613 2105 
5713 1582 1743 2212 2718 
5714 1785 2208 1567 2733 
5715 1609 2115 2087 2446 
5716 1065 1910 744 2677 
5717 2142 2422 1757 2489 
5718 673 1822 652 2275 
5719 1983 2401 915 2574 
5720 98 2516 2221 2838 
5721 1677 2190 21 2743 
5722 1741 1900 2667 2710 
5723 1938 2581 1964 2684 
5724 2087 2115 1796 2446 
5725 1902 1586 1991 3014 
5726 2049 1888 2449 2696 
5727 1574 1746 2589 2789 
5728 1693 1798 2094 2604 
5729 1574 2068 1746 2789 
5730 1900 1963 1608 2053 
5731 1760 2892 2247 2918 
5732 459 447 2477 2509 
5733 443 1832 900 2341 
5734 1959 1689 2537 2756 
5735 1610 2467 1996 3032 
5736 2003 2809 2795 2829 
5737 1924 1667 2351 2500 
5738 881 2645 2082 3094 
5739 1744 1953 2252 2553 
5740 1614 2236 1945 2315 
5741 874 1040 1097 2849 
5742 1963 2032 2732 2999 
5743 1570 1813 1956 2712 
5744 1620 1772 2109 2887 
5745 234 1906 2077 2738 
5746 1647 2145 2081 2332 
5747 2253 2489 1672 2491 
5748 1628 2302 2218 2742 
5749 204 1897 1043 2721 
5750 1641 1944 1783 2316 
5751 1913 2857 1836 2968 
5752 1179 733 2106 2719 
5753 1665 1772 2531 3017 
5754 92 2099 1887 2237 
5755 1690 1956 1813 2712 
5756 1868 1744 2568 2569 
5757 1632 2474 2028 3079 
5758 1980 2260 460 2477 
5759 211 2536 1782 2600 
5760 636 1806 595 2405 
5761 1624 1892 2510 2577 
5762 1633 2175 2356 2792 
5763 273 806 804 1923 
5764 1998 2330 1559 2527 
5765 1771 2293 1950 3082 
5766 378 448 449 1793 
5767 1656 2494 1787 2755 
5768 1041 2179 1925 3095 
5769 207 2179 418 2600 
5770 1600 1892 1974 2525 
5771 1768 2699 2137 2715 
5772 1644 2018 1869 2343 
5773 945 2637 730 2688 
5774 2045 2068 1746 2437 
5775 662 1983 2377 2401 
5776 1578 1929 1981 2555 
5777 359 358 357 1797 
5778 320 2166 2024 2701 
5779 1722 2032 1955 2652 
5780 1712 2089 1914 2442 
5781 1889 2415 2174 2629 
5782 1836 2857 2766 2925 
5783 1956 2213 2317 2814 
5784 1153 2129 1845 2395 
5785 1928 2774 2060 2875 
5786 1163 1789 781 2707 
5787 596 1827 590 2316 
5788 1810 2302 1919 2464 
5789 2031 2042 1693 2908 
5790 1561 1950 2661 3082 
5791 2031 2727 2042 2908 
5792 1992 2282 882 2481 
5793 1780 2460 2296 2759 
5794 1642 2121 1892 2314 
5795 1037 2486 2167 2872 
5796 1724 2322 1878 2745 
5797 2032 2540 1963 2732 
5798 1544 2139 2084 2266 
5799 1601 2717 2302 3003 
5800 1539 1909 2422 3100 
5801 1611 2103 1842 2235 
5802 1954 2621 1795 2744 
5803 1631 2019 2248 2359 
5804 1614 2236 2315 2772 
5805 2199 2667 2097 3003 
5806 427 426 2109 2386 
5807 1618 1784 1980 2233 
5808 915 1785 402 2574 
5809 1941 2638 2201 2943 
5810 1864 2058 1604 2834 
5811 1545 2485 1903 3096 
5812 469 434 1811 2352 
5813 1690 1884 2665 2944 
5814 662 2377 1970 2401 
5815 452 2417 403 2462 
5816 1642 1822 2347 2916 
5817 390 386 2340 2825 
5818 1641 1783 1944 2861 
5819 1099 928 1894 2328 
5820 910 14 1787 1914 
5821 599 2480 2296 2620 
5822 411 1029 2210 2662 
5823 1895 2037 2903 2907 
5824 1810 2097 2667 3003 
5825 525 651 1822 2080 
5826 1622 1898 2135 2572 
5827 1581 2006 1936 2365 
5828 1618 2791 2233 3010 
5829 110 91 22 2490 
5830 2124 2370 1682 2878 
5831 1571 2037 1937 2515 
5832 1037 2284 2486 2872 
5833 2357 2421 1684 3102 
5834 1622 2090 2198 2321 
5835 1586 1902 2004 2708 
5836 1599 2264 2055 2650 
5837 1809 1971 1646 2544 
5838 220 2933 2946 2957 
5839 696 2984 2074 2990 
5840 1736 1850 3006 3070 
5841 1590 2033 1800 3038 
5842 1660 2089 1816 2681 
5843 1679 2247 2862 2892 
5844 1798 2094 2592 2842 
5845 1882 2221 152 2516 
5846 2045 2264 1599 2650 
5847 850 2005 625 2159 
5848 972 2367 2316 2929 
5849 1605 1791 2007 2349 
5850 1635 2174 2415 2629 
5851 1762 2369 2779 2796 
5852 1804 2253 2010 2817 
5853 1587 1849 2047 2896 
5854 1652 2335 1977 2701 
5855 2221 2357 98 2838 
5856 1102 705 1890 2660 
5857 1910 2589 1746 2789 
5858 2322 2745 1724 2856 
5859 143 2680 2096 3045 
5860 1864 2289 2505 2563 
5861 1559 2330 1998 2948 
5862 1615 2358 2092 2606 
5863 2008 2244 1838 2517 
5864 2547 2665 1824 2876 
5865 1756 1662 2423 2508 
5866 2207 2598 2371 3064 
5867 1574 2724 2463 3050 
5868 1781 1965 2793 2993 
5869 964 263 2354 2362 
5870 268 2362 1786 2818 
5871 1570 1812 2269 3018 
5872 1638 2015 1790 2078 
5873 1590 1881 2203 2384 
5874 2179 2343 1869 2860 
5875 257 595 636 1806 
5876 1830 2580 1637 3023 
5877 705 1091 2023 2660 
5878 1620 1795 2159 2949 
5879 2014 1869 2343 2860 
5880 783 2414 1159 2823 
5881 1569 1814 2433 2910 
5882 335 334 2299 2768 
5883 1595 1959 2537 2756 
5884 612 2425 1987 2578 
5885 205 207 2014 2860 
5886 1964 2143 1651 2581 
5887 1733 2420 1638 2749 
5888 1584 2899 1874 3028 
5889 1730 2042 2461 2584 
5890 1539 1909 1952 2585 
5891 1597 2507 2787 2945 
5892 1639 2069 2411 2548 
5893 722 2100 1815 2578 
5894 2359 2661 2293 3082 
5895 2177 2286 1692 2961 
5896 1578 2133 1929 2571 
5897 2288 2862 2247 2892 
5898 1659 1979 1845 2395 
5899 1553 1971 2152 2623 
5900 228 2056 229 2170 
5901 1762 2427 2144 2616 
5902 359 1797 2105 2493 
5903 1594 2352 1886 2655 
5904 1631 2019 1785 2574 
5905 798 1995 2160 2609 
5906 1638 2420 2221 2749 
5907 1608 2234 2009 2473 
5908 1109 892 400 2154 
5909 1582 2107 1969 2465 
5910 960 2200 1095 2565 
5911 892 208 2154 2466 
5912 1812 1570 2759 3018 
5913 809 246 2350 2460 
5914 1898 2118 1622 2711 
5915 1588 2339 2108 2785 
5916 1701 2135 1950 2494 
5917 1864 2505 1658 2563 
5918 1963 2053 2032 2999 
5919 1913 2766 1836 2857 
5920 850 2005 415 2887 
5921 320 380 2166 2701 
5922 1735 2306 2041 2970 
5923 1872 2332 1625 2846 
5924 2016 2349 1984 2457 
5925 254 1758 513 3089 
5926 1548 1799 1935 3015 
5927 1874 2899 1993 3028 
5928 1748 1665 2163 2531 
5929 2293 2359 1771 2731 
5930 1584 1848 2369 2668 
5931 1163 1061 1789 2707 
5932 1768 1876 2072 2450 
5933 2089 2442 1712 3037 
5934 1626 1966 2371 2800 
5935 662 970 1983 2401 
5936 1992 2540 1722 2732 
5937 1782 2211 1918 2536 
5938 1582 2194 1924 2465 
5939 1122 1711 2190 2225 
5940 1745 2489 2253 2977 
5941 520 2392 511 2474 
5942 1794 1652 2196 2330 
5943 235 234 233 2847 
5944 1539 2336 2020 2408 
5945 1539 1765 2020 3100 
5946 1921 2087 906 2636 
5947 1605 1791 2349 2540 
5948 1127 1006 661 2379 
5949 1844 2474 1632 3079 
5950 1738 1920 2212 2718 
5951 1726 2216 1999 2926 
5952 1725 1631 2268 2418 
5953 865 2238 896 2837 
5954 1745 2046 1757 2489 
5955 1744 2252 2114 2553 
5956 1790 2366 2015 2432 
5957 1569 2065 2233 2689 
5958 1625 2332 2081 2846 
5959 1633 1955 2652 2792 
5960 268 1786 2362 2363 
5961 1728 2646 2234 2938 
5962 1605 1963 2540 2732 
5963 1668 1986 1859 2637 
5964 1125 329 884 2486 
5965 957 167 2257 2680 
5966 377 2477 447 2509 
5967 1681 2166 1839 2459 
5968 883 498 532 2260 
5969 1778 2396 1931 3086 
5970 1012 1983 541 2634 
5971 1605 2007 2784 3039 
5972 29 1733 1185 2219 
5973 1645 1945 2161 2460 
5974 1612 2607 2189 3070 
5975 1820 2424 2027 2668 
5976 448 2215 1793 2509 
5977 915 1983 970 2401 
5978 1627 2935 2568 2962 
5979 468 466 2004 2434 
5980 1677 2207 1726 2691 
5981 1607 2641 2822 3091 
5982 1559 2196 1794 2398 
5983 1618 2026 2791 3010 
5984 150 930 1163 2402 
5985 158 2140 1177 2378 
5986 2130 2476 559 2545 
5987 1870 2032 1633 2083 
5988 1632 1836 2025 2659 
5989 477 559 2130 2476 
5990 2030 2143 1651 3008 
5991 1620 2163 2109 2531 
5992 1605 2784 1916 3039 
5993 1673 2336 1624 2385 
5994 234 233 1906 2738 
5995 135 1967 138 2197 
5996 1614 2022 2419 2741 
5997 542 845 374 2444 
5998 1662 2047 2139 2365 
5999 567 2180 637 2326 
6000 1770 2946 2933 2957 
6001 1608 2529 2273 2682 
6002 1872 2796 2332 2846 
6003 1713 2835 2536 2849 
6004 427 426 416 2109 
6005 1604 2075 1847 2675 
6006 539 2284 2033 2663 
6007 1681 1982 2479 2837 
6008 1539 1885 2482 2942 
6009 2076 2186 1935 2959 
6010 2234 2646 1855 2938 
6011 115 2140 2334 2788 
6012 1755 2346 2214 2612 
6013 1691 2105 1926 2331 
6014 2162 2199 1873 2731 
6015 1781 2043 2685 2793 
6016 1594 1811 2352 2655 
6017 1577 2091 2339 2489 
6018 1563 2067 2667 2978 
6019 1681 1982 1911 2479 
6020 1829 2079 1867 2760 
6021 621 2138 1886 2631 
6022 1645 2460 2161 3018 
6023 1659 2036 1840 2313 
6024 2172 1623 2385 2681 
6025 1606 2160 1767 2765 
6026 1994 2874 2873 2930 
6027 1906 2296 1812 2759 
6028 1593 2258 1813 2266 
6029 2089 1790 2375 2928 
6030 1578 1803 2041 2632 
6031 1551 2025 1836 2706 
6032 228 1972 225 2056 
6033 2196 2238 1794 2398 
6034 1813 1956 1690 2317 
6035 1592 1838 2008 2244 
6036 1042 2316 1783 2929 
6037 1635 2523 2062 2527 
6038 500 1839 2372 2479 
6039 1821 1715 2518 2855 
6040 1758 2275 513 3089 
6041 2189 2728 1889 3006 
6042 936 148 2783 2881 
6043 159 1061 978 2707 
6044 1955 2083 2032 2540 
6045 509 507 2248 2268 
6046 1922 2006 1683 2380 
6047 2248 2268 1854 2726 
6048 1755 2214 1862 2727 
6049 135 1967 2197 3027 
6050 1814 2233 2477 2910 
6051 1632 2392 2002 2659 
6052 1779 1960 1656 2001 
6053 1904 2639 1901 2808 
6054 1918 2536 2211 2957 
6055 2048 2591 253 3089 
6056 2376 2569 1939 2709 
6057 664 2403 1851 2797 
6058 1544 1813 2547 2665 
6059 2232 2499 1648 2501 
6060 1710 2082 2304 2645 
6061 1727 1846 2808 2953 
6062 1657 2214 1862 2657 
6063 625 2159 2005 2543 
6064 1552 2169 2112 2421 
6065 1009 1814 542 2350 
6066 319 2318 2087 3009 
6067 1670 1885 1837 2336 
6068 1607 1989 2249 2641 
6069 2091 2339 1858 2924 
6070 926 2071 173 2831 
6071 1864 2289 2058 2834 
6072 697 2522 2370 3069 
6073 1557 2461 2042 2584 
6074 512 679 1957 2230 
6075 675 2205 1809 2611 
6076 783 1159 101 2823 
6077 815 2611 2154 2946 
6078 1594 1886 2468 2655 
6079 852 1844 429 2386 
6080 1953 2117 1655 2252 
6081 1636 2195 1971 2276 
6082 1689 2043 1959 2537 
6083 1998 1641 2330 2527 
6084 579 2512 2281 2736 
6085 623 1795 1022 2570 
6086 1774 2273 2529 2682 
6087 2089 2112 1790 2928 
6088 2006 2297 1836 2766 
6089 1632 2025 1836 2384 
6090 520 511 870 2474 
6091 2001 526 2734 2823 
6092 2296 2460 1812 3018 
6093 124 122 2901 2947 
6094 2139 2266 1801 2725 
6095 1600 2015 1974 2749 
6096 1891 2584 2223 2692 
6097 1804 2813 1568 2941 
6098 586 2551 561 2863 
6099 577 1993 578 2226 
6100 201 200 2500 2721 
6101 1984 2232 1648 2501 
6102 2039 2271 1853 2775 
6103 449 2215 471 2445 
6104 1985 2090 1622 2321 
6105 1939 2569 2376 2935 
6106 1891 367 2299 2720 
6107 1780 2161 1956 2816 
6108 1548 2137 1768 2699 
6109 1771 2453 1950 2640 
6110 1683 2297 2028 2630 
6111 1686 2267 2051 2626 
6112 1798 1693 2094 2842 
6113 1570 2186 2416 2547 
6114 809 2350 1812 2460 
6115 1880 2186 2076 2959 
6116 1657 2165 2214 2657 
6117 1862 2478 2042 2727 
6118 2146 2203 1135 2835 
6119 1593 1932 1922 2915 
6120 592 959 951 2107 
6121 1124 677 1074 1874 
6122 1760 2288 2247 2892 
6123 1911 1982 1681 2588 
6124 1844 2028 2630 3079 
6125 1843 2319 2111 2601 
6126 206 205 207 2014 
6127 1955 2662 2088 2792 
6128 1620 2178 1756 2423 
6129 1797 2300 1671 2331 
6130 193 2353 1817 2695 
6131 2007 2775 1978 2952 
6132 320 379 2024 2166 
6133 1795 2159 623 2864 
6134 596 450 1827 2845 
6135 1603 1792 2057 3007 
6136 1601 2717 2097 2936 
6137 1582 2212 1920 2718 
6138 1693 2042 2031 2842 
6139 768 1845 2390 2788 
6140 2005 2109 1620 2159 
6141 1850 2607 1612 3070 
6142 1120 596 2175 2316 
6143 1622 2135 1985 2572 
6144 918 532 1830 2243 
6145 210 212 815 2154 
6146 768 2390 2140 2788 
6147 853 985 2147 2462 
6148 1627 2568 1920 2962 
6149 1722 2088 1955 2662 
6150 1624 2314 1892 2577 
6151 2096 2680 1669 3045 
6152 1838 2244 1592 3030 
6153 1790 2015 1974 2432 
6154 1561 2661 2359 3082 
6155 1580 1885 2123 2839 
6156 520 870 2364 2474 
6157 472 2215 2243 2287 
6158 1540 1943 1947 2079 
6159 1544 2665 2547 2876 
6160 272 2232 1923 2981 
6161 1685 1996 2157 2467 
6162 1585 2544 2183 3054 
6163 1868 1667 2256 2518 
6164 1685 1996 1789 2157 
6165 579 2342 2281 2512 
6166 264 2362 1977 2701 
6167 1865 2031 1693 2198 
6168 2162 2208 1631 2731 
6169 1569 2426 1848 2889 
6170 915 540 970 1983 
6171 1924 2500 2351 2886 
6172 1960 2169 2001 2220 
6173 1853 2642 2571 2705 
6174 1160 1052 1899 2526 
6175 1622 2447 1771 3082 
6176 1940 2569 2376 2709 
6177 1995 2759 1719 2913 
6178 1593 2502 1932 2615 
6179 1555 2078 1759 2366 
6180 1122 2190 1711 2514 
6181 390 389 2825 2845 
6182 2140 2390 1845 2788 
6183 1179 1729 2560 2719 
6184 1643 2181 2049 2542 
6185 1631 2359 2293 2731 
6186 1547 1853 1883 2705 
6187 596 590 2175 2316 
6188 1620 1772 2178 2531 
6189 1014 423 424 3005 
6190 1687 1774 2098 2273 
6191 1165 1163 1061 1789 
6192 1687 1774 2273 2627 
6193 2185 2351 1667 2500 
6194 815 2154 2211 2946 
6195 1590 2987 1863 3038 
6196 1662 1748 2365 2423 
6197 670 2350 246 2388 
6198 1638 1790 2015 2928 
6199 1641 1905 1998 2948 
6200 1590 2025 1863 2987 
6201 1722 1955 2032 2540 
6202 1560 2006 2297 2502 
6203 526 680 2171 2734 
6204 1633 2356 2083 2792 
6205 1930 1638 2298 2894 
6206 1997 2217 1642 2275 
6207 1592 2008 1838 2669 
6208 1650 2108 1858 2136 
6209 1850 1736 2202 3070 
6210 2005 2178 1772 2519 
6211 1845 1979 1610 2788 
6212 1636 1782 2018 2154 
6213 1555 2366 1759 2747 
6214 1756 2423 2067 2508 
6215 2144 2471 2145 2475 
6216 2241 2530 1604 2834 
6217 1740 1680 2873 2930 
6218 1868 2212 1582 2351 
6219 1604 2241 1925 2530 
6220 2098 2273 1774 2602 
6221 1124 1874 724 2819 
6222 2016 2271 1791 2349 
6223 2003 1882 2809 2829 
6224 1627 2599 2935 2962 
6225 1931 1961 1753 2934 
6226 1629 1961 1931 2934 
6227 329 2240 1766 2428 
6228 522 1800 830 2643 
6229 1023 1077 798 1995 
6230 1797 1642 2121 2484 
6231 1658 2030 2435 2497 
6232 2219 2313 1733 2395 
6233 1605 1791 2540 2794 
6234 2025 2384 1632 3035 
6235 1556 2271 2016 2349 
6236 1845 2129 1153 2947 
6237 1551 2435 2443 2778 
6238 651 2099 2080 2666 
6239 1881 2723 2203 2835 
6240 1565 2198 2485 2893 
6241 1578 2555 1981 2993 
6242 1791 2016 1708 2271 
6243 1852 2490 2227 2691 
6244 1612 2189 1889 3006 
6245 1984 2232 799 2981 
6246 775 2017 483 2625 
6247 1893 2522 1886 3080 
6248 502 2372 1911 2479 
6249 109 2190 91 2490 
6250 1938 1587 2143 2581 
6251 1805 2530 2241 2834 
6252 1627 1920 2599 2962 
6253 816 2611 815 2946 
6254 805 1783 2175 2356 
6255 1799 2052 1625 2699 
6256 1153 1845 989 2395 
6257 2173 2399 1617 2988 
6258 2020 2336 1837 2408 
6259 2042 2727 2374 2908 
6260 1656 1787 1914 2755 
6261 1127 661 1912 2379 
6262 144 2402 2096 2438 
6263 2096 2680 143 2900 
6264 404 2019 445 2574 
6265 480 415 481 2159 
6266 1784 1618 1980 2260 
6267 500 2479 2166 2676 
6268 328 331 2151 2428 
6269 1805 1925 2241 2530 
6270 1151 911 2414 2871 
6271 993 643 1933 2559 
6272 2376 2709 1939 2935 
6273 1720 1969 2107 2465 
6274 1814 2311 542 2350 
6275 1868 2351 1667 2518 
6276 1764 1836 2857 2968 
6277 1545 2031 2485 3096 
6278 1786 1977 2400 2818 
6279 2172 2277 1623 2681 
6280 1862 2214 1755 2346 
6281 1900 2009 1741 2273 
6282 937 1896 2413 2722 
6283 2287 2580 1830 2653 
6284 2302 2717 1810 3003 
6285 2071 2120 173 2831 
6286 1594 2073 2374 2810 
6287 1548 2052 1799 2699 
6288 1794 2238 2024 2354 
6289 1879 2333 2279 2647 
6290 2114 2566 1939 2709 
6291 2010 2057 1792 2799 
6292 1615 2092 1884 2606 
6293 1855 2102 2234 2473 
6294 2217 2314 1892 2525 
6295 1041 2488 2179 3095 
6296 852 2386 429 2752 
6297 2295 2706 2047 3008 
6298 1591 1948 1949 2188 
6299 1547 2300 2121 2331 
6300 1639 2411 1839 2548 
6301 1945 2315 1108 2388 
6302 1885 2336 2125 2996 
6303 1709 2216 2496 2691 
6304 378 1793 449 2858 
6305 2216 2404 1999 2883 
6306 1707 2654 2378 2729 
6307 1579 2520 2306 3004 
6308 497 1910 1065 2677 
6309 1631 1785 2019 2208 
6310 1645 1880 2161 3087 
6311 1653 1926 1802 2150 
6312 1562 1802 1926 2150 
6313 1959 1595 2043 2176 
6314 1625 2137 1726 2193 
6315 1012 1048 2377 2634 
6316 1966 2844 1949 2846 
6317 1652 1977 2362 2701 
6318 1 1733 1083 2997 
6319 1874 2304 1074 2645 
6320 1629 1931 1903 2716 
6321 1851 1617 2399 2988 
6322 1579 1987 2306 2520 
6323 1718 1847 2113 2530 
6324 2305 2412 1732 2791 
6325 1581 2006 2365 2725 
6326 1579 2074 2520 3004 
6327 257 1806 636 2972 
6328 915 540 1983 2574 
6329 1820 2183 1743 2239 
6330 1629 2656 2612 2716 
6331 1038 2860 2283 2965 
6332 1851 2097 1687 2403 
6333 1861 1775 2840 2989 
6334 1642 2275 2217 2916 
6335 1638 2078 1790 2375 
6336 1774 1687 2098 2627 
6337 1631 2162 1785 2208 
6338 1631 1785 2162 2574 
6339 1733 2397 2013 2749 
6340 2054 2614 1866 3007 
6341 2109 2309 414 3020 
6342 1175 1809 675 2557 
6343 1946 2989 1861 3019 
6344 2095 2202 1850 2280 
6345 1175 2466 1809 2557 
6346 1608 2732 2410 2999 
6347 1929 2373 1671 2451 
6348 1892 2314 1988 2577 
6349 268 2818 1786 3072 
6350 1560 2006 2502 2766 
6351 876 565 2203 2488 
6352 1574 2568 2066 2789 
6353 549 1933 548 2287 
6354 399 1945 1108 2388 
6355 1116 2874 1994 2930 
6356 181 174 2120 2257 
6357 1620 1871 2109 2163 
6358 1548 1799 2137 2699 
6359 338 2299 2223 2692 
6360 403 2417 803 2462 
6361 845 542 1009 1814 
6362 1578 1965 2555 2993 
6363 1762 2027 2011 2668 
6364 2011 2027 1584 2668 
6365 1629 1903 2656 2716 
6366 1714 2124 1976 2821 
6367 2086 2197 2128 3060 
6368 262 2024 2354 2701 
6369 1586 2708 2004 3084 
6370 1623 1952 2204 2815 
6371 1822 2099 1600 2206 
6372 1974 2015 1840 2432 
6373 564 561 2323 2863 
6374 319 2087 318 2636 
6375 957 2257 167 2672 
6376 621 1886 2522 3069 
6377 1680 1828 1740 2873 
6378 1614 1982 1911 2588 
6379 21 2190 1677 2227 
6380 1930 1734 2618 2894 
6381 2153 2531 1772 3017 
6382 596 1827 2316 2845 
6383 662 1970 795 2401 
6384 1938 2143 1964 2581 
6385 1682 2124 2158 2821 
6386 2203 2384 1713 2511 
6387 1602 1808 2310 3076 
6388 1775 1562 2095 2648 
6389 1641 2523 1783 2861 
6390 2032 2083 1870 2394 
6391 1565 1776 2119 2485 
6392 1625 1799 2137 2193 
6393 1925 2179 1718 2530 
6394 1956 2161 2712 2816 
6395 2221 2516 1712 2838 
6396 1588 1879 2647 2703 
6397 1576 2459 1839 2836 
6398 759 1916 758 2272 
6399 1604 1847 2075 2530 
6400 1618 1830 2026 2111 
6401 1907 1908 1625 2081 
6402 2017 2400 1977 2818 
6403 675 1175 1109 1809 
6404 2223 2299 1891 2692 
6405 1881 1632 2384 3035 
6406 1078 2434 2261 2751 
6407 1543 1866 2054 2617 
6408 2032 1722 2732 2999 
6409 2102 2646 750 2790 
6410 2117 2252 1953 2553 
6411 1815 2122 2100 2914 
6412 623 2159 1795 2570 
6413 1684 2169 2112 2206 
6414 587 1841 1147 2595 
6415 1181 1769 597 2906 
6416 2198 2321 1776 2572 
6417 1623 2204 2321 2815 
6418 549 548 2215 2287 
6419 1644 2184 2018 2290 
6420 1644 2146 1782 2184 
6421 1916 1605 2141 2784 
6422 21 104 1677 2743 
6423 2203 2384 1881 2835 
6424 1979 2651 102 2683 
6425 1995 2160 1899 2576 
6426 500 1839 2479 2676 
6427 1922 2502 2006 2766 
6428 1589 1988 2220 2280 
6429 402 2318 326 2417 
6430 1998 2535 1767 3011 
6431 2059 2456 1754 2491 
6432 1569 2265 1975 2305 
6433 1945 1614 2315 2741 
6434 1741 2009 1900 2897 
6435 1012 1048 663 2377 
6436 382 380 420 2387 
6437 1859 1986 1611 2923 
6438 525 2061 487 2734 
6439 2223 2299 1730 2584 
6440 960 2200 1978 2806 
6441 1713 2384 2203 2835 
6442 433 1811 434 2704 
6443 2022 2161 1880 3087 
6444 1593 1806 2170 2258 
6445 448 471 449 2215 
6446 1670 2125 2036 2391 
6447 1586 1953 2181 2553 
6448 1658 2148 1866 2497 
6449 1813 2258 1801 2266 
6450 201 2500 2283 2721 
6451 411 2210 1992 2662 
6452 892 1809 1175 2466 
6453 858 2223 2284 2692 
6454 1603 2247 2010 2977 
6455 316 2218 1921 2636 
6456 2143 2896 1964 3008 
6457 1606 2535 1825 2765 
6458 1547 2224 1850 2280 
6459 684 1027 1854 2327 
6460 1628 2302 1810 2464 
6461 1882 2221 1638 2298 
6462 1750 2293 2248 2359 
6463 984 674 2283 2500 
6464 1775 2150 1562 2648 
6465 1811 2147 434 2704 
6466 1757 2142 2348 2608 
6467 1567 1873 2094 2447 
6468 911 1914 94 2414 
6469 472 2243 848 2287 
6470 1716 1830 2580 2653 
6471 2699 2877 1857 3010 
6472 1585 2466 1897 3062 
6473 1749 2150 1928 2811 
6474 2101 2308 1823 2430 
6475 1863 2025 1590 2505 
6476 1945 1614 2741 3087 
6477 1611 2251 1759 2917 
6478 172 2257 957 2672 
6479 644 1831 2070 2287 
6480 1702 1795 2621 2744 
6481 1959 2176 2043 2685 
6482 1911 2588 2262 2741 
6483 1665 2531 2153 3017 
6484 1585 1897 2014 2932 
6485 500 1839 501 2372 
6486 1759 2078 1555 2235 
6487 525 1822 673 2347 
6488 240 2296 243 2460 
6489 700 1958 679 2230 
6490 1819 2269 2786 2911 
6491 2275 2347 1822 2916 
6492 1667 2500 1924 2582 
6493 1761 2208 2019 2417 
6494 1636 2018 1782 2360 
6495 1752 2411 2069 2548 
6496 1940 1939 2709 2967 
6497 193 192 191 1817 
6498 2249 2641 1989 2964 
6499 2045 2055 1599 2264 
6500 2413 2873 1680 2930 
6501 1622 1771 2135 3082 
6502 1959 2499 2017 2625 
6503 1632 2002 2392 2474 
6504 400 892 208 2154 
6505 113 1852 24 2334 
6506 1755 2656 1903 2716 
6507 1606 1825 2455 2765 
6508 1558 2346 2165 2599 
6509 1718 2343 1847 2530 
6510 21 1677 104 2227 
6511 1694 2663 2284 2692 
6512 1892 1974 1624 2510 
6513 1757 2348 2046 2608 
6514 1722 1955 2540 2662 
6515 1137 1860 485 2338 
6516 863 2284 1800 2723 
6517 1762 2779 2393 2796 
6518 1935 2076 1690 2186 
6519 1743 2187 2524 2718 
6520 1743 2524 2212 2718 
6521 1751 2302 2717 2742 
6522 865 2479 1018 2772 
6523 1678 2139 2725 2750 
6524 444 1832 443 2969 
6525 1009 845 1814 2477 
6526 2066 2568 1753 2962 
6527 1590 2384 2203 2511 
6528 1549 1999 2496 2966 
6529 1696 1970 2401 2636 
6530 1602 2391 1808 3076 
6531 184 1957 183 2677 
6532 2033 2203 1881 2723 
6533 1801 1593 2258 2801 
6534 409 265 1944 2363 
6535 302 2403 2664 2939 
6536 1937 2037 1756 2423 
6537 1842 2235 2103 2747 
6538 1584 2660 1874 2899 
6539 1755 2641 2214 2727 
6540 1614 2588 1911 2741 
6541 252 2238 896 2912 
6542 937 2003 1896 2722 
6543 2144 2430 1773 2471 
6544 809 1812 239 2460 
6545 918 883 532 2243 
6546 1707 2702 2294 2729 
6547 723 2578 612 2735 
6548 1603 2057 1913 2148 
6549 752 1855 2410 2790 
6550 2294 2702 1842 2729 
6551 1845 2140 1610 2259 
6552 1558 1878 2612 2962 
6553 1800 2167 830 2643 
6554 1852 2307 24 2697 
6555 1587 1964 1938 2143 
6556 1619 2061 2171 2884 
6557 1754 2497 2295 3008 
6558 1555 1759 2235 2747 
6559 1578 2306 1965 2793 
6560 2221 2298 921 2420 
6561 1691 1926 2105 2250 
6562 1892 1988 2510 2577 
6563 502 1911 608 2479 
6564 1707 2086 2197 2702 
6565 1616 2049 1888 2114 
6566 1652 2330 1944 2441 
6567 1663 2016 1791 2349 
6568 1820 2183 1634 2427 
6569 1751 1970 2302 2742 
6570 665 664 663 1851 
6571 1634 1823 2308 2430 
6572 1572 2083 1783 2861 
6573 677 2304 1874 2819 
6574 1587 1849 2091 3036 
6575 459 460 498 2260 
6576 1918 2211 1782 2764 
6577 553 2012 853 2147 
6578 1893 2138 1675 2468 
6579 1731 2984 2074 3004 
6580 268 1786 2363 3072 
6581 1820 2027 1554 2427 
6582 1690 2606 1824 2665 
6583 110 22 23 2490 
6584 1577 2142 1765 2245 
6585 98 118 2516 2838 
6586 1631 2248 2293 2359 
6587 2061 2121 1642 2484 
6588 481 850 625 2159 
6589 2044 2322 1724 2856 
6590 1580 2123 2193 2839 
6591 1778 2054 1627 2101 
6592 2120 2324 2257 2672 
6593 1878 2745 2612 2962 
6594 1032 2534 2272 2852 
6595 1693 2031 1865 2842 
6596 2121 2493 2061 2884 
6597 1627 2376 2569 2935 
6598 1549 2123 2193 3090 
6599 1773 2145 2144 2471 
6600 1632 2659 2025 3035 
6601 1873 1651 2094 2255 
6602 1718 2113 1925 2530 
6603 1754 2143 2456 2497 
6604 1601 2302 2717 2936 
6605 1563 2531 2178 2602 
6606 1886 2138 1893 2468 
6607 1683 2006 2297 2630 
6608 2804 2876 2084 2977 
6609 390 389 386 2825 
6610 1922 2006 2380 2725 
6611 1911 2479 1982 2772 
6612 239 809 808 1812 
6613 1165 1163 1789 2880 
6614 1941 1942 1602 2201 
6615 438 1928 2564 2875 
6616 1541 2779 2369 2796 
6617 2061 2493 2171 2884 
6618 846 2386 1871 2752 
6619 143 2402 142 3045 
6620 736 2070 1831 2514 
6621 1596 1942 1941 2507 
6622 997 1821 693 2342 
6623 2410 2732 2613 2999 
6624 790 2683 2395 2788 
6625 2007 2952 2784 3039 
6626 1863 2435 2025 2505 
6627 461 462 430 3079 
6628 1765 2020 1837 2408 
6629 1666 2286 2177 2961 
6630 1761 2208 2073 2552 
6631 947 816 815 2946 
6632 1544 1801 2139 2266 
6633 443 1832 2341 2969 
6634 1584 2023 1874 2660 
6635 905 172 2672 3027 
6636 1548 2093 1876 2137 
6637 1884 2415 2348 3051 
6638 1048 663 2377 2634 
6639 115 117 1996 2140 
6640 2097 2273 1563 2667 
6641 1578 1929 2555 2694 
6642 2294 2654 1707 2729 
6643 1784 1618 2260 3023 
6644 1821 2134 1655 2342 
6645 1976 2370 1714 2882 
6646 697 570 2522 3069 
6647 1600 1892 2525 2916 
6648 2136 2189 1650 2674 
6649 1864 1604 2075 2834 
6650 265 2362 1944 2363 
6651 2341 2381 1129 2454 
6652 1916 2210 793 2852 
6653 1618 2110 1830 2111 
6654 1771 1622 2255 2447 
6655 1544 1884 2040 2665 
6656 1866 2054 1778 2614 
6657 896 2238 1982 2912 
6658 264 1977 917 2701 
6659 1823 2427 2308 2827 
6660 1944 2441 2330 2861 
6661 2119 2787 2507 2945 
6662 746 436 2454 2564 
6663 1855 2410 1608 2732 
6664 209 207 418 2600 
6665 1574 2194 2568 2789 
6666 1995 2480 1719 2759 
6667 1902 2230 1655 3014 
6668 1622 1985 2321 2572 
6669 1099 1894 928 2286 
6670 1708 2016 1791 2394 
6671 1555 2036 2125 2391 
6672 2099 2206 2080 2666 
6673 1715 2226 1897 3067 
6674 1647 1773 2145 2332 
6675 1721 2672 2120 3027 
6676 2465 2718 1738 3002 
6677 1052 2340 1899 2526 
6678 1809 2544 1897 3062 
6679 1952 2585 1700 2787 
6680 327 2325 811 2994 
6681 1179 2560 992 2719 
6682 1852 2490 2467 3032 
6683 1633 2032 1955 2083 
6684 1654 1880 2416 2689 
6685 989 1845 1153 2947 
6686 1985 2279 2277 2333 
6687 1993 2027 1715 3028 
6688 1836 1764 2857 2925 
6689 1750 2726 2869 2870 
6690 183 1957 182 2071 
6691 1833 1834 1586 2149 
6692 2140 1707 2378 2729 
6693 1082 1925 1041 2965 
6694 1730 2151 2461 2826 
6695 1601 1873 2162 2199 
6696 1624 2336 1673 2432 
6697 675 1809 1109 2611 
6698 1607 1989 2641 2964 
6699 1939 2568 1744 2569 
6700 426 414 2109 2309 
6701 1185 1733 29 2997 
6702 2103 2235 1759 2747 
6703 990 1821 997 3024 
6704 1738 2165 2346 2599 
6705 1916 2784 1739 3039 
6706 1641 1998 2330 2948 
6707 2069 1843 2450 3078 
6708 1968 2250 1802 2534 
6709 960 1978 2565 2806 
6710 867 1886 554 2352 
6711 1715 2544 2226 3028 
6712 596 450 590 1827 
6713 665 1851 663 2634 
6714 1636 1932 2195 2276 
6715 1123 684 1854 2869 
6716 2178 2531 1772 2602 
6717 1623 2172 2385 2687 
6718 1590 2075 1805 2834 
6719 2265 2433 1975 3043 
6720 1741 1900 2710 2897 
6721 1651 1810 1964 2684 
6722 1798 2094 1567 3058 
6723 711 1022 2209 2570 
6724 621 2522 570 3069 
6725 1848 2369 1704 2412 
6726 1887 2206 2099 2666 
6727 1998 2062 1641 2527 
6728 1784 2243 459 2509 
6729 338 1891 2299 2692 
6730 1797 2121 2061 2484 
6731 384 2609 2160 2825 
6732 1649 2461 2151 2826 
6733 1955 1663 2083 2540 
6734 1809 2205 675 2557 
6735 1752 1877 2914 2956 
6736 1656 2001 1960 2169 
6737 1774 2178 2005 2519 
6738 1985 2135 1622 2453 
6739 1904 2174 1901 2639 
6740 273 1923 804 2356 
6741 219 1043 204 1897 
6742 1923 2356 1783 2363 
6743 1048 1012 541 2634 
6744 1846 1901 2174 2639 
6745 1606 1998 1825 2535 
6746 1675 1838 2517 2669 
6747 1570 2161 2712 2759 
6748 1641 2330 1794 2948 
6749 1548 1799 2093 2137 
6750 808 239 1812 2847 
6751 381 500 2166 2676 
6752 1719 2258 2170 2576 
6753 1817 2677 191 2695 
6754 219 1897 204 2466 
6755 1658 2497 1866 2893 
6756 565 1805 566 2663 
6757 1603 2010 1792 3041 
6758 1562 1775 2095 2897 
6759 1715 1820 2544 3028 
6760 1598 2122 1815 2956 
6761 1719 2759 2229 2913 
6762 2170 2258 1899 2576 
6763 1830 2111 1716 2580 
6764 1891 2058 1694 2834 
6765 1696 2446 2318 2733 
6766 1838 2822 2641 3091 
6767 2179 2488 982 2600 
6768 1707 2140 2259 2729 
6769 1585 2187 2343 2524 
6770 1987 2074 613 2520 
6771 552 470 553 2147 
6772 666 664 1851 2797 
6773 1629 2612 1931 2716 
6774 1660 2763 2312 3037 
6775 556 2209 1022 2469 
6776 1866 2497 1565 2893 
6777 761 2272 1032 2534 
6778 777 1108 1181 2315 
6779 1812 1640 2311 2847 
6780 1821 2134 997 3024 
6781 746 1802 2534 2564 
6782 1655 2230 2117 3014 
6783 520 521 519 1881 
6784 852 1844 2379 3079 
6785 1589 2280 2220 2593 
6786 500 2372 502 2479 
6787 2014 2466 1585 3062 
6788 2221 2420 1887 2749 
6789 1814 1009 2477 3103 
6790 1546 2103 2638 2943 
6791 2014 2187 1703 2283 
6792 1819 2288 1679 2547 
6793 1797 1671 2320 2331 
6794 863 830 522 1800 
6795 1945 2741 2315 3087 
6796 207 209 208 1869 
6797 2222 1574 2589 2724 
6798 1603 2057 2010 2247 
6799 1813 2258 2229 2913 
6800 2261 2434 1834 2751 
6801 684 1027 1123 1854 
6802 2215 1637 2426 2509 
6803 1592 1841 2470 3030 
6804 1544 2040 1884 2804 
6805 1016 2543 2088 2700 
6806 1727 2808 1901 2953 
6807 1855 2646 2102 2790 
6808 1643 2144 1762 2779 
6809 2005 2498 1774 2519 
6810 1710 2304 2082 3043 
6811 1553 1927 1975 2389 
6812 2119 2507 1778 2945 
6813 1927 2265 1975 3043 
6814 124 122 123 2901 
6815 1548 2959 1880 3015 
6816 2042 2374 1693 2908 
6817 1180 2487 920 2522 
6818 2229 2258 1719 2913 
6819 1590 2834 1805 3038 
6820 1679 2862 2288 2892 
6821 1648 2303 2457 2812 
6822 531 2110 532 2260 
6823 297 296 298 2098 
6824 2056 2170 1806 2972 
6825 1163 930 781 2402 
6826 2089 2755 2442 3037 
6827 1004 2249 707 2595 
6828 2213 2712 1614 2816 
6829 757 1916 793 2852 
6830 1638 2221 1882 2375 
6831 354 1929 976 2451 
6832 186 2055 2045 2264 
6833 1845 2259 2036 2313 
6834 989 2395 1845 2788 
6835 1884 2804 2361 2876 
6836 1647 2145 1773 2471 
6837 1594 2124 1826 2810 
6838 1074 1874 677 2304 
6839 2109 2309 1665 2386 
6840 2324 1669 2680 3045 
6841 1558 2214 2346 2612 
6842 1643 1762 2181 2779 
6843 944 2128 2086 2767 
6844 1585 1897 2544 3062 
6845 2019 2208 1785 2417 
6846 1639 2741 2072 3065 
6847 1835 2504 2278 2686 
6848 2112 2169 1684 2421 
6849 1785 2417 2208 2733 
6850 1966 1949 2586 2846 
6851 95 23 112 2307 
6852 1603 2057 2148 3007 
6853 1731 2905 1867 3004 
6854 1707 2259 2140 2390 
6855 113 1852 2334 2490 
6856 1971 2532 1636 3062 
6857 1688 2027 1993 2899 
6858 1906 2296 1719 2620 
6859 2745 2934 2612 2962 
6860 1032 2272 761 2852 
6861 1639 2411 2069 2450 
6862 1908 1966 1625 2081 
6863 2129 1733 2313 2395 
6864 1585 2239 1820 2932 
6865 2019 2248 1714 3012 
6866 793 2210 1916 2513 
6867 1585 2014 1869 2343 
6868 2069 2450 2411 2956 
6869 1870 2174 1572 2523 
6870 2026 2111 1573 3010 
6871 209 1869 207 2600 
6872 1622 2090 2094 2198 
6873 1945 2161 1780 2236 
6874 1619 1988 1892 2121 
6875 1720 2107 1969 2904 
6876 1655 2342 2134 2807 
6877 225 2056 1972 2933 
6878 1801 2801 2258 2973 
6879 1693 2374 2810 2908 
6880 916 2105 359 2320 
6881 2008 2517 1838 2669 
6882 1769 2072 2741 3065 
6883 1547 1850 2039 2280 
6884 1605 1992 2210 2732 
6885 99 21 2190 2743 
6886 2164 2312 1621 3037 
6887 193 1817 191 2695 
6888 1639 1839 2372 2548 
6889 1838 2517 605 2822 
6890 519 1881 521 2723 
6891 1041 1925 657 3095 
6892 1022 515 2469 2864 
6893 1872 2052 1654 2305 
6894 663 1851 664 2377 
6895 2004 2434 466 2751 
6896 1634 2144 1823 2430 
6897 1747 2358 2213 2951 
6898 1623 2321 1776 2815 
6899 1590 2033 1805 2203 
6900 1756 2178 2682 2978 
6901 1756 2136 2067 2978 
6902 165 2120 172 3027 
6903 2220 2280 1988 2884 
6904 2043 2176 1731 2984 
6905 1715 2027 1820 3028 
6906 1728 1802 2562 2811 
6907 1646 1971 2532 2623 
6908 1819 2547 1679 2915 
6909 298 2098 296 2519 
6910 1629 1903 1931 2396 
6911 173 181 174 2120 
6912 2126 2158 1621 2442 
6913 1931 2935 2599 2962 
6914 1663 1923 2083 2495 
6915 720 2257 1958 2680 
6916 661 852 1912 2379 
6917 1754 2896 2143 3008 
6918 2004 1834 2434 2751 
6919 320 380 379 2166 
6920 1680 2322 2055 2579 
6921 1736 2141 2039 2202 
6922 1654 2305 1975 2382 
6923 1604 1864 2075 2675 
6924 1984 2282 1739 2349 
6925 1665 2153 2085 3017 
6926 992 2560 2328 2719 
6927 2589 2724 1574 3050 
6928 1735 2041 1692 2177 
6929 670 246 571 2388 
6930 1546 2103 1888 2228 
6931 1761 2208 2417 2733 
6932 1571 2062 2448 3011 
6933 2007 2039 1736 2141 
6934 1874 2660 1993 2899 
6935 1932 2276 1636 2633 
6936 1709 2404 2216 2883 
6937 1797 2493 2121 2884 
6938 1809 1636 2532 3062 
6939 338 334 2223 2299 
6940 1563 2153 2531 2602 
6941 1752 1860 2338 2770 
6942 2189 2607 1858 3070 
6943 1587 1788 2136 2508 
6944 1547 2300 2331 2642 
6945 1647 1773 2332 2471 
6946 2240 2486 2115 3009 
6947 1849 2508 2047 3036 
6948 1683 2297 2006 2502 
6949 1690 1935 2186 2606 
6950 1723 2264 2045 2650 
6951 2246 2628 2242 3063 
6952 2281 2342 1688 2512 
6953 2083 2356 1955 2792 
6954 1565 2456 2143 2497 
6955 1584 1890 2023 2660 
6956 1728 2234 2102 2811 
6957 519 520 1881 2392 
6958 2115 2446 1798 2776 
6959 2054 2599 2346 3086 
6960 1716 2580 1831 2653 
6961 2109 414 2887 3020 
6962 1550 2032 1963 2053 
6963 1841 2686 2470 3030 
6964 2654 2729 2294 3076 
6965 360 358 1797 2484 
6966 2371 2598 1711 3064 
6967 1735 2404 2306 3083 
6968 1801 2380 1922 2801 
6969 327 2994 323 3009 
6970 485 2338 1860 2990 
6971 1683 2006 1922 2502 
6972 2085 2153 1748 2464 
6973 1640 2065 1975 2416 
6974 639 2110 1843 2319 
6975 1551 1836 2025 2435 
6976 1776 1565 2119 2321 
6977 1996 2490 2334 3032 
6978 1581 1936 2006 2630 
6979 1717 2456 1909 2785 
6980 1817 1655 2134 2528 
6981 1836 2297 1632 2384 
6982 793 1916 760 2513 
6983 1913 2148 2057 2541 
6984 538 2033 565 2663 
6985 1664 2193 1999 2301 
6986 1893 2126 1682 2158 
6987 2324 2680 2672 3045 
6988 1544 1801 2266 2455 
6989 1916 2141 1605 2938 
6990 1648 2756 2303 2812 
6991 1552 2089 2112 2681 
6992 1022 623 715 2864 
6993 2026 1573 2231 3010 
6994 596 590 1120 2175 
6995 1567 1826 2073 2208 
6996 1830 2260 1618 3023 
6997 2134 341 2528 2807 
6998 412 336 433 2151 
6999 1581 1936 2630 2850 
7000 1067 1929 442 2106 
7001 1809 2532 1971 3062 
7002 1610 2259 2140 2729 
7003 1865 2458 2031 2485 
7004 1736 2202 2095 2285 
7005 288 2499 2812 3031 
7006 1973 2471 1647 2942 
7007 1614 2315 1911 2772 
7008 1663 2282 1984 2349 
7009 2175 2700 2448 3066 
7010 846 2109 416 2570 
7011 1974 2432 1840 2525 
7012 1735 2306 2970 3083 
7013 2047 2508 1662 3036 
7014 1837 2020 1624 2336 
7015 321 2559 145 2900 
7016 2076 1614 2213 2712 
7017 2252 2256 1744 2463 
7018 102 2651 1979 2697 
7019 1869 2014 1585 3062 
7020 965 1013 1990 2309 
7021 316 1921 2218 2828 
7022 674 959 592 1969 
7023 853 2147 2012 2462 
7024 1548 1880 2076 3015 
7025 1608 2234 2473 2732 
7026 1602 2310 1808 2573 
7027 772 773 903 2013 
7028 364 2105 1968 2250 
7029 1813 2317 1690 2665 
7030 1755 1862 2346 2716 
7031 1756 2037 1937 2329 
7032 254 2591 1758 3089 
7033 1708 1791 2271 2728 
7034 1733 2420 1930 2618 
7035 438 2774 1928 2875 
7036 445 2019 835 2248 
7037 1790 2112 2089 2681 
7038 1614 2712 2161 2816 
7039 1875 2353 678 2695 
7040 1690 2186 1824 2606 
7041 1824 2665 2606 2876 
7042 1601 2199 2097 3003 
7043 1577 1818 2142 2245 
7044 2013 2397 1600 2749 
7045 1593 2170 1806 2801 
7046 1564 2654 2294 3076 
7047 1837 2539 2116 2782 
7048 1548 2022 2076 2877 
7049 1981 2685 1689 2793 
7050 2107 2465 1676 2476 
7051 996 1138 2074 2338 
7052 2101 2308 1792 3007 
7053 2546 2745 2686 2962 
7054 1646 1874 2424 2960 
7055 1754 2295 2047 3008 
7056 246 1945 399 2388 
7057 1548 2072 1876 2419 
7058 1841 1697 2686 3030 
7059 1909 2204 1952 2585 
7060 114 115 1996 2334 
7061 1094 768 1845 2390 
7062 2207 2598 1726 2715 
7063 1977 2017 1595 2400 
7064 1659 2313 1840 2397 
7065 1925 2179 1041 2965 
7066 1604 1864 2675 3002 
7067 1640 2416 1975 2911 
7068 1551 2085 1919 2443 
7069 519 2392 1881 2723 
7070 485 1860 453 2387 
7071 1914 2089 1712 2421 
7072 2067 2136 1900 2978 
7073 1661 2705 2116 2782 
7074 1654 2052 1872 2472 
7075 1632 1881 2364 2474 
7076 1544 2084 2804 2876 
7077 2162 2399 1725 3029 
7078 996 2338 2074 2425 
7079 2160 2340 386 2825 
7080 2031 2458 1630 2485 
7081 1539 1952 2687 2996 
7082 1114 2578 723 2735 
7083 918 2243 1830 2653 
7084 1667 1821 2134 2256 
7085 1781 1965 2306 2793 
7086 2346 2599 1931 3086 
7087 2018 2633 1971 3054 
7088 2056 2615 1770 2801 
7089 2296 1812 2759 3018 
7090 1999 1735 2966 3090 
7091 1641 2270 1905 2367 
7092 426 2309 2386 2678 
7093 1619 1892 1988 2510 
7094 1583 1946 2406 2640 
7095 1548 2076 1880 2877 
7096 1963 2234 1608 2732 
7097 964 409 265 1944 
7098 1763 2304 2205 2623 
7099 1796 2994 2325 3009 
7100 499 460 1980 2260 
7101 1646 2205 2304 2623 
7102 1772 2519 2178 2602 
7103 1686 2229 1972 2738 
7104 1940 1939 2569 2709 
7105 1543 2617 2054 2986 
7106 1944 2367 819 2929 
7107 1595 1846 2335 2400 
7108 1755 2346 2612 2716 
7109 2003 2783 1896 2809 
7110 690 2517 2138 2631 
7111 1686 1819 2229 2269 
7112 1546 2638 2103 2848 
7113 2429 2448 2062 3011 
7114 1772 2531 2153 2602 
7115 2088 2543 1016 2737 
7116 2026 2111 1830 2580 
7117 2094 2198 2090 2592 
7118 1825 2527 2062 2535 
7119 381 2166 500 2479 
7120 1818 2142 1947 2895 
7121 1880 2959 2076 3015 
7122 866 1982 865 2772 
7123 1590 2505 1836 2925 
7124 1835 2686 2278 3005 
7125 1620 2109 1772 2531 
7126 798 2160 384 2609 
7127 2059 2148 1866 3007 
7128 1825 1998 1606 2317 
7129 1858 2189 2136 3042 
7130 316 1921 906 2636 
7131 1593 2229 1813 2258 
7132 384 1905 2609 2825 
7133 2369 2393 1704 2796 
7134 1756 1900 2136 2978 
7135 1556 2775 2007 2952 
7136 983 1944 819 2929 
7137 1585 1820 2544 2932 
7138 995 1815 614 2338 
7139 1904 1947 1615 2348 
7140 985 2147 2325 2704 
7141 313 2218 316 2636 
7142 1551 2030 2435 2778 
7143 1898 2291 2172 2572 
7144 1742 2158 1816 2164 
7145 716 1925 2104 2241 
7146 1822 2099 2275 2916 
7147 1609 2486 2115 2872 
7148 1654 1975 2305 2689 
7149 1931 2612 1753 2962 
7150 1896 2795 2003 2809 
7151 1956 1706 2213 2814 
7152 1749 2554 2009 3077 
7153 1554 2239 1820 2427 
7154 1850 1612 3006 3070 
7155 211 2146 2536 2600 
7156 1641 2523 2330 2527 
7157 1565 2497 2090 2592 
7158 1622 1826 2447 3082 
7159 1689 1856 2133 2635 
7160 1549 1999 2966 3090 
7161 1969 2561 1038 2965 
7162 2142 2521 1947 2567 
7163 1614 2161 1945 2236 
7164 2084 2139 1678 2750 
7165 2281 2512 1688 2736 
7166 1937 2040 1662 3036 
7167 1562 1926 1802 2562 
7168 2243 2287 1830 2653 
7169 1762 2393 2369 2796 
7170 613 2074 1987 2425 
7171 1886 2352 867 2631 
7172 10 2357 1887 2666 
7173 1880 2076 2022 2877 
7174 1821 2281 693 2342 
7175 1786 2400 2017 2818 
7176 1554 2239 2427 2827 
7177 758 2272 1916 2852 
7178 1719 2170 1972 2620 
7179 364 2105 2250 2931 
7180 1911 1982 1614 2772 
7181 646 1831 2287 2653 
7182 1642 2916 2217 2979 
7183 1607 2042 2478 2727 
7184 1851 2377 663 2634 
7185 1889 2245 1818 2895 
7186 1617 2774 1928 3081 
7187 1633 1870 2083 2429 
7188 211 213 212 2536 
7189 1684 2112 1887 2206 
7190 462 2474 2002 3079 
7191 1544 2665 2040 2841 
7192 1673 2385 1624 2432 
7193 2296 2480 1719 2620 
7194 2164 2312 1660 2740 
7195 2351 2518 1868 2827 
7196 252 2355 2238 2912 
7197 2095 1850 2224 2280 
7198 1658 1866 2617 2893 
7199 265 964 1944 2362 
7200 1873 1651 2168 3058 
7201 675 1050 2205 2611 
7202 1633 2448 2175 2700 
7203 1539 1885 1942 2336 
7204 1719 2296 1906 2759 
7205 1625 1907 1799 2193 
7206 1587 1938 1964 2067 
7207 1849 2047 1662 3036 
7208 2318 2446 1796 2733 
7209 338 1891 367 2299 
7210 429 2386 431 2752 
7211 113 23 24 1852 
7212 1616 2071 1957 2724 
7213 1587 2091 2508 3036 
7214 15 1787 14 2871 
7215 1053 2533 1976 2824 
7216 1780 2236 2161 2816 
7217 1847 2524 2187 2718 
7218 1569 2791 2426 2889 
7219 1908 2715 1626 3055 
7220 1835 1697 2686 3005 
7221 2226 2544 1897 2557 
7222 2049 1616 2117 2553 
7223 1686 1906 2229 2738 
7224 1643 1823 2144 2475 
7225 573 2209 2526 3057 
7226 1622 2090 1985 2255 
7227 1918 2360 2211 2764 
7228 1114 222 2307 2735 
7229 752 750 2646 2790 
7230 1539 2020 1765 2408 
7231 1774 2178 2519 2602 
7232 1579 2306 1987 2404 
7233 362 2493 2105 2931 
7234 2097 2403 1851 2936 
7235 1551 1919 2030 2778 
7236 1948 1966 1949 2586 
7237 1824 2186 1935 2606 
7238 1809 1897 2466 3062 
7239 1948 1732 1966 2586 
7240 1565 2204 2119 2321 
7241 1815 1877 1598 2956 
7242 1888 2049 1616 2324 
7243 1704 2393 2369 2668 
7244 1614 2161 2236 2816 
7245 2813 2941 1804 2950 
7246 477 559 558 2130 
7247 468 1890 1057 2434 
7248 1832 2969 2774 3081 
7249 1884 2092 1635 2921 
7250 377 2132 845 2477 
7251 1762 2427 2616 3000 
7252 1739 2200 1978 2891 
7253 2119 2321 2204 2815 
7254 2061 2121 1797 2493 
7255 423 2246 2242 2720 
7256 1971 2633 2276 3054 
7257 2142 2348 1947 2895 
7258 1590 1805 2075 2511 
7259 1625 1726 2137 2715 
7260 2009 2473 2234 2811 
7261 775 287 483 2017 
7262 1694 2058 1891 2584 
7263 29 1733 1 2997 
7264 1812 1906 2269 2847 
7265 1583 1950 1946 2640 
7266 264 262 2354 2362 
7267 496 386 2160 2340 
7268 636 1127 954 3057 
7269 1861 2406 1946 2640 
7270 1682 2522 1893 3080 
7271 327 811 323 2994 
7272 2774 2969 1928 3081 
7273 1584 1874 2023 2960 
7274 1896 2413 1680 2930 
7275 1559 1794 2330 2948 
7276 1585 1820 2183 2544 
7277 1778 2101 1627 2376 
7278 2001 2734 2080 2823 
7279 652 525 651 1822 
7280 793 757 760 1916 
7281 1871 2109 1665 2386 
7282 1680 2312 1828 3075 
7283 2006 2630 1936 3013 
7284 1864 2075 2289 2834 
7285 1858 2136 1788 3042 
7286 1562 2009 2234 2811 
7287 1560 2502 1922 2766 
7288 1802 1728 2534 2811 
7289 1179 733 576 2106 
7290 1600 2099 2013 2237 
7291 2335 2400 1846 2441 
7292 316 2590 1921 2828 
7293 1803 2571 1578 2980 
7294 501 1839 473 2548 
7295 1602 1942 1941 1973 
7296 587 2278 1841 2595 
7297 2200 2565 1978 2891 
7298 1969 2283 1718 2965 
7299 1544 2804 1884 2876 
7300 1556 2200 2457 3068 
7301 1793 378 2509 2858 
7302 1997 2275 1642 2347 
7303 466 2434 1078 2751 
7304 1706 1956 1995 2814 
7305 1687 2097 1851 2605 
7306 1585 2187 2239 2932 
7307 438 2564 451 2875 
7308 1552 1807 2277 2385 
7309 1683 2380 1912 2405 
7310 2040 2361 1884 2804 
7311 1977 2335 1737 2701 
7312 1824 2186 1690 2547 
7313 1781 2984 2043 3004 
7314 1740 2873 2671 2930 
7315 1793 2215 2426 2509 
7316 1646 2424 1927 2960 
7317 767 2210 1855 2646 
7318 1542 1861 2989 3019 
7319 1742 1898 1816 2711 
7320 1611 1759 2235 2917 
7321 1075 421 367 1891 
7322 1995 2814 1956 2913 
7323 1647 1973 2145 2471 
7324 2111 2601 1768 3010 
7325 1734 2129 1845 2947 
7326 1604 2657 1864 3002 
7327 1548 1876 2093 2419 
7328 554 867 621 1886 
7329 1819 1679 2288 2892 
7330 734 2437 926 2831 
7331 1590 1836 2025 2384 
7332 1633 2083 1955 2792 
7333 1776 1623 2172 2572 
7334 1094 768 989 1845 
7335 2118 2810 1693 2922 
7336 295 2498 296 2529 
7337 135 2672 1967 3027 
7338 1906 2269 2229 2759 
7339 1817 1957 2677 2724 
7340 1549 1908 2123 2859 
7341 1913 2057 1603 2918 
7342 1977 2701 2038 3059 
7343 1607 2214 2478 2641 
7344 1869 2018 1782 2154 
7345 1027 507 509 2268 
7346 1622 2572 2198 3096 
7347 1895 2159 624 2543 
7348 1551 1919 2085 2464 
7349 1718 2187 2014 2283 
7350 1708 1889 2174 2728 
7351 470 2147 434 2352 
7352 1642 1822 2916 2979 
7353 1689 2133 2000 2635 
7354 1556 2457 2200 2952 
7355 2000 2632 1689 2760 
7356 1920 2568 2066 2962 
7357 1693 2073 2604 2922 
7358 1972 2229 1906 2738 
7359 1644 1782 2146 2600 
7360 1614 1911 2315 2741 
7361 1556 1856 2457 2635 
7362 593 566 1805 3095 
7363 1594 1886 2012 2878 
7364 1551 2030 1919 3008 
7365 906 1134 887 1921 
7366 1985 2279 1717 2321 
7367 1577 2142 1818 2895 
7368 1816 2158 1621 2164 
7369 1871 1912 2744 2752 
7370 1862 2031 1630 2716 
7371 1755 2031 1862 2716 
7372 2047 2365 1936 2706 
7373 1597 1934 2291 2503 
7374 1876 2093 1664 2137 
7375 816 2154 815 2611 
7376 1811 2826 2263 3091 
7377 993 643 644 1933 
7378 1584 2369 2011 2668 
7379 1865 1630 2458 2485 
7380 360 1797 359 2493 
7381 1680 1668 2055 2722 
7382 1602 1973 1941 2943 
7383 1563 2178 1774 2602 
7384 2225 2644 1917 3064 
7385 1728 1802 2534 2562 
7386 2217 2525 1892 2916 
7387 1752 2338 1860 2761 
7388 607 2323 1875 2695 
7389 2050 2602 2153 2717 
7390 473 2548 1839 2676 
7391 1588 2224 2279 2333 
7392 2010 2430 2492 2817 
7393 1951 2824 2661 2870 
7394 1794 2355 256 3001 
7395 1810 2168 1919 2302 
7396 1796 2325 2240 3009 
7397 1634 1823 2144 2427 
7398 1990 965 2309 2828 
7399 1548 2093 1799 3015 
7400 322 2318 319 3009 
7401 2091 2491 1849 2896 
7402 478 2440 1995 2609 
7403 2278 2686 1697 3005 
7404 624 2159 1895 2864 
7405 736 770 2070 2514 
7406 1837 2123 1670 2539 
7407 1562 2150 1775 2897 
7408 2082 2927 2786 2971 
7409 1579 2074 1987 2520 
7410 1668 2722 1680 2795 
7411 2786 2927 2626 2971 
7412 2107 2476 535 2628 
7413 1553 2892 1819 2911 
7414 1605 2540 1992 2732 
7415 1884 2606 1690 2665 
7416 2000 2635 1853 2757 
7417 1721 2197 2128 2294 
7418 1665 2309 1772 3017 
7419 1612 1853 2271 2730 
7420 2065 2416 1880 2689 
7421 1989 821 2263 2822 
7422 2294 2729 1842 3076 
7423 209 208 1869 2600 
7424 1787 1561 2661 2821 
7425 1714 2012 2370 2878 
7426 178 2264 1859 2637 
7427 1888 1973 2310 2943 
7428 2166 2479 1839 2676 
7429 907 2519 2005 2887 
7430 2387 2676 2166 2836 
7431 254 266 513 2591 
7432 1814 1645 2350 3103 
7433 1789 1685 2157 2644 
7434 426 2386 428 2678 
7435 639 2319 1843 3078 
7436 322 2994 2318 3009 
7437 1678 2139 2047 2365 
7438 2054 2101 2308 2885 
7439 1978 2784 2007 2952 
7440 2185 2518 2383 2855 
7441 1654 2587 2382 3044 
7442 1620 2159 2109 2570 
7443 1578 1929 2694 2980 
7444 1841 2044 1724 2746 
7445 1861 1725 2418 2731 
7446 995 1815 2338 2425 
7447 1706 2213 2814 2948 
7448 1627 2569 1823 2885 
7449 1807 1623 2385 2687 
7450 1689 2812 1959 3031 
7451 989 1845 768 2788 
7452 678 2353 1875 3061 
7453 1108 2315 777 2388 
7454 1110 499 460 1980 
7455 2263 2826 1607 3091 
7456 1890 1584 2898 2899 
7457 1936 2163 1665 2850 
7458 918 1830 532 2653 
7459 1547 1883 2224 2577 
7460 577 563 578 1993 
7461 1822 1600 2099 2916 
7462 418 2179 982 2600 
7463 2175 2448 1827 3066 
7464 1550 2032 1870 2728 
7465 969 2342 1902 2807 
7466 2040 2665 1825 2841 
7467 1695 2337 1986 2917 
7468 1099 2328 2286 2583 
7469 2094 2168 1567 3058 
7470 2784 2952 1739 3039 
7471 1806 2258 1593 2801 
7472 1788 2508 2091 3036 
7473 951 2107 1924 3061 
7474 1989 2249 821 2822 
7475 178 2637 1859 2923 
7476 1958 2230 700 2865 
7477 1756 2682 2053 2978 
7478 858 539 857 2663 
7479 386 496 2160 2825 
7480 1873 2447 2162 2731 
7481 1870 1633 2032 2329 
7482 1580 2123 1837 2567 
7483 1813 2266 1801 2455 
7484 1670 2036 1840 2748 
7485 1550 1870 2032 2329 
7486 2053 2652 2032 2999 
7487 1580 2193 1907 2839 
7488 1875 2194 1667 2463 
7489 1911 1018 2479 2772 
7490 1799 1664 2093 2137 
7491 2071 2677 1957 2724 
7492 2057 2892 1760 2918 
7493 1648 2495 1786 2624 
7494 1755 2612 2656 2716 
7495 377 447 398 2509 
7496 2054 2346 1630 3086 
7497 965 1990 1013 2828 
7498 358 2373 1797 2484 
7499 1752 2338 1877 2770 
7500 1587 2091 1788 2508 
7501 703 1077 1995 2576 
7502 1822 2275 673 2347 
7503 2024 2196 1681 2238 
7504 1647 1907 2081 2839 
7505 716 2104 717 2241 
7506 1713 2511 2384 2925 
7507 1668 1680 2055 2558 
7508 1850 2202 2095 3070 
7509 934 487 525 2061 
7510 1572 1923 2083 2861 
7511 191 192 184 2528 
7512 1723 2222 1616 2228 
7513 442 2106 1929 2373 
7514 1668 2637 2055 2722 
7515 2077 2269 1906 2847 
7516 1632 1844 2630 3013 
7517 2001 2080 1684 2823 
7518 1750 2661 2821 2824 
7519 1746 2068 2066 2789 
7520 1775 2150 2406 2554 
7521 863 1800 522 2723 
7522 23 1852 113 2490 
7523 1614 2076 2022 2161 
7524 2022 2076 1880 2161 
7525 1590 2203 1805 2511 
7526 1659 1840 2036 2292 
7527 2071 2222 1723 2589 
7528 1700 2507 2119 2787 
7529 2233 2791 1857 3010 
7530 651 1157 652 2099 
7531 2019 2208 1714 2359 
7532 2362 2363 1786 2861 
7533 1689 1981 1959 2685 
7534 1710 2082 2645 3094 
7535 1716 1573 1831 2580 
7536 1577 1818 2245 2895 
7537 2657 2675 1864 3002 
7538 1773 2144 2779 2796 
7539 2032 2540 1791 2794 
7540 963 678 2353 2695 
7541 2630 2850 1936 3013 
7542 1572 2394 2083 2495 
7543 1583 2034 1832 2131 
7544 418 982 2179 2488 
7545 893 608 502 1911 
7546 1979 2697 2651 2985 
7547 1711 2070 770 2514 
7548 865 866 896 1982 
7549 824 2440 1780 2480 
7550 1556 2007 2271 2349 
7551 1791 2271 2007 2349 
7552 1890 1584 2597 2898 
7553 2134 2353 1667 2463 
7554 2209 2469 573 2526 
7555 468 1057 466 2434 
7556 1124 712 577 1874 
7557 2254 2455 1825 2765 
7558 1726 2598 2156 2715 
7559 446 1815 722 2100 
7560 1882 2783 2003 2809 
7561 1821 990 2855 3024 
7562 1771 2359 2293 3082 
7563 689 710 2575 2930 
7564 2165 2465 1720 3063 
7565 2014 2466 204 2721 
7566 1773 2779 2145 2796 
7567 1555 2015 2313 2618 
7568 1544 2455 1813 2665 
7569 996 2074 1141 2425 
7570 1949 2844 2586 2846 
7571 1717 2090 1985 2321 
7572 1615 1947 1943 2345 
7573 1642 2217 1892 2979 
7574 1641 2062 1998 2535 
7575 1584 2023 1890 2597 
7576 1580 1907 2193 2890 
7577 794 2069 591 2180 
7578 565 2033 537 2203 
7579 2482 2941 2813 2950 
7580 1722 2540 1992 2662 
7581 1964 2143 1587 2896 
7582 2010 2247 2057 2799 
7583 1618 2026 1830 3023 
7584 2081 2796 1541 2846 
7585 1894 2560 550 2591 
7586 2165 2346 2214 2657 
7587 1893 2138 1886 2522 
7588 1968 2272 1035 2534 
7589 1612 1853 2039 2271 
7590 678 1059 607 1875 
7591 179 185 2264 2637 
7592 1546 2103 2228 2251 
7593 1646 1809 2205 2532 
7594 805 2175 1173 2356 
7595 842 1989 454 2720 
7596 1584 1874 2424 3028 
7597 2165 2465 1738 3002 
7598 1668 2251 1986 2917 
7599 1655 2134 1821 2256 
7600 1622 2711 1826 3082 
7601 1625 2052 1799 2693 
7602 1820 2152 1634 2183 
7603 1745 2876 2804 2977 
7604 1075 2104 1891 2241 
7605 1715 2383 1897 2932 
7606 1852 2307 1666 2496 
7607 1041 657 2488 3095 
7608 2069 2411 1752 2956 
7609 1631 2208 2019 2359 
7610 338 369 1891 2692 
7611 1641 2429 1783 2523 
7612 1626 2844 2081 3052 
7613 1625 2699 2231 2715 
7614 873 2723 1881 2835 
7615 1059 607 1875 2695 
7616 876 593 565 2488 
7617 1634 2308 1823 2427 
7618 1600 1822 2206 2916 
7619 1634 2152 1820 2427 
7620 1569 1848 2426 2762 
7621 1729 2106 1929 2719 
7622 360 358 359 1797 
7623 927 2048 1894 2591 
7624 1569 1975 2065 2689 
7625 2018 2290 2184 2857 
7626 390 2182 2340 2469 
7627 1731 1867 2043 3004 
7628 1817 2353 2134 2463 
7629 674 1969 1038 2283 
7630 1789 2644 2157 3073 
7631 2185 2500 1667 2582 
7632 1103 1958 700 2865 
7633 1563 1774 2273 2602 
7634 1788 2040 1937 3036 
7635 1590 1805 2033 3038 
7636 705 1057 1102 1890 
7637 1580 2142 1947 2567 
7638 1693 2094 2198 2922 
7639 1811 1594 2147 3021 
7640 1175 776 2466 2557 
7641 1862 2058 1657 2657 
7642 2010 2799 2430 2817 
7643 597 2180 567 2326 
7644 1747 2419 2262 2588 
7645 680 686 526 2001 
7646 1761 2325 1796 2994 
7647 1928 2150 1802 2811 
7648 1737 2771 2127 3040 
7649 1863 2443 2435 2778 
7650 1814 2350 1009 3103 
7651 1567 2733 2073 2776 
7652 1666 1852 2496 3032 
7653 1783 2316 1944 2929 
7654 1782 2154 1636 2211 
7655 1699 2178 2005 2682 
7656 1596 2471 1942 2492 
7657 1756 2136 1900 2798 
7658 561 2130 560 2323 
7659 397 2493 2171 2734 
7660 1624 1974 1892 2525 
7661 1733 2015 2397 2749 
7662 911 14 94 1914 
7663 1616 1957 2117 2252 
7664 680 2001 2171 2832 
7665 1641 1944 2523 2861 
7666 964 819 983 1944 
7667 621 1886 867 2631 
7668 2127 2459 1727 2954 
7669 1912 2379 1683 2405 
7670 1858 2189 1612 2607 
7671 1847 1604 2675 3002 
7672 1888 2310 2103 2943 
7673 1723 2120 2071 2831 
7674 1944 2363 2362 2861 
7675 2217 2916 1892 2979 
7676 1631 2248 1854 2293 
7677 1761 1796 2733 2994 
7678 521 1881 873 2723 
7679 1543 2675 2617 2986 
7680 1711 2598 2371 2800 
7681 2214 2346 1862 2657 
7682 1801 2258 1813 2455 
7683 790 1979 2683 2788 
7684 1854 2248 1750 2293 
7685 228 1972 2170 2620 
7686 496 844 386 2340 
7687 583 826 2170 2576 
7688 1583 2034 1951 2869 
7689 1695 1986 2337 2688 
7690 1670 2748 1840 2803 
7691 2032 2394 1870 2728 
7692 780 1711 2225 2438 
7693 1689 2760 2632 2793 
7694 2011 2369 1762 2668 
7695 2229 2269 1570 2759 
7696 214 217 212 2211 
7697 2218 2302 1970 2742 
7698 2127 2335 1727 2459 
7699 1629 1931 1961 2396 
7700 1855 2210 767 2613 
7701 881 1074 2304 2645 
7702 1754 2148 2295 2497 
7703 2062 2527 1825 2976 
7704 1585 2187 2014 2343 
7705 1768 2231 2699 2715 
7706 1597 2291 2172 2503 
7707 1623 1776 2321 2572 
7708 1967 2654 1721 2696 
7709 1589 2333 1701 2851 
7710 1684 2206 1887 2666 
7711 2073 2733 1761 2776 
7712 1731 2338 1138 2990 
7713 2062 2523 1641 2527 
7714 1783 1641 2316 2429 
7715 1900 2710 2067 2978 
7716 1586 2011 1833 2181 
7717 1783 2083 1923 2861 
7718 926 1723 2071 2831 
7719 1604 2058 1891 2834 
7720 1708 2394 1791 2728 
7721 563 1993 577 2660 
7722 2198 2572 1776 3096 
7723 1582 1969 1924 2886 
7724 2268 2327 1725 2418 
7725 882 2282 278 2481 
7726 1737 2387 2166 2836 
7727 2113 2718 2465 3002 
7728 602 2286 1045 2307 
7729 2082 2304 410 2971 
7730 758 1916 757 2852 
7731 951 2545 2107 3061 
7732 905 165 172 3027 
7733 8 1 2013 2237 
7734 2170 2576 826 2620 
7735 150 1967 2402 2880 
7736 661 1912 852 2752 
7737 1623 1776 2172 2815 
7738 2000 2133 1853 2635 
7739 478 1995 1023 2609 
7740 1583 1946 2155 2406 
7741 1057 1890 705 2434 
7742 1887 2099 92 2666 
7743 1586 1833 2011 2549 
7744 1552 2421 1816 2679 
7745 1744 2256 1868 2463 
7746 2076 2213 1747 2358 
7747 1563 2602 2097 2717 
7748 266 1997 925 2275 
7749 693 2281 1821 2855 
7750 1859 2264 178 2831 
7751 1963 2053 1900 2674 
7752 1551 2443 1919 2778 
7753 2095 2202 1562 2285 
7754 1539 2687 2336 2996 
7755 1647 2145 1973 3052 
7756 1604 1925 2104 2113 
7757 1738 2212 2675 2718 
7758 1848 2265 2597 2762 
7759 2102 2534 1802 2564 
7760 1122 780 1711 2225 
7761 1778 2119 1866 2614 
7762 2124 2711 1826 2810 
7763 1574 2589 1910 2789 
7764 1691 2220 2593 2931 
7765 1852 1685 2490 2691 
7766 1606 2814 1995 2913 
7767 1963 2234 1736 2285 
7768 1611 1986 2251 2917 
7769 798 1023 1995 2609 
7770 1669 2680 2096 2900 
7771 1562 2141 2202 2562 
7772 954 2209 1912 2752 
7773 657 1041 1082 1925 
7774 1634 1792 2308 2902 
7775 1184 2219 2048 3089 
7776 1812 2296 239 2460 
7777 675 1050 574 2205 
7778 1561 2158 2124 2821 
7779 615 2533 630 2726 
7780 2144 2145 1773 2779 
7781 1753 2612 2934 2962 
7782 1826 2359 2124 2552 
7783 2612 2745 1878 2934 
7784 1910 2323 1112 2695 
7785 1707 2294 2197 2654 
7786 1794 2330 1944 2354 
7787 1566 2177 2041 2539 
7788 1617 2406 2150 2554 
7789 458 535 2476 2628 
7790 368 367 2246 2720 
7791 2025 2435 1863 2443 
7792 1559 2213 2358 2951 
7793 1703 2283 2500 2721 
7794 1689 1856 2812 3031 
7795 17 2048 253 3089 
7796 252 256 2238 2355 
7797 1746 1910 2437 2589 
7798 1038 226 2283 2860 
7799 1619 2080 2001 2734 
7800 2076 2161 1614 2712 
7801 1799 1615 2093 2345 
7802 1 8 1083 2237 
7803 2103 2201 1759 2848 
7804 1869 1644 2179 2600 
7805 1775 2406 1861 2840 
7806 2233 2791 1784 2910 
7807 1663 1992 1955 2481 
7808 522 1800 2643 2723 
7809 1560 2297 2006 2766 
7810 2103 2310 1973 2943 
7811 2181 2708 2011 3000 
7812 1958 2324 2117 2436 
7813 1912 2209 954 3057 
7814 1793 2426 2215 2758 
7815 1754 2047 1849 2896 
7816 1569 2265 1848 2762 
7817 1544 2266 1813 2455 
7818 1701 2333 1946 2453 
7819 1758 2397 2219 2658 
7820 1094 2390 1845 2947 
7821 1684 2666 2357 2823 
7822 1651 2030 1919 3058 
7823 2215 2426 1637 2758 
7824 2254 1825 2535 2765 
7825 537 2723 873 2835 
7826 1566 2041 2116 2539 
7827 2010 2492 2430 2799 
7828 933 910 175 2126 
7829 2655 2826 1811 3091 
7830 1753 2935 1931 2962 
7831 410 2082 881 2304 
7832 1737 2038 2771 3040 
7833 1173 2356 2175 2792 
7834 1908 1966 1626 2715 
7835 1644 2290 2018 2343 
7836 2088 2662 1722 2853 
7837 165 2120 3027 3101 
7838 1658 2295 2148 2497 
7839 1607 2822 2263 3091 
7840 1094 989 1153 2947 
7841 1681 2238 1982 2837 
7842 1735 2177 1692 2404 
7843 1539 2336 1942 2996 
7844 1835 2546 2504 2686 
7845 1670 2336 1837 2803 
7846 302 2403 2098 2664 
7847 1841 2278 1724 2686 
7848 1697 2278 1841 2686 
7849 1684 1914 2414 3102 
7850 2459 2713 1727 2954 
7851 1716 2111 2110 2319 
7852 1556 2952 2200 3068 
7853 1566 2525 2116 2649 
7854 1586 2011 2181 2708 
7855 329 2223 1169 2428 
7856 2012 2462 2147 2552 
7857 2160 2609 1905 2825 
7858 1607 2826 2655 3091 
7859 1552 2089 1816 2421 
7860 1873 2168 1651 2684 
7861 1868 2463 2194 2568 
7862 438 451 1039 2875 
7863 2031 2603 1755 2727 
7864 1660 1898 2172 2572 
7865 1630 2054 1866 2617 
7866 277 279 276 1955 
7867 1825 2665 2040 2921 
7868 1601 1983 1970 2377 
7869 2245 2895 1889 2924 
7870 1712 2089 2375 2928 
7871 227 2267 1972 2738 
7872 500 473 501 1839 
7873 464 1078 2261 2751 
7874 1696 2218 1970 2636 
7875 1832 2131 2034 2991 
7876 1902 2004 2708 3084 
7877 228 225 229 2056 
7878 1903 2485 1776 3096 
7879 1858 2339 2108 2703 
7880 822 2242 1989 2720 
7881 1112 2323 877 2695 
7882 178 1859 171 2923 
7883 1844 1632 2474 3013 
7884 1922 1801 2266 2725 
7885 2018 2184 2633 2857 
7886 472 2215 448 2509 
7887 417 917 264 1977 
7888 2136 2674 1900 2798 
7889 1581 2163 1871 2744 
7890 2341 2454 437 2969 
7891 1628 2302 1919 2594 
7892 1593 2266 1813 2915 
7893 1896 2312 1680 2795 
7894 1667 2256 2134 2463 
7895 1681 2238 2196 2398 
7896 1945 2236 1780 2460 
7897 1736 2285 2095 3070 
7898 2086 2128 131 3060 
7899 1753 2612 1931 2934 
7900 1659 2219 2397 2658 
7901 921 2221 152 2298 
7902 1634 2799 1792 2902 
7903 636 1006 1127 2405 
7904 1888 2228 2103 2754 
7905 1672 1909 2456 2785 
7906 2012 1714 2552 2878 
7907 1594 2012 2147 2552 
7908 477 2476 2130 2504 
7909 553 853 552 2147 
7910 367 338 369 1891 
7911 924 2086 124 2274 
7912 1731 2074 2905 3004 
7913 1926 2280 1691 2331 
7914 1850 2202 2039 2280 
7915 273 1923 2356 2481 
7916 1685 2644 2225 3064 
7917 1782 2211 1636 2360 
7918 2220 2593 2280 2884 
7919 650 992 2328 2719 
7920 2205 2611 1050 2955 
7921 1755 2612 2368 2656 
7922 1721 2654 2294 2696 
7923 1596 2101 1792 2492 
7924 2128 2294 1611 2754 
7925 1657 2058 1862 2478 
7926 1733 2013 2237 2749 
7927 1665 2386 2678 3013 
7928 1623 2277 1985 2279 
7929 1972 2267 227 2933 
7930 268 267 2362 2818 
7931 239 2296 1812 2847 
7932 549 643 1933 2287 
7933 780 1030 1122 1711 
7934 1757 2489 2046 3051 
7935 1628 2050 2717 2742 
7936 2381 2593 2220 2931 
7937 1866 2148 1658 2617 
7938 1852 1709 2496 2691 
7939 1966 2081 2844 2846 
7940 316 906 313 2636 
7941 1725 2399 2173 2634 
7942 499 2260 1980 2906 
7943 2213 2588 1747 2951 
7944 1540 1904 1947 2808 
7945 2045 2068 1599 2856 
7946 1950 2135 1771 3082 
7947 1561 2135 1950 3082 
7948 1932 2195 1686 2879 
7949 1584 1848 2265 2597 
7950 178 171 1859 2831 
7951 957 2257 720 2680 
7952 1924 1969 2500 2886 
7953 1888 2049 1777 2556 
7954 1818 1947 1904 2895 
7955 1855 2613 2410 2732 
7956 1765 2339 2245 2607 
7957 8 1 1113 2013 
7958 770 1030 1711 2514 
7959 1798 2446 2115 2778 
7960 1539 1942 1885 2942 
7961 219 1897 2466 2557 
7962 1683 1922 2380 2801 
7963 1593 2615 2056 2801 
7964 269 2818 268 3072 
7965 542 2311 1814 2444 
7966 926 2437 1723 2831 
7967 101 2357 2666 2823 
7968 1590 2075 2834 3038 
7969 876 1135 2146 2203 
7970 454 2299 1989 2768 
7971 2215 2243 1637 2509 
7972 250 252 896 2912 
7973 2126 2158 1787 2487 
7974 436 1928 2454 2564 
7975 1600 2099 2237 2749 
7976 1721 2228 1888 2754 
7977 291 2410 2035 2529 
7978 1833 2188 1949 2586 
7979 327 2240 813 2325 
7980 1846 1595 2335 2483 
7981 1704 2265 1848 2412 
7982 2278 2504 1724 2686 
7983 2096 2402 1669 3016 
7984 2395 2683 1979 2788 
7985 1611 2274 2086 2767 
7986 10 11 2357 2666 
7987 1574 2194 2463 2568 
7988 847 472 448 2509 
7989 2162 2418 1725 2731 
7990 1921 2590 2167 2643 
7991 2102 2534 1728 2811 
7992 1985 1622 2255 2453 
7993 247 245 243 2236 
7994 1792 2101 1596 2430 
7995 1660 2740 2312 2763 
7996 1543 2054 1866 3007 
7997 650 1179 992 2719 
7998 1569 2065 1975 2433 
7999 1959 1981 1689 3031 
8000 1920 2066 1676 2962 
8001 1053 630 2533 2824 
8002 2004 2434 1834 2549 
8003 2005 2178 1774 2682 
8004 1173 504 2356 2792 
8005 1557 2058 1862 2458 
8006 425 915 402 2574 
8007 468 2004 467 2512 
8008 265 263 964 2362 
8009 325 329 2240 2486 
8010 1169 329 860 2223 
8011 92 1887 9 2237 
8012 1631 2418 2162 2731 
8013 1844 2678 2386 3013 
8014 1592 1994 1841 3097 
8015 1872 2305 1704 2412 
8016 2482 2813 1907 2890 
8017 1102 1091 705 2660 
8018 2069 2372 503 2548 
8019 1089 102 2651 2683 
8020 1573 2111 2026 2580 
8021 746 1802 741 2534 
8022 2223 2284 1694 2439 
8023 1873 2731 2199 3019 
8024 2013 2099 1084 2237 
8025 1581 2630 1844 2850 
8026 608 1911 1018 2479 
8027 1794 2354 1944 2367 
8028 1594 2073 1826 2552 
8029 1766 2284 2223 2439 
8030 1930 2618 1638 2894 
8031 1953 2708 2181 3000 
8032 1127 1912 954 3057 
8033 1879 2095 1850 2224 
8034 1940 1941 1596 2943 
8035 2211 2946 1770 2957 
8036 215 2146 1135 2536 
8037 1592 1841 1994 2322 
8038 2088 2543 1895 2700 
8039 1573 1716 2111 2580 
8040 1784 2260 1980 2477 
8041 1995 2440 478 2480 
8042 288 2812 2501 3031 
8043 293 2410 291 2529 
8044 2140 2259 1845 2390 
8045 1992 2540 1955 2662 
8046 2124 2359 1714 2552 
8047 2533 2824 838 2870 
8048 2185 2855 990 3024 
8049 710 2029 1896 2783 
8050 1648 2303 2400 2781 
8051 1625 2332 1872 2693 
8052 945 164 2003 2688 
8053 1590 2384 2511 2925 
8054 1789 1996 1685 2707 
8055 1584 2424 1874 2960 
8056 1588 2108 2339 2703 
8057 1549 1908 2859 3055 
8058 1671 2320 2331 2642 
8059 1765 1883 2753 2782 
8060 1909 2204 1672 2456 
8061 1626 2371 1917 3064 
8062 1892 2206 1822 2916 
8063 384 1905 365 2609 
8064 1638 2618 2078 2894 
8065 2369 2393 1762 2668 
8066 1672 2491 2091 2896 
8067 1089 26 102 2683 
8068 942 1930 1026 2298 
8069 2285 2710 1900 2897 
8070 1621 1893 1742 2158 
8071 1633 2652 2088 2792 
8072 1160 685 1052 2526 
8073 93 1887 10 2221 
8074 1603 2148 1913 2596 
8075 1620 2109 2005 2887 
8076 1895 2543 2088 2940 
8077 1567 2073 1826 2922 
8078 1840 2015 1600 2397 
8079 215 1135 1097 2536 
8080 1709 2227 1852 2307 
8081 2053 2329 1756 2798 
8082 2124 2552 1714 2878 
8083 1833 2149 1586 2181 
8084 1873 2698 2168 3003 
8085 1552 2385 2277 2681 
8086 1584 1890 2660 2899 
8087 2249 2641 1838 2822 
8088 550 1894 1148 2560 
8089 1630 2119 2485 2893 
8090 1861 2640 1946 3019 
8091 785 4 987 2319 
8092 1718 2187 1847 2343 
8093 1786 2400 1648 2624 
8094 856 2107 951 2545 
8095 1696 2401 2318 2636 
8096 2190 2598 2514 2743 
8097 1754 2295 2148 2596 
8098 1871 2744 2163 2949 
8099 1751 2302 1970 2936 
8100 1976 2487 2 2824 
8101 1772 2153 2050 2602 
8102 1690 2186 2076 2712 
8103 228 2170 826 2620 
8104 216 1918 214 2536 
8105 1721 2294 2128 2754 
8106 454 335 2299 2768 
8107 2339 2607 1765 3100 
8108 1567 2168 2446 3058 
8109 1619 2206 2080 2979 
8110 1565 2119 1866 2893 
8111 2049 2117 1616 2324 
8112 1682 2126 1893 2522 
8113 1830 2110 1618 2260 
8114 1923 2232 272 3072 
8115 1949 2188 1948 2586 
8116 927 1894 550 2591 
8117 2011 2027 1762 3000 
8118 1868 2256 1667 2463 
8119 1765 2020 1883 2782 
8120 1972 2229 1719 2620 
8121 1023 703 1077 1995 
8122 1601 2399 2162 3029 
8123 1818 1708 2639 2730 
8124 944 131 2086 2128 
8125 421 2104 851 2246 
8126 2080 2734 526 2823 
8127 2039 2331 1613 2642 
8128 1587 2091 1849 2896 
8129 574 2205 1050 2955 
8130 404 445 425 2574 
8131 1800 2284 2033 2723 
8132 1763 2082 2786 2971 
8133 1730 2478 1989 2826 
8134 1852 24 2334 2697 
8135 1593 1813 2229 2915 
8136 1819 1570 2229 2269 
8137 1601 1970 1983 2698 
8138 2470 2686 1697 3030 
8139 1900 2053 1608 2682 
8140 2211 2360 1782 2764 
8141 893 1911 502 2372 
8142 280 2662 1955 2792 
8143 2089 2375 1790 2763 
8144 1824 2186 1654 2472 
8145 1959 483 2499 2625 
8146 1615 1884 2348 2606 
8147 1880 1645 2689 2877 
8148 1690 1956 2213 2317 
8149 485 1137 453 1860 
8150 1590 1836 2384 2925 
8151 2239 2518 2351 2827 
8152 1942 2336 1885 2996 
8153 1950 2135 1561 2494 
8154 858 2223 860 2284 
8155 1741 2407 2199 2840 
8156 2045 2264 1723 2437 
8157 1644 2488 2179 2600 
8158 2115 2446 1609 2778 
8159 794 591 528 2180 
8160 2234 2473 2102 2811 
8161 1848 2597 1793 2762 
8162 1701 1946 1589 1960 
8163 1656 2868 2414 2871 
8164 1890 2898 2011 2899 
8165 1702 2209 1795 2744 
8166 1817 2463 2252 2724 
8167 273 1923 272 3072 
8168 1689 2000 2133 2632 
8169 2320 2373 357 2806 
8170 577 1874 712 2660 
8171 2089 2112 1712 2421 
8172 1542 1938 2199 2684 
8173 1746 2068 2045 2856 
8174 1664 1943 1867 2079 
8175 1694 2584 1891 2692 
8176 1794 1559 2398 2948 
8177 1832 2341 2131 2991 
8178 1586 2117 1953 2553 
8179 438 1039 2774 2875 
8180 671 1990 1013 2309 
8181 1999 2193 1726 2301 
8182 1730 2151 2428 2461 
8183 1575 2740 2312 2795 
8184 1542 2199 2407 2840 
8185 1636 1809 2154 3062 
8186 705 2023 649 2445 
8187 1930 2420 1638 2618 
8188 1839 1681 2262 2479 
8189 1881 2364 520 2835 
8190 1730 1989 2768 2826 
8191 646 647 644 1831 
8192 1551 2443 2025 2659 
8193 1588 2339 1858 2703 
8194 1629 2396 1961 2638 
8195 1586 2181 1953 2708 
8196 2148 2506 1658 2617 
8197 1776 2321 2119 2815 
8198 2267 2933 1770 2946 
8199 1649 2428 2151 2461 
8200 1860 2338 1731 2990 
8201 1608 2473 1855 2732 
8202 2521 2567 2142 2753 
8203 1769 2072 2022 2741 
8204 1642 1797 2121 2300 
8205 1623 2279 1985 2321 
8206 1658 2617 1865 2893 
8207 2522 2878 1682 3069 
8208 1758 2275 1997 2591 
8209 560 2130 559 2545 
8210 1854 2327 2268 2418 
8211 2132 2509 378 2858 
8212 1721 2324 2120 2672 
8213 2138 2517 1675 2631 
8214 1545 2118 1898 2982 
8215 1184 2048 2219 2683 
8216 1838 2669 1675 3091 
8217 1602 2103 1973 2943 
8218 2081 2145 1647 3052 
8219 1551 2435 2025 2443 
8220 1796 2325 1761 2776 
8221 1649 2240 2151 2428 
8222 693 997 990 1821 
8223 2076 2959 1935 3015 
8224 2088 1699 2737 2999 
8225 2391 2729 2036 2998 
8226 1807 2277 1701 2679 
8227 1923 1663 2083 2481 
8228 974 1995 478 2480 
8229 1946 2640 2453 3019 
8230 875 214 216 1918 
8231 1578 2571 1803 2632 
8232 1562 2234 2141 2562 
8233 477 2130 558 2504 
8234 1683 1918 2028 2297 
8235 1591 1834 2096 2559 
8236 1555 1842 2259 2391 
8237 244 1945 246 2460 
8238 1557 1864 2058 2458 
8239 1621 1742 1893 2164 
8240 108 2190 109 2225 
8241 1540 1947 1943 2808 
8242 2306 2520 1987 2583 
8243 1608 2009 1900 2273 
8244 1824 1935 2186 2472 
8245 2121 2300 1797 2331 
8246 2049 2114 1616 2553 
8247 1792 1634 2308 2430 
8248 499 2326 2260 2906 
8249 1670 2021 2036 2292 
8250 1630 2485 2119 3086 
8251 1908 2193 2123 2839 
8252 1641 1944 2316 2367 
8253 1796 2240 2115 3009 
8254 1664 1799 2093 2345 
8255 1728 2562 2234 2811 
8256 1648 2232 2495 2624 
8257 853 803 985 2462 
8258 1543 2054 2675 2986 
8259 1589 2095 2224 2280 
8260 1668 1680 2558 2795 
8261 1059 2323 607 2695 
8262 1918 2297 1683 2502 
8263 1958 1616 2117 2324 
8264 1743 2239 2187 2351 
8265 1622 1826 2711 2922 
8266 1957 1817 2252 2724 
8267 1596 1792 2430 2492 
8268 2005 2498 1699 2682 
8269 1898 2118 1742 2982 
8270 1887 2420 2237 2749 
8271 1727 2951 2196 2953 
8272 1894 2328 1148 2560 
8273 1865 2497 1565 2592 
8274 1562 2202 2095 2648 
8275 1811 2263 2064 3091 
8276 2504 2546 1724 2686 
8277 1859 1611 2128 2923 
8278 1774 2498 2005 2682 
8279 525 673 934 2347 
8280 186 2045 1051 2264 
8281 1785 2401 1983 2574 
8282 2213 2588 1982 2816 
8283 679 2230 1958 2257 
8284 918 2287 2243 2653 
8285 2122 2914 1815 2956 
8286 1720 1835 2628 3063 
8287 1872 1654 2472 2587 
8288 1891 2692 2241 2834 
8289 1570 2416 1880 3018 
8290 2190 2225 1685 2707 
8291 1821 2518 2185 2855 
8292 1585 2014 2187 2932 
8293 1822 2080 2206 2979 
8294 845 377 374 2132 
8295 560 2323 2130 2545 
8296 985 849 2147 2704 
8297 2128 2197 131 3060 
8298 1598 2100 1815 2122 
8299 1147 2595 1841 3097 
8300 1839 2459 2166 2836 
8301 464 466 1078 2751 
8302 1700 2119 2507 2614 
8303 1733 2313 2219 2397 
8304 1690 2317 2213 2944 
8305 2088 2700 1895 2940 
8306 1660 2172 2277 2572 
8307 1778 2507 2119 2614 
8308 1621 2126 1893 2158 
8309 1621 2442 2158 2755 
8310 1942 2471 1804 2492 
8311 2223 2439 1694 2584 
8312 1944 2330 1794 2367 
8313 1895 2700 713 3066 
8314 1592 2874 1994 3097 
8315 2370 2522 1682 3069 
8316 1664 2093 1876 2409 
8317 1896 2003 937 2783 
8318 987 977 1830 2653 
8319 181 2071 182 2257 
8320 1715 1897 2544 2932 
8321 2114 2222 1939 2566 
8322 1946 2453 2333 2989 
8323 2211 2360 1770 2879 
8324 1615 2538 1943 2808 
8325 1551 2085 2443 2659 
8326 2202 2280 2095 2648 
8327 681 1013 841 1990 
8328 520 873 521 1881 
8329 815 2211 947 2946 
8330 1710 2304 1874 2645 
8331 1597 2201 1934 2503 
8332 2187 1847 2343 2524 
8333 2361 2804 1745 2876 
8334 1766 2439 2223 2584 
8335 1829 2521 2000 2632 
8336 1626 2715 2207 3055 
8337 354 442 976 1929 
8338 1980 2233 1784 2477 
8339 1589 1946 2333 2989 
8340 1646 2226 2544 3028 
8341 2152 2424 1927 2623 
8342 2088 2652 1699 2999 
8343 2007 2141 1605 2784 
8344 819 1944 964 2367 
8345 1669 2402 2096 3045 
8346 1700 1804 2585 3041 
8347 1920 1676 2546 2962 
8348 1662 2040 1937 2515 
8349 1667 2194 1868 2463 
8350 1704 1975 1927 2265 
8351 1667 2194 1924 2351 
8352 1958 2230 1957 2257 
8353 1983 2634 2377 3029 
8354 1657 2246 1891 2720 
8355 1856 2451 340 3031 
8356 1548 2076 2022 2419 
8357 1075 2241 1891 2692 
8358 693 1821 990 2855 
8359 1681 1839 2166 2479 
8360 1646 2544 2226 2557 
8361 637 2110 796 2326 
8362 1758 2275 2013 2916 
8363 1094 1845 989 2947 
8364 852 429 431 2752 
8365 1667 2134 1821 3024 
8366 1660 2172 1898 2291 
8367 664 2377 1851 2403 
8368 9 1887 93 2237 
8369 1666 2651 2307 2697 
8370 1862 1630 2031 2458 
8371 1891 1694 2692 2834 
8372 2478 2641 2214 2964 
8373 1686 2229 1906 2269 
8374 1709 2307 1852 2496 
8375 961 542 2311 2350 
8376 875 1918 2849 3053 
8377 535 2107 2628 2904 
8378 1971 2344 2183 3054 
8379 1750 2248 1854 2726 
8380 1756 2329 1937 2798 
8381 1862 2458 2058 2657 
8382 2057 2541 2148 3007 
8383 1607 2374 2042 2727 
8384 2036 2391 2259 2729 
8385 1671 1929 2300 2373 
8386 1674 1890 2445 2597 
8387 1065 1910 2437 2863 
8388 26 1979 102 2683 
8389 769 2261 1933 2559 
8390 2248 2533 1714 3012 
8391 1632 2630 2006 3013 
8392 1545 1898 2118 3096 
8393 326 2318 915 2401 
8394 1659 2219 2313 2397 
8395 2737 2853 2088 2999 
8396 211 2146 215 2536 
8397 502 500 501 2372 
8398 2172 2291 1776 2572 
8399 1602 1885 1942 2942 
8400 1923 1572 2083 2495 
8401 1792 2614 2101 3007 
8402 1645 2233 2689 2877 
8403 445 2248 507 2268 
8404 1668 2264 2055 2637 
8405 1696 2318 2087 2636 
8406 2009 2285 1900 2897 
8407 846 431 2386 2752 
8408 1763 2786 2626 2971 
8409 1583 2131 1832 2406 
8410 1586 2004 2549 3084 
8411 734 634 2437 2831 
8412 149 2225 781 2402 
8413 1784 2477 2233 2910 
8414 248 2236 1982 2772 
8415 2041 2649 1803 2980 
8416 1894 2048 927 2651 
8417 1938 1964 1810 2684 
8418 1725 2327 2268 2920 
8419 1838 2191 2669 3091 
8420 1847 2675 2524 2718 
8421 1578 2571 1929 2980 
8422 1862 2031 1755 2727 
8423 1558 2546 2686 2962 
8424 1638 2015 2749 2928 
8425 1851 666 2797 2988 
8426 1967 2197 1721 2654 
8427 624 1895 1015 2864 
8428 1692 2306 1987 2583 
8429 2043 2176 1781 2685 
8430 499 1110 1062 2906 
8431 1828 2579 1592 2873 
8432 482 684 2034 2327 
8433 1658 1865 2497 2893 
8434 1727 1846 2483 2808 
8435 138 1967 135 2672 
8436 2198 2485 2031 3096 
8437 1559 2358 2213 2944 
8438 1624 2510 2385 2577 
8439 1837 1765 2408 2753 
8440 1933 1591 2188 2714 
8441 1624 1837 2336 2803 
8442 2316 2429 1641 3011 
8443 1606 1956 2814 2913 
8444 1650 2189 1858 3070 
8445 1544 1813 2266 2547 
8446 429 1844 852 3079 
8447 302 2664 305 2939 
8448 1013 1990 671 2678 
8449 1606 2258 1899 2765 
8450 1596 1973 1942 2471 
8451 1648 2400 2495 2781 
8452 2271 2730 1853 2757 
8453 1574 2066 2068 2789 
8454 722 1815 446 2578 
8455 223 446 722 2100 
8456 1808 1885 2573 2839 
8457 1847 2113 1604 3002 
8458 1636 2018 1971 3062 
8459 1751 2664 2403 2939 
8460 921 2298 154 2420 
8461 1929 2555 2694 2719 
8462 2058 2458 1864 2657 
8463 1605 2349 2007 3039 
8464 449 1793 2445 2858 
8465 1781 2984 2520 2993 
8466 1114 222 112 2307 
8467 341 2342 698 2807 
8468 2348 2606 1884 3051 
8469 1936 1748 2163 2365 
8470 1584 2369 1848 2898 
8471 1712 2112 2089 2928 
8472 1760 2057 2247 2799 
8473 1703 2383 2185 2518 
8474 233 2620 1906 2738 
8475 452 403 803 2462 
8476 1560 2297 2184 2764 
8477 2073 2208 1826 2552 
8478 2085 2464 1919 2995 
8479 150 1967 140 2402 
8480 1710 1874 2304 3043 
8481 2262 2459 1576 2713 
8482 1547 2280 2331 2884 
8483 453 2387 1860 2676 
8484 1756 2423 2178 2531 
8485 1544 2139 1801 2841 
8486 1991 2004 1902 3099 
8487 670 2350 2388 3103 
8488 1761 2417 2019 2462 
8489 2441 2523 2330 2861 
8490 1628 1919 2464 2995 
8491 1683 2379 1912 2630 
8492 1558 1920 2546 2962 
8493 1640 2269 2065 2416 
8494 1660 2277 1898 2572 
8495 1906 2077 1686 2269 
8496 1544 1801 2455 2841 
8497 511 2392 2002 2474 
8498 941 2171 397 2493 
8499 1683 1912 2380 2630 
8500 1775 2554 2406 2840 
8501 1605 2540 2349 3039 
8502 1165 1789 2378 2880 
8503 2228 2251 2103 2754 
8504 2106 2300 1929 2373 
8505 951 1924 1011 3061 
8506 848 2243 918 2287 
8507 646 736 647 1831 
8508 1745 2804 2361 2977 
8509 1753 1961 1931 2935 
8510 1836 2295 1913 2968 
8511 1856 1689 1981 3031 
8512 2032 2652 1722 2999 
8513 1834 2149 1833 2780 
8514 1622 2711 2118 2922 
8515 476 2476 1835 2628 
8516 1089 2651 719 2683 
8517 1583 2406 1832 2937 
8518 1966 2231 1625 2846 
8519 1593 2056 1972 2170 
8520 1790 2078 2015 2366 
8521 1724 2686 2546 2745 
8522 987 1830 731 2110 
8523 1609 2446 1919 2778 
8524 2643 2987 1698 3035 
8525 1635 1884 2040 2415 
8526 2048 2219 1758 3089 
8527 1675 2517 2008 2669 
8528 1823 1643 2616 2967 
8529 2225 2402 149 2438 
8530 1796 1761 2733 2776 
8531 109 779 2225 2707 
8532 1551 1964 2047 3008 
8533 1137 2338 1021 2761 
8534 1804 1942 1700 2585 
8535 2157 2654 1789 3073 
8536 1551 2706 2295 3008 
8537 1655 2252 1957 2528 
8538 1869 2466 2014 3062 
8539 2069 2180 1639 2450 
8540 1843 2180 2069 2450 
8541 582 583 2170 2576 
8542 1937 2040 1788 2629 
8543 1751 2717 2302 2936 
8544 1804 1568 2817 2941 
8545 1099 953 928 2328 
8546 1702 2469 2209 2526 
8547 1575 2337 1934 2558 
8548 1713 2184 2146 2511 
8549 1790 2375 2078 2975 
8550 1900 1608 2273 2682 
8551 1582 2465 2113 2718 
8552 1554 2616 2427 3000 
8553 2152 2424 1820 2668 
8554 2097 2602 1751 2717 
8555 2380 2854 2744 2973 
8556 1917 2644 1789 3073 
8557 1650 2710 2285 2897 
8558 1868 1743 2351 2827 
8559 1985 2453 2255 2647 
8560 1989 2242 822 2249 
8561 1163 781 1061 2707 
8562 1842 2103 1611 2294 
8563 780 770 1030 1711 
8564 2071 2589 1910 2724 
8565 1648 2400 1786 2495 
8566 1839 2262 1576 2974 
8567 462 511 2002 2474 
8568 752 1855 292 2410 
8569 2031 2198 1865 2485 
8570 854 2504 2130 2746 
8571 2184 2297 1713 2764 
8572 436 2454 1928 2969 
8573 1784 2791 2426 2910 
8574 770 736 1030 2514 
8575 1059 1875 678 2695 
8576 1587 2508 1849 3036 
8577 1617 2060 1851 2605 
8578 1599 1962 2068 2650 
8579 1821 2342 1655 2431 
8580 280 2088 301 2853 
8581 1749 1928 2564 2811 
8582 636 954 2526 3057 
8583 800 1984 799 2981 
8584 1745 2046 2489 3051 
8585 1752 1877 2338 2914 
8586 1552 2277 1807 2679 
8587 1635 2092 1901 2527 
8588 168 936 148 2783 
8589 1594 1826 2124 2552 
8590 1923 2495 1663 2981 
8591 2041 2116 1803 2649 
8592 2095 2202 1736 3070 
8593 1788 2091 1858 2924 
8594 1637 2188 1933 2758 
8595 525 524 651 2080 
8596 1888 2556 1973 2943 
8597 1787 2 2487 2824 
8598 1693 1798 2604 2842 
8599 1611 2274 2767 2917 
8600 262 2024 261 2354 
8601 1703 2351 2185 2500 
8602 273 806 1923 3072 
8603 1722 2540 2032 2732 
8604 1845 2395 1979 2788 
8605 2102 2473 1855 2790 
8606 1759 1934 2337 2848 
8607 782 1140 2008 2517 
8608 997 698 341 2342 
8609 1955 2356 277 2792 
8610 951 959 1011 1924 
8611 1636 2360 2211 2879 
8612 2114 2709 1940 2943 
8613 315 319 318 2636 
8614 1551 2047 2706 3008 
8615 987 1830 1716 2653 
8616 2370 1682 2878 3069 
8617 1782 2184 2146 2764 
8618 1898 2135 1816 2711 
8619 1982 2398 2213 2816 
8620 1574 2463 2194 3050 
8621 1933 2188 1591 2780 
8622 1657 1891 2299 2720 
8623 2115 2240 1766 2486 
8624 1782 2536 1918 2764 
8625 1703 2187 2014 2932 
8626 1615 1904 2538 2808 
8627 681 1990 841 3049 
8628 1865 2497 2030 2563 
8629 564 586 561 2863 
8630 1884 2921 2665 2944 
8631 1591 2371 1948 2714 
8632 1561 1816 2135 2711 
8633 1677 1726 2207 2598 
8634 2231 2690 1625 2846 
8635 1810 2302 1628 2717 
8636 2213 2398 1982 2588 
8637 130 944 2086 2767 
8638 662 970 1012 1983 
8639 1640 2269 2416 2911 
8640 1583 1951 1950 2293 
8641 818 2367 817 3001 
8642 1795 2469 2182 2864 
8643 2041 2694 2649 2980 
8644 1569 2305 1975 2689 
8645 876 2203 2146 2488 
8646 1743 2212 2308 2885 
8647 2148 2295 1913 2596 
8648 1609 2087 1921 2594 
8649 1714 2370 2012 2882 
8650 2092 2921 1884 2944 
8651 2607 2703 1858 3070 
8652 1926 1562 2150 2648 
8653 1834 2434 2261 2549 
8654 549 643 548 1933 
8655 1557 2289 1864 2563 
8656 1606 1899 2258 2913 
8657 360 1121 358 2484 
8658 397 2171 941 2734 
8659 1770 2502 2452 2801 
8660 1607 2374 1915 2655 
8661 1854 2248 1631 2268 
8662 670 2388 571 3103 
8663 1637 1933 2188 2714 
8664 2084 2876 2247 2977 
8665 1702 1795 2209 2469 
8666 1650 2108 2136 2710 
8667 1646 1927 2623 3043 
8668 1680 2579 1828 2873 
8669 1913 2295 1836 2766 
8670 1593 1922 2502 2801 
8671 579 2281 562 2736 
8672 362 363 2493 2931 
8673 1598 2601 2319 3078 
8674 1742 1893 2164 2982 
8675 214 2536 1918 2957 
8676 1574 2194 2789 3050 
8677 1659 2313 2219 2395 
8678 1741 2199 1938 2667 
8679 368 367 421 2246 
8680 2089 2763 1660 3037 
8681 582 2576 2170 2972 
8682 2052 2305 1857 2959 
8683 1719 2480 2296 2759 
8684 1870 2429 2062 2523 
8685 1555 2015 2078 2366 
8686 500 473 1839 2676 
8687 1955 1992 1663 2540 
8688 2687 2996 1952 3056 
8689 1610 2036 2729 2998 
8690 1815 2914 1877 2956 
8691 225 1972 227 2933 
8692 886 906 2087 2636 
8693 153 1986 2274 2688 
8694 1881 1800 2723 3035 
8695 1656 2414 2169 2421 
8696 467 468 466 2004 
8697 138 139 1967 2672 
8698 1883 1588 2224 2577 
8699 2243 2426 1637 2509 
8700 1667 1821 2256 2518 
8701 972 2270 2316 2367 
8702 2258 2765 2455 2973 
8703 379 2024 2166 2837 
8704 1602 2310 2103 2747 
8705 1926 2150 1653 2648 
8706 2495 2624 2232 3072 
8707 1990 2309 671 2678 
8708 673 525 652 1822 
8709 1886 554 2352 3069 
8710 1676 2465 1920 2546 
8711 1950 2293 1771 2640 
8712 685 2340 1052 2526 
8713 1692 1987 2306 2404 
8714 1848 2586 2188 2898 
8715 590 2175 1827 3066 
8716 1667 2353 1875 3050 
8717 1591 1833 2149 2780 
8718 1684 2169 2414 2421 
8719 2087 2318 1796 3009 
8720 1625 1907 2332 2693 
8721 212 210 211 2600 
8722 519 2643 2392 2723 
8723 1619 2121 1892 2979 
8724 1645 2610 2233 2877 
8725 1540 2000 1818 2909 
8726 1974 2385 1624 2510 
8727 1892 2121 1988 2314 
8728 1759 2337 1934 2975 
8729 1108 1945 814 2315 
8730 2262 2411 1576 2974 
8731 1786 2624 2495 3072 
8732 264 917 262 2701 
8733 1639 2072 2419 2450 
8734 1957 2230 1655 2528 
8735 21 20 104 2743 
8736 1718 2187 2283 2886 
8737 2126 2487 1180 2522 
8738 1589 1775 1879 2095 
8739 1655 2256 1821 2431 
8740 439 2173 444 2969 
8741 1689 1856 1981 2133 
8742 2168 2302 1810 3003 
8743 1876 2419 2072 2450 
8744 2211 2360 1918 2957 
8745 564 561 560 2323 
8746 277 2356 504 2792 
8747 1600 2237 2013 2749 
8748 593 566 565 1805 
8749 2330 2441 1901 2523 
8750 1900 2285 1650 2710 
8751 2050 1751 2602 2717 
8752 2621 2903 2182 3011 
8753 122 124 2390 2947 
8754 1599 2068 1962 2745 
8755 1580 2482 1907 2890 
8756 1929 2451 1981 2555 
8757 1553 1971 2276 2344 
8758 354 356 2373 2806 
8759 1883 2020 1588 2577 
8760 1621 1816 2089 2755 
8761 1962 2068 1753 2745 
8762 460 1110 1980 2477 
8763 2008 2244 347 2874 
8764 1851 2060 1617 2988 
8765 752 753 1855 2646 
8766 1810 1964 1938 2867 
8767 1911 2315 893 2772 
8768 1575 1934 2337 2975 
8769 1698 2590 1921 2643 
8770 261 2238 2024 2837 
8771 1565 2090 2143 2456 
8772 678 1034 2353 3061 
8773 1827 2429 2316 3011 
8774 1700 2492 1804 3041 
8775 2147 2462 1761 2552 
8776 1603 2059 2491 3041 
8777 1634 2430 1792 2799 
8778 1923 2495 1786 2861 
8779 366 2825 2270 3001 
8780 679 1957 2230 2257 
8781 98 160 2221 2516 
8782 1617 2406 2554 2840 
8783 392 2520 2984 2993 
8784 1828 2368 1592 2579 
8785 1592 1838 2191 2669 
8786 1675 2669 2191 3091 
8787 666 1851 665 2988 
8788 1596 1941 2376 2507 
8789 2002 2678 1844 3013 
8790 1591 2149 1834 2780 
8791 1543 2617 2506 3007 
8792 1572 1870 2083 2394 
8793 1702 2526 2209 3057 
8794 1084 2013 773 2099 
8795 619 1968 364 2105 
8796 220 2946 2211 2957 
8797 1674 1890 2434 2445 
8798 987 1716 1830 2110 
8799 1657 2058 1891 2550 
8800 1045 791 2307 2697 
8801 1667 1875 2463 3050 
8802 1543 1866 2617 3007 
8803 1815 2425 446 2578 
8804 2146 2184 1713 2764 
8805 1598 2122 2450 3078 
8806 1052 496 2160 2340 
8807 1835 2242 2628 3063 
8808 1786 2495 2441 2861 
8809 1609 1919 2446 2594 
8810 1640 2433 2311 2444 
8811 1564 2294 1888 2310 
8812 1696 1970 2218 2302 
8813 1827 2448 2429 3011 
8814 1602 2103 2201 2747 
8815 1701 1950 1946 1960 
8816 478 1023 797 2609 
8817 665 666 664 1851 
8818 979 613 2074 2520 
8819 1597 2503 2172 3056 
8820 653 2012 569 2370 
8821 1157 2099 651 2666 
8822 537 521 873 2723 
8823 1916 2919 2141 2938 
8824 1649 1811 2151 2704 
8825 2270 2825 1905 3001 
8826 1936 1665 2085 3013 
8827 397 2061 2493 2734 
8828 248 1982 2236 2912 
8829 717 2104 1075 2241 
8830 1975 2433 2389 3043 
8831 1671 2300 1797 2373 
8832 1641 1794 2330 2367 
8833 1996 2140 1610 2334 
8834 2071 2120 1616 2257 
8835 810 326 915 2401 
8836 1663 2349 1791 2540 
8837 2151 2428 333 2768 
8838 1875 2789 2194 3050 
8839 1746 2323 1910 2789 
8840 250 896 1982 2912 
8841 246 244 399 1945 
8842 1545 2291 1898 3096 
8843 1901 1559 2330 2527 
8844 1604 2058 1864 2657 
8845 1555 1842 2391 2747 
8846 1639 2419 1876 2450 
8847 1148 1894 928 2328 
8848 1625 1908 1907 2193 
8849 1794 1652 2330 2354 
8850 1864 2563 1658 2617 
8851 1837 1624 2020 2782 
8852 1826 1622 2447 2922 
8853 1646 2623 2304 3043 
8854 1664 2079 2193 2345 
8855 1708 2174 2394 2728 
8856 2175 2429 1827 2448 
8857 1542 1861 2840 2989 
8858 1626 1917 2644 3064 
8859 1811 2064 2655 3091 
8860 138 2197 1967 2880 
8861 1902 2342 901 2512 
8862 1971 2276 2344 3054 
8863 653 2012 2370 2882 
8864 1557 2058 1864 2289 
8865 1896 1740 2312 2575 
8866 1622 2135 2711 3082 
8867 1633 2429 2175 2448 
8868 1780 2440 1995 2480 
8869 2380 1801 2854 2973 
8870 2105 2331 1691 2493 
8871 1567 1826 2447 2922 
8872 910 14 15 1787 
8873 1780 2161 1945 2460 
8874 1919 2778 2446 3058 
8875 134 2197 2128 3027 
8876 1590 2289 1863 2505 
8877 827 600 420 2387 
8878 1791 2394 2032 2728 
8879 214 1918 875 2957 
8880 277 1955 276 2481 
8881 2239 2351 1743 2827 
8882 1649 1811 2704 3021 
8883 1853 2619 1883 2705 
8884 256 818 817 3001 
8885 2281 2342 1821 2431 
8886 338 2223 878 2692 
8887 2286 2307 1666 2651 
8888 1681 2262 1911 2588 
8889 1942 2471 1973 2942 
8890 1628 2464 1810 2717 
8891 1610 2036 2259 2729 
8892 1839 2411 2262 2974 
8893 2188 2586 1833 2898 
8894 794 2069 503 2548 
8895 1934 1629 1962 2638 
8896 1890 2011 2898 3084 
8897 1580 2193 2079 2345 
8898 470 552 434 2147 
8899 1855 2473 2234 2732 
8900 2197 2294 1721 2654 
8901 1853 2133 2000 2632 
8902 397 2061 360 2493 
8903 1969 2107 592 2904 
8904 1701 2135 1985 2453 
8905 1923 2083 2356 2481 
8906 318 810 314 2401 
8907 1825 1998 2527 2535 
8908 873 1881 520 2835 
8909 2040 2665 1884 2921 
8910 1718 1925 2113 2561 
8911 2441 2495 1572 2861 
8912 1688 2342 2281 2431 
8913 1942 2585 1804 2950 
8914 1600 1974 1892 2206 
8915 1106 2282 1992 2513 
8916 2235 2894 2274 2917 
8917 203 2283 2014 2721 
8918 1023 478 974 1995 
8919 1570 2186 1880 2416 
8920 1971 2195 1553 2276 
8921 1540 2079 1947 2521 
8922 1797 2320 1671 2373 
8923 1687 1851 2060 2605 
8924 114 2334 1996 2490 
8925 1686 1972 2229 2615 
8926 1848 2369 2586 2898 
8927 1886 2878 2522 3069 
8928 1646 1809 2544 2557 
8929 1849 2047 1754 2596 
8930 373 881 2082 3094 
8931 1649 2042 2461 2826 
8932 1634 2393 2152 2427 
8933 970 662 795 2401 
8934 1137 1021 1162 2761 
8935 611 1987 613 2520 
8936 1604 1891 2241 2834 
8937 539 2033 538 2663 
8938 1597 2201 2503 3056 
8939 460 459 447 2477 
8940 248 1982 866 2772 
8941 767 292 1855 2613 
8942 625 2005 967 2543 
8943 1930 1026 2298 2420 
8944 2482 1804 2941 2950 
8945 1610 2334 2140 2788 
8946 1606 2455 2258 2765 
8947 2055 2322 1680 2802 
8948 1826 2810 2118 2922 
8949 2260 2326 1980 2906 
8950 1615 2348 2046 2606 
8951 1560 2857 2184 2925 
8952 1888 2310 1973 2556 
8953 12 2357 101 3102 
8954 630 838 2533 2824 
8955 2043 2176 1595 3040 
8956 770 1711 780 2438 
8957 1556 2457 1856 3068 
8958 801 2501 1984 2739 
8959 1869 2179 1644 2343 
8960 1925 2241 716 3095 
8961 2393 2779 2144 2796 
8962 1822 2206 1892 2979 
8963 2173 2774 1832 2969 
8964 21 91 2190 2227 
8965 810 2318 326 2401 
8966 1038 1969 626 2561 
8967 806 2363 1923 3072 
8968 1690 2076 1935 2358 
8969 1737 2038 1977 2701 
8970 1693 2810 2118 2908 
8971 1996 2140 117 2378 
8972 280 301 2088 2792 
8973 531 731 532 2110 
8974 2194 2463 1875 3050 
8975 901 1902 969 2342 
8976 753 767 1855 2646 
8977 1542 2407 1938 3048 
8978 562 2281 1993 2736 
8979 2090 2321 1717 2456 
8980 1862 1630 2346 2716 
8981 1891 2104 1604 2241 
8982 1742 2118 1898 2711 
8983 2312 2740 1828 3075 
8984 854 2130 2551 2746 
8985 945 730 164 2688 
8986 877 1112 659 2863 
8987 2482 2813 1757 2950 
8988 1677 2156 1726 2598 
8989 1654 2382 2288 3044 
8990 1850 2095 1879 2703 
8991 1747 2213 2076 2588 
8992 1697 1835 2686 3034 
8993 1928 1802 2564 2811 
8994 2121 2331 1797 2884 
8995 1564 2654 2157 3073 
8996 1816 2421 2089 2755 
8997 1547 2224 1988 2577 
8998 1627 1868 2212 2568 
8999 2046 2606 2348 3051 
9000 2013 2275 1758 3089 
9001 219 1175 776 2466 
9002 1645 2388 1980 2610 
9003 1585 1971 2544 3054 
9004 730 2637 1986 2688 
9005 371 373 881 2082 
9006 1584 2597 2265 2960 
9007 2066 2546 1676 2962 
9008 1880 2416 2065 3018 
9009 163 2029 2442 2575 
9010 1655 2134 2528 2807 
9011 1809 1636 2154 2611 
9012 262 263 264 2354 
9013 1547 2331 2121 2884 
9014 967 625 850 2005 
9015 893 1911 2372 3025 
9016 357 916 359 2320 
9017 1932 2502 1770 2615 
9018 2089 2421 1914 2755 
9019 233 231 2620 2738 
9020 295 907 296 2498 
9021 1635 2040 1884 2921 
9022 2196 2588 2398 2951 
9023 2370 2487 1682 2522 
9024 1880 2076 2186 2712 
9025 1760 2247 2057 2918 
9026 2471 2492 2430 2817 
9027 315 2087 319 2636 
9028 1808 2859 1908 3055 
9029 1655 2342 1902 2708 
9030 94 1914 13 3102 
9031 264 2354 263 2362 
9032 2477 2509 2132 2910 
9033 1932 1636 2360 2633 
9034 1593 2056 2170 2801 
9035 331 333 2151 2428 
9036 713 1895 624 2543 
9037 1825 1998 2317 2527 
9038 399 814 1108 1945 
9039 2150 2155 1653 2648 
9040 1600 1887 2099 2749 
9041 1672 2339 2091 2489 
9042 1981 2451 935 2555 
9043 607 678 1875 3061 
9044 1831 2070 1711 2514 
9045 1882 2375 2221 2516 
9046 2305 2689 1857 2959 
9047 1596 2492 1942 2507 
9048 227 889 2267 2738 
9049 1646 2544 1971 2623 
9050 1663 2282 1992 2481 
9051 2014 2187 1718 2343 
9052 485 1860 2387 2990 
9053 875 2452 1918 3053 
9054 590 1827 450 3066 
9055 1620 2570 2109 2949 
9056 347 2008 1140 2244 
9057 497 1065 744 2677 
9058 1825 2527 2317 2921 
9059 2243 2260 1830 3023 
9060 1539 1952 1942 2585 
9061 1713 2203 2146 2835 
9062 1649 2240 2115 2776 
9063 1592 2603 1828 2669 
9064 1847 1604 2113 2530 
9065 1942 1973 1602 2942 
9066 1554 2427 2027 3000 
9067 2424 2544 1820 3028 
9068 925 2347 2275 2983 
9069 1614 1982 2588 2816 
9070 1665 1844 2386 3013 
9071 2115 2486 1766 2872 
9072 2014 2283 203 2860 
9073 2664 2742 305 2939 
9074 965 671 1013 2309 
9075 2077 2311 1640 2847 
9076 2062 2527 1998 2535 
9077 2047 2295 1754 2596 
9078 893 2315 1911 3025 
9079 473 2548 2676 2761 
9080 1558 2470 2214 2612 
9081 1554 1953 2256 2616 
9082 1875 2323 607 2545 
9083 464 2261 598 2751 
9084 1590 1863 2289 3038 
9085 1768 1876 1598 2301 
9086 2182 2469 515 2864 
9087 1654 2186 1824 2288 
9088 220 2933 2267 2946 
9089 501 2372 1839 2548 
9090 1674 2549 1890 2898 
9091 1811 1649 2151 2826 
9092 29 1 1083 2997 
9093 1990 2678 841 3049 
9094 1644 2146 2488 2600 
9095 1807 1588 2020 2577 
9096 1681 2398 2196 2588 
9097 1739 2784 1916 2891 
9098 2100 2216 1815 2578 
9099 712 2645 2023 2660 
9100 1760 2382 2587 3044 
9101 2005 2519 1772 2887 
9102 1598 1815 2100 2926 
9103 1185 1183 1 2219 
9104 1807 2224 1588 2577 
9105 1574 2789 1910 3050 
9106 761 1032 1035 2534 
9107 2103 2310 1842 2747 
9108 2186 2472 1935 2959 
9109 1770 2452 2056 2801 
9110 1082 2561 1925 2965 
9111 1761 2776 2325 3021 
9112 1648 2016 2303 2781 
9113 985 604 952 2325 
9114 1639 1839 2262 2372 
9115 115 117 114 1996 
9116 1973 2103 1602 2310 
9117 201 2283 203 2721 
9118 842 822 1989 2720 
9119 1674 1890 2597 2898 
9120 1642 1797 2300 2484 
9121 1925 2488 2179 2530 
9122 1702 2854 2254 2973 
9123 1602 1942 1885 2996 
9124 1934 1962 1629 3075 
9125 551 2200 2806 3068 
9126 1897 2466 2014 2721 
9127 1551 2295 2435 3008 
9128 1678 2295 2047 2596 
9129 1977 828 2701 3059 
9130 1955 2083 1663 2481 
9131 1702 2744 2854 2973 
9132 1658 2505 1864 2506 
9133 1654 1880 2186 2416 
9134 1579 1867 2905 3004 
9135 958 1841 2278 2746 
9136 2258 2801 1806 2973 
9137 1766 2486 2284 2872 
9138 2334 2490 1852 3032 
9139 1742 1621 2158 2164 
9140 1592 2244 1841 3030 
9141 680 686 2001 2832 
9142 1662 2423 1954 2515 
9143 260 262 261 2354 
9144 1679 2547 2266 2915 
9145 1654 2382 1975 2911 
9146 1576 2127 2459 2836 
9147 2150 2554 1775 2897 
9148 1723 2437 2071 2589 
9149 1833 2586 2369 2898 
9150 1759 2201 2103 2747 
9151 282 280 301 2853 
9152 1757 2482 1580 2813 
9153 1547 2314 1803 2705 
9154 1829 2632 2760 2793 
9155 543 2270 972 2367 
9156 1556 2016 2271 2757 
9157 1708 2271 2016 2757 
9158 925 2275 1997 2983 
9159 1112 1910 659 2863 
9160 1775 2150 2155 2406 
9161 453 1860 831 2676 
9162 1637 2026 2580 2889 
9163 1839 1576 2836 2974 
9164 1562 2554 2150 2897 
9165 2043 2127 1595 2483 
9166 1671 2300 1929 2571 
9167 1646 2424 1874 3028 
9168 754 2646 2534 2852 
9169 741 1802 435 2250 
9170 1744 2256 1953 2616 
9171 1550 2053 1963 2674 
9172 1607 1915 2374 2727 
9173 2179 2488 1925 3095 
9174 953 2328 1099 2583 
9175 1827 2845 450 3066 
9176 1689 2632 2133 2793 
9177 1730 2461 2042 2826 
9178 1670 2292 2036 2748 
9179 1655 2431 2342 2708 
9180 837 2077 2626 2738 
9181 172 2120 165 3101 
9182 2036 2292 1840 2748 
9183 819 964 817 2367 
9184 350 193 191 2695 
9185 1829 1661 2521 2632 
9186 2205 2532 1763 2623 
9187 712 1874 2645 2660 
9188 1589 1701 1960 2851 
9189 2031 2458 1865 2842 
9190 1899 2765 2258 2973 
9191 1615 1947 2345 2608 
9192 225 228 227 1972 
9193 1859 2128 1611 2754 
9194 1676 2130 2504 2546 
9195 1580 2142 2567 2753 
9196 2381 2220 2832 2931 
9197 1571 2903 2621 3011 
9198 1586 2181 2049 2553 
9199 2096 2438 2402 3016 
9200 1734 2274 2235 2894 
9201 2189 2924 1889 3042 
9202 591 637 567 2180 
9203 1026 942 923 1930 
9204 526 2001 686 2823 
9205 851 457 2628 2904 
9206 875 2849 988 3053 
9207 2200 2457 1739 2952 
9208 1607 2374 2655 2826 
9209 1802 2534 2102 2811 
9210 540 541 1983 2574 
9211 1609 2446 2087 2594 
9212 2115 2240 1796 2776 
9213 208 210 400 2154 
9214 1584 2265 2668 2960 
9215 273 2356 275 2481 
9216 1694 2284 2223 2692 
9217 2023 2445 1890 2597 
9218 1942 2585 1952 2787 
9219 1540 2483 1867 2760 
9220 2078 1759 2337 2917 
9221 1544 2547 2862 2876 
9222 1667 2463 2353 3050 
9223 662 1983 1012 2377 
9224 1571 2448 1827 3011 
9225 556 711 1022 2209 
9226 1740 2575 1178 2671 
9227 795 662 309 1970 
9228 310 2218 1970 2742 
9229 1654 1975 2416 2911 
9230 1784 2260 2243 3023 
9231 1642 2106 1997 2983 
9232 2031 2908 2198 3096 
9233 15 14 911 2871 
9234 412 433 434 2704 
9235 1564 1888 2294 2696 
9236 958 1841 587 2278 
9237 112 23 22 2227 
9238 180 2055 186 2264 
9239 1848 1793 2426 2762 
9240 398 447 459 2509 
9241 756 1032 761 2852 
9242 888 2098 2403 2797 
9243 1832 1617 2173 2937 
9244 635 1027 2327 2920 
9245 1865 1658 2563 2617 
9246 179 185 180 2264 
9247 881 1074 677 2304 
9248 1925 2113 1604 2530 
9249 129 124 2086 2390 
9250 2117 2324 2049 2436 
9251 1636 2154 2018 3062 
9252 1638 1882 2298 2829 
9253 1639 2372 2069 2548 
9254 1619 2121 2061 2884 
9255 366 1905 2825 3001 
9256 333 330 334 2428 
9257 1927 2668 2265 2960 
9258 886 2087 2167 2486 
9259 1690 2213 2076 2358 
9260 2573 2777 1908 3052 
9261 1702 2744 2254 2854 
9262 706 2434 705 2445 
9263 1989 2299 454 2720 
9264 1718 2014 2343 2860 
9265 138 135 139 2672 
9266 370 2626 351 2927 
9267 2091 2108 1858 2339 
9268 555 2595 707 3005 
9269 1668 1986 2337 2917 
9270 2047 2295 1678 2706 
9271 1822 2734 2080 2979 
9272 1557 1864 2458 2563 
9273 1718 2343 2179 2860 
9274 2146 982 2488 2600 
9275 1978 1613 2320 2642 
9276 486 360 2061 2484 
9277 98 118 160 2516 
9278 1959 1595 2176 2625 
9279 185 2055 180 2264 
9280 1626 1908 2777 3052 
9281 1638 2298 2221 2420 
9282 1560 2184 2633 2764 
9283 1566 2116 2041 2649 
9284 1687 2060 1851 2797 
9285 1916 2784 2141 2919 
9286 2271 2728 1791 3006 
9287 2311 2433 1814 2444 
9288 1571 1954 2254 2621 
9289 1930 2129 1734 2901 
9290 2149 2181 1833 2542 
9291 478 797 2440 2609 
9292 493 799 800 1984 
9293 2283 2500 1969 2886 
9294 2084 2862 2247 2876 
9295 1720 2113 2104 2561 
9296 2108 2339 2091 2785 
9297 185 2637 945 2722 
9298 1589 1775 2095 2648 
9299 362 2105 364 2931 
9300 1648 2400 2017 2624 
9301 983 964 1944 2929 
9302 599 943 2480 2620 
9303 1850 2703 2607 3070 
9304 310 1970 309 2742 
9305 1900 2285 1963 2674 
9306 509 1123 1027 1854 
9307 1578 2306 1829 2970 
9308 472 549 2215 2287 
9309 1684 2414 1914 2421 
9310 1684 2169 2001 2414 
9311 846 431 427 2386 
9312 1622 1898 2572 3096 
9313 2105 2493 1691 2931 
9314 1698 2002 1990 3049 
9315 290 2035 291 2410 
9316 1607 1989 2478 2826 
9317 1648 2457 1984 2501 
9318 1645 2065 1880 2689 
9319 809 246 670 2350 
9320 1547 2280 2039 2331 
9321 1904 2639 1818 2895 
9322 468 1102 1057 1890 
9323 1829 2632 2000 2760 
9324 1599 2745 2322 2856 
9325 2610 2877 2072 3010 
9326 531 2110 2260 2326 
9327 1639 2450 2180 3065 
9328 1614 2161 2022 3087 
9329 1685 2207 2190 2691 
9330 1539 2585 1942 2950 
9331 1605 1916 2210 3039 
9332 2568 2935 1753 2962 
9333 276 882 278 2481 
9334 2093 1943 2538 2713 
9335 1585 2343 1869 3062 
9336 573 954 2209 3057 
9337 1645 2388 2610 3087 
9338 490 2304 2205 2971 
9339 1804 2471 1942 2942 
9340 1093 781 149 2225 
9341 2034 2131 1951 2992 
9342 1768 2137 1726 2715 
9343 1653 2155 2131 2593 
9344 2051 2195 1686 2786 
9345 2104 2113 1925 2561 
9346 1575 2740 2795 3075 
9347 1931 2396 1903 3086 
9348 1731 2043 2127 3040 
9349 462 511 510 2002 
9350 1700 2059 2614 3041 
9351 774 1992 2210 2513 
9352 1842 2235 1555 2259 
9353 1781 2520 2074 3004 
9354 1639 2262 1911 2372 
9355 1911 2262 1839 2372 
9356 499 1980 1110 2906 
9357 1835 1697 2242 3034 
9358 1654 2305 2052 2959 
9359 943 2576 2480 2620 
9360 1604 2104 1925 2241 
9361 1817 2463 2724 3050 
9362 1813 2455 2317 2665 
9363 1600 2206 1892 2916 
9364 123 924 124 2274 
9365 529 567 597 2180 
9366 1643 2144 1823 2616 
9367 2086 2274 924 2767 
9368 277 2356 1955 2481 
9369 1729 2694 1929 2980 
9370 1651 2090 2143 2592 
9371 1564 2157 2644 3073 
9372 1675 2138 1893 2670 
9373 2180 2450 1843 3065 
9374 644 1933 643 2287 
9375 1963 2032 1550 2794 
9376 464 1078 598 2261 
9377 1653 2381 2341 2454 
9378 1640 2082 2433 2444 
9379 1579 2905 2074 3004 
9380 1851 2399 2097 2936 
9381 1634 2183 2152 2344 
9382 932 93 10 2221 
9383 2892 2918 2057 3033 
9384 932 10 11 2357 
9385 1015 1895 713 3066 
9386 193 194 192 2134 
9387 2189 3006 1612 3070 
9388 1896 2312 2029 2575 
9389 1915 2191 1675 2192 
9390 716 2104 1925 2561 
9391 293 290 291 2410 
9392 1095 2739 765 2891 
9393 1779 2001 1656 2868 
9394 1718 2283 1969 2886 
9395 1683 2502 1922 2801 
9396 963 678 1034 2353 
9397 856 2476 2107 2545 
9398 1871 2570 846 2752 
9399 1850 1736 2039 2202 
9400 1781 2176 2043 2984 
9401 1598 1877 1815 3093 
9402 1672 2204 1909 2585 
9403 1123 1854 509 2726 
9404 1547 1988 2224 2280 
9405 1730 2461 2428 2584 
9406 1627 2212 1920 2568 
9407 2274 2622 136 2688 
9408 1592 2368 1828 2603 
9409 370 2626 2927 2971 
9410 1980 2388 1769 2610 
9411 219 727 1897 2557 
9412 2133 2451 1929 2571 
9413 1646 1874 2226 3028 
9414 1614 1945 2161 3087 
9415 2196 2459 1681 2951 
9416 1046 2570 2209 2752 
9417 1667 1821 2185 3024 
9418 1676 2476 1835 2546 
9419 2454 2969 2341 3081 
9420 1925 2561 1718 2965 
9421 1763 2195 2051 2786 
9422 482 694 900 2034 
9423 1596 2101 2492 2614 
9424 1746 2437 1910 2863 
9425 1772 2309 2109 3020 
9426 1911 2262 1681 2479 
9427 1725 2634 1983 3029 
9428 1775 1879 2095 2407 
9429 1863 2505 2289 2563 
9430 1672 2422 2339 2489 
9431 2316 2367 1944 2929 
9432 1921 1609 2594 2995 
9433 1826 2711 2118 2810 
9434 1607 2641 2478 2964 
9435 1713 2146 2203 2511 
9436 1737 2459 2127 2836 
9437 935 1981 337 2451 
9438 1550 1870 2329 2629 
9439 1659 1979 2395 2683 
9440 2050 2309 965 2828 
9441 1084 2099 92 2237 
9442 1852 2467 1685 2691 
9443 1635 2062 1870 2976 
9444 2219 2395 1182 2683 
9445 1632 2006 1936 3013 
9446 998 2671 2575 2888 
9447 1822 1642 2347 2979 
9448 1845 1610 2140 2788 
9449 1797 2331 2105 2493 
9450 1792 2492 2101 2614 
9451 416 2109 480 2570 
9452 1876 2093 2419 3074 
9453 1667 1875 2353 2582 
9454 1951 2131 2034 3088 
9455 2116 2539 2041 2970 
9456 1740 2575 1896 2930 
9457 2527 2921 1825 2976 
9458 1906 2229 1972 2620 
9459 365 384 366 1905 
9460 1565 2321 2090 2456 
9461 1965 2520 440 2993 
9462 2421 1816 2679 2755 
9463 1896 2722 2003 2795 
9464 1921 2087 1609 2167 
9465 1547 1988 2280 2884 
9466 1730 2428 2223 2584 
9467 1619 2206 1892 2510 
9468 453 1137 831 1860 
9469 1575 2558 1934 3075 
9470 1566 2217 2525 2649 
9471 1655 2230 1902 2807 
9472 2213 2358 1690 2944 
9473 2272 2534 1728 2852 
9474 2240 2428 1649 2461 
9475 1615 1904 2092 2538 
9476 1737 2335 2127 2459 
9477 1919 2443 2085 2995 
9478 1648 2495 2016 2781 
9479 1018 608 893 1911 
9480 2380 2801 1801 2973 
9481 1603 2057 2247 2918 
9482 1600 2397 2015 2749 
9483 1670 2123 1885 2859 
9484 186 1051 180 2264 
9485 928 2286 1894 2651 
9486 1896 2413 2722 2795 
9487 1840 2292 1659 2658 
9488 1563 2097 2667 2717 
9489 1975 2389 1927 3043 
9490 1646 2532 2205 2623 
9491 621 554 1886 3069 
9492 1586 2049 2117 2553 
9493 1852 2227 1709 2691 
9494 1756 2053 1900 2978 
9495 649 705 1091 2023 
9496 1921 1628 2218 2828 
9497 94 2414 1914 3102 
9498 1921 1628 2828 2995 
9499 1648 2499 2017 2756 
9500 414 2309 840 3020 
9501 779 108 109 2225 
9502 578 2226 1993 2866 
9503 747 748 2564 2790 
9504 610 2545 951 3061 
9505 1555 2259 2036 2391 
9506 1604 2113 2104 3002 
9507 2162 2698 1873 3003 
9508 119 2901 2129 2997 
9509 1930 2129 1733 2618 
9510 1922 2380 1801 2725 
9511 1890 2899 2011 3084 
9512 1559 1901 2092 2527 
9513 1762 2027 2427 3000 
9514 252 256 259 2238 
9515 1915 2374 2727 2908 
9516 1971 2544 1809 3062 
9517 1809 2532 1636 2611 
9518 1809 1646 2205 2557 
9519 1584 2011 2369 2898 
9520 774 1106 1992 2513 
9521 2254 2455 2765 2973 
9522 821 1989 2263 2768 
9523 914 1083 2237 2997 
9524 1672 2059 2585 3041 
9525 1874 1646 2226 2819 
9526 2361 2804 1849 2977 
9527 1594 2374 1811 2655 
9528 1667 2185 1821 2518 
9529 1019 674 1038 2283 
9530 488 397 941 2734 
9531 1546 1888 2103 2943 
9532 1539 2687 1909 3100 
9533 990 198 2185 3024 
9534 608 1018 865 2479 
9535 303 305 2664 2742 
9536 702 1160 1052 1899 
9537 1619 2169 1988 2220 
9538 1973 2573 1602 2942 
9539 1879 2703 2407 3048 
9540 664 668 2403 2797 
9541 1924 2351 2194 2886 
9542 1550 2329 2053 2798 
9543 1833 1591 2188 2780 
9544 598 2261 321 2751 
9545 1540 1943 1867 2954 
9546 1659 2219 2048 2683 
9547 10 1887 92 2666 
9548 2163 2744 1954 2949 
9549 1853 2757 2635 2775 
9550 1568 2958 2010 3044 
9551 2407 2703 1650 3048 
9552 1684 1887 2112 2357 
9553 1944 2330 1652 2354 
9554 1816 1898 1742 2164 
9555 1645 2161 1880 3018 
9556 1752 2761 1860 2974 
9557 1013 841 1990 2678 
9558 1727 2335 2196 2459 
9559 1920 2212 1868 2568 
9560 1662 2804 1849 3036 
9561 1581 1954 2163 2744 
9562 513 266 925 2275 
9563 1970 2377 1983 2401 
9564 655 2045 586 2863 
9565 1900 2682 2273 2978 
9566 383 2122 2100 2319 
9567 1645 1880 2065 3018 
9568 1696 2087 2446 2594 
9569 2053 2682 1900 2978 
9570 1821 2855 2185 3024 
9571 1132 1986 153 2688 
9572 2069 2450 2122 3078 
9573 1665 2850 1844 3013 
9574 1551 1936 2659 2706 
9575 2071 1910 2677 2724 
9576 1951 2034 1583 3088 
9577 1588 2279 2020 3100 
9578 1159 12 101 3102 
9579 1552 1974 2112 2510 
9580 2515 2535 1825 2976 
9581 2145 2471 1973 2475 
9582 1571 2535 2515 2976 
9583 429 852 461 3079 
9584 145 2559 2096 2900 
9585 1578 2555 1965 2694 
9586 888 2098 302 2403 
9587 1654 2472 2186 2959 
9588 1049 921 154 2420 
9589 709 321 2261 2559 
9590 1548 2076 2419 3015 
9591 1702 1795 2469 2621 
9592 1550 2329 1937 2629 
9593 1787 2487 1976 2824 
9594 1811 1649 2826 3021 
9595 1676 2066 2130 2546 
9596 1724 2130 2066 2546 
9597 2062 2535 1641 3011 
9598 568 469 2064 2352 
9599 1673 2996 2687 3056 
9600 550 928 1148 1894 
9601 318 2318 810 2401 
9602 1597 2787 1941 3056 
9603 2097 2399 1851 2605 
9604 1591 2559 1933 2780 
9605 2035 2613 290 2853 
9606 1563 2531 2153 2867 
9607 1710 2433 2265 3043 
9608 217 2211 214 2957 
9609 1699 2005 2178 2907 
9610 228 229 230 2170 
9611 535 2628 457 2904 
9612 745 2268 1027 2920 
9613 769 548 1933 2963 
9614 1987 2074 1579 2425 
9615 1689 1856 2635 2812 
9616 1582 2194 1868 2351 
9617 1701 1816 2135 2494 
9618 1112 2677 1910 2695 
9619 1615 1935 2358 2606 
9620 1739 2200 1984 2457 
9621 1664 1943 2079 2345 
9622 1617 2399 2173 2937 
9623 1626 2371 1949 2449 
9624 93 9 10 1887 
9625 607 1875 2545 3061 
9626 1747 2093 2538 2713 
9627 2010 2958 2247 3044 
9628 377 378 2132 2509 
9629 1865 2030 2497 2592 
9630 634 1051 734 2437 
9631 426 840 414 2309 
9632 2221 2375 1638 2928 
9633 1955 2356 2083 2481 
9634 512 2230 1957 2528 
9635 1656 1960 1779 3088 
9636 1834 2004 1991 2751 
9637 2179 2488 1644 2530 
9638 394 605 517 2244 
9639 1581 2163 1954 2365 
9640 316 1134 1921 2590 
9641 719 2651 2048 2683 
9642 1629 2656 2396 3075 
9643 1620 1871 2163 2949 
9644 228 230 826 2170 
9645 1171 937 2413 2722 
9646 772 1047 2275 3089 
9647 1757 1580 2608 2813 
9648 340 2200 551 3068 
9649 436 437 2454 2969 
9650 2190 1677 2227 2691 
9651 1964 2067 1938 2867 
9652 1607 2263 1989 2826 
9653 2001 2169 1656 2414 
9654 961 1009 542 2350 
9655 1987 1709 2578 2883 
9656 923 2901 119 2997 
9657 1589 2333 1879 2989 
9658 1667 1868 2194 2351 
9659 1619 2080 2734 2979 
9660 1773 2587 2799 3071 
9661 866 250 896 1982 
9662 1570 2712 1956 2759 
9663 644 2070 1933 2287 
9664 1696 2302 2218 2594 
9665 1824 2862 2547 2876 
9666 1632 2297 2364 2384 
9667 1772 2109 2887 3020 
9668 1740 2575 2671 2888 
9669 1786 2362 1977 2818 
9670 1871 2386 1844 2752 
9671 1889 2629 2174 2728 
9672 1887 2237 2099 2749 
9673 472 848 549 2287 
9674 219 2466 776 2557 
9675 1703 2351 2500 2886 
9676 716 2241 717 3095 
9677 976 2451 1929 2555 
9678 1589 1879 1775 2989 
9679 511 2002 2392 3049 
9680 1835 2242 1697 3005 
9681 520 2364 975 2835 
9682 2082 2444 373 3094 
9683 1723 2068 2045 2437 
9684 1811 2374 1594 3021 
9685 325 884 329 2486 
9686 1619 2001 2171 2734 
9687 1580 1907 2482 2839 
9688 2074 2425 2338 2905 
9689 1576 2409 1867 2770 
9690 894 2017 968 3059 
9691 1873 2255 2094 2447 
9692 1670 2036 2021 2998 
9693 1929 2300 2106 2980 
9694 974 703 1023 1995 
9695 152 2298 1882 2881 
9696 211 215 213 2536 
9697 511 510 2002 3049 
9698 1915 2727 2603 2908 
9699 1947 2079 1943 2345 
9700 1844 1665 2386 2850 
9701 1654 2288 1824 3044 
9702 1687 1851 2403 2797 
9703 1900 2136 2067 2710 
9704 1592 2322 1994 2579 
9705 736 646 735 1831 
9706 1576 2262 2713 3074 
9707 2090 2094 1651 2255 
9708 563 578 1993 2866 
9709 1770 2211 2879 2946 
9710 958 1147 587 1841 
9711 772 673 652 2275 
9712 1556 1856 2635 3068 
9713 811 2325 604 2994 
9714 1690 2358 1935 2606 
9715 1595 2483 1846 2537 
9716 2076 1935 2358 3015 
9717 548 2215 1933 2963 
9718 294 295 296 2529 
9719 1062 2326 499 2906 
9720 2074 2984 1781 3004 
9721 1987 2578 1709 2735 
9722 1658 2497 1865 2563 
9723 1987 2520 611 2583 
9724 1754 2491 2456 2896 
9725 518 2643 682 3049 
9726 1836 2706 2006 2766 
9727 2131 2406 2155 3081 
9728 280 1955 277 2792 
9729 1713 2364 2835 2849 
9730 1783 1923 2083 2356 
9731 1571 1937 2037 3092 
9732 2441 2495 2400 2781 
9733 2027 2424 1820 3028 
9734 1719 2576 1995 2913 
9735 582 1899 2576 2972 
9736 998 1178 2575 2671 
9737 350 191 2677 2695 
9738 2018 2154 1869 3062 
9739 1989 2263 2768 2826 
9740 1949 2449 2371 3016 
9741 1567 1826 2208 2447 
9742 163 2029 161 2442 
9743 1578 1829 2632 2970 
9744 1592 2368 2191 2470 
9745 2191 2368 1755 2470 
9746 969 2807 1902 2865 
9747 1720 2113 2465 3002 
9748 1595 2043 2483 2537 
9749 1604 1891 2058 2550 
9750 1888 2114 1546 2228 
9751 1630 2458 1862 2986 
9752 1986 2767 2274 2917 
9753 1608 2410 1855 2473 
9754 1583 2155 2131 2406 
9755 230 583 826 2170 
9756 1930 2298 942 2622 
9757 1773 2430 2393 3071 
9758 560 558 559 2130 
9759 1827 2182 2903 3011 
9760 1645 2233 2065 2689 
9761 1630 1862 2346 2986 
9762 948 800 799 2981 
9763 1832 2406 1617 2937 
9764 2052 1857 2877 2959 
9765 1594 2552 2147 3021 
9766 937 2003 936 2783 
9767 757 758 759 1916 
9768 1680 1994 2413 2802 
9769 1798 2604 2115 2776 
9770 2004 2512 1890 3084 
9771 1986 2767 1611 2923 
9772 1732 2231 1966 2846 
9773 1672 2585 2253 3041 
9774 1097 1135 874 2835 
9775 1871 2744 2209 2752 
9776 2068 2437 1723 2589 
9777 1650 1858 2703 3070 
9778 1558 2214 2470 2686 
9779 1540 2808 1943 2954 
9780 404 835 445 2019 
9781 638 1843 591 3078 
9782 1595 2017 1977 3059 
9783 770 2070 1711 2438 
9784 1575 2795 2558 3075 
9785 1731 2043 1867 2127 
9786 922 1902 2512 3099 
9787 238 1924 959 2500 
9788 1570 2269 1819 2416 
9789 712 2023 1091 2660 
9790 1861 2399 1617 2937 
9791 1759 2337 2251 2848 
9792 538 565 566 2663 
9793 519 522 2643 2723 
9794 1976 2158 1787 2821 
9795 1700 1942 1804 2492 
9796 1592 2579 1994 2873 
9797 1859 2251 1668 2650 
9798 1098 775 2625 3059 
9799 1792 2308 2101 2430 
9800 2005 2498 967 2543 
9801 2446 2778 1798 3058 
9802 763 2739 2513 2891 
9803 1725 2173 2399 2937 
9804 1625 1966 1908 2715 
9805 1014 424 476 3005 
9806 359 2105 362 2493 
9807 2283 2860 1718 2965 
9808 1551 1936 2085 2659 
9809 1673 2336 2687 2996 
9810 1717 2581 2108 3048 
9811 2000 1853 2730 2757 
9812 710 2029 163 2575 
9813 1933 2758 2188 2780 
9814 1704 2265 1927 2668 
9815 1572 1901 2441 2523 
9816 2379 2630 2028 3079 
9817 1612 2619 1853 2730 
9818 1615 2348 1947 2608 
9819 1928 2969 2454 3081 
9820 1545 2908 2031 3096 
9821 984 674 1019 2283 
9822 2018 2343 2290 3054 
9823 1639 2419 2072 2741 
9824 610 856 951 2545 
9825 248 866 1982 2912 
9826 1933 1674 2758 2780 
9827 2232 2499 286 2624 
9828 1847 2343 1644 2530 
9829 1113 1084 8 2013 
9830 1628 2218 2050 2742 
9831 1543 2506 2617 2675 
9832 1102 1890 468 2736 
9833 334 1169 2223 2428 
9834 1723 2228 2120 2831 
9835 1672 2059 2204 2585 
9836 1626 1917 2371 2449 
9837 1601 1983 2377 3029 
9838 658 2209 954 2752 
9839 1554 2518 2239 2827 
9840 923 1930 942 2622 
9841 24 2307 95 2697 
9842 1045 791 602 2307 
9843 1805 566 2663 3095 
9844 1956 1690 2213 2712 
9845 1865 2485 2198 2893 
9846 1934 2558 2337 2848 
9847 1865 1565 2497 2893 
9848 194 2134 193 2353 
9849 995 2338 996 2425 
9850 1551 1836 2435 2706 
9851 1790 1638 2375 2928 
9852 1639 2262 1839 2411 
9853 713 1015 624 1895 
9854 1052 844 496 2340 
9855 1676 2504 2476 2546 
9856 129 2390 2086 3060 
9857 1588 1807 2020 2279 
9858 1562 2234 2009 2285 
9859 373 2082 371 2444 
9860 1721 2120 2228 2754 
9861 1611 2251 1859 2754 
9862 316 1134 906 1921 
9863 27 2395 989 2788 
9864 269 267 268 2818 
9865 813 327 328 2240 
9866 1611 2767 2128 2923 
9867 508 509 507 2248 
9868 1632 2364 1881 2384 
9869 2443 2594 1609 2995 
9870 2055 2264 1668 2650 
9871 1654 1824 2472 3044 
9872 1886 2352 2012 3069 
9873 1067 676 1929 2719 
9874 682 2643 2590 3049 
9875 1769 2180 2741 3025 
9876 1539 2020 2336 2687 
9877 1720 1969 2113 2904 
9878 2194 2351 1582 2886 
9879 681 1013 1990 2590 
9880 630 2533 838 2726 
9881 1550 2032 2053 2329 
9882 1622 2198 2094 2922 
9883 1575 1934 2740 3075 
9884 1656 1779 1951 3088 
9885 1065 659 1910 2863 
9886 1602 2573 1885 2942 
9887 2066 2745 2546 2962 
9888 1640 2389 2082 2786 
9889 1753 1939 2566 2935 
9890 851 421 1010 2104 
9891 1545 2603 1828 2656 
9892 661 955 1912 2752 
9893 2200 2739 1095 2891 
9894 159 1996 117 2378 
9895 1004 707 555 2595 
9896 1954 1662 2365 2423 
9897 1670 2391 2036 2998 
9898 1705 2344 2276 3054 
9899 1596 1941 1942 1973 
9900 2011 2898 1584 2899 
9901 2072 2419 2022 2741 
9902 1751 2717 2050 2742 
9903 1679 2547 2288 2862 
9904 2369 2542 2181 2779 
9905 1734 1845 2259 2390 
9906 1769 2326 1980 2610 
9907 1588 1879 2224 2333 
9908 1947 2348 1904 2895 
9909 905 172 957 2672 
9910 92 10 9 1887 
9911 667 2327 2173 2920 
9912 453 382 2387 2676 
9913 240 824 2296 2480 
9914 1756 2067 2136 2508 
9915 1659 1845 2313 2395 
9916 1932 2502 1922 2843 
9917 1848 2426 1793 2758 
9918 491 2512 579 2736 
9919 463 1991 2751 2900 
9920 445 508 507 2248 
9921 2022 2741 1614 3087 
9922 1930 2420 1733 2997 
9923 337 340 2451 3031 
9924 1825 2535 2062 2976 
9925 1565 2485 2119 2893 
9926 1672 2339 1909 2785 
9927 969 1902 922 2865 
9928 473 832 2548 2761 
9929 2096 2559 1834 2900 
9930 1793 2509 2132 2858 
9931 2072 2601 1843 3065 
9932 655 2437 2045 2863 
9933 1858 2108 1650 2703 
9934 1555 2235 1842 2747 
9935 2078 2235 1759 2917 
9936 2672 2680 167 3045 
9937 1054 893 2315 2772 
9938 1825 2515 2254 2535 
9939 2082 2389 1763 2786 
9940 1595 2400 2017 2756 
9941 1592 2191 1838 3030 
9942 926 734 497 2437 
9943 1910 2724 2589 3050 
9944 1657 1989 2299 2478 
9945 1629 2368 2612 2656 
9946 1679 2918 2892 3033 
9947 2251 2337 1759 2917 
9948 1649 2115 2240 2461 
9949 1571 2254 2515 2535 
9950 2033 2284 1694 2663 
9951 908 2680 143 3045 
9952 1678 2365 2047 2706 
9953 403 604 803 2417 
9954 1760 2587 2010 3044 
9955 1924 2194 1582 2886 
9956 2025 2987 1800 3035 
9957 565 538 537 2033 
9958 1978 1739 2784 2952 
9959 2109 2570 1871 2949 
9960 2093 2409 1943 2713 
9961 1611 2235 1842 2702 
9962 279 1955 277 2662 
9963 2306 2520 1781 3004 
9964 126 136 2274 2622 
9965 1676 2130 2476 2504 
9966 1713 2536 2146 2764 
9967 2035 2853 2737 2999 
9968 805 1173 504 2356 
9969 1966 2081 1626 2844 
9970 1957 2071 1616 2257 
9971 1585 2183 2524 3054 
9972 113 2334 114 2490 
9973 1852 1685 2467 2490 
9974 2355 2609 365 3001 
9975 1965 2520 2306 2583 
9976 1601 1873 2199 3003 
9977 1626 2081 1908 3052 
9978 1571 1827 2903 3011 
9979 2297 2502 1918 2764 
9980 115 2334 784 2788 
9981 853 2012 653 2462 
9982 1651 2255 1873 2684 
9983 1596 1940 1973 2475 
9984 753 767 292 1855 
9985 614 995 446 1815 
9986 2410 2613 2035 2999 
9987 950 2102 747 2564 
9988 1982 1706 2398 2816 
9989 591 2069 704 3078 
9990 1710 2960 1874 3043 
9991 1781 2793 1981 2993 
9992 1833 2549 1834 2780 
9993 825 2405 2056 2452 
9994 1903 2485 2031 2716 
9995 1553 2389 1975 2911 
9996 1676 2194 1875 2789 
9997 1749 2473 2009 2811 
9998 925 1142 2275 2347 
9999 1649 2325 2776 3021 
10000 1604 2104 2550 3002 
10001 1886 2631 2468 2655 
10002 1641 1944 2330 2523 
10003 2288 2382 1760 3044 
10004 1807 2385 2510 2577 
10005 1592 2191 2603 2669 
10006 134 131 2128 2197 
10007 1906 1719 2229 2620 
10008 563 562 1993 2736 
10009 2124 2359 1826 3082 
10010 2259 2390 1707 2702 
10011 1701 1807 2679 2851 
10012 995 996 1141 2425 
10013 1770 2360 1932 2879 
10014 1847 2675 2075 3047 
10015 1147 441 2595 3097 
10016 1766 2240 2115 2461 
10017 1779 2991 580 2992 
10018 1922 1679 2266 2915 
10019 1633 1870 2429 3092 
10020 2472 2587 1654 3044 
10021 2038 1595 2625 3040 
10022 1625 1872 2690 2693 
10023 1959 2812 2499 3031 
10024 1922 2843 1679 2915 
10025 1916 2513 2210 3039 
10026 1539 1942 2942 2950 
10027 1809 2466 2154 3062 
10028 1890 2898 2549 3084 
10029 1628 2464 2085 2995 
10030 1680 2413 1994 2873 
10031 1640 2389 2433 3043 
10032 1606 1899 2160 2765 
10033 1683 2028 1918 3053 
10034 1758 2591 2048 3089 
10035 2214 2470 1755 2612 
10036 1613 1968 1926 2562 
10037 1578 2041 2306 2970 
10038 2467 2496 1852 3032 
10039 1758 2217 1997 2275 
10040 1718 2113 1969 2561 
10041 1545 1915 2603 2908 
10042 990 2185 198 2855 
10043 1617 2406 1832 3081 
10044 1835 2504 476 3005 
10045 1589 2220 1988 2851 
10046 702 582 1899 2576 
10047 1821 2281 1715 2855 
10048 1771 2640 2293 2731 
10049 268 2362 265 2363 
10050 1090 2516 956 2783 
10051 344 1981 935 2555 
10052 1662 1954 2365 2854 
10053 888 2627 2098 2797 
10054 1867 2409 1576 2954 
10055 1569 2791 2233 2910 
10056 754 2534 1032 2852 
10057 1880 1654 2186 2959 
10058 1852 2496 2467 2691 
10059 1812 2296 1906 2847 
10060 399 1108 777 2388 
10061 735 1716 2514 2653 
10062 1638 2078 2375 2829 
10063 753 292 752 1855 
10064 1948 2188 1591 2714 
10065 1037 1125 884 2486 
10066 2209 2744 1912 2752 
10067 1929 2694 1729 2719 
10068 1724 2546 2066 2745 
10069 1846 1572 2441 2781 
10070 1640 2433 2082 3043 
10071 601 2176 2038 2625 
10072 2161 2759 1570 3018 
10073 1905 365 2609 3001 
10074 1763 2051 2626 2786 
10075 1054 2315 814 2772 
10076 2022 2072 1769 2610 
10077 812 2403 302 2939 
10078 2199 2731 1861 3019 
10079 1633 2448 2700 2940 
10080 894 2818 2017 3059 
10081 104 2100 722 2578 
10082 1593 1922 2266 2915 
10083 1598 1768 2156 2601 
10084 1689 2133 1981 2793 
10085 1694 2058 2289 2834 
10086 1987 1692 2583 2961 
10087 886 2167 885 2486 
10088 1768 2450 2072 2601 
10089 1765 2607 1883 3100 
10090 1657 1862 2214 2478 
10091 1839 2262 1911 2479 
10092 1800 2167 2643 2987 
10093 1635 1870 2174 2629 
10094 747 2564 2102 2790 
10095 409 1944 964 2929 
10096 1806 2170 2056 2801 
10097 1560 1913 2843 2857 
10098 1547 1988 2121 2314 
10099 1983 2162 1725 3029 
10100 2110 2326 1843 3065 
10101 1773 2799 2430 3071 
10102 1829 3004 1867 3083 
10103 2108 2703 2647 3048 
10104 384 365 798 2609 
10105 1888 1777 2310 2556 
10106 912 11 10 2666 
10107 1980 2477 1110 3103 
10108 187 2055 2413 2802 
10109 1720 2113 2561 2904 
10110 790 1979 26 2683 
10111 1923 2232 2495 2981 
10112 2647 2703 1879 3048 
10113 1901 1572 2174 2523 
10114 1805 2834 2663 3038 
10115 2146 2536 1782 2764 
10116 2452 2502 1683 2801 
10117 421 1075 1010 2104 
10118 1769 2610 2388 3087 
10119 624 623 2159 2864 
10120 131 130 944 2086 
10121 1547 2314 1883 2577 
10122 317 814 2236 2772 
10123 2030 2563 1798 2592 
10124 1580 1837 2408 2753 
10125 2142 2245 1818 2753 
10126 1696 2087 2594 2636 
10127 768 1177 2140 2390 
10128 831 1860 1137 2761 
10129 1622 2118 1898 3096 
10130 649 2445 2023 2858 
10131 1758 2013 2397 2916 
10132 456 2328 1965 2719 
10133 1934 2201 1759 2503 
10134 1620 2109 1871 2949 
10135 2261 2559 1834 2780 
10136 568 2352 2064 2631 
10137 444 2173 667 2327 
10138 2226 2557 1897 3067 
10139 234 2077 837 2738 
10140 1994 1680 2322 2802 
10141 1993 2660 563 2736 
10142 1739 2349 2282 3039 
10143 1782 2536 2146 2600 
10144 2371 2449 1917 3016 
10145 1672 1909 2422 2585 
10146 1556 2349 2457 2952 
10147 409 2363 1944 2929 
10148 440 2555 1965 2993 
10149 1979 784 2334 2788 
10150 1610 1996 2334 3032 
10151 1865 2563 2030 2592 
10152 878 338 334 2223 
10153 1583 1854 2293 2418 
10154 1747 2093 2358 2538 
10155 1644 2146 2184 2511 
10156 2247 2876 1745 2977 
10157 1140 782 605 2517 
10158 1895 2543 713 2700 
10159 2144 2427 1823 2616 
10160 1589 2095 1879 2224 
10161 1733 2618 2015 2749 
10162 2154 2466 1869 3062 
10163 1705 2524 2290 2541 
10164 1833 2780 2188 2898 
10165 153 2274 1986 2767 
10166 1899 1702 2526 2765 
10167 2564 2790 748 2875 
10168 2010 2587 1760 2799 
10169 1558 2612 1931 2962 
10170 2051 1686 2626 2786 
10171 1648 2017 2499 2624 
10172 1663 2282 2349 3039 
10173 2378 2654 1707 2880 
10174 1980 2326 1618 2610 
10175 772 652 773 2099 
10176 1662 2841 2515 2854 
10177 371 2444 2082 2927 
10178 337 2451 1981 3031 
10179 102 1979 26 2697 
10180 1861 1617 2406 2937 
10181 2064 2263 505 2822 
10182 1943 2093 1615 2345 
10183 1580 2813 2482 2890 
10184 735 2514 1831 2653 
10185 1655 1953 2256 2431 
10186 1116 1994 2413 2930 
10187 1939 2222 2068 2566 
10188 1954 1662 2515 2854 
10189 1576 2771 2127 2836 
10190 2137 2193 1664 2301 
10191 1553 2152 1927 2623 
10192 1568 2010 2587 3044 
10193 1664 1867 1943 2409 
10194 1858 1788 2924 3042 
10195 2175 2316 1827 2429 
10196 1541 2145 2779 2796 
10197 1956 2317 1813 2913 
10198 1850 2224 1883 2607 
10199 1899 2526 2340 2765 
10200 1595 2127 2043 3040 
10201 1642 2121 2061 2979 
10202 1807 2020 2279 2687 
10203 821 820 1989 2768 
10204 2277 2279 1807 2333 
10205 1665 2163 1871 2850 
10206 1939 2709 2566 2935 
10207 1735 2041 2177 2539 
10208 1859 2637 1986 2923 
10209 1854 2268 1631 2418 
10210 1805 2663 2033 3038 
10211 1802 2454 1928 2564 
10212 2174 2629 1870 2728 
10213 1835 2476 476 2504 
10214 1079 858 857 2692 
10215 1909 2687 2279 3100 
10216 1859 1668 2264 2650 
10217 506 2845 2182 3066 
10218 2050 2153 1772 3017 
10219 1585 2343 2018 3054 
10220 1753 2934 2745 2962 
10221 2143 2497 1754 3008 
10222 1847 2675 2718 3002 
10223 1846 2441 1901 2953 
10224 599 807 943 2620 
10225 1864 2458 2563 2617 
10226 923 1930 2901 2997 
10227 796 2110 531 2326 
10228 2168 2446 1919 2594 
10229 1578 2632 2041 2970 
10230 1825 2317 1606 2455 
10231 591 638 637 1843 
10232 194 2134 2353 3024 
10233 1867 1664 2079 3046 
10234 1680 2413 2055 2802 
10235 372 2444 371 2927 
10236 1695 2337 2003 2688 
10237 1593 1972 2056 2615 
10238 449 2445 649 2858 
10239 1547 2121 1988 2884 
10240 366 1905 384 2825 
10241 1576 2411 1877 2974 
10242 713 2700 628 3066 
10243 153 2274 136 2688 
10244 1716 2110 987 2319 
10245 1637 2215 1933 2287 
10246 938 2413 1896 2930 
10247 171 1859 2831 3101 
10248 440 2520 929 2993 
10249 2168 2684 1873 3003 
10250 1642 1997 2347 2983 
10251 2061 1619 2171 2734 
10252 714 1016 2543 2737 
10253 1700 2119 2204 2815 
10254 2129 2313 1733 2618 
10255 1917 1669 2402 3016 
10256 2066 2130 1724 2856 
10257 281 2613 2662 2853 
10258 2340 2526 1702 2765 
10259 1917 1789 2402 3073 
10260 1698 2002 2392 2659 
10261 1034 2582 2353 3061 
10262 2026 2231 1732 2791 
10263 1615 2358 1935 3015 
10264 1660 1898 1816 2164 
10265 907 2005 850 2887 
10266 1831 2514 1716 2653 
10267 1770 2360 1918 2502 
10268 1654 1880 2689 2959 
10269 1674 2188 2780 2898 
10270 1919 2446 2168 3058 
10271 1933 2070 993 2559 
10272 1615 2093 1943 2538 
10273 1865 1798 2563 2592 
10274 2144 2393 1762 2779 
10275 1540 1867 2483 2954 
10276 1674 2261 2434 2549 
10277 1700 2204 1952 2815 
10278 856 535 2107 2476 
10279 1599 2322 2055 2802 
10280 152 1882 148 2881 
10281 1646 2544 2424 3028 
10282 2196 1681 2588 2951 
10283 882 1992 1106 2282 
10284 1165 150 1163 2880 
10285 1554 2256 1953 2431 
10286 1884 2361 2040 2415 
10287 1777 2542 2449 2844 
10288 1732 1966 2586 2846 
10289 1067 442 733 2106 
10290 1657 1891 2246 2550 
10291 1611 2767 1986 2917 
10292 2045 2437 1746 2863 
10293 2072 2450 1843 2601 
10294 1642 2217 1997 2649 
10295 422 423 2246 2628 
10296 1799 2193 1907 2890 
10297 1673 2385 2172 2687 
10298 1786 2363 1923 2861 
10299 696 996 1138 2074 
10300 1760 2247 2010 2799 
10301 754 2102 2534 2646 
10302 1981 2555 344 2993 
10303 438 436 1928 2969 
10304 759 1916 2272 2565 
10305 736 647 1831 2070 
10306 1541 2369 1833 2586 
10307 978 111 1996 2707 
10308 1153 28 2129 2395 
10309 2000 2521 1829 2760 
10310 653 2370 861 2882 
10311 1695 2622 2298 2894 
10312 1846 2483 2335 2953 
10313 1975 2382 1553 2911 
10314 2097 2199 1601 2399 
10315 1954 1581 2365 2854 
10316 861 653 569 2370 
10317 1616 1958 1957 2257 
10318 1672 1909 2339 2422 
10319 1921 2828 2590 2995 
10320 653 2462 2012 2882 
10321 1598 1815 2926 3093 
10322 2063 2410 293 2529 
10323 865 896 981 2837 
10324 1808 2573 1908 2839 
10325 1616 2222 2114 2228 
10326 1556 2635 2757 2775 
10327 1775 2155 2150 2648 
10328 194 2353 195 3024 
10329 1942 1700 2585 2787 
10330 2245 2339 1858 2607 
10331 1573 1831 2580 2800 
10332 1558 2214 2165 2346 
10333 2114 2228 2222 2566 
10334 594 717 2241 3095 
10335 161 2442 2029 2838 
10336 1580 2079 2193 3090 
10337 1599 2044 2322 2802 
10338 1131 2272 1968 2830 
10339 1658 2030 2497 2563 
10340 311 2377 664 2403 
10341 187 2413 2055 2722 
10342 1184 2048 17 3089 
10343 684 635 1027 2327 
10344 1572 2495 1923 2861 
10345 1665 2085 1990 3017 
10346 1675 2468 2631 2655 
10347 858 2663 857 2692 
10348 1125 859 860 2284 
10349 1726 2137 1768 2301 
10350 1783 2316 2175 2429 
10351 653 853 553 2012 
10352 1596 2507 2101 2614 
10353 542 372 2311 2444 
10354 2187 2239 1703 2351 
10355 1075 1891 369 2692 
10356 418 2179 771 2488 
10357 1867 2483 2043 2760 
10358 1630 2346 2054 2986 
10359 2197 1707 2654 2880 
10360 1785 2401 2318 2698 
10361 894 775 968 2017 
10362 956 2516 2029 2783 
10363 1869 2154 1782 2600 
10364 485 1138 2338 2990 
10365 1571 1827 2448 2903 
10366 1582 2351 2187 2886 
10367 928 1894 927 2651 
10368 1655 2117 1953 2708 
10369 2123 2539 1837 2567 
10370 1932 1686 2615 2879 
10371 958 1841 2746 3098 
10372 1867 2079 1829 3083 
10373 2088 2543 1699 2940 
10374 135 138 133 2197 
10375 1589 1775 2155 2989 
10376 493 1984 800 2501 
10377 2122 2450 2069 2956 
10378 1817 2724 1910 3050 
10379 1777 2449 2310 2777 
10380 336 2263 2151 2768 
10381 1748 2067 1964 2867 
10382 875 1918 216 2849 
10383 945 2003 1017 2722 
10384 1964 1651 2143 3008 
10385 1623 1807 2277 2279 
10386 1619 1988 2169 2510 
10387 1135 2203 683 2835 
10388 299 2519 907 2887 
10389 1639 2741 2180 3025 
10390 769 1933 2261 2963 
10391 2378 2880 1707 3060 
10392 1550 2032 2728 2794 
10393 1950 2293 1951 2661 
10394 413 299 907 2887 
10395 2013 2099 1600 2916 
10396 25 1979 784 2334 
10397 1982 2355 2238 2398 
10398 1958 1103 2680 2865 
10399 130 2086 924 2767 
10400 1541 2542 2369 2779 
10401 1751 2403 2097 2936 
10402 1635 1870 2629 2976 
10403 1867 2127 2043 2483 
10404 1046 846 2570 2752 
10405 539 523 538 2033 
10406 29 1185 1 2219 
10407 340 2451 1856 3068 
10408 2001 2832 1085 2868 
10409 1657 2058 2550 2657 
10410 1773 2393 2144 2796 
10411 1938 2667 2199 2684 
10412 1784 2426 2243 2509 
10413 1927 2152 1704 2668 
10414 1763 2304 2623 3043 
10415 1784 2243 2426 3023 
10416 1637 2426 2243 3023 
10417 543 366 2270 3001 
10418 1942 2201 1941 3056 
10419 1863 1658 2505 2563 
10420 555 2278 2595 3005 
10421 995 446 1815 2425 
10422 1624 2432 1974 2525 
10423 577 578 724 2226 
10424 822 454 842 1989 
10425 1589 2155 1946 2989 
10426 280 277 1955 2662 
10427 1808 2467 2859 3055 
10428 1987 2583 2735 2961 
10429 322 318 319 2318 
10430 1640 2389 1975 2433 
10431 2082 1710 2433 2444 
10432 955 954 1912 2752 
10433 1746 2130 2066 2856 
10434 1787 2824 2661 2871 
10435 2092 2538 1904 2808 
10436 1678 1913 2596 2750 
10437 1639 2180 2069 2372 
10438 1640 2082 2444 2927 
10439 813 2151 331 2704 
10440 439 902 444 2173 
10441 1594 2012 2552 2878 
10442 1572 2174 1870 2394 
10443 212 217 815 2211 
10444 292 2410 1855 2613 
10445 1626 2449 1949 2844 
10446 1541 1833 2542 2586 
10447 1568 2587 2010 2817 
10448 1673 2366 2503 2681 
10449 1648 2017 2400 2756 
10450 1558 2470 2612 2686 
10451 2052 2472 1654 2959 
10452 1622 2094 2090 2255 
10453 1979 2334 1610 2788 
10454 277 275 2356 2481 
10455 901 922 1902 2512 
10456 1580 2567 1837 2753 
10457 1988 2220 2169 2851 
10458 1637 2580 1948 2889 
10459 1742 2711 2124 2810 
10460 979 611 613 2520 
10461 1571 2448 2062 3092 
10462 1897 2544 1809 2557 
10463 1893 1675 2192 2468 
10464 1541 2586 2844 2846 
10465 1168 146 2096 2559 
10466 935 2451 976 2555 
10467 98 2838 2357 3102 
10468 213 214 212 2536 
10469 1847 1644 2343 3085 
10470 1684 2080 2206 2666 
10471 1668 2337 2251 2917 
10472 1586 2149 2049 2181 
10473 1719 1906 2229 2759 
10474 1617 1928 2150 3081 
10475 1632 2297 2028 2364 
10476 1151 911 94 2414 
10477 1619 2169 2206 2510 
10478 2188 2758 1674 2780 
10479 2035 2737 1699 2999 
10480 1732 2690 2231 2846 
10481 1954 2365 2163 2423 
10482 1949 2449 2149 2542 
10483 230 582 583 2170 
10484 1734 2390 2259 2702 
10485 1627 2212 1868 2885 
10486 622 621 2138 2522 
10487 2596 2750 1913 2918 
10488 334 335 333 2768 
10489 1733 2129 1930 2997 
10490 572 706 705 2445 
10491 1041 771 2179 2488 
10492 1157 651 1060 2666 
10493 1672 2204 2059 2456 
10494 1836 1764 2925 2968 
10495 1858 2924 2189 3042 
10496 1921 2594 2087 2636 
10497 885 2167 1037 2486 
10498 889 966 545 2267 
10499 282 2662 280 2853 
10500 1807 2279 1623 2687 
10501 835 2248 2019 3012 
10502 1561 2359 2124 3082 
10503 2208 2359 1826 2552 
10504 1545 2603 1915 2982 
10505 978 117 159 1996 
10506 1676 2194 1920 2465 
10507 1617 1851 2399 2605 
10508 1868 2212 1743 2827 
10509 2328 2560 1729 2719 
10510 2097 2399 1601 2936 
10511 1548 2022 2072 2419 
10512 1766 2428 2240 2461 
10513 1185 29 2129 2997 
10514 716 1925 1082 2561 
10515 1601 2162 1873 3003 
10516 1614 2588 2213 2816 
10517 1878 2745 1599 2934 
10518 1546 2114 1888 2943 
10519 2369 1704 2412 2796 
10520 1974 2385 1552 2681 
10521 1570 2161 1880 2712 
10522 1712 2357 2112 2928 
10523 2319 2601 1843 3078 
10524 2070 2096 146 2559 
10525 1566 2177 2539 2748 
10526 1678 1913 2295 2596 
10527 1666 2496 2307 2961 
10528 2290 2541 2524 3047 
10529 1953 1643 2181 2553 
10530 1876 2411 2409 3074 
10531 1954 2744 1795 2949 
10532 2115 2769 1798 2778 
10533 1917 2402 2225 2438 
10534 27 790 2395 2788 
10535 2139 2365 1678 2725 
10536 1902 922 2865 3099 
10537 1686 2077 1906 2738 
10538 765 2739 763 2891 
10539 1640 2444 2311 2927 
10540 183 184 182 1957 
10541 2190 2207 1685 3064 
10542 310 2218 313 2636 
10543 1871 2163 1581 2850 
10544 1799 2052 1935 3026 
10545 1847 3047 2075 3085 
10546 1621 2442 2755 3037 
10547 1791 2728 2032 2794 
10548 1841 1724 2278 2746 
10549 2050 2218 1628 2828 
10550 1629 1931 2612 2934 
10551 1847 2718 2113 3002 
10552 331 330 333 2428 
10553 492 563 2660 2736 
10554 1609 2769 2115 2778 
10555 1151 2868 691 2871 
10556 985 552 853 2147 
10557 2587 2799 2010 2817 
10558 1052 496 1077 2160 
10559 1026 1930 923 2997 
10560 1548 2052 2877 2959 
10561 1539 1942 1952 2996 
10562 433 823 505 2263 
10563 876 683 1135 2203 
10564 495 611 2520 2583 
10565 1664 2137 1799 2193 
10566 2344 2892 2057 3033 
10567 1634 2393 2430 3071 
10568 1854 2726 1123 2869 
10569 2318 2994 1796 3009 
10570 1883 2224 1588 2607 
10571 1604 2104 1891 2550 
10572 606 2249 517 2822 
10573 636 2526 880 2972 
10574 541 1012 540 1983 
10575 1596 2492 2507 2614 
10576 221 2933 220 2957 
10577 1592 1878 2322 2579 
10578 435 1802 746 2454 
10579 832 501 473 2548 
10580 1705 2276 2633 3054 
10581 348 2008 349 2874 
10582 1727 2483 1846 2953 
10583 2035 2410 290 2613 
10584 287 2017 285 2499 
10585 1608 2410 2063 2529 
10586 759 2272 758 2565 
10587 1548 2419 2093 3015 
10588 2030 2435 1863 2563 
10589 821 2263 820 2768 
10590 1721 2294 1888 2696 
10591 676 2555 1929 2719 
10592 1540 2483 2808 2954 
10593 717 1010 1075 2104 
10594 2024 2166 1737 2701 
10595 1596 2376 2101 2507 
10596 2007 1791 2794 3006 
10597 683 2203 537 2835 
10598 969 1025 2807 2865 
10599 261 259 2238 2837 
10600 1016 713 2543 2700 
10601 1765 2245 1883 2607 
10602 1615 2358 2093 2538 
10603 1833 2549 2780 2898 
10604 600 2038 828 3059 
10605 1661 2567 2753 2782 
10606 1892 2206 1619 2979 
10607 1559 2358 2092 2951 
10608 167 957 720 2680 
10609 1601 1970 2302 2936 
10610 914 2237 2420 2997 
10611 1756 2508 2136 2798 
10612 774 1106 882 1992 
10613 1584 1848 2597 2898 
10614 2189 2674 2136 3042 
10615 2011 2181 1762 2369 
10616 1620 2178 2423 2531 
10617 1605 2234 1963 2732 
10618 740 741 2250 2534 
10619 1147 3097 1841 3098 
10620 237 2185 2383 2855 
10621 1656 1951 1960 3088 
10622 2791 2889 2026 3023 
10623 1826 2208 2447 3082 
10624 1974 2206 2112 2510 
10625 1703 2283 2187 2886 
10626 1548 1935 2052 2959 
10627 1879 2407 1775 2989 
10628 1721 2197 1967 3027 
10629 1033 505 2263 2822 
10630 1592 2191 2368 2603 
10631 1834 1991 1586 2436 
10632 1819 2892 2288 2911 
10633 1589 2224 2333 2851 
10634 1732 2412 2305 2690 
10635 1823 2827 2308 2885 
10636 1737 2127 2771 2836 
10637 1787 2821 2661 2824 
10638 440 1965 456 2583 
10639 820 454 1989 2768 
10640 1752 2914 2122 2956 
10641 2290 2541 1764 2857 
10642 1617 1861 2406 2840 
10643 1784 2426 2791 3023 
10644 506 432 2182 2845 
10645 2049 2181 1643 2553 
10646 1834 2549 2261 2780 
10647 2181 2369 1833 2542 
10648 2269 1640 2786 2911 
10649 93 2221 921 2420 
10650 1598 2450 2122 2956 
10651 1832 2406 2131 3081 
10652 1637 1933 2215 2758 
10653 1656 1951 1950 1960 
10654 388 2555 440 2993 
10655 1706 2398 2213 2948 
10656 2199 2399 2097 2605 
10657 1895 2448 2700 3066 
10658 285 2499 2017 2624 
10659 1761 2147 2552 3021 
10660 1660 1816 1898 2277 
10661 2242 2964 1657 3034 
10662 1613 1926 2202 2562 
10663 1761 2733 2417 2994 
10664 1682 2487 2126 2522 
10665 1674 2261 2549 2780 
10666 2375 2829 2078 2975 
10667 2076 2213 1690 2712 
10668 1619 2061 2121 2979 
10669 1539 1885 2336 2408 
10670 922 969 901 1902 
10671 1636 2018 2360 2633 
10672 1606 2160 1995 2814 
10673 851 422 2246 2628 
10674 795 309 310 1970 
10675 1924 2582 238 3061 
10676 1162 2761 1021 2914 
10677 2242 2249 1989 2964 
10678 1585 2544 1971 3062 
10679 111 2490 1996 2707 
10680 1993 2226 1874 3028 
10681 1595 2625 2017 3059 
10682 1737 2166 2024 2459 
10683 2024 2166 1681 2459 
10684 1109 2154 400 2611 
10685 2220 2381 1779 2593 
10686 8 2013 1084 2237 
10687 1675 2191 1915 3091 
10688 1541 1833 2369 2542 
10689 1713 2364 2297 2384 
10690 1589 2095 2280 2648 
10691 1886 2352 2631 2655 
10692 1893 2192 1675 2670 
10693 1018 1911 893 2772 
10694 2031 1693 2198 2908 
10695 1655 1902 2342 2807 
10696 1867 3004 1579 3083 
10697 1595 1977 2038 3059 
10698 1694 2289 2058 2584 
10699 1804 2942 1942 2950 
10700 1894 2651 1666 3022 
10701 1809 2466 1897 2557 
10702 1774 2682 2178 2978 
10703 1603 2596 1913 2918 
10704 1608 2035 2410 2529 
10705 1645 2161 1945 3087 
10706 1774 2273 2682 2978 
10707 1602 2201 1942 2996 
10708 933 910 2126 2442 
10709 2093 2419 1747 3015 
10710 160 152 2221 2516 
10711 490 2205 2955 2971 
10712 789 2241 1075 2692 
10713 621 1000 2138 2631 
10714 1615 1935 2606 3026 
10715 1861 1617 2399 2840 
10716 1556 2635 2775 3068 
10717 1542 2255 2453 2647 
10718 1638 2375 1882 2829 
10719 873 520 975 2835 
10720 1855 2473 2410 2790 
10721 1808 2157 2467 3055 
10722 1838 2249 2595 3030 
10723 1681 2196 2024 2459 
10724 2061 2734 1822 2979 
10725 644 1831 647 2070 
10726 677 410 881 2304 
10727 1584 2027 2011 2899 
10728 596 2316 871 2845 
10729 1698 2659 2392 3035 
10730 684 694 482 2034 
10731 1994 2579 1680 2873 
10732 153 1986 1066 2767 
10733 569 2370 2012 3069 
10734 2689 2877 1857 2959 
10735 959 238 1011 1924 
10736 2468 2982 1893 3080 
10737 168 937 936 2783 
10738 1898 2277 2135 2572 
10739 710 1896 1080 2783 
10740 1872 1625 2690 2846 
10741 1933 2758 1674 2963 
10742 1559 2588 2213 2951 
10743 21 104 1154 2227 
10744 1696 2318 2401 2698 
10745 2210 2613 1855 2732 
10746 339 454 2299 2720 
10747 1026 2420 1930 2997 
10748 1574 1910 2589 3050 
10749 1911 2372 1839 2479 
10750 2054 2101 1778 2614 
10751 1596 1973 2471 2475 
10752 1132 730 1986 2688 
10753 1627 2054 2212 2885 
10754 1721 1967 2672 3027 
10755 340 1856 2200 3068 
10756 769 548 643 1933 
10757 1630 2031 2485 2716 
10758 846 416 480 2570 
10759 239 2296 240 2460 
10760 1674 2780 2549 2898 
10761 2286 2328 1692 2583 
10762 2671 2873 2008 2874 
10763 1810 2667 2097 2717 
10764 1833 2181 2011 2369 
10765 1637 2026 2889 3023 
10766 563 577 575 2660 
10767 1956 2317 1606 2814 
10768 1753 1962 2745 2934 
10769 1584 2027 2899 3028 
10770 1555 2391 2125 2747 
10771 1160 702 582 1899 
10772 2050 2717 2153 3017 
10773 1041 657 771 2488 
10774 1564 2449 1917 2644 
10775 152 147 2298 2881 
10776 740 2250 1968 2534 
10777 226 203 2283 2860 
10778 2155 2406 2150 3081 
10779 2317 2921 2527 2944 
10780 1713 1918 2297 2849 
10781 2344 2799 1634 2902 
10782 2234 2562 1562 2811 
10783 2139 2841 1662 2854 
10784 1770 1918 2360 2957 
10785 1087 2080 526 2823 
10786 1612 2245 1858 2607 
10787 1168 2096 145 2559 
10788 1767 2160 1905 2825 
10789 1813 2317 2455 2913 
10790 248 2236 2440 2912 
10791 1969 2561 2113 2904 
10792 2035 2529 1608 2682 
10793 1717 2143 2090 2456 
10794 693 2281 579 2342 
10795 900 2034 694 2991 
10796 2415 2895 2348 3051 
10797 2205 2304 490 2819 
10798 2317 2527 1998 2944 
10799 1547 1988 2314 2577 
10800 2016 2457 2303 2757 
10801 895 2063 293 2529 
10802 199 200 2185 2500 
10803 1560 2502 2297 2764 
10804 1559 2398 2588 2951 
10805 365 1905 366 3001 
10806 508 445 835 2248 
10807 1625 2081 1966 2846 
10808 1703 2185 2351 2518 
10809 812 302 305 2939 
10810 1548 2072 2022 2877 
10811 2251 2337 1668 2848 
10812 14 13 94 1914 
10813 1915 2192 1675 2468 
10814 1559 2213 2398 2948 
10815 1767 2340 2182 2621 
10816 967 2005 907 2498 
10817 1741 2199 2097 2605 
10818 2153 2531 1748 2867 
10819 1959 2685 1981 3031 
10820 2131 2155 1653 3081 
10821 1868 2194 1920 2568 
10822 1609 2167 2087 2486 
10823 2132 2509 2762 2910 
10824 2017 2625 775 3059 
10825 2040 2629 1937 2976 
10826 1771 2453 2640 3019 
10827 1686 2269 2077 2786 
10828 284 2035 290 2853 
10829 390 386 844 2340 
10830 626 1038 674 1969 
10831 1630 1865 2458 2893 
10832 812 888 302 2403 
10833 1864 2289 2075 2505 
10834 1607 2655 1915 3091 
10835 1019 1038 226 2283 
10836 825 986 2405 2452 
10837 1570 1880 2161 3018 
10838 2280 2593 1691 2884 
10839 1577 2895 2245 2924 
10840 2000 2521 1661 2632 
10841 1917 2371 1711 3064 
10842 614 2338 1815 2914 
10843 1817 2677 1910 2724 
10844 1697 1841 2278 2595 
10845 2146 2488 2203 2511 
10846 676 976 1929 2555 
10847 1669 1917 2402 3073 
10848 1880 2161 2076 2712 
10849 2329 2652 2053 2940 
10850 993 1146 643 2559 
10851 271 2232 286 2624 
10852 1552 1807 2385 2510 
10853 666 668 664 2797 
10854 1627 2599 1931 2935 
10855 377 398 378 2509 
10856 514 1997 266 2591 
10857 1641 2535 1998 3011 
10858 1840 1659 2397 2658 
10859 1697 2964 2242 3034 
10860 1160 1899 582 2972 
10861 477 558 557 2504 
10862 1583 2418 2406 2937 
10863 223 2100 383 2122 
10864 1850 2039 1736 3006 
10865 1612 2039 1850 3006 
10866 226 2860 1038 2965 
10867 1922 1932 2843 2915 
10868 1713 2297 2364 2849 
10869 1934 2503 1759 2975 
10870 1636 2195 1932 2879 
10871 1539 2422 1909 2585 
10872 2426 2762 2509 2910 
10873 1888 2324 1721 2696 
10874 1029 767 2210 2613 
10875 1642 2300 1803 2980 
10876 601 732 1156 2625 
10877 1675 2517 1838 3091 
10878 1664 2193 2079 3090 
10879 825 2452 2056 2933 
10880 1715 1897 2383 3067 
10881 1805 2511 2488 2530 
10882 1584 2424 2027 3028 
10883 1742 1893 2982 3080 
10884 1067 733 946 2719 
10885 1608 2053 1963 2999 
10886 410 2304 490 2971 
10887 1778 2376 1941 2507 
10888 1122 107 2190 2514 
10889 1755 2368 2191 2603 
10890 2040 2415 1788 2629 
10891 1899 1702 2765 2973 
10892 2230 2807 1025 2865 
10893 1753 2568 1939 2935 
10894 2098 2403 1751 2664 
10895 1962 1934 2638 2848 
10896 1544 2040 2804 2841 
10897 1626 1966 1908 2081 
10898 1594 2124 2810 3080 
10899 1587 2108 2091 2785 
10900 1570 1880 2186 2712 
10901 928 550 927 1894 
10902 2266 2547 1679 2862 
10903 2843 2857 1913 3033 
10904 580 1779 581 2832 
10905 681 1056 1013 2590 
10906 1837 2753 2567 2782 
10907 459 2243 847 2509 
10908 1712 2442 1914 2838 
10909 1621 2158 1816 2755 
10910 708 2700 2175 3066 
10911 1588 1858 2339 2607 
10912 1552 2679 1807 2851 
10913 285 2017 894 2624 
10914 1553 2892 2382 3071 
10915 1658 2435 2030 2563 
10916 189 2413 1994 2802 
10917 1747 2419 2076 3015 
10918 1983 2162 1785 2574 
10919 2254 2854 1801 2973 
10920 1559 2092 2358 2944 
10921 1558 1931 2599 2962 
10922 1807 2333 2224 2851 
10923 455 1965 440 2555 
10924 1002 696 1138 2990 
10925 1102 2660 1890 2736 
10926 2571 2632 1853 2705 
10927 1975 2065 1640 2433 
10928 179 945 185 2637 
10929 2125 2366 2201 2996 
10930 1919 2302 2168 2594 
10931 1588 1883 2607 3100 
10932 1616 2114 1888 2228 
10933 923 1930 2622 2901 
10934 1551 2435 2295 2706 
10935 604 811 952 2325 
10936 1011 1924 238 3061 
10937 478 2440 824 2480 
10938 1846 2335 2441 2953 
10939 1607 2042 2374 2826 
10940 189 3097 190 3098 
10941 1933 2287 2070 2714 
10942 2070 2287 1831 2714 
10943 1670 2021 2859 2998 
10944 2192 2603 2164 2982 
10945 261 320 379 2024 
10946 2049 2324 1888 2696 
10947 1726 2193 2137 2301 
10948 1566 2539 2116 2748 
10949 1818 2521 2142 2753 
10950 1917 1711 2371 3016 
10951 1856 2457 2200 3068 
10952 1926 1968 1802 2562 
10953 2118 2711 1826 2922 
10954 1938 2407 1741 2710 
10955 1699 2053 2652 2940 
10956 1944 2354 1652 2362 
10957 1641 2330 1944 2367 
10958 823 433 336 2263 
10959 793 2210 755 2852 
10960 2103 2294 1842 2310 
10961 1577 2895 2415 3051 
10962 1863 1658 2435 2505 
10963 1137 485 1021 2338 
10964 2093 1747 2419 3074 
10965 2190 2207 1677 2691 
10966 1093 2225 149 2438 
10967 2278 2504 1835 3005 
10968 1839 2548 2411 2974 
10969 1937 2329 1870 2629 
10970 1576 2770 2127 2771 
10971 1819 2416 2288 2547 
10972 358 1121 2373 2484 
10973 1178 2575 1740 2930 
10974 2097 2717 1751 2936 
10975 1768 2156 1726 2301 
10976 1539 1885 2408 2482 
10977 1628 2153 2085 2464 
10978 2197 1707 2880 3060 
10979 285 287 775 2017 
10980 2112 2357 1887 2928 
10981 1857 2877 2610 3010 
10982 828 917 417 1977 
10983 1660 2277 2172 2681 
10984 2201 2366 2125 2747 
10985 1637 2243 2215 2287 
10986 1984 2501 2200 2739 
10987 121 2129 119 2901 
10988 546 2028 632 2474 
10989 439 2774 2173 2969 
10990 418 771 982 2488 
10991 1798 2563 2030 2778 
10992 716 1010 2104 2561 
10993 2079 3046 1664 3090 
10994 1679 2266 2084 2750 
10995 1630 2458 2617 2893 
10996 2163 2365 1748 2423 
10997 2025 2443 1863 2987 
10998 2290 2343 1847 2524 
10999 2073 2374 1693 2604 
11000 943 826 2576 2620 
11001 1553 2344 2892 3071 
11002 2034 2991 2131 2992 
11003 1633 2329 1870 3092 
11004 1876 1639 2411 2419 
11005 1553 2382 2152 3071 
11006 772 903 1047 3089 
11007 542 372 834 2311 
11008 750 747 2102 2790 
11009 1846 2639 2174 2781 
11010 506 2182 1167 2864 
11011 1720 2465 2165 3002 
11012 1644 2488 2511 2530 
11013 1718 2179 1925 2965 
11014 1918 2536 216 2849 
11015 1148 928 953 2328 
11016 1664 2093 1943 2345 
11017 1982 2355 2398 2912 
11018 928 738 2286 2651 
11019 1908 2081 1907 2839 
11020 1542 2255 2684 3019 
11021 1714 2359 2208 2552 
11022 1990 681 2590 3049 
11023 1545 2164 2603 2982 
11024 1043 2721 1897 3067 
11025 787 605 2517 2822 
11026 898 2179 207 2860 
11027 516 2469 2340 2526 
11028 825 221 2452 2933 
11029 716 1010 717 2104 
11030 886 315 906 2636 
11031 1142 673 2275 2347 
11032 326 2417 2318 2994 
11033 1824 2606 2472 2958 
11034 2244 2595 441 3097 
11035 580 2381 1779 2832 
11036 1900 1650 2285 2674 
11037 1664 2193 1799 2345 
11038 1696 2594 2218 2636 
11039 1901 2441 2330 2953 
11040 1790 2503 2366 2681 
11041 406 437 2341 2454 
11042 1159 94 13 3102 
11043 1807 2385 2020 2687 
11044 1767 2621 2182 3011 
11045 1640 2786 2082 2927 
11046 2129 2901 121 2947 
11047 1959 2017 1595 2625 
11048 1600 2397 2013 2916 
11049 1847 2343 2290 3085 
11050 2453 2647 2333 2989 
11051 103 1114 2227 2578 
11052 2057 2799 2344 2902 
11053 99 20 21 2743 
11054 1569 2426 2791 2910 
11055 1776 2485 1903 2945 
11056 1649 2374 2073 2604 
11057 1895 2700 2448 2940 
11058 456 1965 455 2719 
11059 303 305 302 2664 
11060 1724 2504 2130 2546 
11061 2288 2416 2186 2547 
11062 1739 2739 2200 2891 
11063 1733 2237 2420 2749 
11064 1656 1960 1950 2494 
11065 1624 2336 2432 2803 
11066 1644 1847 2530 3085 
11067 1553 2152 2344 3071 
11068 639 1843 638 3078 
11069 517 394 2244 2595 
11070 773 1084 903 2013 
11071 1668 1859 2264 2637 
11072 1577 2348 2895 3051 
11073 1555 2036 2259 2313 
11074 963 1059 678 2695 
11075 568 2517 1111 2631 
11076 735 1831 646 2653 
11077 904 1073 2410 2790 
11078 1768 2111 1573 2156 
11079 432 1167 506 2182 
11080 1784 2509 2477 2910 
11081 1932 2360 1770 2502 
11082 2019 2462 452 3012 
11083 1892 2121 1642 2979 
11084 1705 2541 2290 2857 
11085 1736 2007 2794 3006 
11086 1642 1803 2649 2980 
11087 512 1957 184 2528 
11088 659 744 1065 1910 
11089 242 239 240 2460 
11090 696 1002 2984 2990 
11091 1852 1666 2697 3032 
11092 784 1979 790 2788 
11093 551 2200 960 2806 
11094 1628 2085 2153 3017 
11095 755 2210 767 2646 
11096 543 2270 2367 3001 
11097 1764 2541 2290 3047 
11098 1888 2103 2294 2754 
11099 866 865 1018 2772 
11100 1601 2377 1970 2936 
11101 1766 2461 2439 2584 
11102 1829 2306 1578 2793 
11103 248 2236 247 2440 
11104 1864 2505 2075 2506 
11105 1949 2149 2449 3016 
11106 2430 2492 1792 2799 
11107 680 1044 686 2832 
11108 244 814 399 1945 
11109 1768 1573 2231 2715 
11110 531 2260 499 2326 
11111 1747 2409 2093 2713 
11112 1807 2510 1988 2577 
11113 2171 2493 2061 2734 
11114 2094 2255 1622 2447 
11115 775 968 2017 3059 
11116 1616 2114 2222 2252 
11117 1736 2285 2674 2794 
11118 1664 1999 2193 3090 
11119 1961 1962 1629 2638 
11120 859 1125 1037 2284 
11121 1853 2571 2642 2775 
11122 632 2028 2364 2474 
11123 794 503 585 2548 
11124 514 2560 1997 2591 
11125 1557 1863 2289 2563 
11126 1541 2145 2081 2844 
11127 1692 1965 2306 2583 
11128 1648 2457 2501 2812 
11129 1815 2338 1877 2914 
11130 1760 2799 2587 3071 
11131 2065 2416 2269 3018 
11132 1593 2229 1972 2615 
11133 372 2311 2444 2927 
11134 788 1991 463 2900 
11135 1549 2859 2467 3055 
11136 1824 1935 2472 2606 
11137 1540 1818 2000 2521 
11138 2075 2675 2506 3047 
11139 2006 2725 1922 2766 
11140 1049 93 921 2420 
11141 1128 2341 437 2969 
11142 1631 2293 1854 2418 
11143 1905 2609 2355 3001 
11144 1915 2603 2192 2982 
11145 1043 219 727 1897 
11146 2380 2973 2744 3057 
11147 1725 2399 1861 2937 
11148 1709 2227 2216 2691 
11149 1571 2037 2448 3092 
11150 1553 2195 1971 2623 
11151 1667 2351 2185 2518 
11152 196 990 997 3024 
11153 1557 2289 1863 2769 
11154 2230 2528 701 2807 
11155 1842 2310 2294 3076 
11156 568 2064 2517 2631 
11157 1627 2101 2054 2885 
11158 1894 2286 1666 2651 
11159 1588 2607 1850 2703 
11160 1635 2415 2040 2629 
11161 925 1142 2347 2983 
11162 1559 2398 2213 2588 
11163 2039 2271 2007 3006 
11164 1746 2066 2068 2856 
11165 2007 2271 1791 3006 
11166 2133 2632 1578 2793 
11167 2066 2130 1746 2789 
11168 672 2051 966 2626 
11169 917 1977 828 2701 
11170 1088 2069 585 2773 
11171 1971 2195 1636 2532 
11172 227 2267 224 2933 
11173 1979 2334 25 2697 
11174 1918 2452 1770 2502 
11175 1683 2452 1918 2502 
11176 526 2080 1087 2734 
11177 1648 2303 2016 2457 
11178 1760 2587 2382 3071 
11179 1675 2517 2138 2671 
11180 27 989 790 2788 
11181 2472 2958 2606 3026 
11182 1865 2563 1798 2842 
11183 508 509 2248 2726 
11184 1901 2330 2523 2527 
11185 2119 2815 2787 2945 
11186 2238 2355 1982 2912 
11187 1550 2629 1937 2798 
11188 1918 2452 875 2957 
11189 619 1131 1968 2830 
11190 1710 2082 2433 3043 
11191 2093 2409 1747 3074 
11192 1963 2674 2285 2794 
11193 1700 2204 2059 2585 
11194 2337 2558 1668 2848 
11195 189 1994 3097 3098 
11196 2078 2337 1759 2975 
11197 1576 1877 2770 2974 
11198 1015 713 628 3066 
11199 1635 2629 2040 2976 
11200 992 1148 2328 2560 
11201 337 935 344 1981 
11202 2188 2758 1848 2898 
11203 2439 2584 2461 2769 
11204 109 91 110 2490 
11205 2014 2283 1703 2721 
11206 1669 2436 2324 2680 
11207 2160 2609 1995 2814 
11208 584 675 2205 2557 
11209 1793 2597 1848 2758 
11210 559 2476 856 2545 
11211 1552 1816 2277 2679 
11212 166 143 2680 2900 
11213 231 1972 228 2620 
11214 1657 2242 3034 3063 
11215 721 2425 612 2578 
11216 704 591 794 2069 
11217 1729 2820 1894 2833 
11218 1929 2106 1729 2980 
11219 1576 2770 1867 2954 
11220 2009 2554 1562 2897 
11221 1591 1833 1949 2149 
11222 1595 1846 2400 2537 
11223 1628 2594 1919 2995 
11224 1766 2769 2115 2872 
11225 2145 2556 1777 2779 
11226 1542 2581 2255 2647 
11227 1609 2115 2769 2872 
11228 1970 2401 1983 2698 
11229 458 2476 476 2628 
11230 2298 2622 1930 2894 
11231 1557 1863 2563 2769 
11232 483 1959 1003 2625 
11233 1736 1963 2285 2794 
11234 1695 2829 2298 2881 
11235 595 2056 825 2405 
11236 1990 2590 2828 2995 
11237 1547 2331 2039 2642 
11238 1888 2294 2103 2310 
11239 1630 2485 1865 2893 
11240 1934 2396 2291 3075 
11241 1754 2456 2143 2896 
11242 1155 2700 301 2792 
11243 1718 2561 1969 2965 
11244 1712 2375 2221 2928 
11245 2051 2626 672 2955 
11246 886 2087 315 2636 
11247 2409 2713 1747 3074 
11248 2434 2445 706 2963 
11249 801 800 1984 2501 
11250 2072 1843 2450 3065 
11251 1956 2712 2213 2816 
11252 2052 2690 1872 2693 
11253 1773 2799 2587 2817 
11254 387 440 929 2993 
11255 430 2002 510 2678 
11256 1837 2336 1885 2408 
11257 755 2210 2646 2852 
11258 2010 1792 2492 2799 
11259 1666 2292 2177 3022 
11260 180 185 186 2055 
11261 523 537 2033 2723 
11262 1581 1912 2380 2744 
11263 1580 2608 2813 2890 
11264 1118 2045 186 2802 
11265 1851 2797 2060 2988 
11266 1676 2476 2130 2545 
11267 1175 675 776 2557 
11268 2079 2521 1829 2567 
11269 1731 2771 1860 2990 
11270 1559 2196 2398 2951 
11271 1865 2563 2458 2617 
11272 1620 2159 2570 2949 
11273 975 520 870 2364 
11274 1893 2468 2192 2982 
11275 96 2514 1716 2743 
11276 262 320 2024 2701 
11277 817 964 263 2354 
11278 1558 2346 1931 2612 
11279 752 2410 1073 2790 
11280 1950 1951 1656 2494 
11281 2045 2055 186 2802 
11282 1765 1883 2245 2753 
11283 2100 2156 1598 2926 
11284 943 826 583 2576 
11285 890 277 504 2792 
11286 1678 2295 1913 2766 
11287 2068 2745 1599 2856 
11288 538 523 537 2033 
11289 2201 2747 2125 2996 
11290 2480 2576 1719 2620 
11291 1650 2108 2710 3048 
11292 1669 2449 1917 3073 
11293 1588 2339 1909 3100 
11294 1688 2899 2011 3000 
11295 1119 1716 735 2653 
11296 609 1987 611 2583 
11297 849 434 2147 2704 
11298 1770 2879 2267 2946 
11299 1056 2590 316 2828 
11300 154 921 152 2298 
11301 766 2272 1131 2830 
11302 1990 2085 1698 2995 
11303 801 1984 800 2739 
11304 1908 2573 1808 2777 
11305 1588 2224 1807 2279 
11306 1962 1599 2745 2934 
11307 1864 2506 2075 2675 
11308 2340 2469 2182 2621 
11309 1616 2114 2252 2553 
11310 1544 2084 2139 2804 
11311 221 2452 2933 2957 
11312 1594 2552 2124 2878 
11313 2308 2902 1792 3007 
11314 1952 2204 1700 2585 
11315 727 1897 2557 3067 
11316 2661 2824 1951 2871 
11317 1576 2409 1877 2411 
11318 754 2102 950 2534 
11319 1744 2553 2114 2967 
11320 1564 2310 2449 2777 
11321 1677 2598 2190 2743 
11322 1021 2761 2338 2914 
11323 2361 2415 1884 3051 
11324 500 381 473 2676 
11325 1578 2632 1829 2793 
11326 661 852 955 2752 
11327 1025 969 922 2865 
11328 414 416 426 2109 
11329 192 2134 341 2528 
11330 2008 1675 2669 2670 
11331 1767 1905 2270 2825 
11332 568 469 505 2064 
11333 760 2513 1916 2891 
11334 1688 2027 2899 3000 
11335 1805 2488 1925 2530 
11336 763 2282 2513 2739 
11337 1608 1963 2732 2999 
11338 1808 2467 2157 2998 
11339 1674 2434 1890 2549 
11340 1661 2632 1829 2970 
11341 624 715 623 2864 
11342 1943 2093 1664 2409 
11343 1605 2210 1916 2938 
11344 434 552 849 2147 
11345 260 256 817 2354 
11346 746 950 747 2564 
11347 907 850 413 2887 
11348 1585 2018 2343 3062 
11349 1567 2447 2094 2922 
11350 2127 2335 1595 2483 
11351 240 2296 599 2480 
11352 1674 2758 2188 2898 
11353 1624 1892 2314 2525 
11354 2200 2952 1978 3068 
11355 401 2417 326 2994 
11356 1637 2188 1948 2714 
11357 227 1972 231 2738 
11358 366 385 2270 2825 
11359 237 198 2185 2855 
11360 518 829 682 2643 
11361 371 2082 370 2927 
11362 1763 2389 2082 3043 
11363 1558 1931 2346 2599 
11364 2062 2448 2429 3092 
11365 1544 2862 2084 2876 
11366 1867 2409 1877 2770 
11367 150 140 930 2402 
11368 2135 2277 1985 2572 
11369 1865 2617 2458 2893 
11370 1546 2228 2114 2566 
11371 1661 1829 2521 2970 
11372 1883 2020 2577 2782 
11373 1542 2684 2199 3019 
11374 896 2238 981 2837 
11375 820 454 821 1989 
11376 351 2626 2077 2927 
11377 1863 2987 2439 3038 
11378 734 926 634 2831 
11379 2085 2995 1990 3017 
11380 1550 1937 2329 2798 
11381 1738 2212 1920 2599 
11382 1808 2859 2467 2998 
11383 894 285 775 2017 
11384 1899 2340 2160 2765 
11385 1580 1947 2079 2567 
11386 2000 2303 1689 2757 
11387 551 2806 343 3068 
11388 850 907 967 2005 
11389 440 456 495 2583 
11390 280 279 277 2662 
11391 2132 2433 1710 2444 
11392 1683 2380 2006 2630 
11393 1846 2441 2400 2781 
11394 2221 2375 1712 2516 
11395 1724 1878 2686 2745 
11396 500 502 608 2479 
11397 1704 1872 2412 2796 
11398 1849 2491 1754 2896 
11399 686 2001 728 2823 
11400 1656 1914 2421 2755 
11401 1739 1978 2200 2952 
11402 1636 1932 2360 2879 
11403 379 261 2024 2837 
11404 1884 2876 2361 3051 
11405 1721 1888 2294 2754 
11406 1616 2257 2120 2324 
11407 1942 2492 1700 2507 
11408 1761 2073 2776 3021 
11409 1634 2393 2144 2430 
11410 1713 2184 2511 2925 
11411 117 2140 158 2378 
11412 1628 2995 2085 3017 
11413 1547 1883 2314 2705 
11414 1550 1870 2629 2728 
11415 526 686 687 2823 
11416 902 2173 439 2774 
11417 1017 945 164 2003 
11418 1621 2164 1893 2673 
11419 291 2035 1007 2498 
11420 1609 2167 2486 2872 
11421 1947 2521 2079 2567 
11422 1737 2038 2387 2771 
11423 1920 2194 1582 2465 
11424 1653 2155 2150 3081 
11425 441 587 1147 2595 
11426 1679 2862 2247 2918 
11427 1778 2945 2396 3086 
11428 1627 1868 2569 2885 
11429 152 148 147 2881 
11430 573 2526 954 3057 
11431 1898 2291 1776 3096 
11432 1950 1960 1951 3088 
11433 1816 1561 2135 2494 
11434 111 114 1996 2490 
11435 632 546 603 2028 
11436 1981 2133 1578 2793 
11437 2303 2635 1689 2757 
11438 1842 2294 1611 2702 
11439 1962 2558 1934 2848 
11440 2247 2288 1760 3044 
11441 1637 1948 2188 2889 
11442 269 2624 2818 3072 
11443 1586 2549 2011 3084 
11444 1095 2200 1107 2739 
11445 1823 2569 1940 2967 
11446 2213 2398 1706 2816 
11447 1921 2218 1628 2594 
11448 187 2413 1170 2802 
11449 1877 1752 2770 2974 
11450 1729 2560 1894 2820 
11451 328 2240 329 2428 
11452 979 2520 2074 2984 
11453 1899 2526 1702 2973 
11454 2000 2619 1853 2632 
11455 1619 2171 2001 2220 
11456 1628 2717 2050 3017 
11457 904 293 2063 2410 
11458 197 199 2185 2582 
11459 430 462 510 2002 
11460 1584 2023 2597 2960 
11461 794 585 2069 2548 
11462 1972 2620 231 2738 
11463 615 2248 2533 2726 
11464 340 343 2451 3068 
11465 993 1933 644 2070 
11466 1754 2491 1849 2596 
11467 2341 2381 2131 2991 
11468 1803 2314 2116 2705 
11469 1846 2400 2303 2781 
11470 1859 2650 2264 2831 
11471 1959 2176 1003 2625 
11472 637 1843 639 2110 
11473 1024 2023 712 2645 
11474 2125 2336 1670 2803 
11475 2084 2750 2596 2918 
11476 1613 2331 2320 2642 
11477 1863 2030 2563 2778 
11478 1564 2644 1917 3073 
11479 1698 2987 2443 3035 
11480 1625 2690 2052 2693 
11481 1628 1990 2995 3017 
11482 1844 2474 2002 3013 
11483 1561 2158 1816 2711 
11484 1752 2411 2548 2974 
11485 1953 2553 1744 2616 
11486 2236 1982 2816 2912 
11487 1572 2523 2441 2861 
11488 1915 2810 2374 2908 
11489 2130 2504 1724 2746 
11490 1590 2289 2075 3038 
11491 1861 2406 2418 2937 
11492 2426 2889 2791 3023 
11493 2396 2656 2291 3075 
11494 1542 2840 1861 3019 
11495 2430 2799 1773 2817 
11496 2116 2705 2314 2782 
11497 1838 2595 2244 3030 
11498 1159 2414 94 3102 
11499 1928 1749 2564 2875 
11500 1579 3046 1867 3083 
11501 1576 2770 2836 2974 
11502 2076 2213 1614 2588 
11503 594 716 717 3095 
11504 825 221 408 2452 
11505 958 2278 587 2746 
11506 1548 2877 1880 2959 
11507 18 253 17 2048 
11508 2513 2739 1739 2891 
11509 967 2543 2498 2737 
11510 146 2096 2070 2438 
11511 1852 1666 2307 2697 
11512 1914 2414 1656 2421 
11513 494 2268 541 2574 
11514 2035 2498 291 2529 
11515 2305 2412 1872 2690 
11516 1599 2322 2044 2856 
11517 585 1088 794 2069 
11518 140 150 138 1967 
11519 704 2069 2773 3078 
11520 1170 2413 187 2722 
11521 1916 1728 2919 2938 
11522 121 119 2129 2947 
11523 310 313 314 2636 
11524 458 457 535 2628 
11525 1581 2365 1936 2850 
11526 1572 2495 2441 2781 
11527 1636 2879 2211 2946 
11528 27 1153 989 2395 
11529 1890 2512 2736 3084 
11530 242 809 239 2460 
11531 1669 2049 2449 2696 
11532 1047 513 2275 3089 
11533 676 976 1067 1929 
11534 2077 1640 2311 2927 
11535 253 2048 927 2591 
11536 1949 1966 1626 2844 
11537 2002 2474 1844 3079 
11538 1678 2725 2006 2766 
11539 2084 2266 1679 2862 
11540 1681 1982 2238 2398 
11541 747 749 748 2790 
11542 1831 2580 1948 2714 
11543 1757 2408 2142 2608 
11544 1571 2254 1954 2515 
11545 1720 2561 2104 2904 
11546 1793 2509 2426 2762 
11547 1723 2264 2650 2831 
11548 157 1882 152 2516 
11549 665 1851 2634 2988 
11550 1994 2873 2413 2930 
11551 718 637 796 2326 
11552 1948 1966 1573 2800 
11553 362 364 363 2931 
11554 1699 2543 2088 2737 
11555 1934 2291 2503 2740 
11556 348 2671 2008 2874 
11557 1666 2496 2021 3032 
11558 2290 2343 1644 3085 
11559 731 977 532 1830 
11560 759 760 757 1916 
11561 1807 2279 2224 2333 
11562 1658 1863 2435 2563 
11563 1793 2132 2509 2762 
11564 466 465 2004 2751 
11565 1697 1841 2595 3030 
11566 1902 2708 2512 3084 
11567 1001 2390 129 3060 
11568 1978 2806 2200 3068 
11569 115 155 117 2140 
11570 506 2182 2864 3066 
11571 491 579 562 2736 
11572 1559 1998 2527 2944 
11573 1639 1876 2411 2450 
11574 1972 2267 1686 2738 
11575 1066 1986 2637 2923 
11576 405 2341 739 2991 
11577 1800 2987 2643 3035 
11578 2015 2078 1638 2618 
11579 1934 2558 1962 3075 
11580 1811 2655 2374 2826 
11581 559 477 856 2476 
11582 560 607 2323 2545 
11583 1860 2836 2770 2974 
11584 1563 2717 2667 2867 
11585 1675 2008 2517 2671 
11586 1545 1903 2291 3096 
11587 711 2209 1046 2570 
11588 1803 2632 2571 2705 
11589 1066 1986 730 2637 
11590 1976 2533 1750 2824 
11591 1176 2590 682 2643 
11592 1972 2056 2615 2933 
11593 1762 2369 2181 2779 
11594 1883 2577 2314 2782 
11595 2201 2366 1759 2503 
11596 1587 2143 2785 2896 
11597 2241 2663 566 3095 
11598 834 2311 372 2927 
11599 974 2480 943 2576 
11600 2033 2284 1800 3038 
11601 1714 2359 2124 2821 
11602 1786 2400 2441 2495 
11603 588 576 2106 2983 
11604 1132 1066 153 1986 
11605 1886 2468 1893 3080 
11606 640 2625 2038 3059 
11607 339 2299 367 2720 
11608 1788 2361 2091 2924 
11609 965 2309 2050 3020 
11610 2059 2204 1565 2456 
11611 1802 2250 1653 2454 
11612 2003 2688 936 2881 
11613 194 193 195 2353 
11614 831 2676 1860 2761 
11615 1640 2082 2389 3043 
11616 1588 1858 2607 2703 
11617 262 320 261 2024 
11618 1949 1966 1948 2371 
11619 1869 2343 2018 3062 
11620 1902 2512 2004 3084 
11621 1546 2566 2114 2709 
11622 1644 2488 2146 2511 
11623 2171 2220 1691 2931 
11624 2327 1725 2418 2937 
11625 1694 2284 2033 3038 
11626 605 394 1140 2244 
11627 199 2500 2185 2582 
11628 240 599 824 2480 
11629 856 458 535 2476 
11630 251 797 2609 2912 
11631 1874 2304 1646 2819 
11632 1925 2488 1805 3095 
11633 1861 2418 1725 2937 
11634 1722 2613 2732 2999 
11635 1623 2277 2172 2572 
11636 435 2250 1802 2454 
11637 1615 2046 2348 2608 
11638 1940 2569 1939 2967 
11639 932 98 2221 2357 
11640 1742 2158 2124 2711 
11641 1561 2124 2158 2711 
11642 2332 2587 1773 2796 
11643 1595 2017 1959 2756 
11644 1560 2766 1913 2857 
11645 592 626 674 1969 
11646 2042 1693 2374 2604 
11647 525 487 524 2734 
11648 677 490 410 2304 
11649 1872 2587 2332 2796 
11650 288 289 2499 3031 
11651 1849 2361 2091 3036 
11652 1635 2921 2527 2976 
11653 245 317 814 2236 
11654 1871 2386 1665 2850 
11655 1844 2386 1871 2850 
11656 1980 2233 1645 2610 
11657 310 312 2218 2742 
11658 1753 1939 2068 2566 
11659 309 2742 1970 2939 
11660 1989 1657 2299 2720 
11661 1560 2633 2184 2857 
11662 310 309 306 2742 
11663 2054 1738 2675 2986 
11664 1688 1902 2342 2708 
11665 1980 2326 1769 2906 
11666 1564 2294 2310 3076 
11667 2066 2745 2068 2856 
11668 2371 2714 2070 2800 
11669 1860 2771 2387 2990 
11670 558 560 561 2130 
11671 540 1012 970 1983 
11672 1590 2075 2289 2505 
11673 203 205 2014 2860 
11674 1965 2694 2555 2719 
11675 2374 2826 1649 3021 
11676 1877 2411 1752 2974 
11677 2262 1747 2713 3074 
11678 1798 2592 1865 2842 
11679 1700 1952 2787 2815 
11680 1184 18 2048 2683 
11681 1689 2756 1959 2812 
11682 1616 2252 2117 2553 
11683 2201 2366 1673 2996 
11684 1883 2619 2245 2753 
11685 2472 2606 1935 3026 
11686 1734 1845 2390 2947 
11687 1960 1589 2220 2593 
11688 1732 2586 1948 2889 
11689 1658 2506 1864 2617 
11690 2028 2364 2297 2849 
11691 2254 1801 2455 2973 
11692 1933 1637 2287 2714 
11693 1564 1917 2449 3073 
11694 2189 2794 2728 3006 
11695 1627 1868 2568 2569 
11696 281 2662 282 2853 
11697 1931 2716 2346 3086 
11698 1595 2038 2625 3059 
11699 894 2624 2017 2818 
11700 2177 2404 1735 2966 
11701 2358 2538 2092 2951 
11702 1099 2286 533 2583 
11703 1597 2291 1934 2396 
11704 953 1099 533 2583 
11705 1709 2307 2496 2961 
11706 1731 2127 1867 2770 
11707 2338 2761 1752 2914 
11708 166 145 143 2900 
11709 2023 2645 1710 2960 
11710 1686 2267 1972 2615 
11711 601 1156 2176 2625 
11712 1170 2413 189 2802 
11713 512 679 182 1957 
11714 1701 1985 2135 2277 
11715 801 800 1086 2739 
11716 1987 2578 2425 2883 
11717 1024 1091 712 2023 
11718 1982 2398 1681 2588 
11719 1727 2335 2483 2953 
11720 1846 2639 2483 2808 
11721 1818 2619 2521 2753 
11722 1829 2970 2306 3083 
11723 2218 2302 1628 2594 
11724 2402 3045 1669 3073 
11725 397 486 360 2061 
11726 2196 2330 1652 2953 
11727 370 2927 2082 2971 
11728 424 458 476 2628 
11729 1779 2381 2220 2832 
11730 1599 2045 2044 2802 
11731 209 210 208 2600 
11732 782 2008 349 2517 
11733 556 573 2209 2469 
11734 194 341 192 2134 
11735 1892 2916 1822 2979 
11736 854 2130 561 2551 
11737 2170 2576 1899 2972 
11738 904 2410 2063 2790 
11739 1649 2042 2374 2604 
11740 1630 2617 1866 2893 
11741 1599 1878 2322 2745 
11742 1936 2365 2163 2850 
11743 897 312 2742 2828 
11744 759 760 1916 2891 
11745 428 2386 430 2678 
11746 111 114 978 1996 
11747 388 455 440 2555 
11748 875 988 971 3053 
11749 518 2392 2643 3049 
11750 1827 2316 2270 3011 
11751 1951 2494 1950 2661 
11752 1877 2409 1876 2411 
11753 1707 2197 2086 3060 
11754 683 565 537 2203 
11755 1688 2342 2431 2708 
11756 2270 2316 1827 2845 
11757 1068 2551 2044 2746 
11758 789 1075 369 2692 
11759 1627 2212 2054 2599 
11760 129 128 124 2390 
11761 2049 2181 2149 2542 
11762 750 749 747 2790 
11763 96 106 2514 2743 
11764 438 437 436 2969 
11765 126 2622 2274 2901 
11766 1576 1877 2409 2770 
11767 784 26 790 1979 
11768 2439 2461 1766 2769 
11769 1552 1807 2510 2851 
11770 2462 2882 1100 3012 
11771 1675 2670 2008 2671 
11772 925 266 534 1997 
11773 1641 2429 2062 3011 
11774 1827 2270 2845 3011 
11775 340 551 343 3068 
11776 1944 2330 2523 2861 
11777 1017 2003 937 2722 
11778 1588 2607 2339 3100 
11779 603 2379 2028 3079 
11780 1804 2253 2585 3041 
11781 1823 2308 2101 2885 
11782 1594 2878 2124 3080 
11783 603 2028 546 3079 
11784 1914 2442 90 3102 
11785 1555 2078 2015 2618 
11786 2078 2894 2235 2917 
11787 1894 2328 1729 2833 
11788 1840 2525 2432 2803 
11789 1588 2020 1883 3100 
11790 1586 1953 2117 2708 
11791 1841 1994 2322 3098 
11792 1651 2094 2090 2592 
11793 1887 2357 1684 2666 
11794 1999 1664 3046 3090 
11795 1792 2902 2057 3007 
11796 1738 2054 2212 2599 
11797 837 2077 351 2626 
11798 1573 1966 2715 2800 
11799 229 825 595 2056 
11800 1691 2331 2280 2884 
11801 1676 2130 2066 2789 
11802 1676 2545 2130 2789 
11803 2086 2390 1734 2702 
11804 90 1914 910 2442 
11805 1759 2251 2103 2848 
11806 1546 1961 1962 2709 
11807 1947 2142 1818 2521 
11808 2458 2657 1862 2986 
11809 2144 2393 1634 2427 
11810 2130 1724 2551 2746 
11811 155 2140 115 2788 
11812 1558 2612 1878 2686 
11813 1816 2494 1701 2679 
11814 1688 2342 1902 2512 
11815 492 563 575 2660 
11816 1707 2390 2086 2702 
11817 1683 2380 2405 2801 
11818 1806 2405 2380 2801 
11819 1768 2137 1876 2301 
11820 689 710 163 2575 
11821 1783 1923 2363 2861 
11822 972 2270 871 2316 
11823 601 2038 2176 2990 
11824 1779 2220 2593 3088 
11825 1624 2577 2020 2782 
11826 1960 2593 2220 3088 
11827 1883 2020 1765 3100 
11828 1675 2138 2670 2671 
11829 886 324 2087 2486 
11830 1618 2233 1980 2610 
11831 2125 1673 2366 2996 
11832 1619 2001 2169 2220 
11833 1650 2703 2095 3070 
11834 1172 630 1053 2824 
11835 1919 1609 2443 2594 
11836 2131 2381 1653 2593 
11837 1594 1915 2374 2655 
11838 534 925 1997 2983 
11839 1849 2804 2084 2977 
11840 2010 2247 1760 3044 
11841 2129 2901 1930 2997 
11842 371 881 410 2082 
11843 2649 2694 2041 2833 
11844 1618 2111 2026 3010 
11845 1033 505 823 2263 
11846 2027 1993 2899 3028 
11847 1905 2367 2270 3001 
11848 1615 2093 2358 3015 
11849 701 1025 2230 2807 
11850 2247 2862 2288 3044 
11851 1008 2611 2051 2955 
11852 2245 2619 1818 2753 
11853 571 246 399 2388 
11854 250 1982 866 2912 
11855 2108 1650 2703 3048 
11856 1727 2459 2196 2713 
11857 1730 2299 1989 2478 
11858 1663 1984 2282 2981 
11859 1640 1975 2389 2911 
11860 1658 2148 2295 2968 
11861 1731 2074 2338 2905 
11862 517 2249 1004 2595 
11863 955 658 954 2752 
11864 975 1040 874 2364 
11865 1591 2070 2371 2714 
11866 1560 2633 2360 2764 
11867 1075 367 369 1891 
11868 1657 2550 2165 2657 
11869 1666 2805 1979 3032 
11870 2626 2786 2077 2927 
11871 632 603 988 2028 
11872 1807 1988 2510 2851 
11873 138 1967 150 2880 
11874 334 330 1169 2428 
11875 296 907 299 2519 
11876 893 2372 527 3025 
11877 1798 2769 2563 2778 
11878 1145 2378 132 2880 
11879 1981 2451 1856 3031 
11880 2293 2359 1750 2661 
11881 1700 2787 2119 2815 
11882 1611 2103 2251 2754 
11883 1841 3097 1994 3098 
11884 359 362 361 2493 
11885 206 204 2014 2466 
11886 1179 576 992 2560 
11887 460 629 1110 2477 
11888 1586 2011 2708 3084 
11889 1850 2095 2703 3070 
11890 1547 2642 1853 2705 
11891 2003 2337 1695 2829 
11892 1850 1588 2224 2607 
11893 1701 1985 2277 2333 
11894 200 237 2185 2383 
11895 1653 2341 2131 3081 
11896 2131 2341 1832 3081 
11897 2392 2723 2643 3035 
11898 1063 2514 106 2743 
11899 2081 2844 2145 3052 
11900 2069 2548 585 2773 
11901 1642 2347 2061 2484 
11902 871 2316 2270 2845 
11903 1564 2644 2157 2777 
11904 310 306 312 2742 
11905 1769 2388 2315 3087 
11906 2315 2388 1945 3087 
11907 1938 2667 2067 2710 
11908 2157 2644 1808 2777 
11909 2286 2735 2583 2961 
11910 2534 2646 1728 2852 
11911 653 1100 2462 2882 
11912 708 2175 590 3066 
11913 2195 2786 2389 2911 
11914 1070 2634 541 2920 
11915 699 2278 555 3005 
11916 1629 1934 2396 2638 
11917 1905 2355 1706 2948 
11918 1851 2634 2399 3029 
11919 2349 2952 2007 3039 
11920 1579 2306 2404 3083 
11921 1831 2580 2287 2653 
11922 1980 2260 1618 2326 
11923 1926 2250 1691 2593 
11924 2050 1772 2602 2664 
11925 2236 2816 2440 2912 
11926 220 2211 217 2957 
11927 1598 2156 1768 2301 
11928 1725 2399 2634 3029 
11929 765 1095 1107 2739 
11930 1878 2368 1592 2470 
11931 1544 2266 2084 2862 
11932 124 924 130 2086 
11933 2125 2391 1602 2747 
11934 1856 307 2501 3031 
11935 1579 2425 2074 2905 
11936 1642 2300 2106 2484 
11937 290 2613 283 2853 
11938 1144 2434 706 2963 
11939 1982 2236 1614 2772 
11940 1721 2120 2754 3101 
11941 203 2014 204 2721 
11942 1917 2438 1711 3016 
11943 690 2138 1000 2631 
11944 2122 2319 383 3078 
11945 371 370 2082 2971 
11946 666 2060 1028 2797 
11947 344 1981 2685 3031 
11948 1872 2587 2472 2693 
11949 1130 1029 767 2210 
11950 2023 2645 1874 2660 
11951 938 1896 710 2930 
11952 149 2402 144 2438 
11953 1617 2150 2406 3081 
11954 1119 1716 96 2514 
11955 221 408 2452 2957 
11956 735 736 1831 2514 
11957 2016 2757 2303 2781 
11958 988 632 2028 2849 
11959 2286 2583 1692 2961 
11960 1751 2742 2664 2939 
11961 2124 2359 1561 2821 
11962 573 954 658 2209 
11963 97 784 115 2334 
11964 2728 2794 1791 3006 
11965 1618 2610 2072 3010 
11966 2141 2234 1728 2562 
11967 857 539 538 2663 
11968 1670 2859 2391 2998 
11969 1613 2202 2141 2562 
11970 1924 2500 238 2582 
11971 1773 2471 2430 2817 
11972 2016 1708 2757 2781 
11973 1937 2329 2037 3092 
11974 580 1779 2381 2991 
11975 1848 2758 2597 2898 
11976 1008 672 2611 2955 
11977 2266 2547 1813 2915 
11978 1908 1907 2193 2839 
11979 1697 2595 2278 3005 
11980 1749 2473 2063 3077 
11981 612 1987 999 2735 
11982 1132 730 1066 1986 
11983 1627 1920 2212 2599 
11984 2061 2347 1642 2979 
11985 2003 2829 1695 2881 
11986 1810 1938 2667 2867 
11987 1914 1712 2838 3102 
11988 1576 2770 2771 2836 
11989 1689 2635 2756 2812 
11990 1739 2513 1916 3039 
11991 2120 1721 3027 3101 
11992 2303 2757 1708 2781 
11993 1662 2804 2040 2841 
11994 1583 2293 1950 2640 
11995 1615 2606 2046 3026 
11996 178 940 171 2831 
11997 626 1969 592 2904 
11998 1557 2289 2439 2584 
11999 876 2146 982 2488 
12000 1732 2690 2305 2791 
12001 1160 2526 1899 2972 
12002 1887 2749 2112 2928 
12003 1686 2626 2077 2738 
12004 1863 2435 2030 2778 
12005 1826 2359 2208 3082 
12006 2199 2605 1741 2840 
12007 2001 2414 728 2823 
12008 490 2304 677 2819 
12009 605 606 517 2822 
12010 349 782 1140 2008 
12011 1662 2040 2515 2841 
12012 629 1110 2477 3103 
12013 1918 2502 2360 2764 
12014 1576 2409 2411 3074 
12015 1953 2616 1554 3000 
12016 1714 2462 2012 2552 
12017 1873 2447 2731 3019 
12018 1147 1841 958 3098 
12019 984 2283 201 2500 
12020 132 2880 2378 3060 
12021 2106 2484 729 2983 
12022 690 2138 2517 2671 
12023 1776 2291 1903 3096 
12024 1826 2711 2124 3082 
12025 1648 2501 2499 2812 
12026 790 3 2395 2683 
12027 1686 2195 2051 2879 
12028 614 1815 446 2914 
12029 390 2182 432 2845 
12030 1088 704 2069 2773 
12031 2097 2199 1741 2667 
12032 1583 1946 1950 3088 
12033 2011 2899 2027 3000 
12034 1929 2571 2300 2980 
12035 1896 1680 2413 2795 
12036 1619 2220 1988 2884 
12037 1592 2368 1878 2579 
12038 2130 2545 2323 2789 
12039 2218 2742 312 2828 
12040 1043 743 2721 3067 
12041 1059 877 607 2323 
12042 669 1028 2060 2797 
12043 2021 2496 2467 3032 
12044 201 984 1019 2283 
12045 126 2274 123 2901 
12046 1933 2215 2758 2963 
12047 1828 2603 2192 2669 
12048 2274 2894 1695 2917 
12049 2199 2399 2605 2840 
12050 1976 2533 1714 2821 
12051 312 316 2218 2828 
12052 1630 2485 1903 2716 
12053 1967 1669 3045 3073 
12054 1781 2685 1981 2793 
12055 1606 2455 2317 2913 
12056 1733 2420 2237 2997 
12057 1674 2597 2758 2898 
12058 155 768 1177 2140 
12059 393 223 383 2122 
12060 549 548 472 2215 
12061 515 2182 390 2469 
12062 177 2637 178 2923 
12063 1786 2017 2400 2624 
12064 251 249 797 2912 
12065 144 2096 146 2438 
12066 888 2403 668 2797 
12067 1814 2433 2132 2444 
12068 1577 2348 2142 2895 
12069 1857 2305 2052 2690 
12070 114 97 115 2334 
12071 1598 1876 2450 2956 
12072 153 126 136 2274 
12073 1622 2198 2118 3096 
12074 1687 2403 2098 2797 
12075 1898 1776 2572 3096 
12076 1867 2770 2127 2954 
12077 1759 2503 2366 2975 
12078 2094 2447 1622 2922 
12079 1544 1884 2665 2876 
12080 1701 2277 1807 2333 
12081 1546 2103 2251 2848 
12082 1619 1988 2121 2884 
12083 1860 2771 2770 2836 
12084 697 570 868 2522 
12085 1876 2409 2093 3074 
12086 2563 2769 1863 2778 
12087 2187 2351 1703 2886 
12088 1936 2085 2659 3013 
12089 1705 2524 2541 2902 
12090 1542 2581 1938 2684 
12091 1601 2302 1970 2698 
12092 1641 2062 2429 2523 
12093 1701 1950 1960 2679 
12094 923 121 119 2901 
12095 1729 2328 1894 2560 
12096 1089 102 719 2651 
12097 2021 2177 1666 2292 
12098 335 334 338 2299 
12099 1731 2770 1867 2905 
12100 1571 2062 2535 2976 
12101 1663 1992 2282 3039 
12102 1735 2041 2539 2970 
12103 1712 2375 2089 3037 
12104 1751 2050 2602 2664 
12105 955 1127 661 1912 
12106 2117 2230 1958 3014 
12107 1561 1787 2158 2821 
12108 179 2264 178 2637 
12109 655 633 2437 2863 
12110 153 924 2274 2767 
12111 2288 2862 1824 3044 
12112 456 1965 2328 2583 
12113 1570 2269 2416 3018 
12114 1647 2573 1973 2942 
12115 1561 2124 2711 3082 
12116 2300 2373 2106 2484 
12117 1897 2383 2721 2932 
12118 2424 2668 1927 2960 
12119 1661 2619 2000 2632 
12120 1917 2225 1711 2438 
12121 1949 2542 1833 2586 
12122 1639 2372 1911 2741 
12123 2148 2541 2506 3007 
12124 504 1173 890 2792 
12125 1184 2219 1182 2683 
12126 1953 2431 1655 2708 
12127 1605 2141 2234 2938 
12128 1659 2048 2658 3022 
12129 489 490 2955 2971 
12130 2000 1689 2635 2757 
12131 1836 2925 2505 2968 
12132 1753 2068 2066 2745 
12133 2275 2347 1997 2983 
12134 527 503 528 3025 
12135 1816 2158 1742 2711 
12136 619 1968 2105 2830 
12137 1665 2386 2309 2678 
12138 2512 2708 1688 3084 
12139 1552 2112 2089 2421 
12140 303 2050 897 2742 
12141 1555 2235 2078 2894 
12142 1181 2315 642 3025 
12143 1611 2294 2103 2754 
12144 1787 2494 1656 2871 
12145 1598 2156 2100 2319 
12146 1546 2650 1962 2848 
12147 273 804 275 2356 
12148 1807 1701 2333 2851 
12149 2663 2834 1694 3038 
12150 1577 2091 2361 2924 
12151 1639 1911 2262 2741 
12152 2476 2504 1835 2546 
12153 1805 2241 1925 3095 
12154 1618 2326 2110 3065 
12155 1594 2468 1886 2878 
12156 875 971 2452 3053 
12157 1675 1915 2655 3091 
12158 149 781 930 2402 
12159 1618 2610 2326 3065 
12160 798 496 384 2160 
12161 1968 2534 1802 2562 
12162 1990 2828 1628 2995 
12163 510 2678 2002 3049 
12164 1001 128 129 2390 
12165 1952 2996 1942 3056 
12166 2375 2763 2089 3037 
12167 1621 2755 2089 3037 
12168 2191 2192 1915 2603 
12169 354 355 356 2806 
12170 772 1047 513 2275 
12171 1589 2224 1988 2280 
12172 1564 2294 2654 2696 
12173 1612 2271 2039 3006 
12174 495 609 611 2583 
12175 1651 2090 2255 2581 
12176 1927 1710 2265 3043 
12177 1937 1870 2329 3092 
12178 1729 2649 2694 2980 
12179 1654 2186 2288 2416 
12180 1706 2355 1905 2609 
12181 430 428 429 2386 
12182 1739 2282 1984 2739 
12183 1873 2684 2255 3019 
12184 1731 2984 2176 2990 
12185 2263 2822 2064 3091 
12186 744 1910 1112 2677 
12187 2020 2385 1807 2577 
12188 1719 2576 2170 2620 
12189 2214 1657 2964 3034 
12190 1677 2156 2100 2926 
12191 15 1787 2 2487 
12192 1797 2320 2105 2331 
12193 1960 1589 2593 3088 
12194 1927 2424 2152 2668 
12195 1581 2163 2365 2850 
12196 2212 2827 1868 2885 
12197 532 1830 977 2653 
12198 353 2984 2685 2993 
12199 1545 2164 2291 2656 
12200 655 586 633 2863 
12201 1548 1935 2959 3015 
12202 2050 2742 2218 2828 
12203 2101 2376 1778 2507 
12204 2026 2791 1732 2889 
12205 1769 2326 2610 3065 
12206 1647 2332 1907 2941 
12207 401 402 326 2417 
12208 402 403 404 2417 
12209 1877 2338 1815 2905 
12210 1542 2255 2581 2684 
12211 1834 1991 2436 2900 
12212 966 2051 1008 2946 
12213 1587 2136 2067 2508 
12214 858 860 859 2284 
12215 1913 2750 2843 3033 
12216 1877 2770 2338 2905 
12217 237 198 200 2185 
12218 2100 2156 1677 2743 
12219 988 2028 603 3053 
12220 1687 2063 3077 3104 
12221 615 2248 617 2533 
12222 2171 2832 2220 2931 
12223 1168 146 145 2096 
12224 301 2700 2088 2792 
12225 2016 2495 2394 2781 
12226 2216 2227 1709 2578 
12227 351 837 234 2077 
12228 2346 2716 1630 3086 
12229 2057 1792 2799 2902 
12230 2028 2379 1683 2630 
12231 1562 1926 2202 2648 
12232 2131 2341 1653 2381 
12233 660 2379 1006 2405 
12234 2144 2393 1773 2430 
12235 1594 2468 1915 2655 
12236 1716 2319 19 2743 
12237 2060 2797 666 2988 
12238 2353 2582 1875 3061 
12239 2383 2721 743 3067 
12240 1811 2826 2374 3021 
12241 1962 2566 2068 2650 
12242 1853 2635 2133 2775 
12243 1589 1960 2220 2851 
12244 1664 2301 1999 3046 
12245 1556 2457 2016 2757 
12246 2100 2319 2156 2743 
12247 1639 2372 2741 3025 
12248 1757 2408 1580 2482 
12249 974 943 703 2576 
12250 1661 1853 2619 2632 
12251 1679 1922 2266 2750 
12252 1795 2744 2209 2949 
12253 231 227 228 1972 
12254 1980 1769 2388 2906 
12255 1020 701 2528 2807 
12256 985 849 552 2147 
12257 1008 2051 672 2955 
12258 1941 2376 1961 2709 
12259 966 1008 545 2946 
12260 1605 2210 1992 3039 
12261 2290 2524 1705 3054 
12262 1743 2827 2212 2885 
12263 2000 1853 2619 2730 
12264 1626 2777 2844 3052 
12265 1120 1042 596 2316 
12266 220 224 2267 2933 
12267 2086 2128 1611 2767 
12268 1792 2492 2614 3041 
12269 1184 18 17 2048 
12270 707 822 2242 2249 
12271 1750 2661 2359 2821 
12272 2132 2433 1814 2910 
12273 2157 2644 2467 3055 
12274 1549 2966 2123 3090 
12275 2098 2519 298 2664 
12276 1997 2217 1758 2820 
12277 696 1141 996 2074 
12278 2056 2452 2405 2801 
12279 1019 226 203 2283 
12280 1564 2777 2157 3076 
12281 1544 2455 2665 2841 
12282 2380 2744 1912 3057 
12283 702 583 582 2576 
12284 1148 650 992 2328 
12285 580 407 2381 2832 
12286 1870 2394 2174 2728 
12287 199 201 200 2500 
12288 1142 673 1152 2275 
12289 1760 2344 2057 2799 
12290 1847 2075 2530 3085 
12291 1671 1929 2451 2571 
12292 1569 2689 2233 2791 
12293 1706 2398 2355 2912 
12294 1726 1999 2301 2926 
12295 242 240 243 2460 
12296 1591 2096 1834 2149 
12297 1713 2297 1918 2764 
12298 1050 1008 672 2611 
12299 2042 1649 2374 2826 
12300 1558 2599 1920 2962 
12301 2191 2641 1755 2727 
12302 976 442 1067 1929 
12303 1567 2446 2733 2776 
12304 2203 2488 1805 2511 
12305 931 2106 2373 2484 
12306 2549 2898 2011 3084 
12307 2259 2391 1842 2729 
12308 1579 1987 2425 2883 
12309 2177 2496 2404 2966 
12310 1597 1934 2201 2638 
12311 2377 2403 311 2939 
12312 1152 925 1142 2275 
12313 1572 2394 2495 2781 
12314 927 2048 719 2651 
12315 991 2088 1016 2737 
12316 2196 1727 2713 2951 
12317 1580 2079 1947 2345 
12318 219 776 727 2557 
12319 1580 2193 2123 3090 
12320 1776 2119 2485 2945 
12321 2070 1591 2371 3016 
12322 741 746 435 1802 
12323 1911 2741 2372 3025 
12324 268 267 265 2362 
12325 1647 1973 2573 3052 
12326 283 2613 281 2853 
12327 927 550 258 2591 
12328 1648 2499 2232 2624 
12329 2434 2549 2004 3084 
12330 1890 2549 2434 3084 
12331 2205 2532 1809 2611 
12332 615 630 838 2726 
12333 667 2173 1071 2920 
12334 1563 2153 2602 2717 
12335 135 2197 133 3027 
12336 2261 2434 1144 2963 
12337 411 1992 882 2662 
12338 1829 2567 2521 2970 
12339 2810 2982 2468 3080 
12340 878 2223 858 2692 
12341 353 392 2984 2993 
12342 291 2498 295 2529 
12343 1557 2584 2439 2769 
12344 133 2197 138 2880 
12345 174 181 182 2257 
12346 2172 2385 1673 2681 
12347 2042 2478 1730 2826 
12348 2389 2786 1640 2911 
12349 752 750 753 2646 
12350 1750 2821 1976 2824 
12351 1635 2527 2062 2976 
12352 1629 2612 2368 2934 
12353 805 962 1042 2929 
12354 1870 2976 2062 3092 
12355 572 706 2445 2963 
12356 416 415 480 2109 
12357 653 553 569 2012 
12358 2075 2506 1764 3047 
12359 635 745 1027 2920 
12360 1626 1917 2449 2644 
12361 155 158 117 2140 
12362 1692 1965 2328 2694 
12363 816 1109 400 2611 
12364 2591 2820 1758 3022 
12365 391 2565 2320 2806 
12366 1758 2217 2275 2916 
12367 1688 2431 2027 3000 
12368 1680 2055 2413 2722 
12369 1604 2550 2058 2657 
12370 946 733 1179 2719 
12371 891 2050 303 2664 
12372 561 854 558 2130 
12373 171 2923 1859 3101 
12374 1672 2456 2059 2491 
12375 567 637 718 2326 
12376 1890 2434 2004 3084 
12377 546 2028 2474 3079 
12378 923 2622 125 2901 
12379 2288 2892 2382 2911 
12380 944 134 131 2128 
12381 1561 2494 1787 2661 
12382 1543 2902 2308 3007 
12383 1656 2494 1951 2871 
12384 1084 92 9 2237 
12385 1674 2780 1933 2963 
12386 864 2166 381 2479 
12387 2235 2259 1842 2702 
12388 1731 2176 2043 3040 
12389 1638 2015 2618 2749 
12390 1122 2190 108 2225 
12391 2442 2838 90 3102 
12392 1961 2638 1941 2709 
12393 543 366 385 2270 
12394 2498 2529 2035 2682 
12395 1620 2005 2159 2907 
12396 298 302 2098 2664 
12397 1954 2423 2163 2949 
12398 1623 2321 1985 2572 
12399 2003 2795 2337 2829 
12400 204 205 206 2014 
12401 2449 2644 1564 2777 
12402 1569 2305 2689 2791 
12403 1560 2766 1922 2843 
12404 563 899 578 2866 
12405 1771 2731 2447 3019 
12406 1711 2225 1917 3064 
12407 624 2159 625 2543 
12408 2163 2423 1620 2949 
12409 486 2061 934 2347 
12410 1653 2454 2341 3081 
12411 1912 2379 1844 2630 
12412 1676 1875 2545 2789 
12413 1555 2078 2618 2894 
12414 1777 2844 2777 3052 
12415 321 709 145 2559 
12416 2606 2958 2876 3051 
12417 527 2372 503 3025 
12418 2035 1007 2498 2737 
12419 589 1170 187 2722 
12420 13 1914 90 3102 
12421 1711 2514 2190 2598 
12422 1878 2368 2612 2934 
12423 1785 2162 1983 2698 
12424 549 644 643 2287 
12425 506 450 2845 3066 
12426 1672 2091 2785 2896 
12427 331 2151 412 2704 
12428 194 997 2134 3024 
12429 2078 2366 1790 2975 
12430 1834 2149 2096 2900 
12431 2191 2603 1915 2727 
12432 1851 2399 2936 3029 
12433 407 580 581 2832 
12434 2107 2476 1676 2545 
12435 868 1180 920 2522 
12436 1701 2494 1950 2679 
12437 1734 2259 2235 2702 
12438 1571 2621 2535 3011 
12439 1584 2668 2424 2960 
12440 1634 2430 2799 3071 
12441 1910 2789 2323 3050 
12442 300 2519 304 3020 
12443 1589 2155 1775 2648 
12444 1710 2645 2023 2858 
12445 1056 544 1013 2828 
12446 1166 2373 1121 2484 
12447 162 2442 2126 2575 
12448 641 2561 1082 2965 
12449 2052 2305 1872 2690 
12450 815 217 947 2211 
12451 132 2197 2880 3060 
12452 582 2170 230 2972 
12453 1649 2073 2374 3021 
12454 1994 2322 1680 2579 
12455 756 754 1032 2852 
12456 1588 1909 2279 3100 
12457 816 400 2154 2611 
12458 960 551 1095 2200 
12459 1907 2332 1568 2941 
12460 1834 1586 2149 2436 
12461 1747 2358 2093 3015 
12462 1608 2410 2035 2999 
12463 1015 2864 1895 3066 
12464 893 642 2315 3025 
12465 172 2120 174 2257 
12466 1630 2054 2617 2986 
12467 1112 350 2677 2695 
12468 1100 2882 1150 3012 
12469 774 2210 793 2513 
12470 1777 2779 2542 2844 
12471 1571 2535 2062 3011 
12472 1653 1802 1926 2250 
12473 303 2664 2050 2742 
12474 1743 2308 2827 2885 
12475 1697 2214 2964 3034 
12476 125 2622 126 2901 
12477 303 891 897 2050 
12478 443 2341 1128 2969 
12479 2405 2452 1683 2801 
12480 2014 2721 1703 2932 
12481 2346 2599 2054 2986 
12482 1927 2265 1710 2960 
12483 2173 2634 1071 2920 
12484 1903 2485 1630 3086 
12485 2303 2635 2457 2812 
12486 2276 2892 2344 3033 
12487 389 2270 2825 2845 
12488 1956 2213 1706 2816 
12489 2289 2834 2075 3038 
12490 2467 2644 2207 3055 
12491 1777 2145 2779 2844 
12492 284 1007 291 2035 
12493 527 893 502 2372 
12494 1882 2829 2003 2881 
12495 1569 1975 2265 2433 
12496 472 847 848 2243 
12497 261 981 259 2837 
12498 1700 2585 2059 3041 
12499 1967 3045 2402 3073 
12500 2229 2615 1593 2915 
12501 278 2481 2282 2981 
12502 286 271 799 2232 
12503 2061 2347 486 2484 
12504 1632 2364 2028 2474 
12505 1539 2020 2687 3100 
12506 2361 2876 1745 3051 
12507 377 845 447 2477 
12508 418 207 898 2179 
12509 288 2501 307 3031 
12510 780 2225 1093 2438 
12511 358 1121 1166 2373 
12512 390 2340 516 2469 
12513 406 437 1128 2341 
12514 2233 2689 1857 2791 
12515 1752 2411 1877 2956 
12516 1970 2302 1696 2698 
12517 1882 2298 2829 2881 
12518 1666 1979 2697 3032 
12519 2262 2411 1639 2419 
12520 1671 2373 2320 2806 
12521 1059 877 2323 2695 
12522 1683 1918 2452 3053 
12523 1662 2365 2139 2854 
12524 1962 2650 2558 2848 
12525 727 1043 1897 3067 
12526 534 266 514 1997 
12527 609 1987 2583 2735 
12528 1788 2091 2361 3036 
12529 997 693 698 2342 
12530 238 959 984 2500 
12531 1614 2236 1982 2816 
12532 2360 2502 1932 2843 
12533 2129 1734 2901 2947 
12534 1545 2164 1898 2291 
12535 988 2849 2028 3053 
12536 1617 2060 2774 2988 
12537 1974 1892 2206 2510 
12538 389 2270 385 2825 
12539 104 722 1154 2578 
12540 1903 1630 2716 3086 
12541 685 516 2340 2526 
12542 2057 2344 1760 2892 
12543 867 2352 568 2631 
12544 1555 2125 2366 2747 
12545 897 2050 965 2828 
12546 120 2129 119 2947 
12547 2070 2096 1591 3016 
12548 1933 2780 2261 2963 
12549 2295 2435 1836 2706 
12550 2330 2441 1652 2953 
12551 1828 2291 2164 2656 
12552 1601 2162 1983 3029 
12553 1566 2292 2177 2748 
12554 1712 2442 2838 3037 
12555 1645 1980 2388 3103 
12556 1738 2675 2657 3002 
12557 1923 2363 1786 3072 
12558 1133 2484 2347 2983 
12559 1654 2689 2305 2959 
12560 2028 2379 603 3053 
12561 871 972 543 2270 
12562 1651 2143 2090 2581 
12563 613 1987 612 2425 
12564 1566 2525 2217 2658 
12565 1840 2748 2525 2803 
12566 1806 2801 2380 2973 
12567 1617 2605 2399 2840 
12568 396 1129 2381 2454 
12569 2402 2438 1917 3016 
12570 496 798 1077 2160 
12571 2133 2571 1853 2775 
12572 1558 2165 2214 3034 
12573 2247 1824 2862 3044 
12574 821 1989 822 2249 
12575 1634 2799 2344 3071 
12576 1557 2439 2289 2769 
12577 1867 3046 2079 3083 
12578 710 938 1080 1896 
12579 1583 1950 1951 3088 
12580 1601 2698 2162 3003 
12581 1565 2204 2321 2456 
12582 1872 2332 2587 2693 
12583 1063 1101 106 2514 
12584 1699 2498 2005 2543 
12585 138 139 140 1967 
12586 1638 1930 2298 2420 
12587 336 331 333 2151 
12588 1989 1657 2720 2964 
12589 1982 2398 1706 2912 
12590 1777 2573 1973 3052 
12591 836 672 966 2626 
12592 281 280 282 2662 
12593 1173 2175 708 2792 
12594 2329 2448 2037 3092 
12595 828 1977 417 3059 
12596 1601 2936 2399 3029 
12597 1613 1968 2562 2919 
12598 1825 2665 2455 2841 
12599 1050 2611 672 2955 
12600 405 2381 2341 2991 
12601 365 255 2355 3001 
12602 2051 2195 1763 2532 
12603 2053 2329 2032 2652 
12604 2573 2839 1647 3052 
12605 248 317 2236 2772 
12606 1857 2689 2305 2791 
12607 2482 2942 1804 2950 
12608 204 203 205 2014 
12609 723 721 612 2578 
12610 631 1976 2533 2882 
12611 1547 2039 1853 2642 
12612 2157 2777 1808 3076 
12613 2129 2313 1845 2395 
12614 956 161 163 2029 
12615 1712 2029 2809 3037 
12616 823 2263 336 2768 
12617 908 167 2680 3045 
12618 1735 2539 2123 2567 
12619 2056 1770 2615 2933 
12620 2209 2570 1871 2752 
12621 1566 2833 2177 3022 
12622 1694 2223 2584 2692 
12623 2459 2196 2713 2951 
12624 2048 2591 1758 3022 
12625 588 2106 729 2983 
12626 738 1045 2286 2651 
12627 1755 2368 2603 2656 
12628 1639 2072 2450 3065 
12629 1033 2263 821 2822 
12630 1641 2316 2270 2367 
12631 645 848 918 2287 
12632 653 1150 1100 2882 
12633 1859 2228 2120 2754 
12634 442 931 2106 2373 
12635 1597 1941 2396 2638 
12636 1674 2261 2780 2963 
12637 304 2519 299 2887 
12638 333 336 2151 2768 
12639 645 2287 918 2653 
12640 1742 2982 2810 3080 
12641 1045 2651 102 2697 
12642 1607 2478 1989 2964 
12643 1760 2344 2799 3071 
12644 392 2520 979 2984 
12645 942 2298 147 2622 
12646 1931 2612 2346 2716 
12647 1703 2721 2383 2932 
12648 612 613 611 1987 
12649 2669 2670 2192 2673 
12650 1675 2192 2191 2669 
12651 2049 2149 1669 2449 
12652 2606 2046 2958 3051 
12653 2338 2425 1815 2905 
12654 560 559 607 2545 
12655 339 454 335 2299 
12656 1902 1688 2512 2708 
12657 132 2197 133 2880 
12658 709 321 598 2261 
12659 928 927 1005 2651 
12660 1825 2921 2040 2976 
12661 1666 2177 2021 2496 
12662 1689 2303 2000 2909 
12663 465 467 466 2004 
12664 834 2847 2311 2927 
12665 1828 2164 2291 2740 
12666 888 297 2098 2627 
12667 1671 2451 2133 2571 
12668 1997 1729 2649 2820 
12669 337 1981 344 3031 
12670 1581 2744 2380 2854 
12671 632 2364 870 2474 
12672 1646 1927 2424 2623 
12673 1874 1710 2645 2960 
12674 465 467 2004 3099 
12675 2667 2717 1810 2867 
12676 573 2469 516 2526 
12677 999 612 609 1987 
12678 1629 1903 2396 2656 
12679 1959 2499 289 3031 
12680 754 750 2102 2646 
12681 218 221 220 2957 
12682 1847 2524 2675 3047 
12683 1543 2675 2524 3047 
12684 1610 2334 1979 3032 
12685 423 368 2246 2720 
12686 632 2364 2028 2849 
12687 1173 805 1120 2175 
12688 2314 2577 1624 2782 
12689 1128 443 900 2341 
12690 2183 2308 1743 2524 
12691 1606 2317 1956 2913 
12692 1539 1952 1909 2687 
12693 1749 3077 2063 3104 
12694 180 1051 634 2264 
12695 2320 2565 391 2830 
12696 1849 2084 2596 2977 
12697 278 274 2481 2981 
12698 1923 2495 2232 3072 
12699 2305 2690 1857 2791 
12700 1899 2972 2526 2973 
12701 1695 2622 2274 2688 
12702 121 120 119 2947 
12703 716 657 1082 1925 
12704 1724 2130 2551 2856 
12705 1923 1663 2481 2981 
12706 1577 2361 2091 2489 
12707 1948 2586 2188 2889 
12708 1671 1978 2320 2642 
12709 1706 2816 1982 2912 
12710 1599 2055 2045 2802 
12711 512 700 679 2230 
12712 2104 2246 1891 2550 
12713 91 109 108 2190 
12714 1691 2280 1926 2593 
12715 1585 2544 1897 2932 
12716 667 444 902 2173 
12717 1785 1983 2401 2698 
12718 1180 2126 175 2487 
12719 2411 2419 2262 3074 
12720 281 2613 1029 2662 
12721 1594 2810 2468 3080 
12722 1640 2077 2269 2786 
12723 541 2268 745 2920 
12724 813 331 412 2704 
12725 1877 2301 1876 2409 
12726 2519 2887 304 3020 
12727 1932 2615 1770 2879 
12728 1656 1951 1779 2868 
12729 2176 2625 1595 3040 
12730 241 2847 834 2927 
12731 1670 1837 2539 2803 
12732 1568 2332 1907 2693 
12733 1976 1714 2533 2882 
12734 911 1151 691 2871 
12735 189 1116 1994 2413 
12736 1697 2595 2249 3030 
12737 1566 2041 2177 2833 
12738 2152 2382 1704 3071 
12739 1671 2642 2571 2775 
12740 1942 1941 2787 3056 
12741 1923 1786 2495 3072 
12742 217 2211 220 2946 
12743 2286 2307 602 2735 
12744 365 2355 251 2609 
12745 1601 1983 2162 2698 
12746 1110 2906 1980 3103 
12747 2218 2594 1921 2636 
12748 2506 2541 2148 2968 
12749 224 227 889 2267 
12750 145 2096 143 2900 
12751 1579 2905 1867 3046 
12752 1112 744 659 1910 
12753 122 124 128 2390 
12754 1622 2118 2198 2922 
12755 1777 2310 1973 2573 
12756 2130 2323 1746 2789 
12757 1153 2129 120 2947 
12758 1557 2042 2461 2604 
12759 641 1038 2561 2965 
12760 1669 1917 2449 3016 
12761 2132 1710 2433 2762 
12762 1540 1947 1818 2521 
12763 1581 2380 1912 2630 
12764 1736 2674 2189 2794 
12765 1602 2747 2201 2996 
12766 1597 1941 2201 3056 
12767 284 290 283 2853 
12768 1691 2171 2493 2884 
12769 313 312 316 2218 
12770 2052 1872 2472 2693 
12771 602 738 1045 2286 
12772 2132 2762 2433 2910 
12773 2222 2228 1723 2566 
12774 1566 2525 2658 2748 
12775 625 624 481 2159 
12776 1677 1726 2156 2926 
12777 293 895 904 2063 
12778 1617 2774 2173 2988 
12779 139 140 1967 3045 
12780 2303 2400 1846 2537 
12781 1908 2839 2573 3052 
12782 1623 2172 1952 2815 
12783 1976 2821 1787 2824 
12784 1007 2035 284 2737 
12785 463 2751 1991 3099 
12786 163 2442 162 2575 
12787 1685 2207 2467 2644 
12788 1571 2254 2535 2621 
12789 360 359 361 2493 
12790 716 627 1010 2561 
12791 1592 2470 2191 3030 
12792 1084 1113 903 2013 
12793 1609 2872 2769 2987 
12794 2013 2397 2219 3089 
12795 2067 2667 1938 2867 
12796 1669 2696 2449 3073 
12797 1071 667 902 2173 
12798 995 614 996 2338 
12799 2242 2720 2246 3063 
12800 96 106 1101 2514 
12801 1907 1568 2813 2941 
12802 1863 2443 2778 2987 
12803 2029 2838 2442 3037 
12804 1834 2436 2149 2900 
12805 409 268 265 2363 
12806 1763 2623 2389 3043 
12807 1633 2700 2088 2940 
12808 1786 2818 2624 3072 
12809 2303 2756 2635 2812 
12810 155 1177 158 2140 
12811 888 297 298 2098 
12812 199 198 197 2185 
12813 830 1037 885 2167 
12814 821 823 820 2263 
12815 1990 2828 2309 3017 
12816 2309 2828 2050 3017 
12817 2439 2987 1800 3038 
12818 2314 2705 1883 2782 
12819 721 446 2425 2578 
12820 1774 2529 2498 2682 
12821 2063 2627 895 3104 
12822 1055 670 571 3103 
12823 147 2622 2298 2881 
12824 1624 2314 2116 2525 
12825 2029 2312 1896 2809 
12826 2000 1708 2730 2909 
12827 1546 2709 2114 2943 
12828 1063 20 99 2743 
12829 1554 2027 2431 3000 
12830 1870 2062 2429 3092 
12831 1965 1781 2306 2520 
12832 1657 2478 2214 2964 
12833 1557 2042 2604 2842 
12834 851 536 457 2904 
12835 1557 2058 2289 2584 
12836 340 2200 1856 2501 
12837 1987 2404 1692 2961 
12838 179 180 178 2264 
12839 1613 1978 2320 2565 
12840 2057 1705 2344 3033 
12841 2060 2605 1617 3077 
12842 1679 2276 1932 2843 
12843 1700 2614 2492 3041 
12844 2114 2556 1888 2943 
12845 1948 2714 2371 2800 
12846 125 126 123 2901 
12847 2183 1705 2524 3054 
12848 1790 2681 2089 2763 
12849 1710 1927 2960 3043 
12850 1853 1661 2619 2705 
12851 156 155 115 2788 
12852 740 1968 1035 2534 
12853 1712 2029 2516 2809 
12854 891 965 2050 3020 
12855 1918 1713 2536 2849 
12856 1736 2189 2674 3070 
12857 1688 2011 2708 3000 
12858 136 1132 153 2688 
12859 1586 1902 2708 3014 
12860 1744 1939 2569 2967 
12861 161 2029 956 2838 
12862 1664 1876 2301 2409 
12863 1909 1952 1623 2687 
12864 580 618 581 1779 
12865 1161 783 101 2823 
12866 876 565 683 2203 
12867 1591 2096 2070 2559 
12868 999 1987 609 2735 
12869 26 784 25 1979 
12870 1905 1706 2814 2948 
12871 2392 1881 2723 3035 
12872 1727 2196 2335 2953 
12873 1652 2335 2196 2953 
12874 445 2268 494 2574 
12875 1701 2135 1816 2277 
12876 157 148 1882 2783 
12877 1596 2430 2471 2492 
12878 1610 1979 2805 3032 
12879 1099 928 738 2286 
12880 177 178 171 2923 
12881 371 2082 410 2971 
12882 1541 2779 2145 2844 
12883 2337 2558 1575 2795 
12884 2079 2567 1829 2970 
12885 1950 2494 1960 2679 
12886 1668 2337 2003 2795 
12887 1898 1816 2135 2277 
12888 1836 2505 2435 2968 
12889 2199 2684 1873 3019 
12890 656 586 2045 2551 
12891 646 2287 645 2653 
12892 300 298 2519 2664 
12893 2124 1742 2810 3080 
12894 735 1716 1119 2514 
12895 2118 2198 1693 2908 
12896 2063 2529 895 2627 
12897 1951 2992 2131 3088 
12898 1945 2388 1645 3087 
12899 728 2001 1085 2868 
12900 1779 2131 2992 3088 
12901 1687 3077 2060 3104 
12902 1720 2628 2107 2904 
12903 1814 2477 2132 2910 
12904 617 2248 835 3012 
12905 757 793 755 2852 
12906 1728 2534 1968 2562 
12907 1044 581 1085 2832 
12908 1730 2428 2151 2768 
12909 1989 2720 2242 2964 
12910 835 404 452 2019 
12911 1874 2645 2023 2960 
12912 2044 2045 1118 2802 
12913 1876 2419 2411 3074 
12914 1089 719 18 2683 
12915 1755 2470 2214 2641 
12916 1578 2306 2041 2694 
12917 90 13 14 1914 
12918 1984 2200 1739 2739 
12919 819 543 972 2367 
12920 2028 2297 1918 2849 
12921 2029 2516 956 2838 
12922 1575 2503 1934 2975 
12923 2040 2361 1788 2415 
12924 471 2445 2215 2963 
12925 456 440 455 1965 
12926 741 740 1035 2534 
12927 170 173 2120 2831 
12928 1597 2201 1941 2638 
12929 923 942 125 2622 
12930 245 247 248 2236 
12931 1544 2547 2266 2862 
12932 1759 2201 1934 2848 
12933 636 954 880 2526 
12934 581 1085 2832 2868 
12935 300 2664 2519 3020 
12936 1681 2166 2024 2837 
12937 1993 2281 1688 2736 
12938 2357 2838 1712 3102 
12939 928 1005 738 2651 
12940 1618 2260 2110 2326 
12941 2176 2984 1002 2990 
12942 820 335 454 2768 
12943 774 882 411 1992 
12944 809 242 246 2460 
12945 675 1109 1050 2611 
12946 379 2166 864 2837 
12947 1117 2044 1068 2551 
12948 1598 2301 1877 3093 
12949 1673 2336 2125 2432 
12950 830 2167 1176 2643 
12951 1905 2609 2160 2814 
12952 1579 1999 2404 2883 
12953 618 1779 580 2992 
12954 1972 2615 2267 2933 
12955 469 470 434 2352 
12956 2075 2505 1764 2506 
12957 600 640 2038 3059 
12958 1797 2373 2300 2484 
12959 719 2048 18 2683 
12960 714 2543 967 2737 
12961 1740 2671 1178 2930 
12962 1692 2177 2041 2833 
12963 535 592 2107 2904 
12964 1028 1076 669 2060 
12965 1682 2370 1976 2487 
12966 1761 2325 2147 3021 
12967 1788 2415 2361 2924 
12968 1680 2558 2795 3075 
12969 1594 2374 1915 2810 
12970 169 2128 176 2923 
12971 2068 2566 2222 2589 
12972 1733 2219 2013 2397 
12973 1731 2127 2770 2771 
12974 2485 2945 2119 3086 
12975 1542 2199 2840 3019 
12976 1636 2611 2051 2946 
12977 1879 2989 2647 3048 
12978 2169 2510 1988 2851 
12979 1591 2070 1933 2559 
12980 1591 1933 2070 2714 
12981 1607 1915 2727 3091 
12982 1908 2777 1808 3055 
12983 452 835 2019 3012 
12984 178 2264 634 2831 
12985 99 21 91 2190 
12986 2219 2397 1758 3089 
12987 844 1052 685 2340 
12988 1660 2503 2291 2740 
12989 1053 2 1976 2487 
12990 1013 671 841 2678 
12991 1712 2838 2029 3037 
12992 931 2373 1166 2484 
12993 1844 2630 2379 3079 
12994 851 457 422 2628 
12995 890 280 277 2792 
12996 1546 1962 2566 2709 
12997 1736 2674 2285 3070 
12998 965 897 891 2050 
12999 613 1141 979 2074 
13000 96 1716 19 2743 
13001 455 1965 2555 2719 
13002 650 2328 456 2719 
13003 1692 2328 1965 2583 
13004 1708 2781 2639 2909 
13005 1637 2889 2426 3023 
13006 1804 2010 2492 2817 
13007 1575 1934 2503 2740 
13008 1864 2657 2458 2986 
13009 156 989 768 2788 
13010 2353 2463 1817 3050 
13011 874 975 2364 2835 
13012 1971 2195 2532 2623 
13013 2001 1779 2220 2832 
13014 677 1124 724 2819 
13015 2050 897 2742 2828 
13016 1543 2506 2541 3007 
13017 1757 1580 2408 2608 
13018 466 464 465 2751 
13019 1698 2443 2085 2659 
13020 1779 1960 2220 3088 
13021 1717 2279 1985 2647 
13022 1553 2382 2892 2911 
13023 2254 2765 1702 2973 
13024 1815 2216 2100 2926 
13025 1624 2782 1837 2803 
13026 566 594 2241 3095 
13027 774 1130 793 2210 
13028 669 666 1028 2797 
13029 1709 2404 1987 2961 
13030 1556 2349 2016 2457 
13031 132 133 909 2880 
13032 1677 2216 2227 2691 
13033 1071 2173 902 2988 
13034 2120 1859 2754 3101 
13035 1745 2876 2958 3051 
13036 1677 2207 2190 2598 
13037 545 220 2267 2946 
13038 1545 2291 1903 2656 
13039 1557 2461 2584 2769 
13040 856 535 951 2107 
13041 1650 2674 2189 3070 
13042 2155 2593 1589 3088 
13043 1736 2039 2007 3006 
13044 1940 1596 1973 2943 
13045 2128 2923 169 3101 
13046 1748 1964 2464 2867 
13047 2346 1862 2657 2986 
13048 2253 1804 2585 2950 
13049 2044 2746 1841 3098 
13050 1626 2777 1908 3055 
13051 220 224 545 2267 
13052 990 196 198 3024 
13053 2339 2422 1909 3100 
13054 1910 2323 1746 2863 
13055 1879 2407 2989 3048 
13056 1844 2850 2630 3013 
13057 1546 1962 2638 2848 
13058 2048 1758 2658 3022 
13059 2295 2435 1658 2968 
13060 1981 2133 1856 2451 
13061 1620 2178 2005 2907 
13062 973 2855 2383 2866 
13063 1708 2303 2781 2909 
13064 2192 2468 1915 2982 
13065 1755 2191 2470 2641 
13066 216 2536 1097 2849 
13067 982 2146 211 2600 
13068 510 841 2678 3049 
13069 1071 2634 2173 2988 
13070 1098 775 483 2625 
13071 1680 2722 2413 2795 
13072 2182 2845 1767 3011 
13073 944 176 2128 2767 
13074 1682 2158 2124 3080 
13075 2124 2158 1742 3080 
13076 1762 2181 2011 3000 
13077 419 1178 2671 2930 
13078 1070 1048 541 2634 
13079 1716 1831 1573 2800 
13080 888 980 2627 2797 
13081 1095 764 960 2565 
13082 1839 2676 2548 2761 
13083 718 796 531 2326 
13084 2210 2513 1992 3039 
13085 1824 2288 2186 2547 
13086 2030 2778 1919 3058 
13087 21 22 91 2227 
13088 2205 2304 1763 2971 
13089 1669 1967 2696 3073 
13090 700 720 679 1958 
13091 1989 2299 1730 2768 
13092 194 997 341 2134 
13093 1539 2408 1765 2422 
13094 1561 2158 1787 2494 
13095 1716 2598 2156 2743 
13096 1009 629 845 2477 
13097 1090 1139 956 2516 
13098 1669 2324 2049 2696 
13099 26 1979 25 2697 
13100 716 1082 641 2561 
13101 1557 2604 2769 2842 
13102 1913 2750 1678 2766 
13103 1102 492 2660 2736 
13104 1779 2381 2131 2593 
13105 1726 2156 1768 2715 
13106 441 2244 394 2595 
13107 364 1968 740 2250 
13108 729 2484 1133 2983 
13109 1673 2503 2201 3056 
13110 435 746 436 2454 
13111 1695 2274 1986 2688 
13112 1764 2541 2506 2968 
13113 171 2831 940 3101 
13114 1779 581 2832 2868 
13115 2116 2314 1624 2782 
13116 1552 2385 1974 2510 
13117 1729 2694 2649 2833 
13118 422 423 368 2246 
13119 1739 2513 2282 2739 
13120 816 400 815 2154 
13121 1673 2172 2503 3056 
13122 324 2087 2486 3009 
13123 273 272 270 3072 
13124 301 2088 991 2853 
13125 1573 2715 2598 2800 
13126 669 2060 1076 3104 
13127 775 1098 968 3059 
13128 2483 2639 1846 2909 
13129 1918 1770 2452 2957 
13130 181 926 497 2071 
13131 1746 2551 2130 2856 
13132 1664 1867 2409 3046 
13133 1557 2604 2461 2769 
13134 1764 2925 2075 3085 
13135 1141 2074 613 2425 
13136 1022 715 515 2864 
13137 2281 2855 692 2866 
13138 1900 1650 2674 2710 
13139 275 274 273 2481 
13140 1156 2176 1002 2990 
13141 1624 2385 2020 2577 
13142 1941 1973 1596 2943 
13143 1545 1828 2164 2656 
13144 2166 2479 864 2837 
13145 860 858 878 2223 
13146 1628 1921 2594 2995 
13147 1932 1679 2843 2915 
13148 1841 2595 2244 3097 
13149 1878 2612 2470 2686 
13150 963 2353 193 2695 
13151 2320 2565 1978 2806 
13152 1158 476 2504 3005 
13153 362 363 361 2493 
13154 1916 1728 2852 2919 
13155 1101 1119 96 2514 
13156 1808 2644 2157 3055 
13157 569 2012 553 3069 
13158 2013 1758 2397 3089 
13159 1718 2283 2014 2860 
13160 430 510 841 2678 
13161 2535 2621 2254 2765 
13162 1693 2198 2118 2922 
13163 1802 1968 1926 2250 
13164 375 2132 378 2858 
13165 1827 2845 2182 3011 
13166 420 453 382 2387 
13167 1135 215 876 2146 
13168 1762 2393 2144 2427 
13169 807 233 231 2620 
13170 1711 2371 2070 2800 
13171 382 453 831 2676 
13172 1540 2639 2483 2909 
13173 1775 2407 2095 2897 
13174 987 2110 639 2319 
13175 904 752 1073 2790 
13176 852 2379 547 3079 
13177 1657 2214 2165 3034 
13178 2136 2674 1650 2710 
13179 175 1180 933 2126 
13180 1020 512 184 2528 
13181 1744 2616 2553 2967 
13182 1608 2063 2410 2473 
13183 422 424 423 2628 
13184 1808 2777 2644 3055 
13185 981 2238 259 2837 
13186 937 1080 1896 2783 
13187 2029 2575 2312 3037 
13188 2149 2436 2096 2900 
13189 1659 2985 2048 3022 
13190 2057 2902 2541 3007 
13191 764 2565 1095 2891 
13192 1838 2641 2249 3030 
13193 2249 2641 1697 3030 
13194 1613 2562 2141 2919 
13195 731 987 977 1830 
13196 1848 2586 2412 2889 
13197 248 866 317 2772 
13198 1877 2411 1876 2956 
13199 1928 2774 438 2969 
13200 2674 2798 2136 3042 
13201 1831 1711 2070 2800 
13202 248 250 866 2912 
13203 629 2477 1009 3103 
13204 1922 2766 2750 2843 
13205 1833 2369 2011 2898 
13206 1648 2499 2756 2812 
13207 1796 2733 2446 2776 
13208 170 2831 2120 3101 
13209 347 349 2008 2874 
13210 1764 2505 2075 2925 
13211 2075 2505 1590 2925 
13212 142 144 149 2402 
13213 345 2746 2044 3098 
13214 1113 1 16 2013 
13215 1546 2251 2650 2848 
13216 641 1038 626 2561 
13217 1127 955 954 1912 
13218 2090 2143 1717 2581 
13219 531 499 718 2326 
13220 1997 2649 2217 2820 
13221 1605 2234 2732 2938 
13222 829 519 522 2643 
13223 1767 2340 2160 2825 
13224 1546 2251 2228 2650 
13225 1995 2440 1706 2609 
13226 1764 2184 2290 2857 
13227 415 2109 414 2887 
13228 910 90 14 1914 
13229 2171 2493 941 2931 
13230 886 885 324 2486 
13231 1650 2095 2407 2897 
13232 153 1031 924 2767 
13233 601 2176 1156 2990 
13234 904 1073 293 2410 
13235 1621 2312 2575 3037 
13236 1656 2421 2494 2755 
13237 612 999 723 2735 
13238 1550 2798 2674 3042 
13239 933 2126 162 2442 
13240 1155 1016 301 2700 
13241 2102 2473 1749 2811 
13242 1828 2669 1740 2873 
13243 381 864 379 2166 
13244 1728 2234 2141 2938 
13245 411 882 279 2662 
13246 1562 2202 1926 2562 
13247 864 381 500 2479 
13248 328 325 329 2240 
13249 2125 2432 2336 2803 
13250 626 2561 1969 2904 
13251 183 182 181 2071 
13252 1870 2629 2976 3092 
13253 2182 2845 1827 3066 
13254 2118 2711 1742 2810 
13255 345 2044 188 3098 
13256 1872 2690 2412 2846 
13257 1752 2122 2069 2956 
13258 1594 2468 2878 3080 
13259 1655 2528 2230 2807 
13260 176 2128 2767 2923 
13261 656 843 586 2551 
13262 2024 2238 1681 2837 
13263 490 2205 574 2955 
13264 1936 2850 1665 3013 
13265 1078 1144 2261 2434 
13266 1985 2333 1701 2453 
13267 2131 1779 2593 3088 
13268 2075 2511 1805 2530 
13269 1721 2754 2128 3101 
13270 913 1161 101 2823 
13271 1541 2542 1949 2586 
13272 112 103 1114 2227 
13273 1771 2447 2255 3019 
13274 596 871 450 2845 
13275 1857 2233 2610 2877 
13276 1053 1976 631 2882 
13277 2295 2706 1836 2766 
13278 1678 2706 2295 2766 
13279 1651 2581 2255 2684 
13280 1554 2427 2616 2827 
13281 1645 2388 2350 3103 
13282 899 562 692 2281 
13283 1769 2610 2072 3065 
13284 2355 251 2609 2912 
13285 1954 2515 2254 2854 
13286 1727 2335 2127 2483 
13287 2143 2456 1717 2785 
13288 1549 2467 2496 2691 
13289 2120 2228 1859 2831 
13290 1592 2669 1828 2873 
13291 1706 2609 1905 2814 
13292 1579 2404 1987 2883 
13293 2064 2631 2352 2655 
13294 1846 2639 2781 2909 
13295 1916 2513 1739 2891 
13296 2141 2919 1728 2938 
13297 1696 2302 2168 2698 
13298 728 686 1085 2001 
13299 1977 2818 417 3059 
13300 126 127 136 2622 
13301 2195 2389 1763 2623 
13302 1728 1916 2852 2938 
13303 1910 2677 1817 2695 
13304 942 147 127 2622 
13305 229 225 825 2056 
13306 1699 2907 2037 2940 
13307 1540 2483 2639 2808 
13308 480 2159 623 2570 
13309 623 480 481 2159 
13310 1790 2763 2375 2975 
13311 231 228 826 2620 
13312 2284 2439 1800 3038 
13313 1934 2291 2740 3075 
13314 109 2490 111 2707 
13315 1003 2176 1959 2685 
13316 1584 2027 2424 2668 
13317 1765 2245 2142 2753 
13318 737 2583 2286 2735 
13319 1893 2126 1621 2888 
13320 486 2347 1133 2484 
13321 771 2488 657 3095 
13322 1903 2716 1931 3086 
13323 2142 2408 1580 2608 
13324 2311 2847 2077 2927 
13325 2270 2316 1641 3011 
13326 952 811 327 2325 
13327 311 664 812 2403 
13328 951 535 592 2107 
13329 1549 2467 2021 2496 
13330 621 622 570 2522 
13331 1678 2006 2706 2766 
13332 1714 2462 2019 3012 
13333 1648 2400 2303 2756 
13334 1637 2580 2287 2714 
13335 2287 2580 1831 2714 
13336 1616 1957 2252 2724 
13337 1999 2404 1735 3083 
13338 1841 2322 2044 3098 
13339 1900 2674 2136 2710 
13340 1781 2520 1965 2993 
13341 2070 2438 2096 3016 
13342 1579 2404 1999 3083 
13343 1656 2494 2421 2679 
13344 1675 1915 2468 2655 
13345 1889 2728 2189 3042 
13346 201 1019 203 2283 
13347 754 750 950 2102 
13348 2096 2149 1669 2436 
13349 1703 2351 2239 2518 
13350 2172 2291 1660 2503 
13351 701 969 1025 2807 
13352 1568 2472 2587 2693 
13353 662 2377 311 2939 
13354 974 478 824 2480 
13355 1663 2540 1992 3039 
13356 221 218 408 2957 
13357 127 2622 147 2881 
13358 416 414 415 2109 
13359 2075 2925 2511 3085 
13360 152 157 148 1882 
13361 1776 2291 2815 2945 
13362 1710 2444 2082 3094 
13363 1799 1907 2693 2890 
13364 384 2160 496 2825 
13365 2693 2890 2813 3026 
13366 1659 2658 2292 3022 
13367 2279 2687 2020 3100 
13368 2192 2673 1893 2982 
13369 2238 2355 1794 2398 
13370 1735 2539 2567 2970 
13371 2470 2641 2191 3030 
13372 1712 2516 2375 2809 
13373 1116 2413 939 2930 
13374 2001 1684 2414 2823 
13375 825 408 986 2452 
13376 1580 2408 2142 2753 
13377 1695 1986 2274 2917 
13378 426 427 428 2386 
13379 728 2414 2001 2868 
13380 1882 2516 157 2783 
13381 660 661 1006 2379 
13382 1594 1915 2468 2810 
13383 2095 2285 1650 3070 
13384 353 387 392 2993 
13385 344 2685 1981 2993 
13386 1919 2443 1609 2778 
13387 1879 2224 1850 2703 
13388 563 492 562 2736 
13389 1642 2106 2300 2980 
13390 2075 1590 2511 2925 
13391 215 211 982 2146 
13392 1624 2385 1974 2432 
13393 395 2250 2381 2931 
13394 952 2325 813 2704 
13395 518 2392 829 2643 
13396 686 728 687 2823 
13397 1589 1988 2224 2851 
13398 1606 2317 1998 2814 
13399 1644 2184 2290 3085 
13400 2421 2679 2494 2755 
13401 1687 2098 2627 2797 
13402 761 1131 766 2272 
13403 2379 2405 660 3053 
13404 354 356 442 2373 
13405 1553 1927 2389 2623 
13406 1696 2401 1970 2698 
13407 459 883 847 2243 
13408 1637 2580 2026 3023 
13409 319 2087 324 3009 
13410 2091 2339 1672 2785 
13411 619 740 364 1968 
13412 615 508 617 2248 
13413 497 183 2071 2677 
13414 1788 2361 2040 3036 
13415 1631 2293 2418 2731 
13416 299 304 300 2519 
13417 2289 2439 1863 2769 
13418 2105 2320 916 2830 
13419 631 1976 1053 2533 
13420 2123 2567 1580 3090 
13421 2021 2292 1666 2805 
13422 1698 1921 2590 2995 
13423 1554 2431 1953 3000 
13424 642 1054 893 2315 
13425 1540 2639 1904 2808 
13426 1639 2180 2372 3025 
13427 2173 2774 902 2988 
13428 2095 2285 1562 2897 
13429 801 340 802 2501 
13430 244 242 243 2460 
13431 1728 2272 1968 2534 
13432 573 658 556 2209 
13433 277 276 275 2481 
13434 2048 2683 2651 2985 
13435 1691 2220 2171 2884 
13436 371 370 352 2927 
13437 173 174 172 2120 
13438 1861 2840 2199 3019 
13439 1770 2360 2211 2957 
13440 888 298 302 2098 
13441 347 349 1140 2008 
13442 2646 2852 2210 2938 
13443 2824 2870 1951 2871 
13444 2064 2517 1838 2822 
13445 2195 1763 2532 2623 
13446 662 311 309 2939 
13447 363 941 2493 2931 
13448 1664 2301 1877 2409 
13449 1732 2412 2586 2889 
13450 1932 2633 2360 2843 
13451 577 712 575 2660 
13452 1609 2769 2778 2987 
13453 371 352 372 2927 
13454 823 820 2263 2768 
13455 672 1008 966 2051 
13456 858 859 539 2284 
13457 898 1041 2179 2965 
13458 1571 2515 1937 2976 
13459 1566 2177 2292 3022 
13460 113 97 114 2334 
13461 1134 682 1176 2590 
13462 1687 2627 2063 3104 
13463 2191 2727 1915 3091 
13464 1821 2431 2256 2518 
13465 413 304 299 2887 
13466 140 2402 1967 3045 
13467 1828 2291 2656 2740 
13468 2656 2740 2291 3075 
13469 160 152 921 2221 
13470 2009 1562 2285 2897 
13471 256 2355 255 3001 
13472 1066 2767 1986 2923 
13473 1628 2153 2717 3017 
13474 517 441 394 2595 
13475 2008 2670 2669 2873 
13476 2101 2507 1778 2614 
13477 1828 2312 2164 2740 
13478 145 146 144 2096 
13479 1661 1853 2632 2705 
13480 978 114 117 1996 
13481 1568 2693 1907 2813 
13482 1545 1898 2164 2982 
13483 1742 2164 1898 2982 
13484 2190 2598 2207 3064 
13485 1545 1915 2908 2982 
13486 2012 2462 1714 2882 
13487 1701 2277 1816 2679 
13488 1823 2616 2427 2827 
13489 1560 1922 2502 2843 
13490 1798 2030 2592 3058 
13491 2060 2875 1076 3104 
13492 467 2512 2004 3099 
13493 1918 2536 1713 2764 
13494 708 628 2700 3066 
13495 2198 2908 2118 3096 
13496 400 210 815 2154 
13497 948 272 274 2981 
13498 1675 2064 2517 3091 
13499 1578 1965 2306 2694 
13500 1772 2664 2050 3020 
13501 1692 2041 2306 2694 
13502 1759 2366 2201 2747 
13503 1580 2193 2345 2890 
13504 421 851 422 2246 
13505 307 288 802 2501 
13506 1877 2409 1867 3046 
13507 1542 2647 2989 3048 
13508 925 654 1142 2983 
13509 227 232 889 2738 
13510 2220 1691 2593 2884 
13511 1643 2114 2553 2967 
13512 914 2237 93 2420 
13513 2060 2774 1028 2875 
13514 1673 2366 2201 2503 
13515 1568 2587 2332 2693 
13516 2300 2571 1671 2642 
13517 794 1088 704 2069 
13518 808 961 834 2311 
13519 194 196 997 3024 
13520 1748 2163 2423 2531 
13521 351 2077 241 2927 
13522 837 889 232 2738 
13523 1805 2663 2241 3095 
13524 2769 2872 2439 2987 
13525 2201 1942 2996 3056 
13526 317 1054 814 2772 
13527 1033 823 821 2263 
13528 273 270 806 3072 
13529 1724 2746 2044 2856 
13530 1764 2075 3047 3085 
13531 374 2444 2132 3094 
13532 1553 2195 2389 2911 
13533 2195 2532 2051 2879 
13534 1087 2080 524 2734 
13535 1549 2467 2207 3055 
13536 705 649 572 2445 
13537 1591 1949 1948 2371 
13538 482 635 684 2327 
13539 544 965 1013 2828 
13540 1838 2517 2064 3091 
13541 2049 2149 1586 2436 
13542 456 2328 953 2583 
13543 2532 2611 2205 2955 
13544 1561 1816 2158 2494 
13545 1588 1850 2224 2703 
13546 346 2244 441 3097 
13547 763 2282 1106 2513 
13548 1540 2521 2000 2760 
13549 1916 2565 759 2891 
13550 1705 2183 2524 2902 
13551 2050 1772 2309 3017 
13552 325 2240 327 3009 
13553 408 875 971 2452 
13554 1811 2064 2352 2655 
13555 1937 2629 1788 2798 
13556 2002 2678 1990 3049 
13557 1634 2308 2183 2902 
13558 780 1093 792 2438 
13559 2563 2769 1798 2842 
13560 503 2372 501 2548 
13561 2332 2471 1773 2817 
13562 1984 2457 2200 2501 
13563 973 692 2855 2866 
13564 1665 2309 1990 2678 
13565 1793 2445 2023 2597 
13566 1706 1995 2609 2814 
13567 1997 2560 1729 2820 
13568 1670 2859 2021 2966 
13569 692 2281 693 2855 
13570 827 380 320 2701 
13571 1749 2060 3077 3104 
13572 2006 1581 2630 2725 
13573 1779 618 2868 2992 
13574 2068 2566 1723 2650 
13575 2010 2253 1804 3041 
13576 751 748 2790 2875 
13577 1879 2333 2647 2989 
13578 1932 1593 2615 2915 
13579 672 2626 836 2955 
13580 932 11 98 2357 
13581 198 197 2185 3024 
13582 1607 2641 2191 2727 
13583 1636 2051 2532 2879 
13584 1825 2040 2515 2976 
13585 1828 1740 2669 2673 
13586 1621 2312 2164 2673 
13587 901 2342 579 2512 
13588 1545 2164 1828 2603 
13589 752 292 1073 2410 
13590 927 253 719 2048 
13591 2050 2309 1772 3020 
13592 1016 2088 301 2700 
13593 1632 1936 2659 3013 
13594 693 692 579 2281 
13595 1903 2291 1776 2945 
13596 729 2106 931 2484 
13597 1541 2586 1949 2844 
13598 1571 2976 1937 3092 
13599 947 217 220 2946 
13600 716 657 1925 3095 
13601 1602 2125 2747 2996 
13602 834 961 542 2311 
13603 267 264 2362 2818 
13604 676 935 976 2555 
13605 692 693 1164 2855 
13606 267 417 264 2818 
13607 1613 2272 1968 2919 
13608 1668 2003 2722 2795 
13609 1831 2070 2714 2800 
13610 2 1787 15 2824 
13611 1542 1938 2581 3048 
13612 1673 2125 2366 2432 
13613 758 2272 1096 2565 
13614 2361 2415 1577 2924 
13615 2341 2969 1832 3081 
13616 1579 2883 2425 2905 
13617 1589 1946 2155 3088 
13618 1662 2139 2804 2841 
13619 1897 2721 2383 3067 
13620 2439 2769 1766 2872 
13621 2546 2686 1835 3034 
13622 1542 2647 2453 2989 
13623 1688 2708 2431 3000 
13624 1961 1962 1753 2934 
13625 1629 1962 1961 2934 
13626 2567 2970 2079 3083 
13627 708 2700 1155 2792 
13628 1154 103 2227 2578 
13629 197 2582 2185 3024 
13630 1122 107 99 2190 
13631 1626 2644 2207 3064 
13632 949 2282 763 2739 
13633 742 2034 684 2869 
13634 2231 2690 1857 2699 
13635 1798 2769 2604 2842 
13636 568 867 469 2352 
13637 2064 1675 2631 2655 
13638 600 828 640 3059 
13639 1063 107 1101 2514 
13640 1659 2395 2219 2683 
13641 1613 2105 1968 2830 
13642 1158 2504 2278 3005 
13643 495 929 440 2520 
13644 1047 254 513 3089 
13645 1699 2498 2035 2682 
13646 852 661 547 2379 
13647 1749 2790 2564 2875 
13648 2044 2746 2551 2856 
13649 271 272 2232 3072 
13650 2131 2593 2155 3088 
13651 1678 2596 2084 2750 
13652 1860 1731 2338 2770 
13653 1576 2411 2262 3074 
13654 477 476 2476 2504 
13655 1817 1910 2695 3050 
13656 25 784 97 2334 
13657 278 2282 948 2981 
13658 587 555 2278 2595 
13659 823 336 820 2768 
13660 325 2486 2240 3009 
13661 1703 2239 2187 2932 
13662 390 432 389 2845 
13663 718 597 567 2326 
13664 886 887 885 2167 
13665 1636 2532 2195 2879 
13666 1066 2637 177 2923 
13667 474 1991 788 2865 
13668 370 836 351 2626 
13669 1597 2815 2291 2945 
13670 2153 2717 1563 2867 
13671 1749 2473 2102 2790 
13672 2412 2690 1732 2846 
13673 1840 2658 2525 2748 
13674 1650 2285 2095 2897 
13675 343 2806 2451 3068 
13676 1799 2345 2193 2890 
13677 1031 153 1066 2767 
13678 1898 2164 1660 2291 
13679 1958 2324 2436 2680 
13680 1086 1107 801 2739 
13681 1722 2662 2613 2853 
13682 504 277 275 2356 
13683 792 770 780 2438 
13684 603 547 2379 3079 
13685 2308 2524 2183 2902 
13686 679 1958 720 2257 
13687 821 454 822 1989 
13688 1626 2644 2449 2777 
13689 1604 2550 2657 3002 
13690 2228 2251 1859 2650 
13691 327 813 952 2325 
13692 947 2211 217 2946 
13693 2255 2447 1873 3019 
13694 1670 2539 2123 2859 
13695 2079 2970 1829 3083 
13696 2649 2820 1729 2833 
13697 2078 2829 2337 2975 
13698 1724 2551 2746 2856 
13699 1566 2649 2041 2833 
13700 1807 2224 1988 2851 
13701 1588 2224 1879 2703 
13702 581 1779 618 2868 
13703 1617 2554 2605 2840 
13704 1687 2060 2797 3104 
13705 1870 1937 2629 3092 
13706 1906 2620 1972 2738 
13707 1926 2280 2202 2648 
13708 137 936 2688 2881 
13709 1853 2571 2133 2632 
13710 97 113 24 2334 
13711 1993 1715 2281 2866 
13712 918 532 977 2653 
13713 1958 2436 2117 3014 
13714 1769 2180 2326 3065 
13715 1605 2732 2210 2938 
13716 816 1008 2611 2946 
13717 1028 1076 2060 2875 
13718 486 934 1133 2347 
13719 936 2003 164 2688 
13720 311 663 664 2377 
13721 656 1117 843 2551 
13722 1776 2291 2172 2815 
13723 282 301 991 2853 
13724 1176 682 829 2643 
13725 1028 2060 666 2988 
13726 1934 1629 2396 3075 
13727 1795 2570 2159 2949 
13728 2006 2630 2380 2725 
13729 778 2388 2906 3103 
13730 1607 2478 2042 2826 
13731 2515 2841 2254 2854 
13732 225 825 2056 2933 
13733 740 741 435 2250 
13734 1556 2007 2349 2952 
13735 1062 718 499 2326 
13736 506 450 432 2845 
13737 886 324 319 2087 
13738 1991 2865 474 3099 
13739 508 2248 615 2726 
13740 1804 2492 2471 2817 
13741 1937 2515 2040 2976 
13742 1765 2422 2339 3100 
13743 463 1991 474 3099 
13744 1541 2542 2779 2844 
13745 2380 2630 1581 2725 
13746 290 284 291 2035 
13747 2210 2852 1916 2938 
13748 720 700 1103 1958 
13749 1114 723 222 2735 
13750 1719 2480 1995 2576 
13751 1165 2378 1145 2880 
13752 2242 2720 1657 2964 
13753 1999 2301 2926 3093 
13754 2369 2412 1848 2586 
13755 2426 2509 1784 2910 
13756 508 835 617 2248 
13757 778 2906 1110 3103 
13758 499 498 460 2260 
13759 1178 689 2575 2930 
13760 2426 2758 1848 2889 
13761 1619 2171 2220 2884 
13762 789 566 2241 2663 
13763 1973 2145 1777 3052 
13764 1987 2404 1709 2883 
13765 2216 2926 1815 3093 
13766 1072 226 1038 2965 
13767 1546 1962 1961 2638 
13768 385 389 871 2270 
13769 1807 1988 2224 2577 
13770 2360 2502 1560 2764 
13771 1589 2224 1879 2333 
13772 1586 2117 2049 2436 
13773 1764 2290 2184 3085 
13774 1541 2369 2412 2796 
13775 888 812 668 2403 
13776 298 296 299 2519 
13777 1040 216 1097 2849 
13778 1152 673 772 2275 
13779 1871 2209 2744 2949 
13780 199 200 198 2185 
13781 734 1051 655 2437 
13782 1153 28 120 2129 
13783 1647 2471 2332 2941 
13784 1734 2274 2894 2901 
13785 1961 2396 1941 2638 
13786 1053 1976 862 2487 
13787 484 600 2038 2387 
13788 182 1957 679 2257 
13789 1659 2292 2985 3022 
13790 1586 2117 2436 3014 
13791 172 165 170 3101 
13792 337 340 342 2451 
13793 986 2405 2452 3053 
13794 1753 2068 1962 2566 
13795 244 246 242 2460 
13796 2622 2894 2274 2901 
13797 1026 154 2298 2420 
13798 398 459 847 2509 
13799 1594 2073 2552 3021 
13800 1698 2025 2443 2659 
13801 1793 2445 2597 2758 
13802 1551 2435 2030 3008 
13803 1825 2515 2040 2841 
13804 252 259 896 2238 
13805 278 948 274 2981 
13806 1643 2553 1953 2616 
13807 1687 2605 2060 3077 
13808 1173 708 890 2792 
13809 550 2560 258 2591 
13810 942 1026 154 2298 
13811 372 373 371 2444 
13812 248 2440 249 2912 
13813 1067 946 676 2719 
13814 1639 2262 2419 2741 
13815 1792 2010 2492 3041 
13816 1635 2040 2921 2976 
13817 336 412 331 2151 
13818 863 859 1037 2284 
13819 1613 2565 2320 2830 
13820 232 227 231 2738 
13821 103 1115 1114 2578 
13822 1619 2734 2061 2979 
13823 172 170 2120 3101 
13824 2355 2948 1905 3001 
13825 787 2517 2064 2822 
13826 2156 2598 1677 2743 
13827 2167 2872 1609 2987 
13828 908 143 141 3045 
13829 2152 1704 2393 3071 
13830 1735 2567 2123 3090 
13831 1828 2669 2192 2673 
13832 1857 2231 2699 3010 
13833 189 1170 1116 2413 
13834 1651 2592 2030 3058 
13835 1769 2741 2315 3025 
13836 374 2132 375 3094 
13837 1597 2787 2815 2945 
13838 1999 3046 2079 3090 
13839 2337 2795 1575 2829 
13840 944 176 169 2128 
13841 1579 1999 2883 3093 
13842 871 2270 389 2845 
13843 2340 2469 1702 2526 
13844 1706 2440 2816 2912 
13845 2207 1685 2467 2691 
13846 2010 1804 2492 3041 
13847 1749 2009 2473 3077 
13848 698 2342 969 2807 
13849 2123 2859 2539 2966 
13850 1750 2533 1976 2821 
13851 1916 2852 2272 2919 
13852 1679 1922 2750 2843 
13853 2505 2925 1764 2968 
13854 375 377 378 2132 
13855 960 2565 391 2806 
13856 2205 1763 2955 2971 
13857 773 652 1157 2099 
13858 1794 2948 2355 3001 
13859 1846 2781 2303 2909 
13860 364 2250 395 2931 
13861 238 2500 199 2582 
13862 651 2080 913 2666 
13863 2037 2448 2329 2940 
13864 314 810 795 2401 
13865 609 2583 737 2735 
13866 2242 1657 2720 3063 
13867 1728 2534 2102 2646 
13868 1149 895 2627 3104 
13869 1685 2225 2190 3064 
13870 3 790 26 2683 
13871 1761 2552 2073 3021 
13872 278 882 1106 2282 
13873 650 456 455 2719 
13874 258 514 266 2591 
13875 1779 2992 1951 3088 
13876 1542 2989 2407 3048 
13877 714 1016 713 2543 
13878 1597 2396 1934 2638 
13879 1671 1978 2642 2775 
13880 862 2370 1976 2882 
13881 742 694 684 2034 
13882 2619 2753 1883 2782 
13883 816 947 1008 2946 
13884 368 339 367 2720 
13885 1738 2054 2599 2986 
13886 2276 2344 1705 3033 
13887 2002 2474 1632 3013 
13888 1696 2446 2168 2594 
13889 1967 2672 139 3045 
13890 2685 2984 1781 2993 
13891 1800 2872 2167 2987 
13892 1863 2439 2289 3038 
13893 408 875 2452 2957 
13894 2432 2525 1624 2803 
13895 1610 2157 2467 2998 
13896 779 781 2225 2707 
13897 571 2388 778 3103 
13898 801 2200 2501 2739 
13899 2216 1815 2578 2883 
13900 1601 2377 2936 3029 
13901 1853 2642 2039 2775 
13902 1543 2541 2524 2902 
13903 1563 2667 2067 2867 
13904 2192 2603 2191 2669 
13905 2569 2616 1823 2827 
13906 1661 2753 2619 2782 
13907 2506 2541 1764 3047 
13908 251 365 255 2355 
13909 294 291 295 2529 
13910 1708 2757 2303 2909 
13911 2086 2390 1707 3060 
13912 1659 2292 2036 2805 
13913 119 2129 29 2997 
13914 1717 2108 2647 3048 
13915 2443 2987 2025 3035 
13916 105 2838 98 3102 
13917 1624 2116 2782 2803 
13918 632 975 870 2364 
13919 119 28 29 2129 
13920 617 2533 2248 3012 
13921 1958 2865 1991 3014 
13922 1712 2809 2375 3037 
13923 572 879 706 2963 
13924 1878 1599 2579 2934 
13925 707 822 1136 2242 
13926 1680 1828 2579 3075 
13927 1656 2421 2169 2679 
13928 2590 2643 1698 3049 
13929 170 940 173 2831 
13930 2400 2537 2303 2756 
13931 1827 2448 2903 3066 
13932 2168 2302 1696 2594 
13933 1913 2541 2057 3033 
13934 1740 1828 2312 2673 
13935 383 2100 89 2319 
13936 256 252 255 2355 
13937 1657 1989 2478 2964 
13938 1122 1030 107 2514 
13939 829 2392 519 2643 
13940 1028 2774 2060 2988 
13941 1643 2475 2144 2779 
13942 1068 2044 345 2746 
13943 1919 2594 2443 2995 
13944 2169 2220 1960 2851 
13945 1692 2694 2328 2833 
13946 2036 2292 2021 2805 
13947 612 611 609 1987 
13948 1629 2368 2656 3075 
13949 2210 2732 1855 2938 
13950 733 588 576 2106 
13951 1087 651 524 2080 
13952 1836 2435 2295 2968 
13953 2023 2445 1793 2858 
13954 584 776 675 2557 
13955 898 2179 2860 2965 
13956 849 952 813 2704 
13957 1692 2306 1965 2694 
13958 1709 1987 2735 2961 
13959 2258 2455 1606 2913 
13960 1731 2770 1860 2771 
13961 1550 2674 1963 2794 
13962 986 660 2405 3053 
13963 886 319 315 2087 
13964 234 241 2077 2847 
13965 562 579 692 2281 
13966 1864 2675 2657 2986 
13967 2128 2197 1721 3027 
13968 1878 1599 2322 2579 
13969 896 259 981 2238 
13970 1758 2820 2658 3022 
13971 1056 316 544 2828 
13972 2104 1720 2246 2550 
13973 1034 195 2353 2582 
13974 2293 2640 2418 2731 
13975 1575 2375 2763 2975 
13976 2317 2455 1825 2665 
13977 1613 1978 2565 2784 
13978 346 2874 2244 3097 
13979 1822 2347 2061 2979 
13980 1903 2945 2485 3086 
13981 854 855 2504 2746 
13982 2183 2344 1705 3054 
13983 1665 1990 2309 3017 
13984 919 1100 1150 3012 
13985 1708 2016 2394 2781 
13986 2115 1766 2461 2769 
13987 1087 913 651 2080 
13988 301 1016 991 2088 
13989 2221 2357 1712 2928 
13990 1973 2310 1777 2556 
13991 751 2875 2790 3104 
13992 171 169 2923 3101 
13993 2000 2521 1818 2619 
13994 782 787 605 2517 
13995 654 2347 1142 2983 
13996 939 2413 938 2930 
13997 2009 1741 2554 2897 
13998 2001 2220 2171 2832 
13999 1943 1727 2538 2954 
14000 391 916 2320 2830 
14001 789 2663 2241 2692 
14002 397 487 2061 2734 
14003 1799 2890 2693 3026 
14004 489 490 574 2955 
14005 1628 2153 2464 2717 
14006 1612 2245 2607 2619 
14007 707 1004 822 2249 
14008 646 644 645 2287 
14009 1024 649 2023 2858 
14010 1887 2357 2221 2928 
14011 1583 2418 2293 2640 
14012 2177 1692 2404 2961 
14013 1039 1028 2774 2875 
14014 1560 2502 2360 2843 
14015 2134 1667 2353 3024 
14016 1783 1944 2861 2929 
14017 380 381 379 2166 
14018 791 95 2307 2697 
14019 1902 2807 2230 2865 
14020 414 304 2887 3020 
14021 2323 2695 1910 3050 
14022 2168 2698 2302 3003 
14023 2075 2530 1805 2834 
14024 1653 2250 1926 2593 
14025 913 101 2666 2823 
14026 1776 2815 2119 2945 
14027 1958 2680 1991 2865 
14028 2102 2564 1749 2790 
14029 836 2955 2626 2971 
14030 1933 2559 2261 2780 
14031 931 729 588 2106 
14032 1697 2249 2242 2964 
14033 1811 2151 2263 2826 
14034 328 330 331 2428 
14035 202 200 201 2721 
14036 536 851 627 2904 
14037 1613 2565 2272 2919 
14038 1835 3034 2242 3063 
14039 937 1080 938 1896 
14040 1741 2710 2407 2897 
14041 1553 2389 2195 2623 
14042 533 2286 737 2583 
14043 1586 2708 2117 3014 
14044 338 878 369 2692 
14045 15 2824 1787 2871 
14046 1750 2533 2248 2726 
14047 2483 2537 2043 2760 
14048 2258 2455 1801 2973 
14049 688 1162 1021 2914 
14050 2132 2444 1710 3094 
14051 1686 2051 2267 2879 
14052 1788 2629 2415 3042 
14053 695 2176 2685 2984 
14054 1943 2538 1727 2808 
14055 2164 2312 1828 2673 
14056 1581 2725 2365 2854 
14057 377 375 374 2132 
14058 983 409 964 2929 
14059 1810 2667 1938 2684 
14060 1603 2247 2084 2918 
14061 2004 2751 465 3099 
14062 1003 1959 289 2685 
14063 1003 483 289 1959 
14064 218 220 217 2957 
14065 1867 2770 1877 2905 
14066 975 632 1040 2364 
14067 1694 2439 2289 2584 
14068 1741 2554 2407 2840 
14069 1064 2522 2138 2888 
14070 771 418 1041 2179 
14071 956 2516 1139 2838 
14072 163 710 956 2029 
14073 439 444 443 2969 
14074 1055 571 778 3103 
14075 635 444 667 2327 
14076 1603 2084 2247 2977 
14077 986 2452 971 3053 
14078 1550 2728 2189 2794 
14079 2050 2664 891 3020 
14080 908 166 143 2680 
14081 171 169 176 2923 
14082 1895 2907 2543 2940 
14083 904 2790 2063 3104 
14084 110 23 113 2490 
14085 993 2070 1168 2559 
14086 201 203 202 2721 
14087 351 234 241 2077 
14088 1777 2777 2573 3052 
14089 1705 2018 2290 3054 
14090 708 2175 2700 2792 
14091 2328 2694 1729 2833 
14092 1669 2436 2680 2900 
14093 2407 2710 1938 3048 
14094 2191 2641 1838 3030 
14095 1707 2259 2702 2729 
14096 1636 2051 2879 2946 
14097 1700 1942 2507 2787 
14098 1745 2876 2247 2958 
14099 2072 2610 2022 2877 
14100 2415 2629 1889 3042 
14101 1181 1108 642 2315 
14102 2407 2554 1775 2840 
14103 354 2451 343 2806 
14104 1979 1659 2805 2985 
14105 1633 2088 2700 2792 
14106 1613 1968 2272 2830 
14107 129 2086 130 3060 
14108 1949 2149 1833 2542 
14109 1699 2543 2005 2907 
14110 162 163 161 2442 
14111 863 539 859 2284 
14112 879 1144 706 2963 
14113 1002 1156 695 2176 
14114 1610 2805 2036 2998 
14115 1652 2441 2335 2953 
14116 2425 2883 1815 2905 
14117 2541 2857 1705 3033 
14118 1775 2554 2407 2897 
14119 2514 2598 1716 2743 
14120 1656 2169 1960 2679 
14121 1633 2448 2329 3092 
14122 2407 2554 1741 2897 
14123 1710 2762 2132 2858 
14124 344 2555 388 2993 
14125 2292 2658 1840 2748 
14126 1907 2813 2693 2890 
14127 771 876 982 2488 
14128 504 804 805 2356 
14129 1727 1943 2808 2954 
14130 1066 730 177 2637 
14131 1738 2657 2675 2986 
14132 2247 2862 1824 2876 
14133 1612 2607 1883 2619 
14134 2106 1642 2484 2983 
14135 1967 2696 2672 3045 
14136 1702 2744 2973 3057 
14137 766 1096 2272 2830 
14138 288 2499 493 2501 
14139 1828 2740 2656 3075 
14140 347 2244 346 2874 
14141 595 825 986 2405 
14142 1167 2182 515 2864 
14143 2365 2725 2139 2854 
14144 2155 2593 1653 2648 
14145 1174 766 1131 2830 
14146 2415 1889 2924 3042 
14147 1788 2415 2924 3042 
14148 728 1151 2414 2868 
14149 2160 2340 1767 2765 
14150 1778 2119 2945 3086 
14151 289 2685 1959 3031 
14152 344 935 388 2555 
14153 1670 2539 2859 2966 
14154 762 765 763 2891 
14155 1589 1960 1946 3088 
14156 1913 2857 2541 3033 
14157 1040 2364 632 2849 
14158 1774 2519 2098 2602 
14159 232 234 837 2738 
14160 2535 2621 1767 3011 
14161 2131 2991 1779 2992 
14162 1621 2575 2029 3037 
14163 986 408 971 2452 
14164 1587 2785 2091 2896 
14165 1698 1990 2590 3049 
14166 1543 2524 2541 3047 
14167 572 2445 471 2963 
14168 1685 2467 2157 2644 
14169 808 2311 834 2847 
14170 902 439 475 2774 
14171 1633 2429 2448 3092 
14172 1798 2592 2094 3058 
14173 840 2309 965 3020 
14174 1697 2470 2214 2686 
14175 731 531 796 2110 
14176 655 656 586 2045 
14177 342 935 337 2451 
14178 708 590 628 3066 
14179 2182 1827 2903 3066 
14180 258 2560 514 2591 
14181 1943 2538 2713 2954 
14182 1136 423 2242 2720 
14183 759 758 1096 2565 
14184 1964 1810 2464 2867 
14185 1122 108 780 2225 
14186 1541 1949 2542 2844 
14187 448 472 471 2215 
14188 1671 2571 2133 2775 
14189 1768 2156 1573 2715 
14190 1571 2448 2037 2903 
14191 746 451 436 2564 
14192 2057 2541 1705 3033 
14193 702 1077 703 2576 
14194 401 604 2417 2994 
14195 1698 2443 2025 3035 
14196 1660 2089 2681 2763 
14197 1741 2667 1938 2710 
14198 864 2479 865 2837 
14199 2201 2638 1934 2848 
14200 1864 2617 2506 2675 
14201 1580 1947 2142 2608 
14202 1632 2659 2002 3013 
14203 325 327 323 3009 
14204 1182 2219 1185 2395 
14205 962 806 409 2929 
14206 1653 2250 2381 2454 
14207 2333 2453 1985 2647 
14208 2456 2785 2143 2896 
14209 1888 2114 2049 2556 
14210 2052 2472 1935 3026 
14211 2051 1636 2532 2611 
14212 899 2281 692 2866 
14213 755 793 767 2210 
14214 1875 2695 2323 3050 
14215 2334 2697 1979 3032 
14216 131 130 2086 3060 
14217 1598 2926 2301 3093 
14218 2100 2122 1598 2319 
14219 1640 2077 2786 2927 
14220 1895 2903 2448 3066 
14221 1661 2521 2619 2753 
14222 1598 2319 2122 3078 
14223 809 670 961 2350 
14224 1860 2676 2387 2836 
14225 285 286 2499 2624 
14226 2018 3054 1971 3062 
14227 810 318 326 2318 
14228 1053 1976 2 2824 
14229 349 2517 2008 2671 
14230 2036 2805 2021 2998 
14231 298 300 302 2664 
14232 1585 1971 3054 3062 
14233 318 314 315 2636 
14234 237 990 198 2855 
14235 1669 2096 2436 2900 
14236 1918 2028 2849 3053 
14237 1711 2190 2225 3064 
14238 306 897 312 2742 
14239 489 2955 836 2971 
14240 1930 1734 2894 2901 
14241 233 232 231 2738 
14242 1051 2045 655 2437 
14243 2032 2329 1633 2652 
14244 1738 2599 2346 2986 
14245 2049 2324 1669 2436 
14246 1948 2580 1637 2714 
14247 512 182 184 1957 
14248 482 444 635 2327 
14249 1863 2778 2769 2987 
14250 1007 967 2498 2737 
14251 1704 2152 2393 2668 
14252 1727 2713 2538 2954 
14253 486 487 934 2061 
14254 1674 2597 2445 2758 
14255 1566 2116 2525 2748 
14256 2310 2573 1777 2777 
14257 788 2680 1991 2900 
14258 810 915 970 2401 
14259 533 1099 737 2286 
14260 187 1170 189 2802 
14261 2052 1857 2690 2699 
14262 1097 213 215 2536 
14263 1886 2878 2468 3080 
14264 1716 2514 1831 2800 
14265 2471 2817 2332 2941 
14266 2037 2448 1895 2903 
14267 1554 2256 2431 2518 
14268 491 468 2512 2736 
14269 134 133 2197 3027 
14270 1871 2570 2209 2949 
14271 2209 2570 1795 2949 
14272 2073 1594 2374 3021 
14273 1053 862 1976 2882 
14274 695 1002 2176 2984 
14275 1577 2415 2361 3051 
14276 1738 2718 2675 3002 
14277 1579 3004 2306 3083 
14278 1650 2710 2407 3048 
14279 280 890 301 2792 
14280 347 1140 394 2244 
14281 714 991 1016 2737 
14282 753 755 767 2646 
14283 1683 2379 2028 3053 
14284 392 929 979 2520 
14285 1117 1118 188 2044 
14286 1595 2537 2400 2756 
14287 1561 1950 2494 2661 
14288 867 554 470 2352 
14289 1897 2721 2014 2932 
14290 145 144 143 2096 
14291 1798 2778 2030 3058 
14292 2617 2675 1864 2986 
14293 313 310 312 2218 
14294 699 587 555 2278 
14295 311 2403 812 2939 
14296 2174 2639 1708 2781 
14297 535 457 536 2904 
14298 1674 2758 2445 2963 
14299 1597 1952 2172 2815 
14300 2255 2453 1771 3019 
14301 2355 2398 1706 2948 
14302 25 2334 24 2697 
14303 620 2575 2126 2888 
14304 2247 2876 1824 2958 
14305 2445 2758 2215 2963 
14306 1745 2958 2046 3051 
14307 245 248 317 2236 
14308 2383 2855 1715 2866 
14309 887 1176 830 2167 
14310 248 247 249 2440 
14311 323 2994 322 3009 
14312 1992 2540 1605 3039 
14313 1698 2590 1990 2995 
14314 130 924 1031 2767 
14315 1926 2593 2280 2648 
14316 462 870 511 2474 
14317 909 1145 132 2880 
14318 2323 2789 1875 3050 
14319 1699 2682 2035 2999 
14320 349 2008 348 2671 
14321 1649 2704 2325 3021 
14322 2148 2541 1913 2968 
14323 2144 2475 2145 2779 
14324 1118 2044 1117 2045 
14325 1592 2873 1994 2874 
14326 1658 2506 2148 2968 
14327 735 1119 1101 2514 
14328 1991 1834 2751 2900 
14329 18 719 253 2048 
14330 1738 2346 2165 2657 
14331 1550 2189 2728 3042 
14332 690 479 1000 2138 
14333 1799 2693 2052 3026 
14334 419 530 1178 2930 
14335 2051 2611 1008 2946 
14336 1098 2625 640 3059 
14337 639 637 638 1843 
14338 2279 2333 1985 2647 
14339 1543 2524 2308 2902 
14340 1661 2521 2000 2619 
14341 1672 2422 2253 2585 
14342 1699 2543 2907 2940 
14343 24 25 97 2334 
14344 1916 2272 2565 2919 
14345 1715 2383 2866 3067 
14346 649 872 449 2858 
14347 1763 2082 2304 3043 
14348 2651 2697 1666 2985 
14349 2056 2452 1770 2933 
14350 901 969 698 2342 
14351 801 2200 340 2501 
14352 2115 2604 1798 2769 
14353 346 394 441 2244 
14354 111 113 114 2490 
14355 2021 2467 1549 2859 
14356 2069 2122 1752 2773 
14357 1185 2129 28 2395 
14358 2085 2443 1698 2995 
14359 1660 2291 2164 2740 
14360 1057 705 706 2434 
14361 251 2355 252 2912 
14362 2325 2704 2147 3021 
14363 1912 2744 2209 3057 
14364 1698 2392 2002 3049 
14365 1852 2697 2334 3032 
14366 2105 2320 1613 2331 
14367 2064 1675 2517 2631 
14368 836 2626 370 2971 
14369 1677 2100 2216 2926 
14370 1948 2371 1966 2800 
14371 197 238 199 2582 
14372 2111 2319 2156 2601 
14373 1017 164 936 2003 
14374 584 675 574 2205 
14375 291 1007 295 2498 
14376 1633 2700 2175 2792 
14377 1687 2797 2627 3104 
14378 432 390 515 2182 
14379 1837 2782 2116 2803 
14380 1914 2838 2442 3102 
14381 2411 2450 1876 2956 
14382 1541 2844 2081 2846 
14383 1142 934 673 2347 
14384 299 300 298 2519 
14385 883 918 848 2243 
14386 356 357 358 2373 
14387 2548 2761 833 2773 
14388 1855 2646 2210 2938 
14389 914 151 1083 2997 
14390 587 2278 855 2746 
14391 791 24 95 2697 
14392 490 584 2205 2819 
14393 1728 1968 2272 2919 
14394 1650 2407 2710 2897 
14395 1695 2688 2003 2881 
14396 241 2077 2847 2927 
14397 1819 2288 2416 2911 
14398 449 471 572 2445 
14399 1916 2565 2784 2919 
14400 485 1138 1021 2338 
14401 2044 2045 1599 2856 
14402 339 842 454 2720 
14403 2215 2445 1793 2758 
14404 806 2363 409 2929 
14405 133 2197 132 3060 
14406 189 2802 1994 3098 
14407 1688 2708 2011 3084 
14408 234 232 233 2738 
14409 497 734 1065 2437 
14410 936 937 1017 2003 
14411 1145 1165 159 2378 
14412 134 133 131 2197 
14413 2182 2469 1795 2621 
14414 763 949 1106 2282 
14415 2164 2192 1828 2603 
14416 307 1856 340 3031 
14417 2063 2790 1749 3104 
14418 662 1012 663 2377 
14419 519 511 520 2392 
14420 1666 2177 2496 2961 
14421 1990 1628 2828 3017 
14422 2043 2760 1689 2793 
14423 258 253 927 2591 
14424 350 963 193 2695 
14425 2347 2484 1642 2983 
14426 1001 1177 128 2390 
14427 370 351 352 2927 
14428 2298 2622 1695 2881 
14429 1728 2562 1968 2919 
14430 1823 2616 2569 2967 
14431 1801 2725 2380 2854 
14432 2126 1893 2522 2888 
14433 1839 2761 2548 2974 
14434 2392 1698 2643 3049 
14435 526 488 680 2734 
14436 2498 2543 1699 2737 
14437 2254 2744 1954 2854 
14438 225 227 224 2933 
14439 1769 2315 2741 3087 
14440 2353 2582 195 3024 
14441 1867 1943 2409 2954 
14442 1616 1958 2257 2324 
14443 19 1716 4 2319 
14444 607 2545 610 3061 
14445 528 2180 529 3025 
14446 284 2737 2035 2853 
14447 2125 2336 1673 2996 
14448 1172 838 630 2824 
14449 1868 2827 2569 2885 
14450 1649 2776 2073 3021 
14451 1770 2933 2452 2957 
14452 2127 2483 1867 2954 
14453 162 2126 620 2575 
14454 531 532 498 2260 
14455 452 2462 1100 3012 
14456 292 290 2410 2613 
14457 2216 2883 1999 3093 
14458 690 1111 2517 2631 
14459 758 766 1096 2272 
14460 1129 406 2341 2454 
14461 2276 2633 1932 2843 
14462 1947 2348 2142 2608 
14463 478 797 249 2440 
14464 1557 2769 2563 2842 
14465 1552 2510 2169 2851 
14466 490 1143 584 2819 
14467 1894 2591 2048 3022 
14468 339 338 367 2299 
14469 2425 2578 1815 2883 
14470 912 10 92 2666 
14471 271 270 272 3072 
14472 340 343 342 2451 
14473 1794 2398 2355 2948 
14474 2094 2592 1651 3058 
14475 1618 2072 2610 3065 
14476 1581 2380 2725 2854 
14477 1941 2507 1942 2787 
14478 2246 2720 1657 3063 
14479 1607 2727 2191 3091 
14480 1867 2905 1877 3046 
14481 1104 2528 341 2807 
14482 1751 2936 1970 2939 
14483 376 2645 881 3094 
14484 914 1083 8 2237 
14485 1653 2381 2250 2593 
14486 940 2831 170 3101 
14487 898 1072 1041 2965 
14488 1697 2686 2214 3034 
14489 2464 2717 2153 2867 
14490 1591 2149 1949 3016 
14491 1735 2567 2079 3083 
14492 1973 2310 1602 2573 
14493 2494 2679 1816 2755 
14494 2092 2358 1615 2538 
14495 711 658 1046 2209 
14496 1708 2394 2174 2781 
14497 2057 2344 1705 2902 
14498 250 251 252 2912 
14499 1539 2482 2408 2950 
14500 1171 1017 937 2722 
14501 2606 2665 1884 2876 
14502 1689 2635 2303 2756 
14503 1656 1960 2494 2679 
14504 1757 2422 2253 2489 
14505 551 960 343 2806 
14506 2131 2381 1779 2991 
14507 1672 2456 2491 2896 
14508 1705 2633 2018 3054 
14509 1105 1030 736 2514 
14510 2172 1673 2503 2681 
14511 690 2517 349 2671 
14512 1603 2084 2596 2918 
14513 1759 2366 2078 2975 
14514 972 871 596 2316 
14515 1755 2603 2191 2727 
14516 1597 2787 1952 2815 
14517 1724 2745 2066 2856 
14518 1699 2652 2053 2999 
14519 528 591 567 2180 
14520 1545 2908 2118 2982 
14521 834 372 352 2927 
14522 506 590 450 3066 
14523 1996 2490 1685 2707 
14524 1693 2604 2042 2842 
14525 2060 1749 2875 3104 
14526 1913 2295 2148 2968 
14527 2033 2663 1694 3038 
14528 361 363 941 2493 
14529 180 634 178 2264 
14530 685 573 516 2526 
14531 2761 2773 1752 2914 
14532 1116 939 530 2930 
14533 2468 2810 1915 2982 
14534 669 2797 2060 3104 
14535 789 566 594 2241 
14536 636 595 1006 2405 
14537 998 1178 689 2575 
14538 543 2367 818 3001 
14539 1751 1970 2742 2939 
14540 160 157 152 2516 
14541 1730 2768 2151 2826 
14542 664 668 812 2403 
14543 575 1102 492 2660 
14544 1830 2026 2580 3023 
14545 1967 1721 2672 2696 
14546 925 1152 513 2275 
14547 306 2742 309 2939 
14548 1078 1144 598 2261 
14549 1561 2359 2661 2821 
14550 124 130 129 2086 
14551 843 1117 1068 2551 
14552 1664 2409 1877 3046 
14553 136 127 137 2881 
14554 2138 2522 1893 2888 
14555 1735 2970 2567 3083 
14556 176 2767 1066 2923 
14557 635 2327 667 2920 
14558 1748 2464 2153 2867 
14559 1581 1954 2744 2854 
14560 477 557 476 2504 
14561 895 2529 294 2627 
14562 1813 2455 2258 2913 
14563 2000 2303 2757 2909 
14564 1625 2052 2690 2699 
14565 1620 2423 2163 2531 
14566 1543 2541 2902 3007 
14567 744 1112 350 2677 
14568 456 953 533 2583 
14569 1716 2156 2319 2743 
14570 1810 2717 2464 2867 
14571 1585 3054 2018 3062 
14572 1909 1623 2279 2687 
14573 486 1121 360 2484 
14574 949 948 278 2282 
14575 2676 2761 1839 2974 
14576 344 2685 308 3031 
14577 27 790 3 2395 
14578 2205 1646 2304 2819 
14579 1054 1108 814 2315 
14580 658 711 556 2209 
14581 346 347 394 2244 
14582 1711 1831 2514 2800 
14583 557 854 855 2504 
14584 1552 2169 2421 2679 
14585 1833 2011 2549 2898 
14586 269 2624 894 2818 
14587 442 1166 931 2373 
14588 2253 2422 1672 2489 
14589 301 890 1155 2792 
14590 875 216 988 2849 
14591 1999 3046 2301 3093 
14592 189 1994 332 3097 
14593 2651 2985 1666 3022 
14594 90 2442 161 2838 
14595 2323 2545 1875 2789 
14596 1027 745 507 2268 
14597 2184 2857 1764 2925 
14598 1689 2000 2760 2909 
14599 4 1716 987 2319 
14600 979 2074 696 2984 
14601 680 2171 994 2832 
14602 1781 2685 2176 2984 
14603 1763 2304 2082 2971 
14604 176 1031 1066 2767 
14605 1625 2231 1966 2715 
14606 561 586 843 2551 
14607 1069 2871 2868 2992 
14608 1643 2553 2114 2556 
14609 2306 3004 1829 3083 
14610 411 281 1029 2662 
14611 2029 1896 2783 2809 
14612 345 1117 188 2044 
14613 136 137 2688 2881 
14614 1666 2985 2292 3022 
14615 540 494 541 2574 
14616 798 797 1023 2609 
14617 711 1046 846 2570 
14618 1763 2389 2195 2786 
14619 102 26 25 2697 
14620 2377 2634 1851 3029 
14621 991 2088 2737 2853 
14622 1182 1183 1185 2219 
14623 1815 2905 2883 3093 
14624 1861 2399 2199 2840 
14625 1071 902 1036 2988 
14626 15 2 175 2487 
14627 2410 2473 2063 2790 
14628 2116 1624 2525 2803 
14629 620 998 2575 2888 
14630 236 240 239 2296 
14631 361 397 360 2493 
14632 1549 2207 2467 2691 
14633 1702 2469 2340 2621 
14634 2312 2575 1740 2673 
14635 708 1155 890 2792 
14636 2232 2624 271 3072 
14637 463 2751 321 2900 
14638 1787 2494 2158 2755 
14639 878 334 1169 2223 
14640 607 610 678 3061 
14641 209 418 982 2600 
14642 2396 2945 1903 3086 
14643 2037 2907 1895 2940 
14644 1617 2605 2554 3077 
14645 2282 2513 1739 3039 
14646 2005 2543 2159 2907 
14647 1020 2528 1104 2807 
14648 726 2866 973 3067 
14649 817 818 819 2367 
14650 425 540 915 2574 
14651 1880 2877 2689 2959 
14652 850 415 413 2887 
14653 1546 2228 2566 2650 
14654 203 226 205 2860 
14655 529 1181 642 3025 
14656 584 2557 2205 2819 
14657 109 111 116 2707 
14658 2868 2871 1951 2992 
14659 2017 2499 1959 2756 
14660 1626 1966 1949 2371 
14661 982 876 215 2146 
14662 832 833 2548 2761 
14663 240 236 599 2296 
14664 1084 773 92 2099 
14665 2188 2586 1848 2889 
14666 1646 2557 2226 2819 
14667 853 653 1100 2462 
14668 2050 2828 1628 3017 
14669 2128 3027 1721 3101 
14670 829 518 519 2392 
14671 4 19 96 1716 
14672 1104 341 698 2807 
14673 1657 3034 2165 3063 
14674 1571 2062 2976 3092 
14675 2329 2448 1633 2940 
14676 1663 2349 2540 3039 
14677 914 2420 151 2997 
14678 1591 1949 2371 3016 
14679 2254 2455 1801 2841 
14680 1779 2832 2001 2868 
14681 709 2261 769 2559 
14682 1857 2689 2233 2877 
14683 2164 1893 2673 2982 
14684 1994 2874 332 3097 
14685 1550 2629 2798 3042 
14686 288 286 493 2499 
14687 1993 1715 2866 3028 
14688 494 745 541 2268 
14689 316 1056 1134 2590 
14690 1946 1960 1950 3088 
14691 1643 2553 2616 2967 
14692 1589 2280 2593 2648 
14693 963 1034 195 2353 
14694 1158 855 2278 2504 
14695 751 748 749 2790 
14696 2519 2602 1772 2664 
14697 1695 2274 2622 2894 
14698 1168 145 709 2559 
14699 445 507 494 2268 
14700 903 1113 16 2013 
14701 862 1976 2370 2487 
14702 118 956 1139 2838 
14703 1772 2519 2664 3020 
14704 1621 2575 2312 2673 
14705 750 747 950 2102 
14706 526 1087 524 2734 
14707 1818 2000 2619 2730 
14708 2177 2404 2496 2961 
14709 1727 2483 2127 2954 
14710 519 521 522 2723 
14711 1133 2347 654 2983 
14712 1634 2183 2344 2902 
14713 1649 2461 2042 2604 
14714 1679 2892 2276 3033 
14715 2291 2396 1903 2656 
14716 1649 2604 2073 2776 
14717 1018 893 1054 2772 
14718 1540 2760 2000 2909 
14719 978 116 111 2707 
14720 986 660 1006 2405 
14721 1686 2077 2626 2786 
14722 1911 2315 2741 3025 
14723 2190 1711 2598 3064 
14724 2368 2470 1878 2612 
14725 1755 2470 2368 2612 
14726 2633 2857 2843 3033 
14727 169 134 944 2128 
14728 1780 2440 2236 2816 
14729 2622 2688 1695 2881 
14730 1046 2209 658 2752 
14731 1706 2609 2440 2912 
14732 751 2790 904 3104 
14733 2056 2405 1806 2801 
14734 1979 2805 1666 2985 
14735 1102 468 492 2736 
14736 1747 2076 2358 3015 
14737 2004 2512 1902 3099 
14738 1805 2241 2663 2834 
14739 471 2215 548 2963 
14740 2375 2516 1882 2809 
14741 1749 2063 2473 2790 
14742 2074 2520 1781 2984 
14743 737 2286 602 2735 
14744 1699 2035 2498 2737 
14745 118 1139 2516 2838 
14746 1028 475 2774 2988 
14747 2654 2696 1967 3073 
14748 1674 2445 2434 2963 
14749 709 769 1146 2559 
14750 568 1111 1092 2631 
14751 824 478 247 2440 
14752 1669 2696 1967 3045 
14753 1980 2906 2388 3103 
14754 1726 2301 2156 2926 
14755 1699 2053 2682 2999 
14756 1608 2035 2682 2999 
14757 973 237 2383 2855 
14758 2318 2417 1785 2733 
14759 2214 2470 1697 2641 
14760 769 2261 1144 2963 
14761 2217 2658 1758 2820 
14762 746 741 950 2534 
14763 2729 2998 2391 3076 
14764 1663 2282 2481 2981 
14765 725 724 2226 2819 
14766 283 281 282 2853 
14767 870 546 632 2474 
14768 1855 2732 2234 2938 
14769 1560 2843 2633 2857 
14770 2643 2723 1800 3035 
14771 172 170 173 2120 
14772 1147 346 441 3097 
14773 622 621 1000 2138 
14774 792 1093 149 2438 
14775 1937 2976 2629 3092 
14776 1579 2883 2905 3093 
14777 2665 2921 2317 2944 
14778 2017 2818 1977 3059 
14779 1800 2439 2284 2872 
14780 1646 2205 2557 2819 
14781 1559 2527 2092 2944 
14782 1767 2825 2270 2845 
14783 448 378 398 2509 
14784 268 2363 806 3072 
14785 1779 2868 1951 2992 
14786 1541 2412 2369 2586 
14787 515 390 516 2469 
14788 542 374 372 2444 
14789 2023 2645 1024 2858 
14790 1560 2360 2633 2843 
14791 1992 2513 2282 3039 
14792 1757 2608 2046 2813 
14793 312 544 316 2828 
14794 397 488 487 2734 
14795 1158 2278 699 3005 
14796 264 263 265 2362 
14797 762 1095 765 2891 
14798 994 2171 941 2931 
14799 1552 2169 2679 2851 
14800 626 627 2561 2904 
14801 126 924 123 2274 
14802 564 2323 877 2863 
14803 1129 2341 405 2381 
14804 1549 2496 2021 2966 
14805 829 522 830 2643 
14806 187 186 2055 2802 
14807 2269 1819 2416 2911 
14808 1072 2860 226 2965 
14809 1558 2214 2686 3034 
14810 2111 2156 1768 2601 
14811 788 463 166 2900 
14812 1993 2736 1688 2899 
14813 603 2379 660 3053 
14814 202 743 2383 2721 
14815 699 555 707 3005 
14816 1720 2165 2550 3002 
14817 2118 2908 2810 2982 
14818 2174 2394 1572 2781 
14819 916 362 359 2105 
14820 1575 2312 2763 2809 
14821 2029 1621 2442 2575 
14822 405 580 2381 2991 
14823 1007 714 967 2737 
14824 619 364 362 2105 
14825 1087 526 687 2823 
14826 2182 2903 2864 3066 
14827 396 2381 2250 2454 
14828 2127 2771 1731 3040 
14829 28 1185 29 2129 
14830 931 1166 1121 2484 
14831 922 2512 467 3099 
14832 913 2080 1087 2823 
14833 15 100 2824 2871 
14834 1575 2829 2375 2975 
14835 436 437 406 2454 
14836 694 2034 742 2992 
14837 2760 2793 2043 3004 
14838 421 422 368 2246 
14839 1543 2541 2506 3047 
14840 1926 1653 2593 2648 
14841 205 898 207 2860 
14842 1604 2530 2075 2834 
14843 585 503 501 2548 
14844 1569 2433 2265 2762 
14845 2001 2414 1656 2868 
14846 725 2557 2226 3067 
14847 729 1133 654 2983 
14848 2057 2918 1913 3033 
14849 2606 2876 1884 3051 
14850 1769 2741 2022 3087 
14851 1747 2538 2358 2951 
14852 939 1171 938 2413 
14853 547 660 603 2379 
14854 2116 2539 1837 2803 
14855 1991 2751 2004 3099 
14856 624 623 481 2159 
14857 2139 1801 2841 2854 
14858 158 132 1145 2378 
14859 2409 2713 1576 2954 
14860 2278 2504 855 2746 
14861 774 793 760 2513 
14862 2043 2793 1781 3004 
14863 1048 665 663 2634 
14864 474 463 788 1991 
14865 1683 2405 2379 3053 
14866 2272 2852 1728 2919 
14867 189 332 190 3097 
14868 1598 2156 2301 2926 
14869 1024 649 1091 2023 
14870 913 2666 2080 2823 
14871 442 931 733 2106 
14872 696 979 1141 2074 
14873 2265 2433 1710 2762 
14874 1832 2173 2327 2937 
14875 1579 3046 1999 3093 
14876 98 160 932 2221 
14877 1669 2449 2149 3016 
14878 735 1105 736 2514 
14879 1566 2658 2217 2820 
14880 2558 2579 1962 3075 
14881 213 216 214 2536 
14882 1028 1036 475 2988 
14883 994 407 2832 2931 
14884 323 322 319 3009 
14885 1553 2344 2276 2892 
14886 529 528 567 2180 
14887 916 357 391 2320 
14888 1701 2679 1960 2851 
14889 1997 1758 2591 2820 
14890 1575 2809 2375 2829 
14891 1940 2114 2556 2967 
14892 1059 1112 877 2695 
14893 787 2064 505 2822 
14894 2096 2149 1591 3016 
14895 289 288 307 3031 
14896 1026 151 2420 2997 
14897 721 722 446 2578 
14898 169 134 2128 3027 
14899 2000 2757 1708 2909 
14900 1894 2820 2591 3022 
14901 695 2685 353 2984 
14902 1716 2156 2111 2319 
14903 2138 2671 1064 2888 
14904 1104 1020 341 2528 
14905 122 2390 128 2947 
14906 879 572 471 2963 
14907 1842 2729 2391 3076 
14908 1947 1580 2345 2608 
14909 1601 2302 2698 3003 
14910 202 2383 200 2721 
14911 590 708 1120 2175 
14912 1705 2344 2183 2902 
14913 1907 2813 2482 2941 
14914 1802 2102 2564 2811 
14915 1859 2251 2228 2754 
14916 2038 2625 2176 3040 
14917 439 438 2774 2969 
14918 1715 2855 2281 2866 
14919 844 516 390 2340 
14920 1694 2439 2284 3038 
14921 2182 2621 1795 2903 
14922 2088 2652 1633 2940 
14923 786 704 2773 3078 
14924 1583 2155 1946 3088 
14925 791 1045 102 2697 
14926 2126 2442 1621 2575 
14927 1776 2485 2198 3096 
14928 2147 2704 1811 3021 
14929 1903 2396 2291 2945 
14930 1597 2291 2396 2945 
14931 1568 2958 2472 3026 
14932 908 141 167 3045 
14933 861 2370 862 2882 
14934 2017 2624 1786 2818 
14935 785 2319 639 3078 
14936 1999 2926 2216 3093 
14937 1546 2566 1962 2650 
14938 1167 432 515 2182 
14939 1716 2598 2514 2800 
14940 1607 2191 2641 3091 
14941 725 2226 2557 2819 
14942 601 600 640 2038 
14943 614 446 393 2914 
14944 28 119 120 2129 
14945 408 218 875 2957 
14946 2133 2775 2635 3068 
14947 2244 2595 1841 3030 
14948 2159 2543 1895 2907 
14949 2043 2537 1689 2760 
14950 1808 2573 2310 2777 
14951 690 1092 1111 2631 
14952 1873 2684 2199 3003 
14953 1573 2156 1716 2598 
14954 1863 2769 2439 2987 
14955 1764 2184 2925 3085 
14956 1741 2605 2554 2840 
14957 2021 2805 1666 3032 
14958 1895 2448 2037 2940 
14959 973 692 1164 2855 
14960 909 133 138 2880 
14961 511 2392 518 3049 
14962 503 502 501 2372 
14963 1825 2317 2665 2921 
14964 2790 2875 1749 3104 
14965 740 619 1131 1968 
14966 789 717 1075 2241 
14967 695 2176 1003 2685 
14968 671 840 426 2309 
14969 1882 2375 2809 2829 
14970 1796 2446 2115 2776 
14971 146 2070 770 2438 
14972 1839 2166 2676 2836 
14973 188 2044 1118 2802 
14974 564 560 877 2323 
14975 2382 2892 1760 3071 
14976 2192 2669 1675 2670 
14977 1542 2840 2407 2989 
14978 1662 2040 2804 3036 
14979 966 837 836 2626 
14980 2660 2736 1993 2899 
14981 1890 2736 2660 2899 
14982 1669 2149 2096 3016 
14983 1542 2453 2255 3019 
14984 2627 2797 980 3104 
14985 186 185 187 2055 
14986 1634 2344 2152 3071 
14987 1951 2868 1656 2871 
14988 877 560 607 2323 
14989 2461 2604 2115 2769 
14990 151 1026 923 2997 
14991 872 378 449 2858 
14992 514 258 550 2560 
14993 2177 1735 2539 2966 
14994 269 285 894 2624 
14995 1669 2149 2049 2436 
14996 206 219 204 2466 
14997 1164 693 990 2855 
14998 1804 2941 2471 2942 
14999 1647 2471 2941 2942 
15000 172 174 957 2257 
15001 1740 2670 2669 2673 
15002 2092 2527 1635 2921 
15003 1621 2029 2442 3037 
15004 1079 878 858 2692 
15005 1575 2740 2503 2763 
15006 1668 2558 2337 2795 
15007 297 895 294 2627 
15008 1143 490 677 2819 
15009 2133 2571 1578 2632 
15010 1132 164 730 2688 
15011 1788 2798 2629 3042 
15012 2254 2841 1801 2854 
15013 1723 2566 2228 2650 
15014 431 429 427 2386 
15015 1735 2079 2567 3090 
15016 1716 1573 2598 2800 
15017 1699 2652 2088 2940 
15018 2115 2461 1649 2604 
15019 720 1958 1103 2680 
15020 1550 2728 2629 3042 
15021 2136 2508 1788 2798 
15022 1979 2683 1659 2985 
15023 1625 2690 2231 2699 
15024 1613 2272 2565 2830 
15025 2128 2754 1859 3101 
15026 513 1152 772 2275 
15027 1979 1666 2697 2985 
15028 671 965 840 2309 
15029 1549 2021 2859 2966 
15030 938 710 689 2930 
15031 2050 2664 1751 2742 
15032 914 9 93 2237 
15033 593 876 771 2488 
15034 1672 2785 2456 2896 
15035 854 2551 1068 2746 
15036 1991 1902 2865 3099 
15037 1564 2696 2654 3073 
15038 1706 2355 2609 2912 
15039 1883 2607 2245 2619 
15040 788 1991 2680 2865 
15041 1661 2521 2567 2970 
15042 1737 2166 2459 2836 
15043 472 548 471 2215 
15044 1940 2376 1941 2943 
15045 844 685 516 2340 
15046 475 1039 1028 2774 
15047 2044 2551 2045 2856 
15048 1993 2866 2226 3028 
15049 860 878 1169 2223 
15050 1623 1985 2277 2572 
15051 1674 2434 2261 2963 
15052 109 116 779 2707 
15053 556 1022 515 2469 
15054 1049 914 93 2420 
15055 1842 2702 2259 2729 
15056 2230 2865 1958 3014 
15057 1770 2615 2267 2879 
15058 473 2676 831 2761 
15059 1856 2451 2133 3068 
15060 1643 2049 2553 2556 
15061 1935 2472 2052 2959 
15062 1664 1876 2137 2301 
15063 707 2242 1136 3005 
15064 2118 2810 1742 2982 
15065 898 1041 418 2179 
15066 2511 2925 2184 3085 
15067 1772 2887 2519 3020 
15068 2327 2920 1725 2937 
15069 1153 27 28 2395 
15070 544 897 965 2828 
15071 1940 2709 2376 2943 
15072 2253 2422 1757 2950 
15073 326 2318 322 2994 
15074 1752 2761 2548 2773 
15075 491 468 467 2512 
15076 1702 2254 2621 2765 
15077 283 1029 281 2613 
15078 224 889 545 2267 
15079 1877 2301 1598 2956 
15080 1688 2011 2899 3084 
15081 2080 2666 1684 2823 
15082 2376 2709 1941 2943 
15083 1094 128 2390 2947 
15084 197 195 2582 3024 
15085 777 1181 597 2906 
15086 2328 2694 1965 2719 
15087 1568 2693 2813 3026 
15088 1768 2699 2231 3010 
15089 449 572 649 2445 
15090 1905 2814 1998 2948 
15091 827 917 828 2701 
15092 994 395 407 2931 
15093 285 271 286 2624 
15094 1136 842 423 2720 
15095 1951 2871 2870 2992 
15096 738 1005 1045 2651 
15097 1991 2865 1902 3014 
15098 935 342 976 2451 
15099 403 401 604 2417 
15100 98 105 118 2838 
15101 2869 2870 1081 2992 
15102 651 913 1060 2666 
15103 2340 2621 1767 2765 
15104 676 455 2555 2719 
15105 294 895 293 2529 
15106 1573 2156 2598 2715 
15107 698 693 579 2342 
15108 1829 2793 2760 3004 
15109 981 864 865 2837 
15110 1851 2403 2377 2936 
15111 2763 2809 2312 3037 
15112 1712 2516 2029 2838 
15113 1005 927 719 2651 
15114 262 260 263 2354 
15115 1093 779 781 2225 
15116 1940 2556 2114 2943 
15117 609 533 737 2583 
15118 142 2402 140 3045 
15119 656 1118 1117 2045 
15120 785 383 2319 3078 
15121 1610 2021 2805 2998 
15122 690 479 2138 2671 
15123 295 967 907 2498 
15124 485 453 484 2387 
15125 268 806 270 3072 
15126 324 2486 325 3009 
15127 2389 2623 1927 3043 
15128 863 522 523 2723 
15129 933 162 910 2442 
15130 1577 2361 2489 3051 
15131 2132 2762 1793 2858 
15132 2132 2858 375 3094 
15133 2114 2553 2049 2556 
15134 606 821 2249 2822 
15135 1020 1104 701 2807 
15136 1763 2051 2532 2955 
15137 1096 2565 2272 2830 
15138 621 570 554 3069 
15139 1154 1115 103 2578 
15140 351 241 352 2927 
15141 1717 2647 2581 3048 
15142 1629 1962 2579 3075 
15143 1729 2694 2328 2719 
15144 131 129 130 3060 
15145 725 2557 584 2819 
15146 1566 2658 2292 2748 
15147 1715 2866 2226 3067 
15148 1573 2111 1716 2156 
15149 932 921 93 2221 
15150 892 206 208 2466 
15151 601 484 600 2038 
15152 885 1037 884 2486 
15153 2503 2763 1790 2975 
15154 1749 2564 2102 2811 
15155 961 670 1009 2350 
15156 1183 2219 1184 3089 
15157 1941 2709 2638 2943 
15158 2123 2966 1735 3090 
15159 1746 2045 2551 2856 
15160 1024 872 649 2858 
15161 1026 1049 154 2420 
15162 511 518 510 3049 
15163 169 3027 2128 3101 
15164 568 505 787 2064 
15165 718 2326 1062 2906 
15166 361 941 397 2493 
15167 148 936 137 2881 
15168 2200 2457 1856 2501 
15169 397 487 486 2061 
15170 1009 2350 670 3103 
15171 1616 2252 2222 2724 
15172 1876 2301 1877 2956 
15173 803 1100 452 2462 
15174 1700 2507 2492 2614 
15175 834 352 241 2927 
15176 2151 2768 2263 2826 
15177 748 451 2564 2875 
15178 2810 2908 1915 2982 
15179 1698 2025 2659 3035 
15180 1579 1999 3046 3083 
15181 395 2250 396 2381 
15182 2057 1705 2541 2902 
15183 905 2672 135 3027 
15184 1856 2501 2457 2812 
15185 714 625 967 2543 
15186 1068 1117 345 2044 
15187 783 728 2414 2823 
15188 105 90 2838 3102 
15189 623 1022 711 2570 
15190 785 639 638 3078 
15191 1691 2493 2171 2931 
15192 1649 2115 2604 2776 
15193 762 2513 760 2891 
15194 888 980 297 2627 
15195 739 2341 900 2991 
15196 290 1073 292 2410 
15197 640 1098 732 2625 
15198 1767 2621 2535 2765 
15199 2022 2610 1769 3087 
15200 1697 2641 2249 2964 
15201 321 145 166 2900 
15202 941 994 680 2171 
15203 1610 2998 2467 3032 
15204 535 536 592 2904 
15205 754 950 1032 2534 
15206 2569 2827 1823 2885 
15207 1710 2858 2132 3094 
15208 330 329 1169 2428 
15209 112 22 103 2227 
15210 1824 2958 2472 3044 
15211 2052 2693 2472 3026 
15212 1702 2621 2340 2765 
15213 2417 2733 2318 2994 
15214 153 924 126 2274 
15215 328 329 330 2428 
15216 1752 2548 2069 2773 
15217 619 1174 1131 2830 
15218 303 306 305 2742 
15219 2172 2291 1597 2815 
15220 1846 2537 2483 2909 
15221 888 668 980 2797 
15222 829 830 1176 2643 
15223 576 514 992 2560 
15224 1613 2784 2565 2919 
15225 1688 2736 2512 3084 
15226 2267 2615 1770 2933 
15227 2136 2798 1788 3042 
15228 690 782 349 2517 
15229 801 493 800 2501 
15230 873 683 537 2835 
15231 626 536 627 2904 
15232 383 223 89 2100 
15233 462 546 2474 3079 
15234 1760 2382 2288 2892 
15235 726 725 2226 3067 
15236 767 1029 292 2613 
15237 1545 2118 2908 3096 
15238 300 891 2664 3020 
15239 399 777 571 2388 
15240 1724 2504 2278 2746 
15241 2044 2802 188 3098 
15242 1675 2655 2064 3091 
15243 2435 2505 1658 2968 
15244 1703 2500 2283 2886 
15245 1739 2952 2349 3039 
15246 898 2860 1072 2965 
15247 1623 1952 2172 2687 
15248 2247 2862 2084 2918 
15249 597 2326 718 2906 
15250 294 293 291 2529 
15251 970 795 810 2401 
15252 1634 2152 2393 3071 
15253 578 725 724 2226 
15254 271 2624 269 3072 
15255 750 752 749 2790 
15256 1818 2619 2245 2730 
15257 1612 2245 2619 2730 
15258 218 217 214 2957 
15259 220 221 224 2933 
15260 2457 2635 2303 2757 
15261 141 143 142 3045 
15262 1751 2602 2098 2664 
15263 2116 2525 2748 2803 
15264 1780 2296 2480 2759 
15265 303 897 306 2742 
15266 2288 2547 1824 2862 
15267 2870 2871 1081 2992 
15268 2324 2672 1721 2696 
15269 389 385 386 2825 
15270 1119 4 96 1716 
15271 588 534 576 2983 
15272 1688 2899 2736 3084 
15273 768 128 1177 2390 
15274 1168 2070 146 2559 
15275 1073 290 293 2410 
15276 1943 2713 2409 2954 
15277 2368 2579 1828 3075 
15278 837 351 836 2626 
15279 1745 2489 2361 3051 
15280 2165 1720 2550 3063 
15281 89 2319 2100 2743 
15282 1092 621 867 2631 
15283 497 183 181 2071 
15284 101 12 11 2357 
15285 1575 2312 2740 2763 
15286 1861 2731 2640 3019 
15287 517 606 1004 2249 
15288 887 830 885 2167 
15289 1951 2870 2869 2992 
15290 473 831 832 2761 
15291 490 584 574 2205 
15292 326 318 322 2318 
15293 697 2370 569 3069 
15294 1094 128 768 2390 
15295 833 585 832 2548 
15296 1107 1095 551 2200 
15297 2285 2674 1650 3070 
15298 1825 2455 2254 2841 
15299 171 940 170 3101 
15300 202 1043 743 2721 
15301 385 366 384 2825 
15302 241 808 834 2847 
15303 1116 332 1994 2874 
15304 883 848 847 2243 
15305 306 305 2742 2939 
15306 2038 2990 2771 3040 
15307 1752 2548 2761 2974 
15308 1575 2763 2503 2975 
15309 475 438 1039 2774 
15310 2303 2537 1846 2909 
15311 130 1031 944 2767 
15312 974 599 943 2480 
15313 1671 2133 2451 3068 
15314 1107 2200 801 2739 
15315 405 739 580 2991 
15316 1644 2511 2184 3085 
15317 1637 2188 2758 2889 
15318 1092 867 568 2631 
15319 1808 2777 2310 3076 
15320 439 438 475 2774 
15321 1568 2332 2817 2941 
15322 1666 2307 2286 2961 
15323 1671 2320 1978 2806 
15324 2173 1725 2920 2937 
15325 1747 2713 2538 2951 
15326 1569 2433 2762 2910 
15327 1168 993 146 2070 
15328 508 615 509 2726 
15329 1154 103 21 2227 
15330 2527 2921 2092 2944 
15331 773 1157 92 2099 
15332 1613 2141 2784 2919 
15333 98 2357 12 3102 
15334 740 1131 1035 1968 
15335 725 727 2557 3067 
15336 1737 2771 2387 2836 
15337 903 2013 16 3089 
15338 1110 1055 778 3103 
15339 2431 2708 1953 3000 
15340 325 328 327 2240 
15341 365 366 255 3001 
15342 465 2751 463 3099 
15343 1550 2189 2674 2794 
15344 223 722 104 2100 
15345 306 309 305 2939 
15346 2185 2582 1667 3024 
15347 163 162 620 2575 
15348 828 417 968 3059 
15349 994 2832 2171 2931 
15350 253 258 254 2591 
15351 797 365 251 2609 
15352 610 951 1011 3061 
15353 2079 1580 2567 3090 
15354 899 692 973 2866 
15355 1644 2530 2511 3085 
15356 2511 2530 2075 3085 
15357 2412 2796 1872 2846 
15358 1069 2868 691 2992 
15359 2606 2958 2046 3026 
15360 1643 2556 2114 2967 
15361 1114 1115 723 2578 
15362 1184 1183 1182 2219 
15363 276 278 274 2481 
15364 585 2548 833 2773 
15365 131 2197 133 3060 
15366 736 770 647 2070 
15367 698 579 901 2342 
15368 1702 2209 2744 3057 
15369 2133 2635 1856 3068 
15370 308 2685 289 3031 
15371 345 958 2746 3098 
15372 769 1144 879 2963 
15373 1789 2654 2378 2880 
15374 222 95 112 2307 
15375 347 348 349 2874 
15376 602 791 95 2307 
15377 665 2634 1071 2988 
15378 2560 2591 1894 2820 
15379 1894 2048 2651 3022 
15380 376 1024 2645 2858 
15381 1681 2479 2166 2837 
15382 543 818 366 3001 
15383 137 936 164 2688 
15384 891 840 965 3020 
15385 620 1064 998 2888 
15386 978 1061 116 2707 
15387 1683 2452 2405 3053 
15388 555 517 1004 2595 
15389 2038 2387 2771 2990 
15390 1149 2627 980 3104 
15391 1034 197 195 2582 
15392 715 1167 515 2864 
15393 1182 2395 3 2683 
15394 629 460 447 2477 
15395 1708 2000 2730 2757 
15396 543 385 871 2270 
15397 743 973 237 2383 
15398 799 271 272 2232 
15399 939 1116 1170 2413 
15400 603 546 547 3079 
15401 1573 1966 2231 2715 
15402 569 697 861 2370 
15403 615 617 630 2533 
15404 1763 2626 2051 2955 
15405 1817 2695 2353 3050 
15406 1078 706 1144 2434 
15407 988 603 971 3053 
15408 743 726 973 3067 
15409 344 353 2685 2993 
15410 847 448 398 2509 
15411 1886 2012 2878 3069 
15412 1890 2736 2899 3084 
15413 1766 2284 2439 2872 
15414 234 235 241 2847 
15415 1767 2845 2270 3011 
15416 2254 2515 1825 2841 
15417 1613 2320 2105 2830 
15418 2246 2550 1720 3063 
15419 626 592 536 2904 
15420 747 748 451 2564 
15421 2467 2859 2021 2998 
15422 653 861 1150 2882 
15423 258 266 254 2591 
15424 2173 2920 2327 2937 
15425 780 108 779 2225 
15426 1981 2685 1781 2993 
15427 771 593 2488 3095 
15428 712 1091 575 2660 
15429 2344 1760 2892 3071 
15430 1806 2973 2380 3057 
15431 335 338 339 2299 
15432 1815 2883 2216 3093 
15433 1731 2990 2176 3040 
15434 1838 2064 2822 3091 
15435 1667 2582 2353 3024 
15436 944 1031 176 2767 
15437 188 1118 186 2802 
15438 414 840 304 3020 
15439 602 2307 222 2735 
15440 270 271 269 3072 
15441 2482 2941 1804 2942 
15442 893 527 642 3025 
15443 758 761 766 2272 
15444 665 1071 1036 2988 
15445 1094 122 128 2947 
15446 977 735 648 2653 
15447 288 289 287 2499 
15448 147 154 152 2298 
15449 1610 2729 2157 2998 
15450 891 303 300 2664 
15451 1796 2318 2733 2994 
15452 1661 2567 2521 2753 
15453 2312 2809 2029 3037 
15454 1608 2682 2053 2999 
15455 192 1020 184 2528 
15456 2034 2869 742 2992 
15457 694 2034 1126 2991 
15458 376 2858 2645 3094 
15459 762 763 2513 2891 
15460 2048 1659 2683 2985 
15461 476 1158 1014 3005 
15462 2226 2866 1715 3028 
15463 1659 2292 2805 2985 
15464 1550 2674 2189 3042 
15465 1610 2021 2998 3032 
15466 1735 1999 3083 3090 
15467 1694 2834 2289 3038 
15468 818 543 819 2367 
15469 754 755 2646 2852 
15470 1839 2836 2676 2974 
15471 2197 2654 1967 2880 
15472 779 116 781 2707 
15473 1566 2820 2649 2833 
15474 1090 157 2516 2783 
15475 396 1129 405 2381 
15476 843 1068 854 2551 
15477 373 2444 374 3094 
15478 2458 2563 1865 2842 
15479 1557 2563 2458 2842 
15480 940 178 634 2831 
15481 901 579 491 2512 
15482 262 917 320 2701 
15483 200 202 743 2383 
15484 1948 2580 1831 2800 
15485 1626 2207 2644 3055 
15486 1564 2449 2696 3073 
15487 1831 2714 1948 2800 
15488 1603 2596 2084 2977 
15489 184 183 191 2677 
15490 2041 2694 1692 2833 
15491 713 1016 628 2700 
15492 1876 1598 2301 2956 
15493 2141 2562 1728 2919 
15494 1679 2084 2862 2918 
15495 1070 1071 2634 2920 
15496 464 598 321 2751 
15497 958 587 855 2746 
15498 942 154 147 2298 
15499 1916 2784 2565 2891 
15500 1025 700 2230 2865 
15501 1714 2882 2462 3012 
15502 725 584 1143 2819 
15503 89 2100 104 2743 
15504 101 912 913 2666 
15505 839 1081 2870 2871 
15506 1120 708 1173 2175 
15507 995 721 446 2425 
15508 159 117 158 2378 
15509 1664 1877 2301 3046 
15510 1090 710 1080 2783 
15511 1735 3083 2079 3090 
15512 726 2226 2866 3067 
15513 949 763 765 2739 
15514 1783 2861 2363 2929 
15515 489 672 836 2955 
15516 1753 2745 2066 2962 
15517 1689 2537 2303 2909 
15518 2008 2670 1740 2671 
15519 872 375 378 2858 
15520 1838 2641 2191 3091 
15521 578 726 2226 2866 
15522 862 2370 697 2487 
15523 2029 2783 2516 2809 
15524 2366 2503 1790 2975 
15525 2021 2496 2177 2966 
15526 998 1064 2671 2888 
15527 376 872 2858 3094 
15528 1579 2905 3046 3093 
15529 1575 2763 2375 2809 
15530 1026 151 914 2420 
15531 325 324 884 2486 
15532 1747 2262 2419 3074 
15533 2253 2585 2422 2950 
15534 157 168 148 2783 
15535 2051 2611 2532 2955 
15536 165 3027 169 3101 
15537 1740 2670 2008 2873 
15538 2173 1725 2634 2920 
15539 1566 2820 2833 3022 
15540 2375 2809 2763 3037 
15541 2222 2566 1723 2589 
15542 2629 2728 1889 3042 
15543 897 544 312 2828 
15544 1960 2679 2169 2851 
15545 1610 2805 2021 3032 
15546 214 875 218 2957 
15547 1708 2730 2271 2757 
15548 1763 2532 2205 2955 
15549 189 1116 332 1994 
15550 2640 2731 1771 3019 
15551 2322 2802 2044 3098 
15552 388 440 387 2993 
15553 304 413 414 2887 
15554 848 645 549 2287 
15555 1546 2638 2709 2943 
15556 659 564 877 2863 
15557 713 624 625 2543 
15558 2329 1633 2652 2940 
15559 1930 2894 2622 2901 
15560 1773 2587 2332 2817 
15561 1541 2796 2412 2846 
15562 762 763 760 2513 
15563 963 195 193 2353 
15564 725 578 726 2226 
15565 503 527 502 2372 
15566 991 2737 284 2853 
15567 115 784 156 2788 
15568 1671 2775 2133 3068 
15569 792 144 146 2438 
15570 2176 2990 2038 3040 
15571 728 691 1151 2868 
15572 1994 2802 2322 3098 
15573 140 142 930 2402 
15574 99 91 108 2190 
15575 203 204 202 2721 
15576 1848 2758 2188 2889 
15577 337 344 308 3031 
15578 1893 1621 2673 2888 
15579 608 865 864 2479 
15580 2123 2539 1735 2966 
15581 401 811 604 2994 
15582 198 196 197 3024 
15583 353 695 1003 2685 
15584 2654 2880 1789 3073 
15585 1795 2864 2182 2903 
15586 957 679 720 2257 
15587 1727 2808 2483 2954 
15588 376 872 1024 2858 
15589 1094 1153 120 2947 
15590 179 178 177 2637 
15591 2139 2725 1801 2854 
15592 2439 2872 1800 2987 
15593 1657 2165 2550 3063 
15594 157 1139 1090 2516 
15595 1546 2638 1961 2709 
15596 483 1003 732 2625 
15597 619 2105 916 2830 
15598 189 190 188 3098 
15599 401 326 322 2994 
15600 680 994 1044 2832 
15601 2116 2748 2539 2803 
15602 901 467 922 2512 
15603 2217 2649 1566 2820 
15604 996 1021 1138 2338 
15605 196 194 195 3024 
15606 614 1021 2338 2914 
15607 1166 356 358 2373 
15608 1680 2579 2558 3075 
15609 808 235 239 2847 
15610 375 2858 872 3094 
15611 1690 2665 2317 2944 
15612 179 730 945 2637 
15613 1856 2501 2812 3031 
15614 793 1130 767 2210 
15615 929 495 611 2520 
15616 1875 2353 2695 3050 
15617 1542 2581 2647 3048 
15618 1598 2156 2319 2601 
15619 1141 613 995 2425 
15620 1894 2833 2820 3022 
15621 650 953 456 2328 
15622 1889 2895 2415 2924 
15623 1666 2805 2292 2985 
15624 2503 2681 1790 2763 
15625 364 396 395 2250 
15626 610 559 856 2545 
15627 1679 2276 2843 3033 
15628 788 2680 1103 2865 
15629 343 354 342 2451 
15630 1540 2483 2760 2909 
15631 2499 1959 2756 2812 
15632 596 1042 972 2316 
15633 275 804 504 2356 
15634 139 2672 167 3045 
15635 1967 2880 2654 3073 
15636 1697 2214 2641 2964 
15637 510 681 841 3049 
15638 2289 2439 1694 3038 
15639 2537 2760 2483 2909 
15640 1859 2923 2128 3101 
15641 209 211 210 2600 
15642 817 263 260 2354 
15643 855 699 1158 2278 
15644 265 267 264 2362 
15645 998 689 620 2575 
15646 308 1003 289 2685 
15647 1878 2579 2368 2934 
15648 2368 2579 1629 2934 
15649 1586 2436 1991 3014 
15650 2079 3046 1999 3083 
15651 1702 2973 2526 3057 
15652 1123 742 684 2869 
15653 919 452 1100 3012 
15654 2407 2840 1775 2989 
15655 1637 2758 2426 2889 
15656 1583 2131 2155 3088 
15657 1129 396 406 2454 
15658 1679 2750 2084 2918 
15659 621 1092 1000 2631 
15660 1660 2681 2503 2763 
15661 700 701 1025 2230 
15662 641 1072 1038 2965 
15663 754 756 755 2852 
15664 682 2590 681 3049 
15665 575 1091 1102 2660 
15666 445 494 425 2574 
15667 337 307 340 3031 
15668 1991 2436 1958 3014 
15669 2345 2608 1580 2890 
15670 484 2387 2038 2990 
15671 707 1136 1014 3005 
15672 213 1097 216 2536 
15673 1828 2656 2368 3075 
15674 1764 2506 2505 2968 
15675 1658 2505 2506 2968 
15676 1539 2408 2422 2950 
15677 1757 2422 2408 2950 
15678 846 1046 431 2752 
15679 806 268 409 2363 
15680 376 375 872 3094 
15681 386 384 496 2825 
15682 554 569 553 3069 
15683 462 461 546 3079 
15684 376 881 373 3094 
15685 1065 2437 633 2863 
15686 660 547 661 2379 
15687 313 906 315 2636 
15688 949 1086 800 2739 
15689 869 2126 2522 2888 
15690 2079 3083 1999 3090 
15691 523 521 537 2723 
15692 905 957 167 2672 
15693 556 516 573 2469 
15694 691 2868 618 2992 
15695 1122 99 108 2190 
15696 429 428 427 2386 
15697 2126 2575 1621 2888 
15698 783 687 728 2823 
15699 1088 786 704 2773 
15700 2457 2635 1856 2812 
15701 1568 2332 2587 2817 
15702 690 1000 1092 2631 
15703 268 270 269 3072 
15704 1860 2387 2771 2836 
15705 1657 2550 2246 3063 
15706 2122 2773 786 2914 
15707 1630 2617 2458 2986 
15708 163 620 689 2575 
15709 379 981 261 2837 
15710 2165 1738 2657 3002 
15711 2412 2586 1541 2846 
15712 96 19 106 2743 
15713 371 410 370 2971 
15714 867 470 469 2352 
15715 534 654 925 2983 
15716 1009 670 1055 3103 
15717 1720 2628 2246 3063 
15718 1568 2472 2958 3044 
15719 792 146 770 2438 
15720 739 405 1129 2341 
15721 1962 2579 1599 2934 
15722 748 1039 451 2875 
15723 1033 787 505 2822 
15724 428 841 671 2678 
15725 716 594 657 3095 
15726 574 1050 672 2955 
15727 1951 2869 2034 2992 
15728 149 144 792 2438 
15729 1689 2760 2537 2909 
15730 1072 1082 1041 2965 
15731 403 402 401 2417 
15732 843 854 561 2551 
15733 161 90 162 2442 
15734 631 1053 630 2533 
15735 1902 2865 2230 3014 
15736 2165 2657 2550 3002 
15737 1736 3006 2189 3070 
15738 1877 2301 3046 3093 
15739 1053 631 862 2882 
15740 287 285 286 2499 
15741 1139 160 118 2516 
15742 2 15 100 2824 
15743 1804 2817 2471 2941 
15744 1728 2852 2646 2938 
15745 189 188 2802 3098 
15746 1709 2216 2578 2883 
15747 769 879 548 2963 
15748 2391 2859 1808 2998 
15749 89 19 2319 2743 
15750 781 116 1061 2707 
15751 789 369 1079 2692 
15752 1861 2418 2640 2731 
15753 419 349 348 2671 
15754 1058 2122 383 3078 
15755 2361 2804 2040 3036 
15756 1671 1978 2775 3068 
15757 477 458 856 2476 
15758 1144 769 598 2261 
15759 620 2126 869 2888 
15760 1568 2587 2472 3044 
15761 485 2387 484 2990 
15762 642 1108 1054 2315 
15763 589 185 945 2722 
15764 611 979 929 2520 
15765 2516 2783 1882 2809 
15766 1556 2635 2457 2757 
15767 3 26 1089 2683 
15768 1744 2569 2616 2967 
15769 388 676 455 2555 
15770 1573 2580 1948 2800 
15771 646 645 648 2653 
15772 1685 2207 2644 3064 
15773 2408 2482 1757 2950 
15774 1849 2804 2361 3036 
15775 960 764 391 2565 
15776 1961 2709 2376 2935 
15777 989 156 790 2788 
15778 1544 2804 2139 2841 
15779 501 832 585 2548 
15780 1069 691 2868 2871 
15781 141 139 167 3045 
15782 937 168 1080 2783 
15783 919 2533 617 3012 
15784 849 412 434 2704 
15785 497 744 183 2677 
15786 650 1148 953 2328 
15787 2290 2524 1847 3047 
15788 1864 2458 2617 2986 
15789 838 1172 100 2824 
15790 1172 1053 2 2824 
15791 415 414 413 2887 
15792 984 201 199 2500 
15793 756 758 757 2852 
15794 1118 1051 186 2045 
15795 1561 2711 2135 3082 
15796 598 769 709 2261 
15797 1057 1078 466 2434 
15798 724 1143 677 2819 
15799 1777 2145 2844 3052 
15800 2533 2882 1714 3012 
15801 1568 2472 2693 3026 
15802 869 162 933 2126 
15803 187 188 186 2802 
15804 2467 2998 2021 3032 
15805 1068 345 958 2746 
15806 836 370 489 2971 
15807 541 745 1070 2920 
15808 1053 862 2 2487 
15809 2157 1808 2998 3076 
15810 1970 2936 2377 2939 
15811 2098 2602 2519 2664 
15812 739 1128 900 2341 
15813 1660 2172 2503 2681 
15814 1564 2310 2777 3076 
15815 340 801 551 2200 
15816 489 410 490 2971 
15817 125 121 923 2901 
15818 777 778 2388 2906 
15819 627 716 641 2561 
15820 662 663 311 2377 
15821 1549 2859 2123 2966 
15822 954 573 880 2526 
15823 1682 2124 2878 3080 
15824 2068 1723 2566 2589 
15825 587 441 555 2595 
15826 1718 2860 2179 2965 
15827 824 599 974 2480 
15828 2370 2878 2012 3069 
15829 631 861 862 2882 
15830 406 1128 1129 2341 
15831 257 636 880 2972 
15832 751 749 904 2790 
15833 511 519 518 2392 
15834 1940 1973 2475 2556 
15835 2120 2831 1859 3101 
15836 1860 2761 2676 2974 
15837 1158 476 557 2504 
15838 654 1133 1142 2347 
15839 994 941 363 2931 
15840 1100 803 853 2462 
15841 2142 2408 1765 2753 
15842 374 373 372 2444 
15843 597 718 1062 2906 
15844 123 122 121 2901 
15845 110 111 109 2490 
15846 776 725 727 2557 
15847 703 943 583 2576 
15848 219 892 1175 2466 
15849 1732 2586 2412 2846 
15850 98 11 12 2357 
15851 139 141 140 3045 
15852 292 283 290 2613 
15853 1158 557 855 2504 
15854 474 788 1103 2865 
15855 2267 2879 2051 2946 
15856 225 221 825 2933 
15857 774 763 1106 2513 
15858 629 447 845 2477 
15859 2363 2861 1944 2929 
15860 1096 391 2565 2830 
15861 527 528 529 3025 
15862 342 354 976 2451 
15863 1997 2591 2560 2820 
15864 694 1126 2034 2992 
15865 1895 2864 2903 3066 
15866 1849 2596 2491 2977 
15867 644 549 645 2287 
15868 1828 2603 2368 2656 
15869 841 428 430 2678 
15870 1670 2539 2748 2803 
15871 173 940 926 2831 
15872 905 135 165 3027 
15873 2267 2615 1686 2879 
15874 807 826 943 2620 
15875 122 121 2901 2947 
15876 463 321 166 2900 
15877 905 139 135 2672 
15878 619 916 1174 2830 
15879 2538 2713 1727 2951 
15880 1710 2645 2858 3094 
15881 471 548 879 2963 
15882 1671 2451 2806 3068 
15883 1184 1182 3 2683 
15884 2157 2998 2729 3076 
15885 405 580 407 2381 
15886 192 341 1020 2528 
15887 1671 2806 1978 3068 
15888 932 160 921 2221 
15889 2415 2895 1577 2924 
15890 979 696 392 2984 
15891 2158 2494 1816 2755 
15892 2403 2377 2936 2939 
15893 2391 2998 1808 3076 
15894 251 255 252 2355 
15895 1907 2839 1647 2941 
15896 931 588 733 2106 
15897 729 486 1133 2484 
15898 2503 2740 1660 2763 
15899 305 311 812 2939 
15900 9 8 1084 2237 
15901 582 230 257 2972 
15902 382 473 381 2676 
15903 424 457 458 2628 
15904 864 500 608 2479 
15905 797 798 365 2609 
15906 2122 2773 2069 3078 
15907 820 333 335 2768 
15908 1116 348 332 2874 
15909 1629 2579 2368 3075 
15910 1166 442 356 2373 
15911 199 238 984 2500 
15912 1575 2337 2829 2975 
15913 993 644 647 2070 
15914 1105 107 1030 2514 
15915 1576 2713 2409 3074 
15916 1070 667 1071 2920 
15917 986 971 660 3053 
15918 1109 816 1050 2611 
15919 1803 2300 2571 2980 
15920 373 374 375 3094 
15921 697 569 570 3069 
15922 278 1106 949 2282 
15923 566 857 538 2663 
15924 796 637 639 2110 
15925 119 151 923 2997 
15926 789 594 717 2241 
15927 103 22 21 2227 
15928 2048 2985 2651 3022 
15929 302 300 303 2664 
15930 492 491 562 2736 
15931 546 870 462 2474 
15932 1705 2633 2276 3033 
15933 491 492 468 2736 
15934 105 90 161 2838 
15935 166 2680 788 2900 
15936 1162 831 1137 2761 
15937 1828 2192 2164 2673 
15938 745 494 507 2268 
15939 2338 2770 1731 2905 
15940 992 550 1148 2560 
15941 766 1174 1096 2830 
15942 777 778 571 2388 
15943 967 295 1007 2498 
15944 518 682 681 3049 
15945 2247 2958 1824 3044 
15946 2303 2537 1689 2756 
15947 2008 2669 1592 2873 
15948 1885 2573 2839 2942 
15949 2306 2793 1829 3004 
15950 719 102 1005 2651 
15951 274 275 276 2481 
15952 126 125 127 2622 
15953 2633 2843 2276 3033 
15954 476 458 477 2476 
15955 419 1178 998 2671 
15956 324 885 884 2486 
15957 393 2122 786 2914 
15958 1028 1039 1076 2875 
15959 559 610 607 2545 
15960 1851 2936 2377 3029 
15961 141 142 140 3045 
15962 474 2865 922 3099 
15963 811 322 323 2994 
15964 738 602 737 2286 
15965 465 463 474 3099 
15966 1111 787 782 2517 
15967 616 1081 2869 2870 
15968 785 987 639 2319 
15969 2189 1736 2794 3006 
15970 157 160 1139 2516 
15971 1069 691 618 2992 
15972 1045 1005 102 2651 
15973 1104 698 969 2807 
15974 874 873 975 2835 
15975 1952 1942 2787 3056 
15976 1028 666 1036 2988 
15977 2676 2836 1860 2974 
15978 2626 2955 1763 2971 
15979 300 304 891 3020 
15980 2644 2777 1626 3055 
15981 2008 2671 1740 2873 
15982 914 8 9 2237 
15983 904 749 752 2790 
15984 1589 2593 2155 2648 
15985 314 313 315 2636 
15986 682 1056 681 2590 
15987 1709 2735 2307 2961 
15988 1069 911 691 2871 
15989 1603 2491 2596 2977 
15990 1008 1050 816 2611 
15991 333 820 336 2768 
15992 1973 2556 1940 2943 
15993 720 908 167 2680 
15994 991 1007 284 2737 
15995 622 2138 1064 2522 
15996 269 894 267 2818 
15997 715 624 1015 2864 
15998 344 387 353 2993 
15999 595 986 1006 2405 
16000 2575 2673 1621 2888 
16001 1180 869 2126 2522 
16002 250 248 249 2912 
16003 1060 912 92 2666 
16004 930 142 149 2402 
16005 701 1104 969 2807 
16006 746 747 451 2564 
16007 452 919 835 3012 
16008 821 822 606 2249 
16009 676 946 455 2719 
16010 1017 1171 589 2722 
16011 395 405 407 2381 
16012 1597 2172 1952 3056 
16013 638 591 704 3078 
16014 137 127 147 2881 
16015 423 842 368 2720 
16016 1609 2778 2443 2987 
16017 690 349 479 2671 
16018 424 422 457 2628 
16019 1566 2292 2658 3022 
16020 881 376 1074 2645 
16021 1709 2496 2404 2961 
16022 1025 922 474 2865 
16023 751 904 1149 3104 
16024 702 703 583 2576 
16025 1133 934 1142 2347 
16026 105 98 12 3102 
16027 134 135 133 3027 
16028 247 478 249 2440 
16029 512 701 700 2230 
16030 866 1018 317 2772 
16031 695 696 1002 2984 
16032 999 609 737 2735 
16033 729 931 1121 2484 
16034 1569 2762 2426 2910 
16035 564 633 586 2863 
16036 1539 2422 2585 2950 
16037 1711 2514 2598 2800 
16038 200 743 237 2383 
16039 1647 2839 2573 2942 
16040 614 1021 996 2338 
16041 280 281 279 2662 
16042 880 2526 1160 2972 
16043 699 855 587 2278 
16044 916 619 362 2105 
16045 1847 2290 3047 3085 
16046 388 935 676 2555 
16047 1738 2346 2657 2986 
16048 127 125 942 2622 
16049 754 753 750 2646 
16050 601 484 2038 2990 
16051 1566 2658 2820 3022 
16052 169 165 134 3027 
16053 1705 2857 2633 3033 
16054 174 182 679 2257 
16055 1180 175 920 2487 
16056 1184 3 18 2683 
16057 499 531 498 2260 
16058 785 1058 383 3078 
16059 725 1143 724 2819 
16060 728 1151 94 2414 
16061 2392 2643 1698 3035 
16062 2307 2735 2286 2961 
16063 100 2870 2824 2871 
16064 526 524 488 2734 
16065 807 231 826 2620 
16066 354 343 355 2806 
16067 456 533 495 2583 
16068 555 441 517 2595 
16069 1165 1145 909 2880 
16070 946 1179 650 2719 
16071 786 2773 2122 3078 
16072 606 1033 821 2822 
16073 1781 2793 2306 3004 
16074 383 786 393 2122 
16075 396 2250 435 2454 
16076 789 857 566 2663 
16077 2192 2670 1893 2673 
16078 721 613 612 2425 
16079 1135 683 874 2835 
16080 614 688 1021 2914 
16081 833 688 786 2773 
16082 1078 1057 706 2434 
16083 691 728 1085 2868 
16084 1740 2669 2670 2873 
16085 776 584 725 2557 
16086 89 104 20 2743 
16087 1697 2641 2470 3030 
16088 202 204 1043 2721 
16089 1064 869 2522 2888 
16090 443 1128 437 2969 
16091 1824 2876 2606 2958 
16092 484 420 600 2387 
16093 1034 238 197 2582 
16094 737 602 222 2735 
16095 547 461 852 3079 
16096 148 137 147 2881 
16097 778 1062 1110 2906 
16098 1083 151 29 2997 
16099 818 256 255 3001 
16100 991 284 282 2853 
16101 1123 2726 616 2869 
16102 909 138 150 2880 
16103 395 396 405 2381 
16104 620 869 1064 2888 
16105 1751 2403 2936 2939 
16106 1035 1032 741 2534 
16107 1558 2686 2546 3034 
16108 1079 369 878 2692 
16109 1093 780 779 2225 
16110 516 556 515 2469 
16111 919 617 835 3012 
16112 197 196 195 3024 
16113 669 668 666 2797 
16114 723 999 222 2735 
16115 1182 27 3 2395 
16116 727 743 1043 3067 
16117 344 353 308 2685 
16118 955 1046 658 2752 
16119 1036 666 665 2988 
16120 1034 678 1011 3061 
16121 177 730 179 2637 
16122 862 697 920 2487 
16123 849 813 412 2704 
16124 2164 2673 2192 2982 
16125 431 955 852 2752 
16126 1913 2918 2750 3033 
16127 1679 2750 2918 3033 
16128 688 786 2773 2914 
16129 785 383 89 2319 
16130 1647 2941 2839 2942 
16131 2839 2941 2482 2942 
16132 1044 407 581 2832 
16133 721 1115 722 2578 
16134 1172 2 100 2824 
16135 977 1119 735 2653 
16136 162 90 910 2442 
16137 1105 735 1101 2514 
16138 735 646 648 2653 
16139 118 161 956 2838 
16140 1815 1877 2905 3093 
16141 729 1121 486 2484 
16142 721 723 1115 2578 
16143 89 19 4 2319 
16144 759 762 760 2891 
16145 2201 2996 1673 3056 
16146 731 796 639 2110 
16147 645 918 648 2653 
16148 16 1183 1184 3089 
16149 1004 606 822 2249 
16150 285 269 271 2624 
16151 981 379 864 2837 
16152 382 831 473 2676 
16153 1543 2506 2675 3047 
16154 1877 3046 2905 3093 
16155 1119 987 4 1716 
16156 988 1040 632 2849 
16157 1086 765 1107 2739 
16158 94 1159 783 2414 
16159 737 1099 738 2286 
16160 629 1055 1110 3103 
16161 1679 2843 2750 3033 
16162 993 647 146 2070 
16163 1048 1070 1071 2634 
16164 533 609 495 2583 
16165 131 133 132 3060 
16166 483 732 1098 2625 
16167 1597 1952 2787 3056 
16168 641 626 627 2561 
16169 616 2869 2726 2870 
16170 209 982 211 2600 
16171 250 249 251 2912 
16172 411 279 281 2662 
16173 1629 2579 1962 2934 
16174 165 169 170 3101 
16175 355 960 391 2806 
16176 846 480 711 2570 
16177 1146 993 1168 2559 
16178 588 729 654 2983 
16179 156 784 790 2788 
16180 926 940 634 2831 
16181 655 633 734 2437 
16182 771 657 593 3095 
16183 1149 895 980 2627 
16184 506 2864 1015 3066 
16185 395 363 364 2931 
16186 783 1161 687 2823 
16187 871 389 450 2845 
16188 1764 3047 2290 3085 
16189 1076 2875 751 3104 
16190 786 1058 704 3078 
16191 1182 1185 27 2395 
16192 842 339 368 2720 
16193 113 111 110 2490 
16194 1064 2138 479 2671 
16195 914 1049 1026 2420 
16196 545 947 220 2946 
16197 682 1134 1056 2590 
16198 3 1089 18 2683 
16199 27 1185 28 2395 
16200 1752 2773 2122 2914 
16201 1054 317 1018 2772 
16202 94 783 728 2414 
16203 971 603 660 3053 
16204 206 892 219 2466 
16205 791 102 25 2697 
16206 2575 1740 2673 2888 
16207 487 488 524 2734 
16208 1991 2680 2436 2900 
16209 346 332 2874 3097 
16210 909 150 1165 2880 
16211 1042 962 983 2929 
16212 1068 958 855 2746 
16213 917 827 320 2701 
16214 1958 2436 1991 2680 
16215 1107 551 801 2200 
16216 465 922 467 3099 
16217 455 946 650 2719 
16218 694 742 1126 2992 
16219 2034 1126 2991 2992 
16220 744 350 191 2677 
16221 1145 159 158 2378 
16222 350 1059 963 2695 
16223 1893 2670 2138 2888 
16224 760 763 774 2513 
16225 545 1008 947 2946 
16226 550 992 514 2560 
16227 125 123 121 2901 
16228 593 594 566 3095 
16229 861 697 862 2370 
16230 589 945 1017 2722 
16231 712 1074 1024 2645 
16232 13 90 105 3102 
16233 287 286 288 2499 
16234 432 450 389 2845 
16235 489 574 672 2955 
16236 284 283 282 2853 
16237 968 1098 640 3059 
16238 759 2565 764 2891 
16239 606 605 787 2822 
16240 151 119 29 2997 
16241 869 620 162 2126 
16242 869 933 1180 2126 
16243 396 740 435 2250 
16244 237 1164 990 2855 
16245 391 1174 916 2830 
16246 2771 2990 1731 3040 
16247 89 4 785 2319 
16248 391 764 1096 2565 
16249 919 631 617 2533 
16250 176 1066 177 2923 
16251 187 189 188 2802 
16252 762 764 1095 2891 
16253 425 494 540 2574 
16254 1072 898 226 2860 
16255 364 740 396 2250 
16256 1069 1081 2871 2992 
16257 911 100 15 2871 
16258 122 120 121 2947 
16259 176 177 171 2923 
16260 522 521 523 2723 
16261 695 1156 1003 2176 
16262 1907 2482 2839 2941 
16263 267 894 417 2818 
16264 95 222 602 2307 
16265 755 756 757 2852 
16266 711 480 623 2570 
16267 506 1015 628 3066 
16268 616 839 1081 2870 
16269 1048 1071 665 2634 
16270 1154 722 1115 2578 
16271 392 695 353 2984 
16272 1088 585 833 2773 
16273 297 980 895 2627 
16274 387 344 388 2993 
16275 309 311 305 2939 
16276 1029 283 292 2613 
16277 104 89 223 2100 
16278 1076 748 751 2875 
16279 1065 633 659 2863 
16280 319 324 323 3009 
16281 1096 1174 391 2830 
16282 323 324 325 3009 
16283 1740 2671 2670 2888 
16284 137 164 136 2688 
16285 1160 880 685 2526 
16286 999 737 222 2735 
16287 1055 629 1009 3103 
16288 506 628 590 3066 
16289 1032 950 741 2534 
16290 420 484 453 2387 
16291 506 1167 1015 2864 
16292 900 694 1126 2991 
16293 901 491 467 2512 
16294 347 346 332 2874 
16295 1040 988 216 2849 
16296 25 24 791 2697 
16297 726 727 725 3067 
16298 628 1155 708 2700 
16299 913 1087 687 2823 
16300 854 1068 855 2746 
16301 225 224 221 2933 
16302 288 493 802 2501 
16303 962 409 983 2929 
16304 170 169 171 3101 
16305 1118 656 1051 2045 
16306 1111 782 690 2517 
16307 439 437 438 2969 
16308 913 687 1161 2823 
16309 464 463 465 2751 
16310 1072 641 1082 2965 
16311 1065 734 633 2437 
16312 640 828 968 3059 
16313 118 105 161 2838 
16314 573 685 880 2526 
16315 973 1164 237 2855 
16316 146 647 770 2070 
16317 578 899 726 2866 
16318 1147 190 3097 3098 
16319 998 1064 479 2671 
16320 745 635 667 2920 
16321 1180 868 869 2522 
16322 353 1003 308 2685 
16323 688 393 786 2914 
16324 385 384 386 2825 
16325 1014 699 707 3005 
16326 226 898 205 2860 
16327 406 396 435 2454 
16328 753 754 755 2646 
16329 1155 628 1016 2700 
16330 1096 764 759 2565 
16331 350 1112 1059 2695 
16332 949 765 1086 2739 
16333 788 720 1103 2680 
16334 669 980 668 2797 
16335 714 713 625 2543 
16336 479 1064 1000 2138 
16337 1090 168 157 2783 
16338 977 648 918 2653 
16339 655 1051 656 2045 
16340 1885 2839 2482 2942 
16341 832 1162 833 2761 
16342 991 714 1007 2737 
16343 527 529 642 3025 
16344 493 801 802 2501 
16345 721 995 613 2425 
16346 691 581 618 2868 
16347 839 2870 100 2871 
16348 345 188 190 3098 
16349 407 1044 994 2832 
16350 610 1011 678 3061 
16351 1184 17 16 3089 
16352 17 254 1047 3089 
16353 808 241 235 2847 
16354 1074 376 1024 2645 
16355 777 597 778 2906 
16356 1014 1158 699 3005 
16357 437 439 443 2969 
16358 654 534 588 2983 
16359 363 395 994 2931 
16360 164 1132 136 2688 
16361 89 20 19 2743 
16362 569 554 570 3069 
16363 435 436 406 2454 
16364 1171 939 1170 2413 
16365 1128 739 1129 2341 
16366 304 840 891 3020 
16367 873 874 683 2835 
16368 762 759 764 2891 
16369 366 818 255 3001 
16370 518 681 510 3049 
16371 912 1060 913 2666 
16372 631 630 617 2533 
16373 1002 1138 485 2990 
16374 689 1178 938 2930 
16375 1123 509 616 2726 
16376 679 957 174 2257 
16377 355 343 960 2806 
16378 2670 2671 2138 2888 
16379 709 1146 1168 2559 
16380 167 139 905 2672 
16381 401 322 811 2994 
16382 546 461 547 3079 
16383 688 614 393 2914 
16384 786 2122 1058 3078 
16385 839 1069 1081 2871 
16386 165 135 134 3027 
16387 695 392 696 2984 
16388 570 622 868 2522 
16389 1025 1103 700 2865 
16390 616 2726 838 2870 
16391 622 1000 1064 2138 
16392 431 1046 955 2752 
16393 410 489 370 2971 
16394 1090 1080 168 2783 
16395 744 191 183 2677 
16396 1058 638 704 3078 
16397 691 1085 581 2868 
16398 973 726 899 2866 
16399 880 1160 582 2972 
16400 1101 107 1105 2514 
16401 12 13 105 3102 
16402 669 1076 751 3104 
16403 633 564 659 2863 
16404 175 2 862 2487 
16405 376 373 375 3094 
16406 597 1062 778 2906 
16407 606 787 1033 2822 
16408 987 731 639 2110 
16409 631 1150 861 2882 
16410 166 908 788 2680 
16411 479 349 419 2671 
16412 2670 2673 1740 2888 
16413 618 1081 1069 2992 
16414 1893 2673 2670 2888 
16415 308 307 337 3031 
16416 748 1076 1039 2875 
16417 474 922 465 3099 
16418 742 616 1081 2869 
16419 129 131 132 3060 
16420 1001 129 132 3060 
16421 743 727 726 3067 
16422 120 122 1094 2947 
16423 332 348 347 2874 
16424 1162 832 831 2761 
16425 13 12 1159 3102 
16426 786 383 1058 2122 
16427 307 308 289 3031 
16428 998 479 419 2671 
16429 939 938 530 2930 
16430 19 20 106 2743 
16431 622 869 868 2522 
16432 862 920 175 2487 
16433 1081 742 2869 2992 
16434 880 582 257 2972 
16435 1047 903 16 3089 
16436 463 464 321 2751 
16437 1002 485 484 2990 
16438 1015 1167 715 2864 
16439 593 657 594 3095 
16440 742 1123 616 2869 
16441 106 20 1063 2743 
16442 530 938 1178 2930 
16443 346 190 332 3097 
16444 616 615 838 2726 
16445 1147 958 190 3098 
16446 745 667 1070 2920 
16447 601 1156 1002 2990 
16448 739 900 1126 2991 
16449 601 1002 484 2990 
16450 839 616 838 2870 
16451 622 1064 869 2522 
16452 615 616 509 2726 
16453 1126 580 739 2991 
16454 751 1149 669 3104 
16455 1088 833 786 2773 
16456 1058 785 638 3078 
16457 474 1103 1025 2865 
16458 1147 190 346 3097 
16459 720 788 908 2680 
16460 1081 1126 742 2992 
16461 911 1069 100 2871 
16462 17 1047 16 3089 
16463 1069 839 100 2871 
16464 618 1126 1081 2992 
16465 190 958 345 3098 
16466 2779 2475 2556 1643 
16467 2779 2556 2475 2145 
16468 1948 2231 2026 1573 
16469 2026 2231 1948 1732 
16470 2662 276 1955 2481 
16471 2662 1955 276 279 
16472 2463 1655 2134 1817 
16473 2463 2134 1655 2256 
16474 2603 2031 1903 1545 
16475 2603 1903 2031 1755 
16476 2842 1862 1557 2042 
16477 2842 1557 1862 2458 
16478 2167 1134 2590 1921 
16479 2167 2590 1134 1176 
16480 2420 1887 93 2221 
16481 2420 93 1887 2237 
16482 3077 1608 2473 2063 
16483 3077 2473 1608 2009 
16484 2588 2459 2262 1747 
16485 2588 2262 2459 1681 
16486 2279 2108 2785 1588 
16487 2279 2785 2108 1717 
16488 2083 2523 1870 1572 
16489 1870 2523 2083 2429 
16490 2983 2560 534 576 
16491 2983 534 2560 1997 
16492 514 534 2560 576 
16493 514 2560 534 1997 
16494 2285 1608 2234 2009 
16495 2285 2234 1608 1963 
16496 2791 1618 3023 2026 
16497 2791 3023 1618 2233 
16498 1849 2139 1662 2047 
16499 1849 1662 2139 2804 
16500 2169 2080 2206 1684 
16501 2169 2206 2080 1619 
16502 3065 2111 2110 1618 
16503 3065 2110 2111 1843 
16504 2901 124 2274 123 
16505 2901 2274 124 1734 
16506 2274 2702 2235 1611 
16507 2235 2702 2274 1734 
16508 2456 2497 2059 1754 
16509 2059 2497 2456 1565 
16510 1744 2827 2569 1868 
16511 2569 2827 1744 2616 
16512 2701 600 2387 2038 
16513 2701 2387 600 827 
16514 2874 2930 2671 2873 
16515 2671 2930 2874 348 
16516 2089 2164 3037 1660 
16517 3037 2164 2089 1621 
16518 2405 3057 2380 1912 
16519 2380 3057 2405 1806 
16520 2970 1803 2116 1661 
16521 2970 2116 1803 2041 
16522 2989 1861 2406 1946 
16523 2406 1861 2989 1775 
16524 2406 2155 2989 1946 
16525 2989 2155 2406 1775 
16526 2574 2248 1631 2019 
16527 2574 1631 2248 2268 
16528 2581 1985 2090 2255 
16529 2581 2090 1985 1717 
16530 2260 883 459 2243 
16531 2260 459 883 498 
16532 2913 1570 2229 1813 
16533 2913 2229 1570 2759 
16534 2718 1718 1582 2187 
16535 2718 1582 1718 2113 
16536 2331 2202 1926 2280 
16537 2331 1926 2202 1613 
16538 2142 2489 2348 1577 
16539 2348 2489 2142 1757 
16540 2474 1881 520 2392 
16541 2474 520 1881 2364 
16542 2972 229 230 257 
16543 2972 230 229 2170 
16544 2024 2335 2701 1737 
16545 2701 2335 2024 1652 
16546 2127 2335 3040 1595 
16547 2127 3040 2335 1737 
16548 2038 3040 2335 1595 
16549 2038 2335 3040 1737 
16550 1159 3102 2823 2414 
16551 1684 2823 3102 2414 
16552 1684 3102 2823 2357 
16553 207 2466 208 206 
16554 208 2466 207 1869 
16555 2784 2039 2141 1613 
16556 2784 2141 2039 2007 
16557 2405 1127 2379 1006 
16558 2405 2379 1127 1912 
16559 2667 2978 2273 1563 
16560 2273 2978 2667 1900 
16561 3055 1726 2715 2207 
16562 3055 2715 1726 1908 
16563 2620 236 599 807 
16564 2620 599 236 2296 
16565 2551 2863 2045 1746 
16566 2045 2863 2551 586 
16567 2300 2314 1642 1803 
16568 1642 2314 2300 2121 
16569 2444 845 2132 1814 
16570 2444 2132 845 374 
16571 2620 236 233 1906 
16572 2620 233 236 807 
16573 2441 2362 1977 1786 
16574 2441 1977 2362 1652 
16575 2914 223 446 393 
16576 2917 2894 2337 2078 
16577 2917 2337 2894 1695 
16578 2829 2337 2894 2078 
16579 2829 2894 2337 1695 
16580 2356 2929 805 1783 
16581 805 2929 2356 804 
16582 2847 236 239 2296 
16583 2847 239 236 235 
16584 2953 1559 2330 1901 
16585 2953 2330 1559 2196 
16586 2925 2766 2297 1560 
16587 2925 2297 2766 1836 
16588 2733 2073 2208 1567 
16589 2733 2208 2073 1761 
16590 348 2930 1116 530 
16591 1116 2930 348 2874 
16592 2688 1668 2337 2003 
16593 2688 2337 1668 1986 
16594 2079 2760 2521 1540 
16595 2521 2760 2079 1829 
16596 2421 3102 1712 1914 
16597 1712 3102 2421 2357 
16598 2229 2547 2915 1813 
16599 2915 2547 2229 1819 
16600 2475 2967 2556 1643 
16601 2556 2967 2475 1940 
16602 2574 1725 541 1983 
16603 2574 541 1725 2268 
16604 2488 565 1805 593 
16605 2488 1805 565 2203 
16606 2501 799 2499 493 
16607 2501 2499 799 2232 
16608 286 2499 799 493 
16609 286 799 2499 2232 
16610 2159 850 415 481 
16611 2159 415 850 2005 
16612 2667 3003 2684 1810 
16613 2684 3003 2667 2199 
16614 3010 1573 1768 2111 
16615 3010 1768 1573 2231 
16616 233 2847 236 235 
16617 236 2847 233 1906 
16618 2950 2813 2253 1804 
16619 2950 2253 2813 1757 
16620 3008 2896 2047 1754 
16621 3008 2047 2896 1964 
16622 2225 2644 1789 1917 
16623 1789 2644 2225 1685 
16624 2801 2615 2502 1593 
16625 2801 2502 2615 1770 
16626 2097 3003 2717 1601 
16627 2717 3003 2097 1810 
16628 3082 2208 1771 2359 
16629 3082 1771 2208 2447 
16630 2487 2158 1976 1682 
16631 2487 1976 2158 1787 
16632 3034 2465 1558 2165 
16633 3034 1558 2465 2546 
16634 2293 2869 1583 1951 
16635 1583 2869 2293 1854 
16636 2399 2988 2634 1851 
16637 2634 2988 2399 2173 
16638 2907 1756 1620 2178 
16639 2907 1620 1756 2037 
16640 2925 1713 2297 2384 
16641 2925 2297 1713 2184 
16642 1954 2903 2621 1571 
16643 2621 2903 1954 1795 
16644 1788 2798 3036 1937 
16645 1788 3036 2798 2508 
16646 1662 3036 2798 1937 
16647 1662 2798 3036 2508 
16648 2221 2749 2928 1638 
16649 2928 2749 2221 1887 
16650 2236 244 814 245 
16651 2236 814 244 1945 
16652 2478 2727 2214 1607 
16653 2214 2727 2478 1862 
16654 3075 2312 2795 1680 
16655 3075 2795 2312 2740 
16656 2610 3087 2877 1645 
16657 2610 2877 3087 2022 
16658 1880 2877 3087 1645 
16659 1880 3087 2877 2022 
16660 2895 1635 2348 1904 
16661 2895 2348 1635 2415 
16662 1884 2348 1635 1904 
16663 1884 1635 2348 2415 
16664 2417 452 404 2019 
16665 2417 404 452 403 
16666 2395 1733 1185 2129 
16667 2395 1185 1733 2219 
16668 2849 874 2364 2835 
16669 2849 2364 874 1040 
16670 2775 2271 2757 1556 
16671 2775 2757 2271 1853 
16672 2100 446 2914 223 
16673 2100 2914 446 1815 
16674 2662 882 276 1992 
16675 2662 276 882 279 
16676 2835 2384 2364 1713 
16677 2835 2364 2384 1881 
16678 2962 1878 2686 1558 
16679 2962 2686 1878 2745 
16680 1808 1602 1885 2391 
16681 1808 1885 1602 2573 
16682 2796 3071 1773 2393 
16683 1773 3071 2796 2587 
16684 1035 2272 1131 761 
16685 1131 2272 1035 1968 
16686 2628 3005 476 424 
16687 476 3005 2628 1835 
16688 2576 2258 2913 1719 
16689 2576 2913 2258 1899 
16690 2525 2916 2397 1600 
16691 2397 2916 2525 2217 
16692 2307 23 24 95 
16693 2307 24 23 1852 
16694 2142 2422 2408 1757 
16695 2408 2422 2142 1765 
16696 3048 1587 2710 1938 
16697 3048 2710 1587 2108 
16698 2256 2827 2518 1554 
16699 2518 2827 2256 1868 
16700 2509 472 2243 847 
16701 2509 2243 472 2215 
16702 2217 2397 1758 2658 
16703 1758 2397 2217 2916 
16704 1655 3014 2708 1902 
16705 2708 3014 1655 2117 
16706 2437 2831 2264 1723 
16707 2264 2831 2437 634 
16708 2621 2744 2254 1702 
16709 2254 2744 2621 1954 
16710 2741 3065 2180 1769 
16711 2180 3065 2741 1639 
16712 2980 2041 1578 1803 
16713 2980 1578 2041 2694 
16714 2806 356 357 355 
16715 2806 357 356 2373 
16716 3089 772 2013 2275 
16717 3089 2013 772 903 
16718 2972 3057 2973 1806 
16719 2973 3057 2972 2526 
16720 2989 3019 2453 1542 
16721 2453 3019 2989 1946 
16722 2493 2331 2884 1797 
16723 2493 2884 2331 1691 
16724 101 3102 2823 1159 
16725 2823 3102 101 2357 
16726 819 2929 972 983 
16727 972 2929 819 2367 
16728 2416 2689 1975 1654 
16729 1975 2689 2416 2065 
16730 3086 2599 1778 2054 
16731 3086 1778 2599 1931 
16732 1627 1778 2599 2054 
16733 1627 2599 1778 1931 
16734 2323 1112 2863 1910 
16735 2323 2863 1112 877 
16736 261 2354 2238 260 
16737 2238 2354 261 2024 
16738 3043 2960 1646 1927 
16739 3026 2608 2813 2046 
16740 3026 2813 2608 2890 
16741 2994 1761 604 2417 
16742 2994 604 1761 2325 
16743 2698 2318 2733 1696 
16744 2698 2733 2318 1785 
16745 2106 1067 2719 733 
16746 2106 2719 1067 1929 
16747 2782 1765 1837 2753 
16748 2782 1837 1765 2020 
16749 2372 503 2180 2069 
16750 794 503 2180 528 
16751 794 2180 503 2069 
16752 2210 411 774 1130 
16753 2210 774 411 1992 
16754 253 3089 254 17 
16755 254 3089 253 2591 
16756 2903 2159 2864 1895 
16757 2903 2864 2159 1795 
16758 2112 2681 1974 1552 
16759 1974 2681 2112 1790 
16760 2533 2870 2726 1750 
16761 2726 2870 2533 838 
16762 3054 2343 2524 1585 
16763 3054 2524 2343 2290 
16764 10 2221 2357 932 
16765 2357 2221 10 1887 
16766 2932 1820 1715 2239 
16767 2932 1715 1820 2544 
16768 2954 2459 1576 2127 
16769 2954 1576 2459 2713 
16770 2681 2366 2432 1673 
16771 2681 2432 2366 1790 
16772 3079 429 430 461 
16773 3079 430 429 1844 
16774 2678 426 671 428 
16775 2678 671 426 2309 
16776 2776 2240 2325 1649 
16777 2776 2325 2240 1796 
16778 2350 3018 2460 1645 
16779 2460 3018 2350 1812 
16780 2909 1818 2730 2000 
16781 2909 2730 1818 2639 
16782 3061 2582 1667 1924 
16783 1667 2582 3061 1875 
16784 1667 2194 3061 1924 
16785 3061 2194 1667 1875 
16786 2692 2834 2663 2241 
16787 2663 2834 2692 1694 
16788 3005 423 1136 1014 
16789 3005 1136 423 2242 
16790 941 2734 680 488 
16791 680 2734 941 2171 
16792 2391 2747 3076 1602 
16793 2391 3076 2747 1842 
16794 2310 3076 2747 1602 
16795 2310 2747 3076 1842 
16796 2433 2311 2065 1640 
16797 2433 2065 2311 1814 
16798 2564 438 436 1928 
16799 2564 436 438 451 
16800 2318 2446 2087 1796 
16801 2087 2446 2318 1696 
16802 3002 2104 1720 2113 
16803 3002 1720 2104 2550 
16804 2930 419 348 2671 
16805 2930 348 419 530 
16806 2877 2699 2052 1548 
16807 2877 2052 2699 1857 
16808 1698 2995 2167 1921 
16809 1698 2167 2995 2443 
16810 1609 2167 2995 1921 
16811 1609 2995 2167 2443 
16812 2822 1989 1607 2263 
16813 2822 1607 1989 2249 
16814 2424 2544 2623 1820 
16815 2623 2544 2424 1646 
16816 2584 2428 1766 2461 
16817 2584 1766 2428 2223 
16818 2676 380 381 382 
16819 2676 381 380 2166 
16820 799 2981 272 948 
16821 272 2981 799 2232 
16822 2791 2690 2231 1732 
16823 2791 2231 2690 1857 
16824 2559 643 769 1146 
16825 2559 769 643 1933 
16826 2911 1654 2288 2416 
16827 2911 2288 1654 2382 
16828 2617 3007 2148 2506 
16829 2148 3007 2617 1866 
16830 2499 483 289 287 
16831 2499 289 483 1959 
16832 2088 2999 1722 2652 
16833 1722 2999 2088 2853 
16834 3059 894 417 968 
16835 3059 417 894 2818 
16836 294 2627 296 297 
16837 296 2627 294 2529 
16838 956 2783 710 1090 
16839 710 2783 956 2029 
16840 2233 3010 2610 1618 
16841 2610 3010 2233 1857 
16842 2449 2542 2049 2149 
16843 2049 2542 2449 1777 
16844 2590 1013 2828 1056 
16845 2590 2828 1013 1990 
16846 2406 2640 2418 1583 
16847 2418 2640 2406 1861 
16848 2833 2286 2328 1692 
16849 2833 2328 2286 1894 
16850 2857 2018 1705 2633 
16851 2857 1705 2018 2290 
16852 2583 440 2520 495 
16853 2583 2520 440 1965 
16854 2929 972 1042 2316 
16855 2929 1042 972 983 
16856 2578 104 2227 1154 
16857 2578 2227 104 2100 
16858 2603 2908 2031 1545 
16859 2031 2908 2603 2727 
16860 2564 950 2534 746 
16861 2564 2534 950 2102 
16862 2678 3013 2085 1665 
16863 2085 3013 2678 2002 
16864 2085 1990 2678 1665 
16865 2678 1990 2085 2002 
16866 2576 974 1995 703 
16867 2576 1995 974 2480 
16868 2952 2775 3068 1556 
16869 2952 3068 2775 1978 
16870 2703 2407 2095 1879 
16871 2703 2095 2407 1650 
16872 1074 1874 712 1124 
16873 1074 712 1874 2645 
16874 2504 558 854 2130 
16875 2504 854 558 557 
16876 99 2743 2514 1063 
16877 2514 2743 99 2190 
16878 2514 107 99 1063 
16879 99 107 2514 2190 
16880 3041 1672 2491 2253 
16881 3041 2491 1672 2059 
16882 2866 563 2281 1993 
16883 2866 2281 563 899 
16884 562 2281 563 1993 
16885 562 563 2281 899 
16886 2878 2522 3080 1886 
16887 2878 3080 2522 1682 
16888 2569 2935 2568 1627 
16889 2568 2935 2569 1939 
16890 2946 2154 1636 2611 
16891 2946 1636 2154 2211 
16892 1001 2378 132 158 
16893 132 2378 1001 3060 
16894 2760 3004 1867 1829 
16895 1867 3004 2760 2043 
16896 2978 1774 1563 2178 
16897 2978 1563 1774 2273 
16898 2593 2931 2250 1691 
16899 2250 2931 2593 2381 
16900 2650 2831 2228 1723 
16901 2228 2831 2650 1859 
16902 2981 800 2282 948 
16903 2981 2282 800 1984 
16904 949 2282 800 948 
16905 3077 1741 2554 2009 
16906 3077 2554 1741 2605 
16907 2666 11 101 912 
16908 2666 101 11 2357 
16909 2384 3035 1590 1881 
16910 1590 3035 2384 2025 
16911 2522 2487 697 2370 
16912 3076 2654 2157 1564 
16913 3076 2157 2654 2729 
16914 2468 2631 2138 1675 
16915 2138 2631 2468 1886 
16916 937 2413 938 1171 
16917 938 2413 937 1896 
16918 2517 568 787 2064 
16919 2517 787 568 1111 
16920 1978 2891 2784 1739 
16921 2784 2891 1978 2565 
16922 701 2528 512 1020 
16923 512 2528 701 2230 
16924 2912 797 2440 249 
16925 2912 2440 797 2609 
16926 238 3061 1034 1011 
16927 1034 3061 238 2582 
16928 2779 2556 2542 1643 
16929 2779 2542 2556 1777 
16930 2049 2542 2556 1643 
16931 2049 2556 2542 1777 
16932 2832 686 1085 1044 
16933 2832 1085 686 2001 
16934 2709 1962 2935 1961 
16935 2709 2935 1962 2566 
16936 1753 2935 1962 1961 
16937 1753 1962 2935 2566 
16938 2725 2750 2766 1678 
16939 2766 2750 2725 1922 
16940 857 2692 789 1079 
16941 789 2692 857 2663 
16942 929 2993 392 387 
16943 392 2993 929 2520 
16944 761 2852 758 756 
16945 758 2852 761 2272 
16946 2958 2813 3026 1568 
16947 2958 3026 2813 2046 
16948 2625 601 640 2038 
16949 2625 640 601 732 
16950 3016 1711 2070 2438 
16951 3016 2070 1711 2371 
16952 2904 2561 851 627 
16953 2904 851 2561 2104 
16954 1010 851 2561 627 
16955 1010 2561 851 2104 
16956 2687 3056 2172 1673 
16957 2172 3056 2687 1952 
16958 2946 966 2267 545 
16959 2946 2267 966 2051 
16960 2818 264 1977 417 
16961 2818 1977 264 2362 
16962 2874 1592 2008 2244 
16963 2874 2008 1592 2873 
16964 2791 3010 2231 1857 
16965 2231 3010 2791 2026 
16966 3045 2324 2696 2672 
16967 3045 2696 2324 1669 
16968 2949 2423 2037 1954 
16969 2949 2037 2423 1620 
16970 3043 1874 1646 2960 
16971 3043 1646 1874 2304 
16972 1668 2848 2650 2251 
16973 2650 2848 1668 2558 
16974 2653 987 1119 1716 
16975 2653 1119 987 977 
16976 2661 2871 2494 1787 
16977 2494 2871 2661 1951 
16978 3052 2839 2081 1908 
16979 3052 2081 2839 1647 
16980 3001 2948 2367 1794 
16981 3001 2367 2948 1905 
16982 2795 2809 2312 1575 
16983 2312 2809 2795 1896 
16984 187 2722 185 589 
16985 185 2722 187 2055 
16986 2501 340 307 1856 
16987 2501 307 340 802 
16988 2704 952 985 849 
16989 2704 985 952 2325 
16990 2806 357 391 355 
16991 2806 391 357 2320 
16992 2966 2404 1999 2496 
16993 2966 1999 2404 1735 
16994 2487 15 2126 175 
16995 2487 2126 15 1787 
16996 910 2126 15 175 
16997 910 15 2126 1787 
16998 2853 2999 2613 1722 
16999 2613 2999 2853 2035 
17000 2777 2844 2449 1626 
17001 2449 2844 2777 1777 
17002 2973 2972 2258 1899 
17003 2973 2258 2972 1806 
17004 2170 2258 2972 1899 
17005 2170 2972 2258 1806 
17006 2939 662 1970 309 
17007 2939 1970 662 2377 
17008 2914 1162 2773 688 
17009 2914 2773 1162 2761 
17010 833 2773 1162 688 
17011 833 1162 2773 2761 
17012 2666 1157 92 1060 
17013 2666 92 1157 2099 
17014 2881 136 2622 2688 
17015 2881 2622 136 127 
17016 920 2522 697 868 
17017 697 2522 920 2487 
17018 2843 2766 1913 1560 
17019 2843 1913 2766 2750 
17020 2788 155 768 156 
17021 2788 768 155 2140 
17022 2625 1156 1003 732 
17023 2625 1003 1156 2176 
17024 2722 1170 1171 589 
17025 2722 1171 1170 2413 
17026 2857 2968 2541 1764 
17027 2541 2968 2857 1913 
17028 2661 2870 2869 1951 
17029 2869 2870 2661 1750 
17030 2869 2293 2661 1951 
17031 2661 2293 2869 1750 
17032 3104 895 904 1149 
17033 3104 904 895 2063 
17034 1117 2045 2551 656 
17035 2551 2045 1117 2044 
17036 2619 2782 2705 1661 
17037 2705 2782 2619 1883 
17038 2988 475 902 1036 
17039 2988 902 475 2774 
17040 2929 806 804 962 
17041 2929 804 806 2363 
17042 2556 2145 1973 2475 
17043 2556 1973 2145 1777 
17044 973 3067 2383 743 
17045 2383 3067 973 2866 
17046 2720 1136 822 2242 
17047 2720 822 1136 842 
17048 3073 2880 2402 1967 
17049 3073 2402 2880 1789 
17050 3089 1183 2013 16 
17051 3089 2013 1183 2219 
17052 1 2013 1183 16 
17053 1 1183 2013 2219 
17054 580 2992 1126 618 
17055 1126 2992 580 2991 
17056 2931 407 2381 395 
17057 2931 2381 407 2832 
17058 3012 2533 631 919 
17059 631 2533 3012 2882 
17060 631 1150 3012 919 
17061 3012 1150 631 2882 
17062 980 3104 669 1149 
17063 669 3104 980 2797 
17064 2870 100 838 839 
17065 2870 838 100 2824 
17066 503 2180 3025 2372 
17067 503 3025 2180 528 
17068 2282 800 2739 949 
17069 2282 2739 800 1984 
3 6 4 23
17070 1187 29 28 1185 
17071 1184 30 3 1182 
17072 16 31 1183 1 
17073 1186 18 17 1184 
17074 1185 31 1 1183 
17075 3 18 30 1184 
17076 27 30 1187 1182 
17077 1 29 31 1185 
17078 1185 1182 31 1183 
17079 31 30 1182 1187 
17080 27 3 30 1182 
17081 1187 1182 31 1185 
17082 31 29 1187 1185 
17083 30 18 1186 1184 
17084 17 16 1186 1184 
17085 1187 28 27 1185 
17086 27 1182 1187 1185 
17087 16 31 1186 1183 
17088 16 1186 1184 1183 
17089 1183 31 30 1182 
17090 30 31 1183 1186 
17091 30 1184 1183 1182 
17092 1183 1184 30 1186 
3 7 4 66
17093 1196 30 31 1197 
17094 1187 1195 1197 1193 
17095 1195 1187 1197 31 
17096 1187 31 30 1197 
17097 30 1190 1188 1196 
17098 1190 30 1186 1196 
17099 32 31 1195 1198 
17100 30 1196 1199 1197 
17101 1196 31 30 1186 
17102 1196 1186 1190 1192 
17103 1187 30 1199 1197 
17104 1187 1199 1191 1197 
17105 1195 31 1197 1198 
17106 1197 31 1196 1198 
17107 1197 1191 1187 1193 
17108 1194 1186 1198 1192 
17109 1196 1186 1192 1198 
17110 1199 1191 30 1187 
17111 1186 1194 1198 31 
17112 30 1189 1191 1199 
17113 1186 1196 31 1198 
17114 1196 1188 30 1199 
17115 1198 32 31 1194 
17116 1190 34 1196 1192 
17117 1196 1188 35 1190 
17118 1187 1195 1193 29 
17119 1187 1195 29 31 
17120 1189 30 1188 1199 
17121 1195 5 32 1198 
17122 38 1191 1197 1193 
17123 1195 1197 39 1198 
17124 1194 1186 1192 16 
17125 1194 1186 16 31 
17126 1193 1197 39 1195 
17127 38 1191 1199 1197 
17128 34 1196 1192 1198 
17129 35 1188 1196 1199 
17130 1194 31 1 32 
17131 1189 1188 36 1199 
17132 32 31 1 1195 
17133 1195 39 5 1198 
17134 1191 1189 37 1199 
17135 1192 33 34 1198 
17136 1188 35 36 1199 
17137 1191 37 38 1199 
17138 1198 1192 33 1194 
17139 3 30 1188 1189 
17140 1187 1191 28 1193 
17141 29 1 31 1195 
17142 1190 1186 17 1192 
17143 1187 29 1193 28 
17144 18 3 30 1188 
17145 1196 35 34 1190 
17146 1198 5 32 1194 
17147 16 31 1 1194 
17148 1186 18 1190 17 
17149 1191 28 27 1187 
17150 27 30 3 1189 
17151 1197 39 38 1193 
17152 16 17 1186 1192 
17153 1198 33 5 1194 
17154 1189 36 37 1199 
17155 30 1191 27 1187 
17156 30 27 1191 1189 
17157 1190 30 18 1186 
17158 1190 18 30 1188 
$EndElements
