step,t,max_u,plate_disp
1,6.25000000e-03,0.0000000000000000e+00,0.0000000000000000e+00
2,1.25000000e-02,1.1619217325789391e-02,3.7478792678026783e-05
3,1.87500000e-02,2.0833282462893069e-02,9.4981576577039264e-05
4,2.50000000e-02,3.1249923693900519e-02,1.7815689728923126e-04
5,3.12500000e-02,4.1666564925558577e-02,2.8486720982615359e-04
6,3.75000000e-02,5.2083206156631444e-02,4.1270410421247720e-04
7,4.37500000e-02,6.2499847388081627e-02,5.6083895917228470e-04
8,5.00000000e-02,7.2916488619183012e-02,7.2719868555469946e-04
9,5.62500000e-02,8.3333129850510931e-02,9.1036779868534229e-04
10,6.25000000e-02,9.3749771081610075e-02,1.1084501473219207e-03
11,6.87500000e-02,1.0416641231284388e-01,1.3207175332638741e-03
12,7.50000000e-02,1.1458305354392231e-01,1.5463894489000261e-03
13,8.12500000e-02,1.2499969477507544e-01,1.7856786762798121e-03
14,8.75000000e-02,1.3541633600612249e-01,2.0359568361756710e-03
15,9.37500000e-02,1.4583297723720370e-01,2.2968289848423838e-03
16,1.00000000e-01,1.5624961846821406e-01,2.5669430699588290e-03
17,1.06250000e-01,1.6666625969923057e-01,2.8456513420056177e-03
18,1.12500000e-01,1.6666625969864163e-01,3.1063542711966576e-03
19,1.18750000e-01,1.6666625969774695e-01,3.3446536328624360e-03
20,1.25000000e-01,1.6666625969759225e-01,3.5629621537715218e-03
21,1.31250000e-01,1.6666625969686397e-01,3.7613352047929866e-03
22,1.37500000e-01,1.6666625969660151e-01,3.9452810514700141e-03
23,1.43750000e-01,1.6666625969600352e-01,4.1140295590559872e-03
24,1.50000000e-01,1.6666625969568663e-01,4.2691273106995557e-03
25,1.56250000e-01,1.6666625969515408e-01,4.4100747247550051e-03
26,1.62500000e-01,1.6666625969483476e-01,4.5391378148973800e-03
27,1.68750000e-01,1.6666625969436383e-01,4.6575091709158845e-03
28,1.75000000e-01,1.6666625969406551e-01,4.7660327308034038e-03
29,1.81250000e-01,1.6666625969365007e-01,4.8655519362553901e-03
30,1.87500000e-01,1.6666625969337615e-01,4.9566819857465453e-03
31,1.93750000e-01,1.6666625969301305e-01,5.0398855320781021e-03
32,2.00000000e-01,1.6666625969276452e-01,5.1157341756889966e-03
33,2.06250000e-01,1.6666625969244755e-01,5.1849038211256590e-03
34,2.12500000e-01,1.6666625969222582e-01,5.2475359843087667e-03
35,2.18750000e-01,1.6666625969194959e-01,5.3043240682105744e-03
36,2.25000000e-01,1.6666625969175342e-01,5.3554935881646561e-03
37,2.31250000e-01,1.6666625969151386e-01,5.4015758923514467e-03
38,2.37500000e-01,1.6666625969134102e-01,5.4425173746179669e-03
39,2.43750000e-01,1.6666625969113302e-01,5.4796197425239614e-03
40,2.50000000e-01,1.6666625969098184e-01,5.5126876611331522e-03
41,2.56250000e-01,1.6666625969080290e-01,5.5418911684155985e-03
42,2.62500000e-01,1.6666625969067228e-01,5.5672695654102383e-03
43,2.68750000e-01,1.6666625969051924e-01,5.5890984063392789e-03
44,2.75000000e-01,1.6666625969040583e-01,5.6100468920218154e-03
45,2.81250000e-01,1.6666625969027771e-01,5.6330056676096958e-03
46,2.87500000e-01,1.6666625969018206e-01,5.6530911437726377e-03
47,2.93750000e-01,1.6666625969007409e-01,5.6706924448153380e-03
48,3.00000000e-01,1.6732186492360193e-01,5.6858615622567884e-03
49,3.06250000e-01,1.6799932501262743e-01,5.6988631548312504e-03
50,3.12500000e-01,1.6860631190118708e-01,5.7097833309862882e-03
51,3.18750000e-01,1.6913907282254650e-01,5.7189176920933605e-03
52,3.25000000e-01,1.6960580128810585e-01,5.7270217697690832e-03
53,3.31250000e-01,1.7000655600251641e-01,5.7342571214939004e-03
54,3.37500000e-01,1.7034557349645485e-01,5.7400817876603763e-03
55,3.43750000e-01,1.7062705345641171e-01,5.7447526327323523e-03
56,3.50000000e-01,1.7085587883459727e-01,5.7483287034871631e-03
57,3.56250000e-01,1.7103400768228910e-01,5.7510352709681670e-03
58,3.62500000e-01,1.7116469234185994e-01,5.7529609932186259e-03
59,3.68750000e-01,1.7124978091354817e-01,5.7547064834600377e-03
60,3.75000000e-01,1.7129187595716119e-01,5.7629191709675466e-03
61,3.81250000e-01,1.7129730945270150e-01,5.7705499091248247e-03
62,3.87500000e-01,1.7126563698865990e-01,5.7776527211243862e-03
63,3.93750000e-01,1.7120157300910638e-01,5.7855228301680875e-03
64,4.00000000e-01,1.7110678923714462e-01,5.7933824825855008e-03
65,4.06250000e-01,1.7098695619331877e-01,5.8010255916609013e-03
66,4.12500000e-01,1.7083812930648920e-01,5.8084773257768172e-03
67,4.18750000e-01,1.7067466942795512e-01,5.8158770824399556e-03
68,4.25000000e-01,1.7048602168353988e-01,5.8266945823265857e-03
69,4.31250000e-01,1.7028834589704259e-01,5.8437620895355072e-03
70,4.37500000e-01,1.7006864331927804e-01,5.8606056574442818e-03
71,4.43750000e-01,1.6984034195438655e-01,5.8773057835442002e-03
72,4.50000000e-01,1.6959815796555378e-01,5.8938748293430260e-03
73,4.56250000e-01,1.6934849928605775e-01,5.9103860215703697e-03
74,4.62500000e-01,1.6910032183824500e-01,5.9268279814023014e-03
75,4.68750000e-01,1.6883849704023668e-01,5.9432883228230432e-03
76,4.75000000e-01,1.6858272626440762e-01,5.9597476134957408e-03
77,4.81250000e-01,1.6831465365491075e-01,5.9762777788021021e-03
78,4.87500000e-01,1.6805820966691895e-01,5.9928712045388879e-03
79,4.93750000e-01,1.6779991972569952e-01,6.0095876580723503e-03
80,5.00000000e-01,1.6754952340871468e-01,6.0264053583997624e-03
81,5.06250000e-01,1.6730754468690448e-01,6.0433907842773193e-03
82,5.12500000e-01,1.6707858402974202e-01,6.0605117109229032e-03
83,5.18750000e-01,1.6685165415541195e-01,6.0778318855794150e-03
84,5.25000000e-01,1.6666625968999313e-01,6.0953242589759631e-03
85,5.31250000e-01,1.6666625969002166e-01,6.1130386801225125e-03
86,5.37500000e-01,1.6666625969004359e-01,6.1309523587789695e-03
87,5.43750000e-01,1.6666625969007010e-01,6.1490868194989954e-03
88,5.50000000e-01,1.6666625969009022e-01,6.1674371323760082e-03
89,5.56250000e-01,1.6666625969011453e-01,6.1860276260037742e-03
90,5.62500000e-01,1.6666625969013366e-01,6.2048310633836586e-03
91,5.68750000e-01,1.6666625969015533e-01,6.2252548438170973e-03
92,5.75000000e-01,1.6666625969017240e-01,6.2488059396005793e-03
93,5.81250000e-01,1.6666625969019128e-01,6.2724376919500212e-03
94,5.87500000e-01,1.6666625969020588e-01,6.2961609187034079e-03
95,5.93750000e-01,1.6666625969022295e-01,6.3199681918993779e-03
96,6.00000000e-01,1.6666625969023535e-01,6.3438653788944650e-03
97,6.06250000e-01,1.6666625969024945e-01,6.3678497028526408e-03
98,6.12500000e-01,1.6666625969026005e-01,6.3919360854129970e-03
99,6.18750000e-01,1.6666625969027243e-01,6.4160866833806061e-03
100,6.25000000e-01,1.6666625969028070e-01,6.4403304121157462e-03
101,6.31250000e-01,1.6666625969029081e-01,6.4646616979687791e-03
102,6.37500000e-01,1.6666625969029672e-01,6.4890642290033806e-03
103,6.43750000e-01,1.6666625969030505e-01,6.5135174878235939e-03
104,6.50000000e-01,1.6666625969030929e-01,6.5380810291155696e-03
105,6.56250000e-01,1.6666625969031537e-01,6.5627022912796993e-03
106,6.62500000e-01,1.6666625969031817e-01,6.5873710121940486e-03
107,6.68750000e-01,1.6666625969032237e-01,6.6121213937926993e-03
108,6.75000000e-01,1.6666625969032320e-01,6.6369086177448895e-03
109,6.81250000e-01,1.6666625969032620e-01,6.6617324188666159e-03
110,6.87500000e-01,1.6666625969032586e-01,6.6865921297805031e-03
111,6.93750000e-01,1.6666625969032717e-01,6.7114770598368399e-03
112,7.00000000e-01,1.6666625969032539e-01,6.7363871843041543e-03
113,7.06250000e-01,1.6666625969032589e-01,6.7613069127309827e-03
114,7.12500000e-01,1.6666625969032287e-01,6.7862540445499117e-03
115,7.18750000e-01,1.6666625969032203e-01,6.8112024925125903e-03
116,7.25000000e-01,1.6666625969031854e-01,6.8361526341330376e-03
117,7.31250000e-01,1.6666625969031665e-01,6.8610836166691485e-03
118,7.37500000e-01,1.6666625969031237e-01,6.8860709289824008e-03
119,7.43750000e-01,1.6666625969030929e-01,6.9109936993378331e-03
120,7.50000000e-01,1.6666625969030491e-01,6.9359404524578219e-03
121,7.56250000e-01,1.6666625969030152e-01,6.9608377708706634e-03
122,7.62500000e-01,1.6666625969029636e-01,6.9857369314638663e-03
123,7.68750000e-01,1.6666625969029275e-01,7.0105869689773576e-03
124,7.75000000e-01,1.6666625969028695e-01,7.0353990167884226e-03
125,7.81250000e-01,1.6666625969028273e-01,7.0601879845596793e-03
126,7.87500000e-01,1.6666625969027724e-01,7.0849393969247762e-03
127,7.93750000e-01,1.6666625969027282e-01,7.1096181839982436e-03
128,8.00000000e-01,1.6666625969026713e-01,7.1342807383101723e-03
129,8.06250000e-01,1.6666625969026269e-01,7.1588699397343337e-03
130,8.12500000e-01,1.6666625969025770e-01,7.1834255588951483e-03
131,8.18750000e-01,1.6666625969025259e-01,7.2078824989507372e-03
132,8.25000000e-01,1.6666625969024712e-01,7.2323255604250757e-03
133,8.31250000e-01,1.6666625969024354e-01,7.2566907914132332e-03
134,8.37500000e-01,1.6666625969023718e-01,7.2810142337453986e-03
135,8.43750000e-01,1.6666625969023330e-01,7.3052644617159742e-03
136,8.50000000e-01,1.6666625969022836e-01,7.3294690849069425e-03
137,8.56250000e-01,1.6666625969022394e-01,7.3536112947433178e-03
138,8.62500000e-01,1.6666625969021820e-01,7.3776959703882395e-03
139,8.68750000e-01,1.6666625969021540e-01,7.4016891999983889e-03
140,8.75000000e-01,1.6666625969020987e-01,7.4256309388643594e-03
141,8.81250000e-01,1.6666625969020685e-01,7.4495148270487463e-03
142,8.87500000e-01,1.6666625969020174e-01,7.4733332476855825e-03
143,8.93750000e-01,1.6666625969019921e-01,7.4970832729194118e-03
144,9.00000000e-01,1.6666625969019358e-01,7.5207815528432692e-03
145,9.06250000e-01,1.6666625969019180e-01,7.5443983315398597e-03
146,9.12500000e-01,1.6666625969018678e-01,7.5679612209267038e-03
147,9.18750000e-01,1.6666625969018511e-01,7.5914680474526838e-03
148,9.25000000e-01,1.6666625969017995e-01,7.6149169363969879e-03
149,9.31250000e-01,1.6666625969017787e-01,7.6382991606311892e-03
150,9.37500000e-01,1.6666625969017410e-01,7.6616406807639174e-03
151,9.43750000e-01,1.6666625969017199e-01,7.6848891642476193e-03
152,9.50000000e-01,1.6666625969016827e-01,7.7081184535455665e-03
153,9.56250000e-01,1.6666625969016655e-01,7.7312432881093346e-03
154,9.62500000e-01,1.6666625969016347e-01,7.7543443053659034e-03
155,9.68750000e-01,1.6666625969016155e-01,7.7773544727689284e-03
156,9.75000000e-01,1.6666625969015833e-01,7.8003437549573808e-03
157,9.81250000e-01,1.6666625969015633e-01,7.8232531184002346e-03
158,9.87500000e-01,1.6666625969015467e-01,7.8461485149038217e-03
159,9.93750000e-01,1.6666625969015209e-01,7.8689805432004718e-03
160,1.00000000e+00,1.6666625969014967e-01,7.8918097854259080e-03
161,1.00625000e+00,1.6666625969014967e-01,7.9145325711361004e-03
162,1.01250000e+00,1.6666625969014501e-01,7.9372483775342166e-03
163,1.01875000e+00,1.6666625969014642e-01,7.9598869992449674e-03
164,1.02500000e+00,1.6666625969014220e-01,7.9825040819285990e-03
165,1.03125000e+00,1.6666625969014390e-01,8.0050581506230459e-03
166,1.03750000e+00,1.6666625969014012e-01,8.0276096220995453e-03
167,1.04375000e+00,1.6666625969014054e-01,8.0500729536407689e-03
168,1.05000000e+00,1.6666625969013757e-01,8.0725323933822420e-03
169,1.05625000e+00,1.6666625969013846e-01,8.0949208000676651e-03
170,1.06250000e+00,1.6666625969013507e-01,8.1173200025516246e-03
171,1.06875000e+00,1.6666625969013676e-01,8.1396517949670968e-03
172,1.07500000e+00,1.6666625969013391e-01,8.1619516584948634e-03
173,1.08125000e+00,1.6666625969013449e-01,8.1842058074897001e-03
174,1.08750000e+00,1.6666625969012960e-01,8.2064401602361947e-03
175,1.09375000e+00,1.6666625969013540e-01,8.2286406288334217e-03
176,1.10000000e+00,1.6666625969012752e-01,8.2507876589764367e-03
177,1.10625000e+00,1.6666625969013335e-01,8.2728829959624588e-03
178,1.11250000e+00,1.6666625969012694e-01,8.2949570499902363e-03
179,1.11875000e+00,1.6666625969013285e-01,8.3169886567522090e-03
180,1.12500000e+00,1.6666625969012680e-01,8.3390276647089135e-03
181,1.13125000e+00,1.6666625969013113e-01,8.3610180236246903e-03
182,1.13750000e+00,1.6666625969012661e-01,8.3829943730461178e-03
183,1.14375000e+00,1.6666625969012844e-01,8.4049030797683118e-03
184,1.15000000e+00,1.6666625969012586e-01,8.4268455370560911e-03
185,1.15625000e+00,1.6666625969012636e-01,8.4487279801795743e-03
186,1.16250000e+00,1.6666625969012441e-01,8.4706040671830869e-03
187,1.16875000e+00,1.6666625969012561e-01,8.4924384159060038e-03
188,1.17500000e+00,1.6666625969012205e-01,8.5142683345756504e-03
189,1.18125000e+00,1.6666625969012344e-01,8.5360406414843968e-03
190,1.18750000e+00,1.6666625969011956e-01,8.5577891821884255e-03
191,1.19375000e+00,1.6666625969012339e-01,8.5794560546088652e-03
192,1.20000000e+00,1.6666625969011689e-01,8.6011613237874079e-03
193,1.20625000e+00,1.6666625969012130e-01,8.6227845855671916e-03
194,1.21250000e+00,1.6666625969011670e-01,8.6444405438943061e-03
195,1.21875000e+00,1.6666625969011728e-01,8.6660095473908866e-03
196,1.22500000e+00,1.6666625969011506e-01,8.6876364094557890e-03
197,1.23125000e+00,1.6666625969011725e-01,8.7091281795781596e-03
198,1.23750000e+00,1.6666625969011262e-01,8.7306957207763328e-03
199,1.24375000e+00,1.6666625969011528e-01,8.7521524391434603e-03
200,1.25000000e+00,1.6666625969011042e-01,8.7736023816984438e-03
201,1.25625000e+00,1.6666625969011378e-01,8.7949725286446574e-03
202,1.26250000e+00,1.6666625969010967e-01,8.8163882307697242e-03
203,1.26875000e+00,1.6666625969011203e-01,8.8376894995600957e-03
204,1.27500000e+00,1.6666625969010812e-01,8.8591092750075068e-03
205,1.28125000e+00,1.6666625969010976e-01,8.8804058962782453e-03
206,1.28750000e+00,1.6666625969010604e-01,8.9017856968347103e-03
207,1.29375000e+00,1.6666625969010851e-01,8.9230606607438347e-03
208,1.30000000e+00,1.6666625969010473e-01,8.9444058671785710e-03
209,1.30625000e+00,1.6666625969010654e-01,8.9656272345387412e-03
210,1.31250000e+00,1.6666625969010213e-01,8.9869090312104157e-03
211,1.31875000e+00,1.6666625969010437e-01,9.0081188527214914e-03
212,1.32500000e+00,1.6666625969010099e-01,9.0293636393090643e-03
213,1.33125000e+00,1.6666625969010296e-01,9.0505460919093859e-03
214,1.33750000e+00,1.6666625969010032e-01,9.0717394418394857e-03
215,1.34375000e+00,1.6666625969010104e-01,9.0928648941032038e-03
216,1.35000000e+00,1.6666625969009838e-01,9.1139772210949398e-03
217,1.35625000e+00,1.6666625969009971e-01,9.1350603465407253e-03
218,1.36250000e+00,1.6666625969009582e-01,9.1561027873685880e-03
219,1.36875000e+00,1.6666625969009746e-01,9.1772030064342473e-03
220,1.37500000e+00,1.6666625969009555e-01,9.1982452252565884e-03
221,1.38125000e+00,1.6666625969009369e-01,9.2192889333487169e-03
222,1.38750000e+00,1.6666625969009510e-01,9.2402932493864803e-03
223,1.39375000e+00,1.6666625969009094e-01,9.2612719654275640e-03
224,1.40000000e+00,1.6666625969009446e-01,9.2822492177343455e-03
225,1.40625000e+00,1.6666625969009100e-01,9.3031848174697975e-03
226,1.41250000e+00,1.6666625969008975e-01,9.3241415180544858e-03
227,1.41875000e+00,1.6666625969008905e-01,9.3450374756640520e-03
228,1.42500000e+00,1.6666625969009050e-01,9.3659584307056107e-03
229,1.43125000e+00,1.6666625969008636e-01,9.3868354267873221e-03
230,1.43750000e+00,1.6666625969008822e-01,9.4076985072138984e-03
231,1.44375000e+00,1.6666625969008456e-01,9.4285415393534164e-03
232,1.45000000e+00,1.6666625969008697e-01,9.4493966541440867e-03
233,1.45625000e+00,1.6666625969008361e-01,9.4701730674743786e-03
234,1.46250000e+00,1.6666625969008603e-01,9.4909543986052870e-03
235,1.46875000e+00,1.6666625969008234e-01,9.5117019324787392e-03
236,1.47500000e+00,1.6666625969008328e-01,9.5324420218511341e-03
237,1.48125000e+00,1.6666625969008184e-01,9.5530810938435073e-03
238,1.48750000e+00,1.6666625969008120e-01,9.5737752838992510e-03
239,1.49375000e+00,1.6666625969008089e-01,9.5944120310665244e-03
240,1.50000000e+00,1.6666625969007776e-01,9.6150412380604146e-03
241,1.50625000e+00,1.6666625969008039e-01,9.6356137866817158e-03
242,1.51250000e+00,1.6666625969007798e-01,9.6562258783218329e-03
243,1.51875000e+00,1.6666625969007748e-01,9.6767361027622241e-03
244,1.52500000e+00,1.6666625969007606e-01,9.6972540541793474e-03
245,1.53125000e+00,1.6666625969007609e-01,9.7177389821660604e-03
246,1.53750000e+00,1.6666625969007634e-01,9.7382191608565063e-03
247,1.54375000e+00,1.6666625969007282e-01,9.7586185663889914e-03
248,1.55000000e+00,1.6666625969007581e-01,9.7790996665135261e-03
249,1.55625000e+00,1.6666625969007001e-01,9.7995102888574926e-03
250,1.56250000e+00,1.6666625969007445e-01,9.8199705656112322e-03
251,1.56875000e+00,1.6666625969006843e-01,9.8403695233691257e-03
252,1.57500000e+00,1.6666625969007237e-01,9.8607880164652412e-03
253,1.58125000e+00,1.6666625969006738e-01,9.8811451806833702e-03
254,1.58750000e+00,1.6666625969007193e-01,9.9015314780543460e-03
255,1.59375000e+00,1.6666625969006679e-01,9.9218446156036470e-03
256,1.60000000e+00,1.6666625969007151e-01,9.9422267400193793e-03
257,1.60625000e+00,1.6666625969006468e-01,9.9624833787092561e-03
258,1.61250000e+00,1.6666625969006987e-01,9.9827843531450928e-03
259,1.61875000e+00,1.6666625969006441e-01,1.0002978678692914e-02
260,1.62500000e+00,1.6666625969006565e-01,1.0023270650004204e-02
261,1.63125000e+00,1.6666625969006235e-01,1.0043445660891194e-02
262,1.63750000e+00,1.6666625969006427e-01,1.0063714487070823e-02
263,1.64375000e+00,1.6666625969005924e-01,1.0083852725468875e-02
264,1.65000000e+00,1.6666625969006207e-01,1.0104066723108311e-02
265,1.65625000e+00,1.6666625969005885e-01,1.0124186281794085e-02
266,1.66250000e+00,1.6666625969006010e-01,1.0144341110718207e-02
267,1.66875000e+00,1.6666625969005611e-01,1.0164391786297867e-02
268,1.67500000e+00,1.6666625969005874e-01,1.0184536519735313e-02
269,1.68125000e+00,1.6666625969005533e-01,1.0204509809869724e-02
270,1.68750000e+00,1.6666625969005569e-01,1.0224601281628125e-02
271,1.69375000e+00,1.6666625969005480e-01,1.0244543680240931e-02
272,1.70000000e+00,1.6666625969005511e-01,1.0264582743054819e-02
273,1.70625000e+00,1.6666625969005144e-01,1.0284523462127524e-02
274,1.71250000e+00,1.6666625969005519e-01,1.0304515337657034e-02
275,1.71875000e+00,1.6666625969004961e-01,1.0324419474785209e-02
276,1.72500000e+00,1.6666625969005358e-01,1.0345445630087833e-02
277,1.73125000e+00,1.6666625969004692e-01,1.0367278887286160e-02
278,1.73750000e+00,1.6666625969005117e-01,1.0389103194182039e-02
279,1.74375000e+00,1.6666625969004700e-01,1.0410865181893372e-02
280,1.75000000e+00,1.6666625969004883e-01,1.0432661087912090e-02
281,1.75625000e+00,1.6666625969004334e-01,1.0454374605200078e-02
282,1.76250000e+00,1.6666625969004670e-01,1.0476126248635786e-02
283,1.76875000e+00,1.6666625969004062e-01,1.0497778329748216e-02
284,1.77500000e+00,1.6666625969004295e-01,1.0519483960549655e-02
285,1.78125000e+00,1.6666625969003995e-01,1.0541119879978687e-02
286,1.78750000e+00,1.6666625969004120e-01,1.0562768110628184e-02
287,1.79375000e+00,1.6666625969003529e-01,1.0584328353741870e-02
288,1.80000000e+00,1.6666625969004006e-01,1.0605900809180282e-02
289,1.80625000e+00,1.6666625969003507e-01,1.0627425742985745e-02
290,1.81250000e+00,1.6666625969003712e-01,1.0648970969765099e-02
291,1.81875000e+00,1.6666625969003443e-01,1.0670415434141146e-02
292,1.82500000e+00,1.6666625969003415e-01,1.0691916169885808e-02
293,1.83125000e+00,1.6666625969003351e-01,1.0713352199221367e-02
294,1.83750000e+00,1.6666625969003285e-01,1.0734791946166496e-02
295,1.84375000e+00,1.6666625969003099e-01,1.0756195879663937e-02
296,1.85000000e+00,1.6666625969003396e-01,1.0777584392617723e-02
297,1.85625000e+00,1.6666625969003071e-01,1.0798907995086059e-02
298,1.86250000e+00,1.6666625969002932e-01,1.0820239493124903e-02
299,1.86875000e+00,1.6666625969002882e-01,1.0841528897585263e-02
300,1.87500000e+00,1.6666625969002735e-01,1.0862790130080822e-02
301,1.88125000e+00,1.6666625969002716e-01,1.0884038811725356e-02
302,1.88750000e+00,1.6666625969002735e-01,1.0905281960427306e-02
303,1.89375000e+00,1.6666625969002449e-01,1.0926484604344228e-02
304,1.90000000e+00,1.6666625969002530e-01,1.0947680789358970e-02
305,1.90625000e+00,1.6666625969002521e-01,1.0968848641888192e-02
306,1.91250000e+00,1.6666625969002311e-01,1.0990033665249459e-02
307,1.91875000e+00,1.6666625969002302e-01,1.1011128322395036e-02
308,1.92500000e+00,1.6666625969001994e-01,1.1032288595698615e-02
309,1.93125000e+00,1.6666625969002394e-01,1.1053345867204583e-02
310,1.93750000e+00,1.6666625969002083e-01,1.1074482367847201e-02
311,1.94375000e+00,1.6666625969002746e-01,1.1095488750576076e-02
312,1.95000000e+00,1.6666625969001778e-01,1.1116590614421008e-02
313,1.95625000e+00,1.6666625969002813e-01,1.1137578428190013e-02
314,1.96250000e+00,1.6666625969001814e-01,1.1158599247739627e-02
315,1.96875000e+00,1.6666625969002460e-01,1.1179585346625878e-02
316,1.97500000e+00,1.6666625969001872e-01,1.1200529706861318e-02
317,1.98125000e+00,1.6666625969002241e-01,1.1221426106835774e-02
318,1.98750000e+00,1.6666625969001722e-01,1.1242323894933289e-02
319,1.99375000e+00,1.6666625969002249e-01,1.1263192972196509e-02
320,2.00000000e+00,1.6666625969001492e-01,1.1284083879195647e-02
321,2.00625000e+00,1.6666625969002141e-01,1.1304925684443983e-02
322,2.01250000e+00,1.6666625969001353e-01,1.1325790571539754e-02
323,2.01875000e+00,1.6666625969002347e-01,1.1346539734830803e-02
324,2.02500000e+00,1.6666625969001150e-01,1.1367380362181630e-02
325,2.03125000e+00,1.6666625969002205e-01,1.1388076804508342e-02
326,2.03750000e+00,1.6666625969000859e-01,1.1408877505721570e-02
327,2.04375000e+00,1.6666625969002138e-01,1.1429566664468769e-02
328,2.05000000e+00,1.6666625969000654e-01,1.1450233902005247e-02
329,2.05625000e+00,1.6666625969001947e-01,1.1470796737370656e-02
330,2.06250000e+00,1.6666625969000631e-01,1.1491496059150902e-02
331,2.06875000e+00,1.6666625969001461e-01,1.1512105807493660e-02
332,2.07500000e+00,1.6666625969000509e-01,1.1532733282672342e-02
333,2.08125000e+00,1.6666625969001442e-01,1.1553293771762353e-02
334,2.08750000e+00,1.6666625969000523e-01,1.1573879030101859e-02
335,2.09375000e+00,1.6666625969001198e-01,1.1594452646939880e-02
336,2.10000000e+00,1.6666625969000526e-01,1.1614987424895694e-02
337,2.10625000e+00,1.6666625969001145e-01,1.1635501654658998e-02
338,2.11250000e+00,1.6666625969000137e-01,1.1655970209861486e-02
339,2.11875000e+00,1.6666625969001606e-01,1.1676410288762550e-02
340,2.12500000e+00,1.6666625969000579e-01,1.1696804800020430e-02
341,2.13125000e+00,1.6666625968999976e-01,1.1717212466861835e-02
342,2.13750000e+00,1.6666625969000526e-01,1.1737610008614910e-02
343,2.14375000e+00,1.6666625969001261e-01,1.1757958596607070e-02
344,2.15000000e+00,1.6666928840996023e-01,1.1778380016193446e-02
345,2.15625000e+00,1.6666625969000870e-01,1.1798715523564301e-02
346,2.16250000e+00,1.6666625969000376e-01,1.1819065402738216e-02
347,2.16875000e+00,1.6666625969000887e-01,1.1839345116242930e-02
348,2.17500000e+00,1.6666867742425648e-01,1.1859655243150113e-02
349,2.18125000e+00,1.6666625969001067e-01,1.1879905084590182e-02
350,2.18750000e+00,1.6666625969000276e-01,1.1900192234534229e-02
351,2.19375000e+00,1.6666625969000926e-01,1.1920473294275452e-02
352,2.20000000e+00,1.6666625969000357e-01,1.1940767035824373e-02
353,2.20625000e+00,1.6666625969000837e-01,1.1960994876503424e-02
354,2.21250000e+00,1.6666625969000581e-01,1.1981255911090616e-02
355,2.21875000e+00,1.6666625969000057e-01,1.2001469339111046e-02
356,2.22500000e+00,1.6666625969000951e-01,1.2021680502451046e-02
357,2.23125000e+00,1.6666625969000648e-01,1.2041800488000427e-02
358,2.23750000e+00,1.6666625969000584e-01,1.2061982007382281e-02
359,2.24375000e+00,1.6666625968999965e-01,1.2082073279620570e-02
360,2.25000000e+00,1.6666625969000221e-01,1.2102223885904598e-02
361,2.25625000e+00,1.6666625969000118e-01,1.2122380796860479e-02
362,2.26250000e+00,1.6666625969000587e-01,1.2142435742616125e-02
363,2.26875000e+00,1.6666625968999907e-01,1.2162563486365630e-02
364,2.27500000e+00,1.6666625969000379e-01,1.2182628792270854e-02
365,2.28125000e+00,1.6666625968999690e-01,1.2202684446414742e-02
366,2.28750000e+00,1.6666625969000515e-01,1.2222697600722750e-02
367,2.29375000e+00,1.6666625968999596e-01,1.2242694495780247e-02
368,2.30000000e+00,1.6666625969000567e-01,1.2262693320465846e-02
369,2.30625000e+00,1.6666625968999299e-01,1.2282601744244760e-02
370,2.31250000e+00,1.6666625969000204e-01,1.2302566830231187e-02
371,2.31875000e+00,1.6666625968999615e-01,1.2322422896323014e-02
372,2.32500000e+00,1.6666625969000151e-01,1.2342316195685958e-02
373,2.33125000e+00,1.6666625968999393e-01,1.2362150697192223e-02
374,2.33750000e+00,1.6666625968999596e-01,1.2382037746836395e-02
375,2.34375000e+00,1.6666625968999563e-01,1.2401856279775260e-02
376,2.35000000e+00,1.6666625968999887e-01,1.2421683980985032e-02
377,2.35625000e+00,1.6666676889919041e-01,1.2441458102077030e-02
378,2.36250000e+00,1.6666625968999588e-01,1.2461310689058393e-02
379,2.36875000e+00,1.6666625968998933e-01,1.2480981347925463e-02
380,2.37500000e+00,1.6666625968999058e-01,1.2500721262373624e-02
381,2.38125000e+00,1.6666625968998999e-01,1.2520426477680938e-02
382,2.38750000e+00,1.6666625968998980e-01,1.2540150072824925e-02
383,2.39375000e+00,1.6666931254249778e-01,1.2559673230923890e-02
384,2.40000000e+00,1.6666625968998677e-01,1.2579357870734725e-02
385,2.40625000e+00,1.6666625968998738e-01,1.2598867289050377e-02
386,2.41250000e+00,1.6666625968998411e-01,1.2618576761521475e-02
387,2.41875000e+00,1.6666625968998683e-01,1.2638069252249449e-02
388,2.42500000e+00,1.6666625968998369e-01,1.2657637019619174e-02
389,2.43125000e+00,1.6666625968998000e-01,1.2677072494236918e-02
390,2.43750000e+00,1.6666625968998680e-01,1.2696610266219165e-02
391,2.44375000e+00,1.6666625968998533e-01,1.2716037383411771e-02
392,2.45000000e+00,1.6666625968997631e-01,1.2735535208066929e-02
393,2.45625000e+00,1.6666625968998494e-01,1.2755018167485976e-02
394,2.46250000e+00,1.6666625968997478e-01,1.2774456106092626e-02
395,2.46875000e+00,1.6666625968998225e-01,1.2793936588093290e-02
396,2.47500000e+00,1.6666625968997792e-01,1.2813318195359096e-02
397,2.48125000e+00,1.6666625968998472e-01,1.2832696404892707e-02
398,2.48750000e+00,1.6667194207137254e-01,1.2852006209654961e-02
399,2.49375000e+00,1.6666625968997500e-01,1.2871328095260679e-02
400,2.50000000e+00,1.6666944612987822e-01,1.2890562138095604e-02
401,2.50625000e+00,1.6666625968997148e-01,1.2909799578755057e-02
402,2.51250000e+00,1.6667614540690512e-01,1.2929031698135453e-02
403,2.51875000e+00,1.6666625968997506e-01,1.2948279678453236e-02
404,2.52500000e+00,1.6666759499459544e-01,1.2967525480871885e-02
405,2.53125000e+00,1.6666625968997398e-01,1.2986821491733013e-02
406,2.53750000e+00,1.6666625968997498e-01,1.3006044012604545e-02
407,2.54375000e+00,1.6666625968997220e-01,1.3025218164684485e-02
408,2.55000000e+00,1.6667078931559062e-01,1.3044415365765732e-02
409,2.55625000e+00,1.6666625968997301e-01,1.3063570315475873e-02
410,2.56250000e+00,1.6666625968997148e-01,1.3082721923309969e-02
411,2.56875000e+00,1.6666625968997145e-01,1.3101875897001049e-02
412,2.57500000e+00,1.6666832891804548e-01,1.3120992248106542e-02
413,2.58125000e+00,1.6666831017070777e-01,1.3140124324250445e-02
414,2.58750000e+00,1.6667588851154622e-01,1.3159266380596659e-02
415,2.59375000e+00,1.6666625968997315e-01,1.3178359932328861e-02
416,2.60000000e+00,1.6667290073436861e-01,1.3197389516559355e-02
417,2.60625000e+00,1.6666625968997742e-01,1.3216451416097324e-02
418,2.61250000e+00,1.6667663323247517e-01,1.3235494755699271e-02
419,2.61875000e+00,1.6666625968997503e-01,1.3254532582277757e-02
420,2.62500000e+00,1.6668983711274818e-01,1.3273505185440564e-02
421,2.63125000e+00,1.6666625968997675e-01,1.3292536709968841e-02
422,2.63750000e+00,1.6669080452859120e-01,1.3311502273022243e-02
423,2.64375000e+00,1.6666625968997628e-01,1.3330468033458437e-02
424,2.65000000e+00,1.6669059674431641e-01,1.3349436897577747e-02
425,2.65625000e+00,1.6666636973042334e-01,1.3368380510448707e-02
426,2.66250000e+00,1.6668353846415665e-01,1.3387302163096554e-02
427,2.66875000e+00,1.6666625968997095e-01,1.3406194322401645e-02
428,2.67500000e+00,1.6669251904152019e-01,1.3425126682065863e-02
429,2.68125000e+00,1.6666795679361379e-01,1.3443971622534396e-02
430,2.68750000e+00,1.6670459720546590e-01,1.3462821220570850e-02
431,2.69375000e+00,1.6668932459570421e-01,1.3481654056237431e-02
432,2.70000000e+00,1.6671001941725502e-01,1.3500482179430461e-02
433,2.70625000e+00,1.6670314370003844e-01,1.3519266910703931e-02
434,2.71250000e+00,1.6673489318382886e-01,1.3538009858672716e-02
435,2.71875000e+00,1.6671572664783493e-01,1.3556735188117329e-02
436,2.72500000e+00,1.6672429525180527e-01,1.3575449473520870e-02
437,2.73125000e+00,1.6672804632865262e-01,1.3594147926626140e-02
438,2.73750000e+00,1.6674079409458278e-01,1.3612855062959438e-02
439,2.74375000e+00,1.6672807803145276e-01,1.3631496109810157e-02
440,2.75000000e+00,1.6674360680120778e-01,1.3650127132239667e-02
441,2.75625000e+00,1.6672514046192921e-01,1.3668733989172798e-02
442,2.76250000e+00,1.6674413303246799e-01,1.3687275301065820e-02
443,2.76875000e+00,1.6672492041156031e-01,1.3705853137149020e-02
444,2.77500000e+00,1.6675891464823692e-01,1.3724395702287432e-02
445,2.78125000e+00,1.6674440274209534e-01,1.3742961674679652e-02
446,2.78750000e+00,1.6676876430096979e-01,1.3761478955834237e-02
447,2.79375000e+00,1.6676388051833918e-01,1.3780018105127995e-02
448,2.80000000e+00,1.6679093963382502e-01,1.3798486268834094e-02
449,2.80625000e+00,1.6677766890950133e-01,1.3816999085555068e-02
450,2.81250000e+00,1.6680153098436487e-01,1.3835497654980631e-02
451,2.81875000e+00,1.6678223088122673e-01,1.3853980162231187e-02
452,2.82500000e+00,1.6681149708778772e-01,1.3872413571399051e-02
453,2.83125000e+00,1.6680102109591816e-01,1.3890878981189477e-02
454,2.83750000e+00,1.6682334737308152e-01,1.3909288803023155e-02
455,2.84375000e+00,1.6681775239903210e-01,1.3927626044484682e-02
456,2.85000000e+00,1.6683723368358241e-01,1.3945906106564180e-02
457,2.85625000e+00,1.6683304209881558e-01,1.3964202360287397e-02
458,2.86250000e+00,1.6685465453397264e-01,1.3982505557159391e-02
459,2.86875000e+00,1.6685486531712887e-01,1.4000828257427649e-02
460,2.87500000e+00,1.6687537217261017e-01,1.4019105503653947e-02
461,2.88125000e+00,1.6685875893693697e-01,1.4037364630755075e-02
462,2.88750000e+00,1.6686314229888943e-01,1.4055582844747616e-02
463,2.89375000e+00,1.6686605851845743e-01,1.4073829849468606e-02
464,2.90000000e+00,1.6686659014364680e-01,1.4092058108332405e-02
465,2.90625000e+00,1.6686485191640887e-01,1.4110219088550197e-02
466,2.91250000e+00,1.6685849822172083e-01,1.4128405718902877e-02
467,2.91875000e+00,1.6687125465634922e-01,1.4146609263301144e-02
468,2.92500000e+00,1.6688246951327454e-01,1.4164831389544332e-02
469,2.93125000e+00,1.6688949754622204e-01,1.4182984915280380e-02
470,2.93750000e+00,1.6688614045970751e-01,1.4201156394984624e-02
471,2.94375000e+00,1.6687928576116631e-01,1.4219258396854517e-02
472,2.95000000e+00,1.6687240528566577e-01,1.4237416494477042e-02
473,2.95625000e+00,1.6688363297786160e-01,1.4255544811736855e-02
474,2.96250000e+00,1.6687308545297480e-01,1.4273654029777203e-02
475,2.96875000e+00,1.6689686375093679e-01,1.4291677911186814e-02
476,2.97500000e+00,1.6689072140546984e-01,1.4309828491280516e-02
477,2.98125000e+00,1.6690615143202794e-01,1.4327846535365474e-02
478,2.98750000e+00,1.6690494891242619e-01,1.4345927684024406e-02
479,2.99375000e+00,1.6690650792159153e-01,1.4363972360060125e-02
480,3.00000000e+00,1.6690510277921958e-01,1.4382013487174368e-02
481,3.00625000e+00,1.6692455214069110e-01,1.4400006038644740e-02
482,3.01250000e+00,1.6692991031938031e-01,1.4418036501039384e-02
483,3.01875000e+00,1.6694651469087091e-01,1.4435919293327817e-02
484,3.02500000e+00,1.6692042471267798e-01,1.4453969543691519e-02
485,3.03125000e+00,1.6693746323771619e-01,1.4471900654068741e-02
486,3.03750000e+00,1.6691590337066323e-01,1.4489920975302566e-02
487,3.04375000e+00,1.6693064690761919e-01,1.4507798074208159e-02
488,3.05000000e+00,1.6690109169590012e-01,1.4525752736617867e-02
489,3.05625000e+00,1.6692087326247479e-01,1.4543606200230590e-02
490,3.06250000e+00,1.6688438029528735e-01,1.4561538150059379e-02
491,3.06875000e+00,1.6692388837053002e-01,1.4579406681410266e-02
492,3.07500000e+00,1.6690454660372570e-01,1.4597310620889209e-02
493,3.08125000e+00,1.6692918948054383e-01,1.4615070337899152e-02
494,3.08750000e+00,1.6689309426873533e-01,1.4633015306439012e-02
495,3.09375000e+00,1.6692513346966525e-01,1.4650788822610920e-02
496,3.10000000e+00,1.6689026044662397e-01,1.4668625918523243e-02
497,3.10625000e+00,1.6692280304751936e-01,1.4686340647001471e-02
498,3.11250000e+00,1.6688967876892619e-01,1.4704236143111319e-02
499,3.11875000e+00,1.6692724178539492e-01,1.4721922467719226e-02
500,3.12500000e+00,1.6689632566020732e-01,1.4739748196331772e-02
501,3.13125000e+00,1.6693928781977016e-01,1.4757478404590069e-02
502,3.13750000e+00,1.6690250945368829e-01,1.4775167190100205e-02
503,3.14375000e+00,1.6694497550379972e-01,1.4792773460085895e-02
504,3.15000000e+00,1.6691059310878048e-01,1.4810511348848185e-02
505,3.15625000e+00,1.6695310887223735e-01,1.4828111470437555e-02
506,3.16250000e+00,1.6690555937016621e-01,1.4845785529336235e-02
507,3.16875000e+00,1.6694095040114801e-01,1.4863408870376795e-02
508,3.17500000e+00,1.6690016673733932e-01,1.4881028984689345e-02
509,3.18125000e+00,1.6694110286923844e-01,1.4898641455799000e-02
510,3.18750000e+00,1.6691352606447632e-01,1.4916171766361853e-02
511,3.19375000e+00,1.6693858510435269e-01,1.4933707061487979e-02
512,3.20000000e+00,1.6690056579507720e-01,1.4951292605732688e-02
513,3.20625000e+00,1.6693674455381172e-01,1.4968789488242882e-02
514,3.21250000e+00,1.6690795153397880e-01,1.4986378328642021e-02
515,3.21875000e+00,1.6693042674932154e-01,1.5003872900386746e-02
516,3.22500000e+00,1.6690491690600273e-01,1.5021451984675379e-02
517,3.23125000e+00,1.6694376971243766e-01,1.5038908085071894e-02
518,3.23750000e+00,1.6691354808500025e-01,1.5056406471801160e-02
519,3.24375000e+00,1.6694562740928737e-01,1.5073872169311116e-02
520,3.25000000e+00,1.6691959613931667e-01,1.5091362384589002e-02
521,3.25625000e+00,1.6695791746728167e-01,1.5108734895793450e-02
522,3.26250000e+00,1.6693929305021715e-01,1.5126142768374153e-02
523,3.26875000e+00,1.6696584234324183e-01,1.5143528335569978e-02
524,3.27500000e+00,1.6694984883103650e-01,1.5160941895002264e-02
525,3.28125000e+00,1.6697248273233337e-01,1.5178372218909409e-02
526,3.28750000e+00,1.6694307840803005e-01,1.5195678640293565e-02
527,3.29375000e+00,1.6697565483372662e-01,1.5213052596118206e-02
528,3.30000000e+00,1.6694908325219771e-01,1.5230409619577423e-02
529,3.30625000e+00,1.6698900620904683e-01,1.5247719429765338e-02
530,3.31250000e+00,1.6695958167406735e-01,1.5265003196080916e-02
531,3.31875000e+00,1.6700559744153798e-01,1.5282250806650783e-02
532,3.32500000e+00,1.6695987565189163e-01,1.5299551435998192e-02
533,3.33125000e+00,1.6700420156481069e-01,1.5316826309491870e-02
534,3.33750000e+00,1.6697152959921813e-01,1.5334086690004817e-02
535,3.34375000e+00,1.6704020314038234e-01,1.5351382558249528e-02
536,3.35000000e+00,1.6699129521059178e-01,1.5368640860389656e-02
537,3.35625000e+00,1.6704788712796700e-01,1.5385946192692316e-02
538,3.36250000e+00,1.6699455475503608e-01,1.5403145815907021e-02
539,3.36875000e+00,1.6705647876197427e-01,1.5420441975459562e-02
540,3.37500000e+00,1.6702197720180975e-01,1.5437613987687740e-02
541,3.38125000e+00,1.6706544184717317e-01,1.5454803494505068e-02
542,3.38750000e+00,1.6702135579221034e-01,1.5471871083598423e-02
543,3.39375000e+00,1.6707521897193503e-01,1.5489028012616706e-02
544,3.40000000e+00,1.6702877528992438e-01,1.5506224455446846e-02
545,3.40625000e+00,1.6708877677959419e-01,1.5523447228331993e-02
546,3.41250000e+00,1.6704424843349733e-01,1.5540582132885221e-02
547,3.41875000e+00,1.6711158020834871e-01,1.5557681877688150e-02
548,3.42500000e+00,1.6705982552850770e-01,1.5574763005387493e-02
549,3.43125000e+00,1.6712670049743883e-01,1.5591845558979677e-02
550,3.43750000e+00,1.6707545270674209e-01,1.5608897674892890e-02
551,3.44375000e+00,1.6712509437253573e-01,1.5625993607529566e-02
552,3.45000000e+00,1.6707164727193824e-01,1.5643009629696496e-02
553,3.45625000e+00,1.6714028726517505e-01,1.5660068347953700e-02
554,3.46250000e+00,1.6707148783254025e-01,1.5677073174847473e-02
555,3.46875000e+00,1.6714441070627048e-01,1.5693984199687604e-02
556,3.47500000e+00,1.6708137357394967e-01,1.5710829388235856e-02
557,3.48125000e+00,1.6713715849617419e-01,1.5727863118619363e-02
558,3.48750000e+00,1.6708656382984763e-01,1.5744683417751443e-02
559,3.49375000e+00,1.6715510491844432e-01,1.5761625724238258e-02
560,3.50000000e+00,1.6709024735579417e-01,1.5778445859153407e-02
561,3.50625000e+00,1.6714556204866354e-01,1.5795389042455830e-02
562,3.51250000e+00,1.6709190298169255e-01,1.5812137187053803e-02
563,3.51875000e+00,1.6715071384294375e-01,1.5829001308918692e-02
564,3.52500000e+00,1.6709116649335909e-01,1.5845797481747564e-02
565,3.53125000e+00,1.6715122439938143e-01,1.5862633081206327e-02
566,3.53750000e+00,1.6707132525666848e-01,1.5879453815397734e-02
567,3.54375000e+00,1.6714339276149229e-01,1.5896320121048069e-02
568,3.55000000e+00,1.6708208559813140e-01,1.5913065388855625e-02
569,3.55625000e+00,1.6713116725319269e-01,1.5929895339116540e-02
570,3.56250000e+00,1.6709227868555873e-01,1.5946617664565354e-02
571,3.56875000e+00,1.6712987032719478e-01,1.5963469051120869e-02
572,3.57500000e+00,1.6709236228701885e-01,1.5980204107808704e-02
573,3.58125000e+00,1.6712757078679810e-01,1.5997012095122110e-02
574,3.58750000e+00,1.6708430504433569e-01,1.6013678095016089e-02
575,3.59375000e+00,1.6713138781813636e-01,1.6030415457750004e-02
576,3.60000000e+00,1.6708944885205507e-01,1.6047161019960919e-02
577,3.60625000e+00,1.6715568725383112e-01,1.6063951078763846e-02
578,3.61250000e+00,1.6711195696137704e-01,1.6080668972546404e-02
579,3.61875000e+00,1.6716208464326540e-01,1.6097391847068376e-02
580,3.62500000e+00,1.6712159096499518e-01,1.6114035311398812e-02
581,3.63125000e+00,1.6717604949635570e-01,1.6130715507202447e-02
582,3.63750000e+00,1.6712957661322589e-01,1.6147409171533768e-02
583,3.64375000e+00,1.6717108569920699e-01,1.6164015400981214e-02
584,3.65000000e+00,1.6713603467161092e-01,1.6180606478683541e-02
585,3.65625000e+00,1.6718692548511818e-01,1.6197271901612079e-02
586,3.66250000e+00,1.6715440839835063e-01,1.6213822668641239e-02
587,3.66875000e+00,1.6721283384366892e-01,1.6230466916187968e-02
588,3.67500000e+00,1.6715688786718647e-01,1.6247021632745866e-02
589,3.68125000e+00,1.6722549415807411e-01,1.6263716209491116e-02
590,3.68750000e+00,1.6716348807323031e-01,1.6280292242012207e-02
591,3.69375000e+00,1.6723991083458786e-01,1.6296967629181012e-02
592,3.70000000e+00,1.6717555991534541e-01,1.6313479524474962e-02
593,3.70625000e+00,1.6726825005369506e-01,1.6330029534065722e-02
594,3.71250000e+00,1.6719719403063299e-01,1.6346558909550214e-02
595,3.71875000e+00,1.6727900495774128e-01,1.6363073693642507e-02
596,3.72500000e+00,1.6719542392142278e-01,1.6379568038357314e-02
597,3.73125000e+00,1.6727567290785830e-01,1.6395991352754272e-02
598,3.73750000e+00,1.6720223546356580e-01,1.6412427023789044e-02
599,3.74375000e+00,1.6728247913304403e-01,1.6428894031210728e-02
600,3.75000000e+00,1.6722064429743114e-01,1.6445275203530597e-02
601,3.75625000e+00,1.6729645666277551e-01,1.6461660450365113e-02
602,3.76250000e+00,1.6721778486755942e-01,1.6477972599606594e-02
603,3.76875000e+00,1.6730271954858281e-01,1.6494360544860372e-02
604,3.77500000e+00,1.6723679384588708e-01,1.6510545899718430e-02
605,3.78125000e+00,1.6732683706692467e-01,1.6526873523068919e-02
606,3.78750000e+00,1.6726375746188221e-01,1.6543078091378560e-02
607,3.79375000e+00,1.6732403451937231e-01,1.6559320292408530e-02
608,3.80000000e+00,1.6727534615556541e-01,1.6575461921877272e-02
609,3.80625000e+00,1.6734391423660222e-01,1.6591728278796750e-02
610,3.81250000e+00,1.6728474399146032e-01,1.6607807537293531e-02
611,3.81875000e+00,1.6734169021382569e-01,1.6623962780012561e-02
612,3.82500000e+00,1.6730318904255845e-01,1.6640063892594256e-02
613,3.83125000e+00,1.6738034054588674e-01,1.6656211308411193e-02
614,3.83750000e+00,1.6734406382475628e-01,1.6672169065488348e-02
615,3.84375000e+00,1.6740518826444817e-01,1.6688286243623753e-02
616,3.85000000e+00,1.6736772351996082e-01,1.6704279860423398e-02
617,3.85625000e+00,1.6739843089202039e-01,1.6720432091597584e-02
618,3.86250000e+00,1.6737634472632223e-01,1.6736656869178017e-02
619,3.86875000e+00,1.6741639801295990e-01,1.6752792203861430e-02
620,3.87500000e+00,1.6738016493456873e-01,1.6768905245720628e-02
621,3.88125000e+00,1.6743259930167778e-01,1.6785135460842947e-02
622,3.88750000e+00,1.6737388995390740e-01,1.6801003484590869e-02
623,3.89375000e+00,1.6743904860998218e-01,1.6817096347519638e-02
624,3.90000000e+00,1.6740201371710636e-01,1.6833011944580034e-02
625,3.90625000e+00,1.6744339504439856e-01,1.6849046914411345e-02
626,3.91250000e+00,1.6742053254194669e-01,1.6864992389105434e-02
627,3.91875000e+00,1.6744009695424550e-01,1.6880890229244955e-02
628,3.92500000e+00,1.6741731656485270e-01,1.6896803502266182e-02
629,3.93125000e+00,1.6744103206297384e-01,1.6912742934416091e-02
630,3.93750000e+00,1.6743121078771256e-01,1.6928601220520305e-02
631,3.94375000e+00,1.6747790502657425e-01,1.6944568981540873e-02
632,3.95000000e+00,1.6743573477677068e-01,1.6960386681310499e-02
633,3.95625000e+00,1.6745470861378625e-01,1.6976542835384762e-02
634,3.96250000e+00,1.6743811316053409e-01,1.6992488630404846e-02
635,3.96875000e+00,1.6742920412319903e-01,1.7008619123930577e-02
636,3.97500000e+00,1.6743596696714425e-01,1.7024516363385284e-02
637,3.98125000e+00,1.6743522835496111e-01,1.7040506875056351e-02
638,3.98750000e+00,1.6741333667708677e-01,1.7056377164851370e-02
639,3.99375000e+00,1.6743293261580161e-01,1.7072477952995182e-02
640,4.00000000e+00,1.6742639270287815e-01,1.7088366923531786e-02
641,4.00625000e+00,1.6743569357387658e-01,1.7104484159786763e-02
642,4.01250000e+00,1.6742562914903605e-01,1.7120400570570588e-02
643,4.01875000e+00,1.6743532235924705e-01,1.7136275796386685e-02
644,4.02500000e+00,1.6743163626674801e-01,1.7152046950420118e-02
645,4.03125000e+00,1.6744878730929774e-01,1.7167926369050051e-02
646,4.03750000e+00,1.6745426603696420e-01,1.7183564063675712e-02
647,4.04375000e+00,1.6742734593061673e-01,1.7199595586653568e-02
648,4.05000000e+00,1.6745837546384001e-01,1.7215328047110359e-02
649,4.05625000e+00,1.6744670480458362e-01,1.7231200492620159e-02
650,4.06250000e+00,1.6745193966050897e-01,1.7246837724266134e-02
651,4.06875000e+00,1.6744934813004117e-01,1.7262702847047302e-02
652,4.07500000e+00,1.6743398217716923e-01,1.7278355293698634e-02
653,4.08125000e+00,1.6743869617360130e-01,1.7294143780413211e-02
654,4.08750000e+00,1.6742222893547928e-01,1.7309879772466886e-02
655,4.09375000e+00,1.6746418939217569e-01,1.7325726747727692e-02
656,4.10000000e+00,1.6744299111502042e-01,1.7341371791950076e-02
657,4.10625000e+00,1.6741854461259742e-01,1.7357173227887671e-02
658,4.11250000e+00,1.6742102349487539e-01,1.7372912450215047e-02
659,4.11875000e+00,1.6742192826435304e-01,1.7388561712629952e-02
660,4.12500000e+00,1.6742354366803835e-01,1.7404246130607138e-02
661,4.13125000e+00,1.6741186025464627e-01,1.7419818178420633e-02
662,4.13750000e+00,1.6741701879771007e-01,1.7435499275210087e-02
663,4.14375000e+00,1.6742881411291449e-01,1.7451157521065807e-02
664,4.15000000e+00,1.6742504184718693e-01,1.7466891924705338e-02
665,4.15625000e+00,1.6744792232869959e-01,1.7482479920689416e-02
666,4.16250000e+00,1.6742478622920826e-01,1.7498149288113274e-02
667,4.16875000e+00,1.6744586663008704e-01,1.7513659911774806e-02
668,4.17500000e+00,1.6746325044403818e-01,1.7529185246810627e-02
669,4.18125000e+00,1.6747581759430008e-01,1.7544610285691539e-02
670,4.18750000e+00,1.6747776921104784e-01,1.7560243731071241e-02
671,4.19375000e+00,1.6750236506704261e-01,1.7575668517791312e-02
672,4.20000000e+00,1.6745934797994216e-01,1.7591156558678094e-02
673,4.20625000e+00,1.6748972839354240e-01,1.7606568297039799e-02
674,4.21250000e+00,1.6748620535997169e-01,1.7622098133341930e-02
675,4.21875000e+00,1.6748823449153169e-01,1.7637393541294500e-02
676,4.22500000e+00,1.6743463074942216e-01,1.7652888911267910e-02
677,4.23125000e+00,1.6748360887230065e-01,1.7668260176271319e-02
678,4.23750000e+00,1.6740172370996098e-01,1.7683802690144378e-02
679,4.24375000e+00,1.6745217001151524e-01,1.7699228459441236e-02
680,4.25000000e+00,1.6740219707377568e-01,1.7714722432080648e-02
681,4.25625000e+00,1.6746195518863422e-01,1.7730094973966579e-02
682,4.26250000e+00,1.6742864294734525e-01,1.7745488078474626e-02
683,4.26875000e+00,1.6745593781944054e-01,1.7760778565970959e-02
684,4.27500000e+00,1.6743357977772672e-01,1.7776326054353298e-02
685,4.28125000e+00,1.6745815697078678e-01,1.7791741810886254e-02
686,4.28750000e+00,1.6741191749629078e-01,1.7807130256200506e-02
687,4.29375000e+00,1.6743112311645028e-01,1.7822548796849913e-02
688,4.30000000e+00,1.6741786257162233e-01,1.7837941946227672e-02
689,4.30625000e+00,1.6740357549119381e-01,1.7853245514641899e-02
690,4.31250000e+00,1.6742762567240271e-01,1.7868452324941001e-02
691,4.31875000e+00,1.6741352380414276e-01,1.7883730375319810e-02
692,4.32500000e+00,1.6742373243492242e-01,1.7899043275243613e-02
693,4.33125000e+00,1.6742382353854887e-01,1.7914406066764924e-02
694,4.33750000e+00,1.6746782833901991e-01,1.7929664183745572e-02
695,4.34375000e+00,1.6747179100944198e-01,1.7945025077445196e-02
696,4.35000000e+00,1.6747950121709732e-01,1.7960399704289563e-02
697,4.35625000e+00,1.6746573201630788e-01,1.7975613949357937e-02
698,4.36250000e+00,1.6747762379880998e-01,1.7990889570187796e-02
699,4.36875000e+00,1.6747292718206797e-01,1.8006218951921959e-02
700,4.37500000e+00,1.6748753312574011e-01,1.8021553559515249e-02
701,4.38125000e+00,1.6748554884365624e-01,1.8036854668972448e-02
702,4.38750000e+00,1.6751093719285315e-01,1.8052167333333969e-02
703,4.39375000e+00,1.6751095368488536e-01,1.8067456932924959e-02
704,4.40000000e+00,1.6754138345827382e-01,1.8082711571608366e-02
705,4.40625000e+00,1.6751899568985387e-01,1.8097944996226870e-02
706,4.41250000e+00,1.6753704649601031e-01,1.8113276934049172e-02
707,4.41875000e+00,1.6752983989744760e-01,1.8128726543191625e-02
708,4.42500000e+00,1.6755269070105019e-01,1.8143965881829083e-02
709,4.43125000e+00,1.6755923103979295e-01,1.8159228320271805e-02
710,4.43750000e+00,1.6756650634115536e-01,1.8174431954111316e-02
711,4.44375000e+00,1.6755132655947136e-01,1.8189670153545834e-02
712,4.45000000e+00,1.6759361395840744e-01,1.8204951591089858e-02
713,4.45625000e+00,1.6757114056019073e-01,1.8220208174632713e-02
714,4.46250000e+00,1.6759971472837423e-01,1.8235441683760189e-02
715,4.46875000e+00,1.6758562793838336e-01,1.8250719145992442e-02
716,4.47500000e+00,1.6759404791370888e-01,1.8265828473549392e-02
717,4.48125000e+00,1.6758752293930912e-01,1.8281061119127466e-02
718,4.48750000e+00,1.6760772541340230e-01,1.8296232497861588e-02
719,4.49375000e+00,1.6760671313390149e-01,1.8311342273144047e-02
720,4.50000000e+00,1.6763883186702788e-01,1.8326368488750445e-02
721,4.50625000e+00,1.6762257405972913e-01,1.8341432582253250e-02
722,4.51250000e+00,1.6767652513195289e-01,1.8356391955825863e-02
723,4.51875000e+00,1.6762826462226518e-01,1.8371374485268592e-02
724,4.52500000e+00,1.6766597453775595e-01,1.8386466563623721e-02
725,4.53125000e+00,1.6764080901973358e-01,1.8401620197497196e-02
726,4.53750000e+00,1.6767156249694776e-01,1.8416506829863281e-02
727,4.54375000e+00,1.6765493257550401e-01,1.8435411639043990e-02
728,4.55000000e+00,1.6768484306047146e-01,1.8456780600847069e-02
729,4.55625000e+00,1.6767335949667647e-01,1.8477914908151309e-02
730,4.56250000e+00,1.6768773774623189e-01,1.8499329641264280e-02
731,4.56875000e+00,1.6768488427613840e-01,1.8520495394690500e-02
732,4.57500000e+00,1.6772313757598384e-01,1.8541729683256597e-02
733,4.58125000e+00,1.6766760630500033e-01,1.8562872442224973e-02
734,4.58750000e+00,1.6773482079003751e-01,1.8584229571846831e-02
735,4.59375000e+00,1.6771091737308311e-01,1.8605414858836711e-02
736,4.60000000e+00,1.6774231491304206e-01,1.8626647073175049e-02
737,4.60625000e+00,1.6768794618543573e-01,1.8647845700239331e-02
738,4.61250000e+00,1.6769974084927650e-01,1.8669044554885984e-02
739,4.61875000e+00,1.6764176847945075e-01,1.8690277872694901e-02
740,4.62500000e+00,1.6770092197762454e-01,1.8711584123549362e-02
741,4.63125000e+00,1.6765601740230895e-01,1.8732825869210757e-02
742,4.63750000e+00,1.6768750352195758e-01,1.8754050832633953e-02
743,4.64375000e+00,1.6763940302892122e-01,1.8775303370341303e-02
744,4.65000000e+00,1.6772616331340590e-01,1.8796548581404865e-02
745,4.65625000e+00,1.6763179631882416e-01,1.8817705300068606e-02
746,4.66250000e+00,1.6771414356073794e-01,1.8839047465282827e-02
747,4.66875000e+00,1.6761793294393440e-01,1.8860209380560943e-02
748,4.67500000e+00,1.6767894865403821e-01,1.8881551636374505e-02
749,4.68125000e+00,1.6761078323835046e-01,1.8902752370920116e-02
750,4.68750000e+00,1.6766855934643160e-01,1.8924141365180482e-02
751,4.69375000e+00,1.6758278514962438e-01,1.8945267925358344e-02
752,4.70000000e+00,1.6763320133409390e-01,1.8966538431912979e-02
753,4.70625000e+00,1.6756680626005235e-01,1.8987803048013972e-02
754,4.71250000e+00,1.6764837447067119e-01,1.9009100188768422e-02
755,4.71875000e+00,1.6757633281371279e-01,1.9030253220066698e-02
756,4.72500000e+00,1.6764824075578341e-01,1.9051529494062421e-02
757,4.73125000e+00,1.6756674305300262e-01,1.9072770391273506e-02
758,4.73750000e+00,1.6765015796453187e-01,1.9094118288123133e-02
759,4.74375000e+00,1.6756765723293265e-01,1.9115345448678659e-02
760,4.75000000e+00,1.6769591837683384e-01,1.9136687214222601e-02
761,4.75625000e+00,1.6760168316298832e-01,1.9157967152712334e-02
762,4.76250000e+00,1.6765183412949339e-01,1.9179274212176984e-02
763,4.76875000e+00,1.6757105092795657e-01,1.9200569228840388e-02
764,4.77500000e+00,1.6764810165142965e-01,1.9221915629015773e-02
765,4.78125000e+00,1.6757410799104436e-01,1.9243117403281655e-02
766,4.78750000e+00,1.6766801328458775e-01,1.9264373756531925e-02
767,4.79375000e+00,1.6757206297171531e-01,1.9285646398712462e-02
768,4.80000000e+00,1.6764726617098166e-01,1.9306975978850095e-02
769,4.80625000e+00,1.6756399032764849e-01,1.9328136825362295e-02
770,4.81250000e+00,1.6764112397704126e-01,1.9349499015018073e-02
771,4.81875000e+00,1.6757956243963326e-01,1.9370790379066114e-02
772,4.82500000e+00,1.6766134402675587e-01,1.9392136135247706e-02
773,4.83125000e+00,1.6758878608231781e-01,1.9413361471620781e-02
774,4.83750000e+00,1.6766102935222765e-01,1.9434656351239598e-02
775,4.84375000e+00,1.6760542820010937e-01,1.9455894838667883e-02
776,4.85000000e+00,1.6766603298577545e-01,1.9477181509340025e-02
777,4.85625000e+00,1.6756977369237985e-01,1.9498462518619194e-02
778,4.86250000e+00,1.6764616847710920e-01,1.9519795822875673e-02
779,4.86875000e+00,1.6757355458480841e-01,1.9540994710582463e-02
780,4.87500000e+00,1.6764210672755217e-01,1.9562354350021009e-02
781,4.88125000e+00,1.6759439552189498e-01,1.9583548555422457e-02
782,4.88750000e+00,1.6763478269001905e-01,1.9604911862860702e-02
783,4.89375000e+00,1.6758707875695453e-01,1.9626088787214124e-02
784,4.90000000e+00,1.6763658031477205e-01,1.9647465785441142e-02
785,4.90625000e+00,1.6760865914235548e-01,1.9668639508044955e-02
786,4.91250000e+00,1.6765429310465085e-01,1.9689966253104863e-02
787,4.91875000e+00,1.6760227699706895e-01,1.9711144786980550e-02
788,4.92500000e+00,1.6766419869602242e-01,1.9732523521087116e-02
789,4.93125000e+00,1.6760145243347385e-01,1.9753735457241989e-02
790,4.93750000e+00,1.6767824302775219e-01,1.9775052144121851e-02
791,4.94375000e+00,1.6758514329486668e-01,1.9796290112322441e-02
792,4.95000000e+00,1.6767431955023990e-01,1.9817630132828726e-02
793,4.95625000e+00,1.6757754344799816e-01,1.9838908718952306e-02
794,4.96250000e+00,1.6762934291136147e-01,1.9860181031565147e-02
795,4.96875000e+00,1.6755813453368640e-01,1.9881413352302799e-02
796,4.97500000e+00,1.6762487406139640e-01,1.9902769476558013e-02
797,4.98125000e+00,1.6759223002104301e-01,1.9924002538166261e-02
798,4.98750000e+00,1.6763562733091258e-01,1.9945335592759957e-02
799,4.99375000e+00,1.6758185883462140e-01,1.9966647313485370e-02
800,5.00000000e+00,1.6764268954756614e-01,1.9987978716091231e-02
801,5.00625000e+00,1.6758908970523084e-01,2.0009259277437283e-02
802,5.01250000e+00,1.6765127706650712e-01,2.0030579898216518e-02
803,5.01875000e+00,1.6758674815747293e-01,2.0051832246321736e-02
804,5.02500000e+00,1.6767482279444454e-01,2.0073194189189264e-02
805,5.03125000e+00,1.6762446935057068e-01,2.0094554949803115e-02
806,5.03750000e+00,1.6770238867644008e-01,2.0115911020148827e-02
807,5.04375000e+00,1.6759955328067594e-01,2.0137204526692414e-02
808,5.05000000e+00,1.6767846622186533e-01,2.0158584353138512e-02
809,5.05625000e+00,1.6760338930347835e-01,2.0179849043588827e-02
810,5.06250000e+00,1.6768152879744608e-01,2.0201341118175110e-02
811,5.06875000e+00,1.6760235984613217e-01,2.0222553584859578e-02
812,5.07500000e+00,1.6770153307808258e-01,2.0244019418890796e-02
813,5.08125000e+00,1.6762690037453298e-01,2.0265265281418064e-02
814,5.08750000e+00,1.6768841130986750e-01,2.0286666098844833e-02
815,5.09375000e+00,1.6760625958588382e-01,2.0307947836104779e-02
816,5.10000000e+00,1.6768692599243043e-01,2.0329362117728032e-02
817,5.10625000e+00,1.6762173049226736e-01,2.0350686498529825e-02
818,5.11250000e+00,1.6771344162460161e-01,2.0372096360401024e-02
819,5.11875000e+00,1.6761848922412964e-01,2.0393335706957085e-02
820,5.12500000e+00,1.6772391560724312e-01,2.0414733312322009e-02
821,5.13125000e+00,1.6766638089716845e-01,2.0436009254014644e-02
822,5.13750000e+00,1.6774399939644150e-01,2.0457459649874336e-02
823,5.14375000e+00,1.6766415825884137e-01,2.0478674769028048e-02
824,5.15000000e+00,1.6774500462630254e-01,2.0500111277882996e-02
825,5.15625000e+00,1.6769070602741190e-01,2.0521364944132384e-02
826,5.16250000e+00,1.6776381195976686e-01,2.0542796602801321e-02
827,5.16875000e+00,1.6768377332872900e-01,2.0564062321899470e-02
828,5.17500000e+00,1.6775343593272962e-01,2.0585507090153114e-02
829,5.18125000e+00,1.6769555854369561e-01,2.0606707598754763e-02
830,5.18750000e+00,1.6778226895141149e-01,2.0628128880291058e-02
831,5.19375000e+00,1.6770298733452521e-01,2.0649387888290998e-02
832,5.20000000e+00,1.6778495525765325e-01,2.0670807769277377e-02
833,5.20625000e+00,1.6769879701123913e-01,2.0692080202026803e-02
834,5.21250000e+00,1.6777572094234597e-01,2.0713470966093609e-02
835,5.21875000e+00,1.6771834370339239e-01,2.0734723234283759e-02
836,5.22500000e+00,1.6779593981030005e-01,2.0756095925579227e-02
837,5.23125000e+00,1.6772726346252984e-01,2.0777399466511675e-02
838,5.23750000e+00,1.6781234292413882e-01,2.0798809512299444e-02
839,5.24375000e+00,1.6774722573567541e-01,2.0820044532200793e-02
840,5.25000000e+00,1.6784928553028017e-01,2.0841440743369324e-02
841,5.25625000e+00,1.6776963963986805e-01,2.0862617871345853e-02
842,5.26250000e+00,1.6786059105318568e-01,2.0883980992605175e-02
843,5.26875000e+00,1.6780070917241027e-01,2.0905246033000095e-02
844,5.27500000e+00,1.6788973074158922e-01,2.0926574458779341e-02
845,5.28125000e+00,1.6780764111974553e-01,2.0947789340238273e-02
846,5.28750000e+00,1.6784848809128949e-01,2.0969151522891069e-02
847,5.29375000e+00,1.6782222301292096e-01,2.0990345400345320e-02
848,5.30000000e+00,1.6788367474279559e-01,2.1011632506717871e-02
849,5.30625000e+00,1.6783568162793630e-01,2.1032903744233084e-02
850,5.31250000e+00,1.6787943859448456e-01,2.1054249080833559e-02
851,5.31875000e+00,1.6782466085298176e-01,2.1075535786421726e-02
852,5.32500000e+00,1.6788070601023164e-01,2.1096850716518345e-02
853,5.33125000e+00,1.6781942891012752e-01,2.1118088844727153e-02
854,5.33750000e+00,1.6788090357880195e-01,2.1139454179020589e-02
855,5.34375000e+00,1.6782392309281521e-01,2.1160681003661579e-02
856,5.35000000e+00,1.6788478926297221e-01,2.1182065569166946e-02
857,5.35625000e+00,1.6779384709430872e-01,2.1203325468677207e-02
858,5.36250000e+00,1.6784308883353793e-01,2.1224702593533384e-02
859,5.36875000e+00,1.6778319149478571e-01,2.1245924795465197e-02
860,5.37500000e+00,1.6785010711630516e-01,2.1267357503753800e-02
861,5.38125000e+00,1.6779018229512280e-01,2.1288531145412206e-02
862,5.38750000e+00,1.6786673273410643e-01,2.1309980307398165e-02
863,5.39375000e+00,1.6778058367975593e-01,2.1331224534721284e-02
864,5.40000000e+00,1.6786050379228123e-01,2.1352624587158451e-02
865,5.40625000e+00,1.6779425835178591e-01,2.1373876881797371e-02
866,5.41250000e+00,1.6787088667733452e-01,2.1395285173266994e-02
867,5.41875000e+00,1.6777633880139808e-01,2.1416552056716550e-02
868,5.42500000e+00,1.6787250377164439e-01,2.1438019004852517e-02
869,5.43125000e+00,1.6780277679342176e-01,2.1459207975781325e-02
870,5.43750000e+00,1.6788829703101837e-01,2.1480602809320831e-02
871,5.44375000e+00,1.6779806598319316e-01,2.1501878746263154e-02
872,5.45000000e+00,1.6789203851075582e-01,2.1523380541471005e-02
873,5.45625000e+00,1.6781784263365399e-01,2.1544617084594819e-02
874,5.46250000e+00,1.6789924954257845e-01,2.1566050570813813e-02
875,5.46875000e+00,1.6782064676880515e-01,2.1587357687359560e-02
876,5.47500000e+00,1.6789335371819411e-01,2.1608740917820939e-02
877,5.48125000e+00,1.6780639271180695e-01,2.1630022854658183e-02
878,5.48750000e+00,1.6785956806206476e-01,2.1651408840589477e-02
879,5.49375000e+00,1.6779957523196010e-01,2.1672688677851333e-02
880,5.50000000e+00,1.6787124484076527e-01,2.1694090489159074e-02
881,5.50625000e+00,1.6779292665735351e-01,2.1715429416473996e-02
882,5.51250000e+00,1.6785959250849858e-01,2.1736803747201106e-02
883,5.51875000e+00,1.6775839713288951e-01,2.1758095849707861e-02
884,5.52500000e+00,1.6785268539075393e-01,2.1779449777428867e-02
885,5.53125000e+00,1.6775685392015952e-01,2.1800833314416498e-02
886,5.53750000e+00,1.6786748364093451e-01,2.1822166188772304e-02
887,5.54375000e+00,1.6775217962493422e-01,2.1843446630634700e-02
888,5.55000000e+00,1.6782993068400645e-01,2.1864879312372975e-02
889,5.55625000e+00,1.6775304505782676e-01,2.1886213634094091e-02
890,5.56250000e+00,1.6777130718415514e-01,2.1907570858725491e-02
891,5.56875000e+00,1.6773424665704409e-01,2.1928889105349021e-02
892,5.57500000e+00,1.6780276308092115e-01,2.1950254293043384e-02
893,5.58125000e+00,1.6774420918830668e-01,2.1971618922656894e-02
894,5.58750000e+00,1.6781925119038291e-01,2.1992985773296676e-02
895,5.59375000e+00,1.6779773301605339e-01,2.2014246754404648e-02
896,5.60000000e+00,1.6783533052378657e-01,2.2035676739796520e-02
897,5.60625000e+00,1.6780770034996126e-01,2.2056892977347500e-02
898,5.61250000e+00,1.6784613589940794e-01,2.2078377134370289e-02
899,5.61875000e+00,1.6784892655537670e-01,2.2099617543426112e-02
900,5.62500000e+00,1.6785586056994220e-01,2.2121028123113645e-02
901,5.63125000e+00,1.6784370958111283e-01,2.2142283672112139e-02
902,5.63750000e+00,1.6785540319128686e-01,2.2163686856213990e-02
903,5.64375000e+00,1.6784922994392773e-01,2.2184876240225582e-02
904,5.65000000e+00,1.6786143661295860e-01,2.2206309455633698e-02
905,5.65625000e+00,1.6787463634528013e-01,2.2227499379544040e-02
906,5.66250000e+00,1.6788877903721405e-01,2.2248956939468767e-02
907,5.66875000e+00,1.6785870370092085e-01,2.2270219493202657e-02
908,5.67500000e+00,1.6787701974434530e-01,2.2291611337945133e-02
909,5.68125000e+00,1.6785712939504108e-01,2.2312815535192678e-02
910,5.68750000e+00,1.6789173042130290e-01,2.2334238917694756e-02
911,5.69375000e+00,1.6789447787806724e-01,2.2355443673774712e-02
912,5.70000000e+00,1.6791987678093315e-01,2.2376905727957905e-02
913,5.70625000e+00,1.6792971342671775e-01,2.2398066541536799e-02
914,5.71250000e+00,1.6794039533505969e-01,2.2419463956869015e-02
915,5.71875000e+00,1.6795432264032673e-01,2.2440684107849058e-02
916,5.72500000e+00,1.6798404774608669e-01,2.2462103019312212e-02
917,5.73125000e+00,1.6796744113188108e-01,2.2483392297387970e-02
918,5.73750000e+00,1.6797799201146449e-01,2.2504730102396852e-02
919,5.74375000e+00,1.6797864233534771e-01,2.2525981610850461e-02
920,5.75000000e+00,1.6800648402354695e-01,2.2547393886376620e-02
921,5.75625000e+00,1.6798890182227394e-01,2.2568655290554657e-02
922,5.76250000e+00,1.6803757003367797e-01,2.2590001216006499e-02
923,5.76875000e+00,1.6802074737657732e-01,2.2611231621809242e-02
924,5.77500000e+00,1.6803945443806997e-01,2.2632675532797037e-02
925,5.78125000e+00,1.6802089338161152e-01,2.2653908763710085e-02
926,5.78750000e+00,1.6801565764986379e-01,2.2675360490157111e-02
927,5.79375000e+00,1.6800867691232632e-01,2.2696533107836675e-02
928,5.80000000e+00,1.6801026433537683e-01,2.2718030449300295e-02
929,5.80625000e+00,1.6802759531754602e-01,2.2739243187380086e-02
930,5.81250000e+00,1.6799744665776456e-01,2.2760644296005876e-02
931,5.81875000e+00,1.6799472871920365e-01,2.2781890292788279e-02
932,5.82500000e+00,1.6798386544288704e-01,2.2803394551163651e-02
933,5.83125000e+00,1.6799738772211459e-01,2.2824546953995405e-02
934,5.83750000e+00,1.6795868446893292e-01,2.2846110255685587e-02
935,5.84375000e+00,1.6798244946048319e-01,2.2867190602282973e-02
936,5.85000000e+00,1.6795945679057178e-01,2.2888736739835970e-02
937,5.85625000e+00,1.6796747473877544e-01,2.2909906969469488e-02
938,5.86250000e+00,1.6794713693698177e-01,2.2931442251511659e-02
939,5.86875000e+00,1.6793359924723955e-01,2.2952649250115462e-02
940,5.87500000e+00,1.6792671845859586e-01,2.2974092320351549e-02
941,5.88125000e+00,1.6793676437010757e-01,2.2995348117332292e-02
942,5.88750000e+00,1.6794563426876663e-01,2.3016751904940395e-02
943,5.89375000e+00,1.6794986829265052e-01,2.3038015399534310e-02
944,5.90000000e+00,1.6788656262346807e-01,2.3059464783629566e-02
945,5.90625000e+00,1.6789679396613627e-01,2.3080681391572280e-02
946,5.91250000e+00,1.6790181315965202e-01,2.3102173805882288e-02
947,5.91875000e+00,1.6790552931096273e-01,2.3123389410112775e-02
948,5.92500000e+00,1.6786869058628426e-01,2.3144818677961795e-02
949,5.93125000e+00,1.6790023619448993e-01,2.3166025765886656e-02
950,5.93750000e+00,1.6784515742271336e-01,2.3187481898958730e-02
951,5.94375000e+00,1.6787648648627637e-01,2.3208722939590351e-02
952,5.95000000e+00,1.6785606950501766e-01,2.3230217175189916e-02
953,5.95625000e+00,1.6784203440159168e-01,2.3251456854826838e-02
954,5.96250000e+00,1.6784496409216371e-01,2.3272904226531079e-02
955,5.96875000e+00,1.6790294708938289e-01,2.3294176914603594e-02
956,5.97500000e+00,1.6787761688655031e-01,2.3315621521039637e-02
957,5.98125000e+00,1.6792522766588872e-01,2.3336879351367874e-02
958,5.98750000e+00,1.6787675154614451e-01,2.3358300195119832e-02
959,5.99375000e+00,1.6791805105647217e-01,2.3379602735157778e-02
960,6.00000000e+00,1.6787868204813880e-01,2.3400961526218837e-02
961,6.00625000e+00,1.6792095924065462e-01,2.3422262058736761e-02
962,6.01250000e+00,1.6787409313908488e-01,2.3443646321829256e-02
963,6.01875000e+00,1.6791910210666069e-01,2.3464886995334753e-02
964,6.02500000e+00,1.6785210745051432e-01,2.3486306382946655e-02
965,6.03125000e+00,1.6795479115158124e-01,2.3507552671088779e-02
966,6.03750000e+00,1.6789931357150184e-01,2.3528924894657102e-02
967,6.04375000e+00,1.6795880452370832e-01,2.3550195107052519e-02
968,6.05000000e+00,1.6789990781065853e-01,2.3571600384344412e-02
969,6.05625000e+00,1.6794620664406451e-01,2.3592861126840902e-02
970,6.06250000e+00,1.6788571242399949e-01,2.3614284459285512e-02
971,6.06875000e+00,1.6795643745351141e-01,2.3635479526275219e-02
972,6.07500000e+00,1.6788515965076256e-01,2.3656922156718437e-02
973,6.08125000e+00,1.6796801758406130e-01,2.3678155991411504e-02
974,6.08750000e+00,1.6794211451298025e-01,2.3699559288996867e-02
975,6.09375000e+00,1.6799375031937522e-01,2.3720787339770330e-02
976,6.10000000e+00,1.6793109267023421e-01,2.3742186073937171e-02
977,6.10625000e+00,1.6801812536088631e-01,2.3763720592340276e-02
978,6.11250000e+00,1.6794582478899214e-01,2.3786052528122697e-02
979,6.11875000e+00,1.6801096912781988e-01,2.3808423013229076e-02
980,6.12500000e+00,1.6798530324777197e-01,2.3830798885274847e-02
981,6.13125000e+00,1.6800687501322137e-01,2.3853156536459884e-02
982,6.13750000e+00,1.6796240246987448e-01,2.3875562530163822e-02
983,6.14375000e+00,1.6802949657236649e-01,2.3898009889134882e-02
984,6.15000000e+00,1.6799671425261870e-01,2.3920366284101661e-02
985,6.15625000e+00,1.6803998070022749e-01,2.3942693955606029e-02
986,6.16250000e+00,1.6800776185402780e-01,2.3965080731848290e-02
987,6.16875000e+00,1.6800473068454722e-01,2.3987512904746090e-02
988,6.17500000e+00,1.6797174380358412e-01,2.4009870203739889e-02
989,6.18125000e+00,1.6801647654313814e-01,2.4032202365349975e-02
990,6.18750000e+00,1.6802736211711464e-01,2.4054707056652927e-02
991,6.19375000e+00,1.6804981510653458e-01,2.4077066179217781e-02
992,6.20000000e+00,1.6802107600715982e-01,2.4099517612572584e-02
993,6.20625000e+00,1.6801621695838645e-01,2.4121833997458899e-02
994,6.21250000e+00,1.6801408299756282e-01,2.4144187428486681e-02
995,6.21875000e+00,1.6803425234136066e-01,2.4166628755453060e-02
996,6.22500000e+00,1.6802382507553631e-01,2.4188913568133276e-02
997,6.23125000e+00,1.6803705223571283e-01,2.4211372863319269e-02
998,6.23750000e+00,1.6803233630691886e-01,2.4233760782108135e-02
999,6.24375000e+00,1.6804141938511141e-01,2.4256255314811636e-02
1000,6.25000000e+00,1.6806250080356300e-01,2.4278664946337125e-02
1001,6.25625000e+00,1.6809655298299084e-01,2.4301169097200020e-02
1002,6.26250000e+00,1.6809985352677098e-01,2.4323599600551474e-02
1003,6.26875000e+00,1.6806601962593976e-01,2.4346027439446027e-02
1004,6.27500000e+00,1.6806779700589541e-01,2.4368577215074488e-02
1005,6.28125000e+00,1.6809041617050480e-01,2.4390984858898890e-02
1006,6.28750000e+00,1.6808960510547244e-01,2.4413435138525830e-02
1007,6.29375000e+00,1.6808330781650821e-01,2.4435947693612705e-02
1008,6.30000000e+00,1.6809680263105542e-01,2.4458328002228288e-02
1009,6.30625000e+00,1.6810716428783601e-01,2.4480881920024677e-02
1010,6.31250000e+00,1.6812904529945616e-01,2.4503345713853868e-02
1011,6.31875000e+00,1.6809514700131095e-01,2.4525750459226729e-02
1012,6.32500000e+00,1.6809316015683545e-01,2.4548266740487310e-02
1013,6.33125000e+00,1.6811644160628411e-01,2.4570737768130242e-02
1014,6.33750000e+00,1.6814149724956448e-01,2.4593256115977673e-02
1015,6.34375000e+00,1.6813347542945078e-01,2.4615797155769892e-02
1016,6.35000000e+00,1.6814365363838871e-01,2.4638194279243481e-02
1017,6.35625000e+00,1.6810756379111302e-01,2.4660695983193176e-02
1018,6.36250000e+00,1.6811011600646153e-01,2.4683105869564688e-02
1019,6.36875000e+00,1.6810854808921719e-01,2.4705689446402380e-02
1020,6.37500000e+00,1.6811669400537599e-01,2.4728183267746680e-02
1021,6.38125000e+00,1.6811529605211967e-01,2.4750682672790101e-02
1022,6.38750000e+00,1.6810787689725945e-01,2.4773184302433363e-02
1023,6.39375000e+00,1.6812345911689586e-01,2.4795664325559963e-02
1024,6.40000000e+00,1.6810625908684582e-01,2.4818161690620524e-02
1025,6.40625000e+00,1.6813674699770248e-01,2.4840632312989577e-02
1026,6.41250000e+00,1.6814123467735426e-01,2.4863147852581344e-02
1027,6.41875000e+00,1.6815751137490578e-01,2.4885658214549591e-02
1028,6.42500000e+00,1.6811808499453731e-01,2.4908213350073989e-02
1029,6.43125000e+00,1.6813538126885924e-01,2.4930708040330412e-02
1030,6.43750000e+00,1.6811155264329644e-01,2.4953268371313470e-02
1031,6.44375000e+00,1.6810548303925818e-01,2.4975746722993759e-02
1032,6.45000000e+00,1.6808694226894985e-01,2.4998316947884316e-02
1033,6.45625000e+00,1.6808970188296604e-01,2.5020842921330735e-02
1034,6.46250000e+00,1.6807059547574291e-01,2.5043294045385300e-02
1035,6.46875000e+00,1.6809393167737746e-01,2.5065849908612783e-02
1036,6.47500000e+00,1.6807901076009446e-01,2.5088361172019333e-02
1037,6.48125000e+00,1.6811274284265598e-01,2.5111004086546995e-02
1038,6.48750000e+00,1.6809397389390462e-01,2.5133485775857854e-02
1039,6.49375000e+00,1.6810146884678395e-01,2.5156087963910789e-02
1040,6.50000000e+00,1.6808317143737747e-01,2.5178561708608941e-02
1041,6.50625000e+00,1.6812214467191533e-01,2.5201259171726886e-02
1042,6.51250000e+00,1.6809170069414534e-01,2.5223709722432409e-02
1043,6.51875000e+00,1.6812388629867145e-01,2.5246400544330139e-02
1044,6.52500000e+00,1.6810817116666341e-01,2.5268948256585329e-02
1045,6.53125000e+00,1.6812946484419275e-01,2.5291655637165754e-02
1046,6.53750000e+00,1.6810874409291601e-01,2.5314150901633768e-02
1047,6.54375000e+00,1.6815776454342377e-01,2.5336842989563298e-02
1048,6.55000000e+00,1.6811083608805918e-01,2.5359460548840741e-02
1049,6.55625000e+00,1.6816163890843625e-01,2.5381947519222167e-02
1050,6.56250000e+00,1.6814916252339529e-01,2.5404603146326251e-02
1051,6.56875000e+00,1.6819098467810548e-01,2.5427208626090266e-02
1052,6.57500000e+00,1.6815030548957785e-01,2.5449796546934491e-02
1053,6.58125000e+00,1.6821063438894313e-01,2.5472435431498686e-02
1054,6.58750000e+00,1.6813879489894010e-01,2.5495040316998667e-02
1055,6.59375000e+00,1.6818544480947012e-01,2.5517646047560138e-02
1056,6.60000000e+00,1.6812455136430832e-01,2.5540298294910686e-02
1057,6.60625000e+00,1.6816671248368148e-01,2.5562928600947357e-02
1058,6.61250000e+00,1.6812481519699457e-01,2.5585588348024321e-02
1059,6.61875000e+00,1.6819191144519935e-01,2.5608303622763205e-02
1060,6.62500000e+00,1.6812152789198564e-01,2.5630933541923622e-02
1061,6.63125000e+00,1.6816606587086716e-01,2.5653547083288712e-02
1062,6.63750000e+00,1.6814734192420316e-01,2.5676157490255532e-02
1063,6.64375000e+00,1.6815785939726216e-01,2.5698818453648815e-02
1064,6.65000000e+00,1.6809768700237068e-01,2.5721567667459738e-02
1065,6.65625000e+00,1.6816574067400522e-01,2.5744213856404474e-02
1066,6.66250000e+00,1.6808429043397832e-01,2.5766960247576152e-02
1067,6.66875000e+00,1.6812005586985315e-01,2.5789566054932687e-02
1068,6.67500000e+00,1.6806007359687025e-01,2.5812384288017898e-02
1069,6.68125000e+00,1.6811549978632137e-01,2.5834973429098483e-02
1070,6.68750000e+00,1.6807653342992929e-01,2.5857766410114218e-02
1071,6.69375000e+00,1.6811958331674581e-01,2.5880356008372969e-02
1072,6.70000000e+00,1.6809060226727429e-01,2.5903053372351010e-02
1073,6.70625000e+00,1.6811273652333975e-01,2.5925600756945846e-02
1074,6.71250000e+00,1.6807806054742014e-01,2.5948420599533777e-02
1075,6.71875000e+00,1.6811859069694221e-01,2.5971054536856712e-02
1076,6.72500000e+00,1.6808166490980678e-01,2.5993808708666351e-02
1077,6.73125000e+00,1.6812709763253370e-01,2.6016459830722479e-02
1078,6.73750000e+00,1.6808392407122419e-01,2.6039238294441908e-02
1079,6.74375000e+00,1.6811746451325532e-01,2.6061964045363279e-02
1080,6.75000000e+00,1.6811915997905255e-01,2.6084741059080364e-02
1081,6.75625000e+00,1.6814398543571168e-01,2.6107432192959690e-02
1082,6.76250000e+00,1.6813377739255997e-01,2.6130236482006977e-02
1083,6.76875000e+00,1.6815628175585548e-01,2.6153000611815802e-02
1084,6.77500000e+00,1.6814433444809873e-01,2.6175865277159874e-02
1085,6.78125000e+00,1.6812458014587342e-01,2.6198475361543037e-02
1086,6.78750000e+00,1.6814499206347550e-01,2.6221424991866544e-02
1087,6.79375000e+00,1.6812016323203849e-01,2.6243995085766258e-02
1088,6.80000000e+00,1.6813571414131170e-01,2.6266911879495376e-02
1089,6.80625000e+00,1.6814560284962804e-01,2.6289504959874945e-02
1090,6.81250000e+00,1.6814164572722085e-01,2.6312400633676625e-02
1091,6.81875000e+00,1.6815377994343947e-01,2.6335110367314143e-02
1092,6.82500000e+00,1.6812179732743096e-01,2.6357938994458034e-02
1093,6.83125000e+00,1.6814504638640418e-01,2.6380720675677566e-02
1094,6.83750000e+00,1.6814010807509494e-01,2.6403505207224877e-02
1095,6.84375000e+00,1.6814627459399770e-01,2.6426421274780301e-02
1096,6.85000000e+00,1.6814732270188790e-01,2.6449237198182096e-02
1097,6.85625000e+00,1.6815550622785749e-01,2.6471998895279604e-02
1098,6.86250000e+00,1.6816638615689156e-01,2.6494825962696186e-02
1099,6.86875000e+00,1.6820630349981455e-01,2.6517586557335996e-02
1100,6.87500000e+00,1.6815393642232085e-01,2.6540483614270607e-02
1101,6.88125000e+00,1.6820952887230711e-01,2.6563307008451019e-02
1102,6.88750000e+00,1.6815602214573247e-01,2.6586017256764450e-02
1103,6.89375000e+00,1.6823020973231675e-01,2.6608962446490504e-02
1104,6.90000000e+00,1.6817821615725259e-01,2.6631711300647017e-02
1105,6.90625000e+00,1.6822046981156813e-01,2.6654718741944139e-02
1106,6.91250000e+00,1.6816079895088132e-01,2.6677516966441574e-02
1107,6.91875000e+00,1.6820986736943511e-01,2.6700533912608571e-02
1108,6.92500000e+00,1.6814881951668861e-01,2.6723197452031316e-02
1109,6.93125000e+00,1.6821708723141005e-01,2.6746154362558436e-02
1110,6.93750000e+00,1.6813246819109220e-01,2.6768877913578546e-02
1111,6.94375000e+00,1.6820827265847685e-01,2.6791865245738677e-02
1112,6.95000000e+00,1.6813220913119553e-01,2.6814615370947575e-02
1113,6.95625000e+00,1.6821649596393060e-01,2.6837655358070270e-02
1114,6.96250000e+00,1.6814998834489236e-01,2.6860365654514270e-02
1115,6.96875000e+00,1.6824879528010375e-01,2.6883476187468815e-02
1116,6.97500000e+00,1.6816710172571597e-01,2.6906163265870642e-02
1117,6.98125000e+00,1.6821470489629911e-01,2.6929239845237110e-02
1118,6.98750000e+00,1.6816790168824811e-01,2.6951963276999051e-02
1119,6.99375000e+00,1.6822612031805492e-01,2.6975039815516300e-02
1120,7.00000000e+00,1.6815934713902445e-01,2.6997808178611374e-02
1121,7.00625000e+00,1.6821344952767298e-01,2.7020884545327622e-02
1122,7.01250000e+00,1.6815932702712041e-01,2.7043679504928128e-02
1123,7.01875000e+00,1.6820219795077285e-01,2.7066691657190202e-02
1124,7.02500000e+00,1.6815665556692339e-01,2.7089610351078038e-02
1125,7.03125000e+00,1.6822359827401823e-01,2.7112669986156055e-02
1126,7.03750000e+00,1.6816030048836228e-01,2.7135473418499929e-02
1127,7.04375000e+00,1.6819271803387401e-01,2.7158617442104405e-02
1128,7.05000000e+00,1.6814658188816431e-01,2.7181439080414458e-02
1129,7.05625000e+00,1.6817288241083234e-01,2.7204563700696689e-02
1130,7.06250000e+00,1.6816901223680325e-01,2.7227370747399868e-02
1131,7.06875000e+00,1.6818588555826600e-01,2.7250369742868874e-02
1132,7.07500000e+00,1.6820519638708201e-01,2.7273347691050175e-02
1133,7.08125000e+00,1.6821017626672097e-01,2.7296410590505613e-02
1134,7.08750000e+00,1.6819198234668684e-01,2.7319291839164289e-02
1135,7.09375000e+00,1.6819554282925248e-01,2.7342321420847891e-02
1136,7.10000000e+00,1.6818838183641238e-01,2.7365332942161417e-02
1137,7.10625000e+00,1.6821887986717832e-01,2.7388431901356737e-02
1138,7.11250000e+00,1.6820998874109694e-01,2.7411401966700395e-02
1139,7.11875000e+00,1.6822836960749321e-01,2.7434421776444316e-02
1140,7.12500000e+00,1.6819874133327969e-01,2.7457423590751137e-02
1141,7.13125000e+00,1.6823423573017643e-01,2.7480587078129570e-02
1142,7.13750000e+00,1.6823936166104367e-01,2.7503524750684349e-02
1143,7.14375000e+00,1.6823159549489797e-01,2.7526660764815952e-02
1144,7.15000000e+00,1.6824593245291072e-01,2.7549657405830347e-02
1145,7.15625000e+00,1.6823507445337926e-01,2.7572767527390834e-02
1146,7.16250000e+00,1.6824041393743869e-01,2.7595812508114902e-02
1147,7.16875000e+00,1.6821187841362509e-01,2.7618931270724789e-02
1148,7.17500000e+00,1.6825295971375595e-01,2.7642051326065790e-02
1149,7.18125000e+00,1.6823779458942542e-01,2.7665171255687349e-02
1150,7.18750000e+00,1.6824624061130539e-01,2.7688248874453907e-02
1151,7.19375000e+00,1.6823073755323889e-01,2.7711363960918691e-02
1152,7.20000000e+00,1.6824187056074860e-01,2.7734444666005238e-02
1153,7.20625000e+00,1.6823771570885271e-01,2.7757523318387649e-02
1154,7.21250000e+00,1.6824626947256319e-01,2.7780855173658133e-02
1155,7.21875000e+00,1.6823977958819269e-01,2.7803838261094022e-02
1156,7.22500000e+00,1.6826809738212686e-01,2.7827057503749808e-02
1157,7.23125000e+00,1.6825643990526862e-01,2.7850235673047747e-02
1158,7.23750000e+00,1.6826069034533694e-01,2.7873373626987649e-02
1159,7.24375000e+00,1.6827251682319977e-01,2.7896617332330870e-02
1160,7.25000000e+00,1.6825213150958720e-01,2.7919740923266236e-02
1161,7.25625000e+00,1.6825301248512092e-01,2.7942936511149628e-02
1162,7.26250000e+00,1.6829609469304277e-01,2.7966151491497743e-02
1163,7.26875000e+00,1.6828175968045364e-01,2.7989250986550966e-02
1164,7.27500000e+00,1.6831630341991255e-01,2.8012610731317250e-02
1165,7.28125000e+00,1.6830139008741604e-01,2.8035685856690307e-02
1166,7.28750000e+00,1.6831944704899152e-01,2.8059045250049913e-02
1167,7.29375000e+00,1.6830685103816628e-01,2.8082158219921553e-02
1168,7.30000000e+00,1.6832579661999614e-01,2.8105457093196680e-02
1169,7.30625000e+00,1.6831110471852115e-01,2.8128648165613869e-02
1170,7.31250000e+00,1.6833047639517393e-01,2.8151884537049129e-02
1171,7.31875000e+00,1.6830207628828286e-01,2.8175125382496079e-02
1172,7.32500000e+00,1.6832491851786383e-01,2.8198389901858037e-02
1173,7.33125000e+00,1.6830007090886845e-01,2.8221674386776047e-02
1174,7.33750000e+00,1.6833378529937179e-01,2.8244863700273105e-02
1175,7.34375000e+00,1.6826719538440829e-01,2.8268162213213040e-02
1176,7.35000000e+00,1.6828557245161185e-01,2.8291280543645447e-02
1177,7.35625000e+00,1.6826868320060193e-01,2.8314692310845966e-02
1178,7.36250000e+00,1.6828134192480193e-01,2.8337913737820030e-02
1179,7.36875000e+00,1.6826692627233497e-01,2.8361262237175534e-02
1180,7.37500000e+00,1.6828903725268568e-01,2.8384534982381002e-02
1181,7.38125000e+00,1.6827522105653556e-01,2.8407889044752534e-02
1182,7.38750000e+00,1.6830829465905014e-01,2.8431136841904504e-02
1183,7.39375000e+00,1.6827993081695244e-01,2.8454482498852587e-02
1184,7.40000000e+00,1.6831197512542567e-01,2.8477740258298231e-02
1185,7.40625000e+00,1.6828645139223325e-01,2.8501111499473930e-02
1186,7.41250000e+00,1.6830527371677687e-01,2.8524381018685204e-02
1187,7.41875000e+00,1.6830581246434467e-01,2.8547740950141301e-02
1188,7.42500000e+00,1.6836051329959079e-01,2.8571077542735149e-02
1189,7.43125000e+00,1.6832518660954235e-01,2.8594526404326633e-02
1190,7.43750000e+00,1.6838490528749894e-01,2.8617757831338943e-02
1191,7.44375000e+00,1.6834706615262188e-01,2.8641209860167639e-02
1192,7.45000000e+00,1.6840373289567662e-01,2.8664387435271180e-02
1193,7.45625000e+00,1.6831442509235284e-01,2.8687844316275218e-02
1194,7.46250000e+00,1.6835992811034850e-01,2.8711172411579104e-02
1195,7.46875000e+00,1.6830083868950316e-01,2.8734542229849881e-02
1196,7.47500000e+00,1.6834590960702958e-01,2.8757814451757159e-02
1197,7.48125000e+00,1.6831641006570075e-01,2.8781348541237529e-02
1198,7.48750000e+00,1.6831797570317905e-01,2.8804690037800586e-02
1199,7.49375000e+00,1.6829681414755787e-01,2.8828240181560948e-02
1200,7.50000000e+00,1.6831535509766005e-01,2.8851436347004145e-02
1201,7.50625000e+00,1.6829824178382938e-01,2.8874935146009997e-02
1202,7.51250000e+00,1.6830917826809011e-01,2.8898259183179405e-02
1203,7.51875000e+00,1.6829622982087708e-01,2.8921703711174526e-02
1204,7.52500000e+00,1.6827696144064846e-01,2.8945125041974412e-02
1205,7.53125000e+00,1.6825385980360505e-01,2.8968491006092199e-02
1206,7.53750000e+00,1.6827420115505842e-01,2.8991923128901351e-02
1207,7.54375000e+00,1.6830139085156540e-01,2.9015397728416555e-02
1208,7.55000000e+00,1.6832542023230940e-01,2.9038860192655933e-02
1209,7.55625000e+00,1.6831434659580130e-01,2.9063581887493441e-02
1210,7.56250000e+00,1.6835655904565663e-01,2.9088816427340406e-02
1211,7.56875000e+00,1.6833933674245904e-01,2.9114025488194265e-02
1212,7.57500000e+00,1.6832075995021795e-01,2.9139308164189619e-02
1213,7.58125000e+00,1.6830446375255573e-01,2.9164490314048528e-02
1214,7.58750000e+00,1.6827860432698660e-01,2.9189796637020662e-02
1215,7.59375000e+00,1.6827510351651609e-01,2.9214936378687450e-02
1216,7.60000000e+00,1.6826589529017172e-01,2.9240235007964188e-02
1217,7.60625000e+00,1.6822148975646678e-01,2.9265420710381844e-02
1218,7.61250000e+00,1.6823227215161676e-01,2.9290822838048316e-02
1219,7.61875000e+00,1.6816037326209315e-01,2.9316025892559709e-02
1220,7.62500000e+00,1.6818184585818904e-01,2.9341268707925389e-02
1221,7.63125000e+00,1.6815998102922447e-01,2.9366736839878747e-02
1222,7.63750000e+00,1.6817517354411865e-01,2.9391919080182932e-02
1223,7.64375000e+00,1.6815455999013354e-01,2.9417376292214040e-02
1224,7.65000000e+00,1.6816158009762627e-01,2.9442601214697370e-02
1225,7.65625000e+00,1.6812740332085260e-01,2.9468030824482818e-02
1226,7.66250000e+00,1.6816302468663913e-01,2.9493367891132438e-02
1227,7.66875000e+00,1.6814151840846780e-01,2.9518727872893880e-02
1228,7.67500000e+00,1.6818473287250246e-01,2.9544129769882906e-02
1229,7.68125000e+00,1.6815034133047729e-01,2.9569528560638783e-02
1230,7.68750000e+00,1.6815471366007376e-01,2.9594926252332940e-02
1231,7.69375000e+00,1.6814315461429064e-01,2.9620214647420456e-02
1232,7.70000000e+00,1.6819582275185527e-01,2.9645738067023503e-02
1233,7.70625000e+00,1.6816658795212580e-01,2.9671135431668921e-02
1234,7.71250000e+00,1.6820851021311187e-01,2.9696554420106255e-02
1235,7.71875000e+00,1.6818698754745692e-01,2.9722013451233847e-02
1236,7.72500000e+00,1.6824045366637772e-01,2.9747370363486285e-02
1237,7.73125000e+00,1.6819683047939843e-01,2.9773000081249959e-02
1238,7.73750000e+00,1.6825315575584027e-01,2.9798320463341729e-02
1239,7.74375000e+00,1.6821066593472936e-01,2.9823893217241680e-02
1240,7.75000000e+00,1.6825774688700523e-01,2.9849377660504404e-02
1241,7.75625000e+00,1.6822245409516662e-01,2.9874832867502428e-02
1242,7.76250000e+00,1.6827101572267067e-01,2.9900393709362788e-02
1243,7.76875000e+00,1.6820249048192185e-01,2.9925744387759058e-02
1244,7.77500000e+00,1.6826226730460045e-01,2.9951435238300843e-02
1245,7.78125000e+00,1.6824694572464688e-01,2.9976954041960855e-02
1246,7.78750000e+00,1.6825080958102723e-01,3.0002541432310507e-02
1247,7.79375000e+00,1.6826298572784043e-01,3.0028018837662551e-02
1248,7.80000000e+00,1.6830672167398311e-01,3.0053688533663230e-02
1249,7.80625000e+00,1.6827553329077710e-01,3.0079293024165565e-02
1250,7.81250000e+00,1.6832589074439119e-01,3.0104967687500608e-02
1251,7.81875000e+00,1.6825952684874343e-01,3.0130521437723577e-02
1252,7.82500000e+00,1.6829319302005386e-01,3.0156198418275659e-02
1253,7.83125000e+00,1.6826005241790373e-01,3.0181725752644415e-02
1254,7.83750000e+00,1.6827103154283235e-01,3.0207538476263337e-02
1255,7.84375000e+00,1.6825185615426055e-01,3.0233034294713860e-02
1256,7.85000000e+00,1.6824885876098661e-01,3.0258757491362871e-02
1257,7.85625000e+00,1.6826066075472201e-01,3.0284349981694665e-02
1258,7.86250000e+00,1.6826782106239196e-01,3.0310204757145107e-02
1259,7.86875000e+00,1.6824414572376345e-01,3.0335776439680429e-02
1260,7.87500000e+00,1.6828962055530039e-01,3.0361571894300977e-02
1261,7.88125000e+00,1.6824729405818631e-01,3.0387162584016667e-02
1262,7.88750000e+00,1.6826456403270551e-01,3.0413001192244264e-02
1263,7.89375000e+00,1.6826257519928661e-01,3.0438798939936319e-02
1264,7.90000000e+00,1.6826275972619145e-01,3.0464590677186359e-02
1265,7.90625000e+00,1.6824322563587626e-01,3.0490341641755750e-02
1266,7.91250000e+00,1.6824605860330391e-01,3.0516104848344733e-02
1267,7.91875000e+00,1.6824950028404187e-01,3.0541929313660253e-02
1268,7.92500000e+00,1.6830450207285322e-01,3.0567797338093648e-02
1269,7.93125000e+00,1.6825252144862726e-01,3.0593701433376242e-02
1270,7.93750000e+00,1.6829342056251728e-01,3.0619735894568775e-02
1271,7.94375000e+00,1.6830951825657972e-01,3.0645415153389061e-02
1272,7.95000000e+00,1.6833605747652258e-01,3.0671420395936330e-02
1273,7.95625000e+00,1.6832047419332755e-01,3.0697240238001241e-02
1274,7.96250000e+00,1.6832951084079700e-01,3.0723203220675108e-02
1275,7.96875000e+00,1.6837500147802142e-01,3.0749068500834885e-02
1276,7.97500000e+00,1.6840103092156319e-01,3.0774974809991015e-02
1277,7.98125000e+00,1.6837860716245867e-01,3.0800874916745043e-02
1278,7.98750000e+00,1.6837699970923595e-01,3.0826925243946934e-02
1279,7.99375000e+00,1.6835422984402870e-01,3.0852698910812208e-02
1280,8.00000000e+00,1.6836482205602069e-01,3.0878924222659795e-02
1281,8.00625000e+00,1.6834891837434646e-01,3.0904627525300002e-02
1282,8.01250000e+00,1.6833246318586897e-01,3.0930818511477172e-02
1283,8.01875000e+00,1.6831272388105770e-01,3.0956555440890352e-02
1284,8.02500000e+00,1.6835549298889760e-01,3.0982777651018322e-02
1285,8.03125000e+00,1.6831382265375627e-01,3.1008571148162880e-02
1286,8.03750000e+00,1.6833926483562392e-01,3.1034960138511269e-02
1287,8.04375000e+00,1.6825383308862532e-01,3.1060821599203835e-02
1288,8.05000000e+00,1.6828907628951897e-01,3.1087188130620353e-02
1289,8.05625000e+00,1.6829920467534518e-01,3.1113052536213937e-02
1290,8.06250000e+00,1.6833371724406326e-01,3.1139374324499321e-02
1291,8.06875000e+00,1.6834808498494108e-01,3.1165233285454969e-02
1292,8.07500000e+00,1.6838498344943081e-01,3.1191699020248521e-02
1293,8.08125000e+00,1.6834945139027588e-01,3.1217524355694869e-02
1294,8.08750000e+00,1.6834178856667856e-01,3.1243850692733804e-02
1295,8.09375000e+00,1.6830388778209368e-01,3.1269772522141089e-02
1296,8.10000000e+00,1.6833134706235095e-01,3.1296290094196627e-02
1297,8.10625000e+00,1.6829621913234777e-01,3.1322230212690857e-02
1298,8.11250000e+00,1.6831131472071476e-01,3.1348670039812940e-02
1299,8.11875000e+00,1.6828265625924527e-01,3.1374646532199742e-02
1300,8.12500000e+00,1.6831240546545778e-01,3.1401077232388400e-02
1301,8.13125000e+00,1.6828759168991420e-01,3.1427178103032416e-02
1302,8.13750000e+00,1.6827497389945725e-01,3.1453678760530658e-02
1303,8.14375000e+00,1.6826056551121138e-01,3.1479739347230626e-02
1304,8.15000000e+00,1.6827589538596624e-01,3.1506233309810193e-02
1305,8.15625000e+00,1.6826588811242607e-01,3.1532384820255423e-02
1306,8.16250000e+00,1.6827467301707724e-01,3.1558796922350613e-02
1307,8.16875000e+00,1.6823573133908223e-01,3.1584893371954359e-02
1308,8.17500000e+00,1.6826578134371215e-01,3.1611464846276839e-02
1309,8.18125000e+00,1.6822043711372056e-01,3.1637637088828677e-02
1310,8.18750000e+00,1.6821090695181021e-01,3.1664140450709678e-02
1311,8.19375000e+00,1.6820665800961609e-01,3.1690235772412943e-02
1312,8.20000000e+00,1.6822610802184387e-01,3.1716951941678534e-02
1313,8.20625000e+00,1.6824946355694434e-01,3.1743202259446435e-02
1314,8.21250000e+00,1.6822971590183800e-01,3.1769735314029490e-02
1315,8.21875000e+00,1.6817094474612451e-01,3.1796058063461759e-02
1316,8.22500000e+00,1.6816153556532432e-01,3.1822537481257081e-02
1317,8.23125000e+00,1.6820269119079120e-01,3.1848955161846174e-02
1318,8.23750000e+00,1.6823500603741040e-01,3.1875498827179848e-02
1319,8.24375000e+00,1.6823930712195839e-01,3.1901863583769015e-02
1320,8.25000000e+00,1.6816613180710291e-01,3.1928580437392336e-02
1321,8.25625000e+00,1.6816485103542328e-01,3.1954915606548645e-02
1322,8.26250000e+00,1.6816590430301895e-01,3.1981625933529288e-02
1323,8.26875000e+00,1.6811665426328665e-01,3.2008049516654397e-02
1324,8.27500000e+00,1.6813379467897097e-01,3.2034833817284759e-02
1325,8.28125000e+00,1.6819269709472084e-01,3.2061178888869425e-02
1326,8.28750000e+00,1.6819321030950235e-01,3.2087983401753943e-02
1327,8.29375000e+00,1.6817192200441436e-01,3.2114576093800806e-02
1328,8.30000000e+00,1.6821161670870130e-01,3.2141171036152681e-02
1329,8.30625000e+00,1.6821189838928871e-01,3.2167803985304146e-02
1330,8.31250000e+00,1.6816464297254993e-01,3.2194587412132311e-02
1331,8.31875000e+00,1.6818637203370659e-01,3.2221224999001992e-02
1332,8.32500000e+00,1.6813923095817945e-01,3.2247957165920958e-02
1333,8.33125000e+00,1.6815555222438727e-01,3.2274660359235804e-02
1334,8.33750000e+00,1.6817930474789303e-01,3.2301636735639239e-02
1335,8.34375000e+00,1.6819235114429482e-01,3.2328117524662435e-02
1336,8.35000000e+00,1.6821918509672240e-01,3.2355146737269143e-02
1337,8.35625000e+00,1.6826569772920963e-01,3.2381736049583373e-02
1338,8.36250000e+00,1.6831498431035075e-01,3.2408643748617405e-02
1339,8.36875000e+00,1.6831500027022805e-01,3.2435409452031348e-02
1340,8.37500000e+00,1.6834379645660766e-01,3.2462328031168435e-02
1341,8.38125000e+00,1.6827072667739587e-01,3.2489110262629392e-02
1342,8.38750000e+00,1.6834633352215722e-01,3.2516146717117632e-02
1343,8.39375000e+00,1.6825535653701845e-01,3.2542790725275848e-02
1344,8.40000000e+00,1.6838141099332432e-01,3.2569888424673524e-02
1345,8.40625000e+00,1.6831636451995188e-01,3.2596717887593239e-02
1346,8.41250000e+00,1.6833980269803495e-01,3.2623474040622151e-02
1347,8.41875000e+00,1.6830345021496013e-01,3.2650520451674082e-02
1348,8.42500000e+00,1.6835163323287017e-01,3.2677353331525237e-02
1349,8.43125000e+00,1.6830640936274163e-01,3.2704326641187699e-02
1350,8.43750000e+00,1.6836739942900641e-01,3.2731327483914711e-02
1351,8.44375000e+00,1.6837384735349289e-01,3.2758277744644362e-02
1352,8.45000000e+00,1.6841949094813832e-01,3.2785538320939944e-02
1353,8.45625000e+00,1.6834179154667664e-01,3.2812431994230194e-02
1354,8.46250000e+00,1.6834213511506060e-01,3.2839597713333217e-02
1355,8.46875000e+00,1.6834792697751694e-01,3.2866540322887661e-02
1356,8.47500000e+00,1.6834218496842718e-01,3.2893657517874500e-02
1357,8.48125000e+00,1.6830129882299627e-01,3.2920610977650443e-02
1358,8.48750000e+00,1.6833923270431803e-01,3.2947834847655941e-02
1359,8.49375000e+00,1.6828916506935437e-01,3.2974689802570269e-02
1360,8.50000000e+00,1.6824727457735653e-01,3.3002001694406986e-02
1361,8.50625000e+00,1.6830068383582317e-01,3.3029017550766961e-02
1362,8.51250000e+00,1.6825911760946655e-01,3.3056353985304876e-02
1363,8.51875000e+00,1.6832915813392574e-01,3.3083581220285478e-02
1364,8.52500000e+00,1.6825828870039911e-01,3.3110860550595735e-02
1365,8.53125000e+00,1.6835574340784079e-01,3.3138024728690041e-02
1366,8.53750000e+00,1.6830909380144266e-01,3.3165393303440427e-02
1367,8.54375000e+00,1.6843925759685191e-01,3.3192535598661407e-02
1368,8.55000000e+00,1.6832466960396009e-01,3.3219768028641433e-02
1369,8.55625000e+00,1.6841347335845236e-01,3.3247163489116674e-02
1370,8.56250000e+00,1.6839829693016714e-01,3.3274557529872413e-02
1371,8.56875000e+00,1.6842923297198681e-01,3.3301794534386787e-02
1372,8.57500000e+00,1.6835079588367410e-01,3.3329122506580780e-02
1373,8.58125000e+00,1.6835706609665416e-01,3.3356427442033529e-02
1374,8.58750000e+00,1.6836606208951518e-01,3.3383933173686084e-02
1375,8.59375000e+00,1.6841920548806855e-01,3.3411067424821903e-02
1376,8.60000000e+00,1.6834065742585938e-01,3.3438606527189801e-02
1377,8.60625000e+00,1.6840418319040001e-01,3.3465714019632123e-02
1378,8.61250000e+00,1.6832697623260628e-01,3.3493228033042631e-02
1379,8.61875000e+00,1.6841343729512750e-01,3.3520498890188266e-02
1380,8.62500000e+00,1.6836989466429966e-01,3.3547948202464296e-02
1381,8.63125000e+00,1.6843696898275404e-01,3.3575440769229047e-02
1382,8.63750000e+00,1.6837541013578855e-01,3.3602996112045841e-02
1383,8.64375000e+00,1.6840803263379536e-01,3.3630365659336664e-02
1384,8.65000000e+00,1.6834978704263898e-01,3.3657954155468413e-02
1385,8.65625000e+00,1.6841253312864796e-01,3.3685141984712508e-02
1386,8.66250000e+00,1.6837524949547197e-01,3.3712882726431963e-02
1387,8.66875000e+00,1.6842273903120547e-01,3.3740210588706208e-02
1388,8.67500000e+00,1.6838975354379318e-01,3.3767634404092799e-02
1389,8.68125000e+00,1.6843120317929225e-01,3.3795138440091139e-02
1390,8.68750000e+00,1.6838861998778024e-01,3.3822701962802453e-02
1391,8.69375000e+00,1.6840172992617086e-01,3.3850242989661612e-02
1392,8.70000000e+00,1.6838432254334457e-01,3.3877710335193330e-02
1393,8.70625000e+00,1.6849826228677983e-01,3.3905374763871614e-02
1394,8.71250000e+00,1.6842717639311924e-01,3.3932833542907895e-02
1395,8.71875000e+00,1.6854804700938600e-01,3.3960400332309848e-02
1396,8.72500000e+00,1.6840400077469883e-01,3.3988044456657845e-02
1397,8.73125000e+00,1.6852624561968263e-01,3.4015593923450070e-02
1398,8.73750000e+00,1.6841553160830960e-01,3.4043142727215710e-02
1399,8.74375000e+00,1.6845683236791553e-01,3.4070804774456329e-02
1400,8.75000000e+00,1.6845557256595317e-01,3.4098420769603031e-02
1401,8.75625000e+00,1.6851913039894098e-01,3.4126003870918048e-02
1402,8.76250000e+00,1.6844744197633515e-01,3.4153671600602210e-02
1403,8.76875000e+00,1.6858044414119061e-01,3.4181258945133713e-02
1404,8.77500000e+00,1.6851783812162155e-01,3.4208936334680327e-02
1405,8.78125000e+00,1.6856189582767989e-01,3.4236540683593351e-02
1406,8.78750000e+00,1.6853809898331015e-01,3.4264321613175650e-02
1407,8.79375000e+00,1.6859383277935253e-01,3.4292014913321386e-02
1408,8.80000000e+00,1.6853428173161034e-01,3.4319663978519009e-02
1409,8.80625000e+00,1.6859964832903512e-01,3.4347259281479907e-02
1410,8.81250000e+00,1.6852619396827787e-01,3.4374971320550271e-02
1411,8.81875000e+00,1.6854862921429725e-01,3.4402716703340636e-02
1412,8.82500000e+00,1.6851551156235159e-01,3.4430494516807623e-02
1413,8.83125000e+00,1.6856370700650072e-01,3.4458160328171152e-02
1414,8.83750000e+00,1.6852321393225639e-01,3.4485821612145140e-02
1415,8.84375000e+00,1.6857701292967503e-01,3.4513681599534003e-02
1416,8.85000000e+00,1.6847280534836631e-01,3.4541419966312825e-02
1417,8.85625000e+00,1.6854211671201050e-01,3.4569061357490251e-02
1418,8.86250000e+00,1.6845952093528571e-01,3.4596715922231028e-02
1419,8.86875000e+00,1.6849385836560804e-01,3.4624530999411637e-02
1420,8.87500000e+00,1.6842075964724912e-01,3.4652209531566308e-02
1421,8.88125000e+00,1.6850843608135982e-01,3.4680085586459186e-02
1422,8.88750000e+00,1.6845662213550194e-01,3.4707766472244835e-02
1423,8.89375000e+00,1.6844731766753135e-01,3.4735485709766936e-02
1424,8.90000000e+00,1.6835383112744082e-01,3.4763360368037260e-02
1425,8.90625000e+00,1.6849601923693738e-01,3.4791042241240057e-02
1426,8.91250000e+00,1.6839061762839030e-01,3.4818902749556506e-02
1427,8.91875000e+00,1.6847254051404503e-01,3.4846676846883411e-02
1428,8.92500000e+00,1.6843184290317254e-01,3.4874448562922315e-02
1429,8.93125000e+00,1.6854441458167932e-01,3.4902222480880964e-02
1430,8.93750000e+00,1.6849936428327095e-01,3.4930082821305115e-02
1431,8.94375000e+00,1.6855370559852861e-01,3.4957888127883856e-02
1432,8.95000000e+00,1.6856393621157495e-01,3.4985933588390972e-02
1433,8.95625000e+00,1.6863979295388587e-01,3.5013504313550978e-02
1434,8.96250000e+00,1.6858794463355822e-01,3.5041460335080758e-02
1435,8.96875000e+00,1.6860997018195861e-01,3.5069069719193609e-02
1436,8.97500000e+00,1.6860149307825509e-01,3.5097054431015698e-02
1437,8.98125000e+00,1.6861735889025689e-01,3.5124738149443190e-02
1438,8.98750000e+00,1.6860922356671726e-01,3.5152906511946087e-02
1439,8.99375000e+00,1.6862060866494158e-01,3.5180573938722072e-02
1440,9.00000000e+00,1.6863090095988648e-01,3.5208522666864459e-02
1441,9.00625000e+00,1.6861046680341810e-01,3.5236200342774242e-02
1442,9.01250000e+00,1.6863017263443059e-01,3.5264210450648523e-02
1443,9.01875000e+00,1.6856808408371698e-01,3.5292019770606968e-02
1444,9.02500000e+00,1.6861255120778557e-01,3.5320064239785905e-02
1445,9.03125000e+00,1.6856879627309898e-01,3.5347735037987785e-02
1446,9.03750000e+00,1.6866765519005117e-01,3.5375812197362695e-02
1447,9.04375000e+00,1.6858802096821385e-01,3.5403561693926895e-02
1448,9.05000000e+00,1.6861695220059236e-01,3.5431421888980061e-02
1449,9.05625000e+00,1.6855798982438688e-01,3.5459179590980536e-02
1450,9.06250000e+00,1.6865337662325422e-01,3.5487192994038998e-02
1451,9.06875000e+00,1.6858753522146536e-01,3.5514943610498222e-02
1452,9.07500000e+00,1.6867323370525036e-01,3.5543012996126062e-02
1453,9.08125000e+00,1.6852433226951902e-01,3.5570777321255159e-02
1454,9.08750000e+00,1.6861537404478352e-01,3.5598700845561417e-02
1455,9.09375000e+00,1.6854750382843045e-01,3.5626568947899728e-02
1456,9.10000000e+00,1.6862330511266901e-01,3.5654489349718516e-02
1457,9.10625000e+00,1.6857475669772842e-01,3.5682373281050922e-02
1458,9.11250000e+00,1.6859677606136517e-01,3.5710384421780143e-02
1459,9.11875000e+00,1.6850460738147105e-01,3.5738148907081796e-02
1460,9.12500000e+00,1.6853509924349219e-01,3.5766216493842942e-02
1461,9.13125000e+00,1.6848568055026311e-01,3.5793872609345807e-02
1462,9.13750000e+00,1.6851663330156505e-01,3.5821939397408006e-02
1463,9.14375000e+00,1.6849007887612361e-01,3.5849609486943476e-02
1464,9.15000000e+00,1.6858557282432240e-01,3.5877764886331029e-02
1465,9.15625000e+00,1.6845198303910217e-01,3.5905444209125399e-02
1466,9.16250000e+00,1.6853985486832673e-01,3.5933535203905187e-02
1467,9.16875000e+00,1.6838823415769238e-01,3.5961203579890147e-02
1468,9.17500000e+00,1.6852799619921063e-01,3.5989387770469568e-02
1469,9.18125000e+00,1.6842985418615369e-01,3.6017231419771013e-02
1470,9.18750000e+00,1.6854308341636853e-01,3.6045034930816060e-02
1471,9.19375000e+00,1.6844950787115093e-01,3.6073019867436072e-02
1472,9.20000000e+00,1.6854609149159008e-01,3.6100902915151251e-02
1473,9.20625000e+00,1.6849928767877367e-01,3.6128776064957319e-02
1474,9.21250000e+00,1.6853480850058464e-01,3.6156678994151474e-02
1475,9.21875000e+00,1.6853506789412570e-01,3.6184592781765348e-02
1476,9.22500000e+00,1.6855861534713346e-01,3.6212444324403778e-02
1477,9.23125000e+00,1.6854157976058703e-01,3.6240338985221943e-02
1478,9.23750000e+00,1.6856728254548933e-01,3.6268268131778462e-02
1479,9.24375000e+00,1.6845846302209430e-01,3.6295944796611170e-02
1480,9.25000000e+00,1.6857218201843513e-01,3.6323847463366581e-02
1481,9.25625000e+00,1.6849353226004371e-01,3.6351649584234008e-02
1482,9.26250000e+00,1.6859334305078064e-01,3.6379640373093061e-02
1483,9.26875000e+00,1.6847921873400271e-01,3.6407366920752575e-02
1484,9.27500000e+00,1.6863505615181021e-01,3.6435325226228381e-02
1485,9.28125000e+00,1.6847944923365674e-01,3.6463101863630200e-02
1486,9.28750000e+00,1.6866168650059396e-01,3.6491060795515416e-02
1487,9.29375000e+00,1.6853745920358054e-01,3.6518768452945327e-02
1488,9.30000000e+00,1.6863466891118006e-01,3.6546762611514017e-02
1489,9.30625000e+00,1.6853364222903044e-01,3.6574424866971711e-02
1490,9.31250000e+00,1.6862936340288953e-01,3.6602347273392934e-02
1491,9.31875000e+00,1.6854641190466024e-01,3.6630074036764167e-02
1492,9.32500000e+00,1.6864938466376006e-01,3.6658155965143921e-02
1493,9.33125000e+00,1.6859024666956779e-01,3.6685975011791973e-02
1494,9.33750000e+00,1.6871510036429038e-01,3.6713960062521790e-02
1495,9.34375000e+00,1.6862704595563441e-01,3.6741657226659979e-02
1496,9.35000000e+00,1.6872329481437787e-01,3.6769615969235163e-02
1497,9.35625000e+00,1.6865410372120018e-01,3.6797320660102634e-02
1498,9.36250000e+00,1.6872911978358804e-01,3.6825207595255684e-02
1499,9.36875000e+00,1.6862926975379655e-01,3.6852997558806673e-02
1500,9.37500000e+00,1.6872619029170174e-01,3.6880966727607517e-02
1501,9.38125000e+00,1.6864735550282450e-01,3.6908788145316354e-02
1502,9.38750000e+00,1.6871635487722736e-01,3.6936688620552958e-02
1503,9.39375000e+00,1.6864659477570054e-01,3.6964412286912662e-02
1504,9.40000000e+00,1.6869014781928920e-01,3.6992505174697210e-02
1505,9.40625000e+00,1.6865013466824383e-01,3.7020192151708195e-02
1506,9.41250000e+00,1.6872492221458324e-01,3.7048212530375615e-02
1507,9.41875000e+00,1.6868366519475672e-01,3.7075839484132393e-02
1508,9.42500000e+00,1.6869743129796400e-01,3.7103780448096417e-02
1509,9.43125000e+00,1.6862124191664324e-01,3.7131386738103921e-02
1510,9.43750000e+00,1.6865428110952155e-01,3.7159226653363589e-02
1511,9.44375000e+00,1.6866014478158742e-01,3.7187031562530448e-02
1512,9.45000000e+00,1.6865637527467847e-01,3.7214867132530215e-02
1513,9.45625000e+00,1.6869189672837540e-01,3.7242593376026707e-02
1514,9.46250000e+00,1.6865069167417571e-01,3.7270561123694125e-02
1515,9.46875000e+00,1.6863130335918092e-01,3.7298097591341929e-02
1516,9.47500000e+00,1.6854909580692323e-01,3.7326140827276574e-02
1517,9.48125000e+00,1.6858203033941777e-01,3.7353723167301865e-02
1518,9.48750000e+00,1.6854943588777471e-01,3.7381648755963039e-02
1519,9.49375000e+00,1.6856810219464577e-01,3.7409323127614129e-02
1520,9.50000000e+00,1.6862468246450046e-01,3.7437241658623319e-02
1521,9.50625000e+00,1.6856702395078821e-01,3.7464767759340899e-02
1522,9.51250000e+00,1.6859626694484159e-01,3.7492683913453236e-02
1523,9.51875000e+00,1.6851413403439200e-01,3.7520268737641853e-02
1524,9.52500000e+00,1.6852168806999515e-01,3.7548218351356188e-02
1525,9.53125000e+00,1.6850257176332364e-01,3.7575746840073976e-02
1526,9.53750000e+00,1.6851200865913404e-01,3.7603791523056568e-02
1527,9.54375000e+00,1.6851586014627201e-01,3.7631359503665605e-02
1528,9.55000000e+00,1.6853077464230556e-01,3.7659184997392257e-02
1529,9.55625000e+00,1.6849262731645556e-01,3.7686723425820662e-02
1530,9.56250000e+00,1.6857750741349239e-01,3.7714689779572923e-02
1531,9.56875000e+00,1.6853769850102121e-01,3.7742182752211834e-02
1532,9.57500000e+00,1.6858950786289140e-01,3.7770027122051207e-02
1533,9.58125000e+00,1.6853471097545905e-01,3.7797686599330270e-02
1534,9.58750000e+00,1.6858275262386463e-01,3.7825394965719954e-02
1535,9.59375000e+00,1.6857509096213089e-01,3.7853154701847649e-02
1536,9.60000000e+00,1.6862375858948692e-01,3.7880944858612146e-02
1537,9.60625000e+00,1.6854433771294139e-01,3.7908501922276794e-02
1538,9.61250000e+00,1.6862391515359798e-01,3.7936411219311982e-02
1539,9.61875000e+00,1.6857026775326606e-01,3.7963829063658062e-02
1540,9.62500000e+00,1.6859574767189775e-01,3.7991707692888448e-02
1541,9.63125000e+00,1.6860279375021520e-01,3.8019276885621227e-02
1542,9.63750000e+00,1.6864869723421316e-01,3.8046985584828184e-02
1543,9.64375000e+00,1.6861278869562954e-01,3.8074632076707922e-02
1544,9.65000000e+00,1.6866574325944692e-01,3.8102382648882611e-02
1545,9.65625000e+00,1.6865609919822361e-01,3.8130019962564370e-02
1546,9.66250000e+00,1.6864548014836991e-01,3.8157607025672613e-02
1547,9.66875000e+00,1.6864102251812199e-01,3.8185203551096912e-02
1548,9.67500000e+00,1.6866884459770742e-01,3.8212946975007156e-02
1549,9.68125000e+00,1.6866780537229720e-01,3.8240685368459253e-02
1550,9.68750000e+00,1.6871033087629028e-01,3.8268322768842199e-02
1551,9.69375000e+00,1.6869026348355098e-01,3.8295848559722338e-02
1552,9.70000000e+00,1.6872013129452715e-01,3.8323632665321641e-02
1553,9.70625000e+00,1.6869605703826807e-01,3.8351128160154693e-02
1554,9.71250000e+00,1.6865107989734374e-01,3.8378860159171760e-02
1555,9.71875000e+00,1.6869834371166792e-01,3.8406259618710303e-02
1556,9.72500000e+00,1.6867076152846214e-01,3.8434117277854576e-02
1557,9.73125000e+00,1.6866314270326058e-01,3.8461474168639126e-02
1558,9.73750000e+00,1.6868322025676619e-01,3.8489191268260933e-02
1559,9.74375000e+00,1.6862705778299211e-01,3.8516636815098176e-02
1560,9.75000000e+00,1.6867140734654587e-01,3.8544381427275960e-02
1561,9.75625000e+00,1.6862259952395728e-01,3.8571728830196841e-02
1562,9.76250000e+00,1.6861828344676150e-01,3.8599474376363616e-02
1563,9.76875000e+00,1.6857972584667716e-01,3.8626842664946238e-02
1564,9.77500000e+00,1.6860373137975060e-01,3.8654369236139102e-02
1565,9.78125000e+00,1.6864849838630711e-01,3.8682047657832973e-02
1566,9.78750000e+00,1.6866713369150699e-01,3.8709512216234775e-02
1567,9.79375000e+00,1.6857536508031248e-01,3.8737056682544943e-02
1568,9.80000000e+00,1.6866070001562269e-01,3.8764498892526880e-02
1569,9.80625000e+00,1.6856715388173324e-01,3.8791985042570948e-02
1570,9.81250000e+00,1.6862495934932270e-01,3.8819506201275798e-02
1571,9.81875000e+00,1.6852763432073228e-01,3.8847093976897382e-02
1572,9.82500000e+00,1.6858167601442642e-01,3.8874546855466603e-02
1573,9.83125000e+00,1.6851862514121518e-01,3.8902001275632855e-02
1574,9.83750000e+00,1.6863048003308762e-01,3.8929447135090930e-02
1575,9.84375000e+00,1.6853182058073338e-01,3.8956934826983217e-02
1576,9.85000000e+00,1.6864723756254962e-01,3.8984391576706287e-02
1577,9.85625000e+00,1.6850604752985421e-01,3.9011831398355103e-02
1578,9.86250000e+00,1.6863942935483003e-01,3.9039412657339234e-02
1579,9.86875000e+00,1.6850549555477592e-01,3.9066547762391782e-02
1580,9.87500000e+00,1.6865842303529258e-01,3.9094245023233755e-02
1581,9.88125000e+00,1.6851612979090400e-01,3.9121440814534468e-02
1582,9.88750000e+00,1.6869842000343910e-01,3.9149072390289169e-02
1583,9.89375000e+00,1.6852166422921813e-01,3.9176335872514588e-02
1584,9.90000000e+00,1.6871433073976139e-01,3.9203846902758792e-02
1585,9.90625000e+00,1.6853738337621563e-01,3.9230967916216317e-02
1586,9.91250000e+00,1.6878072905293909e-01,3.9258489155321249e-02
1587,9.91875000e+00,1.6859323503941454e-01,3.9285817971648131e-02
1588,9.92500000e+00,1.6879899578404514e-01,3.9313307532660609e-02
1589,9.93125000e+00,1.6853207021678299e-01,3.9340581257879911e-02
1590,9.93750000e+00,1.6882194883111118e-01,3.9368026927511360e-02
1591,9.94375000e+00,1.6858374593029135e-01,3.9395247479675717e-02
1592,9.95000000e+00,1.6883098218491219e-01,3.9422621208796034e-02
1593,9.95625000e+00,1.6854515927038483e-01,3.9449855831771866e-02
1594,9.96250000e+00,1.6879546850011928e-01,3.9477297520494413e-02
1595,9.96875000e+00,1.6853079775141550e-01,3.9504441711335270e-02
1596,9.97500000e+00,1.6876639857959241e-01,3.9531722525103959e-02
1597,9.98125000e+00,1.6849185343744399e-01,3.9558936594564428e-02
1598,9.98750000e+00,1.6882166455462572e-01,3.9586180757469752e-02
1599,9.99375000e+00,1.6852473752085234e-01,3.9613488603176920e-02
1600,1.00000000e+01,1.6886810544742265e-01,3.9640771237229200e-02
