$MeshFormat
4.1 0 8
$EndMeshFormat
$Entities
5 5 1 0
1 0 0 0 0 
2 2.2 0 0 0 
3 0 0.41 0 0 
4 2.2 0.41 0 0 
5 0.25 0.2 0 0 
1 -1.000000000583867e-07 -1e-07 -1e-07 2.2000001 1e-07 1e-07 1 13 2 1 -2 
2 -1e-07 -1.000000000028756e-07 -1e-07 1e-07 0.4100001 1e-07 1 11 2 3 -1 
3 2.1999999 -1.000000000028756e-07 -1e-07 2.2000001 0.4100001 1e-07 1 12 2 2 -4 
4 -1.000000000583867e-07 0.4099999 -1e-07 2.2000001 0.4100001 1e-07 1 14 2 4 -3 
5 0.1499999 0.1499999 -1e-07 0.2500001 0.2500001 1e-07 1 15 2 5 -5 
4 -1.000000000583867e-07 -1.000000000028756e-07 -1e-07 2.2000001 0.4100001 1e-07 1 1 5 1 3 4 2 -5 
$EndEntities
$Nodes
11 10762 1 10762
0 1 0 1
1
0 0 0
0 2 0 1
2
2.2 0 0
0 3 0 1
3
0 0.41 0
0 4 0 1
4
2.2 0.41 0
0 5 0 1
5
0.25 0.2 0
1 1 0 219
6
7
8
9
10
11
12
13
14
15
16
17
18
19
20
21
22
23
24
25
26
27
28
29
30
31
32
33
34
35
36
37
38
39
40
41
42
43
44
45
46
47
48
49
50
51
52
53
54
55
56
57
58
59
60
61
62
63
64
65
66
67
68
69
70
71
72
73
74
75
76
77
78
79
80
81
82
83
84
85
86
87
88
89
90
91
92
93
94
95
96
97
98
99
100
101
102
103
104
105
106
107
108
109
110
111
112
113
114
115
116
117
118
119
120
121
122
123
124
125
126
127
128
129
130
131
132
133
134
135
136
137
138
139
140
141
142
143
144
145
146
147
148
149
150
151
152
153
154
155
156
157
158
159
160
161
162
163
164
165
166
167
168
169
170
171
172
173
174
175
176
177
178
179
180
181
182
183
184
185
186
187
188
189
190
191
192
193
194
195
196
197
198
199
200
201
202
203
204
205
206
207
208
209
210
211
212
213
214
215
216
217
218
219
220
221
222
223
224
0.009999999999999998 0 0
0.01999999999999999 0 0
0.02999999999999999 0 0
0.03999999999999999 0 0
0.04999999999999999 0 0
0.05999999999999998 0 0
0.06999999999999998 0 0
0.07999999999999999 0 0
0.08999999999999998 0 0
0.09999999999999999 0 0
0.11 0 0
0.12 0 0
0.13 0 0
0.14 0 0
0.15 0 0
0.16 0 0
0.17 0 0
0.18 0 0
0.1899999999999999 0 0
0.2 0 0
0.2099999999999999 0 0
0.2199999999999999 0 0
0.2299999999999999 0 0
0.2399999999999999 0 0
0.2499999999999999 0 0
0.2599999999999999 0 0
0.2699999999999999 0 0
0.2799999999999999 0 0
0.2899999999999999 0 0
0.2999999999999999 0 0
0.3099999999999999 0 0
0.3199999999999998 0 0
0.3299999999999998 0 0
0.3399999999999999 0 0
0.3499999999999999 0 0
0.3599999999999999 0 0
0.3699999999999999 0 0
0.3799999999999999 0 0
0.3899999999999999 0 0
0.3999999999999999 0 0
0.4099999999999999 0 0
0.4199999999999999 0 0
0.4299999999999999 0 0
0.4399999999999999 0 0
0.4499999999999999 0 0
0.4599999999999999 0 0
0.4699999999999999 0 0
0.4799999999999999 0 0
0.4899999999999998 0 0
0.4999999999999998 0 0
0.5099999999999998 0 0
0.5199999999999998 0 0
0.5299999999999998 0 0
0.5399999999999998 0 0
0.5499999999999998 0 0
0.5599999999999998 0 0
0.5699999999999998 0 0
0.5799999999999998 0 0
0.5899999999999999 0 0
0.5999999999999999 0 0
0.6099999999999999 0 0
0.6199999999999999 0 0
0.6299999999999999 0 0
0.6399999999999999 0 0
0.6499999999999999 0 0
0.6599999999999999 0 0
0.6699999999999999 0 0
0.6799999999999999 0 0
0.6900000000000001 0 0
0.7000000000000001 0 0
0.7100000000000001 0 0
0.7200000000000001 0 0
0.7300000000000001 0 0
0.7400000000000001 0 0
0.7500000000000001 0 0
0.7600000000000001 0 0
0.7700000000000001 0 0
0.7800000000000001 0 0
0.7900000000000001 0 0
0.8000000000000002 0 0
0.8100000000000002 0 0
0.8200000000000002 0 0
0.8300000000000002 0 0
0.8400000000000002 0 0
0.8500000000000003 0 0
0.8600000000000003 0 0
0.8700000000000003 0 0
0.8800000000000003 0 0
0.8900000000000003 0 0
0.9000000000000004 0 0
0.9100000000000004 0 0
0.9200000000000004 0 0
0.9300000000000004 0 0
0.9400000000000004 0 0
0.9500000000000004 0 0
0.9600000000000003 0 0
0.9700000000000003 0 0
0.9800000000000003 0 0
0.9900000000000003 0 0
1 0 0
1.01 0 0
1.02 0 0
1.03 0 0
1.04 0 0
1.05 0 0
1.06 0 0
1.070000000000001 0 0
1.080000000000001 0 0
1.090000000000001 0 0
1.100000000000001 0 0
1.110000000000001 0 0
1.120000000000001 0 0
1.130000000000001 0 0
1.140000000000001 0 0
1.150000000000001 0 0
1.160000000000001 0 0
1.170000000000001 0 0
1.180000000000001 0 0
1.190000000000001 0 0
1.200000000000001 0 0
1.210000000000001 0 0
1.220000000000001 0 0
1.230000000000001 0 0
1.240000000000001 0 0
1.250000000000001 0 0
1.260000000000001 0 0
1.270000000000001 0 0
1.280000000000001 0 0
1.290000000000001 0 0
1.300000000000001 0 0
1.310000000000001 0 0
1.320000000000001 0 0
1.330000000000001 0 0
1.340000000000001 0 0
1.350000000000001 0 0
1.360000000000001 0 0
1.370000000000001 0 0
1.380000000000001 0 0
1.390000000000001 0 0
1.400000000000001 0 0
1.410000000000001 0 0
1.420000000000001 0 0
1.430000000000001 0 0
1.440000000000001 0 0
1.450000000000001 0 0
1.460000000000001 0 0
1.470000000000001 0 0
1.480000000000001 0 0
1.490000000000001 0 0
1.500000000000001 0 0
1.510000000000001 0 0
1.520000000000001 0 0
1.530000000000001 0 0
1.540000000000001 0 0
1.550000000000001 0 0
1.560000000000001 0 0
1.570000000000001 0 0
1.580000000000001 0 0
1.590000000000001 0 0
1.600000000000001 0 0
1.610000000000001 0 0
1.620000000000001 0 0
1.630000000000001 0 0
1.640000000000001 0 0
1.650000000000001 0 0
1.660000000000001 0 0
1.670000000000001 0 0
1.680000000000001 0 0
1.690000000000001 0 0
1.700000000000001 0 0
1.710000000000001 0 0
1.720000000000001 0 0
1.730000000000001 0 0
1.740000000000001 0 0
1.750000000000001 0 0
1.760000000000001 0 0
1.770000000000001 0 0
1.780000000000001 0 0
1.790000000000001 0 0
1.800000000000001 0 0
1.810000000000001 0 0
1.820000000000001 0 0
1.830000000000001 0 0
1.840000000000001 0 0
1.850000000000001 0 0
1.860000000000001 0 0
1.870000000000001 0 0
1.880000000000001 0 0
1.890000000000001 0 0
1.900000000000001 0 0
1.910000000000001 0 0
1.920000000000001 0 0
1.930000000000001 0 0
1.940000000000001 0 0
1.950000000000001 0 0
1.960000000000001 0 0
1.970000000000001 0 0
1.980000000000001 0 0
1.990000000000001 0 0
2.000000000000001 0 0
2.010000000000001 0 0
2.020000000000001 0 0
2.030000000000001 0 0
2.04 0 0
2.050000000000001 0 0
2.06 0 0
2.070000000000001 0 0
2.080000000000001 0 0
2.09 0 0
2.100000000000001 0 0
2.11 0 0
2.120000000000001 0 0
2.13 0 0
2.14 0 0
2.15 0 0
2.16 0 0
2.17 0 0
2.18 0 0
2.19 0 0
1 2 0 40
225
226
227
228
229
230
231
232
233
234
235
236
237
238
239
240
241
242
243
244
245
246
247
248
249
250
251
252
253
254
255
256
257
258
259
260
261
262
263
264
0 0.4 0
0 0.39 0
0 0.38 0
0 0.37 0
0 0.36 0
0 0.35 0
0 0.34 0
0 0.33 0
0 0.32 0
0 0.3099999999999999 0
0 0.2999999999999999 0
0 0.29 0
0 0.28 0
0 0.27 0
0 0.26 0
0 0.25 0
0 0.24 0
0 0.23 0
0 0.22 0
0 0.21 0
0 0.2 0
0 0.1899999999999999 0
0 0.1799999999999999 0
0 0.17 0
0 0.16 0
0 0.15 0
0 0.14 0
0 0.1299999999999999 0
0 0.1199999999999999 0
0 0.1099999999999999 0
0 0.09999999999999992 0
0 0.08999999999999997 0
0 0.07999999999999996 0
0 0.06999999999999995 0
0 0.06 0
0 0.04999999999999999 0
0 0.03999999999999992 0
0 0.02999999999999992 0
0 0.01999999999999996 0
0 0.009999999999999953 0
1 3 0 40
265
266
267
268
269
270
271
272
273
274
275
276
277
278
279
280
281
282
283
284
285
286
287
288
289
290
291
292
293
294
295
296
297
298
299
300
301
302
303
304
2.2 0.009999999999999998 0
2.2 0.02 0
2.2 0.02999999999999999 0
2.2 0.03999999999999999 0
2.2 0.05 0
2.2 0.05999999999999999 0
2.2 0.06999999999999999 0
2.2 0.08 0
2.2 0.09 0
2.2 0.1 0
2.2 0.11 0
2.2 0.12 0
2.2 0.13 0
2.2 0.14 0
2.2 0.15 0
2.2 0.16 0
2.2 0.17 0
2.2 0.18 0
2.2 0.19 0
2.2 0.2 0
2.2 0.21 0
2.2 0.22 0
2.2 0.23 0
2.2 0.24 0
2.2 0.25 0
2.2 0.26 0
2.2 0.27 0
2.2 0.28 0
2.2 0.29 0
2.2 0.3 0
2.2 0.3100000000000001 0
2.2 0.32 0
2.2 0.33 0
2.2 0.34 0
2.2 0.35 0
2.2 0.36 0
2.2 0.3700000000000001 0
2.2 0.3800000000000001 0
2.2 0.39 0
2.2 0.4 0
1 4 0 219
305
306
307
308
309
310
311
312
313
314
315
316
317
318
319
320
321
322
323
324
325
326
327
328
329
330
331
332
333
334
335
336
337
338
339
340
341
342
343
344
345
346
347
348
349
350
351
352
353
354
355
356
357
358
359
360
361
362
363
364
365
366
367
368
369
370
371
372
373
374
375
376
377
378
379
380
381
382
383
384
385
386
387
388
389
390
391
392
393
394
395
396
397
398
399
400
401
402
403
404
405
406
407
408
409
410
411
412
413
414
415
416
417
418
419
420
421
422
423
424
425
426
427
428
429
430
431
432
433
434
435
436
437
438
439
440
441
442
443
444
445
446
447
448
449
450
451
452
453
454
455
456
457
458
459
460
461
462
463
464
465
466
467
468
469
470
471
472
473
474
475
476
477
478
479
480
481
482
483
484
485
486
487
488
489
490
491
492
493
494
495
496
497
498
499
500
501
502
503
504
505
506
507
508
509
510
511
512
513
514
515
516
517
518
519
520
521
522
523
2.19 0.41 0
2.18 0.41 0
2.17 0.41 0
2.16 0.41 0
2.15 0.41 0
2.14 0.41 0
2.13 0.41 0
2.12 0.41 0
2.11 0.41 0
2.1 0.41 0
2.09 0.41 0
2.08 0.41 0
2.07 0.41 0
2.06 0.41 0
2.05 0.41 0
2.04 0.41 0
2.03 0.41 0
2.02 0.41 0
2.01 0.41 0
2 0.41 0
1.99 0.41 0
1.98 0.41 0
1.97 0.41 0
1.96 0.41 0
1.95 0.41 0
1.94 0.41 0
1.93 0.41 0
1.92 0.41 0
1.91 0.41 0
1.9 0.41 0
1.89 0.41 0
1.88 0.41 0
1.87 0.41 0
1.86 0.41 0
1.85 0.41 0
1.84 0.41 0
1.83 0.41 0
1.82 0.41 0
1.81 0.41 0
1.8 0.41 0
1.79 0.41 0
1.78 0.41 0
1.77 0.41 0
1.76 0.41 0
1.75 0.41 0
1.74 0.41 0
1.73 0.41 0
1.72 0.41 0
1.71 0.41 0
1.7 0.41 0
1.69 0.41 0
1.68 0.41 0
1.67 0.41 0
1.66 0.41 0
1.65 0.41 0
1.64 0.41 0
1.63 0.41 0
1.62 0.41 0
1.61 0.41 0
1.6 0.41 0
1.59 0.41 0
1.58 0.41 0
1.57 0.41 0
1.56 0.41 0
1.55 0.41 0
1.54 0.41 0
1.53 0.41 0
1.52 0.41 0
1.51 0.41 0
1.5 0.41 0
1.49 0.41 0
1.48 0.41 0
1.47 0.41 0
1.46 0.41 0
1.45 0.41 0
1.44 0.41 0
1.43 0.41 0
1.42 0.41 0
1.41 0.41 0
1.4 0.41 0
1.39 0.41 0
1.38 0.41 0
1.37 0.41 0
1.36 0.41 0
1.35 0.41 0
1.34 0.41 0
1.33 0.41 0
1.32 0.41 0
1.31 0.41 0
1.3 0.41 0
1.29 0.41 0
1.28 0.41 0
1.27 0.41 0
1.26 0.41 0
1.25 0.41 0
1.24 0.41 0
1.23 0.41 0
1.22 0.41 0
1.21 0.41 0
1.2 0.41 0
1.19 0.41 0
1.18 0.41 0
1.17 0.41 0
1.16 0.41 0
1.15 0.41 0
1.14 0.41 0
1.13 0.41 0
1.12 0.41 0
1.11 0.41 0
1.1 0.41 0
1.09 0.41 0
1.08 0.41 0
1.07 0.41 0
1.06 0.41 0
1.05 0.41 0
1.04 0.41 0
1.03 0.41 0
1.02 0.41 0
1.01 0.41 0
0.9999999999999996 0.41 0
0.9899999999999995 0.41 0
0.9799999999999993 0.41 0
0.9699999999999993 0.41 0
0.9599999999999995 0.41 0
0.9499999999999995 0.41 0
0.9399999999999995 0.41 0
0.9299999999999993 0.41 0
0.9199999999999993 0.41 0
0.9099999999999993 0.41 0
0.8999999999999995 0.41 0
0.8899999999999995 0.41 0
0.8799999999999994 0.41 0
0.8699999999999994 0.41 0
0.8599999999999994 0.41 0
0.8499999999999992 0.41 0
0.8399999999999992 0.41 0
0.8299999999999994 0.41 0
0.8199999999999994 0.41 0
0.8099999999999994 0.41 0
0.7999999999999994 0.41 0
0.7899999999999994 0.41 0
0.7799999999999991 0.41 0
0.7699999999999991 0.41 0
0.7599999999999991 0.41 0
0.7499999999999993 0.41 0
0.7399999999999993 0.41 0
0.7299999999999993 0.41 0
0.7199999999999991 0.41 0
0.7099999999999991 0.41 0
0.6999999999999991 0.41 0
0.6899999999999991 0.41 0
0.6799999999999993 0.41 0
0.6699999999999993 0.41 0
0.6599999999999993 0.41 0
0.649999999999999 0.41 0
0.639999999999999 0.41 0
0.629999999999999 0.41 0
0.619999999999999 0.41 0
0.6099999999999992 0.41 0
0.5999999999999992 0.41 0
0.5899999999999992 0.41 0
0.5799999999999992 0.41 0
0.5699999999999994 0.41 0
0.5599999999999992 0.41 0
0.5499999999999992 0.41 0
0.5399999999999991 0.41 0
0.5299999999999991 0.41 0
0.5199999999999991 0.41 0
0.5099999999999991 0.41 0
0.4999999999999993 0.41 0
0.4899999999999993 0.41 0
0.4799999999999993 0.41 0
0.4699999999999993 0.41 0
0.4599999999999993 0.41 0
0.4499999999999993 0.41 0
0.4399999999999993 0.41 0
0.429999999999999 0.41 0
0.4199999999999993 0.41 0
0.4099999999999993 0.41 0
0.3999999999999992 0.41 0
0.3899999999999992 0.41 0
0.3799999999999992 0.41 0
0.3699999999999992 0.41 0
0.359999999999999 0.41 0
0.3499999999999992 0.41 0
0.3399999999999992 0.41 0
0.3299999999999992 0.41 0
0.3199999999999992 0.41 0
0.3099999999999992 0.41 0
0.2999999999999989 0.41 0
0.2899999999999989 0.41 0
0.2799999999999994 0.41 0
0.2699999999999994 0.41 0
0.2599999999999993 0.41 0
0.2499999999999996 0.41 0
0.2399999999999995 0.41 0
0.2299999999999995 0.41 0
0.2199999999999995 0.41 0
0.2099999999999995 0.41 0
0.1999999999999993 0.41 0
0.1899999999999995 0.41 0
0.1799999999999993 0.41 0
0.1699999999999995 0.41 0
0.1599999999999997 0.41 0
0.1499999999999995 0.41 0
0.1399999999999997 0.41 0
0.1299999999999994 0.41 0
0.1199999999999997 0.41 0
0.1099999999999999 0.41 0
0.09999999999999964 0.41 0
0.08999999999999986 0.41 0
0.07999999999999963 0.41 0
0.06999999999999984 0.41 0
0.06000000000000005 0.41 0
0.04999999999999982 0.41 0
0.04000000000000004 0.41 0
0.0299999999999998 0.41 0
0.02000000000000002 0.41 0
0.009999999999999787 0.41 0
1 5 0 31
524
525
526
527
528
529
530
531
532
533
534
535
536
537
538
539
540
541
542
543
544
545
546
547
548
549
550
551
552
553
554
0.2490392640201615 0.2097545161008064 0
0.2461939766255644 0.2191341716182545 0
0.2415734806151273 0.2277785116509801 0
0.2353553390593275 0.2353553390593273 0
0.2277785116509802 0.2415734806151272 0
0.2191341716182546 0.2461939766255643 0
0.2097545161008066 0.2490392640201615 0
0.2000000000000002 0.25 0
0.1902454838991938 0.2490392640201616 0
0.1808658283817458 0.2461939766255644 0
0.1722214883490201 0.2415734806151274 0
0.1646446609406728 0.2353553390593276 0
0.1584265193848729 0.2277785116509804 0
0.1538060233744358 0.2191341716182548 0
0.1509607359798386 0.2097545161008068 0
0.15 0.2000000000000004 0
0.1509607359798384 0.190245483899194 0
0.1538060233744355 0.1808658283817459 0
0.1584265193848726 0.1722214883490202 0
0.1646446609406724 0.1646446609406729 0
0.1722214883490196 0.1584265193848729 0
0.1808658283817453 0.1538060233744358 0
0.1902454838991934 0.1509607359798385 0
0.1999999999999998 0.15 0
0.2097545161008062 0.1509607359798384 0
0.2191341716182543 0.1538060233744356 0
0.22777851165098 0.1584265193848727 0
0.2353553390593273 0.1646446609406726 0
0.2415734806151272 0.1722214883490198 0
0.2461939766255643 0.1808658283817455 0
0.2490392640201615 0.1902454838991936 0
2 4 0 10208
555
556
557
558
559
560
561
562
563
564
565
566
567
568
569
570
571
572
573
574
575
576
577
578
579
580
581
582
583
584
585
586
587
588
589
590
591
592
593
594
595
596
597
598
599
600
601
602
603
604
605
606
607
608
609
610
611
612
613
614
615
616
617
618
619
620
621
622
623
624
625
626
627
628
629
630
631
632
633
634
635
636
637
638
639
640
641
642
643
644
645
646
647
648
649
650
651
652
653
654
655
656
657
658
659
660
661
662
663
664
665
666
667
668
669
670
671
672
673
674
675
676
677
678
679
680
681
682
683
684
685
686
687
688
689
690
691
692
693
694
695
696
697
698
699
700
701
702
703
704
705
706
707
708
709
710
711
712
713
714
715
716
717
718
719
720
721
722
723
724
725
726
727
728
729
730
731
732
733
734
735
736
737
738
739
740
741
742
743
744
745
746
747
748
749
750
751
752
753
754
755
756
757
758
759
760
761
762
763
764
765
766
767
768
769
770
771
772
773
774
775
776
777
778
779
780
781
782
783
784
785
786
787
788
789
790
791
792
793
794
795
796
797
798
799
800
801
802
803
804
805
806
807
808
809
810
811
812
813
814
815
816
817
818
819
820
821
822
823
824
825
826
827
828
829
830
831
832
833
834
835
836
837
838
839
840
841
842
843
844
845
846
847
848
849
850
851
852
853
854
855
856
857
858
859
860
861
862
863
864
865
866
867
868
869
870
871
872
873
874
875
876
877
878
879
880
881
882
883
884
885
886
887
888
889
890
891
892
893
894
895
896
897
898
899
900
901
902
903
904
905
906
907
908
909
910
911
912
913
914
915
916
917
918
919
920
921
922
923
924
925
926
927
928
929
930
931
932
933
934
935
936
937
938
939
940
941
942
943
944
945
946
947
948
949
950
951
952
953
954
955
956
957
958
959
960
961
962
963
964
965
966
967
968
969
970
971
972
973
974
975
976
977
978
979
980
981
982
983
984
985
986
987
988
989
990
991
992
993
994
995
996
997
998
999
1000
1001
1002
1003
1004
1005
1006
1007
1008
1009
1010
1011
1012
1013
1014
1015
1016
1017
1018
1019
1020
1021
1022
1023
1024
1025
1026
1027
1028
1029
1030
1031
1032
1033
1034
1035
1036
1037
1038
1039
1040
1041
1042
1043
1044
1045
1046
1047
1048
1049
1050
1051
1052
1053
1054
1055
1056
1057
1058
1059
1060
1061
1062
1063
1064
1065
1066
1067
1068
1069
1070
1071
1072
1073
1074
1075
1076
1077
1078
1079
1080
1081
1082
1083
1084
1085
1086
1087
1088
1089
1090
1091
1092
1093
1094
1095
1096
1097
1098
1099
1100
1101
1102
1103
1104
1105
1106
1107
1108
1109
1110
1111
1112
1113
1114
1115
1116
1117
1118
1119
1120
1121
1122
1123
1124
1125
1126
1127
1128
1129
1130
1131
1132
1133
1134
1135
1136
1137
1138
1139
1140
1141
1142
1143
1144
1145
1146
1147
1148
1149
1150
1151
1152
1153
1154
1155
1156
1157
1158
1159
1160
1161
1162
1163
1164
1165
1166
1167
1168
1169
1170
1171
1172
1173
1174
1175
1176
1177
1178
1179
1180
1181
1182
1183
1184
1185
1186
1187
1188
1189
1190
1191
1192
1193
1194
1195
1196
1197
1198
1199
1200
1201
1202
1203
1204
1205
1206
1207
1208
1209
1210
1211
1212
1213
1214
1215
1216
1217
1218
1219
1220
1221
1222
1223
1224
1225
1226
1227
1228
1229
1230
1231
1232
1233
1234
1235
1236
1237
1238
1239
1240
1241
1242
1243
1244
1245
1246
1247
1248
1249
1250
1251
1252
1253
1254
1255
1256
1257
1258
1259
1260
1261
1262
1263
1264
1265
1266
1267
1268
1269
1270
1271
1272
1273
1274
1275
1276
1277
1278
1279
1280
1281
1282
1283
1284
1285
1286
1287
1288
1289
1290
1291
1292
1293
1294
1295
1296
1297
1298
1299
1300
1301
1302
1303
1304
1305
1306
1307
1308
1309
1310
1311
1312
1313
1314
1315
1316
1317
1318
1319
1320
1321
1322
1323
1324
1325
1326
1327
1328
1329
1330
1331
1332
1333
1334
1335
1336
1337
1338
1339
1340
1341
1342
1343
1344
1345
1346
1347
1348
1349
1350
1351
1352
1353
1354
1355
1356
1357
1358
1359
1360
1361
1362
1363
1364
1365
1366
1367
1368
1369
1370
1371
1372
1373
1374
1375
1376
1377
1378
1379
1380
1381
1382
1383
1384
1385
1386
1387
1388
1389
1390
1391
1392
1393
1394
1395
1396
1397
1398
1399
1400
1401
1402
1403
1404
1405
1406
1407
1408
1409
1410
1411
1412
1413
1414
1415
1416
1417
1418
1419
1420
1421
1422
1423
1424
1425
1426
1427
1428
1429
1430
1431
1432
1433
1434
1435
1436
1437
1438
1439
1440
1441
1442
1443
1444
1445
1446
1447
1448
1449
1450
1451
1452
1453
1454
1455
1456
1457
1458
1459
1460
1461
1462
1463
1464
1465
1466
1467
1468
1469
1470
1471
1472
1473
1474
1475
1476
1477
1478
1479
1480
1481
1482
1483
1484
1485
1486
1487
1488
1489
1490
1491
1492
1493
1494
1495
1496
1497
1498
1499
1500
1501
1502
1503
1504
1505
1506
1507
1508
1509
1510
1511
1512
1513
1514
1515
1516
1517
1518
1519
1520
1521
1522
1523
1524
1525
1526
1527
1528
1529
1530
1531
1532
1533
1534
1535
1536
1537
1538
1539
1540
1541
1542
1543
1544
1545
1546
1547
1548
1549
1550
1551
1552
1553
1554
1555
1556
1557
1558
1559
1560
1561
1562
1563
1564
1565
1566
1567
1568
1569
1570
1571
1572
1573
1574
1575
1576
1577
1578
1579
1580
1581
1582
1583
1584
1585
1586
1587
1588
1589
1590
1591
1592
1593
1594
1595
1596
1597
1598
1599
1600
1601
1602
1603
1604
1605
1606
1607
1608
1609
1610
1611
1612
1613
1614
1615
1616
1617
1618
1619
1620
1621
1622
1623
1624
1625
1626
1627
1628
1629
1630
1631
1632
1633
1634
1635
1636
1637
1638
1639
1640
1641
1642
1643
1644
1645
1646
1647
1648
1649
1650
1651
1652
1653
1654
1655
1656
1657
1658
1659
1660
1661
1662
1663
1664
1665
1666
1667
1668
1669
1670
1671
1672
1673
1674
1675
1676
1677
1678
1679
1680
1681
1682
1683
1684
1685
1686
1687
1688
1689
1690
1691
1692
1693
1694
1695
1696
1697
1698
1699
1700
1701
1702
1703
1704
1705
1706
1707
1708
1709
1710
1711
1712
1713
1714
1715
1716
1717
1718
1719
1720
1721
1722
1723
1724
1725
1726
1727
1728
1729
1730
1731
1732
1733
1734
1735
1736
1737
1738
1739
1740
1741
1742
1743
1744
1745
1746
1747
1748
1749
1750
1751
1752
1753
1754
1755
1756
1757
1758
1759
1760
1761
1762
1763
1764
1765
1766
1767
1768
1769
1770
1771
1772
1773
1774
1775
1776
1777
1778
1779
1780
1781
1782
1783
1784
1785
1786
1787
1788
1789
1790
1791
1792
1793
1794
1795
1796
1797
1798
1799
1800
1801
1802
1803
1804
1805
1806
1807
1808
1809
1810
1811
1812
1813
1814
1815
1816
1817
1818
1819
1820
1821
1822
1823
1824
1825
1826
1827
1828
1829
1830
1831
1832
1833
1834
1835
1836
1837
1838
1839
1840
1841
1842
1843
1844
1845
1846
1847
1848
1849
1850
1851
1852
1853
1854
1855
1856
1857
1858
1859
1860
1861
1862
1863
1864
1865
1866
1867
1868
1869
1870
1871
1872
1873
1874
1875
1876
1877
1878
1879
1880
1881
1882
1883
1884
1885
1886
1887
1888
1889
1890
1891
1892
1893
1894
1895
1896
1897
1898
1899
1900
1901
1902
1903
1904
1905
1906
1907
1908
1909
1910
1911
1912
1913
1914
1915
1916
1917
1918
1919
1920
1921
1922
1923
1924
1925
1926
1927
1928
1929
1930
1931
1932
1933
1934
1935
1936
1937
1938
1939
1940
1941
1942
1943
1944
1945
1946
1947
1948
1949
1950
1951
1952
1953
1954
1955
1956
1957
1958
1959
1960
1961
1962
1963
1964
1965
1966
1967
1968
1969
1970
1971
1972
1973
1974
1975
1976
1977
1978
1979
1980
1981
1982
1983
1984
1985
1986
1987
1988
1989
1990
1991
1992
1993
1994
1995
1996
1997
1998
1999
2000
2001
2002
2003
2004
2005
2006
2007
2008
2009
2010
2011
2012
2013
2014
2015
2016
2017
2018
2019
2020
2021
2022
2023
2024
2025
2026
2027
2028
2029
2030
2031
2032
2033
2034
2035
2036
2037
2038
2039
2040
2041
2042
2043
2044
2045
2046
2047
2048
2049
2050
2051
2052
2053
2054
2055
2056
2057
2058
2059
2060
2061
2062
2063
2064
2065
2066
2067
2068
2069
2070
2071
2072
2073
2074
2075
2076
2077
2078
2079
2080
2081
2082
2083
2084
2085
2086
2087
2088
2089
2090
2091
2092
2093
2094
2095
2096
2097
2098
2099
2100
2101
2102
2103
2104
2105
2106
2107
2108
2109
2110
2111
2112
2113
2114
2115
2116
2117
2118
2119
2120
2121
2122
2123
2124
2125
2126
2127
2128
2129
2130
2131
2132
2133
2134
2135
2136
2137
2138
2139
2140
2141
2142
2143
2144
2145
2146
2147
2148
2149
2150
2151
2152
2153
2154
2155
2156
2157
2158
2159
2160
2161
2162
2163
2164
2165
2166
2167
2168
2169
2170
2171
2172
2173
2174
2175
2176
2177
2178
2179
2180
2181
2182
2183
2184
2185
2186
2187
2188
2189
2190
2191
2192
2193
2194
2195
2196
2197
2198
2199
2200
2201
2202
2203
2204
2205
2206
2207
2208
2209
2210
2211
2212
2213
2214
2215
2216
2217
2218
2219
2220
2221
2222
2223
2224
2225
2226
2227
2228
2229
2230
2231
2232
2233
2234
2235
2236
2237
2238
2239
2240
2241
2242
2243
2244
2245
2246
2247
2248
2249
2250
2251
2252
2253
2254
2255
2256
2257
2258
2259
2260
2261
2262
2263
2264
2265
2266
2267
2268
2269
2270
2271
2272
2273
2274
2275
2276
2277
2278
2279
2280
2281
2282
2283
2284
2285
2286
2287
2288
2289
2290
2291
2292
2293
2294
2295
2296
2297
2298
2299
2300
2301
2302
2303
2304
2305
2306
2307
2308
2309
2310
2311
2312
2313
2314
2315
2316
2317
2318
2319
2320
2321
2322
2323
2324
2325
2326
2327
2328
2329
2330
2331
2332
2333
2334
2335
2336
2337
2338
2339
2340
2341
2342
2343
2344
2345
2346
2347
2348
2349
2350
2351
2352
2353
2354
2355
2356
2357
2358
2359
2360
2361
2362
2363
2364
2365
2366
2367
2368
2369
2370
2371
2372
2373
2374
2375
2376
2377
2378
2379
2380
2381
2382
2383
2384
2385
2386
2387
2388
2389
2390
2391
2392
2393
2394
2395
2396
2397
2398
2399
2400
2401
2402
2403
2404
2405
2406
2407
2408
2409
2410
2411
2412
2413
2414
2415
2416
2417
2418
2419
2420
2421
2422
2423
2424
2425
2426
2427
2428
2429
2430
2431
2432
2433
2434
2435
2436
2437
2438
2439
2440
2441
2442
2443
2444
2445
2446
2447
2448
2449
2450
2451
2452
2453
2454
2455
2456
2457
2458
2459
2460
2461
2462
2463
2464
2465
2466
2467
2468
2469
2470
2471
2472
2473
2474
2475
2476
2477
2478
2479
2480
2481
2482
2483
2484
2485
2486
2487
2488
2489
2490
2491
2492
2493
2494
2495
2496
2497
2498
2499
2500
2501
2502
2503
2504
2505
2506
2507
2508
2509
2510
2511
2512
2513
2514
2515
2516
2517
2518
2519
2520
2521
2522
2523
2524
2525
2526
2527
2528
2529
2530
2531
2532
2533
2534
2535
2536
2537
2538
2539
2540
2541
2542
2543
2544
2545
2546
2547
2548
2549
2550
2551
2552
2553
2554
2555
2556
2557
2558
2559
2560
2561
2562
2563
2564
2565
2566
2567
2568
2569
2570
2571
2572
2573
2574
2575
2576
2577
2578
2579
2580
2581
2582
2583
2584
2585
2586
2587
2588
2589
2590
2591
2592
2593
2594
2595
2596
2597
2598
2599
2600
2601
2602
2603
2604
2605
2606
2607
2608
2609
2610
2611
2612
2613
2614
2615
2616
2617
2618
2619
2620
2621
2622
2623
2624
2625
2626
2627
2628
2629
2630
2631
2632
2633
2634
2635
2636
2637
2638
2639
2640
2641
2642
2643
2644
2645
2646
2647
2648
2649
2650
2651
2652
2653
2654
2655
2656
2657
2658
2659
2660
2661
2662
2663
2664
2665
2666
2667
2668
2669
2670
2671
2672
2673
2674
2675
2676
2677
2678
2679
2680
2681
2682
2683
2684
2685
2686
2687
2688
2689
2690
2691
2692
2693
2694
2695
2696
2697
2698
2699
2700
2701
2702
2703
2704
2705
2706
2707
2708
2709
2710
2711
2712
2713
2714
2715
2716
2717
2718
2719
2720
2721
2722
2723
2724
2725
2726
2727
2728
2729
2730
2731
2732
2733
2734
2735
2736
2737
2738
2739
2740
2741
2742
2743
2744
2745
2746
2747
2748
2749
2750
2751
2752
2753
2754
2755
2756
2757
2758
2759
2760
2761
2762
2763
2764
2765
2766
2767
2768
2769
2770
2771
2772
2773
2774
2775
2776
2777
2778
2779
2780
2781
2782
2783
2784
2785
2786
2787
2788
2789
2790
2791
2792
2793
2794
2795
2796
2797
2798
2799
2800
2801
2802
2803
2804
2805
2806
2807
2808
2809
2810
2811
2812
2813
2814
2815
2816
2817
2818
2819
2820
2821
2822
2823
2824
2825
2826
2827
2828
2829
2830
2831
2832
2833
2834
2835
2836
2837
2838
2839
2840
2841
2842
2843
2844
2845
2846
2847
2848
2849
2850
2851
2852
2853
2854
2855
2856
2857
2858
2859
2860
2861
2862
2863
2864
2865
2866
2867
2868
2869
2870
2871
2872
2873
2874
2875
2876
2877
2878
2879
2880
2881
2882
2883
2884
2885
2886
2887
2888
2889
2890
2891
2892
2893
2894
2895
2896
2897
2898
2899
2900
2901
2902
2903
2904
2905
2906
2907
2908
2909
2910
2911
2912
2913
2914
2915
2916
2917
2918
2919
2920
2921
2922
2923
2924
2925
2926
2927
2928
2929
2930
2931
2932
2933
2934
2935
2936
2937
2938
2939
2940
2941
2942
2943
2944
2945
2946
2947
2948
2949
2950
2951
2952
2953
2954
2955
2956
2957
2958
2959
2960
2961
2962
2963
2964
2965
2966
2967
2968
2969
2970
2971
2972
2973
2974
2975
2976
2977
2978
2979
2980
2981
2982
2983
2984
2985
2986
2987
2988
2989
2990
2991
2992
2993
2994
2995
2996
2997
2998
2999
3000
3001
3002
3003
3004
3005
3006
3007
3008
3009
3010
3011
3012
3013
3014
3015
3016
3017
3018
3019
3020
3021
3022
3023
3024
3025
3026
3027
3028
3029
3030
3031
3032
3033
3034
3035
3036
3037
3038
3039
3040
3041
3042
3043
3044
3045
3046
3047
3048
3049
3050
3051
3052
3053
3054
3055
3056
3057
3058
3059
3060
3061
3062
3063
3064
3065
3066
3067
3068
3069
3070
3071
3072
3073
3074
3075
3076
3077
3078
3079
3080
3081
3082
3083
3084
3085
3086
3087
3088
3089
3090
3091
3092
3093
3094
3095
3096
3097
3098
3099
3100
3101
3102
3103
3104
3105
3106
3107
3108
3109
3110
3111
3112
3113
3114
3115
3116
3117
3118
3119
3120
3121
3122
3123
3124
3125
3126
3127
3128
3129
3130
3131
3132
3133
3134
3135
3136
3137
3138
3139
3140
3141
3142
3143
3144
3145
3146
3147
3148
3149
3150
3151
3152
3153
3154
3155
3156
3157
3158
3159
3160
3161
3162
3163
3164
3165
3166
3167
3168
3169
3170
3171
3172
3173
3174
3175
3176
3177
3178
3179
3180
3181
3182
3183
3184
3185
3186
3187
3188
3189
3190
3191
3192
3193
3194
3195
3196
3197
3198
3199
3200
3201
3202
3203
3204
3205
3206
3207
3208
3209
3210
3211
3212
3213
3214
3215
3216
3217
3218
3219
3220
3221
3222
3223
3224
3225
3226
3227
3228
3229
3230
3231
3232
3233
3234
3235
3236
3237
3238
3239
3240
3241
3242
3243
3244
3245
3246
3247
3248
3249
3250
3251
3252
3253
3254
3255
3256
3257
3258
3259
3260
3261
3262
3263
3264
3265
3266
3267
3268
3269
3270
3271
3272
3273
3274
3275
3276
3277
3278
3279
3280
3281
3282
3283
3284
3285
3286
3287
3288
3289
3290
3291
3292
3293
3294
3295
3296
3297
3298
3299
3300
3301
3302
3303
3304
3305
3306
3307
3308
3309
3310
3311
3312
3313
3314
3315
3316
3317
3318
3319
3320
3321
3322
3323
3324
3325
3326
3327
3328
3329
3330
3331
3332
3333
3334
3335
3336
3337
3338
3339
3340
3341
3342
3343
3344
3345
3346
3347
3348
3349
3350
3351
3352
3353
3354
3355
3356
3357
3358
3359
3360
3361
3362
3363
3364
3365
3366
3367
3368
3369
3370
3371
3372
3373
3374
3375
3376
3377
3378
3379
3380
3381
3382
3383
3384
3385
3386
3387
3388
3389
3390
3391
3392
3393
3394
3395
3396
3397
3398
3399
3400
3401
3402
3403
3404
3405
3406
3407
3408
3409
3410
3411
3412
3413
3414
3415
3416
3417
3418
3419
3420
3421
3422
3423
3424
3425
3426
3427
3428
3429
3430
3431
3432
3433
3434
3435
3436
3437
3438
3439
3440
3441
3442
3443
3444
3445
3446
3447
3448
3449
3450
3451
3452
3453
3454
3455
3456
3457
3458
3459
3460
3461
3462
3463
3464
3465
3466
3467
3468
3469
3470
3471
3472
3473
3474
3475
3476
3477
3478
3479
3480
3481
3482
3483
3484
3485
3486
3487
3488
3489
3490
3491
3492
3493
3494
3495
3496
3497
3498
3499
3500
3501
3502
3503
3504
3505
3506
3507
3508
3509
3510
3511
3512
3513
3514
3515
3516
3517
3518
3519
3520
3521
3522
3523
3524
3525
3526
3527
3528
3529
3530
3531
3532
3533
3534
3535
3536
3537
3538
3539
3540
3541
3542
3543
3544
3545
3546
3547
3548
3549
3550
3551
3552
3553
3554
3555
3556
3557
3558
3559
3560
3561
3562
3563
3564
3565
3566
3567
3568
3569
3570
3571
3572
3573
3574
3575
3576
3577
3578
3579
3580
3581
3582
3583
3584
3585
3586
3587
3588
3589
3590
3591
3592
3593
3594
3595
3596
3597
3598
3599
3600
3601
3602
3603
3604
3605
3606
3607
3608
3609
3610
3611
3612
3613
3614
3615
3616
3617
3618
3619
3620
3621
3622
3623
3624
3625
3626
3627
3628
3629
3630
3631
3632
3633
3634
3635
3636
3637
3638
3639
3640
3641
3642
3643
3644
3645
3646
3647
3648
3649
3650
3651
3652
3653
3654
3655
3656
3657
3658
3659
3660
3661
3662
3663
3664
3665
3666
3667
3668
3669
3670
3671
3672
3673
3674
3675
3676
3677
3678
3679
3680
3681
3682
3683
3684
3685
3686
3687
3688
3689
3690
3691
3692
3693
3694
3695
3696
3697
3698
3699
3700
3701
3702
3703
3704
3705
3706
3707
3708
3709
3710
3711
3712
3713
3714
3715
3716
3717
3718
3719
3720
3721
3722
3723
3724
3725
3726
3727
3728
3729
3730
3731
3732
3733
3734
3735
3736
3737
3738
3739
3740
3741
3742
3743
3744
3745
3746
3747
3748
3749
3750
3751
3752
3753
3754
3755
3756
3757
3758
3759
3760
3761
3762
3763
3764
3765
3766
3767
3768
3769
3770
3771
3772
3773
3774
3775
3776
3777
3778
3779
3780
3781
3782
3783
3784
3785
3786
3787
3788
3789
3790
3791
3792
3793
3794
3795
3796
3797
3798
3799
3800
3801
3802
3803
3804
3805
3806
3807
3808
3809
3810
3811
3812
3813
3814
3815
3816
3817
3818
3819
3820
3821
3822
3823
3824
3825
3826
3827
3828
3829
3830
3831
3832
3833
3834
3835
3836
3837
3838
3839
3840
3841
3842
3843
3844
3845
3846
3847
3848
3849
3850
3851
3852
3853
3854
3855
3856
3857
3858
3859
3860
3861
3862
3863
3864
3865
3866
3867
3868
3869
3870
3871
3872
3873
3874
3875
3876
3877
3878
3879
3880
3881
3882
3883
3884
3885
3886
3887
3888
3889
3890
3891
3892
3893
3894
3895
3896
3897
3898
3899
3900
3901
3902
3903
3904
3905
3906
3907
3908
3909
3910
3911
3912
3913
3914
3915
3916
3917
3918
3919
3920
3921
3922
3923
3924
3925
3926
3927
3928
3929
3930
3931
3932
3933
3934
3935
3936
3937
3938
3939
3940
3941
3942
3943
3944
3945
3946
3947
3948
3949
3950
3951
3952
3953
3954
3955
3956
3957
3958
3959
3960
3961
3962
3963
3964
3965
3966
3967
3968
3969
3970
3971
3972
3973
3974
3975
3976
3977
3978
3979
3980
3981
3982
3983
3984
3985
3986
3987
3988
3989
3990
3991
3992
3993
3994
3995
3996
3997
3998
3999
4000
4001
4002
4003
4004
4005
4006
4007
4008
4009
4010
4011
4012
4013
4014
4015
4016
4017
4018
4019
4020
4021
4022
4023
4024
4025
4026
4027
4028
4029
4030
4031
4032
4033
4034
4035
4036
4037
4038
4039
4040
4041
4042
4043
4044
4045
4046
4047
4048
4049
4050
4051
4052
4053
4054
4055
4056
4057
4058
4059
4060
4061
4062
4063
4064
4065
4066
4067
4068
4069
4070
4071
4072
4073
4074
4075
4076
4077
4078
4079
4080
4081
4082
4083
4084
4085
4086
4087
4088
4089
4090
4091
4092
4093
4094
4095
4096
4097
4098
4099
4100
4101
4102
4103
4104
4105
4106
4107
4108
4109
4110
4111
4112
4113
4114
4115
4116
4117
4118
4119
4120
4121
4122
4123
4124
4125
4126
4127
4128
4129
4130
4131
4132
4133
4134
4135
4136
4137
4138
4139
4140
4141
4142
4143
4144
4145
4146
4147
4148
4149
4150
4151
4152
4153
4154
4155
4156
4157
4158
4159
4160
4161
4162
4163
4164
4165
4166
4167
4168
4169
4170
4171
4172
4173
4174
4175
4176
4177
4178
4179
4180
4181
4182
4183
4184
4185
4186
4187
4188
4189
4190
4191
4192
4193
4194
4195
4196
4197
4198
4199
4200
4201
4202
4203
4204
4205
4206
4207
4208
4209
4210
4211
4212
4213
4214
4215
4216
4217
4218
4219
4220
4221
4222
4223
4224
4225
4226
4227
4228
4229
4230
4231
4232
4233
4234
4235
4236
4237
4238
4239
4240
4241
4242
4243
4244
4245
4246
4247
4248
4249
4250
4251
4252
4253
4254
4255
4256
4257
4258
4259
4260
4261
4262
4263
4264
4265
4266
4267
4268
4269
4270
4271
4272
4273
4274
4275
4276
4277
4278
4279
4280
4281
4282
4283
4284
4285
4286
4287
4288
4289
4290
4291
4292
4293
4294
4295
4296
4297
4298
4299
4300
4301
4302
4303
4304
4305
4306
4307
4308
4309
4310
4311
4312
4313
4314
4315
4316
4317
4318
4319
4320
4321
4322
4323
4324
4325
4326
4327
4328
4329
4330
4331
4332
4333
4334
4335
4336
4337
4338
4339
4340
4341
4342
4343
4344
4345
4346
4347
4348
4349
4350
4351
4352
4353
4354
4355
4356
4357
4358
4359
4360
4361
4362
4363
4364
4365
4366
4367
4368
4369
4370
4371
4372
4373
4374
4375
4376
4377
4378
4379
4380
4381
4382
4383
4384
4385
4386
4387
4388
4389
4390
4391
4392
4393
4394
4395
4396
4397
4398
4399
4400
4401
4402
4403
4404
4405
4406
4407
4408
4409
4410
4411
4412
4413
4414
4415
4416
4417
4418
4419
4420
4421
4422
4423
4424
4425
4426
4427
4428
4429
4430
4431
4432
4433
4434
4435
4436
4437
4438
4439
4440
4441
4442
4443
4444
4445
4446
4447
4448
4449
4450
4451
4452
4453
4454
4455
4456
4457
4458
4459
4460
4461
4462
4463
4464
4465
4466
4467
4468
4469
4470
4471
4472
4473
4474
4475
4476
4477
4478
4479
4480
4481
4482
4483
4484
4485
4486
4487
4488
4489
4490
4491
4492
4493
4494
4495
4496
4497
4498
4499
4500
4501
4502
4503
4504
4505
4506
4507
4508
4509
4510
4511
4512
4513
4514
4515
4516
4517
4518
4519
4520
4521
4522
4523
4524
4525
4526
4527
4528
4529
4530
4531
4532
4533
4534
4535
4536
4537
4538
4539
4540
4541
4542
4543
4544
4545
4546
4547
4548
4549
4550
4551
4552
4553
4554
4555
4556
4557
4558
4559
4560
4561
4562
4563
4564
4565
4566
4567
4568
4569
4570
4571
4572
4573
4574
4575
4576
4577
4578
4579
4580
4581
4582
4583
4584
4585
4586
4587
4588
4589
4590
4591
4592
4593
4594
4595
4596
4597
4598
4599
4600
4601
4602
4603
4604
4605
4606
4607
4608
4609
4610
4611
4612
4613
4614
4615
4616
4617
4618
4619
4620
4621
4622
4623
4624
4625
4626
4627
4628
4629
4630
4631
4632
4633
4634
4635
4636
4637
4638
4639
4640
4641
4642
4643
4644
4645
4646
4647
4648
4649
4650
4651
4652
4653
4654
4655
4656
4657
4658
4659
4660
4661
4662
4663
4664
4665
4666
4667
4668
4669
4670
4671
4672
4673
4674
4675
4676
4677
4678
4679
4680
4681
4682
4683
4684
4685
4686
4687
4688
4689
4690
4691
4692
4693
4694
4695
4696
4697
4698
4699
4700
4701
4702
4703
4704
4705
4706
4707
4708
4709
4710
4711
4712
4713
4714
4715
4716
4717
4718
4719
4720
4721
4722
4723
4724
4725
4726
4727
4728
4729
4730
4731
4732
4733
4734
4735
4736
4737
4738
4739
4740
4741
4742
4743
4744
4745
4746
4747
4748
4749
4750
4751
4752
4753
4754
4755
4756
4757
4758
4759
4760
4761
4762
4763
4764
4765
4766
4767
4768
4769
4770
4771
4772
4773
4774
4775
4776
4777
4778
4779
4780
4781
4782
4783
4784
4785
4786
4787
4788
4789
4790
4791
4792
4793
4794
4795
4796
4797
4798
4799
4800
4801
4802
4803
4804
4805
4806
4807
4808
4809
4810
4811
4812
4813
4814
4815
4816
4817
4818
4819
4820
4821
4822
4823
4824
4825
4826
4827
4828
4829
4830
4831
4832
4833
4834
4835
4836
4837
4838
4839
4840
4841
4842
4843
4844
4845
4846
4847
4848
4849
4850
4851
4852
4853
4854
4855
4856
4857
4858
4859
4860
4861
4862
4863
4864
4865
4866
4867
4868
4869
4870
4871
4872
4873
4874
4875
4876
4877
4878
4879
4880
4881
4882
4883
4884
4885
4886
4887
4888
4889
4890
4891
4892
4893
4894
4895
4896
4897
4898
4899
4900
4901
4902
4903
4904
4905
4906
4907
4908
4909
4910
4911
4912
4913
4914
4915
4916
4917
4918
4919
4920
4921
4922
4923
4924
4925
4926
4927
4928
4929
4930
4931
4932
4933
4934
4935
4936
4937
4938
4939
4940
4941
4942
4943
4944
4945
4946
4947
4948
4949
4950
4951
4952
4953
4954
4955
4956
4957
4958
4959
4960
4961
4962
4963
4964
4965
4966
4967
4968
4969
4970
4971
4972
4973
4974
4975
4976
4977
4978
4979
4980
4981
4982
4983
4984
4985
4986
4987
4988
4989
4990
4991
4992
4993
4994
4995
4996
4997
4998
4999
5000
5001
5002
5003
5004
5005
5006
5007
5008
5009
5010
5011
5012
5013
5014
5015
5016
5017
5018
5019
5020
5021
5022
5023
5024
5025
5026
5027
5028
5029
5030
5031
5032
5033
5034
5035
5036
5037
5038
5039
5040
5041
5042
5043
5044
5045
5046
5047
5048
5049
5050
5051
5052
5053
5054
5055
5056
5057
5058
5059
5060
5061
5062
5063
5064
5065
5066
5067
5068
5069
5070
5071
5072
5073
5074
5075
5076
5077
5078
5079
5080
5081
5082
5083
5084
5085
5086
5087
5088
5089
5090
5091
5092
5093
5094
5095
5096
5097
5098
5099
5100
5101
5102
5103
5104
5105
5106
5107
5108
5109
5110
5111
5112
5113
5114
5115
5116
5117
5118
5119
5120
5121
5122
5123
5124
5125
5126
5127
5128
5129
5130
5131
5132
5133
5134
5135
5136
5137
5138
5139
5140
5141
5142
5143
5144
5145
5146
5147
5148
5149
5150
5151
5152
5153
5154
5155
5156
5157
5158
5159
5160
5161
5162
5163
5164
5165
5166
5167
5168
5169
5170
5171
5172
5173
5174
5175
5176
5177
5178
5179
5180
5181
5182
5183
5184
5185
5186
5187
5188
5189
5190
5191
5192
5193
5194
5195
5196
5197
5198
5199
5200
5201
5202
5203
5204
5205
5206
5207
5208
5209
5210
5211
5212
5213
5214
5215
5216
5217
5218
5219
5220
5221
5222
5223
5224
5225
5226
5227
5228
5229
5230
5231
5232
5233
5234
5235
5236
5237
5238
5239
5240
5241
5242
5243
5244
5245
5246
5247
5248
5249
5250
5251
5252
5253
5254
5255
5256
5257
5258
5259
5260
5261
5262
5263
5264
5265
5266
5267
5268
5269
5270
5271
5272
5273
5274
5275
5276
5277
5278
5279
5280
5281
5282
5283
5284
5285
5286
5287
5288
5289
5290
5291
5292
5293
5294
5295
5296
5297
5298
5299
5300
5301
5302
5303
5304
5305
5306
5307
5308
5309
5310
5311
5312
5313
5314
5315
5316
5317
5318
5319
5320
5321
5322
5323
5324
5325
5326
5327
5328
5329
5330
5331
5332
5333
5334
5335
5336
5337
5338
5339
5340
5341
5342
5343
5344
5345
5346
5347
5348
5349
5350
5351
5352
5353
5354
5355
5356
5357
5358
5359
5360
5361
5362
5363
5364
5365
5366
5367
5368
5369
5370
5371
5372
5373
5374
5375
5376
5377
5378
5379
5380
5381
5382
5383
5384
5385
5386
5387
5388
5389
5390
5391
5392
5393
5394
5395
5396
5397
5398
5399
5400
5401
5402
5403
5404
5405
5406
5407
5408
5409
5410
5411
5412
5413
5414
5415
5416
5417
5418
5419
5420
5421
5422
5423
5424
5425
5426
5427
5428
5429
5430
5431
5432
5433
5434
5435
5436
5437
5438
5439
5440
5441
5442
5443
5444
5445
5446
5447
5448
5449
5450
5451
5452
5453
5454
5455
5456
5457
5458
5459
5460
5461
5462
5463
5464
5465
5466
5467
5468
5469
5470
5471
5472
5473
5474
5475
5476
5477
5478
5479
5480
5481
5482
5483
5484
5485
5486
5487
5488
5489
5490
5491
5492
5493
5494
5495
5496
5497
5498
5499
5500
5501
5502
5503
5504
5505
5506
5507
5508
5509
5510
5511
5512
5513
5514
5515
5516
5517
5518
5519
5520
5521
5522
5523
5524
5525
5526
5527
5528
5529
5530
5531
5532
5533
5534
5535
5536
5537
5538
5539
5540
5541
5542
5543
5544
5545
5546
5547
5548
5549
5550
5551
5552
5553
5554
5555
5556
5557
5558
5559
5560
5561
5562
5563
5564
5565
5566
5567
5568
5569
5570
5571
5572
5573
5574
5575
5576
5577
5578
5579
5580
5581
5582
5583
5584
5585
5586
5587
5588
5589
5590
5591
5592
5593
5594
5595
5596
5597
5598
5599
5600
5601
5602
5603
5604
5605
5606
5607
5608
5609
5610
5611
5612
5613
5614
5615
5616
5617
5618
5619
5620
5621
5622
5623
5624
5625
5626
5627
5628
5629
5630
5631
5632
5633
5634
5635
5636
5637
5638
5639
5640
5641
5642
5643
5644
5645
5646
5647
5648
5649
5650
5651
5652
5653
5654
5655
5656
5657
5658
5659
5660
5661
5662
5663
5664
5665
5666
5667
5668
5669
5670
5671
5672
5673
5674
5675
5676
5677
5678
5679
5680
5681
5682
5683
5684
5685
5686
5687
5688
5689
5690
5691
5692
5693
5694
5695
5696
5697
5698
5699
5700
5701
5702
5703
5704
5705
5706
5707
5708
5709
5710
5711
5712
5713
5714
5715
5716
5717
5718
5719
5720
5721
5722
5723
5724
5725
5726
5727
5728
5729
5730
5731
5732
5733
5734
5735
5736
5737
5738
5739
5740
5741
5742
5743
5744
5745
5746
5747
5748
5749
5750
5751
5752
5753
5754
5755
5756
5757
5758
5759
5760
5761
5762
5763
5764
5765
5766
5767
5768
5769
5770
5771
5772
5773
5774
5775
5776
5777
5778
5779
5780
5781
5782
5783
5784
5785
5786
5787
5788
5789
5790
5791
5792
5793
5794
5795
5796
5797
5798
5799
5800
5801
5802
5803
5804
5805
5806
5807
5808
5809
5810
5811
5812
5813
5814
5815
5816
5817
5818
5819
5820
5821
5822
5823
5824
5825
5826
5827
5828
5829
5830
5831
5832
5833
5834
5835
5836
5837
5838
5839
5840
5841
5842
5843
5844
5845
5846
5847
5848
5849
5850
5851
5852
5853
5854
5855
5856
5857
5858
5859
5860
5861
5862
5863
5864
5865
5866
5867
5868
5869
5870
5871
5872
5873
5874
5875
5876
5877
5878
5879
5880
5881
5882
5883
5884
5885
5886
5887
5888
5889
5890
5891
5892
5893
5894
5895
5896
5897
5898
5899
5900
5901
5902
5903
5904
5905
5906
5907
5908
5909
5910
5911
5912
5913
5914
5915
5916
5917
5918
5919
5920
5921
5922
5923
5924
5925
5926
5927
5928
5929
5930
5931
5932
5933
5934
5935
5936
5937
5938
5939
5940
5941
5942
5943
5944
5945
5946
5947
5948
5949
5950
5951
5952
5953
5954
5955
5956
5957
5958
5959
5960
5961
5962
5963
5964
5965
5966
5967
5968
5969
5970
5971
5972
5973
5974
5975
5976
5977
5978
5979
5980
5981
5982
5983
5984
5985
5986
5987
5988
5989
5990
5991
5992
5993
5994
5995
5996
5997
5998
5999
6000
6001
6002
6003
6004
6005
6006
6007
6008
6009
6010
6011
6012
6013
6014
6015
6016
6017
6018
6019
6020
6021
6022
6023
6024
6025
6026
6027
6028
6029
6030
6031
6032
6033
6034
6035
6036
6037
6038
6039
6040
6041
6042
6043
6044
6045
6046
6047
6048
6049
6050
6051
6052
6053
6054
6055
6056
6057
6058
6059
6060
6061
6062
6063
6064
6065
6066
6067
6068
6069
6070
6071
6072
6073
6074
6075
6076
6077
6078
6079
6080
6081
6082
6083
6084
6085
6086
6087
6088
6089
6090
6091
6092
6093
6094
6095
6096
6097
6098
6099
6100
6101
6102
6103
6104
6105
6106
6107
6108
6109
6110
6111
6112
6113
6114
6115
6116
6117
6118
6119
6120
6121
6122
6123
6124
6125
6126
6127
6128
6129
6130
6131
6132
6133
6134
6135
6136
6137
6138
6139
6140
6141
6142
6143
6144
6145
6146
6147
6148
6149
6150
6151
6152
6153
6154
6155
6156
6157
6158
6159
6160
6161
6162
6163
6164
6165
6166
6167
6168
6169
6170
6171
6172
6173
6174
6175
6176
6177
6178
6179
6180
6181
6182
6183
6184
6185
6186
6187
6188
6189
6190
6191
6192
6193
6194
6195
6196
6197
6198
6199
6200
6201
6202
6203
6204
6205
6206
6207
6208
6209
6210
6211
6212
6213
6214
6215
6216
6217
6218
6219
6220
6221
6222
6223
6224
6225
6226
6227
6228
6229
6230
6231
6232
6233
6234
6235
6236
6237
6238
6239
6240
6241
6242
6243
6244
6245
6246
6247
6248
6249
6250
6251
6252
6253
6254
6255
6256
6257
6258
6259
6260
6261
6262
6263
6264
6265
6266
6267
6268
6269
6270
6271
6272
6273
6274
6275
6276
6277
6278
6279
6280
6281
6282
6283
6284
6285
6286
6287
6288
6289
6290
6291
6292
6293
6294
6295
6296
6297
6298
6299
6300
6301
6302
6303
6304
6305
6306
6307
6308
6309
6310
6311
6312
6313
6314
6315
6316
6317
6318
6319
6320
6321
6322
6323
6324
6325
6326
6327
6328
6329
6330
6331
6332
6333
6334
6335
6336
6337
6338
6339
6340
6341
6342
6343
6344
6345
6346
6347
6348
6349
6350
6351
6352
6353
6354
6355
6356
6357
6358
6359
6360
6361
6362
6363
6364
6365
6366
6367
6368
6369
6370
6371
6372
6373
6374
6375
6376
6377
6378
6379
6380
6381
6382
6383
6384
6385
6386
6387
6388
6389
6390
6391
6392
6393
6394
6395
6396
6397
6398
6399
6400
6401
6402
6403
6404
6405
6406
6407
6408
6409
6410
6411
6412
6413
6414
6415
6416
6417
6418
6419
6420
6421
6422
6423
6424
6425
6426
6427
6428
6429
6430
6431
6432
6433
6434
6435
6436
6437
6438
6439
6440
6441
6442
6443
6444
6445
6446
6447
6448
6449
6450
6451
6452
6453
6454
6455
6456
6457
6458
6459
6460
6461
6462
6463
6464
6465
6466
6467
6468
6469
6470
6471
6472
6473
6474
6475
6476
6477
6478
6479
6480
6481
6482
6483
6484
6485
6486
6487
6488
6489
6490
6491
6492
6493
6494
6495
6496
6497
6498
6499
6500
6501
6502
6503
6504
6505
6506
6507
6508
6509
6510
6511
6512
6513
6514
6515
6516
6517
6518
6519
6520
6521
6522
6523
6524
6525
6526
6527
6528
6529
6530
6531
6532
6533
6534
6535
6536
6537
6538
6539
6540
6541
6542
6543
6544
6545
6546
6547
6548
6549
6550
6551
6552
6553
6554
6555
6556
6557
6558
6559
6560
6561
6562
6563
6564
6565
6566
6567
6568
6569
6570
6571
6572
6573
6574
6575
6576
6577
6578
6579
6580
6581
6582
6583
6584
6585
6586
6587
6588
6589
6590
6591
6592
6593
6594
6595
6596
6597
6598
6599
6600
6601
6602
6603
6604
6605
6606
6607
6608
6609
6610
6611
6612
6613
6614
6615
6616
6617
6618
6619
6620
6621
6622
6623
6624
6625
6626
6627
6628
6629
6630
6631
6632
6633
6634
6635
6636
6637
6638
6639
6640
6641
6642
6643
6644
6645
6646
6647
6648
6649
6650
6651
6652
6653
6654
6655
6656
6657
6658
6659
6660
6661
6662
6663
6664
6665
6666
6667
6668
6669
6670
6671
6672
6673
6674
6675
6676
6677
6678
6679
6680
6681
6682
6683
6684
6685
6686
6687
6688
6689
6690
6691
6692
6693
6694
6695
6696
6697
6698
6699
6700
6701
6702
6703
6704
6705
6706
6707
6708
6709
6710
6711
6712
6713
6714
6715
6716
6717
6718
6719
6720
6721
6722
6723
6724
6725
6726
6727
6728
6729
6730
6731
6732
6733
6734
6735
6736
6737
6738
6739
6740
6741
6742
6743
6744
6745
6746
6747
6748
6749
6750
6751
6752
6753
6754
6755
6756
6757
6758
6759
6760
6761
6762
6763
6764
6765
6766
6767
6768
6769
6770
6771
6772
6773
6774
6775
6776
6777
6778
6779
6780
6781
6782
6783
6784
6785
6786
6787
6788
6789
6790
6791
6792
6793
6794
6795
6796
6797
6798
6799
6800
6801
6802
6803
6804
6805
6806
6807
6808
6809
6810
6811
6812
6813
6814
6815
6816
6817
6818
6819
6820
6821
6822
6823
6824
6825
6826
6827
6828
6829
6830
6831
6832
6833
6834
6835
6836
6837
6838
6839
6840
6841
6842
6843
6844
6845
6846
6847
6848
6849
6850
6851
6852
6853
6854
6855
6856
6857
6858
6859
6860
6861
6862
6863
6864
6865
6866
6867
6868
6869
6870
6871
6872
6873
6874
6875
6876
6877
6878
6879
6880
6881
6882
6883
6884
6885
6886
6887
6888
6889
6890
6891
6892
6893
6894
6895
6896
6897
6898
6899
6900
6901
6902
6903
6904
6905
6906
6907
6908
6909
6910
6911
6912
6913
6914
6915
6916
6917
6918
6919
6920
6921
6922
6923
6924
6925
6926
6927
6928
6929
6930
6931
6932
6933
6934
6935
6936
6937
6938
6939
6940
6941
6942
6943
6944
6945
6946
6947
6948
6949
6950
6951
6952
6953
6954
6955
6956
6957
6958
6959
6960
6961
6962
6963
6964
6965
6966
6967
6968
6969
6970
6971
6972
6973
6974
6975
6976
6977
6978
6979
6980
6981
6982
6983
6984
6985
6986
6987
6988
6989
6990
6991
6992
6993
6994
6995
6996
6997
6998
6999
7000
7001
7002
7003
7004
7005
7006
7007
7008
7009
7010
7011
7012
7013
7014
7015
7016
7017
7018
7019
7020
7021
7022
7023
7024
7025
7026
7027
7028
7029
7030
7031
7032
7033
7034
7035
7036
7037
7038
7039
7040
7041
7042
7043
7044
7045
7046
7047
7048
7049
7050
7051
7052
7053
7054
7055
7056
7057
7058
7059
7060
7061
7062
7063
7064
7065
7066
7067
7068
7069
7070
7071
7072
7073
7074
7075
7076
7077
7078
7079
7080
7081
7082
7083
7084
7085
7086
7087
7088
7089
7090
7091
7092
7093
7094
7095
7096
7097
7098
7099
7100
7101
7102
7103
7104
7105
7106
7107
7108
7109
7110
7111
7112
7113
7114
7115
7116
7117
7118
7119
7120
7121
7122
7123
7124
7125
7126
7127
7128
7129
7130
7131
7132
7133
7134
7135
7136
7137
7138
7139
7140
7141
7142
7143
7144
7145
7146
7147
7148
7149
7150
7151
7152
7153
7154
7155
7156
7157
7158
7159
7160
7161
7162
7163
7164
7165
7166
7167
7168
7169
7170
7171
7172
7173
7174
7175
7176
7177
7178
7179
7180
7181
7182
7183
7184
7185
7186
7187
7188
7189
7190
7191
7192
7193
7194
7195
7196
7197
7198
7199
7200
7201
7202
7203
7204
7205
7206
7207
7208
7209
7210
7211
7212
7213
7214
7215
7216
7217
7218
7219
7220
7221
7222
7223
7224
7225
7226
7227
7228
7229
7230
7231
7232
7233
7234
7235
7236
7237
7238
7239
7240
7241
7242
7243
7244
7245
7246
7247
7248
7249
7250
7251
7252
7253
7254
7255
7256
7257
7258
7259
7260
7261
7262
7263
7264
7265
7266
7267
7268
7269
7270
7271
7272
7273
7274
7275
7276
7277
7278
7279
7280
7281
7282
7283
7284
7285
7286
7287
7288
7289
7290
7291
7292
7293
7294
7295
7296
7297
7298
7299
7300
7301
7302
7303
7304
7305
7306
7307
7308
7309
7310
7311
7312
7313
7314
7315
7316
7317
7318
7319
7320
7321
7322
7323
7324
7325
7326
7327
7328
7329
7330
7331
7332
7333
7334
7335
7336
7337
7338
7339
7340
7341
7342
7343
7344
7345
7346
7347
7348
7349
7350
7351
7352
7353
7354
7355
7356
7357
7358
7359
7360
7361
7362
7363
7364
7365
7366
7367
7368
7369
7370
7371
7372
7373
7374
7375
7376
7377
7378
7379
7380
7381
7382
7383
7384
7385
7386
7387
7388
7389
7390
7391
7392
7393
7394
7395
7396
7397
7398
7399
7400
7401
7402
7403
7404
7405
7406
7407
7408
7409
7410
7411
7412
7413
7414
7415
7416
7417
7418
7419
7420
7421
7422
7423
7424
7425
7426
7427
7428
7429
7430
7431
7432
7433
7434
7435
7436
7437
7438
7439
7440
7441
7442
7443
7444
7445
7446
7447
7448
7449
7450
7451
7452
7453
7454
7455
7456
7457
7458
7459
7460
7461
7462
7463
7464
7465
7466
7467
7468
7469
7470
7471
7472
7473
7474
7475
7476
7477
7478
7479
7480
7481
7482
7483
7484
7485
7486
7487
7488
7489
7490
7491
7492
7493
7494
7495
7496
7497
7498
7499
7500
7501
7502
7503
7504
7505
7506
7507
7508
7509
7510
7511
7512
7513
7514
7515
7516
7517
7518
7519
7520
7521
7522
7523
7524
7525
7526
7527
7528
7529
7530
7531
7532
7533
7534
7535
7536
7537
7538
7539
7540
7541
7542
7543
7544
7545
7546
7547
7548
7549
7550
7551
7552
7553
7554
7555
7556
7557
7558
7559
7560
7561
7562
7563
7564
7565
7566
7567
7568
7569
7570
7571
7572
7573
7574
7575
7576
7577
7578
7579
7580
7581
7582
7583
7584
7585
7586
7587
7588
7589
7590
7591
7592
7593
7594
7595
7596
7597
7598
7599
7600
7601
7602
7603
7604
7605
7606
7607
7608
7609
7610
7611
7612
7613
7614
7615
7616
7617
7618
7619
7620
7621
7622
7623
7624
7625
7626
7627
7628
7629
7630
7631
7632
7633
7634
7635
7636
7637
7638
7639
7640
7641
7642
7643
7644
7645
7646
7647
7648
7649
7650
7651
7652
7653
7654
7655
7656
7657
7658
7659
7660
7661
7662
7663
7664
7665
7666
7667
7668
7669
7670
7671
7672
7673
7674
7675
7676
7677
7678
7679
7680
7681
7682
7683
7684
7685
7686
7687
7688
7689
7690
7691
7692
7693
7694
7695
7696
7697
7698
7699
7700
7701
7702
7703
7704
7705
7706
7707
7708
7709
7710
7711
7712
7713
7714
7715
7716
7717
7718
7719
7720
7721
7722
7723
7724
7725
7726
7727
7728
7729
7730
7731
7732
7733
7734
7735
7736
7737
7738
7739
7740
7741
7742
7743
7744
7745
7746
7747
7748
7749
7750
7751
7752
7753
7754
7755
7756
7757
7758
7759
7760
7761
7762
7763
7764
7765
7766
7767
7768
7769
7770
7771
7772
7773
7774
7775
7776
7777
7778
7779
7780
7781
7782
7783
7784
7785
7786
7787
7788
7789
7790
7791
7792
7793
7794
7795
7796
7797
7798
7799
7800
7801
7802
7803
7804
7805
7806
7807
7808
7809
7810
7811
7812
7813
7814
7815
7816
7817
7818
7819
7820
7821
7822
7823
7824
7825
7826
7827
7828
7829
7830
7831
7832
7833
7834
7835
7836
7837
7838
7839
7840
7841
7842
7843
7844
7845
7846
7847
7848
7849
7850
7851
7852
7853
7854
7855
7856
7857
7858
7859
7860
7861
7862
7863
7864
7865
7866
7867
7868
7869
7870
7871
7872
7873
7874
7875
7876
7877
7878
7879
7880
7881
7882
7883
7884
7885
7886
7887
7888
7889
7890
7891
7892
7893
7894
7895
7896
7897
7898
7899
7900
7901
7902
7903
7904
7905
7906
7907
7908
7909
7910
7911
7912
7913
7914
7915
7916
7917
7918
7919
7920
7921
7922
7923
7924
7925
7926
7927
7928
7929
7930
7931
7932
7933
7934
7935
7936
7937
7938
7939
7940
7941
7942
7943
7944
7945
7946
7947
7948
7949
7950
7951
7952
7953
7954
7955
7956
7957
7958
7959
7960
7961
7962
7963
7964
7965
7966
7967
7968
7969
7970
7971
7972
7973
7974
7975
7976
7977
7978
7979
7980
7981
7982
7983
7984
7985
7986
7987
7988
7989
7990
7991
7992
7993
7994
7995
7996
7997
7998
7999
8000
8001
8002
8003
8004
8005
8006
8007
8008
8009
8010
8011
8012
8013
8014
8015
8016
8017
8018
8019
8020
8021
8022
8023
8024
8025
8026
8027
8028
8029
8030
8031
8032
8033
8034
8035
8036
8037
8038
8039
8040
8041
8042
8043
8044
8045
8046
8047
8048
8049
8050
8051
8052
8053
8054
8055
8056
8057
8058
8059
8060
8061
8062
8063
8064
8065
8066
8067
8068
8069
8070
8071
8072
8073
8074
8075
8076
8077
8078
8079
8080
8081
8082
8083
8084
8085
8086
8087
8088
8089
8090
8091
8092
8093
8094
8095
8096
8097
8098
8099
8100
8101
8102
8103
8104
8105
8106
8107
8108
8109
8110
8111
8112
8113
8114
8115
8116
8117
8118
8119
8120
8121
8122
8123
8124
8125
8126
8127
8128
8129
8130
8131
8132
8133
8134
8135
8136
8137
8138
8139
8140
8141
8142
8143
8144
8145
8146
8147
8148
8149
8150
8151
8152
8153
8154
8155
8156
8157
8158
8159
8160
8161
8162
8163
8164
8165
8166
8167
8168
8169
8170
8171
8172
8173
8174
8175
8176
8177
8178
8179
8180
8181
8182
8183
8184
8185
8186
8187
8188
8189
8190
8191
8192
8193
8194
8195
8196
8197
8198
8199
8200
8201
8202
8203
8204
8205
8206
8207
8208
8209
8210
8211
8212
8213
8214
8215
8216
8217
8218
8219
8220
8221
8222
8223
8224
8225
8226
8227
8228
8229
8230
8231
8232
8233
8234
8235
8236
8237
8238
8239
8240
8241
8242
8243
8244
8245
8246
8247
8248
8249
8250
8251
8252
8253
8254
8255
8256
8257
8258
8259
8260
8261
8262
8263
8264
8265
8266
8267
8268
8269
8270
8271
8272
8273
8274
8275
8276
8277
8278
8279
8280
8281
8282
8283
8284
8285
8286
8287
8288
8289
8290
8291
8292
8293
8294
8295
8296
8297
8298
8299
8300
8301
8302
8303
8304
8305
8306
8307
8308
8309
8310
8311
8312
8313
8314
8315
8316
8317
8318
8319
8320
8321
8322
8323
8324
8325
8326
8327
8328
8329
8330
8331
8332
8333
8334
8335
8336
8337
8338
8339
8340
8341
8342
8343
8344
8345
8346
8347
8348
8349
8350
8351
8352
8353
8354
8355
8356
8357
8358
8359
8360
8361
8362
8363
8364
8365
8366
8367
8368
8369
8370
8371
8372
8373
8374
8375
8376
8377
8378
8379
8380
8381
8382
8383
8384
8385
8386
8387
8388
8389
8390
8391
8392
8393
8394
8395
8396
8397
8398
8399
8400
8401
8402
8403
8404
8405
8406
8407
8408
8409
8410
8411
8412
8413
8414
8415
8416
8417
8418
8419
8420
8421
8422
8423
8424
8425
8426
8427
8428
8429
8430
8431
8432
8433
8434
8435
8436
8437
8438
8439
8440
8441
8442
8443
8444
8445
8446
8447
8448
8449
8450
8451
8452
8453
8454
8455
8456
8457
8458
8459
8460
8461
8462
8463
8464
8465
8466
8467
8468
8469
8470
8471
8472
8473
8474
8475
8476
8477
8478
8479
8480
8481
8482
8483
8484
8485
8486
8487
8488
8489
8490
8491
8492
8493
8494
8495
8496
8497
8498
8499
8500
8501
8502
8503
8504
8505
8506
8507
8508
8509
8510
8511
8512
8513
8514
8515
8516
8517
8518
8519
8520
8521
8522
8523
8524
8525
8526
8527
8528
8529
8530
8531
8532
8533
8534
8535
8536
8537
8538
8539
8540
8541
8542
8543
8544
8545
8546
8547
8548
8549
8550
8551
8552
8553
8554
8555
8556
8557
8558
8559
8560
8561
8562
8563
8564
8565
8566
8567
8568
8569
8570
8571
8572
8573
8574
8575
8576
8577
8578
8579
8580
8581
8582
8583
8584
8585
8586
8587
8588
8589
8590
8591
8592
8593
8594
8595
8596
8597
8598
8599
8600
8601
8602
8603
8604
8605
8606
8607
8608
8609
8610
8611
8612
8613
8614
8615
8616
8617
8618
8619
8620
8621
8622
8623
8624
8625
8626
8627
8628
8629
8630
8631
8632
8633
8634
8635
8636
8637
8638
8639
8640
8641
8642
8643
8644
8645
8646
8647
8648
8649
8650
8651
8652
8653
8654
8655
8656
8657
8658
8659
8660
8661
8662
8663
8664
8665
8666
8667
8668
8669
8670
8671
8672
8673
8674
8675
8676
8677
8678
8679
8680
8681
8682
8683
8684
8685
8686
8687
8688
8689
8690
8691
8692
8693
8694
8695
8696
8697
8698
8699
8700
8701
8702
8703
8704
8705
8706
8707
8708
8709
8710
8711
8712
8713
8714
8715
8716
8717
8718
8719
8720
8721
8722
8723
8724
8725
8726
8727
8728
8729
8730
8731
8732
8733
8734
8735
8736
8737
8738
8739
8740
8741
8742
8743
8744
8745
8746
8747
8748
8749
8750
8751
8752
8753
8754
8755
8756
8757
8758
8759
8760
8761
8762
8763
8764
8765
8766
8767
8768
8769
8770
8771
8772
8773
8774
8775
8776
8777
8778
8779
8780
8781
8782
8783
8784
8785
8786
8787
8788
8789
8790
8791
8792
8793
8794
8795
8796
8797
8798
8799
8800
8801
8802
8803
8804
8805
8806
8807
8808
8809
8810
8811
8812
8813
8814
8815
8816
8817
8818
8819
8820
8821
8822
8823
8824
8825
8826
8827
8828
8829
8830
8831
8832
8833
8834
8835
8836
8837
8838
8839
8840
8841
8842
8843
8844
8845
8846
8847
8848
8849
8850
8851
8852
8853
8854
8855
8856
8857
8858
8859
8860
8861
8862
8863
8864
8865
8866
8867
8868
8869
8870
8871
8872
8873
8874
8875
8876
8877
8878
8879
8880
8881
8882
8883
8884
8885
8886
8887
8888
8889
8890
8891
8892
8893
8894
8895
8896
8897
8898
8899
8900
8901
8902
8903
8904
8905
8906
8907
8908
8909
8910
8911
8912
8913
8914
8915
8916
8917
8918
8919
8920
8921
8922
8923
8924
8925
8926
8927
8928
8929
8930
8931
8932
8933
8934
8935
8936
8937
8938
8939
8940
8941
8942
8943
8944
8945
8946
8947
8948
8949
8950
8951
8952
8953
8954
8955
8956
8957
8958
8959
8960
8961
8962
8963
8964
8965
8966
8967
8968
8969
8970
8971
8972
8973
8974
8975
8976
8977
8978
8979
8980
8981
8982
8983
8984
8985
8986
8987
8988
8989
8990
8991
8992
8993
8994
8995
8996
8997
8998
8999
9000
9001
9002
9003
9004
9005
9006
9007
9008
9009
9010
9011
9012
9013
9014
9015
9016
9017
9018
9019
9020
9021
9022
9023
9024
9025
9026
9027
9028
9029
9030
9031
9032
9033
9034
9035
9036
9037
9038
9039
9040
9041
9042
9043
9044
9045
9046
9047
9048
9049
9050
9051
9052
9053
9054
9055
9056
9057
9058
9059
9060
9061
9062
9063
9064
9065
9066
9067
9068
9069
9070
9071
9072
9073
9074
9075
9076
9077
9078
9079
9080
9081
9082
9083
9084
9085
9086
9087
9088
9089
9090
9091
9092
9093
9094
9095
9096
9097
9098
9099
9100
9101
9102
9103
9104
9105
9106
9107
9108
9109
9110
9111
9112
9113
9114
9115
9116
9117
9118
9119
9120
9121
9122
9123
9124
9125
9126
9127
9128
9129
9130
9131
9132
9133
9134
9135
9136
9137
9138
9139
9140
9141
9142
9143
9144
9145
9146
9147
9148
9149
9150
9151
9152
9153
9154
9155
9156
9157
9158
9159
9160
9161
9162
9163
9164
9165
9166
9167
9168
9169
9170
9171
9172
9173
9174
9175
9176
9177
9178
9179
9180
9181
9182
9183
9184
9185
9186
9187
9188
9189
9190
9191
9192
9193
9194
9195
9196
9197
9198
9199
9200
9201
9202
9203
9204
9205
9206
9207
9208
9209
9210
9211
9212
9213
9214
9215
9216
9217
9218
9219
9220
9221
9222
9223
9224
9225
9226
9227
9228
9229
9230
9231
9232
9233
9234
9235
9236
9237
9238
9239
9240
9241
9242
9243
9244
9245
9246
9247
9248
9249
9250
9251
9252
9253
9254
9255
9256
9257
9258
9259
9260
9261
9262
9263
9264
9265
9266
9267
9268
9269
9270
9271
9272
9273
9274
9275
9276
9277
9278
9279
9280
9281
9282
9283
9284
9285
9286
9287
9288
9289
9290
9291
9292
9293
9294
9295
9296
9297
9298
9299
9300
9301
9302
9303
9304
9305
9306
9307
9308
9309
9310
9311
9312
9313
9314
9315
9316
9317
9318
9319
9320
9321
9322
9323
9324
9325
9326
9327
9328
9329
9330
9331
9332
9333
9334
9335
9336
9337
9338
9339
9340
9341
9342
9343
9344
9345
9346
9347
9348
9349
9350
9351
9352
9353
9354
9355
9356
9357
9358
9359
9360
9361
9362
9363
9364
9365
9366
9367
9368
9369
9370
9371
9372
9373
9374
9375
9376
9377
9378
9379
9380
9381
9382
9383
9384
9385
9386
9387
9388
9389
9390
9391
9392
9393
9394
9395
9396
9397
9398
9399
9400
9401
9402
9403
9404
9405
9406
9407
9408
9409
9410
9411
9412
9413
9414
9415
9416
9417
9418
9419
9420
9421
9422
9423
9424
9425
9426
9427
9428
9429
9430
9431
9432
9433
9434
9435
9436
9437
9438
9439
9440
9441
9442
9443
9444
9445
9446
9447
9448
9449
9450
9451
9452
9453
9454
9455
9456
9457
9458
9459
9460
9461
9462
9463
9464
9465
9466
9467
9468
9469
9470
9471
9472
9473
9474
9475
9476
9477
9478
9479
9480
9481
9482
9483
9484
9485
9486
9487
9488
9489
9490
9491
9492
9493
9494
9495
9496
9497
9498
9499
9500
9501
9502
9503
9504
9505
9506
9507
9508
9509
9510
9511
9512
9513
9514
9515
9516
9517
9518
9519
9520
9521
9522
9523
9524
9525
9526
9527
9528
9529
9530
9531
9532
9533
9534
9535
9536
9537
9538
9539
9540
9541
9542
9543
9544
9545
9546
9547
9548
9549
9550
9551
9552
9553
9554
9555
9556
9557
9558
9559
9560
9561
9562
9563
9564
9565
9566
9567
9568
9569
9570
9571
9572
9573
9574
9575
9576
9577
9578
9579
9580
9581
9582
9583
9584
9585
9586
9587
9588
9589
9590
9591
9592
9593
9594
9595
9596
9597
9598
9599
9600
9601
9602
9603
9604
9605
9606
9607
9608
9609
9610
9611
9612
9613
9614
9615
9616
9617
9618
9619
9620
9621
9622
9623
9624
9625
9626
9627
9628
9629
9630
9631
9632
9633
9634
9635
9636
9637
9638
9639
9640
9641
9642
9643
9644
9645
9646
9647
9648
9649
9650
9651
9652
9653
9654
9655
9656
9657
9658
9659
9660
9661
9662
9663
9664
9665
9666
9667
9668
9669
9670
9671
9672
9673
9674
9675
9676
9677
9678
9679
9680
9681
9682
9683
9684
9685
9686
9687
9688
9689
9690
9691
9692
9693
9694
9695
9696
9697
9698
9699
9700
9701
9702
9703
9704
9705
9706
9707
9708
9709
9710
9711
9712
9713
9714
9715
9716
9717
9718
9719
9720
9721
9722
9723
9724
9725
9726
9727
9728
9729
9730
9731
9732
9733
9734
9735
9736
9737
9738
9739
9740
9741
9742
9743
9744
9745
9746
9747
9748
9749
9750
9751
9752
9753
9754
9755
9756
9757
9758
9759
9760
9761
9762
9763
9764
9765
9766
9767
9768
9769
9770
9771
9772
9773
9774
9775
9776
9777
9778
9779
9780
9781
9782
9783
9784
9785
9786
9787
9788
9789
9790
9791
9792
9793
9794
9795
9796
9797
9798
9799
9800
9801
9802
9803
9804
9805
9806
9807
9808
9809
9810
9811
9812
9813
9814
9815
9816
9817
9818
9819
9820
9821
9822
9823
9824
9825
9826
9827
9828
9829
9830
9831
9832
9833
9834
9835
9836
9837
9838
9839
9840
9841
9842
9843
9844
9845
9846
9847
9848
9849
9850
9851
9852
9853
9854
9855
9856
9857
9858
9859
9860
9861
9862
9863
9864
9865
9866
9867
9868
9869
9870
9871
9872
9873
9874
9875
9876
9877
9878
9879
9880
9881
9882
9883
9884
9885
9886
9887
9888
9889
9890
9891
9892
9893
9894
9895
9896
9897
9898
9899
9900
9901
9902
9903
9904
9905
9906
9907
9908
9909
9910
9911
9912
9913
9914
9915
9916
9917
9918
9919
9920
9921
9922
9923
9924
9925
9926
9927
9928
9929
9930
9931
9932
9933
9934
9935
9936
9937
9938
9939
9940
9941
9942
9943
9944
9945
9946
9947
9948
9949
9950
9951
9952
9953
9954
9955
9956
9957
9958
9959
9960
9961
9962
9963
9964
9965
9966
9967
9968
9969
9970
9971
9972
9973
9974
9975
9976
9977
9978
9979
9980
9981
9982
9983
9984
9985
9986
9987
9988
9989
9990
9991
9992
9993
9994
9995
9996
9997
9998
9999
10000
10001
10002
10003
10004
10005
10006
10007
10008
10009
10010
10011
10012
10013
10014
10015
10016
10017
10018
10019
10020
10021
10022
10023
10024
10025
10026
10027
10028
10029
10030
10031
10032
10033
10034
10035
10036
10037
10038
10039
10040
10041
10042
10043
10044
10045
10046
10047
10048
10049
10050
10051
10052
10053
10054
10055
10056
10057
10058
10059
10060
10061
10062
10063
10064
10065
10066
10067
10068
10069
10070
10071
10072
10073
10074
10075
10076
10077
10078
10079
10080
10081
10082
10083
10084
10085
10086
10087
10088
10089
10090
10091
10092
10093
10094
10095
10096
10097
10098
10099
10100
10101
10102
10103
10104
10105
10106
10107
10108
10109
10110
10111
10112
10113
10114
10115
10116
10117
10118
10119
10120
10121
10122
10123
10124
10125
10126
10127
10128
10129
10130
10131
10132
10133
10134
10135
10136
10137
10138
10139
10140
10141
10142
10143
10144
10145
10146
10147
10148
10149
10150
10151
10152
10153
10154
10155
10156
10157
10158
10159
10160
10161
10162
10163
10164
10165
10166
10167
10168
10169
10170
10171
10172
10173
10174
10175
10176
10177
10178
10179
10180
10181
10182
10183
10184
10185
10186
10187
10188
10189
10190
10191
10192
10193
10194
10195
10196
10197
10198
10199
10200
10201
10202
10203
10204
10205
10206
10207
10208
10209
10210
10211
10212
10213
10214
10215
10216
10217
10218
10219
10220
10221
10222
10223
10224
10225
10226
10227
10228
10229
10230
10231
10232
10233
10234
10235
10236
10237
10238
10239
10240
10241
10242
10243
10244
10245
10246
10247
10248
10249
10250
10251
10252
10253
10254
10255
10256
10257
10258
10259
10260
10261
10262
10263
10264
10265
10266
10267
10268
10269
10270
10271
10272
10273
10274
10275
10276
10277
10278
10279
10280
10281
10282
10283
10284
10285
10286
10287
10288
10289
10290
10291
10292
10293
10294
10295
10296
10297
10298
10299
10300
10301
10302
10303
10304
10305
10306
10307
10308
10309
10310
10311
10312
10313
10314
10315
10316
10317
10318
10319
10320
10321
10322
10323
10324
10325
10326
10327
10328
10329
10330
10331
10332
10333
10334
10335
10336
10337
10338
10339
10340
10341
10342
10343
10344
10345
10346
10347
10348
10349
10350
10351
10352
10353
10354
10355
10356
10357
10358
10359
10360
10361
10362
10363
10364
10365
10366
10367
10368
10369
10370
10371
10372
10373
10374
10375
10376
10377
10378
10379
10380
10381
10382
10383
10384
10385
10386
10387
10388
10389
10390
10391
10392
10393
10394
10395
10396
10397
10398
10399
10400
10401
10402
10403
10404
10405
10406
10407
10408
10409
10410
10411
10412
10413
10414
10415
10416
10417
10418
10419
10420
10421
10422
10423
10424
10425
10426
10427
10428
10429
10430
10431
10432
10433
10434
10435
10436
10437
10438
10439
10440
10441
10442
10443
10444
10445
10446
10447
10448
10449
10450
10451
10452
10453
10454
10455
10456
10457
10458
10459
10460
10461
10462
10463
10464
10465
10466
10467
10468
10469
10470
10471
10472
10473
10474
10475
10476
10477
10478
10479
10480
10481
10482
10483
10484
10485
10486
10487
10488
10489
10490
10491
10492
10493
10494
10495
10496
10497
10498
10499
10500
10501
10502
10503
10504
10505
10506
10507
10508
10509
10510
10511
10512
10513
10514
10515
10516
10517
10518
10519
10520
10521
10522
10523
10524
10525
10526
10527
10528
10529
10530
10531
10532
10533
10534
10535
10536
10537
10538
10539
10540
10541
10542
10543
10544
10545
10546
10547
10548
10549
10550
10551
10552
10553
10554
10555
10556
10557
10558
10559
10560
10561
10562
10563
10564
10565
10566
10567
10568
10569
10570
10571
10572
10573
10574
10575
10576
10577
10578
10579
10580
10581
10582
10583
10584
10585
10586
10587
10588
10589
10590
10591
10592
10593
10594
10595
10596
10597
10598
10599
10600
10601
10602
10603
10604
10605
10606
10607
10608
10609
10610
10611
10612
10613
10614
10615
10616
10617
10618
10619
10620
10621
10622
10623
10624
10625
10626
10627
10628
10629
10630
10631
10632
10633
10634
10635
10636
10637
10638
10639
10640
10641
10642
10643
10644
10645
10646
10647
10648
10649
10650
10651
10652
10653
10654
10655
10656
10657
10658
10659
10660
10661
10662
10663
10664
10665
10666
10667
10668
10669
10670
10671
10672
10673
10674
10675
10676
10677
10678
10679
10680
10681
10682
10683
10684
10685
10686
10687
10688
10689
10690
10691
10692
10693
10694
10695
10696
10697
10698
10699
10700
10701
10702
10703
10704
10705
10706
10707
10708
10709
10710
10711
10712
10713
10714
10715
10716
10717
10718
10719
10720
10721
10722
10723
10724
10725
10726
10727
10728
10729
10730
10731
10732
10733
10734
10735
10736
10737
10738
10739
10740
10741
10742
10743
10744
10745
10746
10747
10748
10749
10750
10751
10752
10753
10754
10755
10756
10757
10758
10759
10760
10761
10762
0.4559533450404119 0.008894133153866335 0
1.915064509608264 0.008027375126306885 0
1.445309869278262 0.401518649073374 0
1.23568347491735 0.008385367450133158 0
1.364654788627888 0.009231399941423968 0
0.9649999999999994 0.4013397459621558 0
0.5747976625024391 0.4020176863811085 0
1.705000000162074 0.4013397458375781 0
1.994946816260551 0.4022229308193781 0
0.6851226860802052 0.4014105788035888 0
0.7549999999999994 0.4014427289634272 0
0.8347694731195068 0.401472845225794 0
0.9060681028991814 0.4008983979400518 0
1.294464852423819 0.00839018744957451 0
1.515000000000001 0.008660254037844206 0
1.585000000000001 0.008660254037844206 0
1.775159165573058 0.008494855979588878 0
1.844919181506671 0.007809325417324736 0
0.5149982396568679 0.4016795756078675 0
1.645792024966305 0.4016518006664354 0
1.024050904483819 0.00887559848595712 0
1.08455816212805 0.008130495767370377 0
1.145 0.008302888200077102 0
0.6247235483507713 0.008500644603744417 0
1.194976372183689 0.4011993408616141 0
0.7949999381119961 0.008564817516331091 0
1.886231262560666 0.4000077999022033 0
1.335 0.4013397459621556 0
1.814900982310335 0.4018829814751764 0
0.7143650244842098 0.009942553657545039 0
0.8652089948696132 0.007904407584585355 0
1.55644844796391 0.4008587633050232 0
0.9350000000000004 0.008394087590822025 0
1.265334673333697 0.4015719696229509 0
0.5448606242979397 0.007473327260031831 0
1.674653607416415 0.008460264169091319 0
1.115027049717242 0.4012563635193668 0
1.055392154918011 0.401462070726787 0
1.424999999801327 0.008660253831524217 0
1.97500000000914 0.008660254038932891 0
0.4541250626738886 0.4009956015060458 0
2.191339745960128 0.2049999999889378 0
0.2576942329157608 0.205143721104683 0
2.034999999984019 0.008521607377089041 0
0.3956746877378613 0.008394896693692894 0
0.3957323019747564 0.4015151968818433 0
1.494842069507937 0.402129685972916 0
1.395000000157426 0.4013397460890773 0
2.045476631990408 0.4013227848329704 0
1.945 0.4013397459621558 0
0.6362526996436794 0.4005883631879683 0
1.765281990805797 0.4001303249526719 0
2.191818717236352 0.1544470317709476 0
1.724956138324913 0.008064691614965397 0
2.191339745963193 0.2549999999982084 0
0.2517562029270439 0.1727776986155624 0
0.3449974589046201 0.4013433890115061 0
2.084999999998682 0.008660254036853582 0
0.3449943092118301 0.008659472049998396 0
0.2448778186039267 0.2380339616175507 0
2.094155504170429 0.4017467568580372 0
0.1038919816653173 0.4017838761270667 0
2.191716087278052 0.1044374148232729 0
0.00834683993078178 0.3052644460888934 0
2.191980767634289 0.305212024245805 0
0.304999480060855 0.4017411989582612 0
0.4950000221713906 0.008268889062513635 0
1.005455083355296 0.4013144924688941 0
0.7949999999999992 0.401653738541408 0
1.195000000000001 0.0086602540378444 0
1.624637780138326 0.008944289919587872 0
1.474999999886643 0.008660253972397197 0
1.593944871925556 0.4009350215969036 0
0.5857730050947212 0.008220653492472696 0
0.6754534121378954 0.008070082700774001 0
0.7550000000000001 0.0086602540378444 0
0.9852619949917359 0.007991473244973596 0
1.154902572786238 0.4013959955902473 0
0.3059668211448476 0.00951918870795751 0
0.008660254037844428 0.09499999999999995 0
0.1049999333085228 0.008361248735105881 0
0.1638401206031838 0.2451102013290411 0
0.1552884793225028 0.163306191935444 0
0.2655008605674891 0.4016958231706725 0
0.2654081160771566 0.008446741556448423 0
0.1452690089947993 0.4000517204974781 0
0.008883443551495063 0.2651184954934344 0
0.2171062677274513 0.2554885229053335 0
0.1448156863698224 0.009224160759977423 0
0.1849397530028047 0.4013751735240649 0
0.008442530876737298 0.1350000024476464 0
0.2278328136575037 0.1493233446201445 0
0.2249958729679896 0.4013417396529613 0
0.1448293413036015 0.2167271916238408 0
0.008521654761359798 0.1750000026562693 0
0.1935383086350025 0.1410207551244148 0
0.2249955524056486 0.008658101102814814 0
2.126341951008016 0.009978082962688761 0
0.008660254037844428 0.225 0
0.1844026978452139 0.009014041625851815 0
2.135000000006209 0.4013397459572413 0
0.06560667848564705 0.401684933209865 0
0.06500035104377244 0.008661211737283625 0
0.1826525188105772 0.2549592899288927 0
0.1725421914422591 0.1486300533123633 0
0.1432426281279929 0.183959128660753 0
2.190922757251391 0.06437270994912586 0
0.008607256585663636 0.3449069692841844 0
2.19089885385002 0.3445916791354061 0
0.4248631333073039 0.007852320401754431 0
0.4251161168057462 0.401671712734978 0
0.008392079988164713 0.0645359829575291 0
0.4849966887973098 0.4022281256615137 0
1.886075169759996 0.008687028795903329 0
1.814912821962412 0.009474584395282953 0
1.334955375411448 0.008176335371065463 0
0.8649999819432375 0.4013397502418332 0
2.004999999996962 0.00866025403459772 0
0.545000047246187 0.4015224610516603 0
1.265376169219201 0.008410810165083354 0
1.545000000000001 0.00822506654379887 0
0.9352777100346256 0.4018571831099005 0
0.7250000151669325 0.4013706056243523 0
1.67530278250967 0.4014366134664821 0
1.395394743459077 0.008176135443525578 0
1.224975692031284 0.4020668804673667 0
1.945401082835275 0.008428688765785092 0
1.855208665063301 0.4016145344776342 0
1.306088195016502 0.400230744537536 0
1.36500000114565 0.4017305404861733 0
0.8346729813776579 0.006710658577305351 0
0.603883844744123 0.4009012653670751 0
1.914336756023365 0.4006535396535295 0
0.8943820118932605 0.008190157393428515 0
1.734999999999999 0.4017446035158683 0
1.085494772218549 0.4017942640862473 0
1.525229561696451 0.4014722835082083 0
1.05361246767863 0.008605617509066188 0
1.113879726416152 0.00945542734138069 0
2.154404135597177 0.00846153522877921 0
0.03461553750947122 0.4013305993529468 0
2.191445264184503 0.3760517498230792 0
0.03490713191710104 0.008887683899288568 0
2.191398240662196 0.0348986842075566 0
0.008660123904838724 0.0350004889313468 0
0.008353596105996619 0.3755002835528661 0
2.165000000000274 0.4013397459623155 0
0.1649237135104433 0.007812840638611041 0
0.2056098569220302 0.008398870858394497 0
0.008659389841616072 0.1949929698353565 0
0.008306685072220876 0.1550001864841749 0
0.008435119338509489 0.2440644755826356 0
0.1244442188679151 0.008230208956079815 0
0.2450827007328065 0.008596782294359756 0
0.1650100570258121 0.4013460962308074 0
0.2050020736606508 0.401741061740798 0
0.008399758708547367 0.1150002201405945 0
0.08500444424623699 0.008659837246291852 0
0.008658100956600689 0.283902918995333 0
0.1249943145822358 0.401701429941475 0
0.08500178659805835 0.4013421899678421 0
0.2449986569663658 0.4015334335194333 0
0.3252989282824807 0.008487358237106918 0
0.2849934801860232 0.008659470333933328 0
0.3661448837435162 0.009244267916143661 0
0.2849940205571959 0.4013404912270045 0
0.3248754297236018 0.4013023328712958 0
0.3650710614329683 0.402105402932213 0
0.4750568715874175 0.008561414493917674 0
0.5145601073311762 0.008406156281464877 0
0.008660128021694913 0.3249978633521046 0
2.024127472344832 0.401519197175271 0
0.7049998933026276 0.4013397123603358 0
2.055 0.008660254037844206 0
2.105 0.008660254037844206 0
2.115138150103851 0.4014464283008378 0
2.074999999999999 0.4013397459621558 0
1.464999999888907 0.4016712534222732 0
1.424793885180284 0.4014587464868066 0
1.564517533017743 0.008327026453796599 0
1.963755781514945 0.4011076049011305 0
1.755621690528143 0.008079030870140697 0
1.604691752325736 0.008639211437648842 0
1.454999998711868 0.008660254432760084 0
1.864463322012522 0.009022348773563782 0
1.703722651760051 0.00893966311183636 0
0.6551248442162583 0.4009592094803243 0
1.315180253536128 0.008438447474325844 0
1.494999999755524 0.008428001548057867 0
1.024863580557497 0.4014769419193146 0
1.175493035066882 0.008036080663288619 0
1.785505954010542 0.4002291185606573 0
0.774999999999999 0.4018426392205459 0
1.004880413188014 0.008503127116222559 0
1.574960995914128 0.4014297417050196 0
1.285 0.4016781997238256 0
1.133869507059232 0.4001982426407623 0
0.5642792750013113 0.008687073705019505 0
0.6049447118168731 0.007970002281176253 0
1.645000000026432 0.008633737879398001 0
0.884948039413104 0.4016607160570572 0
0.8149999999999993 0.4013397459621556 0
2.191621390612963 0.3250090106124364 0
2.191571611392301 0.0848608441001772 0
2.191372038875893 0.1250559329685353 0
2.191339745966297 0.1849999999977628 0
2.191339745964413 0.2250000000021124 0
2.191624033536165 0.2749999999959594 0
0.9849999999999994 0.4013397459621556 0
0.9550000000000003 0.008321914103559008 0
1.214350147310306 0.008863633073328575 0
0.6459451380648622 0.008737112489150572 0
0.6956604522040953 0.01009341209700942 0
0.7348947252768064 0.008586712455591033 0
0.7749999598700431 0.008660255341057937 0
0.8147643022429347 0.007933394887173012 0
0.9157342078680282 0.008983511549733564 0
1.245113115154145 0.3993821711026416 0
1.833840361028656 0.4016921738308094 0
1.624831523685177 0.4021969518225157 0
1.174996784022829 0.4017296200666093 0
1.794906182095405 0.008635715449786696 0
2.175905752541632 0.008965271898937699 0
2.190943027523686 0.3940817438095385 0
0.008660254037844428 0.3949999999999999 0
0.01591821257984738 0.009058302358562337 0
2.191532279549575 0.01504237369304012 0
0.2582844963652999 0.1955845328733318 0
0.2665564610639003 0.2001209860858116 0
0.2664025609415577 0.2101295510612535 0
0.2752031284819424 0.2045326971882129 0
0.275634161750294 0.214397371300924 0
0.2837760534712201 0.2088608274364945 0
0.2844455647988948 0.2188045836270771 0
0.2926095979363721 0.2132727315784639 0
0.2932384652589544 0.223247924462856 0
0.3015006729576704 0.2178717977222268 0
0.3008779706640248 0.2078814025356249 0
0.3097671158948784 0.2124916082034743 0
0.3092371150979623 0.2026420218392939 0
0.3180564808350771 0.2071410041671599 0
0.3185799281371342 0.2169861189363957 0
0.3268548448714055 0.2116030500633899 0
0.3265588533562153 0.2013253680609447 0
0.3353217114031491 0.2058761453198316 0
0.3356897724646102 0.2160005642832207 0
0.3439818643654218 0.2106167762054285 0
0.3437391503580336 0.200522106619973 0
0.3523022642465423 0.2052116159981307 0
0.3527427127525227 0.2151162600809012 0
0.3610631811662888 0.2097422619899322 0
0.3604885672782945 0.1997697393789629 0
0.3692871658182855 0.2042015786076938 0
0.3697802382194113 0.2142589439244031 0
0.3781618335887635 0.2088239552631898 0
0.3774971528075535 0.1986389207685783 0
0.3863999072641882 0.2032778261979011 0
0.3869304281345637 0.2133692895649917 0
0.3953517145567192 0.2079561620554234 0
0.3947308896111691 0.1978966400186852 0
0.4036630533268255 0.2025247331897436 0
0.4042048154979094 0.2124599348013388 0
0.4125295882929921 0.2070462763899393 0
0.4130592592650547 0.2169679371654455 0
0.4213880088523536 0.2115525032777757 0
0.4208540826324259 0.2016434194420049 0
0.4297135450708223 0.2061463987173916 0
0.4302417001856603 0.2160530027477887 0
0.4385708331750557 0.2106266023801296 0
0.4380527239628279 0.2007110712586359 0
0.4468031549988081 0.205117386985757 0
0.4473477501915448 0.2151474034583294 0
0.4557553042417342 0.2097047718577735 0
0.4551718448087181 0.1997471297337759 0
0.4641294825621692 0.2043011583917084 0
0.4645816799532907 0.2142617665119944 0
0.4729867100431966 0.2088112981776123 0
0.4724741095797704 0.1988718460644628 0
0.4813476664396974 0.2033842358214806 0
0.4818492018869124 0.2133375760493287 0
0.4902228051588459 0.2079013280963956 0
0.4896990528618735 0.1979532301061113 0
0.4985783494257187 0.2024690941781304 0
0.4991067218943742 0.2124176304311969 0
0.5074606194360973 0.2069859563333536 0
0.5079823859557004 0.2169281775434291 0
0.5163372523379275 0.2114935172429014 0
0.5158039349529564 0.2015681195676442 0
0.5246983836522242 0.2060687069711165 0
0.5251802874960638 0.2160295288665358 0
0.533574140326629 0.210581960881467 0
0.5330597579856584 0.2006329437518962 0
0.5419201583676023 0.2051100983099609 0
0.5424244277438226 0.2151122342143313 0
0.5508203216993579 0.2096609646989394 0
0.5502487762238379 0.1996195935250427 0
0.5591625622064766 0.2041793917467532 0
0.5596820818150423 0.2141948159565179 0
0.56807626882809 0.2087456614617262 0
0.5674964569965126 0.1986924007638981 0
0.5764284965716162 0.2032758560779585 0
0.5769546933684057 0.2132859415273294 0
0.5853517828496527 0.2078458860362421 0
0.5848038949222804 0.1978471186279921 0
0.5937182558054372 0.2024012975555714 0
0.5942492979091408 0.2123736461910888 0
0.6026184478467098 0.2069326328045343 0
0.6031468418200862 0.2169022319806515 0
0.6115169380010367 0.2114607356630827 0
0.6109886662021006 0.2014912511645692 0
0.6198876292408939 0.206018652212607 0
0.6204140296868323 0.2159869400500778 0
0.6287840978621485 0.2105419150464196 0
0.6282447394532014 0.2005535181705232 0
0.6371566229403081 0.2050991024103479 0
0.6376634369822137 0.2150779207554216 0
0.6460531765450879 0.2096278860056126 0
0.6455171990309034 0.1996375428615983 0
0.6544303550095716 0.2041841794326071 0
0.6549422898124069 0.2141757113563416 0
0.6633263473590604 0.2087318932340281 0
0.6628080972708796 0.1987437684300485 0
0.6716969186204974 0.2032565053612057 0
0.6722285337558663 0.2132608444277416 0
0.6806104311837811 0.2078034373051831 0
0.680070837745325 0.1978056967155114 0
0.6889871352186494 0.2023550548470134 0
0.6895171271862341 0.2123349109582111 0
0.697894073916725 0.2068892972493105 0
0.6984209039180783 0.2168649292107334 0
0.7067978287622461 0.2114187663359339 0
0.7062715219284252 0.2014437194919284 0
0.715176602016391 0.205975092438231 0
0.7156934231372502 0.2159544228874923 0
0.7240794550754978 0.2105052400662053 0
0.7235546997616238 0.2005284871580496 0
0.732460427704118 0.2050601905594247 0
0.7329775443632058 0.2150408735463955 0
0.7413641972494671 0.2095910785531247 0
0.7408393758165169 0.1996133664457404 0
0.7497457885496832 0.2041455195227426 0
0.7502634286375428 0.2141269379055406 0
0.7586503274997565 0.2086768545491321 0
0.7581246780028482 0.1986977336426881 0
0.7670323117095897 0.2032307918538822 0
0.7675515787649485 0.2132149710443732 0
0.7759390449905607 0.2077648570739487 0
0.7754123102331407 0.1977833352049183 0
0.7843203787569857 0.2023167000819977 0
0.7848483053492209 0.2122980900919214 0
0.7932288539120758 0.2068501212816691 0
0.7937567723748908 0.2168317985718958 0
0.8021374339761405 0.211383746247284 0
0.8016094088261196 0.201401800038533 0
0.8105182193067439 0.2059355111508898 0
0.8110457088378835 0.2159170303561946 0
0.8194262318408025 0.2104679148578938 0
0.8188990775846519 0.2004867636534021 0
0.8278082312938155 0.2050206759980121 0
0.8283303487139765 0.2150036785449666 0
0.8367163579055393 0.2095545273647872 0
0.8361897470223747 0.1995722743766553 0
0.8450957232938799 0.2041011795234772 0
0.8456239014487197 0.2140894769041254 0
0.8540088789830196 0.208640788704407 0
0.8534770352054355 0.1986515142453851 0
0.8623901117791188 0.203190953050756 0
0.8629185788494176 0.2131752010271921 0
0.8713005812653523 0.2077262616733862 0
0.8718281669510526 0.2177093531786962 0
0.8802102901341089 0.2122602784613807 0
0.8796827919640867 0.2022773231638839 0
0.8885929354458427 0.2068119051883742 0
0.8891177416655455 0.2167961066874953 0
0.8975024584403689 0.2113461440110023 0
0.8969754251931509 0.2013626986963278 0
0.9058857487939094 0.205897384387123 0
0.9064106322126968 0.2158819682551246 0
0.9147955337304884 0.21043183217631 0
0.9142666621859982 0.2004455881661065 0
0.9231786941090001 0.2049825174687232 0
0.9237039746543935 0.2149676511856621 0
0.9320889383401779 0.209517422450454 0
0.9315600820186438 0.199531039864947 0
0.9404722919974411 0.2040680552022019 0
0.9409979928164376 0.2140539347340733 0
0.9493831250780167 0.2086037044661662 0
0.9488556928110122 0.1986190209901418 0
0.9577651426732622 0.2031518705904189 0
0.9582942022468066 0.213138520886637 0
0.9666774006984353 0.2076888775886794 0
0.966148021084431 0.1977017876549338 0
0.9750605478452609 0.2022391747221754 0
0.9755886990981207 0.2122244270398391 0
0.9839719843113056 0.2067748326519127 0
0.9844999347755673 0.2167598663904682 0
0.9928832703071434 0.2113102194418855 0
0.9923553397364577 0.2013252102398184 0
1.001266645925782 0.2058605203031254 0
1.001794468208959 0.2158454672946931 0
1.010177808743987 0.2103955900503658 0
1.0096492330581 0.2004094641375463 0
1.018561297851722 0.2049458445160869 0
1.019087992003029 0.2149313816095958 0
1.027472477312933 0.2094812390154002 0
1.026944091022005 0.1994949997967629 0
1.035856238962866 0.2040314365459731 0
1.036383074913224 0.2140172547765485 0
1.04476765649839 0.2085670708296763 0
1.044239209286907 0.1985806190268837 0
1.053151410105104 0.2031170766598498 0
1.053679018187385 0.2131027701784143 0
1.06206307239667 0.2076527866862382 0
1.061535211931919 0.1976673336148594 0
1.070446854784982 0.2022028873886785 0
1.070974787536267 0.2121883604458154 0
1.0793585244266 0.2067384388721753 0
1.079886338752358 0.216723795187823 0
1.088270093016283 0.2112738270075493 0
1.087742267392253 0.2012884559238011 0
1.096653980058506 0.2058240055230304 0
1.09718113393876 0.2158096575103115 0
1.105565510240879 0.2103594931477576 0
1.105037372580438 0.2003733977722635 0
1.113949468864311 0.2049095083839133 0
1.114476706781394 0.2148953196374734 0
1.122861121445963 0.2094451124609378 0
1.122333435968088 0.1994596144296844 0
1.131244828703339 0.2039946311281802 0
1.131772431529265 0.2139810357875653 0
1.140156880626155 0.2085308145311165 0
1.139628669493324 0.1985444903495769 0
1.148540882800789 0.2030807210096677 0
1.149068861242718 0.2130665416649372 0
1.157452839057218 0.207616509400225 0
1.157980707390172 0.2176021818302671 0
1.166364669842394 0.2121521093405437 0
1.165836803983843 0.2021664318851317 0
1.174748699276452 0.2067021107197021 0
1.175276216460251 0.2166879407884551 0
1.183660502147121 0.2112377562328502 0
1.183132443136802 0.2012516668190989 0
1.192044563102449 0.2057876642354967 0
1.192572130597706 0.2157735828363352 0
1.200956437080319 0.2103233755993557 0
1.200428401383265 0.2003372977438566 0
1.209340529997287 0.2048732805983828 0
1.20986811825421 0.2148592265330314 0
1.218252435580235 0.2094090110019303 0
1.217724397510837 0.1994229104083806 0
1.226636543873001 0.2039588963218904 0
1.227164186935602 0.2139448575981133 0
1.235548487669095 0.208494652229608 0
1.23502044408122 0.1985085237710357 0
1.24393260132031 0.2030445130208264 0
1.244460345378323 0.213030514666244 0
1.252844605060146 0.2075803278452013 0
1.252316715715981 0.1975944193864143 0
1.261228727889034 0.202130186554686 0
1.261756647337402 0.2121160955346535 0
1.270140748434222 0.2066659527206632 0
1.270668665052868 0.2166518699091489 0
1.279052771753446 0.2112017219319446 0
1.278524851901279 0.2012157964852375 0
1.287436883214585 0.205751567654272 0
1.287964786475504 0.2157374813636323 0
1.296348893190866 0.21028730607301 0
1.295820892569601 0.2003012443623369 0
1.304733020511853 0.2048371510215254 0
1.305260767726043 0.2148231477021413 0
1.313645031475197 0.2093729315580821 0
1.313117056398007 0.1993868501498625 0
1.322029194996795 0.2039227648401335 0
1.322556970404045 0.2139088127919922 0
1.330941248904036 0.2084585961491614 0
1.330413352870022 0.1984726182260586 0
1.339325419573222 0.203008419284628 0
1.339853336631335 0.2129943928032506 0
1.348237491868283 0.2075442171310634 0
1.348765395474496 0.2175301755291401 0
1.35714954973092 0.2120799943663262 0
1.356621644699015 0.2020940335391288 0
1.365533720618414 0.2066298313903754 0
1.366061538350446 0.216615833244807 0
1.374445773467884 0.211165622772558 0
1.373917822653375 0.2011795596194195 0
1.382829953215166 0.2057154366361056 0
1.383357782894582 0.2157014603862805 0
1.391742023395286 0.2102512445021258 0
1.391214073570149 0.2002651753718131 0
1.400126210317452 0.204801056261383 0
1.400654044656417 0.2147870859998801 0
1.409038287733683 0.2093368680375297 0
1.40851033827181 0.1993507944072972 0
1.41742247979039 0.2038866763837353 0
1.417950326901774 0.2138727290563851 0
1.426334575117742 0.2084225108894121 0
1.425806669433757 0.1984364954696491 0
1.434718770517417 0.202972313968719 0
1.435246686565347 0.2129583289645805 0
1.443630874182041 0.2075081327005902 0
1.44310295797528 0.1975221164848396 0
1.45201506149238 0.2020579351077941 0
1.452542977988386 0.2120439537888606 0
1.460927167142611 0.2065937552804838 0
1.461455083126108 0.2165797763496853 0
1.469839274549631 0.2111295768144604 0
1.469311356438778 0.2011435563447057 0
1.478223466674215 0.205679376847357 0
1.478751379895026 0.2156653956212316 0
1.487135570336006 0.2102151877545727 0
1.486607632628745 0.2002291350992635 0
1.495519767505367 0.2047649890274446 0
1.496047641888697 0.214751026000703 0
1.50443187573599 0.2093008163139952 0
1.503903941638672 0.1993147539464749 0
1.512816079427579 0.2038506100434641 0
1.513343979235888 0.2138366552585107 0
1.521728197620534 0.208386444196019 0
1.521200283910732 0.1984004097627 0
1.530112402323442 0.2029362381998512 0
1.53064031920972 0.2129222729259878 0
1.539024521671583 0.2074720666615742 0
1.53955243505622 0.2174580978406328 0
1.547936638127931 0.2120078899923151 0
1.547408724848409 0.2020218583993689 0
1.556320844754337 0.206557686953413 0
1.556848737026463 0.216543729213993 0
1.565232960521089 0.2110935136776271 0
1.564705033617522 0.2011074590690034 0
1.573617173904149 0.2056433088777874 0
1.574145065528424 0.2156293531695846 0
1.582529290564476 0.2101791363803786 0
1.582001364331183 0.2001930807384642 0
1.590913505104639 0.204728930212263 0
1.591441397887709 0.2147149761303399 0
1.59982562346432 0.2092647587191251 0
1.599297697820153 0.1992787009499764 0
1.608209835513143 0.2038145479202121 0
1.60873773460102 0.2138006027213503 0
1.617121961294535 0.2083503851613124 0
1.616594047534478 0.1983643395797396 0
1.625506174699838 0.2029001732015125 0
1.626034091186384 0.2128862183658606 0
1.634418302667549 0.207436006632686 0
1.634946219067498 0.2174220523982736 0
1.643330430694768 0.2119718404285943 0
1.64280251401547 0.2019857940847644 0
1.651714642457156 0.206521628381456 0
1.652242558261231 0.2165076737569896 0
1.660626769962564 0.2110574601136058 0
1.660098854316514 0.2010714154399842 0
1.669010984015397 0.2056072495519717 0
1.669538888912787 0.2155932996057612 0
1.677923110661804 0.2101430827658637 0
1.677395188813598 0.2001570289311567 0
1.686307325240333 0.2046928703880014 0
1.686835232296097 0.2146789228768965 0
1.695219454745119 0.2092287054744764 0
1.694691533392827 0.1992426500918583 0
1.703603672219862 0.2037784928376081 0
1.704131581417235 0.2137645454086315 0
1.712515802121767 0.2083143291280125 0
1.71198788661789 0.1983282787467845 0
1.720900017952163 0.2028641146486843 0
1.721427934369964 0.2128501649260361 0
1.729812149719352 0.2073999506546371 0
1.73034006612855 0.2173860012561941 0
1.73872428167137 0.2119357868918879 0
1.738196364458895 0.2019497362734181 0
1.747108496547427 0.2064855724628813 0
1.747636413351032 0.2164716228880961 0
1.756020628835502 0.211021407667228 0
1.755492707736306 0.2010353541896609 0
1.764404844513772 0.2055711939972991 0
1.764932755702929 0.2155572473103212 0
1.773316976673743 0.2101070300357583 0
1.772789056923336 0.200120976432144 0
1.781701193708069 0.2046568159491925 0
1.782229105690115 0.2146428707046709 0
1.790613327175697 0.2091926533842483 0
1.790085407178835 0.1992065976832363 0
1.798997544311026 0.2037424372664646 0
1.79952546137859 0.2137284902541608 0
1.807909678569965 0.2082782748719591 0
1.807381762127044 0.1982922221519463 0
1.816293895885658 0.2028280594932882 0
1.816821812340401 0.2128141123304552 0
1.82520602965156 0.2073638968953163 0
1.825733945733964 0.2173499493610916 0
1.834118163080899 0.2118997337783593 0
1.833590247010367 0.2019136813365743 0
1.842502380836981 0.2064495187376268 0
1.843030294316881 0.2164355730565294 0
1.85141451407906 0.2109853560498849 0
1.850886598086305 0.2009993036242979 0
1.859798732089751 0.2055351411541226 0
1.860326645954009 0.2155211952939944 0
1.86871086582066 0.2100709781612728 0
1.868182947483728 0.2000849243793117 0
1.877095083621434 0.2046207628329728 0
1.877622997985718 0.2146068173349105 0
1.886007217861211 0.2091566000828179 0
1.885479299784845 0.1991705456473209 0
1.894391436094824 0.2037063841372295 0
1.894919350600079 0.213692439641538 0
1.903303570594983 0.208242222354155 0
1.902775654441902 0.1982561683431781 0
1.911687789034961 0.2027920061788169 0
1.912215705511935 0.2127780600372711 0
1.920599923704854 0.207327844001805 0
1.921127840117112 0.2173138978368612 0
1.929512058319789 0.211863681777111 0
1.928984141554443 0.2018776281732311 0
1.93789627645995 0.2064134660416978 0
1.938424192000357 0.216399521113888 0
1.946808411413483 0.2109493037449974 0
1.946280493867407 0.200963249682069 0
1.955192629497193 0.205499087810542 0
1.955720545208658 0.2154851430491734 0
1.964104764676178 0.2100349255979313 0
1.963576847259958 0.200048871219662 0
1.972488983003179 0.2045847093371048 0
1.973016898704474 0.2145707647580521 0
1.9814011180834 0.2091205474696365 0
1.980873201643131 0.1991344930463396 0
1.989785336646544 0.2036703311387025 0
1.990313252812545 0.2136563861695444 0
1.989257420213062 0.1936842766812602 0
1.998169555264969 0.1982201147929806 0
1.997641638825564 0.1882340602767346 0
2.006553773927167 0.1927698984154541 0
2.006025857489664 0.1827838438385613 0
1.997113722253154 0.1782480056838422 0
2.014937992643292 0.1873196820054225 0
2.0144100762036 0.1773336273699609 0
2.023322211492162 0.1818694655589863 0
2.023850127176845 0.1918555211426558 0
2.022794294966628 0.1718834108696132 0
2.031706430320901 0.1764192490840917 0
2.031178513786606 0.1664331943294244 0
2.040090649180073 0.1709690325796036 0
2.039562732646551 0.1609829777683649 0
2.030650597209335 0.1564471395147845 0
2.039034816094432 0.1509969229251033 0
2.030122680612891 0.1464610846525421 0
2.047946951562901 0.1555327611945189 0
2.047419035024989 0.1455467063097357 0
2.056331170541734 0.1500825446160665 0
2.05580325399538 0.1400964896787157 0
2.064715389568005 0.1446323280230392 0
2.064187473011113 0.1346462730193168 0
2.073099608615746 0.139182111372112 0
2.073627525164387 0.1491681664069719 0
2.072571692061723 0.1291960563334685 0
2.063659556413647 0.1246602179774937 0
2.072043775495072 0.1192100012699916 0
2.063131639803923 0.1146741628910965 0
2.082011744242574 0.1437179497355443 0
2.082539660786314 0.1537040048169474 0
2.071515858924689 0.1092239461726948 0
2.062603723217082 0.1046881077850087 0
2.080427994633227 0.1137597845622813 0
2.090923879897145 0.1482537881180473 0
2.091451796439491 0.1582398432355959 0
2.079900078039126 0.1037737294143344 0
2.08881221380001 0.1083095678404468 0
2.088284297201492 0.09832351264102414 0
2.097196433002454 0.102859351096765 0
2.09983601557718 0.1527896265319744 0
2.100363932115845 0.1627756816500424 0
2.096668516426611 0.09287329588416303 0
2.087756380507156 0.0883374574030474 0
2.105580652245518 0.09740913433774587 0
2.091979712976245 0.1682258983481868 0
2.100891848615287 0.1727617367681346 0
2.092507629522567 0.1782119534109289 0
2.101419765154133 0.1827477918708089 0
2.09303554605972 0.1881980085034842 0
2.101947681668549 0.192733846963879 0
2.093563462602445 0.1981840636857698 0
2.102475598178702 0.2027199020770451 0
2.094091379127671 0.2081701188029743 0
2.103003514710461 0.2127059571862791 0
2.094619295623594 0.2181561738634913 0
2.103531431198796 0.2226920123007244 0
2.095147211175123 0.2281422290434083 0
2.104059347570936 0.2326780674507416 0
2.095675127505019 0.2381282842112425 0
2.104587264084275 0.2426641225034373 0
2.09620304494443 0.2481143393216543 0
2.105115180858905 0.2526501773109819 0
2.096730961595318 0.2581003943324427 0
2.087818825152428 0.2535645567597433 0
2.088346742208224 0.2635506115694916 0
2.097258878193479 0.2680864493191965 0
2.088874658890011 0.2735366663335182 0
2.079962523074696 0.269000828234939 0
2.080490439772958 0.2789868831419492 0
2.089402575607172 0.2835227212023096 0
2.071578304026108 0.2744510447072827 0
2.072106220521423 0.284437099783128 0
2.06319408485101 0.2799012613594074 0
2.063722001333664 0.2898873164656388 0
2.054809865669933 0.2853514780452331 0
2.055337782154211 0.2953375331368262 0
2.046425646510275 0.2908016947192976 0
2.046953563012734 0.3007877498390757 0
2.038041427364774 0.296251911395191 0
2.055865698721512 0.3053235881586172 0
2.038569343862782 0.3062379665004392 0
2.029657208223238 0.3017021280585116 0
2.0301851247182 0.3116881831591524 0
2.02127298908756 0.3071523447092807 0
2.020745072617662 0.2971662896139429 0
2.012360853479112 0.30261650628589 0
2.012888769869517 0.3126025613234025 0
2.003976634351447 0.3080667228636567 0
2.003448717924012 0.2980806678245762 0
1.995064498823469 0.3035308844767429 0
1.995592415130907 0.3135169394411255 0
1.986680279735617 0.3089811010294163 0
1.98615236329011 0.2989950460850584 0
1.977768144259885 0.3044452626414133 0
1.978296060715516 0.3144313174342936 0
1.969383925210139 0.3098954791192564 0
1.968856008772659 0.2999094242337529 0
1.960471789774966 0.3053596407099333 0
2.054281948735771 0.275365423330137 0
1.96099970617783 0.3153456956211305 0
1.952087570746584 0.3108098572177416 0
1.951559654390614 0.300823802259955 0
1.943175435330793 0.3062740188087432 0
1.943703351732213 0.3162600736953753 0
1.934791216333683 0.3117242352467987 0
1.934263299934503 0.3017381804040254 0
1.925879080984679 0.3071883968082523 0
1.925351164591842 0.2972023420177445 0
1.916966945676494 0.3026525584211984 0
1.917494861879619 0.3126386131714553 0
1.908582726726439 0.3081027747102966 0
1.908054810474621 0.2981167199712232 0
1.899670591607189 0.3035669362401509 0
1.900198507630303 0.3135529910018428 0
1.891286372641159 0.3090171525533588 0
1.890758456433806 0.2990310978126075 0
1.882374237569923 0.304481314222005 0
1.882902153853412 0.3144673686211795 0
1.87399001872902 0.3099315303777872 0
1.873462102474837 0.2999454760170043 0
1.865077883660139 0.3053956921371416 0
1.865605799899708 0.3153817465750542 0
1.856693664896482 0.3108459082083952 0
1.856165748455646 0.3008598538075036 0
1.847781529877121 0.3063100698485357 0
1.848309446116787 0.316296124296077 0
1.839397311179098 0.3117602858864881 0
1.838869394987677 0.3017742314562342 0
1.830485176329353 0.3072244474635781 0
1.829957260142848 0.2972383931029201 0
1.821573041545994 0.3026886091166947 0
1.822100957432253 0.3126746633994887 0
1.813188822928622 0.3081388249173555 0
1.812660907122857 0.2981527707772001 0
1.804276688439572 0.3036029866934915 0
1.804804604073533 0.313589040761332 0
1.795892469902818 0.3090532023856793 0
1.795364553752348 0.2990671487581793 0
1.786980335535274 0.3045173642379044 0
1.787508251773246 0.3145034175505702 0
1.77859611735942 0.3099675795696993 0
1.778068200788124 0.2999815264505694 0
1.769683982808354 0.3054317418090164 0
1.770211899254516 0.315417794996546 0
1.761299764679627 0.3108819569301831 0
1.760771847974037 0.3008959037926078 0
1.752387630448591 0.3063461189271438 0
1.752915546391647 0.3163321723365199 0
1.744003412389674 0.311796334114539 0
1.743475496049889 0.3018102808359887 0
1.735091278388323 0.3072604959278703 0
1.735619194263968 0.3172465493165024 0
1.726707060433465 0.312710711032893 0
1.726179144676021 0.3027246576629141 0
1.717794926813803 0.3081748727081235 0
1.717267011064851 0.2981888195027117 0
1.708882793354708 0.3036390345362679 0
1.709410708488108 0.3136250876542313 0
1.700498575581561 0.3090892491475993 0
1.699970660108461 0.2991031964707488 0
1.691586443015901 0.3045534107547885 0
1.69211435723209 0.3145394637328087 0
1.683202224993698 0.3100036252757178 0
1.682674310923895 0.3000175720145516 0
1.674290092633699 0.3054677872753321 0
1.674818007589479 0.3154538395302954 0
1.665905875178213 0.3109180015130202 0
1.665377960534246 0.3009319484421953 0
1.656993742895487 0.3063821634853821 0
1.657521657958715 0.3163682154543487 0
1.648609525798153 0.3118323773329694 0
1.648081610758324 0.301846325618085 0
1.639697394065341 0.3072965392168822 0
1.639169478977035 0.2973104877846793 0
1.63078526258712 0.3027607014067764 0
1.631313176588418 0.3127467526046497 0
1.622401046192131 0.3082109142131749 0
1.621873131661805 0.2982248637456252 0
1.613488915699776 0.3036750769363354 0
1.614016828919852 0.3136611272636249 0
1.605104699709107 0.3091252891433781 0
1.604576783587011 0.2991392415523569 0
1.596192569404966 0.3045894531167905 0
1.596720484396466 0.3145755003759213 0
1.587808354589478 0.3100396636868452 0
1.587280437628861 0.3000536166900725 0
1.578896225216794 0.3055038271518392 0
1.579424139420396 0.3154898752509653 0
1.570512010628646 0.3109540380509374 0
1.56998409486053 0.3009679905585481 0
1.561599881830318 0.3064182011108355 0
1.562127795911466 0.3164042491478813 0
1.553215667772908 0.3118684117051195 0
1.552687754000771 0.3018823639385407 0
1.544303540292248 0.3073325741927756 0
1.543775626553705 0.2973465268894344 0
1.535391413365839 0.3027967372255138 0
1.535919324711642 0.3127827839320132 0
1.527007199930658 0.3082469459301197 0
1.526479287146021 0.2982609006695449 0
1.518095075263824 0.3037111089060962 0
1.518622984544859 0.3136971549214767 0
1.509710861903593 0.3091613172152837 0
1.50918295027408 0.2991752726625671 0
1.500798738504666 0.3046254815145646 0
1.501326650291606 0.3146115250907677 0
1.492414526946331 0.3100756885475438 0
1.491886614794118 0.3000896453020074 0
1.483502403900661 0.3055398526613826 0
1.484030315728062 0.3155258953068951 0
1.475118193286026 0.3109900587027884 0
1.474590281723186 0.3010040169020216 0
1.466206072455113 0.3064542221243604 0
1.4656781607915 0.2964681811927436 0
1.45729395263182 0.3019183865837694 0
1.457821860391961 0.3119044269748196 0
1.448909744449484 0.3073685890981613 0
1.44838183765989 0.2973825514502488 0
1.439997628824826 0.3028327552546068 0
1.440525532558862 0.3128187922805936 0
1.431613421671039 0.308282955296162 0
1.431085510973162 0.2982969251885616 0
1.422701309190406 0.3037471227542709 0
1.423229210083923 0.313733157850026 0
1.41431710367273 0.3091973208533492 0
1.41378919011302 0.2992112970494107 0
1.405404991843554 0.3046614928466264 0
1.405932891524114 0.3146475228627805 0
1.397020788970758 0.3101116852675144 0
1.396492872854638 0.3001256627650861 0
1.388108681811856 0.3055758546095594 0
1.388636588613651 0.3155618801047189 0
1.379724482146101 0.3110260482746 0
1.379196568700746 0.3010400243498695 0
1.370812374939554 0.3064902161745776 0
1.371340281945309 0.3164762415647866 0
1.362428177439626 0.3119404079414625 0
1.361900271711919 0.3019543831317946 0
1.353516075608232 0.3074045740385263 0
1.35298816995174 0.2974185515755664 0
1.344603975894323 0.3028687425132774 0
1.345131872505094 0.3128547626326277 0
1.33621978109062 0.3083189271119532 0
1.3356918801022 0.2983329125536599 0
1.327307688293135 0.3037831000726257 0
1.327835578301689 0.3137691131114174 0
1.318923496897855 0.3092332809245095 0
1.318395595248433 0.2992472854761501 0
1.310011406204284 0.3046974608221552 0
1.310539308492441 0.3146834518877438 0
1.301627220394354 0.3101476279867234 0
1.301099300204451 0.3001616373850927 0
1.292715134470635 0.3056118058812312 0
1.293243033874277 0.3155978040069304 0
1.284330953288436 0.3110619746481727 0
1.283803042425571 0.3010759811131045 0
1.275418873007304 0.3065261480619184 0
1.275946770051604 0.3165121455149654 0
1.267034695287974 0.3119763152738995 0
1.266506800757471 0.3019903198873238 0
1.258122626238052 0.3074404843450214 0
1.257594731876687 0.2974544928501303 0
1.249210562157373 0.302904658306861 0
1.249738451815382 0.3128906390744423 0
1.240826395630628 0.3083548120295253 0
1.240298508140977 0.2983688354276427 0
1.231914344622677 0.3038189925446749 0
1.232442238861962 0.313804946954601 0
1.223530194197299 0.3092691253907678 0
1.223002274165311 0.2992832019876195 0
1.214618138361388 0.3047333332705853 0
1.215146051194856 0.3147192568940144 0
1.206233993623447 0.310183449790298 0
1.205706068679548 0.3001975286412699 0
1.19732195984442 0.3056476443975111 0
1.197849839255512 0.3156335824254494 0
1.188937819256242 0.3110977667350812 0
1.188409914814973 0.301111837697171 0
1.180025796742165 0.3065619534652732 0
1.180553674788381 0.3165478906726878 0
1.171641662684183 0.3120120666616466 0
1.171113791018612 0.3020261366208937 0
1.162729662587332 0.3074762439353304 0
1.162201791918928 0.2974903222831996 0
1.153817671766572 0.3029404330804688 0
1.154345505807009 0.312926348162391 0
1.145433547931736 0.3083905198011286 0
1.144905696480497 0.2984046267892331 0
1.136521584366434 0.3038547240570024 0
1.137049392727713 0.3138406152320617 0
1.128137472285141 0.3093047922832598 0
1.127609623584279 0.2993189790515168 0
1.119225520870834 0.3047690255148531 0
1.119753375641608 0.314754828101559 0
1.110841433674168 0.3102190409876571 0
1.110313505142211 0.3002332474138908 0
1.101929502906924 0.3056832588420764 0
1.102457345355941 0.3156690906375653 0
1.093545434888681 0.3111332867538178 0
1.09301753972626 0.3011474782793057 0
1.084633518989022 0.3065974934109179 0
1.085161358076176 0.3165833186072467 0
1.076249464401724 0.3120475042575562 0
1.075721638072078 0.3020616934007872 0
1.067337595729328 0.3075116928528522 0
1.066809771190685 0.2975258990171649 0
1.058425746678674 0.3029759050725003 0
1.058953489595382 0.3129616847442847 0
1.050041709948174 0.3084258594701329 0
1.049513921395411 0.2984401247296717 0
1.041129965230912 0.3038900484424974 0
1.041657618114587 0.313875826864658 0
1.0327459098446 0.309340002168464 0
1.032218270593026 0.2993541950567106 0
1.02383418394951 0.3048042295393066 0
1.024361921244845 0.3147899209152552 0
1.015450189037735 0.3102541517133482 0
1.014922488825525 0.3002683660519021 0
1.006538475259204 0.305718374680041 0
1.007066226979051 0.3157040327261911 0
0.9981545342081304 0.3111682407813599 0
0.9976267794379504 0.3011826181046935 0
0.9892428759493321 0.3066324552191754 0
0.9887151227993581 0.2966468726679723 0
0.9803312525406442 0.3020967180993464 0
0.9808588815669423 0.3120822844275919 0
0.9719473824311897 0.3075464739549744 0
0.9714197114893128 0.2975609852613459 0
0.963035880467987 0.3030107824087232 0
0.9635634206963133 0.3129962662208692 0
0.9546520639762056 0.308460471647072 0
0.9541245308021864 0.2984749111604058 0
0.9457406865048257 0.3039247846178028 0
0.946268452354815 0.3139099043429691 0
0.9373570327300904 0.3093743397182003 0
0.936829089819881 0.2993893664780111 0
0.9284455520343983 0.3048389011599097 0
0.9289734212914335 0.3148238940483834 0
0.9200619402604275 0.3102883153666159 0
0.9195339582222447 0.3003033509339589 0
0.9111506356846502 0.305752748816689 0
0.9116782436556481 0.315737847597882 0
0.9027670402111295 0.3112021931307282 0
0.9022392287156321 0.3012171689492669 0
0.8938558332548787 0.306666571728371 0
0.8943834341506469 0.3166516657475014 0
0.8854723116236217 0.3121159581841881 0
0.8849447496484215 0.3021309192044148 0
0.8765612726358463 0.3075802619447442 0
0.8760337155019872 0.2975952871740509 0
0.8676503002952258 0.3030446593245105 0
0.868177587068972 0.3130295843818109 0
0.8592668618465844 0.3084938465190766 0
0.8587394169743844 0.2985090872468601 0
0.850356162482414 0.3039581977712759 0
0.8508831438971509 0.3139430244977358 0
0.8419727101231609 0.3094073004983967 0
0.8414454324538974 0.2994226492447324 0
0.8330621881935201 0.3048718351438413 0
0.8335894862005059 0.3148563710693205 0
0.824678961879137 0.3103207919341454 0
0.8241516163049015 0.300336289688485 0
0.8157684752840156 0.3057852839560845 0
0.8162957788132027 0.3157697172954151 0
0.8073853778238899 0.3112341214341365 0
0.8068580996685266 0.3012497647420044 0
0.7984751489306754 0.3066985192594842 0
0.797947865610416 0.2967142906466568 0
0.7895650411970847 0.3021630594770183 0
0.7900918274897976 0.312147196388092 0
0.7811822166621313 0.3076114564578936 0
0.7806551999694358 0.2976276542057004 0
0.7722725824051315 0.3030762116388995 0
0.7727990097484356 0.3130599709828549 0
0.7638899502117944 0.3085243392273305 0
0.76336228629308 0.2985417814678706 0
0.7549804117397552 0.3039896189642257 0
0.7555076019320437 0.3139720189825632 0
0.7465982516282501 0.3094370201274739 0
0.7460701778956984 0.2994546977891276 0
0.7376890960203446 0.3049020754049709 0
0.7382159510699158 0.3148848429766574 0
0.7293070460993277 0.3103496126388614 0
0.7287794887576843 0.3003671388524853 0
0.7203981236231175 0.3058145271375736 0
0.7209249451228492 0.3157972438972656 0
0.7120163374705515 0.3112619290780068 0
0.7114896580423157 0.3012792914867982 0
0.7031080288302559 0.3067265832764956 0
0.7025813584265623 0.2967442084202754 0
0.6941999626641588 0.3021915302049912 0
0.6947256522631138 0.3121737100233986 0
0.6858185579600693 0.3076381246445201 0
0.6852931579093073 0.2976565305831523 0
0.676911535277019 0.3031034848286825 0
0.6774363982385121 0.3130849247365092 0
0.6685303781959722 0.3085495772972379 0
0.6680039170767251 0.298569808160733 0
0.6596239343541126 0.304015241231251 0
0.6601481912427211 0.3139961056098539 0
0.6512430719539619 0.309460701977301 0
0.6507158117107478 0.2994824553410826 0
0.6423367294103636 0.3049273691902493 0
0.6428629821583848 0.3149051320161416 0
0.6339570062681058 0.3103712224957035 0
0.6334287204918209 0.3003935424809738 0
0.6250514795563107 0.3058373809864687 0
0.625577031821287 0.3158161505435528 0
0.6166721492972316 0.3112816611246457 0
0.6161449348443524 0.3013034885426376 0
0.6077670522298021 0.3067473543451124 0
0.6082925508153793 0.3167260612743349 0
0.5993881196102906 0.3121910528268939 0
0.5988630349057241 0.3022128095881427 0
0.5904844907625003 0.3076561237043064 0
0.5899598841566502 0.297678678706849 0
0.5815818585760678 0.3031217069739932 0
0.5821060180745078 0.3130991364981363 0
0.5732039887723278 0.3085643529230425 0
0.5726801113448534 0.2985880105645187 0
0.5643022407358774 0.3040308090781544 0
0.564827657476608 0.3140038341018047 0
0.5559263124388774 0.3094702918349835 0
0.555401664172021 0.2995009369354611 0
0.5470244066174017 0.304940147661202 0
0.5475509087476916 0.3149097242437073 0
0.5386485654439882 0.3103772688679982 0
0.538121203134126 0.3004074305898052 0
0.5297491776221461 0.3058451947521303 0
0.5302717023938144 0.3158165306244791 0
0.5213741174782632 0.3112830586618314 0
0.5208477858074567 0.3013133229305844 0
0.5124763186795044 0.3067503660484516 0
0.5129990193273607 0.3167214426360246 0
0.5041028353854036 0.3121871036662375 0
0.5035808155790279 0.3022170862836696 0
0.4952082972417762 0.3076530023342967 0
0.4946872316816904 0.297684734406388 0
0.4863158655298417 0.3031200990908378 0
0.4868321276484051 0.3130889056836431 0
0.4779436221352809 0.3085536027359715 0
0.477423759885132 0.2985889205831067 0
0.4690569347131697 0.3040200224542257 0
0.4695688381194976 0.3139877837750643 0
0.4606849931262479 0.3094526262270639 0
0.4601738054712067 0.2994836719365377 0
0.451800352303898 0.3049211685329532 0
0.4523174425716894 0.3148827123444897 0
0.4434326714312135 0.3103511354242995 0
0.4429184028939133 0.3003847411196373 0
0.4345490387511477 0.3058199744512545 0
0.4350662768117751 0.315778452310212 0
0.4261839965359957 0.3112468482263361 0
0.4256672020839771 0.3012902411348378 0
0.4173050066695467 0.3067153988464891 0
0.4167879354653296 0.2967611613445407 0
0.4084279589321858 0.3021865287576123 0
0.4089378862753186 0.3121403646615642 0
0.4000688431086872 0.3076062440121556 0
0.39956158970309 0.2976298542927576 0
0.3912074377231516 0.3030585146892798 0
0.3917068284439909 0.3130249252539501 0
0.3828464294281892 0.3084921025401272 0
0.3823454499088438 0.2985266781675877 0
0.37399462654444 0.3039471681539468 0
0.3744816904802193 0.3139138597827705 0
0.3656337414160598 0.3093778632160875 0
0.365141541068318 0.29941409626162 0
0.3567973530987818 0.304828622674075 0
0.3572746362931349 0.3147943529661937 0
0.3484402163048419 0.3102586392754043 0
0.347955686612651 0.300298870777352 0
0.3396176312151806 0.3057085041309158 0
0.3400853738887279 0.3156712877450055 0
0.331263805651138 0.3111354306074838 0
0.3307863128645265 0.3011795935517162 0
0.3224540028726248 0.3065830456714599 0
0.3228964083343476 0.3165480980732768 0
0.3140979498996033 0.3120043562183988 0
0.3136404287683775 0.3020356302936276 0
0.3052826493809584 0.3074883808399496 0
0.3057293213890069 0.3174170027223176 0
0.2969456895112961 0.3128771101726376 0
0.2964568607976644 0.3029913416566479 0
0.2881363341008627 0.3083712777083061 0
0.2886322116939998 0.3182553392821754 0
0.2798185652077747 0.3137490090881001 0
2.109276067832944 0.1673115203323023 0
2.105052735663828 0.08742307907948707 0
0.2803096932647438 0.323629228077691 0
0.2714934556833394 0.3191101613320372 0
2.110859817414418 0.1972696855983613 0
2.112971483105878 0.237213906130385 0
0.2710076330533384 0.3092356636537759 0
0.2626913859373958 0.3146086209447512 0
0.2631738263462711 0.3244812455052524 0
0.2543736479314931 0.3199823457993187 0
2.086235074467168 0.2236063915196345 0
2.113964871494189 0.09195891754256239 0
2.113436954922882 0.08197286226249524 0
0.254851296479973 0.3298527337325065 0
0.2460433286876733 0.3253505908215164 0
2.11449278807145 0.1019449728187915 0
0.2465392082927576 0.3352502250026568 0
0.2377235077697758 0.3307293554764569 0
0.2372238340750061 0.3208328665587795 0
0.2289046532614014 0.326206695766222 0
0.22939825926985 0.3361049402374806 0
0.2205828047655148 0.3315776533932016 0
0.220092136709239 0.3216847532848086 0
0.211771448915446 0.3270513200793827 0
2.122877007336352 0.0964947560123941 0
2.123404923903988 0.1064808113166933 0
0.2112882376171872 0.3171637533282385 0
0.2029676821349171 0.3225265303816019 0
0.2034503005315129 0.3324150130685843 0
0.1946432870548306 0.3278890847534302 0
0.2622003928177745 0.3047277124407106 0
0.1941734911292345 0.3180020517123198 0
0.1858401152123629 0.3233609278720384 0
0.1863188995415592 0.3332527782525231 0
0.1775139032604622 0.3287179487911781 0
0.1770375466035702 0.3188325261846001 0
0.1687119697665722 0.3241844757029473 0
0.1682361076701476 0.3143027019375246 0
0.1599115608657339 0.3196555156376301 0
0.1594376981144641 0.3097733518664045 0
0.1511138411443009 0.3151248081851202 0
0.1515865831154375 0.325013905454069 0
0.1427828691892175 0.320479002256829 0
0.1423116183530888 0.3105875861763825 0
0.1339779139192472 0.3159418610543815 0
0.1335271011467308 0.306050079103719 0
0.1251766964928572 0.3114004157026566 0
0.1247254908419266 0.3015079440010434 0
0.1163642909922192 0.3068624941349409 0
0.1159393476151145 0.2969670991749696 0
0.1075588069975362 0.3023229215193184 0
0.1070905477111606 0.2924209800739548 0
0.1080423525231515 0.3122350787323357 0
0.09920501979227447 0.3076826593290026 0
0.09968331552212861 0.3176022953480869 0
0.09084753285149993 0.3130463330017696 0
0.09132050530661795 0.3229723281125235 0
0.1002170409489735 0.3275668767715453 0
0.1432545905206231 0.3303763085235465 0
0.08248422290282642 0.3184189673018854 0
0.08201267688897929 0.3084858840715868 0
0.08297224359700506 0.3283668149154214 0
0.1154970702877458 0.2870791691872197 0
0.1066281188030165 0.2825248891557045 0
0.2553361282980249 0.3397340386517481 0
0.07364601635705537 0.3138612239942075 0
0.07317484136287744 0.3039245635912658 0
0.1779960392704404 0.3386143202275942 0
0.1149475614759905 0.2771663126251944 0
0.1061488831500388 0.2726303606572476 0
0.2747502154121312 0.19471435005607 0
2.054219504092496 0.1101383245159962 0
2.053691587483745 0.1001522694355547 0
2.045307368321998 0.1056024860657408 0
2.044779451752964 0.09561643104594764 0
2.036395232588179 0.1010666476729643 0
2.035867316042079 0.09108059262354173 0
2.027483096889031 0.09653080934036357 0
2.026955180317292 0.08654475423787157 0
2.018570961153412 0.09199497096021039 0
2.018043044590689 0.08200891584550957 0
2.009658825435622 0.08745913259242163 0
2.044251535033259 0.08563037592129646 0
2.009130908849278 0.07747307745148177 0
2.000746689704773 0.08292329421705383 0
2.001274606299674 0.09290934933694467 0
1.992362470665833 0.08837351108133895 0
1.992890387188597 0.09835956607547798 0
1.983978251602499 0.0938237279234288 0
1.984506168135352 0.1038097827891379 0
1.975594032507049 0.09927394455197522 0
1.976121949104572 0.1092599994478528 0
1.967209813499851 0.1047241611228029 0
1.966681896942786 0.09473810637163289 0
1.958297677920332 0.1001883229372551 0
1.958825594533574 0.1101743777388656 0
1.949913459062932 0.1056385395012866 0
1.949385542357637 0.09565248471732404 0
1.941001323548101 0.1011027012876971 0
1.941529240174782 0.1110887560673581 0
1.932617104934707 0.1065529181002112 0
1.932089188138552 0.09656686316191668 0
1.923704969378874 0.1020170797608506 0
1.923177052694225 0.09203102498867007 0
1.914792833928334 0.09748124158525537 0
1.915320750167081 0.1074672959399821 0
1.906408615055127 0.1029314579364919 0
1.905880698480483 0.09294540345277849 0
1.897496479860073 0.09839562005608965 0
1.898024396147894 0.1083816743642727 0
1.889112261163291 0.1038458364889255 0
1.888584344731786 0.09385978228296586 0
1.88020012611625 0.09930999876054478 0
1.88072804261253 0.109296053095329 0
1.871815907498718 0.104760215147707 0
1.871287991008583 0.09477416101425525 0
1.862903772302948 0.1002243773672504 0
1.863431689008285 0.110210431594521 0
1.854519553897365 0.1056745936656814 0
1.853991637100109 0.09568853947523422 0
1.845607418839836 0.1011387558858007 0
1.846135335581044 0.1111248100538301 0
1.837223200615132 0.1065889722489579 0
1.836695283848993 0.09660291812247088 0
1.828311065669856 0.1020531344947442 0
1.827783148905426 0.09206708040282709 0
1.819398930773528 0.09751729682185731 0
1.819926847606001 0.1075033508695836 0
1.811014712738877 0.102967513157029 0
1.81048679557476 0.09298145921468892 0
1.802102577861552 0.09843167565487117 0
1.802630495016004 0.108417729742002 0
1.79371836012125 0.1038818918717058 0
1.793190442743009 0.09389583815043392 0
1.784806225367792 0.09934605447887664 0
1.785334141382897 0.1093321072206762 0
1.776422007458515 0.1047962700268479 0
1.77589409117618 0.09481021785396457 0
1.767509873496917 0.1002604335799818 0
1.768037790324789 0.1102464864986394 0
1.759125656124355 0.1057106492649911 0
1.758597739510415 0.09572459697032804 0
1.750213521951306 0.1011748125724156 0
1.750741438903745 0.1111608651270979 0
1.741829304949519 0.1066250280752647 0
1.741301387744045 0.09663897569145719 0
1.732917171086813 0.1020891913151811 0
1.733445088098537 0.1120752438153052 0
1.724532954429473 0.1075394069144021 0
1.7240050374439 0.09755335464719196 0
1.715620820904979 0.1030035702143981 0
1.715092903944405 0.09301751809644379 0
1.706708687590863 0.09846773380609497 0
1.707236602758375 0.1084537843533344 0
1.698324470838908 0.1039179487098318 0
1.697796553396941 0.09393189740798066 0
1.689412338209953 0.09938211301562368 0
1.689940255299609 0.1093681647759175 0
1.681028122408555 0.1048323284552397 0
1.68050020407028 0.09484627717979784 0
1.672115989379149 0.1002964926191038 0
1.672643906704801 0.1102825435177525 0
1.66373177417078 0.1057467074860823 0
1.663203856542893 0.09576065736416711 0
1.654819641906747 0.1012108721281705 0
1.655347559149567 0.1111969224230049 0
1.646435427258278 0.1066610868671554 0
1.645907509959918 0.09667503670103833 0
1.637523295461035 0.1021252514942694 0
1.636995378165814 0.09213920148196716 0
1.62861116386116 0.0975894164799356 0
1.629139081163449 0.1075754662488699 0
1.620226950214112 0.1030396313998199 0
1.619699032088642 0.09305358158935428 0
1.611314818862892 0.09850379650674375 0
1.611842736313966 0.1084898450393209 0
1.602930604361194 0.1039540086698412 0
1.602402689665344 0.09396796552117362 0
1.594018475746703 0.09941817821747778 0
1.594546392663355 0.1094042245194211 0
1.585634263117613 0.1048683906515769 0
1.585106347526003 0.0948823471112287 0
1.576722133660082 0.1003325589282346 0
1.577250050435912 0.1103186025900407 0
1.568337922406554 0.1057827704580693 0
1.567810004836725 0.09579672758410573 0
1.559425793738669 0.101246939194219 0
1.559953711806584 0.1112329831368338 0
1.551041584116476 0.1066971504683824 0
1.550513665691045 0.09671110776864263 0
1.542129457138977 0.1021613194164383 0
1.542657375193808 0.1121473625540566 0
1.533745249389447 0.1076115312276665 0
1.533217330801449 0.09762548826804895 0
1.524833123556699 0.1030757002547656 0
1.524305205010217 0.09308965762485996 0
1.515920997611072 0.09853986964448169 0
1.51644891598691 0.1085259117755551 0
1.507536792399236 0.1039900826681499 0
1.507008871689208 0.09400403982026741 0
1.498624666715524 0.09945425212527517 0
1.499152588419045 0.1094402949242932 0
1.490240462228551 0.1049044629139275 0
1.489712542593769 0.09491842377519351 0
1.481328338915217 0.1003686344956676 0
1.481856257878214 0.1103546720724557 0
1.47294413630465 0.1058188441160414 0
1.472416217238618 0.09583280769380509 0
1.464032015249442 0.1012830170705652 0
1.463504096192455 0.09129698105422697 0
1.455119894884234 0.09674719142687968 0
1.455647814067631 0.1067332260556642 0
1.446735695246006 0.1021974013132167 0
1.447263614990103 0.1121834341454323 0
1.438351498257588 0.1076476098848888 0
1.437823577725722 0.09766157700729684 0
1.429439381967097 0.1031117857194676 0
1.428911456682759 0.09312575263873396 0
1.420527265103919 0.0985759633282135 0
1.421055187405745 0.1085619932107373 0
1.412143073162354 0.1040261704128137 0
1.411615158438221 0.09404015870767246 0
1.403230962306531 0.09949035801768288 0
1.403758883787822 0.1094763801699668 0
1.394846775976604 0.1049405643119789 0
1.394318859102723 0.09495455134632975 0
1.385934662747206 0.1004047465007415 0
1.386462594585377 0.1103907767617588 0
1.377550477767408 0.1058549434459198 0
1.377022556714051 0.09586893737213842 0
1.368638369048297 0.1013191319466663 0
1.369166298847892 0.1113051497135591 0
1.360254189190879 0.1067693247494914 0
1.359726262891261 0.09678332010010061 0
1.351342089332988 0.1022335151359895 0
1.351870012277463 0.112219521239364 0
1.342957917472461 0.1076837119781073 0
1.342429993101927 0.0976977075034352 0
1.334045822731687 0.1031479043246328 0
1.333517898460472 0.09316190076615388 0
1.325133727828324 0.0986120980543915 0
1.325661651466108 0.1085980996346744 0
1.316749492329491 0.1040621891948628 0
1.316221635503078 0.0940762952008104 0
1.307837458038166 0.09952648007491818 0
1.308365300556719 0.1095123421333793 0
1.299453291634568 0.1049766572653955 0
1.298925380316932 0.09499070060770262 0
1.29054122304929 0.1004408874123703 0
1.291069148969942 0.1104268660190315 0
1.282157072908202 0.105891074287385 0
1.281629144494162 0.09590509982219737 0
1.273244996826539 0.1013552830978593 0
1.272717069861546 0.09136930631911633 0
1.264332923554386 0.09681949578523849 0
1.264860850684815 0.1068054680355628 0
1.255948783275106 0.102269684417573 0
1.256476687963562 0.1122556469295784 0
1.247564603206212 0.1077198330378985 0
1.247036712341485 0.0977338965839043 0
1.238652563877604 0.1031840480970217 0
1.238124637102689 0.0931981135362496 0
1.229740527690454 0.09864830504789229 0
1.23026837377042 0.1086341680515245 0
1.221356409398515 0.1040984743514187 0
1.220828498796281 0.09411258650480139 0
1.212444375974898 0.09956274158911922 0
1.212972305493818 0.1095486522291026 0
1.204060270513178 0.1050128881036017 0
1.203532350389996 0.09502700911561976 0
1.195148236631014 0.1004771529700893 0
1.195676173717711 0.1104630462308429 0
1.18676415164479 0.1059272908405587 0
1.186236205784969 0.09594140151552635 0
1.177852137711811 0.1013915549414583 0
1.178380075765128 0.1113774418200777 0
1.169468073883798 0.1068417032967539 0
1.168940135203038 0.09685582124817339 0
1.160556079630994 0.1023059669264231 0
1.160028139681078 0.09232009336680658 0
1.151644092238057 0.09777024342223806 0
1.152172040239091 0.1077561125397694 0
1.143260054687887 0.1032203847467488 0
1.142732093270451 0.09323452352553319 0
1.134348075292871 0.09868467330353131 0
1.134876018706412 0.1086705166847605 0
1.125964096392413 0.1041348441342288 0
1.125436147459138 0.0941490658691656 0
1.117052117365451 0.09959916424750638 0
1.117580145661666 0.1095850198001638 0
1.10866813530702 0.1050492508096562 0
1.108140193960609 0.0950635297769732 0
1.099756187865195 0.1005135998373685 0
1.100284188627366 0.1104993973801419 0
1.091372237281329 0.1059636577951547 0
1.090844252020135 0.0959779434247203 0
1.082460339109189 0.1014280175787817 0
1.082988302749625 0.1114137456245313 0
1.074076428862662 0.1068781041331701 0
1.073548467312857 0.09689239069466728 0
1.065164572919485 0.1023424674116895 0
1.06463660891718 0.09235677297648609 0
1.056252732152913 0.09780685876221958 0
1.056780708547923 0.1077925426991504 0
1.04786887573026 0.1032569253989816 0
1.047340870582757 0.09327125775346926 0
1.038957053526157 0.09872134085578349 0
1.039485024107593 0.1087069730922162 0
1.030573307101615 0.1041714629592364 0
1.030045342295266 0.09418595139679611 0
1.021661505002317 0.09963593623596013 0
1.022189620699357 0.1096216047395653 0
1.013277743702229 0.1050859016981999 0
1.012749803109453 0.09510049906128482 0
1.00436598699227 0.1005504326514433 0
1.004894068361331 0.1105359793907482 0
0.9959822962767345 0.1060003394641253 0
0.9954542624602661 0.09601493384975447 0
0.9870706433690765 0.1014649001217285 0
0.9875986471545689 0.111450294433801 0
0.9786870410115558 0.1069148497119679 0
0.9781590269549351 0.09692947217380528 0
0.969775447613022 0.1023794190773166 0
0.9692474358758727 0.09239406708809862 0
0.9608638812311971 0.09784403595087456 0
0.9613919244031139 0.1078293641183041 0
0.9524803751009853 0.1032939615682055 0
0.9519522804398617 0.093308663260224 0
0.9435688585121038 0.09875862325879911 0
0.9440968764871399 0.1087438407285468 0
0.9351855926322823 0.1042086761741643 0
0.9346575446917471 0.09422371501913081 0
0.9262740762114385 0.09967346195699869 0
0.9268024401033184 0.1096587533047866 0
0.9178908073914176 0.1051231602508405 0
0.9173627841096847 0.09513844025105429 0
0.9089794199089469 0.1005880664788749 0
0.909507672479647 0.1105730982048793 0
0.9005962663444749 0.1060376455122467 0
0.9000680858927042 0.09605294900512758 0
0.8916850869476858 0.1015025884323771 0
0.8922131767366622 0.111487322167891 0
0.8833021034035314 0.1069522742202136 0
0.8827740134502233 0.09696758921206988 0
0.8743910921092944 0.1024172398420382 0
0.873862991931148 0.09243262910108509 0
0.8654801400394381 0.09788231258261268 0
0.8660082249448434 0.1078668634573529 0
0.8570974074404362 0.1033319829288062 0
0.8565688659344329 0.09334748962021901 0
0.8481864261508302 0.09879715281181364 0
0.8487146032050108 0.1087814591144625 0
0.8398035279529215 0.104246117544899 0
0.8392751136736295 0.09426236091518826 0
0.8308930474803239 0.09971188471968175 0
0.8314212946693993 0.1096960287382148 0
0.8225107487132464 0.1051613323580732 0
0.821981855734506 0.09517737144507943 0
0.8136001664927661 0.1006268797692102 0
0.8141282671319998 0.1106102567313034 0
0.8052181658373908 0.1060760478992929 0
0.8046899480182024 0.09609317313956685 0
0.7963078887962041 0.1015421558097399 0
0.7968362186756694 0.1115252407741055 0
0.7879261848586774 0.106990946185369 0
0.7873976387163878 0.09700820036257371 0
0.7790163032514146 0.1024568917869302 0
0.7795446231996314 0.1124398963296792 0
0.7706349419448844 0.107905796721717 0
0.7701066529395364 0.09792303055471659 0
0.7617253657751761 0.1033718845861117 0
0.7611970957090968 0.09338924548218254 0
0.7528159558941661 0.09883823800384151 0
0.7533424516405134 0.1088193260031383 0
0.7444344325635299 0.1042864467327465 0
0.7439069030573473 0.0943058386634921 0
0.7355257298802598 0.09975423715798955 0
0.7360538349773799 0.1097355005473813 0
0.7271452181356306 0.1052023388113843 0
0.7266170692545054 0.09522187941650284 0
0.7182363287758429 0.1006698247523291 0
0.7187649477042209 0.1106507264843144 0
0.7098564553027924 0.1061175912124631 0
0.7093274192518446 0.09613700926513805 0
0.7009481407051328 0.1015849842376572 0
0.7014768407059444 0.1115657544378037 0
0.6925689012983882 0.1070331444807609 0
0.6920402297963855 0.09705257497380809 0
0.6836612413336514 0.1025005804722919 0
0.6831325328498903 0.0925203050180541 0
0.6747538093298873 0.09796843597731547 0
0.6752824626985334 0.107948480464551 0
0.6663755150855111 0.1034165010115259 0
0.665845075990151 0.09343671053433236 0
0.6574679848456448 0.09888476535992306 0
0.6579970161006954 0.1088638519283448 0
0.6490891298658106 0.1043301568965294 0
0.648559102647855 0.09435318743144203 0
0.6401836401504162 0.09980057769659709 0
0.640712781232034 0.109779127444257 0
0.631806952929992 0.1052478511958295 0
0.6312750732927124 0.09527015787414062 0
0.6229009094253207 0.1007176141892485 0
0.6234296765237468 0.1106931113739808 0
0.6145255276805581 0.1061637432197107 0
0.6139963260775764 0.09619038842099073 0
0.6056206918334239 0.1016357502308185 0
0.6061503534821855 0.1116099588806673 0
0.5972465280279985 0.1070803061333204 0
0.5967164397241423 0.09710649695384528 0
0.5883434325371142 0.1025520212868023 0
0.5888729490686125 0.1125257353434608 0
0.5799706950614312 0.1079972057676462 0
0.5794410760491415 0.09802384850967548 0
0.5710688832356144 0.1034689094700607 0
0.5705392762567294 0.09349612623507082 0
0.5621675300457336 0.09894158681310686 0
0.5626976449723694 0.1089139289824695 0
0.5537965950150936 0.1043863571712851 0
0.5532653314713298 0.09441448292633506 0
0.5448962042059777 0.09985999102830709 0
0.5454261925124185 0.1098301626986785 0
0.536529795113005 0.1053072087724463 0
0.5359984750342304 0.09534217488579538 0
0.5276286063846058 0.1007838146184356 0
0.528165233381214 0.1107548401873671 0
0.5192633856318618 0.1062240381166246 0
0.5187315807875126 0.09626443878406443 0
0.510365231883965 0.1017030290679438 0
0.5108998105412074 0.1116686022615701 0
0.5020018973635849 0.1071408716838109 0
0.501468807994166 0.09718111131788183 0
0.4931084073311893 0.1026200226876522 0
0.4936396468816121 0.1125806042270801 0
0.4847481182236061 0.1080598414177578 0
0.4842169019690532 0.09810021428097626 0
0.4758574481105479 0.1035393622180146 0
0.4753261972210078 0.09358101128760461 0
0.4669679893108276 0.09902133684914638 0
0.4674843070556214 0.1089656700363516 0
0.4586053211627446 0.1044518098726162 0
0.458078870397568 0.09451521759891852 0
0.4497208100689419 0.09995015750339332 0
0.450256601489306 0.1098964862178379 0
0.4413718461715249 0.1053816137123537 0
0.4408340952584343 0.09544640331635404 0
0.4324862179012968 0.1008745407231784 0
0.4330212923823996 0.1108157053583279 0
0.4241409328846869 0.1063025187312242 0
0.4236032741182276 0.09636357872731929 0
0.4152612679656582 0.1017935774376163 0
0.4157953452091917 0.1117350273101702 0
0.4069202109346225 0.1072248265474612 0
0.4063857772585932 0.09728651398074385 0
0.3980468317952148 0.1027168756872949 0
0.3975122988893196 0.09278125987384539 0
0.3891770968214965 0.09821295084672024 0
0.389709649603824 0.108142878487347 0
0.3808452221538574 0.1036378905918291 0
0.3803019204092557 0.09371037923799237 0
0.3719824943177746 0.09914095340314955 0
0.3725183476760368 0.1090617309527526 0
0.3636626076153199 0.1045642481374903 0
0.3631128768852689 0.09464331139585483 0
0.3548066697144667 0.1000705999536966 0
0.3553545236803524 0.1100051753764185 0
0.3465056696475097 0.105507899785939 0
0.3459297709271734 0.095578258170055 0
0.3376450936288284 0.1010077758436078 0
0.3381916945227201 0.1109177801551521 0
0.3293457246368732 0.1064138483463937 0
0.3287689454897501 0.09651498255137415 0
0.3204987102915051 0.1019374623092604 0
0.321045409612789 0.111819689817575 0
0.3122133465077781 0.1073421166931213 0
0.3116724141929598 0.09745630693676938 0
0.3033827443788764 0.1028637864822036 0
0.302838782446603 0.09298315119900764 0
0.2945491475982087 0.09838463487185968 0
0.3127526266641713 0.1172258767225643 0
0.2940105177470511 0.08849644599899086 0
0.2857181030766676 0.09390773486987304 0
0.2851770533832324 0.08401777022633797 0
0.2768818652094513 0.089428285638393 0
0.3022568203644194 0.08308749652652292 0
0.2862619334322558 0.1037935373309498 0
0.276342880170959 0.07953542884008286 0
0.2680431555813881 0.08494624508543165 0
1.991834554068366 0.07838745615274176 0
0.2675058461638077 0.07505538024312183 0
0.2592086912831935 0.08046953533765139 0
0.2597466898406753 0.09035776818964859 0
0.2509150718067786 0.08588299109578575 0
0.2503732155306783 0.07599314588246639 0
0.2420812600699158 0.08141015878765315 0
0.2415350103274956 0.07151965292381013 0
0.2332426415936996 0.07693686602529251 0
2.017515128009131 0.07202286067663946 0
0.2337896560780213 0.08682366906710727 0
0.2249512924065153 0.08235378854028752 0
0.2244046437810868 0.07246449739180991 0
0.2161134525339973 0.07788635008047082 0
0.2155624932546769 0.0679920321213798 0
0.2072709747123673 0.07341696531397257 0
0.2758073556554597 0.06963826897236158 0
0.2078342649985115 0.08330917969128906 0
0.1989834709894613 0.07884115340749168 0
0.1984275520384485 0.06895133661944583 0
0.190140465144562 0.07437761846377103 0
0.1907171145692005 0.08426918499017118 0
0.1818598694466629 0.07980215604622115 0
0.1812967198979798 0.06991569433742398 0
0.1730130894834925 0.07534549273571486 0
0.1735745019040835 0.08522802646074523 0
0.1647318035215535 0.08077511210881705 0
0.1652942169657865 0.09065598596864827 0
0.1564514233839589 0.0862043620028134 0
0.155877373669118 0.07632151008195631 0
0.1476041531375637 0.0817521160549204 0
0.1481690502158863 0.09164038157089119 0
0.1393233577449045 0.08719221260066558 0
0.1398871146779403 0.09708046629874811 0
0.1310410365226053 0.09263057849906825 0
0.1316078100293521 0.1025205300486318 0
0.1227558797648318 0.09806484786071235 0
0.1233228687273644 0.1079584032601243 0
0.1144721534218446 0.103502560476577 0
0.1150359172761661 0.1133968564997695 0
0.1061821507909774 0.1089418910825749 0
0.1067543648479932 0.1188361841284299 0
0.1056163294881669 0.09903999652532987 0
0.09731976135432818 0.1044855822718145 0
0.09675335186661038 0.09457331354718013 0
0.08845103297004742 0.1000250263009128 0
0.08787980001476381 0.09010721483366943 0
0.0961889943273937 0.08465359610895484 0
0.08730966652738026 0.08018305413682414 0
0.1387713633084732 0.07730757831279236 0
0.07899628908048273 0.08564174997126373 0
0.07842420314277909 0.07571052704542172 0
0.0956233858390203 0.07472875579648994 0
0.07010328594781301 0.08117307002093507 0
0.0695315060055921 0.07123157734714355 0
2.13178914319381 0.101030594493514 0
2.13231705975963 0.1110166498202088 0
0.114472039591344 0.2672795299488368 0
0.1056838705639669 0.2626817009013517 0
0.09734834103937828 0.2680819900122091 0
0.09688639195286286 0.2581043341545234 0
0.08854548442046917 0.2635334369985249 0
0.08807721884758246 0.2536103685757717 0
0.07973497958570652 0.2589975622527383 0
0.07926942478590826 0.2490946698435502 0
0.08760495007970803 0.2437087237932692 0
0.07880562995709983 0.2391973175478788 0
0.08714425445445495 0.2338386826267442 0
0.07834612161356391 0.2292981409827727 0
0.08668114138064653 0.2239479444209271 0
0.07788752645038022 0.2194026278758527 0
0.08621601441954585 0.214050793415949 0
0.07742319496093453 0.2095081803424376 0
0.08575182605865228 0.2041568825345286 0
0.07696485350544013 0.1996144496478992 0
0.08529045008067748 0.1942675440565036 0
0.07648995997693886 0.1897217595396405 0
0.08482812165098474 0.1843719766140334 0
0.07603674289652607 0.1798227139430551 0
0.07092032991110142 0.2544607385408459 0
0.06862208380337642 0.2048951475900252 0
0.08436618736008406 0.1744720900434475 0
0.07555947310204147 0.1699222289006714 0
0.0672278292578492 0.1752098369896785 0
0.06675527834351036 0.1653419154329764 0
1.985034084667677 0.1137958377492567 0
0.1156024826372867 0.1232882583319033 0
0.06480186424635725 0.3093013287174717 0
0.2849990723503508 0.2286457967133343 0
0.2937863097433412 0.2331106157968982 0
0.285528315702822 0.2384882242338416 0
0.2943164119788115 0.2429591354196884 0
0.2860424214784277 0.2483379327978026 0
0.06120539823357563 0.07669623304289488 0
0.06177873114783017 0.08664328132702881 0
0.06063481341819554 0.06674775649623535 0
0.06896604397539408 0.06128035900234396 0
2.084651326614344 0.1936482259236279 0
0.06434158412149982 0.2993764504951398 0
0.06006410392756445 0.05679413929750401 0
0.09409518855796128 0.1987868291970495 0
0.2948380460754731 0.2528133405888489 0
0.1234022482859219 0.2718899171285051 0
0.1404496096365636 0.1069775543962797 0
0.2865644355834315 0.2581888149420337 0
0.07507795693581754 0.1600475942058962 0
0.06628316419733338 0.1554510539340979 0
0.167753007190744 0.3044192799561214 0
0.1140128620352858 0.2571989679367906 0
0.09548224562412977 0.2284949206920552 0
0.3031138576844425 0.2474314081605966 0
2.140701279067555 0.1055664329947673 0
2.140173362496997 0.09558037765756339 0
2.141229195630742 0.1155524883212082 0
0.05793872900550712 0.1607782106212939 0
0.05746109848674696 0.1508807538124662 0
0.06579355801041498 0.1455850674465039 0
0.05699463664258264 0.1409636522703147 0
0.303636623327951 0.2572929971925192 0
0.3119152082197242 0.2519062365363347 0
2.132844976321629 0.1210027051420469 0
2.141757112186808 0.125538543645932 0
0.05595545424531001 0.3047388324135951 0
0.05643000204190596 0.3146863933130873 0
0.05552647338777983 0.2948245091232189 0
0.1073273753113119 0.1287247606166466 0
0.1161705980882142 0.1331689807507911 0
0.05287701953627133 0.08216573152194137 0
0.05341149443932225 0.09205629842591775 0
0.0683983100025114 0.0513234253534349 0
0.05949252787118509 0.04683624938213751 0
0.05115470739497696 0.05230662176922801 0
0.3124230673327684 0.2617469114209376 0
0.3207278475220618 0.2563850701189587 0
0.2705744902695533 0.2992282550745746 0
0.2617189129382538 0.2949059644758546 0
0.4074539646549236 0.1171632648205126 0
0.2195990253793896 0.3117992229440729 0
0.09316635268671192 0.1790175443425475 0
0.174156345861002 0.09509952363020541 0
0.426700360453188 0.3212054224232911 0
0.2210696836338486 0.341479161981185 0
0.321576627404172 0.1217023296638838 0
0.3132876180787462 0.1271034757908543 0
0.3221093498273038 0.1315811151189919 0
0.3138223580809512 0.136980997323472 0
0.3226420944503027 0.1414580170071741 0
0.3143552524141303 0.1468542993798427 0
0.3055403571016539 0.1423811931406828 0
0.3231737383363561 0.1513313523995815 0
0.3314625648972805 0.1459347952067351 0
0.3060738724544738 0.1522467573914232 0
0.2972692335717978 0.1477781697298234 0
0.3319964074656367 0.1558137068883036 0
0.340288042495694 0.1504122006987132 0
0.3408218479163264 0.1602975322295326 0
0.3491098596785149 0.1549083055194447 0
0.2978022101643407 0.157636367784835 0
0.2890037776484011 0.1531705008033595 0
0.2884689585658298 0.1433190575781702 0
0.306603020260124 0.1621057258971936 0
0.2108031858582528 0.3072830306544908 0
0.2191058888910334 0.3019260130606566 0
0.210321960973711 0.2974182931213449 0
0.5046241980649797 0.3221590491033874 0
0.4852775520388954 0.1180176131057024 0
0.4163261948834023 0.1216719260454889 0
0.4079865366552026 0.1270996264645036 0
0.4168555656014146 0.1316079993225124 0
0.4085182936328148 0.1370343559524264 0
0.4173860147590717 0.1415425359938259 0
0.4091079541217074 0.1470559593215113 0
0.4179666657912144 0.1516197698838706 0
0.4262614377203804 0.1460753266941588 0
0.4001946148484786 0.1424761165957608 0
0.400785713180976 0.1524952618367548 0
0.4267965118184629 0.1561116492353139 0
0.4351264625899774 0.1505843621467397 0
0.4356518288446019 0.160512164144054 0
0.443995539762875 0.1550736470444426 0
0.3918717352955745 0.1479008801130354 0
0.3924100882886672 0.1578230914357227 0
0.4014232719541625 0.1626112275057343 0
0.4251485801461048 0.2913385697852685 0
0.4162724133714168 0.2868124439659783 0
0.4246293856350454 0.2813899637112257 0
0.415757700642601 0.2768648528185478 0
0.4241112987454652 0.2714446930842333 0
0.4152426976333644 0.2669209974650686 0
0.4235939711929416 0.2615017169865116 0
0.4324604076119057 0.2660200658536337 0
0.4147262683423708 0.2569809998425885 0
0.4063790422811935 0.262396273002614 0
0.4319447335148681 0.2560817510495246 0
0.4408118638490575 0.2605994717694532 0
0.4059069298535317 0.2524037559656603 0
0.3975286228252347 0.2578626846006109 0
0.1418990279707718 0.3007003424728757 0
0.5030580557030814 0.2922494532015938 0
0.494166302925989 0.2877182173183053 0
0.5025347185978783 0.282283848676033 0
0.4936456125059879 0.2777537554024525 0
0.5020121794092911 0.2723200590316884 0
0.4931248176415934 0.2677913051432679 0
0.5014897070181515 0.2623587780955349 0
0.5103779912393412 0.2668870333037789 0
0.4926026289140079 0.2578316314163425 0
0.5098549615051567 0.2569257779710185 0
0.5187438221543232 0.2614536152844562 0
0.4842398931506721 0.2632620686726581 0
0.4837191374751935 0.2533046473837208 0
0.5999129123759688 0.3221702085676196 0
0.5805002819784688 0.1179700490772182 0
0.5983376118501512 0.2922357166958609 0
0.5894353533124539 0.2877021058814101 0
0.5978118784130668 0.2822595772987664 0
0.5889104043631496 0.2777263122906732 0
0.5972865192544592 0.2722844363443107 0
0.5883864985431955 0.2677515345706941 0
0.5967703237834402 0.2622963316720868 0
0.6056631924532563 0.2668401878254257 0
0.5878771988004623 0.2577586380725918 0
0.5794904054473341 0.2632154992217799 0
0.6051634606001889 0.2568329741819563 0
0.6140416018700973 0.261394296652287 0
0.5789629386912173 0.2532470932883918 0
0.570588266358427 0.2586911277217487 0
0.7125428817492194 0.3212448154351713 0
0.693097615399382 0.1170134817673922 0
0.4941689950983313 0.1225391145093467 0
0.4858084048808686 0.1279758482179083 0
0.494698015871766 0.1324964297563627 0
0.4863240289216513 0.1379254042026929 0
0.4952249056729127 0.142451563225338 0
0.4868389536252299 0.1478625832132033 0
0.495751759211925 0.1524043516762297 0
0.5041117918645892 0.1469750285833979 0
0.5046442236676467 0.1569289956573545 0
0.5130009240950387 0.1514960242922243 0
0.5135312126358906 0.1614531493671473 0
0.5218896945058848 0.1560180309898923 0
0.4873895478010122 0.1578300737328463 0
0.7109627900869957 0.2912972537384725 0
0.7020549090713417 0.2867625812910944 0
0.7104358328844563 0.2813156555643432 0
0.7015285286039852 0.2767811022392217 0
0.7099090179312622 0.2713345278765759 0
0.7010021747961697 0.2668002326839209 0
0.7093823333009841 0.2613537544985676 0
0.7182892396208035 0.2658879309811465 0
0.7004756221092814 0.2568198564328083 0
0.6920960320401113 0.2622657366129821 0
0.7177623505375781 0.255907318977309 0
0.7266693843822705 0.2604413833627849 0
0.6915775709361942 0.2522771328014425 0
0.6831919671292712 0.2577299046589703 0
0.8079126068838569 0.3212186213431623 0
0.5894016769213672 0.1224983636183152 0
0.5810297041814318 0.1279424364019806 0
0.5899302067422739 0.1324706996597637 0
0.5815588655585988 0.1379144224829046 0
0.5904588275732702 0.14244243467295 0
0.5820878699360756 0.1478860363670376 0
0.5909876357507053 0.1524138128475477 0
0.5993587494702994 0.1469704084160022 0
0.573188751905118 0.1433583863573236 0
0.5737178752878889 0.1533283561140461 0
0.5999016970225708 0.1569651000146102 0
0.6082616679781672 0.1515022311509354 0
0.608796094684569 0.1614839944209638 0
0.6171620080521141 0.1560295575787893 0
0.5648197846753911 0.1488018777126907 0
0.5653489146329282 0.1587700378039784 0
0.7020051457466434 0.1215460465086722 0
0.6936264073126015 0.1269939961178597 0
0.7025333420667682 0.1315262517112812 0
0.6941549301890613 0.1369740070921926 0
0.7030615748124074 0.1415060900081712 0
0.6946831339337525 0.146953391838133 0
0.6857765187900753 0.1424212507170245 0
0.7035897236654376 0.1514859918180491 0
0.71196825313137 0.1460386501270943 0
0.6863050835450134 0.1524001810177822 0
0.6773991054983231 0.1478686675129855 0
0.7124964250751935 0.1560186015416054 0
0.7208752109769667 0.1505710644471266 0
0.677927394667075 0.1578468390493388 0
0.6690200053360045 0.153311902017579 0
0.7214034103643098 0.1605511447409878 0
0.7297824591063338 0.1551033898302213 0
0.6868477838710951 0.1624019713034107 0
0.7711628354086745 0.1178883486997156 0
0.8063307115191852 0.2912657064579482 0
0.7974206949475927 0.2867304394341318 0
0.8058032818356797 0.2812818693100152 0
0.796893524170712 0.2767465876707721 0
0.8052759429677531 0.2712982328151718 0
0.7963665081373957 0.2667630299012426 0
0.8047485983886756 0.2613148568874455 0
0.8136581392115543 0.2658498356970934 0
0.7958392128284772 0.2567799465339582 0
0.7874573323202466 0.2622279078223221 0
0.8131307538359442 0.2558665184373841 0
0.8220403518347792 0.2604014665424152 0
0.786931866505251 0.2522421352456665 0
0.7785482673195758 0.2576934758688519 0
0.8859998380874214 0.3221010993753221 0
0.8838301999230083 0.1169368920758366 0
0.7800726500523539 0.1224225370906645 0
0.7716911253811114 0.1278710278777668 0
0.7806006906367953 0.1324051027038041 0
0.7722175665348345 0.1378527803663886 0
0.7811284772015308 0.1423873735922135 0
0.7727436737176832 0.1478329795143274 0
0.781656222155974 0.1523693484868998 0
0.7900377337768892 0.1469212261999556 0
0.790565978666159 0.1569037526330561 0
0.798947040047409 0.1514551802020981 0
0.7994751321686318 0.161437765922521 0
0.8078563535302258 0.1559891261515732 0
0.7732740044537396 0.1578159300120237 0
0.884417134123517 0.2921460078018577 0
0.8755062257746357 0.2876105006233861 0
0.8838894937249372 0.2821612363086226 0
0.8749787931452074 0.2776257645830903 0
0.8833619051646657 0.2721765919451014 0
0.8744513242019973 0.26764118473468 0
0.882834328825416 0.2621920649025944 0
0.8917449702001279 0.2667274246849066 0
0.8739237597075402 0.2576567815676117 0
0.8912173471840886 0.2567429271832797 0
0.9001280254595463 0.2612782588808432 0
0.8655408964094095 0.2631057623916715 0
0.8650133732142542 0.2531214723146344 0
0.8927411655774978 0.1214719209736354 0
0.8843583194436827 0.1269215476419098 0
0.8932691322478169 0.1314564912007939 0
0.8848863689962554 0.136906072780241 0
0.8937971096861772 0.1414409725461248 0
0.8854163235976384 0.1468934375755761 0
0.8765040035729164 0.1423561343197717 0
0.8943268198648774 0.1514301901914877 0
0.9027080762032171 0.1459769360474592 0
0.8770340219057414 0.1523433924642102 0
0.8681215557429089 0.1478057171979176 0
0.9032363140444805 0.1559645831700897 0
0.9116187276791307 0.1505119777915526 0
0.8686514301529518 0.1577928005244733 0
0.859739188009917 0.1532550358878529 0
0.9121466858459301 0.1604954526946992 0
0.9205294873453255 0.1550463434619405 0
0.8775655729384275 0.1623335179323068 0
0.9986822670861115 0.3211539068108982 0
0.979215048738201 0.116900198150124 0
1.07677728081801 0.3220333432335493 0
0.9970989998655198 0.2911970685524706 0
0.9881873981304022 0.2866613700251309 0
0.9965712105500774 0.2812115699661389 0
0.9876596808990813 0.2766758852714961 0
0.9960434391106929 0.2712261291080733 0
0.9871319667147852 0.2666904764061478 0
0.995515683506405 0.2612407317322173 0
1.004427118111207 0.2657762981900982 0
0.9866042271227102 0.2567051289765435 0
0.9782205828667864 0.2621547976563808 0
1.00389937603797 0.2557909795768412 0
1.012810826723801 0.2603265327018532 0
0.9776938576011688 0.2521684229979627 0
0.9693094611193369 0.2576189521813597 0
1.074604393868219 0.1168638023107549 0
1.075193798330642 0.2920759180012041 0
1.066281966126641 0.2875401571884008 0
1.07466595216546 0.2820901790367866 0
1.065754173099655 0.2775544284213659 0
1.074138119572055 0.2721044728046065 0
1.065226370661851 0.2675687387049358 0
1.073610290172635 0.2621187963101681 0
1.082522053962938 0.2666545185118109 0
1.064698544519824 0.2575830932523054 0
1.081994213252728 0.2566688495309128 0
1.090905986083014 0.2612045640962459 0
1.056314660126185 0.2630330006753648 0
1.055786795765968 0.2530475098266852 0
1.172169529732618 0.3219980102045465 0
0.9881266087569882 0.1214356260546723 0
0.9797430613009027 0.1268855265704108 0
0.9886545604639275 0.1314209408021098 0
0.9802710456300838 0.1368708230954258 0
0.9891825178915206 0.1414062255721495 0
0.980799964590536 0.1468574977715202 0
0.9897113066755729 0.1513937425741196 0
0.9980940789197428 0.1459420970925767 0
0.971887762452727 0.1423209376100382 0
0.9724167008100295 0.1523075742845074 0
0.9986221662683061 0.1559288644098391 0
1.007005487211209 0.1504775316057595 0
1.007533433918873 0.1604623281039777 0
1.015916943344938 0.155012648543535 0
0.9635044364617498 0.1477708529016145 0
0.9640324231118858 0.1577559530208609 0
0.9729465130831741 0.1622956757508483 0
1.083516240966435 0.1213994375548471 0
1.075132357763164 0.1268494937968986 0
1.08404417263228 0.131385121480423 0
1.075660306177825 0.1368351679853757 0
1.084572107150301 0.1413707896409302 0
1.076188725835158 0.1468215374094787 0
1.085100461526875 0.151357583159179 0
1.093483953565794 0.1459066467330103 0
1.067276556532782 0.1422853315260449 0
1.067804985941707 0.152271681986108 0
1.094011953730778 0.1558930625268434 0
1.102395722630949 0.1504422840569747 0
1.102923650807669 0.1604277075495803 0
1.111307517049896 0.1549777599209161 0
1.058892785229013 0.1477353945375256 0
1.059420734120163 0.157720969961676 0
1.068333858423512 0.1622587706638283 0
1.169996014196973 0.116827576782274 0
1.170585913093536 0.2920402226824317 0
1.161673929139033 0.2875044238622498 0
1.170058031531714 0.2820543251565585 0
1.161146065189811 0.2775185265643427 0
1.169530155513473 0.2720684428266071 0
1.160618212055813 0.2675326494090198 0
1.16900228036255 0.2620825775664725 0
1.177914232657417 0.2666183552730583 0
1.160090340043403 0.2575468042912439 0
1.151706285727967 0.2629968618320205 0
1.177386353264961 0.2566324944407952 0
1.186298308143418 0.2611682708512997 0
1.15117854346758 0.2530108215846287 0
1.142794366464956 0.2584611207844949 0
1.178908001258787 0.1213633116922256 0
1.170523953649242 0.1268134448141742 0
1.179435923500803 0.131349176013757 0
1.171051884496011 0.1367993035775383 0
1.179963847342745 0.1413350301414186 0
1.171579810778589 0.1467851449016824 0
1.180491769282008 0.151320872668412 0
1.188875810121188 0.1458707589582606 0
1.162667863314485 0.1422494286435865 0
1.163195787666751 0.1522352512890363 0
1.189403736027781 0.1558566118994411 0
1.197787781856729 0.1504064888934684 0
1.198315707412378 0.1603923531127581 0
1.206699760493114 0.1549422236491502 0
1.154283694140812 0.147699473993665 0
1.154811469464697 0.1576851207273771 0
1.163723651836682 0.1622210213696998 0
1.267562587358531 0.3219623160597893 0
1.26538877304523 0.1167914367863493 0
1.257004598476699 0.1222416014620397 0
1.265916686632947 0.1267773923580902 0
1.25753254588365 0.1322275579476944 0
1.266444610682269 0.1367633446611898 0
1.258060403682942 0.1422134772986205 0
1.26697253744014 0.1467492952627277 0
1.275356663527502 0.1412991272836054 0
1.275884586033825 0.1512850811096734 0
1.284268715743417 0.1458349093191593 0
1.258588416536119 0.1521994629908769 0
1.28479663826297 0.155820867513374 0
1.293180770690774 0.1503706932853139 0
1.249148206434353 0.1376775498281569 0
1.293708693293599 0.1603566551688143 0
1.302092816885175 0.1549065020157598 0
1.265978902799727 0.2920043344357898 0
1.257066842117545 0.2874685162357952 0
1.265451002898597 0.2820183578694179 0
1.256538951614398 0.2774825396724659 0
1.264923106349964 0.272032388796962 0
1.256011066597711 0.2674965735534123 0
1.264395284741637 0.262046313220415 0
1.273307266190075 0.2665822179988576 0
1.255483302137448 0.257510457777388 0
1.247099059154681 0.2629607325959245 0
1.27277957514096 0.2565959880874674 0
1.281691439329527 0.2611320343050343 0
1.246571144866972 0.2529748194309778 0
1.238187003091304 0.2584249854302332 0
1.263804993410866 0.08683351614015569 0
1.272189147955006 0.08138332600168985 0
1.263277062793774 0.07684752870092632 0
1.271661225172526 0.07139733485179464 0
1.262749127186344 0.06686153324056296 0
1.27113329477268 0.06141133353291475 0
1.26222119702334 0.0568755315380835 0
1.253837027439196 0.06232573434201705 0
1.280045394228122 0.06594713859428578 0
1.279517465575658 0.05596112961176816 0
1.288429566309142 0.06049693677812504 0
1.253309096607196 0.05233973026340941 0
1.244924927548939 0.05778993693994022 0
1.362956081951431 0.3219264348827838 0
1.361372364281629 0.2919683636459098 0
1.352460266261282 0.2874325356466219 0
1.360844456016495 0.2819823479932397 0
1.351932362410639 0.2774465199222879 0
1.360316549136644 0.2719963360650586 0
1.351404461285126 0.2674605092806291 0
1.359788644172654 0.2620103276309339 0
1.36870073281059 0.266546151498366 0
1.350876557386124 0.2574745057851932 0
1.342492378665096 0.2629246834508011 0
1.36817282684001 0.2565601438473114 0
1.377084915915321 0.2610959672152046 0
1.341964506437089 0.2529386296971329 0
1.333580296563667 0.258388869677909 0
1.475646104618948 0.3209761018808533 0
1.343485904059397 0.1176697115073192 0
1.456175732243002 0.1167192590867954 0
1.447791534213968 0.1221694656248892 0
1.456703649761383 0.1267052906904968 0
1.448319453211199 0.1321554962360214 0
1.457231567619795 0.1366913207881665 0
1.448847402670401 0.1421415716143722 0
1.457759524911773 0.1466774503907754 0
1.439935263998235 0.137605709737585 0
1.44046324583919 0.1475918304298796 0
1.43155107951361 0.1430559260222782 0
1.466143688653256 0.1412271617948244 0
1.466671610967487 0.1512132413537063 0
1.475055799356314 0.1457629849185522 0
1.43207903016985 0.1530419973254251 0
1.423166887160209 0.1485061252993472 0
1.475583714780162 0.15574900055185 0
1.483967912556775 0.1502987986331219 0
1.423694804721748 0.1584921466307817 0
1.41478268982396 0.1539563132166515 0
1.484495830863169 0.1602848276027496 0
1.492880027766622 0.1548346242386709 0
1.467199526365378 0.1611993092018522 0
1.47406236920569 0.2910179771792649 0
1.465150249997603 0.2864821432898063 0
1.473534456312481 0.2810319393299164 0
1.464622339361229 0.2764961059470486 0
1.473006543983811 0.271045903351087 0
1.46409442883239 0.2665100709822464 0
1.472478632146963 0.2610598687429407 0
1.481390747450263 0.2655957004306674 0
1.463566517504637 0.2565240379495426 0
1.455182316464775 0.2619742378123828 0
1.480862834938791 0.2556096665829909 0
1.48977495092163 0.2601454979702484 0
1.454654437109731 0.2519881713209435 0
1.446270212336879 0.2574383992081837 0
1.454591974904646 0.08676115499028864 0
1.462976177943281 0.08131094408212236 0
1.454064055077341 0.07677511671039486 0
1.462448259741194 0.07132490490241514 0
1.453536133495694 0.06678907601207629 0
1.461920340029705 0.06133886328449709 0
1.453008213457773 0.05680303415620783 0
1.444624006548296 0.06225324739874749 0
1.470832466715014 0.06587469329566928 0
1.470304547388144 0.05588864966718887 0
1.479216675332435 0.060424480702682 0
1.444096086488815 0.05226720516597563 0
1.435711879638205 0.05771741903215297 0
1.478688756136368 0.05043843514877969 0
1.487600885606454 0.05497426682742557 0
1.276412684078563 0.1612713133154829 0
1.5537435812589 0.3218544601191515 0
1.352397942530794 0.1222055217560072 0
1.344013838257797 0.127655710984152 0
1.352925865054619 0.1321915212086293 0
1.344541571244231 0.1376417206559631 0
1.353453753506007 0.1421775202462261 0
1.345069455832101 0.1476277188609215 0
1.353981723413837 0.1521635141260706 0
1.362365855502505 0.1467133335636145 0
1.362893842678815 0.1566993214307144 0
1.345597752330352 0.157613801500821 0
1.371277944518508 0.1512491326126901 0
1.371805875586962 0.1612351333597369 0
1.55215983980391 0.2918963173325353 0
1.543247713362908 0.2873604813074551 0
1.551631925401592 0.281910271861321 0
1.542719800616427 0.2773744361206888 0
1.551104011415906 0.271924227404308 0
1.542191887578354 0.2673883921745506 0
1.550576097527435 0.2619381838749188 0
1.559488221848685 0.2664740187291167 0
1.541663973782372 0.2574023496286639 0
1.55896030759127 0.2564879754250751 0
1.567872432205591 0.2610238100381391 0
1.533279764957008 0.2628525568256145 0
1.532751851486898 0.2528665151789491 0
1.534273167806151 0.1175975741153981 0
1.649137440795484 0.3218184293730891 0
1.647553695428981 0.2918602745574975 0
1.638641564136572 0.2873244371786545 0
1.647025780001945 0.2818742239811587 0
1.638113649285349 0.2773383865757919 0
1.646497864777511 0.2718881738537869 0
1.63758573477697 0.2673523366243852 0
1.645969949757648 0.2619021242081935 0
1.654882079436897 0.2664379604533223 0
1.637057819904636 0.2573662876099528 0
1.628673605477848 0.2628164995005395 0
1.654354164643689 0.2564519114136336 0
1.663266294369544 0.2609877475797054 0
1.628145695117558 0.2528304436362265 0
1.619761476299473 0.2582806639250476 0
1.727234976109582 0.322696764572102 0
1.543185292567498 0.1221334046647519 0
1.534801085695246 0.127583615992751 0
1.543713209660176 0.1321194463632643 0
1.53532900316026 0.1375696567282629 0
1.544241126823894 0.1421054873456278 0
1.535856920808268 0.147555697357892 0
1.544769044258179 0.1520915281224576 0
1.553153250690996 0.1466413178662183 0
1.553681167967415 0.1566273591578159 0
1.56206537493125 0.1511771486825948 0
1.562593292249615 0.1611631912399565 0
1.570977499724465 0.1557129798788335 0
1.536384840346219 0.157541763831207 0
1.646963344527131 0.1166471368810081 0
1.725060870968069 0.1175254589912668 0
1.655875476018749 0.1211829722780404 0
1.647491261939372 0.1266331869399843 0
1.656403392804244 0.131169022020368 0
1.648019179078732 0.1366192364715249 0
1.656931309650143 0.1411550713732939 0
1.648547102635386 0.1466052954990948 0
1.63963496673369 0.1420694525571902 0
1.657459235508705 0.1511411416917672 0
1.665843441767657 0.1456909102550428 0
1.640162890514691 0.1520555111036219 0
1.631250754185286 0.1475196669245015 0
1.666371360159295 0.1556769692799182 0
1.674755571912482 0.1502267447465677 0
1.631778671246265 0.1575057145479604 0
1.622866540252674 0.1529698778038416 0
1.675283488095686 0.1602127911347494 0
1.683667702469064 0.1547625774839895 0
1.640690823729134 0.1620415802395287 0
1.725651228794202 0.2927386047100066 0
1.716739095494332 0.2882027668231834 0
1.725123312861636 0.2827525520607951 0
1.716211180038625 0.2782167142591473 0
1.72459539705221 0.2727664996994043 0
1.715683264497893 0.2682306620436524 0
1.724067481357918 0.2627804475849166 0
1.732979613970825 0.2673162851496121 0
1.715155348880862 0.2582446101600163 0
1.732451698211091 0.2573302330631179 0
1.741363830864507 0.2618660706097616 0
1.70677113230702 0.2636948243423395 0
1.706243216229256 0.2537087738735824 0
1.839925227332567 0.3217463403898753 0
1.733973004819827 0.1220612960283328 0
1.725588787916575 0.1275115112328574 0
1.734500921499728 0.1320473481197052 0
1.726116702964099 0.1374975625318602 0
1.735028837929654 0.1420333999301583 0
1.726644617647667 0.1474836122353027 0
1.735556755046952 0.1520194515371248 0
1.743940971314759 0.1465692366844533 0
1.744468888812747 0.1565552885506535 0
1.75285310457253 0.1511050733259646 0
1.75338102131739 0.1610911255348235 0
1.761765237720945 0.1556409100662068 0
1.727172540406429 0.1574696674991509 0
1.976649865679339 0.1192460543861 0
1.985562001205821 0.1237818926618864 0
1.977177782304457 0.1292321092788694 0
1.986089917765159 0.1337679475198988 0
1.977705698883878 0.1392181640698406 0
1.994474136673775 0.1283177309508912 0
1.968793563479578 0.1346823258758985 0
1.969321480061708 0.1446683806056915 0
1.960409344739521 0.1401325424493838 0
1.960937261311354 0.1501185970790485 0
1.952025126019874 0.1455827589489431 0
1.952553042595151 0.1555688134911244 0
1.943640907407132 0.1510329754306267 0
1.944168823971874 0.1610190298838104 0
1.93525668885717 0.1564831918235399 0
1.93472877226226 0.1464971374029242 0
1.926344554036809 0.151947353775251 0
1.961465177714444 0.1601046516137165 0
1.838341478743863 0.2917881771934935 0
1.829429344021064 0.2872523389557262 0
1.837813562473169 0.2818021230547501 0
1.828901427918674 0.2772662848567329 0
1.837285646242933 0.2718160690565793 0
1.828373511821462 0.2672802309343262 0
1.836757730081041 0.2618300151733705 0
1.845669864482936 0.2663658532545498 0
1.827845595733382 0.2572941771312517 0
1.819461377598375 0.2627443927518303 0
1.845141948294523 0.2563797994088587 0
1.854054082688968 0.2609156374763932 0
1.818933463776442 0.2527583362046856 0
1.81054924394083 0.2582085541215818 0
1.935319132702295 0.3217102901464046 0
2.071050387537239 0.264464989495825 0
1.837751117370906 0.1165750263366855 0
2.028011013177607 0.1065168643670363 0
2.037513510846472 0.2862658563048072 0
1.846663252230484 0.121110864095809 0
1.838279034105458 0.126561080356965 0
1.847191168846604 0.131096918087675 0
1.838806950825299 0.1365471342752337 0
1.847719085478426 0.1410829719739134 0
1.839334868753892 0.1465331899665835 0
1.830422733171511 0.1419973508077457 0
1.848247004212961 0.151069028800385 0
1.856631220449176 0.145618810164568 0
1.830950651125181 0.1519834063854619 0
1.82203851554439 0.1474475670914625 0
1.857159137800647 0.1556048649191765 0
1.865543354965218 0.1501546476806938 0
1.822566434197054 0.1574336228564187 0
1.813654297559649 0.1528977823813453 0
1.866071271596818 0.1601407015298126 0
1.874455489460494 0.1546904851723473 0
1.831478572517261 0.1619694638866939 0
1.933735383504207 0.2917521256654691 0
1.924823248240675 0.2872162873341573 0
1.933207467059312 0.2817660709917162 0
1.924295331922525 0.2772302326874077 0
1.932679550643276 0.2717800164034987 0
1.923767415585196 0.2672441781359702 0
1.932151634265761 0.2617939618845479 0
1.941063769310303 0.2663298000853026 0
1.923239499230045 0.2572581236753889 0
1.914855280614262 0.2627083398588071 0
1.940535852932397 0.2563437456175799 0
1.949447987976176 0.2608795838092196 0
1.914327365207805 0.2527222839070517 0
1.905943145698604 0.258172501608505 0
1.995002053172624 0.1383037857297194 0
2.008602992234236 0.06748702226254408 0
2.016987211444414 0.06203680546311066 0
2.008075075600813 0.05750096702947421 0
2.016459294843872 0.05205075020891678 0
2.025371430695854 0.05658658866299637 0
2.083595493803866 0.1736761148821009 0
2.104524819059497 0.07743702379275508 0
2.112909038350047 0.07198680695851942 0
2.103996902449241 0.06745096847486215 0
2.11238112175914 0.06200075162814209 0
2.103246721283826 0.05790162446985123 0
2.121293257668532 0.0665365901262408 0
2.120765341080995 0.05655053476989436 0
2.129677477008745 0.06108637328217917 0
2.129149560422153 0.05110031789464384 0
2.138061696373745 0.05563615642241465 0
2.095047722445592 0.06298791521473127 0
2.094291367263124 0.05345070207238042 0
2.086122209497622 0.05847836027949069 0
2.085592063395092 0.04849668553057951 0
2.077243316083278 0.05387720604383309 0
2.04061856570685 0.1809550873665021 0
2.007081690121177 0.2027559535454059 0
2.072634137156881 0.294423154715979 0
1.944231268152814 0.3262461286204871 0
1.935847048992878 0.3316963451225227 0
1.944759184560938 0.3362321836057402 0
1.9363749653454 0.3416824001462527 0
1.945287100984052 0.3462182386586293 0
1.936902881813139 0.3516684552056008 0
1.927990746104653 0.3471326166817282 0
1.945815017418 0.3562042937769234 0
1.954199236641949 0.350754077172817 0
1.928518662593097 0.3571186717687904 0
1.919606526923604 0.3525828332207225 0
2.039097260378893 0.3162240216190729 0
2.030713041203234 0.3216742382876636 0
2.039625176892124 0.326210076766039 0
2.031240957637182 0.3316602934635539 0
2.040153093402854 0.3361961319585389 0
2.03176887411062 0.3416463486757082 0
2.040681009918741 0.346182187188312 0
2.049065229191527 0.3407319704547833 0
2.049593145719719 0.350718025710241 0
2.057977365030231 0.3452678089462765 0
2.032296790638776 0.3516324039158319 0
2.023384654801691 0.3470965653844585 0
2.058505281537722 0.3552538642596929 0
2.066889500874677 0.349803647470864 0
2.023912571341241 0.3570826206439051 0
2.015000435527554 0.3525467820969936 0
2.067417417390747 0.3597897028054938 0
2.075801636724589 0.3543394860194508 0
2.075273720207052 0.3443534306820847 0
2.084185856051457 0.3488892692305294 0
2.083657939520468 0.3389032139074585 0
2.092570075381365 0.3434390524435307 0
2.092042158848183 0.3334529971220118 0
2.100954294716141 0.3379888356541328 0
2.101482211249405 0.3479748909919925 0
2.109866430596433 0.3425246741916945 0
2.109338514060036 0.332538618846097 0
2.118250649947214 0.337074457383678 0
2.11772273340828 0.3270884020261333 0
2.126634869303635 0.3316242405688868 0
2.126106952755709 0.3216381852097582 0
2.127162785843835 0.341610295940146 0
2.135547005216982 0.3361600791141137 0
2.136074921758143 0.346146134506321 0
2.144459141147235 0.3406959176660854 0
2.144987057694324 0.3506819730715073 0
2.13660283829221 0.3561321899145548 0
2.145514974238845 0.3606680284886529 0
2.015528352047072 0.3625328373712323 0
2.006616216348024 0.3579969986256208 0
2.143931224597383 0.3307098622683214 0
2.084713772594825 0.3588753245545769 0
1.931561271464765 0.08658080835017623 0
1.922649135990832 0.0820449701758208 0
1.931033354831023 0.07659475349834011 0
1.922121219244604 0.07205891528104097 0
1.93050543818656 0.06660869855842849 0
1.921593302522998 0.0620728603154885 0
1.929977521535714 0.0566226435518434 0
1.938889657219165 0.06115848183856165 0
1.921065385839327 0.05208680529373111 0
1.912681166815295 0.05753702208219094 0
1.912153250123624 0.04755096704013045 0
1.903769031478603 0.05300118419386468 0
1.938361740574054 0.0511724267550939 0
1.947273876332869 0.05570826508533791 0
2.11191565042463 0.2172417962852407 0
1.911159872622533 0.1928059522939508 0
2.117194816866638 0.3171023466695428 0
2.125579036208916 0.3116521298557594 0
1.848837362356791 0.3262821788469493 0
1.840453143348974 0.3317323949962099 0
1.849365278560881 0.3362682334852843 0
1.840981059462598 0.341718449698025 0
1.849893194793197 0.346254288239723 0
1.841508975766319 0.3517045044633084 0
1.832596840324921 0.3471686658896617 0
1.850421111061217 0.3562403430783917 0
1.858805330163372 0.3507901267823114 0
1.859479693286166 0.3604884390963933 0
1.867741873416076 0.3552780082504664 0
1.833124756662427 0.3571547207055641 0
1.82421262128891 0.3526188820941738 0
1.902247738031048 0.1882701144750868 0
2.097724349558482 0.112845406295344 0
1.836167367113118 0.08661686391499437 0
1.827255232048078 0.082081026148573 0
1.835639450362389 0.07663080960486993 0
1.826727315025841 0.07209497174580112 0
1.835111533588105 0.06664475512466714 0
1.826199398110085 0.062108917212395 0
1.834583616814287 0.05665870051508962 0
1.843495752239853 0.06119453849162415 0
1.825671481361324 0.0521228625640687 0
1.817287262668325 0.05757307933384576 0
1.842967835498901 0.05120848376088646 0
1.851879971035582 0.05574432181881189 0
2.133372892890909 0.1309887604333579 0
2.142285028744603 0.1355245989559025 0
1.736147110125902 0.3272326029659289 0
1.727762891535317 0.3326828183274429 0
1.736675025918379 0.3372186567928885 0
1.728290807139182 0.3426688722782832 0
1.737202941755322 0.3472047108495366 0
1.728818723089351 0.3526549263575416 0
1.719906588497354 0.3481190876785666 0
1.737730857620917 0.3571907651283106 0
1.746115076501931 0.3517405494034245 0
1.720434504269887 0.3581051419086698 0
1.711522369717509 0.3535693031841773 0
1.746642992342239 0.3617266039013575 0
1.755027211414843 0.3562763880242258 0
1.65804957316149 0.3263542676194229 0
1.649665355242063 0.3318044817291855 0
1.658577488366673 0.3363403200939289 0
1.650193270048771 0.3417905344072687 0
1.659105402890813 0.3463263729987468 0
1.650721185057473 0.3517765869999862 0
1.641809051775803 0.3472407485935121 0
1.659633316198985 0.3563124276826208 0
1.642336966853201 0.3572268013567494 0
1.633424833602837 0.3526909628968085 0
1.72347712048761 0.08756730216707614 0
1.714564986707672 0.08303146549411614 0
1.722949203487793 0.07758124943386943 0
1.714037069066453 0.07304541254900968 0
1.722421286432405 0.06759519629286834 0
1.713509151678012 0.0630593592840408 0
1.721893369374275 0.05760914284779348 0
1.730805504077344 0.06214498005187089 0
1.730277587051272 0.05215892627001578 0
1.739189722055841 0.05669476365771717 0
1.712981234668659 0.05307330575243924 0
1.70459701701312 0.05852352234438837 0
1.704069099898116 0.04853746869900774 0
1.69568488237981 0.05398768536833262 0
1.562655709985192 0.3263902978359652 0
1.554271493649166 0.331840509276042 0
1.563183623897532 0.336376347257215 0
1.554799406827148 0.3418265591251586 0
1.563711537948962 0.3463623974960751 0
1.555327321505676 0.3518126094225068 0
1.546415189498219 0.3472767707753051 0
1.546943102847136 0.3572628194194479 0
1.53803097280318 0.3527269822164314 0
1.56423945226076 0.3563484483242813 0
1.572623669297383 0.350898235865052 0
1.573151582491399 0.3608842857119667 0
1.581535798836898 0.3554340743241695 0
1.645379592737466 0.08668898622041385 0
1.636467460483138 0.08215315085190525 0
1.644851675482651 0.07670293539306564 0
1.635939542485506 0.07216709964588053 0
1.644323758146969 0.06671688391658062 0
1.635411624632032 0.06218104796374255 0
1.643795840819472 0.05673083191569947 0
1.634883707083534 0.05219499583068266 0
1.626499490824669 0.05764521206259957 0
1.717204565712328 0.1329617222623322 0
1.667489619252601 0.3408761594560764 0
1.484558227804712 0.3255119389337911 0
1.476174014121268 0.3309621461877088 0
1.485086139903147 0.3354979836952468 0
1.476701924804105 0.3409481916655531 0
1.485614049822678 0.3454840299637917 0
1.477229835988369 0.3509342366689708 0
1.468317710794461 0.3463983990000471 0
1.486141951012908 0.3554700839223862 0
1.46884562133799 0.3563844446343761 0
1.459933495739806 0.3518486071565537 0
1.653235890686607 0.07125271994859303 0
1.532689412781633 0.08763944499741416 0
1.523777285889827 0.08310361358061748 0
1.532161495399859 0.07765340020233399 0
1.371868188706004 0.3264622696966712 0
1.363483982257682 0.3319124647616037 0
1.372396094805101 0.3364483006900781 0
1.364011885459362 0.3418984974198838 0
1.372924001452861 0.3464343349143267 0
1.364539794289026 0.3518845318895181 0
1.355627674977576 0.3473486934519836 0
1.373451909085524 0.3564203715021153 0
1.381836118548871 0.350970172378793 0
1.356155584833364 0.3573347294968859 0
1.347243467511661 0.3527988899484669 0
1.493998258310437 0.3400338241249787 0
1.526416879931098 0.133033826810207 0
1.276474666580283 0.3264981485803264 0
1.268090478279123 0.3319483205013722 0
1.277002562954372 0.3364841564708572 0
1.268618366950992 0.3419343338517087 0
1.277530459543937 0.3464701719491146 0
1.269146261219092 0.3519203509959766 0
1.26023416720322 0.347384511057056 0
1.278058356886875 0.35645619308087 0
1.286442558176298 0.3510060099955107 0
1.260762060510872 0.3573705295050783 0
1.251849983317901 0.3528346870811607 0
1.286970456702473 0.3609920354945353 0
1.295354649513079 0.3555418501439899 0
1.341902071166085 0.08771170047424033 0
1.332989972034895 0.08317589168650515 0
1.341374148895017 0.07772568950938039 0
1.332462044214048 0.07318987782894745 0
1.340846226336607 0.06773967261694072 0
1.331934128335408 0.06320387555736257 0
1.340450493606097 0.05795700237120405 0
1.349252447507339 0.06232335982386414 0
1.331589095806657 0.05189453405998748 0
1.348860385104357 0.05254633021929814 0
1.357644598045451 0.05688539122639669 0
1.52324936670613 0.07311756845054743 0
1.531633576816742 0.06766735405219709 0
1.540545705868557 0.07220318679108365 0
1.540017787785133 0.06221713950872584 0
1.531105657415184 0.05768130667260352 0
1.548929918535229 0.06675297303224956 0
1.548402000003478 0.05676692418030263 0
1.557314131673839 0.06130275819238612 0
1.556786212127265 0.05131671004468941 0
1.565698345364028 0.0558525430630413 0
1.181081552017951 0.3265338393071763 0
1.172697381320797 0.3319839686682918 0
1.181609425023667 0.3365197992503449 0
1.173225243833719 0.3419699363089931 0
1.182137301096077 0.346505772685008 0
1.173753127711166 0.3519559109677318 0
1.164841058652216 0.3474200724635174 0
1.182665181145172 0.3564917556329564 0
1.191049363265579 0.3510416088330224 0
1.165368942383253 0.3574060529186133 0
1.156456884460291 0.3528702091991632 0
1.191577243959156 0.3610276025821816 0
1.199961435797257 0.3555774475690002 0
1.335629516042708 0.1331056950642115 0
1.168412198011202 0.08686993196095255 0
1.159500187223306 0.0823341979705734 0
1.167884259085783 0.07688402907796085 0
1.158972226643396 0.07234828566076915 0
1.167356319169351 0.06689810395977225 0
1.158444263851537 0.06236235112288144 0
1.166828376696648 0.0569121613110519 0
1.175740436075482 0.06144792588735717 0
1.157916313899843 0.05237640375106509 0
1.149532197960437 0.05782659952359676 0
1.175212496069632 0.05146196438690068 0
1.184124575266297 0.0559977402009387 0
1.085689194670805 0.3265691676836151 0
1.077305063092897 0.3320192124231041 0
1.086217022929632 0.3365550396502501 0
1.077832870193142 0.342005099179883 0
1.086744856658348 0.3465409375396316 0
1.078360716664372 0.3519910032421464 0
1.069448709321741 0.3474551559662978 0
1.08727269509018 0.3565268582256188 0
1.095656847979028 0.3510767765410334 0
1.069976574181582 0.3574410647305084 0
1.061064579954801 0.3529052135363335 0
1.096184686085306 0.3610627206954605 0
1.1045688554055 0.35561262164394 0
1.073020508118844 0.08690666563645455 0
1.064108620455286 0.08237103724335987 0
1.072492545604914 0.07692091337581189 0
1.063580618726458 0.0723852691931976 0
1.07196458093782 0.0669351211066635 0
1.063052607101032 0.06239945572224356 0
1.071436611125759 0.05694929284153408 0
1.080348592733367 0.06148498163220156 0
1.062524622529148 0.05241361784760049 0
1.054140611876586 0.0578637924628603 0
1.079820624024429 0.05149911784174802 0
1.088732648418939 0.05603482756081768 0
1.053612622405628 0.04787794392674818 0
1.045228614338545 0.05332813309538217 0
1.00759399172969 0.3256897116534899 0
0.9992099510496244 0.3311396155818738 0
1.008121759197332 0.3356754294782054 0
0.9997376726273367 0.3411253570750641 0
1.008649451235796 0.3456611954875691 0
1.000265439226887 0.351111129661414 0
0.9913536204588245 0.3465752670180315 0
1.009177252124342 0.3556469857930837 0
0.9918813763435358 0.3565610580347839 0
0.9829695516965266 0.3520251957843747 0
0.8949110343866653 0.3266368439570372 0
0.8865272408754581 0.3320863601130086 0
0.8954386187767271 0.3366221255044063 0
0.8870547285094559 0.3420716998784068 0
0.8959662170716851 0.3466075136368491 0
0.8875823748634846 0.3520570982480038 0
0.8786708653747886 0.3475212470456821 0
0.8964938426008868 0.3565929786541459 0
0.9048777736412841 0.3511433148524742 0
0.8791983072382433 0.3575064917194521 0
0.8702869287298385 0.3529708073247761 0
0.9054052835824296 0.3611287207369617 0
0.9137893800273951 0.3556791596178974 0
0.9776310292275842 0.08694406250842418 0
0.9687193768776556 0.08240863381408953 0
0.9771030241185898 0.07695860075562153 0
0.9681912743953064 0.07242312302150009 0
0.976575013589886 0.06697305234272485 0
0.9676631932496197 0.06243754758446626 0
0.9760469989545488 0.05698743858409197 0
0.9849588280663881 0.06152297410305438 0
0.9671351523857423 0.05245191865194165 0
0.9587513361152644 0.05790204974555638 0
0.9844308211038213 0.0515373069666189 0
0.9933427146191852 0.05607287781727774 0
1.017033324284919 0.3402113518385299 0
0.8822459326964316 0.08698285696156044 0
0.873334794968383 0.0824478532383966 0
0.8817178377234018 0.07699801603680151 0
0.872806413062703 0.07246292860110895 0
0.8811897127303734 0.06701301161620749 0
0.872278143793577 0.06247786566829283 0
0.8806615887153478 0.05702787010359475 0
0.8895731238012635 0.06156311410168389 0
0.8717500329627289 0.05249270952701451 0
0.8633666115012744 0.05794275604318494 0
0.8628384553807946 0.04795752023964228 0
0.8544550222803128 0.05340758968227804 0
0.8890450175108771 0.0515778193781361 0
0.8979566920574148 0.05611315389493945 0
0.8168231171517015 0.325754280044839 0
0.8084396066881514 0.3312032717008594 0
0.8173504575506747 0.335738989554606 0
0.8089667658722695 0.3411880727432985 0
0.8178775015052842 0.3457238912380374 0
0.8094939896982429 0.3511728073719406 0
0.8005831410441648 0.3466370831666733 0
0.8184034483390209 0.3557097198908165 0
0.8011103464477958 0.3566218953795395 0
0.7921994608283243 0.3520861656156498 0
0.7214517524009537 0.325780263175602 0
0.7130689955214142 0.3312280305456505 0
0.7219784893588217 0.3357636053105881 0
0.7135954080919902 0.3412115647362903 0
0.7225052849325344 0.3457473136665991 0
0.7141223047640073 0.3511953620157094 0
0.7052121741552377 0.3466594922215587 0
0.7230322209125408 0.3557312527103484 0
0.7314153324879775 0.3502830559706822 0
0.7057392682013365 0.3566433399720561 0
0.6968293018177327 0.3521074060412432 0
0.7319422977815222 0.3602673219140753 0
0.7403256439375497 0.354818896631119 0
0.8262603234181543 0.3402751065335378 0
0.7695783898476135 0.08794003466871998 0
0.7606685301144365 0.08340607588241178 0
0.7690500968560052 0.0779567482600505 0
0.7601398675481821 0.0734225535723505 0
0.7685217865098807 0.06797304078309929 0
0.7596112323903264 0.06343872269839185 0
0.7679934439678784 0.05798903215561324 0
0.7769042040379086 0.06252357466995437 0
0.7590826557711247 0.05345464108560868 0
0.7507009042534286 0.05890445115306828 0
0.7763759082305627 0.05253930233299917 0
0.7852869340202744 0.05707394414689482 0
0.6915116028653303 0.08707181692672646 0
0.6826034373202526 0.08253935986512384 0
0.6909829175867263 0.07709063891395698 0
0.6820735995246576 0.07255782801350044 0
0.6904541239616058 0.06710876240740674 0
0.6815442199287376 0.06257573475071143 0
0.6899253200550965 0.05712635880914155 0
0.6988350904761006 0.06165977314453325 0
0.6810155282794077 0.05259316160036806 0
0.6726343100453158 0.05804280182486457 0
0.6983062326596192 0.05167673380246343 0
0.6721054101384032 0.04806025883723927 0
0.6637244382723736 0.05350977647308949 0
0.7633044672581892 0.1333153868734568 0
0.6088179762692245 0.3267054986793628 0
0.600437157706402 0.3321502266206054 0
0.6093432049475258 0.3366855250951019 0
0.6009617501255938 0.3421308017619889 0
0.6098685794198559 0.3466665624897981 0
0.6014870822425337 0.352111905587981 0
0.5925799055703361 0.3475760111155899 0
0.6104812196395798 0.3564771515391714 0
0.6187905355390468 0.351173817411999 0
0.5931051879832815 0.3575572919496554 0
0.5841982241255526 0.3530210887850141 0
0.5135215889691861 0.3266940065565488 0
0.5051435473677863 0.332132962108632 0
0.5140438494962752 0.3366682226438589 0
0.5056642594515999 0.3421080426421347 0
0.5145662638460358 0.3466440440830575 0
0.5061871130533124 0.3520842217561947 0
0.4972863597033426 0.3475469811125074 0
0.5150891006784347 0.3566210373509944 0
0.5234689322623849 0.3511800154505652 0
0.4978077825444244 0.3575241118696043 0
0.4889061366412224 0.35298766905071 0
0.5239918517957534 0.3611583252181795 0
0.5323728682693811 0.3557163016931215 0
0.5789117373731176 0.08804994611125462 0
0.5700087166473262 0.083521726224305 0
0.5783822560048211 0.07807501879515924 0
0.569477382349269 0.07354585240443579 0
0.5778526607363774 0.06809843204902055 0
0.5689464576189883 0.06356876449749632 0
0.5773229829991997 0.05812061696970997 0
0.5862293655178701 0.06265087161056773 0
0.5684163198212779 0.05359070828703486 0
0.5600395958059874 0.05903922311110796 0
0.5856998504769395 0.05267208253509303 0
0.5946074375299685 0.05720296148964754 0
0.4355839997599269 0.3257383791171562 0
0.4272134728664045 0.3311661281823599 0
0.4361013255610133 0.3356997124904531 0
0.4277284537603862 0.3411290093515496 0
0.4366179494333842 0.3456621557567207 0
0.4282464147635134 0.3510934066107226 0
0.4193555117701323 0.3465591315582248 0
0.4198740874088777 0.3565231319257852 0
0.4109850791779571 0.3519880155367683 0
0.4371265046667571 0.3556273030850211 0
0.251459850058787 0.09576524101610828 0
0.1724497153768885 0.06545268241454788 0
0.7072165855423334 0.05621053853257937 0
0.4058515414390902 0.08734707863871491 0
0.3969750580338609 0.08284190063547943 0
0.4053166482543153 0.0774053005047973 0
0.3964342175281783 0.07289734207414039 0
0.4047814766316169 0.06745892209895787 0
0.3958948659102255 0.06294928420019646 0
0.4042463021107807 0.0575083734875457 0
0.4131332599275738 0.06202034944019871 0
0.3953582926661394 0.05299807425817693 0
0.3870083986914861 0.0584410271997611 0
0.4125988946468682 0.05206545752453859 0
0.4214901417695409 0.05658022092680551 0
0.3864701185105157 0.04848745446741679 0
0.3781197862460225 0.05393038500593056 0
0.483685970525318 0.08813964411836206 0
0.4747934171522379 0.08362047273865481 0
0.483154695714096 0.07817763742901962 0
0.4742599941266135 0.07365679051873178 0
0.4826237381629424 0.06821258761474078 0
0.4737327517521699 0.063699340229493 0
0.4820934771455605 0.05824678844977241 0
0.4909913837367448 0.06276937605800506 0
0.4732019363155501 0.05374031296819556 0
0.4904601982462187 0.052799530671511 0
0.4993614905962819 0.05732467188165774 0
0.4653744945331786 0.06917733301316772 0
0.07000049218438975 0.2346274591557926 0
0.4449839052007919 0.3402319476236526 0
0.2255015623099959 0.09223564952872454 0
0.2669639891648339 0.06515179762451984 0
0.2752772105121115 0.05972865407043979 0
0.2664198541484131 0.05523706446709312 0
1.28790164206267 0.05051092190161335 0
0.2298903862936711 0.3460105750666237 0
0.2215587574469263 0.3513841554490785 0
0.2303867187255271 0.3559260833260111 0
0.2220577723231261 0.3613028853097733 0
0.4774219804289653 0.1333865885255719 0
0.1868052146995738 0.343152856896427 0
0.1784714080040211 0.3485238371049295 0
0.2238572513773854 0.06256779875513782 0
0.2150086390151333 0.05808939623790485 0
0.223313482678865 0.05265835607097494 0
0.2891003565268331 0.3281529598099052 0
0.1807432541926377 0.0600148671756956 0
0.1718802283020489 0.05554644592585584 0
0.6194056888132382 0.3609803563252404 0
0.6277039691977248 0.355699461679443 0
0.5595091559807692 0.04906076958120953 0
0.551134862368551 0.05450960867075674 0
0.7501717529399807 0.04892032514936015 0
0.1801903636220903 0.05010311316960273 0
0.1872927622171594 0.3530639986349102 0
0.1789427865539449 0.3584400542678162 0
0.1701309414925286 0.3538923669116939 0
0.09268832916785708 0.1691554202130281 0
0.1014958224065738 0.1736715109689718 0
0.2802113358395361 0.1487086996029826 0
0.2796749485963524 0.1388654701720732 0
0.2715645689372239 0.1439665134726096 0
0.2709089844872608 0.1343621892891435 0
1.954727153076254 0.3607401323493366 0
1.963111372343248 0.3552899157010428 0
1.382364026303729 0.3609562117754891 0
1.390748238722961 0.3555060106162169 0
0.2747381249283127 0.04980853172671829 0
0.2836027315499997 0.0543047468465849 0
0.7927266348096702 0.3620709841400518 0
0.7838163879377457 0.3575342518385595 0
1.625971573176256 0.04765915975953405 0
1.617587360091053 0.05310938003128429 0
1.200489315590223 0.3655634536572949 0
1.208873513684303 0.360113293060805 0
0.08902478770457511 0.1099331121251405 0
2.149085498396192 0.1001162161735404 0
2.148557581809516 0.09013016083827413 0
0.4115015426093835 0.3619524466246755 0
0.4026138534688495 0.357415903367701 0
0.9834972912441453 0.3620109950963156 0
0.9745854789065151 0.3574751232362632 0
1.816759345840699 0.04758702468345491 0
1.808375127170627 0.05303724141282251 0
0.9582232804046549 0.04791639814323034 0
0.9498396279949823 0.05336654572920183 0
2.03282470716162 0.3616184591662082 0
1.460461406092317 0.361834652613993 0
1.451549286227227 0.3572988048746757 0
0.1877780726596477 0.3629869221148885 0
0.2144596240106136 0.04818341105874568 0
2.007547158991934 0.04751491176090775 0
1.999162939739989 0.05296512859995231 0
1.149004245391279 0.04784064683797462 0
1.140620172076463 0.05329084652403235 0
0.4988295436403307 0.04735213655962114 0
0.5077311521480825 0.05187984767740009 0
2.15014133150823 0.1200883268390372 0
1.244396995390393 0.04780392954548926 0
1.236012868024934 0.05325419408837306 0
1.435183959195929 0.04773137575185218 0
1.426799757724139 0.05318158962568134 0
1.998628073148733 0.04299272881138252 0
1.990249645544089 0.04843156607701041 0
0.697356121765764 0.3620913851622536 0
0.6884463852912717 0.3575553553164398 0
1.738661804935561 0.04670870954304154 0
1.747573940045301 0.05124454702455658 0
1.088204661045729 0.04604891793631674 0
1.097116700366706 0.05058463695617019 0
1.547874082196998 0.04678087776447076 0
0.04862631070353496 0.1463218758832474 0
0.04816512813261675 0.1363853548297235 0
0.05654268492366654 0.1310188995889147 0
0.04770470892794987 0.1264439377578223 0
2.076720939899935 0.04388026474154727 0
2.068343555993756 0.04931705122662061 0
2.120557485340525 0.04660210681257812 0
0.9143161790450229 0.3656648308671973 0
0.922700797540609 0.3602148992763455 0
1.140092181965143 0.04330488996708712 0
1.469373520138552 0.3663705009364119 0
1.538558885527702 0.3627130312531097 0
1.529646755885649 0.3581771943423889 0
0.8974285447378412 0.04612770074562775 0
0.9063402419123785 0.05066305376388819 0
2.137533779783385 0.04565010101402919 0
2.146445915752925 0.05018593954955775 0
1.347771374707112 0.3627849278870003 0
1.338859259038358 0.3582490875978717 0
0.2777692834379553 0.2537158959835878 0
1.156984761992174 0.3628561933491607 0
1.148072708925385 0.3583203484944649 0
1.695156965068154 0.04400163159395498 0
1.686772747585005 0.04945184836235592 0
1.824740537536477 0.3626049369717149 0
1.815828402219984 0.3580690983341474 0
0.265871949730254 0.04531510567258551 0
0.5940774439088212 0.0472224686878561 0
0.6029859423931343 0.05175406694878304 0
1.470067941850323 0.04594552782750802 0
1.920134443327658 0.3625688883200701 0
1.911555229341598 0.3580154497561989 0
0.8885167995174058 0.04159238103584847 0
1.279102564288155 0.04614899099133316 0
1.633952748495773 0.3626770157099697 0
1.625040615521123 0.3581411773050148 0
1.946745959667364 0.04572220992577303 0
2.152843360538399 0.3352457008181624 0
2.152315443987775 0.3252596454079802 0
1.643267923506066 0.04674477948810615 0
0.7847585181978001 0.04708933540479623 0
0.7936696366941413 0.05162399952790944 0
0.2186168028483775 0.2920675429121821 0
0.2098407087741335 0.2875627118017043 0
0.4894279667770886 0.3629646266114013 0
0.48052694097308 0.3584275500504664 0
1.252377862214895 0.3628207089234609 0
0.5847231512200013 0.3630029729085945 0
0.575816056102774 0.3584666199914408 0
1.061592411286559 0.3628911273442585 0
1.052680436371925 0.3583552810644378 0
0.8708143545426734 0.3629560765903749 0
0.8619029664808258 0.3584203899558887 0
1.868440519290644 0.3649286092356768 0
1.565170417889454 0.04586649124369793 0
1.574082557278875 0.05040232800811884 0
1.044700617861314 0.04334226972820124 0
1.036316609181262 0.04879246105772814 0
1.357414628420742 0.04735770975153261 0
1.366058458262131 0.0514808245381855 0
0.4209547240296116 0.0466207122386941 0
0.429850850673961 0.05113761547923074 0
2.024843514101129 0.04660053337703232 0
1.061996627801233 0.04242775908069138 0
1.937833823893427 0.04118637165056402 0
0.04757203993614545 0.3101204549326212 0
0.04804315956446348 0.3200738492800196 0
0.1713192959590537 0.04562825246679933 0
0.1630060730605958 0.05107738963406783 0
0.7408525972836895 0.3648035147325638 0
1.851352054266235 0.04575826695688798 0
1.860264189874733 0.05029410505568649 0
0.9928146826297382 0.04608712138585982 0
0.8539268707320574 0.04342234191315633 0
0.8455434962201123 0.04887245878362881 0
1.963639288799587 0.3652759709141409 0
0.6631956345503511 0.04352718107688344 0
0.6548148026461662 0.04897686031028392 0
1.712050285420387 0.3635553575245873 0
1.703138150720052 0.3590195187780428 0
1.183596629102454 0.04601175930360527 0
1.192508711184793 0.05054753714606738 0
0.1705908305636989 0.3638216718239229 0
0.16176675894027 0.3592714853031459 0
2.153899193648292 0.3552178116387109 0
0.7066875058215969 0.04622686228967102 0
0.7062660068469531 0.3666276445911393 0
1.903241114599624 0.04301512880443856 0
1.825143564328551 0.04213680781524115 0
2.059033198036554 0.3652399195941155 0
1.582063700786577 0.3654201337270273 0
0.2308839501387294 0.3658521975659607 0
2.154427110195634 0.3652038670706036 0
1.391276145839682 0.3654920530834812 0
1.39966035964664 0.3600418503939236 0
1.851626026595405 0.3674341904848615 0
0.5678856271758425 0.04361177044465009 0
0.7585541859439283 0.04347021601926312 0
0.9666070847031597 0.04246624428723003 0
0.5328194695838733 0.3655787596028585 0
0.5506023672078489 0.04453096088899189 0
0.3775812546764687 0.04397756472874542 0
0.3692320927673681 0.04942121508642602 0
1.29593998565726 0.3654149577893707 0
1.105096701356098 0.3655985796579666 0
1.235484916160651 0.04326813560023765 0
1.157388364985999 0.04239043987921418 0
0.3325510526760675 0.1656797940083848 0
0.3496500584018233 0.1647851156660221 0
1.929046578848452 0.3671047269241029 0
0.628134930317123 0.3655338006069143 0
0.6365826465088817 0.3602357134684826 0
0.9493114291447066 0.04338087805257515 0
1.487072966322752 0.04498821979647466 0
0.4983305983709597 0.3675013466863452 0
0.2830644397952577 0.04437679865749436 0
0.2919351228196294 0.04887712953267828 0
0.3039872059092412 0.2671907875461308 0
1.426271832656452 0.04319554634491449 0
1.417887631070044 0.04864576043367796 0
0.4120627260913591 0.04211014572881114 0
0.8016360044323989 0.3666080314426959 0
0.2810837661309424 0.1585432156820004 0
0.3210911484720056 0.2662985350207533 0
0.3295044592210574 0.2608483874074673 0
0.4899262917511784 0.04282689747866111 0
0.9924091375058705 0.3665468876396417 0
1.278586253122657 0.366442215223703 0
1.400188266991961 0.3700278950250843 0
1.408572471827331 0.3645776919774638 0
1.408044542231692 0.35459165047912 0
1.417359705193019 0.03865971687317557 0
1.408975498074754 0.04410993136251326 0
1.409503417555262 0.05409597476307837 0
0.4445206142750252 0.1650016297248486 0
0.4273431529231633 0.1661315411604246 0
1.755555127275427 0.3662624426674841 0
1.763939346333155 0.3608122267541221 0
0.05058050699143823 0.0423464169599623 0
0.04223664451653164 0.04782071249858313 0
0.4203911435899488 0.3664905502853452 0
0.2628032152514982 0.1394525830871166 0
1.807847210398242 0.04305118676097361 0
1.799462991763137 0.0485014035283082 0
0.4402969803660212 0.2506603965181286 0
0.5224202373221745 0.1659755233128533 0
1.070504352520509 0.3674270016184478 0
0.2983329972299116 0.1674914494197223 0
0.3970941366079459 0.2478512461642518 0
0.3886828387764569 0.2533383161930201 0
1.617059440931505 0.04312332422027496 0
0.2621293105979227 0.1298889639125254 0
2.137130754828618 0.3661182453336052 0
0.1624439704343585 0.04115303968540274 0
0.1541252099882365 0.0466055767930301 0
0.5742458807063648 0.1632968412866031 0
0.5182208803898014 0.2514921305184148 0
0.5271102720058162 0.2560199814350929 0
0.6177066265527853 0.1660500957025698 0
0.6260650708458187 0.1605646326564252 0
0.6255335739257287 0.1505831825791309 0
0.2015496089806599 0.2929073438483163 0
1.642864878465824 0.3672128573845724 0
0.3891835693139236 0.2632714217949452 0
0.3803296049788495 0.2587595850265358 0
0.3798201790139919 0.2488393939742974 0
0.3714866223630543 0.2542430365943175 0
0.3719972969798742 0.2641575760499896 0
0.613534140821026 0.2514091399392336 0
0.6224202798538391 0.2559597858963751 0
0.6695358455659612 0.1632790776144994 0
0.8970203140921587 0.3665790252554602 0
0.5700522950190716 0.2487312459811014 0
0.7303105900524411 0.1650838400183531 0
0.7130246744073209 0.1659980438215664 0
0.6804853870145859 0.04261024520312656 0
0.8083844357389647 0.1659718195898129 0
0.8167658114430086 0.1605231413075393 0
0.8162376753827836 0.1505402415510338 0
0.7261424743880945 0.2504607538202309 0
0.7350495594874447 0.2549947876995539 0
0.6826833873355647 0.2477357449515656 0
0.6742890422801403 0.253194830115564 0
0.3697701750877485 0.05937166541484823 0
0.3608850992724995 0.0548622118676608 0
0.3603409140421681 0.04491345474059782 0
0.3520003048691438 0.05035815672184521 0
0.3525380218996624 0.06029785072328744 0
0.3436589201893469 0.0557967054729438 0
0.3431166081271928 0.04585565513642095 0
0.3347790023697899 0.05129835108385114 0
0.3353220065892166 0.06123685068117296 0
0.4020979166971163 0.3474536035649221 0
0.3937289497275733 0.3528807400971229 0
0.394242649353164 0.3628424495627608 0
0.3853589397869677 0.3583071290688616 0
0.3858726883206322 0.3682689331349092 0
0.376988977526369 0.3637325317306883 0
0.3764755135235868 0.353773144594905 0
0.3681079837902609 0.3591963342747916 0
0.3675964465371327 0.3492404068481899 0
0.3592316209094435 0.3546620140558862 0
0.3599269123359721 0.3642549923932313 0
0.3510824703294321 0.3596585362381927 0
0.3503961301812446 0.3500573487141704 0
0.3420354572519088 0.3554663525883714 0
0.3432258532844779 0.3663500796680368 0
0.333629706504978 0.3608907500270661 0
0.3331270618223571 0.3509954611890024 0
0.3247648624887449 0.3564295741766559 0
0.3251453021398343 0.3661624710519719 0
0.3163858865819592 0.3618037423930793 0
0.8602710566364596 0.163245213429177 0
0.8215129426391785 0.2504182315225399 0
0.9210575671397866 0.1650306111510378 0
0.9037641727457248 0.1659518469139836 0
0.7780214054409171 0.2477085907684538 0
0.04453657834818481 0.08762860352368812 0
0.4800054228977884 0.348451760086479 0
0.6748126613449171 0.263175509362244 0
0.6659067112532588 0.2586445014401698 0
0.6653666338076742 0.2486750111175181 0
0.8996003977558829 0.2512937504013904 0
0.9085110927278457 0.2558290758788404 0
0.6684932869243917 0.1433370258052052 0
1.016444948543635 0.1649978169934806 0
0.9991500913032795 0.1659154667404685 0
1.012283108825247 0.2503412070521936 0
1.111835475964863 0.1649633786530956 0
1.094539877653648 0.165879406723508 0
0.9687839776437649 0.2476318911181415 0
0.9603984852692469 0.2530832062261229 0
0.5752968471067087 0.3484820633574739 0
1.090378146086624 0.2512188929165307 0
1.099289924885271 0.2557546053945488 0
0.8592108166566902 0.1432705973145804 0
1.207227684768557 0.164928095137958 0
1.215611745220628 0.1594779618005518 0
1.215083811084723 0.1494920739593996 0
1.189931623154613 0.1658424473381382 0
0.6879197257949493 0.3475715451675566 0
0.6795369627210921 0.3530193461805406 0
0.680063375397729 0.3630031991068516 0
0.9609258554548028 0.263068581574312 0
0.9520141315160914 0.2585330603030365 0
0.951486885662044 0.2485480604516407 0
1.185770428294268 0.2511824079497484 0
1.194682384872474 0.25571818350156 0
1.142266521527833 0.2484751373036396 0
0.7832886918224122 0.3475501793177036 0
1.302620747412899 0.1648924453970376 0
1.28116377366434 0.2511458946079564 0
1.290075652699309 0.2556818810877068 0
1.338797505449164 0.1930224465866453 0
1.329885439454065 0.1884866505541658 0
1.237659024848351 0.2484391367852137 0
1.376557008078056 0.2511099600405688 0
1.385469098757816 0.2556457824418871 0
1.432606926436482 0.1630279967825631 0
1.415310607585101 0.1639423305428797 0
0.8613754300941269 0.3484349656831479 0
1.333052399445935 0.2484028284398116 0
0.9740577278382545 0.3474893672494785 0
0.965673685886605 0.3529392693752291 0
0.9662014075776343 0.3629250383886618 0
0.6553438113852571 0.05895930719824513 0
0.6464344330514584 0.05442665793644372 0
0.6459049446992494 0.04444401064097095 0
1.49340794677299 0.1648206533992495 0
1.529584486105305 0.192950203592282 0
1.520672367799828 0.1884143763314759 0
1.489247038172902 0.2501594647748603 0
1.57150541701869 0.165699023843351 0
1.579889625121389 0.1602488117903404 0
1.579361707719396 0.1502627682022056 0
1.445742371885631 0.247452309432189 0
1.437358112737715 0.2529025635483157 0
1.052152602978371 0.3483693714764881 0
1.567344517916506 0.2510377666577908 0
1.576256642681798 0.2555736012549639 0
0.8460716841708992 0.05885762201344466 0
0.837160247094445 0.05432257127429255 0
0.8366319512255523 0.04433737200624016 0
1.623394457280248 0.1629559249533954 0
1.684195619257439 0.1647486268784871 0
1.666899281320827 0.165663027361294 0
1.363421773525984 0.1666854256552933 0
1.147544837209701 0.3483343683430832 0
1.414254772921968 0.1439702959057398 0
1.66273837958141 0.251001698577341 0
1.437886012470636 0.2628885979478982 0
1.428973900985541 0.2583527787522764 0
1.42844593712948 0.2483667890824012 0
1.619233563577249 0.2482946096796224 0
1.036844834547702 0.0587783740812792 0
1.720372101586655 0.192878064321879 0
1.711459958220426 0.1883422144096993 0
1.762293154483767 0.165626962658016 0
1.770677371063949 0.1601767469762567 0
1.770149454275597 0.1501906944813977 0
1.740835914987452 0.2518800185538432 0
1.749748047773878 0.2564158560233694 0
1.853526166435194 0.2509295836565398 0
1.862438300873815 0.2554654216875102 0
1.810021332860259 0.248222495401365 0
1.801637110587082 0.2536727156364484 0
1.814182216366424 0.1628838372244217 0
1.87498340608481 0.1646765390461175 0
1.883367624099986 0.1592263228236877 0
1.8828397074354 0.1492402688467514 0
1.451021370645144 0.3473127673046821 0
1.857687055927342 0.1655909203040826 0
1.622338623480681 0.1429838310290972 0
1.948920071562823 0.2508935293617535 0
1.957832206660507 0.2554293675729681 0
1.905415230281447 0.2481864453729678 0
1.338331353640626 0.3482630508663265 0
1.554209103518983 0.1666134487799242 0
1.802165025911756 0.2636587696957646 0
1.79325289172053 0.2591229324469881 0
1.79272497178302 0.2491368815641912 0
1.529118842408017 0.3481911437592636 0
1.813126380984215 0.1429117293162879 0
1.624512700464751 0.3481551242616273 0
1.925816637188183 0.1419612993771078 0
1.702610234957894 0.3490334645781742 0
1.815300486031012 0.3480830434979779 0
1.806916267005151 0.3535332596888384 0
1.807444183104172 0.3635193145122078 0
1.799990908581905 0.05848745813456524 0
1.791078773244147 0.0539516203188139 0
1.790550856302055 0.04396556565971385 0
1.687300664806663 0.05943790181727723 0
1.91074987825837 0.3480440613359111 0
2.116666900331484 0.3071162913229961 0
2.125051119335968 0.3016660745346256 0
2.006088299762639 0.3480109435281147 0
1.862966217130942 0.265451475595003 0
1.958360123315087 0.2654154219220093 0
1.966744341860967 0.2599652057303788 0
1.966216425368096 0.2499791512234883 0
1.975128560570401 0.2545149893785245 0
1.975656477362684 0.2645010437727859 0
1.984040695769883 0.2590508276827319 0
1.983512779313861 0.2490647729809952 0
1.992424914563182 0.2536006112547642 0
2.133900809448359 0.1409748156988819 0
2.142812945296471 0.1455106542673026 0
2.151197164616521 0.1400604374628564 0
2.151725081167988 0.150046492792779 0
2.143340861846254 0.15549670960294 0
2.152252997709966 0.1600325481237469 0
2.143868778391798 0.1654827649207867 0
2.15278091425552 0.1700186034474445 0
2.144396694938213 0.1754688202422129 0
2.153308830800364 0.1800046587686516 0
2.144924611474514 0.1854548755565207 0
2.153836747343124 0.1899907140888137 0
2.145452528016122 0.1954409308765552 0
2.154486262053415 0.1999703410786053 0
2.146000710895899 0.2054259148147967 0
2.155037822683797 0.2099551464524251 0
2.146535945841163 0.2154115832548277 0
2.155420496981082 0.2199488800717544 0
2.1470408750584 0.22539885382813 0
2.155848203473092 0.2299402330530561 0
2.147548258702777 0.2353859946511259 0
2.156382835684528 0.2399259333741237 0
2.148073872558228 0.2453721714776546 0
2.156816261392791 0.2499169839809217 0
2.148585656844628 0.2553590796263027 0
2.157325740759261 0.2599040140196051 0
2.149107811819567 0.2653454395603272 0
2.158018987325089 0.2698813291545978 0
2.140232575709188 0.2608076500501114 0
1.750275963645956 0.2664019082957909 0
1.992952831436786 0.2635866656377158 0
2.001337049848915 0.2581364495306293 0
2.000809133362421 0.2481503948087748 0
2.009721268609261 0.2526862329582938 0
2.009193352171617 0.2427001783256641 0
2.018105487443895 0.2472360164691509 0
2.017577571003045 0.2372499617862224 0
2.026489706386387 0.2417858000902382 0
2.025961789891243 0.2317997452977314 0
2.034873925299729 0.2363355836118028 0
2.03434600879297 0.2263495287725452 0
2.043258144235441 0.2308853670970288 0
2.042730227712311 0.220899312247682 0
2.068872611828271 0.05930086815631727 0
2.083130023001385 0.3289171585906066 0
2.010249185759185 0.2626722873456259 0
2.027017622923185 0.2517718545095715 0
1.860792106627731 0.06028015995335032 0
2.043786060740864 0.2408714219658747 0
2.052170279720261 0.2354212054231736 0
1.763411430453679 0.3508261721312386 0
1.576784556979077 0.2655596454374957 0
1.935784605444073 0.1664692462226675 0
2.149662323102807 0.2753300889951135 0
2.158578891333484 0.2798656935066667 0
1.683139785384853 0.1447765281590582 0
1.74810185711446 0.06123060117254661 0
1.744996810702 0.1665413499057202 0
1.385997006686819 0.2656317925225271 0
1.290603470872297 0.2656678811599494 0
1.492352116448231 0.1448486023228922 0
1.574610477674779 0.06038837750730205 0
1.195210264769412 0.2657040588150357 0
1.495985096971545 0.04952405216995959 0
1.099817764813495 0.2657403037773292 0
1.366541669327002 0.06139806722819671 0
1.301564901919139 0.1449201009741156 0
1.208345632088319 0.3501272857784231 0
1.323549953112529 0.06865410460881516 0
1.193036650657461 0.06053351756215808 0
1.110779731282963 0.1449922788503906 0
0.9090387209748505 0.2658136824966085 0
1.097644662924758 0.06057054221606389 0
1.015389260802517 0.1450277570451949 0
0.7355764742272959 0.2649757640341426 0
0.9221733839422822 0.350229367205086 0
0.9200020971654925 0.1450626427152309 0
0.9068683365577948 0.06064850312063225 0
0.6229397812446266 0.2659323945385516 0
0.7292540708330049 0.1451232899583541 0
0.7941979168754834 0.06160865768218018 0
0.5276332214985928 0.2659833076736898 0
0.6360685559654979 0.3502786704948535 0
0.6035155635868383 0.06173441579307748 0
0.5213689552127518 0.1460750321871112 0
1.096588733919466 0.04059871418489477 0
1.912383924567933 0.3675613067524565 0
0.4434635186154886 0.1451355646490897 0
0.5082634163096336 0.06185140130428388 0
0.4810481741252159 0.3684050262878139 0
0.4721469094599686 0.3638677567496235 0
0.4303839831015466 0.06110008586323343 0
0.3485846317607633 0.1450690492181512 0
1.712453317654008 0.04308725213781078 0
0.3158970294664701 0.3518940051778264 0
0.3075379746253953 0.3572983383109444 0
1.564767354464991 0.3663345059954259 0
0.3290209946355136 0.2509859543783109 0
0.4293142835629398 0.0411734970802079 0
0.4382135967585622 0.04569217002011247 0
1.350289757328148 0.0431436563707068 0
1.37423574757755 0.3668001177838429 0
1.183444412215617 0.3668644057809454 0
1.720809491974236 0.3678559429200351 0
0.3264721878270209 0.05677944858571762 0
0.3259617353247016 0.04689328717710159 0
0.5930552212054122 0.3675695524083755 0
2.094774887435745 0.04314117690371766 0
1.243869070333622 0.03781791768856702 0
0.8622294976350324 0.3680966320968599 0
0.8534854981556167 0.3638184934836326 0
0.06783427343083792 0.04136368543019195 0
0.07673315903332112 0.04585604744014235 0
0.2226681314116521 0.04294446589659598 0
0.2782918648980215 0.2635620693459879 0
0.2695031829502622 0.2590895604538618 0
0.3080439580738056 0.367240492800148 0
0.2991811306183222 0.3627087272076023 0
1.053208254531232 0.368341199652971 0
1.044296279333643 0.363805348096378 0
1.148600572346251 0.3683063412270914 0
2.157469717744803 0.09466599933946487 0
2.156941801157498 0.08467994404886173 0
1.444747276228629 0.04182361950387328 0
2.007144132995908 0.3679830538818902 0
1.452077207376943 0.3672848296266604 0
0.1620051120873243 0.3688577653057136 0
0.1533483195005301 0.3645981899415615 0
0.7843441277093275 0.3675178624066637 0
1.625568522407671 0.3681272356031345 0
0.6371181429965447 0.3702578444161178 0
1.365470882866859 0.04140301547861444 0
1.209401395100948 0.3700993073774748 0
1.70366606651394 0.3690055731226901 0
1.694753931742729 0.3644697343711036 0
0.499632463472459 0.2223681112189462 0
0.4980501237409941 0.1925199013367211 0
0.2273973473187316 0.2965694815737037 0
0.2269064805302268 0.2867179677813517 0
0.5947773353069794 0.2223437151497752 0
0.3579452168689359 0.1593849152223636 0
0.6024563994447781 0.04177295898389166 0
0.5072003492773238 0.04190415400340147 0
0.5763409215433608 0.3684485698795845 0
0.4491642847597903 0.2551788154658989 0
0.4497027150201641 0.2651023241267664 0
0.593189701374091 0.1924330322951512 0
0.7931413102228091 0.04163918190732885 0
0.4528680555153393 0.1595766172751153 0
0.5360009677978248 0.2605487546915973 0
0.5354774630989209 0.2505843827148773 0
0.5307798726693628 0.1605393959522101 0
0.6313152548913589 0.2604908135317556 0
0.6307929904949779 0.2505211953857668 0
0.6344358734607149 0.1551124254101018 0
0.6349644975832626 0.1650870570001265 0
0.6339065054690924 0.1451363770019787 0
0.783792630009797 0.1923352882678814 0
0.7439569671030667 0.2595289720677971 0
0.7434299500989521 0.2495478464618474 0
0.7386898304055007 0.1596359728458045 0
0.8251473026895895 0.1550743223955071 0
0.8256753903888594 0.1650573739140848 0
0.8246191842894811 0.1450911893599617 0
0.8304224817546884 0.2549529753225381 0
0.8309505998003536 0.2649359684611997 0
0.917421877965149 0.2603644449588859 0
0.9168942212874226 0.2503797960884367 0
1.071502665039621 0.2221738508073465 0
0.9294404020672375 0.1595812957794081 0
1.021194555464045 0.2548767771126187 0
1.021722711331556 0.2648618808162342 0
1.148012971100561 0.1930949885261654 0
1.139100983736273 0.1885591294183688 0
1.024828473525076 0.1595480406038311 0
1.262284561805964 0.2221020140636166 0
1.108201723958359 0.26029033163643 0
1.107673875713368 0.2503046174206043 0
1.120219349069057 0.1595133773426332 0
1.260700814509761 0.1921442785767949 0
1.251788615197108 0.1876082422110801 0
1.203594352661889 0.2602539644095498 0
1.203066469093678 0.2502680837661785 0
1.298987599812493 0.2602177415999418 0
1.29845976964852 0.2502317609768313 0
1.311004911675189 0.1594424401391435 0
1.451487144414907 0.1920719167145953 0
1.394381192605035 0.2601816060115418 0
1.393853283812702 0.2501955946318294 0
1.380190032395201 0.1557849508329083 0
1.380717956514495 0.1657709460465215 0
1.379662128327598 0.1457989857091019 0
1.498159153780497 0.2546952944950402 0
1.498687072126689 0.2646813256793179 0
1.501792175990909 0.1593704919340899 0
1.721955839472904 0.2228362245850917 0
1.585168768169381 0.2601094361987197 0
1.584640853646807 0.2501233916669737 0
1.588273833862136 0.154798599879534 0
1.588801751037063 0.1647846438733607 0
1.587745916374723 0.1448125558316123 0
1.671650509432083 0.2555375348182011 0
1.672178428162423 0.2655235819060486 0
1.692579833649959 0.1592984124722381 0
1.758660180742383 0.2609516936007356 0
1.758132264796968 0.2509656412017367 0
1.779061587576513 0.1547265317931583 0
1.779589504501066 0.1647125839981539 0
1.778533671070819 0.1447404794099481 0
1.891751842222916 0.1537761066084466 0
1.891223925550503 0.1437900525141521 0
1.871350435309677 0.2600012596154986 0
1.870822519128896 0.2500152058054751 0
1.980345285088315 0.1891484385817773 0
1.978233615225683 0.1492042188063271 0
2.013882159627194 0.1673475726608979 0
2.049002784608352 0.1755048708481035 0
2.049530701074971 0.1854909255955703 0
2.059962728445177 0.05476060390122414 0
2.059435187430951 0.04477381122537014 0
1.955658095301232 0.05025804827839506 0
1.954887756252754 0.04074831033997725 0
1.956186012080455 0.06024410344834805 0
1.997704080533192 0.3534611601571611 0
1.902776680694223 0.3533409064029269 0
1.869176325386209 0.05482994334615174 0
1.86864840785074 0.04484388810847126 0
1.772323564852874 0.3553620108619631 0
1.772851479464211 0.3653480661574749 0
1.756486074343947 0.05578038460286761 0
1.755958155173019 0.04579432938591738 0
1.652180057641506 0.05128061593894148 0
1.651652138936817 0.04129456289358233 0
1.616128475285091 0.3536053430669175 0
1.582994691218818 0.05493816286153824 0
1.582466761348091 0.0449521049913566 0
1.442637159834711 0.3527629597078271 0
1.374923354900378 0.05594400492767013 0
1.329947146544806 0.3537132470086974 0
1.33047504930955 0.3636992832883658 0
1.217257663135974 0.3546631185393575 0
1.20142078486144 0.05508333445616437 0
1.200892734095186 0.04509729424065406 0
1.139160700359485 0.3537844369429916 0
1.106028669900954 0.0551203616039983 0
1.0017266267451 0.05062272516807698 0
1.002254636682351 0.0606084764243329 0
0.93108476693778 0.3547652588825436 0
0.9316117719135085 0.3647513259098434 0
0.9152516976036721 0.055198441370471 0
0.9147227669939894 0.0452125511313701 0
0.8025799421601924 0.05615882223439458 0
0.7749054230990606 0.3529987856772629 0
0.7155980683687487 0.0507607339850763 0
0.7161267501913375 0.06074435167826139 0
0.6449731372536884 0.354818024712107 0
0.6118941777837219 0.05628572666171985 0
0.5412646786401244 0.360233905987118 0
0.5407523048335433 0.3502703263433771 0
0.08901689799974144 0.2734381466783497 0
0.5166336775466837 0.05640671247028625 0
1.530040398951282 0.3679566933246959 0
1.521240160165688 0.3635929815528262 0
0.1009464168548981 0.163840447570314 0
0.1097943101088754 0.1683575602481107 0
0.1102837390557394 0.1782035777860427 0
0.0713875442161882 0.2643717063012926 0
0.06256064586702514 0.2598194336357562 0
0.2315043409670143 0.04746699433797505 0
2.160109300510961 0.1445962759812697 0
0.7150693426544104 0.04077687132178906 0
1.044824098411069 0.3737912866586872 0
0.4120156146705031 0.371921403083124 0
1.695244743046652 0.3743987099386614 0
0.337756792600452 0.2554718640561692 0
0.3381284084807112 0.2654990945933149 0
2.162811329617141 0.3597536502106753 0
2.163056090117989 0.3693041188749543 0
0.7496428853944948 0.03893565256947948 0
0.6183436957869682 0.3712220819917555 0
0.8538064539519203 0.3734861958274065 0
0.3072212507846093 0.1721559983681995 0
2.067945333917494 0.369775758156763 0
1.001198620176886 0.04063693489349363 0
1.989714585889368 0.03845954559587736 0
0.3584834436143778 0.169272420181507 0
0.2913970441018682 0.03894185052847624 0
0.5418002530190015 0.3702340671998831 0
1.287647854052395 0.04094661442830635 0
1.296331519086651 0.04513099947559726 0
1.686244830152833 0.03946579451515728 0
0.2010705916997122 0.2830601617240672 0
2.154955026729856 0.3751899225190691 0
2.145917999162539 0.04019988412542438 0
2.154830135138694 0.04473572266307818 0
0.3930379865679642 0.1679467568830751 0
0.4031323059281748 0.1926085213042494 0
0.2225281711140407 0.3712457447803726 0
1.495457177736483 0.03953800369626059 0
0.1796336653617365 0.0401799091192695 0
0.370975695694683 0.2443297607179681 0
0.4534213866529491 0.169584287780636 0
2.161064659579892 0.1743596350872171 0
1.53922871905294 0.3741220665113192 0
0.4726679281273102 0.3738451957232456 0
0.4314276349535836 0.2461394948033975 0
0.489169341668045 0.188003883818693 0
0.5313116055035803 0.1704959403756958 0
0.03918374408045389 0.315504681126034 0
0.03965470710656782 0.3254650965690945 0
0.04852261213694398 0.3300363246149697 0
0.04012825641461104 0.3354287198945639 0
0.04899710241427169 0.3400009980810184 0
0.04060162669509371 0.3453950953026763 0
0.04947359958956676 0.3499686997523248 0
0.0410748337908915 0.3553645942460235 0
0.04994817193867007 0.3599381960932218 0
0.05834591118275201 0.3545415968760405 0
0.05882116706196516 0.3645105895285086 0
0.06721600484902757 0.3591131127798085 0
0.03871263404109282 0.3055461256063664 0
0.04154880087168045 0.3653378137135904 0
0.06786385915007642 0.3687500738215113 0
0.07611490087052553 0.3636295953873847 0
0.5658774653828168 0.1687370741127523 0
1.09671251162215 0.3710486870781703 0
0.03978403514793016 0.1417534597437883 0
0.04026914930926573 0.1516560763438763 0
0.4486495119452322 0.245239125217075 0
1.03578873203221 0.03880678419975231 0
1.955255069476753 0.3707261875851396 0
0.1927866378376775 0.288397587691227 0
0.7324689110062286 0.3702520892785807 0
0.6884591192748397 0.192377799713111 0
0.2602802973323428 0.1002346266395362 0
0.2520216988885985 0.1056610170110312 0
0.1244388612576977 0.1277338293114984 0
0.125007227543549 0.1376108699525196 0
0.1332639881270884 0.1321823529802155 0
0.7392300560724927 0.1696249116536798 0
0.3932109262175174 0.3429220292901635 0
0.3913274746859775 0.1379669708191197 0
0.717238804251594 0.245926659484643 0
0.2771835747735477 0.2339961993519386 0
0.1658595359476709 0.1005318088718817 0
0.1746985762400783 0.1049765283525682 0
0.1664258018354271 0.1103943686178189 0
0.1752392806501497 0.1148351552395549 0
0.1835878893872831 0.1094137788109729 0
0.1669891952587124 0.1202443765396695 0
0.7748844088784852 0.1878019672603126 0
0.861862030142809 0.193207390517801 0
0.8126068597047873 0.2458824674864497 0
0.3044680840831255 0.122629428935553 0
0.8906906530064558 0.2467584104577236 0
0.9299684942347722 0.1695656935795186 0
0.9645608687969501 0.1677426718885013 0
0.9745326014791151 0.1922542723736272 0
0.5711144825719842 0.2686582180310901 0
0.5642903829788062 0.1388326951501694 0
0.8529509078774704 0.1886711815590917 0
0.8298951443430815 0.2449698067750859 0
0.6664324087221708 0.2686239599653573 0
1.025356484890199 0.1695332702199177 0
1.003372616350406 0.2458051826245383 0
1.059948944785414 0.1677073548216 0
1.069918943307761 0.1922174208279037 0
0.8634463993197357 0.2231588116753007 0
0.6469639751886254 0.06440875711299995 0
0.679010669489832 0.3430358126539378 0
0.5516687391224138 0.06449595530170307 0
0.7790755255256995 0.2676757123313042 0
0.7743779627682812 0.3430145216310851 0
1.020666835446512 0.244891438830371 0
1.176858593256882 0.2466466303291838 0
1.216139669600832 0.169463839439285 0
1.22452373633681 0.1640137033292081 0
0.8376885579763759 0.0643076350397542 0
1.294236614447249 0.1703426169756262 0
0.9525416324401926 0.2685181967668813 0
0.9651459751122869 0.3429535399495709 0
0.9629762896138973 0.137785509625019 0
1.367644948170648 0.2465741364821985 0
1.058364755485412 0.1377496982716238 0
1.485023748712774 0.1702708592849464 0
0.9503679088518485 0.06335256073206844 0
1.480334949187887 0.2456236272937096 0
1.143322236198706 0.268446909679566 0
1.138632812243526 0.3437985204324556 0
1.153755913946757 0.1377137312742371 0
1.558432400472822 0.2465019319722695 0
1.238714905844519 0.2684108899326401 0
1.624978258617184 0.1929141280718826 0
1.497631241597921 0.2447092618283403 0
1.236540815878127 0.06324026354493442 0
1.65382625786036 0.2464658584420974 0
1.53116823464573 0.2229083083102883 0
1.334108201545601 0.268374858585347 0
1.141148183187422 0.06327688517896182 0
1.429501809108214 0.2683388074061301 0
1.329419244277035 0.3437272130052981 0
1.25132211364427 0.3428486377507646 0
1.616066131649334 0.1883782950271832 0
1.671122594614141 0.2455514857071786 0
1.44210924638666 0.3427769280679231 0
1.427327686679829 0.06316765056735388 0
1.815765979434193 0.1928420066550484 0
1.844614032832197 0.2463937455929327 0
1.940007936719722 0.2463576911573371 0
1.62028939125925 0.2682667110366779 0
1.615600565187992 0.3436192874243615 0
1.793780807601991 0.2691089861079345 0
2.003386272127485 0.13285356922248 0
1.618115278735295 0.06309543652124036 0
1.791606690198692 0.06393767483669718 0
1.944696740488776 0.1710050842678229 0
1.80638835092506 0.3435472049416194 0
1.906471062019713 0.2681585559488741 0
1.901869255054072 0.3434846164509521 0
2.116138983740603 0.2971302359922144 0
1.997176164002133 0.3434751050289593 0
2.124460756951099 0.1264529218126174 0
1.904296948289803 0.06298723961387942 0
2.10828268098612 0.3125665081377195 0
2.045835284636984 0.1155885410031703 0
2.001802522730093 0.1028954044812032 0
2.110394347122884 0.3525107295585683 0
2.133963254947273 0.3062019134704008 0
2.062075806468851 0.09470205267594725 0
2.057449448531643 0.3352817536375285 0
1.962583455882532 0.3453038605399318 0
2.155358051723672 0.05472177809317824 0
2.163701817246359 0.04935104604752413 0
2.163570602337423 0.03957235661244227 0
2.164263445389616 0.05927086411462834 0
2.099308099026946 0.1428035713967205 0
1.867193617277243 0.3453319175651873 0
1.86501543811398 0.1401685935795562 0
1.871878352184411 0.2699873132528657 0
1.771795649349671 0.3453759562724281 0
2.136012475625442 0.1809190370136373 0
1.869704242218889 0.06481599807251989 0
1.686363528684498 0.3699104368744631 0
1.7523251875774 0.1411190212671999 0
1.806853837859232 0.1883061622734889 0
2.124523202927746 0.2916800191985743 0
1.759188096660932 0.2709377460982347 0
1.757013992014961 0.0657664386854114 0
1.910631956033166 0.1828198985898137 0
1.581007886268115 0.3454480227885635 0
1.561537457042786 0.1411911069268918 0
1.585696682546639 0.2700954812355356 0
1.583522610394686 0.06492421205796989 0
1.488128797178535 0.06496031179960651 0
1.390220311959333 0.3455199745619594 0
1.294826759704314 0.3455558235248578 0
1.394909100841311 0.2701676194053387 0
1.375440034986464 0.06591273289740254 0
1.504369309753673 0.04407383666983955 0
1.21672980745514 0.3446771103770294 0
1.299515498371836 0.2702037130629421 0
1.19725984091982 0.1404206193388197 0
1.104041007643388 0.3456266819570544 0
1.204122233977568 0.2702398531953475 0
1.201948732513056 0.06506929784796434 0
1.035912113024495 0.3692554238643 0
1.145371843518714 0.1431638042619306 0
1.108729568980156 0.2702760570109694 0
1.106556678076289 0.06510625822732494 0
1.049980975285147 0.1431996940620934 0
0.9305573715204771 0.3447796321105571 0
0.9545929458755078 0.1432352933825381 0
0.8450894158606437 0.3692495366617617 0
0.9179495169085393 0.2703491579530684 0
0.9157799851700095 0.06518385909624241 0
0.7397986222715843 0.3448345723774197 0
0.7984187855133358 0.1414726168517285 0
0.463766754417187 0.3693076166908889 0
0.8031079123980006 0.06614345349020362 0
0.7444839214031788 0.2695103277492436 0
0.6444495617277149 0.3448447818983248 0
0.6077305729731586 0.1415259723306107 0
0.6318398776802161 0.270466159872356 0
0.612419745258401 0.06626624827052693 0
0.06235600964933075 0.09659064162403569 0
0.5559227918788259 0.1442756799018532 0
0.5365242537477123 0.2705138512911143 0
0.5171658730285802 0.06637823137394575 0
0.04396825853850239 0.07768129370586266 0
0.2997384666329828 0.3725525312470707 0
0.290884957560717 0.3679971359710486 0
0.2903304772265785 0.3581552878142237 0
0.2820045764376713 0.3635010156347837 0
0.1044983081778093 0.07920231072263678 0
0.103941243092544 0.06927411502128944 0
1.157512636971305 0.3728421935137287 0
0.1256546434892536 0.3212936981146418 0
0.2807084107011319 0.3335412534915626 0
0.2392236173275453 0.360459606633508 0
0.2397334169143175 0.370392604975582 0
0.2480810844007743 0.3649949711279954 0
0.4376766102717691 0.03572433042447679 0
0.446577184800711 0.04024404483712382 0
0.3373029157260514 0.2455861439661714 0
0.382989989133885 0.143360329567575 0
0.3004638189483787 0.1982136975462201 0
0.3269946914875199 0.06667824445858361 0
1.747170908097311 0.371712658585645 0
0.6978826599689746 0.3720758200172405 0
0.2308690160097766 0.03624369014316636 0
0.5244234639859482 0.3709961460464084 0
0.3181324823725764 0.06220028956554666 0
0.2139003373264335 0.03825147806913434 0
1.642740005724955 0.03675872622684992 0
0.8704705372611237 0.3742029605271672 0
0.04531317939491597 0.09742726272059772 0
0.3859334002563076 0.03853126993645109 0
0.2539170274594252 0.1351907009459808 0
0.9840250301484954 0.3719968363338585 0
2.006762579776067 0.03728444802849032 0
0.05991864697870386 0.3755337375161095 0
1.409100388126626 0.3745637378114502 0
1.417484583149713 0.3691135345521364 0
0.1705559578421257 0.3747599558420733 0
0.04166205098636677 0.03782964924423018 0
2.016056268605205 0.3725188926479234 0
2.162748883221557 0.1945265526107835 0
0.1338314076190581 0.1420415767411005 0
0.1420872924270493 0.1366198235372868 0
0.8623101998255842 0.03797215871757523 0
0.8533985972299087 0.03343695957069895 0
2.161227579941602 0.3297954839683662 0
2.160699663391052 0.3198094285462911 0
1.279204267542424 0.03546438221623682 0
1.521630073493458 0.3733667433083683 0
1.512847861314329 0.3690307626418572 0
0.2485882182465976 0.3749355103180845 0
0.03562935537646239 0.0831573873852606 0
0.03505799832381173 0.07319926726285042 0
0.5935467983836121 0.03724102916932437 0
0.2829322549371741 0.3733804136237818 0
0.7842301032872496 0.03710450123491152 0
0.377501837179043 0.3736964658401951 0
1.911625333481373 0.03756491190287656 0
1.902699692192412 0.03305560952533637 0
0.7061582753677051 0.0362428671009615 0
0.1535594821926658 0.0366733377519671 0
0.145261019055168 0.04212902257761242 0
0.7415746557145229 0.3747781557241389 0
0.7497958295870566 0.3693379254606501 0
2.059561114535718 0.3752259749575404 0
2.137005863185257 0.03566404558973024 0
2.163804716324117 0.2144986632632715 0
0.03267249096931613 0.3607616740291283 0
0.03314674728354738 0.3707383765697166 0
0.8969004211812232 0.03614216380724708 0
0.07780865109432744 0.3745572166688401 0
0.08495787313162229 0.3682557231052167 0
0.08448061518876582 0.3582790768548318 0
0.09334401922587809 0.3628558560775452 0
0.09405386053057718 0.372469829122551 0
0.1022471136250561 0.3673663430961056 0
0.1017347658206555 0.3574499791398409 0
0.1105987331741337 0.3620148604392228 0
0.1110789274638275 0.3719756695334038 0
0.1194221220436751 0.3665389717112074 0
0.1189528783540514 0.3566152049140616 0
2.165670439611746 0.2445548541926902 0
0.1185593149035147 0.172828703075106 0
0.1187977160228798 0.1826850992900627 0
1.51337442815922 0.3790147427726493 0
1.504483725026156 0.3745118677896315 0
1.087676663520898 0.03606298805748853 0
1.096060759283433 0.03061276761210172 0
1.104972720198118 0.03514851104969122 0
0.2826508508281721 0.03463491325496118 0
0.9922866157077819 0.03610131308788619 0
0.8879886047465669 0.03160687920262198 0
1.486545045672758 0.03500217116946083 0
1.408447575732674 0.03412388742522621 0
1.400063375618129 0.03957410205608472 0
0.07616305180793992 0.03591586029730967 0
0.08506068476776463 0.04041089184966634 0
1.392275043154124 0.3758892942615212 0
0.1535920068198215 0.3741784868716921 0
0.2551657881682781 0.146258726634394 0
0.3770396433754878 0.03401896439844918 0
0.05001257235742051 0.03237804700736577 0
1.296066508478001 0.03554942027503269 0
1.304729073001248 0.03970133979741919 0
1.96416720524561 0.3752620261816805 0
1.972551424585153 0.3698118094871261 0
1.973079341044306 0.3797978647958775 0
1.503841390372379 0.03408778692150274 0
1.512753523370239 0.03862362047603313 0
0.3085629277035367 0.3771773927440646 0
0.2699159986628725 0.2691445756558786 0
0.261115447101993 0.2647031466022874 0
0.2787945396925461 0.2734480081527407 0
1.105624543399024 0.3755845573710093 0
1.114008739516734 0.3701344410686952 0
0.9931459167222227 0.3761220952174858 0
0.3501813374634871 0.1746748162123854 0
0.7066262862623109 0.3763561303299655 0
1.694629047911536 0.03401557757821982 0
2.167192152000232 0.2643922282865775 0
0.7578885246841651 0.03375489055350625 0
0.3793024404666134 0.238928832343571 0
0.4450371977578604 0.1750150779855414 0
0.4047329697486329 0.2223834986279022 0
1.044172659430158 0.03335640863164138 0
1.75608304319378 0.3762484974608156 0
0.03356989003956135 0.04331590132500812 0
0.03243274837580268 0.03207394805068425 0
0.5229283825306998 0.1759826921122458 0
1.148836780957621 0.3778436776385429 0
0.4920938114825981 0.2478491925253481 0
0.483200589605127 0.2433449541520853 0
0.5842431552526699 0.1878289240349253 0
1.201143490423399 0.3756018320798588 0
0.235683954529661 0.2912164722310599 0
0.2353992211647351 0.2812308027351911 0
0.5784512415360001 0.2432689849703397 0
0.3358612479591192 0.07116723156747984 0
0.2791365377668035 0.1290126107388076 0
0.497495606936376 0.1825708354478164 0
0.5085156282184329 0.2268903578747091 0
0.6795503166456663 0.187840167667613 0
0.3824653559277493 0.1334641469381014 0
0.4575275238730973 0.2497384807354411 0
0.4570017945406855 0.2398151774772012 0
0.5443767970712694 0.2551020130339348 0
0.5438449659525298 0.2451465327174116 0
0.5349541794457425 0.2406202817681088 0
0.7308717960243284 0.1750839887122211 0
0.6900455213770228 0.2223128026810674 0
0.5926392844325193 0.1824301266450717 0
0.6036747326743621 0.2268720153061172 0
0.5695194560054589 0.2387676499353511 0
0.7256160610815301 0.240480364681303 0
0.4617914318986426 0.1641644646916513 0
0.4623907988796377 0.1742449996942982 0
0.1180528437398067 0.162980837978299 0
0.1265182307826536 0.1670199132843531 0
0.4015797964892938 0.3374953250178151 0
0.6396950285156454 0.2550425160795143 0
0.6391637246889039 0.2450724084546028 0
0.630261957012991 0.2405403502225314 0
0.3667775673339037 0.1638810354894213 0
0.3673202889175847 0.1737633473928403 0
0.5396707520071247 0.1650618077649227 0
0.5402030750500688 0.1750184606482715 0
0.7853762322935229 0.2222797066925305 0
0.5553932816426518 0.1343081584119058 0
0.547022796051605 0.139744637721974 0
0.643341228101009 0.1596496961327865 0
0.6438660013534288 0.1696161088753856 0
0.6354923391842791 0.1750603195813593 0
0.3741290863752633 0.1388584042221425 0
0.9215855306429193 0.1750151572838829 0
0.8990729076938755 0.2413093067941897 0
0.7832611302690743 0.1823539163483243 0
0.7523392212574569 0.2540795272328785 0
0.7518104198101959 0.2441002740070651 0
0.675337811376736 0.2731582872523987 0
0.7476051831911317 0.1641788570337892 0
0.7481340786362662 0.1741592076149976 0
1.016972897392491 0.1749831190410408 0
0.9761166461976242 0.2222095288827823 0
0.8388047247461328 0.2495045533825484 0
0.8382782196128827 0.239519113708164 0
0.8340566185222418 0.1596093036245074 0
0.8345849852069511 0.1695918365448039 0
0.826203372831759 0.1750403780910974 0
1.120747305269817 0.1694990213426326 0
0.9258049820415513 0.2549150416400637 0
0.9252773999839785 0.2449304515623164 0
1.064170917717969 0.247597114026346 0
1.05525874266787 0.2430621291084781 0
1.112363409771673 0.1749490631829619 0
0.6558728480090914 0.06894133426281471 0
0.68739302062075 0.3375881809247109 0
1.225051661026618 0.1739995885288034 0
1.2334357344483 0.1685494489457533 0
0.9383513540122776 0.1641164064513292 0
0.938879474840036 0.1741008274630626 0
1.149596799722097 0.2230523141226411 0
1.207755606388212 0.1749139660183519 0
1.185242566149967 0.241196553315277 0
0.7827613006982614 0.3375656130130175 0
1.080414340604741 0.226709477435556 0
1.029578481404811 0.2494267342170659 0
1.029050549514137 0.2394416115192621 0
1.246043361688674 0.2429888220938894 0
1.303148668694363 0.1748784034626889 0
0.954064917462871 0.1332502094063408 0
0.9456814357545088 0.1386996855624244 0
0.9614533252842115 0.2730537755891296 0
1.033740020474015 0.1640835094715587 0
1.034268046923985 0.1740687489753131 0
1.116585812438252 0.2548401755368404 0
1.11605783161644 0.2448545960721464 0
1.107146031500769 0.2403189087533101 0
1.14748486209411 0.1831093263999614 0
0.8465998660549805 0.06884266897409566 0
1.338269587784668 0.1830364729572341 0
1.32935751904771 0.1785006791315652 0
1.049453005325703 0.1332141284289751 0
1.041069157359096 0.1386639726493784 0
1.129131223433026 0.1640489658887095 0
1.340381252386958 0.2229803672464027 0
1.376029104537876 0.241123955067766 0
1.21197850250574 0.2548037765915808 0
1.211450556142432 0.244817961813199 0
0.9735299629871554 0.3375036602907865 0
1.271196580865415 0.2266377931768152 0
1.237131071997573 0.2384532581100551 0
1.260172765590954 0.1821583267772498 0
1.442575039854596 0.1875360976583297 0
1.493935864427606 0.1748066847327979 0
1.144843979498833 0.1331780357222343 0
1.136459822291112 0.1386280012141924 0
1.307371798251728 0.2547675381823174 0
1.306843863511635 0.2447815899676441 0
1.297931911170848 0.24024569404503 0
1.453070892730613 0.2220299749211682 0
1.529056569161069 0.1829641686808584 0
1.520144450002858 0.1784283411220687 0
1.402765395557109 0.2547313930295269 0
1.40223746971541 0.2447454018961465 0
1.566816604671166 0.2410517237745152 0
1.336685399254832 0.1530782516859588 0
1.147016967829196 0.3383483999368475 0
1.450959226942144 0.1820858968812571 0
1.693107750434046 0.1692844623228254 0
1.626562007729134 0.2228722640591921 0
1.389102132984919 0.1603207964077677 0
1.389630047373118 0.1703067545973568 0
1.381245874246878 0.1757569482977831 0
1.50654335756134 0.2492450915729793 0
1.506015451803328 0.239259041133498 0
1.684723536061034 0.1747346766341526 0
1.714627432958191 0.2482585589284144 0
1.705715298122159 0.2437227249574366 0
1.438413918269883 0.2728746396816384 0
1.593552983268475 0.2546592208695816 0
1.593025064848198 0.2446731809028936 0
1.719844177854258 0.1828920048994056 0
1.527472735116667 0.1530059631300932 0
1.431023150141423 0.1330698860150663 0
1.337803447810464 0.3382770183354576 0
1.597185958765617 0.159334435124584 0
1.597713891040852 0.1693204946996558 0
1.589329670324217 0.1747706909334037 0
1.817349728628887 0.2228001652442025 0
1.730867974221252 0.227372059598594 0
1.852998250296066 0.240943529921248 0
1.883895540691285 0.1692123767134864 0
1.450493458135727 0.3373267238345174 0
1.680034726286037 0.2500873195480874 0
1.679506809496339 0.2401012720614536 0
1.912743621991771 0.2227641139255523 0
1.948392155144643 0.2409074749265558 0
1.767044399110489 0.2555014771199641 0
1.766516481859462 0.2455154260549699 0
1.757604351173087 0.2409795887213381 0
1.701491965076078 0.1638342479149696 0
1.875511322689567 0.1746625928639998 0
2.000281216860175 0.2381643399751912 0
2.017049654512118 0.2272639069590885 0
1.78797372194699 0.1592623712017857 0
1.788501638129712 0.1692484209332213 0
1.780117421226375 0.174698636520318 0
2.0338180922769 0.2163634739334717 0
2.042202311187924 0.2109132573973495 0
2.05111444664076 0.2154490956957302 0
1.879734654138231 0.2545510431310901 0
1.879206737339459 0.2445649896373674 0
1.900136060442675 0.1483258903560951 0
1.899608143814035 0.1383398361860646 0
1.900663979907233 0.1583119463610823 0
1.623984784882018 0.3381690720220596 0
1.802692941659165 0.273644824280713 0
1.936312522336632 0.1764553011464726 0
2.003914188626712 0.142839624008018 0
1.921655755648102 0.2272999518578249 0
1.934200855674768 0.1365110829583565 0
1.925288719740718 0.1319752443460013 0
2.052698196102208 0.2454072601531526 0
2.061082415102206 0.2399570435452102 0
2.138129505325129 0.2208629747066872 0
2.137071686372307 0.2008909690485024 0
2.139178492226477 0.2408354472122778 0
1.800518825406114 0.06847351263302268 0
1.814772569827276 0.338096988802674 0
1.910190222613242 0.3380560274702977 0
2.005560383244294 0.3380248883407277 0
2.108220234744319 0.147339409823265 0
2.057914920046751 0.1800407091494762 0
2.058442835852063 0.1900267647960715 0
1.70096404825295 0.1538481977162436 0
2.134956642543224 0.1609469263955919 0
2.11561106721474 0.2871441806734199 0
2.13964544592522 0.08559432237508986 0
2.060491210347573 0.06474554851423506 0
2.069403440429337 0.06928120185653688 0
1.863494133433641 0.2754375294875586 0
1.762883514569797 0.3408401176448339 0
1.861320023417483 0.07026621475871953 0
1.964570230717425 0.05479388644805014 0
1.965098147626277 0.06477994178420632 0
1.956713928736742 0.070230158605912 0
2.051579544293935 0.06020878749839706 0
1.75080387944196 0.2763879606927688 0
1.971495591590602 0.349839699043159 0
1.970967675139321 0.3398536438781645 0
1.890696008826 0.133803998322446 0
1.826261860227993 0.2273360024176828 0
1.685840766318722 0.3599323101439327 0
1.98146356025709 0.3743476480806107 0
1.748629774235085 0.07121665522163664 0
1.876139468678677 0.3499172481110834 0
1.875580743210817 0.3398952784416931 0
1.89432672783642 0.03848371314321447 0
1.878088460952226 0.059365781499638 0
1.878616377795984 0.06935183618449589 0
2.123995286209159 0.2816939638959675 0
2.150200003200542 0.2853156285037755 0
2.159113766111826 0.2898513806588902 0
1.474527883310177 0.135776948827121 0
1.577312470940167 0.2755456900710929 0
1.780707782398246 0.3499117955644541 0
1.780179867517402 0.3399257404936546 0
1.512345914511934 0.3590846562172424 0
1.765398207249363 0.06031622118832758 0
1.765926125426476 0.07030227615441664 0
1.575138396420413 0.07037442770859786 0
1.678388530295996 0.05490206503063594 0
1.678916447659674 0.0648881182509817 0
1.687828581904849 0.06942395494930753 0
1.635474135499764 0.2274080985577526 0
1.589920013138427 0.3499838629786358 0
1.589392101629451 0.3399978097093463 0
1.283740725144833 0.1358489605597584 0
1.386524913242764 0.2756178045799106 0
1.540080337075964 0.2274441344785777 0
1.591906824066143 0.05947399764822051 0
1.592434743006392 0.06946004679631554 0
1.232907808362311 0.1585635542946084 0
1.367057340611168 0.071365249191507 0
1.504897220231707 0.0540598831970249 0
1.291131346948347 0.2756538646306275 0
1.461982998580638 0.2265657986612317 0
1.20781775454112 0.3401412829233185 0
1.288957493205617 0.07048294727382284 0
1.195738139554635 0.2756899420070602 0
1.38382531176663 0.06046419313311693 0
1.384351541925932 0.07044761488102527 0
1.43372503113747 0.3482271297955115 0
1.433197122231628 0.3382410922700605 0
1.349293255442661 0.2275161555033143 0
0.7470704584351999 0.1541896409372316 0
1.297341667560962 0.06503274663185693 0
1.193564599194396 0.07051949199658708 0
1.303738820757647 0.3500916794052062 0
1.303210939206148 0.3401056382632727 0
1.100345596044423 0.2757260165815526 0
1.035384311192716 0.3592694951623593 0
1.243465783956032 0.3582848654287788 0
1.243993678102182 0.368270854875827 0
1.252905759487261 0.372806729634888 0
1.098172641044963 0.0705564336973038 0
1.210332864284557 0.05961911809908993 0
1.210860812929901 0.06960507745311817 0
1.158508404303652 0.2275879444449921 0
0.9216458018382743 0.3402437878509761 0
1.140167835552156 0.3736815680205317 0
1.112953018077936 0.3501625183391009 0
1.112425174001527 0.3401765759845795 0
1.131708174093901 0.0487551248837701 0
1.131180183683295 0.03876923257036205 0
0.909566307116771 0.2757983462465848 0
0.9073964922359138 0.07063390458198007 0
0.84460078411288 0.3593237954699533 0
1.010638329886784 0.05515835139891462 0
1.011166395767253 0.065144093749851 0
1.002782641030129 0.07059420812316053 0
0.9850278516335866 0.2267449130363333 0
0.7947261992014553 0.07159321527344362 0
0.7361032423295329 0.2749569617884817 0
0.9394681409269304 0.3493158378612173 0
0.9389408498322203 0.3393299505783819 0
0.9241630153002544 0.05973352504991281 0
0.9246916029832022 0.06971918165782126 0
0.6355417966585239 0.3403068212413611 0
0.872354307737411 0.2276930478779611 0
0.06674026319158433 0.3491481472142769 0
0.6234633577493177 0.2759082709602858 0
0.8282492085764792 0.04978754426066459 0
0.8277210942413467 0.03980330740069385 0
0.7942846887530964 0.2268136483055231 0
0.4632458956892495 0.3593313252263907 0
0.7487089607617159 0.3493703127848735 0
0.7481820287097432 0.3393859171745265 0
0.0950559082899336 0.06479729910747156 0
0.1033774679768362 0.05934121957834851 0
0.1122637875538601 0.06382037094637105 0
0.1117005462451655 0.0538852384819585 0
0.1205709914088096 0.05839547857665775 0
0.1199861987563734 0.04846315060522802 0
0.1111348910048561 0.04394585574562029 0
0.119437338094876 0.03849068321436727 0
0.1105636646163193 0.03399734470613405 0
0.6040453287735044 0.07171476926934811 0
0.7245075881614201 0.05529474052031116 0
0.725035830828353 0.06527827039779521 0
0.7166554806835284 0.0707277788397816 0
0.4612213185690692 0.1541568256064849 0
0.5281556141041819 0.2759475168500635 0
0.6989427313024702 0.2268427370634097 0
0.6711564673673163 0.358464837890807 0
0.6716817777278585 0.3684506297895013 0
0.5087958788807097 0.07182405152679538 0
0.6375286261059819 0.04989828359550394 0
0.6369971728276963 0.03991183699844575 0
0.6453760599941271 0.03446103652260046 0
1.234956960018277 0.03328211301887926 0
1.226572801720165 0.03873232597860121 0
1.651432011836854 0.03178198960381032 0
1.660087650921757 0.03592325966359347 0
0.5496544980175972 0.3548086224341011 0
0.5491325628256368 0.3448299870111131 0
0.5402317916624167 0.340293819215136 0
0.5422343289649074 0.04998941530205617 0
0.5416979964210518 0.04000239879648876 0
0.5500724673001447 0.03455148483774473 0
0.1078995560814338 0.1386041933394548 0
0.09905427000379152 0.1341597989803213 0
0.07271240334987894 0.2939939660469791 0
0.307052916071746 0.3473659833143626 0
0.3153926387041438 0.3419652737785303 0
0.1520675357679736 0.3349133999639959 0
0.1437239356493984 0.3402749424531897 0
0.3113917178895317 0.2420406914954564 0
0.2924257377636688 0.05880751280351651 0
0.1458433276240169 0.05206153273398148 0
2.007672049403944 0.3779691094042404 0
0.4135866637296015 0.226889983601828 0
0.4471135309624457 0.05021249867111904 0
0.1961203560301856 0.3576043677564451 0
0.1966189511176549 0.3675313850365044 0
0.1884983133431212 0.04466094569580373 0
0.187954015632635 0.03473219040276532 0
0.2575615033719127 0.05075219400081518 0
0.2572367678320007 0.04080574856418845 0
0.06303243711462514 0.2697459424638742 0
0.05419691646439007 0.2651907084521516 0
0.05373057594840769 0.2552520589380499 0
0.04535764769758677 0.2606298832377125 0
0.04489234736453795 0.2506843203086029 0
0.04583429233250369 0.2705574348632328 0
0.03651172140241199 0.25606627803333 0
0.03604475279794617 0.2461198680834807 0
0.04442763911431391 0.2407400457912716 0
0.03557961781036489 0.2361737055562528 0
0.04396126070760653 0.2307977623581991 0
0.03519164784132656 0.2262243027810488 0
0.04350897292373324 0.2208484201262286 0
0.03474179586273296 0.2162780724465994 0
0.04305085842511147 0.2108995662604817 0
0.03436186847117706 0.2063286657828355 0
0.04259942637464142 0.2009568974169178 0
0.03382258966804885 0.1963881997064102 0
0.04212243714749864 0.1910146744749429 0
0.03347421305537557 0.1864364927145412 0
0.0416754552057268 0.1810677030072515 0
0.0328556490646017 0.1765349246096944 0
0.4209078207401336 0.3764604922408267 0
0.4125297225383773 0.3818930506612617 0
2.167498256938896 0.284401149839531 0
2.168027874178764 0.2943871151774998 0
0.1198663063384319 0.3764370539476359 0
0.3002731890138732 0.04344548275790336 0
0.1757898048937395 0.1246803289075949 0
0.1277316633244006 0.3610892650548579 0
1.210140036879115 0.3798576213000791 0
1.218348572184216 0.3745972104359785 0
1.425853226186994 0.03312512340457027 0
0.2568879361290053 0.3695391250819735 0
2.165853937097164 0.08921578252626329 0
2.166381853686946 0.09920183789409238 0
0.3458754807647619 0.2501995144958276 0
0.3454724885901603 0.2402047417237647 0
0.2997354969524826 0.033503082455868 0
0.179070395616911 0.03024454148737954 0
0.05603533725541388 0.1211759717481013 0
0.06482044195766679 0.1258547954033443 0
1.139564241686193 0.03331893349769047 0
0.1447165517323157 0.03218706602522897 0
1.130652274772391 0.0287833831146278 0
0.02678657767535286 0.07867274758707093 0
0.1923040451395174 0.2785557092896854 0
0.1840206059098928 0.283889108188378 0
0.3863863857568357 0.3782346408924333 0
1.036439929228002 0.379241374469553 0
1.027528050629372 0.374705184554107 0
1.24334113800735 0.02783189454259805 0
1.252068322401548 0.0323774823160555 0
0.20042607543388 0.273519991879994 0
0.7489541181849878 0.02926516648311406 0
0.7407062215852347 0.03445699711838643 0
0.5411638125447886 0.03002120775811615 0
0.5327884591864229 0.03547127275574968 0
0.03142463537774898 0.1470769628503972 0
0.03093952448689929 0.1371702575591168 0
1.686853309262409 0.3798378270186795 0
1.677977076415625 0.3753572172671997 0
0.8456149550367785 0.3792320604186937 0
0.8367354229373427 0.3747454673090275 0
1.053899783960906 0.3780054231624127 0
0.5322545467505985 0.02549072620656348 0
1.244521588427209 0.3782568420629491 0
0.6364654042708812 0.02992806340049745 0
0.6280920093739548 0.03538810139380774 0
0.4815704611620496 0.3783838750503623 0
0.4731887611555488 0.3838253569506652 0
0.2607929024656488 0.2550903336888604 0
0.2526948557147279 0.2604784173855874 0
0.2403459591791356 0.380614463514538 0
0.6019265972490717 0.031790839847992 0
2.17135575177988 0.3637238244486951 0
2.17113426340587 0.3542091559577309 0
0.03143710559240676 0.330848195126943 0
1.704512691303707 0.3786315581686586 0
0.7928722355482266 0.03205296131040439 0
0.8015664810959005 0.03625560426522925 0
1.097240340074221 0.3810346729583141 0
0.4287753273452641 0.03120573980194066 0
0.4371392347242615 0.02575433682557693 0
1.417703064094673 0.3786235510615761 0
1.426345142809217 0.3735700381191011 0
0.226805240982938 0.2773955604896477 0
2.145390082575028 0.03021382869114189 0
1.304203373000301 0.02971873101783162 0
1.312729865684048 0.03419371736579535 0
0.02600616925300958 0.2126594069564868 0
1.659783073341044 0.0270516243707469 0
0.2574380092815494 0.3794827608519906 0
1.685716912646992 0.02947974029904152 0
2.172606087202452 0.05390233997752372 0
1.747698823875285 0.3816987134637303 0
1.955782985885575 0.3807122428744574 0
0.6986007477190219 0.3814577293373804 0
0.7506045814832442 0.3787798988850103 0
0.7587320722308106 0.3737847262303856 0
0.7434106579246536 0.3848089680210794 0
0.7145404921454301 0.0307925893649163 0
0.03091294671053713 0.3105404477876798 0
0.03013945642379667 0.3005297332435408 0
1.226044845253114 0.02874630601272324 0
2.068473250445612 0.3797618135359037 0
2.171375615675592 0.3739090176090936 0
1.000646837185801 0.03009363970268708 0
1.00957842040774 0.0350938423195177 0
0.252976704705559 0.2698218551685226 0
0.244201465222142 0.2653504541900414 0
0.08474428932815536 0.03102243341186703 0
1.035260870450888 0.028821140510355 0
1.114536586496466 0.380120434286782 0
1.409411677415187 0.3844584716667194 0
0.2990579712983654 0.1777646982232807 0
0.3087259908539187 0.1928217097164851 0
2.176343381494804 0.2883557952730836 0
2.060089031045355 0.3852120303541106 0
2.051176895156212 0.3806761917377173 0
0.02734157940559889 0.08859881260049411 0
0.3853949342766945 0.02857268240468666 0
0.3780141056797013 0.3836645079694476 0
1.399700860581546 0.02920780607023854 0
1.391178815607372 0.03497489694312006 0
1.40827103565249 0.02450036239397602 0
1.253362692197242 0.3826835836436163 0
1.893784930271544 0.02852493097755338 0
0.1530016258107704 0.02672855457866041 0
2.169611799354971 0.3243452671141874 0
0.3942572182807336 0.1880626609884307 0
0.4026178591622214 0.1827048573426638 0
0.167667028001427 0.1298478712320402 0
0.3704619950618557 0.2344210874617119 0
1.981991476660337 0.3843337034293545 0
0.4481317057425397 0.2352959293511188 0
0.3002969353167555 0.3820525584466326 0
0.2814721095882515 0.353626116709587 0
0.4886048498286277 0.1780028294243063 0
0.1587489095091893 0.1256536334714026 0
2.173246047163846 0.06409123830081248 0
0.1593771242522766 0.1367726987340196 0
0.05094924467137019 0.1955815449750462 0
0.1845026197309896 0.2937357515278847 0
0.5953043081997724 0.2323138140365461 0
0.3275361113438017 0.0765985719920802 0
0.2533240570166757 0.1254696702769524 0
0.2451114698466713 0.130773158113968 0
0.2615175373598142 0.1200575296383638 0
0.244285342844265 0.2858599855597842 0
0.2445180721078062 0.295754871611746 0
0.6443945341727818 0.1795897740039485 0
0.5433211899456045 0.2351843873657409 0
0.110709632286055 0.1880480059015138 0
0.1192449190794409 0.19257823147759 0
0.687932170373114 0.182402367445304 0
0.3736073273547058 0.1289567082748568 0
0.1415299915551667 0.1267669308975305 0
0.05234108824084904 0.2254123963244291 0
0.5779421932253352 0.2332894352603082 0
0.09962555396854511 0.1440437739583401 0
0.0908278744129758 0.1395939760788989 0
0.111170097359785 0.1979038250626464 0
0.1199292326588173 0.2024219050066919 0
0.1116729415284143 0.2077511746738661 0
0.1204384676710849 0.2122677778599808 0
0.1274814354240246 0.1969266288998109 0
0.1121535918454033 0.2175973364178075 0
0.1209183892514311 0.2221187535155229 0
0.6386376044525303 0.2350975837559536 0
0.3926909777741437 0.3329683892127769 0
0.2343366383557177 0.09670101524062705 0
0.2260515748788028 0.1021055168119688 0
0.2349467042391697 0.1066178820173736 0
0.2266709491907032 0.1120035908407178 0
0.2178044019593013 0.1075158683080339 0
0.21837557843916 0.1173758122806279 0
0.209548772371042 0.1129108804684733 0
0.2102490527660228 0.1224402364550231 0
0.2189361525313929 0.1271877168820306 0
0.2014758544888102 0.117941712376969 0
0.2007762736333015 0.1083992440586852 0
0.7743516614316277 0.1778140084332779 0
0.2901029772586547 0.1729469409612959 0
0.1757376468138802 0.289226844653197 0
0.1752559461195555 0.2793811089142317 0
0.1669747383980857 0.2847169207509804 0
0.1664958452517634 0.2748748991329841 0
0.1582142632409893 0.2802057351022211 0
0.1576518323523753 0.2705308649356745 0
0.1494379832442159 0.2757256138413019 0
0.1487518947380345 0.2658445564553208 0
0.1656311099526542 0.2653321357869183 0
0.287748725308781 0.2983109481302106 0
0.2960077261742609 0.2930647097156527 0
0.8351130277399085 0.179574858542687 0
0.4074022014659489 0.2822670750553926 0
0.8613343201088495 0.1832243460042129 0
0.3759592250736427 0.3438183397317602 0
0.3670839191972026 0.3392879058015024 0
0.3754416794200377 0.3338680679630444 0
0.8293678579639739 0.234983838829109 0
0.05739629221491027 0.3346118620420491 0
0.5622148750097256 0.2641317389739569 0
0.5627275532463691 0.2741075148906101 0
0.5464964354921779 0.1297824627233954 0
0.4753578069608628 0.2587337628634547 0
0.4758774877073447 0.2686897274086619 0
0.4143036835595414 0.2469750670686759 0
0.3991164546272747 0.1225935201070963 0
0.6475380966519493 0.2396275265356288 0
0.4852792257232915 0.2831846560789596 0
0.6575275152788549 0.2640906728867453 0
0.658046219015231 0.274074880180138 0
0.9656187221769685 0.187714966543947 0
0.9740034234193806 0.1822675255188878 0
0.4183221562513995 0.3266366738655142 0
0.5093329577810233 0.246963931896236 0
0.8524200970160558 0.1786834696921754 0
0.3284926580880775 0.2411017224096148 0
0.8639742185304939 0.2331426988198456 0
0.3880840955048706 0.07833309896831639 0
1.020139069082083 0.2349060553345785 0
0.4335049428472174 0.2859139504542707 0
0.6784842196796999 0.3330527692646074 0
0.6701030955897531 0.3384980684311568 0
1.061006076545537 0.1876800308214837 0
1.069390315243467 0.1822308652629697 0
0.6474931947307289 0.07439021750651911 0
0.6385868797692597 0.06986127255116628 0
0.7701663221928459 0.2631418210969073 0
0.7706908966671823 0.2731255679600402 0
0.4802822592635366 0.1834791509114792 0
0.4797363705417406 0.1735027699062027 0
0.5915474697906922 0.1624354159415739 0
1.121275235282 0.1794847063408999 0
0.4962410773775338 0.3275990582666164 0
0.5721291294014068 0.1234155508568289 0
0.7738508200898701 0.3330300188626177 0
0.8471870435031192 0.2440555522097916 0
0.8466659662973287 0.2340662099168376 0
0.847715507166902 0.2540381973958739 0
0.6999600880261099 0.2468314083193454 0
0.5915320724029198 0.3276139926365958 0
0.6847194008346089 0.1224622983485432 0
1.251260766923214 0.177622448744211 0
0.1126269420134876 0.2274440830636796 0
0.1213907392564141 0.2319676669574029 0
0.1130948151641266 0.2372954698039184 0
0.1218579441252211 0.241814793175285 0
0.1301523854346991 0.2364876585518705 0
0.1306191426525083 0.2463284412847463 0
0.1387384743152174 0.241048532433879 0
1.115529978529018 0.2348689175181522 0
1.262812390421254 0.2320879938917373 0
0.9530697621175953 0.2785033071075506 0
0.9441570772986498 0.2739685057721668 0
1.294764535474596 0.1803285739266391 0
0.8382167859270329 0.07429253679993372 0
0.8293061184307882 0.06975841159191476 0
0.3695107404848866 0.379103393942488 0
0.7953207418063453 0.2467892437918281 0
0.693148573671398 0.2822267601871452 0
0.8665953389637742 0.2830749331700552 0
0.9451535903015977 0.1287148981037918 0
0.7041590668554237 0.3266927250371848 0
1.233963658123051 0.1785353418156737 0
0.7429028468292631 0.2395669002679027 0
0.7512833365730708 0.2341196158278276 0
0.7601903808606916 0.2386528398623053 0
0.9646182443364637 0.3329678721617221 0
0.5805348129760376 0.2831676130591511 0
1.390157965479864 0.1802927587499739 0
1.245515351229693 0.2330029777144146 0
0.7659754298067497 0.1832675570747354 0
0.7654439743614051 0.1732812313979834 0
0.875447490479958 0.1223867407979412 0
1.047402922432533 0.2584974149802422 0
1.04793076790055 0.268482888123739 0
1.040541277013611 0.1286785410420218 0
0.814713704107743 0.2858169513284504 0
1.306315971210585 0.2347956229507981 0
0.7995285561322544 0.3266676928365279 0
1.124441753141799 0.2394045788585069 0
1.134410306309645 0.2639112072172639 0
1.134937975825355 0.273897100996557 0
1.48555166640907 0.1802568901408224 0
0.9860785695691292 0.2467180816773412 0
0.7885112071367613 0.2821947220692381 0
1.135932043356433 0.1286423246427703 0
0.916366545322335 0.2403952148402481 0
0.924749702827117 0.2349458411540471 0
0.9336603432716188 0.2394808747973538 0
1.057370220900397 0.2830043498870232 0
1.497103329558319 0.2347232073438326 0
1.138104943251161 0.3338125754046883 0
0.9792759028961667 0.2821255637821081 0
1.229802870695496 0.2638751252182737 0
1.230330669985899 0.2738610963656918 0
1.081466390882109 0.2466831738294284 0
0.97083155957593 0.1223501808837008 0
0.8776157603237307 0.3275506377109652 0
1.598241802170393 0.1793065306747311 0
0.9902980935520561 0.3266038330592997 0
1.31522800169126 0.2393314310982995 0
1.005482801425605 0.2857472301719765 0
1.624450341575257 0.1829280827535456 0
1.325196117130272 0.2638390545745712 0
1.325723971318508 0.2738250692638304 0
1.159563059765014 0.2475604836166432 0
1.531696150164051 0.2328943465047911 0
1.06622054160019 0.1223138997237919 0
1.670594679388378 0.235565436213561 0
1.693635667146445 0.179270512124795 0
1.068393067209299 0.3274833944868683 0
1.420589701743914 0.2638029796623877 0
1.421117583239815 0.2737890267909664 0
1.328891340662757 0.3337411832205024 0
1.28585254460781 0.1757928778831917 0
1.161611982842231 0.1222777304212907 0
1.202538582495054 0.2402822094613 0
1.210922670291126 0.2348320976298498 0
1.163785322042427 0.3274481427878575 0
1.789029554767957 0.1792344735499962 0
1.765988566262346 0.2355293739702442 0
1.514927561923663 0.2437948841014193 0
1.514399698947815 0.2338088017339988 0
1.515455483127533 0.2537809125174026 0
1.350348800075802 0.2474883788764107 0
1.815238056668311 0.182855948010427 0
1.259178396515558 0.3274124834607726 0
1.615538213740444 0.1783922501778811 0
1.320973372756993 0.1839508603656131 0
1.152761979434304 0.2829686007800133 0
1.611377261724467 0.2637308767854341 0
1.61190517083756 0.2737169272593745 0
1.476639554615739 0.1757211062566362 0
1.884423459195914 0.1791984319489589 0
1.463038670027039 0.2465379519770955 0
1.534335587072672 0.2828246448067078 0
1.901719818866032 0.1782840586439658 0
1.910104037530124 0.1728338433440856 0
1.248154799590149 0.282932685169244 0
1.393325374298912 0.2402095849100727 0
1.401709560333796 0.2347593940001168 0
1.410621650292282 0.2392952082345918 0
1.354571865854786 0.3273766301340083 0
1.615072652491958 0.3336332338576796 0
1.456238136749725 0.2819463049278543 0
1.697858999849105 0.259158987988824 0
1.698386915760042 0.2691450383005258 0
1.467261886778765 0.3264263099467197 0
1.774900698661929 0.2400652109388086 0
1.482446578868831 0.2855677716991268 0
1.784868673718031 0.2645731481853344 0
1.785396587579294 0.2745592031106845 0
1.67944436508807 0.07487417109436093 0
1.557842049901548 0.0712888074401504 0
1.343548176831001 0.2828967014113428 0
1.511760248881289 0.183878548705826 0
1.636529925558874 0.2473802190729301 0
2.012298407702881 0.1373894075551778 0
2.011770491078866 0.1274033526381246 0
1.945224657057199 0.1809911387104963 0
1.897558927043902 0.2636227179426826 0
1.898086843444901 0.2736087720367943 0
1.638579130995538 0.1220973524667992 0
1.54535936231946 0.3273046716194569 0
1.707826962971825 0.2836669285155594 0
2.020682626567177 0.1319391909467374 0
1.584112938939618 0.2401373475591554 0
1.592497150152107 0.2346871371623082 0
1.601409274806675 0.2392229699584958 0
1.792134607071195 0.07392372919225401 0
1.731923784264808 0.2473441772367805 0
1.805860434798004 0.3335611503399334 0
1.640753221672512 0.3272686436134615 0
1.655937911191684 0.2864100610045476 0
1.901272797267396 0.3335198591835089 0
1.827317681702082 0.2473081213937696 0
2.115083150653016 0.2771581253673068 0
1.959881428095075 0.1301464877234298 0
1.629729433959854 0.2827885989605935 0
1.829366899342465 0.1220252428059702 0
2.012826324604218 0.1473754625149968 0
2.004442105037442 0.152825678740117 0
1.718850756921995 0.3281469800188014 0
1.922711584056641 0.2472720675860904 0
1.996648247535131 0.3334890498550669 0
1.870294602803058 0.2400291519351967 0
1.878678821055676 0.2345789360192392 0
1.887590955456728 0.2391147738291678 0
1.820517209744939 0.2827165004054931 0
1.942119602543686 0.2863019091346581 0
1.831541008004066 0.3271965565528143 0
2.074155441696083 0.1591542214491103 0
2.091514242311286 0.3234669418148978 0
2.082602106471498 0.3189311032978263 0
2.074217887178628 0.3243813200608323 0
2.086693109703983 0.06837996027380019 0
2.107692318162952 0.1373533547102221 0
2.090986325759488 0.3134808865224952 0
2.046891118181497 0.135560651189795 0
1.990778527517532 0.05841572474471918 0
2.115020704595725 0.1119310280409466 0
1.9269349133497 0.3271605066436457 0
1.953608875472412 0.17554092234895 0
2.151787527206214 0.3152735904481269 0
1.915911113116537 0.2826804489468285 0
2.041146481427456 0.1909411428908213 0
2.022328821833558 0.3271244549802687 0
2.128218618892224 0.3615824067536965 0
2.128746535414656 0.3715684621750217 0
2.119834399496535 0.36703262358294 0
2.120362316005779 0.3770186790208025 0
2.111450180073001 0.3724828404275995 0
2.138732171109726 0.376643522171322 0
1.627555327468943 0.07761731544338796 0
1.818343096298598 0.07754518829648749 0
1.913737000393868 0.07750913201525481 0
2.076857469836512 0.3743115967105605 0
2.10201012773769 0.3579609463600847 0
2.107226847939362 0.2925943974577937 0
2.169560098074648 0.3343619642449324 0
2.159581383943828 0.1346102206451594 0
2.168194256782807 0.1391618798092641 0
2.167660092896569 0.1291761547153975 0
2.168971559246992 0.1491347513120317 0
2.060554498715867 0.2299709888037081 0
2.069466633997717 0.2345068271424449 0
2.068938717204538 0.2245207724269213 0
2.044313977214517 0.2508574768618119 0
2.048009396094376 0.3207598600287944 0
2.057387003552773 0.170054654359057 0
1.953143403679598 0.3307819670560045 0
2.138589612933916 0.06562221179796246 0
1.946870850142325 0.3761764042456281 0
1.981337091458842 0.04389654949394517 0
1.980661345187579 0.03420095365820433 0
1.989086167148641 0.02893799747367531 0
1.939945490352267 0.08113059176710907 0
1.664787607502602 0.1257188082727215 0
1.855575386980057 0.1256467019003331 0
2.066827055399749 0.1845765476636668 0
2.067354970302695 0.1945626053435283 0
2.09878018247393 0.1328175163111084 0
1.824150195724662 0.1873917901040669 0
1.85774949749259 0.3308180172499037 0
1.833652672880127 0.3671407756511704 0
1.8252684536468 0.3725909920025108 0
1.834180589087929 0.3771268307487863 0
1.825915864362288 0.3825707300326537 0
1.81698840859097 0.3779796333578791 0
2.155884844552653 0.06471004139776576 0
1.705652851351302 0.0784956286363323 0
1.84243991862341 0.04122242889299441 0
1.850824137498577 0.03577221198399849 0
1.841912001765734 0.03123637384113173 0
1.797413771365548 0.1737842588132585 0
1.804742161397608 0.1483619446048526 0
1.804214244876806 0.1383758919248999 0
1.812598463878478 0.1329256759190651 0
1.803686329533452 0.1283898385829011 0
1.795302112363182 0.1338400546523888 0
1.844551585491649 0.08116664756268939 0
1.846725697168841 0.2863379612020684 0
2.061019903439361 0.07473007817105326 0
2.069931971845241 0.07926604930862557 0
2.073689970621534 0.3143952648496361 0
1.96562606438816 0.07476599685691068 0
1.769621537420561 0.1402046419623244 0
1.778005754574155 0.1347544262716489 0
1.745059244406093 0.3317684412284149 0
1.872406269288455 0.2799733672360853 0
1.73919210813554 0.3771414418705172 0
1.742885138100218 0.1265971328718615 0
1.729749669900887 0.04217287240139717 0
1.738133887809838 0.03672265528348856 0
1.729223311687349 0.03218921634593633 0
1.737607789512193 0.02673939852408647 0
1.746518407095117 0.0312729047770931 0
1.445679852246694 0.08222532792404531 0
1.885413779178199 0.03394947193328721 0
2.033755649964824 0.05113637185073489 0
2.033227733232564 0.04115031653838774 0
2.024315597476247 0.03661447805111565 0
2.032979032974144 0.03159378719064063 0
2.024506469908169 0.02607734013732046 0
1.97401028308931 0.06931577997966523 0
1.728756315607177 0.1874278482827709 0
1.919544089838777 0.1873557365310056 0
1.514865157660982 0.07856778223914981 0
1.731861337445431 0.08211708657924663 0
2.034283566542843 0.06112242714811261 0
2.041658488378638 0.03577168739843531 0
1.734035446102244 0.2872883897098962 0
1.625443655695709 0.03767310704131266 0
1.616302834955687 0.03358660005464545 0
1.60810919171179 0.03866237585973509 0
1.899080227264116 0.1283537820938481 0
1.782166638273059 0.04941578252376125 0
1.781638720791742 0.03942972784657553 0
1.790022939419229 0.03397951090036103 0
1.781013655959578 0.02908748799073768 0
1.759716012691098 0.2809237985205684 0
1.980935643434786 0.3643615927644667 0
2.12346736964529 0.2717079085967653 0
2.053226113415507 0.2553933144415928 0
2.044841894389213 0.2608435312540663 0
1.772710394285305 0.03483452576901999 0
1.769093620351359 0.1302185890160698 0
1.798532048324879 0.3589834758235924 0
1.799059964037638 0.3689695307235624 0
1.5788337897564 0.1402767239504492 0
1.587217998755903 0.1348265125939518 0
1.596130131057075 0.1393623491886934 0
1.633362469733219 0.187463916221118 0
1.571567839633377 0.3309261351863335 0
2.069994550820141 0.2444928815415214 0
1.939480020463789 0.2363716353565384 0
1.305204307342003 0.04960631914577091 0
1.613954404939982 0.1484340408193051 0
1.613426488478012 0.1384479909302572 0
1.621810705185231 0.1329977825023277 0
1.612898574063004 0.1284619465386884 0
1.552097417139001 0.1266692360865537 0
2.150730706257727 0.2953015352626719 0
2.16865202226037 0.314382042661587 0
1.36131002123993 0.1267413314792055 0
1.537968688610438 0.1874999966638535 0
1.560544051671676 0.2864461070353739 0
1.25489291072365 0.08229772331459687 0
1.465087849192543 0.1212550847128918 0
1.092428065413414 0.125935081703239 0
1.586224597290704 0.2800815260241032 0
1.844086117385863 0.2364076897585508 0
1.459871307667725 0.1866217179601762 0
1.380780288534803 0.3309981040250012 0
1.57830587334281 0.1302906821635828 0
1.740308008319177 0.2418939614581236 0
1.356683491171039 0.3673207694045599 0
1.348299277813818 0.3727709701972219 0
1.35721139709334 0.3773068137012019 0
1.348827181142462 0.3827570158794086 0
1.339915064737973 0.3782211686956954 0
1.728228398231765 0.1774417973996873 0
1.737140530327336 0.181977635127811 0
1.719316248906488 0.1729059406067363 0
1.67000431467429 0.06035228407650986 0
1.392735632509757 0.06499725757801456 0
1.347181657854724 0.1875722693430129 0
1.595602210756115 0.1293763026746673 0
1.369756553296572 0.2865181731568101 0
1.285386753245151 0.3310339781959999 0
1.127548038423049 0.1340923784740551 0
1.350286249764889 0.08226150574638054 0
1.405870583930106 0.149420492292399 0
1.405342665489456 0.1394344759430547 0
1.413726852124326 0.1339842750704543 0
1.40481474590663 0.1294484588909277 0
1.396430561056348 0.1348986587837843 0
1.150588146294248 0.07779846470829041 0
1.398542140331469 0.1748425663325986 0
1.395437010533493 0.2801536318725431 0
1.24182000463015 0.1630995737161162 0
1.274300828445214 0.121327223282997 0
1.537440755058683 0.1775139360883594 0
1.546352892284587 0.182049788662021 0
0.9970381269035299 0.125971070785287 0
1.261806032529081 0.3773243819068157 0
1.269084855593229 0.1866940861660548 0
1.261693268010518 0.04688952186328485 0
1.055196672064146 0.0778354075441734 0
0.9598076188962504 0.07787320398900793 0
1.189993590873674 0.3310696567691577 0
1.27436306173629 0.2865541698921868 0
1.321562946033085 0.3591634415496515 0
1.322090840694395 0.3691494796004229 0
0.9016520398828792 0.1260069887511691 0
1.297869587070695 0.07501874999826799 0
1.300043403098728 0.2801896838711536 0
1.393263129176304 0.07498261908110057 0
1.401647365212481 0.0695324792542148 0
1.54113609167146 0.2474162804616947 0
1.187819975617685 0.1258990523589409 0
1.174684539201052 0.04147598734477068 0
1.183068685634939 0.03602576928511123 0
1.174156585845171 0.03148998698577055 0
1.182457852883905 0.02620262719288854 0
1.191438908050142 0.03060270510483146 0
1.216201933242593 0.334691137019451 0
1.225113995339897 0.3392269514792501 0
1.156396819386051 0.1876449094129074 0
1.557904494327378 0.2365158756645128 0
1.176796278413561 0.0814197878337484 0
1.178970012450237 0.2865901120310229 0
1.094601136865986 0.3311049764783504 0
1.424812915371891 0.3436912888781591 0
1.424285000997937 0.3337052559585887 0
1.415900793046097 0.3391554569771704 0
1.346653742339671 0.1775861886622839 0
1.35556564324188 0.182121981587449 0
1.032157442715387 0.1341283861252113 0
1.088328317719856 0.3764987908138344 0
1.217660689802119 0.03419652223878974 0
1.204650121073586 0.2802257383582837 0
0.710912665478745 0.1260791272875472 0
0.9367701364196028 0.1341643552685289 0
1.078302566613954 0.1867672881525856 0
1.081404450587166 0.08145659187351378 0
1.00135587835335 0.3710143417870545 0
1.002098477405487 0.3805781683300582 0
1.114940603424974 0.05965601731152595 0
1.115468684743546 0.06964196697989153 0
1.083577778158364 0.2866259123171256 0
0.8644229567562531 0.07791278055320741 0
1.259644835794919 0.1721724236146016 0
1.109257426590898 0.2802617738749273 0
0.9829158753991525 0.1868046143152827 0
0.9860147084256428 0.08149412681271435 0
1.367117071697367 0.2365880801962735 0
1.235081618748533 0.3637349295589617 0
0.9038223702761741 0.3311725128716492 0
0.7517594184607329 0.0788742808536998 0
0.836103768426381 0.03435226787089932 0
0.8271933920935935 0.02981932414249858 0
1.011694462486523 0.07512972937205914 0
1.020078126146206 0.06967957108743314 0
0.8906290473489968 0.08153321855885279 0
0.8702445836667616 0.1877591769805942 0
0.9409280252713587 0.04883115964215926 0
0.9403995648556907 0.0388453635496864 0
0.948783379016089 0.03339514697214896 0
0.9399808585289843 0.02860070841072967 0
0.8157093916597518 0.140557068476502 0
0.824090975450774 0.1351082644322655 0
0.8330021370555768 0.1396435804217569 0
0.8928003818267239 0.286696638267156 0
1.077774228701341 0.1767817664845521 0
1.08668515476617 0.1813168065569309 0
0.6736924646869514 0.07800664321371251 0
0.5611036564347898 0.07899344972950703 0
0.9315059609504437 0.03426666635942441 0
0.9184772023024468 0.2803338397519961 0
0.9572897933520728 0.3583891538231953 0
0.9578173210444945 0.3683749359624431 0
0.9667291303004701 0.3729108441351443 0
0.9583450112847105 0.3783607841072282 0
0.8508268634248204 0.1487190065515095 0
0.8502989164052042 0.1387342929790084 0
0.8586824038299128 0.1332862124919605 0
0.8497715162691022 0.1287510113802491 0
0.7889819973763468 0.1269566585319664 0
1.122796204598888 0.0442196123279025 0
0.9494333523367031 0.3738248561958912 0
0.9499608839988918 0.3838107380747416 0
0.9410491929237055 0.3792747838230374 0
0.7303610492210493 0.3303155507670328 0
0.7921690598420598 0.1868841749459096 0
1.176330849923334 0.2366605758337482 0
0.9823871503735248 0.1768196866488305 0
0.9912969040840369 0.1813539519371681 0
0.6805900355476938 0.3729873340175373 0
0.672206608541089 0.3784353674151445 0
0.6632979400228024 0.3738988013169742 0
0.7779601511301779 0.08249111432915512 0
0.4251988290415272 0.1261844901201603 0
1.089850743874764 0.2412331732356004 0
0.6968378670601577 0.1869347638591357 0
1.027404968712868 0.04425746711026901 0
0.1589628421410272 0.2998961888378072 0
0.7193436282459191 0.2858500135052057 0
0.5030577885484351 0.1270597195158625 0
0.6998913384598646 0.08162386419720385 0
0.6177240599409112 0.3312400790033936 0
0.6250040480778584 0.1406074472933182 0
0.6333775459937508 0.1351624716044529 0
0.6422856313693908 0.1396961077411518 0
0.8036354009783766 0.07612793211884888 0
0.8151815323031848 0.1305745011422882 0
0.5255313615816161 0.06093198753710766 0
0.5260677274171908 0.07090488602079781 0
0.7450110410689628 0.2794915784682574 0
0.5983026170321689 0.127027160835967 0
0.6601145785465143 0.1487799710108376 0
0.6595835605198032 0.1388005637381088 0
0.6679642189555153 0.1333587852056455 0
0.6590571492131329 0.1288259208596591 0
0.6527673101317981 0.1741479658004982 0
0.6439205815713644 0.3348621625841389 0
0.6015578980767105 0.1869894331664706 0
0.7255649935911843 0.07526090277362177 0
0.8324732931432532 0.1296598231854958 0
0.6067141224067958 0.2867921653426945 0
0.522421211711431 0.3312275872105657 0
0.5872858133070349 0.08260510563592645 0
0.03829218765067854 0.2955091535721857 0
0.02973630327184695 0.2913838514288269 0
0.6323655036577436 0.280441542178116 0
0.5381264030746591 0.1352182623644571 0
0.04202620891034381 0.3753154473189722 0
0.0336212269188656 0.3807183929257301 0
0.04250624791710766 0.3853008981555309 0
0.873400190580027 0.2476692027936921 0
0.4548687895779975 0.3647599183304092 0
0.4553873218061164 0.374745302395866 0
0.4465021794486661 0.3701699617151573 0
0.4469214423942708 0.3803462304471036 0
0.3304010530607013 0.1261803550702136 0
0.8114878230048028 0.0606925800745394 0
0.5486110984117667 0.3348530503410981 0
0.5575107555076975 0.3393899480251077 0
0.5238798564452258 0.03094124161563605 0
0.5063349618601553 0.1870622590672013 0
0.080149577349232 0.1054799318330654 0
0.7581600205260676 0.363875531748312 0
0.8901640906250254 0.2367723598944805 0
0.7339433951064962 0.06981075408886497 0
0.5674375469823962 0.3639076043709834 0
0.5679608706621648 0.3738937799471382 0
0.5768667001570507 0.3784313564462298 0
0.5685452009537948 0.3837565424764217 0
0.6963100407473648 0.1769576462253808 0
0.7052156341352429 0.1814893087484244 0
0.6244759724358001 0.1306347087323886 0
0.8193390422683584 0.04525497060218145 0
0.5595906484181452 0.3793182401934841 0
0.4920485757774319 0.08270139674487903 0
0.6129456195915102 0.07624605916492752 0
0.2563917136119829 0.359594888846588 0
0.5114265858901296 0.2868129285943692 0
0.4114712996160594 0.187212991178761 0
0.5370483358351232 0.2804783958664472 0
0.4141951609776838 0.08191828358472149 0
0.06703465563994548 0.03183498783878233 0
0.6417541324250998 0.1297190858864009 0
0.6533540156987721 0.3493803282004528 0
0.1426401631857197 0.1464756263282533 0
0.3942885548891453 0.03308628041789188 0
0.1222069124804628 0.0881620105954475 0
0.1349090929056365 0.3357377232418545 0
0.03408952111959618 0.05328810942125742 0
0.02496534989192178 0.04881727583479714 0
0.7167157520003448 0.2359407324210497 0
0.620790293392643 0.06081732718268312 0
0.09827493218857897 0.2878702915911338 0
0.2653672711563381 0.03537728653642278 0
0.2567308383056599 0.03086316300257438 0
0.2674960631165771 0.2197223018522811 0
0.1883607045073308 0.3727254424529565 0
0.1971289092410031 0.3774419444937681 0
0.09020943385989955 0.1297119475344771 0
0.4109438773841702 0.1772988052546678 0
0.4197561868777124 0.1818052646496826 0
0.290691076152139 0.1830295613731451 0
0.2820100715833531 0.1782950396766605 0
0.3652939155058592 0.1343773235704543 0
0.2127406756955679 0.3468446809672329 0
0.1189001378211958 0.02853310901166553 0
0.2061676657751595 0.05362682431944968 0
0.517718298650356 0.2415391756634562 0
0.4554676442001 0.0447650768395895 0
0.4549414023321716 0.03479440059840774 0
0.1211317285253497 0.06830448859322538 0
0.3631733348291178 0.2596679335955987 0
0.3636694345477596 0.2695603488378076 0
0.3725088571078812 0.2740730755013719 0
0.3641757512413392 0.2794709871631058 0
0.07185541364627746 0.2742657298072985 0
1.607346233342168 0.02913813324737555 0
1.599183293550379 0.03415358265748011 0
0.4638244341071653 0.03931142592194839 0
0.4633075127735599 0.02934268266551399 0
0.4721934917701301 0.03385624417645319 0
0.2898932747921931 0.3481938641737107 0
0.3553537628276587 0.2749815517480725 0
0.3065702098982306 0.3374013843246488 0
0.8012277254401551 0.02676843337008494 0
2.016621410222979 0.3824318071556092 0
2.02497460863961 0.377042541110487 0
0.1293981035381683 0.06292807823009836 0
1.156721220261173 0.3838158301580937 0
1.166204825516663 0.3775426493249062 0
0.02766008106655127 0.2515006612055192 0
0.02814423387465981 0.2614242357775766 0
0.1115399262001093 0.381926887350167 0
1.512225604038568 0.02863756948834062 0
1.521137737752947 0.03317340360787044 0
0.7056290890025766 0.02625844464995788 0
0.6972471726724965 0.03170895803914983 0
0.09145205804851986 0.1494844879098792 0
2.13662424933089 0.02567025579995194 0
2.128840637804061 0.03100560497265467 0
0.04125564851806107 0.1712420974076417 0
2.111939511620927 0.3824095395443589 0
2.103059529868708 0.377923164482588 0
0.0322524140994378 0.1569205270180153 0
0.7844373195568725 0.02636558712962403 0
0.3085661805075962 0.03801196985001398 0
0.3080803829411507 0.02807466106437287 0
0.3168516342998043 0.03258116080704287 0
0.2440863955259801 0.2567027085997304 0
0.1450076175652589 0.3700362102262524 0
0.1454406877329001 0.3799161467455581 0
0.144623004046321 0.360073150887806 0
0.8549586098950789 0.3841826175066759 0
0.5930162449675594 0.02725864462861619 0
0.5846370784242207 0.03270934435136741 0
2.04132485772609 0.02635386245754975 0
2.050044064568897 0.03036845054816018 0
0.967256887928135 0.382896703567013 0
0.9851145881037251 0.382635662306318 0
0.08202134303501096 0.1351404292789101 0
0.7595849539068809 0.3831207350685329 0
0.7676577517450393 0.3782735810686229 0
1.643565227841763 0.02621611251398337 0
2.180101283116633 0.3587755208271571 0
0.1545984889884486 0.3845504646813626 0
0.2338935603028734 0.2613673661270033 0
0.5598149457218196 0.3910644255118163 0
0.5513141992828772 0.3843839097744466 0
0.8617820469302272 0.02798661716040515 0
0.8528702801978337 0.02345133200674554 0
0.08083794589608173 0.1153822139439431 0
0.02486511180820505 0.0678939579710901 0
1.8503348367367 0.02590211972581224 0
1.859214791604558 0.03034132228658171 0
0.0263662395059896 0.2319981691268489 0
0.04717350732387904 0.1166372335408247 0
0.03884767634645869 0.1218895100507854 0
1.62464945621344 0.02711127808960506 0
0.07209122855974615 0.1109192473443505 0
2.177006804977736 0.1436972001334719 0
1.104444850485695 0.02516253590768125 0
1.505148277399041 0.3842411738523972 0
1.496129198362167 0.3799299322058148 0
0.6638227951342422 0.3838835794509911 0
0.6549141412035362 0.3793468014125849 0
1.910986743715084 0.02756443303506964 0
1.919991107053635 0.03211229110463484 0
1.251678617697224 0.02241451651607582 0
1.260008368240244 0.02785300940835508 0
2.174692812964341 0.09389556443434516 0
2.174208570758335 0.08421557569818856 0
0.2096878487998305 0.1324781593763542 0
1.598837114035985 0.02445514137010307 0
1.59032777155625 0.02954566683386847 0
0.3764962703427173 0.02405859122068421 0
0.3681385947349332 0.02950767407074611 0
1.425805841474314 0.3844075016854054 0
1.435113783499641 0.3783006759148572 0
0.6824343710296145 0.3840287696541624 0
0.1892146191427735 0.382221302209052 0
2.008484644667837 0.3873989195844461 0
1.390623317302232 0.02505222631145929 0
1.382243712041975 0.03049187876904688 0
1.381632436937276 0.0206708716354298 0
1.372895668232756 0.0259681322687024 0
1.69410113073063 0.02402952317813681 0
1.70301326626859 0.02856536075303226 0
0.9916853937262414 0.02573892684723039 0
0.9833624136819972 0.03150294694065667 0
1.043633483040432 0.02339257704455402 0
1.05254355762565 0.02793189743023514 0
2.077482321644294 0.3841071911218021 0
1.14030890341271 0.3831037374437704 0
0.02445533227926466 0.3661511022168887 0
0.02445087537140833 0.3558195574476248 0
0.2701161772004456 0.2793330592460557 0
1.523601854282705 0.3840735200726117 0
0.03839994527168633 0.1119174524306849 0
0.03000564810185735 0.1172923502441549 0
0.02954538115223593 0.1073311388591273 0
1.009080005142464 0.02507798422796192 0
0.8964986039356049 0.02635081399269348 0
0.9053043110378269 0.03072440181557479 0
0.2991904020019942 0.02355258319866063 0
2.175081540233261 0.1037722527396343 0
2.166874362002141 0.1091936559770588 0
2.175020564924793 0.1141002436054376 0
1.087270050088634 0.02626375817642532 0
1.078784821638306 0.03155838822183396 0
0.1393780075263394 0.2508373859500972 0
0.5496818177078572 0.02478548415798543 0
0.5584716378969834 0.02913745694813993 0
1.21896316143883 0.3844181236706575 0
1.210298030494423 0.390702970202725 0
1.77219866800284 0.02490783509879207 0
0.9309593886548416 0.02432404133227284 0
0.378850521332885 0.2289450166847153 0
0.3876250410519034 0.2335265149084377 0
0.4052568739330381 0.2323064141859667 0
0.02491625285764165 0.182775990609629 0
0.02450816584519311 0.1730753008178059 0
0.1310933498700316 0.2561679594780966 0
0.4565329631909453 0.2298157385273548 0
0.4653708881073119 0.2343704875909383 0
0.8881095746031767 0.02238767026368613 0
0.1405851297250862 0.2710950657569272 0
0.141130014084621 0.2810082682967744 0
2.175884351615878 0.2789508339173252 0
0.24449621409754 0.1210225904843295 0
0.2362247273405205 0.126381109862903 0
0.1085172660463296 0.1485126851544687 0
2.120641797149156 0.3867962716621008 0
0.1343100691952411 0.1518081623580099 0
0.4560262564633457 0.3844896384483297 0
0.314921693331133 0.3319928327692019 0
0.3237306483281532 0.3365605114637546 0
0.491654647702483 0.2378343440088294 0
0.4827379176721086 0.2333388828465438 0
0.2793307627725411 0.28326831342833 0
0.2876115446037347 0.2778894890937718 0
1.503076329289597 0.02482706585512925 0
0.496868314025787 0.1724615225393699 0
0.3558460291276146 0.2848708286347471 0
0.3470268677474241 0.2803827164332049 0
0.5747733594120494 0.173264138343442 0
0.5663953963065574 0.1786977725767751 0
0.336424790174274 0.08111190429228173 0
0.3447211601628646 0.07566476199497915 0
0.6533103239738429 0.184140179071877 0
0.6616720666424601 0.1786821025767126 0
0.6470269592727689 0.2296374696507323 0
0.6559157457254949 0.2341808797203724 0
0.3756292036572507 0.1683452113049734 0
0.3761500066589852 0.1782744310467164 0
0.3678520236084251 0.1836657851267953 0
0.3647630055622317 0.1244785323957327 0
0.3564283805769265 0.1298711737095524 0
0.6010287292686063 0.177018841960218 0
0.6099333003975447 0.1815554260546931 0
0.6790029463303249 0.17783905303354 0
0.1033858916121668 0.2130933944925618 0
0.4669806860556099 0.2641692573366605 0
0.4675135642821091 0.2741170534424685 0
0.6360343671624346 0.1850545892429446 0
0.4701444236065364 0.1587371523579051 0
0.3730189592017447 0.2839905931567199 0
0.3813557505978723 0.27858742083042 0
0.5522103362113805 0.2397089411378352 0
0.5517206963959277 0.229711238820961 0
0.1353680213212536 0.3456155837712936 0
0.1265759880007249 0.3411004650843725 0
0.6905701797597793 0.2322878787593233 0
0.6816681758800618 0.2277582488748962 0
0.5454178579072708 0.2750438501728785 0
0.1575849159637478 0.1059612691277199 0
0.7250966855415503 0.2304913675269793 0
0.3819226087166931 0.1235165569399002 0
0.6264495808067048 0.02482403208735393 0
0.7596698140959969 0.2286650311346153 0
0.7685712506954347 0.2332064880079495 0
0.5485760600974525 0.1695999149412969 0
0.5491038370496233 0.1795635870903977 0
0.5407342264819298 0.1849835160289607 0
0.4010669713679905 0.3275334208062424 0
0.6407459634065057 0.2749963666244355 0
0.7859039119870739 0.2322616791979844 0
0.5376005681626392 0.1252576415154417 0
0.5292327411879604 0.1306940835888268 0
0.3154478042317708 0.1666457588343943 0
0.3160672616031066 0.1766891485434762 0
0.3665842467542264 0.329325866751753 0
0.3582150041995565 0.3347562348551813 0
0.5249870619723427 0.05094485064175217 0
0.7827200389757765 0.1723522829318876 0
0.8000035577126527 0.1714266996238893 0
0.8089124977832534 0.1759555078143493 0
0.8267314123177765 0.1850237123477295 0
0.4543608970762857 0.3547626330289142 0
0.4627318066199606 0.3493417727444072 0
0.898547402100486 0.2313223896066367 0
0.9331345475146215 0.2294943381740168 0
0.9420436019067713 0.2340313155711574 0
0.7533919230820529 0.2740447870290065 0
0.8697166077668504 0.1777755422334573 0
0.8786269279779764 0.1823102945630821 0
0.7559843364641545 0.1587315722543921 0
0.5548639299014722 0.1243408716564251 0
0.5344600974931109 0.230623654553669 0
0.9766442882502588 0.232194245771774 0
0.967733282092926 0.2276592097203387 0
0.8429683139061137 0.1641458231252188 0
1.028523581108761 0.229455338064781 0
1.037434356592392 0.2339916629243485 0
0.604199267646562 0.2368372629628692 0
0.6125566961679778 0.2313960288480297 0
0.5957902338868737 0.2422941618635546 0
0.6564029697740952 0.07892323318961619 0
0.6202590503591803 0.0508328932997322 0
0.6674364794896461 0.1233819919579658 0
0.5459515585468045 0.2850085914576375 0
0.9431026932126619 0.2539979486167074 0
0.6868671028739974 0.3276046794899813 0
0.6297613684010996 0.2305327788894287 0
1.0636443619564 0.2376106545447084 0
1.05473123499627 0.2330762670324298 0
1.138572057431254 0.1785719580216753 0
0.9268606574260205 0.2748844485980395 0
0.641273826340381 0.2849735708162621 0
1.123914363007528 0.2294183916816453 0
1.13282573645842 0.2339546361601562 0
0.94726274954231 0.1686525153324898 0
0.9477905017543573 0.1786360729393917 0
0.9394089839571852 0.1840877954530517 0
0.7822343757417756 0.3275808540138867 0
1.150124705050628 0.2330380918869737 0
1.112891738487623 0.1849353407882202 0
0.9446849037282701 0.2839540942599661 0
1.18471495527812 0.2312103877757236 0
0.7423822085847072 0.2295788454383407 0
0.7539212082705035 0.284025890097635 0
0.9362423225843173 0.124179649294813 0
0.9278589986822023 0.129629141707797 0
1.146956165321526 0.1731223545204054 0
1.042651772562618 0.1686194732232615 0
1.043179631152827 0.1786042829557983 0
1.034796751106252 0.184055253882954 0
1.039018843696661 0.2639472834424884 0
1.039546914204091 0.2739327019329303 0
0.8471283206075131 0.0788276825213082 0
0.09449368688085658 0.05486145192693745 0
0.8581545372469526 0.123302415557936 0
1.303676691261264 0.1848645152855611 0
1.320445451633702 0.1739648878181896 0
1.225579774337729 0.1839857615140568 0
1.117641413547773 0.2748118021358731 0
0.5690180088529361 0.2287752427764448 0
1.314700215813328 0.2293453422290473 0
1.323612155744145 0.2338812880985743 0
1.031629574200457 0.1241429840573885 0
1.023245807120216 0.1295928573948369 0
0.9619810263127859 0.2830390511197546 0
0.9158406883696963 0.2304085581251039 0
1.399070114094597 0.1848286545751461 0
1.40745423276106 0.1793784076188056 0
0.9730022922772963 0.3275179220832725 0
1.286380403815446 0.1857787411513253 0
1.340909166112479 0.2329663535094754 0
1.21983462526734 0.2393678447479454 0
1.21930700868179 0.2293816955867357 0
0.9535368946669704 0.1232651414257333 0
1.37550126335822 0.2311378710248288 0
1.410093799632321 0.2293091360488574 0
1.419005843434467 0.2338450053422923 0
1.21303422272065 0.2747756438279032 0
0.9273887860310409 0.2848692125381794 0
1.328829597495393 0.168514705901245 0
1.127020155972726 0.1241066540516958 0
1.118636165624118 0.1295566853681175 0
1.442047083436568 0.1775500423616243 0
1.433662888758897 0.1830002462730221 0
1.450431276879257 0.1720998711876078 0
1.381773849132038 0.1857430347232571 0
1.494463807752523 0.1847927537082329 0
1.048925025038744 0.1232285345688109 0
1.511232331336333 0.1738925139124237 0
1.453598800087235 0.2320159880103715 0
1.444686699437087 0.2274801739456499 0
1.308427562991757 0.2747395285831976 0
1.146489118706574 0.3283624340129083 0
1.477167498563456 0.185707159843522 0
1.403821220206342 0.2747034303447939 0
1.566288707204929 0.2310656606793261 0
1.600881374834938 0.2292369097670834 0
1.609793486894723 0.2337727616962565 0
1.144316061157538 0.1231922416608981 0
1.118169418408535 0.2847975259826804 0
1.519616517370675 0.1684423066928913 0
1.106618646619622 0.2303326851321326 0
1.218188654060016 0.04418257720000715 0
1.202010926999099 0.2302960776905497 0
1.627089923621348 0.2328583104775676 0
1.395902640913832 0.1249126430911463 0
1.387518452017418 0.1303628331989514 0
1.589857600732378 0.1847567534282175 0
1.580945462294419 0.1802209034964666 0
1.678978901502659 0.2301152143011578 0
1.687891025340896 0.2346510576858755 0
1.213562184994037 0.2847615232465818 0
1.271724455086292 0.2366236905043614 0
1.280108472229705 0.2311735384038799 0
1.263340041855823 0.2420739611454011 0
1.383297518853048 0.05047839839438148 0
1.714099516586747 0.2382725083521053 0
1.705187381649743 0.2337366742858135 0
1.297404115526958 0.2302595564452307 0
1.632834544250532 0.177477859526626 0
1.641746679949203 0.1820137019206006 0
1.337275549040714 0.3282909854198052 0
1.774372786887798 0.2300791539274094 0
1.78328491623623 0.2346149950574924 0
1.432669215473493 0.3282550471323553 0
1.308955502521101 0.2847255007832121 0
1.60609812034018 0.163870313858255 0
1.594608813930752 0.2746313134355181 0
1.392797522454194 0.2302235096328331 0
1.413198931721411 0.1239982566963344 0
1.685251459353818 0.1847207347094932 0
1.676339325596107 0.1801849111133083 0
1.817877644207459 0.2327862177381337 0
1.808965511084344 0.2282503806963932 0
1.852470336188773 0.2309574732324628 0
1.887063041005257 0.2291287176554842 0
1.895975173748394 0.2336645581528095 0
1.236603350469911 0.2284671905057654 0
1.404349125305739 0.2846894573333861 0
1.689474781638673 0.2646092017750569 0
1.690002699563245 0.2745952516062062 0
1.913271537501641 0.2327501685917769 0
1.234553810575761 0.3537488839208718 0
1.709876180581311 0.1583840336117195 0
1.947864239647357 0.2309214188603501 0
1.956776373845657 0.2354572584233798 0
1.768100230027164 0.2754735838293266 0
1.780645341609508 0.1846846934071192 0
1.771733205103771 0.1801488527854392 0
1.583585038754577 0.230151286751316 0
2.050586530736632 0.2054630398331871 0
2.059498665587861 0.2099988789582165 0
1.909048199420811 0.1528617309634051 0
1.623456870885626 0.3281830191399014 0
1.62128278886126 0.1230117360058452 0
1.599755442751245 0.04405274489509539 0
1.907992362998154 0.132889620448764 0
1.954136792691707 0.1855269773150306 0
1.962521010630576 0.1800767605113552 0
1.757076438606529 0.2309935311906083 0
2.078378769941478 0.23904266446174 0
1.889174707870959 0.2690729340685648 0
1.889702624925294 0.2790589880567691 0
1.869766688372685 0.2300430956619618 0
1.794774193008271 0.1238539988817223 0
1.823622279535322 0.1774057376083467 0
1.83253441395225 0.1819415751997428 0
1.688356499756092 0.07941000813720386 0
1.595136729531855 0.2846173606116438 0
2.033290176394244 0.2063774180754104 0
2.02490595686028 0.2118276356403802 0
1.876039241405219 0.1846486487413748 0
1.867127106366323 0.1801128110084547 0
1.495583462738701 0.3699813128171922 0
1.487201222864185 0.3754324060662161 0
1.487862602985143 0.3851570090852238 0
1.478836937767822 0.3808455758307588 0
1.479454467542735 0.3919339963713687 0
1.469951665121373 0.3863818276410941 0
1.801046742502866 0.07845956711658925 0
1.814244653859969 0.3281109340933897 0
1.768628147486259 0.2854596361632085 0
1.81207054744584 0.122939622511757 0
1.933672938945835 0.1265250283667612 0
1.924760802176549 0.1219891890729267 0
1.909645592904578 0.3280731922417043 0
2.116604454027311 0.1418891933234488 0
2.117132370555423 0.1518752484563598 0
1.898614759438215 0.283594826583094 0
2.005032466826534 0.3280388331380353 0
2.02015470997436 0.1219531360117899 0
2.029066845655119 0.1264889741694241 0
2.065305751286847 0.3198454815995695 0
1.885944308357174 0.04393039578771155 0
1.936840440317913 0.1864413567367255 0
1.942585074239343 0.1310608664872482 0
1.907464446166962 0.1229035658933011 0
2.011242574494351 0.1174172977260237 0
1.957241845041525 0.08021621345278065 0
2.10716440168677 0.1273672997252058 0
2.085785761543621 0.3788156918002408 0
1.415372887297231 0.3291694148437778 0
1.406988674606312 0.334619620832248 0
2.114555233895938 0.2671720702048401 0
2.122939453059719 0.2617218533323825 0
2.132379505024881 0.2762437484696956 0
2.141818763581319 0.2907656855569204 0
1.864022050446973 0.2854235834782693 0
1.97453819965116 0.0793018350283678 0
1.777477837966071 0.1247683738428044 0
1.98826402852973 0.3389392662879479 0
1.987736112318751 0.3289532109897482 0
1.972401368612543 0.03940705599504749 0
1.971648093278114 0.02946133431336928 0
1.98984777876628 0.3688974314246726 0
1.999364506892886 0.3832691864582322 0
1.890168092695274 0.12381794455385 0
1.88178387408305 0.1292681608360203 0
1.892887696829784 0.3389700202196799 0
1.892343767519284 0.3289888052617569 0
1.751331795984461 0.2863740128768091 0
1.887000596615116 0.0639016194365862 0
1.887528512900091 0.07388767425639198 0
1.879144293867084 0.0793378905955035 0
1.709348262816508 0.1483979837059836 0
1.70043613117205 0.1438621472511161 0
1.927400388541 0.1719194643770143 0
1.797476216655015 0.3390113653657812 0
1.796948301251264 0.3290253104048262 0
1.790147829838439 0.3644336915561469 0
1.790675745383402 0.3744197468894046 0
1.799552643963458 0.3789013807675471 0
1.790945239184132 0.3840082646541605 0
1.78224845680021 0.379803705606578 0
1.799931325868049 0.3897255734243353 0
1.783222472824876 0.06938789348854543 0
1.783750390734774 0.07937394797438987 0
1.577840387385021 0.2855317339527698 0
1.76381175284018 0.03034816056201139 0
1.669476397597767 0.0503662316610711 0
1.677332696851157 0.03492996045770239 0
1.606688435730026 0.3390834469889424 0
1.606160524973657 0.3290973906717798 0
1.207289828619299 0.3301553267494817 0
1.6008189574505 0.06400983096542764 0
1.601346869241426 0.07399588072789429 0
1.592962653177054 0.07944609262761224 0
1.289485399115522 0.08046893619249071 0
1.384878969358323 0.08043289765870601 0
1.387052829875876 0.2856038140091588 0
1.514337238009717 0.06858173702152831 0
1.505953028343785 0.07403195117045799 0
1.521665645832752 0.04315945338766367 0
1.530049857808437 0.0377092372952105 0
1.529521950330763 0.02772318612866467 0
1.538434071490992 0.03225902085072652 0
1.291659261470688 0.2856398304925623 0
1.425340832248937 0.3536773076968445 0
1.434739786317393 0.3682051964885387 0
0.6538763144952302 0.3593655001250926 0
1.30625376795129 0.06956855697505182 0
1.306781651239488 0.07955454652237257 0
1.402175197455511 0.07951838875148901 0
1.410559400196747 0.07406816293080126 0
1.320507151934813 0.3391913467745177 0
1.31997927015186 0.3292053089011142 0
1.196266053931514 0.2856758144311692 0
1.313178749036453 0.3646136249276313 0
1.313706639823227 0.374599674947161 0
1.322618743847796 0.3791355205093666 0
1.31456863463503 0.3845680585234134 0
1.304668567439427 0.3815280739896528 0
1.224586069334082 0.3292409945670028 0
1.233498156023556 0.3337768082780613 0
1.24129190251517 0.1531134791635506 0
1.232379879849844 0.1485776610380551 0
1.003310344821975 0.08057969062228522 0
1.37286171730988 0.181207248045178 0
1.100873510805372 0.2857117035326434 0
1.128603324326369 0.1540634227389586 0
1.137515152361612 0.1585989278085425 0
1.227251610055924 0.3791308532525607 0
1.219244953842975 0.06415487992064353 0
1.219772859560768 0.07414085526199171 0
1.211388659136435 0.07959099212278695 0
1.129720844306024 0.3392625738347024 0
1.129193064024888 0.3292765875384092 0
0.8298343692971333 0.07974269678974796 0
0.6695770059642825 0.3285161246869552 0
1.122920795208434 0.3746703050565121 0
1.122392710273515 0.3646843381012542 0
1.123448640953329 0.3846563125134599 0
1.12385248334972 0.0641916300737628 0
1.124380462683968 0.07417763815395692 0
1.115996518892019 0.07962778139643742 0
1.033212353527321 0.1540986595129106 0
0.8796050133832636 0.03705716912350815 0
1.113356594990915 0.02969828569253727 0
0.9100942093970816 0.2857829174920853 0
1.020606147643755 0.07966523926097926 0
1.028989630077627 0.07421489078820967 0
1.010280114252471 0.3755255379050578 0
1.010760773001967 0.3856046018102184 0
0.635011923333153 0.3303280148909923 0
0.7952532695794576 0.08157692113626341 0
0.9378240020040319 0.1541327744221058 0
0.7669138289750291 0.03806504087606175 0
0.7659708185871372 0.02689673737940401 0
0.7150678624328557 0.3709971857661318 0
0.7153691928346879 0.3823740797131576 0
1.017969486176091 0.02970056974227495 0
1.103979637203279 0.1803998837960286 0
0.6391161796353695 0.07984026037217923 0
0.956234567581733 0.3384171617496108 0
0.9557071537697179 0.3284313144731904 0
0.7171817263397298 0.08070901530039065 0
0.9330741324912832 0.0642684419690509 0
0.9336023085824289 0.07425434155497637 0
0.9252191831956796 0.07970427218763318 0
0.5397030904657526 0.3303202040781813 0
0.2655906600126219 0.02474318388844227 0
0.7366311430118814 0.2849378569492528 0
0.7554497608626281 0.1487426752646494 0
0.7465411539935475 0.1442076134941325 0
0.9225793524385321 0.02976814294922117 0
0.6045671627111976 0.08169050524197526 0
0.8209242235263352 0.07521059013704701 0
0.765468370160108 0.3384770293466208 0
0.76494243509073 0.3284919632330072 0
0.6239908642358577 0.2858828498604764 0
0.7344714154872183 0.07979339063729007 0
0.8099498519040852 0.03084408668973868 0
0.7417914705747805 0.05437323603511982 0
0.05005641869144539 0.1758148896937608 0
0.723451759884957 0.03532691240034991 0
0.7225452804408846 0.02510205665494744 0
0.2498279501058214 0.06609857595733384 0
0.6611967890041217 0.3339570005495421 0
0.5286831962620829 0.2859098631711899 0
0.4036411648181771 0.3773492247919769 0
0.5569853048425403 0.32941326795395 0
0.5658823998884683 0.3339518053393553 0
1.756795308595235 0.3858723377649303 0
1.765025901871913 0.3807239672807606 0
0.6302119286079191 0.07531953606298991 0
0.5391503382776919 0.1551211547713523 0
0.2470339640130921 0.3451489042573033 0
0.04339698879250786 0.06773095987980973 0
0.08617403557874148 0.06031264963745692 0
0.6108333311719558 0.03632350894164399 0
0.6100782678650196 0.02692385265140715 0
0.240986404808211 0.06162631664875082 0
0.4695669594351582 0.1487330487572998 0
0.4606841341284174 0.1442038094316561 0
0.5344196044718259 0.06545012204998249 0
0.5349527262548781 0.07542587623576483 0
0.526583999867996 0.08086708816129315 0
0.4292721194638534 0.3710282636377689 0
0.4298024392100797 0.3810003682510901 0
0.6271239949538073 0.1805545255239509 0
0.1525228272457334 0.344806937205104 0
0.1608670573849085 0.3394370164589757 0
0.1875784630281283 0.02505972015236438 0
0.1963051187402263 0.0293247398505232 0
0.1022523238058741 0.03946116089480481 0
0.1016664778605327 0.0295080499439542 0
0.4559807003648442 0.05473044859185483 0
0.4476284594351718 0.06018094953174224 0
0.06349633687125444 0.2796230577749702 0
0.2049630567412435 0.3621429395344979 0
1.295043451439099 0.02517485195442568 0
0.2488363004412418 0.04640402811687033 0
0.3657594429672166 0.1442241870714093 0
0.3751108661999254 0.1584922450104438 0
1.028095956677479 0.384750549519181 0
1.036115743795663 0.389467783880255 0
0.03791385828917204 0.2857165053819937 0
0.02803676113115205 0.2816021306565114 0
1.323114425398448 0.3889833945408411 0
0.4542515734981492 0.02512708931578242 0
0.8374991253615993 0.3848877588551405 0
0.828585335201967 0.3806496360714846 0
0.8278734932810951 0.3703011563402931 0
0.8194977105690067 0.3757660972300005 0
0.1370517423387965 0.04757105055975988 0
0.1277144482964884 0.03306956905639277 0
0.3089940610160191 0.04796263738757375 0
1.675842283801959 0.02446373601514215 0
1.748864815537473 0.3923650613274104 0
0.1367965298257441 0.3754073667258898 0
0.137328711794843 0.3853916671789779 0
0.4042093513500102 0.3872088367526834 0
0.2732010321451264 0.3588650164357778 0
0.2726448059576362 0.3490493679244017 0
0.7399064107920621 0.02430668622458157 0
1.078763457135299 0.02221362193986445 0
1.069943752347553 0.02710881001433321 0
1.069979567222417 0.01680015102226243 0
0.2656685244845167 0.3740812392987052 0
0.2661640122743787 0.3851076699266592 0
0.3621922745783513 0.2396486986159416 0
0.3617328273877616 0.2297128633997201 0
1.678618452552161 0.3851190381813114 0
1.669617378836654 0.3807786929655926 0
1.686466805808919 0.3898030002510474 0
1.669074640622733 0.3708252206210826 0
1.660692038014444 0.3762760766642312 0
1.661220222433904 0.3862622380845053 0
1.652304920460103 0.3817347580055998 0
0.8199827824469741 0.3856686877857184 0
0.8110785563936536 0.3811465100801684 0
0.2559021379020846 0.02093048295703165 0
0.2471688042411178 0.02613208828345634 0
0.02295757677256427 0.1431800182993105 0
0.315660214924377 0.02300864916323384 0
0.3253718438934554 0.02653135208239052 0
2.176259907902012 0.2984844867963368 0
1.789495022500567 0.0239934560125058 0
1.798407158274661 0.02852929400881429 0
0.6446718802733977 0.02482060387588622 0
0.6537282777969202 0.0290676725564363 0
0.835390480583725 0.02473066044832564 0
0.8263983767287302 0.02027548413460603 0
0.9493219315738204 0.02331204949020194 0
0.9580252035119514 0.028007270188705 0
0.177627398053479 0.1350639864672194 0
0.1849258463466467 0.1284130834014847 0
1.166938323118413 0.3866907034262063 0
1.175318392873627 0.3817490243484611 0
0.3090402821862777 0.3867388612519127 0
0.3174337775340172 0.3817318616453088 0
0.05520863416459632 0.1115910288671889 0
1.217345310910114 0.02453751955349592 0
1.208784077339683 0.0297153686258359 0
1.435474738191433 0.3885868966317152 0
1.444686154111368 0.3841095340666203 0
1.304159299040844 0.01993300226682829 0
2.103780983386379 0.3882500462381612 0
0.1923534564524769 0.2688763134876268 0
1.884688537451835 0.02435112561895339 0
1.876470799009436 0.02947423954589826 0
0.02260340245960046 0.1333724684125365 0
0.9047947657240579 0.02074390867252121 0
1.139714843974845 0.02354416520150224 0
1.148585345152725 0.02795481487469556 0
1.13035995815671 0.01784401262020049 0
0.2368837308277505 0.1361158774952825 0
1.358586198468473 0.3870588839282603 0
1.36707275378004 0.3823720290232738 0
1.349536427623534 0.3929251684561539 0
0.1986608253761035 0.3870541572335285 0
0.207028020732419 0.3825409136890506 0
0.4715340214351036 0.02417240224251185 0
0.4805399258926805 0.02845215004944524 0
0.1384680002757361 0.2316723181343283 0
0.1203339946446591 0.3864229660009766 0
0.1471621609566579 0.2450508922262371 0
0.02209355280661995 0.2962122097379911 0
0.01828431278950227 0.0835500371865586 0
1.745794932315909 0.02107987181821189 0
1.947565553808575 0.3858347514589913 0
1.938514428601639 0.3815720029054249 0
0.01644770477538349 0.3604499352651248 0
2.144345020179234 0.02025511235045527 0
2.153774301987559 0.02476361179416511 0
1.87583821246876 0.02002184005366084 0
0.2567828857994849 0.3898552897558801 0
0.3872763044917238 0.3876067806074728 0
0.3790429943318101 0.3936485121902816 0
0.4130453625732864 0.3918674576543205 0
1.088958802240016 0.386191274160212 0
1.079961207634762 0.3818999810800729 0
1.097656635236553 0.3909511392977761 0
1.538961392963109 0.0227596726425254 0
1.547607362441366 0.02731144540829963 0
1.529874743258137 0.01724541514682604 0
0.1289931113166055 0.2174101246238755 0
2.086896294022594 0.3878746912658474 0
0.1275343063435519 0.02304530988334244 0
1.91960408924938 0.02244794360708893 0
1.928411106356344 0.02671729482246851 0
1.92786585519346 0.01667842279923457 0
1.936052785663164 0.02082986205961554 0
2.176650515457779 0.3177757322345127 0
0.4481970622303664 0.3916791134751715 0
0.652219758190415 0.0177852965973386 0
0.6619646462710036 0.02336275511049815 0
0.1791627023428869 0.01881235804844475 0
0.17016932107057 0.02576071983657691 0
0.5241977021388893 0.02046854882719276 0
0.5146905290420203 0.02525021692177859 0
0.5327010798311091 0.01580838965906262 0
2.025774975034417 0.3864932797685446 0
2.033928016635415 0.3814972870095293 0
1.736973790060029 0.01685034396804999 0
0.393539230487513 0.02354467440234786 0
0.4026062329729363 0.02770973605439717 0
0.5838683773219787 0.02319267454052143 0
0.5756894556794083 0.02825727385920718 0
0.7689565650294342 0.3876694108107948 0
0.7770750079003742 0.3824995799986128 0
1.834975330896037 0.3866266982292683 0
1.842735991888274 0.3816028479451985 0
1.8437810089715 0.390714025895414 0
1.852701261328762 0.385162499233178 0
2.184639546499705 0.2919579731611673 0
1.892206821339316 0.01786668961347104 0
2.177700187987271 0.1536800401693814 0
2.169358837013421 0.1589001727822929 0
2.178456853984375 0.1642599730556362 0
2.034480306643862 0.3906424571561162 0
0.2522270199318242 0.2270904335206393 0
0.2554680978847217 0.2371108578169156 0
0.2556712667116585 0.1809228543710487 0
0.2615290743703265 0.1729560628316112 0
0.2571561087869662 0.1644856822847183 0
0.2653848787598874 0.1815482721582576 0
0.2663617977912014 0.1645189728194378 0
0.1729489212462003 0.250561807199563 0
0.2075258474312937 0.2585880582195509 0
0.2148748689288855 0.2637350910947235 0
0.1486300533123629 0.1725421914422596 0
0.1438129935378347 0.1642634977081696 0
0.1413969271648463 0.2071439295296558 0
0.2363489704665477 0.1540686234700744 0
1.209022683772603 0.01846203182023451 0
0.1624041718743897 0.1541679736831729 0
1.261907081101354 0.3867937490406046 0
1.270654882335102 0.3817862486626581 0
1.973918186581457 0.3897178322875032 0
1.982750507620184 0.3938663121037942 0
0.1424971585866381 0.1952337038155539 0
0.2189838271332933 0.1361812782779804 0
1.762599645785277 0.02142666904463267 0
0.1385073394938279 0.1751152913147907 0
0.1339504227820394 0.1830379205209244 0
0.1957216785962066 0.01992273994200031 0
0.2042983082621722 0.02367612855249643 0
0.1442021818655288 0.02198172467683371 0
1.035037841447222 0.01912121411143672 0
0.6611713614666809 0.01499130076680391 0
0.5751940776474694 0.01819429956757529 0
0.2433653788679323 0.1602320678614255 0
1.225547482855441 0.01955364700826925 0
1.827315556010706 0.3928084114850002 0
1.841205623706751 0.02182477329362686 0
1.832970122352353 0.02679627812028998 0
1.831347969176609 0.01662332799930596 0
1.823533795531748 0.02275946517039384 0
0.01926861520878442 0.2568847547107696 0
0.5777124340370281 0.3877858566412759 0
0.5858287793228587 0.3828637384701442 0
0.5863034552424359 0.3926830421424724 0
0.5946854152809647 0.387505331408314 0
0.9410580697234703 0.388510145218314 0
0.932490411674712 0.3844621096580651 0
0.9500275630597588 0.3936854499363631 0
1.957421519485811 0.391670361735468 0
0.9825027710689436 0.02213045426929031 0
0.9745235189392707 0.02729646026035484 0
0.9743370858970893 0.01850033337471557 0
0.2613481802715731 0.1555732540466745 0
1.018411712766648 0.01847492035275902 0
0.4817824963948432 0.3878867923340071 0
0.4904238218855812 0.3828429956088628 0
0.4735037815954484 0.3935189842014495 0
0.696629554840714 0.02144993885405541 0
0.6883207538838373 0.02712927180120148 0
1.17325560036696 0.02223690867136571 0
1.16527630831793 0.02722098125316011 0
1.164866075345003 0.01850760905731472 0
0.809674534671577 0.0216548651028369 0
1.245049436207893 0.3882429565167093 0
1.04399368369299 0.01392659765595902 0
1.859243573599126 0.0188244780817062 0
2.135950029980767 0.01569193469867039 0
0.921470828207911 0.0184990637591545 0
0.4285937701088341 0.02178393077867843 0
0.4199807097412875 0.02684904192900497 0
0.4368062029246738 0.01631022728542764 0
0.1191723751940506 0.01765311933808658 0
1.22823549936014 0.3882677711827543 0
0.1504731079854901 0.1529345207090919 0
2.180354165927849 0.3478059433721594 0
2.049964187680571 0.01876683403914506 0
2.058558456846968 0.02530525135667819 0
0.02174899092070914 0.113336330081487 0
0.02122374614705436 0.1037308809310352 0
0.2357100401254203 0.2445760471918663 0
0.2275754390473033 0.2520732470888127 0
0.5588369865760332 0.01810470664279046 0
0.7051000869806785 0.0162734905118756 0
1.190744455405185 0.0189182318793138 0
2.050901023149493 0.3920503801667398 0
2.060078101988878 0.3941692302716164 0
0.250977510985812 0.2445417620176949 0
1.651700307674314 0.3927501799507842 0
1.643920701000662 0.3871849736697961 0
1.66085691037152 0.3948104611330633 0
0.2567229962656781 0.2163482221828005 0
0.4015808255416297 0.01733042883376956 0
0.5918199386838245 0.0170158380670872 0
0.7490757501558427 0.01870541703305614 0
0.6552773680121322 0.3896477016483725 0
0.6466627903851019 0.384879479402213 0
0.664348952021441 0.3938686782487582 0
0.183091564975678 0.144260359720281 0
2.181740628763249 0.05893608207738127 0
2.181860590066393 0.04889360560230618 0
1.241802470974973 0.01687565650462619 0
1.250740052821908 0.01194754152336394 0
0.01981597328884943 0.267206948545356 0
1.270469842637193 0.3925005799063463 0
1.279642098751836 0.3864142760796943 0
1.314762430363364 0.3945717682023254 0
0.3191396971194065 0.3922742794604069 0
0.3270241062968363 0.3840901110099929 0
1.939657049711938 0.3927830948960508 0
1.930214127977394 0.3872628043897203 0
1.930344520298029 0.3978539095640324 0
0.6878056260173542 0.01719017690851374 0
0.6796436290482154 0.02297465941534202 0
1.781575587246175 0.3908824171367751 0
1.590020030030341 0.01832234352125189 0
1.581410898583356 0.02497997910540814 0
1.324050708896647 0.3998302583738789 0
0.112539679551851 0.3910091051103652 0
0.1041228445338266 0.3868393654037717 0
0.2231916668183156 0.2625572815773805 0
0.01380751687012149 0.2748458508680267 0
0.2617710628788441 0.2288823299977849 0
0.2645216974280177 0.2381706067842645 0
0.152714829496592 0.01679889060135736 0
0.1359451479329478 0.01578018402714973 0
0.1549477432423051 0.2375505817537855 0
1.922085044659639 0.3930733008037119 0
1.921270037085115 0.3826630344511865 0
1.912908589890074 0.3887291426833894 0
1.904271388969215 0.3958713106019596 0
1.903021868054493 0.3860291525214288 0
1.895668259177803 0.3933466404079626 0
1.893377086505718 0.3835771145128344 0
1.900185429282899 0.3765705490518925 0
1.890821495235917 0.3744096967325059 0
1.883669899342297 0.3820175360445267 0
1.897103521978683 0.3679621636517671 0
1.886345370550179 0.3655272045800305 0
0.4801971542618092 0.01762795810503825 0
0.4896533776543543 0.02313232337769372 0
1.114971273120651 0.3903202048075167 0
1.123976491023071 0.3946423388458447 0
1.112828998451856 0.01971229789027548 0
1.103916876118841 0.0151765379286059 0
0.1942907201847273 0.2579672907550035 0
0.3675967775110809 0.01954219448802513 0
0.3597795731599778 0.02602301215107569 0
0.3758484317454437 0.01438580122435984 0
0.2997409577847667 0.1880626116306134 0
0.2911801740585923 0.1931094309240916 0
0.1483942923009993 0.2274223460944946 0
0.3767318395412886 0.188281466603427 0
2.144287357835903 0.009858628974054345 0
0.2037893160496422 0.1412560728223337 0
0.1988578855254433 0.1327230230740919 0
0.8105354754324445 0.3921346169390788 0
0.8022431780503244 0.3858797337188255 0
0.3850555934853021 0.1828729447747723 0
0.2442548088955315 0.275638248110168 0
0.2528346409985291 0.2808757108025169 0
0.270416112156588 0.2891721996193733 0
0.2353263995773455 0.2717149269632004 0
0.1644260864914395 0.2554237219979529 0
0.147911792499102 0.2556955118912913 0
0.03410611252447726 0.3908131431093153 0
0.02530510637574834 0.3861230315317132 0
0.02544141686195478 0.3957991114636388 0
0.01818626552222291 0.2824264789241918 0
1.001433987190284 0.3911706344252745 0
1.372799055054968 0.01598056263608433 0
1.363935654572099 0.02031272558572861 0
1.355032541140354 0.01468353754708696 0
1.354507698037956 0.02461353955718462 0
1.34667570360915 0.01871352570408805 0
1.345261677232616 0.02808296496799592 0
1.337711768323645 0.02285897537750695 0
1.336083402195992 0.03196328719802066 0
1.328440111565382 0.02565965491651043 0
1.327214755292767 0.0359110286443447 0
1.334801634868526 0.04204415898110694 0
1.380857789259927 0.01122944960716751 0
1.765410225200423 0.3899181994698532 0
0.1636325114264319 0.1448705337172073 0
1.362971338456962 0.03159975271965351 0
0.3962210657676514 0.227928261665526 0
0.4020410096824585 0.1726949875293982 0
0.4104124220198277 0.1673829070777058 0
0.5945718188984683 0.3966815683440025 0
1.080794146443872 0.3931657856603887 0
1.071616435607022 0.3875960099799123 0
1.071210042684359 0.3980493679979496 0
1.061470027539916 0.392990973747101 0
0.4048494408535807 0.3964682915793498 0
0.4900676561059525 0.3936717846911337 0
0.4992192160207207 0.3875758178753752 0
0.4999059079401382 0.3974439503657177 0
0.5093235677099399 0.3931440477748627 0
0.5079074704567444 0.3822269169790949 0
0.517081077506035 0.3859689732654499 0
0.6460652276629368 0.3949254120804159 0
0.6377312647925429 0.3896167064808738 0
0.6282485204254245 0.3931622387272849 0
0.6298102096037879 0.3837573016296996 0
0.6204974093017619 0.3869125634364148 0
0.6197483916186027 0.3948359229246624 0
0.6110519258192854 0.3913866981155417 0
0.6135651438093543 0.379806084645103 0
0.6030515829140313 0.3819365727772832 0
0.6071038797173132 0.372559093777196 0
1.511091358177306 0.01808043658191455 0
2.191069345554767 0.05437428285647536 0
0.4713806693090379 0.1789244433926062 0
0.1323890954802219 0.2765268752788591 0
0.1328639405537247 0.2863886160497893 0
0.1135540878949068 0.247181672314486 0
0.1047848065613135 0.2426252037184 0
0.01856160028236076 0.2471357376321123 0
0.1317511069204635 0.2664734382872551 0
0.2452269901079974 0.1501859537533634 0
1.798911752043321 0.01772286213125729 0
1.807179041754562 0.02345271879022262 0
0.387175316420148 0.2235554366153288 0
0.4141134685633464 0.2368134436845953 0
0.4224467870670896 0.2313953411584573 0
0.5000817823800251 0.2323635287744382 0
0.4912136944556117 0.2278382897843458 0
0.3966735355944107 0.237870360505785 0
0.1501587808827847 0.1417147679994845 0
0.5496403031284349 0.1895416519094279 0
0.4476909081154147 0.2252661432149097 0
0.4392645233354845 0.2307730373799662 0
0.4649018479915433 0.2243776317438754 0
0.3080341244852585 0.1826285685677052 0
0.3169398385131843 0.1869214984078952 0
0.3250972447266327 0.1810410568711557 0
0.3259529824905394 0.1910327038368941 0
0.3342821437081052 0.1856044812299904 0
0.2279277410365455 0.131337190385427 0
0.2895953063329355 0.3380994016261831 0
0.1052302483440593 0.2526117282148974 0
1.702539749733006 0.01871947953678374 0
1.711298005951677 0.02340800351710734 0
1.693922979230441 0.01419533195181069 0
0.2272923309272847 0.1218046186092828 0
2.183246623488258 0.09910122099629105 0
0.1239164976717226 0.2817752410099326 0
0.2355879790482325 0.1165089301969471 0
0.3061661696426715 0.3273510759278443 0
0.2612252408737046 0.2752927055390714 0
1.608230972031957 0.01879183300595547 0
0.3233255318689392 0.3265290881800436 0
0.332151675492345 0.3310928671716746 0
0.368478201531663 0.1937536396290033 0
0.3596427834987223 0.1895070343357292 0
0.1924949222216572 0.1138557567657812 0
0.1919219530017715 0.1040004923405092 0
0.2001725011186396 0.09860004932105687 0
0.1937341775472107 0.1241730315591302 0
0.1830645910463866 0.09954370111749705 0
0.3475066628286227 0.290287997515093 0
0.3386821543418516 0.2857537646266968 0
0.3381705196082977 0.2758386242518374 0
0.3299554541973342 0.2811094455816723 0
0.3303547090790321 0.2911307908691975 0
0.3215494281348298 0.286597085364469 0
0.321260835110159 0.2764660390182611 0
0.3128623291727899 0.2819378320765349 0
0.3132081084424052 0.2920308187566786 0
0.3043991672385908 0.2874880162478561 0
0.3038972200041635 0.2776020792399162 0
0.260812324771231 0.1101063627941466 0
0.2691363738367805 0.1047178202316576 0
0.3517072413822658 0.195252713350295 0
0.3508804078435021 0.1851374121959669 0
0.5753074291889363 0.1832421761326138 0
0.5669338322351097 0.188671908900806 0
0.5836828607716336 0.1778117107637907 0
0.4822836512059552 0.223348181104025 0
0.5863608662880815 0.2278161410128506 0
0.3349273543712936 0.1959557148085467 0
0.2533377347061572 0.300291259530879 0
0.1762153128161054 0.2990760776046618 0
0.1849894465095009 0.3035872812583877 0
0.6276913543112185 0.1905714382037687 0
0.6622077617040653 0.1886617093184868 0
1.105634556520894 0.3955081587351255 0
0.2918801257537652 0.2032301424458132 0
0.2791978709674148 0.2933334955542795 0
0.3818629624249599 0.2885274254907266 0
0.3902028329739387 0.2831148138269191 0
0.3559172440649714 0.1199872119016133 0
0.3475564373373055 0.1253344125125384 0
0.1502947997499162 0.1314695880691815 0
0.1498408523252688 0.1213351487125464 0
0.3281011290753998 0.08653441089608693 0
0.3192507531092965 0.08204926345933698 0
0.102417565050456 0.1934051508836283 0
0.345335685471395 0.08563726332251975 0
0.353646597335284 0.08019104424254417 0
0.3577159410243116 0.3248017738571793 0
0.3493718903710286 0.3302064257821118 0
0.1410024145561397 0.1168670544756416 0
0.009191463063525029 0.2538672439031586 0
0.01593555856526874 0.2376342882952952 0
0.3856420752363714 0.1929943508855993 0
0.5773868752669238 0.2233409461355068 0
0.6130504499621952 0.2413954691846088 0
0.5868719962029209 0.2377946171033808 0
0.3749655968299257 0.323881918703873 0
0.5538145006210889 0.269588690481953 0
0.6553887393159953 0.2242107338795122 0
0.6643325966018279 0.2287155503749295 0
0.5543228049816165 0.279570091718238 0
0.5632398466004981 0.2840857356620931 0
0.5244079534937176 0.04092176370757666 0
0.8610527359361065 0.01658707055528211 0
0.8702343954609586 0.02272367421420288 0
0.851461944431759 0.0146702544433393 0
0.7570628745526335 0.178726994945694 0
0.7769773433831355 0.2277396586856296 0
0.3470563553746724 0.115459670978302 0
0.4098083383487132 0.1573104978312738 0
0.2432167637777559 0.1012120920861124 0
0.2817128868307841 0.1684078372871142 0
0.2722952855291643 0.1733063538928983 0
0.04317455097815293 0.3950749056248108 0
0.05139538804599608 0.38987501954391 0
0.05128618521845008 0.3990510002509942 0
0.5873686230542559 0.2477809093535679 0
0.1295555805207469 0.2270141225173528 0
0.4738540857214064 0.2287284534127465 0
0.6512023182933281 0.1442409198391042 0
0.6491342841008357 0.2695453250545565 0
0.649658490404566 0.27952507046871 0
0.6585676949527607 0.2840550320374129 0
0.466464390463901 0.2542149439429388 0
0.3921839054365485 0.3230093514221243 0
0.4743187087548808 0.2388230663389842 0
0.4586069886340421 0.2696096373469019 0
0.4591488531614394 0.2795517862216141 0
0.468034607873919 0.284073190620191 0
0.1327154605162524 0.1222941653688356 0
0.6994552991534527 0.2368309397273024 0
0.6821958540502351 0.2377365741749655 0
0.6732546731171923 0.2332271339740177 0
0.560587367559603 0.2342690675075918 0
0.5601082607539974 0.2242566485000448 0
0.5611287628261097 0.2442194066049564 0
0.4596629449943701 0.2895145025072984 0
0.4507829452897036 0.2849821138858792 0
0.835641023109867 0.1895579713169296 0
0.7162077792961967 0.2259373620482683 0
0.5532943028937447 0.2596155040795939 0
0.1301656944856781 0.2072686504538398 0
0.7680504896309228 0.223219444094152 0
0.8555764555347078 0.2386011098674816 0
0.8550570133881237 0.2286124375274654 0
0.3642079728140701 0.1145088531587054 0
0.3730655219234322 0.1190136333238276 0
0.1228425102994029 0.2617788793294027 0
0.1399118802131762 0.2610189863031647 0
0.4099486902663041 0.3320666834416877 0
0.1487316893729322 0.1015303243589691 0
0.2183040872664338 0.2824724341765093 0
0.1321681247284521 0.1124145022020937 0
0.2092173916913936 0.2781283669048688 0
0.1167515377613964 0.1430456374260444 0
0.1174443972102089 0.1530413406929568 0
0.5287006936920151 0.1207272073111814 0
0.5203347657940331 0.1261660845991211 0
0.4094460087108021 0.3220996337827863 0
0.09501493621386725 0.2185989996900833 0
0.2284054467535661 0.3163136483445201 0
0.2367252048861245 0.3109453900092505 0
0.2455601262772249 0.3154641358821503 0
0.349865533278618 0.3401613999909586 0
0.3410033749606232 0.3356380811129452 0
0.3405238070758928 0.3256696488369862 0
0.3735073826194437 0.2939649650944646 0
0.05048608187090231 0.1856790461711928 0
0.0593196335157824 0.1902574004769654 0
0.05977871047494343 0.2001401662832996 0
0.0514157682187113 0.2055364181385029 0
0.05187670846680659 0.2154881738352973 0
0.0607127230850919 0.220070770689513 0
0.06117162485676442 0.2299765239435805 0
0.2987129176287672 0.3527592179355834 0
0.505173025422743 0.1668868565396836 0
0.1748140273823628 0.2698020264315224 0
0.1836151265959169 0.2742337157713965 0
0.8780979763664343 0.1723248543638755 0
0.8870075383006553 0.1768610167231609 0
0.887536853444344 0.186844862919083 0
0.8959143447030919 0.1813930652814333 0
0.886481299603991 0.1668772402564897 0
0.268730362206676 0.2477509334617507 0
0.2778732053019057 0.2435801225684074 0
0.6564470705953912 0.2441509370432168 0
0.05280582672430612 0.2353679679674809 0
0.05326713522250337 0.2453204590258069 0
0.1492944964178518 0.111412772056214 0
0.3050006843465102 0.1325008420235503 0
0.296192273069144 0.1280395719717836 0
0.2956425026057767 0.1181538083878803 0
0.281060270164915 0.3435912001105095 0
0.272347781452706 0.3389286812833613 0
0.2024972755015847 0.3126445784988916 0
0.3838249642031757 0.3284256536525835 0
0.2713011364522845 0.1547258820130318 0
0.7774975615442296 0.2377248008717987 0
0.7948037960307826 0.2367996718886756 0
0.8031857236286376 0.2313524601711087 0
0.6486101399610491 0.2595653800441956 0
0.2794139364846209 0.3037047748682078 0
0.6669547765768706 0.2786069732463157 0
0.675863362566549 0.2831392115978321 0
0.4079158297390032 0.2922144390397476 0
0.2150621313649907 0.008627414471651773 0
0.2201337639592411 0.01722989303301004 0
0.2302666684459469 0.0174450228226887 0
0.2254750708084526 0.02614455793218742 0
0.235518178211263 0.02619132483316575 0
0.2406321748392209 0.03378550245376091 0
0.2144642222497861 0.02714416352834628 0
0.2404122886510285 0.01711941657720176 0
0.235126201705905 0.008636553799510865 0
0.1952213296445321 0.01000050873373809 0
0.2950943369290097 0.1082706952916803 0
0.2868129026870185 0.11367474775524 0
0.2779841407242758 0.1091986845575705 0
0.278523321192285 0.1190710885868339 0
0.2774262848142899 0.09931256268239319 0
0.008390064679323572 0.1849980581664751 0
0.01686696703623292 0.1890859801368675 0
0.01719279740068602 0.198757240233299 0
0.008519297060799014 0.204787354769274 0
0.00851483961814381 0.2149627953765531 0
0.01740728084342491 0.2191891639334429 0
0.1747488638466916 0.008686393523575281 0
0.8461434646562116 0.2240800916242804 0
0.09362913414684071 0.1888966469840264 0
0.3907038587050053 0.2930811428815792 0
0.008289906331309105 0.1650008123201823 0
0.01598576220008741 0.1591001161475377 0
0.7617787051225107 0.2685935037912955 0
0.1853913222082977 0.3134762168197348 0
0.2554460721029964 0.009972045251692124 0
0.7623037470825038 0.2785774415508173 0
0.7712154682870433 0.2831097481992826 0
0.0756136639789875 0.3537090935400408 0
0.08399879044836789 0.34832674216869 0
0.07512785600438709 0.3437554979275758 0
0.08351958930201375 0.3383728664566925 0
0.09236615160618133 0.3429239974288714 0
0.06625814242685335 0.3391838284992267 0
0.09286183873259879 0.3528890136635677 0
0.1012551887963965 0.3475106611702248 0
0.1007312807824223 0.3375293747401124 0
0.1095821756917896 0.3420466605064919 0
0.1090673668156692 0.3320887702296292 0
0.1085398031706575 0.3221456132963993 0
0.1100829816584245 0.3520179357825407 0
0.008351451988041436 0.144997261078069 0
0.1842953201744478 0.1192285224474198 0
0.1149960888341953 0.008657995925217876 0
0.1949303373043196 0.4018444008389274 0
0.2150003184953734 0.401410398462019 0
0.2199965685019001 0.3931654964104703 0
0.2297104170345932 0.3929298737553674 0
0.2242632479194433 0.3836165599304636 0
0.2349850799372761 0.4013311379109856 0
0.2403457904640613 0.3914488398256682 0
0.2086700480057415 0.3925431827741259 0
0.9483193778847213 0.1886219663154737 0
0.9567027146907683 0.1831730485973149 0
0.2750950217224106 0.008605446501254582 0
0.2796685417934816 0.01669659974181301 0
0.2902286776218028 0.0179652277225332 0
0.2949858870097322 0.008673083239069374 0
0.1749907848729495 0.4013500250934088 0
0.1700096392124157 0.3926969088738838 0
0.1794400913822239 0.3930123328869487 0
0.1745972639953386 0.3845625736945992 0
0.1651950965162863 0.3843873844796568 0
0.296733064736856 0.1379167961268904 0
0.1550038398694739 0.4013419629118304 0
0.2896058605190277 0.1630264137950796 0
0.4690339448859873 0.1387846679242628 0
0.4601496488066976 0.1342535752982934 0
0.4685157097763434 0.1288457348998718 0
0.4596240996915975 0.1243160052360637 0
0.4512724467383814 0.1297540609618046 0
0.4769116859997946 0.1234524955257311 0
0.1350037138241618 0.4013418901395348 0
0.1292380755571867 0.3920152447663054 0
0.2166804536212845 0.0877754580796142 0
0.6543958229994239 0.3693565117348557 0
0.2557558510951933 0.4002008244504157 0
0.1255964847538484 0.1474642615493767 0
0.3186940486045232 0.07211435431735416 0
0.309871590115997 0.06769483497541778 0
0.3350495757624649 0.00862833302131652 0
0.3400232317440866 0.0172945116603265 0
0.349415505202939 0.01684491117477693 0
0.345136231127763 0.02530897307695568 0
0.3550043730767147 0.008494554238582225 0
0.3304408895939107 0.01718810889321262 0
0.3162297228213847 0.008346888170352257 0
0.2749964372051298 0.4013418029427295 0
0.2799595073105693 0.3931736357462854 0
0.2896174527364661 0.392978458001768 0
0.2837172949123653 0.3839353802742421 0
0.2949868189820785 0.4013280322866173 0
0.3001763318985096 0.3923212909405103 0
0.2426387426300859 0.09130360786445835 0
0.8377559798749163 0.2295307114847339 0
0.8288506850210624 0.2249915274872557 0
0.8204609151838718 0.2304487906864084 0
0.3148362712030937 0.4017355593580395 0
0.1128145890756457 0.0737514661908201 0
0.1216573315955402 0.0782404751466628 0
0.3351961640213114 0.4014617940618204 0
0.3403278761186606 0.3927889765208524 0
0.350042850931412 0.3927057402677981 0
0.3451366422657268 0.3840155438898915 0
0.3547372533415326 0.3839682312646178 0
0.3496373317053164 0.3753782959270865 0
0.3399801980950689 0.3758553292320621 0
0.3611407635631163 0.3928655865476911 0
0.2538780562695175 0.3101083678300312 0
0.2873753068492986 0.1235576518844895 0
0.3048324901337097 0.297516482918402 0
0.008295297220014319 0.1250027566972041 0
0.3627037239433698 0.2496438138549201 0
0.2172456469000056 0.09765173416632905 0
0.04670664155814674 0.2902388186708736 0
0.0950013812801056 0.008607684527415088 0
0.08972128775073007 0.01677610772524094 0
0.08004591173677533 0.01673815994085323 0
0.1006704745986966 0.01838188454852638 0
0.3985816221685936 0.1126525233134016 0
0.3902467487908224 0.1180820503525131 0
0.384847236808659 0.3483455896607294 0
0.8728786672525555 0.23767996107454 0
0.09474391083289913 0.4014720003949089 0
0.08958017599274548 0.3926772138181828 0
0.07993798165309407 0.3926846119957531 0
0.08422370063604823 0.3838723273558232 0
0.07436850504366088 0.3841468361216135 0
0.07005341839178048 0.3927669694277808 0
0.06502673186435004 0.3840267487022391 0
0.07500780124037432 0.008563773214973508 0
0.07017296632005898 0.01685013792713111 0
0.05920415779524335 0.01750157320655765 0
0.8419126696154408 0.1441799126686672 0
0.3786576604066142 0.06387991411390959 0
0.3703119756086023 0.06931547688776252 0
0.3791949633824605 0.07382294461941724 0
0.3708616509017919 0.07926139418279374 0
0.3619703241212988 0.07474850094757993 0
0.362516956072882 0.08468657047319417 0
0.3797540002982633 0.08377332430958735 0
0.3614230395782265 0.06480444048398457 0
0.3701676489010806 0.2242590002039969 0
0.4068932174383764 0.2723278714760943 0
0.5412862604755616 0.1949811945481936 0
0.5323968430442048 0.1905147409339567 0
0.8896418152040577 0.226781311005844 0
0.9734743398411982 0.1722810709309601 0
0.9818593246090775 0.1668346152508057 0
0.4719359344996704 0.1889186826684264 0
0.4629182211925236 0.1843592725782315 0
0.4538886243492144 0.1796690270631688 0
0.4454120475642991 0.1849631863658434 0
0.4366156207356452 0.1804201106299334 0
0.4370566664188277 0.1903521914661979 0
0.4544491252219938 0.1896331764221742 0
0.9415216883985927 0.2240415709293953 0
0.9504317481671158 0.2285782414495545 0
0.1002028823507909 0.1539247423692425 0
0.4784538828831063 0.1532501295656454 0
0.4790315270060918 0.1632641079366863 0
0.1506502476735676 0.3052418127825103 0
0.1502535716351416 0.2953672006320224 0
0.6585224848184168 0.1188394375292843 0
0.3875438906389249 0.06838839631483556 0
0.5005083970585793 0.2423694403396316 0
0.5240884850196754 0.1961113021992892 0
0.5235113094494628 0.1860281475338053 0
0.3590600474910166 0.179336802574204 0
0.7690984788051675 0.2431878756322995 0
0.1547016266671279 0.05652680964578791 0
0.1464598533077215 0.0619820011365885 0
0.3415042476826491 0.3455676720298304 0
0.3996549280682887 0.1325363096129301 0
0.08154023658749088 0.2985523606905258 0
0.08109866495209772 0.288644940527491 0
1.043709835587049 0.1885930261936091 0
0.2279013063260797 0.3064365277407915 0
1.052093061084935 0.1831427388154292 0
0.007906997158146467 0.2951258661113639 0
0.199586253525728 0.08873804939631327 0
0.7612524442885269 0.2586103652952673 0
0.008659568723192068 0.1049988130001983 0
0.4397916682489728 0.2407355165536745 0
0.05786855183665662 0.3445758554108227 0
0.06578069718414636 0.3292206020818157 0
0.05690834484863738 0.3246444327706847 0
0.5260792652097593 0.2361009072906744 0
0.5255680518998005 0.2261085204385571 0
0.3006830553144407 0.05338839320802527 0
0.2020247177019109 0.3027695238567228 0
0.5585593305812324 0.1941066780190304 0
0.0903720825550991 0.3031208049126184 0
0.4716272601530033 0.3538892686056988 0
0.4711065852779721 0.343915446776826 0
0.4794830610478333 0.338478035499318 0
0.4705859125020362 0.3339439491460532 0
0.4789645723026446 0.3285029147491735 0
0.4700690256911289 0.3239698390644212 0
0.4617040380851007 0.3293913671429545 0
0.4878606243419322 0.333038882764734 0
0.4873480205082478 0.3230612045398825 0
0.4622168785626725 0.3393603857005181 0
0.4656784943554124 0.008739363342905287 0
0.6506625401265894 0.1342516105467962 0
0.6501319112123942 0.1242725601559923 0
0.3367556104633719 0.2357182422453155 0
0.3279308098882323 0.231261081389761 0
0.3449029394345614 0.2303296343140351 0
0.3196595022772717 0.2366538647147503 0
0.07068189715856654 0.09110605998611035 0
0.4231045451198642 0.2515691034677821 0
0.3391505261569775 0.2957265869118285 0
0.4188391777994379 0.3365974685479722 0
0.3848774443693626 0.008852551364099182 0
0.384854740240283 0.4021049171786386 0
0.4418914014554638 0.1153281047473682 0
0.4335394579237389 0.1207609441118583 0
0.3813793866246387 0.1135677712245945 0
0.1261611076247247 0.1574234134222043 0
0.5297497267160054 0.1406496137004787 0
0.6307412815101756 0.08529413974479577 0
0.3886340783261777 0.08827548564532353 0
0.474818705027878 0.248787960442357 0
1.07202932402814 0.2321600722593716 0
1.063118313786426 0.2276241588700672 0
0.3563213382173906 0.2948473741998456 0
0.6517272052636527 0.1542163956046589 0
1.068862125920231 0.1722450531507675 0
1.077246805848129 0.1667964155912244 0
0.6611457947537317 0.1687148967753349 0
0.6606724390128487 0.323974949056219 0
0.6647821017346353 0.07347399255613529 0
0.6093764371972157 0.171557095999587 0
0.6004644644217765 0.1669936758826902 0
0.5475342192453696 0.1496989659120507 0
0.3220091876911526 0.296570737603522 0
0.4857974574086958 0.293152496447784 0
0.9855541141525342 0.2367304661650862 0
0.9939374117811431 0.2312812252736142 0
0.9682611439494486 0.2376442224454862 0
0.9593453310589248 0.233111596936717 0
0.414877368556377 0.007965461341710917 0
0.08387424721224468 0.1646287589064345 0
0.4850423635194476 0.008239007299472356 0
0.5313236885169834 0.3357616341559261 0
0.06527878584173319 0.1357711017360636 0
0.5176960185932005 0.07634918451858511 0
0.5093185044635026 0.08178911342962852 0
1.036909049859701 0.2240039270720818 0
1.141211528038026 0.2285032361394519 0
1.019613104892693 0.2249187501005302 0
1.01122884472007 0.2303692802487782 0
1.104508727480138 0.1903873870993683 0
0.008607072389694048 0.3150434958746615 0
0.01679874623807676 0.3204037524457459 0
0.01679468582143073 0.3304560750110382 0
0.01602285249940993 0.3104384874616105 0
0.008563998670788386 0.3350603731546298 0
0.01678755471324545 0.340369672705674 0
1.121803385773343 0.1894707261402045 0
0.8020886633379269 0.3764803965629548 0
0.7938947494190289 0.3811029766861279 0
0.341444760332148 0.170151587725887 0
0.6705806288666167 0.1832146981327389 0
1.138043462906867 0.1685852361948898 0
0.4512891257695164 0.2949505570129514 0
0.442416136632691 0.2903949406182194 0
0.4418783064465566 0.2804710281383409 0
0.4998930034862392 0.06729636440324152 0
0.8644893892749255 0.2431325355557085 0
0.8566305948280271 0.258570390261966 0
0.8571566204631245 0.2685553670361359 0
0.5758688775278542 0.1932597307563656 0
0.4451720397161502 0.00990914936022394 0
0.5564376485042457 0.1542343743717002 0
0.7549208844599219 0.1387608168865511 0
0.746012294734514 0.134225900024469 0
0.7543942556509797 0.1287802157553644 0
0.745484912519162 0.1242456720674637 0
0.7371044799146178 0.1296945665158178 0
0.7627798642368252 0.1233362452383563 0
0.6957756823824363 0.33214044239423 0
0.8189424362149973 0.3657213938841642 0
0.5009804106265862 0.2523831253740186 0
0.5318475736766579 0.180503916272156 0
0.5146284951340283 0.1815601119572455 0
0.5140668875079488 0.1715003572490666 0
0.3980362793209502 0.2677942626664891 0
0.5049265243353571 0.008551976566198105 0
0.4989134838427312 0.01765679359364888 0
0.5092850708091076 0.01660318946192288 0
0.5715982380980867 0.1134414461648428 0
0.4350184535595505 0.4017407811545366 0
0.4300201106739774 0.3923982582918328 0
0.4449973932319115 0.4013395086591607 0
0.3039256068614562 0.1127476187521672 0
0.5197990291493921 0.1161961580832798 0
0.5114411009363689 0.1216477268680904 0
0.5119629152689416 0.1316004277842173 0
0.1635734781144587 0.06099422289347528 0
0.4967630406980907 0.3375730818282341 0
0.7643587448794688 0.1532759700272945 0
0.7648931475360544 0.1632655994677432 0
1.054205286835808 0.2230895012468891 0
0.5956664015945503 0.07716182132701077 0
0.5543273630830268 0.1143589646480615 0
0.531849810314815 0.3457371408871768 0
0.5951367577212255 0.06718258901430063 0
0.6266321390866207 0.3357738884053225 0
0.7046874539667303 0.1715115525176752 0
0.7135934608249307 0.1760431241193186 0
0.7141215836514569 0.1860216551276263 0
0.6957722105571252 0.1669646097251198 0
0.4387443937252152 0.05565786974430667 0
0.4392759414196036 0.06562389890040179 0
0.4309171599224955 0.07106174357830944 0
0.4481569068540896 0.07014616763492557 0
0.4398009892010865 0.07557782650398009 0
0.4314313862732837 0.08100436893025231 0
0.4486702961011572 0.08008527907365112 0
1.132298331661839 0.2239685021148176 0
0.8492418651298203 0.1187648071832131 0
0.5632291891494023 0.1188890060231625 0
0.3242541474134562 0.3464947101068718 0
0.5004172488804155 0.07726186967144469 0
0.9321091266296355 0.3746942738795435 0
0.9237196309197959 0.3801370514262187 0
0.9240882640705731 0.3898797045592599 0
0.9153310586655664 0.3855809006889353 0
0.915380010054021 0.3952103549205945 0
0.9069843923825209 0.3910886070949432 0
0.9064510272232904 0.3810925020286544 0
0.8982375497938927 0.3862247907225765 0
0.9245703296634229 0.4005509009643475 0
0.8975724924363 0.3765095152808296 0
0.8891931010469194 0.381952404473332 0
0.8896858099379139 0.3921694698726673 0
0.8805375265956041 0.3871815766034559 0
0.8886452894161456 0.3720091513716243 0
0.9357725074454883 0.2794194056199237 0
0.9352446588434925 0.2694340543529511 0
0.6952510558049683 0.3221566093900443 0
0.7224991995213788 0.1805673223329995 0
0.5810583378586909 0.2931446278533841 0
0.5721546063241205 0.2886121088258502 0
0.4664389572374777 0.08907092592377283 0
0.4659080886149629 0.07912964495143618 0
0.6936748694819711 0.2922091480377593 0
1.234492156039541 0.1885220851496457 0
0.3597814294684963 0.03495513522704627 0
1.250732383826882 0.1676358884815168 0
0.6727422784663362 0.2232511439771797 0
0.5569671435939321 0.1641989616619678 0
0.268580642179189 0.0948311355468309 0
0.791144738409954 0.3321166592085693 0
0.4962927292474566 0.1623851385560518 0
0.4879505395099597 0.1678386482310663 0
0.4707844035227997 0.1688608383804601 0
0.5836765996464636 0.3430385391524595 0
0.6763422489084927 0.1279132353411969 0
0.5726594240553079 0.1333882696207185 0
0.8691848890077051 0.1677855481901392 0
0.8413842738263003 0.1341946895637335 0
0.8408555706322836 0.1242101765353072 0
0.665314252065801 0.08345606840770899 0
0.6480271062075571 0.08437324043813507 0
0.3548292176208231 0.2650414759466345 0
0.5669202867951766 0.3539178528186876 0
0.4847603888199816 0.2732206660117814 0
0.6323301568291408 0.1152211233005284 0
0.6711304147269251 0.1932184157969772 0
0.6150542136977293 0.1161397465083507 0
0.6066762548420529 0.1215829272207015 0
0.6841902434077054 0.1124812366965042 0
1.141738893965169 0.2384892318150043 0
1.159035660702133 0.2375741767600521 0
0.9273308016523176 0.1196440974391231 0
0.9189475785451556 0.1250937561792811 0
0.8214524841467298 0.0851938011300933 0
0.6926223921422171 0.272245142637164 0
1.253900033544239 0.227552446851735 0
0.2841246422301577 0.06422205958849961 0
0.2928987991952158 0.06872651998909632 0
0.6758126602901235 0.1179307602564511 0
0.7219310232949383 0.1705323796815789 0
0.7314101966965574 0.1850946973556646 0
1.259116513602871 0.1621857470391367 0
0.6265963272360381 0.1705721511576901 0
0.757595700039567 0.1887153221106292 0
0.748688748222036 0.1841811849894838 0
1.175803646674276 0.2266738913540131 0
0.8555112721777723 0.07337772524454914 0
0.1765694722488058 0.3089545801067017 0
0.6271626737489969 0.3457460725159939 0
1.126025828834372 0.2693615196495786 0
0.3237322170442407 0.1612394423337138 0
1.126553489787433 0.2793474646530214 0
1.135465630853222 0.2838830351266661 0
0.5265933931333995 0.246059476565104 0
0.6779587119632499 0.3230692855419562 0
0.4178159024827085 0.3166740569676635 0
0.7906184780233014 0.3221316947634115 0
1.331996771053048 0.2284307667682944 0
0.7890379510737466 0.29217899131406 0
0.7801279297990201 0.2876437073158944 0
0.5605717561787368 0.06901798775737975 0
0.5522037886272477 0.07448032701858112 0
0.5527365860857827 0.08444921655933579 0
0.6737590040610402 0.2432199818580258 0
0.6380600602453463 0.05988517211659733 0
1.319917186522757 0.163978517121303 0
0.6763859265023255 0.2931226011468068 0
0.7082723570928072 0.07617571680221838 0
0.6784592343836006 0.1678407450658935 0
0.571635998400843 0.2786310326070701 0
1.045820202056203 0.2285401419175012 0
1.04634685317602 0.238526567553224 0
0.6669051264017543 0.1133973187299454 0
1.038490445074976 0.2539621226925929 0
0.3243296616476103 0.1711030748867188 0
0.7088612711835087 0.2513717653266963 0
1.030635274097526 0.2693970004018922 0
1.031163049757915 0.2793826394838941 0
1.040074687062495 0.2839183291388218 0
0.7077448326139488 0.06619334953673309 0
0.6590950063160361 0.2940369712538 0
0.3552086891386859 0.4015033531265347 0
0.7276718541185159 0.1151839395820073 0
0.719291549355789 0.1206321116338726 0
1.244987455634225 0.2230170693062815 0
0.9462083549327179 0.1486840383590328 0
0.3441939997132928 0.06573238958377195 0
0.009529875323250447 0.07494572074155662 0
0.008410081983262874 0.05492265302555721 0
0.01784086117363826 0.05887687629970076 0
0.008413201799206904 0.04498718512468936 0
0.01793484225118447 0.03991960540470066 0
0.01712123373362373 0.02946688461707148 0
0.008661008656814628 0.02500130703805931 0
0.01700611169091437 0.01983782019548186 0
0.02578252088364064 0.02492708298956545 0
0.02566691891544548 0.01493229206850502 0
0.03463738815519313 0.0200050873007809 0
0.04291297015771534 0.01616444796629576 0
0.04163675853854687 0.02708258169525618 0
0.7863426381841103 0.07704215657844185 0
0.58262128576772 0.1578640241425983 0
0.8005349603838534 0.1814125694710784 0
0.8094519919489275 0.1859557612345318 0
1.280636154542206 0.2411596430165785 0
1.022717750568401 0.1196072974451532 0
1.014334035257336 0.1250572466361876 0
0.6731632275595619 0.06802490949878479 0
0.670630894714398 0.3484784428084076 0
1.254427785161682 0.2375384493676444 0
0.476373607760377 0.1134887682575976 0
0.42202464953499 0.0665391164294746 0
0.9283859375941249 0.1396132789185587 0
1.133353601221994 0.243940362651751 0
0.9556489031048806 0.1632053759905941 0
1.323084367829417 0.2238952120250324 0
1.373389801875681 0.1911935094978858 0
1.221418532345506 0.2693253911970348 0
0.542890560073278 0.2251191122463524 0
1.221946345813249 0.2793113704838399 0
1.230858467095366 0.2838470855840742 0
0.7392711951666231 0.3348507688589948 0
0.7476533108929005 0.3294023961079082 0
1.125498036067401 0.2593756711946643 0
1.407982316893746 0.1893646349755207 0
1.416366459499221 0.1839144099316496 0
0.7733253847114294 0.323044127606259 0
1.031690653805416 0.2893683831342608 0
1.022779021948382 0.2848325668787267 0
0.704685255316198 0.3366759375609567 0
0.867122822541093 0.2930597748938344 0
0.8582120234808446 0.2885240035611802 0
0.8498286956627196 0.2939733144780786 0
0.8409178151686985 0.2894381484538949 0
0.8493007733065272 0.2839887553883929 0
0.8403900044395364 0.2794538649121071 0
0.8320073957777681 0.2849031032463654 0
0.8487727997177446 0.2740048400053992 0
0.8398615507250934 0.269470350842729 0
0.8576843107740709 0.2785396902345346 0
0.6952191741076209 0.156945588023915 0
0.7041208838607 0.1614725926312788 0
0.7858149560208246 0.06705816473275544 0
0.8440242003715097 0.1841113929166336 0
0.9819139864570261 0.3320537542884029 0
0.8042255220221175 0.2513290822552589 0
1.218716831593185 0.05416880405181987 0
0.8560402352728139 0.08336278735500505 0
0.8670650560331965 0.12783711466994 0
0.8387461920278698 0.08427783691572618 0
0.8230374028260358 0.1151440976955421 0
1.332524551820949 0.2384168081419288 0
1.254955540644649 0.2475244652470814 0
1.349821009237139 0.2375022569422803 0
0.8749192735176364 0.1124019437220919 0
0.8057462528634858 0.1160595603444466 0
0.7973635613389847 0.1215079637119913 0
1.441519162796729 0.1675640140063956 0
1.449903374965979 0.1621138520763037 0
0.8513543651514034 0.1587027586474636 0
0.851885868082343 0.1686907816954635 0
0.3341020768043739 0.04176445121226077 0
0.3418926149411332 0.0349134436062172 0
0.7659956530897166 0.3484611530882889 0
1.36658933304628 0.2266018633995046 0
0.7339980594975604 0.2350308411761907 0
0.733490685486037 0.2250292241204719 0
1.118108174720336 0.1195708885214499 0
1.109724212766515 0.125020969778555 0
1.418478111646188 0.223858835696168 0
1.427390182312206 0.2283947011544388 0
0.5920562951394552 0.3375943682456377 0
0.5831515702160464 0.3330561301949058 0
0.5826306185383822 0.3230746060029257 0
1.316811832037388 0.2692892953180581 0
0.7717443208524134 0.293093216961126 0
0.965088774760761 0.1777279422018983 0
0.8665367277513456 0.1178519726563437 0
1.228218784798494 0.2339177108928082 0
1.227691342931823 0.2239313612939763 0
1.228746805553512 0.243903485049666 0
0.9813864794191761 0.3220679510351515 0
1.317339684101446 0.2792753225326667 0
1.326251820793993 0.2838110947036849 0
0.77960190864463 0.2776588907653827 0
0.638159601016718 0.2250693764321679 0
1.041596601078668 0.1486491776420916 0
0.8362234120418055 0.3647837494308406 0
0.8356958448156593 0.3547960305093215 0
0.8440791667487223 0.3493465519288306 0
0.8529846632333068 0.3538738732883357 0
0.8524627824845077 0.3438970195027161 0
0.8608477193526649 0.3384492967158208 0
0.8519363683160974 0.3339134800759609 0
0.8603205084070845 0.3284641777242392 0
0.8692316243439122 0.3330001729817825 0
0.8435527477033454 0.3393629322310148 0
0.8430262120321096 0.3293771318705441 0
0.8514100362002515 0.3239279613969729 0
0.8687047354308188 0.3230147065384451 0
0.8859501422205405 0.1568885793248122 0
0.7910940007088654 0.1668863957354088 0
0.782185739433953 0.1623546806198619 0
0.7738068286896889 0.1678053234669923 0
1.023773260850871 0.1395779631137898 0
1.220890674958445 0.2593394398013057 0
0.6799895826127331 0.03267457743085264 0
0.9798034710498061 0.2921112394660353 0
0.9163079835564421 0.07516911800554113 0
0.9079239449882789 0.08061876120019526 0
0.8287783573480864 0.05977360411060043 0
1.5107043667413 0.1639064159880751 0
1.523311823049302 0.2383446316055642 0
1.52278397315242 0.2283585540669743 0
0.8000556171894748 0.336652326745805 0
0.8990124931384629 0.07608353500076678 0
0.9588221167773985 0.2231239071140395 0
0.882308480551971 0.2522070306646017 0
1.234025978133014 0.3437628357827596 0
1.05103686382673 0.1631707848070927 0
0.9436292788272695 0.2639836090778755 0
0.8984846818665693 0.06609840157308963 0
0.9132617594341266 0.3456935740167306 0
0.912733968530702 0.335708161286504 0
0.9211178600066138 0.3302584732472795 0
0.9787482717065017 0.2721400614899958 0
0.8638946142948505 0.06792782711126436 0
1.146427473630479 0.1631353371371982 0
0.9184191565336486 0.1151085198719936 0
0.9100364078474297 0.1205590209128943 0
0.9105639605763863 0.130543167332541 0
0.9300295627884341 0.3347942010103778 0
0.9384128337577038 0.32934456620216 0
1.412205449727607 0.2692532134230352 0
0.9551201179214475 0.1532199504546315 0
1.412733351666668 0.2792392438373887 0
1.421645476348409 0.2837750604040502 0
1.119163849120942 0.1395422710299048 0
1.324140060292699 0.2438672606164879 0
1.445214614011026 0.2374661965545951 0
1.436302363356438 0.2329304623913424 0
1.462510861059867 0.2365518452097872 0
1.470895108497075 0.2311016221193974 0
1.38277286399187 0.04047683695371712 0
0.9703034478114796 0.1123647578472376 0
0.9530083873113495 0.1132792336087067 0
0.8576257842854867 0.1133167577328004 0
0.9943986857993834 0.07604424109531924 0
0.9640909672184146 0.322981824503992 0
0.9625082458241483 0.2930252294515483 0
1.31628394757421 0.259303292036932 0
0.9452128871960322 0.2939393746263254 0
1.51387182403185 0.2238227451715488 0
1.410031436107216 0.06408211849828868 0
1.607153994664199 0.1838424493138197 0
1.618177756035611 0.2283225046847432 0
0.9126746551312439 0.170480076231588 0
0.9132027671377551 0.1804674500595649 0
0.922115108330163 0.1850025990757463 0
0.9137357136067458 0.1904598500785244 0
0.9042920798376595 0.1759320068597569 0
0.9938707019080831 0.06605855872282851 0
0.7670634944763892 0.3684162338567583 0
0.750776632467671 0.2241163261862738 0
0.9598703068634502 0.2430985594071558 0
1.581473407284467 0.1902069853027525 0
1.572561271352083 0.1856711382280374 0
1.057897916506538 0.2929901671214999 0
0.9813298685455121 0.1568469786521855 0
0.8325348191551329 0.2948873278839725 0
0.823624293288755 0.2903520942591952 0
0.8230971645384506 0.2803677939130711 0
0.9304969717145278 0.1795511533086686 0
0.9310295040585379 0.1895425784420691 0
1.011756122440477 0.2403555305031076 0
1.155401131127288 0.3328982729483977 0
1.098234608844284 0.2357831033678565 0
1.097708120145538 0.2257959685100418 0
1.505487579937367 0.2292729654893418 0
1.496575389320077 0.2247371727878731 0
1.488191238107003 0.230187366646257 0
1.240763969780217 0.1431275748966867 0
1.231851942130162 0.1385917460895595 0
1.240236109025211 0.1331416778592349 0
1.231324019037957 0.1286058558264936 0
1.222939909683521 0.1340559782038503 0
1.239708153234115 0.123155710050076 0
1.222412015601175 0.1240701164491213 0
1.214027908419682 0.1295202550288481 0
1.248620341326388 0.1276916517458151 0
0.8781431115238281 0.3375359192860657 0
0.9949890384680667 0.2512546283133442 0
1.072555628113633 0.2421464365997709 0
1.065692532359779 0.1123281590852014 0
1.155339685568006 0.1676716815538134 0
1.164251624813678 0.1722073532280981 0
1.172635625075198 0.1667568599499318 0
1.173163532350656 0.1767426795322749 0
1.013805872213136 0.1150716041696733 0
1.005422358330432 0.1205218952986775 0
1.005950131491324 0.1305070591270923 0
1.540608225433143 0.2374301975451178 0
1.250204180917055 0.1576496024236478 0
0.9567623456457767 0.3484030275211514 0
1.557376622804873 0.2265297786756147 0
0.9074564933831257 0.2358592867658701 0
0.9069343814109334 0.2258687412254939 0
1.419533772885281 0.2438309973679481 0
1.050508538920274 0.1531850498301041 0
0.8660678806595973 0.2730904503583612 0
1.609265592178111 0.2237866977292841 0
0.4649520095908471 0.3999335255306229 0
1.641218750790088 0.1720276393641503 0
1.650130890713363 0.1765634878455797 0
1.650658808870254 0.1865495363347742 0
1.659043019426541 0.1810993252190836 0
1.649602976812346 0.1665774436347694 0
1.411677545989724 0.2592671827801466 0
1.043768466964666 0.3538194359801285 0
1.043240665346709 0.3438335408712652 0
1.051624770250868 0.3383834927302811 0
1.042712858378301 0.3338476827754355 0
1.051096995887705 0.3283976026666039 0
1.034328837658977 0.339297604254815 0
1.033801173137975 0.3293116006695634 0
1.060008889884999 0.3329334425574368 0
1.059481217114833 0.3229475250792487 0
1.042185288058459 0.3238616451075521 0
0.9713596498466353 0.132335563867042 0
1.103451629457557 0.170413818682099 0
0.9908258417629316 0.3365895467339573 0
1.045756730325217 0.06331397020565147 0
1.027933150487572 0.05424324086658214 0
0.9619200544270685 0.1178147803136486 0
0.9148368822193571 0.3756449954028074 0
1.008061428757032 0.1704482049160139 0
1.008589425945173 0.1804344112005803 0
1.017501638075609 0.1849698605393436 0
1.009119800548186 0.1904235054435544 0
0.9996780343130152 0.1758987633668188 0
1.430029704423084 0.2783248506485828 0
1.438941825388052 0.2828606750217461 0
1.386990526646797 0.1203768106595845 0
1.378606340841877 0.1258270036113029 0
1.153289809585283 0.2929545263193976 0
1.144377818543171 0.2884187298357804 0
1.15487333125872 0.3229122918510073 0
1.048396838955411 0.1132425781963101 0
1.107084616482285 0.07509211474235003 0
1.098700442695282 0.08054219038452318 0
1.089788476317838 0.07600650653523319 0
1.095067848041102 0.1758643468459268 0
1.214555816990465 0.1395061324093035 0
1.710404102187497 0.1683700882172163 0
1.076718078616802 0.1568097604032957 0
1.0258846851772 0.1795190260817041 0
1.026414866348368 0.1895077417642841 0
1.02330649335611 0.2948184420250167 0
1.014394981254138 0.2902822023017017 0
1.013866919732819 0.2802971074655919 0
1.676867260296059 0.1901709777920009 0
1.034856596485655 0.3492835582432809 0
1.026472566793968 0.3547333454458184 0
1.073082664109816 0.2521329105914886 0
1.694163603753332 0.1892565857820384 0
1.702547814750528 0.1838063653405834 0
1.027000305587069 0.3647191501912737 0
1.242876099760459 0.1830717418029868 0
1.618705655739936 0.238308558447543 0
1.089260585009106 0.06602068109539075 0
1.713571610037411 0.2282864499422109 0
1.722483738886734 0.2328222878170548 0
1.636002033412409 0.2373941540518783 0
1.644386264040719 0.2319439328348173 0
1.161084016079421 0.112291837010926 0
1.109196132641743 0.1150350962404747 0
1.100812306551112 0.1204854090794107 0
1.101340051797933 0.1304708961695808 0
1.605042260775558 0.1438981896766292 0
0.9592794974883552 0.06788770723078486 0
0.9508961884671415 0.07333851702014907 0
0.9514243304664423 0.08332370907416072 0
1.057308725256977 0.1177782773975846 0
1.687363131587622 0.2246649848449061 0
1.670066780366648 0.2255793684221618 0
1.661682560385958 0.2310295886122198 0
1.103513128678663 0.3356407769240545 0
1.111897204183413 0.330190691139401 0
1.130187641153091 0.1840212044696621 0
1.198905649739987 0.3356054766950762 0
1.060476808540061 0.1776927364613178 0
1.16477970198157 0.1821931165326742 0
1.173691573417267 0.1867285981517256 0
1.182075468938179 0.1812783639118044 0
1.182604056705385 0.1912651561268923 0
1.190987779905477 0.1858146233341126 0
1.137577199106587 0.3238265364648575 0
1.602993035376131 0.2691810966863138 0
1.06674854372268 0.1322996197415904 0
0.9708921737811724 0.2875753010929094 0
1.603520948693808 0.2791671454644033 0
1.612433081239435 0.2837029783749621 0
1.248682672464302 0.2929186768410895 0
1.239770613676292 0.2883828568422482 0
1.727700470334852 0.1674557333525659 0
1.797941694947044 0.1837703168490543 0
1.806325912264373 0.1783201013564906 0
1.406460767631809 0.3246335820108539 0
1.398076567651519 0.3300837721978619 0
0.00861039144571718 0.3855815099303632 0
1.143787994533676 0.1132062389495066 0
1.3283012705273 0.1585284809722019 0
1.202476659654041 0.07505525829424822 0
1.194092454729374 0.08050539889720461 0
1.185180402478503 0.07596963729757819 0
1.068920857665772 0.3374692665880836 0
0.924227778246188 0.2249547811985199 0
1.46982570911065 0.3763552914353032 0
1.461517183686874 0.3818067885856457 0
1.337213672410733 0.16306431621462 0
1.327773013442246 0.148542779966713 0
1.346126009528789 0.1675998100418493 0
1.532223966353306 0.2428804341833777 0
1.581939618852511 0.03497101678710521 0
1.573026821441769 0.03043103311599085 0
1.573489725264135 0.02029017474648023 0
1.564166676826395 0.02485398395046273 0
1.564651198510144 0.03570718976081974 0
1.524367643340535 0.2583167218771804 0
1.524895544752846 0.2683027690392532 0
1.168474642914442 0.2520966347608715 0
1.704659469969895 0.2237506200796052 0
1.346187653526357 0.3328268237850717 0
1.600289751608085 0.0540262804443479 0
1.486670681184828 0.365452730422633 0
1.772261129305821 0.1901349136929196 0
1.763348993174081 0.1855990736045643 0
1.267500636358776 0.1567355329728068 0
1.184652500831621 0.0659836956584656 0
1.782757012899181 0.2246289304259102 0
1.791669144192944 0.2291647710596865 0
1.598769739706555 0.1892926024640109 0
1.606626062775784 0.1738563864385074 0
1.282684985450932 0.1158770454698462 0
1.291596882498597 0.1204126861037958 0
1.336157329361786 0.1430919380878737 0
1.327245232686428 0.1385557445970281 0
1.326717858704507 0.1285694333917926 0
1.318333326232803 0.134019094772788 0
1.317805477860391 0.1240333854179863 0
1.309421021822688 0.1294833289204891 0
1.318860984988697 0.1440060525708723 0
1.309948963402358 0.1394695165615378 0
1.301036798632645 0.1349340358371553 0
1.130248715961794 0.3492484955190219 0
1.204588189153821 0.1149988028486153 0
1.19620404027691 0.1204489195824119 0
1.199433549871338 0.3455914548794585 0
0.815241059848534 0.2958010994948266 0
1.245452867990767 0.06777595539498885 0
1.237068752756349 0.07322626714171768 0
1.245980801066944 0.07776194225593527 0
1.237596707566422 0.0832122148861963 0
1.268028766721463 0.1667219433762827 0
1.285324659344034 0.1658069789676976 0
1.098762221817513 0.2457688835147418 0
1.056842454991028 0.2730186350296283 0
1.61032140188327 0.2437588068364082 0
1.16213992949425 0.1322635969840781 0
1.904359399204457 0.2282143348372561 0
0.9603358302019773 0.0878587104755133 0
1.312060723745318 0.1794141908812885 0
1.312588847670908 0.1894004555128353 0
1.440991202403963 0.1575779200431904 0
1.433134789546155 0.173014050560986 0
1.602465121829314 0.2591950480678165 0
1.344076072190374 0.2928827243756107 0
1.335163972147452 0.2883468967720151 0
1.198843602490585 0.1703782005397816 0
1.199371568918419 0.1803641368413635 0
1.208283729203981 0.1849001452387297 0
1.199900138677295 0.1903509427913329 0
1.164313188260599 0.3374341032632164 0
1.893335597567083 0.1837342724195399 0
1.892807678171637 0.173748216460355 0
1.424222718024255 0.1684782155675845 0
1.809493427454287 0.2382364339116934 0
1.800581283399759 0.2337006038692914 0
1.826789772090469 0.2373220596482996 0
1.216667654779109 0.1794498145384193 0
1.21719614776766 0.1894365428484375 0
1.054668644913315 0.06784961258535485 0
1.046284871816767 0.07329990644189588 0
1.046812924696057 0.08328571240121557 0
1.14385005456678 0.2784327514110506 0
1.181019666581458 0.1613067119237273 0
1.814710135672414 0.1728698922927625 0
1.843558206753338 0.2264216280334627 0
1.502847980214341 0.1793425106400838 0
1.503375949922143 0.1893286165876814 0
1.345659766433016 0.322840789253618 0
1.832006495585177 0.1719555216788536 0
1.840918630140815 0.1764913596615335 0
1.841446547859308 0.1864774127887638 0
1.84983076108479 0.1810271955887764 0
1.840390713664696 0.1665053058968118 0
1.295292678403352 0.1903148604107052 0
1.776484451528889 0.2700233662663422 0
1.071038349510055 0.3774255900962937 0
1.777012366002135 0.2800094204610198 0
1.785924502367569 0.2845452575163909 0
1.19362670811247 0.235746360027726 0
1.193099525108342 0.2257597364982357 0
1.89544726092436 0.2236785001785934 0
0.7198705352524412 0.2958320770759114 0
0.893328009318909 0.2966815524913275 0
1.867655027899451 0.1900988702156088 0
1.33457395071508 0.1131338987012289 0
1.884951376375394 0.1891844864682047 0
1.115003580545682 0.2248816211171552 0
1.904887314061283 0.2382003901101044 0
1.922183669862743 0.2372860087859666 0
1.643392785545422 0.3771989188508181 0
1.635008568069117 0.3826491322720102 0
1.635314528246575 0.391572547490706 0
1.626842959061397 0.3874200248776808 0
1.626132870085833 0.3780000710838772 0
1.61775472053221 0.3834314191094944 0
1.619194588335098 0.394094984878112 0
1.609327992549795 0.3890137258753674 0
1.608807162180917 0.3790056561339952 0
1.600454644776102 0.3844003283608143 0
1.59989559068463 0.3744752364784081 0
1.591511465274445 0.3799263545690153 0
1.608273915899136 0.3690370207368617 0
1.599361604757402 0.3645022400275311 0
1.59230788567917 0.3900088151015778 0
1.583166835933677 0.3854030987202144 0
1.609927732479368 0.3987106028146086 0
1.584019312413357 0.3953501077373955 0
1.574735285027612 0.3908424767381735 0
1.574215264746689 0.3808582218787467 0
1.566049323409761 0.38629738781598 0
1.565998153810799 0.3958524041362207 0
1.56533425882441 0.3763193308740541 0
1.555742190457086 0.382681973148757 0
1.556383102504251 0.3717847435664591 0
1.607744647806647 0.359054592540122 0
1.616656745609983 0.3635904709412419 0
1.607216413332778 0.3490693386198381 0
1.901191899182793 0.168298002415123 0
1.375967521206963 0.0758980940902137 0
1.367583124535202 0.08134800864908072 0
1.909576118978884 0.1628477873673478 0
1.372333800883748 0.1712211704022586 0
1.363949676680578 0.1766716458419005 0
1.294298849324715 0.3355698074388788 0
1.302683021602497 0.3301196265818678 0
1.61237065044698 0.1184758902750976 0
1.328363467519128 0.3237551336861081 0
1.152700015616565 0.1177420067232541 0
1.388046339154556 0.1403488236365596 0
1.938952106659624 0.2263855763624295 0
1.239242757647281 0.2783968548150443 0
1.956248459892447 0.2254711999354085 0
1.965160593696279 0.2300070399887928 0
1.150060178658789 0.06781255263348634 0
1.141676192295121 0.07326290890517953 0
1.142204166574224 0.08324874642348713 0
1.358150825023735 0.06683804566421606 0
1.660161924895642 0.366295556411487 0
1.696275255383004 0.2292008301327498 0
1.696803163265132 0.2391868889997326 0
1.358672365582404 0.0768142699387698 0
1.456766046974292 0.2919323458153871 0
1.688946860795684 0.2546231541936727 0
1.255420851562698 0.09228370709238998 0
1.396958454122413 0.1448846577124147 0
1.139680506818318 0.3637578541657738 0
1.435774538175424 0.2229443889684531 0
1.681090567970746 0.2700594142380157 0
1.681618483287784 0.2800454659926652 0
1.690530614845784 0.2845813032698759 0
1.359260795961708 0.2520242998133889 0
1.29998110113837 0.114962481454346 0
1.378078410063215 0.1158409752633937 0
1.369694244145555 0.1212911977838687 0
1.370222152888479 0.1312771974781403 0
1.397486338515324 0.1548706488411718 0
1.406398447416078 0.1594064773257069 0
1.604514342328296 0.1339121374497625 0
1.603986422614089 0.1239260879900465 0
1.916904499663702 0.1374254595767333 0
2.024378041772064 0.2018415787508568 0
1.783812833765868 0.2446010461759259 0
1.775956536215275 0.2600373124392252 0
2.058970749668803 0.2000128233775858 0
2.067882885247153 0.2045486624520194 0
2.076267105890691 0.1990984461986422 0
2.076795021274094 0.20908450055692 0
1.438879418310065 0.1176336411282067 0
1.429967303103648 0.1130978167820442 0
1.430495226210065 0.1230838518382073 0
1.421583113759797 0.118548032357588 0
1.412670999299779 0.1140122079389645 0
1.321035057433092 0.3491773870447332 0
1.473472052082653 0.1158048784621464 0
1.482384176240666 0.1203407097816848 0
1.455710226980037 0.2719602669705429 0
1.423757098394758 0.323719209275484 0
1.794308722564822 0.2790950407798041 0
1.803220857543475 0.2836308782232413 0
1.400591305376163 0.04956015919970588 0
1.436239802031607 0.06770346307348565 0
1.427855610979947 0.0731537107324701 0
1.436767724694717 0.07768950501984065 0
1.428383537648923 0.08313973859713841 0
1.476111634821538 0.1657350564531135 0
1.4677274749861 0.1711853956834728 0
1.395374713903609 0.1149266148103342 0
1.682146397045647 0.2900315187011174 0
1.673234265524681 0.2854956802824308 0
1.210395522726722 0.2248454155916557 0
1.439469721183023 0.292846720239158 0
1.422173389267887 0.2937610985546688 0
1.441581334525627 0.3327908864467349 0
1.449965548169264 0.3273406787077869 0
1.458877670945762 0.3318765171883413 0
1.441053423034414 0.3228048431356028 0
1.458349767023334 0.321890470148778 0
1.436830187631623 0.2429165529874694 0
1.57203333807672 0.1756850728485628 0
1.563649135230443 0.1811353291407856 0
1.564177092097747 0.1911214122239532 0
1.563121216916576 0.1711492750051037 0
1.53486350063732 0.2928106904413612 0
1.525951374700632 0.2882748526813192 0
1.517567161456754 0.2937250635379264 0
1.508655035815632 0.2891892295464106 0
1.517039245322422 0.283739018955657 0
1.508127119969918 0.279203187620049 0
1.499742913351558 0.2846533971950445 0
1.516511328216607 0.273752980212995 0
1.507599198966761 0.2692171524594847 0
1.525423459601532 0.2782888109460361 0
1.006010754344657 0.2957326433104642 0
1.231386415357079 0.2938330465895875 0
1.259706286886605 0.3373984882178481 0
1.250794236661201 0.3328625905843479 0
1.250266347929917 0.3228766048540316 0
1.632369002991091 0.332718857734945 0
1.334636093532945 0.2783608604816192 0
1.70882034638039 0.1384119339337216 0
1.699908214001432 0.1338760964512909 0
1.708292431473233 0.1284258841420152 0
1.699380298235678 0.1238900468753011 0
1.690996082357213 0.1293402625828342 0
1.716676652532913 0.1229756735769197 0
1.526944801186086 0.1430198764210489 0
1.518032675845728 0.1384840386243512 0
1.517504757473756 0.1284979980825358 0
1.50912055282752 0.1339482074285882 0
1.508592635239232 0.1239621691426572 0
1.500208427014373 0.1294123754715668 0
1.509648462945991 0.143934242825522 0
1.499680509539515 0.1194263367564546 0
1.491296298166181 0.1248765399000183 0
1.51697683906197 0.1185119591891115 0
1.518560612799167 0.1484701124596884 0
1.510176408509834 0.1539203277855344 0
1.486079667773748 0.1902430444804861 0
1.47195075193794 0.2510738169733342 0
1.25436496264854 0.07231173483317285 0
1.355099766662371 0.33736266035846 0
1.718260396524701 0.1529338204116694 0
1.896503090092811 0.2436506120758428 0
1.500736329569417 0.1393984050325677 0
1.69674071635602 0.0739597917904353 0
1.384413303774618 0.2356737436306337 0
1.383885569771782 0.2256875431076472 0
1.888646789974473 0.2590868806444225 0
1.963048929227449 0.1900628162139525 0
1.971433146049072 0.1846125987302761 0
1.970905229194601 0.1746265441555722 0
1.979817364578534 0.1791623823402985 0
1.979289447741635 0.1691763277254236 0
1.988201583236943 0.1737121659559269 0
1.987673666372332 0.1637261112558669 0
1.996585803276617 0.1682619500985363 0
1.880790489538089 0.2745231500988404 0
1.88131840476425 0.2845092051089699 0
1.305788437938173 0.2248092410476522 0
1.886472603242541 0.05391571208204826 0
1.718788323156879 0.1629198806165097 0
1.710932028184984 0.1783561480775551 0
2.021738460866886 0.1519113010271413 0
2.078906686427172 0.2490287205996415 0
1.446207774858055 0.09221136649070484 0
1.520730146557206 0.3536344664615295 0
1.520205965906068 0.3436541574478265 0
1.528590803902193 0.3382049027273193 0
1.519678654335624 0.3336690332349087 0
1.528062971329303 0.3282189750690712 0
1.51129443777049 0.3391192356352168 0
1.510766671367597 0.3291334186028254 0
1.536975116197495 0.3327548393009712 0
1.536447223256906 0.3227688135602382 0
1.631841090226807 0.3227328046440169 0
1.630257347720987 0.292774650531462 0
1.621345217264203 0.2882388122670166 0
1.519150860896708 0.3236831549596537 0
1.439407340075748 0.1276196737598682 0
1.916376582666184 0.1274394048709536 0
1.399132424925606 0.3500558131689635 0
1.467789798281076 0.3364123542419942 0
1.503958885325457 0.3645283778907623 0
1.503436318038791 0.3545523389236934 0
1.51182108866987 0.3491033061050479 0
1.584050527450006 0.07491026122534936 0
1.575666308878457 0.08036047262134095 0
1.566754182101322 0.07582464216338347 0
1.786389971983849 0.1293042108562346 0
1.566226263855988 0.06583859267914355 0
1.558369965183231 0.0812748540001314 0
1.549457835379584 0.07673901981840087 0
1.805797991574716 0.1683340456856319 0
1.550048197082183 0.2519521360874109 0
1.786917888947169 0.1392902663437904 0
1.795830026076014 0.1438261062966128 0
1.79635794188564 0.1538121586721149 0
1.679972284919274 0.08486022488144698 0
1.671060151468975 0.08032438954500876 0
1.490768379106311 0.1148905002514313 0
1.482912092614765 0.1303267456837421 0
1.568865839542754 0.1157688156930081 0
1.560481626129611 0.121219025297839 0
1.580417542565622 0.1702348564073337 0
1.630194918601229 0.1275475700820838 0
1.94205715768146 0.1210748119723452 0
1.586162174565128 0.1148544330291729 0
1.731395877847791 0.2373581186005244 0
1.739780102258133 0.2319078992496028 0
1.614482329850879 0.1584201005253343 0
1.80943096071554 0.07300935046135634 0
1.614544741834731 0.3236471786695088 0
1.313129404192255 0.04419031750525629 0
1.31403560338728 0.05414130720063967 0
1.890230540382447 0.2890450430582338 0
1.638051212964549 0.1121113016616297 0
1.280573316162139 0.07593313822759515 0
1.445151928023676 0.07223928905455571 0
1.580479970680076 0.3354619724077212 0
1.588864183929436 0.3300117601426866 0
1.506480950620529 0.08401799632716342 0
1.497568823533781 0.07948216956405418 0
1.708354877546632 0.2936529818754992 0
1.525361042655963 0.1130617430612681 0
1.179497892459403 0.2965760259686739 0
1.479744587796075 0.07041052372822179 0
1.6622104709989 0.2410156464042237 0
1.697268635282937 0.08394584506533088 0
1.480800420040197 0.09038259760233415 0
1.401181832369068 0.2247731782047148 0
1.762821072201065 0.1756130163204795 0
1.754436857939057 0.1810632404082552 0
1.754964784574192 0.1910493015404663 0
1.753908940749935 0.1710771855462513 0
1.545296980956908 0.1620776048834277 0
1.536912807708672 0.1675278820628479 0
1.500270826150828 0.2946394382639881 0
1.491358702765038 0.2901036045711179 0
1.49083078572556 0.2801175672183712 0
1.823156788803439 0.3326467726643133 0
1.645442041751033 0.2519160697762983 0
1.675811408161756 0.1701988574869879 0
1.649075041145604 0.1565913805264778 0
1.513281429328503 0.04860966807289646 0
2.013354241725466 0.1573615174703602 0
1.545887270996215 0.3372907135324337 0
1.62966700025256 0.1175615181030458 0
2.00497002261083 0.1628117338226895 0
1.632306595517603 0.1674917717421568 0
1.996057885608825 0.1582758949734343 0
2.019626793479258 0.1119670810400045 0
1.582602096705771 0.3754056882699465 0
2.075739190512609 0.1891123876987713 0
1.681556037509957 0.1148183797815045 0
1.673171821705145 0.1202685946386951 0
2.021210543889882 0.1419252460334041 0
1.496513005855047 0.05951009663240547 0
1.670532233023132 0.07033833732224659 0
1.575200819280318 0.2356015081167803 0
1.574672948902292 0.2256154155007539 0
1.533807674096473 0.2728386016521418 0
1.677455186904984 0.3653785856092203 0
1.676929094090201 0.3553968705154227 0
1.68531361555019 0.3499473793627226 0
1.694225800002402 0.3544833388323178 0
1.693698020243997 0.3444974921400127 0
1.702082305906167 0.339047388376316 0
1.69317016942098 0.3345115462382401 0
1.701554399140435 0.3290613486502381 0
1.710466534905947 0.3335971903067272 0
1.684785906956864 0.3399616829549335 0
1.68425804037701 0.3299757099720055 0
1.692642266101049 0.3245255078059763 0
1.709938622027964 0.3236111404173578 0
2.029594762985243 0.1364750295038294 0
2.037978981881415 0.1310248125300738 0
2.037451064937788 0.1210387574842266 0
1.620817304441645 0.278252760152967 0
1.739717639086965 0.06668081755625219 0
1.809958878307518 0.08299540502193359 0
1.918555824391245 0.3326096223862389 0
1.821045125820367 0.2927025547546388 0
1.673762178516761 0.2954817336409945 0
1.664850047612606 0.2909458919823582 0
1.664322129793676 0.2809598449879398 0
1.324077884030491 0.07864011422891495 0
1.899142675469696 0.2935808813484241 0
1.641281136232448 0.3372546959846724 0
1.723539565732851 0.2527943952810944 0
1.757541908606884 0.07575249228013259 0
1.749157689672845 0.08120270803057113 0
1.766454041271783 0.08028832915640272 0
1.740245555116738 0.07666687075058468 0
1.800053373330671 0.2237145464429007 0
1.822628873232147 0.3226607178980552 0
1.705124934085956 0.06850957556513335 0
1.754499295498488 0.3462903335719988 0
1.75397137922416 0.3363042794511329 0
1.762355597966128 0.3308540637317779 0
1.759653572648525 0.1156967021271275 0
1.751269354913727 0.1211469174259772 0
1.617198989452625 0.3735319789347675 0
1.792662525352527 0.08390978434788687 0
1.612960998628148 0.2936890281815924 0
1.771205287882251 0.1701627996984469 0
1.771267733086575 0.3353899021135726 0
1.779651950481113 0.3299396864727476 0
1.819989293691091 0.2727304462825212 0
1.794246276243234 0.1138679453441186 0
2.013944602499538 0.3325746716587628 0
1.805332519747978 0.3235750950364408 0
1.811542629655791 0.1129535672676997 0
1.829894816256412 0.1320112969028454 0
1.839862790146405 0.1565192497537483 0
1.828838982413979 0.1120391885642364 0
1.591969281333742 0.2247010407337975 0
1.836229815134401 0.2518439610070138 0
1.801109194490864 0.2436866618296207 0
1.803748772456552 0.2936169327823615 0
1.916439029430075 0.2926665036351623 0
1.870232158877067 0.07480205280888758 0
1.861847939559556 0.08025226913201518 0
1.852935804334731 0.0757164312291338 0
1.852407887733085 0.06573037655448807 0
1.620754868929335 0.1130256821530468 0
1.782694556012664 0.05940183842587146 0
1.6270274094983 0.06763126527432872 0
1.618643197938624 0.07308148815343066 0
1.619171115806625 0.08306753559203225 0
1.719378672097934 0.3381330329637739 0
2.061547855346191 0.08471606491029904 0
1.786452418733266 0.2945313111400548 0
1.866599189396346 0.1701267559837701 0
1.866663473325309 0.3353534542287339 0
1.875047320642421 0.3299045031593908 0
1.861382469028058 0.2354933131636646 0
1.860854558401641 0.2255072522100996 0
2.065833667868959 0.3298315368282705 0
1.967737730147756 0.1147102160946036 0
1.95935351136962 0.1201604328532756 0
1.798004132904078 0.3489974203374543 0
1.81781517932128 0.06755913387233911 0
1.872343823688471 0.1147462695078492 0
1.86395960514192 0.1201964857400903 0
1.749220136156021 0.246429802747007 0
1.918024805466689 0.322624202546812 0
1.900730932838575 0.3235378139741208 0
1.881846321323916 0.2944952596707679 0
1.931623717915284 0.2518079073894882 0
1.926872471292704 0.1619334088479762 0
2.106171014730547 0.2726222869576862 0
1.70729904776265 0.2736808760739715 0
2.114027316917048 0.2571860152662585 0
2.122411536376452 0.2517357984792725 0
2.131323133323988 0.2562716666528753 0
2.064777834744795 0.3098594263803326 0
1.924232885725998 0.1120031344533435 0
1.370284461147849 0.2965041929100702 0
2.062666167943126 0.269915206515654 0
2.062138250418516 0.2599291517357097 0
2.099898461606549 0.3180167250298394 0
1.466733980759024 0.3164402649630532 0
2.0458977298296 0.2808156398847798 0
2.036985593872479 0.2762798015036265 0
2.028601375205928 0.2817300179058107 0
2.028073457974478 0.2717439629607376 0
2.019689239546602 0.277194179600726 0
2.019161321807468 0.2672081250640712 0
2.02021715613163 0.2871802345588477 0
2.011305020566985 0.2826443962257862 0
2.078314940253599 0.07381829014139732 0
2.078843990571227 0.08380211819344625 0
1.96205553934913 0.3353178054744852 0
1.970439758237146 0.329867588860157 0
2.025433873385468 0.2218136904495679 0
2.016521738073836 0.2172778522754799 0
2.008137519245889 0.2227280687750602 0
2.007609602652823 0.2127420139819375 0
2.00866543565266 0.2327141234478838 0
1.999753300439553 0.2281782853029831 0
1.991369081609972 0.2336285017373141 0
1.990841165019894 0.2236424470203823 0
1.982456947137937 0.2290926622547746 0
1.982984863002169 0.2390787179993505 0
1.947801792965056 0.06569432019713364 0
2.102536972431817 0.3679453529524396 0
1.832068924038477 0.3371826111726769 0
1.948329709390927 0.07568037514543463 0
1.996120331241808 0.3235029946047124 0
1.993418303647811 0.1083456211379024 0
1.893595108395062 0.3488455567219161 0
1.820454764654392 0.1174894052619844 0
2.056921531911249 0.3252956984418042 0
2.010186741888362 0.09744518772202322 0
2.135484559078367 0.1709329816974837 0
2.127100339813943 0.176383198491571 0
2.127628256365312 0.1863692537101686 0
2.118716120508401 0.1818334151058533 0
2.118188203730022 0.171847359277746 0
2.136540955114596 0.1909050625379315 0
2.128156829661259 0.1963552742551218 0
2.128684761765478 0.206341328687225 0
2.119772174981631 0.2018055132894072 0
2.13760576931474 0.2108766983495905 0
2.129214602567011 0.2163272822751934 0
2.129741249053438 0.2263134047282564 0
2.120828440340034 0.2217776009328445 0
2.138651036495044 0.2308493675619936 0
2.130267838604046 0.2362995302454844 0
1.986617834101637 0.1437540022397327 0
1.969849396389138 0.1546544352327897 0
1.878150910570462 0.2245928745346546 0
1.561071965967307 0.2964321536538626 0
1.994536582386384 0.2935448294495119 0
1.985624446853864 0.2890089911706203 0
1.994008665817979 0.2835587746535148 0
1.985096530109254 0.2790229364856245 0
1.976712311404859 0.2844731528466724 0
1.977240227788815 0.2944592077352203 0
1.968328092444062 0.2899233692753955 0
1.967800175964843 0.2799373144937435 0
1.959415957107387 0.2853875308554389 0
1.959943873443914 0.2953735857429748 0
1.951031738106376 0.290837747263496 0
1.950503821402517 0.2808516927381127 0
2.011832937057863 0.2926304511662896 0
2.00292080159489 0.2880946125730796 0
2.002392884620552 0.2781085581713429 0
2.013416686226801 0.3225886164393535 0
2.083067577308332 0.1636900598741594 0
2.074683358130934 0.1691402763386274 0
1.981866406908622 0.05387985651456284 0
2.054747420660908 0.1201243795716707 0
1.765460663303401 0.2255433059694238 0
1.99189699811863 0.2436145564593983 0
1.974600644129093 0.2445289345394336 0
2.052107621964119 0.07019452661394621 0
2.106698931174545 0.2826083422952502 0
2.09831471169616 0.2880585593320135 0
2.098842628461494 0.2980446144980103 0
1.656465828070221 0.2963961108483443 0
1.999690824220961 0.06295124706041713 0
1.988791944937945 0.3489253214727382 0
2.134428725995898 0.1509608710256133 0
2.126044506706062 0.1564110878915696 0
2.12657242312203 0.1663971428548393 0
2.046363201374346 0.1255745961507824 0
2.066361584370997 0.3398175921399818 0
2.123932840452143 0.1164668665709825 0
2.095605269558796 0.07291575176071338 0
2.082074189895476 0.3089450480936869 0
2.090458409159091 0.3034948313403551 0
2.081546273183136 0.2989589929861208 0
1.640225308191119 0.3172825911308448 0
2.099370545074991 0.308030669718845 0
2.08729090686837 0.2435785018920813 0
2.086762989409816 0.2335924466849606 0
1.927463684764405 0.3371463781816386 0
2.022856738272706 0.3371105101651049 0
2.087227748319683 0.07835280805556721 0
2.079372119051484 0.09378775745266227 0
1.818871013651318 0.08753124265106127 0
1.824518367667071 0.03226583791497081 0
2.029129291731618 0.2917160729728518 0
2.141288623456004 0.2807797479066603 0
1.974072727861899 0.2345428797100222 0
1.973544813767678 0.224556821246976 0
1.847253613425843 0.296324015468594 0
1.968265646844517 0.1246962710674146 0
1.942647518968363 0.2962879639227244 0
2.085707159553596 0.213620335828425 0
1.991306599844115 0.06840147464823279 0
1.910752852268661 0.3778505516236346 0
1.945752575997002 0.1909771950404851 0
1.482974491139551 0.2955538120264559 0
2.108810597523764 0.322552563492329 0
2.143403308007843 0.3207238069580459 0
2.107754764438017 0.302580452834612 0
1.913209083640595 0.06752307719531772 0
1.904824865164976 0.07297329458998969 0
1.905352781917211 0.08295934914077063 0
2.065243306106089 0.1546183830482325 0
2.074745803691248 0.3343673753682057 0
2.160099769149885 0.3098271797345966 0
2.077774937966015 0.06385598112522925 0
1.915383196921438 0.272694394295484 0
2.164792530157223 0.06926317175616872 0
2.067817529639361 0.03932728264484289 0
2.076204661510614 0.03387134230931707 0
2.174918269823635 0.4013869329015267 0
2.169986378302811 0.3926873564161643 0
2.159997729718716 0.392785823210674 0
2.165587991685965 0.3841938394397169 0
2.180059549095904 0.3929695627502722 0
2.174999999993002 0.3840192378904935 0
2.184999999989059 0.3840192378866312 0
2.154999621621799 0.4013574678426003 0
2.149999558562178 0.392805187988812 0
2.144999863366952 0.4013636489518232 0
2.140297029053294 0.3928759705241644 0
2.144826553918665 0.384927358346228 0
2.129693472505633 0.3921912171460101 0
2.124971937101348 0.4016656633234723 0
2.014846545040329 0.4014409603854816 0
2.00496408128084 0.4020308346254531 0
2.084475471600141 0.4019471255676812 0
2.065000000002493 0.008446289890744779 0
2.075000000002689 0.008624593344428888 0
2.080025101414664 0.01713761324413762 0
2.090004183551911 0.01729002559321532 0
2.084759693520744 0.02731403369907417 0
2.09499999996074 0.02598076208115835 0
2.100000697223313 0.01731542765440605 0
2.105000116130324 0.02597991535221764 0
2.100265250932662 0.03443939974656129 0
2.109999999879554 0.03464101609282458 0
2.114558093221658 0.02629187800928359 0
2.105201492967682 0.04291853807664314 0
2.070052894289645 0.0162837579215489 0
2.11522365848697 0.00887989219448182 0
2.11966099136703 0.01798203262376544 0
1.854771012853054 0.008692005172973222 0
1.954184117958223 0.4013833298038805 0
1.825486335074588 0.00818599236533768 0
1.995000000009598 0.008660254036645471 0
2.000279898260379 0.01714183944660944 0
2.010046649695927 0.01693695262751949 0
2.006033912218987 0.02646909702946729 0
1.98934881865553 0.01875612565736517 0
1.984891469779043 0.008899523634477574 0
1.979727312808747 0.01585993749874107 0
1.970669550762639 0.0187114287612605 0
1.965111591812005 0.008892074158908941 0
1.960000000056171 0.01732050806661015 0
1.955085445780537 0.008660296514079735 0
1.950536728968315 0.01701885657572744 0
1.956073562770951 0.02557519786122564 0
2.015007774937406 0.008596328135290904 0
2.019926815735169 0.01690824686382086 0
2.02498909843162 0.008557781746647869 0
2.029711596913443 0.01671816100612536 0
1.935246602954243 0.00995772145118401 0
1.474909077874561 0.4016022553603936 0
1.484709672026189 0.4015851116223358 0
1.714779798347495 0.008235892689644114 0
1.720000000000002 0.01732050807568872 0
1.554942563454494 0.008535758888505746 0
1.548811928138177 0.01742491843007932 0
1.765300494347282 0.007803629607141871 0
1.015112102078342 0.401603958557879 0
1.019644559073028 0.3916065949923018 0
0.5350002862681097 0.4013702131627528 0
0.5399167103179799 0.39342462072839 0
0.5298359131249752 0.3938216826128587 0
0.5344516955314885 0.3851309997234037 0
0.5249724219927695 0.4018817524600634 0
0.7849999999999993 0.4014758936017627 0
0.7901516726803378 0.3941793277461829 0
0.7787404636585918 0.3927537260709082 0
0.6950204026180509 0.4013515615850126 0
0.6890982275901277 0.3929376812739572 0
0.6993307708187027 0.3914110625800489 0
0.7101700556544308 0.392367305667378 0
0.7150283546317515 0.4012928287966221 0
0.7202556651942388 0.3923599925158803 0
0.7264080843639014 0.3850376845227169 0
1.775928233568821 0.4007761554184714 0
1.43517157420018 0.3998158139176221 0
1.275062693302369 0.008618679955215924 0
1.27052334294387 0.01697981714889274 0
1.279999995546717 0.01732050550458406 0
1.274999999211246 0.02598075284743953 0
1.284552210836383 0.02566268874130465 0
1.268716915966924 0.03265833794498932 0
1.284869250960958 0.008578288708036674 0
1.414965647530047 0.4015271881776412 0
1.420168738382325 0.3934502537809482 0
1.404994274614578 0.4015385951112358 0
1.400528552064647 0.3912222533045743 0
1.390000000944557 0.3926794924696532 0
1.385000000972533 0.4013397457366257 0
1.380000002543478 0.3931055663511374 0
1.384468167375621 0.383473595857826 0
1.375000001550664 0.4014758905331962 0
1.368665566009867 0.39247755109975 0
1.41500000005351 0.008395375436487468 0
1.41994099863526 0.01609135794854688 0
1.429990165486763 0.01686814078661872 0
1.434998360300926 0.008584859349580976 0
1.439998085148136 0.01723254712577379 0
1.434614945355374 0.02700725291182332 0
1.444999994338017 0.02598075993096327 0
1.449999677399181 0.01730584781918351 0
1.455000985435376 0.02597771951739072 0
1.405065790672053 0.008270542673639802 0
1.39981057729173 0.01813455956295448 0
1.444999353593352 0.008630584787883117 0
1.275134085995148 0.4017434939579089 0
1.204801808458141 0.008680478643122019 0
1.464999999105167 0.008660254475378576 0
1.46999999944232 0.01732050795545148 0
1.479999999419501 0.01724403018436579 0
1.474844598105931 0.025563590732293 0
1.464974264342215 0.02591072535035008 0
1.469895543570945 0.0352123749878441 0
1.459456555070235 0.03410032611170985 0
1.459995820739354 0.01730588492508578 0
1.484999999599135 0.008608798953163938 0
1.490127339332749 0.01630604891374632 0
0.8553911458994531 0.4015655818155924 0
0.8604494218939165 0.3929702173384039 0
0.8713584274965614 0.3921392170330321 0
0.8652989244005049 0.3838712829687198 0
0.8749999446477315 0.4013397140045722 0
0.8453306346459329 0.3999774159611503 0
1.505181892988805 0.008515947561051812 0
1.354922738128197 0.4018710516887213 0
1.594832553563523 0.00856666391967939 0
0.995589993834112 0.4008291340249882 0
0.9905464997966683 0.3919614353533914 0
0.9799319756322318 0.3923110376839815 0
0.9747613175604399 0.4012359328584139 0
1.725000000012657 0.4014072222430297 0
1.731021369901118 0.3920846596008288 0
1.72017022843663 0.3925915993317923 0
1.724912317596303 0.3834121262352992 0
1.714259817143222 0.3836225337315772 0
1.70990500778374 0.3930496937777161 0
1.715012539399184 0.401398043531686 0
1.700584960170764 0.3934958855983884 0
1.695600429419053 0.4017661816483405 0
1.685730279200186 0.4002039736951279 0
1.234549239219143 0.4016908890769092 0
1.215 0.4013397459621558 0
1.205045733779685 0.4008674584767866 0
1.199544604972523 0.3921813868279567 0
1.189780875065345 0.3929563732429204 0
1.193609160253298 0.3830374597618909 0
1.184955789234806 0.4014486886980007 0
1.664942267916549 0.008496749530443992 0
1.669945829335268 0.01626472468209081 0
1.654990378004309 0.008498411075706563 0
1.649333107629899 0.01686874687307757 0
0.8249615788532505 0.4016323232133434 0
0.8292021586115146 0.3917273116148615 0
1.304569583031334 0.00980450861562121 0
0.8050892459054066 0.4016152581404114 0
1.57434190620001 0.009864696675462747 0
0.895049660716702 0.40155175177905 0
0.6149447100279406 0.008431193067960946 0
0.6202641020046143 0.01647739900841083 0
0.804960706725822 0.007822526569031235 0
0.8846455502645447 0.008135018535455396 0
0.8747759543906497 0.008035620014241962 0
1.504365291684318 0.402108648436602 0
1.514465150406173 0.3998619913121277 0
1.035397996159689 0.399997469436163 0
1.044999993754827 0.4013397495678075 0
1.050847589628974 0.3933579806559676 0
1.295181365836084 0.4012113213516641 0
1.299798843840694 0.3915998036012912 0
1.288755906453129 0.3915241220867169 0
1.295235364379781 0.3840803646687649 0
1.875205210432334 0.4011177549553708 0
1.879700209630447 0.3920098686894772 0
1.869970942253417 0.3926552169911909 0
1.865023373289313 0.4013414783836101 0
1.859928251087728 0.3929286679301577 0
1.864165472345114 0.3843299439203097 0
1.857070116246598 0.3765678852293404 0
1.804989814636683 0.4009976468541029 0
1.810672111030686 0.3930384589394675 0
1.795076592517631 0.3998210284239975 0
1.164885798921083 0.401842779868788 0
1.096255137710856 0.4009391732522872 0
1.345932859123637 0.008995177636879875 0
2.18997333287433 0.3543621905557871 0
2.183830453807241 0.3375895717651758 0
2.18848569435148 0.365 0
0.7250000000000003 0.008660254037844706 0
0.7307118120560565 0.01842495005797384 0
0.764999993311674 0.008660254255046712 0
0.76 0.01732050807568894 0
0.7447231378489148 0.00865118839063328 0
0.7700000000000004 0.01732050807568894 0
0.7799061493252888 0.01707600907186516 0
0.7849843005234957 0.008603596705023087 0
0.7896613103134685 0.01690328327091664 0
1.01443758492776 0.0087052320834827 0
1.095193826946552 0.009706931726533696 0
1.1545542498744 0.008191594487000353 0
1.14886803297818 0.01746174943133819 0
2.191381584010432 0.02499017631739978 0
2.182764664960912 0.02986291630038843 0
2.181908363182827 0.01842744508025015 0
2.173664191555998 0.02487151345129979 0
2.172943310239249 0.03453218789728255 0
2.189882550125939 0.1647378692156242 0
2.191339745962156 0.175 0
2.18278692283662 0.1801860757799797 0
2.182697397090468 0.1900310126108866 0
2.174325838841195 0.184921408287019 0
2.175410949544893 0.1747035209817265 0
2.172631867163988 0.1954568347600181 0
2.182451247667876 0.2000813078720051 0
2.174019237915243 0.2049999999030736 0
2.191339745963363 0.2450000000014953 0
2.182801013262843 0.2500000000000306 0
2.182821266819027 0.2400000000012251 0
2.18291683659821 0.2599999999921838 0
2.174019237912385 0.2550000000000137 0
2.191363375112887 0.2350000000008046 0
2.182707059277695 0.2300000000045952 0
2.182684086491283 0.2200000000046974 0
2.173928195933144 0.2253899209353812 0
2.173896541518566 0.2154070273130111 0
2.163850490754804 0.2035887177538032 0
2.174040146084309 0.2361236981796709 0
2.182621767585875 0.2100813891802865 0
2.191330891000283 0.2150135648626724 0
2.191426684670578 0.2649999999936846 0
2.182192257496173 0.2708570697141839 0
2.191973425613654 0.3150368391430404 0
2.184245239162245 0.3113904531734751 0
2.191807361477534 0.1443391678066555 0
2.191591707138345 0.1346070850408693 0
2.183243728110476 0.1293042947845765 0
2.191339745962154 0.07500000000000126 0
2.182585787472108 0.06983458913231913 0
2.191494344131874 0.1146943291619999 0
2.192347213823303 0.2853263288595211 0
0.5648798598792749 0.4012823749268661 0
0.5550001463698808 0.401339830468849 0
0.9644891402068226 0.008169209678222433 0
0.958983960886134 0.01742384380752257 0
0.7649999999999992 0.40204659243825 0
0.7450000084010482 0.4015272714971567 0
0.7493143289549968 0.3934717751705512 0
0.7350000122440453 0.4015774179394811 0
0.6739914811595891 0.3999285533025223 0
1.145 0.4013397459621554 0
1.150782570310821 0.3930445524247016 0
1.685172165957313 0.009053334930527207 0
1.325000247951959 0.008464881937341073 0
1.320209727044451 0.0180476027190796 0
1.905113583325771 0.008225565507082838 0
1.91055388884696 0.01702312128270261 0
0.9048386920317721 0.01029231878342723 0
0.8254797472595385 0.009724745681844338 0
0.9251339307626303 0.008638306034090687 0
0.9951541156912268 0.008447327249765241 0
1.000215932861348 0.01872965810736155 0
1.455051644750101 0.4014248144548519 0
1.450000000000001 0.392679491924312 0
1.460796813106843 0.3920105155434365 0
1.225149546555238 0.00984062256313073 0
0.9450000000000004 0.008221164945306725 0
0.9400374541082355 0.01769514872352254 0
1.785003940182277 0.008330542009472891 0
1.780540534154553 0.01809635276700378 0
1.185327732063515 0.008741679676729758 0
1.125 0.0086602540378444 0
1.135059993026119 0.008330578437247049 0
1.614450855395949 0.009069603264306336 0
1.619433424740746 0.01784745090272907 0
1.25556353490094 0.4013310908354178 0
1.804425831132328 0.008577204628693186 0
1.534979123876357 0.008132230322330042 0
1.63493963002746 0.008676657852355801 0
1.629695659473476 0.01730750210669188 0
0.6354591642620784 0.01001395649398809 0
2.045 0.008660254037844595 0
1.744999999999998 0.401339745962158 0
1.754565296362891 0.4013137419512677 0
1.535038260221525 0.4013618356591959 0
1.530000000000001 0.3926794919243118 0
1.540006376240884 0.3926831739314727 0
1.534730227150436 0.3840635294970947 0
1.544802534424558 0.3837933129625021 0
1.550132403272636 0.3921738613846858 0
1.074922954891745 0.007916548536729212 0
0.5547413340654178 0.008443895535325957 0
2.104439965013415 0.3994125407077433 0
1.875379152865995 0.01007212291386902 0
1.745293348504114 0.01014301167508869 0
1.974521180354289 0.4001029191680482 0
2.16513780328493 0.01003484397046214 0
2.127690702356851 0.3515963513422563 0
2.025899347282297 0.06657264392208073 0
2.034811482889865 0.07110848239919426 0
2.157991732943473 0.1046530151606702 0
2.191304689447461 0.1950187200782654 0
2.109933756693144 0.01746174039161899 0
1.914264917263918 0.08749518689056766 0
1.929574494788502 0.3770907822910958 0
2.130205393567457 0.07107242863232749 0
2.095000813462318 0.008654326887053226 0
2.021800905489812 0.3171383998165203 0
2.051051533491846 0.05022291775502585 0
1.734563362023365 0.2972744426836052 0
2.14697364503577 0.06017236294107395 0
2.147501530299184 0.07015847959143287 0
2.162273198780635 0.3497518818913772 0
1.917432417655291 0.1474115146418458 0
2.089340130342114 0.1182956229853092 0
1.882311790634392 0.1392542147217223 0
1.97202350782066 0.3598257542560452 0
2.05064897871285 0.3706901363234658 0
2.041674396679054 0.2009271993702831 0
2.100426378172241 0.3280027803408054 0
2.134491172013025 0.3161879684545884 0
1.831013092251581 0.3172105019317166 0
2.000218761486955 0.07293726196541192 0
2.146484641587869 0.3702275305729437 0
2.153369574713922 0.3452291374094416 0
1.706180769712353 0.08848168141771647 0
2.154361593186839 0.0347974757088394 0
2.121821174219344 0.07652264543972359 0
1.950441375803484 0.1156245943879019 0
2.178101023871293 0.3290473196790938 0
1.993946220132032 0.11833167609272 0
2.118778566482375 0.3470605127432242 0
2.160597151536924 0.1545464379402177 0
1.876839466498121 0.3600359102401932 0
1.876769753338983 0.3694374971256429 0
1.885212049666899 0.3547165322519058 0
2.131261226626587 0.09104453919955335 0
2.135019088654979 0.3261740237506885 0
1.941591685760495 0.2763158546323345 0
2.129159840757309 0.3815444437680695 0
2.128808462027397 0.04109962480666773 0
2.106108568765633 0.107395189523544 0
2.05012106222344 0.3607040809857461 0
2.093097991905713 0.3534251077698773 0
2.142875391175544 0.3107377520317942 0
1.926407335119444 0.3171743740938948 0
2.1668265888894 0.2749233148042898 0
1.789557483999112 0.1892205390721785 0
2.08095591115745 0.1237458396449301 0
2.110993051455452 0.05118999119948209 0
1.808903043977299 0.06302329597465861 0
2.150669248045645 0.130074382156107 0
2.149612431405701 0.1101024315952863 0
2.01447251901807 0.3425607268623604 0
1.274890961115892 0.2965401553012503 0
2.076329553250701 0.3643255413534962 0
2.090395963342194 0.1382677330466584 0
2.06940267406956 0.3913948790726839 0
2.084978124675527 0.03838262686058727 0
1.957304290206437 0.245443313057735 0
1.861910384760848 0.2454793676949391 0
2.096139244922595 0.08288990266262219 0
2.085244381751402 0.3688560893196237 0
2.161929153798223 0.1845460312048245 0
1.846197780718594 0.2763519071684325 0
2.119306482996603 0.3570465681543639 0
1.544831449935343 0.3173186191881258 0
2.041208926433707 0.3561682424298949 0
2.026427263739149 0.07655869909157667 0
2.108748151258006 0.1573254649480556 0
2.01588860113588 0.04202396016638518 0
2.161656907417325 0.3397835910462385 0
1.628083246312387 0.08760336690643045 0
2.047481479525729 0.3107738049105762 0
2.055275337371012 0.1301104346781616 0
1.971961065378517 0.1945986545215187 0
2.122349090775732 0.08650870072926034 0
1.946342933798733 0.3661903489781501 0
1.855047470496883 0.1156606477876503 0
1.953080959042576 0.165554867946928 0
2.038506899130078 0.1410108678518465 0
2.048474868093888 0.1655188160326205 0
2.048537312670629 0.3307459152145814 0
2.024441521934455 0.3670666442406066 0
2.032234346706278 0.1864053038659695 0
2.005497940946165 0.1727977892339741 0
2.160878665901266 0.1642731526822798 0
1.632896918199475 0.3427049101353781 0
1.824678113045821 0.197377843815383 0
2.051642363185772 0.2254351505394953 0
2.022266378418045 0.1618973561496515 0
2.110922084976421 0.362496510172666 0
1.988729503677466 0.1836982222013759 0
1.953671320183033 0.3407680220846013 0
1.903831484804597 0.2182282784957277 0
1.964901099139496 0.3851579180611739 0
1.803158412174052 0.118403784141359 0
2.035929758557868 0.2563076928316778 0
2.08148382769312 0.1337318946903767 0
2.163580645762895 0.02952390093387167 0
2.164415950558887 0.02047767155251781 0
2.033361742788719 0.3715865970233572 0
1.952615487174352 0.3207959121304151 0
2.158518501976564 0.1146392572448378 0
1.718322841799153 0.3181609260672515 0
1.893863517049183 0.19372032858176 0
1.7109944510138 0.3435832445146225 0
1.892279760712641 0.1637621618970302 0
2.002858355578207 0.1228675143938606 0
1.919092813842586 0.3425952565460895 0
2.035401841779384 0.2463216384123346 0
2.115548621004331 0.1219170831526937 0
1.823684705052339 0.3426328273535796 0
2.170092129751145 0.3441605913158124 0
1.773251805557645 0.04487005178165535 0
1.908520280665778 0.1428756753621513 0
2.070987935225838 0.09923790491468726 0
1.945874754079744 0.03629880317184983 0
1.816373680715922 0.3680448907495486 0
1.943112990850378 0.1410469209480222 0
1.920072006794767 0.1973417902386591 0
1.696212799424403 0.06397373863914577 0
1.939417573824167 0.07114453683416797 0
1.929449604866941 0.04663658852387528 0
1.937430798172507 0.3616545103677006 0
1.920534394917889 0.04210034957202022 0
2.06577122257135 0.1646044378922738 0
1.933145022018575 0.1165389734720727 0
1.940473406899307 0.09111664655261398 0
2.124988673538994 0.1364389770469383 0
1.857221581138797 0.3208319627171171 0
1.965688509184577 0.239993096157142 0
2.035339399383866 0.08109453754767261 0
2.01540346162603 0.03207863957184806 0
1.798469621737049 0.1937563792160615 0
2.019098877440881 0.1019810260649644 0
1.545270914616493 0.4011796057133963 0
1.858278398602099 0.3408026729251905 0
2.125516590135019 0.1464250322973935 0
1.854581998897048 0.2709016913005496 0
1.742357221630929 0.1166110805573066 0
2.093626178547445 0.3634100065694867 0
1.873927572735717 0.1447044311897249 0
1.856103303517267 0.1356327559211237 0
1.907526894422276 0.2881306651164901 0
1.821510598564125 0.1374615132084884 0
2.060026581957557 0.2199849339854397 0
1.859737345180396 0.04031127133109161 0
1.808437594222143 0.2182643283066786 0
2.130733310078967 0.08105848390986929 0
1.677860614299448 0.04491601385228924 0
2.15900137417516 0.1246270483565844 0
2.056859087071456 0.1600685995237949 0
1.842149725182852 0.3618918581197985 0
1.739935350364184 0.3868138347059796 0
1.896968563445496 0.08840956599623215 0
1.497423696129649 0.3887258842901465 0
1.733507529810568 0.2773023372977755 0
1.738326343239725 0.3671732475692977 0
1.834055699993749 0.04667264579229249 0
1.844023668958302 0.07118059309457878 0
1.961993094118482 0.1700907060636628 0
1.703075744825811 0.1937924312014287 0
1.811077159706798 0.2681946079805607 0
1.951497209468867 0.1355967044390975 0
2.139117492993694 0.07560833865301922 0
1.798935074885379 0.03851534881513219 0
1.845079501991109 0.09115270172039371 0
1.90699897822718 0.2781446104879275 0
2.117660287034125 0.1618613036735796 0
1.764472382018212 0.3707882200745417 0
2.089868046802998 0.1282816779965961 0
1.745587160550728 0.3417544952162327 0
1.961527622697996 0.3253317505222518 0
2.04173836279691 0.3661513114908195 0
2.084123410149564 0.1836621702634306 0
1.7675723147673 0.2654875305571737 0
1.744531328271458 0.3217823876668057 0
1.937963347392026 0.3716314626186837 0
2.148029622813927 0.08014418904088205 0
1.96991184174812 0.3198815339237424 0
2.166987792995193 0.1192542228493483 0
1.743413054469794 0.1365831847883416 0
1.655409995368004 0.2764240100252128 0
1.86454996727296 0.2954096378943585 0
2.066299139014306 0.1745904927607953 0
2.056393615380752 0.3153096432532824 0
1.76070940399449 0.1356688054619889 0
1.666961704651246 0.3308901059797092 0
2.156412724900618 0.07469759218759053 0
1.729284232964755 0.1974138999762045 0
1.747046071812821 0.04125857045784956 0
1.354043973298698 0.3173905998138378 0
2.004504550607836 0.318052777968381 0
2.109803984407582 0.1772975756101204 0
1.664259690847934 0.1157327578272362 0
1.673699737341944 0.1302546443870118 0
2.098252265962696 0.1228314612701122 0
1.807951246402272 0.3734301574806232 0
2.002330439106685 0.1128814594653097 0
2.070459946418139 0.08925199124261127 0
1.95096929279695 0.1256106500273087 0
2.165295362526453 0.07930989692568369 0
1.729332412437597 0.3626011765300072 0
1.741891746647305 0.2718521227091281 0
1.873399656040827 0.1347183773295353 0
1.791141237444533 0.2191787103785962 0
1.712578201132182 0.3735414118437241 0
1.833506612455144 0.03672172872948676 0
1.807383904329069 0.03312740565994385 0
1.928920990736746 0.03665886872122759 0
2.110331900934199 0.1872836307204664 0
1.76123732092692 0.1456548577608471 0
1.670329035926135 0.3921257918063782 0
1.713043706231529 0.218300389011598 0
1.702019887963263 0.1738203039996574 0
2.085179243218754 0.2036342810567157 0
2.042274445343158 0.3761213220020675 0
1.842564808131616 0.371676614335495 0
1.699442745976238 0.2891171426014135 0
1.833062330316072 0.1919276281998989 0
1.866134110226691 0.3253678560987006 0
2.094155760923065 0.3733889298345129 0
2.053163664993627 0.09016622546700082 0
2.064249917863679 0.2998733714399472 0
1.8729341860399 0.2899594216356361 0
1.459405584090329 0.341862561454356 0
2.11924418331087 0.1918194621132298 0
1.607681907814643 0.193828489209157 0
1.73925219382803 0.2219218395938385 0
1.949975904730286 0.2708656382658729 0
1.982394483976917 0.06386559722531465 0
2.10663648522167 0.1173812446347449 0
1.258650517524236 0.3174264738446594 0
2.094681741395399 0.3833832738826989 0
1.987208196098782 0.3189671559141101 0
2.010714658189939 0.1074312427499215 0
1.958888040176721 0.2754014763486244 0
2.052635699843018 0.08018026534935847 0
2.042452912882281 0.3858336878156785 0
1.920662359612802 0.372554943286193 0
1.970377312753943 0.1646404897129441 0
1.685446186144303 0.0195570392215646 0
1.721365452284984 0.04762308930938192 0
1.731333420941112 0.07213103344411537 0
1.874518245650426 0.3199177379213951 0
1.541073622621381 0.08218923211903924 0
2.073162053910917 0.3044092097442838 0
1.976184394328717 0.2744870981759613 0
1.948857625765759 0.08566643000025337 0
1.723011652712854 0.2428083410359956 0
1.666433790082792 0.3209040535441988 0
1.691523999633244 0.1393263127264972 0
1.909112904574367 0.3180882646077053 0
1.703541182617257 0.03855141501324988 0
2.116076537561909 0.1319031382951877 0
1.995529969465042 0.1482898403056953 0
1.93713749838523 0.03123377715025633 0
1.716148735860457 0.1129896212778094 0
2.075211274501838 0.179126331601232 0
1.972949962920685 0.04935248416726612 0
2.111387770995409 0.2072557391591432 0
2.028538929163102 0.1165029192928645 0
1.653763806650513 0.08123877122466068 0
1.732389254002729 0.09210313902082375 0
1.841974464332771 0.1964634659042494 0
2.08101835633207 0.2889729380264741 0
1.855109915046638 0.2808877451420979 0
1.820982681690285 0.1274754594350184 0
1.575728729522702 0.2455875565050299 0
1.957769761467376 0.09020226817064265 0
1.993480748554659 0.2735727200062389 0
1.962302285346017 0.03407114429497959 0
1.692051916760353 0.1493123626348571 0
1.464559933189987 0.1112690515840174 0
2.089930492410772 0.2935087763355923 0
2.120300566845699 0.2117915434381757 0
1.891815300839006 0.3190029256847529 0
1.864487521539419 0.1301825397166884 0
1.63389038612729 0.197449961206685 0
2.036923148867853 0.1110527025283971 0
1.966153980556314 0.0847520516295185 0
1.560016135983208 0.2764600624466688 0
2.043723573443278 0.07564440891765753 0
1.978761531410471 0.1591902733525815 0
1.99922538452579 0.2181922302830109 0
1.084105623060378 0.2966116882501503 0
1.998697471095308 0.2082061698922978 0
1.617649857170799 0.2183364454536238 0
2.015993822280665 0.2072917969134253 0
1.850358679485036 0.1910132505705954 0
2.015465907986869 0.1973057384622034 0
1.81371673854575 0.3181248793510103 0
1.629201519933647 0.2728025485335759 0
1.471360381944705 0.07586073348798283 0
1.975066116096488 0.08928788979914355 0
1.652707973842119 0.06126666828435018 0
2.032762261692657 0.1963913606826661 0
1.816225984066256 0.03763052968993752 0
1.630722836180545 0.1375336176364369 0
1.691058529117622 0.294567356788614 0
1.711908820934928 0.03315000821263073 0
1.981929033710963 0.2191066026268236 0
1.913799451126789 0.2427362257459397 0
1.634355789468926 0.04220894312304638 0
1.515393078080306 0.08855382653942331 0
1.753443462315624 0.3263182257400624 0
1.654291724310249 0.09122482187663761 0
1.964632679324285 0.220020982429389 0
1.390686059738336 0.1902790264137122 0
1.987145750363998 0.1537400568222729 0
1.555855223883209 0.3617986643856944 0
1.853463720429272 0.08570248545800344 0
1.55156950115883 0.1166831937014029 0
1.055724752474315 0.08782117822898265 0
1.72942577512853 0.3739048800236051 0
1.947336325803654 0.2209353605110412 0
2.112443675998332 0.227227845689331 0
2.050058616299713 0.195476981883022 0
1.69891483114663 0.2791310900612587 0
1.512288145263374 0.1938645525629371 0
1.643858345586941 0.2219578843672836 0
1.594080898847687 0.2646452676137526 0
2.097786795048652 0.2780725042399957 0
1.967272258834837 0.2699512600739172 0
1.855637831652304 0.2908737994032627 0
1.572095754620908 0.3409121851668267 0
2.121356050775696 0.2317636720646609 0
1.97882397706872 0.3244173724044015 0
1.53750303263422 0.342740892051954 0
1.596658043526613 0.1493483946882403 0
1.751859712953651 0.2963600656164074 0
1.862375855915627 0.09023832320021777 0
2.068410800720979 0.2145347174871111 0
1.801574660390372 0.08844562158440063 0
1.983450335159227 0.08383767315275938 0
2.105643097388036 0.2626362322941093 0
1.93003997309344 0.221849736517702 0
1.761827680930428 0.3208680103472455 0
1.57103992478355 0.3209400864887955 0
2.043195595678144 0.06565847382602458 0
2.01077710317562 0.2726583416427359 0
1.48191866010501 0.2755817353557045 0
1.796420385885066 0.3190392560596608 0
1.522721447793762 0.06313152255685148 0
1.982922409298183 0.07385163603118028 0
1.493470347956173 0.3300477762507605 0
1.66531552379005 0.1357048583156196 0
1.984568612926997 0.2690368819601763 0
1.552625333217394 0.1366552770864118 0
2.113499399815834 0.2471999607253333 0
1.87076007484332 0.08478810693045946 0
1.973481585873206 0.0593312576865109 0
2.042667626384468 0.05567252219099497 0
1.569921664917891 0.1357408957848858 0
1.889640176925377 0.1138318907622606 0
1.784278308541001 0.08936000151984283 0
1.998772693486322 0.3734082470388757 0
2.018633404442228 0.2572220707202745 0
1.610786904256138 0.08851775330556312 0
1.568400346180248 0.2710098535820683 0
1.538496605064354 0.1974860313538533 0
2.042147519827219 0.04569829236537135 0
1.931095802615474 0.241821852892037 0
1.770739816145591 0.325403848436071 0
1.508064714499835 0.1139761272531237 0
1.5190885802911 0.1584562369863426 0
1.990390604561324 0.3788542930914657 0
2.00186496723262 0.2681225037223814 0
1.963794949858443 0.04477182158728596 0
1.73766844410914 0.1919636857008962 0
1.979351893294004 0.3344034273043576 0
1.879672209871915 0.08932394471073613 0
2.050540850088161 0.04027014681696031 0
1.751797271140219 0.1311329693188893 0
1.701026488095201 0.3190752995680353 0
1.811605075781661 0.2781806622237213 0
1.639107048921518 0.1320834026923366 0
1.894856433137047 0.04846625613636493 0
1.525888962104031 0.1230477862085453 0
1.742419662686008 0.2818381750902222 0
1.883430070551304 0.3244534226962582 0
1.979879809750566 0.3443894824593885 0
1.502320075351145 0.1693564961871372 0
1.769156066069603 0.2954456889734891 0
2.058948102457306 0.03489674122480246 0
1.812132992101669 0.288166716262983 0
1.906936531008447 0.1129175119091431 0
1.43729565524407 0.08767554299832866 0
2.066970169128712 0.03014299089731842 0
1.880262570901438 0.2645370968565767 0
1.980407726269665 0.3543755376291713 0
0.9897705219636248 0.3166181118889128 0
1.434190846899498 0.1929862923068023 0
1.570449582348698 0.1457269372376434 0
1.877560455120974 0.0493798983205728 0
1.915848666013531 0.1174533502227189 0
2.045369812185939 0.2708295852590678 0
1.522256118645069 0.2183724773648281 0
1.872871739641786 0.1247323235433538 0
1.779124033929241 0.319953632874125 0
1.989319861844267 0.3589113760689479 0
1.898552311405768 0.1183677284416524 0
2.053754030917831 0.2653793689379372 0
1.877026373250676 0.03940595454847742 0
1.425278708363495 0.1884504387279662 0
1.88811887285586 0.2491008273541006 0
1.815624899514042 0.02789833347479598 0
1.998234127328999 0.3634430445328614 0
1.794836637623133 0.2890810952072554 0
1.492942438012867 0.3200617317452409 0
1.777540283032829 0.2899954738185712 0
1.520646905738353 0.0233207586505878 0
1.539489870743064 0.05223109429305953 0
1.89703101013346 0.2536366648067132 0
1.720835031774649 0.0376455700014898 0
1.416894495375403 0.1939005749826364 0
1.465615766583604 0.1312411195026931 0
2.061610332395533 0.2499430977137194 0
1.881255958274415 0.1192821070497772 0
1.514052793571193 0.3889324519807712 0
1.990696332215373 0.3882600814011121 0
1.163257502352048 0.3174621839337965 0
1.151116145151597 0.08778437529321335 0
1.634101749115545 0.0323103605442277 0
1.917960336650417 0.1573975701679723 0
1.888056428639221 0.08387372836765501 0
2.079434605863326 0.2590147740491274 0
1.954664711423453 0.1955130328802902 0
1.928456224013032 0.191891574253145 0
1.675345919567453 0.3254398883079069 0
1.937368358701624 0.1964274116545589 0
1.740773470917579 0.08665292353986401 0
1.883962583486104 0.3344395937398583 0
1.919016171906984 0.1773696816593332 0
1.369228639943501 0.2765321606914327 0
2.077850853553966 0.2290566097939361 0
2.077322936847047 0.2190705558261086 0
1.422638963309286 0.1385200968015571 0
1.742947579299936 0.2918242278021548 0
1.884562941711224 0.3444640382476895 0
1.541601539551465 0.09217527620155715 0
1.38494119554333 0.2456597701204596 0
1.683730135976796 0.3199896724374517 0
2.139698247627215 0.2508219330713412 0
1.460399245119181 0.1966077366597416 0
2.131850960346682 0.2662577267541518 0
1.273772917893488 0.1113412551599999 0
1.896440647021878 0.07842351200938272 0
2.140753633243188 0.2707940669560099 0
1.339387162925602 0.3682351261068526 0
1.688884419272579 0.08939606094789733 0
1.494947330048925 0.03018058287345826 0
1.498096746195621 0.08946821105697068 0
2.132906786371883 0.2862298371399821 0
1.478556306820337 0.04071001101976027 0
1.674227654443798 0.140240694006357 0
2.133435100111674 0.296215871441215 0
1.749685605734981 0.09118876019934913 0
1.622928959107927 0.3181969660891461 0
1.449375417142591 0.1521277706809289 0
2.121883677296447 0.2417497418423269 0
2.027545540225077 0.2617579087567856 0
1.642274597231227 0.1919997488580013 0
1.155929011256549 0.3428842376923709 0
1.895912730203166 0.06843745752067668 0
1.760243930526518 0.290909850990515 0
1.444158778179816 0.2174941588815504 0
2.036457676200842 0.2662937470943269 0
1.470367184607728 0.2211155904127546 0
1.32460580978974 0.0886261073137371 0
1.44679811830501 0.267424431951122 0
1.895384723827713 0.05845157816390337 0
1.46160707088286 0.05161548765954985 0
1.758069823579442 0.08573854473266336 0
1.671588070940287 0.09031044190351467 0
1.760181487838083 0.1256827539730133 0
1.77694992293479 0.1147823223075534 0
1.21779136071621 0.3646428176865421 0
1.868115048237734 0.03487474236097229 0
1.78803616775765 0.324489471352324 0
1.340243022618089 0.3876978681421416 0
1.720328059821867 0.02765474300079174 0
1.47188829921093 0.08584677119905977 0
1.627617801666572 0.2428443638835208 0
1.662675938087929 0.08577460638333223 0
1.528528624010836 0.1729781228961812 0
1.676401600636205 0.3454117079861809 0
1.346715560688176 0.3428128561242944 0
1.545824939724903 0.1720637200959608 0
1.773781972495331 0.05486435368297218 0
1.78961991513947 0.3544476361420682 0
1.326779776828184 0.2937970989197065 0
1.248092464424432 0.1177057172113307 0
2.130793820909104 0.2462856862505963 0
1.404286821704533 0.1194624345740386 0
1.76698195748441 0.09027438143447428 0
1.453386824532517 0.04756217616890127 0
1.434656038673915 0.03774533265026414 0
1.781756433792236 0.369872863333812 0
1.785862057253185 0.1193181597421849 0
1.823094356997069 0.1674196815453133 0
1.682611868314021 0.134790479185427 0
1.489184622439995 0.08493238726563557 0
2.070522468910321 0.2544789358559241 0
1.360782118038752 0.1167553411202493 0
1.403293308818319 0.2647174141341163 0
1.768565705209531 0.1202325380742274 0
1.668545282610008 0.3608451454186569 0
1.57836830535606 0.2955177796548534 0
1.57995205437691 0.3254759234789813 0
1.605632613430697 0.3191113374477711 0
1.381308196995394 0.3409841380396604 0
1.764338772018212 0.04033091874295047 0
1.651186725784461 0.1965355822384022 0
2.142347137592995 0.3007517158395965 0
1.886535129824515 0.2191426582379998 0
1.918488254150019 0.1673836259606216 0
1.400846944243937 0.3801670059578114 0
2.151247393184227 0.3052881823007466 0
1.321501210691132 0.1939366999414448 0
2.159629245619446 0.2998380920206182 0
1.588336269650884 0.3200257116538573 0
2.167924293247627 0.304327482388882 0
1.876567163856739 0.1946347078854355 0
1.241354295367429 0.3183407580172221 0
1.781234500914246 0.3598960106026532 0
1.380252386242708 0.3210120740861806 0
1.869238777850862 0.2200570355328156 0
1.867592572530598 0.02487177834531348 0
1.651249213372401 0.3617621555334898 0
1.859270812664114 0.1955490875545463 0
1.383286081231519 0.3716223059300112 0
1.375257417962491 0.3775847143727001 0
1.651777626792306 0.371746720475033 0
1.787445806250524 0.1492763189529017 0
1.361837941377398 0.1367273476486875 0
1.858214973901658 0.1755769733189855 0
1.347709574118107 0.1975582424316829 0
1.85194242594895 0.2209714129794056 0
1.29682242445247 0.05506007843913349 0
1.273835153621927 0.2765681969450349 0
1.775366174730054 0.08482416561085633 0
1.927928306159056 0.1819055191172827 0
1.416596255978377 0.02947497727239168 0
1.659570931284598 0.1910853707379332 0
1.65851508621571 0.1711132702760669 0
1.377612822287031 0.2710819753634995 0
1.568928260966159 0.2809958981725527 0
1.77337699378198 0.3753094996579722 0
1.834646075902607 0.2218857879461688 0
1.615010281510677 0.1684061877031786 0
1.775428617613876 0.2500512617928407 0
1.788564083526521 0.3344755251629911 0
1.277468371837431 0.1812429576700943 0
1.365110355279582 0.3619361885255148 0
1.490302868903888 0.2701315316982668 0
1.546880794778714 0.1920358247493124 0
1.789091999558045 0.3444615801524304 0
1.63448672884494 0.3726442051507304 0
1.7843407541361 0.2545870971007509 0
1.623922405645793 0.1729420128094639 0
1.736084679551468 0.1620055125668689 0
1.311532948280705 0.1694284808032752 0
1.736612605454492 0.171991577349674 0
1.835701900741263 0.2418579030717422 0
1.382301926697457 0.1957292903770322 0
1.561009541333359 0.13120506613994 0
1.595664653167504 0.2946034074320432 0
1.67270634838859 0.2755096306933573 0
1.668017385946468 0.3508614473429508 0
1.818405553681833 0.2427722773829911 0
1.792197054316889 0.2391508277466813 0
1.24340443868577 0.1930582542236648 0
1.698852384659505 0.1139039987354992 0
1.426862403453113 0.2184085824549063 0
1.675873798573563 0.3354258757761354 0
1.527535094111679 0.3182329713954288 0
1.337741688101161 0.1730503621514662 0
1.365005714081428 0.1966438166916536 0
1.781173268787447 0.194670756039465 0
1.343020279836205 0.2729106853860898 0
1.680562643483139 0.260073368079952 0
1.269674155505235 0.3619063704088984 0
1.763876919371251 0.1955851355761757 0
1.45934333429721 0.1766356812511467 0
1.113480776747545 0.3601484803789209 0
1.746580573721514 0.1964995204873539 0
1.422111039544385 0.1285340664632013 0
1.707764517586694 0.1184398348268132 0
1.682083952413968 0.1248044291095913 0
1.067865352478096 0.3174975241090598 0
1.331469196824738 0.2184445593037001 0
1.764870288435031 0.05033016822609859 0
1.488719145131049 0.2401734231005064 0
1.663794212586522 0.270973795940931 0
1.246508770060648 0.08774793294487873 0
1.349763710518332 0.07228375721659194 0
1.604048864097935 0.289153194881409 0
1.331002952232721 0.3736853237020096 0
1.773794473024763 0.3852391245456113 0
1.685779395141661 0.1947068079490915 0
1.499214993174062 0.2746673603117557 0
1.805270077018394 0.1583479937355032 0
1.668483055776659 0.1956212007483369 0
0.9341885282765396 0.2494648431436898 0
1.473999970004068 0.1257909144950466 0
1.774838257405365 0.07483811205612159 0
1.688418944504796 0.2446371056855214 0
1.307899691499063 0.2647535283140247 0
1.796885856986833 0.1637982081735859 0
1.930567888057195 0.2318357936287497 0
1.549985748990749 0.08672506460504131 0
1.690468168412655 0.1193542136434413 0
1.59724839758646 0.3245615495308747 0
1.501854559350317 0.3245975663416876 0
1.774310265235679 0.06485178249937584 0
1.285914657158131 0.3410199912625365 0
1.399598185481015 0.1948148903341454 0
1.51023876472578 0.3191473561886158 0
1.662148019669697 0.07578855527748404 0
1.569456177701125 0.2909819438379934 0
0.8172938489228785 0.1705061252112042 0
1.755429246033464 0.03580451761025116 0
1.697331080461022 0.2491729392831283 0
1.312057470733417 0.02444514981686585 0
1.287498352811227 0.3709780633356321 0
1.449437645937887 0.317354633390957 0
1.590385552496562 0.1947428421826141 0
1.848774923019421 0.161055084914489 0
1.284858850648916 0.3210479755206435 0
1.717732482007615 0.1429477725134783 0
1.573089223764525 0.1956572307399997 0
1.555792903921019 0.1965716439365862 0
1.178442110450352 0.2766042274881642 0
1.558897876968032 0.09126089649374061 0
1.274828730955744 0.1313131756340667 0
1.341436753221552 0.2429524011852362 0
1.350814165220571 0.09224751196042426 0
1.194154523169652 0.2457322996702983 0
1.269612823020837 0.1966800302399656 0
1.494991794536866 0.1947788821415972 0
1.661620102475142 0.06580250309874261 0
1.477695520108443 0.195693317152527 0
1.586752518393334 0.2900675707275809 0
1.292652737881038 0.1403845843772344 0
0.7990019992139626 0.3166829743374691 0
1.754833036541857 0.02591908673448215 0
1.282219310818189 0.2711180329022232 0
1.849302842587929 0.1710411412025046 0
1.261287986369255 0.3673535175558762 0
1.253372564467713 0.2175662254227899 0
1.608667389694332 0.04858895361446122 0
1.773844883526195 0.2200930897289156 0
0.9824417818667864 0.3420394652275053 0
1.419999353103191 0.08858996086275339 0
1.661092185343159 0.05581645051812964 0
1.756548537522872 0.2210074637840556 0
1.567282092855961 0.08581068373323381 0
1.365928527144007 0.3722201054685156 0
1.305715938788996 0.05958789489257485 0
1.480272501906324 0.08039656327388718 0
1.279580639789566 0.2211876026742974 0
1.270737231370107 0.05162817988936455 0
1.748164320983688 0.2264576797212627 0
1.187292069713502 0.1159131770875096 0
1.660572818959155 0.04584355062702183 0
1.502909956961046 0.3445689767036094 0
1.577777962838647 0.1203046413117978 0
1.858742893566895 0.1855630313761612 0
1.247626924368924 0.2729467048783489 0
1.591377405750486 0.0494908598646937 0
1.304204864469164 0.1948508461238044 0
1.57619422130312 0.09034651538264901 0
1.569393751350845 0.1257548543985089 0
1.10550058014363 0.04513445546484737 0
1.38758075214955 0.2955898307362557 0
1.252565423384482 0.04236512854377791 0
1.174322890708294 0.3620063385209673 0
1.242348107952009 0.1730857405843763 0
1.234046389184233 0.02369745496911246 0
1.66895845727257 0.04039552438384661 0
1.468783384143609 0.19115750181821 0
1.584578436322912 0.08489630436114078 0
1.590841715634827 0.03952766267159993 0
1.286908866049707 0.1957654896191953 0
1.507071277765595 0.2592311213065407 0
1.189465697432554 0.3210837120567944 0
1.495052910734827 0.3600007854100435 0
1.695747361307431 0.2192147577779294 0
1.21250639228229 0.2647896986921621 0
0.8649516641504116 0.08789764207508766 0
1.586690086449834 0.1248404726351957 0
1.668053222427185 0.03104527721279859 0
0.06209890401591878 0.2498991137423979 0
1.593490563576137 0.08943213575224093 0
1.190521479978387 0.3410556281853446 0
1.223467868150255 0.1440418915755872 0
1.83517398783663 0.2318718439699566 0
1.432141316869415 0.3182690008283706 0
1.13071557355542 0.1940068670486677 0
1.573556229220141 0.04038836065118154 0
1.483440000713551 0.1403127749237649 0
1.597776311251082 0.3345476009426234 0
1.135993697076052 0.2938688860190288 0
1.091900223598214 0.1159494548562208 0
1.188347876923184 0.1358849067185406 0
1.598304234568535 0.3445336287209934 0
1.060536735009425 0.3429193238091535 0
1.598832472295252 0.3545189294982671 0
1.477757874291984 0.3609197268370611 0
1.590980396396092 0.3699499278624017 0
1.47827765755967 0.370896038588064 0
1.447853937822317 0.2873965076905088 0
1.603458515155788 0.1139400474726098 0
1.601937198010015 0.2492090111186658 0
1.556259740468281 0.04130180019630988 0
1.430557604597269 0.2883108883427946 0
1.192445830263697 0.3715846556328146 0
1.184399292072462 0.3774824703518765 0
1.748692227288332 0.2364437457553164 0
1.590448997701775 0.3599681947363387 0
1.61084934142416 0.253744840076799 0
1.135404126633203 0.1186565380201655 0
1.494525574146781 0.3500183398414171 0
1.573689043003306 0.3708703610761945 0
0.7036338371622555 0.3167093953733836 0
1.172107718536781 0.1567709770170816 0
1.223995808167428 0.154027807666235 0
1.378140732100403 0.2810679874670452 0
1.414844993100761 0.3191833679493786 0
1.447326027252504 0.2774104710405687 0
1.156924869410184 0.1976307096156993 0
1.356093633770103 0.1921080414244841 0
1.515983401030753 0.2637669511150195 0
1.404877071268153 0.2946754739175397 0
1.595074299423557 0.1193902626853743 0
1.165867154021656 0.3674302161155184 0
1.186826183543717 0.2711541395388358 0
1.191978381722422 0.0405660747653199 0
1.460976693365683 0.3718204858251518 0
1.087800513140958 0.3665128125186273 0
1.678451007554602 0.2201291454694579 0
1.502382371952677 0.334583466276513 0
1.331404257512545 0.3834282192155731 0
1.083049891468447 0.2766402029259167 0
1.129659487579342 0.1740351820430782 0
1.601874778335103 0.08398192364729112 0
1.206171823076967 0.1449563507328221 0
1.661154670641142 0.2210435164563354 0
1.547471009716438 0.3672488595860454 0
1.389164485960922 0.3255479039505552 0
1.652770458846523 0.2264937344834317 0
1.397548688022908 0.3200977117281533 0
0.8445555751298046 0.1940991482760543 0
1.052622467423575 0.1931301375220191 0
1.336747669148377 0.3183049518692549 0
1.040013301353851 0.1186929457747977 0
1.281101215428895 0.08591912318745318 0
1.653298357265182 0.236479802505314 0
1.413261259996564 0.2892252790378443 0
1.745524728851487 0.1765274162980384 0
1.152234143382206 0.2729826984012823 0
1.113421397739108 0.1949236603208362 0
1.488656705476481 0.07494635177663786 0
1.140684982051079 0.2185165971633568 0
1.610258989425314 0.07853170973173193 0
1.644914149326336 0.2419300060575418 0
1.17422051811401 0.1967159408796933 0
1.17626836600905 0.07143386328581375 0
1.095129000125841 0.3410908648483957 0
1.166300430184794 0.04692621339385031 0
0.6072398285751721 0.2967692993449429 0
1.49182421075442 0.134862573889092 0
1.148582463646568 0.03786903906775577 0
1.746052653253788 0.1865134665938035 0
1.079296002079384 0.04151839855085462 0
0.8770885841950685 0.3175653746892459 0
1.609731070567738 0.06854566516238633 0
1.105943989141302 0.3855865279094206 0
1.292187190312791 0.2956258101931136 0
1.2937709363741 0.3255838025554024 0
1.523839706543058 0.2483306897495013 0
1.01011056141947 0.04517256312185042 0
1.609201634691167 0.05856259112319129 0
1.605570186366472 0.153884245782058 0
1.150651271494113 0.2430239267480531 0
1.497040912680605 0.06949613808442681 0
1.117113673558659 0.2648259663438484 0
1.092955996818736 0.1359208648958864 0
1.378668649545166 0.2910540037715349 0
1.277996876170925 0.1912297861717509 0
1.094073271433476 0.3211191303693219 0
1.28321277794179 0.125862982889728 0
1.191516230485112 0.1958012251751317 0
1.302155124801456 0.3201336248335321 0
0.8549831784133483 0.06339269817813614 0
1.501264236222671 0.1493844411700526 0
1.177324184552201 0.09140567007415128 0
1.31945139157234 0.3192192874155696 0
1.096125430798156 0.1958382438158126 0
0.7565260040233619 0.1687325727337342 0
1.270187244409612 0.3718734939032175 0
1.226108243934998 0.1939724533355744 0
1.505425122970047 0.06404592313181198 0
1.004954966193273 0.275761684639215 0
1.016505615758156 0.3302255230315679 0
1.153227980426029 0.1277278904643321 0
1.359198766753649 0.08679795850847896 0
1.035326832052241 0.1940438462017445 0
1.126492172609626 0.1141208125765892 0
1.205643870285772 0.1349704668809623 0
0.9965103159388485 0.1159858209043699 0
1.078830581899471 0.1967529143230926 0
0.9489059861237131 0.3638388051852582 0
1.513809333431378 0.05859570956513102 0
1.418415575553898 0.05863182271853565 0
1.078888534513233 0.3619769375614433 0
1.395964943664575 0.2901396451056616 0
1.282747203427405 0.2811040122133022 0
1.290013302062327 0.09045491524099827 0
1.208812224090054 0.19488685327152 0
1.095705889281908 0.02068898806435249 0
0.9320196219157918 0.04428894036063588 0
1.091433817988491 0.2711902419545972 0
0.5910090386274283 0.3176341867060796 0
1.600353509020648 0.2192508163081301 0
1.048986276541208 0.2884542515194727 0
1.309483490573121 0.294711480424493 0
1.434246110784769 0.3582141478637988 0
1.368110530358849 0.09133326018895717 0
1.062591088465907 0.2176382356867705 0
1.4011193974012 0.05954641701639554 0
1.522193544628674 0.05314549398441368 0
1.583057170495203 0.2201652014443618 0
1.278872978028954 0.3764216824002926 0
0.8697592799031932 0.3429854015062125 0
1.565760840331345 0.2210795751528166 0
1.39220806158818 0.05501179050743193 0
1.504959715024978 0.2192868968369954 0
1.229212616905124 0.08866243862401331 0
1.530577757081134 0.04769527917553318 0
0.9572325171638365 0.1931598984732502 0
0.9535970723123204 0.2884890802859916 0
1.657987159771269 0.1611272112714364 0
1.548464527237171 0.2219939339820081 0
1.667427200583861 0.1756491067106545 0
1.165777771872169 0.03698468636777308 0
1.424750655910105 0.1784642712931298 0
1.13382019060769 0.08869896883018563 0
1.37649483721186 0.08588321111739705 0
1.667955132160638 0.1856351487202196 0
1.538961969484813 0.04224506428947908 0
0.9839007238234501 0.04154108091093425 0
1.391685323505794 0.0450126973424069 0
1.070909182714574 0.04696428520091342 0
1.298397475493678 0.08500472997667607 0
1.549520300386427 0.2419660659036535 0
1.080876538531702 0.07147079926980243 0
1.547477929300181 0.03687381417168842 0
1.317867645011046 0.2892612971399856 0
1.19679399226472 0.2956617152891347 0
0.7916721583320987 0.3421013378445698 0
1.045714083532434 0.3849202451537299 0
1.37439633775304 0.04595595598222577 0
1.385406788409605 0.09041879543734459 0
0.9975661046790032 0.1359566207046489 0
1.181547550906475 0.1712925418746324 0
1.1983777160407 0.3256195196478794 0
1.053082451167737 0.03789637149487343 0
1.37345846722391 0.03598259536199336 0
1.03110152215899 0.1141573383263219 0
1.081932367928114 0.09144231360357598 0
1.393790998064303 0.084968602408601 0
0.6742235953738223 0.08798792050270789 0
0.9834439525346137 0.1967897358686789 0
1.165308635293957 0.1921803166537413 0
1.307309556912087 0.08954051605468777 0
1.015977921276174 0.3202398127496495 0
1.000737445770307 0.1958749960301329 0
1.389692378602106 0.3355339435573512 0
0.3587314423838665 0.3446942183776481 0
1.28327512008144 0.2910899932009199 0
1.174839399324926 0.3719932884243466 0
1.312650876988799 0.354627579384301 0
0.7512304904205847 0.06889015599950604 0
1.402703065390424 0.08950436877858838 0
1.311067198871809 0.324669458610133 0
1.206761909305597 0.3201693894765192 0
1.304794566683654 0.370063831239984 0
1.057836766071618 0.1277640263553961 0
0.9446256089893148 0.11872993691893 0
1.000799045363701 0.3610855372445777 0
0.9751132096484781 0.3674609276488291 0
1.39860448923155 0.3400697794528638 0
0.9357141447346421 0.1141944470106973 0
0.9079836096950813 0.2458444051281626 0
1.187354071094558 0.2811400214685839 0
1.411149600401682 0.2492811974328785 0
0.9011244548114319 0.1160226660871193 0
1.215673982651033 0.3247051912441871 0
1.407516607761462 0.3446056135096974 0
1.370750031142036 0.1412631686338228 0
1.42006174318927 0.2538169875130064 0
1.416428725770732 0.3491414545325429 0
1.416956647074646 0.3591274936780957 0
0.6963025266812174 0.3421238340517093 0
1.300571358030147 0.2901756571916045 0
0.9590521577486526 0.3878157026266564 0
1.379134239505269 0.1358129898850056 0
1.214090209474904 0.2947474275387365 0
1.425852183730779 0.3636512863997525 0
1.315693727003142 0.08409033045352388 0
1.018031821150665 0.194958569366263 0
0.8922725781395231 0.2767119747995054 0
1.427918006308682 0.2383807646193515 0
1.479279256844306 0.2256513949471514 0
1.14596134925639 0.3183764575873924 0
1.479807093283223 0.2356375534665762 0
1.040602346841544 0.2939041659914953 0
1.443157093311761 0.3627501589561229 0
1.411087268189532 0.08405417044193764 0
0.74923773457509 0.3593541169608641 0
1.443729859734311 0.372986874467616 0
1.452605133788761 0.3772708517528968 0
0.9672053911852185 0.2176740785387193 0
1.009710409121805 0.3656223086189022 0
1.471422905665505 0.2410877361733167 0
1.555889180942439 0.03157302866737596 0
0.96983699988585 0.2676042545728304 0
1.263867729008717 0.2520598649110971 0
1.079420212506562 0.3719568522814532 0
1.190459599052291 0.1758283856399721 0
1.388574237583335 0.1503348105233206 0
1.038429193370582 0.08873596419783099 0
1.454126625696755 0.2420020770841636 0
0.9755186039308147 0.04699999711962033 0
1.102985203310499 0.3256549184116768 0
1.048458553599961 0.2784685259386026 0
1.224058117418935 0.3192550572248511 0
1.157020418220197 0.03255676994186782 0
1.315165797186434 0.0741043581207477 0
0.9854868269846622 0.07150859230537718 0
1.304276274772815 0.3600589204817471 0
0.9934107104237208 0.2212951242128096 0
0.9578382291683201 0.03794110122437208 0
1.222474295997294 0.2892972957641691 0
0.8881108787588542 0.3620392704666082 0
1.487663436978002 0.2202011953822322 0
1.555264972286253 0.1865855971484501 0
1.398014230790034 0.1648566152024354 0
1.554737035349258 0.1765995429594698 0
1.548992405855003 0.2319799859446563 0
0.9263328621395468 0.2648995060264198 0
1.242937959843536 0.3482987598132154 0
1.128665299105104 0.3192906618689947 0
0.9865425863563984 0.09147951109691706 0
1.111369308835053 0.3202048634786133 0
1.311595088401288 0.3346554693243156 0
1.419471437639943 0.07860397418497458 0
1.406926338358724 0.1693924439533327 0
0.6642534561677059 0.06349202030232234 0
1.314623855379959 0.06412072805352828 0
1.528000684140695 0.1629920459332605 0
1.187881989502567 0.2911259211476259 0
1.185708296944914 0.08595553207337772 0
1.10140147575628 0.295697451095793 0
0.9043501179551166 0.3411578670281022 0
1.312122989120298 0.344641516699391 0
1.418943519904705 0.06861792121113436 0
0.8099885709476702 0.1959507514058367 0
0.818367844898048 0.1904994548424895 0
0.9021800682341641 0.1359920309282634 0
1.315755973915722 0.2493173759686676 0
1.415838502023078 0.1739283464845637 0
1.22564180386935 0.3492129809752082 0
0.8020574880525463 0.04618524961004225 0
0.8141859694219096 0.2758332292413024 0
0.8257332315958341 0.3302899678049657 0
1.196731928715701 0.1304347675259347 0
1.324668172172803 0.2538531439103249 0
1.194620345130435 0.09049126765981685 0
1.227100818326527 0.04871841993369852 0
0.9624482275988955 0.1278002309202474 0
0.9032946487486047 0.3211873357120451 0
1.070399834743915 0.03700326520672501 0
0.6449655361759911 0.1896279751402938 0
1.087213650646055 0.1913028217625373 0
1.062148518519359 0.3728255746643844 0
0.8707725295025879 0.1977426527839952 0
0.8178253301840551 0.1804944539121693 0
0.9006556127502584 0.2712627838428691 0
1.205178105069718 0.2902116245841959 0
1.203004484255952 0.0850411359337036 0
1.323037794427446 0.05844945030749493 0
1.091961662756578 0.2811759364738011 0
0.8608021397697105 0.1732341502074376 0
1.409566067156575 0.2193229721739225 0
1.209804750137233 0.04963297733809957 0
1.232970180518071 0.3237908682392097 0
1.321499479260268 0.04849873996099802 0
0.9430410722135437 0.08877396687665329 0
1.392269795923555 0.2202373369722469 0
0.827278404787773 0.1950353768209683 0
1.118697610961972 0.2947832748225232 0
0.9058149888908424 0.04068293503087322 0
1.209282587950209 0.03965602052583941 0
1.374973543481532 0.221151698989271 0
1.211916503852331 0.08957686977901372 0
0.843499415387147 0.1741330270861637 0
0.4957260927043912 0.3176247205990106 0
1.05056938645319 0.3184116906554134 0
0.9755729623600119 0.3773069305310159 0
0.8545368041517232 0.2186240204271257 0
0.9499084789140614 0.2185899799299776 0
0.488384107555035 0.3430127350569971 0
1.357677358072383 0.2220660030217265 0
0.7522881387491184 0.08885671332620861 0
0.8675932608843594 0.1378212045289368 0
1.468255425712306 0.1811714271355273 0
1.062647959306892 0.3828631061119224 0
1.241882211996989 0.3283266794723218 0
0.8801334155158909 0.04704263145907631 0
0.7665041397783968 0.1932494511911943 0
0.8901011494348446 0.07154821614790036 0
1.35873295025536 0.2420381913996364 0
1.458815401802985 0.1666496282225652 0
1.458287476026032 0.1566635419876886 0
1.127081578445249 0.2893331942759061 0
0.8457278350450734 0.3892987314879148 0
1.310476876555603 0.1494561198667647 0
0.7884542059169439 0.1169738737706293 0
1.061484463173995 0.03247065197027965 0
0.8450152790078511 0.03888722441492695 0
1.090316355145561 0.08599224692602203 0
1.024889567229444 0.3247756029977054 0
1.242410103683898 0.3383126986996866 0
0.7412579427974185 0.04439895679130926 0
0.82520616506558 0.3203052851986594 0
1.221884225628969 0.1140842957648414 0
1.120281199777258 0.3247406889374002 0
0.9399433832562806 0.1940820259706245 0
0.5370683451458951 0.1152876611103131 0
0.8911569617366202 0.09151793770626811 0
1.033273579604985 0.3193257664538663 0
0.7492181782783464 0.1941658477767874 0
1.205115990758806 0.1249846228394138 0
0.5737296821152059 0.3185372749300044 0
0.8335290361439452 0.149627083740847 0
1.230796198268709 0.1186200010307723 0
0.7345231585638076 0.2450135823511714 0
1.092489598377205 0.2911616949914699 0
0.71881608395213 0.2758687901831125 0
0.9053552732034102 0.1959126898757773 0
1.220362676924848 0.2493536450701073 0
0.7103845986137791 0.1160983212965841 0
0.7198186837241872 0.1306123316228248 0
1.220300635660903 0.08412673344224936 0
0.7927003261771097 0.1968680424261594 0
1.239180402339617 0.1131698600425766 0
0.9749985572180087 0.03704789987018986 0
0.9724749039348888 0.3175321203709752 0
0.4340340505591752 0.2958570695939147 0
1.09922831313935 0.09052788225119715 0
1.213500105842712 0.1195344575266571 0
1.229274842678659 0.2538893028924666 0
0.723979858732725 0.04531093002540404 0
1.132236270681479 0.05874125630384566 0
0.7895096570113291 0.1369389589531661 0
0.2450323531624106 0.3056049058961003 0
0.8068000989483836 0.1360238815510303 0
0.9918259677402492 0.1913399122564294 0
0.7319339880673817 0.1950807372243173 0
1.226170618110222 0.3591979536057662 0
1.061020324120129 0.02282632954612593 0
1.123324362944265 0.05420563992943991 0
0.4769130146263467 0.2886145880604672 0
0.9226476273848482 0.1949940288493528 0
1.107612370540639 0.08507783305171163 0
1.226703287586952 0.3691777354969092 0
1.235614871211625 0.3737130169606448 0
1.109785491277545 0.2902474961204097 0
1.025944894359023 0.3447473660710012 0
0.875975749901728 0.1323714691231234 0
1.236183213789572 0.3836200777934037 0
0.9703646166444481 0.2775896679411213 0
0.7879843693097554 0.2722110182189889 0
1.314172698920441 0.2193589992280723 0
1.249676179977643 0.1476635244335899 0
1.296876593869667 0.220273323982005 0
1.11652428431712 0.08961346867888283 0
0.9551797538637918 0.3184457380521752 0
1.288492438817299 0.2257234810856549 0
0.7764685220122791 0.2177454183776088 0
1.228684697758375 0.07867659329640819 0
0.5119499040862004 0.2967807390146895 0
1.228156792335949 0.06869061654096714 0
1.289547881122936 0.2456957095631645 0
0.807328224180315 0.1460063524639943 0
0.8712217528956221 0.04250736659950605 0
1.22762883254751 0.05870457783329064 0
1.272252037508937 0.2466097158384553 0
0.7528664136984722 0.2640618303088045 0
0.9663773822818822 0.03272724927903167 0
0.8026632774331526 0.2213652974378079 0
0.69777679926291 0.04169310677188318 0
0.5616370830361458 0.08896928507751159 0
1.364477697826592 0.1866577071814252 0
1.358205138224521 0.2320520644133542 0
1.200368882872161 0.03512713684183691 0
0.9949263016084456 0.08602962491587512 0
0.7674612668888879 0.04801222456553716 0
1.110251940157528 0.1350066258074473 0
0.9106223037936236 0.2957677189100079 0
1.236075861503163 0.2184809409333314 0
0.7774323054564847 0.07250746655890944 0
1.355037732860796 0.1721358680914466 0
1.101867899375651 0.1404565994188817 0
1.319388774214512 0.1539921828190894 0
0.5501717661446864 0.3647942246008735 0
0.7308883289064317 0.3402991444918861 0
1.120808973016238 0.3347265253254875 0
1.354509854122829 0.1621495863679709 0
0.737633190749061 0.1396752417425517 0
0.6973657885383746 0.1969118021643556 0
0.7298338937972308 0.3203325278703266 0
1.121336822519672 0.3447124593374111 0
0.912205990702385 0.3257229495624472 0
1.335101946570457 0.1231197926573296 0
1.114412439328769 0.04967006615936856 0
0.7864129789536485 0.2422445129384756 0
1.124908337380045 0.08416340904676675 0
1.124969885355477 0.2493901857688629 0
1.003838157579386 0.09056503877687411 0
0.6366016365123429 0.1950906943382461 0
1.037373107589087 0.06876412681149813 0
0.1050595666418381 0.08912386002421914 0
1.119691588956306 0.1495278240537379 0
1.121864675915636 0.3546983931434676 0
0.7146311318839698 0.3611516591524994 0
0.9205898666387267 0.3202734195720866 0
1.133882277646973 0.2539257302992685 0
0.738161860587108 0.149655858134716 0
0.727196161797775 0.2704221339685142 0
0.6889729833008396 0.3675394122901896 0
1.292124744393522 0.1303984957967723 0
1.199836608075324 0.02512535778854069 0
0.7784877791192977 0.09247408443649736 0
0.7622516715801323 0.113353455327184 0
0.6873873977104376 0.1724010654664415 0
1.128075633941911 0.1440779054239124 0
1.130775306355421 0.3592322859902521 0
0.6061874110969951 0.2768165313313447 0
1.012222075320437 0.08511513840829606 0
1.028461432937986 0.06422892329825505 0
0.8444561602653511 0.02896239888499938 0
1.131294922297456 0.3692054262306572 0
0.9011833029291064 0.28124744494085 0
1.218779769185064 0.2193952612675738 0
1.017560996974629 0.3501971703738387 0
0.6727326135342453 0.3884200358652297 0
0.9295015009466967 0.324808997476363 0
0.8225683307089335 0.270384683980733 0
1.136987443974124 0.1486135482774018 0
1.133292269561334 0.07871320444118887 0
0.843757295394493 0.01945128077201541 0
1.131750221618932 0.3790849281790014 0
1.022251037682231 0.2748471786609837 0
0.713937257178242 0.02080936622963128 0
0.8597938121418104 0.3184788835097134 0
1.132350598361553 0.3891329939748353 0
1.145899512848406 0.1531493687010192 0
0.61933786303126 0.1960408951367472 0
0.8791547379372682 0.1922938464868485 0
1.021133753310222 0.08965058176923027 0
0.9279176682709811 0.2948541154177726 0
1.025417235404749 0.3347615081438638 0
1.132764298159968 0.06872733996988487 0
1.2014837767944 0.2203095691248606 0
0.6811422959141846 0.2177803930473378 0
1.030106467557558 0.2594120043705848 0
0.6837171707133167 0.2677102298487456 0
1.184187829377636 0.2212238825809355 0
0.9378849510413373 0.3193593914855057 0
0.6993634433651756 0.07164201750034208 0
0.6768700111071188 0.137890975021008 0
1.013338929962481 0.2703117804123294 0
0.6893960129502326 0.04714324226795219 0
0.4104676953667069 0.3420267046112316 0
0.5977750632290644 0.1170540753387387 0
1.166892156246049 0.2221379772168385 0
1.268556396144432 0.1767082489835858 0
0.8209880105003329 0.240434078945516 0
0.8707050694799773 0.03255317314818282 0
1.27694078137401 0.1712575429496968 0
1.289020162234992 0.2357096037599231 0
0.9363006905487731 0.2894045341673591 0
1.037962587352711 0.2439768487674455 0
0.5574827501321961 0.1741507179828114 0
0.6171976280685262 0.3212609321028378 0
1.167947016561226 0.2421103828072098 0
0.6182535321138263 0.3412143241536014 0
0.05503682753378225 0.007962134806816262 0
0.8314791743316894 0.2749192942260342 0
0.6402210809806124 0.2650193242278416 0
1.019549782708618 0.0596937409750625 0
0.6542813077015155 0.03900339304143238 0
0.8995402528767649 0.08606832978680173 0
1.113884412262695 0.03968419526516423 0
1.04687472441168 0.2485120988214446 0
0.8880650152994458 0.1968283316814425 0
0.6357760523368368 0.02041704195216076 0
0.5851686126434732 0.04269118754196824 0
1.014861819406876 0.1350423485897354 0
1.122268360373533 0.03423384745663885 0
1.006477813751779 0.140492235694168 0
0.8010757196876235 0.1914121832536748 0
1.029517646490104 0.08420072625206516 0
0.9017112393301795 0.2912322401751156 0
1.3172770756478 0.1140476660502079 0
0.70041930462357 0.09160457060545557 0
1.045294048058452 0.2185534443368519 0
0.711440154420244 0.1360590854315253 0
1.121646399514628 0.02435124145634415 0
0.6113603394339062 0.04630477959421933 0
0.6428164603261981 0.149675320288297 0
1.326189858713505 0.1185838165316697 0
1.018089638238991 0.3601812724894906 0
0.7758431232017649 0.04256339482831259 0
0.8341163549204637 0.3248407830280743 0
0.653893845380214 0.1941969007733006 0
0.9414566433591387 0.05881755882012102 0
0.8792406361445104 0.02730073416337034 0
0.8424996572289405 0.3193920953935073 0
0.5988300851778092 0.1369988620561767 0
0.592098934807218 0.1724425369278783 0
1.024300873606629 0.1495630529375682 0
0.9084516721496314 0.09060336099194384 0
0.6020888441789762 0.1969618387633637 0
0.8476575256111816 0.08881255168987674 0
0.7817085487294785 0.3175958833687329 0
0.9325459193905737 0.05428134489429523 0
1.018625431187229 0.3701513456993885 0
0.6161028891240417 0.1360815927630417 0
0.8964446089120196 0.1913788187910848 0
0.9347171672235103 0.2594491671429512 0
1.037901288512727 0.07875058684147909 0
1.032684948189662 0.1441135353301583 0
0.7234576607022318 0.3655592776371182 0
1.019144069293667 0.3801546204374997 0
0.9190056880029032 0.2903185258406667 0
0.9168352414601258 0.08515382208479422 0
0.9483788299792237 0.3538527488518205 0
0.4031286006556232 0.3673808597681577 0
0.6022511989261518 0.3634479209810934 0
0.6852486692846739 0.1324430351767875 0
0.6145636787803723 0.2713733292155334 0
0.5851622883979297 0.3729730972743716 0
0.8303638437266987 0.08972765865258617 0
0.5858824895265565 0.2178143183915864 0
1.042124358398271 0.1586344424145032 0
1.123388030296956 0.2194312065551811 0
0.9231092379643614 0.0397520805410124 0
0.9405174455793891 0.3692808778950766 0
0.9467961079264173 0.3238951901646594 0
0.7978911006722624 0.1314903035104258 0
0.5637770154151521 0.294058673194361 0
1.106092283045312 0.2203457908424787 0
1.300508712666462 0.1249479133394522 0
0.5155968404252007 0.3665737233767912 0
0.663827177607248 0.2187499773153217 0
0.9257464952719379 0.08968884702624663 0
0.6010848866111189 0.02234200840970882 0
1.308892806181121 0.119497618994515 0
0.6894992700968546 0.3775235671777742 0
0.5109007339144613 0.276849142772985 0
0.7371597011688548 0.2949195668658361 0
1.088797296432109 0.2212600217899253 0
0.6166310725205663 0.1460544535179092 0
0.6626317969366291 0.03352240708832763 0
0.4808180607187655 0.1934351715651089 0
0.5459647764025315 0.1198118774196733 0
0.9232235626360201 0.3701942541454902 0
0.7753991969101491 0.03252068992961663 0
1.051564513658764 0.1731562285140832 0
1.089323752134971 0.2312474050882704 0
0.5800121003837574 0.2731917016300764 0
0.7387429889429242 0.3248676357378621 0
0.8351696667364199 0.344810984129315 0
0.07509997752143005 0.4014131174335401 0
0.7644166656049892 0.318507758816722 0
0.6120389274797777 0.2214250475201975 0
1.080940029939726 0.2366966230746663 0
0.8130715727446569 0.0906443674988618 0
1.019021261025905 0.04970826544933893 0
1.167419528231427 0.232124054490414 0
0.8393330742247322 0.2594873592522187 0
0.5025335293939648 0.117104441300261 0
0.5229456260246543 0.3412031074051917 0
0.5934778666340923 0.3775174242132465 0
0.7471256194002561 0.319419674466797 0
0.9059336964330931 0.3711032649286518 0
1.155868027117894 0.1776584868073541 0
0.1570182339820169 0.09607990909049459 0
0.5767927856260859 0.04814196809946042 0
1.018493676631854 0.03970080301857382 0
0.8273209469159853 0.3602619655095657 0
0.5449011781932859 0.2650714433393278 0
1.02687783125841 0.03426218777780851 0
0.463513119644141 0.1943052109764632 0
0.9194752162961438 0.1350778797641501 0
0.5867588758136466 0.07262897307199759 0
0.9110913576924224 0.1405274390965329 0
1.026349253546548 0.02428636208562571 0
1.895668760795241 0.008354342201186249 0
0.9399944902434242 0.3593008090976266 0
0.9341300594277289 0.08423925490167512 0
0.158147361885033 0.1158335947542286 0
0.9236353765281071 0.04974448055794958 0
0.5589826443192896 0.03908786913619366 0
0.7057432230410547 0.1914668066804079 0
0.7277232970159756 0.2804033323549167 0
0.7868700535349525 0.08702537101357641 0
0.8100219772153169 0.36116347048606 0
0.8105442246938834 0.371147649947674 0
0.928913191574819 0.1495973899238055 0
0.5878129072913586 0.09257853501286578 0
0.8795816883866396 0.3676990735404212 0
0.7544522344336619 0.2940077167879474 0
0.6888692847327992 0.03715990025236102 0
0.6863429131839851 0.3176212223044016 0
0.8802507631027974 0.3774804905673005 0
0.5035862436302097 0.1370232849765097 0
0.9473237011088376 0.3338805434831292 0
0.7203470126639306 0.1405914664079808 0
0.5069082220797901 0.1970543620676491 0
0.8482435811552229 0.2640221101084234 0
0.5831616318759464 0.1678524445676477 0
0.4329832293836103 0.2759599368822718 0
0.9478513384029088 0.3438663431921337 0
0.9372971763799676 0.1441485870757427 0
0.8267879552884208 0.350262949635099 0
0.521896694692942 0.3212550726271808 0
0.7957803045954164 0.09155943909587569 0
1.02799821334839 0.2194679817731563 0
0.5408275004369987 0.0208317797822084 0
0.9425131380002325 0.07878907910443583 0
0.4899432419443462 0.3729298360694198 0
0.4439503318875112 0.3203102754399791 0
0.5067070836222369 0.3620566302835634 0
0.7932606054936051 0.3718799461516878 0
0.8346430894010546 0.3348261509329086 0
1.010703924067444 0.2203815871906377 0
0.3686872031374577 0.3691107329272524 0
0.4246701694703074 0.1162431466797694 0
0.4340612272312162 0.130697471949944 0
0.5443702664944445 0.08990019187874232 0
1.002320269903314 0.2258321171914531 0
0.9425725734721409 0.2440147473440461 0
0.9467359135862776 0.1586685101683639 0
0.5192662249335644 0.2714154768786867 0
0.4518063153684806 0.1396976890703529 0
0.1238766564122227 0.1178501322862913 0
0.4907553317989058 0.2178464306428642 0
0.3843291682495295 0.3383913449185096 0
0.9419850005926116 0.06880377900933365 0
0.7628327325987789 0.2885598710376283 0
0.9509569737545417 0.2385642358001449 0
1.002846503902865 0.2358185001890125 0
0.7146487105303224 0.1959981495493011 0
1.09559674148915 0.1858515816461007 0
0.9944637582217806 0.2412676652925837 0
0.8146551584122508 0.120592150588812 0
0.3702019806600798 0.3883540443218397 0
0.7423212508930174 0.06435608962524569 0
1.086156601380334 0.1713314864109826 0
0.9561757521083378 0.1731896044916983 0
0.8062729507564254 0.1260413934748324 0
0.9141992689808858 0.03523033420062804 0
0.977169325194384 0.2421812216959653 0
0.498296979708714 0.03737953936479249 0
0.4643074635128852 0.3792466525250667 0
0.728725702897811 0.1351443768609599 0
0.3686856548441539 0.03946566804200183 0
0.6690538541029312 0.3185318278214552 0
0.7560342198570544 0.3239552552400436 0
0.8198684659923077 0.05524093521151552 0
1.085628737724706 0.1613452037750463 0
0.7282512989087927 0.2903849976006013 0
0.5637608895215079 0.1288624252865351 0
0.6261029781331191 0.3257948042645736 0
0.8561001895286166 0.2485873379186587 0
0.6715756208729811 0.03807875755659584 0
0.6245201743754327 0.2958591911315205 0
0.4815636666008748 0.04828278402797656 0
0.8235641356011325 0.1251261488957266 0
0.4685477406760419 0.2940457812680737 0
0.7087997508294394 0.08615671459955213 0
0.4225472047453422 0.07648743437924929 0
0.8041620748440921 0.08611099989751732 0
0.4619931069365958 0.01836601033784779 0
0.411998110094647 0.1971292374498684 0
0.4915214409596451 0.07273653865355514 0
0.1956169071620167 0.3476862547316736 0
0.310304447880655 0.2223518549476944 0
0.7230280630381203 0.1905485081246598 0
0.03239607251668275 0.3507518576936606 0
0.4988425692232402 0.3775187089800914 0
0.7403181067054143 0.1896306151275139 0
0.6517678293060282 0.3194384851445403 0
0.9136649565597624 0.02524189373571642 0
0.6344838894797861 0.3203495636837099 0
0.4925764478682295 0.09266122315714304 0
0.4287595971561877 0.3610587515437241 0
0.4460148747129165 0.03032466264171116 0
0.8403299987982797 0.1142279169571523 0
0.7455409176415938 0.2894728844930094 0
0.7177090137619073 0.09068922441469765 0
0.6104435441829885 0.1915209949601621 0
0.6569360819218506 0.08890453422685962 0
0.3597185090407926 0.374872762501577 0
0.4214237379538619 0.386432175378047 0
0.4388432652481877 0.3859572541218014 0
0.6847695986425828 0.2876733953019744 0
0.38814732594096 0.2434395516940367 0
0.4191187046167396 0.1718371884384782 0
0.6150886082472576 0.2813495680442574 0
0.1890357281870524 0.05458086612663807 0
0.6842431515187999 0.2776921711375434 0
0.05090361232806839 0.3798930944836872 0
0.4523366048803094 0.1496375808231311 0
0.8319467054545109 0.1196777037812912 0
0.7260901955717349 0.0852415130554873 0
0.02501331278213015 0.3761268313210105 0
0.5762546949838632 0.03817438606884652 0
0.6674775305063156 0.2885896929686373 0
0.6072030471150187 0.1315545454349292 0
0.09454067415253875 0.2086857168550423 0
0.639650397240681 0.08982192725954831 0
0.3326285259499306 0.3410582171790132 0
0.3958894415992561 0.2178727951363604 0
0.9326124866617352 0.2195049497786869 0
0.6418092963871285 0.2949509779556573 0
0.07457617950046913 0.1502108574322721 0
0.9153188314373994 0.2204189220277024 0
0.8372367896034043 0.2195416689016915 0
0.7349987070849994 0.08977391000039761 0
0.4648676226794779 0.3890238631696791 0
0.3202013214386968 0.2465122566089043 0
0.7281983538629435 0.1251637931789177 0
0.7449601163801115 0.1142661835653346 0
0.8980257385056813 0.2213327767985994 0
0.3298773804864343 0.1163033141990921 0
0.05230414217986534 0.07221623527557533 0
0.4763963815054988 0.2786499802704216 0
0.3646685002459752 0.2894264740850838 0
0.3947563963977488 0.3728080085010284 0
1.000207929733494 0.185887590039114 0
0.4204366828407375 0.03668641111470441 0
0.8807348060588429 0.222244843961153 0
0.9907672676714601 0.17136993902274 0
0.4219056159702798 0.2214590819674961 0
0.3530821904684383 0.07023983132935788 0
0.4037100720531942 0.04755668185071465 0
0.05052776801490544 0.3700881464423482 0
0.753868878667954 0.1188001829928069 0
0.444463594788024 0.3302701677309659 0
0.6223702612908486 0.09074581985417865 0
0.990239423457106 0.1613836609660701 0
0.6501850976481388 0.2895052054610139 0
0.8109602593275806 0.05070954136017042 0
0.8817830994461529 0.2422193219067631 0
0.4147254080376785 0.09185666696930068 0
0.7565602296841794 0.3339382247312602 0
0.8125429466192486 0.0806619325072187 0
0.3397462243702968 0.1405565280871287 0
0.7365786189729648 0.1197150826566881 0
0.3808440887845722 0.2686735488654948 0
0.8424413111273276 0.1541639813930356 0
0.7570872203493786 0.343922476752618 0
0.05887606991322847 0.03696539148350667 0
0.3309292367738212 0.136061477315715 0
0.812015505519106 0.07067770289054881 0
0.1029431441091453 0.3772223783426253 0
0.7607212878481034 0.2486324921424069 0
0.7433796720132859 0.08432553488070493 0
0.8203967489702377 0.06522563733602768 0
0.671053529557025 0.02812049699961336 0
0.6156164221141449 0.2913260937110882 0
0.7576190276581662 0.3539043445311092 0
0.1968262650287188 0.039220819394613 0
0.7696367820665817 0.2531640708246257 0
0.3948200488220214 0.04304516954740539 0
0.04911429720444183 0.1562081575028064 0
0.09789361693155563 0.1143850279485055 0
0.4136664000119205 0.07197156773956656 0
0.5673508994190619 0.03365341028808014 0
0.6433893470253838 0.324882553772659 0
0.03649683320218777 0.09296940246588621 0
0.530795031192951 0.325787961436764 0
0.7334130767983413 0.05982768336050356 0
0.7638325162854543 0.1432967681554447 0
0.3907889284694677 0.1280265924616101 0
0.7665298152585623 0.3584390645618106 0
0.03206544195963335 0.3408031667271069 0
0.03932582929715167 0.1318125943523006 0
0.7428509403968893 0.07434170101421858 0
0.6708097626723726 0.01739189728694332 0
0.2122586946032786 0.3369445370963733 0
0.7754369209759303 0.3629782315355943 0
0.596186208793953 0.08713499671279271 0
0.1100455914823915 0.02401626271552948 0
0.5391757104073622 0.3203489232560219 0
0.07412352860224458 0.3238019455104452 0
0.5292227085824462 0.2958798733124399 0
0.4257250895905111 0.1361233269564883 0
0.7759622773744963 0.3729631908725107 0
0.03142635266819704 0.3208199780658815 0
0.8104422585525412 0.04074548577033713 0
1.450168855013886 0.03357490511431185 0
0.7849227946494718 0.376979322626568 0
0.07957440399740823 0.09556363804611198 0
0.3025895529915092 0.2375790590866353 0
0.09782030110725337 0.2779761635062602 0
0.3168955102351138 0.3717398473156412 0
0.5072535349053873 0.3720746173017884 0
0.8188215760479235 0.03529269310176528 0
0.662776716641531 0.363909015988684 0
0.5480798667359809 0.3248808599442376 0
0.4784543677342008 0.3185273750913594 0
0.3148976507901827 0.1567372227060249 0
0.6328980642480608 0.2904169457371677 0
0.8184372574839192 0.02574619878546971 0
0.5197894837405799 0.2813783806239986 0
0.2067193242382592 0.063524187128465 0
0.6050917456530376 0.09166331753382621 0
0.09873540970002281 0.2977723239241558 0
0.05467961938540356 0.275095586728761 0
0.04712757180319227 0.3001629823864768 0
0.08674097643389378 0.07025486926928268 0
0.2953101509395903 0.2626460939911011 0
0.2058978427751865 0.3725837542429464 0
0.5962893984310151 0.2522527103445025 0
0.3175785435244829 0.1969807176714455 0
0.2362097063884691 0.3010879415104419 0
0.4453875688289465 0.02068356734081331 0
0.1674330672372695 0.2945642053474484 0
0.7328821470469673 0.04984547735831216 0
0.6454966761900123 0.3648040515976145 0
0.8115681880637418 0.2258961238556595 0
0.02669130833808042 0.2417604049832515 0
0.09848343180749719 0.1242767847972884 0
0.2870544436616798 0.2680146272654544 0
0.812086110441641 0.2358925635899383 0
0.623953823612477 0.1206630247418027 0
0.6462270250980602 0.3748057729205791 0
0.1223234550933706 0.2516634631969323 0
0.07045780106177579 0.244544911453565 0
0.1028161773657552 0.04940545619788497 0
0.3387082934050363 0.1207942818905652 0
0.5564544361364944 0.3194412619021971 0
0.803706399841671 0.2413413183883935 0
0.4611993739475021 0.3194134139264387 0
0.1641687335294613 0.07089191749224683 0
0.1603883581692973 0.3295430258529972 0
0.1344455110046792 0.3258387757442479 0
0.6155777001378533 0.1261094242335357 0
0.3254724702663119 0.3750735919271053 0
0.2586694385243743 0.07057672549835373 0
0.1951259746360071 0.3377816782013406 0
0.7323503793755723 0.03986940089512675 0
0.2326956597687642 0.06704351862451596 0
0.238215634981218 0.3406304195596618 0
0.2318414443820906 0.3761221009392536 0
0.2153091515113561 0.3781841489197659 0
0.5464960839899093 0.2949744545085934 0
0.9048241312334471 0.1859239801576903 0
0.2703367955492042 0.1245350755403997 0
0.452827386344864 0.3248448890675659 0
0.1139082990297138 0.09359983962600252 0
0.1824564334559148 0.08968989391133697 0
0.2846366826171816 0.07412568847217246 0
0.8953828196560684 0.1714111482538206 0
0.5747781548965966 0.3384943883553746 0
0.7316119773557945 0.02958116722522766 0
0.274224413890379 0.03990897761018816 0
0.8812580196233611 0.232230416078287 0
0.6328536368755295 0.1251916841918231 0
0.4005684072238898 0.3175689899898038 0
0.2558046633213097 0.3496446564519164 0
0.8199470129435564 0.2204541776313964 0
0.6286254262791741 0.0453648405863438 0
0.03699978592155095 0.2659793750659907 0
0.5427725595600918 0.05998648617430466 0
0.189584248009901 0.06448556703691291 0
0.3514652573766903 0.04044081361009216 0
0.14559100152508 0.3896088623521355 0
0.894856032707524 0.1614230200896769 0
0.5664044931488277 0.3439344075864917 0
0.1794537451581441 0.3683110047123751 0
0.1707520640894188 0.03569991409063536 0
0.1019503742720629 0.1835404061444551 0
0.5668213364589838 0.02365170527144328 0
0.2909896124406492 0.02904255354308485 0
0.6134677777771409 0.08621993898678267 0
0.2490831761130993 0.3848782801069758 0
0.08992099324100922 0.2932120040981402 0
0.558026757960726 0.3493715807458145 0
0.5590636850534689 0.3693465629301241 0
0.5548701987688693 0.2895334684424519 0
0.5333312956964932 0.04545683142626702 0
0.383344620565035 0.318444497662012 0
0.08020631948982437 0.2688941542141775 0
0.5508726363234608 0.374708691052861 0
0.6496116913870728 0.1142997751105093 0
0.5203098628580024 0.2913412770294687 0
0.06528174221339134 0.319252654397952 0
0.3020437870899744 0.2277283996093535 0
0.1029319271095411 0.2032339124140747 0
0.4202457237069436 0.1917318385463094 0
0.6522926536451565 0.3294169945017522 0
0.2089985979254487 0.1030482890112113 0
0.5162139624467762 0.3764896094754575 0
0.0746254741736232 0.3337882821688707 0
0.6528217858689619 0.3393992114748792 0
0.6617262798724572 0.3439361254301438 0
0.05173285089394852 0.06226324627910404 0
0.4454857535985887 0.3502037305909485 0
0.1932658290723288 0.2982415908964289 0
0.5009427483787694 0.0872237494491708 0
0.6480748995838523 0.2495971177548506 0
0.6412313098735598 0.1197484332984026 0
0.2765634223923276 0.22417126999455 0
0.7591641666270386 0.2186634352333504 0
0.4376272665600898 0.3656038783045192 0
0.6622530278758851 0.3539210722170575 0
0.2879301815973807 0.1334518597453691 0
0.3714216498142061 0.08920265550042866 0
0.5160912087041951 0.04642989025442712 0
0.7418757827981052 0.2195805476250245 0
0.6569888284133468 0.254120603381116 0
0.4345893936200239 0.1406332122845514 0
0.5653565665772678 0.3239695933344999 0
0.5375871810584155 0.2904431014843522 0
0.3896929738427232 0.2731926062731581 0
0.724590928816623 0.2204930816993021 0
0.3953141377294833 0.3826896852197688 0
0.5154816291196804 0.03622082236947435 0
0.158659022540053 0.2900473288067367 0
0.07728795555332302 0.05581512546939585 0
0.6648352513781057 0.238697840029206 0
0.7073137732865522 0.2213995102978175 0
1.728978296838486 0.02256727808329684 0
0.5098363997062596 0.09174517393932644 0
0.5742554569913478 0.3285109429715254 0
0.4031699935171033 0.03761122391813132 0
0.5066198777555996 0.03187766771402631 0
0.7083437401451539 0.2413833542516804 0
0.1244196963441587 0.2916391748887189 0
0.3661093087996463 0.3193492725463095 0
0.1552882080524203 0.06642919564628905 0
0.2581228437327384 0.06066662190916514 0
0.1261288111246447 0.3311959723142451 0
0.6910737298768893 0.2422832797889908 0
0.3569682483361349 0.1397630009083684 0
0.09183892798783577 0.3329370507432017 0
0.4429315390415892 0.1352015432581423 0
0.07785317104453338 0.06577696480209697 0
0.04285111516423834 0.05777671118851782 0
0.5182130662099398 0.08630439758461073 0
0.1038519958508395 0.2229634502100901 0
0.6218393625239098 0.08077442241181924 0
0.7916286535403875 0.1768919093530338 0
0.03055697264322377 0.1273646944732481 0
0.6522466691090054 0.1641810866816769 0
0.3489019774929897 0.3202336880771468 0
0.1529432314173661 0.3547204594777733 0
0.2697368551708359 0.1146051342662609 0
0.08561290548596712 0.05036502948735699 0
0.1133575011668351 0.08367999371763148 0
0.3542361541595855 0.09014536481760296 0
0.6213123140126473 0.07079700075252562 0
0.6606316830958117 0.1587472216174311 0
0.527106037885185 0.09082493933743903 0
0.3392235157003969 0.1306889002843307 0
0.2934398090802555 0.07862008499312603 0
0.2387146221796067 0.3505380138515537 0
0.619723630395637 0.04085562331776885 0
0.6296872339852084 0.0653429545505578 0
0.03446456921562313 0.06314792064710709 0
0.3846803284732261 0.01918234542933819 0
0.411540704987067 0.03219276005150681 0
0.6700660860904493 0.1732617621997865 0
0.6291584483945891 0.05535691188856973 0
0.07142252210172861 0.1010146624222832 0
0.1691935278604879 0.3340793416918352 0
0.3985437703379413 0.2777151111349639 0
0.4230739738682066 0.08642918835076788 0
0.2039354056566295 0.3423145663129116 0
0.2742667047304129 0.0305079192584797 0
0.5527557704747389 0.2496625620272095 0
0.232131110057433 0.05718555233730496 0
0.5585457568256753 0.359357741316764 0
0.5124814329309805 0.1415472784409252 0
0.1618729971640867 0.03121945106798604 0
0.3317077670518985 0.3211077367690784 0
0.5616723787636362 0.2541752642314278 0
0.5208550895184455 0.1361220867167801 0
0.3835357186458714 0.1532668893116371 0
0.5354782043430073 0.08538614906855316 0
0.5248713659001309 0.3803189470660014 0
0.1978756812616027 0.05905348612568131 0
0.2438814039824511 0.1111970113942247 0
0.08963477099176509 0.1198266513163446 0
0.1603807041321657 0.393065171520467 0
0.149877358515261 0.2855230167170476 0
0.1937378615463118 0.3081199337843614 0
0.6187170503918188 0.03137746462752369 0
0.09393857803992622 0.04491265105722528 0
0.399051546870886 0.287658738833887 0
0.3108446594619291 0.232201402683345 0
0.4319521136853076 0.09093979716159847 0
0.06163363067760996 0.2399560725481039 0
0.2492903101942918 0.05621639476122456 0
0.02234157173641704 0.1235616218170962 0
0.6465546921128942 0.2196068823218622 0
0.5302559895774053 0.1505957650452421 0
0.453339865847177 0.3348111896396596 0
0.2084196196816031 0.09318712661096896 0
0.6292844767462304 0.2205235440744569 0
0.4502391405945629 0.2750394682952382 0
0.3840199198972608 0.1631439619902602 0
0.1470384567685648 0.07187864257431195 0
0.6209085349855874 0.225966186662983 0
0.5438409973936714 0.07993814932932972 0
0.2475416108090518 0.3550635068614775 0
0.1168598605818073 0.316762800703528 0
0.5386394720987794 0.1451678659423798 0
0.1043343727564142 0.2327945365474816 0
0.7078250103239679 0.231384079816163 0
0.442408583149335 0.1252609271155806 0
0.08149066686176365 0.1252653468443848 0
0.06954606239595251 0.2247181797391244 0
0.739775497059516 0.1796291009089268 0
0.4108515918789799 0.02261008111969609 0
0.4413459438176429 0.2705320491776173 0
0.6219079742428661 0.2459955186708038 0
0.5338793687078796 0.05545994885524505 0
0.4591184223838843 0.1143826571541389 0
0.4580744314677676 0.259668909825768 0
0.440310277771748 0.08551338428300438 0
0.604682154341916 0.2468211366777589 0
0.5433097359050216 0.069962819351611 0
0.5480560269543028 0.1596525299038818 0
0.4538531844842462 0.3447852765546833 0
0.5580192415721924 0.1841220527465414 0
0.1612161294836779 0.02181511376675749 0
0.1696759474937725 0.3439785034722677 0
0.1304911436511172 0.08273084773613228 0
0.4507619258179947 0.119823040238799 0
0.3937220523987841 0.1780990080682515 0
0.4680046387779364 0.1189085551849591 0
0.44919712860954 0.09001572451595431 0
0.5685376981475659 0.2187665427262617 0
0.4575639124447 0.08458311582016112 0
0.4659170017946259 0.2442916860879767 0
0.4734095294670508 0.2188108178332637 0
0.06909137419149669 0.2148253606157785 0
1.524980651334482 0.008183740076151774 0
0.09592850304288225 0.2383189618788825 0
0.4459952318213974 0.3601879041758282 0
0.4361607467580245 0.1705801858161581 0
0.4570217970877282 0.07464745036561377 0
0.3370342357944701 0.0910640991793209 0
0.0894715644265407 0.283316648274706 0
2.119791627423836 0.03540160506491857 0
0.1299465766257901 0.07283182037203936 0
0.2044356679477677 0.3522192203002176 0
0.1913198077862734 0.09414022851281412 0
0.4779399583633499 0.143323737031446 0
0.1613177939957632 0.34935112813816 0
0.1138045990441212 0.4004933556374127 0
0.2403533703548105 0.05198368520002683 0
0.1973374958076173 0.04914808412547825 0
0.5512919374962779 0.2196511610575357 0
0.3190997953593879 0.2268112461587636 0
0.3145228457442836 0.3219737423151805 0
0.2526979670051691 0.1156192129075925 0
0.4564968015479989 0.06469238766235444 0
0.4381614520541913 0.3756843260795734 0
0.3199127890059837 0.09203764482468843 0
0.4055799327325273 0.2422790352573626 0
0.09641052054546595 0.2481655114461715 0
0.2132473351939894 0.3567517297376166 0
0.46485407184867 0.05922192307880181 0
0.06023312050239737 0.2101847213030129 0
0.5340162608387842 0.2205958352001521 0
0.4643254095035997 0.0492757865880577 0
0.2056274781454275 0.04371453534372219 0
0.08066954305480123 0.2787762718039799 0
0.1441610774798616 0.3501582483588004 0
0.4726970751331711 0.04380910945471797 0
0.2973914110270662 0.3227904467283966 0
0.5167998136490541 0.2215140275547069 0
0.3273957490134258 0.2214267166993739 0
0.0934657226093123 0.03512894813687814 0
0.429123888005276 0.1962398277419731 0
0.3110771948233403 0.08755280189446016 0
0.5172390290144682 0.2315782870622789 0
0.4810616529602977 0.03836623521350774 0
0.1270957841256423 0.3510151304890134 0
0.4895378794408799 0.0329436140404937 0
0.5088993488504808 0.236950786935125 0
0.6214078301287862 0.2359710554130642 0
0.6187925818621824 0.1860599260601718 0
0.2140005549431572 0.3670352004208288 0
0.6182548780332623 0.1760582034164438 0
0.06817464126095851 0.1949957442604678 0
0.3361849951049789 0.2258733715842431 0
0.2982708928541123 0.3427748214443292 0
0.2052369549587942 0.03355531078980592 0
0.310468231365335 0.07762755665312129 0
1.998065406653421 0.03307495101441657 0
0.3444292126642593 0.2204648584687194 0
0.06770047725172401 0.1850957415698904 0
0.05051413306685815 0.02254013539850108 0
0.07229314136804943 0.2841367010415206 0
0.1091596860518185 0.1584429356688986 0
0.456135075614079 0.2197622425523729 0
0.1173567319993695 0.3266721847691051 0
0.05885384664338256 0.1804251038980129 0
0.3480845730136374 0.1352138441200116 0
0.2719390394886989 0.3289930767749623 0
0.4389711652875131 0.2206269855058008 0
0.06392660916574888 0.2895079234541885 0
0.2826886495820852 0.1886633627180497 0
1.844399986519633 0.400346165778982 0
0.4306349074995004 0.2261020941353117 0
0.3071803631851966 0.01921071595231161 0
0.3573813502379877 0.1495788997306619 0
2.034781511886229 0.4002521293000423 0
0.1382151002542733 0.0674077963365545 0
0.4977490486780538 0.02750453875886177 0
0.4309796531509748 0.2363051160523611 0
0.0551187283103538 0.2849440292129599 0
0.1331608639856831 0.2961702201332281 0
0.3359210920745765 0.02579092923521031 0
0.4227012050462512 0.2415908315201971 0
0.008523435295165971 0.08499999999999995 0
0.1282496883791386 0.04305509025408863 0
0.1344894204079479 0.1607866416924217 0
1.179743787765785 0.3944329955218727 0
0.2640227428716482 0.3442960507499724 0
0.5152125680826781 0.1915640503988058 0
0.3785537238313489 0.2188092427967289 0
0.3662403829044293 0.1540512352952425 0
0.05830188318854224 0.02703296228260013 0
2.173783794745803 0.07426238435976751 0
1.052502120312336 0.01854615622069553 0
0.1364983280009956 0.03761770270139309 0
0.1415417961877273 0.2908379944044628 0
0.3614266000484208 0.2196569789905736 0
0.3745870009566701 0.1486659627965284 0
0.1359129889079126 0.3555687207157032 0
0.5057612151478399 0.1770069904667305 0
1.639507881786653 0.01696778031031984 0
0.05841670194302884 0.1705895289565673 0
2.164171595944912 0.2244932318770494 0
0.0463475559810842 0.2803810080124839 0
0.2636118024895537 0.3343809711163005 0
0.3016681432332786 0.07318019701627695 0
0.3544575457853847 0.2548718116300279 0
0.1178596426309237 0.3365815846338209 0
0.07552635043473388 0.02582104627580112 0
0.4141013043329796 0.4013038680004415 0
0.1376446322586889 0.05750967917264285 0
0.0373053871672766 0.2759126428506846 0
1.901953191784789 0.02321653240296767 0
0.3846024604442579 0.1731137190113415 0
0.2705117116005209 0.01622766918275032 0
0.7302861958191207 0.3935904516462985 0
0.3466083781536531 0.2704408193844257 0
0.1183582417435928 0.3465628302350502 0
0.128816892779996 0.0529870878997459 0
2.181669841485201 0.3748110285517686 0
0.09215776215622862 0.1594079882826295 0
0.3297666340912001 0.270890864827249 0
0.0287000693481958 0.2712394031238953 0
0.2978490577136416 0.3327616816435512 0
1.344929406639173 0.4019837363689807 0
1.260131599567691 0.01710271934332899 0
0.3125869676668547 0.271873697387089 0
0.2957751560275675 0.2829653749205672 0
0.5248589150311348 0.009698073671778495 0
0.2956785279219255 0.2725394040240976 0
0.1361018273619714 0.02728025939505682 0
0.04960476430926897 0.1660062264669762 0
0.5750218300193155 0.009510680552013207 0
0.3011334047483194 0.06329638325039774 0
0.4459352231748951 0.1948968125671407 0
1.868894586842167 0.3750597641921311 0
0.3531160675420745 0.2250134404810212 0
0.04082803874126872 0.1614693321088141 0
0.3093966119950061 0.0579129078061022 0
0.08332654794053629 0.1549073246624054 0
1.559119346275256 0.01635501883121235 0
0.03284229442351094 0.1669333504183281 0
0.3177141146189922 0.05244794606795641 0
0.333347789836984 0.175621502371991 0
0.4049999999999996 0.008361927799012875 0
0.1280905185311739 0.1767506447888969 0
0.3172192832055056 0.04252376824272786 0
0.4185742992530201 0.1617322589378445 0
0.02386481276958174 0.1531053467021553 0
0.2707369354957885 0.3937359950427705 0
0.3253613857791582 0.03730053426894711 0
0.008224531746857222 0.3549764315641722 0
1.034716911356679 0.008496812733418041 0
0.09421945958719702 0.383285226922591 0
0.08277753649589381 0.1450048651361963 0
0.1364034542162049 0.3654921064745369 0
1.064787365918163 0.007986039201048456 0
0.4277960660118511 0.1764005912521467 0
0.1281328595504601 0.3709297870312657 0
0.2644381207940218 0.3541936550189527 0
0.2529115064016678 0.290526661080833 0
1.289338486034793 0.01683446279699466 0
0.128616079618554 0.3811006809418419 0
0.2649849314334308 0.3641523676465651 0
2.192045325043954 0.334566325420904 0
0.2738487558657969 0.3687703347668223 0
0.9451411426141039 0.402238207790827 0
1.945729197018808 0.02573963320998346 0
0.261535658282866 0.2850912333711947 0
0.1896396500607312 0.3928776653811604 0
0.2745210677915776 0.3786490844595559 0
1.999735164641815 0.3935454975017381 0
2.182949074180613 0.1200434981674519 0
1.808704462980735 0.3834123133599275 0
0.28761196430905 0.2881387218071353 0
1.695954303747975 0.3853305342267448 0
0.07399912388513696 0.1405012962121531 0
2.112547525620656 0.3921867341710086 0
2.182700040355372 0.07955640964858515 0
0.05401182166726826 0.1017773242270462 0
0.9687554196271765 0.3924650292036508 0
0.3423818759313401 0.1801490195098094 0
0.4283764041645274 0.1862072247261701 0
2.164837995873533 0.2337159722096111 0
0.01880606284176434 0.07437318129515491 0
0.4197985187058791 0.01653207445123395 0
0.3535663170711641 0.2349341005477318 0
1.485899419788025 0.02558233342634117 0
0.8793203554263174 0.01700993848358343 0
0.3540446384555322 0.2449171134780356 0
0.02631149381643505 0.222548175106703 0
0.0734799705753757 0.1306140076478007 0
1.352432666962068 0.03386289543233664 0
2.018183489881468 0.3927157810867399 0
1.601378688655046 0.3942049235488843 0
0.3462759705676313 0.2602540966844 0
0.05981746846576441 0.3935933520267244 0
0.2457424362114413 0.1405579120829953 0
0.6097300617092064 0.01719442808683128 0
2.172962100745374 0.044256695570042 0
0.335654327895068 0.3839655063275348 0
1.331030604000232 0.01634849229487356 0
0.283246391126623 0.1988518017947886 0
0.5952626102972213 0.007964986688485803 0
0.684856870083874 0.008341999801908973 0
0.008262150603631335 0.01534428901823923 0
2.18469326474182 0.4017872159070377 0
2.18510106817406 0.008316751966005148 0
0.01657921588580757 0.3504426233334381 0
0.800594909946597 0.01706641591901806 0
1.814986181915259 0.01848861475783306 0
0.07292189451688369 0.1207866558667419 0
1.824243798868618 0.4019523473135477 0
0.7600473074981398 0.3927858374007905 0
2.155097557066033 0.3835079956807549 0
0.01705503335668324 0.3910336291021571 0
0.01621103033316862 0.4012068260186757 0
0.8444281498784478 0.008330096216229488 0
1.873890890784396 0.3838981967027096 0
0.1742241723066845 0.2601983772934665 0
0.06414328833735095 0.1162159159187709 0
1.160336611133281 0.393445798880228 0
1.635324518656654 0.4006991392941623 0
0.9550425626939784 0.4021631460369579 0
0.291640892811766 0.3774488955938008 0
0.2518861157560994 0.1570107151565507 0
1.8181670494729 0.3875233440442047 0
0.01732194102309115 0.2086800386027374 0
0.01842615634604061 0.09345575215454224 0
2.175870420738062 0.2451357104747261 0
0.06350838914095469 0.106400399711415 0
1.29640744937818 0.3750842950116571 0
0.3961224469224482 0.3917922402142284 0
1.659678981215001 0.01783587891576627 0
1.253535741741693 0.3921237765007137 0
0.2664511522934694 0.190841959974326 0
0.1829426785716958 0.2648980283169346 0
0.2589807214479752 0.2458416276285564 0
0.1549999999999994 0.007836193010609643 0
0.570859668286203 0.393563118032065 0
0.1682924440387856 0.01613189525023095 0
0.5857258347523145 0.4016566690452104 0
2.182528271146973 0.03937858554371784 0
1.924999999999998 0.007835960156614113 0
1.848331552907053 0.01615865881116926 0
2.039386647586405 0.01694628429679959 0
0.04637342461278404 0.1072166914644154 0
0.9745446780456267 0.009258510050908636 0
1.65588540454148 0.4019476054433312 0
0.5334246650154912 0.3752817062862526 0
0.2106648686731598 0.01687997215081735 0
0.6806758758787563 0.3933451237798921 0
0.3749999999999974 0.4022011437554545 0
1.835077051433303 0.007783226798234927 0
1.141702990857059 0.3920676035608172 0
2.128443627075337 0.02109574551291901 0
0.01688776774701739 0.3809787502379213 0
0.724236532564821 0.375510772764122 0
0.1555731567912647 0.2501637861746555 0
1.734815361202536 0.007949858770984308 0
0.9892683153870501 0.0162725930453417 0
0.02724508264179692 0.0584048280347905 0
1.164811658724646 0.009326739356627645 0
1.894795489021266 0.3587256889839981 0
0.03750771954171106 0.1027021310367377 0
2.054522174584772 0.4017488554703897 0
2.192083063845851 0.09489433849267662 0
0.6546629154325841 0.008180137010920768 0
1.331819338613153 0.3928441993317334 0
0.02611080991247361 0.2019815147180189 0
2.183083787134076 0.08942065889504397 0
0.02842356929913814 0.09813135300797046 0
0.09276175953437393 0.02568407685363303 0
0.5427270548302042 0.3794863604571336 0
0.2743292717667649 0.1839349855630301 0
1.410803885123141 0.3932464947263561 0
2.164204766335283 0.2547536160959616 0
0.740000002808612 0.3937015796914457 0
1.156896292598892 0.02328608362939638 0
0.6017658548433495 0.3918008547438301 0
1.063614445028457 0.4025004824943675 0
0.2004595590299715 0.2651843484137316 0
1.389422968418577 0.01532670749577175 0
0.6285574596979024 0.3748950953818818 0
1.221245397220779 0.3938104669333914 0
1.895949907373103 0.4022991555358906 0
0.5494696735482191 0.3933303872035198 0
1.179786904554381 0.01648517258517346 0
2.191142741238388 0.04459085970167603 0
1.260967982759001 0.03743767531254427 0
0.1566848157002225 0.2607880535147585 0
0.01640309172487586 0.3707011504323019 0
0.6255782323032841 0.4021260369417052 0
0.2493932720876407 0.3935833335316746 0
2.095730614121833 0.3923457402044482 0
0.6115171365766503 0.3649373209228913 0
0.6376844820956566 0.3797020333718941 0
2.073859029282634 0.02454800200937432 0
0.1457249505864776 0.2363806796947426 0
0.7338587061185202 0.3796471833157588 0
0.01729856736728186 0.2286697192157368 0
0.2193967501634386 0.1450872867671698 0
0.2181663542214989 0.2717683477279942 0
1.236857200829626 0.3927562975324176 0
0.3429863622657567 0.1904369079524302 0
1.199941210230147 0.01609962016976044 0
2.183251372372808 0.1093581599156813 0
0.02539727165507655 0.1925709030197943 0
0.01567749224846726 0.04964621903913358 0
0.1374108575895949 0.2224282133211169 0
1.270405992992074 0.04208560389276 0
1.964138698442778 0.02502792265948905 0
2.079862734179589 0.3935306192582212 0
0.4752553799984964 0.4023456768537391 0
2.060442523172751 0.01648676153749046 0
2.183575404490797 0.1717774878065933 0
0.7050251127337968 0.007261891253285996 0
2.176021475625964 0.2644595904228 0
1.028823567252671 0.3934598679494431 0
0.9662717001505831 0.02360451984333789 0
1.580852512015569 0.01642348961728943 0
0.1806030545926287 0.3776010395381739 0
1.08719090358527 0.01708909886662499 0
0.1267352031723047 0.1872925625409892 0
0.2396101885783304 0.04274751182799816 0
0.6646930554794575 0.4029512882063209 0
1.558794870549382 0.391686198574079 0
1.286946608993714 0.3809615234741678 0
0.5350000000000017 0.007294838610821919 0
0.2372438970557608 0.1450113493232715 0
2.065224474743176 0.401610999101084 0
1.0093450559899 0.01613307197024316 0
0.8966019668028461 0.01733656055256813 0
1.500010453895574 0.01604422361427163 0
0.008238154058852309 0.3652713001357442 0
1.548725511231055 0.3759261911550166 0
0.2215675975091215 0.03407093381026274 0
0.2824312063643151 0.02545585449730128 0
0.1351748981210534 0.1996484670865939 0
1.985162268317119 0.4024039826617479 0
0.2492286533368312 0.03638913769044511 0
0.3516596728120077 0.03164903622842541 0
1.428420199941707 0.3935008859688823 0
0.3583284228042627 0.01740238309504014 0
0.333358952437523 0.369708315854481 0
0.01616495469749024 0.1795691900220245 0
1.34153639413587 0.04728634649997618 0
0.4346973278573322 0.007619766757980845 0
1.529860741751106 0.37677178846575 0
1.319978161595667 0.02897707881626163 0
1.423606930874079 0.0240853190737661 0
0.3309635353450974 0.3931488472954554 0
1.243645199742846 0.007441713095624608 0
2.174851861995933 0.1237889771967737 0
1.679289471199414 0.3937376834800694 0
0.8177809727005898 0.01652876014252391 0
0.2283904889193272 0.1404405025972931 0
0.02641770634141971 0.03907353387737178 0
0.5480436147662761 0.01544084318196662 0
1.753663026624715 0.01723390607818637 0
2.168926962815869 0.1688590768039837 0
1.769780667697522 0.01593292867939267 0
2.134999999999997 0.007078138413691898 0
1.410166083355432 0.01591040629965854 0
1.521469871991304 0.3934039477596062 0
1.923353264196207 0.4023161500042547 0
0.1691515418862105 0.1390258023145864 0
0.9305203203467237 0.01551012948797248 0
0.8385058453567253 0.3934728126289723 0
0.007400686045360372 0.2347990630246801 0
0.8199363990688366 0.3945005371030315 0
0.02450829717757497 0.3457244396870204 0
1.393577737711078 0.3848403836775192 0
0.1411451508624467 0.1552536897591893 0
0.8735832357713184 0.3829751055399351 0
0.2699201824668866 0.230689042927057 0
0.7213118748318785 0.01658783612758843 0
0.1869943558168088 0.1366282135926218 0
1.720397120594895 0.3764673789508481 0
0.0164707156846573 0.1690172237519695 0
2.18410626160703 0.2808884354524864 0
1.010444914544776 0.3942294189034395 0
0.9121006900783063 0.01675213930011057 0
0.9324174990224481 0.393338802419906 0
0.5200000929066653 0.3944190433769014 0
1.314989932069032 0.403008694862418 0
1.490715418031942 0.3942975965199079 0
1.124782964061178 0.4031613974783659 0
2.157093356381895 0.01691791421603739 0
1.506349680799644 0.39292856679065 0
1.120412210342362 0.01583562196378496 0
0.1099768926835714 0.01541410225249326 0
0.45743467751838 0.3931776576190985 0
0.9753263667302561 0.3855230726583959 0
0.7398623672259366 0.01573499083236718 0
2.175435488178243 0.1338444497977957 0
0.7563778423224266 0.0251885439049539 0
1.789771486195225 0.01535578567400531 0
1.461785105793336 0.04276973118339783 0
0.7060194106578308 0.384793261525586 0
0.7751426968758897 0.02403590631723976 0
1.105 0.006803279569154108 0
0.7999999999999985 0.3945634473998266 0
0.1384861023392141 0.3936818769868864 0
0.6451780445716375 0.4032521325733445 0
0.7862731814749804 0.3860113880523233 0
1.8685033666954 0.01656251363362268 0
0.02432069417041172 0.163025310809302 0
0.4704432210893417 0.01557999829377568 0
0.6284116980665719 0.01624760488145419 0
0.02455987771220802 0.3359404792599842 0
0.2644365778161716 0.1479953918507653 0
0.2332939210268759 0.3850110348686049 0
1.861102188452196 0.3688957776476806 0
1.979801346528985 0.02497859249085574 0
0.02529845268247888 0.006575655665271157 0
0.5068455430613888 0.4024535147496895 0
2.193477658339449 0.3848305463038498 0
0.1884173742913936 0.01656187370047985 0
1.373346783764956 0.00764921213675443 0
1.470022404706884 0.3947199696677132 0
0.2491212816939368 0.01612482117996483 0
1.903908767165169 0.3627418746943738 0
1.307917383480138 0.3902206324031912 0
1.311235266677235 0.01613374217854416 0
2.183731756529312 0.1384490748461293 0
0.2745509745468754 0.1639004523388965 0
0.1344500634308811 0.007392704227020874 0
1.599283539025058 0.01577817452133123 0
1.887729343443386 0.3901917919114009 0
0.9496686693136381 0.01499482421402254 0
1.09 0.3947096947939113 0
1.279800386767461 0.3947721343508984 0
0.02141331870197849 0.2751078701120623 0
1.454057198300644 0.3854408964757045 0
0.3216388778494688 0.01636379425709136 0
0.4929940505686797 0.402668772143673 0
1.202683329356415 0.3841168769516603 0
0.120016685584113 0.3946586453684059 0
1.996562840587392 0.02487600212430677 0
0.4527425279110597 0.01663514845572342 0
2.172206412224855 0.01655534919069351 0
2.136659824353812 0.385348506330098 0
0.1347001911999818 0.1912029792960104 0
0.4399972114680633 0.3947505278992484 0
1.44181499907387 0.0335050758687192 0
0.2998575653754264 0.01533027522984778 0
0.0154795907494587 0.149605648844947 0
2.113191715916398 0.04225725687249005 0
0.2028009638254634 0.1259512325683137 0
2.192576330431978 0.2954486275882532 0
2.09186719070723 0.03368677032583733 0
0.2081370466496357 0.2685717109026776 0
2.015183461836856 0.02369405524599522 0
0.04532936955546374 0.00728754176961674 0
1.585 0.4034814925624844 0
1.139800565627171 0.01509667877807302 0
1.441859215669573 0.3937529105916199 0
1.937000314001994 0.4023953500844478 0
1.355000000000001 0.006509341388180795 0
1.055246268037574 0.3863827242307346 0
0.02438560888405816 0.3259748144084691 0
0.09810613301678184 0.3937754188518185 0
0.5054516020255024 0.0237784812900477 0
0.6140963213462747 0.401977381428421 0
0.8993167914043197 0.3944424101454768 0
0.1365591863720652 0.2141956219104658 0
1.948844876873239 0.3943965471157431 0
1.966570606483725 0.3934124759782422 0
0.8616479940714298 0.3765962028742377 0
0.235916494373827 0.2527692719821838 0
1.634513665720887 0.02410392463641226 0
1.710000000000002 0.0150904933353741 0
1.520318731701656 0.01509812089866486 0
1.17 0.3949140738630096 0
0.06905386015330128 0.3773048816383145 0
1.772398101969196 0.3933892443046766 0
1.666163441713642 0.4020889499565604 0
0.04416571411104053 0.4031785605079565 0
1.105383348789798 0.4035407391013559 0
0.66655768859487 0.007669070529403493 0
0.4207094336430509 0.394552938977744 0
0.3630412703856105 0.3844353065950679 0
0.6431033253245353 0.01648060804943977 0
0.9151454918023746 0.4034239222072905 0
0.01527474070704038 0.2905157050524828 0
2.184136310527129 0.1485173601907686 0
2.120598576496128 0.3948572629206859 0
1.21828303428074 0.01625149080369184 0
0.4897612802899466 0.01498499428767336 0
1.359828765690114 0.3950732986652603 0
0.08650635829125419 0.3761400555633646 0
1.851227421059197 0.3941831128231055 0
0.01506319990088345 0.1398328282521373 0
0.1998391663696872 0.3951088406032237 0
0.3325298026985394 0.03326014208100517 0
1.616790768899929 0.4030005079030472 0
0.3100030203146993 0.3950955448582734 0
1.677921644498484 0.0161205689547291 0
0.2750197635569359 0.3869203530899026 0
1.849069721748478 0.3763397114026679 0
1.900961460969257 0.01505425565553301 0
1.739999999999999 0.3951086372465848 0
0.02369157974668634 0.3153835866733996 0
1.732897384225135 0.3826713884872459 0
0.6802217301438989 0.01469832710515662 0
0.262571739539076 0.01606402456727296 0
1.758183527300364 0.3939199330932267 0
1.027552335054283 0.01599239463665428 0
1.555172178108268 0.02338993851667515 0
0.8342190390955841 0.01612238271104915 0
1.695000000000003 0.006204119954339921 0
0.3524888518947709 0.3678583844612949 0
1.319508982650533 0.03882602261918347 0
0.3750973948281112 0.006269361219840786 0
2.041618477310455 0.3940202878543094 0
0.1613606557713364 0.3770514014077282 0
1.343400922120537 0.03773055157502389 0
0.02305084551730774 0.3057818569265536 0
1.602811278541391 0.4026034048854643 0
0.2927741765584857 0.3853048341256133 0
1.339866393704506 0.01488350344773773 0
1.06027158302455 0.01472472738080086 0
1.375047339761138 0.3861813002986693 0
0.06575473653493802 0.02377684089868623 0
1.904999999999999 0.403927770879474 0
1.257242812596917 0.007365365581272848 0
0.8551306988044175 0.00674046888605509 0
2.176360476735355 0.3079387237882712 0
0.02500000000000679 0.4039355496406269 0
0.05719651162403627 0.3845861411936656 0
0.8800796350428379 0.3951823596112689 0
2.184399114529388 0.3014421780249008 0
1.88300425374894 0.01624689776024976 0
2.184280227409342 0.1580258268836985 0
1.540000000000002 0.01470938311141504 0
0.01482217092565441 0.1298604387152811 0
0.2023032084196201 0.01577564404748932 0
0.8701184872167291 0.01445214217037916 0
1.182800524687026 0.3864331834922562 0
1.919617668579612 0.01440256459438943 0
1.479067587368876 0.03267333718849411 0
0.6214381950760031 0.378825220351985 0
1.56517548088111 0.4038644066609015 0
0.4104216609365732 0.01455999470908467 0
0.00732050807569129 0.00732050807569179 0
0.007320508075689736 0.4026794919243077 0
2.192679491924309 0.402679491924309 0
2.19267949192431 0.007320508075692234 0
0.2522788081127103 0.2519802016239801 0
0.5677545186928681 0.01593196718103357 0
1.705030968741919 0.3867971853620809 0
0.8523468700337453 0.3940344622010784 0
0.2274041008958518 0.2693071301271512 0
0.5996682709012378 0.01426687181599404 0
0.6912759530061848 0.3850511022062298 0
0.2150282194996445 0.3864056622145055 0
0.9945395629034524 0.384368192541 0
1.044804887953958 0.006005608016559888 0
1.260750162938366 0.3948878554820303 0
1.942593279487961 0.01639495241245914 0
1.790495323441741 0.3926840111195566 0
2.009459132216307 0.3954360922902054 0
0.2491474573906338 0.1653455304534553 0
0.1523894026186652 0.393978516101705 0
1.288377586785974 0.03289528058629626 0
0.5175535159167672 0.01590858232390693 0
0.3919256596176249 0.01567977195985137 0
0.7936401543631586 0.02406186389794934 0
0.01471122812936487 0.11972613447378 0
2.184752141118572 0.3214111743091608 0
1.077496732056852 0.4027812348872733 0
0.1283182690914675 0.01495917102682862 0
1.729582698164728 0.0146237082513484 0
1.232585437996243 0.01589511272757854 0
2.168267232833713 0.1794390840653214 0
0.1757077784725983 0.1418135310753951 0
0.01544704198469837 0.3010610398734923 0
2.101607481839602 0.05009912576677555 0
0.2120647353307403 0.1408473758287991 0
0.1599908162883699 0.01399325230277385 0
2.122584997777259 0.02591374788793124 0
1.839515089040014 0.01389925117557209 0
1.34011727408331 0.3957664521068534 0
0.05086450128282527 0.01479328711216801 0
0.769999999999999 0.3956968514746533 0
1.6151925842568 0.0252950590600621 0
1.042625171664851 0.3941951430184991 0
0.08501038327901966 0.02292391262602725 0
1.807824230692832 0.01563006579583201 0
1.297208917234236 0.01591855830592648 0
2.185997177961513 0.3298592161884001 0
1.079083008992556 0.0144299832265703 0
2.033847197421685 0.02375536186652438 0
1.49551626053316 0.02223190560010499 0
1.157325499246395 0.01577638386133526 0
0.3889718249601701 0.3952997926780486 0
2.027429381858957 0.3942659771140378 0
0.8894094369289853 0.01451719344197394 0
1.267273246400398 0.02426896466560347 0
1.877181134493366 0.3769719055642084 0
0.9600866704900088 0.395715472532402 0
1.904866899052669 0.3705372891548249 0
0.01449416426899464 0.1097267469494398 0
2.162168226422314 0.3771122404063754 0
0.2589662116300954 0.1878286206552315 0
1.819059899538649 0.3954411086514793 0
0.5821519336988382 0.01554076991799117 0
0.1566067221274667 0.1462008175850461 0
1.387590059681506 0.007039649449980312 0
2.167945832422209 0.1892448320271575 0
1.990658217811009 0.3960597608975541 0
0.2438288176302134 0.2481445253181842 0
1.953084238651432 0.03290432930312762 0
0.01577637050934166 0.06754747908320777 0
1.147906365998039 0.3855863489186786 0
0.005854328953912358 0.2748844148323259 0
0.7350533951369937 0.3874954295839145 0
0.3703655264047335 0.3962580569949526 0
2.150201192235775 0.01523619413511654 0
0.2744937649002704 0.02272624531375733 0
1.82176035378987 0.01518855919090309 0
1.358020839855937 0.03953789053686582 0
1.836717880280388 0.3941881320092107 0
1.327301502484332 0.04346228194061894 0
0.5794079066228618 0.3954718222549015 0
0.4049768984811452 0.4043488713345995 0
1.642647666498081 0.394400576665341 0
0.5240972992275788 0.3883561740737843 0
1.453908923327721 0.03996615161643879 0
0.02256500462789246 0.2886555772241531 0
0.1915899174117002 0.1316716090728638 0
0.1820635069482163 0.3857277310477304 0
0.0139448534335822 0.09999976872791447 0
0.9807896839828044 0.0145977185534292 0
1.628545849444075 0.3951175179689842 0
1.229577860067446 0.3958893258921784 0
1.652443039903314 0.02416333749253774 0
0.3524551674425931 0.02384714663409501 0
0.5949403424486068 0.4044165205924099 0
1.4166837450276 0.3862294474357999 0
0.1342837005506875 0.1687871977577264 0
1.567105198106456 0.01559848674775438 0
0.4808866095283932 0.3956429886572299 0
2.088703284736547 0.3954724914742543 0
0.3324920572714143 0.3775301062459497 0
0.6171052645519448 0.02379602659909369 0
2.173670087696184 0.2710971921981797 0
0.5994431153343991 0.3724347528850969 0
1.760550348487453 0.01398371486759764 0
0.2601454533134966 0.2224639364240814 0
2.148082188780605 0.3778261223460697 0
1.666660678024092 0.02333224823930893 0
2.175989159893346 0.3388173719400885 0
1.693017616121366 0.3944217125960375 0
0.4292688889024128 0.01409825355930858 0
0.313335199985055 0.01528984725018931 0
2.178653884189096 0.3665694537064309 0
0.106137249727926 0.3946099378614748 0
1.17421417799182 0.388915584682952 0
1.883154342559854 0.3737566441272033 0
0.2630052313419307 0.3944775696031515 0
0.5398099246731316 0.01319156468558039 0
0.9677253130372512 0.01539128335094145 0
0.2719852742120055 0.239191549581523 0
1.499356750627908 0.3961437818920422 0
2.065738054911937 0.02254904452744411 0
0.9399386834155478 0.3961987837357403 0
0.5444988798089055 0.3871787887059548 0
0.0240047555878915 0.03274395398514493 0
0.8098378590588579 0.01387573643561912 0
0.05786024493179553 0.4030544905025304 0
1.415192048345289 0.02197946134263654 0
0.7951970362059618 0.3885646680979603 0
1.171442751539838 0.01477550742745432 0
0.7524753045956682 0.3860527678793245 0
$EndNodes
$Elements
6 21524 1 21524
1 1 1 220
1 1 6 
2 6 7 
3 7 8 
4 8 9 
5 9 10 
6 10 11 
7 11 12 
8 12 13 
9 13 14 
10 14 15 
11 15 16 
12 16 17 
13 17 18 
14 18 19 
15 19 20 
16 20 21 
17 21 22 
18 22 23 
19 23 24 
20 24 25 
21 25 26 
22 26 27 
23 27 28 
24 28 29 
25 29 30 
26 30 31 
27 31 32 
28 32 33 
29 33 34 
30 34 35 
31 35 36 
32 36 37 
33 37 38 
34 38 39 
35 39 40 
36 40 41 
37 41 42 
38 42 43 
39 43 44 
40 44 45 
41 45 46 
42 46 47 
43 47 48 
44 48 49 
45 49 50 
46 50 51 
47 51 52 
48 52 53 
49 53 54 
50 54 55 
51 55 56 
52 56 57 
53 57 58 
54 58 59 
55 59 60 
56 60 61 
57 61 62 
58 62 63 
59 63 64 
60 64 65 
61 65 66 
62 66 67 
63 67 68 
64 68 69 
65 69 70 
66 70 71 
67 71 72 
68 72 73 
69 73 74 
70 74 75 
71 75 76 
72 76 77 
73 77 78 
74 78 79 
75 79 80 
76 80 81 
77 81 82 
78 82 83 
79 83 84 
80 84 85 
81 85 86 
82 86 87 
83 87 88 
84 88 89 
85 89 90 
86 90 91 
87 91 92 
88 92 93 
89 93 94 
90 94 95 
91 95 96 
92 96 97 
93 97 98 
94 98 99 
95 99 100 
96 100 101 
97 101 102 
98 102 103 
99 103 104 
100 104 105 
101 105 106 
102 106 107 
103 107 108 
104 108 109 
105 109 110 
106 110 111 
107 111 112 
108 112 113 
109 113 114 
110 114 115 
111 115 116 
112 116 117 
113 117 118 
114 118 119 
115 119 120 
116 120 121 
117 121 122 
118 122 123 
119 123 124 
120 124 125 
121 125 126 
122 126 127 
123 127 128 
124 128 129 
125 129 130 
126 130 131 
127 131 132 
128 132 133 
129 133 134 
130 134 135 
131 135 136 
132 136 137 
133 137 138 
134 138 139 
135 139 140 
136 140 141 
137 141 142 
138 142 143 
139 143 144 
140 144 145 
141 145 146 
142 146 147 
143 147 148 
144 148 149 
145 149 150 
146 150 151 
147 151 152 
148 152 153 
149 153 154 
150 154 155 
151 155 156 
152 156 157 
153 157 158 
154 158 159 
155 159 160 
156 160 161 
157 161 162 
158 162 163 
159 163 164 
160 164 165 
161 165 166 
162 166 167 
163 167 168 
164 168 169 
165 169 170 
166 170 171 
167 171 172 
168 172 173 
169 173 174 
170 174 175 
171 175 176 
172 176 177 
173 177 178 
174 178 179 
175 179 180 
176 180 181 
177 181 182 
178 182 183 
179 183 184 
180 184 185 
181 185 186 
182 186 187 
183 187 188 
184 188 189 
185 189 190 
186 190 191 
187 191 192 
188 192 193 
189 193 194 
190 194 195 
191 195 196 
192 196 197 
193 197 198 
194 198 199 
195 199 200 
196 200 201 
197 201 202 
198 202 203 
199 203 204 
200 204 205 
201 205 206 
202 206 207 
203 207 208 
204 208 209 
205 209 210 
206 210 211 
207 211 212 
208 212 213 
209 213 214 
210 214 215 
211 215 216 
212 216 217 
213 217 218 
214 218 219 
215 219 220 
216 220 221 
217 221 222 
218 222 223 
219 223 224 
220 224 2 
1 2 1 41
221 3 225 
222 225 226 
223 226 227 
224 227 228 
225 228 229 
226 229 230 
227 230 231 
228 231 232 
229 232 233 
230 233 234 
231 234 235 
232 235 236 
233 236 237 
234 237 238 
235 238 239 
236 239 240 
237 240 241 
238 241 242 
239 242 243 
240 243 244 
241 244 245 
242 245 246 
243 246 247 
244 247 248 
245 248 249 
246 249 250 
247 250 251 
248 251 252 
249 252 253 
250 253 254 
251 254 255 
252 255 256 
253 256 257 
254 257 258 
255 258 259 
256 259 260 
257 260 261 
258 261 262 
259 262 263 
260 263 264 
261 264 1 
1 3 1 41
262 2 265 
263 265 266 
264 266 267 
265 267 268 
266 268 269 
267 269 270 
268 270 271 
269 271 272 
270 272 273 
271 273 274 
272 274 275 
273 275 276 
274 276 277 
275 277 278 
276 278 279 
277 279 280 
278 280 281 
279 281 282 
280 282 283 
281 283 284 
282 284 285 
283 285 286 
284 286 287 
285 287 288 
286 288 289 
287 289 290 
288 290 291 
289 291 292 
290 292 293 
291 293 294 
292 294 295 
293 295 296 
294 296 297 
295 297 298 
296 298 299 
297 299 300 
298 300 301 
299 301 302 
300 302 303 
301 303 304 
302 304 4 
1 4 1 220
303 4 305 
304 305 306 
305 306 307 
306 307 308 
307 308 309 
308 309 310 
309 310 311 
310 311 312 
311 312 313 
312 313 314 
313 314 315 
314 315 316 
315 316 317 
316 317 318 
317 318 319 
318 319 320 
319 320 321 
320 321 322 
321 322 323 
322 323 324 
323 324 325 
324 325 326 
325 326 327 
326 327 328 
327 328 329 
328 329 330 
329 330 331 
330 331 332 
331 332 333 
332 333 334 
333 334 335 
334 335 336 
335 336 337 
336 337 338 
337 338 339 
338 339 340 
339 340 341 
340 341 342 
341 342 343 
342 343 344 
343 344 345 
344 345 346 
345 346 347 
346 347 348 
347 348 349 
348 349 350 
349 350 351 
350 351 352 
351 352 353 
352 353 354 
353 354 355 
354 355 356 
355 356 357 
356 357 358 
357 358 359 
358 359 360 
359 360 361 
360 361 362 
361 362 363 
362 363 364 
363 364 365 
364 365 366 
365 366 367 
366 367 368 
367 368 369 
368 369 370 
369 370 371 
370 371 372 
371 372 373 
372 373 374 
373 374 375 
374 375 376 
375 376 377 
376 377 378 
377 378 379 
378 379 380 
379 380 381 
380 381 382 
381 382 383 
382 383 384 
383 384 385 
384 385 386 
385 386 387 
386 387 388 
387 388 389 
388 389 390 
389 390 391 
390 391 392 
391 392 393 
392 393 394 
393 394 395 
394 395 396 
395 396 397 
396 397 398 
397 398 399 
398 399 400 
399 400 401 
400 401 402 
401 402 403 
402 403 404 
403 404 405 
404 405 406 
405 406 407 
406 407 408 
407 408 409 
408 409 410 
409 410 411 
410 411 412 
411 412 413 
412 413 414 
413 414 415 
414 415 416 
415 416 417 
416 417 418 
417 418 419 
418 419 420 
419 420 421 
420 421 422 
421 422 423 
422 423 424 
423 424 425 
424 425 426 
425 426 427 
426 427 428 
427 428 429 
428 429 430 
429 430 431 
430 431 432 
431 432 433 
432 433 434 
433 434 435 
434 435 436 
435 436 437 
436 437 438 
437 438 439 
438 439 440 
439 440 441 
440 441 442 
441 442 443 
442 443 444 
443 444 445 
444 445 446 
445 446 447 
446 447 448 
447 448 449 
448 449 450 
449 450 451 
450 451 452 
451 452 453 
452 453 454 
453 454 455 
454 455 456 
455 456 457 
456 457 458 
457 458 459 
458 459 460 
459 460 461 
460 461 462 
461 462 463 
462 463 464 
463 464 465 
464 465 466 
465 466 467 
466 467 468 
467 468 469 
468 469 470 
469 470 471 
470 471 472 
471 472 473 
472 473 474 
473 474 475 
474 475 476 
475 476 477 
476 477 478 
477 478 479 
478 479 480 
479 480 481 
480 481 482 
481 482 483 
482 483 484 
483 484 485 
484 485 486 
485 486 487 
486 487 488 
487 488 489 
488 489 490 
489 490 491 
490 491 492 
491 492 493 
492 493 494 
493 494 495 
494 495 496 
495 496 497 
496 497 498 
497 498 499 
498 499 500 
499 500 501 
500 501 502 
501 502 503 
502 503 504 
503 504 505 
504 505 506 
505 506 507 
506 507 508 
507 508 509 
508 509 510 
509 510 511 
510 511 512 
511 512 513 
512 513 514 
513 514 515 
514 515 516 
515 516 517 
516 517 518 
517 518 519 
518 519 520 
519 520 521 
520 521 522 
521 522 523 
522 523 3 
1 5 1 32
523 5 524 
524 524 525 
525 525 526 
526 526 527 
527 527 528 
528 528 529 
529 529 530 
530 530 531 
531 531 532 
532 532 533 
533 533 534 
534 534 535 
535 535 536 
536 536 537 
537 537 538 
538 538 539 
539 539 540 
540 540 541 
541 541 542 
542 542 543 
543 543 544 
544 544 545 
545 545 546 
546 546 547 
547 547 548 
548 548 549 
549 549 550 
550 550 551 
551 551 552 
552 552 553 
553 553 554 
554 554 5 
2 4 2 20970
555 746 8098 6345 
556 6328 9482 8271 
557 8263 8264 5573 
558 6315 8292 624 
559 8314 10381 6160 
560 8026 10206 8027 
561 5502 6322 784 
562 6261 6356 643 
563 767 6314 6289 
564 8098 10563 6345 
565 6338 10438 721 
566 345 8204 344 
567 8235 8248 4325 
568 10388 10443 646 
569 4871 10467 6228 
570 8237 8247 4351 
571 663 8208 6306 
572 4351 8248 8237 
573 687 6361 6360 
574 6210 6670 654 
575 777 10294 8226 
576 5572 6351 6312 
577 6297 8053 739 
578 6255 10443 10388 
579 5614 8283 4861 
580 6437 10551 686 
581 4861 8283 5627 
582 8192 8194 5994 
583 6298 10342 652 
584 784 6322 597 
585 6242 6376 531 
586 6246 6254 539 
587 5502 10737 6322 
588 735 8054 6280 
589 605 6432 6431 
590 5581 9872 6535 
591 6160 10264 8314 
592 6174 6704 6173 
593 643 6355 6261 
594 10170 10315 634 
595 6280 10555 735 
596 8237 8248 8235 
597 6438 6440 4078 
598 6373 9492 751 
599 6306 8208 5570 
600 8226 10528 777 
601 6295 10321 772 
602 595 6948 6207 
603 5193 10501 8060 
604 9863 10137 9896 
605 6307 8303 728 
606 8110 8840 4868 
607 6376 10323 658 
608 6171 8116 6170 
609 6161 10323 6376 
610 5994 10510 8192 
611 687 6360 6358 
612 6285 8220 575 
613 6032 8096 8094 
614 8247 10189 4351 
615 592 8190 6423 
616 6181 10315 10170 
617 636 10345 6357 
618 6246 10425 6254 
619 6440 10382 4078 
620 8246 10189 8247 
621 6117 9906 8212 
622 6272 6334 641 
623 301 8210 300 
624 7544 8311 8310 
625 731 10417 8379 
626 6227 8201 8200 
627 6357 10345 6179 
628 7094 7096 4412 
629 4311 10142 6655 
630 6652 6653 4308 
631 8855 8981 3900 
632 4860 10206 8026 
633 771 8281 6299 
634 4366 10316 8242 
635 8242 10363 4366 
636 9041 9205 3901 
637 6365 8004 6362 
638 625 8301 8296 
639 8202 8204 5957 
640 6547 10614 585 
641 6549 10614 6547 
642 4102 8310 8309 
643 9487 10597 10304 
644 7096 7098 4412 
645 6257 10728 6245 
646 8228 8421 8227 
647 6356 10217 6201 
648 6242 10368 6376 
649 5496 10348 7088 
650 7088 10395 5496 
651 6104 8176 6132 
652 6779 6780 4355 
653 8246 10270 10189 
654 5491 6459 6305 
655 6704 10581 6173 
656 6289 6343 767 
657 10304 10597 685 
658 8060 10501 8062 
659 6146 8266 6147 
660 6856 9722 555 
661 8249 10270 8246 
662 8114 8854 4382 
663 627 7538 7535 
664 8296 8301 5584 
665 6245 6305 637 
666 6244 6257 6245 
667 6339 10438 6338 
668 6228 10467 8262 
669 6431 10491 605 
670 5957 8203 8202 
671 584 9490 6314 
672 8165 8166 5640 
673 7097 7098 7096 
674 8114 8855 8854 
675 5623 8309 8307 
676 6254 10530 660 
677 6248 8130 765 
678 641 6534 6272 
679 6207 10479 595 
680 575 10595 6285 
681 6394 10306 4946 
682 4355 10578 6779 
683 581 10516 6363 
684 6181 10170 7086 
685 772 10390 6295 
686 661 6442 270 
687 551 6265 552 
688 8116 10577 6170 
689 5611 9192 6415 
690 7097 10147 7098 
691 7086 10271 6181 
692 5608 8127 4877 
693 4232 8421 8228 
694 6771 9833 6088 
695 686 10366 6437 
696 6402 6403 559 
697 4827 9927 6703 
698 780 7095 7093 
699 660 10530 6258 
700 6374 6375 693 
701 8025 8027 778 
702 766 10354 6208 
703 6701 9896 4096 
704 654 10505 6210 
705 6227 8200 8199 
706 6363 10372 581 
707 6245 10460 6305 
708 6315 10374 8292 
709 8295 8296 6481 
710 8042 8380 8020 
711 6025 9571 8082 
712 6284 10312 4384 
713 391 6348 582 
714 4096 9895 6701 
715 6517 8206 6195 
716 392 6348 391 
717 6241 10306 6394 
718 8150 8151 6400 
719 739 10493 6297 
720 8316 10446 6182 
721 6459 10695 6305 
722 6217 8316 6182 
723 6265 10650 552 
724 9722 10527 555 
725 8264 10373 5573 
726 6261 10217 6356 
727 6208 10570 766 
728 6146 10517 8266 
729 8082 9571 6097 
730 6196 8079 6197 
731 6330 6442 661 
732 8092 10338 5605 
733 8099 10429 6157 
734 6157 10544 8099 
735 8169 9041 9040 
736 6326 6328 741 
737 344 8204 8202 
738 746 8204 345 
739 4384 10498 6284 
740 8190 10547 6423 
741 6299 10469 771 
742 570 8149 6346 
743 5605 10642 8092 
744 8214 8216 6030 
745 8063 10501 5936 
746 6401 6402 559 
747 9482 10338 8271 
748 728 10401 6307 
749 8166 8167 5640 
750 6411 10604 10433 
751 6187 8422 8421 
752 10433 10604 3899 
753 8169 9040 4418 
754 5257 8291 6140 
755 6313 8313 752 
756 8059 8455 4318 
757 6204 8073 6205 
758 8212 9906 6058 
759 71 10567 10354 
760 6240 6556 6237 
761 6655 10142 6260 
762 6316 10352 603 
763 6306 8209 663 
764 8379 10399 731 
765 6135 6654 6653 
766 6385 6386 5598 
767 630 8214 6325 
768 6196 10622 8079 
769 625 8296 8295 
770 622 8150 6400 
771 668 9636 6229 
772 6382 10396 648 
773 6369 8356 8355 
774 6103 8176 6104 
775 5573 10326 8263 
776 7310 9769 6288 
777 8271 10412 6328 
778 6032 8097 8096 
779 652 10449 6298 
780 8187 10476 8742 
781 10387 10456 653 
782 9896 10137 4096 
783 10335 10564 358 
784 6436 10551 6437 
785 6336 10414 8193 
786 6166 8223 6167 
787 719 6379 6377 
788 661 8260 6330 
789 737 8295 6481 
790 8122 8820 4786 
791 6517 10566 8206 
792 9863 9896 6174 
793 6246 10553 6585 
794 6653 6656 6135 
795 8229 10402 6232 
796 6232 10621 8229 
797 692 10180 6296 
798 6223 8090 6222 
799 652 10342 8052 
800 331 10452 6342 
801 6178 10249 6726 
802 4308 10423 6652 
803 8153 10267 8152 
804 6165 10419 8279 
805 615 10381 8314 
806 6342 10545 331 
807 6187 10475 8422 
808 6312 6351 642 
809 6472 6474 740 
810 7544 10413 8311 
811 4366 10270 8249 
812 300 8210 8208 
813 696 8210 301 
814 8178 10489 6387 
815 765 10575 6248 
816 6585 10425 6246 
817 6441 10420 8147 
818 6171 8981 8855 
819 8854 8855 3900 
820 751 10474 6373 
821 6362 8004 6360 
822 8249 10316 4366 
823 5901 8286 7417 
824 798 6511 799 
825 5535 10308 8273 
826 6312 10557 5572 
827 6405 8207 6403 
828 10314 10356 4844 
829 10354 10567 6263 
830 6151 9205 9041 
831 9040 9041 3901 
832 8094 10486 6032 
833 5900 8075 8074 
834 6375 10488 693 
835 6535 9872 6448 
836 6666 10356 10314 
837 6229 10620 668 
838 7161 10168 6736 
839 5641 8291 5257 
840 6415 9192 3930 
841 6177 10396 6382 
842 417 10367 6422 
843 6651 6657 6656 
844 8421 8422 8227 
845 8027 10206 696 
846 6535 10387 5581 
847 6448 6534 706 
848 627 10542 7538 
849 6943 10164 6371 
850 6758 6759 3659 
851 427 8153 426 
852 4102 10422 8310 
853 756 8178 6387 
854 6714 6715 4322 
855 10267 10480 8152 
856 6375 9144 8221 
857 763 8151 8150 
858 270 6442 269 
859 4313 10461 8144 
860 567 6984 6983 
861 6330 8260 4894 
862 6245 10728 10172 
863 6296 10645 692 
864 6422 10658 417 
865 4877 8127 4879 
866 6409 10436 8276 
867 6237 6556 6239 
868 8144 10556 4313 
869 462 10551 10379 
870 6212 10215 6214 
871 5642 8289 5387 
872 6272 6534 6448 
873 5623 10435 8309 
874 6305 10460 5491 
875 8110 10459 8840 
876 5630 9925 6709 
877 6321 10564 10335 
878 6088 10359 6771 
879 767 10403 6314 
880 763 8152 8151 
881 6653 6654 4308 
882 4868 10362 8110 
883 6148 10464 6329 
884 772 10321 8297 
885 8273 10702 5535 
886 780 10502 7095 
887 8027 10504 778 
888 10268 10391 6468 
889 624 10392 6315 
890 220 6384 219 
891 10259 10393 8261 
892 8073 10647 6205 
893 776 8298 6451 
894 4832 8529 8158 
895 9144 10409 8221 
896 6351 10389 6243 
897 6284 6640 6240 
898 8379 10417 6317 
899 6743 10257 4339 
900 6535 10456 10387 
901 6441 8147 569 
902 8208 8210 5570 
903 8201 10222 8200 
904 6307 10332 8303 
905 10411 10427 6094 
906 6474 10598 740 
907 8103 8104 4332 
908 741 6431 6326 
909 6927 9867 6302 
910 8090 10672 6222 
911 752 10637 6313 
912 603 10602 6316 
913 683 10510 6337 
914 678 10564 8535 
915 6319 10335 574 
916 6303 6696 707 
917 4860 8026 8024 
918 9492 10341 751 
919 8207 10546 6403 
920 5569 10187 8174 
921 6427 10503 474 
922 6655 10423 4311 
923 6467 6511 798 
924 6314 10403 584 
925 474 10523 6427 
926 6428 10471 573 
927 6325 8215 630 
928 8293 8294 6168 
929 586 10413 7542 
930 8062 10501 8063 
931 773 10299 6267 
932 7310 10479 9769 
933 5611 6415 6402 
934 694 6384 220 
935 7088 10348 5578 
936 6351 10640 10389 
937 6386 10536 5598 
938 6627 10324 6354 
939 6247 6265 551 
940 782 783 597 
941 8228 10329 10286 
942 8317 10555 6252 
943 4395 6480 4396 
944 6234 6235 614 
945 6333 10439 130 
946 6030 10483 8214 
947 6244 6245 637 
948 637 6305 6249 
949 660 6257 6244 
950 10376 10397 5325 
951 6166 10543 8223 
952 7161 10582 10168 
953 6241 6394 636 
954 10238 10295 6185 
955 10352 10417 318 
956 6372 6373 591 
957 4420 6390 4903 
958 6212 10653 10215 
959 6947 9743 6081 
960 4864 6393 5572 
961 4420 6393 6390 
962 697 7096 7095 
963 10286 10329 6331 
964 721 6750 6338 
965 6390 6393 4864 
966 5608 10369 8127 
967 8157 10465 8637 
968 6675 10494 10466 
969 6185 10295 5621 
970 8042 10538 8380 
971 130 10613 6333 
972 8276 10288 6409 
973 3659 10599 6758 
974 10379 10551 6436 
975 605 6433 6432 
976 6329 10663 6148 
977 6249 6414 659 
978 6703 10499 4827 
979 6726 10249 6113 
980 3929 10383 10370 
981 4869 6380 5508 
982 8279 10469 6165 
983 6371 10576 6943 
984 8742 10451 8187 
985 4869 6464 6380 
986 4080 6464 4869 
987 10466 10494 5647 
988 7542 10630 586 
989 5572 10640 6351 
990 8217 8219 5551 
991 8637 10591 8157 
992 10318 10414 8948 
993 5578 10701 7088 
994 8212 10481 6117 
995 9744 10111 5461 
996 5665 6392 5622 
997 8355 8357 6369 
998 6111 8305 8304 
999 574 10714 6319 
1000 6678 10593 6134 
1001 8151 8152 5565 
1002 8035 10280 726 
1003 4131 10386 10344 
1004 5936 10398 8063 
1005 9925 10424 6709 
1006 5640 10371 8165 
1007 8280 10597 6145 
1008 6365 10689 8004 
1009 6361 10372 6363 
1010 6258 10232 6257 
1011 6232 10402 8234 
1012 6983 10571 567 
1013 8188 10405 6098 
1014 6253 8317 6252 
1015 6597 10539 10389 
1016 6297 10331 8053 
1017 8176 10457 6132 
1018 6139 10619 10615 
1019 432 6987 431 
1020 6267 10710 773 
1021 697 7097 7096 
1022 4404 10363 8242 
1023 6081 9744 6947 
1024 560 8153 427 
1025 8234 10447 6232 
1026 6352 6399 713 
1027 10615 10619 8255 
1028 8068 10398 8594 
1029 584 10463 9490 
1030 799 6511 802 
1031 723 6897 6370 
1032 6651 6656 6653 
1033 736 10446 8316 
1034 5901 10507 8286 
1035 8310 10422 7544 
1036 6656 6657 708 
1037 6098 10674 8188 
1038 719 10601 6379 
1039 6134 10508 6678 
1040 8594 10700 8068 
1041 4844 10277 6669 
1042 8242 10404 4404 
1043 5387 8289 6146 
1044 10590 10605 4856 
1045 10322 10361 1742 
1046 6729 10380 6189 
1047 8196 10305 6367 
1048 6189 10748 6729 
1049 4318 10144 8059 
1050 6666 10394 10356 
1051 6927 10527 9867 
1052 10345 10377 6395 
1053 3482 10485 8136 
1054 6334 6352 641 
1055 6210 10327 6670 
1056 8193 10414 8194 
1057 5658 8361 8033 
1058 8174 10724 5569 
1059 8146 10455 9351 
1060 550 6247 551 
1061 553 6236 554 
1062 530 6242 531 
1063 547 6385 548 
1064 538 6246 539 
1065 597 6322 524 
1066 5 782 597 
1067 526 6234 614 
1068 614 6311 527 
1069 6669 10314 4844 
1070 525 6322 6234 
1071 789 6518 792 
1072 534 6241 636 
1073 529 6312 642 
1074 636 6357 535 
1075 9927 10380 6703 
1076 542 6244 637 
1077 537 6382 648 
1078 6311 6312 528 
1079 658 6241 533 
1080 532 6376 658 
1081 637 6249 543 
1082 546 6329 650 
1083 660 6244 541 
1084 540 6254 660 
1085 6357 6382 536 
1086 659 6329 545 
1087 4086 10360 10336 
1088 544 6249 659 
1089 6236 10692 554 
1090 798 9865 6467 
1091 6785 10178 10147 
1092 6665 10394 6666 
1093 6381 10289 10157 
1094 8279 10419 688 
1095 8143 10461 6991 
1096 807 6484 810 
1097 4863 6391 6390 
1098 5716 6466 6465 
1099 810 6484 6383 
1100 8048 10097 8047 
1101 614 10699 6311 
1102 7535 10281 627 
1103 6771 10478 9833 
1104 6201 10659 6356 
1105 4863 6480 6391 
1106 6654 10427 10411 
1107 8309 10435 4102 
1108 8314 10264 730 
1109 426 8153 763 
1110 8193 10519 6336 
1111 558 10439 6332 
1112 8298 10676 6451 
1113 6392 10255 5622 
1114 5667 10420 6441 
1115 8226 10294 781 
1116 6501 10213 6498 
1117 6328 10412 741 
1118 6387 10489 6388 
1119 8024 10691 4860 
1120 6910 10605 10590 
1121 6497 10208 6494 
1122 8285 10544 6158 
1123 8186 10476 8187 
1124 8149 10515 6346 
1125 6743 10586 10257 
1126 4401 6821 6505 
1127 8059 10540 8455 
1128 9351 10639 8146 
1129 6361 10612 10372 
1130 6640 10513 6240 
1131 6335 8129 588 
1132 6276 9621 6439 
1133 3548 10500 8201 
1134 5614 10347 8283 
1135 6380 6381 5508 
1136 4023 10509 10350 
1137 80 8215 79 
1138 6354 10751 6627 
1139 5633 10393 10259 
1140 5665 6519 6392 
1141 8535 10564 6321 
1142 6346 10407 570 
1143 811 6536 814 
1144 8302 10570 9533 
1145 6519 6645 2294 
1146 10157 10289 1742 
1147 6385 10666 548 
1148 6332 10661 558 
1149 5654 10467 4871 
1150 8201 10587 3548 
1151 8228 10286 4232 
1152 5716 6464 4080 
1153 10082 10200 4094 
1154 825 10221 828 
1155 5716 6465 6464 
1156 10103 10745 6349 
1157 616 10745 10103 
1158 4304 6381 6380 
1159 599 10231 6323 
1160 6393 10640 5572 
1161 6430 10471 6428 
1162 6361 6362 6360 
1163 5900 10473 8075 
1164 4396 6480 4863 
1165 7424 10729 8179 
1166 7093 10292 780 
1167 6367 10516 8196 
1168 10329 10375 6331 
1169 5622 6480 4395 
1170 778 10293 8025 
1171 8260 10265 10179 
1172 591 6517 6372 
1173 6337 10472 683 
1174 6715 10603 4322 
1175 8201 10500 10222 
1176 10240 10549 6777 
1177 431 6987 676 
1178 10280 10684 726 
1179 8179 10407 7424 
1180 8020 10384 8042 
1181 6991 10618 8143 
1182 8136 8777 3482 
1183 700 10421 10378 
1184 8105 10397 10376 
1185 707 10659 6303 
1186 8307 10451 5623 
1187 3570 10213 6501 
1188 8260 10179 4894 
1189 3576 10208 6497 
1190 8283 10418 5627 
1191 8104 10652 4332 
1192 4304 6518 6381 
1193 695 6398 6396 
1194 6317 10417 10352 
1195 9576 10382 6440 
1196 4945 6592 6395 
1197 8070 8072 5241 
1198 10214 10216 6501 
1199 240 6534 239 
1200 8158 10638 4832 
1201 4786 10437 8122 
1202 6331 10375 6442 
1203 6449 6591 5648 
1204 5496 10395 7090 
1205 604 10545 6340 
1206 6390 6391 4903 
1207 10389 10539 6243 
1208 735 10555 8317 
1209 8164 10390 772 
1210 6468 10391 6511 
1211 3812 8248 3814 
1212 10179 10265 5597 
1213 10378 10421 6185 
1214 6081 10111 9744 
1215 8048 10668 10097 
1216 579 8167 8166 
1217 8046 8049 3906 
1218 628 10290 6324 
1219 685 10597 8280 
1220 6138 10522 6738 
1221 6348 10355 582 
1222 806 6485 6484 
1223 5652 6592 4945 
1224 6758 9742 6757 
1225 6207 9744 5461 
1226 6990 8180 755 
1227 806 6484 807 
1228 6322 10737 6234 
1229 8122 10532 8820 
1230 806 6504 6485 
1231 7090 10444 5496 
1232 10370 10383 6434 
1233 6192 10196 6424 
1234 6402 6404 6403 
1235 6111 10594 8305 
1236 2342 6417 4094 
1237 2342 6418 6417 
1238 1742 10361 10157 
1239 10232 10728 6257 
1240 549 10388 646 
1241 6417 10082 4094 
1242 5666 10216 10214 
1243 2331 6553 2335 
1244 9621 10735 6439 
1245 6383 6536 810 
1246 6345 10648 746 
1247 8194 10414 10318 
1248 8535 10441 678 
1249 658 10306 6241 
1250 4283 10317 10266 
1251 6467 9865 6465 
1252 8192 10510 683 
1253 5206 10313 10260 
1254 787 6518 789 
1255 4884 6536 6389 
1256 8318 10528 8422 
1257 5622 10255 6480 
1258 646 10443 10416 
1259 6423 10367 592 
1260 6803 9631 6808 
1261 792 6518 4304 
1262 6288 10400 7310 
1263 8093 10642 4851 
1264 6795 10176 5643 
1265 10353 10357 758 
1266 10253 10310 429 
1267 6317 10352 6316 
1268 10344 10386 8097 
1269 8422 10475 8318 
1270 749 7539 7538 
1271 6474 8564 8274 
1272 646 10416 6247 
1273 6240 10513 6556 
1274 573 10503 6428 
1275 8299 10622 6198 
1276 6149 10464 6148 
1277 8291 10484 6140 
1278 6411 10433 3129 
1279 5592 8278 6202 
1280 579 8168 8167 
1281 6217 10346 8316 
1282 2336 10234 2332 
1283 8276 10436 8947 
1284 6198 10090 8299 
1285 6343 10291 767 
1286 630 8215 80 
1287 79 8215 768 
1288 8221 10409 576 
1289 812 9762 6453 
1290 6392 6519 2294 
1291 4332 8105 8103 
1292 4947 6645 6519 
1293 6505 6821 6485 
1294 650 10718 6386 
1295 588 10646 6335 
1296 8214 10483 6325 
1297 6738 10168 6138 
1298 810 6536 811 
1299 6730 6872 6599 
1300 6443 6803 4440 
1301 6127 10741 8163 
1302 8269 10364 4854 
1303 814 6536 4884 
1304 10203 10282 7020 
1305 10093 10244 3588 
1306 8136 10485 8137 
1307 8086 10715 10032 
1308 6389 10082 4884 
1309 6440 10735 9576 
1310 6453 9762 6416 
1311 6179 10385 6357 
1312 8219 10655 5551 
1313 6413 10563 606 
1314 6416 6458 5644 
1315 10193 10276 6765 
1316 6419 10328 6275 
1317 10464 10718 650 
1318 8082 10468 6025 
1319 5644 6453 6416 
1320 5691 7011 4439 
1321 6369 10747 8356 
1322 808 10176 6795 
1323 5646 10432 5647 
1324 5642 10454 8289 
1325 828 10221 6808 
1326 6779 10240 6777 
1327 5559 8144 8142 
1328 6461 10150 5649 
1329 8301 10558 5584 
1330 6158 10521 8285 
1331 5648 6592 6449 
1332 5565 10644 8151 
1333 6558 10283 6559 
1334 6395 10377 4945 
1335 10247 10255 2295 
1336 3601 10113 2355 
1337 6152 6745 4890 
1338 6396 6557 695 
1339 10336 10360 8086 
1340 6389 10200 10082 
1341 706 6534 240 
1342 239 6534 641 
1343 6715 10036 5571 
1344 6307 10401 6308 
1345 4100 6804 4407 
1346 6376 10368 6161 
1347 6394 10377 10345 
1348 5581 10387 10277 
1349 10432 10466 5647 
1350 5502 10462 6353 
1351 8077 8804 6473 
1352 777 10528 8318 
1353 6726 10525 6178 
1354 640 10490 9918 
1355 6599 6872 4441 
1356 4325 8248 3812 
1357 3814 8248 4351 
1358 6145 10442 8280 
1359 5528 6636 6470 
1360 6803 6804 4440 
1361 4933 6469 6255 
1362 5603 10429 8108 
1363 6449 6592 5652 
1364 6470 6636 4296 
1365 830 10088 6463 
1366 10350 10509 6368 
1367 8194 10318 5994 
1368 8163 10441 6127 
1369 8085 10715 8086 
1370 2268 9878 6591 
1371 6591 9878 5648 
1372 6739 10743 633 
1373 783 784 597 
1374 6803 6808 6804 
1375 6234 6353 6235 
1376 6357 10385 6382 
1377 6247 6450 6265 
1378 6235 6318 614 
1379 6168 10477 8293 
1380 4620 8762 8357 
1381 8318 10475 694 
1382 6494 10208 6493 
1383 660 6258 6257 
1384 2262 6591 6449 
1385 523 10303 522 
1386 659 10663 6329 
1387 6498 10213 6497 
1388 4933 6475 6469 
1389 826 10150 6461 
1390 6808 9631 828 
1391 6505 10391 10268 
1392 633 10743 10160 
1393 2335 6553 2342 
1394 2342 6553 6418 
1395 4892 7010 5668 
1396 8294 10543 6168 
1397 2220 6471 2218 
1398 5668 7010 7009 
1399 6446 9878 2268 
1400 643 10325 6355 
1401 8315 10620 6188 
1402 2332 6553 2331 
1403 6340 10554 604 
1404 6433 6434 6432 
1405 9918 10651 640 
1406 6323 10654 599 
1407 2262 6449 6444 
1408 6444 6477 2262 
1409 6813 7010 4987 
1410 6916 10268 10230 
1411 6124 10223 10183 
1412 6479 10108 5661 
1413 824 10128 6807 
1414 6867 10012 6379 
1415 6353 10737 5502 
1416 6554 10034 4927 
1417 5657 10149 6811 
1418 749 7542 7539 
1419 8196 10516 581 
1420 7408 10302 779 
1421 4440 6804 4100 
1422 9533 10496 8302 
1423 2268 6471 6446 
1424 6350 10549 10240 
1425 2218 6471 2268 
1426 6463 10088 6562 
1427 4413 6938 6820 
1428 8092 10642 8093 
1429 8184 10685 10275 
1430 847 6797 850 
1431 850 6797 6460 
1432 8055 10340 6270 
1433 6458 10113 3601 
1434 3922 10716 8819 
1435 8097 10202 8096 
1436 9841 10716 3922 
1437 6116 6637 6636 
1438 4825 10324 6627 
1439 6318 10699 614 
1440 706 6535 6448 
1441 10447 10662 4101 
1442 554 10692 782 
1443 851 6844 854 
1444 6326 6431 6327 
1445 6137 10522 6138 
1446 6500 6763 4948 
1447 8184 10275 8185 
1448 1734 9980 1721 
1449 6171 10610 8116 
1450 6499 6763 6500 
1451 824 10221 825 
1452 1664 6763 6499 
1453 8253 10467 5654 
1454 6804 6805 4407 
1455 4074 10203 6493 
1456 4440 7011 6443 
1457 3129 10711 6411 
1458 10274 10681 8774 
1459 6482 10027 6483 
1460 1666 10108 6479 
1461 4987 7011 6813 
1462 10147 10671 6785 
1463 6466 6467 6465 
1464 6841 10118 5734 
1465 5663 6457 6456 
1466 5664 6457 5663 
1467 6414 10695 4895 
1468 6940 10186 6619 
1469 5664 6509 6457 
1470 392 10472 6348 
1471 7117 10106 5695 
1472 6493 10208 4074 
1473 3601 9746 6458 
1474 6499 6889 1664 
1475 1662 10027 6482 
1476 4439 7011 4440 
1477 6562 6569 5650 
1478 595 10479 7310 
1479 4339 10311 6743 
1480 5659 10172 6872 
1481 6813 7011 5691 
1482 6458 9746 5644 
1483 1664 6889 1661 
1484 8074 10507 5900 
1485 4895 10695 6459 
1486 6324 10694 628 
1487 6149 6695 6489 
1488 4927 10034 6478 
1489 6497 10213 3576 
1490 5659 6872 6730 
1491 854 6844 6507 
1492 4377 10274 8774 
1493 4927 6478 4928 
1494 4384 10312 6450 
1495 2332 10234 6553 
1496 4928 6478 6475 
1497 6174 10643 6704 
1498 6285 10418 8220 
1499 5573 10373 5574 
1500 10572 10664 6832 
1501 6373 10474 591 
1502 8209 10251 663 
1503 6939 10175 5467 
1504 6462 10165 10159 
1505 10277 10387 6669 
1506 766 10570 8302 
1507 5645 6458 6416 
1508 6501 10216 3570 
1509 6495 6865 1660 
1510 7049 7073 5715 
1511 6361 6363 6362 
1512 7408 10343 10302 
1513 606 10563 8098 
1514 6459 6524 4895 
1515 9829 10567 629 
1516 1660 6865 1657 
1517 6489 6695 6486 
1518 10159 10165 6455 
1519 6431 6432 6327 
1520 763 8153 8152 
1521 3588 10244 9747 
1522 8108 10727 5603 
1523 6486 6695 4147 
1524 6636 6637 4296 
1525 4962 10113 6454 
1526 5673 10095 6526 
1527 6578 10085 5782 
1528 6248 10392 8130 
1529 6477 9980 1734 
1530 848 10106 7117 
1531 6124 10183 6795 
1532 4147 6487 6486 
1533 844 10118 6841 
1534 4987 7010 4892 
1535 5643 10176 6453 
1536 5668 7009 6619 
1537 2220 10114 6471 
1538 6491 6879 1656 
1539 8357 8762 7922 
1540 4620 8357 8355 
1541 8077 9974 8804 
1542 6469 6475 5656 
1543 1656 6879 1653 
1544 10165 10169 6455 
1545 6475 6478 5656 
1546 6329 10464 650 
1547 855 6926 858 
1548 4322 10408 6714 
1549 6414 10453 659 
1550 6506 6508 4417 
1551 6305 10695 6249 
1552 4417 6508 4435 
1553 5716 7073 6466 
1554 6456 6818 5663 
1555 9557 9659 4988 
1556 6455 10169 6454 
1557 5957 10260 8203 
1558 6818 6937 4415 
1559 10030 10053 6096 
1560 713 10703 6352 
1561 8266 10406 6147 
1562 6402 6415 6404 
1563 6404 6405 6403 
1564 2355 10113 4962 
1565 6208 10354 6263 
1566 852 10085 6578 
1567 6820 10175 6939 
1568 2299 6490 4144 
1569 6439 10735 6440 
1570 6807 10221 824 
1571 6887 9557 4988 
1572 4930 6475 4933 
1573 6709 10424 6708 
1574 4928 6475 4930 
1575 6693 10204 4365 
1576 6445 6477 6444 
1577 6820 6939 4413 
1578 1740 6477 1734 
1579 2427 6887 4988 
1580 1729 6691 6689 
1581 6463 6562 5650 
1582 6505 10268 4401 
1583 6470 10141 5528 
1584 10266 10317 6154 
1585 846 6798 6797 
1586 6609 9997 6532 
1587 555 10527 6927 
1588 6530 10002 6529 
1589 5564 10267 9230 
1590 6685 9987 6689 
1591 846 6819 6798 
1592 2262 6477 1740 
1593 846 6797 847 
1594 5666 10261 5665 
1595 6460 6844 850 
1596 6502 9999 4902 
1597 6526 10095 2143 
1598 5649 10150 6463 
1599 6302 10434 6927 
1600 6462 10155 6461 
1601 1652 9777 6610 
1602 6820 6938 6798 
1603 6198 10622 6196 
1604 1729 6692 6691 
1605 6483 10027 6609 
1606 6515 9456 868 
1607 6770 10195 6784 
1608 5690 9456 6515 
1609 6462 10159 10155 
1610 4147 6490 6487 
1611 10260 10313 8203 
1612 850 6844 851 
1613 6811 10149 4062 
1614 802 6504 803 
1615 4134 10109 10034 
1616 6096 10053 5679 
1617 6689 9987 1729 
1618 4365 10132 4783 
1619 9308 9552 872 
1620 6529 10002 2139 
1621 1658 9997 6609 
1622 5675 9552 9308 
1623 4074 10282 10203 
1624 803 6504 806 
1625 1652 6610 1649 
1626 4790 10276 10193 
1627 6771 10359 6769 
1628 8168 8169 8167 
1629 6279 10310 10253 
1630 4854 10762 8269 
1631 834 9685 6509 
1632 877 7024 880 
1633 6509 9685 6457 
1634 8361 10529 8033 
1635 856 9581 6537 
1636 6537 9581 6510 
1637 6158 10544 6157 
1638 690 10658 6420 
1639 9986 10153 5683 
1640 6249 10695 6414 
1641 6510 6539 4913 
1642 6841 10130 10125 
1643 6531 9981 5717 
1644 4913 6537 6510 
1645 6311 10557 6312 
1646 7184 10047 5677 
1647 6524 6525 4893 
1648 8281 10454 6299 
1649 6116 10174 6637 
1650 5686 10014 7067 
1651 2240 10117 6613 
1652 4323 7098 4386 
1653 2222 10114 2220 
1654 4412 7098 4323 
1655 1661 6889 1660 
1656 6204 10330 8073 
1657 7041 10138 3611 
1658 10125 10130 4425 
1659 2138 6552 2141 
1660 4895 6524 4893 
1661 5715 7073 5716 
1662 6270 10708 8055 
1663 6605 9866 9391 
1664 6454 10169 4962 
1665 6876 10087 6569 
1666 6453 10176 812 
1667 4911 6525 6524 
1668 4144 6490 4147 
1669 1654 9981 6531 
1670 6389 6536 6383 
1671 1721 9980 1719 
1672 6619 10186 5668 
1673 6520 6673 1648 
1674 6795 10183 808 
1675 6658 10624 6259 
1676 1648 6673 1645 
1677 1660 6889 6495 
1678 10141 10210 5530 
1679 2181 10100 9902 
1680 4441 10149 6599 
1681 6603 9759 5687 
1682 5661 10108 6482 
1683 1657 6865 1656 
1684 7062 9972 6576 
1685 10222 10305 8200 
1686 4134 10034 6554 
1687 6603 9992 2269 
1688 5592 10199 8278 
1689 5688 10071 6567 
1690 4911 6533 6525 
1691 6195 9101 6517 
1692 6517 9101 6372 
1693 6097 10405 8082 
1694 3560 7073 7049 
1695 6513 7046 2267 
1696 4947 10261 4948 
1697 8060 10526 5193 
1698 6543 7005 6576 
1699 6502 10109 4134 
1700 2381 9864 2379 
1701 5695 10106 6578 
1702 6540 9933 6639 
1703 6507 6926 854 
1704 2394 10101 2392 
1705 1724 6692 1726 
1706 6463 10150 830 
1707 5656 6478 5655 
1708 6445 9980 6477 
1709 1653 6879 1652 
1710 1656 6865 6491 
1711 4319 10562 6782 
1712 870 10047 7184 
1713 6613 10117 6614 
1714 854 6926 855 
1715 5664 6569 6562 
1716 5742 6560 6539 
1717 6447 10091 10060 
1718 4417 6926 6506 
1719 1650 9933 6540 
1720 858 6926 4417 
1721 6391 10255 10247 
1722 579 8170 8168 
1723 6461 10155 826 
1724 6662 6762 4423 
1725 6508 9557 4435 
1726 6576 9972 6543 
1727 5645 10113 6458 
1728 6556 10361 6239 
1729 5663 6818 4415 
1730 6886 6887 2429 
1731 4971 6937 6818 
1732 6503 9999 6502 
1733 1726 6692 1729 
1734 2299 9902 6490 
1735 6180 10664 10572 
1736 6159 10677 8177 
1737 6897 10576 6370 
1738 6612 10139 6613 
1739 9864 10073 2383 
1740 6508 9659 9557 
1741 6792 10002 6530 
1742 6483 6609 6608 
1743 3611 6886 2429 
1744 700 10343 7408 
1745 6433 6435 6434 
1746 6815 9970 5424 
1747 4327 6524 6459 
1748 8221 10488 6375 
1749 2429 6887 2427 
1750 6632 9639 6525 
1751 7067 9471 5686 
1752 2450 9471 7067 
1753 783 785 784 
1754 6599 10149 5657 
1755 2137 6552 2138 
1756 5424 9868 2267 
1757 4138 10065 4433 
1758 6966 9471 2450 
1759 6353 6354 6235 
1760 2450 7139 6966 
1761 6512 9391 4904 
1762 5734 10118 7117 
1763 10060 10091 2269 
1764 6879 9777 1652 
1765 6617 10044 6630 
1766 4911 6524 4327 
1767 878 9592 875 
1768 10146 10152 2243 
1769 2137 6589 6522 
1770 6577 6578 5782 
1771 6384 10449 219 
1772 1649 6610 1648 
1773 6806 10269 10244 
1774 9487 10304 6549 
1775 6239 10361 10322 
1776 2260 9940 9759 
1777 6479 10124 1666 
1778 6522 6552 2137 
1779 3370 10044 6617 
1780 1644 10041 6648 
1781 9992 10060 2269 
1782 2177 10050 6833 
1783 6395 6592 5636 
1784 10030 10184 4303 
1785 2263 6632 6533 
1786 9308 9456 5690 
1787 868 9494 6515 
1788 6516 7024 876 
1789 6791 6792 6530 
1790 4426 6917 5686 
1791 2401 6812 2394 
1792 2401 7010 6813 
1793 6805 6806 4407 
1794 6790 9959 6792 
1795 4437 6577 5782 
1796 872 9456 9308 
1797 6684 9945 1733 
1798 4426 7024 6917 
1799 6516 9552 5675 
1800 6569 10087 5650 
1801 8148 10211 6172 
1802 9394 9727 7039 
1803 6612 10146 10139 
1804 6721 6724 3381 
1805 6608 9761 6483 
1806 3625 6579 4437 
1807 1645 6673 1644 
1808 6677 7046 6514 
1809 876 7024 877 
1810 874 9592 6542 
1811 6504 6505 6485 
1812 2401 6813 6812 
1813 876 9552 6516 
1814 6482 10108 1662 
1815 3634 9985 2414 
1816 880 7024 4426 
1817 4437 6579 6577 
1818 6804 6808 6805 
1819 5636 6592 5648 
1820 6543 9592 7005 
1821 6815 10037 9970 
1822 6709 10533 5630 
1823 9391 9866 4904 
1824 6590 6871 5703 
1825 6503 6663 6661 
1826 1648 6610 6520 
1827 7006 10075 6928 
1828 6719 6721 3381 
1829 10657 10678 8351 
1830 10068 10135 4446 
1831 6825 9761 6608 
1832 8223 10365 6167 
1833 5424 9970 9868 
1834 6525 9639 4893 
1835 6589 6590 5682 
1836 6476 10357 10353 
1837 4913 6539 4421 
1838 6539 6560 4421 
1839 6567 10071 4428 
1840 5664 6562 6509 
1841 6724 10083 7109 
1842 2260 6672 6528 
1843 5528 10141 6618 
1844 9759 9940 5687 
1845 6533 6632 6525 
1846 2267 9868 6513 
1847 6523 9881 6552 
1848 4898 6539 6510 
1849 5742 6539 4898 
1850 6550 7043 4465 
1851 5687 9992 6603 
1852 6526 10112 6527 
1853 6381 10157 5508 
1854 6792 9959 2135 
1855 5732 9123 4464 
1856 6514 7046 6513 
1857 6507 10077 5672 
1858 6541 9629 6584 
1859 1634 9384 6920 
1860 6575 7062 6576 
1861 6560 9864 2381 
1862 3634 7062 6575 
1863 5703 6871 6773 
1864 6583 9967 5702 
1865 6466 6468 6467 
1866 6541 6544 5700 
1867 6917 10014 5686 
1868 10214 10261 5666 
1869 4958 6544 6541 
1870 696 10206 8210 
1871 6584 9629 4430 
1872 5701 9639 6632 
1873 4977 9660 6921 
1874 6532 9997 6531 
1875 7165 9961 5765 
1876 4910 6590 5703 
1877 5584 10673 8296 
1878 4958 6545 6544 
1879 5700 9629 6541 
1880 6634 9958 6762 
1881 7262 9955 5705 
1882 5742 9864 6560 
1883 6363 6364 6362 
1884 6529 10095 5673 
1885 7095 10502 697 
1886 6530 9784 6791 
1887 6522 6589 5682 
1888 6568 9910 5710 
1889 6782 10617 4319 
1890 9902 10100 6490 
1891 4902 10109 6502 
1892 6471 10114 6447 
1893 2156 10143 10129 
1894 6639 9933 6568 
1895 2298 9923 6672 
1896 6684 9987 6685 
1897 6661 9999 6503 
1898 8072 10680 5241 
1899 5701 6632 6594 
1900 6523 10006 9881 
1901 4977 6921 6920 
1902 1719 10167 1717 
1903 6503 7007 6663 
1904 6260 10337 6655 
1905 3588 10234 2336 
1906 4902 9999 9899 
1907 6575 9985 3634 
1908 4925 6554 4927 
1909 696 10504 8027 
1910 6833 10050 6488 
1911 9998 10102 3536 
1912 6262 10239 6296 
1913 6580 6919 6581 
1914 6370 10495 723 
1915 4963 9824 6773 
1916 6791 9784 6794 
1917 900 9415 6586 
1918 6528 9940 2260 
1919 1630 6919 6580 
1920 5646 10394 6665 
1921 3611 10138 6886 
1922 5460 10092 5458 
1923 1646 9910 6568 
1924 4299 10057 5483 
1925 4975 6875 6793 
1926 10112 10129 6527 
1927 5782 10085 6537 
1928 7117 10118 848 
1929 6609 10027 1658 
1930 9899 9999 6662 
1931 6660 6762 6662 
1932 7006 9520 5707 
1933 6586 9415 6551 
1934 5682 6590 4910 
1935 6552 9881 2141 
1936 5707 9520 5708 
1937 6673 10041 1644 
1938 888 9967 6583 
1939 5706 6586 6551 
1940 6807 10269 6806 
1941 4936 7202 5720 
1942 5720 7202 7201 
1943 892 9961 7165 
1944 4425 10134 6456 
1945 5717 9981 6540 
1946 6478 10034 5655 
1947 2383 10073 3621 
1948 6500 10214 6501 
1949 6841 10125 844 
1950 6598 6730 6599 
1951 2379 9864 2383 
1952 6199 6561 4922 
1953 6812 10101 2394 
1954 6404 6406 6405 
1955 6663 7007 2155 
1956 896 9955 7262 
1957 6683 9945 6684 
1958 7139 7140 6966 
1959 6563 6857 5439 
1960 5431 6857 6563 
1961 6551 6641 5706 
1962 3891 10153 9986 
1963 4766 6615 4912 
1964 6793 6875 2131 
1965 6963 7140 3627 
1966 4135 6573 4137 
1967 6635 6660 6659 
1968 6677 10038 1703 
1969 3627 6964 6963 
1970 4296 10154 1674 
1971 4423 9899 6662 
1972 6956 7202 5029 
1973 3575 6718 6555 
1974 7005 9592 878 
1975 3627 7038 6964 
1976 6616 10064 6617 
1977 6596 9684 2197 
1978 7102 9293 9292 
1979 6454 10113 5645 
1980 6607 6825 6608 
1981 5749 10051 7184 
1982 6635 6762 6660 
1983 7102 9312 9293 
1984 5677 10047 6542 
1985 6356 10514 643 
1986 875 9592 874 
1987 6966 7140 6963 
1988 4925 6746 6554 
1989 6996 7038 4433 
1990 6546 9932 5719 
1991 5724 10076 5725 
1992 5749 10055 10051 
1993 6951 9619 2101 
1994 6605 9391 6606 
1995 3657 6825 6607 
1996 6259 10505 6658 
1997 6964 7038 6996 
1998 6762 9958 4423 
1999 4362 6693 4365 
2000 6752 10001 6751 
2001 6533 6596 2263 
2002 6531 9997 1654 
2003 6615 6616 4912 
2004 6920 9384 4977 
2005 5493 10001 6752 
2006 6606 6761 1681 
2007 7039 9727 6996 
2008 917 9076 920 
2009 6672 9923 6528 
2010 4732 10069 9932 
2011 6612 10152 10146 
2012 6773 9824 5703 
2013 6578 10106 852 
2014 3941 9969 9960 
2015 4758 6631 4756 
2016 6447 10114 10091 
2017 2170 6746 4925 
2018 1642 7054 6602 
2019 4169 10074 9915 
2020 6604 6830 6605 
2021 2385 6560 2381 
2022 6188 10493 8315 
2023 6564 6565 5711 
2024 6564 9526 6644 
2025 6594 9625 5701 
2026 4361 6693 4362 
2027 4967 6565 6564 
2028 5695 6578 6577 
2029 10132 10185 4783 
2030 6644 9526 4444 
2031 10230 10268 6468 
2032 5721 9994 7200 
2033 7039 9730 9394 
2034 4433 10065 7039 
2035 6685 6689 6688 
2036 4421 6560 2385 
2037 2250 6628 4142 
2038 4924 6639 6568 
2039 1634 6920 6919 
2040 2231 9759 6603 
2041 4967 6566 6565 
2042 6602 7054 4970 
2043 2267 7046 1709 
2044 2252 6628 2250 
2045 10171 10205 4708 
2046 5711 9526 6564 
2047 4465 9123 6550 
2048 6580 9718 1630 
2049 4464 9123 4465 
2050 6851 9851 6850 
2051 708 6657 29 
2052 6845 9928 9858 
2053 1686 6606 1681 
2054 4919 6585 6199 
2055 6956 9123 5732 
2056 5029 9123 6956 
2057 4972 9331 7159 
2058 6542 9592 6543 
2059 4801 6621 4800 
2060 6601 6950 6600 
2061 243 6668 653 
2062 4358 6687 4361 
2063 6613 10139 2240 
2064 633 6710 35 
2065 4800 6621 6161 
2066 6600 6950 2097 
2067 2166 6746 2170 
2068 6514 10038 6677 
2069 4407 10093 3587 
2070 1733 9987 6684 
2071 500 6702 716 
2072 6545 7068 6998 
2073 4975 6793 6789 
2074 1669 6645 4947 
2075 494 6744 620 
2076 2195 6596 2197 
2077 2133 6590 6589 
2078 9960 9969 6546 
2079 2148 6949 6659 
2080 6721 10083 6724 
2081 6919 6920 6581 
2082 6951 6952 5426 
2083 6614 6615 4768 
2084 6668 6669 653 
2085 4135 9684 6573 
2086 2094 9364 2097 
2087 6952 9654 5426 
2088 4956 6838 6686 
2089 6702 6703 716 
2090 2097 9364 6600 
2091 4139 9686 4924 
2092 6032 10344 8097 
2093 6742 6745 6744 
2094 6880 9547 6563 
2095 2185 9902 2299 
2096 6540 9981 1650 
2097 3519 6839 4109 
2098 6767 9860 5450 
2099 719 6737 41 
2100 6538 10068 3621 
2101 5707 10075 7006 
2102 5719 9960 6546 
2103 6687 6688 4361 
2104 9889 10732 6339 
2105 10089 10117 2240 
2106 6700 6703 6702 
2107 3669 6822 6641 
2108 4958 7068 6545 
2109 1628 9851 6851 
2110 4454 9547 6880 
2111 5439 6857 5441 
2112 6593 6602 4970 
2113 3937 6595 4840 
2114 6598 6599 5657 
2115 6685 6688 6687 
2116 5441 6858 6816 
2117 4922 6561 5001 
2118 6563 9547 5431 
2119 6667 6668 244 
2120 722 7080 6760 
2121 4807 6597 4090 
2122 4770 6614 4768 
2123 2263 6596 2195 
2124 6857 6858 5441 
2125 6587 6588 4974 
2126 6686 6837 4956 
2127 8234 10662 10447 
2128 4994 6588 6587 
2129 6659 6949 6635 
2130 6744 6745 620 
2131 6844 10077 6507 
2132 6637 10154 4296 
2133 4924 9686 6639 
2134 6611 6612 4896 
2135 5456 6557 6396 
2136 4994 6671 6588 
2137 6537 10085 856 
2138 4137 6573 4911 
2139 2191 9625 6594 
2140 3894 6618 4738 
2141 6607 9203 3657 
2142 6806 10244 10093 
2143 5029 7202 4936 
2144 3621 10073 6538 
2145 4768 6615 4766 
2146 7159 9318 4972 
2147 5720 7201 7200 
2148 3625 10028 6579 
2149 9720 9817 7110 
2150 6567 10087 6876 
2151 6604 6605 1690 
2152 5746 9931 9897 
2153 3665 9318 7159 
2154 2143 10112 6526 
2155 6748 9767 6747 
2156 406 8170 405 
2157 914 9767 6748 
2158 6542 10047 874 
2159 4762 6631 4758 
2160 6616 10089 10064 
2161 10052 10067 3944 
2162 6574 9979 4996 
2163 9858 9928 5499 
2164 7184 10051 870 
2165 7015 9318 3665 
2166 1630 9718 1627 
2167 6888 10059 4453 
2168 4735 6598 5657 
2169 5426 9619 6951 
2170 6509 10088 834 
2171 6433 6436 6435 
2172 2499 7199 2503 
2173 2511 6626 6622 
2174 788 9954 786 
2175 6641 6822 5706 
2176 6630 6631 4762 
2177 2139 10095 6529 
2178 2357 6814 1715 
2179 2507 7015 3665 
2180 6854 9332 4990 
2181 6443 7011 4987 
2182 4772 6611 4896 
2183 7102 9538 7101 
2184 3669 9452 2464 
2185 6805 6807 6806 
2186 7101 9538 5412 
2187 4782 6695 6149 
2188 6862 9770 4742 
2189 6570 10071 5688 
2190 2134 6589 2137 
2191 6555 6718 4937 
2192 2298 6672 2237 
2193 9293 9312 5723 
2194 2414 9985 4996 
2195 2229 6603 2269 
2196 6791 6794 6788 
2197 6830 9866 6605 
2198 9292 9538 7102 
2199 245 6667 244 
2200 1733 9945 9835 
2201 2284 9860 6767 
2202 2308 6633 2305 
2203 9702 9978 3941 
2204 2217 6591 2262 
2205 6398 10303 10302 
2206 1691 6604 1690 
2207 4937 6718 3600 
2208 5712 6641 6551 
2209 6573 9684 6596 
2210 5456 6558 6557 
2211 6562 10088 6509 
2212 6570 10052 3944 
2213 2283 6839 3519 
2214 6582 9076 916 
2215 2133 6589 2134 
2216 10129 10143 6527 
2217 6582 9325 5723 
2218 6950 6951 2101 
2219 6664 6665 704 
2220 5015 9452 6642 
2221 5723 9325 9293 
2222 6789 6817 4975 
2223 4159 7142 4972 
2224 4963 6773 6772 
2225 1624 9332 6854 
2226 4764 6630 4762 
2227 5702 9967 7165 
2228 4146 6695 4782 
2229 35 6710 34 
2230 4970 6866 6593 
2231 916 9325 6582 
2232 916 9076 917 
2233 4159 9076 7142 
2234 7142 9331 4972 
2235 920 9076 4159 
2236 4911 6573 6533 
2237 710 6704 6698 
2238 6698 6704 6699 
2239 1703 6638 1699 
2240 3372 6727 2171 
2241 705 6675 6674 
2242 6793 9959 6790 
2243 4357 6687 4358 
2244 4974 6923 6587 
2245 6631 9016 4756 
2246 709 6712 6711 
2247 718 6708 6707 
2248 2146 6949 2148 
2249 2386 10028 3625 
2250 6683 6684 6682 
2251 7257 9399 7258 
2252 2312 6716 2308 
2253 7258 9399 934 
2254 6799 9773 5726 
2255 5765 9961 7262 
2256 2344 6648 4950 
2257 6816 9936 2067 
2258 495 6744 494 
2259 5705 9955 6586 
2260 2319 6716 2312 
2261 6716 9958 6634 
2262 4463 6646 4161 
2263 6633 6716 6634 
2264 7272 9363 938 
2265 5759 9363 7272 
2266 2505 9919 2501 
2267 2153 6663 2155 
2268 7305 9766 5788 
2269 1671 6645 1669 
2270 2493 9713 6923 
2271 2357 6815 6814 
2272 6788 6794 3636 
2273 6527 6731 4899 
2274 2308 6716 6633 
2275 4939 6621 4801 
2276 6740 6741 720 
2277 4063 4367 4064 
2278 41 6737 40 
2279 714 6726 6725 
2280 3372 6766 6727 
2281 3657 9203 3654 
2282 6579 10028 10022 
2283 3598 6940 2399 
2284 7415 9763 5727 
2285 6681 6682 4357 
2286 6806 10093 4407 
2287 943 9164 946 
2288 5710 9910 6602 
2289 244 6668 243 
2290 6770 6784 6783 
2291 4137 4326 4136 
2292 29 6657 28 
2293 3472 6628 2252 
2294 4090 6597 3496 
2295 6688 6693 4361 
2296 6681 6683 6682 
2297 26 6649 703 
2298 703 6658 25 
2299 4327 5491 4326 
2300 6641 9452 3669 
2301 246 6664 704 
2302 22 6670 702 
2303 6839 9938 6838 
2304 613 6734 6733 
2305 6853 6854 4990 
2306 7256 9898 7259 
2307 6601 6951 6950 
2308 3916 6618 3894 
2309 705 6674 249 
2310 6659 6660 2157 
2311 30 6678 708 
2312 7539 7542 7541 
2313 432 10571 6987 
2314 5004 6177 5006 
2315 9835 9945 6838 
2316 6630 10044 6631 
2317 3495 6595 3937 
2318 4367 4368 4064 
2319 2133 6871 6590 
2320 250 6694 705 
2321 6544 9931 5746 
2322 4782 6148 4886 
2323 4122 6681 4357 
2324 4933 5598 4932 
2325 707 6696 17 
2326 501 6702 500 
2327 6642 9883 5015 
2328 644 6697 505 
2329 710 6698 503 
2330 4135 4136 2286 
2331 4908 4920 4917 
2332 3334 6866 3332 
2333 4899 6731 4305 
2334 4956 6837 4111 
2335 4063 4064 3400 
2336 4146 4782 4148 
2337 718 6707 33 
2338 4136 6730 6598 
2339 709 6711 507 
2340 783 1742 785 
2341 6616 6617 4912 
2342 3381 6724 2390 
2343 7065 9757 6647 
2344 6364 6365 6362 
2345 6809 9336 6810 
2346 5457 6923 6775 
2347 5712 9452 6641 
2348 940 9336 6809 
2349 4927 4928 4926 
2350 6873 10029 5714 
2351 6648 10041 4950 
2352 640 6717 509 
2353 2318 6718 3575 
2354 2323 6843 3614 
2355 918 9335 6671 
2356 6810 9336 7215 
2357 3347 6817 3349 
2358 2217 2262 1740 
2359 3941 9978 9969 
2360 4465 10065 4138 
2361 7263 9689 6894 
2362 6706 7175 4968 
2363 4109 6839 4956 
2364 4144 4146 4145 
2365 786 9954 5502 
2366 714 6725 511 
2367 4955 6747 4469 
2368 716 6729 499 
2369 2229 2269 2227 
2370 1690 6606 1686 
2371 2323 3495 2322 
2372 6676 9424 6834 
2373 2323 3496 3495 
2374 6689 6690 6688 
2375 4919 6199 4922 
2376 2150 6659 2157 
2377 4917 6585 4919 
2378 488 7080 722 
2379 2093 9364 2094 
2380 6978 9724 6922 
2381 2473 9823 2471 
2382 6612 6613 4896 
2383 6676 6679 5729 
2384 2268 6591 2217 
2385 6959 9603 2093 
2386 6083 10102 9998 
2387 4985 6679 6676 
2388 6671 9335 6588 
2389 4925 4926 3372 
2390 4062 4063 3400 
2391 6358 10452 687 
2392 3623 10004 2447 
2393 613 6733 39 
2394 36 6739 633 
2395 496 6740 720 
2396 6834 9424 4461 
2397 7049 9852 2309 
2398 4933 6255 5598 
2399 4722 10015 9913 
2400 928 9773 6799 
2401 620 6750 493 
2402 3399 3400 2298 
2403 4099 6765 6123 
2404 2321 2323 2322 
2405 4930 4933 4932 
2406 6998 9588 6545 
2407 2390 6724 2325 
2408 2299 4144 4143 
2409 4441 4442 4367 
2410 932 9766 7305 
2411 721 6753 491 
2412 4891 6636 5528 
2413 5015 9883 7144 
2414 4800 6161 4807 
2415 12 6783 657 
2416 2321 6843 2323 
2417 6594 6632 2263 
2418 4963 6772 2296 
2419 2178 6833 2181 
2420 6810 7215 6894 
2421 3674 9962 6629 
2422 3496 6595 3495 
2423 4800 4807 4090 
2424 4135 4137 4136 
2425 3401 6640 3403 
2426 6773 6871 2129 
2427 6852 9884 6851 
2428 6206 10657 8351 
2429 2231 6603 2229 
2430 4985 6680 6679 
2431 4293 6751 4292 
2432 2321 2322 2297 
2433 5729 9424 6676 
2434 3496 6597 6595 
2435 6768 6769 712 
2436 651 6650 6649 
2437 936 9763 7415 
2438 6959 6976 5733 
2439 1665 6763 1664 
2440 7200 9994 5720 
2441 785 786 784 
2442 4864 5555 4826 
2443 4920 6585 4917 
2444 4943 4946 4941 
2445 2185 2299 2187 
2446 4137 4327 4326 
2447 6468 6511 6467 
2448 6833 10100 2181 
2449 6622 7015 2511 
2450 6651 6652 6650 
2451 2334 6826 2329 
2452 1640 6648 2344 
2453 2246 4135 2286 
2454 6035 9760 6874 
2455 2353 6864 4104 
2456 4327 6459 5491 
2457 9398 9776 4965 
2458 3594 4384 4316 
2459 2173 6727 2177 
2460 6711 6713 644 
2461 3569 6842 4743 
2462 1698 2321 2297 
2463 4901 6169 5656 
2464 6620 6621 4939 
2465 6712 6714 6713 
2466 4996 9979 7074 
2467 2317 2318 2312 
2468 1711 2267 1709 
2469 2279 9770 2293 
2470 6568 9933 1646 
2471 2246 2286 2285 
2472 6894 9689 6810 
2473 3937 4840 4420 
2474 4782 4886 4148 
2475 4930 4932 4931 
2476 4925 4927 4926 
2477 405 8170 579 
2478 775 8170 406 
2479 2311 2312 2308 
2480 6698 6699 647 
2481 5004 5006 5005 
2482 2511 7015 2507 
2483 5508 5509 4937 
2484 6971 6972 6969 
2485 5006 6179 5636 
2486 2225 10114 2222 
2487 9930 10024 5472 
2488 2193 2263 2195 
2489 711 6764 253 
2490 2163 3341 2164 
2491 6787 6788 3636 
2492 4463 6647 6646 
2493 4941 6620 4939 
2494 514 6776 616 
2495 6781 9611 656 
2496 4396 4825 3914 
2497 3674 9972 7062 
2498 6699 6701 6700 
2499 2170 4925 3372 
2500 4928 4930 4929 
2501 2503 7199 2511 
2502 1698 2297 1694 
2503 6689 6691 6690 
2504 2348 6796 2352 
2505 2511 7199 6626 
2506 4146 4148 4145 
2507 2501 7199 2499 
2508 6768 6771 6769 
2509 2171 6727 2173 
2510 4952 6774 3651 
2511 4140 6826 2334 
2512 4111 6837 4113 
2513 6786 7016 5403 
2514 9979 10061 5497 
2515 6783 6784 657 
2516 6406 6407 6405 
2517 5390 7016 6786 
2518 2246 9684 4135 
2519 4968 7175 4969 
2520 2199 2246 2201 
2521 4133 4134 3341 
2522 4161 6646 4967 
2523 4084 6821 4401 
2524 1702 2295 2294 
2525 5715 9852 7049 
2526 2170 3372 2171 
2527 5509 6556 6555 
2528 2560 6800 4155 
2529 6571 10052 6570 
2530 2235 2260 2233 
2531 9932 10069 5719 
2532 13 6783 12 
2533 5487 9817 9720 
2534 1709 7046 1707 
2535 9871 9912 6749 
2536 2560 6801 6800 
2537 2177 6833 2178 
2538 2549 7267 2553 
2539 5602 9705 7003 
2540 4737 6828 6827 
2541 6647 9757 6646 
2542 2218 2268 2217 
2543 6741 6743 6742 
2544 2480 6955 2473 
2545 4990 6954 6853 
2546 2480 7202 6956 
2547 2318 3575 3401 
2548 3332 6866 4970 
2549 4840 6393 4420 
2550 2305 6633 2303 
2551 6665 6666 704 
2552 2399 6940 6619 
2553 1679 1702 1678 
2554 5001 5004 5003 
2555 6712 6713 6711 
2556 4996 9985 6574 
2557 4766 4912 4764 
2558 1741 2217 1740 
2559 6774 9686 4139 
2560 4144 4145 4143 
2561 10167 10182 2357 
2562 6733 6738 717 
2563 6606 9391 6761 
2564 6749 9912 6748 
2565 2299 4143 2187 
2566 3345 6875 4975 
2567 7003 9705 3638 
2568 6823 6824 4744 
2569 7158 9800 5402 
2570 14 6768 712 
2571 2191 6594 2193 
2572 6909 6912 6911 
2573 2464 9452 5015 
2574 2164 6746 2166 
2575 6931 6934 3294 
2576 2093 9603 9364 
2577 1735 1740 1734 
2578 2480 6956 6955 
2579 5517 6752 6751 
2580 4772 4896 4770 
2581 6802 9602 832 
2582 4869 4937 3600 
2583 4975 6817 3347 
2584 4864 5572 5555 
2585 3600 6718 2317 
2586 3575 6640 3401 
2587 2159 2163 2162 
2588 2241 2298 2237 
2589 7165 9967 892 
2590 2163 7007 4133 
2591 4133 7007 6503 
2592 4946 6620 4941 
2593 6586 9955 900 
2594 6838 9938 9835 
2595 3349 6817 3353 
2596 3673 9962 3674 
2597 4955 6748 6747 
2598 2163 4133 3341 
2599 2317 6718 2318 
2600 7262 9961 896 
2601 1711 5424 2267 
2602 4396 4826 4825 
2603 6802 9631 6803 
2604 2311 2317 2312 
2605 4422 4899 4305 
2606 9871 9875 6643 
2607 5725 6847 6846 
2608 6929 6931 3294 
2609 6858 9936 6816 
2610 5673 6526 4899 
2611 4774 6611 4772 
2612 718 6709 6708 
2613 2193 6594 2263 
2614 4986 9602 6802 
2615 3309 6954 3307 
2616 2166 2170 2168 
2617 1695 1698 1694 
2618 6968 6971 6969 
2619 3357 6787 3636 
2620 2341 10053 10030 
2621 4448 6821 4084 
2622 3914 6627 3472 
2623 6116 6636 4891 
2624 6583 9973 888 
2625 2307 2308 2305 
2626 5530 6479 5661 
2627 6652 6655 6650 
2628 6870 9676 2119 
2629 9398 9718 6572 
2630 3614 4090 3496 
2631 10130 10134 4425 
2632 6772 6773 2129 
2633 6629 9962 9952 
2634 6090 6970 6968 
2635 6884 9706 6011 
2636 5483 10057 9911 
2637 2150 2157 2153 
2638 5725 6855 6847 
2639 7079 9791 6566 
2640 1667 1668 1665 
2641 6660 6662 6661 
2642 1675 1678 1671 
2643 6056 6611 4774 
2644 6852 9900 9884 
2645 5742 10073 9864 
2646 4413 6940 3598 
2647 651 6651 6650 
2648 1669 4947 1668 
2649 6642 9452 5712 
2650 2307 2311 2308 
2651 5420 9676 6870 
2652 4782 6149 6148 
2653 3619 6765 4099 
2654 3644 4305 3903 
2655 1707 6677 1704 
2656 6741 6742 720 
2657 4737 6827 1738 
2658 4811 9932 6546 
2659 4891 5528 4290 
2660 5481 9724 6978 
2661 4365 10204 10132 
2662 4707 5517 4705 
2663 3683 9701 2527 
2664 6907 6910 6908 
2665 1717 2357 1715 
2666 4869 5508 4937 
2667 2178 2181 2180 
2668 6684 6685 6682 
2669 6753 6754 611 
2670 4738 5530 4739 
2671 3651 6774 3648 
2672 6651 6653 6652 
2673 842 6819 843 
2674 7336 9235 7337 
2675 7337 9235 956 
2676 1702 2294 1678 
2677 4130 4800 4090 
2678 5547 6056 4774 
2679 7272 9399 7257 
2680 5662 9761 6977 
2681 1651 1653 1652 
2682 934 9375 7258 
2683 2173 2177 2175 
2684 485 6868 600 
2685 1702 6761 6512 
2686 4305 6731 4310 
2687 2145 2151 2146 
2688 7355 9131 960 
2689 3342 6953 3389 
2690 1727 6845 1725 
2691 1724 10058 6692 
2692 5772 9131 7355 
2693 6169 6469 5656 
2694 6923 9713 6587 
2695 6705 9164 942 
2696 3607 6823 4744 
2697 6627 6628 3472 
2698 2148 6659 2150 
2699 4705 6751 4293 
2700 5743 9741 7019 
2701 4362 4365 4364 
2702 6874 9760 2073 
2703 6699 6700 647 
2704 6572 9718 6580 
2705 4934 6489 6486 
2706 4742 9770 2279 
2707 4469 6747 4994 
2708 4133 6502 4134 
2709 938 9399 7272 
2710 651 6649 27 
2711 24 6658 654 
2712 5001 6561 5004 
2713 649 6664 247 
2714 654 6670 23 
2715 6705 9363 5759 
2716 6775 6923 4974 
2717 6734 6738 6733 
2718 1604 9588 6998 
2719 6829 9077 964 
2720 2135 10002 6792 
2721 5982 9849 6728 
2722 5733 9603 6959 
2723 6831 9077 6829 
2724 3495 3937 3936 
2725 4968 9164 6706 
2726 248 6674 649 
2727 843 6819 846 
2728 4980 9077 6831 
2729 2303 6633 4152 
2730 942 9164 943 
2731 6115 6116 4891 
2732 6724 7109 2325 
2733 6790 6792 6791 
2734 6794 9784 3640 
2735 1704 6677 1703 
2736 946 9164 4968 
2737 2554 9790 2550 
2738 5491 5659 4326 
2739 6712 6715 6714 
2740 942 9363 6705 
2741 2303 4152 2151 
2742 639 6678 31 
2743 4991 9711 6976 
2744 6960 9620 6898 
2745 6660 6661 2157 
2746 2142 2145 2144 
2747 3894 4738 3893 
2748 2126 6772 2129 
2749 4368 4908 4907 
2750 4735 5657 4914 
2751 6572 9776 9398 
2752 4739 6977 3893 
2753 5517 6751 4705 
2754 3661 9761 6825 
2755 1612 9965 9897 
2756 1689 1690 1686 
2757 6099 6767 5450 
2758 635 6771 6768 
2759 1723 1734 1721 
2760 4956 6839 6838 
2761 1626 9398 6890 
2762 4291 4891 4290 
2763 6735 6736 6734 
2764 645 6694 251 
2765 6566 9791 6565 
2766 6850 9851 6854 
2767 1616 9937 9836 
2768 6500 6501 6498 
2769 7085 9784 5674 
2770 6633 6634 4152 
2771 713 6832 236 
2772 1693 1694 1691 
2773 4973 6862 6860 
2774 6789 6790 6788 
2775 4967 6646 6566 
2776 1659 1660 1657 
2777 6893 7263 6894 
2778 16 6696 635 
2779 504 6697 710 
2780 502 6698 647 
2781 32 6707 639 
2782 3683 7263 6893 
2783 1651 1652 1649 
2784 2297 6830 6604 
2785 3337 6866 3334 
2786 2296 6772 2124 
2787 4147 6695 4146 
2788 1655 1656 1653 
2789 4752 10045 6094 
2790 506 6711 644 
2791 254 6835 711 
2792 1655 1657 1656 
2793 6911 6912 662 
2794 1694 6604 1691 
2795 3644 4422 4305 
2796 9870 9877 3929 
2797 4825 6627 3914 
2798 2315 6916 3560 
2799 1627 9718 1626 
2800 2346 6796 2348 
2801 2145 2146 2144 
2802 5662 6977 4739 
2803 4143 9625 2187 
2804 6827 6845 1732 
2805 4738 4739 3893 
2806 4695 6683 6681 
2807 6904 9666 5738 
2808 2226 2227 2225 
2809 1659 1661 1660 
2810 5509 6555 4937 
2811 508 6717 709 
2812 6849 6855 6852 
2813 7158 7159 5737 
2814 2133 2134 2132 
2815 2235 6672 2260 
2816 4063 4441 4367 
2817 1663 1664 1661 
2818 3913 3914 3472 
2819 613 6735 6734 
2820 4118 6681 4122 
2821 6492 6493 5670 
2822 2318 3401 2319 
2823 6492 6494 6493 
2824 7335 9779 7338 
2825 6608 6609 6532 
2826 510 6725 640 
2827 5530 5661 4739 
2828 6496 6498 6497 
2829 3644 7085 4422 
2830 2277 6899 2276 
2831 4134 6554 3341 
2832 2185 2187 2186 
2833 2129 2130 2128 
2834 3641 3644 3643 
2835 7159 9331 5737 
2836 6755 7080 611 
2837 4896 6614 4770 
2838 4422 5673 4899 
2839 6496 6497 6494 
2840 498 6729 638 
2841 2295 6392 2294 
2842 3374 7035 2176 
2843 4116 4695 4118 
2844 5718 6531 5717 
2845 1701 1703 1699 
2846 2367 6937 4971 
2847 4422 7085 5674 
2848 2250 4142 2248 
2849 1702 6512 2295 
2850 231 6911 662 
2851 6123 6124 4887 
2852 6958 9633 6961 
2853 6526 6527 4899 
2854 715 6777 6776 
2855 38 6733 717 
2856 717 6739 37 
2857 638 6740 497 
2858 1584 9706 6884 
2859 6920 6921 6581 
2860 492 6750 721 
2861 3660 3661 3658 
2862 6934 9787 9470 
2863 6907 6908 725 
2864 6831 7389 4980 
2865 6840 7052 5514 
2866 3619 4099 3618 
2867 4358 4361 4360 
2868 2210 6863 2213 
2869 1663 1665 1664 
2870 6754 6756 6755 
2871 490 6753 611 
2872 1626 6890 1623 
2873 6955 9823 2473 
2874 3637 3640 3639 
2875 2141 2142 2140 
2876 3617 3619 3618 
2877 6902 9543 7069 
2878 7053 9652 5748 
2879 4144 4147 4146 
2880 6847 6855 6849 
2881 5403 7016 5405 
2882 3664 3893 3662 
2883 2137 2138 2136 
2884 2067 7071 6816 
2885 9915 10074 6077 
2886 1667 1669 1668 
2887 6898 9620 5448 
2888 28 651 27 
2889 24 654 23 
2890 26 703 25 
2891 1708 1709 1707 
2892 248 649 247 
2893 5405 7017 6975 
2894 6567 6876 4960 
2895 246 704 245 
2896 252 6764 645 
2897 6760 7080 6755 
2898 5518 6765 3619 
2899 2392 10101 3381 
2900 22 702 21 
2901 2228 2229 2227 
2902 4099 6123 4887 
2903 243 653 242 
2904 6090 6968 6967 
2905 1738 6827 1732 
2906 3399 4062 3400 
2907 2356 3602 3601 
2908 2163 2164 2162 
2909 6786 9370 5390 
2910 20 643 19 
2911 4136 6598 2286 
2912 4104 6836 3597 
2913 7016 7017 5405 
2914 4928 4929 4926 
2915 4365 4783 4364 
2916 30 708 29 
2917 4953 5717 4954 
2918 3617 3618 3602 
2919 5684 6887 6886 
2920 3636 6794 3637 
2921 6775 9793 5457 
2922 5725 6846 4700 
2923 250 705 249 
2924 6893 9701 3683 
2925 1732 6845 1727 
2926 6538 10135 10068 
2927 2241 3399 2298 
2928 2335 2340 2334 
2929 1715 6814 1712 
2930 5394 9196 7018 
2931 6790 6791 6788 
2932 32 639 31 
2933 4289 4290 3916 
2934 4707 5534 5517 
2935 3307 6954 4990 
2936 2356 3601 2355 
2937 18 707 17 
2938 2286 6598 4735 
2939 5450 9860 4119 
2940 4122 4357 4356 
2941 241 706 240 
2942 4994 6747 6671 
2943 2182 2185 2184 
2944 5701 9625 4143 
2945 506 644 505 
2946 504 710 503 
2947 502 647 501 
2948 3637 6794 3640 
2949 704 6667 245 
2950 6680 7183 7058 
2951 635 6768 15 
2952 6826 9824 4963 
2953 252 645 251 
2954 2138 2141 2140 
2955 2134 2137 2136 
2956 6787 6789 6788 
2957 3658 6825 3657 
2958 16 635 15 
2959 4973 6860 6859 
2960 2155 7007 2159 
2961 4432 7052 6840 
2962 6416 9762 4408 
2963 2130 2133 2132 
2964 3653 4953 4952 
2965 6939 6940 4413 
2966 4299 5483 4787 
2967 4695 6681 4118 
2968 3401 3403 3402 
2969 6756 6758 6757 
2970 3661 6825 3658 
2971 6605 6606 1690 
2972 51 6856 555 
2973 962 9543 6902 
2974 7065 9745 1578 
2975 2126 2129 2128 
2976 4305 4310 3903 
2977 4973 9770 6862 
2978 508 709 507 
2979 3656 3657 3654 
2980 2501 9919 7199 
2981 2329 6826 2327 
2982 34 718 33 
2983 40 6737 613 
2984 4908 4917 4916 
2985 3455 6899 2277 
2986 7036 9903 7035 
2987 6756 6759 6758 
2988 4781 6842 3569 
2989 3357 3636 3555 
2990 3353 6787 3357 
2991 2124 6772 2126 
2992 500 716 499 
2993 239 641 238 
2994 2352 2356 2355 
2995 2493 6923 5457 
2996 34 6710 718 
2997 6647 9745 7065 
2998 1710 1711 1709 
2999 2246 2285 2201 
3000 4066 9016 2239 
3001 2254 6863 4283 
3002 510 640 509 
3003 6483 9761 5662 
3004 512 714 511 
3005 514 616 513 
3006 5718 6532 6531 
3007 3898 6967 3514 
3008 6749 9875 9871 
3009 6484 6485 5681 
3010 2352 2355 2351 
3011 4457 6095 5510 
3012 3389 6953 3521 
3013 6436 6437 6435 
3014 2325 7109 2106 
3015 6068 10059 6888 
3016 3652 3653 3651 
3017 7259 9898 6625 
3018 5529 7020 5519 
3019 4985 7183 6680 
3020 5683 6523 6522 
3021 1706 1707 1704 
3022 498 638 497 
3023 4361 4362 4360 
3024 36 633 35 
3025 38 717 37 
3026 40 613 39 
3027 4889 6836 6462 
3028 496 720 495 
3029 5510 5683 5682 
3030 494 620 493 
3031 4947 4948 1668 
3032 2123 2124 2122 
3033 4457 5510 4910 
3034 4969 7175 6800 
3035 6998 7068 5025 
3036 2230 2231 2229 
3037 4953 5718 5717 
3038 2258 4737 1738 
3039 720 6744 495 
3040 2335 2341 2340 
3041 4980 7389 4981 
3042 492 721 491 
3043 958 9666 6904 
3044 1679 6761 1702 
3045 2302 2303 2151 
3046 2123 2296 2124 
3047 4303 4457 4427 
3048 4950 6796 2346 
3049 6682 6687 4357 
3050 2331 2334 2329 
3051 6796 6941 2352 
3052 2254 4283 2288 
3053 490 611 489 
3054 6800 7175 4155 
3055 2124 2126 2125 
3056 6970 6971 6968 
3057 5726 9773 7305 
3058 2320 3600 2317 
3059 2204 9458 2202 
3060 2264 3472 2252 
3061 6754 6755 611 
3062 6939 10186 6940 
3063 2577 6881 4164 
3064 3514 6967 3890 
3065 2340 4303 4140 
3066 656 9611 517 
3067 1675 1679 1678 
3068 6731 6732 4310 
3069 2331 2335 2334 
3070 2116 6869 2119 
3071 2577 6882 6881 
3072 2553 7267 2560 
3073 2213 6863 2254 
3074 599 6867 44 
3075 2566 7353 2570 
3076 6869 6870 2119 
3077 2560 7267 6801 
3078 6665 10432 5646 
3079 1699 6638 1698 
3080 2327 4963 2296 
3081 5674 9784 6530 
3082 3937 4420 4419 
3083 1580 9652 7053 
3084 618 6910 6907 
3085 4794 4795 3455 
3086 2550 7267 2549 
3087 715 6776 515 
3088 4700 6846 3889 
3089 6109 6842 4781 
3090 42 719 41 
3091 1643 1645 1644 
3092 6778 6779 6777 
3093 2089 6976 6959 
3094 7019 9741 2069 
3095 9207 9828 9696 
3096 1590 9853 9764 
3097 4357 4358 4356 
3098 1647 1648 1645 
3099 2151 6949 2146 
3100 3669 9813 6822 
3101 3644 3903 3643 
3102 488 722 487 
3103 3660 3662 3661 
3104 5669 5670 5529 
3105 4953 9203 5718 
3106 3636 3637 3555 
3107 5788 9766 7415 
3108 6491 6492 5670 
3109 5727 9763 6809 
3110 4932 4934 4931 
3111 4290 6618 3916 
3112 4113 6837 4116 
3113 3594 4316 3604 
3114 3646 4139 3645 
3115 3403 3594 3404 
3116 6789 6793 6790 
3117 2224 2225 2222 
3118 3896 4973 4302 
3119 6076 9752 9683 
3120 1647 1649 1648 
3121 2327 6826 4963 
3122 5681 6821 4448 
3123 2177 2178 2175 
3124 2130 2132 2131 
3125 3410 7035 3374 
3126 5449 9633 6958 
3127 232 6911 231 
3128 5394 7018 6885 
3129 4099 4887 4406 
3130 4930 4931 4929 
3131 7069 9543 6957 
3132 2348 2352 2351 
3133 1643 1644 1641 
3134 2170 2171 2168 
3135 1639 1641 1640 
3136 1654 1655 1653 
3137 4940 4941 4939 
3138 6900 6901 4721 
3139 5004 5005 5003 
3140 3361 7000 3369 
3141 6499 6500 6498 
3142 3640 3641 3639 
3143 3656 3658 3657 
3144 3312 6954 3309 
3145 1641 6648 1640 
3146 5519 7020 5518 
3147 2197 9684 2199 
3148 2344 4950 2346 
3149 1650 1651 1649 
3150 4795 6899 3455 
3151 3616 3617 3602 
3152 6976 9711 5733 
3153 4938 4939 4801 
3154 6495 6496 6494 
3155 3620 5518 3619 
3156 45 599 44 
3157 6870 9677 5420 
3158 485 600 484 
3159 6988 9623 6985 
3160 4395 4396 3914 
3161 4381 10000 3911 
3162 2126 2128 2127 
3163 1640 2344 2343 
3164 2349 6864 2353 
3165 2181 2182 2180 
3166 3521 6823 3607 
3167 3654 9203 3653 
3168 6925 9658 6924 
3169 6921 10067 10052 
3170 53 6897 723 
3171 6908 6909 725 
3172 6975 9737 2023 
3173 5718 9203 6607 
3174 5451 6099 5450 
3175 6602 9910 1642 
3176 2134 2136 2135 
3177 4316 4901 4900 
3178 5395 9428 7061 
3179 3650 3651 3648 
3180 2344 2346 2345 
3181 3653 4952 3651 
3182 4917 4919 4918 
3183 6769 6770 712 
3184 2318 2319 2312 
3185 3652 3654 3653 
3186 6906 9085 978 
3187 4139 4924 4443 
3188 7018 9196 2065 
3189 5737 9800 7158 
3190 5762 9085 6906 
3191 6728 9849 5418 
3192 1698 6638 2321 
3193 1678 6645 1671 
3194 3569 4743 3410 
3195 6727 10050 2177 
3196 4924 6568 5710 
3197 1604 6998 6997 
3198 6969 9720 7110 
3199 664 6895 47 
3200 2348 2351 2349 
3201 2304 2305 2303 
3202 4416 6876 6569 
3203 1594 9810 9715 
3204 6968 6969 3890 
3205 7355 9235 7336 
3206 2346 2348 2347 
3207 956 9201 7337 
3208 9905 9976 7171 
3209 4953 4954 4952 
3210 4886 4895 4893 
3211 2232 2233 2231 
3212 5745 7071 7037 
3213 7087 7088 666 
3214 6851 9884 1628 
3215 5395 7061 7060 
3216 7175 9698 4155 
3217 2233 9759 2231 
3218 3664 3894 3893 
3219 4695 6837 6686 
3220 4763 4764 4762 
3221 983 9022 986 
3222 7333 9604 6980 
3223 4430 10022 6584 
3224 4105 9602 4986 
3225 960 9235 7355 
3226 7276 9589 5824 
3227 1689 1691 1690 
3228 4960 6876 2370 
3229 27 6649 26 
3230 25 6658 24 
3231 7113 9681 7233 
3232 6993 6994 5010 
3233 6829 9131 5772 
3234 6686 9945 6683 
3235 5395 7060 7059 
3236 2323 3614 3496 
3237 4286 6900 4721 
3238 247 6664 246 
3239 2286 4735 2285 
3240 23 6670 22 
3241 6924 9658 4995 
3242 5751 6878 5750 
3243 5752 9068 6918 
3244 5750 6878 6877 
3245 10022 10028 6584 
3246 5006 5636 5005 
3247 5751 6957 6878 
3248 7518 9583 5755 
3249 6988 6992 3624 
3250 7013 7037 4998 
3251 5752 6918 5769 
3252 1610 9850 9834 
3253 5004 6561 6177 
3254 6918 7226 5769 
3255 4765 4766 4764 
3256 6179 6395 5636 
3257 2571 9709 2567 
3258 964 9131 6829 
3259 6992 9269 3624 
3260 6995 9048 5019 
3261 31 6678 30 
3262 3495 3936 2322 
3263 249 6674 248 
3264 10080 10098 2209 
3265 6891 9693 5041 
3266 5747 9567 8927 
3267 254 711 253 
3268 237 713 236 
3269 251 6694 250 
3270 5041 9693 7290 
3271 7061 9428 2091 
3272 6784 6785 657 
3273 7047 9523 6962 
3274 486 6868 485 
3275 2306 2307 2305 
3276 6756 6757 6755 
3277 2465 9813 3669 
3278 17 6696 16 
3279 2120 2123 2122 
3280 4695 6686 6683 
3281 4080 4869 3600 
3282 4743 7036 7035 
3283 4116 4118 4117 
3284 28 6657 651 
3285 1693 1695 1694 
3286 3646 6774 4139 
3287 505 6697 504 
3288 503 6698 502 
3289 4889 6462 6461 
3290 6485 6821 5681 
3291 2119 2120 2118 
3292 6883 10004 3623 
3293 5763 6993 5010 
3294 1741 2218 2217 
3295 2359 6890 4965 
3296 3353 6817 6787 
3297 2116 2119 2118 
3298 5751 7069 6957 
3299 3662 6977 3661 
3300 4291 6115 4891 
3301 507 6711 506 
3302 33 6707 32 
3303 3883 10029 6873 
3304 6634 6762 6635 
3305 4756 9016 4066 
3306 4106 6938 4413 
3307 5521 5529 5519 
3308 6616 10117 10089 
3309 6816 7071 5745 
3310 1639 1640 1638 
3311 1658 1659 1657 
3312 48 664 47 
3313 1623 6890 1622 
3314 4942 4943 4941 
3315 2115 6869 2116 
3316 1576 9048 6995 
3317 509 6717 508 
3318 1735 1741 1740 
3319 6942 6944 6943 
3320 6034 9692 7350 
3321 499 6729 498 
3322 724 6944 6942 
3323 1695 1699 1698 
3324 511 6725 510 
3325 3949 7052 4432 
3326 7021 9920 3685 
3327 2138 2140 2139 
3328 6822 9813 9806 
3329 6558 6559 6557 
3330 4441 6872 4442 
3331 2425 7014 2420 
3332 6364 6366 6365 
3333 235 6832 618 
3334 3421 3646 3645 
3335 233 6907 725 
3336 5556 5558 3926 
3337 647 6702 501 
3338 984 9087 6974 
3339 3421 3645 3339 
3340 3607 4744 4346 
3341 9441 9935 4086 
3342 5025 9608 2376 
3343 39 6733 38 
3344 37 6739 36 
3345 3648 6774 3646 
3346 497 6740 496 
3347 3561 6916 2315 
3348 3640 7085 3641 
3349 7125 9562 5760 
3350 493 6750 492 
3351 2129 6871 2130 
3352 6962 9523 5428 
3353 1723 1735 1734 
3354 5552 6109 4781 
3355 6048 9832 6958 
3356 4289 4291 4290 
3357 9849 9957 4719 
3358 4863 4864 4826 
3359 4284 6928 6888 
3360 2237 6672 2235 
3361 491 6753 490 
3362 2326 2327 2296 
3363 5717 6540 4954 
3364 634 6835 255 
3365 5661 6482 5662 
3366 4127 6836 4889 
3367 9745 9750 5016 
3368 479 6948 595 
3369 3560 7049 2313 
3370 9793 9908 5470 
3371 2340 4140 2334 
3372 3597 6836 4127 
3373 4178 7219 3697 
3374 1633 1634 1631 
3375 3521 6953 6823 
3376 6974 9087 6903 
3377 665 6947 6946 
3378 4109 4956 4111 
3379 4991 6945 2372 
3380 1637 1638 1635 
3381 2297 6604 1694 
3382 7009 7010 2401 
3383 2201 9816 2200 
3384 7219 9567 5747 
3385 6935 6995 5019 
3386 2369 2370 2366 
3387 6898 9821 6042 
3388 1604 6997 1601 
3389 5756 6974 6903 
3390 515 6776 514 
3391 6967 6968 3890 
3392 5457 9793 7216 
3393 555 6927 50 
3394 4912 6630 4764 
3395 9956 10092 5460 
3396 3624 9623 6988 
3397 2142 2144 2143 
3398 6827 9928 6845 
3399 4116 6837 4695 
3400 6617 10064 3370 
3401 6869 10081 10062 
3402 5688 6567 4960 
3403 2369 7022 4961 
3404 6819 6820 6798 
3405 2115 2116 2114 
3406 6728 9877 9870 
3407 5745 7037 7013 
3408 2363 7022 2369 
3409 4721 6978 6922 
3410 6089 6090 4747 
3411 14 712 13 
3412 715 6778 6777 
3413 5645 6416 4408 
3414 3650 3652 3651 
3415 2342 4094 2341 
3416 6802 6803 6443 
3417 2241 6896 3399 
3418 4919 4922 4921 
3419 2369 4960 2370 
3420 9949 10076 5724 
3421 4767 4768 4766 
3422 3284 7106 3286 
3423 5683 6522 5682 
3424 4889 6461 5649 
3425 5510 5682 4910 
3426 5014 9675 4341 
3427 4457 4910 4427 
3428 516 715 515 
3429 1644 6648 1641 
3430 4401 6916 3561 
3431 1639 7054 1642 
3432 2157 6663 2153 
3433 976 9589 7276 
3434 4416 6569 5664 
3435 3368 6922 3365 
3436 7250 9518 5763 
3437 980 9583 7518 
3438 6010 9580 7032 
3439 2395 7009 2401 
3440 1622 2359 2358 
3441 5674 6529 5673 
3442 2370 6876 4416 
3443 6885 7106 5394 
3444 4118 4122 4121 
3445 3294 6934 2469 
3446 2191 2193 2192 
3447 3460 9604 7333 
3448 2392 3381 2390 
3449 4303 4427 4140 
3450 723 6856 52 
3451 6903 7028 5756 
3452 2111 2112 2110 
3453 4731 6960 6898 
3454 6638 6843 2321 
3455 715 9611 6778 
3456 6928 10075 6888 
3457 2112 2115 2114 
3458 4965 7022 2361 
3459 2353 4104 3597 
3460 7026 9511 2079 
3461 2344 2345 2343 
3462 2355 4962 2351 
3463 6931 9787 6934 
3464 6523 6552 6522 
3465 2330 2331 2329 
3466 1629 1630 1627 
3467 1701 1704 1703 
3468 1625 1626 1623 
3469 1642 1643 1641 
3470 7305 9773 932 
3471 6970 6973 6971 
3472 4450 6938 4106 
3473 2328 2329 2327 
3474 6809 9763 940 
3475 4158 7014 2425 
3476 2363 2369 2366 
3477 712 6783 13 
3478 2469 6934 2451 
3479 4139 4443 3645 
3480 7174 9688 6680 
3481 6457 9685 3934 
3482 786 5502 784 
3483 7415 9766 936 
3484 6901 9951 6978 
3485 9683 9752 3886 
3486 1662 1663 1661 
3487 2207 9458 2204 
3488 2146 2148 2147 
3489 2098 6950 2101 
3490 1640 2343 1638 
3491 2550 9790 7267 
3492 6877 7291 5750 
3493 6958 6961 4712 
3494 253 6764 252 
3495 51 555 50 
3496 7058 7174 6680 
3497 6969 7110 3890 
3498 5437 9511 7026 
3499 5458 5724 4700 
3500 4981 7389 6881 
3501 6799 9781 928 
3502 1558 9562 7125 
3503 7291 7362 4476 
3504 1621 1622 1620 
3505 3614 4130 4090 
3506 6787 6817 6789 
3507 2359 2361 2360 
3508 724 6942 56 
3509 4924 5710 4443 
3510 2105 2106 2104 
3511 6406 6408 6407 
3512 7226 7293 5769 
3513 4887 6795 5643 
3514 2108 2111 2110 
3515 1633 1635 1634 
3516 2359 4965 2361 
3517 6728 9870 5982 
3518 5657 6811 4914 
3519 3322 7059 3324 
3520 2570 7353 2577 
3521 6881 7389 4164 
3522 2577 7353 6882 
3523 4416 5664 5663 
3524 7067 10014 3623 
3525 2370 4416 4415 
3526 4986 6802 6443 
3527 6849 6851 6850 
3528 1621 1623 1622 
3529 6747 9767 6671 
3530 2101 2102 2100 
3531 1634 6919 1631 
3532 1622 6890 2359 
3533 2567 7353 2566 
3534 2064 7071 2067 
3535 6945 6976 2089 
3536 4857 5450 4119 
3537 4130 4801 4800 
3538 5763 9518 6993 
3539 4955 6749 6748 
3540 2361 2363 2362 
3541 6383 6484 5681 
3542 1631 6919 1630 
3543 2444 7140 2440 
3544 1637 1639 1638 
3545 2363 2366 2364 
3546 4986 6443 4987 
3547 4990 9332 2324 
3548 6847 6849 6848 
3549 7338 9779 5415 
3550 2372 6945 2084 
3551 6846 6847 3671 
3552 7393 9116 996 
3553 4127 4889 4429 
3554 2364 6937 2367 
3555 2343 9384 1638 
3556 7394 9116 7393 
3557 1637 7054 1639 
3558 2102 2105 2104 
3559 7005 9501 5699 
3560 6607 6608 6532 
3561 2188 2191 2190 
3562 2105 2325 2106 
3563 5395 7059 3322 
3564 699 7090 7089 
3565 2527 9701 5041 
3566 6917 7024 6516 
3567 2315 3560 2313 
3568 4368 4907 4064 
3569 4057 6960 4731 
3570 4747 6967 3898 
3571 6671 9767 918 
3572 7017 9737 6975 
3573 2193 2195 2194 
3574 6942 6943 621 
3575 7019 9760 6035 
3576 4743 7035 3410 
3577 2145 2302 2151 
3578 6680 9688 6679 
3579 4761 4762 4758 
3580 1629 1631 1630 
3581 1625 1627 1626 
3582 4113 4116 4115 
3583 5684 9557 6887 
3584 44 6867 43 
3585 4276 4700 3889 
3586 7068 9608 5025 
3587 3298 7170 3296 
3588 10025 10029 3883 
3589 482 665 481 
3590 6492 6865 6495 
3591 15 6768 14 
3592 4444 9952 6644 
3593 4991 6976 6945 
3594 6866 9510 6593 
3595 878 9501 7005 
3596 7066 9506 7078 
3597 2346 2347 2345 
3598 3574 9646 6914 
3599 6519 10261 4947 
3600 4443 9510 3645 
3601 4973 6859 4302 
3602 665 6946 481 
3603 1564 9738 9650 
3604 5724 5725 4700 
3605 9952 9962 6644 
3606 4099 4406 3618 
3607 2348 2349 2347 
3608 6124 6795 4887 
3609 6925 7138 7136 
3610 6840 6841 5734 
3611 2431 6928 4284 
3612 4122 4356 4355 
3613 2090 6959 2093 
3614 7228 9221 2009 
3615 236 6832 235 
3616 2148 2150 2149 
3617 1646 1647 1645 
3618 7479 9143 7480 
3619 3316 9337 3312 
3620 255 6835 254 
3621 7480 9143 1000 
3622 2159 7007 2163 
3623 7044 9504 5764 
3624 621 6897 54 
3625 6778 6780 6779 
3626 5738 9666 6902 
3627 6506 6926 6507 
3628 4901 5656 5655 
3629 6905 9674 6904 
3630 6957 9153 6878 
3631 4304 6380 4870 
3632 3498 3671 3316 
3633 6915 9672 6914 
3634 966 9153 6957 
3635 6913 9022 982 
3636 7294 9624 7293 
3637 2195 2197 2196 
3638 6913 9085 5762 
3639 6601 6952 6951 
3640 7489 9125 1004 
3641 4769 4770 4768 
3642 1619 1620 1617 
3643 2097 6950 2098 
3644 6565 9791 5754 
3645 5780 9125 7489 
3646 978 9122 6906 
3647 6011 9706 7053 
3648 53 723 52 
3649 3252 9628 6936 
3650 7511 9500 5826 
3651 7032 9580 2029 
3652 4977 9384 2343 
3653 3972 7387 5752 
3654 618 6907 234 
3655 2098 2101 2100 
3656 4084 4401 3561 
3657 5528 6618 4290 
3658 2130 2131 2128 
3659 3258 7128 3256 
3660 5775 9561 7148 
3661 7136 9658 6925 
3662 6849 6852 6851 
3663 982 9022 983 
3664 982 9085 6913 
3665 6905 9679 9674 
3666 7387 9068 5752 
3667 3972 9022 7387 
3668 986 9022 3972 
3669 5019 7128 6935 
3670 235 618 234 
3671 1668 6763 1665 
3672 7002 8895 1008 
3673 7366 8895 7002 
3674 2403 7001 5016 
3675 2116 2118 2117 
3676 3893 6977 3662 
3677 2120 2122 2121 
3678 7055 8968 5036 
3679 3979 8895 7366 
3680 832 9631 6802 
3681 7621 9480 5795 
3682 4712 6961 3882 
3683 2131 9959 6793 
3684 260 7089 7087 
3685 47 6895 46 
3686 5394 7106 3284 
3687 2212 4292 2207 
3688 2124 2125 2122 
3689 2094 2097 2096 
3690 6646 9757 6566 
3691 4358 4360 4359 
3692 3889 6846 3498 
3693 4432 6840 5734 
3694 9679 9690 6892 
3695 7389 9606 4164 
3696 7012 7171 7170 
3697 5318 7301 7004 
3698 7004 7301 7040 
3699 7218 9582 7307 
3700 2097 2098 2096 
3701 2389 2390 2325 
3702 6566 9757 7079 
3703 6437 6438 6435 
3704 4286 4721 3887 
3705 6492 6495 6494 
3706 3887 6922 3368 
3707 5427 9506 7066 
3708 1556 7174 7058 
3709 6290 9651 7205 
3710 2367 4971 3609 
3711 5757 9681 7113 
3712 6922 9724 3365 
3713 1666 1667 1665 
3714 6593 9510 4443 
3715 3353 3357 3356 
3716 1651 1654 1653 
3717 1622 2358 1620 
3718 6997 6998 5025 
3719 3296 7170 4997 
3720 3617 3620 3619 
3721 1619 1621 1620 
3722 6924 9713 2493 
3723 3701 7112 7028 
3724 5680 5681 4448 
3725 259 7087 666 
3726 1554 8968 7055 
3727 5753 6994 6993 
3728 4105 4986 4892 
3729 2391 2392 2390 
3730 2356 3616 3602 
3731 4811 6546 5466 
3732 7197 9491 7193 
3733 3626 7038 2448 
3734 256 634 255 
3735 5453 6873 5714 
3736 4998 9577 7013 
3737 6847 6848 3671 
3738 1568 9710 9598 
3739 6629 9972 3674 
3740 2434 9577 4998 
3741 4887 5643 4406 
3742 4961 5688 4960 
3743 6849 6850 6848 
3744 4721 6922 3887 
3745 2386 3625 2385 
3746 6082 10138 7041 
3747 4380 4381 3911 
3748 6778 9611 6781 
3749 5763 9165 7250 
3750 6797 6798 5709 
3751 2106 7109 2108 
3752 7229 9294 5332 
3753 6814 6815 5424 
3754 5773 9502 7072 
3755 3498 6846 3671 
3756 4477 7070 5751 
3757 6541 6584 4957 
3758 2359 2360 2358 
3759 1601 6997 1600 
3760 4432 5734 4906 
3761 3339 9510 3337 
3762 5435 6900 4286 
3763 2426 2431 2425 
3764 6748 9912 914 
3765 3697 7219 5747 
3766 4944 4945 4943 
3767 7250 9165 1516 
3768 3337 9510 6866 
3769 6901 6978 4721 
3770 1615 1616 1613 
3771 666 7086 258 
3772 6048 9857 9832 
3773 7040 7301 2621 
3774 5751 7070 7069 
3775 2393 2394 2392 
3776 7031 7227 7030 
3777 9645 9646 3574 
3778 7209 9808 9708 
3779 2374 6997 5025 
3780 4284 6888 4453 
3781 2440 7140 7139 
3782 3663 9889 9846 
3783 2134 2135 2132 
3784 6720 6723 6722 
3785 2432 6928 2431 
3786 2102 2104 2103 
3787 3865 8967 7452 
3788 2023 7245 6975 
3789 5010 7219 4178 
3790 7228 7229 5332 
3791 4771 4772 4770 
3792 2395 2401 2394 
3793 2093 2094 2092 
3794 6079 6900 5435 
3795 6078 6079 5435 
3796 4276 5458 4700 
3797 2112 2114 2113 
3798 7030 7227 2005 
3799 2426 7100 3608 
3800 2420 7014 2418 
3801 5669 6491 5670 
3802 7008 7055 5036 
3803 7138 7308 5017 
3804 3345 4975 3347 
3805 2338 3588 2336 
3806 3659 3660 3658 
3807 7178 9436 5860 
3808 52 6856 51 
3809 3328 4169 3393 
3810 994 9504 7044 
3811 6962 9712 6026 
3812 2412 7074 4141 
3813 2471 9823 3294 
3814 3338 3339 3337 
3815 2382 2385 2381 
3816 998 9500 7511 
3817 55 6942 621 
3818 2089 6959 2090 
3819 1611 1612 1609 
3820 6706 9698 7175 
3821 5369 9013 7146 
3822 2358 9417 1620 
3823 2426 2432 2431 
3824 2090 2093 2092 
3825 1002 9480 7621 
3826 4433 7039 6996 
3827 2382 2386 2385 
3828 2422 7100 2426 
3829 5689 6570 5688 
3830 5672 9520 4123 
3831 2002 9217 2005 
3832 7028 7112 5756 
3833 4123 7006 2432 
3834 5753 9275 6994 
3835 6643 9883 6642 
3836 2422 2426 2425 
3837 2005 9217 7030 
3838 2422 2425 2420 
3839 55 621 54 
3840 3701 9108 2591 
3841 4362 4364 4363 
3842 2370 4415 2366 
3843 50 6927 49 
3844 699 7091 7090 
3845 4998 7027 2388 
3846 4970 7054 2300 
3847 2397 7009 2395 
3848 1639 1642 1641 
3849 3286 7106 3290 
3850 3501 7021 3685 
3851 3937 4419 3936 
3852 5021 7164 5765 
3853 3949 4432 4431 
3854 2108 2110 2109 
3855 3627 7140 2444 
3856 7164 7165 5765 
3857 6934 9470 2451 
3858 1574 7001 2403 
3859 1607 1608 1605 
3860 4731 6042 5464 
3861 3625 4437 4421 
3862 2150 2153 2152 
3863 4773 4774 4772 
3864 6496 6499 6498 
3865 1626 9718 9398 
3866 2106 2108 2107 
3867 6090 6967 4747 
3868 1615 1617 1616 
3869 6619 7009 2397 
3870 3954 7041 3612 
3871 4693 7047 6962 
3872 263 7092 262 
3873 5034 9299 7270 
3874 3865 7452 7451 
3875 4437 5782 4913 
3876 6491 6865 6492 
3877 5053 7362 7291 
3878 5750 7291 4476 
3879 5714 6601 6600 
3880 7099 9437 7141 
3881 5761 7028 6903 
3882 2063 7071 2064 
3883 2072 7023 2075 
3884 2361 2362 2360 
3885 6456 6457 3934 
3886 2567 9709 7353 
3887 258 7086 257 
3888 4889 5649 4429 
3889 3256 7128 5019 
3890 4965 9776 7022 
3891 1635 9384 1634 
3892 3612 7041 3611 
3893 1600 2374 2373 
3894 5484 9417 2358 
3895 2076 7025 2079 
3896 5063 9108 7029 
3897 2407 7033 2411 
3898 5709 6938 4450 
3899 2363 2364 2362 
3900 2083 2084 2082 
3901 5034 7270 7269 
3902 2448 7038 3627 
3903 7480 9116 7394 
3904 4100 4407 3587 
3905 7390 9198 5346 
3906 7391 9198 7390 
3907 5748 9652 6995 
3908 3343 7078 3288 
3909 1006 9436 7178 
3910 4704 4705 4293 
3911 7058 7183 5042 
3912 2089 2090 2088 
3913 6510 9581 3938 
3914 5453 5714 5713 
3915 4184 9687 9553 
3916 6515 10136 6082 
3917 6496 6889 6499 
3918 2141 9774 2142 
3919 1611 1613 1612 
3920 3312 9337 6954 
3921 4971 5514 3609 
3922 7059 7060 4169 
3923 4416 5663 4415 
3924 260 7087 259 
3925 2378 2382 2381 
3926 6690 6693 6688 
3927 2378 2381 2379 
3928 3324 7059 3328 
3929 6946 6948 480 
3930 1599 1600 1598 
3931 7093 7094 7091 
3932 2079 2080 2078 
3933 7148 9561 2025 
3934 7042 9345 898 
3935 4057 4731 4730 
3936 2376 2378 2377 
3937 3698 9689 7263 
3938 8085 8086 8084 
3939 6936 9628 6105 
3940 2374 2376 2375 
3941 2418 4991 2372 
3942 2080 2083 2082 
3943 7393 9090 7391 
3944 6062 9575 4071 
3945 3637 3639 3638 
3946 9764 9853 5754 
3947 7027 7037 2063 
3948 7350 9692 5393 
3949 9090 9198 7391 
3950 5332 9221 7228 
3951 2374 5025 2376 
3952 5028 9345 7042 
3953 4986 4987 4892 
3954 5747 9680 3698 
3955 2083 2372 2084 
3956 54 6897 53 
3957 2123 2326 2296 
3958 6785 9524 657 
3959 2431 4284 4158 
3960 4453 5453 4959 
3961 1540 9491 7197 
3962 3881 7047 4693 
3963 4998 7037 7027 
3964 3349 3353 3352 
3965 5521 5669 5529 
3966 7025 7026 2079 
3967 4982 7019 6035 
3968 1681 6761 1679 
3969 3290 9283 3293 
3970 4952 9686 6774 
3971 996 9090 7393 
3972 7205 9651 3628 
3973 1603 1604 1601 
3974 4284 4453 4452 
3975 2264 3913 3472 
3976 5824 9589 7518 
3977 4274 9442 7120 
3978 5369 7146 7045 
3979 1599 1601 1600 
3980 7072 9502 4490 
3981 4047 9585 6979 
3982 5755 9583 6974 
3983 6902 9666 962 
3984 9649 9653 4313 
3985 5419 9437 7099 
3986 9821 9834 6042 
3987 5041 9701 6891 
3988 7064 9440 7410 
3989 7037 7071 2063 
3990 573 8087 472 
3991 2084 6945 2086 
3992 5456 9751 6558 
3993 2399 6619 2397 
3994 7082 9377 2053 
3995 2086 2089 2088 
3996 9599 9607 4489 
3997 9897 9965 5746 
3998 6985 9623 7333 
3999 5360 9377 7082 
4000 5482 6048 4712 
4001 6925 7308 7138 
4002 7042 9367 7043 
4003 2388 7027 2058 
4004 7419 7450 7445 
4005 7084 9662 4495 
4006 7450 7451 7447 
4007 1600 6997 2374 
4008 9996 10004 6883 
4009 6051 9612 7125 
4010 1624 1625 1623 
4011 2098 2100 2099 
4012 3620 5519 5518 
4013 4997 9147 2371 
4014 233 725 232 
4015 3400 9923 2298 
4016 6038 9719 7066 
4017 4433 7038 3626 
4018 7227 7228 2009 
4019 4731 5464 4730 
4020 7028 9108 3701 
4021 6914 9646 6133 
4022 6980 9604 6979 
4023 480 6948 479 
4024 6904 9674 958 
4025 5778 8994 7505 
4026 3641 7085 3644 
4027 7505 8994 1022 
4028 3647 3648 3646 
4029 7146 9013 2021 
4030 7198 9099 5055 
4031 3401 3402 2319 
4032 2432 7006 6928 
4033 2361 7022 2363 
4034 2153 2155 2154 
4035 6890 9398 4965 
4036 7298 9134 1987 
4037 2293 9770 3896 
4038 1010 8973 7083 
4039 1607 1609 1608 
4040 7471 8842 1026 
4041 2197 2199 2198 
4042 9836 9937 6061 
4043 7172 9147 4997 
4044 7489 9143 7479 
4045 3248 7213 3246 
4046 1716 1717 1715 
4047 5059 9127 7358 
4048 1000 9116 7480 
4049 9680 9689 3698 
4050 3301 7170 3298 
4051 2076 2079 2078 
4052 7083 8973 7034 
4053 3979 7366 4999 
4054 6905 9690 9679 
4055 5429 9600 9565 
4056 2075 7025 2076 
4057 2453 7057 5042 
4058 3265 9228 3261 
4059 3314 9620 6960 
4060 4999 9001 7004 
4061 7034 7108 5027 
4062 4731 6898 6042 
4063 7366 9001 4999 
4064 1004 9143 7489 
4065 7690 9409 5783 
4066 2185 2186 2184 
4067 5036 7213 7008 
4068 5027 7083 7034 
4069 7002 9125 5780 
4070 1600 2373 1598 
4071 7004 9001 5318 
4072 4282 4712 3882 
4073 5787 7398 7248 
4074 2094 2096 2095 
4075 5777 7245 7176 
4076 5761 9108 7028 
4077 3261 7128 3258 
4078 8083 8085 8084 
4079 3318 6960 4057 
4080 4157 4957 2386 
4081 2072 2075 2074 
4082 1502 7644 7357 
4083 6048 6958 4712 
4084 1008 9125 7002 
4085 3958 9372 5021 
4086 7147 7176 5030 
4087 2418 7014 4991 
4088 2335 2342 2341 
4089 1636 1637 1635 
4090 6798 6938 5709 
4091 3602 9746 3601 
4092 1632 1633 1631 
4093 2075 2076 2074 
4094 2608 9493 2607 
4095 2451 9470 2040 
4096 2405 7033 2407 
4097 7048 9110 7122 
4098 2071 7023 2072 
4099 7269 7457 5034 
4100 7018 9741 5743 
4101 7445 7450 7447 
4102 1556 7058 7057 
4103 3608 4123 2432 
4104 1603 1605 1604 
4105 6936 9646 9645 
4106 2373 9094 1598 
4107 3305 7012 3301 
4108 6859 6861 4791 
4109 1707 7046 6677 
4110 7130 7138 5017 
4111 6679 9688 5766 
4112 3655 3656 3654 
4113 6460 6797 5709 
4114 7122 9110 4499 
4115 1597 1598 1595 
4116 5690 6082 4456 
4117 9715 9810 6052 
4118 7048 7050 5781 
4119 5039 7050 7048 
4120 9145 9640 9584 
4121 2189 9982 9885 
4122 5690 6515 6082 
4123 7014 9711 4991 
4124 7078 9506 3288 
4125 6035 6874 6067 
4126 5671 5672 4123 
4127 3501 3685 3305 
4128 9897 9931 1608 
4129 3357 3555 3554 
4130 57 724 56 
4131 2119 9676 2120 
4132 2421 2422 2420 
4133 3719 7063 4722 
4134 5734 7117 4906 
4135 1542 7131 1539 
4136 5472 7021 3501 
4137 5059 7358 7357 
4138 3685 7012 3305 
4139 8083 8084 673 
4140 5781 9110 7048 
4141 5039 7051 7050 
4142 5447 9094 2373 
4143 2419 2420 2418 
4144 4446 5749 4923 
4145 4432 4906 4431 
4146 2356 6941 3616 
4147 2374 2375 2373 
4148 1028 8914 7114 
4149 6975 7245 5777 
4150 2311 2320 2317 
4151 6366 6368 6365 
4152 6364 6367 6366 
4153 3890 7110 3355 
4154 7120 9442 5411 
4155 2446 7067 3623 
4156 6580 6581 6571 
4157 3332 4970 2300 
4158 7451 7452 7449 
4159 4706 4707 4705 
4160 6439 6440 6438 
4161 2234 2235 2233 
4162 5730 7015 6622 
4163 7247 9383 5791 
4164 7031 7228 7227 
4165 6506 6507 5672 
4166 1593 1594 1591 
4167 7057 7058 5042 
4168 4775 5547 4774 
4169 6901 9975 9951 
4170 1536 9099 7198 
4171 3625 4421 2385 
4172 2155 2159 2158 
4173 5770 9582 7218 
4174 3984 9440 7064 
4175 3320 9428 5395 
4176 4982 6035 4983 
4177 3336 3337 3334 
4178 1628 1629 1627 
4179 6564 6644 4966 
4180 2417 2418 2372 
4181 1602 9147 7172 
4182 2071 2072 2070 
4183 7299 9188 5322 
4184 5515 6089 4747 
4185 9806 9813 6834 
4186 7194 7198 5055 
4187 4106 4413 3598 
4188 7105 7297 7104 
4189 611 7080 489 
4190 2462 7144 4151 
4191 7114 8914 7056 
4192 7133 7138 7130 
4193 2101 9619 2102 
4194 2635 9252 2633 
4195 234 6907 233 
4196 6914 9672 3574 
4197 2090 2092 2091 
4198 481 6946 480 
4199 5042 9408 2455 
4200 4282 5482 4712 
4201 4955 9514 6749 
4202 7104 7297 1983 
4203 2442 7139 2450 
4204 3913 4395 3914 
4205 5784 7114 7056 
4206 2415 3634 2414 
4207 7298 7299 5322 
4208 5438 6880 6563 
4209 2446 2447 2443 
4210 2068 2071 2070 
4211 6495 6889 6496 
4212 4461 9806 6834 
4213 6437 6439 6438 
4214 4160 9514 4955 
4215 7029 9522 5063 
4216 2126 2127 2125 
4217 1913 9548 9541 
4218 1706 1708 1707 
4219 3673 3674 3635 
4220 7293 9624 5769 
4221 5743 7019 4982 
4222 1597 1599 1598 
4223 4053 7078 3343 
4224 2326 2328 2327 
4225 2376 2377 2375 
4226 7170 7171 4997 
4227 9607 9614 4489 
4228 6994 7219 5010 
4229 4958 6541 4957 
4230 5795 9480 7178 
4231 7419 7445 7444 
4232 7447 7451 7449 
4233 6092 9863 4749 
4234 3234 7225 3236 
4235 2729 7444 2727 
4236 6634 6635 4152 
4237 1024 9409 7690 
4238 3280 7141 3276 
4239 5777 7176 7147 
4240 2080 2082 2081 
4241 7155 9353 2035 
4242 2415 3635 3634 
4243 7110 9817 3351 
4244 7126 7356 7127 
4245 2086 6945 2089 
4246 2378 2379 2377 
4247 4988 7100 2423 
4248 2427 4988 2423 
4249 2302 2304 2303 
4250 7451 9352 3865 
4251 1670 1671 1669 
4252 1542 7132 7131 
4253 7056 7150 5784 
4254 1498 7356 7126 
4255 7045 7225 5369 
4256 6720 9683 6723 
4257 5837 7151 7108 
4258 4479 4982 4167 
4259 6576 7005 5699 
4260 5699 9501 4434 
4261 2446 3623 2447 
4262 1552 7057 2453 
4263 2084 2086 2085 
4264 1617 9417 1616 
4265 1589 1590 1587 
4266 3420 3421 3339 
4267 3952 4446 4445 
4268 1516 9165 7248 
4269 5354 8900 7420 
4270 2438 7139 2442 
4271 2608 7293 7226 
4272 2442 2446 2443 
4273 4693 6026 5443 
4274 5406 9353 7155 
4275 6936 9645 3252 
4276 3718 4167 3719 
4277 2020 7245 2023 
4278 4437 4913 4421 
4279 2411 2414 2410 
4280 1983 9193 7104 
4281 3882 6961 3330 
4282 2442 2443 2439 
4283 7081 7082 2053 
4284 2591 9108 5063 
4285 5708 5709 4450 
4286 9252 9423 2637 
4287 5760 9562 7055 
4288 2411 2415 2414 
4289 1514 9383 7247 
4290 1585 1586 1583 
4291 6831 9606 7389 
4292 5016 7033 2405 
4293 3246 7213 5036 
4294 6035 6067 4983 
4295 2050 7081 2053 
4296 1980 9193 1983 
4297 4489 9614 6877 
4298 699 7089 261 
4299 7109 10083 2111 
4300 2621 7436 7040 
4301 7131 7133 7130 
4302 1586 9791 7079 
4303 5782 6537 4913 
4304 6613 6614 4896 
4305 6979 9585 5410 
4306 4292 9458 2207 
4307 2127 6875 3345 
4308 6408 6409 6407 
4309 2722 7462 7436 
4310 3328 7059 4169 
4311 7137 9525 3964 
4312 7244 7332 5796 
4313 2408 7074 2412 
4314 2001 9217 2002 
4315 2130 6871 2133 
4316 5764 9504 7511 
4317 7106 9283 3290 
4318 5402 9800 6786 
4319 6761 9391 6512 
4320 6974 9583 984 
4321 7436 7462 7040 
4322 472 8087 471 
4323 2431 4158 2425 
4324 261 7089 260 
4325 2224 2226 2225 
4326 7450 9352 7451 
4327 1586 7079 1583 
4328 3881 4693 4279 
4329 4898 6510 3938 
4330 7518 9589 980 
4331 6426 6429 6428 
4332 56 6942 55 
4333 7095 7096 7094 
4334 2057 2058 2056 
4335 7029 9108 5761 
4336 3293 3718 3530 
4337 7082 9378 5360 
4338 5021 9372 7164 
4339 7111 9632 5768 
4340 7244 9213 2001 
4341 5826 9500 7621 
4342 6961 9633 3326 
4343 1593 1595 1594 
4344 7115 8888 1040 
4345 1589 1591 1590 
4346 5808 8888 7115 
4347 1583 7079 1582 
4348 1581 1582 1579 
4349 7148 9580 6010 
4350 1575 7001 1574 
4351 5322 9134 7298 
4352 4691 9563 6039 
4353 2438 2442 2439 
4354 7177 7178 5860 
4355 7357 7644 5059 
4356 8094 8096 8095 
4357 1579 7065 1578 
4358 7183 9408 5042 
4359 7214 9346 7220 
4360 7276 9599 976 
4361 7276 9607 9599 
4362 8631 8940 1044 
4363 1524 9572 9497 
4364 5789 8940 8631 
4365 6038 9739 9719 
4366 4302 6859 4791 
4367 2403 5016 2405 
4368 3361 3369 3363 
4369 2389 2391 2390 
4370 4693 5443 4279 
4371 4978 7053 5748 
4372 2057 2388 2058 
4373 1574 2403 2402 
4374 2407 2411 2410 
4375 2407 2410 2408 
4376 4057 4730 4729 
4377 2403 2405 2404 
4378 3261 9228 7128 
4379 2102 2103 2100 
4380 2067 2068 2066 
4381 2438 2439 2436 
4382 1538 7131 7130 
4383 7123 8738 1048 
4384 4982 4983 4167 
4385 2405 2407 2406 
4386 7124 8738 7123 
4387 7141 9437 3276 
4388 8876 9113 5324 
4389 4479 5743 4982 
4390 1577 1578 1575 
4391 8727 8738 7124 
4392 6954 9337 6853 
4393 5792 9113 8876 
4394 3718 4479 4167 
4395 1577 1579 1578 
4396 5602 7003 6378 
4397 7185 9569 4507 
4398 3964 9525 9484 
4399 9650 9738 5766 
4400 3303 9523 7047 
4401 1546 7457 7269 
4402 7505 9007 5792 
4403 1618 1619 1617 
4404 7248 9165 5787 
4405 6060 6884 6011 
4406 4477 9531 7070 
4407 2328 2330 2329 
4408 7180 8714 5057 
4409 4515 7177 5860 
4410 3641 3643 3642 
4411 2369 4961 4960 
4412 7163 9329 5797 
4413 6848 9337 3671 
4414 7297 7298 1987 
4415 3208 7289 3206 
4416 3391 7047 3881 
4417 1539 7131 1538 
4418 7136 7138 7133 
4419 9565 9600 4280 
4420 4168 4978 4480 
4421 3708 7179 4515 
4422 9007 9113 5792 
4423 5086 8842 7471 
4424 5438 6563 5439 
4425 5464 6063 5465 
4426 5086 7470 5779 
4427 4979 6011 4978 
4428 7471 8994 5778 
4429 259 666 258 
4430 2447 5438 3677 
4431 1573 1575 1574 
4432 7375 9027 1965 
4433 4456 7041 3954 
4434 5086 7471 7470 
4435 1502 7357 7356 
4436 3314 6960 3318 
4437 2058 7027 2060 
4438 1022 9007 7505 
4439 5779 8885 7064 
4440 7108 7151 4492 
4441 2138 2139 2136 
4442 6884 9731 1584 
4443 4905 5690 4456 
4444 4515 7179 7177 
4445 3393 4732 3553 
4446 7678 9324 5851 
4447 7398 9407 5050 
4448 5027 7108 4492 
4449 7470 8885 5779 
4450 2450 7067 2446 
4451 6028 9662 7084 
4452 4149 9345 5028 
4453 1026 8994 7471 
4454 7064 8885 3984 
4455 4141 5497 4438 
4456 7248 7398 1512 
4457 1528 9540 9435 
4458 1542 7268 7132 
4459 1708 1710 1709 
4460 5055 7289 7194 
4461 3254 9184 3251 
4462 9170 9296 7484 
4463 2352 6941 2356 
4464 2054 2057 2056 
4465 2482 7129 5017 
4466 2108 7109 2111 
4467 5497 6583 5702 
4468 3328 3393 3392 
4469 2063 2064 2062 
4470 6000 9429 7554 
4471 7410 9440 7419 
4472 3251 7213 3248 
4473 7761 9319 5798 
4474 2064 2067 2066 
4475 6027 9644 7099 
4476 2621 9410 2616 
4477 2434 4998 2388 
4478 1585 1587 1586 
4479 2330 2332 2331 
4480 1582 7065 1579 
4481 4836 9780 6301 
4482 7188 7195 7190 
4483 2076 2078 2077 
4484 5008 7108 7034 
4485 9712 9733 6026 
4486 3635 7062 3634 
4487 7151 9252 2635 
4488 2105 2389 2325 
4489 5369 7225 3234 
4490 6850 6854 6853 
4491 595 7310 478 
4492 6575 6576 5699 
4493 5445 6038 4715 
4494 2050 2053 2052 
4495 5837 7108 5008 
4496 7126 9241 1498 
4497 578 8182 8181 
4498 9489 9508 3970 
4499 5382 9346 7214 
4500 7196 9555 7197 
4501 9574 9661 7302 
4502 5702 7165 7164 
4503 7326 9333 7321 
4504 2049 7081 2050 
4505 9739 9754 2051 
4506 3718 3719 3530 
4507 7012 7170 3301 
4508 2079 9511 2080 
4509 1538 7130 7129 
4510 3714 7237 7150 
4511 9696 9828 5471 
4512 1510 8714 7180 
4513 3694 4168 3693 
4514 1643 1646 1645 
4515 3315 3316 3312 
4516 7195 7196 7192 
4517 518 656 517 
4518 4693 6962 6026 
4519 2053 2054 2052 
4520 7116 9012 7204 
4521 3672 3673 3635 
4522 1573 1574 1572 
4523 2072 2074 2073 
4524 7120 9609 7121 
4525 7116 7118 5800 
4526 1578 7001 1575 
4527 3910 3911 2289 
4528 3497 3498 3316 
4529 3888 3889 3498 
4530 5714 6600 5713 
4531 6011 7053 4978 
4532 2495 9405 5030 
4533 5052 7118 7116 
4534 478 7310 477 
4535 1614 1615 1613 
4536 7051 7493 7344 
4537 5030 9405 7147 
4538 2060 2063 2062 
4539 7226 9493 2608 
4540 7204 9012 4511 
4541 5749 7184 4923 
4542 7221 9289 7222 
4543 7081 9798 9771 
4544 3653 9203 4953 
4545 5754 9791 9764 
4546 4161 4966 3673 
4547 2542 9531 4477 
4548 5723 9312 4472 
4549 9213 9217 2001 
4550 4446 4923 4445 
4551 7201 7202 2480 
4552 3318 4057 4056 
4553 2086 2088 2087 
4554 7376 9111 5287 
4555 2490 7216 4153 
4556 4168 7107 4979 
4557 7168 8897 7169 
4558 1050 8897 7168 
4559 3505 7189 3713 
4560 1581 1583 1582 
4561 2474 7201 2480 
4562 6979 9604 4047 
4563 5052 7119 7118 
4564 2226 2228 2227 
4565 9610 9673 7195 
4566 3610 7052 3949 
4567 7101 9994 5721 
4568 4301 4747 3898 
4569 7629 9237 7239 
4570 5591 6728 5418 
4571 5800 9012 7116 
4572 7169 8897 7578 
4573 4714 4715 4053 
4574 7356 7357 7127 
4575 6038 7066 4715 
4576 5837 9252 7151 
4577 3879 7141 3280 
4578 4978 5748 4480 
4579 7190 7195 7192 
4580 4168 4480 3693 
4581 1571 1572 1569 
4582 2437 2438 2436 
4583 1602 1603 1601 
4584 7075 9502 5773 
4585 8967 9467 7452 
4586 3447 3693 3265 
4587 2049 2050 2048 
4588 2414 4996 2410 
4589 1038 9329 7163 
4590 5710 6602 6593 
4591 3668 9919 2505 
4592 4455 4456 3954 
4593 7375 7376 5287 
4594 2435 2436 2434 
4595 2116 2117 2114 
4596 7129 7130 5017 
4597 7105 7298 7297 
4598 2403 2404 2402 
4599 2058 2060 2059 
4600 9598 9710 6044 
4601 7042 7043 6550 
4602 5039 7493 7051 
4603 1042 9324 7678 
4604 2433 2434 2388 
4605 1655 1658 1657 
4606 2068 2070 2069 
4607 5063 9522 7429 
4608 7143 7180 5057 
4609 7189 7190 3713 
4610 5453 5713 4959 
4611 7167 7374 7166 
4612 2412 4141 3632 
4613 4059 4286 3887 
4614 2727 7444 3155 
4615 2733 7418 4530 
4616 5021 5765 5022 
4617 5044 7304 5788 
4618 6082 7041 4456 
4619 2106 2107 2104 
4620 2046 2049 2048 
4621 7150 7237 5784 
4622 2465 3669 2464 
4623 3714 8959 2667 
4624 7169 7578 7239 
4625 4116 4117 4115 
4626 4530 7418 7410 
4627 7166 7374 1961 
4628 7304 7305 5788 
4629 9522 9617 5413 
4630 1534 7129 2482 
4631 1574 2402 1572 
4632 7188 7190 7189 
4633 7132 7268 7135 
4634 1046 9319 7761 
4635 1498 9241 1495 
4636 7233 9681 7084 
4637 3674 7062 3635 
4638 6685 6687 6682 
4639 2461 2464 2460 
4640 6046 9464 9445 
4641 4530 7444 2729 
4642 6992 9653 9649 
4643 2402 7513 1572 
4644 6676 6834 4984 
4645 2349 2353 2350 
4646 5030 7153 2467 
4647 1567 1568 1565 
4648 9551 9555 7196 
4649 7222 9289 5376 
4650 7420 8900 7418 
4651 7070 9531 9519 
4652 9438 9444 3739 
4653 5054 9305 7332 
4654 4284 4452 4158 
4655 7282 7288 2624 
4656 3701 9463 7112 
4657 5860 9436 7083 
4658 7246 9264 7260 
4659 4453 4959 4452 
4660 4979 6060 6011 
4661 3236 7225 3240 
4662 1496 9333 7326 
4663 1958 9132 1961 
4664 6551 9415 4451 
4665 5796 9213 7244 
4666 7333 9623 3460 
4667 7103 9419 3704 
4668 2461 2465 2464 
4669 2471 3294 2469 
4670 7075 9489 3970 
4671 5698 5699 4434 
4672 9484 9525 7270 
4673 7239 9237 7169 
4674 4055 4282 3882 
4675 4168 4979 4978 
4676 2019 7245 2020 
4677 3875 9634 9632 
4678 2039 2451 2040 
4679 2199 2201 2200 
4680 2028 7149 2031 
4681 7280 7282 2624 
4682 1961 9132 7166 
4683 3206 7289 5055 
4684 6854 9851 1624 
4685 1595 9094 1594 
4686 5793 7150 7056 
4687 7511 9504 998 
4688 8213 8216 8214 
4689 3330 6961 3326 
4690 2405 2406 2404 
4691 2633 9252 2637 
4692 7463 9516 2722 
4693 2637 9423 3704 
4694 5028 7042 6550 
4695 4967 6564 4966 
4696 8095 8096 677 
4697 7621 9500 1002 
4698 4714 5445 4715 
4699 3307 4990 2324 
4700 2458 7144 2462 
4701 1606 1607 1605 
4702 2032 7154 2035 
4703 7346 7381 5810 
4704 2407 2408 2406 
4705 7154 7155 2035 
4706 5082 8959 7152 
4707 3244 7220 3238 
4708 2679 7472 2684 
4709 3881 4279 4054 
4710 9628 9663 7187 
4711 7325 8913 5068 
4712 7491 9568 9457 
4713 2679 8782 7472 
4714 2676 8782 2679 
4715 3958 5021 4462 
4716 1563 1564 1561 
4717 7044 9512 994 
4718 4995 9713 6924 
4719 2039 2040 2038 
4720 3875 9632 7111 
4721 5822 9350 9326 
4722 5425 7513 2402 
4723 2457 2461 2460 
4724 2391 2393 2392 
4725 6037 9413 7247 
4726 7215 9247 5736 
4727 5434 5435 4286 
4728 4905 9308 5690 
4729 2035 2036 2034 
4730 7259 9904 3668 
4731 2036 2039 2038 
4732 657 9524 11 
4733 1559 1560 1557 
4734 7153 7176 2019 
4735 5730 9318 7015 
4736 5028 6550 5029 
4737 5841 9411 7690 
4738 5012 7148 6010 
4739 5783 9409 7114 
4740 3240 9118 3242 
4741 2060 7027 2063 
4742 4274 7120 4702 
4743 1553 7057 1552 
4744 2426 3608 2432 
4745 5497 5702 4438 
4746 5287 9027 7375 
4747 1555 1556 1553 
4748 7203 9535 5786 
4749 2467 7153 2014 
4750 1997 7332 7244 
4751 1567 1569 1568 
4752 3694 7107 4168 
4753 1552 2453 2452 
4754 5841 9414 9411 
4755 944 9247 7215 
4756 8631 8888 5808 
4757 2453 5042 2455 
4758 1571 1573 1572 
4759 1040 8901 7115 
4760 4811 5466 4819 
4761 6957 9543 966 
4762 2112 2113 2110 
4763 5806 7473 5805 
4764 7186 7187 4682 
4765 9584 9640 4049 
4766 7134 9525 7137 
4767 2453 2455 2454 
4768 6853 9337 6848 
4769 2457 2460 2458 
4770 4992 7125 5760 
4771 2045 2046 2044 
4772 7150 8959 3714 
4773 4197 9499 9389 
4774 1555 1557 1556 
4775 1044 8888 8631 
4776 3251 9184 7213 
4777 2455 2457 2456 
4778 7132 7133 7131 
4779 7123 8940 5789 
4780 5432 6027 4687 
4781 5030 7176 7153 
4782 1979 9193 1980 
4783 2639 7151 2635 
4784 7171 7172 4997 
4785 3303 7047 3391 
4786 452 8095 677 
4787 8092 8093 8091 
4788 5466 6213 6212 
4789 453 8095 452 
4790 5388 9420 9392 
4791 1048 8940 7123 
4792 6647 9750 9745 
4793 3728 9257 2705 
4794 7200 7201 2476 
4795 2393 2395 2394 
4796 1551 1553 1552 
4797 7192 7197 7193 
4798 3447 3694 3693 
4799 2417 2419 2418 
4800 7374 7375 1965 
4801 5721 7200 2478 
4802 7176 7245 2019 
4803 4171 4992 4488 
4804 1557 7174 1556 
4805 4155 9698 7113 
4806 4271 7186 4682 
4807 5809 8963 7669 
4808 4492 7151 2639 
4809 7285 7288 7282 
4810 6992 9649 9269 
4811 3966 9218 5044 
4812 4141 4438 3632 
4813 7178 9480 1006 
4814 2083 2417 2372 
4815 9585 9637 9136 
4816 2468 2469 2451 
4817 7120 7121 4702 
4818 6050 6051 4992 
4819 2592 9463 3701 
4820 7669 8963 1066 
4821 1573 9048 1576 
4822 1563 1565 1564 
4823 5373 9264 7246 
4824 5377 9207 3272 
4825 2032 2035 2034 
4826 7498 8642 1070 
4827 2448 3627 2444 
4828 2031 7154 2032 
4829 3263 9442 4274 
4830 6077 6078 5435 
4831 5787 9407 7398 
4832 5057 7329 7143 
4833 7112 9463 9454 
4834 1714 1715 1712 
4835 3391 3881 3564 
4836 3481 3882 3330 
4837 2516 7206 5050 
4838 7156 7473 3711 
4839 2382 4157 2386 
4840 3909 7189 3505 
4841 1576 1577 1575 
4842 7193 9491 7198 
4843 2042 2045 2044 
4844 7346 9079 1979 
4845 2054 2056 2055 
4846 5795 7178 7177 
4847 7033 9503 2411 
4848 8093 8094 727 
4849 2447 3677 2443 
4850 2028 2031 2030 
4851 3211 7289 3208 
4852 7142 9076 6582 
4853 2508 7158 5402 
4854 470 8083 673 
4855 471 8083 470 
4856 3198 7329 3196 
4857 4277 4687 3879 
4858 7290 9693 4163 
4859 7124 9170 8727 
4860 7132 7134 7133 
4861 564 8092 8091 
4862 12 657 11 
4863 7146 9561 5775 
4864 1492 8913 7325 
4865 768 8212 8211 
4866 2419 2421 2420 
4867 7238 7629 7239 
4868 7324 7325 5068 
4869 5793 8959 7150 
4870 3728 7629 7238 
4871 7208 9529 7214 
4872 2027 7149 2028 
4873 2031 2032 2030 
4874 7173 8931 7249 
4875 4051 4171 3702 
4876 7332 9305 5796 
4877 2476 7201 2474 
4878 6027 7099 4687 
4879 2682 9349 2677 
4880 2478 7200 2476 
4881 6885 7018 5743 
4882 9404 9498 7322 
4883 7285 8815 7288 
4884 7301 9410 2621 
4885 7256 7259 7255 
4886 1551 1552 1550 
4887 7249 8931 4521 
4888 7220 9346 3238 
4889 2364 2367 2365 
4890 2442 2450 2446 
4891 8088 8090 8089 
4892 4149 5028 4936 
4893 5766 9688 9650 
4894 2470 2471 2469 
4895 7269 7270 7135 
4896 5825 9304 7145 
4897 6993 9518 5801 
4898 2421 2423 2422 
4899 7448 9595 9541 
4900 1556 7057 1553 
4901 7173 7181 5814 
4902 6010 7032 6049 
4903 6039 9563 9553 
4904 1522 9483 9462 
4905 3993 7668 7210 
4906 5062 7181 7173 
4907 792 4304 794 
4908 6051 7125 4992 
4909 3734 7209 4697 
4910 7395 9239 5815 
4911 1647 1650 1649 
4912 6018 9569 7185 
4913 2474 2480 2473 
4914 2472 2473 2471 
4915 6041 7207 4692 
4916 5814 8931 7173 
4917 467 8263 561 
4918 468 8263 467 
4919 5090 9341 7617 
4920 5062 7182 7181 
4921 1571 9048 1573 
4922 9419 9517 4523 
4923 1560 9688 7174 
4924 7050 9350 5822 
4925 1610 1611 1609 
4926 9507 9577 2439 
4927 4170 4984 2465 
4928 7134 7137 7136 
4929 4138 4433 3626 
4930 6366 6369 6368 
4931 3608 5671 4123 
4932 5327 7469 7380 
4933 2050 2052 2051 
4934 5671 6506 5672 
4935 7124 9296 9170 
4936 580 8219 8218 
4937 7119 7562 7402 
4938 4171 7162 6050 
4939 2027 2028 2026 
4940 5012 6010 5013 
4941 1559 1561 1560 
4942 6055 9359 3394 
4943 5805 7473 7156 
4944 1592 1593 1591 
4945 4041 9328 9320 
4946 1549 1550 1547 
4947 3412 3702 3254 
4948 4171 4488 3702 
4949 4992 5760 4488 
4950 5327 7379 7378 
4951 231 662 230 
4952 1569 7513 1568 
4953 2453 2454 2452 
4954 2492 2493 2489 
4955 7238 9257 3728 
4956 2464 5015 2460 
4957 3441 9422 9304 
4958 7196 7197 7192 
4959 7152 9347 5082 
4960 5765 7262 5022 
4961 5327 7380 7379 
4962 9579 9621 6274 
4963 3633 9372 3958 
4964 4348 9244 5469 
4965 4277 5432 4687 
4966 7358 9508 9489 
4967 5451 6100 6099 
4968 2024 2027 2026 
4969 9445 9464 3878 
4970 2525 7290 4163 
4971 2462 4151 3666 
4972 5810 9079 7346 
4973 5021 5022 4462 
4974 2507 2508 2504 
4975 1560 7174 1557 
4976 7344 9026 7051 
4977 5381 9476 6023 
4978 5459 5460 5458 
4979 7211 7212 5064 
4980 5065 9212 7381 
4981 2452 7457 1550 
4982 1552 2452 1550 
4983 2379 2383 2380 
4984 7380 7469 1999 
4985 5080 7212 7211 
4986 5775 7148 5012 
4987 7053 9706 1580 
4988 673 8264 469 
4989 7167 7375 7374 
4990 7222 9449 7223 
4991 5722 7101 5721 
4992 769 8217 8216 
4993 3665 7158 2508 
4994 5052 7562 7119 
4995 2046 2048 2047 
4996 2492 6924 2493 
4997 7268 7269 7135 
4998 2440 7139 2438 
4999 3876 7220 3244 
5000 2486 7308 2492 
5001 1512 7398 7206 
5002 7668 8688 7210 
5003 9079 9193 1979 
5004 5080 7251 7212 
5005 6706 9164 6705 
5006 2492 7308 6925 
5007 7667 8688 7668 
5008 1545 1546 1543 
5009 3213 9289 7221 
5010 7083 9436 1010 
5011 2730 9444 2733 
5012 7125 9612 1558 
5013 5791 9383 7180 
5014 2080 2081 2078 
5015 4503 5012 4176 
5016 2423 7100 2422 
5017 2120 2121 2118 
5018 7278 9161 7277 
5019 2667 8959 5082 
5020 2507 3665 2508 
5021 2060 2062 2061 
5022 1534 2482 2481 
5023 3704 9423 7103 
5024 2503 2507 2504 
5025 2503 2504 2500 
5026 4719 7107 3694 
5027 2036 2038 2037 
5028 1068 9161 7278 
5029 898 9367 7042 
5030 3438 3887 3368 
5031 1508 7206 2516 
5032 7190 7191 3713 
5033 3733 4176 3734 
5034 7554 9429 5355 
5035 5034 7457 2452 
5036 6588 9335 4166 
5037 4171 6050 4992 
5038 3665 7159 7158 
5039 5712 6551 4451 
5040 7255 7259 3668 
5041 4985 6676 4984 
5042 3711 7472 7156 
5043 7132 7135 7134 
5044 2486 2492 2489 
5045 3215 9158 3211 
5046 7187 7188 4682 
5047 2084 2085 2082 
5048 2159 2162 2161 
5049 6010 6049 5013 
5050 7113 7233 2559 
5051 5999 9432 7246 
5052 7473 9170 7484 
5053 3708 9387 7179 
5054 2520 7224 2524 
5055 2487 7216 2490 
5056 2684 7472 3711 
5057 8268 8269 565 
5058 7114 9409 1028 
5059 8213 8214 630 
5060 769 8216 8213 
5061 5054 7243 2513 
5062 2455 2456 2454 
5063 7766 8811 7767 
5064 1580 1581 1579 
5065 9299 9484 7270 
5066 7225 9118 3240 
5067 7767 8811 5320 
5068 7690 9411 1024 
5069 2094 2095 2092 
5070 5797 9329 7678 
5071 2482 2484 2483 
5072 4160 4955 4469 
5073 3693 9228 3265 
5074 6408 6410 6409 
5075 7223 7230 4674 
5076 3171 7414 3169 
5077 5044 9218 7304 
5078 2040 2042 2041 
5079 3196 7329 5057 
5080 2457 2458 2456 
5081 1541 1542 1539 
5082 1474 9239 7395 
5083 468 8264 8263 
5084 4733 4811 4810 
5085 4988 9659 7100 
5086 4906 7117 5695 
5087 6930 6933 6932 
5088 2486 2489 2487 
5089 2484 2486 2485 
5090 1537 1538 1535 
5091 7190 7192 7191 
5092 2064 2066 2065 
5093 2677 8782 2676 
5094 7134 7136 7133 
5095 7323 9366 7326 
5096 7409 7559 5821 
5097 5748 6995 6935 
5098 5017 7308 2484 
5099 3704 9419 3705 
5100 3242 3733 3527 
5101 5851 9324 7761 
5102 9357 9366 7323 
5103 2013 2014 2012 
5104 2013 2467 2014 
5105 9647 9662 6028 
5106 5798 9319 7168 
5107 2433 2435 2434 
5108 2612 8815 1929 
5109 1535 7129 1534 
5110 3324 3328 3327 
5111 1480 9403 9326 
5112 1975 7381 7346 
5113 2006 7227 2009 
5114 7345 8744 5076 
5115 3872 9537 9535 
5116 1549 1551 1550 
5117 2509 7255 3668 
5118 3679 9790 2554 
5119 6105 7186 4817 
5120 2053 9377 2054 
5121 6106 6936 6105 
5122 7152 8959 5793 
5123 2499 2503 2500 
5124 7478 9254 7477 
5125 9320 9328 5825 
5126 7349 9180 7368 
5127 2482 5017 2484 
5128 7338 9782 3679 
5129 7307 9582 7185 
5130 5438 5439 3677 
5131 2023 2024 2022 
5132 7265 8954 7632 
5133 5686 9471 4909 
5134 1545 1547 1546 
5135 5028 5029 4936 
5136 3311 3312 3309 
5137 4817 7186 4271 
5138 5012 5013 4176 
5139 580 8218 84 
5140 5068 7414 7324 
5141 9392 9420 4275 
5142 3320 5395 3322 
5143 7246 7260 4685 
5144 3412 4051 3702 
5145 4051 7162 4171 
5146 4153 5470 4459 
5147 4274 4702 4701 
5148 1957 9132 1958 
5149 5830 8950 7264 
5150 3213 7221 3217 
5151 4503 5775 5012 
5152 5113 8642 7498 
5153 2057 2433 2388 
5154 7632 8954 1084 
5155 9149 9260 5047 
5156 5064 7421 7211 
5157 3733 4503 4176 
5158 5470 6799 5726 
5159 1533 1535 1534 
5160 2513 7243 1992 
5161 7258 9898 7256 
5162 2435 2437 2436 
5163 2014 7153 2016 
5164 3629 5721 2478 
5165 2499 2500 2497 
5166 1541 1543 1542 
5167 3221 7378 3223 
5168 7303 9159 5818 
5169 7031 7229 7228 
5170 5113 7497 5811 
5171 7145 9320 5825 
5172 7264 8950 1088 
5173 2010 2013 2012 
5174 7440 8550 1092 
5175 5113 7498 7497 
5176 5811 8705 7210 
5177 1554 1555 1553 
5178 1484 9373 9288 
5179 2748 9104 7421 
5180 1533 1534 1532 
5181 7497 8705 5811 
5182 5402 6786 5403 
5183 8965 9004 5816 
5184 9559 9573 2007 
5185 9497 9572 5801 
5186 7478 7480 7394 
5187 3872 9535 7203 
5188 7210 8705 3993 
5189 2640 9387 3708 
5190 7669 8965 5816 
5191 2508 5402 3688 
5192 1538 7129 1535 
5193 7381 9212 5810 
5194 7409 9045 1957 
5195 2778 9285 4547 
5196 7791 9156 5872 
5197 5849 7441 4551 
5198 6429 6430 6428 
5199 4713 4714 4053 
5200 7232 7234 5817 
5201 2437 2440 2438 
5202 3290 3293 3292 
5203 5070 7234 7232 
5204 5849 8873 7441 
5205 2019 2020 2018 
5206 4472 8944 3961 
5207 2495 5030 2467 
5208 4270 7233 7084 
5209 1551 8968 1554 
5210 7232 8828 7316 
5211 4949 5723 4472 
5212 7243 7332 1997 
5213 2020 2023 2022 
5214 5327 7378 3221 
5215 7498 8963 5809 
5216 7847 9148 5819 
5217 2531 7266 5047 
5218 1472 9026 7344 
5219 4674 7230 4269 
5220 2415 3672 3635 
5221 8091 8093 727 
5222 6388 6914 6133 
5223 7217 9276 5865 
5224 7316 8828 4527 
5225 1543 7268 1542 
5226 1066 8965 7669 
5227 5726 7305 7304 
5228 3201 7329 3198 
5229 7334 7338 3679 
5230 5759 7272 7271 
5231 1998 7244 2001 
5232 5070 7235 7234 
5233 4348 5469 4853 
5234 1546 7269 7268 
5235 7207 7208 4681 
5236 5366 9397 6015 
5237 1070 8963 7498 
5238 2058 2059 2056 
5239 5363 9180 7349 
5240 8142 8144 8143 
5241 2032 2034 2033 
5242 7206 7398 5050 
5243 7587 9255 7576 
5244 2518 7224 2520 
5245 747 8090 8088 
5246 3733 3734 3527 
5247 7179 9387 9376 
5248 5817 8828 7232 
5249 7357 7358 7127 
5250 7633 9273 3770 
5251 3263 4274 3267 
5252 7208 9559 9529 
5253 2482 2483 2481 
5254 2383 3621 2384 
5255 1584 1585 1583 
5256 7192 7193 7191 
5257 4271 4682 3909 
5258 2028 2030 2029 
5259 1470 8744 7345 
5260 2559 7233 2558 
5261 7182 7650 7476 
5262 2009 2010 2008 
5263 3296 4997 2371 
5264 7240 9249 5092 
5265 6104 6105 4817 
5266 1495 9241 1494 
5267 2005 7227 2006 
5268 2016 2019 2018 
5269 7236 9434 5804 
5270 1549 8968 1551 
5271 7741 8873 5849 
5272 2039 2468 2451 
5273 4458 7256 7255 
5274 9347 9430 5374 
5275 5759 7271 4484 
5276 7274 7345 5076 
5277 1072 8720 7251 
5278 1537 1539 1538 
5279 1534 2481 1532 
5280 3869 9439 9434 
5281 7288 8815 2612 
5282 2539 7362 5053 
5283 1094 8610 7309 
5284 2481 7514 1532 
5285 3505 3713 3215 
5286 5337 7421 7300 
5287 8088 8089 623 
5288 2035 9353 2036 
5289 2006 2009 2008 
5290 1527 1528 1525 
5291 2496 2497 2495 
5292 9435 9540 6021 
5293 2490 4153 3675 
5294 1531 1532 1529 
5295 2005 2006 2004 
5296 1547 7457 1546 
5297 2494 2495 2467 
5298 4163 7273 3680 
5299 4273 4681 3876 
5300 4685 7260 4045 
5301 1605 9588 1604 
5302 5044 5788 5045 
5303 5806 9170 7473 
5304 7251 8720 7212 
5305 7275 7464 5421 
5306 3169 7414 5068 
5307 2182 9902 2185 
5308 4455 4905 4456 
5309 4180 7327 2552 
5310 1082 9159 7303 
5311 3719 4722 3720 
5312 6550 9123 5029 
5313 2024 2026 2025 
5314 7208 7214 4681 
5315 2493 5457 2489 
5316 5055 9099 2466 
5317 5048 7277 4539 
5318 2014 2016 2015 
5319 1086 9156 7791 
5320 5062 7650 7182 
5321 4715 7078 4053 
5322 2367 3609 2368 
5323 2552 7327 2547 
5324 7309 8610 7254 
5325 2528 3683 2527 
5326 2408 2412 2409 
5327 2002 2005 2004 
5328 9455 9475 1985 
5329 7645 9268 7119 
5330 2498 2499 2497 
5331 5326 7491 7490 
5332 5065 7292 2529 
5333 1573 1576 1575 
5334 5082 9347 7582 
5335 5361 7111 5768 
5336 3697 3698 3684 
5337 5820 7309 7254 
5338 5471 6053 5445 
5339 1558 1559 1557 
5340 1596 1597 1595 
5341 1090 9148 7847 
5342 5698 6575 5699 
5343 4471 4472 3961 
5344 2528 3684 3683 
5345 3697 5747 3698 
5346 1490 7266 2531 
5347 5999 9455 9432 
5348 5092 9249 7670 
5349 5391 7514 2481 
5350 3905 9621 9579 
5351 1570 1571 1569 
5352 7254 7367 5820 
5353 6040 6041 4692 
5354 6894 7215 5736 
5355 3714 9302 7237 
5356 5736 9247 4467 
5357 7328 7350 3682 
5358 7402 7645 7119 
5359 7678 9329 1042 
5360 4974 6588 4166 
5361 5326 8636 7492 
5362 3304 3305 3301 
5363 457 8271 456 
5364 456 8271 564 
5365 2142 2143 2140 
5366 4458 7255 3667 
5367 4501 7464 7275 
5368 4692 7207 4273 
5369 5054 7332 7243 
5370 3264 3265 3261 
5371 4270 7084 4495 
5372 2553 2558 2552 
5373 2607 9493 4265 
5374 1523 1524 1521 
5375 7168 9319 1050 
5376 9045 9132 1957 
5377 4167 7063 3719 
5378 7761 9324 1046 
5379 4547 8688 7667 
5380 2545 7327 5054 
5381 2524 2527 2523 
5382 2524 2528 2527 
5383 2624 7288 2614 
5384 7163 9338 1038 
5385 7350 9697 3682 
5386 1997 7244 1998 
5387 2484 2485 2483 
5388 3966 5044 4475 
5389 7242 9176 5838 
5390 4273 7207 4681 
5391 5050 7224 2518 
5392 6989 6992 6988 
5393 3667 7255 2509 
5394 2486 2487 2485 
5395 4050 4277 3879 
5396 7221 7222 4674 
5397 7321 9333 7325 
5398 2098 2099 2096 
5399 2553 2559 2558 
5400 1546 7268 1543 
5401 3211 9158 7289 
5402 7492 8636 1977 
5403 2614 7288 2612 
5404 1984 7297 1987 
5405 1527 1529 1528 
5406 2558 7233 4270 
5407 1519 1520 1517 
5408 5073 9129 7559 
5409 7218 7307 2576 
5410 7585 8827 1903 
5411 6985 7333 6982 
5412 1588 1589 1587 
5413 6290 7205 6344 
5414 4976 7273 6905 
5415 3329 9534 3480 
5416 9149 9241 7077 
5417 4155 7113 2559 
5418 5326 7492 7491 
5419 4052 4053 3343 
5420 3874 4674 4269 
5421 9238 9270 7279 
5422 2549 2553 2552 
5423 1531 1533 1532 
5424 3192 7368 3188 
5425 7077 9241 7126 
5426 1953 7559 7409 
5427 7119 9268 7118 
5428 3770 8811 7766 
5429 5320 8808 7767 
5430 1515 1516 1513 
5431 7344 7493 5087 
5432 1517 7250 1516 
5433 4164 9606 7218 
5434 3178 9030 3174 
5435 2549 2552 2547 
5436 7279 9270 7278 
5437 2521 7290 2525 
5438 8175 8176 566 
5439 3174 7414 3171 
5440 4269 7230 4690 
5441 2705 9257 5092 
5442 2016 7153 2019 
5443 3291 9427 3538 
5444 7077 9260 9149 
5445 5470 5726 4459 
5446 3930 9192 9186 
5447 2353 3597 2354 
5448 1599 1602 1601 
5449 8141 8142 671 
5450 7222 7223 4674 
5451 3282 9196 5394 
5452 4490 9519 7072 
5453 2468 2470 2469 
5454 7247 9413 1514 
5455 3278 6055 3394 
5456 3227 4184 3427 
5457 2001 2002 2000 
5458 5842 7780 7311 
5459 1513 7248 1512 
5460 7253 8550 7440 
5461 7311 7780 2798 
5462 4682 7189 3909 
5463 1511 1513 1512 
5464 8218 8219 8217 
5465 5848 9182 9150 
5466 2677 9349 8782 
5467 3293 9283 3718 
5468 9454 9463 7122 
5469 4499 9454 7122 
5470 2798 7315 7311 
5471 9238 9240 7241 
5472 7394 9254 7478 
5473 4261 9092 7385 
5474 7257 7258 7256 
5475 3970 9502 7075 
5476 7327 9305 5054 
5477 1515 1517 1516 
5478 5821 9045 7409 
5479 1997 1998 1996 
5480 7413 9091 7437 
5481 7461 8918 1933 
5482 1494 9149 7266 
5483 1509 7206 1508 
5484 5056 7441 7253 
5485 7253 7440 5056 
5486 6036 6037 5024 
5487 2529 7292 1970 
5488 4551 7441 5056 
5489 3586 9138 7252 
5490 3204 8976 3201 
5491 7318 7360 7322 
5492 2516 5050 2518 
5493 7507 9253 6194 
5494 2520 2524 2523 
5495 3145 7481 3143 
5496 1523 1525 1524 
5497 1458 9314 9232 
5498 1508 2516 2515 
5499 7230 7231 4690 
5500 7317 7318 3730 
5501 6104 6106 6105 
5502 1998 2001 2000 
5503 5048 7278 7277 
5504 3702 9184 3254 
5505 1511 1512 1509 
5506 7317 7360 7318 
5507 2786 7774 2790 
5508 3355 7110 3351 
5509 1638 9384 1635 
5510 7292 7381 1975 
5511 84 8218 83 
5512 3586 9154 7611 
5513 449 8268 565 
5514 450 8268 449 
5515 2516 2518 2517 
5516 2520 2523 2521 
5517 4923 7184 5677 
5518 2556 7334 3679 
5519 9519 9531 7072 
5520 6986 6988 6985 
5521 2518 2520 2519 
5522 3682 9709 2571 
5523 5838 9176 9160 
5524 4153 4459 3675 
5525 5384 9563 9145 
5526 7617 9341 8907 
5527 7342 7584 7341 
5528 1507 1509 1508 
5529 3293 3530 3529 
5530 1992 7243 1994 
5531 6009 9277 7395 
5532 5760 7055 7008 
5533 7092 7093 7091 
5534 5024 7247 5791 
5535 4204 9291 9138 
5536 5019 9048 2387 
5537 2573 7328 3682 
5538 3184 7490 3186 
5539 5768 7031 7030 
5540 7341 7584 1899 
5541 3869 9434 7236 
5542 1929 8815 1930 
5543 1520 7250 1517 
5544 4726 9304 5825 
5545 7264 8954 7265 
5546 7421 9104 7211 
5547 7335 7338 7334 
5548 6388 6915 6914 
5549 2545 5054 2513 
5550 5076 7481 7274 
5551 3256 5019 2387 
5552 9154 9160 7611 
5553 1991 1992 1990 
5554 7383 9064 5832 
5555 7237 9302 9295 
5556 1084 8955 7632 
5557 1598 9094 1595 
5558 1991 2513 1992 
5559 1520 9518 7250 
5560 4179 5024 4513 
5561 7440 8950 5830 
5562 2668 9302 3714 
5563 1450 7645 7402 
5564 7348 9356 7349 
5565 1988 1991 1990 
5566 3217 7221 3874 
5567 7076 9489 7075 
5568 7460 8918 7461 
5569 3503 7317 3730 
5570 5348 9091 7413 
5571 6982 7333 6980 
5572 6893 6894 5736 
5573 3663 3664 3662 
5574 3671 9337 3316 
5575 6027 9665 9644 
5576 3223 7378 3227 
5577 7382 9011 7570 
5578 1462 9286 9183 
5579 4268 7307 7185 
5580 1896 7618 1899 
5581 2580 7343 5087 
5582 5853 8923 7359 
5583 4539 7277 5080 
5584 1899 7618 7341 
5585 2461 4170 2465 
5586 5380 5999 4685 
5587 2508 3688 2504 
5588 7456 9018 7388 
5589 5361 5768 5767 
5590 4543 7339 4198 
5591 3270 9339 5377 
5592 2042 2044 2043 
5593 677 8270 451 
5594 1088 8954 7264 
5595 2509 3668 2505 
5596 436 8145 755 
5597 7300 7421 5064 
5598 2558 4270 4180 
5599 5326 7490 3184 
5600 3494 3879 3280 
5601 1529 7514 1528 
5602 1984 1987 1986 
5603 2412 3632 2413 
5604 1092 8950 7440 
5605 3696 3697 3684 
5606 3684 7263 3683 
5607 8142 8143 671 
5608 5057 8714 2512 
5609 5865 9276 4667 
5610 4495 5361 5018 
5611 7378 7379 4184 
5612 2484 7308 2486 
5613 9276 9358 4200 
5614 3746 7466 7367 
5615 4270 4495 4494 
5616 4976 6905 6904 
5617 1507 1508 1506 
5618 7385 9092 5350 
5619 1983 7297 1984 
5620 1516 7248 1513 
5621 7105 7299 7298 
5622 9186 9192 7242 
5623 5065 7381 7292 
5624 1987 1988 1986 
5625 7363 8484 1114 
5626 7368 9180 3188 
5627 7364 8484 7363 
5628 1994 1997 1996 
5629 5772 7355 7354 
5630 3194 7330 3747 
5631 6037 7247 5024 
5632 4179 7302 6036 
5633 2006 2008 2007 
5634 3749 8484 7364 
5635 3500 3501 3305 
5636 7359 8923 1110 
5637 1472 7344 7343 
5638 3716 4179 3715 
5639 1519 1521 1520 
5640 7045 7146 5775 
5641 1512 7206 1509 
5642 7364 7693 3749 
5643 479 595 478 
5644 2560 4155 2559 
5645 4466 7335 7334 
5646 7585 7586 5282 
5647 3359 7000 3361 
5648 2576 7307 2575 
5649 2010 2012 2011 
5650 1566 1567 1565 
5651 3976 7464 4501 
5652 7352 7692 5301 
5653 2589 7429 4173 
5654 5837 9423 9252 
5655 5838 9186 7242 
5656 6278 6979 5410 
5657 6017 7347 5367 
5658 7406 9052 5924 
5659 4154 4458 3667 
5660 4684 4685 4045 
5661 3629 5722 5721 
5662 7559 9129 5821 
5663 7622 9039 7340 
5664 9160 9176 7611 
5665 2002 2004 2003 
5666 7181 9182 5848 
5667 4182 7397 2569 
5668 7388 9018 5328 
5669 7558 9078 5844 
5670 5772 7354 4498 
5671 1976 7346 1979 
5672 5788 7415 5045 
5673 5044 5045 4475 
5674 450 8270 8268 
5675 1674 1675 1671 
5676 1983 1984 1982 
5677 3676 9218 3966 
5678 5301 7692 7403 
5679 7351 9019 3691 
5680 7586 8858 5282 
5681 1112 9011 7382 
5682 3746 8806 2763 
5683 5087 9084 2582 
5684 3747 9476 7331 
5685 2548 2549 2547 
5686 3680 7273 4172 
5687 7343 7344 5087 
5688 4172 7273 4976 
5689 5865 9297 7217 
5690 6984 6985 6982 
5691 8265 8266 764 
5692 7300 9179 5337 
5693 3423 3715 3204 
5694 4976 6904 5738 
5695 7271 7272 7257 
5696 2569 7397 2564 
5697 2546 2547 2545 
5698 5999 7246 4685 
5699 1108 9064 7383 
5700 7367 7466 5820 
5701 7543 9047 7540 
5702 2527 5041 2523 
5703 4103 4276 3889 
5704 7385 9259 7386 
5705 2541 2542 2538 
5706 7476 8814 7182 
5707 4972 9318 4951 
5708 5315 7566 7565 
5709 262 699 261 
5710 7473 7484 3711 
5711 5074 7510 5826 
5712 7510 7511 5826 
5713 9340 9405 2500 
5714 7252 9154 3586 
5715 9449 9462 7223 
5716 3874 7221 4674 
5717 4179 4513 3715 
5718 1980 1983 1982 
5719 5024 5791 4513 
5720 2516 2517 2515 
5721 1505 1506 1503 
5722 7668 9119 7663 
5723 5073 7373 2578 
5724 5773 7072 5031 
5725 2544 2545 2513 
5726 2458 2462 2459 
5727 1501 1502 1499 
5728 2503 2511 2507 
5729 7193 7198 7194 
5730 2525 4163 3680 
5731 7423 9023 7426 
5732 5356 7203 5786 
5733 8927 9680 5747 
5734 2616 9410 2624 
5735 3749 7693 4546 
5736 1536 1537 1535 
5737 1508 2515 1506 
5738 5080 7277 7251 
5739 8288 8289 587 
5740 3599 9253 7507 
5741 2016 2018 2017 
5742 7279 9240 9238 
5743 5282 8827 7585 
5744 5758 5759 4484 
5745 3143 7481 5076 
5746 2470 2472 2471 
5747 1572 7513 1569 
5748 2541 5031 2542 
5749 5735 5736 4467 
5750 2515 7644 1506 
5751 1551 1554 1553 
5752 2748 7421 5337 
5753 1490 2531 2530 
5754 7773 9168 3738 
5755 4179 6036 5024 
5756 7403 7692 2825 
5757 4535 9255 7587 
5758 3871 7368 3192 
5759 3745 9225 7306 
5760 2472 2474 2473 
5761 2535 7465 2541 
5762 5315 8745 7567 
5763 3698 7263 3684 
5764 6408 6411 6410 
5765 2792 9166 2788 
5766 4466 7334 3678 
5767 1994 7243 1997 
5768 2570 2575 2569 
5769 7543 7545 3895 
5770 2562 7397 5065 
5771 3681 7328 2573 
5772 5464 5465 4730 
5773 5722 7102 7101 
5774 1502 7356 1499 
5775 7545 8633 3895 
5776 1468 7343 2580 
5777 4268 7185 4507 
5778 2541 7465 5032 
5779 4684 5380 4685 
5780 3219 7469 5327 
5781 7402 7562 5096 
5782 7567 8745 1955 
5783 3874 4269 4046 
5784 7608 9021 5847 
5785 9558 9569 6018 
5786 4547 9285 8688 
5787 3942 5472 3501 
5788 2535 2541 2538 
5789 5818 9159 7791 
5790 5092 9257 7240 
5791 3253 3254 3251 
5792 1499 7356 1498 
5793 1436 9229 9150 
5794 3167 7437 3163 
5795 5059 7644 2515 
5796 2570 2576 2575 
5797 1412 9052 7406 
5798 1962 7374 1965 
5799 5315 7567 7566 
5800 7337 9779 7335 
5801 7584 7585 1903 
5802 2531 2533 2532 
5803 2020 2022 2021 
5804 5827 7367 7254 
5805 1501 1503 1502 
5806 2575 7307 4268 
5807 4172 4976 4491 
5808 2547 7327 2545 
5809 7377 7589 5276 
5810 4477 5751 5750 
5811 2536 7362 2539 
5812 2566 2570 2569 
5813 1548 1549 1547 
5814 4164 7218 2576 
5815 2542 4477 4476 
5816 2518 2519 2517 
5817 5269 7589 7377 
5818 5047 7465 2533 
5819 7412 9287 7413 
5820 3678 7334 2556 
5821 4543 7340 7339 
5822 1497 1498 1495 
5823 4458 7271 7257 
5824 2520 2521 2519 
5825 2798 7774 7315 
5826 2566 2569 2564 
5827 8815 9381 1930 
5828 5050 9407 7224 
5829 1493 1494 1491 
5830 2578 7373 1948 
5831 2533 2535 2534 
5832 7455 8987 1943 
5833 3745 9237 7629 
5834 2013 2494 2467 
5835 2535 2538 2536 
5836 1491 7266 1490 
5837 6878 9153 3967 
5838 5872 9156 7847 
5839 3201 8976 7329 
5840 5114 8806 7371 
5841 5815 9239 7345 
5842 5819 9148 7309 
5843 4269 4690 4689 
5844 5338 8987 7455 
5845 7430 8536 7369 
5846 2036 2037 2034 
5847 2531 5047 2533 
5848 6986 6989 6988 
5849 1489 1490 1488 
5850 7340 9039 7339 
5851 1975 7346 1976 
5852 3736 8873 7741 
5853 7397 9212 5065 
5854 1116 8536 7430 
5855 4198 7339 5070 
5856 3194 3747 3510 
5857 7318 7320 7319 
5858 7741 9107 5275 
5859 3770 9273 8811 
5860 4048 4273 3876 
5861 94 8184 93 
5862 688 8184 94 
5863 7369 8536 3994 
5864 9459 9472 6002 
5865 7560 9231 5829 
5866 3994 7370 7369 
5867 4554 7370 3994 
5868 7224 9251 2524 
5869 3716 7302 4179 
5870 4687 7141 3879 
5871 1969 1970 1968 
5872 7449 9595 7448 
5873 7367 8806 3746 
5874 4045 7260 3229 
5875 2057 9377 2433 
5876 7426 9023 3507 
5877 7318 7319 3730 
5878 7336 7337 7335 
5879 7342 7585 7584 
5880 1505 1507 1506 
5881 3895 9047 7543 
5882 7965 8975 5845 
5883 5009 5010 4178 
5884 1430 9078 7558 
5885 7320 7326 7321 
5886 3174 9030 7414 
5887 2494 2496 2495 
5888 1969 2529 1970 
5889 7460 7671 5285 
5890 3190 7330 3194 
5891 3744 9225 3745 
5892 7603 8817 1895 
5893 3672 4161 3673 
5894 1489 1491 1490 
5895 7780 8883 3736 
5896 1979 1980 1978 
5897 2790 7774 2798 
5898 7371 9089 5114 
5899 7322 7323 7320 
5900 5842 8883 7780 
5901 7493 9084 5087 
5902 5402 5403 3688 
5903 5022 7262 5705 
5904 1998 2000 1999 
5905 7260 9264 3225 
5906 7623 9082 7235 
5907 9385 9400 1963 
5908 2788 7774 2786 
5909 5301 7693 7352 
5910 3148 7481 3145 
5911 7428 9056 7427 
5912 1494 7266 1491 
5913 9326 9403 5822 
5914 1895 7618 1896 
5915 438 8141 671 
5916 439 8141 438 
5917 1440 9204 9102 
5918 1456 9222 9210 
5919 3423 3716 3715 
5920 7275 7276 5824 
5921 7348 9385 9356 
5922 1992 1994 1993 
5923 3736 8883 8873 
5924 2628 7401 5096 
5925 1970 7292 1972 
5926 3159 7565 3161 
5927 5036 8968 2416 
5928 7435 8906 7764 
5929 2562 5065 2529 
5930 7494 9049 2599 
5931 3217 3874 3461 
5932 4458 7257 7256 
5933 7499 8514 5100 
5934 3981 8961 5074 
5935 92 8185 585 
5936 3240 3242 3241 
5937 1988 1990 1989 
5938 1408 9021 7608 
5939 2722 9516 7462 
5940 7373 7559 1953 
5941 5786 7105 7104 
5942 5870 8902 7434 
5943 1975 1976 1974 
5944 4839 9233 5981 
5945 4666 7360 7317 
5946 2009 9221 2010 
5947 7438 8528 7439 
5948 7306 9225 9220 
5949 1134 8528 7438 
5950 4260 9133 9070 
5951 7570 9011 7430 
5952 7849 8894 7486 
5953 1976 1979 1978 
5954 1428 8814 7476 
5955 5114 9089 7772 
5956 1497 1499 1498 
5957 7439 8528 7825 
5958 2575 4268 4182 
5959 5285 8918 7460 
5960 7427 9056 5081 
5961 3152 8786 3148 
5962 748 8283 8282 
5963 7390 9624 7294 
5964 7167 7376 7375 
5965 1966 1969 1968 
5966 2040 2041 2038 
5967 2496 2498 2497 
5968 1450 7402 7401 
5969 1510 1511 1509 
5970 7437 9091 3163 
5971 5315 7565 3159 
5972 1490 2530 1488 
5973 1493 1495 1494 
5974 4666 7317 3918 
5975 437 8145 436 
5976 7627 8949 7625 
5977 5068 8913 2514 
5978 2556 3679 2554 
5979 7295 9049 7494 
5980 566 8146 440 
5981 1962 1965 1964 
5982 6278 6980 6979 
5983 3918 7317 3503 
5984 8369 8456 1136 
5985 7347 7348 4670 
5986 7404 8456 8369 
5987 7235 9082 7234 
5988 4501 7275 5824 
5989 5356 5786 5785 
5990 9179 9274 5347 
5991 6064 9920 5465 
5992 7284 9019 7351 
5993 4243 8456 7404 
5994 3186 7490 3190 
5995 2539 5053 3686 
5996 7675 9095 7662 
5997 4264 4666 3918 
5998 1550 7457 1547 
5999 7404 7405 4243 
6000 4243 7405 5083 
6001 1972 1975 1974 
6002 4666 7365 7361 
6003 7764 8906 1128 
6004 5762 6034 4478 
6005 3510 7331 5423 
6006 2558 4180 2552 
6007 1961 7374 1962 
6008 1130 8975 7965 
6009 5762 6906 6034 
6010 4878 9176 7242 
6011 4691 4692 4273 
6012 7396 7399 5850 
6013 2072 2073 2070 
6014 7396 8644 7474 
6015 1965 1966 1964 
6016 2531 2532 2530 
6017 8184 8185 93 
6018 1514 1515 1513 
6019 7323 7326 7320 
6020 4507 5356 5033 
6021 5089 7399 7396 
6022 1503 7644 1502 
6023 7434 8902 1132 
6024 1487 1488 1485 
6025 3227 7378 4184 
6026 4268 4507 4506 
6027 2530 8608 1488 
6028 5070 7339 7235 
6029 1544 1545 1543 
6030 476 667 475 
6031 2462 3666 2463 
6032 2577 4164 2576 
6033 1984 1986 1985 
6034 3503 3730 3178 
6035 7401 7402 5096 
6036 5128 8572 7739 
6037 7474 8644 4544 
6038 7431 7499 5100 
6039 7320 7321 7319 
6040 9288 9373 6001 
6041 6007 7411 4672 
6042 1895 8817 7618 
6043 4546 7693 5301 
6044 5096 8992 2630 
6045 4949 6582 5723 
6046 9541 9548 7448 
6047 4501 5824 5007 
6048 7439 7825 7486 
6049 1954 7409 1957 
6050 5827 8806 7367 
6051 1518 1519 1517 
6052 2592 3701 2591 
6053 469 8264 468 
6054 3747 7331 3510 
6055 1426 8514 7499 
6056 5089 7400 7399 
6057 7490 7491 7330 
6058 3514 3890 3355 
6059 7118 9268 5834 
6060 7363 8923 5853 
6061 1961 1962 1960 
6062 9376 9387 7204 
6063 3734 4697 3735 
6064 4511 9376 7204 
6065 7048 7122 5038 
6066 6034 7350 7328 
6067 5850 8644 7396 
6068 9 697 8 
6069 4267 4670 3871 
6070 2565 2566 2564 
6071 4162 4466 3678 
6072 6039 6040 4692 
6073 439 8146 8141 
6074 1110 8926 7359 
6075 7318 7322 7320 
6076 3274 3278 3277 
6077 2492 6925 6924 
6078 2561 2562 2529 
6079 3467 3876 3244 
6080 1980 1982 1981 
6081 5368 8608 2530 
6082 2563 2564 2562 
6083 5276 7589 5278 
6084 9206 9290 7604 
6085 1562 1563 1561 
6086 5278 7590 7557 
6087 1970 1972 1971 
6088 7348 7349 4670 
6089 2553 2560 2559 
6090 7486 8894 7439 
6091 7410 7419 4530 
6092 7377 8652 5269 
6093 1958 1961 1960 
6094 3232 9013 5369 
6095 7589 7590 5278 
6096 4554 7739 7370 
6097 7388 9190 5966 
6098 2601 7467 2596 
6099 1483 1484 1481 
6100 5032 5773 5031 
6101 2542 4476 2538 
6102 3246 5036 2416 
6103 4976 5738 4491 
6104 1446 7401 2628 
6105 2588 2591 2587 
6106 8189 8190 592 
6107 4188 7467 2601 
6108 5398 7302 3716 
6109 226 7408 779 
6110 2410 7074 2408 
6111 9070 9133 7351 
6112 7354 7355 7336 
6113 7791 9159 1086 
6114 7412 9303 9287 
6115 2014 2015 2012 
6116 7405 7495 5083 
6117 7277 9161 7251 
6118 2498 2501 2499 
6119 2090 2091 2088 
6120 5337 9179 7725 
6121 5308 7236 5804 
6122 2763 8806 5114 
6123 7309 9148 1094 
6124 3993 9119 7668 
6125 1114 8923 7363 
6126 7572 8919 7568 
6127 2588 2592 2591 
6128 1540 1541 1539 
6129 1404 8949 7627 
6130 7847 9156 1090 
6131 2487 2490 2488 
6132 3868 7437 3167 
6133 5367 7347 4267 
6134 6903 9087 4485 
6135 4176 7209 3734 
6136 7303 9167 1082 
6137 5319 8769 7442 
6138 2733 7420 7418 
6139 6984 6986 6985 
6140 7188 7189 4682 
6141 6016 6017 5367 
6142 1487 1489 1488 
6143 1479 1480 1477 
6144 4652 7456 7388 
6145 3976 4501 4500 
6146 7340 9035 7622 
6147 5852 7603 7602 
6148 2585 7429 2589 
6149 5073 7559 7373 
6150 3411 3412 3254 
6151 5771 5772 4498 
6152 4471 4949 4472 
6153 2533 2534 2532 
6154 3282 5394 3284 
6155 2594 7467 5073 
6156 4267 7347 4670 
6157 1475 1476 1473 
6158 7622 9035 1402 
6159 2535 2536 2534 
6160 521 695 520 
6161 228 700 227 
6162 2602 2607 2601 
6163 6015 9397 9389 
6164 1947 2578 1948 
6165 5074 8961 7510 
6166 7454 7455 1943 
6167 9295 9302 7249 
6168 2564 7397 2562 
6169 4477 5750 4476 
6170 3757 8893 2856 
6171 3227 3427 3426 
6172 5832 9064 7382 
6173 5053 5421 3686 
6174 4521 9295 7249 
6175 7384 9071 7383 
6176 4154 7271 4458 
6177 3572 9138 3586 
6178 7251 9161 1072 
6179 4261 7385 4677 
6180 6877 6878 3967 
6181 1991 2544 2513 
6182 7476 7650 5112 
6183 9303 9315 1941 
6184 1947 1948 1946 
6185 2602 2608 2607 
6186 1468 2580 2579 
6187 7384 9074 9071 
6188 1414 9140 9057 
6189 8081 8082 744 
6190 5774 7075 5773 
6191 7615 8710 1889 
6192 7765 9083 3856 
6193 5801 9518 9497 
6194 2584 2587 2585 
6195 1994 1996 1995 
6196 1972 7292 1975 
6197 2584 2588 2587 
6198 1953 7409 1954 
6199 3866 7456 4652 
6200 3098 7672 3096 
6201 1479 1481 1480 
6202 7387 9022 6913 
6203 4254 8939 7555 
6204 7562 8992 5096 
6205 2580 2582 2581 
6206 4681 7220 3876 
6207 2582 2584 2583 
6208 2598 2602 2601 
6209 8986 9042 7740 
6210 7485 7849 7486 
6211 2598 2601 2596 
6212 3446 3447 3265 
6213 5852 8817 7603 
6214 3757 7849 7485 
6215 4683 4684 4045 
6216 9074 9081 7372 
6217 4466 7354 7336 
6218 5049 7395 5815 
6219 5048 7279 7278 
6220 1483 1485 1484 
6221 7732 8928 7606 
6222 7326 9366 1496 
6223 1469 7343 1468 
6224 2622 7463 2722 
6225 7606 7731 7665 
6226 1530 1531 1529 
6227 2580 5087 2582 
6228 1471 1472 1469 
6229 3165 4197 3436 
6230 2528 3696 3684 
6231 3272 9207 3274 
6232 6906 9692 6034 
6233 4666 7361 7360 
6234 7496 8861 5857 
6235 1948 7373 1950 
6236 2544 2546 2545 
6237 3229 7260 3225 
6238 1940 7454 1943 
6239 5785 9079 5033 
6240 7407 9075 7406 
6241 7458 7459 4193 
6242 7868 8850 5886 
6243 7601 8910 7602 
6244 2641 7575 5285 
6245 6008 6009 5049 
6246 8551 8986 7740 
6247 2605 7477 3692 
6248 1957 1958 1956 
6249 4264 7365 4666 
6250 700 7408 227 
6251 7385 7386 4677 
6252 7442 8769 1922 
6253 3242 9118 3733 
6254 3242 3527 3526 
6255 1532 7514 1529 
6256 7266 9149 5047 
6257 4173 5413 4487 
6258 2825 8884 7403 
6259 3463 9034 7416 
6260 5413 7044 5764 
6261 7943 8838 5858 
6262 4187 5049 4531 
6263 7467 9129 5073 
6264 2594 5073 2578 
6265 4466 7336 7335 
6266 1467 1469 1468 
6267 7546 7548 4032 
6268 2876 8823 3759 
6269 7428 7643 7641 
6270 3260 3261 3258 
6271 4032 7547 7546 
6272 4554 8551 7740 
6273 7665 7731 7664 
6274 7557 9036 1847 
6275 3176 9092 4261 
6276 4678 9397 5407 
6277 7241 9249 7240 
6278 4989 5762 4478 
6279 3859 9095 7675 
6280 1467 1468 1466 
6281 9073 9075 7407 
6282 7485 8893 3757 
6283 1944 1947 1946 
6284 5309 8919 7572 
6285 7444 7445 3155 
6286 7278 9270 1068 
6287 9834 9850 6042 
6288 5849 9107 7741 
6289 1987 9134 1988 
6290 7495 7724 3759 
6291 3928 7547 3488 
6292 2880 7504 7500 
6293 5764 7511 7510 
6294 7525 8881 7522 
6295 5804 7167 7166 
6296 2546 2548 2547 
6297 7417 9062 7416 
6298 7614 8710 7615 
6299 3488 7547 4032 
6300 7665 7732 7606 
6301 9232 9314 5834 
6302 1954 1957 1956 
6303 1472 7343 1469 
6304 3088 9010 7433 
6305 4478 7328 3681 
6306 1475 1477 1476 
6307 7422 9006 4034 
6308 2643 7671 2645 
6309 5469 7261 4853 
6310 7641 9056 7428 
6311 3928 7833 7547 
6312 4804 7365 4264 
6313 2656 7475 5112 
6314 2573 3682 2571 
6315 7664 7731 1873 
6316 5100 7672 7431 
6317 7405 7724 7495 
6318 1160 8416 7512 
6319 7525 7833 3928 
6320 2575 4182 2569 
6321 1953 1954 1952 
6322 2617 7436 2621 
6323 7371 8806 5827 
6324 1418 9112 8998 
6325 5791 7180 7143 
6326 9211 9265 5990 
6327 5076 8744 2543 
6328 1148 8861 7496 
6329 7411 7412 4662 
6330 2548 2550 2549 
6331 4042 4187 3740 
6332 7628 7893 5105 
6333 5840 7570 7430 
6334 6009 7395 5049 
6335 1526 1527 1525 
6336 4186 5038 2592 
6337 1152 8850 7868 
6338 2653 7458 4193 
6339 3161 7565 3165 
6340 2593 2594 2578 
6341 3203 3204 3201 
6342 4542 7571 5840 
6343 7422 9023 7423 
6344 5862 8904 7574 
6345 3543 9033 7783 
6346 5285 7671 2643 
6347 4044 4045 3229 
6348 5308 5804 5803 
6349 5381 6022 5380 
6350 1428 7476 7475 
6351 1400 7893 7628 
6352 5894 8846 7515 
6353 1156 8838 7943 
6354 7602 8910 5852 
6355 5735 6893 5736 
6356 5878 8974 7432 
6357 5840 7571 7570 
6358 6023 9476 9457 
6359 102 8265 101 
6360 101 8265 764 
6361 1471 1473 1472 
6362 7427 9104 2748 
6363 5924 9052 7608 
6364 7540 9047 7783 
6365 7739 8572 7370 
6366 2533 7465 2535 
6367 2607 4265 4188 
6368 3148 8786 7481 
6369 5049 5815 4531 
6370 2591 5063 2587 
6371 5780 7489 7488 
6372 5824 7518 5007 
6373 2788 9166 7774 
6374 2040 9470 2042 
6375 7555 8939 5307 
6376 7565 7566 4197 
6377 4187 4531 3740 
6378 4501 5007 4500 
6379 4187 7453 6008 
6380 1962 1964 1963 
6381 1461 1462 1459 
6382 5988 9121 7558 
6383 1958 1960 1959 
6384 1468 2579 1466 
6385 1943 1944 1942 
6386 1950 1953 1952 
6387 2649 7748 2644 
6388 2619 7436 2617 
6389 2580 2581 2579 
6390 2579 7756 1466 
6391 7709 8899 7701 
6392 1939 7454 1940 
6393 4270 4494 4180 
6394 4399 8908 6013 
6395 4520 5308 5043 
6396 1465 1466 1463 
6397 7468 7519 5859 
6398 2589 4173 3699 
6399 8135 8137 8125 
6400 2609 7293 2608 
6401 9035 9053 5102 
6402 5128 7739 5293 
6403 4263 4662 3868 
6404 3286 3290 3289 
6405 4265 4520 4519 
6406 1940 1943 1942 
6407 5074 5826 5075 
6408 2640 3708 2639 
6409 4034 9006 8993 
6410 3474 3740 3152 
6411 7434 8906 7435 
6412 1972 1974 1973 
6413 5998 9050 9019 
6414 2818 8953 2816 
6415 7382 9064 1112 
6416 7475 7476 5112 
6417 9032 9034 3463 
6418 5112 8903 2658 
6419 9183 9286 5989 
6420 8884 8886 7403 
6421 2636 2639 2635 
6422 4473 4478 3681 
6423 7517 8427 1158 
6424 1966 1968 1967 
6425 5768 7030 5767 
6426 7116 7204 5051 
6427 2595 2596 2594 
6428 2868 7845 2872 
6429 1870 8687 1873 
6430 8369 8902 5870 
6431 1128 8909 7764 
6432 3928 8881 7525 
6433 1485 8608 1484 
6434 7412 7413 4662 
6435 2490 3675 2491 
6436 4495 5018 4494 
6437 1939 1940 1938 
6438 3856 8886 8884 
6439 5780 7488 4481 
6440 4628 8928 7732 
6441 7400 7809 7708 
6442 7643 7792 5093 
6443 5091 7483 7482 
6444 7482 7483 5094 
6445 3738 9168 8868 
6446 8222 8223 577 
6447 5047 9260 7465 
6448 7383 9071 1108 
6449 3692 7494 2603 
6450 5882 8979 7965 
6451 5349 7756 2579 
6452 6034 7328 4478 
6453 4200 7647 7646 
6454 1873 8687 7664 
6455 1929 1930 1928 
6456 7626 7628 5105 
6457 3414 9106 8974 
6458 5845 8975 7438 
6459 3111 7646 3109 
6460 5097 7677 5851 
6461 2636 2640 2639 
6462 2570 2577 2576 
6463 1892 7603 1895 
6464 7677 7678 5851 
6465 5882 8986 8979 
6466 3096 7672 5100 
6467 1507 1510 1509 
6468 3270 5377 3272 
6469 7384 9081 9074 
6470 7512 8416 7468 
6471 2625 7463 2622 
6472 1948 1950 1949 
6473 1936 1939 1938 
6474 1492 1493 1491 
6475 7284 7351 7287 
6476 2688 7484 3712 
6477 2582 2583 2581 
6478 7515 8846 1154 
6479 2596 7467 2594 
6480 5859 7512 7468 
6481 2597 2598 2596 
6482 5761 6903 4485 
6483 7460 7461 7459 
6484 5361 5767 5018 
6485 4265 9485 4520 
6486 5089 7809 7400 
6487 5039 7048 5038 
6488 4672 7411 4263 
6489 2584 2585 2583 
6490 6006 6007 4672 
6491 7420 9444 9438 
6492 1950 7373 1953 
6493 7483 7549 5094 
6494 3759 8823 7495 
6495 1424 7475 2656 
6496 3109 7646 5084 
6497 1457 1458 1455 
6498 4187 6008 5049 
6499 8125 8138 8135 
6500 4652 5966 5344 
6501 4263 7411 4662 
6502 3981 5074 4512 
6503 2521 2525 2522 
6504 3695 4719 3694 
6505 7551 9130 7572 
6506 2632 2636 2635 
6507 2616 2624 2614 
6508 3708 4515 4492 
6509 5847 9021 7627 
6510 1465 1467 1466 
6511 7482 8427 7517 
6512 7458 7671 7460 
6513 2722 7436 2619 
6514 1446 2628 2627 
6515 5107 8664 7770 
6516 3768 8625 2893 
6517 4486 7477 3689 
6518 1976 1978 1977 
6519 1448 8555 7648 
6520 4515 5860 5027 
6521 3746 9044 7466 
6522 1447 7401 1446 
6523 5875 7552 4579 
6524 3768 7674 7519 
6525 7482 7517 5091 
6526 1132 8906 7434 
6527 3214 3215 3211 
6528 7574 8904 4558 
6529 3711 7484 2688 
6530 3190 7490 7330 
6531 5107 7770 7769 
6532 1504 1505 1503 
6533 1449 1450 1447 
6534 1136 8902 8369 
6535 3182 8636 5326 
6536 2825 7673 2818 
6537 2880 7845 7504 
6538 1461 1463 1462 
6539 3866 4652 4258 
6540 9150 9229 5848 
6541 7458 7460 7459 
6542 3712 7588 2689 
6543 1453 1454 1451 
6544 4486 7478 7477 
6545 1445 1447 1446 
6546 2644 7748 2642 
6547 3689 7477 2605 
6548 5413 5764 4487 
6549 1998 1999 1996 
6550 3427 5384 3565 
6551 7321 7325 7324 
6552 3105 8810 3101 
6553 4726 5825 5358 
6554 2632 2635 2633 
6555 3990 9231 7560 
6556 4579 7552 7549 
6557 2628 2630 2629 
6558 2628 5096 2630 
6559 2630 2632 2631 
6560 6000 7554 7553 
6561 2611 2612 1929 
6562 1927 1929 1928 
6563 7561 8638 5867 
6564 1027 8842 1030 
6565 4162 7354 4466 
6566 4043 4267 3871 
6567 1386 8899 7709 
6568 7653 7656 3079 
6569 1449 1451 1450 
6570 1445 1446 1444 
6571 1969 2561 2529 
6572 5011 7505 5792 
6573 2825 7692 7673 
6574 3730 9030 3178 
6575 2561 2563 2562 
6576 4261 4677 4676 
6577 2460 7144 2458 
6578 1500 1501 1499 
6579 2653 4193 3441 
6580 2735 7553 3739 
6581 7578 8789 5813 
6582 7563 8630 7564 
6583 7034 8973 3974 
6584 2648 7458 2653 
6585 7614 7749 5235 
6586 7329 8976 7143 
6587 1965 9027 1966 
6588 7590 9036 7557 
6589 7433 9010 5896 
6590 4652 5344 4258 
6591 1935 1936 1934 
6592 7651 7653 3079 
6593 1170 8638 7561 
6594 4042 7453 4187 
6595 1494 9241 9149 
6596 2733 9444 7420 
6597 7506 8498 7594 
6598 4209 7548 5964 
6599 421 8188 420 
6600 744 8188 421 
6601 2028 2029 2026 
6602 7601 7710 4548 
6603 5131 8505 7816 
6604 3474 4042 3740 
6605 7235 9039 7623 
6606 1174 8630 7563 
6607 4032 7548 4209 
6608 4173 4487 3699 
6609 3150 9018 7456 
6610 7477 9254 3692 
6611 3101 7672 3098 
6612 1457 1459 1458 
6613 7705 8388 5121 
6614 1054 8789 7578 
6615 7594 8498 4562 
6616 7650 8903 5112 
6617 7234 9082 5861 
6618 8993 9006 5878 
6619 7506 7508 5869 
6620 7428 7792 7643 
6621 5109 7508 7506 
6622 1910 7516 1913 
6623 5758 6705 5759 
6624 3190 3194 3193 
6625 451 8270 450 
6626 7126 7127 7076 
6627 7479 7480 7478 
6628 2663 7582 2661 
6629 4399 6013 6012 
6630 4034 9023 7422 
6631 3666 4160 3963 
6632 5109 7509 7508 
6633 5869 8498 7506 
6634 7519 7674 5859 
6635 7430 9011 1116 
6636 5235 8710 7614 
6637 7998 8624 7914 
6638 5213 7727 5214 
6639 7554 9438 3739 
6640 7296 7390 7294 
6641 1352 7972 7815 
6642 9102 9204 5979 
6643 1932 1935 1934 
6644 2764 9044 3746 
6645 1944 1946 1945 
6646 2013 9221 2494 
6647 7432 8993 5878 
6648 2563 2565 2564 
6649 5082 7582 2663 
6650 3154 7456 3866 
6651 3176 4261 3180 
6652 3987 8764 5097 
6653 3696 4178 3697 
6654 1450 7401 1447 
6655 5844 9078 7499 
6656 5366 5367 4267 
6657 7416 9034 5899 
6658 7443 9115 7442 
6659 7693 8537 7352 
6660 7965 8979 1130 
6661 7438 8975 1134 
6662 419 8189 592 
6663 7600 7602 1891 
6664 1178 8624 7998 
6665 5971 7550 4656 
6666 3507 9038 7426 
6667 2613 2614 2612 
6668 7364 8537 7693 
6669 5105 7713 7626 
6670 3219 5327 3221 
6671 1451 7645 1450 
6672 7519 8625 3768 
6673 3687 7464 3976 
6674 3715 8976 3204 
6675 5011 5792 5072 
6676 1891 7603 1892 
6677 5083 7495 5888 
6678 3084 7713 3082 
6679 1446 2627 1444 
6680 7553 7554 3739 
6681 7284 7287 7286 
6682 1453 1455 1454 
6683 7487 8887 5133 
6684 2565 2567 2566 
6685 1921 7442 1922 
6686 2694 7573 5102 
6687 7433 9034 9032 
6688 3422 3423 3204 
6689 8272 8273 632 
6690 7 780 6 
6691 7783 9033 7532 
6692 1506 7644 1503 
6693 7549 8429 4579 
6694 5131 7816 7815 
6695 1522 1523 1521 
6696 5875 8747 7552 
6697 5011 5072 4177 
6698 1918 1921 1920 
6699 2605 3692 2603 
6700 5293 9042 7876 
6701 2006 2007 2004 
6702 7339 9039 7235 
6703 7704 7705 5121 
6704 4652 7388 5966 
6705 7769 8006 5107 
6706 7466 9044 9037 
6707 2627 8376 1444 
6708 7635 7643 5093 
6709 7602 7603 1891 
6710 2856 8893 5133 
6711 4190 5051 2640 
6712 9190 9210 5966 
6713 3232 5369 3234 
6714 5384 9145 5385 
6715 8102 8103 8101 
6716 1927 1928 1926 
6717 1382 8388 7705 
6718 2615 2616 2614 
6719 7743 8781 5876 
6720 7555 9103 7556 
6721 7592 8619 5892 
6722 1921 1922 1920 
6723 1496 1497 1495 
6724 5887 8822 7840 
6725 4268 4506 4182 
6726 2617 2621 2616 
6727 1443 1444 1441 
6728 3700 8961 3981 
6729 9138 9291 7252 
6730 2628 2629 2627 
6731 3118 4200 3114 
6732 5857 8861 7868 
6733 5045 7415 5727 
6734 8188 8189 420 
6735 1888 7600 1891 
6736 1388 7636 1385 
6737 4523 5841 5035 
6738 5333 5970 4653 
6739 5826 7621 5075 
6740 2607 4188 2601 
6741 8193 8194 8192 
6742 2668 3714 2667 
6743 3691 9070 7351 
6744 1970 1971 1968 
6745 9019 9050 3691 
6746 1940 1942 1941 
6747 5074 5075 4512 
6748 5329 8376 2627 
6749 7673 8953 2818 
6750 1947 2593 2578 
6751 5375 5865 4667 
6752 8887 9020 5289 
6753 8340 8640 5873 
6754 7745 8982 5274 
6755 7483 8429 7549 
6756 7835 8920 7400 
6757 2645 7671 2648 
6758 7173 7249 5061 
6759 3451 3871 3192 
6760 1847 7856 7557 
6761 2880 8823 2876 
6762 3989 7553 2735 
6763 3196 5057 2512 
6764 9259 9279 7386 
6765 2872 7845 2880 
6766 5886 8850 7943 
6767 4170 4985 4984 
6768 1192 8619 7592 
6769 1930 1932 1931 
6770 7783 9047 3543 
6771 7406 9075 1412 
6772 5858 8838 7512 
6773 7646 7647 5084 
6774 5600 9006 7422 
6775 2870 7845 2868 
6776 7619 7814 7620 
6777 1463 7756 1462 
6778 1026 8842 1027 
6779 4548 8910 7601 
6780 4527 9220 7316 
6781 6015 6016 5367 
6782 2525 3680 2526 
6783 7416 9062 3463 
6784 8132 8138 8131 
6785 3712 9282 7588 
6786 7638 7643 7635 
6787 1348 7814 7619 
6788 7545 9072 8633 
6789 3708 4492 2639 
6790 1917 1918 1916 
6791 7056 8914 4509 
6792 3474 7577 4042 
6793 3250 3251 3248 
6794 7597 7784 2257 
6795 4174 4486 3689 
6796 113 8312 112 
6797 576 8312 113 
6798 7656 8911 8580 
6799 1435 1436 1433 
6800 1454 9268 7645 
6801 9220 9225 7316 
6802 5198 7595 4598 
6803 5217 7720 5887 
6804 7500 8823 2880 
6805 5815 7345 7274 
6806 118 8294 8293 
6807 5198 7596 7595 
6808 5163 8640 8340 
6809 1936 1938 1937 
6810 2664 2667 2663 
6811 1439 1440 1437 
6812 5310 7587 7576 
6813 3131 7568 3128 
6814 8685 8933 5273 
6815 7433 9032 3088 
6816 2703 7670 4185 
6817 568 8106 134 
6818 2630 2631 2629 
6819 5048 8916 7279 
6820 5882 9042 8986 
6821 7625 8949 7628 
6822 1470 1471 1469 
6823 1924 1927 1926 
6824 5217 7726 7720 
6825 4192 8916 5048 
6826 1914 1917 1916 
6827 3165 7565 4197 
6828 5310 7576 5311 
6829 1900 7584 1903 
6830 5052 7116 5051 
6831 2664 2668 2667 
6832 2632 2633 2631 
6833 1869 7755 7666 
6834 7663 9119 7675 
6835 3983 4523 4522 
6836 1388 7637 7636 
6837 3504 3505 3215 
6838 738 8138 8124 
6839 1443 1445 1444 
6840 114 8221 576 
6841 115 8221 114 
6842 3114 7646 3111 
6843 5020 5780 4481 
6844 7744 7745 5274 
6845 2678 7710 2674 
6846 415 8206 414 
6847 690 8206 415 
6848 7708 7835 7400 
6849 2541 5032 5031 
6850 2536 2539 2537 
6851 1954 1956 1955 
6852 5895 8991 8859 
6853 7488 7489 7479 
6854 2050 2051 2048 
6855 5286 8596 7605 
6856 1243 7988 1241 
6857 7400 8920 7399 
6858 1869 8687 1870 
6859 8335 8747 5875 
6860 1364 8781 7743 
6861 8191 8193 8192 
6862 3200 3201 3198 
6863 7647 7648 5084 
6864 8100 8102 8101 
6865 1398 7573 2694 
6866 8100 8101 674 
6867 4515 5027 4492 
6868 4513 8976 3715 
6869 5786 7104 5785 
6870 2727 3155 2725 
6871 2733 4530 2729 
6872 1950 1952 1951 
6873 3228 9175 3525 
6874 9057 9140 5861 
6875 5097 8764 7677 
6876 3060 7777 3058 
6877 7636 7638 7635 
6878 2698 7607 2702 
6879 1907 2670 1908 
6880 5879 7711 7591 
6881 4697 5479 4698 
6882 2622 2722 2619 
6883 3615 8856 7521 
6884 7591 7711 4586 
6885 3866 4258 4039 
6886 3082 7713 5105 
6887 1482 1483 1481 
6888 7281 7284 7283 
6889 1431 1432 1429 
6890 7420 9438 5354 
6891 5880 8750 8005 
6892 7815 7972 5131 
6893 7520 8685 5141 
6894 4648 7572 7568 
6895 4507 5033 4506 
6896 5213 7728 7727 
6897 5860 7083 5027 
6898 4254 7555 4664 
6899 1907 1908 1906 
6900 7517 8846 5894 
6901 2776 7633 3770 
6902 1927 2611 1929 
6903 5133 8893 7487 
6904 7522 8881 7521 
6905 1903 1904 1902 
6906 5008 7034 3974 
6907 7648 8555 5084 
6908 7642 8924 3992 
6909 3040 8830 7569 
6910 5071 7558 5844 
6911 7512 8838 1160 
6912 7943 8850 1156 
6913 7568 8919 3128 
6914 2660 2663 2661 
6915 2707 7696 5235 
6916 1424 2656 2655 
6917 2660 2664 2663 
6918 8135 8138 8132 
6919 5864 7519 7468 
6920 1908 7516 1910 
6921 4040 4263 3868 
6922 7868 8861 1152 
6923 5141 8625 7520 
6924 1425 7475 1424 
6925 5090 7617 7616 
6926 9210 9222 5966 
6927 2656 2658 2657 
6928 1439 1441 1440 
6929 2658 2660 2659 
6930 1474 1475 1473 
6931 7496 8872 1148 
6932 4542 8946 7571 
6933 5344 5995 5345 
6934 2893 8625 5141 
6935 4581 7609 4210 
6936 3165 3436 3435 
6937 4989 6913 5762 
6938 7624 7627 7625 
6939 2656 5112 2658 
6940 5778 7505 5011 
6941 2686 7616 2692 
6942 1904 1907 1906 
6943 5252 8974 5878 
6944 93 8185 92 
6945 7551 9152 9130 
6946 2602 2609 2608 
6947 8102 8104 8103 
6948 7612 7613 4204 
6949 1922 8769 1924 
6950 7564 8630 7998 
6951 1427 1428 1425 
6952 4569 8857 7728 
6953 5094 7549 5095 
6954 1435 1437 1436 
6955 7550 7551 4648 
6956 1886 7600 1888 
6957 7598 8538 8002 
6958 1682 8759 8002 
6959 1352 7815 7814 
6960 4670 7368 3871 
6961 7658 7667 7663 
6962 5890 8773 7729 
6963 5356 5785 5033 
6964 8335 8437 7591 
6965 1933 8918 1931 
6966 9152 9172 1901 
6967 7728 8857 7727 
6968 4199 5071 4549 
6969 1384 7636 7635 
6970 4554 7740 7739 
6971 4177 7463 2625 
6972 5875 8437 8335 
6973 4181 5374 4510 
6974 7306 9237 3745 
6975 5884 8712 7679 
6976 2593 2595 2594 
6977 5987 5988 5071 
6978 227 7408 226 
6979 7605 8596 1878 
6980 5867 8638 7563 
6981 4548 7710 2678 
6982 5374 7163 5797 
6983 7555 7556 4664 
6984 1917 7583 1918 
6985 5214 7727 5217 
6986 3150 7456 3154 
6987 7706 7985 5130 
6988 4653 7748 2649 
6989 1423 1425 1424 
6990 4473 4989 4478 
6991 7616 7617 2692 
6992 3223 3227 3226 
6993 3692 9189 7494 
6994 2611 2613 2612 
6995 440 8146 439 
6996 4493 5011 4177 
6997 1913 1914 1912 
6998 3740 8786 3152 
6999 8891 8917 4001 
7000 1392 8006 7769 
7001 7591 8437 5879 
7002 1370 8966 8890 
7003 1900 1903 1902 
7004 5847 7624 4658 
7005 4586 7711 5907 
7006 3992 8924 8878 
7007 5121 7777 7704 
7008 7342 7586 7585 
7009 7608 9052 1408 
7010 1445 8555 1448 
7011 7641 7643 7638 
7012 1385 7636 1384 
7013 8758 8759 1682 
7014 8124 8128 738 
7015 5808 6000 4537 
7016 7619 8622 1348 
7017 1885 7599 1886 
7018 2661 7582 2665 
7019 1448 1449 1447 
7020 7720 8822 5887 
7021 7549 7552 5095 
7022 118 8293 117 
7023 117 8293 693 
7024 3725 7633 2776 
7025 7680 8397 1176 
7026 2709 7749 2711 
7027 5198 7597 7596 
7028 1431 1433 1432 
7029 1899 7584 1900 
7030 684 8116 8115 
7031 1362 7835 7708 
7032 1443 8555 1445 
7033 7681 8397 7680 
7034 7804 8697 7800 
7035 7703 8941 7709 
7036 1423 1424 1422 
7037 5198 7784 7597 
7038 1473 9026 1472 
7039 5797 7678 7677 
7040 3707 5086 4505 
7041 5808 7115 6000 
7042 1428 7475 1425 
7043 4517 8715 5806 
7044 5708 6460 5709 
7045 7719 7722 5111 
7046 8852 8856 3615 
7047 8989 9065 7702 
7048 1374 8943 8831 
7049 3116 8939 4254 
7050 1388 7768 7637 
7051 7561 8659 1170 
7052 2737 7634 5093 
7053 7563 8638 1174 
7054 4256 4648 3864 
7055 7445 7446 3155 
7056 4012 8397 7681 
7057 4037 4199 3769 
7058 4486 7488 7479 
7059 3154 3866 3416 
7060 1922 1924 1923 
7061 2588 4186 2592 
7062 3194 3510 3509 
7063 7599 7600 1886 
7064 1926 7575 2641 
7065 2719 7612 4204 
7066 4196 5061 2668 
7067 7695 7987 1248 
7068 3177 3178 3174 
7069 7597 8538 7598 
7070 1360 7985 7706 
7071 5235 7749 2709 
7072 7681 7683 4012 
7073 5988 7558 5071 
7074 5883 7987 7695 
7075 3087 7713 3084 
7076 8002 8759 7598 
7077 4671 4672 4263 
7078 1486 1487 1485 
7079 6421 7507 6194 
7080 2724 2725 2670 
7081 7551 7572 4648 
7082 5847 7627 7624 
7083 7372 9089 7371 
7084 2811 8946 4542 
7085 7914 8624 7913 
7086 8005 8750 1172 
7087 7683 8414 4012 
7088 8998 9112 5972 
7089 7667 7668 7663 
7090 5771 6829 5772 
7091 3101 8810 7672 
7092 5072 7463 4177 
7093 7685 8414 7683 
7094 5907 8718 7888 
7095 5071 5844 4549 
7096 2665 7582 4181 
7097 7850 8731 7610 
7098 1910 1913 1912 
7099 7445 7447 7446 
7100 2696 7607 2698 
7101 2670 7516 1908 
7102 2689 7588 5310 
7103 7814 7815 7620 
7104 1384 7635 7634 
7105 5314 7560 5829 
7106 3908 3909 3505 
7107 7579 8904 5862 
7108 8124 8138 8125 
7109 4199 7604 5987 
7110 4199 4549 3769 
7111 5841 7690 5035 
7112 7447 7449 7448 
7113 2667 5082 2663 
7114 1182 8607 7913 
7115 7736 7778 5120 
7116 1427 1429 1428 
7117 1188 8414 7685 
7118 3864 7568 3131 
7119 3856 9083 8886 
7120 9304 9422 7145 
7121 4523 5035 4522 
7122 5877 7856 7778 
7123 4237 7688 5227 
7124 2603 7494 2599 
7125 1921 7583 7443 
7126 7649 7706 5130 
7127 1478 1479 1477 
7128 1421 1422 1419 
7129 8607 8609 7909 
7130 7685 7687 1188 
7131 7998 8630 1178 
7132 6005 6006 4672 
7133 1454 7645 1451 
7134 1899 1900 1898 
7135 120 8222 577 
7136 121 8222 120 
7137 1158 8846 7517 
7138 7697 7716 7698 
7139 3773 8882 7593 
7140 2726 2727 2725 
7141 2656 2657 2655 
7142 7687 8407 1188 
7143 1154 8853 7515 
7144 5208 8347 7759 
7145 4656 7550 4256 
7146 2585 2589 2586 
7147 2665 4181 3709 
7148 2745 7725 4189 
7149 3471 3769 3105 
7150 7688 7689 5227 
7151 226 779 225 
7152 684 8115 387 
7153 1441 8376 1440 
7154 7679 8712 4575 
7155 1969 9027 2561 
7156 7779 8407 7687 
7157 3436 4678 3462 
7158 1424 2655 1422 
7159 3534 3868 3167 
7160 2728 2729 2727 
7161 1348 8622 1345 
7162 2730 2733 2729 
7163 4658 7624 4203 
7164 3703 4177 2625 
7165 5335 5971 4656 
7166 134 8106 133 
7167 4256 7550 4648 
7168 8611 8613 7592 
7169 1182 8609 8607 
7170 5097 5851 5098 
7171 7913 8624 1182 
7172 1896 1899 1898 
7173 2655 7889 1422 
7174 1452 1453 1451 
7175 7571 8946 8930 
7176 8937 8941 7703 
7177 7909 8609 2918 
7178 3058 7777 5121 
7179 7657 7667 7658 
7180 1895 1896 1894 
7181 1918 7583 1921 
7182 1927 8769 2611 
7183 7191 9158 3713 
7184 1417 1418 1415 
7185 3881 4054 3564 
7186 2918 8611 7909 
7187 7630 7633 3725 
7188 1932 1934 1933 
7189 4253 7712 3408 
7190 8131 8138 738 
7191 4648 7568 3864 
7192 4581 7610 7609 
7193 2539 3686 2540 
7194 5861 9082 9057 
7195 1921 7443 7442 
7196 7634 7635 5093 
7197 7232 7316 5069 
7198 1943 8987 1944 
7199 4547 7667 7657 
7200 7579 8891 4001 
7201 4388 7744 5274 
7202 7557 7856 5877 
7203 1885 1886 1884 
7204 2688 3712 2689 
7205 1918 1920 1919 
7206 1844 7856 1847 
7207 2688 2689 2685 
7208 7698 7716 7702 
7209 4547 7657 2771 
7210 9010 9046 7715 
7211 2706 3728 2705 
7212 3773 8894 7849 
7213 5892 8619 8340 
7214 2918 8613 8611 
7215 3236 3240 3239 
7216 5124 7790 5872 
7217 7592 8613 1192 
7218 2690 7616 2686 
7219 1892 1895 1894 
7220 1914 1916 1915 
7221 1984 1985 1982 
7222 1948 1949 1946 
7223 3744 3745 3729 
7224 8275 8276 742 
7225 4878 7242 5609 
7226 1380 7634 2737 
7227 5793 7056 4509 
7228 7790 7791 5872 
7229 7614 7615 7613 
7230 3079 7656 2814 
7231 7637 7768 7640 
7232 2658 2659 2657 
7233 7419 7444 4530 
7234 4210 7609 5109 
7235 5062 7173 5061 
7236 3065 8651 3063 
7237 3759 8925 2877 
7238 5007 7518 5755 
7239 2595 2597 2596 
7240 2706 3729 3728 
7241 403 8166 8165 
7242 4537 7553 3989 
7243 1904 1906 1905 
7244 1346 8697 7804 
7245 2660 2661 2659 
7246 7857 8938 8812 
7247 5306 7889 2655 
7248 5804 7166 5803 
7249 7239 7578 5813 
7250 750 8193 8191 
7251 7734 8635 1859 
7252 5245 8627 7752 
7253 2684 2688 2685 
7254 7988 8758 1682 
7255 7599 7710 7601 
7256 5813 8789 4524 
7257 4199 5987 5071 
7258 7729 8773 1831 
7259 5873 8640 7595 
7260 2814 7656 2780 
7261 7612 7749 7614 
7262 2609 7294 7293 
7263 3137 7723 3134 
7264 1241 7988 1682 
7265 5877 7778 7736 
7266 3502 3503 3178 
7267 7711 8718 5907 
7268 7708 7809 5136 
7269 7987 7988 1243 
7270 1460 1461 1459 
7271 3572 3586 3585 
7272 2702 2705 2701 
7273 3987 5097 4528 
7274 8113 8114 8111 
7275 2684 2685 2680 
7276 3206 5055 2466 
7277 7610 8731 7609 
7278 5829 7342 7341 
7279 2702 2706 2705 
7280 1413 1414 1411 
7281 7840 8418 5887 
7282 5352 7608 5847 
7283 2874 8951 2870 
7284 2679 2684 2680 
7285 7395 9277 1474 
7286 1409 1410 1407 
7287 5102 7607 2696 
7288 1803 8418 7840 
7289 7653 8911 7656 
7290 5279 8635 7734 
7291 4200 7646 3114 
7292 7569 8856 8852 
7293 5111 7721 7719 
7294 7752 8627 1871 
7295 387 8115 386 
7296 7576 9255 7560 
7297 5275 9107 7377 
7298 2679 2680 2678 
7299 1421 1423 1422 
7300 3713 9158 3215 
7301 5133 8887 7848 
7302 7612 7614 7613 
7303 3169 5068 2514 
7304 5208 7759 7676 
7305 3725 7735 7630 
7306 8878 8924 7770 
7307 2674 7710 2672 
7308 2689 5310 3741 
7309 2749 8701 7755 
7310 8191 8192 683 
7311 2257 8538 7597 
7312 5374 5797 4510 
7313 1866 7755 1869 
7314 5081 9104 7427 
7315 2735 3739 2732 
7316 5314 5829 5828 
7317 2672 7599 1885 
7318 8340 8619 5163 
7319 7569 8830 6128 
7320 7593 8882 8874 
7321 1417 1419 1418 
7322 1407 7623 1406 
7323 3063 7777 3060 
7324 4037 7604 4199 
7325 8112 8113 8111 
7326 2719 4204 3443 
7327 3917 3918 3503 
7328 2676 2679 2678 
7329 3141 7721 3139 
7330 1488 8608 1485 
7331 7575 8918 5285 
7332 1883 1885 1884 
7333 5925 7406 5924 
7334 5040 7669 5816 
7335 2699 7670 2703 
7336 4248 8648 7750 
7337 2714 7612 2719 
7338 7759 8347 1827 
7339 3772 8882 3773 
7340 2819 8884 2825 
7341 2597 2599 2598 
7342 7595 8640 4598 
7343 4265 4519 4188 
7344 3036 7819 3034 
7345 7599 7601 7600 
7346 3090 8548 3087 
7347 1401 1403 1402 
7348 7601 7602 7600 
7349 1403 7622 1402 
7350 2611 8769 5319 
7351 5353 5924 5352 
7352 5311 7576 5314 
7353 8436 8915 8835 
7354 1405 1406 1403 
7355 7639 8924 7642 
7356 7521 8881 3615 
7357 2676 2678 2674 
7358 1891 1892 1890 
7359 2648 7671 7458 
7360 6000 7553 4537 
7361 3471 4037 3769 
7362 5086 5779 4505 
7363 4662 7437 3868 
7364 1398 2694 2693 
7365 3157 8745 5315 
7366 2694 5102 2696 
7367 2698 2702 2701 
7368 4254 4664 4663 
7369 3769 8810 3105 
7370 1399 7573 1398 
7371 4181 4510 3709 
7372 7666 8687 1869 
7373 1908 1910 1909 
7374 5866 7692 7352 
7375 7701 8899 7705 
7376 5965 8833 7743 
7377 7697 7698 3774 
7378 8126 8127 679 
7379 1405 1407 1406 
7380 5026 5808 4537 
7381 3723 8642 5113 
7382 3585 7611 4379 
7383 8715 8727 5806 
7384 7637 7638 7636 
7385 1397 1399 1398 
7386 2653 3441 3440 
7387 4582 8865 5949 
7388 2698 2701 2699 
7389 7714 7715 4632 
7390 3182 5326 3184 
7391 2694 2696 2695 
7392 1401 1402 1399 
7393 4661 5333 4653 
7394 2752 7707 5136 
7395 1413 1415 1414 
7396 2696 2698 2697 
7397 1930 1931 1928 
7398 8121 8122 8119 
7399 7694 8412 7776 
7400 2648 2653 2652 
7401 1410 7623 1407 
7402 7569 8852 3040 
7403 1888 1891 1890 
7404 5351 5352 4658 
7405 5130 7819 7649 
7406 5924 7608 5352 
7407 1991 9134 2544 
7408 7890 8725 7891 
7409 7521 8856 6131 
7410 1900 1902 1901 
7411 1410 9082 7623 
7412 4174 7488 4486 
7413 5864 8625 7519 
7414 2671 2672 1885 
7415 7673 7692 5866 
7416 3151 3152 3148 
7417 7805 8426 5140 
7418 4203 7624 4557 
7419 5902 8656 7834 
7420 4334 7714 4632 
7421 3996 8591 5124 
7422 3680 4172 3969 
7423 7863 8733 7509 
7424 577 8294 119 
7425 119 8294 118 
7426 4657 4658 4203 
7427 5917 8753 8751 
7428 2613 2615 2614 
7429 1423 8514 1426 
7430 2523 7290 2521 
7431 5311 5314 5313 
7432 5308 5803 5043 
7433 5109 7609 7509 
7434 8120 8128 8121 
7435 1933 9162 7461 
7436 3465 7697 3774 
7437 1466 7756 1463 
7438 3586 7611 3585 
7439 1931 8918 7575 
7440 7694 7776 5138 
7441 4388 5274 4088 
7442 1362 7708 7707 
7443 1397 1398 1396 
7444 8134 8136 8135 
7445 7606 8928 7605 
7446 7238 7239 5813 
7447 7755 8701 7666 
7448 402 8165 680 
7449 403 8165 402 
7450 4279 5490 4054 
7451 3116 4254 3120 
7452 5040 5816 5090 
7453 7495 8823 5888 
7454 1924 1926 1925 
7455 1886 1888 1887 
7456 2636 4190 2640 
7457 3103 8834 4253 
7458 3191 9098 3450 
7459 5352 5847 4658 
7460 7340 9053 9035 
7461 1877 7605 1878 
7462 1342 8426 7805 
7463 7637 7639 7638 
7464 2589 3699 2590 
7465 1874 1877 1876 
7466 4520 5043 4519 
7467 5040 5090 4183 
7468 7816 8917 8891 
7469 4035 4203 3763 
7470 7891 8725 5261 
7471 4014 8407 7779 
7472 3729 7629 3728 
7473 4014 7779 7776 
7474 5885 7746 7689 
7475 5983 5984 5333 
7476 1877 1878 1876 
7477 1421 8514 1423 
7478 3743 3744 3729 
7479 8120 8121 8119 
7480 7509 8733 7508 
7481 3139 7721 5111 
7482 7484 9296 3712 
7483 5274 8862 4088 
7484 5885 7689 7688 
7485 7660 7675 7662 
7486 7707 7708 5136 
7487 1464 1465 1463 
7488 7842 8614 5903 
7489 4198 5069 3744 
7490 1406 7622 1403 
7491 7769 7770 7640 
7492 7750 8648 5271 
7493 2711 7749 2714 
7494 1962 1963 1960 
7495 1419 7889 1418 
7496 1883 1884 1882 
7497 8133 8134 8132 
7498 8830 8892 7794 
7499 602 8112 8111 
7500 5111 7723 3137 
7501 8136 8137 8135 
7502 3408 7712 3547 
7503 593 8118 8117 
7504 5834 9268 9232 
7505 1402 7573 1399 
7506 7776 8412 4014 
7507 2771 7657 2769 
7508 7801 7805 5140 
7509 2782 8699 5120 
7510 1409 1411 1410 
7511 5844 7499 7431 
7512 1772 8449 7888 
7513 3710 8764 3987 
7514 4517 5806 5805 
7515 2673 2674 2672 
7516 2721 7788 4252 
7517 3768 8736 7674 
7518 2675 2676 2674 
7519 5925 7407 7406 
7520 5136 8615 2754 
7521 8809 8898 7802 
7522 5969 7717 4646 
7523 602 8111 8110 
7524 2633 2637 2634 
7525 4536 4537 3989 
7526 5120 8699 7736 
7527 3430 3763 3090 
7528 3510 5423 4128 
7529 2816 8953 3079 
7530 5330 7604 4037 
7531 7888 8449 5907 
7532 5084 8555 2610 
7533 1426 1427 1425 
7534 7676 7827 5208 
7535 7639 7642 7641 
7536 5851 7761 5098 
7537 7824 8566 7810 
7538 7766 7767 2778 
7539 1896 1898 1897 
7540 2615 2617 2616 
7541 5097 5098 4528 
7542 3046 7827 3048 
7543 1892 1894 1893 
7544 4223 7978 7808 
7545 1903 8827 1904 
7546 7722 7723 5111 
7547 7850 8708 1318 
7548 4203 4557 3763 
7549 8121 8123 8122 
7550 1395 1396 1393 
7551 4257 7775 4649 
7552 5171 8394 7860 
7553 1456 1457 1455 
7554 2747 2748 2744 
7555 3874 4046 3461 
7556 1873 1874 1872 
7557 5353 5925 5924 
7558 7624 7625 4557 
7559 8005 8753 5917 
7560 8107 8108 733 
7561 2672 7710 7599 
7562 5138 7787 7694 
7563 1358 7707 2752 
7564 2705 5092 2701 
7565 7520 8933 8685 
7566 8134 8135 8132 
7567 3034 7819 5130 
7568 2772 7766 2778 
7569 1398 2693 1396 
7570 4632 7716 7697 
7571 5171 7860 7859 
7572 2694 2695 2693 
7573 5172 7993 7811 
7574 1870 1873 1872 
7575 3124 7817 3867 
7576 7212 8720 4195 
7577 5225 7726 4007 
7578 5171 7859 7858 
7579 2703 4185 3724 
7580 5156 8402 7807 
7581 1880 1883 1882 
7582 7930 8491 7977 
7583 1330 8788 8706 
7584 2693 8006 1396 
7585 1856 7733 1859 
7586 8121 8128 8124 
7587 7768 7769 7640 
7588 2747 7427 2748 
7589 2741 7792 2747 
7590 593 8120 8119 
7591 7115 9429 6000 
7592 2747 7792 7428 
7593 1907 2724 2670 
7594 1125 8909 1128 
7595 5812 5813 4524 
7596 3547 7712 3583 
7597 7720 7726 5225 
7598 5070 7232 5069 
7599 3745 7629 3729 
7600 1843 7856 1844 
7601 1380 2737 2736 
7602 9037 9044 7474 
7603 9033 9043 7534 
7604 4036 4256 3864 
7605 593 8119 8118 
7606 1391 1392 1389 
7607 7610 8708 7850 
7608 5876 8781 7706 
7609 7834 8656 1805 
7610 7860 8394 1845 
7611 7843 7923 5905 
7612 3860 7721 3141 
7613 7399 8920 5891 
7614 7656 8580 2780 
7615 7657 7658 3107 
7616 602 8110 8109 
7617 7680 8750 5880 
7618 5314 7576 7560 
7619 1889 8710 1887 
7620 5351 5353 5352 
7621 7637 7640 7639 
7622 5107 8006 2693 
7623 1672 8491 7930 
7624 2778 4547 2771 
7625 5916 8700 7691 
7626 2741 2747 2744 
7627 2769 3107 2767 
7628 1889 8977 7615 
7629 1429 8814 1428 
7630 4544 9037 7474 
7631 7733 7734 1859 
7632 2769 7657 3107 
7633 1863 2749 1864 
7634 4493 5778 5011 
7635 1864 7755 1866 
7636 1395 1397 1396 
7637 7658 7663 7660 
7638 4486 7479 7478 
7639 2742 7725 2745 
7640 5926 8658 7884 
7641 7779 7781 5139 
7642 7715 7716 4632 
7643 4657 5351 4658 
7644 7663 7675 7660 
7645 7843 8418 1803 
7646 4252 7757 2717 
7647 5075 7621 5795 
7648 2737 2739 2738 
7649 1387 1388 1385 
7650 2686 2692 2682 
7651 5124 8591 7790 
7652 8995 9005 1853 
7653 7688 8712 5884 
7654 1320 8614 7842 
7655 1434 1435 1433 
7656 7808 7978 7807 
7657 2696 2697 2695 
7658 7687 7781 7779 
7659 4192 5048 4539 
7660 7674 8736 8728 
7661 2823 7765 3856 
7662 7104 9193 5785 
7663 3117 3118 3114 
7664 5120 7747 2779 
7665 2741 2744 2742 
7666 7969 8645 7882 
7667 1883 2671 1885 
7668 2739 2741 2740 
7669 3143 5076 2543 
7670 7809 8615 5136 
7671 1863 1864 1862 
7672 1397 7893 1400 
7673 2698 2699 2697 
7674 7786 8517 1833 
7675 1859 1860 1858 
7676 1882 7696 2707 
7677 7803 8765 7804 
7678 5093 7792 2739 
7679 7639 7641 7638 
7680 3087 8548 7713 
7681 8664 8878 7770 
7682 5809 7669 5040 
7683 5195 8517 7786 
7684 7807 8402 7806 
7685 5310 7588 7587 
7686 1248 8749 7695 
7687 1334 8761 8653 
7688 8541 8641 5122 
7689 1860 1863 1862 
7690 1381 7634 1380 
7691 7698 7699 3774 
7692 7698 7700 7699 
7693 1383 1384 1381 
7694 5246 8566 7824 
7695 4025 8726 8717 
7696 5883 7988 7987 
7697 3063 8651 7777 
7698 1988 1989 1986 
7699 1852 7738 1855 
7700 5026 8631 5808 
7701 1030 8842 3707 
7702 3703 4493 4177 
7703 7607 8793 2702 
7704 7700 7709 7701 
7705 4035 4657 4203 
7706 4655 4656 4256 
7707 132 8100 674 
7708 133 8100 132 
7709 5172 7811 7742 
7710 2737 5093 2739 
7711 420 8189 419 
7712 3023 7861 3021 
7713 2717 7757 2715 
7714 1878 8596 1880 
7715 7726 8857 4007 
7716 7807 7978 5156 
7717 7702 7703 7700 
7718 1391 1393 1392 
7719 8285 8286 8284 
7720 3039 7819 3036 
7721 7826 8343 5148 
7722 5896 7714 4370 
7723 1395 7893 1397 
7724 7724 8925 3759 
7725 2800 7754 5122 
7726 7811 7993 1801 
7727 4183 7616 2690 
7728 5897 7433 5896 
7729 2641 5285 2643 
7730 626 8133 8132 
7731 3430 4035 3763 
7732 4518 5040 4183 
7733 1442 1443 1441 
7734 7747 7778 1843 
7735 4370 7714 4334 
7736 5140 7861 7801 
7737 7795 7802 7797 
7738 7772 9089 4194 
7739 8139 8140 8133 
7740 1379 1381 1380 
7741 2759 7772 2757 
7742 4189 5347 4529 
7743 1869 1870 1868 
7744 2779 7747 1838 
7745 5310 5311 3741 
7746 2689 3741 2685 
7747 2724 2726 2725 
7748 1387 1389 1388 
7749 5347 7303 5818 
7750 3717 5398 3716 
7751 8797 8807 7730 
7752 8752 8765 7803 
7753 5267 8716 8676 
7754 3998 7735 3726 
7755 7752 8775 7753 
7756 3186 3190 3189 
7757 738 8128 150 
7758 7787 7806 1200 
7759 4269 4689 4046 
7760 7815 7816 7620 
7761 1379 1380 1378 
7762 5208 7827 3046 
7763 5930 8547 8506 
7764 1856 1859 1858 
7765 4201 8550 7253 
7766 7284 7286 7283 
7767 5114 7772 2759 
7768 3073 7858 3075 
7769 1873 7731 1874 
7770 743 8140 8139 
7771 7723 8568 3134 
7772 7802 7803 7799 
7773 140 8207 139 
7774 139 8207 670 
7775 7627 9021 1404 
7776 2664 4196 2668 
7777 1855 7733 1856 
7778 7662 7665 7664 
7779 1384 7634 1381 
7780 626 8132 8131 
7781 7729 8797 7730 
7782 3750 7765 2823 
7783 3042 8409 3039 
7784 7264 7265 5831 
7785 7878 8575 5908 
7786 7597 7598 7596 
7787 1345 8622 1344 
7788 3103 4253 3408 
7789 3473 3474 3152 
7790 2587 7429 2585 
7791 557 8285 8284 
7792 2766 2767 2749 
7793 404 8166 403 
7794 579 8166 404 
7795 5303 5335 4656 
7796 5901 7416 5899 
7797 3532 7796 3778 
7798 5171 7858 3073 
7799 4061 7697 3465 
7800 7696 8710 5235 
7801 1878 1880 1879 
7802 1389 7768 1388 
7803 1944 1945 1942 
7804 1400 1401 1399 
7805 7265 7632 7631 
7806 586 8458 8311 
7807 2796 7773 3738 
7808 5818 7791 7790 
7809 7717 7718 4635 
7810 7996 8771 3852 
7811 3547 3583 3582 
7812 2795 7741 5275 
7813 7899 8663 3844 
7814 5137 8590 7923 
7815 5911 7818 7746 
7816 1866 1869 1868 
7817 4839 5981 5604 
7818 7694 7787 1200 
7819 7797 7802 7799 
7820 7771 7826 5148 
7821 4632 7697 4061 
7822 4194 7758 3742 
7823 3723 5113 4526 
7824 5911 7746 5885 
7825 5589 5896 4370 
7826 7265 7631 7630 
7827 2684 3711 2688 
7828 7703 7709 7700 
7829 8307 8309 8308 
7830 7828 8494 7829 
7831 1874 1876 1875 
7832 3109 5084 2610 
7833 2737 2738 2736 
7834 3157 5315 3159 
7835 2637 3704 2638 
7836 7700 7701 7699 
7837 1392 7769 7768 
7838 2710 8616 2708 
7839 2894 8736 3768 
7840 1855 1856 1854 
7841 3827 8766 3823 
7842 4334 4632 4061 
7843 1316 8343 7826 
7844 2780 8580 1820 
7845 7750 8832 7751 
7846 1887 8710 7696 
7847 5928 8771 7996 
7848 5020 7002 5780 
7849 7796 7797 3778 
7850 5090 7616 4183 
7851 2736 7944 1378 
7852 3512 3864 3131 
7853 1851 7738 1852 
7854 1404 1405 1403 
7855 5033 9079 5810 
7856 7886 8766 3827 
7857 2768 2769 2767 
7858 1771 8350 7737 
7859 1380 2736 1378 
7860 2661 2665 2662 
7861 1373 1374 1371 
7862 2651 4653 2649 
7863 3122 8792 7817 
7864 7795 7797 7796 
7865 1383 1385 1384 
7866 2772 2778 2771 
7867 2770 2771 2769 
7868 2749 7755 1864 
7869 2671 2673 2672 
7870 1852 1855 1854 
7871 4558 8930 7574 
7872 5905 8418 7843 
7873 3721 4183 2690 
7874 5141 8685 7880 
7875 1340 7754 2800 
7876 8890 8966 5891 
7877 5120 7778 7747 
7878 1438 1439 1437 
7879 3465 3774 3065 
7880 2764 3746 2763 
7881 2987 8598 7938 
7882 7660 7662 7661 
7883 2984 8794 8700 
7884 1249 8749 1248 
7885 5929 8776 7996 
7886 2745 4189 3731 
7887 4251 4635 3860 
7888 5831 7735 4552 
7889 3770 7766 2774 
7890 2680 4548 2678 
7891 1467 1470 1469 
7892 1377 1378 1375 
7893 383 8109 8107 
7894 5124 5872 5125 
7895 4562 8874 7594 
7896 2760 2763 2759 
7897 4001 8904 7579 
7898 7778 7856 1843 
7899 1851 1852 1850 
7900 2794 7780 3736 
7901 1300 7818 1297 
7902 7396 7474 5088 
7903 5123 7806 7787 
7904 5147 8360 7956 
7905 4393 7775 4257 
7906 5830 5831 4552 
7907 1877 7731 7606 
7908 8874 8882 7594 
7909 1886 1887 1884 
7910 1393 8006 1392 
7911 5929 8779 8776 
7912 8768 8771 5928 
7913 1420 1421 1419 
7914 2748 5337 2744 
7915 5830 7264 5831 
7916 5060 8883 5842 
7917 5035 7690 5783 
7918 1888 1890 1889 
7919 1430 1431 1429 
7920 1910 1912 1911 
7921 7829 8494 5226 
7922 7746 7818 1300 
7923 1511 1514 1513 
7924 3048 7827 3054 
7925 1883 8596 2671 
7926 2774 7766 2772 
7927 3862 7788 2721 
7928 8930 8946 7574 
7929 626 8139 8133 
7930 7724 8932 8925 
7931 1771 8449 1772 
7932 2760 2764 2763 
7933 5227 8547 5930 
7934 1848 1851 1850 
7935 2714 7749 7612 
7936 5284 7944 2736 
7937 8831 8943 5960 
7938 7762 7765 3750 
7939 2794 2795 2791 
7940 7698 7702 7700 
7941 385 8112 602 
7942 386 8112 385 
7943 4552 7735 3998 
7944 5970 7748 4653 
7945 3764 8971 8951 
7946 7658 7660 7659 
7947 5146 8708 8698 
7948 5829 7341 5828 
7949 7730 7789 5110 
7950 3543 9043 9033 
7951 1676 8549 7934 
7952 3021 7861 5140 
7953 1870 1872 1871 
7954 7254 8610 4534 
7955 7740 9042 5293 
7956 5066 7758 7384 
7957 3736 7741 2795 
7958 7423 7426 7425 
7959 7630 7735 5831 
7960 5064 7212 4195 
7961 7547 7833 7533 
7962 3726 7735 3725 
7963 7742 7873 5172 
7964 5314 5828 5313 
7965 7718 7719 4635 
7966 5336 5985 5335 
7967 1877 7606 7605 
7968 3009 7873 3011 
7969 2726 2728 2727 
7970 5968 5969 4646 
7971 1369 1370 1367 
7972 7834 8678 5959 
7973 2794 3736 2795 
7974 4646 7717 4251 
7975 7877 8367 5159 
7976 1874 7731 1877 
7977 2790 2794 2791 
7978 8541 8622 7581 
7979 149 8120 148 
7980 148 8120 593 
7981 7533 7833 7529 
7982 1408 1409 1407 
7983 5147 7956 7955 
7984 7296 7391 7390 
7985 2790 2791 2787 
7986 1992 1993 1990 
7987 147 8117 146 
7988 593 8117 147 
7989 2728 2730 2729 
7990 7045 9118 7225 
7991 7854 8482 7855 
7992 3161 3165 3164 
7993 8308 8458 8306 
7994 4251 7717 4635 
7995 7581 8622 7619 
7996 1444 8376 1441 
7997 3996 5124 4545 
7998 2756 2760 2759 
7999 1445 1448 1447 
8000 7593 8894 3773 
8001 2739 2740 2738 
8002 7508 8733 5904 
8003 7806 8402 1200 
8004 1904 1905 1902 
8005 1860 1862 1861 
8006 7785 7786 1833 
8007 8728 8736 7679 
8008 7581 8641 8541 
8009 1344 8541 7754 
8010 5344 5345 4258 
8011 2741 2742 2740 
8012 5245 7752 5974 
8013 1365 1366 1363 
8014 7544 7545 7543 
8015 1377 1379 1378 
8016 2002 2003 2000 
8017 7540 7783 7536 
8018 4248 7750 4641 
8019 8639 8649 1677 
8020 1298 8575 7878 
8021 1359 7707 1358 
8022 7786 8518 5195 
8023 7800 8697 7805 
8024 3737 7773 2796 
8025 5975 7775 4393 
8026 7793 7794 4617 
8027 2994 7918 2992 
8028 1172 8753 8005 
8029 1392 7768 1389 
8030 2776 3770 2774 
8031 4575 8728 7679 
8032 7785 8935 8912 
8033 5910 8460 7976 
8034 1358 2752 2751 
8035 5110 7789 4637 
8036 3750 7836 7762 
8037 1864 1866 1865 
8038 7531 7534 7533 
8039 8309 8310 8308 
8040 1373 1375 1374 
8041 2719 3443 3442 
8042 5252 5878 5524 
8043 5101 7743 5876 
8044 2752 5136 2754 
8045 1947 8987 2593 
8046 7752 7753 5974 
8047 7929 8516 7930 
8048 7832 8462 1815 
8049 2752 2754 2753 
8050 4237 8712 7688 
8051 2756 2759 2757 
8052 8533 8549 1676 
8053 7822 8754 7824 
8054 5347 5818 4529 
8055 5914 7806 5123 
8056 8717 8726 5916 
8057 2671 8596 5286 
8058 1843 1844 1842 
8059 5229 8462 7832 
8060 2754 2756 2755 
8061 4678 5407 4679 
8062 8003 8667 8553 
8063 1357 1359 1358 
8064 7799 7804 7800 
8065 2807 7820 2805 
8066 145 8126 679 
8067 7808 8602 4223 
8068 5217 7727 7726 
8069 5600 7422 6347 
8070 4241 7793 4617 
8071 355 8162 354 
8072 4622 8700 5916 
8073 1830 7785 1833 
8074 5935 8691 8594 
8075 8307 8308 8306 
8076 8078 8079 675 
8077 8004 8562 6359 
8078 1286 8001 7955 
8079 8583 8598 2987 
8080 1799 7923 7843 
8081 3078 4212 3414 
8082 389 8148 388 
8083 388 8148 684 
8084 5964 5965 5101 
8085 1361 1362 1359 
8086 7750 7751 4641 
8087 7536 7783 7532 
8088 7759 8773 5890 
8089 2714 2719 2718 
8090 4209 5101 4580 
8091 1847 1848 1846 
8092 2673 2675 2674 
8093 1361 1363 1362 
8094 8676 8716 4249 
8095 2786 2790 2787 
8096 7920 8515 5912 
8097 7746 7879 7689 
8098 3933 7796 3532 
8099 3774 8651 3065 
8100 7871 8523 8350 
8101 7541 7543 7540 
8102 1308 8647 8506 
8103 7945 7958 1273 
8104 3443 3572 3571 
8105 7929 8533 8516 
8106 7737 8449 1771 
8107 2706 3743 3729 
8108 7531 7533 7529 
8109 1837 2779 1838 
8110 7691 8717 5916 
8111 7884 8658 1246 
8112 5589 5897 5896 
8113 7534 7546 7533 
8114 7882 8645 1250 
8115 7963 8674 8582 
8116 4541 7820 2807 
8117 5115 7787 5138 
8118 1369 1371 1370 
8119 3499 4667 3118 
8120 7825 8470 5856 
8121 382 8107 733 
8122 383 8107 382 
8123 1379 8388 1382 
8124 5148 7918 7771 
8125 7867 7868 5886 
8126 4189 4529 3731 
8127 7977 8491 7976 
8128 1328 8686 8660 
8129 1834 1837 1836 
8130 691 8307 8306 
8131 7955 8001 5147 
8132 5915 8508 7887 
8133 7530 7531 7529 
8134 7812 7877 5159 
8135 3026 7861 3023 
8136 2786 2787 2784 
8137 1138 8470 7825 
8138 1363 7835 1362 
8139 2757 7772 2761 
8140 7781 8578 5139 
8141 5901 7417 7416 
8142 2665 3709 2666 
8143 1357 1358 1356 
8144 4649 7788 3862 
8145 5123 7787 5115 
8146 5221 8522 7862 
8147 8117 8126 146 
8148 5066 7384 7383 
8149 1300 7879 7746 
8150 1837 1838 1836 
8151 1365 1367 1366 
8152 1838 7747 1840 
8153 2845 7813 5146 
8154 1423 1426 1425 
8155 1844 1847 1846 
8156 8284 8286 732 
8157 1297 7818 1296 
8158 5275 7377 5276 
8159 4032 4209 3776 
8160 2675 2677 2676 
8161 3094 8568 3092 
8162 5113 5811 4526 
8163 7829 8628 7830 
8164 2795 5275 3765 
8165 7625 7628 7626 
8166 1176 8750 7680 
8167 7631 7633 7630 
8168 7782 8457 2861 
8169 5218 8482 7854 
8170 1840 1843 1842 
8171 3054 8443 3056 
8172 5965 7743 5101 
8173 1362 7707 1359 
8174 1377 8388 1379 
8175 3067 8648 4248 
8176 7929 8549 8533 
8177 7609 8731 7509 
8178 1856 1858 1857 
8179 7265 7630 5831 
8180 3113 3114 3111 
8181 8115 8116 8113 
8182 355 8163 8162 
8183 2782 5120 2779 
8184 3071 8394 5171 
8185 5951 8665 7842 
8186 1958 1959 1956 
8187 2739 7792 2741 
8188 5056 5830 4552 
8189 2761 7772 4194 
8190 4004 7876 4564 
8191 7923 8590 5905 
8192 5541 5975 4393 
8193 7967 8453 7997 
8194 2798 7780 2794 
8195 3039 8409 7819 
8196 5172 7873 3009 
8197 7947 7959 7958 
8198 1107 8926 1110 
8199 8311 8458 8308 
8200 3089 3090 3087 
8201 1852 1854 1853 
8202 8451 8577 4220 
8203 5812 7238 5813 
8204 4208 5088 2764 
8205 7881 8839 8747 
8206 3075 7858 3078 
8207 5101 5876 4580 
8208 5143 7867 5886 
8209 7580 8891 7579 
8210 7898 8663 7899 
8211 3742 7758 4202 
8212 4201 7253 5085 
8213 4209 4580 3776 
8214 1294 8367 7877 
8215 7784 8497 2257 
8216 1880 1882 1881 
8217 4202 7758 5066 
8218 7971 8597 7970 
8219 5066 7383 5832 
8220 7930 8516 1672 
8221 7564 7998 7997 
8222 7821 7822 4619 
8223 3488 3776 3042 
8224 2763 5114 2759 
8225 5105 7893 2669 
8226 2752 2753 2751 
8227 7934 8583 1676 
8228 1833 1834 1832 
8229 2810 2811 2807 
8230 7803 7804 7799 
8231 7539 7540 7536 
8232 2751 7972 1356 
8233 386 8115 8112 
8234 2761 4194 3742 
8235 1382 1383 1381 
8236 4274 4701 3267 
8237 1358 2751 1356 
8238 5948 8595 8574 
8239 1848 1850 1849 
8240 2783 2784 2782 
8241 1940 1941 1938 
8242 1859 8635 1860 
8243 5862 7574 5103 
8244 7858 7859 4212 
8245 1351 1352 1349 
8246 2781 2782 2779 
8247 5872 7847 5125 
8248 1829 7785 1830 
8249 1830 1833 1832 
8250 7948 8670 8593 
8251 1355 1356 1353 
8252 1422 7889 1419 
8253 5853 7359 5854 
8254 562 8161 8159 
8255 4638 5110 4637 
8256 4257 4649 3862 
8257 5853 5854 4540 
8258 7934 8598 8583 
8259 7701 7705 7704 
8260 2992 7918 5148 
8261 4637 7789 5302 
8262 3785 4637 4636 
8263 2810 5103 2811 
8264 8350 8523 7737 
8265 7960 8329 5164 
8266 5124 5125 4545 
8267 7422 7423 6347 
8268 1340 2800 2799 
8269 1375 7944 1374 
8270 5131 7972 2751 
8271 3732 8591 3996 
8272 1366 8920 7835 
8273 3052 7810 3050 
8274 2804 7883 2810 
8275 5890 7729 5110 
8276 1416 1417 1415 
8277 7900 7957 7901 
8278 1286 7955 7954 
8279 1352 7814 1349 
8280 3028 8494 7828 
8281 8706 8788 5904 
8282 1863 2766 2749 
8283 8173 8174 754 
8284 1397 1400 1399 
8285 2810 7883 5104 
8286 7534 9031 7546 
8287 2785 2786 2784 
8288 7509 8731 7863 
8289 7822 8780 8754 
8290 7871 8000 5135 
8291 7810 8566 3050 
8292 7797 7798 3778 
8293 7895 8790 8719 
8294 4209 5964 5101 
8295 2923 7989 2921 
8296 5089 7396 5088 
8297 1314 7813 2845 
8298 149 8128 8120 
8299 7831 7832 1815 
8300 7794 7795 4617 
8301 5827 7254 4534 
8302 1349 7814 1348 
8303 2804 2810 2807 
8304 3844 8680 7899 
8305 4246 7821 4619 
8306 7870 8000 7871 
8307 2754 2755 2753 
8308 2721 4252 2717 
8309 7938 8598 7936 
8310 4619 7824 7810 
8311 4202 5066 4559 
8312 4551 4552 3998 
8313 1812 7831 1815 
8314 2800 2802 2801 
8315 4542 5840 5839 
8316 1343 1344 1341 
8317 2756 2757 2755 
8318 2010 2011 2008 
8319 7997 8453 7564 
8320 2811 4542 4541 
8321 7952 8646 8570 
8322 7830 7837 4606 
8323 5196 8400 7875 
8324 5122 7883 2802 
8325 1269 7957 7900 
8326 7528 7529 7526 
8327 1347 1348 1345 
8328 4235 8459 7865 
8329 5100 8514 2654 
8330 1341 7754 1340 
8331 5840 7430 7369 
8332 2816 3079 2814 
8333 2802 2804 2803 
8334 2804 2807 2805 
8335 3179 9063 3175 
8336 1394 1395 1393 
8337 5139 8578 4583 
8338 8457 8558 7925 
8339 7797 7799 7798 
8340 7919 8444 7916 
8341 3011 7873 3015 
8342 7938 8649 8639 
8343 7947 7958 7945 
8344 1840 7747 1843 
8345 1819 1820 1818 
8346 8780 8796 1813 
8347 4223 8602 1745 
8348 1275 8515 7920 
8349 3791 8559 8552 
8350 2800 5122 2802 
8351 3056 3785 3476 
8352 5261 8740 7891 
8353 7862 8522 4227 
8354 1357 7985 1360 
8355 1351 1353 1352 
8356 7524 7525 7522 
8357 2707 5235 2709 
8358 7281 9019 7284 
8359 3003 8434 2997 
8360 3030 8428 3026 
8361 2849 7839 2853 
8362 1339 1340 1338 
8363 7811 8656 5902 
8364 7853 8634 7854 
8365 5909 8460 5910 
8366 3797 7967 7915 
8367 2699 2703 2700 
8368 3785 4638 4637 
8369 8300 8301 625 
8370 7875 8400 1789 
8371 7903 7991 1227 
8372 1355 1357 1356 
8373 6128 7793 4815 
8374 4567 7912 7911 
8375 7938 8639 2987 
8376 1908 1909 1906 
8377 7841 7960 5164 
8378 1819 2780 1820 
8379 7976 8491 5910 
8380 4815 7793 4241 
8381 2878 7864 3764 
8382 7739 7740 5293 
8383 7818 8466 1296 
8384 1829 1830 1828 
8385 6129 7569 6128 
8386 7729 7730 5110 
8387 1449 1452 1451 
8388 1339 1341 1340 
8389 590 8172 8171 
8390 4518 5809 5040 
8391 1286 7954 1282 
8392 4011 8382 5143 
8393 3122 7817 3124 
8394 4591 7940 7939 
8395 1344 7754 1341 
8396 3488 4032 3776 
8397 7541 7544 7543 
8398 4033 4251 3860 
8399 5127 7834 5959 
8400 2997 7918 2994 
8401 7887 8508 1264 
8402 4638 5890 5110 
8403 3793 7967 3794 
8404 4248 4641 4640 
8405 3819 7939 3817 
8406 4589 7937 7936 
8407 3885 8562 8004 
8408 5137 7846 2860 
8409 7447 7448 7446 
8410 8159 8160 562 
8411 8451 8460 5909 
8412 2869 7844 2866 
8413 7976 8460 7975 
8414 1347 1349 1348 
8415 3015 8372 3425 
8416 3028 7828 3032 
8417 601 8186 374 
8418 374 8186 373 
8419 4637 5302 4636 
8420 8653 8761 5943 
8421 1366 7835 1363 
8422 5159 7989 7812 
8423 7253 7441 5085 
8424 743 8139 154 
8425 154 8139 153 
8426 153 8139 626 
8427 5133 7848 2852 
8428 5903 8614 7826 
8429 2766 2768 2767 
8430 1825 1826 1824 
8431 1826 1829 1828 
8432 7658 7659 3107 
8433 7970 8597 1254 
8434 4228 8404 7924 
8435 8497 8581 2901 
8436 4567 7911 7910 
8437 7915 7966 3797 
8438 1816 1819 1818 
8439 7947 8593 7959 
8440 2805 7820 2808 
8441 8124 8125 8123 
8442 7865 8459 5201 
8443 1273 7958 7957 
8444 7820 8572 5128 
8445 384 8109 383 
8446 602 8109 384 
8447 4606 7837 4238 
8448 1271 8329 7960 
8449 7854 7855 4607 
8450 1340 2799 1338 
8451 1804 7840 1807 
8452 2861 8602 8584 
8453 4540 7773 3737 
8454 3721 4518 4183 
8455 7822 7824 4619 
8456 2852 7848 2850 
8457 1838 1840 1839 
8458 732 8074 377 
8459 377 8074 376 
8460 7689 8547 5227 
8461 7971 7986 7983 
8462 3763 8548 3090 
8463 2860 7846 1794 
8464 5857 7868 7867 
8465 1227 7992 7903 
8466 1812 1815 1814 
8467 6126 6128 4815 
8468 1360 1361 1359 
8469 1355 7985 1357 
8470 1768 8350 1771 
8471 4241 4617 3933 
8472 1834 1836 1835 
8473 2808 5128 3753 
8474 5245 5974 5973 
8475 7530 7532 7531 
8476 5904 8733 8706 
8477 2813 2814 2780 
8478 1390 1391 1389 
8479 372 8187 691 
8480 1844 1846 1845 
8481 8326 8500 6184 
8482 7827 8443 3054 
8483 4589 7936 7935 
8484 6320 7521 6131 
8485 5067 5853 4540 
8486 4089 8472 5963 
8487 2800 2801 2799 
8488 7526 7833 7525 
8489 1337 1338 1335 
8490 2882 7851 5162 
8491 2808 7820 5128 
8492 2799 8331 1338 
8493 1811 7831 1812 
8494 7529 7833 7526 
8495 7799 7800 7798 
8496 1343 1345 1344 
8497 4536 5026 4537 
8498 1353 7972 1352 
8499 3785 4636 3476 
8500 1822 1825 1824 
8501 1815 1816 1814 
8502 6269 8530 7994 
8503 3082 5105 2669 
8504 2847 7839 2849 
8505 3067 4248 3069 
8506 4246 4619 3855 
8507 354 8162 562 
8508 7434 7435 5871 
8509 3532 3778 3030 
8510 4006 7836 3751 
8511 5194 8444 7919 
8512 3794 7967 3797 
8513 7846 7923 1799 
8514 2795 3765 2791 
8515 7971 8009 7986 
8516 7435 7764 7763 
8517 2815 2816 2814 
8518 1800 7843 1803 
8519 5143 8382 7867 
8520 2796 3738 2792 
8521 5942 8599 7878 
8522 375 8075 601 
8523 7934 8549 7932 
8524 7900 7995 1269 
8525 1900 1901 1898 
8526 8156 8157 8155 
8527 7713 8548 7626 
8528 2921 7989 5159 
8529 2715 8616 2710 
8530 7982 8569 7984 
8531 3572 3585 3584 
8532 5224 8534 8509 
8533 7957 7958 7901 
8534 3743 4198 3744 
8535 7528 7530 7529 
8536 4564 5882 5078 
8537 5249 8331 2799 
8538 4645 4646 4251 
8539 1235 8538 2257 
8540 2817 2818 2816 
8541 2819 2825 2818 
8542 7435 7763 7762 
8543 7994 8530 3541 
8544 5871 7836 4571 
8545 1811 1812 1810 
8546 4567 7966 7912 
8547 1820 1822 1821 
8548 2936 7990 2934 
8549 8186 8187 373 
8550 7628 8949 1400 
8551 4634 7821 4246 
8552 7506 7594 5108 
8553 3855 7810 3052 
8554 5066 5832 4559 
8555 8466 8490 5162 
8556 5946 7852 4624 
8557 7865 8543 7866 
8558 2811 4541 2807 
8559 5104 5862 5103 
8560 4591 7939 3819 
8561 3815 7935 3813 
8562 1808 1811 1810 
8563 3585 4379 4378 
8564 1364 1365 1363 
8565 159 8299 158 
8566 675 8299 159 
8567 1866 1868 1867 
8568 8584 8602 7808 
8569 4229 8415 7904 
8570 8156 8158 8157 
8571 3508 3860 3141 
8572 5127 5959 5958 
8573 2747 7428 7427 
8574 5967 5968 4646 
8575 2866 7844 2864 
8576 3783 7857 5254 
8577 4607 7855 3846 
8578 7539 7541 7540 
8579 4533 4540 3737 
8580 8074 8075 376 
8581 8574 8595 3854 
8582 3833 7910 3835 
8583 3772 3773 3758 
8584 1333 1334 1331 
8585 2790 2798 2794 
8586 8813 8880 7872 
8587 8654 8673 1787 
8588 1830 1832 1831 
8589 7924 8404 5186 
8590 2857 3757 2856 
8591 1807 1808 1806 
8592 5870 7434 5871 
8593 5909 8577 8451 
8594 5870 5871 4571 
8595 1386 1387 1385 
8596 1292 7851 2882 
8597 2802 2803 2801 
8598 2826 8000 7870 
8599 7743 8833 1364 
8600 4567 7910 3833 
8601 1837 2781 2779 
8602 1329 1330 1327 
8603 7762 7836 5871 
8604 1803 7840 1804 
8605 2859 8826 8749 
8606 8552 8559 7956 
8607 2804 2805 2803 
8608 5840 7369 5839 
8609 2857 3758 3757 
8610 1337 1339 1338 
8611 5902 7834 5127 
8612 7874 7875 1789 
8613 2257 8497 1233 
8614 8677 8741 1785 
8615 1804 1807 1806 
8616 4619 7810 3855 
8617 4004 4564 4563 
8618 5914 7807 7806 
8619 3096 5100 2654 
8620 8506 8647 5930 
8621 4568 7908 7907 
8622 8154 8160 8156 
8623 5173 8011 8010 
8624 7853 8654 8634 
8625 4589 7935 3815 
8626 4542 5839 4541 
8627 5098 7761 5798 
8628 2861 8457 1749 
8629 4571 7836 4006 
8630 5128 5293 3753 
8631 8433 8554 5158 
8632 5164 7990 7841 
8633 2768 2770 2769 
8634 1326 8733 7863 
8635 8679 8730 3923 
8636 5876 7706 7649 
8637 1325 1326 1323 
8638 7870 7871 1767 
8639 2770 2772 2771 
8640 7828 7829 4606 
8641 1401 1404 1403 
8642 7873 8372 3015 
8643 7912 7966 7915 
8644 4592 5127 4213 
8645 5854 7773 4540 
8646 3849 4606 4238 
8647 3760 7864 2878 
8648 7902 7991 7903 
8649 5146 7839 2847 
8650 2876 2877 2873 
8651 7486 7825 5856 
8652 1412 1413 1411 
8653 2853 2856 2852 
8654 4634 7823 7821 
8655 4568 7907 7906 
8656 2742 2745 2743 
8657 2703 3724 2704 
8658 5141 7880 2889 
8659 2853 2857 2856 
8660 1799 7843 1800 
8661 1326 7863 1323 
8662 4617 7796 3933 
8663 1764 7870 1767 
8664 3078 7858 4212 
8665 7829 7830 4606 
8666 2926 7989 2923 
8667 1282 7954 1281 
8668 5129 7842 5903 
8669 2823 3856 2821 
8670 3782 4213 3783 
8671 5153 7991 7902 
8672 4238 7837 4631 
8673 4228 7924 7869 
8674 4038 5330 4037 
8675 5863 7579 5862 
8676 7904 8415 5188 
8677 3026 8428 7861 
8678 7964 8396 7978 
8679 3751 7836 3750 
8680 7840 8822 1807 
8681 1840 1842 1841 
8682 5949 7881 3851 
8683 2889 7880 2887 
8684 2876 3759 2877 
8685 2872 2873 2869 
8686 2872 2876 2873 
8687 5173 8325 8012 
8688 1786 7874 1789 
8689 1315 7813 1314 
8690 1192 8613 1189 
8691 8628 8660 7830 
8692 2930 8431 2926 
8693 1329 1331 1330 
8694 608 8077 8076 
8695 1323 7863 1322 
8696 1372 1373 1371 
8697 1314 2845 2844 
8698 3093 8627 5245 
8699 1319 7850 1318 
8700 1321 1322 1319 
8701 8621 8699 2787 
8702 2845 2847 2846 
8703 1281 7954 7951 
8704 8012 8325 1779 
8705 4215 5129 4593 
8706 6320 7522 7521 
8707 3078 3414 3413 
8708 1396 8006 1393 
8709 3139 5111 3137 
8710 2781 2783 2782 
8711 2849 2852 2850 
8712 2847 2849 2848 
8713 7652 7655 7654 
8714 5911 8466 7818 
8715 4635 7721 3860 
8716 6126 6129 6128 
8717 8237 8250 8247 
8718 7837 7838 4631 
8719 3425 3782 3596 
8720 8154 8156 8155 
8721 1803 1804 1802 
8722 7986 8009 4222 
8723 3817 7939 4589 
8724 7524 7526 7525 
8725 1317 1318 1315 
8726 5950 5951 5129 
8727 5173 8012 8011 
8728 2845 5146 2847 
8729 2868 2872 2869 
8730 5121 8388 2723 
8731 8578 8632 7941 
8732 1799 1800 1798 
8733 3562 8500 8326 
8734 1317 1319 1318 
8735 1333 1335 1334 
8736 4590 7932 7931 
8737 8065 8068 8067 
8738 5137 7923 7846 
8739 5130 7985 2750 
8740 7754 8541 5122 
8741 1357 1360 1359 
8742 5856 8470 4553 
8743 2849 2853 2852 
8744 5289 7496 5857 
8745 150 8128 149 
8746 356 8163 355 
8747 678 8163 356 
8748 4206 5289 4555 
8749 7917 8413 5169 
8750 2864 7844 5137 
8751 2934 7990 5164 
8752 7959 8690 8663 
8753 4592 5902 5127 
8754 5127 5958 4213 
8755 3782 4592 4213 
8756 1800 1803 1802 
8757 1313 1315 1314 
8758 1296 8466 7851 
8759 1793 2860 1794 
8760 2976 8010 2978 
8761 8156 8160 8159 
8762 5275 5276 3765 
8763 4590 7931 3811 
8764 3032 7828 3849 
8765 1790 1793 1792 
8766 1322 7850 1319 
8767 1816 1818 1817 
8768 1281 7951 7950 
8769 7978 8396 5156 
8770 2760 4208 2764 
8771 5951 7842 5129 
8772 7912 7913 7911 
8773 2783 2785 2784 
8774 1283 8725 7890 
8775 3780 4215 3779 
8776 2868 2869 2866 
8777 1794 7846 1796 
8778 1378 7944 1375 
8779 3429 3430 3090 
8780 2918 8609 1184 
8781 1793 1794 1792 
8782 1325 1327 1326 
8783 2997 8434 7918 
8784 1269 7995 1266 
8785 5175 8413 7917 
8786 5135 8523 7871 
8787 7946 7950 7949 
8788 4568 7906 3837 
8789 2850 7848 2854 
8790 5129 5903 4593 
8791 2802 7883 2804 
8792 1318 7813 1315 
8793 7984 8569 2919 
8794 7869 7979 4228 
8795 4590 7933 7932 
8796 3851 7881 2840 
8797 3758 7849 3757 
8798 5077 5870 4571 
8799 4215 4593 3779 
8800 1283 7890 1257 
8801 7676 7759 5890 
8802 1864 1865 1862 
8803 2862 7895 7894 
8804 8509 8534 4242 
8805 7852 7853 4607 
8806 3756 8382 4011 
8807 3134 8568 3094 
8808 1313 1314 1312 
8809 5173 8010 2976 
8810 5908 8575 7877 
8811 3104 3105 3101 
8812 3086 3087 3084 
8813 5143 5886 5144 
8814 1785 7874 1786 
8815 2845 2846 2844 
8816 7981 8383 7991 
8817 1376 1377 1375 
8818 7485 7486 5856 
8819 2946 8375 2942 
8820 7902 8016 5153 
8821 3771 3772 3758 
8822 5894 7515 5895 
8823 2877 5213 3775 
8824 4215 7872 5950 
8825 1786 1789 1788 
8826 5911 8490 8466 
8827 2862 7894 1261 
8828 1833 8517 1834 
8829 4557 8548 3763 
8830 2854 4206 3755 
8831 172 8171 171 
8832 590 8171 172 
8833 7763 7765 7762 
8834 2844 7999 1312 
8835 5882 7965 5078 
8836 2864 5137 2860 
8837 2865 2866 2864 
8838 1774 7888 1777 
8839 7782 8558 8457 
8840 1342 1343 1341 
8841 1896 1897 1894 
8842 2835 7942 2843 
8843 1789 1790 1788 
8844 4564 5078 4563 
8845 3478 3779 3003 
8846 7927 7977 7926 
8847 1379 1382 1381 
8848 1812 1814 1813 
8849 7435 7762 5871 
8850 4379 4878 4877 
8851 4210 5108 3772 
8852 3776 8409 3042 
8853 2856 5133 2852 
8854 1796 1799 1798 
8855 1860 1861 1858 
8856 2867 2868 2866 
8857 2854 7848 4206 
8858 1337 8426 1339 
8859 3782 3783 3596 
8860 2863 2864 2860 
8861 8154 8155 689 
8862 1874 1875 1872 
8863 1321 1323 1322 
8864 1314 2844 1312 
8865 1311 1312 1309 
8866 2894 3768 2893 
8867 7888 8718 1777 
8868 1368 1369 1367 
8869 1808 1810 1809 
8870 8290 8291 571 
8871 1220 7992 1222 
8872 7662 7664 7661 
8873 5122 8641 7883 
8874 2757 2761 2758 
8875 1822 1824 1823 
8876 3793 8453 7967 
8877 1277 7950 7946 
8878 3093 5245 3132 
8879 7930 7977 7927 
8880 5219 7999 2844 
8881 5921 8571 7919 
8882 2901 7962 7961 
8883 562 8162 8161 
8884 4240 4607 3846 
8885 2890 2893 2889 
8886 2847 2848 2846 
8887 4011 5143 4576 
8888 1335 8331 1334 
8889 7950 7951 7949 
8890 8048 8324 8052 
8891 2849 2850 2848 
8892 1804 1806 1805 
8893 7937 7938 7936 
8894 7967 7997 7915 
8895 1761 7921 2245 
8896 5884 7679 5118 
8897 5894 5895 4566 
8898 2942 7990 2936 
8899 2833 7942 2835 
8900 8594 8691 4020 
8901 3849 7828 4606 
8902 170 8173 754 
8903 2785 2788 2786 
8904 7954 7955 7953 
8905 2813 2815 2814 
8906 7951 7954 7953 
8907 7904 8495 7905 
8908 1307 1308 1305 
8909 8052 8324 8051 
8910 1844 1845 1842 
8911 4028 4246 3855 
8912 3849 4238 4026 
8913 4624 7852 4240 
8914 5056 7440 5830 
8915 3835 7910 4568 
8916 8065 8067 8066 
8917 5132 7878 5908 
8918 2839 3851 2840 
8919 1222 7992 1227 
8920 3773 7849 3758 
8921 1344 8622 8541 
8922 3040 8892 8830 
8923 5289 5857 4555 
8924 7800 7805 7801 
8925 1826 1828 1827 
8926 1304 7879 1301 
8927 4215 5950 5129 
8928 2886 2889 2887 
8929 7853 7854 4607 
8930 7908 7909 7907 
8931 8003 8344 2160 
8932 4222 8007 7892 
8933 7546 7547 7533 
8934 2999 8459 4235 
8935 5934 8557 7920 
8936 1292 2882 2881 
8937 2884 2886 2885 
8938 2882 2884 2883 
8939 5091 5894 4566 
8940 8553 8667 5242 
8941 4570 4571 4006 
8942 7973 8344 8003 
8943 2940 7979 2944 
8944 1763 7870 1764 
8945 3837 7906 3839 
8946 3813 7935 4590 
8947 2837 2839 2838 
8948 7892 7986 4222 
8949 4235 7865 4621 
8950 1303 1304 1301 
8951 7844 8590 5137 
8952 7991 8383 1227 
8953 1754 8560 8545 
8954 5945 5946 4624 
8955 4240 7852 4607 
8956 4206 4555 3755 
8957 1339 8426 1342 
8958 8582 8674 4608 
8959 2745 3731 2746 
8960 2840 7881 2842 
8961 4239 7927 7926 
8962 1796 7846 1799 
8963 1293 7851 1292 
8964 7520 8625 5864 
8965 5273 7561 5867 
8966 2986 7916 2980 
8967 2839 2840 2838 
8968 1214 7961 5149 
8969 2890 2894 2893 
8970 1299 1300 1297 
8971 2711 2714 2713 
8972 146 8126 145 
8973 4217 5132 4594 
8974 8171 8173 171 
8975 5109 7506 5108 
8976 4238 4631 4630 
8977 4582 5949 3851 
8978 8250 8251 8245 
8979 3007 7993 5172 
8980 8199 8200 8197 
8981 4207 5273 4561 
8982 1295 1296 1293 
8983 2878 3764 2874 
8984 1759 7921 1761 
8985 1768 1771 1770 
8986 1301 7879 1300 
8987 7865 7866 4621 
8988 5214 5217 5216 
8989 7955 7956 7953 
8990 2835 2837 2836 
8991 3811 7931 3809 
8992 7912 7914 7913 
8993 1767 8350 1768 
8994 2833 2835 2834 
8995 7951 7952 7949 
8996 1782 1785 1784 
8997 7970 8645 7969 
8998 1785 1786 1784 
8999 4239 7926 3807 
9000 2837 2838 2836 
9001 4610 7919 7916 
9002 1354 1355 1353 
9003 8202 8203 583 
9004 4622 5916 5236 
9005 2886 2890 2889 
9006 3004 8427 7482 
9007 5941 5942 5132 
9008 1778 1781 1780 
9009 1356 7972 1353 
9010 1296 7851 1293 
9011 2869 8467 7844 
9012 5125 7847 5819 
9013 3780 7872 4215 
9014 1815 8462 1816 
9015 5886 7943 5144 
9016 3754 7876 4004 
9017 1764 1767 1766 
9018 2830 2833 2832 
9019 5143 5144 4576 
9020 1772 7888 1774 
9021 7916 8444 2980 
9022 2887 7880 2891 
9023 2882 5162 2884 
9024 4556 4566 3760 
9025 3054 3056 3055 
9026 4633 4634 4246 
9027 3032 3849 3590 
9028 5077 8369 5870 
9029 5855 5856 4553 
9030 596 8250 8236 
9031 7882 8658 5926 
9032 8660 8686 7830 
9033 1767 1768 1766 
9034 2881 8001 1290 
9035 1311 1313 1312 
9036 1291 1292 1290 
9037 1819 2813 2780 
9038 1307 1309 1308 
9039 1771 1772 1770 
9040 2886 8017 2890 
9041 5942 7878 5132 
9042 3478 3780 3779 
9043 4214 4582 3851 
9044 4023 4217 3786 
9045 2835 2836 2834 
9046 3846 7855 3017 
9047 1781 1782 1780 
9048 8066 8067 681 
9049 4551 5056 4552 
9050 1219 7961 1214 
9051 5162 8017 2884 
9052 2982 4221 2984 
9053 5147 8001 2881 
9054 2882 2883 2881 
9055 7924 8508 5915 
9056 8198 8199 8197 
9057 7958 7959 7901 
9058 173 8274 590 
9059 174 8274 173 
9060 2893 5141 2889 
9061 3779 8434 3003 
9062 1777 1778 1776 
9063 5117 5917 4582 
9064 7884 8672 7885 
9065 2833 2834 2832 
9066 5132 5908 4594 
9067 2827 2828 2826 
9068 4228 7979 2940 
9069 2890 8017 4216 
9070 1350 1351 1349 
9071 2891 4207 3766 
9072 2891 7880 4207 
9073 3044 8347 5208 
9074 1291 1293 1292 
9075 4217 4594 3786 
9076 1292 2881 1290 
9077 1257 7890 1255 
9078 2245 2826 1763 
9079 1295 1297 1296 
9080 1800 1802 1801 
9081 2861 8584 7782 
9082 2862 7995 7896 
9083 8570 8646 3795 
9084 7619 7620 7580 
9085 7855 8482 3013 
9086 2926 8431 7989 
9087 1820 1821 1818 
9088 5153 8016 2914 
9089 7975 8460 3799 
9090 1774 1777 1776 
9091 1303 1305 1304 
9092 200 8066 681 
9093 8060 8062 8061 
9094 682 8199 8198 
9095 8592 8603 1765 
9096 2826 7870 1763 
9097 5223 5921 4610 
9098 2761 3742 2762 
9099 1790 1792 1791 
9100 7896 7995 7900 
9101 7961 7962 5149 
9102 5117 8005 5917 
9103 2884 2885 2883 
9104 1289 1290 1287 
9105 3449 3855 3052 
9106 2886 2887 2885 
9107 2862 7896 7895 
9108 7946 7948 7947 
9109 2829 2830 2828 
9110 2872 2880 2876 
9111 8247 8250 8245 
9112 8195 8197 8196 
9113 1757 7925 4224 
9114 1697 7980 5158 
9115 1794 1796 1795 
9116 7933 7934 7932 
9117 5134 7969 7882 
9118 7898 7899 7897 
9119 2830 2832 2828 
9120 3484 3786 2930 
9121 4217 7922 5941 
9122 1261 7894 1259 
9123 1316 1317 1315 
9124 2863 2865 2864 
9125 1309 7999 1308 
9126 8061 8062 594 
9127 1277 7946 7945 
9128 2865 2867 2866 
9129 2830 7941 4013 
9130 7896 7897 7895 
9131 2815 2817 2816 
9132 3797 7966 3798 
9133 5142 7920 5912 
9134 1285 1286 1282 
9135 7910 7911 7908 
9136 7784 8581 8497 
9137 1793 2863 2860 
9138 1763 1764 1762 
9139 8195 8198 8197 
9140 7776 7779 5139 
9141 5921 7919 4610 
9142 1313 8343 1316 
9143 2867 2870 2868 
9144 1852 1853 1850 
9145 8244 8249 8246 
9146 4572 5893 5892 
9147 3064 3065 3063 
9148 1761 1763 1762 
9149 3041 3042 3039 
9150 3058 5121 2723 
9151 4229 7904 4614 
9152 598 8072 8071 
9153 3762 8337 4009 
9154 4568 7910 7908 
9155 2817 2819 2818 
9156 5893 7592 5892 
9157 1299 1301 1300 
9158 4589 7939 7937 
9159 1210 7964 1212 
9160 5095 8839 8756 
9161 1281 7950 1278 
9162 5903 7826 7771 
9163 2245 2827 2826 
9164 4224 7921 1759 
9165 4609 4610 4021 
9166 1259 1283 1257 
9167 201 8066 200 
9168 2840 2842 2841 
9169 1280 1281 1278 
9170 7890 7891 2859 
9171 1276 1277 1274 
9172 2805 2808 2806 
9173 8236 8250 8237 
9174 8419 8432 5185 
9175 1210 8396 7964 
9176 1757 1759 1758 
9177 4021 7916 2986 
9178 5273 5867 4561 
9179 1759 1761 1760 
9180 7742 7811 5902 
9181 8506 8547 1304 
9182 2928 8415 4229 
9183 7904 7905 4614 
9184 3800 7975 3799 
9185 7896 7898 7897 
9186 2978 8010 2982 
9187 7903 8522 5221 
9188 203 8061 594 
9189 7951 7953 7952 
9190 4566 7864 3760 
9191 2896 7973 2898 
9192 4219 5142 4595 
9193 556 8278 8277 
9194 7906 7907 5893 
9195 2877 3775 2873 
9196 2216 7980 1697 
9197 8360 8552 7956 
9198 1255 7890 2859 
9199 5159 8367 2858 
9200 1255 2859 1252 
9201 4207 4561 3766 
9202 4217 5941 5132 
9203 1786 1788 1787 
9204 4013 7942 2833 
9205 1266 7995 1263 
9206 1311 8343 1313 
9207 5138 5139 4583 
9208 1274 7945 1273 
9209 1263 2862 1261 
9210 2944 7979 2949 
9211 5933 5934 5142 
9212 4610 7916 4021 
9213 8240 8249 8244 
9214 1346 1347 1345 
9215 1259 7894 1283 
9216 2810 5104 5103 
9217 5144 7943 5858 
9218 2701 7670 2699 
9219 8195 8196 581 
9220 5091 7517 5894 
9221 5912 8515 7960 
9222 3034 5130 2750 
9223 1856 1857 1854 
9224 4235 4621 4620 
9225 4390 8338 5259 
9226 1272 1273 1270 
9227 596 8251 8250 
9228 8010 8011 4221 
9229 1278 7950 1277 
9230 4533 5067 4540 
9231 1270 7957 1269 
9232 7660 7661 7659 
9233 7946 7949 7948 
9234 598 8071 208 
9235 8063 8065 8064 
9236 4556 5091 4566 
9237 1228 8363 1223 
9238 5934 7920 5142 
9239 1231 2901 1229 
9240 2829 7941 2830 
9241 2827 2829 2828 
9242 3777 8335 7591 
9243 1248 7987 1245 
9244 1277 7945 1274 
9245 7946 7947 7945 
9246 1761 2245 1763 
9247 5142 5912 4595 
9248 3071 5171 3073 
9249 7928 7929 7927 
9250 3004 7482 5094 
9251 4216 5118 2894 
9252 1820 8580 1822 
9253 2850 2854 2851 
9254 4609 5223 4610 
9255 3798 7966 3831 
9256 2830 4013 2833 
9257 4022 4219 3789 
9258 4239 7928 7927 
9259 1268 1269 1266 
9260 7926 7977 4600 
9261 1289 1291 1290 
9262 1757 4224 1759 
9263 2842 8335 3777 
9264 1268 1270 1269 
9265 4219 4595 3789 
9266 7468 8416 4560 
9267 8240 8244 8243 
9268 2942 8375 7990 
9269 1285 1287 1286 
9270 4023 7922 4217 
9271 2835 2843 2837 
9272 1272 1274 1273 
9273 3767 8381 3793 
9274 7997 7998 7914 
9275 1753 7925 1757 
9276 7795 7796 4617 
9277 180 8316 179 
9278 736 8316 180 
9279 2839 4214 3851 
9280 1764 1766 1765 
9281 8543 8567 7866 
9282 1280 1282 1281 
9283 8063 8064 594 
9284 7798 8428 3778 
9285 8236 8323 596 
9286 3831 4567 3833 
9287 1753 1757 1756 
9288 5067 7363 5853 
9289 208 8071 207 
9290 2999 4235 3001 
9291 8062 8063 594 
9292 1751 7925 1753 
9293 2898 7973 3434 
9294 3839 7906 4572 
9295 8007 8341 7892 
9296 1789 8400 1790 
9297 1682 8002 1239 
9298 3484 4023 3786 
9299 2902 7981 2904 
9300 1320 1321 1319 
9301 5265 7872 3780 
9302 4024 4240 3846 
9303 1273 7957 1270 
9304 3831 7966 4567 
9305 2902 8383 7981 
9306 4601 7969 5134 
9307 8058 8059 8057 
9308 1287 8001 1286 
9309 3434 5157 3445 
9310 5138 7776 5139 
9311 2957 8341 8007 
9312 3724 4192 3991 
9313 1772 1774 1773 
9314 4219 7974 5933 
9315 7839 8485 2853 
9316 1743 4223 1745 
9317 3056 3476 3475 
9318 350 8304 349 
9319 689 8304 350 
9320 1235 2257 1233 
9321 3015 3425 3424 
9322 2970 3789 2946 
9323 2828 8000 2826 
9324 1761 1762 1760 
9325 3017 7855 3013 
9326 4623 4624 4240 
9327 7676 8443 7827 
9328 3807 7926 3805 
9329 373 8187 372 
9330 1796 1798 1797 
9331 1229 7961 1219 
9332 8044 8328 729 
9333 5221 7862 5220 
9334 2854 3755 2855 
9335 1212 7964 1743 
9336 5944 5945 4624 
9337 7964 7978 4223 
9338 1759 1760 1758 
9339 3434 7973 5157 
9340 4600 7976 7975 
9341 5163 8406 2917 
9342 3805 4600 3803 
9343 3809 4239 3807 
9344 1768 1770 1769 
9345 6358 6359 6341 
9346 8232 8233 8231 
9347 2895 7941 2829 
9348 2767 8701 2749 
9349 1757 1758 1756 
9350 1747 2861 1749 
9351 4214 5117 4582 
9352 1276 1278 1277 
9353 4604 5220 4603 
9354 3445 7963 5191 
9355 204 8061 203 
9356 5119 5884 5118 
9357 1256 1257 1255 
9358 376 8075 375 
9359 5915 7887 5222 
9360 5908 7877 7812 
9361 1253 1255 1252 
9362 348 8305 606 
9363 4572 5892 4573 
9364 1258 1259 1257 
9365 1223 8363 3005 
9366 5921 8592 8571 
9367 2808 3753 2809 
9368 3842 4603 4017 
9369 8057 8060 8056 
9370 3813 4590 3811 
9371 5864 7468 4560 
9372 8069 8070 8058 
9373 8244 8246 8245 
9374 3835 4568 3837 
9375 4600 7977 7976 
9376 1205 8013 1203 
9377 4229 4614 4613 
9378 3470 3471 3105 
9379 4009 8337 4615 
9380 3018 4220 2280 
9381 5885 7688 5884 
9382 1743 7964 4223 
9383 1793 8400 2863 
9384 2857 3771 3758 
9385 3805 7926 4600 
9386 343 8202 583 
9387 344 8202 343 
9388 1245 7987 1243 
9389 1336 1337 1335 
9390 4219 5933 5142 
9391 3803 7975 3800 
9392 3789 8375 2946 
9393 187 8055 669 
9394 188 8055 187 
9395 1834 1835 1832 
9396 8835 8915 4029 
9397 3777 7591 4586 
9398 4615 5940 5939 
9399 1260 1261 1259 
9400 4603 7968 4611 
9401 5134 7882 5926 
9402 3845 8432 8419 
9403 1198 8412 7694 
9404 4572 7906 5893 
9405 3842 8016 4604 
9406 5252 5524 5523 
9407 3524 3846 3017 
9408 3817 4589 3815 
9409 8304 8305 349 
9410 1265 1266 1263 
9411 3487 3488 3042 
9412 5157 7963 3445 
9413 4726 5358 4858 
9414 1332 1333 1331 
9415 7929 7930 7927 
9416 4604 5221 5220 
9417 8593 8670 3829 
9418 1239 8002 1237 
9419 3842 4604 4603 
9420 4604 8016 7902 
9421 1918 1919 1916 
9422 4226 8366 8342 
9423 8041 8042 8040 
9424 2912 5153 2914 
9425 2916 3842 3458 
9426 7900 7901 7898 
9427 1262 1263 1261 
9428 1324 1325 1323 
9429 2887 2891 2888 
9430 8241 8242 8239 
9431 5176 8009 7971 
9432 760 8323 8232 
9433 2280 7980 2216 
9434 672 8057 8056 
9435 369 8458 586 
9436 8306 8458 370 
9437 3044 5208 3046 
9438 8232 8235 8233 
9439 5176 7969 4601 
9440 2896 8344 7973 
9441 2928 4229 3406 
9442 4060 4061 3465 
9443 2989 8007 4222 
9444 2904 7981 2912 
9445 3464 3465 3065 
9446 1247 1248 1245 
9447 337 8198 8195 
9448 338 8198 337 
9449 682 8198 338 
9450 8246 8247 8245 
9451 8233 8234 8231 
9452 4022 7974 4219 
9453 5152 5222 5151 
9454 4390 5259 4618 
9455 4218 8009 5176 
9456 2901 7961 1229 
9457 1778 1780 1779 
9458 4220 8433 7980 
9459 7981 7991 5153 
9460 3029 3030 3026 
9461 7982 7984 7983 
9462 8051 8324 729 
9463 1230 1231 1229 
9464 5152 5915 5222 
9465 8039 8050 8038 
9466 3742 4202 4000 
9467 562 8160 353 
9468 352 8160 8154 
9469 3839 4572 3841 
9470 3075 3078 3077 
9471 4600 7975 3803 
9472 1251 1252 1249 
9473 4218 5176 4601 
9474 5176 7970 7969 
9475 2970 4022 3789 
9476 2971 8359 8008 
9477 4222 8009 3787 
9478 1837 8517 2781 
9479 1312 7999 1309 
9480 2949 8014 2951 
9481 4570 5077 4571 
9482 2897 8320 2169 
9483 3821 4591 3819 
9484 3843 5151 5150 
9485 5220 7968 4603 
9486 3809 7931 4239 
9487 5213 5214 3775 
9488 3469 8332 2911 
9489 5912 7960 7841 
9490 5880 8005 5117 
9491 2912 7981 5153 
9492 3056 8443 3785 
9493 1338 8331 1335 
9494 8257 8258 759 
9495 1263 7995 2862 
9496 5922 8554 8433 
9497 2919 8569 8546 
9498 3843 5152 5151 
9499 1241 1682 1239 
9500 672 8069 8058 
9501 5926 7884 5927 
9502 8040 8050 8039 
9503 760 8232 8231 
9504 5134 5926 5260 
9505 5929 7996 4626 
9506 8047 8049 8046 
9507 8448 8474 8013 
9508 6358 6360 6359 
9509 3825 3827 3823 
9510 8045 8046 8043 
9511 1819 8462 2813 
9512 6341 8326 6184 
9513 672 8058 8057 
9514 2989 4222 3787 
9515 4626 7996 3852 
9516 1208 8013 1205 
9517 4603 4611 4017 
9518 1800 1801 1798 
9519 7982 7983 5155 
9520 4601 5134 4625 
9521 3932 3933 3532 
9522 8239 8240 8238 
9523 760 8231 8230 
9524 3531 3532 3030 
9525 1313 1316 1315 
9526 1328 1329 1327 
9527 1782 1784 1783 
9528 5151 7982 5155 
9529 3425 8372 3782 
9530 2951 3843 2953 
9531 8232 8323 8236 
9532 8245 8251 761 
9533 3842 4017 3458 
9534 4011 4576 4575 
9535 2891 3766 2892 
9536 5895 7864 4566 
9537 1774 1776 1775 
9538 8243 8244 761 
9539 7912 7915 7914 
9540 8041 8043 8042 
9541 2840 2841 2838 
9542 1290 8001 1287 
9543 3787 4218 3788 
9544 3491 8008 5161 
9545 4218 4601 4244 
9546 1294 1295 1293 
9547 7979 8014 2949 
9548 2281 3018 2280 
9549 3048 3054 3053 
9550 3425 3596 3595 
9551 3019 3799 3018 
9552 7973 8003 5157 
9553 8240 8243 8238 
9554 5169 8413 5167 
9555 2989 3787 2990 
9556 5549 7917 5169 
9557 2974 8325 5173 
9558 594 8064 202 
9559 202 8064 201 
9560 762 8253 8252 
9561 2911 8332 5189 
9562 1310 1311 1309 
9563 8252 8253 8241 
9564 8342 8366 8008 
9565 609 8241 8239 
9566 612 8040 8039 
9567 8244 8245 761 
9568 4608 4609 4021 
9569 1214 5149 1208 
9570 4220 7980 2280 
9571 556 8277 196 
9572 196 8277 195 
9573 8405 8423 5533 
9574 7869 8014 7979 
9575 5280 5929 4626 
9576 612 8041 8040 
9577 1848 1849 1846 
9578 312 8034 311 
9579 1254 8597 8588 
9580 609 8239 8238 
9581 1697 5158 1687 
9582 1267 1268 1266 
9583 655 8033 8031 
9584 4333 4334 4061 
9585 2914 8016 2916 
9586 1298 1299 1297 
9587 1232 1233 1231 
9588 4213 7857 3783 
9589 2957 8007 2959 
9590 199 8073 198 
9591 2900 8320 2897 
9592 681 8073 199 
9593 3062 3063 3060 
9594 5222 7982 5151 
9595 5149 8013 1208 
9596 7939 7940 7937 
9597 3920 8322 3418 
9598 7742 8372 7873 
9599 5855 7485 5856 
9600 3783 5254 3784 
9601 171 8173 170 
9602 7869 7924 5915 
9603 212 8039 8038 
9604 1225 1229 1219 
9605 5242 5931 5223 
9606 3843 8014 5152 
9607 609 8252 8241 
9608 3007 5172 3009 
9609 3804 3805 3803 
9610 3806 3807 3805 
9611 8663 8690 3844 
9612 4019 4021 2986 
9613 8064 8066 201 
9614 2982 8010 4221 
9615 8321 8390 8320 
9616 5217 5887 5216 
9617 5237 5247 2900 
9618 2938 8404 4228 
9619 5151 5155 5150 
9620 730 8034 312 
9621 5078 7965 5845 
9622 1271 1272 1270 
9623 3038 3039 3036 
9624 3843 5150 2953 
9625 2831 2895 2829 
9626 2959 2989 2961 
9627 2959 8007 2989 
9628 729 8328 215 
9629 3021 5140 2765 
9630 4590 7935 7933 
9631 281 8230 8229 
9632 5144 5858 5145 
9633 8045 8047 8046 
9634 7902 7903 5221 
9635 2863 8400 5196 
9636 2273 2280 2216 
9637 655 8031 8030 
9638 205 8056 204 
9639 672 8056 205 
9640 5207 8333 8332 
9641 1247 1249 1248 
9642 652 8052 8051 
9643 1275 1276 1274 
9644 5247 8321 8320 
9645 2884 8017 2886 
9646 7931 7932 7928 
9647 206 8069 672 
9648 207 8069 206 
9649 3808 3809 3807 
9650 5914 7808 7807 
9651 2982 2984 2983 
9652 8031 8032 8029 
9653 4233 8018 5207 
9654 2971 8008 3491 
9655 4238 4630 4026 
9656 8254 8255 619 
9657 2843 8401 2837 
9658 612 8328 8041 
9659 207 8071 8069 
9660 211 8038 728 
9661 212 8038 211 
9662 2964 8319 2962 
9663 4211 4583 2895 
9664 5115 5138 4583 
9665 3787 8009 4218 
9666 2992 5148 2812 
9667 2834 5135 2832 
9668 3491 5161 4331 
9669 1808 1809 1806 
9670 8041 8328 8044 
9671 3802 3803 3800 
9672 8236 8237 8235 
9673 8225 8228 8227 
9674 2938 4228 2940 
9675 761 8251 286 
9676 286 8251 285 
9677 8259 8260 661 
9678 285 8251 596 
9679 1234 1235 1233 
9680 1743 1745 1744 
9681 2944 2949 2948 
9682 4615 8337 5940 
9683 322 8035 726 
9684 323 8035 322 
9685 655 8030 310 
9686 4233 5207 4230 
9687 7871 8350 1767 
9688 1306 1307 1305 
9689 3428 8423 8405 
9690 1251 1253 1252 
9691 281 8229 280 
9692 280 8229 607 
9693 2951 8014 3843 
9694 5152 8014 7869 
9695 3787 3788 2990 
9696 8238 8243 288 
9697 288 8243 287 
9698 287 8243 761 
9699 3756 4011 4010 
9700 7935 7936 7933 
9701 279 8256 278 
9702 607 8256 279 
9703 3849 4026 3590 
9704 4016 5163 2917 
9705 4789 8322 3920 
9706 1892 1893 1890 
9707 563 8036 324 
9708 735 8317 327 
9709 327 8317 326 
9710 6360 8004 6359 
9711 3011 3015 3014 
9712 8056 8061 204 
9713 7861 8428 7801 
9714 2912 2914 2913 
9715 1256 1258 1257 
9716 1198 7694 1200 
9717 2839 8401 4214 
9718 3810 3811 3809 
9719 7915 7997 7914 
9720 277 8257 759 
9721 5926 5927 5260 
9722 7896 7900 7898 
9723 5259 5937 4618 
9724 8028 8029 8023 
9725 8332 8333 5189 
9726 762 8252 291 
9727 290 8252 609 
9728 291 8252 290 
9729 5134 5260 4625 
9730 323 8036 8035 
9731 4601 4625 4244 
9732 8023 8024 8022 
9733 2916 8016 3842 
9734 7884 7885 5927 
9735 310 8030 309 
9736 3002 3003 2997 
9737 5892 8340 4573 
9738 5254 8436 5255 
9739 5187 8474 8448 
9740 2949 2951 2950 
9741 8256 8257 278 
9742 5867 7563 5868 
9743 4218 4244 3788 
9744 2989 2990 2961 
9745 698 8225 8224 
9746 5247 8320 2900 
9747 1236 1237 1235 
9748 3771 4210 3772 
9749 1253 1256 1255 
9750 701 8028 8023 
9751 1745 1747 1746 
9752 5176 7971 7970 
9753 1288 1289 1287 
9754 1751 1753 1752 
9755 8225 8227 8226 
9756 4230 8332 3469 
9757 213 8039 212 
9758 612 8039 213 
9759 5148 8343 2812 
9760 349 8305 348 
9761 701 8023 8022 
9762 5631 5632 4789 
9763 1790 1791 1788 
9764 2967 8319 2964 
9765 2914 2916 2915 
9766 7921 8352 2245 
9767 1749 1751 1750 
9768 4208 5089 5088 
9769 6231 8354 5181 
9770 2972 8384 8377 
9771 6230 6231 5181 
9772 1764 1765 1762 
9773 282 8230 281 
9774 760 8230 282 
9775 3812 3813 3811 
9776 8225 8226 8224 
9777 4229 4613 3406 
9778 8060 8061 8056 
9779 3445 5191 4083 
9780 2934 5164 2932 
9781 293 8262 292 
9782 292 8262 762 
9783 1687 8363 1228 
9784 3434 3445 3444 
9785 729 8324 8044 
9786 1753 1756 1755 
9787 8022 8026 8025 
9788 2909 8327 2907 
9789 5168 5169 5167 
9790 5161 8015 4331 
9791 5191 5935 5192 
9792 8044 8045 8043 
9793 3605 5165 2967 
9794 311 8034 655 
9795 1284 1285 1282 
9796 4572 4573 3841 
9797 2903 8349 1684 
9798 8071 8072 8070 
9799 1804 1805 1802 
9800 6359 8326 6341 
9801 1812 1813 1810 
9802 5166 5167 5165 
9803 2842 3777 2841 
9804 8030 8031 8029 
9805 2974 5173 2976 
9806 8024 8026 8022 
9807 1212 1743 1216 
9808 300 8208 299 
9809 299 8208 663 
9810 3786 8431 2930 
9811 596 8323 284 
9812 283 8323 760 
9813 701 8022 8021 
9814 4235 4620 3001 
9815 5165 8319 2967 
9816 8026 8027 8025 
9817 2945 2946 2942 
9818 1213 8378 1218 
9819 309 8028 308 
9820 308 8028 701 
9821 2951 2953 2952 
9822 8022 8025 8021 
9823 3814 3815 3813 
9824 2904 2912 2906 
9825 3816 3817 3815 
9826 5632 8322 4789 
9827 5548 5549 5169 
9828 3031 8480 3027 
9829 2943 8364 2939 
9830 8008 8359 8342 
9831 5858 7512 5859 
9832 215 8328 214 
9833 5150 8341 2953 
9834 5912 7841 4595 
9835 2929 2930 2926 
9836 324 8036 323 
9837 1258 1260 1259 
9838 1302 1303 1301 
9839 1279 1280 1278 
9840 278 8257 277 
9841 1747 1749 1748 
9842 5189 8327 2909 
9843 1230 1232 1231 
9844 5152 7869 5915 
9845 309 8030 8028 
9846 1768 1769 1766 
9847 8224 8226 781 
9848 4622 5236 4881 
9849 2916 3458 3457 
9850 2957 2959 2958 
9851 3818 3819 3817 
9852 655 8034 8033 
9853 1225 1230 1229 
9854 2281 3019 3018 
9855 307 8021 306 
9856 315 8037 615 
9857 216 8051 729 
9858 217 8051 216 
9859 316 8037 315 
9860 313 8314 730 
9861 571 8080 182 
9862 182 8080 181 
9863 314 8314 313 
9864 669 8298 186 
9865 289 8238 288 
9866 272 8259 271 
9867 186 8298 185 
9868 276 8261 275 
9869 296 8254 295 
9870 61 8313 60 
9871 606 8098 347 
9872 347 8098 346 
9873 190 8053 572 
9874 776 8290 184 
9875 752 8313 61 
9876 701 8021 307 
9877 155 8147 743 
9878 191 8053 190 
9879 351 8154 689 
9880 161 8078 160 
9881 739 8053 191 
9882 445 8088 623 
9883 295 8254 619 
9884 275 8261 617 
9885 271 8259 661 
9886 166 8295 737 
9887 156 8147 155 
9888 652 8051 217 
9889 570 8179 163 
9890 136 8177 135 
9891 163 8179 162 
9892 167 8295 166 
9893 446 8088 445 
9894 443 8178 756 
9895 193 8315 192 
9896 441 8175 566 
9897 734 8078 161 
9898 442 8175 441 
9899 176 8076 740 
9900 135 8177 568 
9901 742 8177 136 
9902 85 8183 580 
9903 126 8130 125 
9904 86 8183 85 
9905 434 8180 567 
9906 435 8180 434 
9907 737 8149 165 
9908 757 8254 296 
9909 444 8178 443 
9910 105 8282 104 
9911 125 8130 624 
9912 328 8054 735 
9913 138 8275 137 
9914 187 669 186 
9915 185 776 184 
9916 423 8081 422 
9917 380 557 379 
9918 564 8091 455 
9919 127 8287 765 
9920 622 8081 423 
9921 181 736 180 
9922 160 8078 675 
9923 166 737 165 
9924 155 743 154 
9925 378 732 377 
9926 382 733 381 
9927 181 8080 736 
9928 304 778 303 
9929 395 8191 394 
9930 397 8129 396 
9931 399 8297 398 
9932 333 687 332 
9933 77 8211 584 
9934 124 8292 123 
9935 81 8213 630 
9936 177 8076 176 
9937 299 663 298 
9938 170 754 169 
9939 132 674 131 
9940 160 675 159 
9941 623 8178 444 
9942 425 8150 424 
9943 78 8211 77 
9944 431 676 430 
9945 452 677 451 
9946 459 741 458 
9947 354 562 353 
9948 127 765 126 
9949 203 594 202 
9950 106 748 105 
9951 108 575 107 
9952 114 576 113 
9953 120 577 119 
9954 297 757 296 
9955 82 8213 81 
9956 609 8238 289 
9957 426 763 425 
9958 197 556 196 
9959 302 696 301 
9960 402 680 401 
9961 750 8191 395 
9962 588 8129 397 
9963 632 8205 408 
9964 751 8272 410 
9965 698 8224 267 
9966 758 8259 272 
9967 266 781 265 
9968 295 619 294 
9969 424 8150 622 
9970 268 698 267 
9971 273 758 272 
9972 277 759 276 
9973 290 609 289 
9974 153 626 152 
9975 271 661 270 
9976 267 8224 266 
9977 283 760 282 
9978 287 761 286 
9979 137 8275 742 
9980 275 617 274 
9981 578 8181 67 
9982 292 762 291 
9983 285 596 284 
9984 756 8175 442 
9985 747 8088 446 
9986 422 8081 744 
9987 280 607 279 
9988 100 8288 99 
9989 748 8282 105 
9990 106 8220 748 
9991 565 8267 448 
9992 454 8091 727 
9993 210 8303 209 
9994 388 684 387 
9995 764 8288 100 
9996 346 8098 746 
9997 763 8150 425 
9998 455 8091 454 
9999 69 8302 68 
10000 668 8315 193 
10001 164 8149 570 
10002 394 8191 683 
10003 396 8129 750 
10004 398 8297 588 
10005 407 8205 775 
10006 409 8272 632 
10007 436 755 435 
10008 438 671 437 
10009 443 756 442 
10010 445 623 444 
10011 447 747 446 
10012 454 727 453 
10013 461 605 460 
10014 185 8298 776 
10015 123 8292 745 
10016 98 8281 97 
10017 473 573 472 
10018 151 8131 738 
10019 470 673 469 
10020 60 8313 589 
10021 448 8267 447 
10022 464 686 463 
10023 101 764 100 
10024 96 8279 95 
10025 97 8281 771 
10026 152 8131 151 
10027 95 8279 688 
10028 755 8180 435 
10029 626 8131 152 
10030 66 8181 753 
10031 87 770 86 
10032 95 688 94 
10033 97 771 96 
10034 60 589 59 
10035 62 752 61 
10036 64 628 63 
10037 66 753 65 
10038 67 8181 66 
10039 68 578 67 
10040 73 629 72 
10041 75 767 74 
10042 77 584 76 
10043 79 768 78 
10044 81 630 80 
10045 83 769 82 
10046 85 580 84 
10047 89 685 88 
10048 92 585 91 
10049 99 587 98 
10050 104 631 103 
10051 104 8282 631 
10052 70 766 69 
10053 129 558 128 
10054 142 559 141 
10055 135 568 134 
10056 157 569 156 
10057 164 570 163 
10058 183 571 182 
10059 190 572 189 
10060 200 681 199 
10061 428 560 427 
10062 441 566 440 
10063 449 565 448 
10064 467 561 466 
10065 771 8279 96 
10066 209 598 208 
10067 214 612 213 
10068 216 729 215 
10069 325 563 324 
10070 434 567 433 
10071 456 564 455 
10072 211 728 210 
10073 218 652 217 
10074 313 730 312 
10075 315 615 314 
10076 317 731 316 
10077 380 8099 557 
10078 311 655 310 
10079 221 694 220 
10080 557 8284 379 
10081 68 8302 578 
10082 770 8183 86 
10083 99 8288 587 
10084 223 777 222 
10085 162 8179 734 
10086 569 8147 156 
10087 670 8275 138 
10088 328 735 327 
10089 765 8130 126 
10090 410 8272 409 
10091 558 8287 128 
10092 329 8054 328 
10093 168 625 167 
10094 375 601 374 
10095 385 602 384 
10096 330 604 329 
10097 206 672 205 
10098 128 8287 127 
10099 400 8164 772 
10100 608 8076 177 
10101 194 668 193 
10102 731 8037 316 
10103 381 8099 380 
10104 728 8303 210 
10105 192 8315 739 
10106 192 739 191 
10107 401 8164 400 
10108 447 8267 747 
10109 88 8280 87 
10110 624 8292 124 
10111 137 742 136 
10112 139 670 138 
10113 162 734 161 
10114 87 8280 770 
10115 320 603 319 
10116 322 726 321 
10117 625 8295 167 
10118 575 8220 107 
10119 604 8054 329 
10120 308 701 307 
10121 209 8303 598 
10122 352 8154 351 
10123 733 8099 381 
10124 125 624 124 
10125 145 679 144 
10126 337 8195 336 
10127 151 738 150 
10128 178 608 177 
10129 176 740 175 
10130 424 622 423 
10131 685 8280 88 
10132 123 745 122 
10133 769 8213 82 
10134 587 8281 98 
10135 768 8211 78 
10136 351 689 350 
10137 422 744 421 
10138 766 8302 69 
10139 372 691 371 
10140 348 606 347 
10141 357 678 356 
10142 107 8220 106 
10143 111 692 110 
10144 117 693 116 
10145 148 593 147 
10146 173 590 172 
10147 346 746 345 
10148 266 8224 781 
10149 336 581 335 
10150 339 682 338 
10151 341 773 340 
10152 343 583 342 
10153 360 574 359 
10154 362 774 361 
10155 365 627 364 
10156 367 749 366 
10157 369 586 368 
10158 391 582 390 
10159 394 683 393 
10160 396 750 395 
10161 398 588 397 
10162 405 579 404 
10163 407 775 406 
10164 408 8205 407 
10165 409 632 408 
10166 411 751 410 
10167 413 591 412 
10168 416 690 415 
10169 419 592 418 
10170 165 8149 164 
10171 680 8164 401 
10172 400 772 399 
10173 772 8297 399 
10174 759 8261 276 
10175 184 8290 183 
10176 691 8306 371 
10177 378 8284 732 
10178 379 8284 378 
10179 754 8300 169 
10180 168 8300 625 
10181 615 8314 314 
10182 371 8306 370 
10183 169 8300 168 
10184 183 8290 571 
10185 336 8195 581 
10186 221 8318 694 
10187 222 8318 221 
10188 777 8318 222 
10189 3767 3793 3792 
10190 4894 8018 4233 
10191 3405 8399 2927 
10192 2273 2281 2280 
10193 3477 3478 3003 
10194 1265 1267 1266 
10195 5908 7812 4594 
10196 4350 5546 5545 
10197 4604 7902 5221 
10198 8028 8030 8029 
10199 1260 1262 1261 
10200 1696 8358 2215 
10201 3147 3148 3145 
10202 3853 4626 3852 
10203 3019 3800 3799 
10204 4349 8339 3542 
10205 2954 2957 2956 
10206 1221 8336 1217 
10207 2875 2878 2874 
10208 4239 7931 7928 
10209 2941 2942 2936 
10210 2890 4216 2894 
10211 3483 3484 2930 
10212 1794 1795 1792 
10213 3826 3852 3825 
10214 4093 4230 3469 
10215 3794 3797 3796 
10216 2871 2874 2870 
10217 4627 5280 4626 
10218 3778 8428 3030 
10219 4331 8015 5281 
10220 3820 3821 3819 
10221 7801 8428 7798 
10222 1262 1265 1263 
10223 4231 4233 4230 
10224 2996 2997 2994 
10225 5207 8332 4230 
10226 3824 3825 3823 
10227 2898 3434 3433 
10228 7892 8341 5150 
10229 8377 8384 5174 
10230 2921 5159 2858 
10231 3822 3823 3821 
10232 2978 2982 2981 
10233 2969 2970 2946 
10234 2949 2950 2948 
10235 2883 5147 2881 
10236 8069 8071 8070 
10237 4198 5070 5069 
10238 1268 1271 1270 
10239 4873 8339 4349 
10240 1772 1773 1770 
10241 4224 8521 7921 
10242 284 8323 283 
10243 214 8328 612 
10244 5903 7771 4593 
10245 5236 6163 6162 
10246 8353 8387 4225 
10247 2911 5189 2909 
10248 4075 4830 4829 
10249 5164 8329 2932 
10250 2879 3760 2878 
10251 8232 8236 8235 
10252 5167 8387 5165 
10253 8041 8044 8043 
10254 3804 3806 3805 
10255 5155 7986 7892 
10256 2215 8358 2272 
10257 3605 5166 5165 
10258 3802 3804 3803 
10259 1749 8457 1751 
10260 2959 2961 2960 
10261 1778 1779 1776 
10262 1838 1839 1836 
10263 4830 6306 5570 
10264 2907 8349 2903 
10265 4214 8401 5160 
10266 3537 8334 4075 
10267 5631 5633 5632 
10268 2963 2971 2965 
10269 3806 3808 3807 
10270 2951 2952 2950 
10271 6269 7994 6271 
10272 1816 1817 1814 
10273 5168 5548 5169 
10274 3005 8336 1221 
10275 4331 5281 4883 
10276 4830 5570 4829 
10277 2925 2926 2923 
10278 4093 4231 4230 
10279 8065 8066 8064 
10280 4848 4894 4233 
10281 4075 8334 4830 
10282 2971 3491 3490 
10283 1826 1827 1824 
10284 3025 3026 3023 
10285 3798 3831 3830 
10286 5166 5168 5167 
10287 3781 5265 3780 
10288 8045 8048 8047 
10289 1696 1697 1687 
10290 2953 2954 2952 
10291 3761 4556 3760 
10292 1683 1687 1228 
10293 2912 2913 2906 
10294 6186 6187 4841 
10295 1878 1879 1876 
10296 2914 2915 2913 
10297 3491 4331 4330 
10298 4019 4608 4021 
10299 2966 2967 2964 
10300 1238 1239 1237 
10301 7983 7986 5155 
10302 5162 8490 8017 
10303 5263 5961 5641 
10304 6230 6232 6231 
10305 4024 4623 4240 
10306 4076 4091 3545 
10307 3808 3810 3809 
10308 4872 4873 4349 
10309 4004 4563 4562 
10310 4234 5199 5154 
10311 3831 3833 3832 
10312 1232 1234 1233 
10313 2957 2958 2956 
10314 4350 8362 5546 
10315 4609 5242 5223 
10316 2272 4602 3419 
10317 3540 4622 4343 
10318 4829 4860 4076 
10319 2959 2960 2958 
10320 5155 7892 5150 
10321 2954 8341 2957 
10322 1234 1236 1235 
10323 8374 8425 3439 
10324 6331 6442 6330 
10325 2968 3605 2967 
10326 4093 4232 4231 
10327 5160 5880 5117 
10328 1291 1294 1293 
10329 3542 8364 2943 
10330 1317 1320 1319 
10331 8319 8387 8353 
10332 1758 2160 1756 
10333 8156 8159 8158 
10334 3537 8346 8334 
10335 4623 5944 4624 
10336 1223 3005 1221 
10337 1272 1275 1274 
10338 4075 4829 4076 
10339 1743 1744 1216 
10340 2887 2888 2885 
10341 1250 1251 1249 
10342 1786 1787 1784 
10343 3810 3812 3811 
10344 3826 3853 3852 
10345 3788 4226 2990 
10346 4017 4018 3458 
10347 4231 4848 4233 
10348 2827 2831 2829 
10349 4848 6331 6330 
10350 3853 4627 4626 
10351 4611 8330 4017 
10352 5174 5923 5618 
10353 3459 8362 2910 
10354 3468 4350 4092 
10355 8044 8324 8045 
10356 4092 4093 3469 
10357 4577 4579 4008 
10358 5548 6160 5549 
10359 1774 1775 1773 
10360 8045 8324 8048 
10361 1782 1783 1780 
10362 1745 1746 1744 
10363 5266 5952 5265 
10364 2966 3537 2968 
10365 5281 6206 4883 
10366 3816 3818 3817 
10367 5881 7680 5880 
10368 2910 8362 3468 
10369 2966 2968 2967 
10370 2971 3490 2965 
10371 6183 6184 5190 
10372 3812 3814 3813 
10373 4081 5174 4859 
10374 3824 3826 3825 
10375 6298 6384 6186 
10376 2891 2892 2888 
10377 4883 5177 4330 
10378 1218 8378 4234 
10379 4350 5545 4841 
10380 2944 2948 2947 
10381 3799 8451 3018 
10382 5607 5938 4745 
10383 3814 3816 3815 
10384 2916 3457 2915 
10385 5545 6298 6186 
10386 3491 4330 3490 
10387 2846 5219 2844 
10388 8327 8349 2907 
10389 3524 4024 3846 
10390 5255 8436 5263 
10391 4331 4883 4330 
10392 3468 3469 2911 
10393 4202 4559 4558 
10394 4075 4076 3545 
10395 3537 4075 3545 
10396 1236 1238 1237 
10397 3537 3545 2968 
10398 4788 4789 3920 
10399 2744 7725 2742 
10400 3822 3824 3823 
10401 2215 2216 1697 
10402 3818 3820 3819 
10403 7652 8574 7655 
10404 3833 3835 3834 
10405 4848 6330 4894 
10406 5545 6186 4841 
10407 3468 4092 3469 
10408 7851 8466 5162 
10409 4778 5654 4871 
10410 2965 2966 2964 
10411 6307 6308 5563 
10412 4225 5175 2955 
10413 5533 6216 6215 
10414 3820 3822 3821 
10415 4350 4841 4092 
10416 1751 1752 1750 
10417 6269 6271 6270 
10418 2963 2965 2964 
10419 1246 1247 1245 
10420 3605 5170 5166 
10421 2953 8341 2954 
10422 4850 5190 4129 
10423 5596 5631 4789 
10424 2940 2944 2943 
10425 6340 6341 6184 
10426 353 8160 352 
10427 4216 5119 5118 
10428 4210 5109 5108 
10429 5562 5563 5248 
10430 1747 1748 1746 
10431 1753 1755 1752 
10432 2908 3459 2910 
10433 5260 5928 4625 
10434 8495 8502 7905 
10435 2271 2273 2216 
10436 4871 6139 4779 
10437 2954 2956 2955 
10438 4324 5533 5532 
10439 1295 1298 1297 
10440 2941 2945 2942 
10441 1244 1245 1243 
10442 5158 8363 1687 
10443 5168 5658 5548 
10444 8008 8366 5161 
10445 2963 2964 2962 
10446 4587 5185 3847 
10447 4592 7742 5902 
10448 3835 3837 3836 
10449 4788 5597 5596 
10450 1240 1241 1239 
10451 1673 2902 1684 
10452 2831 4211 2895 
10453 1207 1208 1205 
10454 1683 1696 1687 
10455 7885 7886 5927 
10456 1749 1750 1748 
10457 5261 5262 5185 
10458 6187 8348 4841 
10459 1247 1250 1249 
10460 4093 8348 4232 
10461 4211 5115 4583 
10462 5182 5184 5183 
10463 2960 2963 2962 
10464 2960 2962 2958 
10465 2850 2851 2848 
10466 4778 4779 4627 
10467 2963 8359 2971 
10468 4871 6228 6139 
10469 5240 5248 5238 
10470 2961 8359 2960 
10471 1280 1284 1282 
10472 1242 1243 1241 
10473 2910 3468 2911 
10474 2954 2955 2952 
10475 2215 2272 2271 
10476 3801 3802 3800 
10477 6342 6358 6341 
10478 2902 2904 2903 
10479 2905 2907 2903 
10480 2938 2940 2939 
10481 4225 8413 5175 
10482 2990 8342 2961 
10483 8339 8364 3542 
10484 4091 8345 3545 
10485 3515 5237 2900 
10486 2956 4225 2955 
10487 4573 8340 5873 
10488 2854 2855 2851 
10489 5909 5910 4596 
10490 3848 5182 4588 
10491 4072 4241 3933 
10492 2968 8345 3605 
10493 2910 2911 2909 
10494 3837 3839 3838 
10495 5923 6200 5618 
10496 1696 2215 1697 
10497 2950 2972 2948 
10498 2904 2906 2905 
10499 1276 1279 1278 
10500 5140 8426 2765 
10501 4129 8399 3405 
10502 4092 8348 4093 
10503 5179 5181 4068 
10504 4573 5873 4574 
10505 8319 8353 2962 
10506 5255 5263 5257 
10507 2899 2900 2897 
10508 3853 4778 4627 
10509 4778 4871 4779 
10510 3458 8019 3457 
10511 4788 5596 4789 
10512 2272 8358 4602 
10513 2908 2909 2907 
10514 3445 4083 3444 
10515 4872 6316 4873 
10516 3434 3444 3433 
10517 1213 1214 1208 
10518 3545 8345 2968 
10519 5199 5922 5154 
10520 1267 8329 1268 
10521 4390 4618 4391 
10522 1196 2917 1194 
10523 4017 8330 4018 
10524 5586 6230 5181 
10525 3419 3921 3920 
10526 4028 4633 4246 
10527 3921 4788 3920 
10528 3839 3841 3840 
10529 5191 5192 4083 
10530 5873 7595 5874 
10531 5119 5885 5884 
10532 7989 8431 7812 
10533 4226 8342 2990 
10534 3754 4004 4003 
10535 5596 6476 5631 
10536 1222 1227 1226 
10537 1268 8329 1271 
10538 2958 8353 2956 
10539 4841 8348 4092 
10540 2945 2969 2946 
10541 7962 8448 5149 
10542 2273 3439 2281 
10543 5935 5936 5192 
10544 2966 8346 3537 
10545 4872 6317 6316 
10546 8698 8708 7610 
10547 2915 3906 2913 
10548 5178 5180 5179 
10549 5174 5618 4859 
10550 3605 8345 5170 
10551 2965 8346 2966 
10552 1244 1246 1245 
10553 3449 4028 3855 
10554 2904 2905 2903 
10555 3824 4404 3826 
10556 8322 8425 8374 
10557 1218 1219 1214 
10558 2908 2910 2909 
10559 2215 2271 2216 
10560 2272 3418 2271 
10561 3490 8346 2965 
10562 4883 8351 5177 
10563 3019 3801 3800 
10564 8441 8486 2836 
10565 3793 3794 3792 
10566 1206 1210 1209 
10567 7800 7801 7798 
10568 2272 3419 3418 
10569 1224 1225 1219 
10570 3468 8362 4350 
10571 2813 8462 5229 
10572 2902 2903 1684 
10573 3820 4366 3822 
10574 1285 1288 1287 
10575 1339 1342 1341 
10576 1830 1831 1828 
10577 1251 1254 1253 
10578 3801 5178 4068 
10579 5078 5845 5106 
10580 6206 8351 4883 
10581 2944 2947 2943 
10582 2905 2908 2907 
10583 1756 8344 1755 
10584 6204 6205 6203 
10585 2969 3923 2970 
10586 5867 5868 4561 
10587 5524 5600 5599 
10588 3528 4390 4389 
10589 1238 1240 1239 
10590 2940 2943 2939 
10591 2960 8359 2963 
10592 2948 8377 2947 
10593 4595 8375 3789 
10594 1202 5156 1204 
10595 5211 6269 6268 
10596 8342 8359 2961 
10597 3419 3920 3418 
10598 3785 8443 4638 
10599 2935 2938 2937 
10600 2956 8353 4225 
10601 8336 8370 1217 
10602 8019 8020 3457 
10603 1185 1188 1187 
10604 1210 1212 1211 
10605 5562 6307 5563 
10606 5144 5145 4576 
10607 1361 1364 1363 
10608 1242 1244 1243 
10609 3766 3767 2892 
10610 1673 1683 1228 
10611 2928 3406 3405 
10612 4778 8368 5654 
10613 1191 1192 1189 
10614 6216 6233 6215 
10615 1790 8400 1793 
10616 4248 4640 3069 
10617 5857 7867 4555 
10618 8387 8413 4225 
10619 5166 8361 5168 
10620 1755 8344 2896 
10621 2947 3542 2943 
10622 1180 4012 1183 
10623 1673 1684 1683 
10624 1240 1242 1241 
10625 3797 3798 3796 
10626 1822 1823 1821 
10627 5179 5586 5181 
10628 2931 2932 1267 
10629 3802 8354 3804 
10630 1225 1672 1230 
10631 1796 1797 1795 
10632 1212 1216 1215 
10633 1215 1217 1211 
10634 4018 8019 3458 
10635 7990 8375 7841 
10636 2924 2928 2927 
10637 2962 8353 2958 
10638 3775 8467 2873 
10639 3814 4351 3816 
10640 3801 4068 3802 
10641 3755 3756 2855 
10642 2952 8365 2950 
10643 4081 4859 4349 
10644 4081 4349 3542 
10645 3806 4101 3808 
10646 4859 4872 4349 
10647 5170 8361 5166 
10648 1211 8370 1209 
10649 5178 5179 4068 
10650 1242 1677 1244 
10651 2883 8360 5147 
10652 1256 2919 1258 
10653 3810 4325 3812 
10654 1288 2858 1289 
10655 5240 5562 5248 
10656 8322 8374 3418 
10657 5205 5206 5203 
10658 5168 8361 5658 
10659 1303 1306 1305 
10660 2947 4081 3542 
10661 1195 1198 1197 
10662 4015 4016 2917 
10663 1755 2896 2169 
10664 1190 4014 1193 
10665 4234 8378 5199 
10666 5533 6215 5532 
10667 2832 8000 2828 
10668 1226 1673 1228 
10669 1226 1228 1223 
10670 3831 3832 3830 
10671 5832 7382 5833 
10672 1222 1223 1221 
10673 5958 7857 4213 
10674 3515 5238 5237 
10675 1234 1676 1236 
10676 1220 1221 1217 
10677 2920 5188 2922 
10678 4081 8377 5174 
10679 2982 2983 2981 
10680 2933 2934 2932 
10681 1207 1213 1208 
10682 4814 4815 4241 
10683 5177 8393 4330 
10684 1212 1215 1211 
10685 5175 8365 2955 
10686 2931 5186 2933 
10687 2899 3515 2900 
10688 1744 4227 1216 
10689 1198 1200 1199 
10690 1213 1218 1214 
10691 3515 5239 5238 
10692 1218 1224 1219 
10693 4220 8577 8433 
10694 1218 4234 1224 
10695 1210 1211 1209 
10696 1260 1264 1262 
10697 2935 2936 2934 
10698 2925 2929 2926 
10699 2938 2939 2937 
10700 2972 8377 2948 
10701 1307 1310 1309 
10702 6340 6342 6341 
10703 2245 8352 2827 
10704 2837 8401 2839 
10705 6359 8562 8326 
10706 5185 8432 3847 
10707 2937 2941 2936 
10708 3833 3834 3832 
10709 1222 1226 1223 
10710 2896 2898 2897 
10711 3528 8338 4390 
10712 1220 1222 1221 
10713 5174 8384 5923 
10714 3826 8368 3853 
10715 4234 5154 4596 
10716 5913 5914 5123 
10717 6225 6227 6226 
10718 1310 2812 1311 
10719 4597 4598 4016 
10720 4573 4574 3841 
10721 4830 8435 6306 
10722 2941 3428 2945 
10723 1755 2169 1752 
10724 2271 8374 2273 
10725 8346 8393 8334 
10726 1748 1754 1746 
10727 5239 5241 5240 
10728 2908 8371 3459 
10729 7701 7704 7699 
10730 5955 5956 5953 
10731 2827 8352 2831 
10732 5165 8387 8319 
10733 5154 5909 4596 
10734 2898 3433 2899 
10735 2929 3483 2930 
10736 1265 2931 1267 
10737 1215 1220 1217 
10738 7563 7564 5868 
10739 2273 8374 3439 
10740 6183 6340 6184 
10741 1199 1201 1197 
10742 1186 2918 1184 
10743 5197 5198 4598 
10744 4587 5261 5185 
10745 3835 3836 3834 
10746 2955 8365 2952 
10747 2896 2897 2169 
10748 5116 5123 5115 
10749 2906 8371 2905 
10750 1299 1302 1301 
10751 5182 5183 4588 
10752 5239 5240 5238 
10753 1220 8438 7992 
10754 2281 8373 3019 
10755 5116 5920 5913 
10756 2160 8344 1756 
10757 5181 8354 4068 
10758 4638 7676 5890 
10759 2935 2937 2936 
10760 7404 8369 5077 
10761 2950 8365 2972 
10762 3837 3838 3836 
10763 2645 2648 2647 
10764 2947 8377 4081 
10765 6202 6203 5593 
10766 4618 4888 4391 
10767 2754 8615 2756 
10768 7595 7596 5874 
10769 3483 3885 3484 
10770 4872 8379 6317 
10771 4234 4596 1224 
10772 4850 6183 5190 
10773 2898 2899 2897 
10774 1206 1209 1207 
10775 5873 5874 4574 
10776 4068 8354 3802 
10777 3490 8393 8346 
10778 3839 3840 3838 
10779 4214 5160 5117 
10780 3853 8368 4778 
10781 6125 6126 4815 
10782 1673 8383 2902 
10783 4011 4575 4010 
10784 4613 8338 3406 
10785 2933 2935 2934 
10786 5167 8413 8387 
10787 2969 4324 3923 
10788 4638 8443 7676 
10789 1238 2987 1240 
10790 1206 1207 1205 
10791 3444 4318 3433 
10792 4324 4745 3923 
10793 2905 8371 2908 
10794 4324 8405 5533 
10795 2932 8329 1267 
10796 2984 3540 2983 
10797 1198 1199 1197 
10798 1683 8398 1696 
10799 4330 8393 3490 
10800 7501 7502 5889 
10801 7812 8431 4594 
10802 4324 5532 4745 
10803 5532 5607 4745 
10804 4404 8368 3826 
10805 1196 4015 2917 
10806 2931 2933 2932 
10807 3418 8374 2271 
10808 1202 1203 1201 
10809 5192 5193 4083 
10810 5177 8435 8393 
10811 1696 8398 8358 
10812 4015 5187 4597 
10813 5876 7649 4580 
10814 5618 8379 4859 
10815 8020 8380 3457 
10816 2812 8343 1311 
10817 8349 8398 1684 
10818 3457 8380 2915 
10819 8545 8560 7862 
10820 3004 5094 4247 
10821 1204 1205 1203 
10822 4579 8429 4008 
10823 7980 8433 5158 
10824 3489 4019 2986 
10825 5592 5593 4342 
10826 6231 8408 8354 
10827 3439 8373 2281 
10828 7841 8375 4595 
10829 3804 8408 3806 
10830 4859 8379 4872 
10831 1199 1202 1201 
10832 1202 1204 1203 
10833 1204 1206 1205 
10834 5190 8399 4129 
10835 1217 8370 1211 
10836 5910 8391 4596 
10837 4390 4391 4389 
10838 5541 5976 5975 
10839 5197 7784 5198 
10840 3019 8373 3801 
10841 2999 3001 3000 
10842 5183 5272 4588 
10843 2915 8380 3906 
10844 1227 8383 1226 
10845 4556 7483 5091 
10846 7757 8616 2715 
10847 3808 8385 3810 
10848 5844 7431 4549 
10849 2858 8367 1289 
10850 4015 4597 4016 
10851 5881 7681 7680 
10852 5845 7438 5846 
10853 3801 8373 5178 
10854 3777 4586 4585 
10855 5204 6225 6224 
10856 4211 5116 5115 
10857 4597 5197 4598 
10858 8320 8390 2169 
10859 3406 3528 3405 
10860 5883 7695 5272 
10861 2867 2871 2870 
10862 3840 3847 3838 
10863 1195 1197 1196 
10864 3841 8411 3840 
10865 5160 5881 5880 
10866 4888 6252 4391 
10867 4878 5609 5608 
10868 5613 8623 8576 
10869 3015 3424 3014 
10870 3755 8382 3756 
10871 1684 8398 1683 
10872 8501 8511 3921 
10873 3794 3796 3795 
10874 8709 8724 1781 
10875 5858 5859 5145 
10876 4622 4881 4343 
10877 1195 1196 1194 
10878 5236 6162 4881 
10879 6202 6204 6203 
10880 3848 4588 4587 
10881 2979 2980 2977 
10882 2863 5196 2865 
10883 1140 4243 4205 
10884 1225 8391 1672 
10885 1177 1180 1179 
10886 2875 2879 2878 
10887 5116 5913 5123 
10888 8321 8454 8390 
10889 2995 2999 2998 
10890 4888 6253 6252 
10891 5104 5863 5862 
10892 1226 8383 1673 
10893 1224 8391 1225 
10894 7917 8463 5175 
10895 3798 3830 3829 
10896 1752 8390 1750 
10897 5183 5883 5272 
10898 3848 4587 3847 
10899 5920 7782 5913 
10900 1162 3004 2988 
10901 4586 5907 5906 
10902 7925 8558 4224 
10903 1187 1189 1186 
10904 1190 1191 1189 
10905 1193 1194 1191 
10906 4577 5875 4579 
10907 1305 8506 1304 
10908 3840 3848 3847 
10909 2928 3405 2927 
10910 2879 3761 3760 
10911 8354 8408 3804 
10912 2985 2986 2980 
10913 1289 8367 1291 
10914 3766 8381 3767 
10915 3836 3845 3834 
10916 2871 2875 2874 
10917 1181 1182 1179 
10918 8393 8435 8334 
10919 1329 1332 1331 
10920 4849 5228 4306 
10921 1185 1186 1184 
10922 4224 8558 8521 
10923 1285 8424 1288 
10924 7423 7425 7424 
10925 3848 8411 5182 
10926 3528 4129 3405 
10927 1190 1193 1191 
10928 1193 1195 1194 
10929 1187 1190 1189 
10930 2838 8441 2836 
10931 1166 4560 1164 
10932 3806 8408 4101 
10933 5135 8000 2832 
10934 4850 6280 6183 
10935 3832 3844 3830 
10936 2885 8360 2883 
10937 7686 7687 7685 
10938 8576 8623 3892 
10939 1185 1187 1186 
10940 3406 8338 3528 
10941 1173 1176 1175 
10942 8364 8389 2939 
10943 3489 4020 4019 
10944 1321 1324 1323 
10945 1183 1184 1181 
10946 4594 8431 3786 
10947 1325 1328 1327 
10948 4089 5963 4847 
10949 1169 1172 1171 
10950 3603 5252 5251 
10951 1206 8396 1210 
10952 3810 8385 4325 
10953 4101 8385 3808 
10954 3798 3829 3796 
10955 2996 3002 2997 
10956 5156 8396 1204 
10957 3996 4545 4544 
10958 5182 8468 5184 
10959 2917 8406 1194 
10960 3794 3795 3792 
10961 3767 3792 3791 
10962 2920 2921 2858 
10963 4389 4850 4129 
10964 1776 8325 1775 
10965 1183 1185 1184 
10966 4318 8455 8392 
10967 1177 1178 1175 
10968 1165 1168 1167 
10969 5533 8423 6216 
10970 1262 8395 1265 
10971 3528 4389 4129 
10972 1233 8497 1231 
10973 1288 2920 2858 
10974 2937 8389 2941 
10975 2939 8389 2937 
10976 2935 8404 2938 
10977 1180 1183 1181 
10978 1775 2974 2973 
10979 2941 8389 3428 
10980 4561 8381 3766 
10981 6269 6270 6268 
10982 4584 5864 4560 
10983 4574 8411 3841 
10984 1202 8402 5156 
10985 4596 8391 1224 
10986 1284 8424 1285 
10987 1188 8407 1187 
10988 5632 8425 8322 
10989 7684 7685 7683 
10990 1291 8367 1294 
10991 2975 5194 2973 
10992 4192 4539 4538 
10993 1191 8406 1192 
10994 8348 8421 4232 
10995 8392 8455 5239 
10996 6163 6188 6162 
10997 2169 8390 1752 
10998 2922 2923 2921 
10999 1207 8420 1213 
11000 2924 2927 2925 
11001 5262 8419 5185 
11002 8370 8420 1209 
11003 7983 8597 7971 
11004 1775 8325 2974 
11005 1180 1181 1179 
11006 2924 2925 2923 
11007 1185 8414 1188 
11008 2922 2924 2923 
11009 5186 8404 2933 
11010 1200 8402 1199 
11011 3433 8392 2899 
11012 1209 8420 1207 
11013 6187 8421 8348 
11014 4012 8414 1183 
11015 2920 2922 2921 
11016 2985 3517 3489 
11017 3783 3784 3596 
11018 2929 3562 3483 
11019 1213 8420 8378 
11020 8488 8531 3595 
11021 1770 8450 1769 
11022 3515 8392 5239 
11023 7686 7781 7687 
11024 2899 8392 3515 
11025 3777 4585 2841 
11026 2846 8386 5219 
11027 1180 8397 4012 
11028 4236 8527 8464 
11029 5206 8440 5203 
11030 2888 8360 2885 
11031 1173 1174 1171 
11032 1264 8395 1262 
11033 7913 8607 7911 
11034 4620 8355 3001 
11035 2974 2976 2975 
11036 4318 8392 3433 
11037 2931 8395 5186 
11038 1169 1170 1167 
11039 1190 8407 4014 
11040 3478 3781 3780 
11041 3002 3477 3003 
11042 3523 3524 3017 
11043 7682 7683 7681 
11044 3840 8411 3848 
11045 2945 8405 2969 
11046 2991 5201 2993 
11047 1177 1179 1178 
11048 5579 5580 5210 
11049 2924 8415 2928 
11050 7684 7686 7685 
11051 3425 3595 3424 
11052 4615 5939 5253 
11053 1204 8396 1206 
11054 3428 8405 2945 
11055 1265 8395 2931 
11056 4014 8412 1193 
11057 2976 2978 2977 
11058 4009 4615 4578 
11059 5188 8415 2922 
11060 5863 7580 7579 
11061 1176 1177 1175 
11062 4227 8438 1216 
11063 2933 8404 2935 
11064 3767 3791 2892 
11065 8334 8435 4830 
11066 4227 8545 7862 
11067 5906 5918 4585 
11068 1165 1167 1166 
11069 1172 1173 1171 
11070 1199 8402 1202 
11071 1215 8438 1220 
11072 1288 8424 2920 
11073 1195 8412 1198 
11074 3761 8429 4556 
11075 1176 8397 1177 
11076 2978 2981 2979 
11077 1816 8462 1819 
11078 2985 3489 2986 
11079 5868 8381 4561 
11080 1775 2973 1773 
11081 1159 1162 1161 
11082 5212 7404 5077 
11083 5592 6202 5593 
11084 5881 7682 7681 
11085 2820 2821 2819 
11086 3827 8768 7886 
11087 5918 8486 8441 
11088 1173 1175 1174 
11089 2979 2985 2980 
11090 3827 8771 8768 
11091 4306 8480 3031 
11092 5116 8430 5920 
11093 7682 7684 7683 
11094 3173 3174 3171 
11095 3782 8372 4592 
11096 1163 1164 1161 
11097 2834 8486 5135 
11098 4569 4570 4006 
11099 1194 8406 1191 
11100 4410 6066 6065 
11101 1201 8403 1197 
11102 2857 8485 3771 
11103 2969 8405 4324 
11104 4586 5906 4585 
11105 1197 8403 1196 
11106 1169 1171 1170 
11107 4005 4006 3751 
11108 1751 8457 7925 
11109 5215 8467 3775 
11110 8013 8474 1203 
11111 4546 5301 5299 
11112 5178 8473 5180 
11113 1779 8325 1776 
11114 1196 8403 4015 
11115 4593 8434 3779 
11116 2978 2979 2977 
11117 1216 8438 1215 
11118 1168 1169 1167 
11119 3018 8451 4220 
11120 4623 7691 5944 
11121 2976 2977 2975 
11122 2801 5249 2799 
11123 5214 5216 5215 
11124 1144 4553 1142 
11125 7918 8434 7771 
11126 7523 7524 7522 
11127 5919 7711 5879 
11128 1870 1871 1868 
11129 2974 2975 2973 
11130 3001 3506 3000 
11131 1159 1160 1157 
11132 1155 1156 1153 
11133 1187 8407 1190 
11134 2920 8424 5188 
11135 1307 8452 1310 
11136 6130 6131 6129 
11137 5094 5095 4247 
11138 1151 1154 1153 
11139 3540 4343 4342 
11140 4196 5062 5061 
11141 1155 1158 1157 
11142 1333 1336 1335 
11143 1143 1146 1145 
11144 3540 4342 2983 
11145 3004 4247 2988 
11146 5253 5879 4578 
11147 1779 8477 8012 
11148 1748 8454 1754 
11149 6162 6229 4881 
11150 3799 8460 8451 
11151 3524 4025 4024 
11152 6451 6452 6141 
11153 4015 8403 5187 
11154 2831 8430 4211 
11155 3016 3017 3013 
11156 1797 7993 3007 
11157 8018 8511 5207 
11158 1193 8412 1195 
11159 1177 8397 1180 
11160 1163 1165 1164 
11161 5906 7737 5918 
11162 4616 5855 4553 
11163 2824 3750 2823 
11164 5224 5264 5225 
11165 2750 7985 1355 
11166 6184 8500 5190 
11167 1165 1166 1164 
11168 8333 8487 5189 
11169 1118 3749 3748 
11170 6225 6226 6224 
11171 2781 8517 5195 
11172 1161 8416 1160 
11173 4555 8382 3755 
11174 1183 8414 1185 
11175 5125 5819 5126 
11176 1162 1163 1161 
11177 4592 8372 7742 
11178 5149 8448 8013 
11179 7842 8665 1320 
11180 2808 2809 2806 
11181 2999 3000 2998 
11182 6203 8532 5593 
11183 4343 5592 4342 
11184 1166 4584 4560 
11185 8390 8454 1750 
11186 3032 3590 3589 
11187 1750 8454 1748 
11188 4247 5244 2988 
11189 2991 2992 2812 
11190 1351 1354 1353 
11191 3781 5266 5265 
11192 2922 8415 2924 
11193 3752 5224 4007 
11194 2901 8581 7962 
11195 5119 5911 5885 
11196 1147 1150 1149 
11197 7501 7503 7502 
11198 4391 8417 4389 
11199 8381 8453 3793 
11200 4009 4577 4008 
11201 2822 2823 2821 
11202 4584 7520 5864 
11203 1336 2765 1337 
11204 1151 1152 1149 
11205 3756 4010 3790 
11206 2753 5131 2751 
11207 3012 3013 3010 
11208 3001 8355 3506 
11209 1159 1161 1160 
11210 1155 1157 1156 
11211 8349 8471 8398 
11212 4850 8417 6280 
11213 8398 8471 8358 
11214 5266 5953 5952 
11215 1143 1145 1144 
11216 5293 7876 3753 
11217 4389 8417 4850 
11218 1201 8474 8403 
11219 8399 8446 2927 
11220 1780 8477 1779 
11221 4211 8430 5116 
11222 2925 8446 2929 
11223 6252 8417 4391 
11224 8352 8430 2831 
11225 4243 5083 4205 
11226 4556 8429 7483 
11227 1158 1159 1157 
11228 1310 2991 2812 
11229 1343 1346 1345 
11230 5254 5255 3784 
11231 2873 8467 2869 
11232 3838 8432 3836 
11233 7819 8409 7649 
11234 3762 4008 3761 
11235 3477 8440 3478 
11236 1154 1155 1153 
11237 2927 8446 2925 
11238 4237 4605 3790 
11239 5633 8503 5632 
11240 4261 4676 3180 
11241 3847 8432 3838 
11242 1162 2988 1163 
11243 1306 8452 1307 
11244 1354 2750 1355 
11245 2805 2806 2803 
11246 8464 8527 8337 
11247 4615 5253 4578 
11248 5227 5930 4605 
11249 2848 8386 2846 
11250 3028 3032 3031 
11251 3000 3548 2998 
11252 5253 5919 5879 
11253 1347 1350 1349 
11254 6140 6141 5256 
11255 7996 8776 5928 
11256 8355 8356 3506 
11257 1798 7993 1797 
11258 1151 1153 1152 
11259 7878 8599 1298 
11260 3836 8432 3845 
11261 5859 7674 5145 
11262 5078 5106 4563 
11263 8403 8474 5187 
11264 8580 8911 1825 
11265 1147 1148 1145 
11266 3753 3754 2809 
11267 2843 8483 8401 
11268 5955 6345 5956 
11269 2789 2792 2788 
11270 2993 2994 2992 
11271 5239 8455 5241 
11272 5593 8447 4342 
11273 2879 3762 3761 
11274 1805 8678 7834 
11275 3016 5209 3523 
11276 1158 8427 1159 
11277 2995 2996 2994 
11278 7352 8537 4565 
11279 1162 8427 3004 
11280 2871 4236 2875 
11281 1150 1151 1149 
11282 5579 6297 5580 
11283 7804 8765 1346 
11284 1797 3007 3006 
11285 1146 1147 1145 
11286 4008 8429 3761 
11287 3025 3029 3026 
11288 4009 4578 4577 
11289 2983 8447 2981 
11290 3756 3790 2855 
11291 2841 8441 2838 
11292 2929 8446 3562 
11293 5196 8465 2865 
11294 4033 4645 4251 
11295 1141 1142 1139 
11296 3008 5218 3006 
11297 7867 8382 4555 
11298 1147 1149 1148 
11299 1310 8452 2991 
11300 1279 8502 1280 
11301 2980 8444 2977 
11302 3024 3028 3027 
11303 3762 4009 4008 
11304 1141 1143 1142 
11305 2851 8386 2848 
11306 2995 2998 2996 
11307 8546 8569 7887 
11308 4599 5948 5947 
11309 5907 8449 5906 
11310 6319 6320 6131 
11311 5263 5641 5257 
11312 4574 8468 8411 
11313 4254 4663 3120 
11314 3016 3523 3017 
11315 1164 8416 1161 
11316 1792 8489 1791 
11317 2993 2995 2994 
11318 1264 8546 7887 
11319 1863 8635 2766 
11320 2991 2993 2992 
11321 7920 8557 1275 
11322 8401 8483 5160 
11323 1237 8538 1235 
11324 3489 8439 4020 
11325 7960 8515 1271 
11326 5202 5203 3477 
11327 3732 3996 3995 
11328 4190 5052 5051 
11329 5209 5211 5210 
11330 3419 8501 3921 
11331 2793 2796 2792 
11332 1773 8450 1770 
11333 8327 8487 8471 
11334 3002 5202 3477 
11335 3517 8439 3489 
11336 3523 8469 3524 
11337 2975 8444 5194 
11338 3054 3055 3053 
11339 2972 8463 8384 
11340 3020 5226 3022 
11341 1140 4205 1141 
11342 4539 5080 5079 
11343 1141 8410 1143 
11344 5175 8463 8365 
11345 7626 8548 4557 
11346 5214 5215 3775 
11347 6224 6267 5205 
11348 2995 8459 2999 
11349 1143 1144 1142 
11350 5188 8495 7904 
11351 5204 6224 5205 
11352 4560 8416 1164 
11353 5146 8698 7839 
11354 5600 6347 6346 
11355 8471 8487 4602 
11356 1163 8442 1165 
11357 3007 3009 3008 
11358 7527 7528 7526 
11359 5204 5205 5203 
11360 5160 8483 5881 
11361 5209 5210 3523 
11362 7771 8434 4593 
11363 8327 8471 8349 
11364 2865 8465 2867 
11365 3866 4039 3416 
11366 1159 8427 1162 
11367 4026 4027 3590 
11368 4010 4237 3790 
11369 1140 8456 4243 
11370 5202 5204 5203 
11371 4577 8437 5875 
11372 4570 5212 5077 
11373 5874 8468 4574 
11374 3439 8473 8373 
11375 7709 8941 1386 
11376 4004 4562 4003 
11377 8017 8490 4216 
11378 4237 5227 4605 
11379 3531 3932 3532 
11380 3029 3531 3030 
11381 8365 8463 2972 
11382 8411 8468 5182 
11383 8339 8539 8496 
11384 7837 8686 7838 
11385 5157 8553 7963 
11386 5211 6268 5579 
11387 7564 8453 5868 
11388 2981 8445 2979 
11389 8473 8503 5180 
11390 2870 8951 7845 
11391 2985 8445 3517 
11392 8339 8496 8364 
11393 5194 8450 2973 
11394 1165 8442 1168 
11395 7953 8559 7952 
11396 3009 3011 3010 
11397 1144 4616 4553 
11398 2977 8444 2975 
11399 8358 8471 4602 
11400 3753 7876 3754 
11401 8373 8473 5178 
11402 1318 8708 7813 
11403 8333 8511 8501 
11404 4585 8441 2841 
11405 4342 8447 2983 
11406 2979 8445 2985 
11407 1271 8515 1272 
11408 3424 3541 3014 
11409 2765 8426 1337 
11410 5961 6256 5641 
11411 5211 5579 5210 
11412 5887 8418 5216 
11413 3011 3014 3012 
11414 3762 8464 8337 
11415 7535 7536 7532 
11416 3771 8485 4581 
11417 5302 5962 4636 
11418 7781 8632 8578 
11419 5201 8459 2993 
11420 1203 8474 1201 
11421 5212 7405 7404 
11422 5083 5200 4205 
11423 3012 3016 3013 
11424 3478 8440 3781 
11425 5918 8441 4585 
11426 1797 3006 1795 
11427 2853 8485 2857 
11428 1801 7993 1798 
11429 5906 8449 7737 
11430 7438 7439 5846 
11431 7932 8549 7928 
11432 8425 8473 3439 
11433 7500 7501 5889 
11434 4205 8410 1141 
11435 4616 7487 5855 
11436 3124 3867 3126 
11437 5220 8560 7968 
11438 5266 5954 5953 
11439 3541 8530 8481 
11440 4788 8524 5597 
11441 1840 1841 1839 
11442 5868 8453 8381 
11443 2973 8450 1773 
11444 5819 7309 5820 
11445 7825 8528 1138 
11446 2836 8486 2834 
11447 5845 5846 5106 
11448 4201 5085 5060 
11449 7940 8816 8783 
11450 7500 7504 7501 
11451 1783 8477 1780 
11452 4583 8578 2895 
11453 3524 8469 4025 
11454 2797 3737 2796 
11455 5954 5955 5953 
11456 5879 8437 4578 
11457 8370 8493 8420 
11458 2991 8452 5201 
11459 1284 8495 8424 
11460 2988 8442 1163 
11461 3011 3012 3010 
11462 5203 8440 3477 
11463 3100 3101 3098 
11464 3752 8534 5224 
11465 5580 8469 5210 
11466 3007 3008 3006 
11467 5948 7652 7651 
11468 3784 8488 3596 
11469 3508 4033 3860 
11470 1672 8516 1230 
11471 4578 8437 4577 
11472 6066 6413 6065 
11473 5888 7500 5889 
11474 2981 8447 8445 
11475 2867 8465 2871 
11476 5888 5889 5200 
11477 3009 3010 3008 
11478 4002 4533 3737 
11479 1122 3994 1120 
11480 4005 4569 4006 
11481 5954 5957 5955 
11482 4849 8476 5228 
11483 2761 2762 2758 
11484 8446 8500 3562 
11485 7719 7721 4635 
11486 5191 8582 5935 
11487 2757 2758 2755 
11488 5216 5905 5215 
11489 5233 5234 5231 
11490 5189 8487 8327 
11491 4216 8490 5119 
11492 5158 8554 8363 
11493 7877 8575 1294 
11494 5083 5888 5200 
11495 6141 8531 8488 
11496 7879 8547 7689 
11497 1140 1141 1139 
11498 5228 8480 4306 
11499 7962 8507 8448 
11500 5212 7724 7405 
11501 5187 8507 4597 
11502 2919 8588 7984 
11503 3771 4581 4210 
11504 1137 1140 1139 
11505 4645 5967 4646 
11506 5211 8530 6269 
11507 2824 3751 3750 
11508 1143 8410 1146 
11509 6203 8579 8532 
11510 1137 1138 1135 
11511 8481 8530 5209 
11512 8493 8519 5199 
11513 2855 8461 2851 
11514 5222 8569 7982 
11515 8420 8493 8378 
11516 8399 8500 8446 
11517 3548 8475 2998 
11518 5210 8469 3523 
11519 5244 8442 2988 
11520 5549 8544 7917 
11521 5224 5225 4007 
11522 3032 3589 3031 
11523 6140 6451 6141 
11524 1231 8497 2901 
11525 7805 8697 1342 
11526 8310 8311 8308 
11527 7949 8570 7948 
11528 6205 8579 6203 
11529 1834 8517 1837 
11530 5866 7352 4565 
11531 8378 8493 5199 
11532 2875 8464 2879 
11533 2996 8475 3002 
11534 4369 4370 4334 
11535 5910 8491 8391 
11536 3932 4072 3933 
11537 8859 8991 7503 
11538 3448 3449 3052 
11539 7909 8611 7907 
11540 1365 1368 1367 
11541 2813 5229 2815 
11542 1133 1134 1131 
11543 5921 8603 8592 
11544 5186 8508 7924 
11545 2993 8459 2995 
11546 1234 8533 1676 
11547 2998 8475 2996 
11548 8391 8491 1672 
11549 370 8458 369 
11550 7942 8563 2843 
11551 3056 3475 3055 
11552 3596 8488 3595 
11553 2817 2820 2819 
11554 7826 8614 1316 
11555 3590 8492 3589 
11556 8424 8495 5188 
11557 1139 8470 1138 
11558 8425 8503 8473 
11559 7369 7370 5839 
11560 1136 8456 1137 
11561 5881 8483 7682 
11562 8588 8597 7984 
11563 8448 8507 5187 
11564 5264 5932 5225 
11565 1275 8557 1276 
11566 7722 8934 7723 
11567 4553 8470 1142 
11568 2822 2824 2823 
11569 8336 8493 8370 
11570 1133 1136 1135 
11571 8502 8650 7905 
11572 6472 6473 5613 
11573 5588 5589 4370 
11574 1744 8545 4227 
11575 5255 5257 5256 
11576 1333 8499 1336 
11577 5549 8556 8544 
11578 2919 8546 1258 
11579 1754 8545 1746 
11580 3028 3031 3027 
11581 2784 8699 2782 
11582 8336 8519 8493 
11583 2820 2822 2821 
11584 5869 7508 5904 
11585 3589 4306 3031 
11586 7502 8542 5889 
11587 1260 8546 1264 
11588 7917 8544 8463 
11589 1118 8484 3749 
11590 1137 1139 1138 
11591 5255 5256 3784 
11592 3038 3041 3039 
11593 8463 8544 8384 
11594 4227 8522 8438 
11595 2871 8465 4236 
11596 5932 7720 5225 
11597 4602 8501 3419 
11598 1880 8596 1883 
11599 3476 4089 3475 
11600 1096 4201 4191 
11601 3020 3021 2765 
11602 7652 7654 7653 
11603 4605 8461 3790 
11604 3987 4528 4527 
11605 5204 8540 6225 
11606 1280 8502 1284 
11607 1129 1130 1127 
11608 3428 8496 8423 
11609 6160 8556 5549 
11610 4236 8464 2875 
11611 5216 8418 5905 
11612 2879 8464 3762 
11613 1308 8506 1305 
11614 4245 5869 5258 
11615 8496 8539 8423 
11616 3742 4000 2762 
11617 3002 8475 5202 
11618 3790 8461 2855 
11619 4410 8492 6066 
11620 1336 3020 2765 
11621 5200 8410 4205 
11622 1302 8567 1303 
11623 4072 4814 4241 
11624 3449 4029 4028 
11625 5119 8490 5911 
11626 8333 8501 8487 
11627 4410 6065 4849 
11628 3013 8482 3010 
11629 3078 3413 3077 
11630 4410 4849 4306 
11631 4599 8595 5948 
11632 5612 5613 4403 
11633 5946 8673 7852 
11634 5257 6140 5256 
11635 6065 6111 4849 
11636 1136 1137 1135 
11637 2824 3752 3751 
11638 3752 4005 3751 
11639 1125 1126 1123 
11640 3589 4410 4306 
11641 4245 4612 3828 
11642 5922 8577 5154 
11643 2851 8461 8386 
11644 7853 8673 8654 
11645 1294 8575 1295 
11646 8389 8496 3428 
11647 5832 5833 4559 
11648 5258 5943 4612 
11649 5846 7593 5106 
11650 1332 8499 1333 
11651 1142 8470 1139 
11652 5207 8511 8333 
11653 4202 4558 4000 
11654 6126 6130 6129 
11655 1129 1132 1131 
11656 4814 6125 4815 
11657 5811 7210 5823 
11658 4580 8409 3776 
11659 7487 9020 8887 
11660 7538 7539 7536 
11661 5893 8611 7592 
11662 3749 4546 3748 
11663 4027 8492 3590 
11664 1137 8456 1140 
11665 1766 8592 1765 
11666 3022 3023 3021 
11667 5256 8488 3784 
11668 3754 4003 3828 
11669 3008 8482 5218 
11670 3752 4007 4005 
11671 3016 8481 5209 
11672 3024 3027 3025 
11673 8364 8496 8389 
11674 8018 8524 8511 
11675 3022 3024 3023 
11676 3024 3025 3023 
11677 8832 8844 7751 
11678 5898 5899 5897 
11679 1795 8489 1792 
11680 8326 8562 3562 
11681 1745 8602 1747 
11682 3020 3022 3021 
11683 5261 8725 5262 
11684 1369 1372 1371 
11685 1132 1133 1131 
11686 8112 8115 8113 
11687 1376 2723 1377 
11688 3541 8481 3014 
11689 3014 8481 3012 
11690 8433 8577 5922 
11691 8438 8522 7992 
11692 1387 1390 1389 
11693 8587 8612 1150 
11694 1841 8394 3071 
11695 5632 8503 8425 
11696 1304 8547 7879 
11697 1373 1376 1375 
11698 7992 8522 7903 
11699 1133 1135 1134 
11700 3791 8552 2892 
11701 1284 8502 8495 
11702 4873 8539 8339 
11703 3741 8760 2685 
11704 5190 8500 8399 
11705 1801 8656 7811 
11706 1331 8653 1330 
11707 2888 8552 8360 
11708 4597 8507 5197 
11709 3041 3487 3042 
11710 1230 8516 1232 
11711 5931 8603 5223 
11712 8395 8508 5186 
11713 5199 8519 5922 
11714 1676 8583 1236 
11715 5218 8489 3006 
11716 5201 8543 7865 
11717 7908 8607 7909 
11718 3049 3050 3047 
11719 5913 8584 5914 
11720 3012 8481 3016 
11721 5914 8584 7808 
11722 3029 3902 3531 
11723 3051 5230 3448 
11724 7737 8523 5918 
11725 1914 1915 1912 
11726 1922 1923 1920 
11727 1336 8499 3020 
11728 2820 4242 2822 
11729 3562 8562 3483 
11730 1254 8588 1253 
11731 1125 1128 1127 
11732 5963 6110 4847 
11733 5233 6182 5234 
11734 5301 7403 5299 
11735 3051 3052 3050 
11736 1272 8515 1275 
11737 1238 8583 2987 
11738 1264 8508 8395 
11739 1256 8588 2919 
11740 5891 8920 8890 
11741 6320 7523 7522 
11742 3754 3828 2809 
11743 5869 5904 5258 
11744 3035 3080 3037 
11745 3005 8519 8336 
11746 3010 8482 3008 
11747 3487 3928 3488 
11748 4873 8561 8539 
11749 3024 8494 3028 
11750 7524 7527 7526 
11751 8821 8848 5952 
11752 7999 8647 1308 
11753 7736 8699 8621 
11754 1936 1937 1934 
11755 3548 8540 8475 
11756 8487 8501 4602 
11757 8410 8542 1146 
11758 5226 8494 3022 
11759 3589 8492 4410 
11760 5948 7651 5947 
11761 8486 8523 5135 
11762 6141 8488 5256 
11763 1128 1129 1127 
11764 3921 8524 4788 
11765 7598 8655 7596 
11766 3476 8472 4089 
11767 1129 1131 1130 
11768 2760 8615 4208 
11769 2723 8388 1377 
11770 5233 6217 6182 
11771 3723 4526 4525 
11772 3033 8510 3035 
11773 1254 8645 7970 
11774 2160 8667 8003 
11775 2843 8563 8483 
11776 4013 8606 7942 
11777 1824 8347 1823 
11778 4814 6127 6125 
11779 5230 5232 5231 
11780 8002 8538 1237 
11781 6111 8476 4849 
11782 7382 7570 5833 
11783 7936 8598 7933 
11784 5067 7364 7363 
11785 1119 1120 1117 
11786 5224 8509 5264 
11787 7921 8521 8352 
11788 1232 8533 1234 
11789 7527 7537 7528 
11790 4245 5258 4612 
11791 8516 8533 1232 
11792 1354 3033 2750 
11793 1823 3044 3043 
11794 4843 7744 4388 
11795 3006 8489 1795 
11796 5918 8523 8486 
11797 1298 8599 1299 
11798 7649 8409 4580 
11799 8475 8540 5202 
11800 2806 8479 2803 
11801 3414 3603 3413 
11802 5612 6474 6472 
11803 2785 2789 2788 
11804 1125 1127 1126 
11805 7962 8581 8507 
11806 2801 8479 5249 
11807 5266 8520 5954 
11808 6316 8561 4873 
11809 5200 8542 8410 
11810 4003 4245 3828 
11811 2803 8479 2801 
11812 7706 8781 1360 
11813 5230 5231 3448 
11814 3781 8520 5266 
11815 2789 2793 2792 
11816 8483 8563 7682 
11817 2793 2797 2796 
11818 3020 8499 5226 
11819 2658 8903 2660 
11820 8521 8558 5920 
11821 3045 5246 3043 
11822 4541 8572 7820 
11823 8440 8520 3781 
11824 3932 4832 4072 
11825 5919 8724 8709 
11826 3051 3448 3052 
11827 1135 8528 1134 
11828 1118 3748 1119 
11829 8337 8527 5940 
11830 6130 6319 6131 
11831 5276 5278 5277 
11832 3983 4522 4521 
11833 7941 8632 4013 
11834 1115 1116 1113 
11835 7875 8600 5196 
11836 8430 8521 5920 
11837 2738 5284 2736 
11838 1121 1124 1123 
11839 3541 8620 7994 
11840 1122 4554 3994 
11841 5232 5233 5231 
11842 3044 3046 3045 
11843 1746 8545 1744 
11844 1124 1125 1123 
11845 7928 8549 7929 
11846 4002 4565 4533 
11847 6452 8531 6141 
11848 4562 8498 4003 
11849 7625 7626 4557 
11850 3033 3034 2750 
11851 8352 8521 8430 
11852 1147 8587 1150 
11853 3046 3048 3047 
11854 6130 6321 6319 
11855 1258 8546 1260 
11856 1823 8347 3044 
11857 8519 8554 5922 
11858 1250 8658 7882 
11859 7581 7619 7580 
11860 7652 7653 7651 
11861 2797 4002 3737 
11862 5206 8520 8440 
11863 2781 5195 2783 
11864 4636 8472 3476 
11865 4581 8698 7610 
11866 8544 8556 5923 
11867 8539 8561 6216 
11868 5163 8619 8406 
11869 4639 5827 4534 
11870 1279 8650 8502 
11871 4727 4728 4031 
11872 8480 8525 3027 
11873 2680 8760 4548 
11874 3048 3053 3049 
11875 5930 8589 4605 
11876 1818 8586 1817 
11877 1100 4534 1098 
11878 1138 8528 1135 
11879 3492 4030 3076 
11880 8384 8544 5923 
11881 1184 8609 1181 
11882 7956 8559 7953 
11883 3022 8494 3024 
11884 4186 5039 5038 
11885 2892 8552 2888 
11886 8363 8554 3005 
11887 5209 8530 5211 
11888 3005 8554 8519 
11889 8423 8539 6216 
11890 6125 8535 6126 
11891 5919 8718 7711 
11892 1316 8614 1317 
11893 1405 1408 1407 
11894 7862 8560 5220 
11895 1189 8613 1186 
11896 3055 3892 3053 
11897 8700 8794 7691 
11898 1115 1118 1117 
11899 8003 8553 5157 
11900 4550 4551 3998 
11901 3448 8513 3449 
11902 3449 8513 4029 
11903 5234 8513 5231 
11904 7312 7313 5843 
11905 5923 8556 6200 
11906 5202 8540 5204 
11907 1276 8557 1279 
11908 1823 3043 1821 
11909 5612 6472 5613 
11910 3025 8525 3029 
11911 6126 8535 6130 
11912 5593 8532 8447 
11913 8507 8581 5197 
11914 2745 2746 2743 
11915 1822 8580 1825 
11916 7952 8570 7949 
11917 8560 8605 7968 
11918 4002 4599 4565 
11919 8957 8980 1857 
11920 3027 8525 3025 
11921 5889 8542 5200 
11922 2538 7362 2536 
11923 3049 3051 3050 
11924 1118 1119 1117 
11925 8447 8532 8445 
11926 8553 8674 7963 
11927 7919 8571 5194 
11928 5888 8823 7500 
11929 2791 8621 2787 
11930 7887 8569 5222 
11931 2815 8504 2817 
11932 5920 8558 7782 
11933 6216 8561 6233 
11934 7530 7535 7532 
11935 8617 8657 1760 
11936 1827 8347 1824 
11937 1182 8624 1179 
11938 4546 5299 5243 
11939 1074 3723 3722 
11940 7942 8606 8563 
11941 5267 5292 5268 
11942 3997 3998 3726 
11943 8511 8524 3921 
11944 4598 8640 4016 
11945 1880 1881 1879 
11946 3048 3049 3047 
11947 8532 8579 3517 
11948 8559 8646 7952 
11949 3483 8562 3885 
11950 1306 8543 8452 
11951 2766 8635 5279 
11952 1350 8573 1351 
11953 8445 8532 3517 
11954 1251 8645 1254 
11955 1303 8567 1306 
11956 4599 5947 5866 
11957 4013 8632 8606 
11958 1114 8484 1115 
11959 1111 1112 1109 
11960 3046 3047 3045 
11961 5900 5901 5899 
11962 3727 5267 3999 
11963 4245 8498 5869 
11964 3035 8510 3080 
11965 8450 8571 1769 
11966 1383 1386 1385 
11967 1178 8630 1175 
11968 2669 7893 1395 
11969 1242 8639 1677 
11970 5839 8572 4541 
11971 1121 1122 1120 
11972 1246 8672 7884 
11973 2817 8504 2820 
11974 1295 8575 1298 
11975 8567 8703 7866 
11976 1121 1123 1122 
11977 1119 1121 1120 
11978 7682 8563 7684 
11979 5299 5300 5243 
11980 5252 5523 5251 
11981 1394 2669 1395 
11982 4668 5375 4667 
11983 1081 8955 1084 
11984 2895 8578 7941 
11985 5154 8577 5909 
11986 1781 8677 1782 
11987 3792 8646 3791 
11988 1841 3071 3070 
11989 5863 7581 7580 
11990 4089 4847 4403 
11991 7880 8685 4207 
11992 2987 8639 1240 
11993 4003 8498 4245 
11994 2742 2743 2740 
11995 2773 2774 2772 
11996 1107 1108 1105 
11997 1788 8654 1787 
11998 2809 8526 2806 
11999 4546 5243 3748 
12000 3044 3045 3043 
12001 4599 5866 4565 
12002 8655 8759 5184 
12003 1842 8394 1841 
12004 7963 8582 5191 
12005 3088 9046 9010 
12006 5229 8504 2815 
12007 5947 7673 5866 
12008 1174 8638 1171 
12009 5278 7557 5877 
12010 1115 1117 1116 
12011 1866 1867 1865 
12012 1247 8658 1250 
12013 5563 8695 5248 
12014 4089 4403 3475 
12015 2753 8505 5131 
12016 1758 8657 2160 
12017 5524 5599 5523 
12018 6130 8535 6321 
12019 8571 8592 1769 
12020 7901 8663 7898 
12021 3037 3038 3036 
12022 1762 8617 1760 
12023 3029 8525 3902 
12024 1306 8567 8543 
12025 1391 1394 1393 
12026 1236 8583 1238 
12027 5125 5126 4545 
12028 2777 3725 2776 
12029 5331 5990 5330 
12030 8582 8691 5935 
12031 1115 8484 1118 
12032 7502 8612 8587 
12033 1111 1114 1113 
12034 5197 8581 7784 
12035 2793 3854 2797 
12036 3037 3040 3038 
12037 3035 3036 3034 
12038 2695 5107 2693 
12039 1845 8681 7860 
12040 3994 8536 1120 
12041 1117 8536 1116 
12042 5939 8741 8677 
12043 5194 8571 8450 
12044 8452 8543 5201 
12045 4847 5612 4403 
12046 4612 8526 3828 
12047 1802 8656 1801 
12048 2820 8504 4242 
12049 7596 8655 5874 
12050 1888 1889 1887 
12051 3062 3064 3063 
12052 7502 8587 8542 
12053 3035 3037 3036 
12054 6308 8707 5563 
12055 1107 1110 1109 
12056 1114 1115 1113 
12057 5098 5798 5099 
12058 7782 8584 5913 
12059 3710 3987 3986 
12060 3731 3732 2746 
12061 5962 8472 4636 
12062 5231 8513 3448 
12063 3531 8529 3932 
12064 1302 8703 8567 
12065 2824 8534 3752 
12066 8570 8670 7948 
12067 1096 8550 4201 
12068 3067 3069 3068 
12069 4609 8674 5242 
12070 1253 8588 1256 
12071 7423 7424 6347 
12072 2822 8534 2824 
12073 3517 8579 8439 
12074 7948 8593 7947 
12075 8751 8753 1168 
12076 1146 8587 1147 
12077 3033 3035 3034 
12078 3074 3091 3072 
12079 8605 8662 7968 
12080 7570 7571 5833 
12081 1327 8706 1326 
12082 3072 8585 3070 
12083 4036 4655 4256 
12084 4201 5060 4191 
12085 1103 1104 1101 
12086 1328 8660 1329 
12087 7370 8572 5839 
12088 8461 8589 8386 
12089 7940 8649 7937 
12090 1244 8672 1246 
12091 8467 8590 7844 
12092 5563 8707 8695 
12093 2775 2776 2774 
12094 1769 8592 1766 
12095 7659 8701 3107 
12096 3796 8670 3795 
12097 3061 3067 3066 
12098 4565 8537 4533 
12099 6892 9693 6891 
12100 5934 8650 8557 
12101 2755 8505 2753 
12102 5226 8628 7829 
12103 5948 8574 7652 
12104 5930 8647 8589 
12105 1765 8617 1762 
12106 1806 8678 1805 
12107 8386 8589 5219 
12108 4533 8537 5067 
12109 3902 8529 3531 
12110 5937 8730 8679 
12111 5938 8679 4745 
12112 4242 8534 2822 
12113 4605 8589 8461 
12114 7648 8847 1448 
12115 5818 7790 4529 
12116 1170 8659 1167 
12117 3424 8620 3541 
12118 1836 8629 1835 
12119 5259 8723 5937 
12120 4727 4845 4728 
12121 5215 8590 8467 
12122 5995 5996 5345 
12123 1860 8635 1863 
12124 7968 8662 4611 
12125 1110 1111 1109 
12126 5276 5277 3765 
12127 5935 8594 5936 
12128 3828 8526 2809 
12129 8812 8938 4633 
12130 1777 8709 1778 
12131 4000 4001 2762 
12132 1320 8665 1321 
12133 3748 8512 1119 
12134 8650 8693 7905 
12135 8505 8917 7816 
12136 1322 8731 7850 
12137 8563 8606 7684 
12138 3041 3615 3487 
12139 8542 8587 1146 
12140 8454 8605 1754 
12141 7933 8598 7934 
12142 1111 1113 1112 
12143 6308 8711 8707 
12144 3071 3073 3072 
12145 7984 8597 7983 
12146 2691 3721 2690 
12147 5937 8689 4618 
12148 5248 8684 5238 
12149 2758 8505 2755 
12150 3932 8529 4832 
12151 5613 8576 4403 
12152 7883 8641 5104 
12153 2806 8526 8479 
12154 1166 8659 4584 
12155 4019 8691 4608 
12156 4208 8615 7809 
12157 5611 6402 6401 
12158 3086 3089 3087 
12159 1103 1106 1105 
12160 5905 8590 5215 
12161 5358 6156 6155 
12162 1747 8602 2861 
12163 7535 7538 7536 
12164 5600 6346 5599 
12165 2681 2682 2677 
12166 5223 8603 5921 
12167 1787 8694 1784 
12168 1882 2707 1881 
12169 3996 4544 3995 
12170 5612 8564 6474 
12171 3071 3072 3070 
12172 8662 8675 4611 
12173 1107 1109 1108 
12174 3830 8690 3829 
12175 3845 8680 3834 
12176 1119 8512 1121 
12177 3832 8680 3844 
12178 1299 8599 1302 
12179 1126 8551 1123 
12180 3492 4312 4031 
12181 1120 8536 1117 
12182 8723 8730 5937 
12183 8468 8655 5184 
12184 8525 8637 3902 
12185 3791 8646 8559 
12186 3050 8566 3047 
12187 7312 7314 7313 
12188 3492 4031 4030 
12189 7911 8607 7908 
12190 1106 1107 1105 
12191 7894 8719 1283 
12192 3540 8700 4622 
12193 2683 2686 2682 
12194 1841 3070 1839 
12195 5609 5611 5610 
12196 5819 5820 5126 
12197 3464 4060 3465 
12198 5245 5973 3132 
12199 3064 3464 3065 
12200 8480 8637 8525 
12201 6196 6197 5978 
12202 3051 8565 5230 
12203 5067 8537 7364 
12204 2756 8615 2760 
12205 5196 8600 8465 
12206 3033 8573 8510 
12207 4611 8675 8330 
12208 5931 8657 8617 
12209 4312 5569 4727 
12210 4060 4333 4061 
12211 8465 8600 4236 
12212 5337 7725 2744 
12213 5942 8703 8599 
12214 8779 8837 4226 
12215 7907 8611 5893 
12216 2687 2690 2686 
12217 7854 8634 5218 
12218 3045 8566 5246 
12219 8766 8816 4591 
12220 3053 8565 3049 
12221 7684 8606 7686 
12222 1122 8551 4554 
12223 1845 8394 1842 
12224 1181 8609 1182 
12225 3073 3075 3074 
12226 3892 8565 3053 
12227 1123 8551 1122 
12228 8338 8713 5259 
12229 1831 8797 7729 
12230 3057 5271 3059 
12231 8121 8124 8123 
12232 5949 8865 8756 
12233 1097 1098 1095 
12234 8775 8825 7753 
12235 3075 3077 3076 
12236 5195 8669 2783 
12237 1186 8613 2918 
12238 8675 8684 8330 
12239 6110 8564 4847 
12240 7497 7498 5809 
12241 1096 4191 1097 
12242 5931 8617 8603 
12243 5977 5978 5976 
12244 1351 8573 1354 
12245 3727 8716 5267 
12246 4236 8600 8527 
12247 1821 8586 1818 
12248 5242 8674 8553 
12249 8406 8619 1192 
12250 1317 8614 1320 
12251 8321 8605 8454 
12252 3080 8898 8809 
12253 4312 4727 4031 
12254 3475 8576 3055 
12255 1121 8512 1124 
12256 3049 8565 3051 
12257 1103 1105 1104 
12258 8518 8669 5195 
12259 1099 1102 1101 
12260 1342 8697 1343 
12261 5236 8726 6163 
12262 8321 8662 8605 
12263 1093 1094 1091 
12264 8589 8647 5219 
12265 1179 8624 1178 
12266 7503 8612 7502 
12267 3795 8670 8570 
12268 2703 2704 2700 
12269 5877 7736 5277 
12270 3073 3074 3072 
12271 5933 8693 5934 
12272 3077 3492 3076 
12273 1754 8605 8560 
12274 4847 8564 5612 
12275 3047 8566 3045 
12276 1102 1103 1101 
12277 8606 8632 7686 
12278 1100 4639 4534 
12279 7874 8721 7875 
12280 5278 5877 5277 
12281 3075 3076 3074 
12282 5118 8736 2894 
12283 1354 8573 3033 
12284 2699 2700 2697 
12285 1078 4195 1076 
12286 7311 7315 7312 
12287 3055 8576 3892 
12288 4639 7371 5827 
12289 4550 5849 4551 
12290 1093 1096 1095 
12291 7598 8759 8655 
12292 3091 8585 3072 
12293 5243 8512 3748 
12294 1907 8827 2724 
12295 1175 8630 1174 
12296 4208 7809 5089 
12297 8331 8761 1334 
12298 5246 8586 3043 
12299 8719 8790 5262 
12300 3069 3543 3068 
12301 3603 5251 5250 
12302 5933 8704 8693 
12303 3507 3508 3141 
12304 3595 8620 3424 
12305 5104 8641 5863 
12306 7794 8809 7795 
12307 4016 8640 5163 
12308 7686 8632 7781 
12309 5272 8826 8740 
12310 1171 8638 1170 
12311 3603 5250 3413 
12312 4576 8728 4575 
12313 5943 8702 4612 
12314 7974 8704 5933 
12315 2842 8747 8335 
12316 2630 8992 2632 
12317 5219 8647 7999 
12318 5805 7156 5807 
12319 1325 8722 1328 
12320 3997 4550 3998 
12321 8657 8667 2160 
12322 5248 8695 8684 
12323 4010 8712 4237 
12324 3923 8730 2970 
12325 4644 5064 4195 
12326 1846 8681 1845 
12327 5842 7311 5843 
12328 1240 8639 1242 
12329 4645 7432 5967 
12330 4608 8691 8582 
12331 3512 4036 3864 
12332 4025 8717 4024 
12333 4623 8717 7691 
12334 1250 8645 1251 
12335 6473 8623 5613 
12336 4639 7372 7371 
12337 5589 5898 5897 
12338 7937 8649 7938 
12339 7311 7312 5843 
12340 5288 5960 4629 
12341 5946 8694 8673 
12342 1376 3057 2723 
12343 1096 1097 1095 
12344 3043 8586 1821 
12345 8489 8634 1791 
12346 8603 8617 1765 
12347 4250 4629 3850 
12348 1334 8653 1331 
12349 8634 8654 1791 
12350 4403 8576 3475 
12351 4002 8595 4599 
12352 4655 5303 4656 
12353 2777 3726 3725 
12354 8673 8694 1787 
12355 4517 5805 4532 
12356 3981 4512 4511 
12357 4333 4369 4334 
12358 5939 8724 5253 
12359 3795 8646 3792 
12360 5035 5783 5058 
12361 3829 8690 8593 
12362 5267 5268 3999 
12363 1827 8773 7759 
12364 1089 1090 1087 
12365 8593 8690 7959 
12366 1924 8769 1927 
12367 5251 5584 5250 
12368 7822 8796 8780 
12369 1372 8661 1373 
12370 3140 3141 3139 
12371 3558 4726 4725 
12372 5303 5336 5335 
12373 3057 3058 2723 
12374 2797 8595 4002 
12375 1092 8550 1093 
12376 2783 8669 2785 
12377 1252 8749 1249 
12378 8531 8620 3595 
12379 5798 7168 5799 
12380 5850 7399 5891 
12381 5230 8737 5232 
12382 5811 5823 4526 
12383 5934 8693 8650 
12384 8756 8839 5949 
12385 8747 8839 7552 
12386 3068 3895 3066 
12387 7974 8713 8704 
12388 3067 3068 3066 
12389 1097 1099 1098 
12390 7874 8741 8721 
12391 7674 8728 5145 
12392 1791 8654 1788 
12393 4587 8740 5261 
12394 3845 8784 8680 
12395 4030 8618 3076 
12396 8686 8722 7838 
12397 1332 8628 8499 
12398 5272 8740 4588 
12399 5599 6481 5523 
12400 3508 4034 4033 
12401 1099 1101 1100 
12402 1089 1092 1091 
12403 3731 8591 3732 
12404 1805 8656 1802 
12405 1760 8657 1758 
12406 3089 3429 3090 
12407 1884 7696 1882 
12408 3854 8595 2797 
12409 1246 8658 1247 
12410 3724 3991 2704 
12411 5060 5270 4191 
12412 1099 1100 1098 
12413 5060 5842 5270 
12414 5779 7064 5802 
12415 4250 5850 5288 
12416 3492 8626 4312 
12417 7156 7472 7157 
12418 2770 2773 2772 
12419 7830 8686 7837 
12420 1052 8727 8715 
12421 8974 9106 7432 
12422 1785 8741 7874 
12423 1167 8659 1166 
12424 5842 5843 5270 
12425 1093 1095 1094 
12426 5218 8634 8489 
12427 7959 8663 7901 
12428 5247 8662 8321 
12429 7832 8696 5229 
12430 3059 3060 3058 
12431 5228 8637 8480 
12432 2766 5279 2768 
12433 3061 3062 3060 
12434 5874 8655 8468 
12435 4192 4538 3991 
12436 2775 2777 2776 
12437 1329 8660 1332 
12438 4534 8610 1098 
12439 5081 9056 9008 
12440 5262 8725 8719 
12441 7699 8651 3774 
12442 1417 1420 1419 
12443 8709 8718 5919 
12444 1093 8550 1096 
12445 7727 8857 7726 
12446 5820 7466 5126 
12447 3107 8701 2767 
12448 5815 7274 4531 
12449 5247 8675 8662 
12450 1092 1093 1091 
12451 1173 8750 1176 
12452 5604 6158 6157 
12453 7777 8651 7704 
12454 3705 3983 3982 
12455 5242 8667 5931 
12456 5268 5269 3999 
12457 1085 1086 1083 
12458 5540 5541 4393 
12459 1095 8610 1094 
12460 5092 7670 2701 
12461 4027 8848 8821 
12462 7852 8673 7853 
12463 3061 3066 3062 
12464 5305 7589 5269 
12465 5863 8641 7581 
12466 1321 8665 1324 
12467 1169 8753 1172 
12468 3138 3139 3137 
12469 8713 8723 5259 
12470 3413 8626 3077 
12471 3732 3995 3850 
12472 5883 8758 7988 
12473 7813 8708 5146 
12474 3059 3061 3060 
12475 2773 2775 2774 
12476 1677 8672 1244 
12477 4369 5588 4370 
12478 4529 8591 3731 
12479 8499 8628 5226 
12480 3829 8670 3796 
12481 1420 2654 1421 
12482 2657 5306 2655 
12483 4608 8674 4609 
12484 5588 8478 5589 
12485 5273 8933 7561 
12486 8557 8650 1279 
12487 2785 8669 2789 
12488 5312 8760 3741 
12489 5237 8675 5247 
12490 1074 8642 3723 
12491 1782 8677 1785 
12492 1332 8660 8628 
12493 3823 8766 3821 
12494 5183 8758 5883 
12495 5297 5298 5295 
12496 3074 8618 3091 
12497 3723 4525 3722 
12498 7823 8796 7821 
12499 2777 3727 3726 
12500 5941 8755 5942 
12501 5311 5313 5312 
12502 1085 1088 1087 
12503 8485 8698 4581 
12504 8585 8629 3070 
12505 4657 5980 5351 
12506 1839 8629 1836 
12507 3727 3997 3726 
12508 4392 4393 4257 
12509 5305 7590 7589 
12510 3765 8621 2791 
12511 4539 5079 4538 
12512 1056 4517 3985 
12513 5237 8684 8675 
12514 1809 8678 1806 
12515 5095 8756 4247 
12516 3057 3059 3058 
12517 3834 8680 3832 
12518 5268 5305 5269 
12519 3083 3106 3085 
12520 4207 8685 5273 
12521 4745 8679 3923 
12522 3852 8771 3825 
12523 7875 8721 8600 
12524 5941 8762 8755 
12525 8679 8689 5937 
12526 3077 8626 3492 
12527 1402 9035 7573 
12528 3707 4505 4504 
12529 5850 5891 5288 
12530 8653 8788 1330 
12531 5260 8768 5928 
12532 3732 3850 2746 
12533 8749 8826 7695 
12534 7886 8768 5927 
12535 3727 3999 3997 
12536 7210 8688 5823 
12537 1089 1091 1090 
12538 3081 8668 3083 
12539 3464 4102 4060 
12540 7922 8762 5941 
12541 5238 8684 5237 
12542 8620 8729 7994 
12543 7994 8729 6271 
12544 5243 8692 8512 
12545 8011 8787 4221 
12546 5254 8812 8436 
12547 5336 5986 5985 
12548 1413 1416 1415 
12549 1346 8765 1347 
12550 1088 1089 1087 
12551 2719 3442 2718 
12552 1081 1082 1079 
12553 4618 8689 4888 
12554 8703 8755 7866 
12555 4779 8845 8843 
12556 7899 8784 7897 
12557 6128 8830 7793 
12558 1784 8694 1783 
12559 5938 8689 8679 
12560 7940 8783 8649 
12561 8012 8770 8011 
12562 2787 8699 2784 
12563 2714 2718 2713 
12564 1849 8681 1846 
12565 8512 8692 1124 
12566 4250 5288 4629 
12567 5928 8776 4625 
12568 4221 8794 2984 
12569 1371 8831 1370 
12570 5080 7211 5079 
12571 3443 3571 3442 
12572 5541 5977 5976 
12573 1976 1977 1974 
12574 7905 8693 4614 
12575 1409 1412 1411 
12576 1781 8724 8677 
12577 3844 8690 3830 
12578 3138 3452 3140 
12579 7662 9095 7665 
12580 3788 8779 4226 
12581 4020 8691 4019 
12582 5945 8748 5946 
12583 3076 8618 3074 
12584 8574 8824 7655 
12585 4191 8601 1097 
12586 7790 8591 4529 
12587 7666 8701 7659 
12588 8784 8790 7897 
12589 8600 8721 8527 
12590 3429 3924 3430 
12591 1807 8799 1808 
12592 2671 5286 2673 
12593 8693 8704 4614 
12594 1814 8780 1813 
12595 8330 8695 4018 
12596 5789 8631 5026 
12597 2743 8604 2740 
12598 133 8106 8100 
12599 3061 8648 3067 
12600 5589 8478 5898 
12601 1954 1955 1952 
12602 1081 1084 1083 
12603 8531 8729 8620 
12604 8442 8751 1168 
12605 3140 3507 3141 
12606 3133 3134 3094 
12607 5250 8626 3413 
12608 3070 8629 1839 
12609 2706 8793 3743 
12610 4614 8704 4613 
12611 2740 8604 2738 
12612 5931 8667 8657 
12613 1330 8706 1327 
12614 5977 6196 5978 
12615 3995 4250 3850 
12616 1098 8610 1095 
12617 7839 8698 8485 
12618 1060 4524 1058 
12619 8695 8707 4018 
12620 2984 8700 3540 
12621 2773 4249 2775 
12622 1343 8697 1346 
12623 1778 8709 1781 
12624 3135 3137 3134 
12625 2738 8604 5284 
12626 5898 5900 5899 
12627 5277 8621 3765 
12628 1828 8773 1827 
12629 5267 8676 5292 
12630 8787 8794 4221 
12631 4518 7497 5809 
12632 4018 8707 8019 
12633 1328 8722 8686 
12634 1085 1087 1086 
12635 5271 8648 3059 
12636 1394 3081 2669 
12637 3081 3082 2669 
12638 1104 8643 1101 
12639 1097 8601 1099 
12640 4839 5604 5603 
12641 4097 4257 3862 
12642 8684 8695 8330 
12643 7588 9272 7587 
12644 5943 8761 8702 
12645 5102 9053 7607 
12646 3138 3140 3139 
12647 4525 8808 5320 
12648 8526 8702 8479 
12649 8704 8713 4613 
12650 1868 8627 1867 
12651 1084 1085 1083 
12652 8707 8711 8019 
12653 7736 8621 5277 
12654 7897 8790 7895 
12655 8677 8724 5939 
12656 5952 8813 5265 
12657 8737 8804 5232 
12658 4612 8702 8526 
12659 8799 8829 1811 
12660 8019 8711 8020 
12661 5300 8692 5243 
12662 2687 2691 2690 
12663 2489 7216 2487 
12664 1872 8775 1871 
12665 1876 7760 1875 
12666 4661 5983 5333 
12667 4333 5623 4369 
12668 4242 8696 8509 
12669 4575 8712 4010 
12670 3093 3132 3094 
12671 4651 5812 4524 
12672 5951 8802 8665 
12673 1075 1076 1073 
12674 8770 8787 8011 
12675 4613 8713 8338 
12676 1832 8797 1831 
12677 2691 3993 3721 
12678 3133 3136 3135 
12679 3566 3862 2721 
12680 8479 8702 5249 
12681 1373 8661 1376 
12682 7661 7666 7659 
12683 1777 8718 8709 
12684 1360 8781 1361 
12685 2654 8514 1421 
12686 4321 4839 4838 
12687 7704 8651 7699 
12688 4544 8644 3995 
12689 7895 8719 7894 
12690 4024 8717 4623 
12691 1071 1072 1069 
12692 8680 8784 7899 
12693 5977 6198 6196 
12694 2665 2666 2662 
12695 8689 8743 4888 
12696 1074 3722 1075 
12697 1077 1080 1079 
12698 1100 8643 4639 
12699 1101 8643 1100 
12700 8719 8725 1283 
12701 5938 8743 8689 
12702 1867 3093 3092 
12703 1078 4644 4195 
12704 1080 1081 1079 
12705 3062 8633 3064 
12706 7886 8816 8766 
12707 1099 8601 1102 
12708 2661 2662 2659 
12709 3582 4321 4320 
12710 4639 8643 7372 
12711 3895 8633 3066 
12712 3202 9248 9214 
12713 3135 3138 3137 
12714 4022 8723 7974 
12715 1324 8722 1325 
12716 1081 1083 1082 
12717 8599 8703 1302 
12718 3057 8661 5271 
12719 5942 8755 8703 
12720 8783 8816 7885 
12721 5229 8696 8504 
12722 1924 1925 1923 
12723 4644 7300 5064 
12724 5916 8726 5236 
12725 7785 8912 7786 
12726 3066 8633 3062 
12727 3059 8648 3061 
12728 5298 8772 5295 
12729 1871 8775 7752 
12730 7664 8687 7661 
12731 7863 8731 1322 
12732 3997 8652 4550 
12733 7832 8798 8696 
12734 2683 2687 2686 
12735 8504 8696 4242 
12736 2675 2681 2677 
12737 5993 5994 5991 
12738 2681 2683 2682 
12739 5145 8728 4576 
12740 8706 8733 1326 
12741 1867 8627 3093 
12742 5258 8788 5943 
12743 3083 8668 3106 
12744 8694 8748 1783 
12745 2720 2721 2717 
12746 2582 9084 2584 
12747 5253 8724 5919 
12748 3976 4500 4499 
12749 4022 8730 8723 
12750 5270 8601 4191 
12751 1862 8763 1861 
12752 2970 8730 4022 
12753 5783 7114 5784 
12754 8721 8741 5940 
12755 5263 8835 5961 
12756 7864 8859 3764 
12757 1390 8732 1391 
12758 4312 8746 5569 
12759 2561 9027 5287 
12760 5956 8821 5953 
12761 1030 3707 3706 
12762 4481 7488 4174 
12763 1427 1430 1429 
12764 7679 8736 5118 
12765 8740 8826 7891 
12766 5946 8748 8694 
12767 7974 8723 8713 
12768 8696 8798 8509 
12769 8469 8801 4025 
12770 4392 5540 4393 
12771 5269 8652 3999 
12772 3132 3133 3094 
12773 8726 8801 6163 
12774 4250 8644 5850 
12775 3999 8652 3997 
12776 1071 1074 1073 
12777 3547 3582 3581 
12778 8527 8721 5940 
12779 8626 8746 4312 
12780 2746 8682 2743 
12781 1376 8661 3057 
12782 3133 3135 3134 
12783 7313 8785 5843 
12784 7705 8899 1382 
12785 1980 1981 1978 
12786 4525 5320 5283 
12787 4630 8880 8813 
12788 3995 8644 4250 
12789 5540 8734 5541 
12790 1871 8627 1868 
12791 4392 5667 5540 
12792 2793 8778 3854 
12793 5940 8741 5939 
12794 3572 3584 3571 
12795 4588 8740 4587 
12796 3085 3086 3084 
12797 4629 8682 3850 
12798 2768 8671 2770 
12799 1867 3092 1865 
12800 1070 8642 1071 
12801 4591 8816 7940 
12802 3083 3084 3082 
12803 1074 1075 1073 
12804 5161 8841 8015 
12805 5785 9193 9079 
12806 7881 8747 2842 
12807 4888 8743 6253 
12808 7767 9285 2778 
12809 5296 6171 6170 
12810 7891 8826 2859 
12811 5945 8770 8748 
12812 6452 8729 8531 
12813 3093 3094 3092 
12814 8672 8783 7885 
12815 3085 3088 3086 
12816 3408 3547 3546 
12817 1077 1078 1076 
12818 1077 1079 1078 
12819 5250 8746 8626 
12820 4779 8843 4627 
12821 1067 1068 1065 
12822 1075 1077 1076 
12823 5929 8837 8779 
12824 3081 3083 3082 
12825 2859 8749 1252 
12826 8702 8761 5249 
12827 4097 4392 4257 
12828 2685 8760 2680 
12829 5320 5321 5283 
12830 3083 3085 3084 
12831 2687 3859 2691 
12832 1172 8750 1173 
12833 4525 5283 3722 
12834 5079 5081 4538 
12835 1067 1070 1069 
12836 9142 9178 1919 
12837 1431 1434 1433 
12838 7824 8754 5246 
12839 2731 2732 2730 
12840 1160 8838 1157 
12841 5943 8788 8653 
12842 2712 2715 2710 
12843 1783 8748 8477 
12844 2695 8664 5107 
12845 5316 5789 5026 
12846 1168 8753 1169 
12847 7182 9182 7181 
12848 1439 1442 1441 
12849 3709 3710 2666 
12850 1364 8833 1365 
12851 6163 8851 6188 
12852 5385 9145 5396 
12853 7715 8989 7716 
12854 2770 8671 2773 
12855 5249 8761 8331 
12856 4630 8848 4026 
12857 2734 2735 2732 
12858 5790 7123 5789 
12859 1155 8846 1158 
12860 5075 5795 5794 
12861 4526 8808 4525 
12862 1350 8752 8573 
12863 5973 8666 3132 
12864 1070 1071 1069 
12865 5667 6441 5540 
12866 2716 2717 2715 
12867 7866 8755 4621 
12868 5917 8865 4582 
12869 5098 5099 4528 
12870 5949 8839 7881 
12871 5244 8751 8442 
12872 9187 9195 1897 
12873 1071 1073 1072 
12874 4247 8756 5244 
12875 3566 4377 4097 
12876 3471 4038 4037 
12877 1156 8850 1153 
12878 8565 8737 5230 
12879 8896 8935 1829 
12880 2724 8827 5282 
12881 8755 8762 4621 
12882 3892 8737 8565 
12883 5184 8758 5183 
12884 1063 1064 1061 
12885 2681 4628 2683 
12886 8669 8778 2789 
12887 1910 1911 1909 
12888 1350 8765 8752 
12889 3566 4097 3862 
12890 1063 1066 1065 
12891 3079 8953 7651 
12892 3991 3992 2704 
12893 5279 8671 2768 
12894 3585 4378 3584 
12895 3850 8682 2746 
12896 4621 8762 4620 
12897 2697 8664 2695 
12898 1367 8890 1366 
12899 7831 8798 7832 
12900 1151 8853 1154 
12901 3103 3408 3407 
12902 6131 8856 6129 
12903 4195 8720 1076 
12904 8722 8802 7838 
12905 3988 3989 2735 
12906 3700 3981 3980 
12907 5541 8734 5977 
12908 8778 8824 3854 
12909 1071 8642 1074 
12910 8623 8737 3892 
12911 8678 8864 5959 
12912 1368 8844 1369 
12913 1052 8738 8727 
12914 2743 8682 8604 
12915 8586 8754 1817 
12916 1056 8715 4517 
12917 8100 8106 8102 
12918 5932 8829 8799 
12919 4379 4877 4378 
12920 8754 8780 1817 
12921 2700 8664 2697 
12922 3821 8766 4591 
12923 1810 8818 1809 
12924 4535 4536 3989 
12925 3721 8705 4518 
12926 5584 8746 5250 
12927 2651 4661 4653 
12928 2716 3482 2720 
12929 5797 7677 4510 
12930 1442 2610 1443 
12931 2720 3566 2721 
12932 1432 8814 1429 
12933 1347 8765 1350 
12934 1073 8720 1072 
12935 1103 8836 1106 
12936 2707 2708 1881 
12937 1813 8818 1810 
12938 8801 8851 6163 
12939 8573 8752 8510 
12940 3089 3463 3429 
12941 3993 8705 3721 
12942 5805 5807 4532 
12943 5604 6157 5603 
12944 1152 8861 1149 
12945 2777 8716 3727 
12946 2773 8671 4249 
12947 5927 8768 5260 
12948 2707 2709 2708 
12949 3099 3103 3102 
12950 4517 4532 3985 
12951 3825 8771 3827 
12952 3100 3104 3101 
12953 2775 8716 2777 
12954 4007 8857 4005 
12955 5311 5312 3741 
12956 4040 4671 4263 
12957 1067 1069 1068 
12958 5108 8882 3772 
12959 3081 8732 8668 
12960 9150 9182 1432 
12961 3722 8683 1075 
12962 5932 8822 7720 
12963 1324 8802 8722 
12964 7578 8897 1054 
12965 8925 8932 7728 
12966 2821 8884 2819 
12967 3132 8666 3133 
12968 3979 4999 4516 
12969 4625 8776 4244 
12970 8818 8864 1809 
12971 3743 8793 4543 
12972 7848 8887 4206 
12973 7156 7157 5807 
12974 8836 8867 1106 
12975 2626 3703 2625 
12976 4025 8801 8726 
12977 9103 9117 7556 
12978 1066 1067 1065 
12979 7802 8898 7803 
12980 1831 8773 1828 
12981 8776 8779 4244 
12982 4244 8779 3788 
12983 5184 8759 8758 
12984 4563 8874 4562 
12985 4999 7004 5370 
12986 8623 8804 8737 
12987 4249 8716 2775 
12988 8477 8770 8012 
12989 4878 5608 4877 
12990 2716 2720 2717 
12991 3133 8666 3136 
12992 5280 8837 5929 
12993 1879 7760 1876 
12994 1817 8780 1814 
12995 1875 8775 1872 
12996 8748 8770 8477 
12997 6441 8734 5540 
12998 1435 1438 1437 
12999 1148 8872 1145 
13000 1825 8896 1826 
13001 3987 4527 3986 
13002 5280 8841 8837 
13003 3040 8852 3038 
13004 5270 8785 8601 
13005 7661 8687 7666 
13006 3138 8735 3452 
13007 5246 8754 8586 
13008 7831 8829 8798 
13009 1932 1933 1931 
13010 7472 8782 7157 
13011 1904 8827 1907 
13012 1811 8829 7831 
13013 1144 8872 4616 
13014 7548 9031 9029 
13015 1361 8781 1364 
13016 2789 8778 2793 
13017 4839 5603 4838 
13018 1368 8936 8844 
13019 2629 5329 2627 
13020 5945 8787 8770 
13021 8601 8785 1102 
13022 5977 8734 6198 
13023 5959 8929 5958 
13024 1075 8683 1077 
13025 8419 8784 3845 
13026 5635 6119 6118 
13027 8841 8843 8015 
13028 8419 8790 8784 
13029 5944 8787 5945 
13030 1391 8732 1394 
13031 1059 1062 1061 
13032 727 8095 453 
13033 1057 1058 1055 
13034 1926 2641 1925 
13035 2702 8793 2706 
13036 1887 7696 1884 
13037 3724 8916 4192 
13038 4518 8705 7497 
13039 7413 7437 4662 
13040 6139 8845 4779 
13041 8518 8778 8669 
13042 1372 8832 8661 
13043 7593 8874 5106 
13044 3041 8852 3615 
13045 5965 8936 8833 
13046 1062 1063 1061 
13047 1060 4651 4524 
13048 2709 2711 2710 
13049 7821 8796 7822 
13050 2711 2713 2712 
13051 4321 4838 4320 
13052 7794 8892 8809 
13053 5950 8875 5951 
13054 7795 8809 7802 
13055 1063 1065 1064 
13056 8612 8853 1150 
13057 5944 8794 8787 
13058 4172 4491 4490 
13059 2610 8555 1443 
13060 4027 8871 8492 
13061 3136 8735 3135 
13062 3104 3470 3105 
13063 8649 8783 1677 
13064 7168 7169 5799 
13065 7718 8980 7719 
13066 5085 8883 5060 
13067 1076 8720 1073 
13068 7470 7471 5778 
13069 5262 8790 8419 
13070 5798 5799 5099 
13071 5960 8870 4629 
13072 1808 8799 1811 
13073 2618 2619 2617 
13074 4651 7240 5812 
13075 3095 5291 3097 
13076 8929 8938 5958 
13077 5904 8788 5258 
13078 1835 8797 1832 
13079 7691 8794 5944 
13080 5623 8742 4369 
13081 5950 8880 8875 
13082 1394 8732 3081 
13083 7872 8880 5950 
13084 4369 8742 5588 
13085 7552 8839 5095 
13086 7857 8812 5254 
13087 1056 3985 1057 
13088 7944 8943 1374 
13089 1053 1054 1051 
13090 3582 4320 3581 
13091 1677 8783 8672 
13092 3135 8735 3138 
13093 5958 8938 7857 
13094 2712 2716 2715 
13095 5271 8832 7750 
13096 1865 8763 1862 
13097 5299 8886 5300 
13098 7823 8818 8796 
13099 7487 8893 5855 
13100 4070 4264 3918 
13101 1515 1518 1517 
13102 3743 4543 4198 
13103 1835 8807 8797 
13104 7312 8868 7314 
13105 8568 8763 3092 
13106 2620 2622 2619 
13107 5843 8785 5270 
13108 2711 2712 2710 
13109 7763 9097 9083 
13110 8812 8915 8436 
13111 5580 8801 8469 
13112 3534 4040 3868 
13113 2673 8739 2675 
13114 1077 8683 1080 
13115 7728 8932 4569 
13116 7341 7618 5828 
13117 1053 1056 1055 
13118 1966 1967 1964 
13119 5265 8813 7872 
13120 3080 8892 3037 
13121 2709 2710 2708 
13122 2623 2625 2622 
13123 5609 5610 5608 
13124 7885 8816 7886 
13125 7143 8976 4513 
13126 5313 5852 5312 
13127 3442 3922 2718 
13128 8509 8798 5264 
13129 8843 8845 8015 
13130 5846 8894 7593 
13131 5823 8808 4526 
13132 6251 6336 6335 
13133 1133 8902 1136 
13134 2593 8987 5338 
13135 5952 8848 8813 
13136 7313 8836 8785 
13137 4651 7241 7240 
13138 4838 4868 4320 
13139 8798 8829 5264 
13140 5320 8811 5321 
13141 5283 8683 3722 
13142 3615 8881 3487 
13143 5297 8803 5298 
13144 3547 3581 3546 
13145 2664 8903 4196 
13146 5286 8739 2673 
13147 3210 3211 3208 
13148 8518 8824 8778 
13149 1129 8906 1132 
13150 1807 8822 8799 
13151 7670 9249 4185 
13152 1489 1492 1491 
13153 1034 4509 1032 
13154 4671 6005 4672 
13155 1056 1057 1055 
13156 8629 8807 1835 
13157 1950 1951 1949 
13158 3707 8842 5086 
13159 4028 8915 4633 
13160 5244 8865 8751 
13161 2675 8739 2681 
13162 1374 8831 1371 
13163 8659 8933 4584 
13164 9326 9350 1476 
13165 5953 8821 5952 
13166 7793 8830 7794 
13167 7823 8864 8818 
13168 1059 1060 1058 
13169 1059 1061 1060 
13170 4549 8810 3769 
13171 8661 8832 5271 
13172 2877 8925 5213 
13173 7695 8826 5272 
13174 5792 8876 5072 
13175 2633 2634 2631 
13176 3408 3546 3407 
13177 4038 5331 5330 
13178 1049 1050 1047 
13179 1382 8899 1383 
13180 5580 8851 8801 
13181 8665 8802 1324 
13182 4659 5793 4509 
13183 3581 4382 3546 
13184 8751 8865 5917 
13185 2637 2638 2634 
13186 3854 8824 8574 
13187 1052 8715 1053 
13188 6473 8804 8623 
13189 1057 1059 1058 
13190 4532 5290 3985 
13191 4536 5316 5026 
13192 5951 8875 8802 
13193 1875 8825 8775 
13194 2692 9349 2682 
13195 7718 9005 8995 
13196 5264 8829 5932 
13197 8813 8848 4630 
13198 7760 8825 1875 
13199 1049 1052 1051 
13200 5103 8946 2811 
13201 5790 7124 7123 
13202 1420 3095 2654 
13203 5611 6401 5610 
13204 5817 7234 5861 
13205 7730 8942 7789 
13206 3092 8763 1865 
13207 4043 5366 4267 
13208 5956 8871 8821 
13209 1124 8909 1125 
13210 8912 8935 7655 
13211 7558 9121 1430 
13212 1365 8833 1368 
13213 8796 8818 1813 
13214 4392 8774 5667 
13215 8436 8835 5263 
13216 3095 3096 2654 
13217 4255 4643 3857 
13218 4000 8904 4001 
13219 1045 1046 1043 
13220 5317 5972 4643 
13221 8585 8807 8629 
13222 4569 8932 4570 
13223 9224 9231 3990 
13224 3113 3117 3114 
13225 2681 8739 4628 
13226 4226 8837 8366 
13227 8799 8822 5932 
13228 8837 8841 8366 
13229 3709 8764 3710 
13230 4559 8930 4558 
13231 5336 7252 5986 
13232 4524 8789 1058 
13233 1157 8838 1156 
13234 3470 8772 3471 
13235 1053 1055 1054 
13236 5779 5802 4505 
13237 7672 8810 7431 
13238 5007 5755 5037 
13239 3103 3407 3102 
13240 8835 8945 5961 
13241 1111 8923 1114 
13242 2054 2055 2052 
13243 8802 8875 7838 
13244 8366 8841 5161 
13245 5212 8932 7724 
13246 3584 4786 3571 
13247 4627 8843 5280 
13248 1102 8836 1103 
13249 3407 3900 3102 
13250 5316 5790 5789 
13251 7561 8933 8659 
13252 7620 8891 7580 
13253 1052 1053 1051 
13254 4255 5817 5317 
13255 8015 8845 5281 
13256 6345 8922 5956 
13257 4001 8917 2762 
13258 1154 8846 1155 
13259 1048 8738 1049 
13260 5331 5991 5990 
13261 2758 8917 8505 
13262 6420 6421 6194 
13263 4097 8774 4392 
13264 4377 8774 4097 
13265 7605 8928 5286 
13266 2728 2731 2730 
13267 6401 6412 5610 
13268 1045 1048 1047 
13269 7654 8911 7653 
13270 2734 3988 2735 
13271 1369 8844 1372 
13272 8785 8836 1102 
13273 1153 8850 1152 
13274 7313 8867 8836 
13275 3116 3120 3119 
13276 3992 9008 7642 
13277 5854 9173 9168 
13278 1055 8789 1054 
13279 1416 8849 1417 
13280 1053 8715 1056 
13281 4026 8848 4027 
13282 4877 4879 4378 
13283 1386 8941 1387 
13284 6297 8851 5580 
13285 1972 1973 1971 
13286 1881 8805 1879 
13287 8752 8898 8510 
13288 3988 4535 3989 
13289 3566 8777 4377 
13290 2731 2734 2732 
13291 5799 7306 5099 
13292 1372 8844 8832 
13293 7654 8935 8896 
13294 1453 1456 1455 
13295 7789 8964 5302 
13296 1150 8853 1151 
13297 5035 5058 4522 
13298 4036 5838 4655 
13299 3482 8777 2720 
13300 3511 3512 3131 
13301 3097 3098 3096 
13302 1928 7575 1926 
13303 1041 1042 1039 
13304 7571 8930 5833 
13305 2724 5282 2726 
13306 1415 8998 1414 
13307 2657 8757 5306 
13308 8859 8971 3764 
13309 7617 9348 2692 
13310 7515 8991 5895 
13311 6129 8856 7569 
13312 1012 3979 3978 
13313 4510 8764 3709 
13314 4498 7354 4162 
13315 3099 3100 3098 
13316 5969 9005 7717 
13317 3710 3986 3857 
13318 3038 8852 3041 
13319 2720 8777 3566 
13320 8821 8871 4027 
13321 4005 8857 4569 
13322 5323 6251 6250 
13323 4803 4804 4264 
13324 3099 3102 3100 
13325 3687 3976 3975 
13326 5895 8859 7864 
13327 8763 8934 1861 
13328 3707 4504 3706 
13329 3097 3099 3098 
13330 2581 5349 2579 
13331 7803 8898 8752 
13332 5956 8922 8871 
13333 1048 1049 1047 
13334 7289 9158 7194 
13335 1858 8957 1857 
13336 8616 8805 2708 
13337 5312 8910 8760 
13338 3704 3705 2638 
13339 8513 8945 4029 
13340 3972 5752 4502 
13341 5961 8969 6256 
13342 8809 8892 3080 
13343 1149 8861 1148 
13344 7722 8957 8934 
13345 4414 4675 3919 
13346 2718 8819 2713 
13347 3764 8951 2874 
13348 1049 1051 1050 
13349 5302 8978 5962 
13350 7349 7368 4670 
13351 7651 8953 5947 
13352 5280 8843 8841 
13353 8831 8966 1370 
13354 3117 3499 3118 
13355 3095 3097 3096 
13356 4647 5998 5997 
13357 7441 8873 5085 
13358 1049 8738 1052 
13359 3738 9166 2792 
13360 8951 8971 7504 
13361 8978 8988 5962 
13362 5817 5861 5317 
13363 1457 1460 1459 
13364 5294 5295 3470 
13365 3985 8767 1057 
13366 8844 8936 7751 
13367 3112 3116 3115 
13368 5970 9080 7748 
13369 3104 5294 3470 
13370 7481 8786 7274 
13371 2713 8795 2712 
13372 1041 1044 1043 
13373 3710 3857 2666 
13374 2716 8795 3482 
13375 2659 8757 2657 
13376 7064 7410 5802 
13377 1037 1038 1035 
13378 1406 9039 7622 
13379 1400 8949 1401 
13380 4842 4843 4388 
13381 1106 8926 1107 
13382 1089 8950 1092 
13383 7315 8868 7312 
13384 5960 8943 8870 
13385 4633 8915 8812 
13386 1145 8872 1144 
13387 5296 6170 5297 
13388 5283 8879 8683 
13389 2708 8805 1881 
13390 6170 6172 5297 
13391 1044 1045 1043 
13392 3992 8878 2704 
13393 2653 3440 2652 
13394 5296 5297 5295 
13395 5294 5296 5295 
13396 5106 8874 4563 
13397 8492 8871 6066 
13398 1057 8767 1059 
13399 1533 1536 1535 
13400 7838 8875 4631 
13401 7314 8867 7313 
13402 7677 8764 4510 
13403 2712 8795 2716 
13404 2700 8878 8664 
13405 8945 8969 5961 
13406 8683 8879 1080 
13407 1045 1047 1046 
13408 1058 8789 1055 
13409 2024 2025 2022 
13410 3130 3131 3128 
13411 7640 8924 7639 
13412 8875 8880 4631 
13413 7734 8889 5279 
13414 1037 1040 1039 
13415 2662 8757 2659 
13416 5341 6292 6291 
13417 2734 3990 3988 
13418 3127 3128 3125 
13419 1064 8791 1061 
13420 4255 5317 4643 
13421 1085 8954 1088 
13422 5289 9020 7496 
13423 7738 8990 1855 
13424 7594 8882 5108 
13425 4631 8880 4630 
13426 4669 5323 4880 
13427 5852 8910 5312 
13428 1809 8864 8678 
13429 5828 8817 5313 
13430 7732 9024 4628 
13431 8682 8870 8604 
13432 1879 8805 7760 
13433 3856 8884 2821 
13434 5313 8817 5852 
13435 8612 8991 8853 
13436 7816 8891 7620 
13437 8942 8964 7789 
13438 4629 8870 8682 
13439 8872 9020 4616 
13440 1060 8791 4651 
13441 1370 8890 1367 
13442 7501 8971 7503 
13443 1829 8935 7785 
13444 1061 8791 1060 
13445 5896 9010 7714 
13446 3471 8772 4038 
13447 4206 8887 5289 
13448 2704 8878 2700 
13449 3983 4521 3982 
13450 3487 8881 3928 
13451 7403 8886 5299 
13452 3571 8820 3442 
13453 2020 2021 2018 
13454 7722 8980 8957 
13455 5854 9168 7773 
13456 3099 8834 3103 
13457 6193 6194 5357 
13458 5295 8772 3470 
13459 2648 2652 2647 
13460 3499 4668 4667 
13461 2599 9049 2598 
13462 3922 8819 2718 
13463 3986 4255 3857 
13464 4684 5381 5380 
13465 7321 7324 7319 
13466 4196 8903 7650 
13467 8604 8870 5284 
13468 4493 7470 5778 
13469 3441 3558 3440 
13470 1041 1043 1042 
13471 7431 8810 4549 
13472 3603 8974 5252 
13473 3123 5309 3121 
13474 5738 6902 5739 
13475 7359 9173 5854 
13476 1059 8767 1062 
13477 1040 1041 1039 
13478 4785 6004 5639 
13479 1912 8792 1911 
13480 7631 9273 7633 
13481 1134 8975 1131 
13482 2713 8819 8795 
13483 5291 8834 3097 
13484 8807 8942 7730 
13485 8871 8922 6066 
13486 5855 8893 7485 
13487 1016 3974 1014 
13488 8756 8865 5244 
13489 1826 8896 1829 
13490 4651 8791 7241 
13491 5396 6047 5642 
13492 3037 8892 3040 
13493 3122 3124 3123 
13494 1040 8888 1041 
13495 7763 9083 7765 
13496 5288 8966 5960 
13497 5998 7281 7280 
13498 8585 8942 8807 
13499 7439 8894 5846 
13500 3106 9065 8989 
13501 1130 8979 1127 
13502 5321 8879 5283 
13503 3108 5307 3110 
13504 5783 5784 5058 
13505 3511 3930 3512 
13506 6101 6348 6337 
13507 1461 1464 1463 
13508 3919 7577 3474 
13509 3442 8820 3922 
13510 7764 9097 7763 
13511 3130 3899 3511 
13512 1911 3122 3121 
13513 2660 8903 2664 
13514 1031 1032 1029 
13515 2626 3984 3703 
13516 4527 8828 3986 
13517 5331 5992 5991 
13518 5290 8767 3985 
13519 1132 8902 1133 
13520 8864 8929 5959 
13521 4514 5008 3974 
13522 8568 8934 8763 
13523 2623 2626 2625 
13524 4387 4388 4088 
13525 2636 8992 4190 
13526 2611 5319 2613 
13527 4029 8945 8835 
13528 7618 8817 5828 
13529 8824 8912 7655 
13530 4249 8889 8676 
13531 8510 8898 3080 
13532 1911 8792 3122 
13533 1417 8849 1420 
13534 5992 5993 5991 
13535 1383 8899 1386 
13536 8760 8910 4548 
13537 5524 9006 5600 
13538 4558 8904 4000 
13539 3690 4174 3689 
13540 6172 8803 5297 
13541 1128 8906 1129 
13542 1033 1036 1035 
13543 4868 8840 4320 
13544 1067 8963 1070 
13545 1825 8911 8896 
13546 1080 8955 1081 
13547 1037 1039 1038 
13548 5992 6101 5993 
13549 4786 8820 3571 
13550 1063 8965 1066 
13551 9081 9089 7372 
13552 4087 4088 3376 
13553 4728 8988 4031 
13554 4320 8840 3581 
13555 1054 8897 1051 
13556 6101 6337 5993 
13557 3900 8877 3102 
13558 3095 8849 5291 
13559 3931 4785 4784 
13560 3120 3556 3119 
13561 1034 4659 4509 
13562 4185 8916 3724 
13563 5286 8928 8739 
13564 1051 8897 1050 
13565 1030 3706 1031 
13566 3581 8840 4382 
13567 2585 2586 2583 
13568 7786 8912 8518 
13569 5366 6015 5367 
13570 1890 8977 1889 
13571 2606 3689 2605 
13572 8964 8978 5302 
13573 5213 8925 7728 
13574 3130 3511 3131 
13575 3097 8834 3099 
13576 8890 8920 1366 
13577 3124 3126 3125 
13578 5399 9136 5398 
13579 7632 9271 7631 
13580 8472 9003 5963 
13581 5807 8907 4532 
13582 1036 1037 1035 
13583 5615 6282 6281 
13584 1041 8888 1044 
13585 4029 8915 4028 
13586 2589 2590 2586 
13587 5802 8900 4505 
13588 4659 7152 5793 
13589 3451 4043 3871 
13590 4484 7271 4154 
13591 5964 9025 5965 
13592 2762 8917 2758 
13593 1464 2543 1465 
13594 1906 8960 1905 
13595 1036 8901 1037 
13596 3100 8877 3104 
13597 2600 2603 2599 
13598 4196 7650 5062 
13599 5594 5595 4806 
13600 8739 8928 4628 
13601 7770 8924 7640 
13602 3102 8877 3100 
13603 4532 8907 5290 
13604 1471 1474 1473 
13605 4728 9003 8988 
13606 8896 8911 7654 
13607 2602 9049 2609 
13608 4543 9053 7340 
13609 4482 5020 4481 
13610 1037 8901 1040 
13611 6066 8922 6413 
13612 5279 8889 8671 
13613 1045 8940 1048 
13614 4382 8854 3546 
13615 1110 8923 1111 
13616 5963 9015 6110 
13617 2620 2623 2622 
13618 8692 8909 1124 
13619 4505 8900 4504 
13620 4175 4481 4174 
13621 8870 8943 5284 
13622 7823 8929 8864 
13623 5755 6974 5756 
13624 2618 2620 2619 
13625 1027 1028 1025 
13626 4255 8828 5817 
13627 8671 8889 4249 
13628 8853 8991 7515 
13629 9029 9031 4640 
13630 3124 3125 3123 
13631 1915 8792 1912 
13632 1442 3108 2610 
13633 3127 3130 3128 
13634 4645 8993 7432 
13635 1854 8995 1853 
13636 5816 9341 5090 
13637 3126 3129 3127 
13638 1475 1478 1477 
13639 5835 5837 5008 
13640 1479 1482 1481 
13641 3546 8854 3407 
13642 3407 8854 3900 
13643 4034 8993 4033 
13644 2666 8869 2662 
13645 1420 8849 3095 
13646 4634 8929 7823 
13647 5960 8966 8831 
13648 4504 5354 5304 
13649 5964 9029 9025 
13650 4378 8866 3584 
13651 3108 3109 2610 
13652 3116 3119 3115 
13653 7548 9029 5964 
13654 1911 3121 1909 
13655 5833 8930 4559 
13656 5284 8943 7944 
13657 3986 8828 4255 
13658 2615 2618 2617 
13659 4634 8938 8929 
13660 8889 8996 8676 
13661 4584 8933 7520 
13662 4570 8932 5212 
13663 8873 8883 5085 
13664 7410 7418 5802 
13665 3122 3123 3121 
13666 1023 1024 1021 
13667 5032 5774 5773 
13668 6251 6335 6250 
13669 7503 8971 8859 
13670 7655 8935 7654 
13671 3119 3580 3115 
13672 7499 9078 1426 
13673 9008 9056 7642 
13674 7281 7283 7282 
13675 1116 9011 1113 
13676 4633 8938 4634 
13677 4675 7577 3919 
13678 2726 8858 2728 
13679 7734 8996 8889 
13680 4879 8866 4378 
13681 3126 3127 3125 
13682 8990 8996 7733 
13683 3584 8866 4786 
13684 5536 6151 6150 
13685 5354 5355 5304 
13686 4643 8869 3857 
13687 7496 9020 8872 
13688 1390 8941 8937 
13689 1387 8941 1390 
13690 986 3972 3971 
13691 1027 1030 1029 
13692 1390 8937 8732 
13693 7574 8946 5103 
13694 3154 3416 3415 
13695 1031 1033 1032 
13696 1033 1034 1032 
13697 5296 8981 6171 
13698 3147 3151 3148 
13699 7876 9042 4564 
13700 1847 9036 1848 
13701 2604 2605 2603 
13702 5234 8945 8513 
13703 1033 1035 1034 
13704 4805 4806 3907 
13705 1438 8952 1439 
13706 7532 9033 7531 
13707 4504 5304 3706 
13708 3104 8877 5294 
13709 2651 8862 4661 
13710 2646 2649 2644 
13711 1044 8940 1045 
13712 4259 4650 3858 
13713 5814 7181 5848 
13714 6918 9068 4508 
13715 1411 9057 1410 
13716 2650 2651 2649 
13717 1023 1026 1025 
13718 4835 5357 4124 
13719 5334 5979 4650 
13720 2623 3865 2626 
13721 3091 8942 8585 
13722 3110 3111 3109 
13723 4259 5814 5334 
13724 7723 8934 8568 
13725 7845 8951 7504 
13726 1555 1558 1557 
13727 2543 8744 1465 
13728 8518 8912 8824 
13729 1088 8950 1089 
13730 3508 9023 4034 
13731 1030 1031 1029 
13732 3112 3113 3111 
13733 2728 8858 2731 
13734 7534 9043 9031 
13735 1401 8949 1404 
13736 5088 9044 2764 
13737 9003 9015 5963 
13738 8732 8937 8668 
13739 4387 6093 4842 
13740 7180 9383 1510 
13741 1404 9021 1405 
13742 4726 4858 4725 
13743 5323 6250 4880 
13744 4387 4842 4388 
13745 5899 9034 5897 
13746 1019 1020 1017 
13747 1084 8954 1085 
13748 1012 8895 3979 
13749 5947 8953 7673 
13750 4999 5370 4516 
13751 3712 9296 9282 
13752 3699 3700 2590 
13753 3857 8869 2666 
13754 1026 1027 1025 
13755 3112 3115 3113 
13756 5075 5794 4512 
13757 5282 8858 2726 
13758 3091 8964 8942 
13759 1861 8957 1858 
13760 5234 8969 8945 
13761 4509 8914 1032 
13762 4545 9037 4544 
13763 3966 4475 4474 
13764 3150 3154 3153 
13765 3110 3112 3111 
13766 3703 8885 4493 
13767 9014 9058 5305 
13768 5063 7429 2587 
13769 4640 9043 3069 
13770 2618 4642 2620 
13771 5358 6155 4858 
13772 5784 7237 5058 
13773 4531 8786 3740 
13774 2641 2642 1925 
13775 4371 5635 5634 
13776 8833 8936 1368 
13777 3979 4516 3978 
13778 2662 8869 8757 
13779 3146 3150 3149 
13780 3705 3982 3858 
13781 1944 8987 1947 
13782 7702 9065 7703 
13783 3151 3473 3152 
13784 7193 7194 7191 
13785 1027 1029 1028 
13786 5081 9008 4538 
13787 9271 9273 7631 
13788 3931 8800 4785 
13789 3984 8885 3703 
13790 1448 8847 1449 
13791 1066 8963 1067 
13792 5764 7510 4487 
13793 4647 9050 5998 
13794 3108 3110 3109 
13795 2641 2643 2642 
13796 2629 8863 5329 
13797 3991 9008 3992 
13798 7418 8900 5802 
13799 8867 8926 1106 
13800 3706 8860 1031 
13801 3165 3435 3164 
13802 6093 6159 4842 
13803 7675 9119 3859 
13804 2650 3486 3376 
13805 4087 4387 4088 
13806 6422 6423 6421 
13807 1062 8965 1063 
13808 5292 8996 8990 
13809 1853 9017 1850 
13810 7466 9037 5126 
13811 8618 8964 3091 
13812 1019 1022 1021 
13813 4669 4820 4668 
13814 1029 8914 1028 
13815 7715 9046 8989 
13816 3499 4669 4668 
13817 1437 9102 1436 
13818 8805 8983 7760 
13819 3088 9032 3086 
13820 4628 9024 2683 
13821 1966 9027 1969 
13822 2687 9024 3859 
13823 1023 1025 1024 
13824 3900 8981 8877 
13825 4160 4469 4468 
13826 4294 5536 5535 
13827 3543 9047 3068 
13828 3705 3858 2638 
13829 7004 7040 5370 
13830 1465 8744 1467 
13831 7718 8995 8980 
13832 5891 8966 5288 
13833 5774 7076 7075 
13834 5814 5848 5334 
13835 3140 9038 3507 
13836 2631 8863 2629 
13837 4194 9081 7758 
13838 1031 8860 1033 
13839 1467 8744 1470 
13840 5009 5763 5010 
13841 7859 9100 4212 
13842 3106 9046 3085 
13843 8934 8957 1861 
13844 4039 8800 3416 
13845 9024 9095 3859 
13846 3486 4332 4087 
13847 1022 1023 1021 
13848 6182 8969 5234 
13849 9036 9058 1851 
13850 7733 8996 7734 
13851 9348 9349 2692 
13852 7719 8980 7722 
13853 4504 8900 5354 
13854 4212 9106 3414 
13855 7504 8971 7501 
13856 5268 9014 5305 
13857 5996 7217 5345 
13858 3089 9032 3463 
13859 4842 8947 4843 
13860 3981 4511 3980 
13861 1013 1014 1011 
13862 6156 6248 6155 
13863 1408 9052 1409 
13864 5385 5396 5387 
13865 6004 6304 5639 
13866 7588 9282 9272 
13867 2650 3376 2651 
13868 4038 8921 5331 
13869 4252 9109 9086 
13870 4880 6295 4820 
13871 3112 8939 3116 
13872 4669 4880 4820 
13873 1483 1486 1485 
13874 4259 5334 4650 
13875 1112 9064 1109 
13876 2634 8863 2631 
13877 5998 7280 5997 
13878 2568 2571 2567 
13879 1131 8975 1130 
13880 8877 8981 5294 
13881 4493 8885 7470 
13882 3128 8919 3125 
13883 3123 8919 5309 
13884 5020 7366 7002 
13885 8772 8921 4038 
13886 1015 1018 1017 
13887 4190 8992 7562 
13888 1493 1496 1495 
13889 1857 8995 1854 
13890 3414 8974 3603 
13891 3436 3462 3435 
13892 8879 8955 1080 
13893 7716 8989 7702 
13894 7757 8983 8616 
13895 4669 8972 5323 
13896 7377 9107 8652 
13897 8616 8983 8805 
13898 4124 9063 3179 
13899 4030 8988 8978 
13900 5274 8982 8862 
13901 2643 2645 2644 
13902 1127 8979 1126 
13903 1893 8977 1890 
13904 3142 5328 3144 
13905 1018 1019 1017 
13906 1009 1010 1007 
13907 3982 4259 3858 
13908 8979 8986 1126 
13909 5331 8921 5992 
13910 6332 6333 5594 
13911 4030 8978 8618 
13912 3486 4087 3376 
13913 4785 5639 4784 
13914 4088 8862 3376 
13915 1108 9071 1105 
13916 5307 8939 3110 
13917 7283 7285 7282 
13918 5795 7177 5794 
13919 2646 2650 2649 
13920 5298 8921 8772 
13921 7392 7393 7391 
13922 1016 4514 3974 
13923 4514 5835 5008 
13924 8618 8978 8964 
13925 2645 2647 2646 
13926 9100 9106 4212 
13927 1032 8914 1029 
13928 1850 9017 1849 
13929 6292 6293 6291 
13930 2032 2033 2030 
13931 7889 9112 1418 
13932 1126 8986 8551 
13933 2632 8992 2636 
13934 3977 4473 3681 
13935 4661 8982 5983 
13936 1019 1021 1020 
13937 7295 7296 7294 
13938 1449 8847 1452 
13939 4514 5836 5835 
13940 1012 3978 1013 
13941 4044 4683 4045 
13942 2574 3681 2573 
13943 1033 8860 1036 
13944 3473 3919 3474 
13945 1931 7575 1928 
13946 3113 8905 3117 
13947 5972 9051 4643 
13948 5292 9014 5268 
13949 4805 5594 4806 
13950 1855 8990 7733 
13951 8936 9025 7751 
13952 4031 8988 4030 
13953 5342 5343 5340 
13954 2645 2646 2644 
13955 3125 8919 3123 
13956 7281 7282 7280 
13957 2652 5325 2647 
13958 3464 9072 4102 
13959 1418 8998 1415 
13960 3376 8862 2651 
13961 7860 9088 7859 
13962 7274 8786 4531 
13963 2643 2644 2642 
13964 8988 9003 5962 
13965 4252 9086 7757 
13966 1023 8994 1026 
13967 1909 8960 1906 
13968 4033 8993 4645 
13969 3416 3931 3415 
13970 3556 9265 9211 
13971 7546 9031 7548 
13972 1439 8952 1442 
13973 8633 9072 3064 
13974 3558 4725 3907 
13975 1062 9004 8965 
13976 5304 8860 3706 
13977 1412 9075 1413 
13978 1476 9026 1473 
13979 1461 9009 1464 
13980 6930 9445 6933 
13981 5309 8960 3121 
13982 7503 8991 8612 
13983 3450 9098 4371 
13984 3580 8905 3115 
13985 990 4485 988 
13986 4521 8931 3982 
13987 1009 1012 1011 
13988 3274 9207 3278 
13989 5965 9025 8936 
13990 3690 4175 4174 
13991 7573 9035 5102 
13992 4399 6012 4867 
13993 3463 9062 3429 
13994 3115 8905 3113 
13995 3558 3907 3440 
13996 7717 9005 7718 
13997 2606 3690 3689 
13998 5791 7143 4513 
13999 4805 6332 5594 
14000 2544 9134 5322 
14001 3533 3534 3167 
14002 6003 6918 4508 
14003 5878 9006 5524 
14004 3108 8952 5307 
14005 7760 8983 8825 
14006 5962 9003 8472 
14007 1005 1006 1003 
14008 5294 8981 5296 
14009 1501 1504 1503 
14010 9017 9069 1849 
14011 1012 1013 1011 
14012 7738 9058 9014 
14013 1022 8994 1023 
14014 3556 8948 3119 
14015 2588 9084 4186 
14016 4175 4482 4481 
14017 1015 1017 1016 
14018 3110 8939 3112 
14019 2609 9049 7295 
14020 2572 2573 2571 
14021 4190 7562 5052 
14022 3300 3301 3298 
14023 7040 7462 5370 
14024 8676 8996 5292 
14025 3119 8948 3580 
14026 4375 5615 5614 
14027 5639 5640 4784 
14028 3931 4418 3415 
14029 2532 5368 2530 
14030 5969 9017 9005 
14031 5836 7103 5835 
14032 1426 9078 1427 
14033 7714 9010 7715 
14034 1015 1016 1014 
14035 3154 3415 3153 
14036 6159 8947 4842 
14037 8643 9074 7372 
14038 4482 9001 5020 
14039 1486 2514 1487 
14040 7590 9058 9036 
14041 7738 9014 8990 
14042 3416 8800 3931 
14043 5971 9172 7550 
14044 2597 2600 2599 
14045 2604 2606 2605 
14046 4673 5761 4485 
14047 1018 9007 1019 
14048 1113 9011 1112 
14049 4538 9008 3991 
14050 1019 9007 1022 
14051 1013 1015 1014 
14052 4671 7145 6005 
14053 4516 5324 3978 
14054 1008 8895 1009 
14055 8862 8982 4661 
14056 4175 4647 4482 
14057 2613 8958 2615 
14058 4981 6881 5392 
14059 8937 9065 8668 
14060 4728 9015 9003 
14061 4414 5619 4675 
14062 4845 9015 4728 
14063 3931 4784 4418 
14064 5968 9069 5969 
14065 4616 9020 7487 
14066 1442 8952 3108 
14067 3121 8960 1909 
14068 4259 8931 5814 
14069 1001 1002 999 
14070 5359 5989 4654 
14071 3557 4399 4398 
14072 4262 4654 3861 
14073 1009 1011 1010 
14074 3507 9023 3508 
14075 4725 4805 3907 
14076 4678 4679 3462 
14077 2016 2017 2015 
14078 2539 2540 2537 
14079 4647 5997 5318 
14080 2615 8958 2618 
14081 7751 9025 4641 
14082 1405 9021 1408 
14083 5319 8958 2613 
14084 3534 4041 4040 
14085 2638 8970 2634 
14086 3982 8931 4259 
14087 1005 1008 1007 
14088 3150 3153 3149 
14089 3142 3143 2543 
14090 5800 7118 5834 
14091 2600 2604 2603 
14092 2593 5338 2595 
14093 1497 1500 1499 
14094 3153 3901 3149 
14095 7703 9065 8937 
14096 5323 9124 6251 
14097 9025 9029 4641 
14098 1851 9058 7738 
14099 8652 9107 4550 
14100 8989 9046 3106 
14101 6155 6266 4858 
14102 2683 9024 2687 
14103 3173 3177 3174 
14104 3974 8973 1014 
14105 3699 8961 3700 
14106 3176 3180 3179 
14107 5421 7464 3686 
14108 1011 8973 1010 
14109 9005 9017 1853 
14110 1008 1009 1007 
14111 1460 9009 1461 
14112 1009 8895 1012 
14113 4641 9029 4640 
14114 9088 9100 7859 
14115 2618 8958 4642 
14116 2620 8967 2623 
14117 8921 9066 5992 
14118 6166 6167 4796 
14119 4650 8970 3858 
14120 1464 3142 2543 
14121 5079 9104 5081 
14122 5536 6150 5535 
14123 6420 6422 6421 
14124 4806 8999 3907 
14125 3166 3167 3163 
14126 2536 2537 2534 
14127 4647 5318 4482 
14128 8980 8995 1857 
14129 5969 9069 9017 
14130 5997 7301 5318 
14131 3117 8972 3499 
14132 4262 5800 5359 
14133 8793 9053 4543 
14134 2517 5059 2515 
14135 2623 8967 3865 
14136 7623 9039 1406 
14137 4642 8967 2620 
14138 7531 9033 7534 
14139 1001 1004 1003 
14140 1433 9150 1432 
14141 3443 9138 3572 
14142 8998 9140 1414 
14143 8767 9004 1062 
14144 5290 9004 8767 
14145 3086 9032 3089 
14146 9031 9043 4640 
14147 1848 9036 1851 
14148 5897 9034 7433 
14149 7214 7220 4681 
14150 7732 9095 9024 
14151 5381 6023 6022 
14152 5007 5037 4500 
14153 3162 3163 3160 
14154 2606 3691 3690 
14155 3144 3145 3143 
14156 1434 9117 1435 
14157 7551 9172 9152 
14158 3172 3176 3175 
14159 5126 9037 4545 
14160 2581 8956 5349 
14161 1005 1007 1006 
14162 997 998 995 
14163 968 4980 4165 
14164 3146 3147 3145 
14165 5020 9001 7366 
14166 7177 7179 5794 
14167 7442 9115 5319 
14168 3146 3149 3147 
14169 3972 4502 3971 
14170 8692 9097 8909 
14171 4564 9042 5882 
14172 1464 9009 3142 
14173 3452 9038 3140 
14174 1004 1005 1003 
14175 1430 9121 1431 
14176 3499 8972 4669 
14177 4487 8961 3699 
14178 7051 9350 7050 
14179 3700 3980 3861 
14180 7474 9044 5088 
14181 8803 9066 5298 
14182 5401 5408 5399 
14183 8990 9014 5292 
14184 3859 9119 2691 
14185 8909 9097 7764 
14186 2598 9049 2602 
14187 5298 9066 8921 
14188 7426 9250 7425 
14189 7300 9274 9179 
14190 3069 9043 3543 
14191 3144 3146 3145 
14192 4079 4271 3909 
14193 5752 5769 4502 
14194 3686 3687 2540 
14195 5998 9019 7281 
14196 6277 6278 5410 
14197 7296 7392 7391 
14198 9214 9248 5364 
14199 1459 9183 1458 
14200 3978 8962 1013 
14201 3068 9047 3895 
14202 3858 8970 2638 
14203 5304 9055 8860 
14204 3142 3144 3143 
14205 3177 3502 3178 
14206 2650 8985 3486 
14207 3085 9046 3088 
14208 8905 8972 3117 
14209 9462 9483 7223 
14210 1414 9057 1411 
14211 7642 9056 7641 
14212 2609 7295 7294 
14213 2455 9408 2457 
14214 2634 8970 8863 
14215 7607 9053 8793 
14216 5972 9112 9051 
14217 3190 3193 3189 
14218 3676 3966 3965 
14219 1409 9052 1412 
14220 3502 3917 3503 
14221 1036 9055 8901 
14222 2647 8985 2646 
14223 2583 8956 2581 
14224 7788 9109 4252 
14225 997 1000 999 
14226 7194 9158 7191 
14227 3166 5339 3533 
14228 5342 6315 5343 
14229 8860 9055 1036 
14230 993 994 991 
14231 1013 8962 1015 
14232 9240 9249 7241 
14233 5800 5834 5359 
14234 2646 8985 2650 
14235 5408 9136 5399 
14236 3700 3861 2590 
14237 5045 5727 5046 
14238 2514 8913 1487 
14239 5968 9088 9069 
14240 8869 9051 8757 
14241 1020 8984 1017 
14242 1014 8973 1011 
14243 7414 9030 7324 
14244 5325 8985 2647 
14245 3440 8999 2652 
14246 4643 9051 8869 
14247 5305 9058 7590 
14248 1504 2512 1505 
14249 5981 9233 9151 
14250 6251 9157 6336 
14251 7392 7394 7393 
14252 3200 3203 3201 
14253 3168 5350 3170 
14254 2600 4260 2604 
14255 1994 1995 1993 
14256 6193 6420 6194 
14257 2557 3678 2556 
14258 8757 9051 5306 
14259 1000 1001 999 
14260 1001 1003 1002 
14261 1017 8984 1016 
14262 1109 9064 1108 
14263 4294 4414 3919 
14264 3146 9018 3150 
14265 7510 8961 4487 
14266 7345 9239 1470 
14267 2586 8956 2583 
14268 4262 5359 4654 
14269 5409 5410 5408 
14270 3429 9062 3924 
14271 1016 8984 4514 
14272 5587 6020 4373 
14273 5318 9001 4482 
14274 3473 4294 3919 
14275 993 996 995 
14276 5984 9178 5333 
14277 4379 9176 4878 
14278 7725 9179 4189 
14279 1920 9142 1919 
14280 5339 5341 5340 
14281 2551 2554 2550 
14282 5324 9113 8962 
14283 6012 6014 4867 
14284 3158 5348 3156 
14285 4503 7045 5775 
14286 4835 6193 5357 
14287 7315 9166 8868 
14288 3166 3533 3167 
14289 1952 8745 1951 
14290 1094 9148 1091 
14291 4048 4691 4273 
14292 3976 4499 3975 
14293 1951 3157 3156 
14294 3525 9175 4375 
14295 4514 8984 5836 
14296 4294 5535 4414 
14297 1902 9152 1901 
14298 5043 5821 4519 
14299 3533 9061 3534 
14300 4035 9151 4657 
14301 8962 9113 1018 
14302 1438 9103 8952 
14303 1105 9071 1104 
14304 7748 9080 2642 
14305 5328 9018 3144 
14306 8668 9065 3106 
14307 4294 9059 5536 
14308 2652 8999 5325 
14309 3980 4262 3861 
14310 4186 9084 7493 
14311 8868 9166 3738 
14312 4989 7387 6913 
14313 9071 9074 1104 
14314 3064 9072 3464 
14315 1849 9069 8681 
14316 5355 9055 5304 
14317 3557 8908 4399 
14318 1090 9156 1087 
14319 5970 9142 9080 
14320 3907 8999 3440 
14321 8849 9073 5291 
14322 997 999 998 
14323 1015 8962 1018 
14324 4676 8908 3180 
14325 996 997 995 
14326 5341 6291 5342 
14327 3973 4162 3678 
14328 7665 9095 7732 
14329 5339 5340 3533 
14330 2512 8714 1505 
14331 1416 9073 8849 
14332 9086 9109 7753 
14333 7788 9126 9109 
14334 4858 9002 4725 
14335 4649 9126 7788 
14336 1104 9074 8643 
14337 6885 9283 7106 
14338 4469 4994 4993 
14339 1434 9209 9117 
14340 1416 9075 9073 
14341 3686 7464 3687 
14342 5971 9195 9187 
14343 5635 6118 5634 
14344 4372 4373 3884 
14345 9083 9097 5300 
14346 1487 8913 1489 
14347 5307 9103 7555 
14348 989 992 991 
14349 7775 9137 4649 
14350 5357 9063 4124 
14351 3157 3159 3158 
14352 5317 9140 5972 
14353 2642 9080 1925 
14354 5341 5342 5340 
14355 972 3967 970 
14356 7758 9081 7384 
14357 2561 5287 2563 
14358 1946 9120 1945 
14359 4805 9002 6332 
14360 4476 7362 2538 
14361 9057 9082 1410 
14362 1413 9075 1416 
14363 5992 9066 6101 
14364 5755 5756 5037 
14365 1086 9159 1083 
14366 2584 9084 2588 
14367 987 988 985 
14368 5324 8962 3978 
14369 3159 3161 3160 
14370 4725 9002 4805 
14371 7462 9516 9513 
14372 3977 4508 4473 
14373 6003 7226 6918 
14374 1427 9078 1430 
14375 3147 9000 3151 
14376 8376 9204 1440 
14377 4194 9089 9081 
14378 1072 9161 1069 
14379 6981 6982 6980 
14380 992 993 991 
14381 2574 3977 3681 
14382 8886 9083 5300 
14383 6990 6991 6989 
14384 3161 3164 3162 
14385 3435 3559 3164 
14386 5803 9045 5043 
14387 2494 9221 5332 
14388 4511 9012 3980 
14389 9124 9157 6251 
14390 8727 9170 5806 
14391 3901 9000 3149 
14392 3451 8997 4043 
14393 5975 9155 7775 
14394 1082 9167 1079 
14395 4489 6877 3967 
14396 2525 2526 2522 
14397 1925 9080 1923 
14398 1951 8745 3157 
14399 1078 9167 4644 
14400 4399 4867 4398 
14401 6014 6372 4867 
14402 4835 6195 6193 
14403 3162 3166 3163 
14404 5336 9154 7252 
14405 1507 8714 1510 
14406 2521 2522 2519 
14407 990 4673 4485 
14408 5979 9141 4650 
14409 3180 3557 3179 
14410 3485 6019 4376 
14411 5970 9178 9142 
14412 7757 9086 8983 
14413 3917 4070 3918 
14414 1951 3156 1949 
14415 3142 9009 5328 
14416 4649 9137 9126 
14417 3149 9000 3147 
14418 986 3971 987 
14419 8681 9088 7860 
14420 2565 2568 2567 
14421 1489 8913 1492 
14422 4497 4498 4162 
14423 3203 3422 3204 
14424 993 995 994 
14425 9069 9088 8681 
14426 3559 9169 9093 
14427 2046 2047 2044 
14428 3144 9018 3146 
14429 5976 9163 5975 
14430 3534 9061 4041 
14431 4816 4817 4271 
14432 4663 9290 9206 
14433 1988 9134 1991 
14434 3161 3162 3160 
14435 2555 2556 2554 
14436 5978 9174 5976 
14437 9051 9112 5306 
14438 4673 7029 5761 
14439 5343 9061 5340 
14440 6266 9002 4858 
14441 8983 9086 8825 
14442 1440 9102 1437 
14443 6014 6373 6372 
14444 5300 9097 8692 
14445 4186 7493 5039 
14446 2572 2574 2573 
14447 8952 9103 5307 
14448 1955 8745 1952 
14449 3194 3509 3193 
14450 1934 9162 1933 
14451 5967 9100 5968 
14452 5838 9160 4655 
14453 3159 3160 3158 
14454 2068 2069 2066 
14455 5975 9163 9155 
14456 992 9090 993 
14457 4035 9242 9151 
14458 1955 9171 7567 
14459 4418 9040 3415 
14460 8825 9086 7753 
14461 8958 9115 4642 
14462 5978 9181 9174 
14463 5985 9195 5335 
14464 5319 9115 8958 
14465 2595 9028 2597 
14466 1483 9114 1486 
14467 4969 6800 5414 
14468 3450 3451 3192 
14469 5972 9140 8998 
14470 5770 5771 4498 
14471 6197 9181 5978 
14472 3176 3179 3175 
14473 5967 9106 9100 
14474 1005 9125 1008 
14475 5609 9192 5611 
14476 7211 9104 5079 
14477 5306 9112 7889 
14478 3157 3158 3156 
14479 3557 4124 3179 
14480 2568 2572 2571 
14481 5968 9100 9088 
14482 983 984 981 
14483 3467 4048 3876 
14484 5536 9205 6151 
14485 7319 9030 3730 
14486 4550 9107 5849 
14487 7432 9106 5967 
14488 3153 9040 3901 
14489 4175 9050 4647 
14490 3415 9040 3153 
14491 5990 9206 5330 
14492 7753 9109 5974 
14493 5340 9061 3533 
14494 4262 9012 5800 
14495 993 9090 996 
14496 5341 9169 6292 
14497 3958 4462 4461 
14498 5587 6375 6374 
14499 3690 9050 4175 
14500 6119 6120 6118 
14501 3977 6002 4508 
14502 4691 6039 4692 
14503 9553 9687 6039 
14504 9093 9169 5339 
14505 4188 9129 7467 
14506 7775 9155 9137 
14507 2590 9060 2586 
14508 979 980 977 
14509 4371 9098 5635 
14510 3980 9012 4262 
14511 989 991 990 
14512 9199 9234 1915 
14513 2597 9028 2600 
14514 5344 9222 5995 
14515 4679 4798 4796 
14516 7494 9189 7295 
14517 3180 8908 3557 
14518 983 986 985 
14519 4679 4796 3462 
14520 4654 9060 3861 
14521 997 9116 1000 
14522 4070 4803 4264 
14523 1505 8714 1507 
14524 3510 4128 3509 
14525 2064 2065 2062 
14526 4398 4835 4124 
14527 5988 9209 9121 
14528 3168 3169 2514 
14529 989 990 988 
14530 4502 5346 3971 
14531 3691 9050 3690 
14532 9109 9126 5974 
14533 3557 4398 4124 
14534 6002 6003 4508 
14535 4798 6168 6166 
14536 5781 7050 5822 
14537 2076 2077 2074 
14538 3151 9059 3473 
14539 5364 6024 5365 
14540 979 982 981 
14541 5976 9174 9163 
14542 1577 1580 1579 
14543 4803 6097 4804 
14544 7217 9358 9276 
14545 2691 9119 3993 
14546 4266 4665 3863 
14547 3191 3192 3188 
14548 1435 9117 1438 
14549 3680 3969 2526 
14550 986 987 985 
14551 8867 9173 8926 
14552 5371 6001 4665 
14553 5338 9028 2595 
14554 2039 9353 2468 
14555 1001 9143 1004 
14556 987 989 988 
14557 996 9116 997 
14558 5738 5739 4491 
14559 3930 9186 3512 
14560 3421 3647 3646 
14561 7572 9130 5309 
14562 3170 3171 3169 
14563 8926 9173 7359 
14564 1431 9121 1434 
14565 4798 6166 4796 
14566 1621 1624 1623 
14567 1486 3168 2514 
14568 7166 9132 5803 
14569 4036 9186 5838 
14570 4266 5781 5371 
14571 1956 9171 1955 
14572 1004 9125 1005 
14573 8972 9124 5323 
14574 5974 9126 5973 
14575 1438 9117 9103 
14576 3172 3175 3173 
14577 3172 3173 3171 
14578 2606 9070 3691 
14579 7417 9246 9062 
14580 2604 9070 2606 
14581 4172 4490 3969 
14582 8834 9202 4253 
14583 1482 9114 1483 
14584 5616 5617 4409 
14585 6132 6133 6106 
14586 9117 9209 7556 
14587 7351 9133 7287 
14588 3170 3172 3171 
14589 3187 3188 3185 
14590 5727 6809 5728 
14591 1455 9232 1454 
14592 5587 6374 6020 
14593 5041 7290 2523 
14594 3423 3717 3716 
14595 9167 9274 4644 
14596 7817 9263 3867 
14597 4133 6503 6502 
14598 2572 3869 2574 
14599 1527 1530 1529 
14600 8905 9124 8972 
14601 975 976 973 
14602 4980 4981 4165 
14603 3227 3426 3226 
14604 982 983 981 
14605 2600 9028 4260 
14606 4777 6062 4071 
14607 9389 9499 6015 
14608 3473 9059 4294 
14609 7324 9030 7319 
14610 1916 9199 1915 
14611 968 9077 4980 
14612 4485 9087 988 
14613 3168 3170 3169 
14614 3861 9060 2590 
14615 5756 7112 5037 
14616 5013 7209 4176 
14617 4473 9068 4989 
14618 9102 9229 1436 
14619 4372 5587 4373 
14620 9073 9202 5291 
14621 9126 9137 5973 
14622 4508 9068 4473 
14623 946 4968 4156 
14624 978 9085 979 
14625 1898 9187 1897 
14626 3177 3599 3502 
14627 7613 9291 4204 
14628 3687 3975 3863 
14629 983 985 984 
14630 9000 9059 3151 
14631 2586 9060 8956 
14632 4260 9070 2604 
14633 3163 9091 3160 
14634 5069 9225 3744 
14635 5043 9045 5821 
14636 6167 9096 4796 
14637 9202 9216 4253 
14638 4204 9138 3443 
14639 3580 9124 8905 
14640 5994 9211 5991 
14641 1018 9113 9007 
14642 3197 3230 3199 
14643 3172 9092 3176 
14644 5973 9137 8666 
14645 985 9087 984 
14646 3485 9344 6019 
14647 975 978 977 
14648 3579 5364 4400 
14649 8960 9130 1905 
14650 1486 9114 3168 
14651 3971 9054 987 
14652 4528 9220 4527 
14653 5350 9092 3170 
14654 6103 6104 4817 
14655 8143 8145 671 
14656 1456 9210 1457 
14657 7586 9224 8858 
14658 9130 9152 1905 
14659 6881 6882 5392 
14660 4157 4958 4957 
14661 3450 4371 3884 
14662 9310 9342 4818 
14663 979 981 980 
14664 3450 3884 3451 
14665 1523 1526 1525 
14666 5328 9190 7388 
14667 9080 9142 1923 
14668 7586 9231 9224 
14669 5829 9231 7342 
14670 4373 8997 3884 
14671 1974 8636 1973 
14672 974 9122 975 
14673 3158 9091 5348 
14674 1923 9142 1920 
14675 3166 9093 5339 
14676 3195 9128 3197 
14677 1973 3182 3181 
14678 5781 5822 5371 
14679 5861 9140 5317 
14680 1436 9150 1433 
14681 3687 3863 2540 
14682 978 979 977 
14683 7407 9202 9073 
14684 3580 9157 9124 
14685 8814 9182 7182 
14686 4519 9129 4188 
14687 3884 8997 3451 
14688 1091 9148 1090 
14689 6194 9253 5357 
14690 979 9085 982 
14691 3164 9093 3162 
14692 3559 9093 3164 
14693 7615 9281 7613 
14694 5627 6033 4862 
14695 4253 9216 7712 
14696 8970 9141 8863 
14697 5980 9226 5351 
14698 4803 6098 6097 
14699 6282 6283 6281 
14700 4657 9151 5980 
14701 3582 9227 4321 
14702 6902 7069 5739 
14703 671 8145 437 
14704 971 974 973 
14705 1481 9288 1480 
14706 4650 9141 8970 
14707 1000 9143 1001 
14708 5346 9198 9054 
14709 5033 5810 4506 
14710 7306 9220 5099 
14711 5979 9204 9141 
14712 9137 9155 8666 
14713 3462 9096 3435 
14714 987 9054 989 
14715 5309 9130 8960 
14716 3924 9245 9242 
14717 7295 9189 7296 
14718 5303 9154 5336 
14719 1087 9156 1086 
14720 4835 9101 6195 
14721 1905 9152 1902 
14722 4371 5634 4372 
14723 969 970 967 
14724 9227 9233 4321 
14725 4989 9068 7387 
14726 2528 9251 3696 
14727 8863 9141 5329 
14728 3183 5363 3181 
14729 3692 9254 9189 
14730 4266 5371 4665 
14731 4321 9233 4839 
14732 7712 9223 3583 
14733 3162 9093 3166 
14734 3952 4445 4444 
14735 968 4165 969 
14736 8666 9155 3136 
14737 1519 1522 1521 
14738 9054 9198 992 
14739 6007 9315 7411 
14740 5803 9132 9045 
14741 2537 9067 2534 
14742 2734 9224 3990 
14743 4371 4372 3884 
14744 1973 8636 3182 
14745 3160 9091 3158 
14746 2534 9067 2532 
14747 3917 4818 4070 
14748 9155 9163 3136 
14749 6983 6984 6982 
14750 1949 9120 1946 
14751 5771 6831 6829 
14752 1897 9208 1894 
14753 3191 3450 3192 
14754 974 975 973 
14755 975 977 976 
14756 5821 9129 4519 
14757 5980 9227 9226 
14758 3968 4154 3667 
14759 2532 9067 5368 
14760 3182 3184 3183 
14761 1083 9159 1082 
14762 4655 9160 5303 
14763 1069 9161 1068 
14764 988 9087 985 
14765 3975 4266 3863 
14766 1432 9182 8814 
14767 5604 9245 6158 
14768 3924 9242 3430 
14769 8858 9224 2731 
14770 4867 9101 4398 
14771 725 6911 232 
14772 9063 9139 3175 
14773 3435 9096 3559 
14774 972 4489 3967 
14775 5303 9160 9154 
14776 7774 9166 7315 
14777 3136 9163 8735 
14778 965 966 963 
14779 9223 9226 3583 
14780 2544 5322 2546 
14781 5348 9120 3156 
14782 4861 4862 4082 
14783 7077 7126 7076 
14784 3717 5399 5398 
14785 9168 9173 7314 
14786 1901 9187 1898 
14787 6278 6981 6980 
14788 4398 9101 4835 
14789 7756 9286 1462 
14790 1937 9162 1934 
14791 5760 7008 4488 
14792 7325 9333 1492 
14793 6372 9101 4867 
14794 2502 2505 2501 
14795 9216 9223 7712 
14796 3184 3186 3185 
14797 9263 9284 3867 
14798 2557 3973 3678 
14799 4686 5735 4467 
14800 2010 9221 2013 
14801 7550 9172 7551 
14802 5989 9219 4654 
14803 3170 9092 3172 
14804 1079 9167 1078 
14805 950 4467 948 
14806 7560 9255 3990 
14807 989 9054 992 
14808 8868 9168 7314 
14809 3427 3565 3426 
14810 4077 4809 4808 
14811 5799 9237 7306 
14812 3629 8944 5722 
14813 1504 3195 2512 
14814 3973 4497 4162 
14815 965 968 967 
14816 8792 9234 7817 
14817 1968 9194 1967 
14818 7611 9176 4379 
14819 3195 3196 2512 
14820 3525 4044 3229 
14821 2563 9111 2565 
14822 3186 3189 3187 
14823 975 9122 978 
14824 9151 9242 5981 
14825 7412 9315 9303 
14826 1973 3181 1971 
14827 5347 9274 7303 
14828 8948 9157 3580 
14829 1894 9208 1893 
14830 5333 9178 5970 
14831 5334 9229 5979 
14832 2555 2557 2556 
14833 4159 4972 4951 
14834 3187 3191 3188 
14835 8735 9174 3452 
14836 3168 9114 5350 
14837 9174 9181 3452 
14838 2510 3667 2509 
14839 2483 5391 2481 
14840 7066 7078 4715 
14841 4499 9110 3975 
14842 9163 9174 8735 
14843 1959 9171 1956 
14844 5615 6281 5614 
14845 7240 9257 5812 
14846 4796 9096 3462 
14847 9245 9246 6158 
14848 4189 9179 5347 
14849 7314 9173 8867 
14850 5346 9054 3971 
14851 1462 9183 1459 
14852 1530 2466 1531 
14853 3173 9139 3177 
14854 2548 2551 2550 
14855 4497 5770 4498 
14856 4483 4484 4154 
14857 3175 9139 3173 
14858 4044 9105 4683 
14859 968 969 967 
14860 3156 9120 1949 
14861 2433 9377 5360 
14862 4663 9265 3120 
14863 4375 9175 5615 
14864 7587 9272 4535 
14865 1470 9239 1471 
14866 9281 9291 7613 
14867 5971 9187 9172 
14868 3186 3187 3185 
14869 8791 9238 7241 
14870 5287 9111 2563 
14871 4667 9276 3118 
14872 9208 9243 1893 
14873 1977 8636 1974 
14874 6024 6025 5365 
14875 2565 9111 2568 
14876 3184 3185 3183 
14877 3990 9255 3988 
14878 1977 9256 7492 
14879 1919 9199 1916 
14880 1541 1544 1543 
14881 5987 9280 5988 
14882 3197 9128 3230 
14883 262 7092 699 
14884 1500 9200 1501 
14885 3193 3516 3189 
14886 3182 3183 3181 
14887 1068 9270 1065 
14888 3217 3461 3460 
14889 4981 5362 4165 
14890 2490 2491 2488 
14891 971 973 972 
14892 971 972 970 
14893 5757 5758 4484 
14894 4535 9272 4536 
14895 4981 5392 5362 
14896 2551 2555 2554 
14897 964 9077 965 
14898 2506 2509 2505 
14899 961 962 959 
14900 1453 9261 1456 
14901 3512 9186 4036 
14902 969 971 970 
14903 3494 4050 3879 
14904 5022 5705 5023 
14905 7213 9184 7008 
14906 4050 5463 4277 
14907 7604 9290 5987 
14908 4951 9318 5730 
14909 9141 9204 5329 
14910 5384 5385 3565 
14911 5774 7077 7076 
14912 4185 9240 8916 
14913 5984 9234 9199 
14914 5339 9169 5341 
14915 4128 4866 4409 
14916 5587 9144 6375 
14917 5987 9290 9280 
14918 4182 9212 7397 
14919 957 958 955 
14920 7303 9274 9167 
14921 5392 5393 5362 
14922 2497 9405 2495 
14923 7242 9192 5609 
14924 5335 9195 5971 
14925 4266 9110 5781 
14926 5984 9199 9178 
14927 961 964 963 
14928 5364 5365 4400 
14929 3452 9181 9038 
14930 5979 9229 9102 
14931 2454 5034 2452 
14932 4128 4409 3509 
14933 965 967 966 
14934 3177 9139 3599 
14935 6387 6388 6133 
14936 3973 6018 4497 
14937 6025 6400 5365 
14938 3228 3229 3225 
14939 5329 9204 8376 
14940 3199 3200 3198 
14941 1537 1540 1539 
14942 3975 9110 4266 
14943 7745 9284 8982 
14944 957 960 959 
14945 4866 6262 5616 
14946 4853 7261 5568 
14947 2540 9146 2537 
14948 6262 6296 5616 
14949 3199 3202 3200 
14950 7407 9216 9202 
14951 3967 9153 970 
14952 5823 9285 8808 
14953 3197 3198 3196 
14954 4161 4967 4966 
14955 8879 9271 8955 
14956 1995 7469 3219 
14957 5061 9302 2668 
14958 5635 9307 6119 
14959 5985 9208 9195 
14960 967 9153 966 
14961 7099 7141 4687 
14962 965 9077 968 
14963 1474 9277 1475 
14964 3579 4317 3422 
14965 5330 9206 7604 
14966 964 965 963 
14967 4665 9146 3863 
14968 6146 6147 5386 
14969 8808 9285 7767 
14970 8955 9271 7632 
14971 4866 5616 4409 
14972 2487 2488 2485 
14973 2517 9127 5059 
14974 960 9131 961 
14975 3197 3199 3198 
14976 5291 9202 8834 
14977 7296 9189 7392 
14978 1460 9190 9009 
14979 5627 6285 6033 
14980 4372 9144 5587 
14981 3195 3197 3196 
14982 2555 3872 2557 
14983 3224 3225 3222 
14984 5401 5409 5408 
14985 9669 9729 6287 
14986 4258 9297 4039 
14987 4496 5009 4178 
14988 1478 9279 1479 
14989 2306 2309 2307 
14990 4522 9295 4521 
14991 5990 9265 9206 
14992 5634 9144 4372 
14993 7069 7070 5739 
14994 3633 3958 3957 
14995 5543 6290 6289 
14996 1978 9256 1977 
14997 5986 9243 5985 
14998 953 954 951 
14999 9059 9205 5536 
15000 5985 9243 9208 
15001 5748 6935 4480 
15002 4968 4969 4156 
15003 3203 3579 3422 
15004 5045 5046 4475 
15005 960 961 959 
15006 2060 2061 2059 
15007 920 4159 4150 
15008 9434 9439 7376 
15009 7147 9405 9340 
15010 9172 9187 1901 
15011 9000 9205 9059 
15012 5396 5642 5387 
15013 2519 9127 2517 
15014 3675 3676 2491 
15015 3210 3214 3211 
15016 3969 3970 2526 
15017 4400 5565 4317 
15018 1457 9210 1460 
15019 5925 9216 7407 
15020 9183 9314 1458 
15021 9009 9190 5328 
15022 1942 9303 1941 
15023 9371 9381 7285 
15024 4165 9135 969 
15025 5991 9211 5990 
15026 3423 9215 3717 
15027 5409 6277 5410 
15028 1718 1719 1717 
15029 961 963 962 
15030 3213 3217 3216 
15031 2304 2306 2305 
15032 6986 6990 6989 
15033 5966 9222 5344 
15034 9195 9208 1897 
15035 1545 1548 1547 
15036 2522 9127 2519 
15037 7465 9260 5032 
15038 3558 9304 4726 
15039 7237 9295 5058 
15040 3863 9146 2540 
15041 1996 7469 1995 
15042 3901 9205 9000 
15043 4861 5627 4862 
15044 1460 9210 9190 
15045 3579 4400 4317 
15046 1477 9326 1476 
15047 3188 9180 3185 
15048 953 956 955 
15049 9139 9253 3599 
15050 5925 9223 9216 
15051 992 9198 9090 
15052 5099 9220 4528 
15053 1548 2416 1549 
15054 7285 9381 8815 
15055 5353 9223 5925 
15056 3209 3213 3212 
15057 9063 9253 9139 
15058 957 959 958 
15059 2537 9146 9067 
15060 3422 9215 3423 
15061 1995 3219 3218 
15062 5989 9286 9219 
15063 5726 7304 4459 
15064 9178 9199 1919 
15065 3525 4082 4044 
15066 7152 9430 9347 
15067 5617 9191 4409 
15068 2466 9099 1531 
15069 2731 9224 2734 
15070 4479 6885 5743 
15071 7217 9297 5345 
15072 7316 9225 5069 
15073 9121 9209 1434 
15074 970 9153 967 
15075 3525 4375 4082 
15076 6800 6801 5414 
15077 3240 3241 3239 
15078 7745 9316 9284 
15079 769 8218 8217 
15080 3220 5373 3218 
15081 5353 9226 9223 
15082 4803 9185 6098 
15083 9060 9219 8956 
15084 969 9135 971 
15085 5351 9226 5353 
15086 4654 9219 9060 
15087 956 957 955 
15088 3696 9251 4496 
15089 7215 9336 944 
15090 961 9131 964 
15091 3734 3735 3527 
15092 4506 9212 4182 
15093 7361 9404 7360 
15094 3183 9180 5363 
15095 9222 9261 5995 
15096 5350 9259 7385 
15097 952 9201 953 
15098 1458 9232 1455 
15099 3583 9227 3582 
15100 8956 9219 5349 
15101 5574 9935 5480 
15102 3228 3525 3229 
15103 3214 3504 3215 
15104 3394 9359 4077 
15105 5980 9233 9227 
15106 1999 9323 7380 
15107 7342 9231 7586 
15108 1478 9362 9279 
15109 9206 9265 4663 
15110 3191 9177 9098 
15111 3189 9177 3187 
15112 1990 9278 1989 
15113 947 948 945 
15114 6981 6983 6982 
15115 9226 9227 3583 
15116 9477 9487 5576 
15117 4375 5614 4861 
15118 4046 4047 3461 
15119 3195 9200 9128 
15120 4862 9105 4082 
15121 5358 9328 6156 
15122 4070 9185 4803 
15123 6009 9362 9277 
15124 3966 4474 3965 
15125 5400 5401 5399 
15126 4818 9185 4070 
15127 6017 9400 7347 
15128 3717 5400 5399 
15129 1971 9194 1968 
15130 9297 9395 4039 
15131 3126 9316 3129 
15132 5848 9229 5334 
15133 3579 9214 5364 
15134 4082 9105 4044 
15135 3504 3908 3505 
15136 6047 6299 5642 
15137 1050 9319 1047 
15138 971 9135 974 
15139 3187 9177 3191 
15140 9234 9263 7817 
15141 9242 9245 5981 
15142 1915 9234 8792 
15143 5018 5796 4494 
15144 5009 9165 5763 
15145 946 4156 947 
15146 3219 3221 3220 
15147 9209 9280 7556 
15148 2524 9251 2528 
15149 3185 9180 3183 
15150 7169 9237 5799 
15151 4057 4729 4056 
15152 9127 9508 7358 
15153 4961 5689 5688 
15154 1531 9099 1533 
15155 1064 9238 8791 
15156 2416 8968 1549 
15157 3430 9242 4035 
15158 957 9235 960 
15159 5995 9321 5996 
15160 5810 9212 4506 
15161 4375 4861 4082 
15162 1456 9261 9222 
15163 3516 9177 3189 
15164 1046 9324 1043 
15165 953 9201 956 
15166 5981 9245 5604 
15167 953 955 954 
15168 7455 9301 5338 
15169 5457 7216 2489 
15170 5363 9194 3181 
15171 956 9235 957 
15172 8916 9240 7279 
15173 7128 9228 6935 
15174 950 4686 4467 
15175 1471 9239 1474 
15176 3509 9191 3193 
15177 5758 6706 6705 
15178 3221 3223 3222 
15179 949 952 951 
15180 5359 9314 5989 
15181 5400 5564 5401 
15182 1501 9200 1504 
15183 5661 5662 4739 
15184 3205 5376 3207 
15185 5362 9135 4165 
15186 9169 9262 6292 
15187 952 953 951 
15188 3924 9246 9245 
15189 5628 5629 4354 
15190 4686 6891 5735 
15191 9189 9254 7392 
15192 5767 9213 5018 
15193 6197 9250 9181 
15194 5409 6279 6277 
15195 1893 9243 8977 
15196 3230 9498 9404 
15197 1042 9329 1039 
15198 6809 6810 5728 
15199 2462 2463 2459 
15200 3223 3226 3224 
15201 943 944 941 
15202 3426 3551 3226 
15203 83 8218 769 
15204 2546 9188 2548 
15205 7507 9342 9310 
15206 3200 9214 3203 
15207 5812 9257 7238 
15208 5727 5728 5046 
15209 7582 9347 4181 
15210 3202 9214 3200 
15211 3988 9255 4535 
15212 3250 3253 3251 
15213 1064 9270 9238 
15214 3516 9307 9177 
15215 5032 9260 5774 
15216 3224 3228 3225 
15217 1995 3218 1993 
15218 5988 9280 9209 
15219 3968 4483 4154 
15220 2458 2459 2456 
15221 7647 9343 7648 
15222 5705 6586 5706 
15223 1999 7469 1996 
15224 8094 8095 727 
15225 3696 4496 4178 
15226 4041 9320 4040 
15227 4671 9320 7145 
15228 6001 9317 4665 
15229 4714 5471 5445 
15230 8608 9373 1484 
15231 9038 9250 7426 
15232 5403 5405 5404 
15233 7030 9217 5767 
15234 6547 6548 5575 
15235 3181 9194 1971 
15236 7507 9310 3599 
15237 2123 9676 2326 
15238 2376 9608 2378 
15239 9062 9246 3924 
15240 4200 9358 7647 
15241 1038 9338 1035 
15242 3193 9191 3516 
15243 9232 9268 1454 
15244 1452 9261 1453 
15245 1504 9200 3195 
15246 6423 9342 6421 
15247 1034 9338 4659 
15248 2510 3968 3667 
15249 6290 6344 6343 
15250 1533 9099 1536 
15251 4475 8927 4474 
15252 5983 9263 5984 
15253 4185 9249 9240 
15254 7392 9254 7394 
15255 3717 9215 5400 
15256 1981 9256 1978 
15257 9004 9341 5816 
15258 5364 9248 6024 
15259 5322 9188 2546 
15260 3223 3224 3222 
15261 9151 9233 5980 
15262 4483 5757 4484 
15263 7348 9400 9385 
15264 4686 6892 6891 
15265 3733 9118 4503 
15266 924 4166 922 
15267 1935 9361 1936 
15268 3120 9265 3556 
15269 2548 9188 2551 
15270 3219 3220 3218 
15271 6981 6987 6983 
15272 7413 9287 5348 
15273 4180 9305 7327 
15274 3217 3460 3216 
15275 3221 3222 3220 
15276 7230 9483 7231 
15277 1065 9270 1064 
15278 2498 2502 2501 
15279 5615 9382 6282 
15280 5290 9341 9004 
15281 9219 9286 5349 
15282 5986 9281 9243 
15283 4409 9191 3509 
15284 943 946 945 
15285 9096 9262 3559 
15286 5321 9273 9271 
15287 7647 9358 9343 
15288 4149 4936 4460 
15289 3242 3526 3241 
15290 4536 9272 5316 
15291 4644 9274 7300 
15292 5321 9271 8879 
15293 8811 9273 5321 
15294 3908 4079 3909 
15295 4317 9215 3422 
15296 6167 9262 9096 
15297 5590 5591 5418 
15298 1492 9333 1493 
15299 947 949 948 
15300 5807 9348 8907 
15301 2494 5332 2496 
15302 9609 9622 7121 
15303 2506 2510 2509 
15304 4969 5372 4156 
15305 946 947 945 
15306 9975 9991 2099 
15307 3203 9214 3579 
15308 5388 5433 5389 
15309 5989 9314 9183 
15310 8907 9348 7617 
15311 5385 5387 5386 
15312 4969 5414 5372 
15313 3118 9276 4200 
15314 949 950 948 
15315 4472 9312 8944 
15316 3599 9310 3502 
15317 9316 9322 3129 
15318 3466 3467 3244 
15319 3253 3411 3254 
15320 4470 4471 3961 
15321 7055 9562 1554 
15322 2504 9340 2500 
15323 2624 9410 7280 
15324 9361 9386 1939 
15325 9470 9787 2045 
15326 5349 9286 7756 
15327 935 936 933 
15328 5983 9284 9263 
15329 9177 9307 9098 
15330 4694 4974 4166 
15331 9272 9282 5316 
15332 949 951 950 
15333 5357 9253 9063 
15334 7556 9280 4664 
15335 4503 9118 7045 
15336 1563 1566 1565 
15337 4496 5787 5009 
15338 9181 9250 9038 
15339 3865 9352 2626 
15340 939 940 937 
15341 1484 9288 1481 
15342 2502 2506 2505 
15343 3917 9310 4818 
15344 5414 5415 5372 
15345 3960 3961 3630 
15346 6623 6624 5731 
15347 5316 9282 5790 
15348 1475 9277 1478 
15349 5753 6993 5801 
15350 5385 5386 3565 
15351 9280 9290 4664 
15352 6104 6132 6106 
15353 8688 9285 5823 
15354 2029 9615 7032 
15355 4344 5543 5542 
15356 2000 9323 1999 
15357 5397 6021 4680 
15358 9284 9316 3867 
15359 4272 4680 3870 
15360 1479 9279 1482 
15361 3559 9262 9169 
15362 5984 9263 9234 
15363 1930 9381 1932 
15364 4664 9290 4663 
15365 2468 9353 5406 
15366 4995 9658 9618 
15367 3622 3952 3951 
15368 939 942 941 
15369 7461 9416 7459 
15370 1482 9259 9114 
15371 7252 9291 5986 
15372 3968 6028 4483 
15373 8977 9281 7615 
15374 4467 9247 948 
15375 8982 9284 5983 
15376 9028 9301 4260 
15377 9282 9296 5790 
15378 2042 2043 2041 
15379 5774 9260 7077 
15380 3666 3963 2463 
15381 5986 9291 9281 
15382 1938 9330 1937 
15383 3675 9218 3676 
15384 3436 9389 4678 
15385 9287 9303 1945 
15386 4079 4816 4271 
15387 3631 5388 3962 
15388 942 943 941 
15389 5387 6146 5386 
15390 3213 3216 3212 
15391 4260 9301 9133 
15392 935 938 937 
15393 4923 5677 4964 
15394 5058 9295 4522 
15395 4385 9705 5602 
15396 4272 5753 5397 
15397 9321 9343 5996 
15398 7419 9440 7450 
15399 9354 9396 6119 
15400 5790 9296 7124 
15401 3216 3624 3212 
15402 943 945 944 
15403 1935 9381 9371 
15404 3243 3244 3238 
15405 3205 3206 2466 
15406 9330 9379 1937 
15407 9120 9287 1945 
15408 9261 9321 5995 
15409 5051 9387 2640 
15410 9416 9418 7459 
15411 1530 3205 2466 
15412 9243 9281 8977 
15413 4156 9197 947 
15414 5345 9297 4258 
15415 2475 2476 2474 
15416 5568 6223 6222 
15417 1482 9279 9259 
15418 3467 4049 4048 
15419 1567 1570 1569 
15420 5405 6975 5777 
15421 4160 4468 3963 
15422 7459 9418 4193 
15423 7249 9302 5061 
15424 4816 6103 4817 
15425 9338 9430 4659 
15426 5787 9165 5009 
15427 4723 4822 4821 
15428 3567 9729 9669 
15429 1496 9366 1497 
15430 4697 4698 3735 
15431 9457 9568 6023 
15432 2479 3629 2478 
15433 6326 6327 5591 
15434 4512 9376 4511 
15435 1526 9306 1527 
15436 1570 2387 1571 
15437 3237 3238 3235 
15438 945 9247 944 
15439 5046 8927 4475 
15440 974 9309 9122 
15441 2404 5425 2402 
15442 5375 9395 5865 
15443 931 932 929 
15444 4193 9422 3441 
15445 7455 9368 9301 
15446 9114 9259 5350 
15447 5617 9396 9354 
15448 1945 9303 1942 
15449 5015 7144 2460 
15450 3209 3210 3208 
15451 1941 9330 1938 
15452 4265 9493 9485 
15453 1964 9385 1963 
15454 2506 3875 2510 
15455 3207 3208 3206 
15456 3676 3965 3870 
15457 4459 9218 3675 
15458 5362 9309 9135 
15459 938 939 937 
15460 3209 3212 3210 
15461 9135 9309 974 
15462 1452 9321 9261 
15463 4159 4951 4150 
15464 3225 9264 3222 
15465 2366 6937 2364 
15466 4052 4713 4053 
15467 9401 9402 6004 
15468 947 9197 949 
15469 5338 9301 9028 
15470 3247 3268 3249 
15471 3441 9304 3558 
15472 5628 6165 5629 
15473 4494 9305 4180 
15474 4983 7063 4167 
15475 939 941 940 
15476 5348 9287 9120 
15477 9275 9567 6994 
15478 931 934 933 
15479 7103 9517 9419 
15480 5401 9230 5409 
15481 5018 9213 5796 
15482 3207 3209 3208 
15483 5564 9230 5401 
15484 6147 9267 5386 
15485 5561 6221 6220 
15486 7179 9376 5794 
15487 9279 9362 7386 
15488 4469 4993 4468 
15489 5753 5801 5397 
15490 9288 9403 1480 
15491 5999 9475 9455 
15492 3245 9300 3247 
15493 2477 2478 2476 
15494 1559 1562 1561 
15495 4660 6046 6045 
15496 3220 9264 5373 
15497 4785 9401 6004 
15498 7411 9315 7412 
15499 5403 5404 3688 
15500 927 928 925 
15501 934 935 933 
15502 5865 9395 9297 
15503 3676 3870 2491 
15504 1525 9435 1524 
15505 3205 3207 3206 
15506 6063 6064 5465 
15507 3538 9427 4344 
15508 935 937 936 
15509 3504 4313 3908 
15510 3502 9310 3917 
15511 3867 9316 3126 
15512 2461 9408 4170 
15513 902 4149 3956 
15514 9418 9422 4193 
15515 1993 9278 1990 
15516 2441 2444 2440 
15517 5767 9217 9213 
15518 4376 5651 5628 
15519 3341 6746 2164 
15520 3949 4431 4430 
15521 3228 9258 9175 
15522 5834 9314 5359 
15523 3226 9258 3224 
15524 3551 9258 3226 
15525 2017 3232 3231 
15526 9397 9451 5407 
15527 5375 9401 9395 
15528 3411 3927 3412 
15529 948 9247 945 
15530 1620 9417 1617 
15531 2036 9353 2039 
15532 1510 9383 1511 
15533 4994 6587 4993 
15534 2018 9013 2017 
15535 4272 5397 4680 
15536 7376 9439 9111 
15537 7304 9218 4459 
15538 1047 9319 1046 
15539 3551 9382 9258 
15540 5373 9278 3218 
15541 5409 9230 6279 
15542 6132 6387 6133 
15543 4040 9320 4671 
15544 3645 9510 3339 
15545 9301 9368 9133 
15546 2387 9048 1571 
15547 7744 9322 7745 
15548 6001 9373 9317 
15549 954 9266 951 
15550 3224 9258 3228 
15551 6007 9330 9315 
15552 2488 9236 2485 
15553 3209 9289 3213 
15554 5393 9309 5362 
15555 4820 9402 4668 
15556 4426 5686 4909 
15557 9146 9317 9067 
15558 1043 9324 1042 
15559 3565 9267 3426 
15560 1480 9326 1477 
15561 8847 9321 1452 
15562 7198 9491 1536 
15563 3233 5382 3231 
15564 4665 9317 9146 
15565 6295 9406 4820 
15566 2449 3626 2448 
15567 4853 5568 5567 
15568 2485 9236 2483 
15569 5417 5418 4720 
15570 2483 9236 5391 
15571 927 930 929 
15572 3965 4272 3870 
15573 9098 9307 5635 
15574 5565 9334 4317 
15575 3222 9264 3220 
15576 949 9197 952 
15577 4820 9406 9402 
15578 3243 3485 3466 
15579 931 933 932 
15580 2351 6864 2349 
15581 5825 9328 5358 
15582 3485 4376 4354 
15583 1028 9409 1025 
15584 9067 9317 5368 
15585 3243 3466 3244 
15586 7454 9368 7455 
15587 7286 9386 9361 
15588 3426 9267 3551 
15589 7286 9371 7283 
15590 3232 3234 3233 
15591 1039 9329 1038 
15592 2003 9323 2000 
15593 5376 9289 3207 
15594 950 9266 4686 
15595 5576 6549 6547 
15596 2412 2413 2409 
15597 5796 9305 4494 
15598 9697 9709 3682 
15599 5372 9197 4156 
15600 6623 6625 6624 
15601 9026 9350 7051 
15602 7197 9555 1540 
15603 951 9266 950 
15604 7280 9410 5997 
15605 2054 9377 2057 
15606 3278 3394 3277 
15607 1024 9411 1021 
15608 6006 9379 6007 
15609 4079 5559 4816 
15610 6007 9379 9330 
15611 4686 9266 6892 
15612 7745 9322 9316 
15613 3466 9327 3467 
15614 930 931 929 
15615 3961 8944 3630 
15616 4376 5628 4354 
15617 3260 3264 3261 
15618 3234 3236 3235 
15619 2017 9013 3232 
15620 7330 9457 3747 
15621 4949 7142 6582 
15622 921 922 919 
15623 3705 9419 3983 
15624 2408 2409 2406 
15625 3597 4127 3943 
15626 920 4150 921 
15627 3245 3246 2416 
15628 1548 3245 2416 
15629 3631 9420 5388 
15630 906 4451 904 
15631 2012 9365 2011 
15632 1035 9338 1034 
15633 5531 6054 4834 
15634 3630 8944 3629 
15635 4699 5712 4451 
15636 7236 9459 3869 
15637 4348 4853 4852 
15638 4488 9184 3702 
15639 3218 9278 1993 
15640 9328 9431 6156 
15641 1493 9333 1496 
15642 3236 3239 3237 
15643 2017 3231 2015 
15644 4474 9275 3965 
15645 5371 9403 6001 
15646 7000 10094 3369 
15647 2164 2166 2165 
15648 471 8087 8083 
15649 3735 9355 3527 
15650 5777 7147 5404 
15651 7454 9386 9368 
15652 5405 5777 5404 
15653 6046 6930 6929 
15654 5374 9430 7163 
15655 8907 9341 5290 
15656 3485 4354 3466 
15657 9215 9334 5400 
15658 3237 3243 3238 
15659 1476 9350 9026 
15660 7236 9472 9459 
15661 4317 9334 9215 
15662 3959 4138 3626 
15663 2445 2448 2444 
15664 2083 9511 2417 
15665 3210 9269 3214 
15666 7283 9371 7285 
15667 4857 5451 5450 
15668 4181 9347 5374 
15669 7648 9343 8847 
15670 6421 9342 7507 
15671 924 4694 4166 
15672 926 927 925 
15673 4123 9520 7006 
15674 5386 9267 3565 
15675 923 926 925 
15676 8847 9343 9321 
15677 3247 9300 3268 
15678 927 929 928 
15679 2021 9013 2018 
15680 944 9336 941 
15681 1939 9386 7454 
15682 1527 9306 1530 
15683 9307 9354 6119 
15684 3624 9269 3212 
15685 9343 9358 5996 
15686 9258 9382 9175 
15687 7157 9348 5807 
15688 3236 3237 3235 
15689 941 9336 940 
15690 5722 9312 7102 
15691 4694 6775 4974 
15692 6008 9443 6009 
15693 2496 9294 2498 
15694 7349 9356 5363 
15695 3234 3235 3233 
15696 3212 9269 3210 
15697 7157 9349 9348 
15698 8782 9349 7157 
15699 1514 9413 1515 
15700 9315 9330 1941 
15701 6622 6626 6623 
15702 3205 9306 5376 
15703 3522 4348 4347 
15704 4464 4465 4138 
15705 4470 5737 4471 
15706 8984 9414 5836 
15707 2626 9352 3984 
15708 939 9363 942 
15709 3207 9289 3209 
15710 7103 9423 5835 
15711 4833 4834 3946 
15712 5689 6571 6570 
15713 3481 4055 3882 
15714 3232 3233 3231 
15715 4055 5498 4282 
15716 2300 7054 1637 
15717 5629 9327 4354 
15718 3960 4470 3961 
15719 917 918 915 
15720 3526 4329 4328 
15721 6156 9468 6248 
15722 7453 9448 6008 
15723 1544 9360 1545 
15724 5400 9334 5564 
15725 1936 9361 1939 
15726 6008 9448 9443 
15727 4272 9275 5753 
15728 3526 4328 3241 
15729 2498 9294 2502 
15730 3263 3267 3266 
15731 7163 9430 9338 
15732 917 920 919 
15733 2491 9313 2488 
15734 4329 5576 5575 
15735 5996 9358 7217 
15736 5730 6622 5731 
15737 3649 3650 3648 
15738 4909 9471 5476 
15739 3493 3494 3280 
15740 3467 9327 4049 
15741 2732 9444 2730 
15742 9317 9373 5368 
15743 2479 3630 3629 
15744 5677 6542 5678 
15745 5332 9294 2496 
15746 5675 9308 4905 
15747 6622 6623 5731 
15748 9412 9453 1959 
15749 3965 9275 4272 
15750 913 914 911 
15751 5576 6547 5575 
15752 3155 9450 2725 
15753 4077 9359 4809 
15754 7446 9450 3155 
15755 938 9363 939 
15756 9535 9537 7299 
15757 1010 9436 1007 
15758 3494 9298 4050 
15759 1500 9366 9357 
15760 5617 9354 9191 
15761 1960 9412 1959 
15762 920 921 919 
15763 6001 9403 9288 
15764 880 4426 4132 
15765 2670 9450 7516 
15766 3249 3250 3248 
15767 9055 9429 8901 
15768 7452 9590 7449 
15769 4329 5575 4328 
15770 3632 3633 2413 
15771 9191 9354 3516 
15772 5022 5023 4462 
15773 5476 6966 6963 
15774 8901 9429 7115 
15775 931 9375 934 
15776 9194 9356 1967 
15777 2454 9299 5034 
15778 3249 3252 3250 
15779 5368 9373 8608 
15780 5388 5389 3962 
15781 1497 9366 1500 
15782 4680 9313 3870 
15783 3247 3248 3246 
15784 6955 6956 5732 
15785 913 916 915 
15786 9356 9385 1967 
15787 1935 9371 9361 
15788 4354 9327 3466 
15789 6144 9487 9477 
15790 1530 9306 3205 
15791 1500 9357 9200 
15792 935 9399 938 
15793 5355 9438 7554 
15794 4405 6029 3550 
15795 3527 9355 3526 
15796 923 924 922 
15797 923 925 924 
15798 5038 9463 2592 
15799 5475 5480 5473 
15800 9431 9468 6156 
15801 3247 3249 3248 
15802 3252 9663 9628 
15803 5354 9438 5355 
15804 3245 3247 3246 
15805 8944 9312 5722 
15806 4951 5383 4150 
15807 9368 9386 7287 
15808 9061 9431 4041 
15809 4993 4995 4468 
15810 921 923 922 
15811 4996 7074 2410 
15812 1932 9381 1935 
15813 3447 3695 3694 
15814 4951 5730 5383 
15815 3253 3574 3411 
15816 3279 3280 3276 
15817 1581 1584 1583 
15818 5702 7164 4438 
15819 5794 9376 4512 
15820 2472 2475 2474 
15821 3264 3446 3265 
15822 3539 6031 4402 
15823 7322 9498 7323 
15824 4043 9451 5366 
15825 4500 9454 4499 
15826 7453 9460 9448 
15827 1986 9455 1985 
15828 1589 1592 1591 
15829 5730 5731 5383 
15830 9133 9368 7287 
15831 1585 1588 1587 
15832 909 910 907 
15833 4809 6117 4808 
15834 6930 6932 6931 
15835 4520 9472 5308 
15836 8908 9460 6013 
15837 7566 9499 4197 
15838 2477 2479 2478 
15839 2572 9439 3869 
15840 7204 9387 5051 
15841 7287 9386 7286 
15842 930 9375 931 
15843 4698 5379 5378 
15844 6022 9475 5380 
15845 917 919 918 
15846 8216 10487 6030 
15847 7008 9184 4488 
15848 1967 9385 1964 
15849 1963 9412 1960 
15850 952 9393 9201 
15851 9277 9362 1478 
15852 2468 5406 2470 
15853 5804 9434 7167 
15854 4197 9389 3436 
15855 7013 9577 9507 
15856 3870 9313 2491 
15857 2456 9299 2454 
15858 9200 9357 9128 
15859 5363 9356 9194 
15860 9111 9439 2568 
15861 3963 3964 2463 
15862 2436 9577 2434 
15863 5379 6145 6144 
15864 5389 5390 3962 
15865 3259 3263 3262 
15866 916 917 915 
15867 5446 7016 5390 
15868 7443 9467 9115 
15869 4698 5378 3735 
15870 1511 9383 1514 
15871 919 9335 918 
15872 1521 9497 1520 
15873 4166 9335 922 
15874 3516 9354 9307 
15875 1937 9379 9162 
15876 7361 9481 9404 
15877 5372 9393 9197 
15878 2475 2477 2476 
15879 9414 9517 5836 
15880 2488 9313 9236 
15881 4118 4121 4117 
15882 4338 5561 5560 
15883 2479 3631 3630 
15884 9361 9371 7286 
15885 2459 9299 2456 
15886 4170 9408 7183 
15887 5568 6222 5567 
15888 4936 5720 4460 
15889 7577 9473 4042 
15890 7112 9454 5037 
15891 4906 5695 5694 
15892 9389 9397 4678 
15893 3631 3960 3630 
15894 7360 9404 7322 
15895 3688 9340 2504 
15896 909 912 911 
15897 4642 9467 8967 
15898 3977 9459 6002 
15899 3238 9346 3235 
15900 9197 9393 952 
15901 4039 9395 8800 
15902 1522 9462 1523 
15903 5531 6294 6054 
15904 5446 7017 7016 
15905 3869 9459 2574 
15906 5379 6144 5378 
15907 9460 9473 6013 
15908 6995 9652 1576 
15909 5375 9402 9401 
15910 3958 4461 3957 
15911 7347 9400 7348 
15912 4471 9331 4949 
15913 4149 4460 3956 
15914 5378 9355 3735 
15915 8083 8087 8085 
15916 4150 9311 921 
15917 9476 9527 7331 
15918 5389 5446 5390 
15919 3275 3276 3273 
15920 3245 9360 9300 
15921 2500 9405 2497 
15922 3631 3962 3960 
15923 913 915 914 
15924 6119 9396 6120 
15925 4675 9478 7577 
15926 489 7080 488 
15927 912 913 911 
15928 3290 3292 3289 
15929 3522 9244 4348 
15930 9395 9401 8800 
15931 4701 9244 3267 
15932 2375 5447 2373 
15933 8800 9401 4785 
15934 4668 9402 5375 
15935 7567 9486 7566 
15936 5737 9331 4471 
15937 934 9399 935 
15938 4675 9488 9478 
15939 902 9345 4149 
15940 3719 3720 3530 
15941 1006 9480 1003 
15942 3233 9346 5382 
15943 9175 9382 5615 
15944 2457 9408 2461 
15945 3610 3949 3948 
15946 908 9292 909 
15947 4660 9464 6046 
15948 3666 9514 4160 
15949 5619 9488 4675 
15950 4853 5567 4852 
15951 6017 9412 9400 
15952 9402 9406 6004 
15953 4047 9637 9585 
15954 7577 9478 9473 
15955 6004 9406 6304 
15956 5705 5706 5023 
15957 7224 9407 9251 
15958 903 904 901 
15959 4041 9431 9328 
15960 5415 9393 5372 
15961 2015 9365 2012 
15962 5822 9403 5371 
15963 3239 9344 3237 
15964 4833 5531 4834 
15965 1025 9409 1024 
15966 5619 9492 9488 
15967 6046 6929 6045 
15968 3243 9344 3485 
15969 5388 9392 5433 
15970 4816 9351 6103 
15971 9251 9407 4496 
15972 9344 9421 6019 
15973 3230 9481 3199 
15974 5376 9449 7222 
15975 5404 9340 3688 
15976 5559 9351 4816 
15977 3255 5411 3257 
15978 921 9311 923 
15979 5997 9410 7301 
15980 6029 9433 3550 
15981 3235 9346 3233 
15982 6041 9573 7207 
15983 1545 9360 1548 
15984 3237 9344 3243 
15985 922 9335 919 
15986 9782 9790 3679 
15987 1021 9411 1020 
15988 6017 9453 9412 
15989 6006 9416 9379 
15990 7029 9617 9522 
15991 7429 9522 4173 
15992 5573 5574 5480 
15993 909 911 910 
15994 909 9292 912 
15995 6274 6276 6275 
15996 3493 3946 3494 
15997 2475 4275 2477 
15998 9411 9414 1020 
15999 4348 4852 4347 
16000 3493 4340 3946 
16001 2025 9580 7148 
16002 884 4434 882 
16003 7365 9549 7361 
16004 3267 3522 3266 
16005 3279 3493 3280 
16006 2044 9339 2043 
16007 913 9325 916 
16008 7147 9340 5404 
16009 5382 9365 3231 
16010 6016 9453 6017 
16011 4949 9331 7142 
16012 1002 9500 999 
16013 906 4699 4451 
16014 1020 9414 8984 
16015 3271 5419 3269 
16016 2433 5360 2435 
16017 5602 6378 6377 
16018 905 908 907 
16019 1515 9413 1518 
16020 4480 9228 3693 
16021 6006 9418 9416 
16022 7514 9540 1528 
16023 9362 9443 7386 
16024 7299 9537 9188 
16025 4170 7183 4985 
16026 6021 9479 4680 
16027 6020 9536 9530 
16028 4699 6642 5712 
16029 908 909 907 
16030 4496 9407 5787 
16031 7246 9432 5373 
16032 2415 9503 3672 
16033 3526 9355 4329 
16034 902 3956 903 
16035 4523 9517 5841 
16036 899 900 897 
16037 1548 9360 3245 
16038 912 9325 913 
16039 6005 9418 6006 
16040 5439 5441 5440 
16041 4340 5551 4833 
16042 6009 9443 9362 
16043 7093 7095 7094 
16044 6964 6965 5477 
16045 1536 9491 1537 
16046 9382 9425 6282 
16047 3983 9419 4523 
16048 10136 10138 6082 
16049 4834 9298 3946 
16050 998 9504 995 
16051 3231 9365 2015 
16052 2445 2449 2448 
16053 2437 2441 2440 
16054 1593 1596 1595 
16055 2449 3959 3626 
16056 4405 6030 6029 
16057 4855 6057 4069 
16058 7144 9883 4151 
16059 9162 9416 7461 
16060 3946 9298 3494 
16061 1526 9449 9306 
16062 9292 9293 912 
16063 4718 5698 4434 
16064 3480 9534 4338 
16065 1596 2371 1597 
16066 6005 9422 9418 
16067 3522 4131 3266 
16068 5072 9516 7463 
16069 3255 3256 2387 
16070 3718 9283 4479 
16071 923 9311 926 
16072 2043 3270 3269 
16073 3959 4464 4138 
16074 5835 9423 5837 
16075 5366 9451 9397 
16076 1603 1606 1605 
16077 3695 4720 4719 
16078 3263 3266 3262 
16079 2043 9339 3270 
16080 5324 9513 8876 
16081 4852 4854 4347 
16082 7462 9513 5370 
16083 5672 10077 9520 
16084 7145 9422 6005 
16085 4516 9513 5324 
16086 4699 6643 6642 
16087 4340 4833 3946 
16088 994 9512 991 
16089 9513 9516 8876 
16090 990 9512 4673 
16091 9486 9499 7566 
16092 1611 1614 1613 
16093 5383 9311 4150 
16094 1578 9745 7001 
16095 9400 9412 1963 
16096 3270 3272 3271 
16097 4454 4455 3954 
16098 1519 9505 1522 
16099 5031 9531 2542 
16100 1528 9435 1525 
16101 9379 9416 9162 
16102 3272 3274 3273 
16103 9293 9325 912 
16104 6930 6931 6929 
16105 3275 3279 3276 
16106 4328 9421 3241 
16107 5442 5675 4905 
16108 895 896 893 
16109 5436 6044 4688 
16110 4278 4688 3873 
16111 5729 6679 5766 
16112 3274 3277 3275 
16113 4659 9430 7152 
16114 3394 4077 3550 
16115 899 902 901 
16116 4836 6301 6300 
16117 3267 9244 3522 
16118 3293 3529 3292 
16119 1625 1628 1627 
16120 6031 6032 4402 
16121 2443 9507 2439 
16122 7208 9573 9559 
16123 5543 6289 5542 
16124 6208 6209 6143 
16125 3960 9370 4470 
16126 2038 9469 2037 
16127 3241 9421 3239 
16128 5355 9429 9055 
16129 3969 9502 3970 
16130 903 905 904 
16131 7167 9434 7376 
16132 2441 2445 2444 
16133 9590 9595 7449 
16134 1570 3255 2387 
16135 4684 9527 5381 
16136 9632 9634 7229 
16137 4491 9519 4490 
16138 5429 5478 5430 
16139 3632 9372 3633 
16140 4798 9545 6168 
16141 7203 9558 3872 
16142 3522 4347 4131 
16143 9528 9601 3529 
16144 4479 9283 6885 
16145 9267 9425 3551 
16146 5343 9431 9061 
16147 902 903 901 
16148 2379 2380 2377 
16149 7443 9590 9467 
16150 6999 7000 3359 
16151 1007 9436 1006 
16152 5841 9517 9414 
16153 2086 2087 2085 
16154 905 906 904 
16155 6096 10184 10030 
16156 6147 9425 9267 
16157 7127 9489 7076 
16158 2383 2384 2380 
16159 6020 9530 4373 
16160 3959 4660 4464 
16161 3953 3954 3612 
16162 7365 9564 9549 
16163 4344 9427 5543 
16164 2021 9561 7146 
16165 3970 9508 2526 
16166 3394 3550 3277 
16167 4278 5729 5436 
16168 905 907 906 
16169 4460 5412 3956 
16170 3538 4052 3343 
16171 2424 2427 2423 
16172 3239 9421 9344 
16173 5016 9750 7033 
16174 2522 9508 9127 
16175 6624 9495 5731 
16176 7203 9569 9558 
16177 3391 3564 3563 
16178 1985 9496 1982 
16179 858 4417 3945 
16180 5390 9370 3962 
16181 3291 3343 3288 
16182 7386 9443 4677 
16183 4804 9564 7365 
16184 3274 3275 3273 
16185 3962 9370 3960 
16186 3257 3258 3256 
16187 7516 9548 1913 
16188 3739 9444 2732 
16189 4435 9557 5684 
16190 898 9345 899 
16191 5676 6516 5675 
16192 1566 9447 1567 
16193 3427 9553 5384 
16194 4077 4808 4405 
16195 2568 9439 2572 
16196 1913 9541 1914 
16197 9278 9432 1989 
16198 2047 9339 2044 
16199 6290 6343 6289 
16200 9432 9455 1989 
16201 4660 6045 5732 
16202 891 892 889 
16203 9443 9448 4677 
16204 3259 3260 3258 
16205 9306 9449 5376 
16206 6117 6325 4808 
16207 895 898 897 
16208 9357 9498 9128 
16209 7323 9498 9357 
16210 4052 9388 4713 
16211 9404 9481 3230 
16212 2430 3611 2429 
16213 7450 9440 9352 
16214 2725 9450 2670 
16215 3287 3288 3285 
16216 2043 3269 2041 
16217 4127 4429 4428 
16218 4677 9448 4676 
16219 3964 9618 7137 
16220 5590 6326 5591 
16221 5343 9468 9431 
16222 5417 5590 5418 
16223 3272 3273 3271 
16224 4451 9415 904 
16225 7070 9519 5739 
16226 7187 9610 7188 
16227 4438 9372 3632 
16228 2470 9390 2472 
16229 5706 6822 5023 
16230 4679 9536 4798 
16231 4077 4405 3550 
16232 3613 5429 3955 
16233 9483 9505 7231 
16234 3270 3271 3269 
16235 5441 6816 5745 
16236 3633 3957 3873 
16237 6037 9586 9413 
16238 8997 9451 4043 
16239 2042 9470 2045 
16240 1636 2300 1637 
16241 2404 9374 5425 
16242 898 899 897 
16243 1982 9496 1981 
16244 4660 5732 4464 
16245 7491 9457 7330 
16246 1565 9598 1564 
16247 6097 9571 4804 
16248 899 901 900 
16249 4804 9571 9564 
16250 5037 9454 4500 
16251 9512 9617 4673 
16252 3259 3262 3260 
16253 1989 9455 1986 
16254 6045 6955 5732 
16255 6002 9485 6003 
16256 4923 4964 4445 
16257 6548 9515 5575 
16258 9448 9460 4676 
16259 3551 9425 9382 
16260 4426 4909 4132 
16261 3303 3391 3390 
16262 894 9367 895 
16263 2445 3878 2449 
16264 4922 5001 5000 
16265 1959 9453 9171 
16266 7223 9483 7230 
16267 3257 3259 3258 
16268 6016 9486 9453 
16269 2574 9459 3977 
16270 7122 9463 5038 
16271 7453 9473 9460 
16272 4329 9477 5576 
16273 3621 3622 2384 
16274 4722 4723 3720 
16275 3300 3304 3301 
16276 3447 9466 3695 
16277 5373 9432 9278 
16278 966 9543 963 
16279 3255 3257 3256 
16280 4676 9460 8908 
16281 891 894 893 
16282 5729 5766 5436 
16283 5786 9535 7105 
16284 2472 9390 2475 
16285 2371 9147 1597 
16286 901 9415 900 
16287 6935 9228 4480 
16288 2428 2429 2427 
16289 899 9345 902 
16290 7185 9582 6018 
16291 2555 9537 3872 
16292 3336 3338 3337 
16293 1615 1618 1617 
16294 2080 9511 2083 
16295 1523 9462 1526 
16296 3633 3873 2413 
16297 887 888 885 
16298 3539 4307 3446 
16299 894 895 893 
16300 9457 9476 3747 
16301 4402 4851 4307 
16302 2406 9374 2404 
16303 4507 9569 5356 
16304 699 7092 7091 
16305 2417 9511 5437 
16306 9188 9537 2551 
16307 6315 9468 5343 
16308 6994 9567 7219 
16309 2008 9559 2007 
16310 3956 9380 903 
16311 1526 9462 9449 
16312 3264 3539 3446 
16313 4689 9661 9574 
16314 2073 9789 6874 
16315 9115 9467 4642 
16316 5308 9472 7236 
16317 9496 9539 1981 
16318 9352 9440 3984 
16319 9451 9530 5407 
16320 895 897 896 
16321 5380 9475 5999 
16322 9435 9572 1524 
16323 3299 3303 3302 
16324 887 890 889 
16325 4042 9473 7453 
16326 7164 9372 4438 
16327 4855 6058 6057 
16328 5406 9390 2470 
16329 1540 9555 1541 
16330 1607 1610 1609 
16331 4278 5436 4688 
16332 890 9394 891 
16333 2105 9619 2389 
16334 2409 9374 2406 
16335 927 9532 930 
16336 9136 9574 5398 
16337 2228 2230 2229 
16338 903 9380 905 
16339 4328 9515 9421 
16340 6142 6143 4724 
16341 1599 9147 1602 
16342 3539 4402 4307 
16343 5649 6463 5650 
16344 6046 9445 6930 
16345 2108 2109 2107 
16346 2479 9420 3631 
16347 9536 9545 4798 
16348 1633 1636 1635 
16349 6013 9478 6012 
16350 7492 9568 7491 
16351 5439 5440 3677 
16352 9563 9640 9145 
16353 7358 9489 7127 
16354 1003 9480 1002 
16355 5421 9607 7275 
16356 4520 9485 9472 
16357 9473 9478 6013 
16358 3973 9558 6018 
16359 3964 9484 2463 
16360 3872 9558 2557 
16361 6021 9540 9479 
16362 895 9367 898 
16363 2477 9420 2479 
16364 9478 9488 6012 
16365 891 893 892 
16366 2475 9390 4275 
16367 6964 6996 6965 
16368 5680 6383 5681 
16369 3446 9466 3447 
16370 5590 6328 6326 
16371 1720 1721 1719 
16372 3957 4278 3873 
16373 2459 9484 9299 
16374 890 891 889 
16375 5490 5982 4054 
16376 7135 9525 7134 
16377 3259 9442 3263 
16378 2022 9561 2021 
16379 3199 9481 3202 
16380 4876 5014 4341 
16381 6012 9488 6014 
16382 6208 6263 6209 
16383 881 882 879 
16384 3268 9673 9610 
16385 9532 9566 930 
16386 3952 4444 3951 
16387 3304 3500 3305 
16388 904 9415 901 
16389 2463 9484 2459 
16390 9488 9492 6014 
16391 5421 9614 9607 
16392 5396 9584 6047 
16393 5383 9495 9311 
16394 3539 9461 6031 
16395 6014 9492 6373 
16396 3283 5427 3281 
16397 1524 9497 1521 
16398 1554 9562 1555 
16399 1629 1632 1631 
16400 5474 6274 6273 
16401 4822 5704 4821 
16402 2062 9196 2061 
16403 9313 9479 9236 
16404 3538 4344 4069 
16405 3393 3553 3392 
16406 1659 1662 1661 
16407 3295 5428 3297 
16408 9171 9486 7567 
16409 4275 9420 2477 
16410 3500 3942 3501 
16411 9904 9919 3668 
16412 3328 3392 3327 
16413 9453 9486 9171 
16414 7361 9549 9481 
16415 6003 9493 7226 
16416 6022 9496 9475 
16417 4680 9479 9313 
16418 3276 9437 3273 
16419 4406 9746 3618 
16420 2061 3282 3281 
16421 3672 9503 4463 
16422 1537 9491 1540 
16423 4385 5602 5601 
16424 7218 9606 5770 
16425 910 9426 907 
16426 9311 9495 926 
16427 883 886 885 
16428 1618 2324 1619 
16429 6850 6853 6848 
16430 4376 9554 5651 
16431 2026 9580 2025 
16432 5476 9471 6966 
16433 3538 4069 4052 
16434 5411 9442 3257 
16435 5410 9585 5408 
16436 5576 9487 6549 
16437 6289 6314 5542 
16438 3695 5416 4720 
16439 9236 9479 5391 
16440 6015 9499 6016 
16441 3291 3538 3343 
16442 4344 5542 4855 
16443 1597 9147 1599 
16444 1522 9505 9483 
16445 9467 9590 7452 
16446 999 9500 998 
16447 6105 9628 7186 
16448 5412 9538 9380 
16449 7331 9616 5423 
16450 3271 9437 5419 
16451 4461 9424 3957 
16452 5718 6607 6532 
16453 5416 5417 4720 
16454 905 9380 908 
16455 2411 9503 2415 
16456 3282 3284 3283 
16457 5416 5605 5417 
16458 880 4132 881 
16459 6144 9477 5378 
16460 4105 4892 4424 
16461 9128 9498 3230 
16462 887 889 888 
16463 5381 9527 9476 
16464 984 9583 981 
16465 6542 6543 5678 
16466 3287 3291 3288 
16467 3942 5473 5472 
16468 3277 9433 3275 
16469 6016 9499 9486 
16470 884 4718 4434 
16471 891 9394 894 
16472 9380 9538 908 
16473 4732 4733 3553 
16474 1567 9447 1570 
16475 3260 9461 3264 
16476 4455 5442 4905 
16477 3550 9433 3277 
16478 906 9426 4699 
16479 9421 9515 6019 
16480 5360 9544 2435 
16481 4490 9502 3969 
16482 5677 5678 4964 
16483 6057 9388 4069 
16484 7172 9369 1602 
16485 886 887 885 
16486 6023 9539 6022 
16487 3275 9433 3279 
16488 3255 9447 5411 
16489 907 9426 906 
16490 2056 9542 2055 
16491 6022 9539 9496 
16492 8997 9530 9451 
16493 6018 9582 4497 
16494 9475 9496 1985 
16495 5397 9572 6021 
16496 7229 9634 9294 
16497 995 9504 994 
16498 980 9589 977 
16499 9378 9544 5360 
16500 9450 9548 7516 
16501 4699 9426 6643 
16502 862 3938 860 
16503 4474 9567 9275 
16504 1518 9505 1519 
16505 4718 6574 5698 
16506 877 878 875 
16507 2041 9469 2038 
16508 4137 4911 4327 
16509 9485 9493 6003 
16510 5731 9495 5383 
16511 4344 4855 4069 
16512 5412 9380 3956 
16513 3284 3286 3285 
16514 7291 9614 5053 
16515 4420 4903 4419 
16516 5441 5745 5440 
16517 4436 4898 3938 
16518 4069 9388 4052 
16519 4059 5434 4286 
16520 2526 9508 2522 
16521 3613 9600 5429 
16522 3695 9466 5416 
16523 2061 9196 3282 
16524 3720 9528 3530 
16525 3262 9461 3260 
16526 3286 3289 3287 
16527 5053 9614 5421 
16528 5745 7013 5440 
16529 1593 9521 1596 
16530 3672 4463 4161 
16531 9971 9989 2256 
16532 991 9512 990 
16533 9472 9485 6002 
16534 4151 9514 3666 
16535 976 9599 973 
16536 3292 3628 3289 
16537 3273 9437 3271 
16538 3564 3929 3563 
16539 5370 9513 4516 
16540 972 9599 4489 
16541 6624 9532 9495 
16542 2061 3281 2059 
16543 9497 9518 1520 
16544 5770 9606 5771 
16545 6033 9630 9627 
16546 5476 6963 5477 
16547 6276 6419 6275 
16548 4278 9424 5729 
16549 5413 9617 7044 
16550 3257 9442 3259 
16551 5419 9469 3269 
16552 9530 9536 5407 
16553 2413 9465 2409 
16554 8876 9516 5072 
16555 2294 6645 1678 
16556 4828 6072 3940 
16557 5836 9517 7103 
16558 6274 6275 6273 
16559 3391 3563 3390 
16560 883 884 882 
16561 4422 5674 5673 
16562 2065 9196 2062 
16563 2109 6999 3359 
16564 6426 9729 6429 
16565 5676 6917 6516 
16566 7270 9525 7135 
16567 881 883 882 
16568 6142 6208 6143 
16569 6963 6964 5477 
16570 2326 9676 5420 
16571 4173 9522 5413 
16572 4047 9604 3461 
16573 9665 9721 2033 
16574 2030 9615 2029 
16575 4326 6730 4136 
16576 6426 6428 6427 
16577 7111 9647 3875 
16578 3286 3287 3285 
16579 5378 9477 9355 
16580 3957 9424 4278 
16581 5739 9519 4491 
16582 1570 9447 3255 
16583 3284 3285 3283 
16584 2435 9544 2437 
16585 5442 5676 5675 
16586 5454 9786 9751 
16587 3311 3315 3312 
16588 9367 9730 7043 
16589 877 880 879 
16590 7214 9529 5382 
16591 7111 9662 9647 
16592 883 885 884 
16593 3953 4454 3954 
16594 2382 9608 4157 
16595 4909 5476 5422 
16596 3282 3283 3281 
16597 4909 5422 4132 
16598 5434 6077 5435 
16599 4688 9465 3873 
16600 4683 9527 4684 
16601 9479 9540 5391 
16602 3264 9461 3539 
16603 2449 9464 3959 
16604 873 876 875 
16605 5740 5742 4898 
16606 9355 9477 4329 
16607 4926 6766 3372 
16608 9616 9627 5423 
16609 3959 9464 4660 
16610 5476 5477 5422 
16611 4716 6076 6075 
16612 3480 3481 3330 
16613 3403 3404 3402 
16614 7072 9531 5031 
16615 873 874 871 
16616 2430 3612 3611 
16617 6548 9554 9515 
16618 5346 9624 7390 
16619 880 881 879 
16620 5575 9515 4328 
16621 6021 9572 9435 
16622 7044 9617 9512 
16623 3438 4059 3887 
16624 9593 9638 2003 
16625 3493 9550 4340 
16626 9618 9658 7137 
16627 6033 9627 4862 
16628 7105 9535 7299 
16629 9481 9549 3202 
16630 4502 9624 5346 
16631 5391 9540 7514 
16632 4373 9530 8997 
16633 4744 6107 4346 
16634 9885 9982 6953 
16635 5442 6883 5676 
16636 1602 9369 1603 
16637 3563 4078 3390 
16638 3878 9464 2449 
16639 1558 9612 1559 
16640 5407 9536 4679 
16641 3303 3390 3302 
16642 3269 9469 2041 
16643 4307 9466 3446 
16644 3295 3296 2371 
16645 9751 9786 4319 
16646 4434 9501 882 
16647 4866 9635 6262 
16648 6287 6426 6425 
16649 5711 6565 5754 
16650 1561 9650 1560 
16651 1596 3295 2371 
16652 3915 3916 3894 
16653 5543 9651 6290 
16654 5561 6220 5560 
16655 1914 9541 1917 
16656 2551 9537 2555 
16657 2324 9332 1619 
16658 2004 9593 2003 
16659 869 870 867 
16660 876 877 875 
16661 926 9532 927 
16662 5429 5430 3955 
16663 1592 9521 1593 
16664 6029 9550 9433 
16665 6060 9946 9942 
16666 9365 9529 2011 
16667 3318 4056 3552 
16668 963 9543 962 
16669 2417 5437 2419 
16670 2421 2424 2423 
16671 6143 9601 9528 
16672 8277 9636 195 
16673 194 9636 668 
16674 7448 9548 7446 
16675 3530 9528 3529 
16676 6374 9545 6020 
16677 2166 2168 2167 
16678 7446 9548 9450 
16679 1562 9622 1563 
16680 3873 9465 2413 
16681 877 879 878 
16682 4281 4696 3877 
16683 9529 9559 2011 
16684 4314 9820 3670 
16685 9495 9532 926 
16686 930 9566 9375 
16687 5452 6052 4696 
16688 1981 9539 9256 
16689 4128 9630 4866 
16690 865 866 863 
16691 3460 9623 3216 
16692 7379 9687 4184 
16693 4338 9534 5561 
16694 4281 5711 5452 
16695 6624 9566 9532 
16696 7084 9681 6028 
16697 2400 3598 2399 
16698 2437 9544 2441 
16699 2428 2430 2429 
16700 869 872 871 
16701 2409 9465 9374 
16702 4132 9446 881 
16703 9550 9605 4340 
16704 4131 9570 3266 
16705 6023 9568 9539 
16706 2360 5484 2358 
16707 4689 9637 4046 
16708 3202 9549 9248 
16709 1603 9369 1606 
16710 4184 9553 3427 
16711 3497 3888 3498 
16712 6020 9545 9536 
16713 836 4105 3935 
16714 3315 3497 3316 
16715 879 9501 878 
16716 5475 5573 5480 
16717 5417 9482 5590 
16718 6221 6264 6220 
16719 6051 9707 9612 
16720 5605 9482 5417 
16721 3299 3302 3300 
16722 3950 4106 3598 
16723 3297 3298 3296 
16724 4811 4819 4810 
16725 1544 9551 9360 
16726 3314 3318 3317 
16727 5678 6629 4964 
16728 5514 7052 3609 
16729 516 9611 715 
16730 2424 2428 2427 
16731 1544 9555 9551 
16732 3299 3300 3298 
16733 6019 9554 4376 
16734 5590 9482 6328 
16735 4723 4821 4724 
16736 3288 9506 3285 
16737 9433 9550 3279 
16738 1596 9521 3295 
16739 4417 4435 3945 
16740 2187 2188 2186 
16741 9527 9616 7331 
16742 9549 9564 9248 
16743 1541 9555 1544 
16744 3297 3299 3298 
16745 9505 9586 7231 
16746 9796 9804 6049 
16747 6133 9646 6106 
16748 4855 9490 6058 
16749 5430 5431 3955 
16750 4055 5744 5498 
16751 9360 9551 9300 
16752 5489 6857 5431 
16753 3622 3951 3877 
16754 4723 4724 3720 
16755 2557 9558 3973 
16756 2091 9678 7061 
16757 2396 2397 2395 
16758 5382 9529 9365 
16759 4048 9640 4691 
16760 6076 6720 6719 
16761 6314 9490 5542 
16762 881 9446 883 
16763 5768 9632 7031 
16764 2011 9559 2008 
16765 3262 9570 9461 
16766 868 9456 869 
16767 9553 9563 5384 
16768 3295 3297 3296 
16769 5466 6212 4819 
16770 2367 2368 2365 
16771 873 875 874 
16772 5542 9490 4855 
16773 908 9538 9292 
16774 2430 3613 3612 
16775 4885 6417 5506 
16776 4122 4355 4121 
16777 4906 5694 4431 
16778 2506 9634 3875 
16779 872 9552 873 
16780 6036 9655 6037 
16781 2025 9561 2022 
16782 2199 9684 2246 
16783 4495 9662 5361 
16784 4995 9618 4468 
16785 872 873 871 
16786 1555 9562 1558 
16787 4449 4450 4106 
16788 1518 9586 9505 
16789 3279 9550 3493 
16790 2375 9474 5447 
16791 3613 3953 3612 
16792 2007 9593 2004 
16793 1562 9707 9622 
16794 865 868 867 
16795 3329 3330 3326 
16796 3677 9507 2443 
16797 6072 9546 3940 
16798 9515 9554 6019 
16799 2320 4080 3600 
16800 3963 9618 3964 
16801 6991 9653 6989 
16802 5489 6858 6857 
16803 9630 9635 4866 
16804 5707 5708 4450 
16805 2364 2365 2362 
16806 9294 9634 2502 
16807 3338 3420 3339 
16808 3283 9506 5427 
16809 7302 9661 6036 
16810 9564 9571 6024 
16811 5356 9569 7203 
16812 4821 6142 4724 
16813 4724 9528 3720 
16814 3304 3905 3500 
16815 6036 9661 9655 
16816 4908 4916 4907 
16817 9541 9595 1917 
16818 2087 9428 3320 
16819 3310 3314 3313 
16820 613 6737 6735 
16821 9248 9564 6024 
16822 8927 9567 4474 
16823 9461 9570 6031 
16824 5430 5489 5431 
16825 1591 9715 1590 
16826 3278 9696 6055 
16827 1619 9332 1621 
16828 7149 9694 2031 
16829 1566 9609 9447 
16830 868 869 867 
16831 7380 9668 7379 
16832 7207 9573 7208 
16833 3613 3955 3953 
16834 6024 9571 6025 
16835 7113 9698 5757 
16836 4301 5515 4747 
16837 873 9552 876 
16838 2439 9577 2436 
16839 882 9501 879 
16840 5671 6508 6506 
16841 3622 3877 2384 
16842 3609 3610 2368 
16843 9445 9704 6933 
16844 2377 9474 2375 
16845 1608 9588 1605 
16846 5711 5754 5452 
16847 4163 9690 7273 
16848 6625 9566 6624 
16849 3968 9647 6028 
16850 4358 4359 4356 
16851 864 9494 865 
16852 9256 9568 7492 
16853 3325 3326 3323 
16854 5398 9574 7302 
16855 3875 9647 2510 
16856 9539 9568 9256 
16857 3299 9523 3303 
16858 869 871 870 
16859 2146 2147 2144 
16860 2398 2399 2397 
16861 5411 9609 7120 
16862 5801 9572 5397 
16863 859 860 857 
16864 2034 9665 2033 
16865 3291 9509 9427 
16866 9136 9637 9574 
16867 6751 10001 4292 
16868 883 9446 886 
16869 3252 9645 3250 
16870 3504 9649 4313 
16871 4914 6811 5544 
16872 962 9666 959 
16873 4683 9616 9527 
16874 10048 10059 6068 
16875 517 9611 516 
16876 7155 9587 5406 
16877 3592 5495 4411 
16878 3289 9509 3287 
16879 7195 9673 7196 
16880 869 9456 872 
16881 6029 9605 9550 
16882 2088 9428 2087 
16883 3628 9509 3289 
16884 4729 9441 4056 
16885 9269 9649 3214 
16886 6742 6744 720 
16887 5428 9523 3297 
16888 2102 9619 2105 
16889 3285 9506 3283 
16890 3287 9509 3291 
16891 2029 9580 2026 
16892 4828 6073 6072 
16893 4697 9708 5479 
16894 2380 9474 2377 
16895 4740 6084 6083 
16896 3266 9570 3262 
16897 6617 6630 4912 
16898 6041 9593 9573 
16899 5474 5475 5473 
16900 4281 5452 4696 
16901 1576 9652 1577 
16902 7513 9710 1568 
16903 840 3934 838 
16904 3253 9645 3574 
16905 2059 9542 2056 
16906 6044 9643 4688 
16907 4497 9582 5770 
16908 3268 9663 3249 
16909 2424 4280 2428 
16910 5440 9507 3677 
16911 4823 6287 6286 
16912 5429 9565 5478 
16913 981 9583 980 
16914 865 867 866 
16915 958 9674 955 
16916 2188 9625 2191 
16917 11 9524 10 
16918 5422 9446 4132 
16919 3942 5474 5473 
16920 2389 9619 5426 
16921 2345 4977 2343 
16922 3949 4430 3948 
16923 865 9494 868 
16924 3951 4281 3877 
16925 9690 9693 6892 
16926 3306 5448 3308 
16927 4851 9596 4307 
16928 4276 5459 5458 
16929 3480 3940 3481 
16930 6041 9638 9593 
16931 4157 9608 7068 
16932 3480 4338 3940 
16933 977 9589 976 
16934 7583 9590 7443 
16935 4436 5740 4898 
16936 9145 9584 5396 
16937 861 864 863 
16938 1568 9598 1565 
16939 5408 9585 9136 
16940 7583 9595 9590 
16941 5474 9579 6274 
16942 1917 9595 7583 
16943 7013 9507 5440 
16944 864 865 863 
16945 4436 5741 5740 
16946 862 4436 3938 
16947 5427 9542 3281 
16948 4716 9752 6076 
16949 5474 6273 5475 
16950 6143 9528 4724 
16951 4959 5733 4452 
16952 7188 9610 7195 
16953 1621 9332 1624 
16954 6040 9638 6041 
16955 5695 6577 5694 
16956 4340 9605 5551 
16957 6426 6427 6425 
16958 4425 6456 3934 
16959 855 856 853 
16960 6028 9681 4483 
16961 6965 9642 5477 
16962 3329 3480 3330 
16963 3628 9651 9509 
16964 9447 9609 5411 
16965 7187 9663 9610 
16966 5511 9830 2301 
16967 973 9599 972 
16968 2069 9760 7019 
16969 4444 9526 3951 
16970 4338 5560 4828 
16971 5046 9680 8927 
16972 858 3945 859 
16973 2378 9608 2382 
16974 9584 9700 6047 
16975 3609 7052 3610 
16976 2087 3320 3319 
16977 3321 5449 3319 
16978 9708 9808 5463 
16979 3295 9521 5428 
16980 2145 9774 2302 
16981 6877 9614 7291 
16982 9466 9596 5416 
16983 6220 6324 5560 
16984 7275 9607 7276 
16985 3461 9604 3460 
16986 6037 9655 9586 
16987 5684 6886 5685 
16988 5393 9697 7350 
16989 5771 9606 6831 
16990 4145 5701 4143 
16991 5637 5638 4734 
16992 9413 9586 1518 
16993 6720 6722 6721 
16994 4275 9587 9392 
16995 3297 9523 3299 
16996 4415 6937 2366 
16997 3574 9672 3411 
16998 718 6710 6709 
16999 1680 1681 1679 
17000 2092 9678 2091 
17001 3888 4103 3889 
17002 7081 9771 7082 
17003 5392 9697 5393 
17004 6600 9364 5713 
17005 4056 4086 3552 
17006 3281 9542 2059 
17007 3481 9546 4055 
17008 4338 4828 3940 
17009 814 4884 4095 
17010 5757 9698 5758 
17011 4307 9596 9466 
17012 6972 9720 6969 
17013 9574 9637 4689 
17014 855 858 857 
17015 3318 3552 3317 
17016 4691 9640 9563 
17017 5704 9533 4821 
17018 2033 9615 2030 
17019 3320 3322 3321 
17020 9266 9679 6892 
17021 851 852 849 
17022 6891 9701 5735 
17023 1559 9612 1562 
17024 3302 9576 3300 
17025 9105 9616 4683 
17026 3300 9576 3304 
17027 1663 1666 1665 
17028 9668 9687 7379 
17029 7032 9796 6049 
17030 5741 6538 5740 
17031 861 862 860 
17032 859 861 860 
17033 4463 9750 6647 
17034 3519 4109 4108 
17035 4673 9617 7029 
17036 9627 9630 5423 
17037 1582 9757 7065 
17038 3953 9547 4454 
17039 4157 7068 4958 
17040 6089 10116 10110 
17041 6030 9605 6029 
17042 6209 9601 6143 
17043 5416 9596 5605 
17044 1633 9670 1636 
17045 5710 6593 4443 
17046 6666 6667 704 
17047 9573 9593 2007 
17048 9309 9692 9122 
17049 2082 9648 2081 
17050 9122 9692 6906 
17051 858 859 857 
17052 3324 3327 3325 
17053 3322 3324 3323 
17054 861 863 862 
17055 5684 5685 5444 
17056 3594 3604 3404 
17057 4468 9618 3963 
17058 9551 9673 9300 
17059 2230 2232 2231 
17060 4821 9533 6142 
17061 5769 9624 4502 
17062 6038 9754 9739 
17063 5406 9587 9390 
17064 4435 5684 5444 
17065 1563 9622 1566 
17066 7099 9644 5419 
17067 7186 9628 7187 
17068 2333 2336 2332 
17069 4281 9526 5711 
17070 3216 9623 3624 
17071 3552 4309 3317 
17072 2445 9656 3878 
17073 4435 5444 3945 
17074 6047 9732 6299 
17075 9105 9627 9616 
17076 4886 4893 4148 
17077 9390 9587 4275 
17078 2419 9556 2421 
17079 9694 9699 7154 
17080 5431 9547 3955 
17081 3955 9547 3953 
17082 3317 9591 3313 
17083 6781 6782 6780 
17084 3314 3317 3313 
17085 3325 3329 3326 
17086 9586 9655 7231 
17087 9469 9644 2037 
17088 9587 9699 9392 
17089 3951 9526 4281 
17090 4056 9441 4086 
17091 4862 9627 9105 
17092 9509 9651 9427 
17093 2313 7049 2309 
17094 2065 9741 7018 
17095 1566 9622 9609 
17096 5459 5461 5460 
17097 7031 9632 7229 
17098 3353 3356 3352 
17099 5423 9630 4128 
17100 7100 9659 3608 
17101 5512 6108 4710 
17102 3938 9581 860 
17103 847 848 845 
17104 3940 9546 3481 
17105 851 854 853 
17106 2400 3950 3598 
17107 3324 3325 3323 
17108 2384 9578 2380 
17109 3950 4449 4106 
17110 7155 9699 9587 
17111 2349 2350 2347 
17112 2110 6999 2109 
17113 2249 9844 2251 
17114 1580 9706 1581 
17115 2091 9428 2088 
17116 9327 9700 4049 
17117 7196 9673 9551 
17118 2353 2354 2350 
17119 855 857 856 
17120 9598 9738 1564 
17121 4696 9578 3877 
17122 2087 3319 2085 
17123 195 9636 194 
17124 887 9691 890 
17125 3656 3659 3658 
17126 2337 2338 2336 
17127 3304 9576 3905 
17128 3306 3307 2324 
17129 2502 9634 2506 
17130 2023 9737 2024 
17131 5637 6313 5638 
17132 6274 9621 6276 
17133 3652 3655 3654 
17134 4449 5707 4450 
17135 4055 9546 5744 
17136 6285 9635 6033 
17137 3320 3321 3319 
17138 9700 9732 6047 
17139 3322 3323 3321 
17140 9691 9727 890 
17141 3392 3549 3327 
17142 4733 4810 4734 
17143 4285 4717 3880 
17144 5700 6544 5746 
17145 857 9581 856 
17146 5486 6061 4717 
17147 1614 9664 1615 
17148 4993 9713 4995 
17149 2236 2237 2235 
17150 2421 9556 2424 
17151 4046 9637 4047 
17152 9544 9656 2441 
17153 9913 10015 5744 
17154 6482 6483 5662 
17155 5422 9642 9446 
17156 2398 2400 2399 
17157 2248 9954 788 
17158 854 855 853 
17159 4763 4765 4764 
17160 6700 6702 647 
17161 3947 4100 3587 
17162 9610 9663 3268 
17163 5437 9556 2419 
17164 6370 6371 6176 
17165 6033 9635 9630 
17166 9446 9642 886 
17167 5561 9756 6221 
17168 3308 3309 3307 
17169 4439 4440 4100 
17170 4777 6114 6062 
17171 2339 3587 2338 
17172 3500 9579 3942 
17173 2120 9676 2123 
17174 9846 9889 6153 
17175 2003 9638 9323 
17176 9930 9935 9441 
17177 6287 6425 6286 
17178 836 9602 4105 
17179 2393 2396 2395 
17180 4285 5700 5486 
17181 4049 9640 4048 
17182 651 6657 6651 
17183 4761 4763 4762 
17184 4752 6094 4753 
17185 5419 9644 9469 
17186 6044 9710 9643 
17187 6040 9668 9638 
17188 2238 2241 2237 
17189 847 850 849 
17190 3950 6068 4449 
17191 9622 9707 7121 
17192 6812 6813 5691 
17193 6106 9646 6936 
17194 4892 5668 4424 
17195 9656 9704 3878 
17196 3310 3311 3309 
17197 3250 9645 3253 
17198 850 851 849 
17199 3637 3638 3555 
17200 5649 5650 4429 
17201 843 844 841 
17202 5643 6453 5644 
17203 3310 3313 3311 
17204 6027 9721 9665 
17205 4316 4900 3604 
17206 1564 9650 1561 
17207 1618 3306 2324 
17208 1685 1686 1681 
17209 4938 4940 4939 
17210 1587 9764 1586 
17211 6909 6911 725 
17212 2389 5426 2391 
17213 6577 6579 5694 
17214 3905 9579 3500 
17215 3437 3438 3368 
17216 4105 4424 3935 
17217 6757 6760 6755 
17218 9465 9643 9374 
17219 4158 9711 7014 
17220 3308 3310 3309 
17221 851 853 852 
17222 2052 9739 2051 
17223 2510 9647 3968 
17224 4688 9643 9465 
17225 3294 9823 6929 
17226 3945 9560 859 
17227 3877 9578 2384 
17228 1584 9731 1585 
17229 3214 9649 3504 
17230 9717 9753 5446 
17231 4288 4289 3916 
17232 3597 3943 2354 
17233 843 846 845 
17234 2430 9600 3613 
17235 3306 3308 3307 
17236 2396 2398 2397 
17237 1710 1712 1711 
17238 6823 9982 6824 
17239 9374 9643 5425 
17240 4733 4734 3553 
17241 6989 9653 6992 
17242 6053 9754 5445 
17243 2266 9765 2265 
17244 7231 9655 4690 
17245 2424 9556 4280 
17246 859 9560 861 
17247 3608 9659 5671 
17248 5428 9712 6962 
17249 1588 9733 1589 
17250 3610 3948 3880 
17251 7137 9658 7136 
17252 3628 9714 7205 
17253 1577 9652 1580 
17254 6175 6176 5527 
17255 2398 3883 2400 
17256 2428 9600 2430 
17257 4127 4428 3943 
17258 2380 9578 9474 
17259 9655 9661 4690 
17260 9644 9665 2037 
17261 4362 4363 4360 
17262 5433 9699 9694 
17263 3942 9579 5474 
17264 2244 2265 2242 
17265 3315 3567 3497 
17266 5361 9662 7111 
17267 4059 5719 5434 
17268 4690 9661 4689 
17269 1636 9670 3331 
17270 860 9581 857 
17271 5674 6530 6529 
17272 3896 4302 4073 
17273 4337 6070 4287 
17274 3910 4380 3911 
17275 3359 3361 3360 
17276 5477 9642 5422 
17277 4962 6864 2351 
17278 2109 3359 3358 
17279 5644 9746 4406 
17280 959 9666 958 
17281 847 849 848 
17282 9394 9730 894 
17283 6545 9931 6544 
17284 4746 5645 4408 
17285 6076 6719 6075 
17286 4380 4865 4381 
17287 9772 9798 2049 
17288 6396 6397 5455 
17289 3249 9663 3252 
17290 5377 9828 9207 
17291 2441 9656 2445 
17292 866 9613 863 
17293 2037 9665 2034 
17294 4280 9600 2428 
17295 1711 6814 5424 
17296 4049 9700 9584 
17297 6212 6214 4819 
17298 846 847 845 
17299 5526 5527 5525 
17300 5560 9594 4828 
17301 6572 6580 6571 
17302 2066 9741 2065 
17303 4828 9594 6073 
17304 5713 9603 4959 
17305 9737 9753 2027 
17306 6324 9594 5560 
17307 2178 2180 2179 
17308 7154 9699 7155 
17309 5700 5746 5486 
17310 3367 3368 3365 
17311 4810 5637 4734 
17312 9378 9656 9544 
17313 3610 3880 2368 
17314 2045 9772 2046 
17315 2254 2288 2287 
17316 4309 9591 3317 
17317 6286 6288 4824 
17318 955 9674 954 
17319 6396 6398 6397 
17320 3331 3332 2300 
17321 3292 9714 3628 
17322 5389 9717 5446 
17323 5436 9738 6044 
17324 3310 9620 3314 
17325 6775 9908 9793 
17326 3411 9672 3927 
17327 9323 9668 7380 
17328 839 842 841 
17329 5448 9620 3308 
17330 9638 9668 9323 
17331 9674 9679 954 
17332 3357 3554 3356 
17333 4152 6949 2151 
17334 837 838 835 
17335 3367 3578 3437 
17336 4765 4767 4766 
17337 4436 9613 5741 
17338 818 4408 816 
17339 2070 9760 2069 
17340 6965 9691 9642 
17341 3395 9749 3388 
17342 9591 9671 3313 
17343 2288 4314 3670 
17344 861 9560 864 
17345 862 9613 4436 
17346 6661 6663 2157 
17347 5728 9680 5046 
17348 4285 5486 4717 
17349 3364 3365 3362 
17350 863 9613 862 
17351 7216 9793 4153 
17352 954 9679 9266 
17353 3326 9633 3323 
17354 9300 9673 3268 
17355 4483 9681 5757 
17356 9650 9688 1560 
17357 6540 6639 4954 
17358 5620 5621 4352 
17359 4876 9695 5014 
17360 5014 9742 9675 
17361 940 9763 937 
17362 840 4425 3934 
17363 5432 9721 6027 
17364 9427 9651 5543 
17365 2095 9678 2092 
17366 5582 6154 4794 
17367 6039 9687 6040 
17368 6444 6449 5652 
17369 3647 3649 3648 
17370 842 843 841 
17371 1636 3331 2300 
17372 3361 3363 3362 
17373 6786 9800 9370 
17374 7273 9690 6905 
17375 1588 9819 9733 
17376 4302 4791 4790 
17377 833 834 831 
17378 4065 5522 4754 
17379 836 3935 837 
17380 936 9766 933 
17381 3456 4794 3455 
17382 2212 4293 4292 
17383 5728 9689 9680 
17384 3948 4285 3880 
17385 6810 9689 5728 
17386 843 845 844 
17387 5671 9659 6508 
17388 4163 9693 9690 
17389 3454 3455 2277 
17390 3327 9626 3325 
17391 5516 5525 5515 
17392 6040 9687 9668 
17393 2362 9597 2360 
17394 5444 9560 3945 
17395 3321 9633 5449 
17396 5001 5003 5002 
17397 3329 9626 9534 
17398 2365 9597 2362 
17399 2213 2254 2253 
17400 5433 9717 5389 
17401 6050 9795 6051 
17402 1692 1693 1691 
17403 4452 9711 4158 
17404 2031 9694 7154 
17405 6720 6721 6719 
17406 4065 9934 5522 
17407 9643 9710 5425 
17408 918 9767 915 
17409 3363 3366 3364 
17410 9094 9810 1594 
17411 2085 9648 2082 
17412 1632 9670 1633 
17413 932 9773 929 
17414 3437 3941 3438 
17415 4959 9603 5733 
17416 2260 9759 2233 
17417 3360 5481 3358 
17418 833 836 835 
17419 2127 3345 3344 
17420 4396 4863 4826 
17421 2171 2173 2172 
17422 6052 9748 4696 
17423 2104 9734 2103 
17424 4276 9703 5459 
17425 5393 9692 9309 
17426 2360 9597 5484 
17427 5415 9782 7338 
17428 2293 3896 3577 
17429 5463 9808 9804 
17430 3888 4823 4103 
17431 3325 9626 3329 
17432 6882 9697 5392 
17433 4917 4918 4916 
17434 9378 9704 9656 
17435 3549 9626 3327 
17436 7209 9708 4697 
17437 4823 4824 4103 
17438 2232 2234 2233 
17439 886 9691 887 
17440 4950 10018 6796 
17441 3593 6080 4776 
17442 3333 3371 3335 
17443 4109 4111 4110 
17444 5758 9698 6706 
17445 2275 2276 2266 
17446 1722 1723 1721 
17447 9364 9603 5713 
17448 4823 6286 4824 
17449 5735 9701 6893 
17450 3367 3437 3368 
17451 5414 9782 5415 
17452 6044 9738 9598 
17453 6050 9801 9795 
17454 4430 9629 3948 
17455 7162 9801 6050 
17456 9857 9926 2077 
17457 3549 9756 9626 
17458 3308 9620 3310 
17459 3553 9641 3392 
17460 6915 9842 9672 
17461 6965 9727 9691 
17462 5425 9710 7513 
17463 928 9781 925 
17464 5516 6102 5526 
17465 924 9781 4694 
17466 4071 9575 3420 
17467 5454 5456 5455 
17468 890 9727 9394 
17469 7353 9709 6882 
17470 9642 9691 886 
17471 3649 4341 3650 
17472 3306 9664 5448 
17473 9207 9696 3278 
17474 5629 9700 9327 
17475 3323 9633 3321 
17476 5638 9641 4734 
17477 9708 9792 5479 
17478 4863 6390 4864 
17479 4120 5454 4353 
17480 3944 10071 6570 
17481 836 837 835 
17482 5449 9648 3319 
17483 6882 9709 9697 
17484 4823 9669 6287 
17485 4300 4301 3898 
17486 4884 4885 4095 
17487 7149 9753 9717 
17488 6175 6370 6176 
17489 1688 1689 1686 
17490 3417 5577 5468 
17491 1613 9836 1612 
17492 829 830 827 
17493 5689 6572 6571 
17494 2074 9789 2073 
17495 839 841 840 
17496 839 840 838 
17497 2261 9862 2264 
17498 3878 9704 9445 
17499 3375 4752 3479 
17500 7066 9719 5427 
17501 3660 3663 3662 
17502 1581 9706 1584 
17503 3420 9575 3421 
17504 9696 9822 6055 
17505 4910 5703 4427 
17506 1615 9664 1618 
17507 2109 3358 2107 
17508 9392 9699 5433 
17509 1594 9715 1591 
17510 3313 9671 3311 
17511 2330 2333 2332 
17512 832 9602 833 
17513 9393 9779 9201 
17514 9201 9779 7337 
17515 4050 9792 5463 
17516 3311 9671 3315 
17517 4424 5467 3935 
17518 9768 9807 2047 
17519 7149 9717 9694 
17520 6076 9683 6720 
17521 7017 9753 9737 
17522 837 839 838 
17523 9875 9883 6643 
17524 2128 6875 2127 
17525 5526 6175 5527 
17526 3361 3362 3360 
17527 6770 6783 712 
17528 2265 6896 2242 
17529 6587 9713 4993 
17530 2242 6896 2241 
17531 3947 4439 4100 
17532 4819 9667 4810 
17533 3333 3334 3332 
17534 6717 10036 709 
17535 829 832 831 
17536 5660 6207 5461 
17537 2326 5420 2328 
17538 3359 3360 3358 
17539 7001 9745 5016 
17540 6153 6339 6338 
17541 3685 9905 7012 
17542 2337 2339 2338 
17543 2333 2337 2336 
17544 4940 4942 4941 
17545 2203 3417 2205 
17546 10084 10086 2113 
17547 2339 3947 3587 
17548 3947 4716 4439 
17549 3335 3336 3334 
17550 2200 9816 2203 
17551 5629 9732 9700 
17552 4948 6763 1668 
17553 2173 2175 2174 
17554 3364 3367 3365 
17555 4984 9813 2465 
17556 3641 3642 3639 
17557 825 826 823 
17558 5463 9804 4277 
17559 5501 6135 6134 
17560 2113 6999 2110 
17561 5495 5496 4411 
17562 3363 3364 3362 
17563 4103 9703 4276 
17564 3903 3904 3643 
17565 3529 9714 3292 
17566 4740 9886 6084 
17567 9771 9798 6933 
17568 6610 9777 5692 
17569 3392 9641 3549 
17570 5520 5521 5519 
17571 2270 4742 2279 
17572 2048 9768 2047 
17573 3319 9648 2085 
17574 10196 10713 6424 
17575 3934 9685 838 
17576 4285 9629 5700 
17577 4767 4769 4768 
17578 4716 6075 5691 
17579 6380 6464 4870 
17580 833 835 834 
17581 4111 4113 4112 
17582 4810 9667 5637 
17583 5516 5526 5525 
17584 7162 9811 9801 
17585 2191 2192 2190 
17586 832 833 831 
17587 4301 5516 5515 
17588 4364 4780 4363 
17589 4462 9806 4461 
17590 9626 9756 9534 
17591 4717 9682 3880 
17592 828 9631 829 
17593 5013 9808 7209 
17594 4748 6092 4749 
17595 2142 9774 2145 
17596 4304 4870 794 
17597 1592 9712 9521 
17598 3948 9629 4285 
17599 2027 9753 7149 
17600 9370 9800 4470 
17601 3593 4071 3420 
17602 833 9602 836 
17603 2391 9654 2393 
17604 9244 9811 5469 
17605 9719 9739 2055 
17606 2247 2258 1738 
17607 2210 9843 6863 
17608 9542 9719 2055 
17609 4734 9641 3553 
17610 9612 9707 1562 
17611 5459 5660 5461 
17612 3315 9671 3567 
17613 835 9685 834 
17614 5602 6377 5601 
17615 6054 9848 9840 
17616 825 828 827 
17617 9601 9714 3529 
17618 2249 2250 2248 
17619 6778 6781 6780 
17620 6055 9869 9359 
17621 5733 9711 4452 
17622 3897 4836 4300 
17623 1712 6814 1711 
17624 4776 4777 4071 
17625 6996 9727 6965 
17626 3897 3898 3514 
17627 1618 9664 3306 
17628 3331 3333 3332 
17629 9781 9908 4694 
17630 6192 6424 6114 
17631 3497 9669 3888 
17632 2368 9682 2365 
17633 9993 10003 6067 
17634 2322 6830 2297 
17635 4120 4352 4114 
17636 6417 6418 5506 
17637 5444 9740 9560 
17638 4716 5691 4439 
17639 6977 9761 3661 
17640 4901 5655 4900 
17641 6218 6219 5492 
17642 9339 9807 5377 
17643 4714 9822 5471 
17644 3618 9746 3602 
17645 5456 6396 5455 
17646 6075 6812 5691 
17647 2141 9881 9774 
17648 6165 9732 5629 
17649 6060 9942 6884 
17650 790 2248 788 
17651 9503 9750 4463 
17652 6822 9806 5023 
17653 2024 9737 2027 
17654 1585 9731 1588 
17655 5464 9850 6063 
17656 2337 3886 2339 
17657 9560 9740 864 
17658 4787 6121 4846 
17659 2302 9774 5462 
17660 9521 9712 5428 
17661 6932 9798 9772 
17662 9670 9788 3331 
17663 828 829 827 
17664 1700 1701 1699 
17665 2276 9765 2266 
17666 2393 9654 2396 
17667 6214 9667 4819 
17668 1589 9733 1592 
17669 7022 9776 4961 
17670 4113 4115 4114 
17671 3333 3335 3334 
17672 9811 9825 5469 
17673 894 9730 9367 
17674 3335 3340 3336 
17675 3943 3944 2354 
17676 5620 6185 5621 
17677 829 831 830 
17678 4836 6300 4837 
17679 864 9740 9494 
17680 1667 1670 1669 
17681 4934 6486 4935 
17682 4704 4706 4705 
17683 2055 9739 2052 
17684 9694 9717 5433 
17685 6932 9787 6931 
17686 6026 9819 5443 
17687 2051 9768 2048 
17688 4777 6192 6114 
17689 2148 2149 2147 
17690 7021 9929 9920 
17691 6080 6081 4776 
17692 1592 9733 9712 
17693 6287 9729 6426 
17694 2310 2313 2309 
17695 3567 9669 3497 
17696 2033 9721 9615 
17697 4875 5492 4315 
17698 4336 4874 4799 
17699 5568 9838 6223 
17700 821 822 819 
17701 3338 3593 3420 
17702 7023 9876 2075 
17703 3927 9831 3412 
17704 5766 9738 5436 
17705 5427 9719 9542 
17706 4735 4914 4736 
17707 5454 5455 4353 
17708 6929 9823 6045 
17709 2069 9741 2066 
17710 9715 9853 1590 
17711 5426 9654 2391 
17712 829 9631 832 
17713 3421 9575 3647 
17714 5005 9878 5003 
17715 4299 4787 4335 
17716 3935 9657 837 
17717 5679 5680 4448 
17718 5469 9825 7261 
17719 2347 9660 2345 
17720 4769 4771 4770 
17721 9441 10024 9930 
17722 8125 9841 8123 
17723 821 824 823 
17724 5459 9703 5660 
17725 3513 3514 3355 
17726 2345 9660 4977 
17727 4919 4921 4918 
17728 6520 6610 5692 
17729 4771 4773 4772 
17730 9838 9842 6223 
17731 2195 2196 2194 
17732 5379 9854 6145 
17733 4353 5620 4352 
17734 6054 9840 4834 
17735 3396 9725 4748 
17736 5504 6174 6173 
17737 2350 9660 2347 
17738 2182 2184 2183 
17739 4297 4299 4298 
17740 2193 2194 2192 
17741 5982 9957 9849 
17742 793 9726 791 
17743 2282 2284 2258 
17744 6064 9976 9905 
17745 4750 9749 3395 
17746 3345 3347 3346 
17747 4447 4448 4084 
17748 3385 5513 3432 
17749 3880 9682 2368 
17750 825 827 826 
17751 6554 6746 3341 
17752 7026 9758 5437 
17753 2316 3561 2315 
17754 3897 4300 3898 
17755 4428 10087 6567 
17756 3939 4084 3561 
17757 5445 9754 6038 
17758 4394 6153 6152 
17759 3888 9669 4823 
17760 2292 3570 2278 
17761 3331 9788 3333 
17762 2314 2315 2313 
17763 4836 4837 4300 
17764 2309 9852 2307 
17765 837 9657 839 
17766 3396 4748 3431 
17767 3354 3573 3513 
17768 7033 9750 9503 
17769 1731 1732 1727 
17770 5643 5644 4406 
17771 3350 3351 3348 
17772 9825 9831 7261 
17773 3593 4776 4071 
17774 3927 9838 9831 
17775 838 9685 835 
17776 7079 9757 1582 
17777 1610 9834 1611 
17778 3640 9784 7085 
17779 3616 9799 3617 
17780 3382 9725 3396 
17781 814 4095 815 
17782 5685 9740 5444 
17783 5446 9753 7017 
17784 5463 9792 9708 
17785 6137 6138 5554 
17786 824 825 823 
17787 9578 9748 9474 
17788 3354 3355 3351 
17789 5516 9736 6102 
17790 2365 9682 9597 
17791 4341 9675 3650 
17792 4696 9748 9578 
17793 4115 4120 4114 
17794 815 816 813 
17795 3896 9770 4973 
17796 9703 9769 5660 
17797 9359 9892 4809 
17798 4698 9848 5379 
17799 2049 9798 7081 
17800 817 820 819 
17801 3578 9702 3437 
17802 4773 4775 4774 
17803 9729 9847 6429 
17804 4751 9812 4750 
17805 6052 9810 9748 
17806 1590 9764 1587 
17807 9474 9748 5447 
17808 4117 9786 4115 
17809 4323 4386 3591 
17810 5418 9849 4720 
17811 2187 9625 2188 
17812 3664 3915 3894 
17813 4954 9686 4952 
17814 1737 1738 1732 
17815 4120 4353 4352 
17816 937 9763 936 
17817 9892 9906 4809 
17818 9733 9819 6026 
17819 3592 4411 4323 
17820 2078 9857 2077 
17821 2219 2220 2218 
17822 9675 9742 3655 
17823 2073 9760 2070 
17824 4109 4110 4108 
17825 4802 4876 4341 
17826 3393 9915 4732 
17827 818 4746 4408 
17828 3378 5511 2301 
17829 3649 4802 4341 
17830 9792 9840 5479 
17831 2150 2152 2149 
17832 9822 9869 6055 
17833 6053 9807 9768 
17834 839 9657 842 
17835 6259 6260 6086 
17836 3347 3349 3348 
17837 9707 9795 7121 
17838 6349 6350 5539 
17839 4746 6454 5645 
17840 1609 9897 1608 
17841 4145 9639 5701 
17842 4824 9769 9703 
17843 4914 5544 4915 
17844 933 9766 932 
17845 3379 4297 3544 
17846 4824 9703 4103 
17847 6190 6191 4876 
17848 3650 9675 3652 
17849 6095 9986 5510 
17850 4111 4112 4110 
17851 3367 9716 3578 
17852 2251 9844 2270 
17853 1705 1706 1704 
17854 6053 9768 9754 
17855 915 9767 914 
17856 3437 9702 3941 
17857 4802 6190 4876 
17858 3366 9716 3364 
17859 9869 9892 9359 
17860 2122 9794 2121 
17861 3349 3352 3350 
17862 5471 9822 9696 
17863 6051 9795 9707 
17864 6300 6302 4837 
17865 3670 9820 4336 
17866 821 823 822 
17867 4709 6087 4711 
17868 6327 9877 5591 
17869 4809 9906 6117 
17870 1624 9851 1625 
17871 2197 2198 2196 
17872 2251 2252 2250 
17873 2255 2256 2214 
17874 4113 4114 4112 
17875 820 821 819 
17876 5448 9821 6898 
17877 4140 9824 6826 
17878 1714 1716 1715 
17879 3365 9724 3362 
17880 2046 9772 2049 
17881 9601 9809 9714 
17882 4961 9776 5689 
17883 3513 3897 3514 
17884 4793 6211 6210 
17885 2107 9734 2104 
17886 3345 3346 3344 
17887 7205 9809 6344 
17888 811 812 809 
17889 9704 9771 6933 
17890 4706 4708 4707 
17891 929 9773 928 
17892 6397 9755 5455 
17893 2311 9852 2320 
17894 4114 9728 4112 
17895 5 597 524 
17896 5467 9657 3935 
17897 2259 2289 2256 
17898 3360 9724 5481 
17899 7082 9771 9378 
17900 4280 9758 9565 
17901 9534 9756 5561 
17902 3555 9705 3554 
17903 4411 4412 4323 
17904 2291 3592 3591 
17905 5452 9853 6052 
17906 9714 9809 7205 
17907 5512 6201 6108 
17908 6061 9855 4717 
17909 2153 2154 2152 
17910 4749 9863 5504 
17911 9848 9854 5379 
17912 6102 9722 5526 
17913 3925 3926 3536 
17914 6639 9686 4954 
17915 5680 6389 6383 
17916 5621 9728 4352 
17917 3354 3513 3355 
17918 4856 4857 4119 
17919 3336 9735 3338 
17920 3564 9870 3929 
17921 925 9781 924 
17922 5415 9779 9393 
17923 3364 9716 3367 
17924 9905 9920 6064 
17925 2259 2291 2290 
17926 5432 9804 9796 
17927 4098 4750 3395 
17928 6801 9782 5414 
17929 4107 4119 3518 
17930 7043 10065 4465 
17931 5982 9870 4054 
17932 2127 3344 2125 
17933 3592 4323 3591 
17934 9809 9829 6344 
17935 6085 6086 4751 
17936 3346 5487 3344 
17937 4363 9805 4360 
17938 2164 2165 2162 
17939 2261 2264 2252 
17940 4942 4944 4943 
17941 2045 9787 9772 
17942 5481 9734 3358 
17943 1726 1729 1728 
17944 2155 2158 2154 
17945 4746 6455 6454 
17946 3620 5520 5519 
17947 4300 9736 4301 
17948 5470 9908 6799 
17949 807 808 805 
17950 4885 5485 4095 
17951 9764 9791 1586 
17952 6218 6323 6219 
17953 3349 3350 3348 
17954 5454 9751 5456 
17955 4301 9736 5516 
17956 3554 4385 4315 
17957 1716 1718 1717 
17958 4885 5506 5485 
17959 526 614 527 
17960 9016 9879 2239 
17961 4120 9786 5454 
17962 2290 3910 2289 
17963 811 814 813 
17964 6625 9904 7259 
17965 1607 9882 1610 
17966 7267 9790 6801 
17967 5669 6879 6491 
17968 5437 9758 9556 
17969 3652 9675 3655 
17970 3362 9724 3360 
17971 5526 9722 6175 
17972 3350 3354 3351 
17973 3568 3569 3410 
17974 3593 9735 6080 
17975 4289 4339 4291 
17976 2199 2200 2198 
17977 4875 6218 5492 
17978 6191 9695 4876 
17979 4153 9793 5470 
17980 3340 9735 3336 
17981 9774 9881 5462 
17982 2077 9789 2074 
17983 4085 4781 3569 
17984 5553 5554 5552 
17985 6801 9790 9782 
17986 4302 4790 4073 
17987 6874 9993 6067 
17988 9298 9792 4050 
17989 3896 4073 3577 
17990 1628 9884 1629 
17991 814 815 813 
17992 9804 9808 6049 
17993 2288 3670 2287 
17994 6623 9904 6625 
17995 9556 9758 4280 
17996 2259 2290 2289 
17997 9426 9871 6643 
17998 9754 9768 2051 
17999 9876 9888 7025 
18000 1675 1680 1679 
18001 3521 3607 3606 
18002 1670 1674 1671 
18003 6288 9769 4824 
18004 1614 9821 9664 
18005 4121 4319 4117 
18006 815 817 816 
18007 807 810 809 
18008 3347 3348 3346 
18009 7121 9795 4702 
18010 6614 10117 6615 
18011 4397 5622 4395 
18012 4922 5000 4921 
18013 6070 9775 4287 
18014 4447 6096 5679 
18015 4385 5601 4875 
18016 9417 9937 1616 
18017 552 610 553 
18018 817 818 816 
18019 2306 2310 2309 
18020 9795 9801 4702 
18021 2131 6875 2128 
18022 3358 9734 2107 
18023 914 9912 911 
18024 2255 2259 2256 
18025 4874 6181 4799 
18026 9748 9810 5447 
18027 6933 9798 6932 
18028 795 796 793 
18029 8155 10591 8476 
18030 2159 2161 2158 
18031 5506 5507 5485 
18032 4723 9913 4822 
18033 4792 5552 4781 
18034 4799 5578 4337 
18035 817 819 818 
18036 2206 2207 2204 
18037 2254 2287 2253 
18038 4907 9923 4064 
18039 4702 9801 4701 
18040 9772 9787 6932 
18041 4383 5556 3926 
18042 4319 9786 4117 
18043 4470 9800 5737 
18044 3535 3536 3398 
18045 4408 9762 816 
18046 2278 9862 2261 
18047 9807 9828 5377 
18048 3912 4067 3386 
18049 6799 9908 9781 
18050 3554 4315 3356 
18051 3910 5488 4380 
18052 3554 9705 4385 
18053 5715 5716 4080 
18054 4277 9804 5432 
18055 3947 9752 4716 
18056 9683 9988 6723 
18057 4777 9743 6192 
18058 4151 9875 9514 
18059 4447 5679 4448 
18060 9758 9888 9565 
18061 4755 4756 4066 
18062 9756 9818 6221 
18063 6429 9944 6430 
18064 534 636 535 
18065 4776 9743 4777 
18066 6052 9853 9715 
18067 5689 9776 6572 
18068 2208 2212 2207 
18069 5648 9878 5005 
18070 3338 9735 3593 
18071 5465 9929 4730 
18072 1718 1720 1719 
18073 7026 9888 9758 
18074 2067 9936 2068 
18075 8104 10248 6093 
18076 5447 9810 9094 
18077 2302 5462 2304 
18078 3939 4447 4084 
18079 6071 9989 9971 
18080 2314 3891 2316 
18081 803 804 801 
18082 3643 7160 3642 
18083 5023 9806 4462 
18084 2234 2236 2235 
18085 811 813 812 
18086 5558 9998 3926 
18087 6972 10019 9720 
18088 1720 1722 1721 
18089 2316 3939 3561 
18090 3519 4108 4107 
18091 4352 9728 4114 
18092 4353 9755 5620 
18093 9378 9771 9704 
18094 529 642 530 
18095 2291 3591 2290 
18096 4837 9736 4300 
18097 6049 9808 5013 
18098 4385 4875 4315 
18099 3397 3398 3383 
18100 6958 9832 5449 
18101 9801 9811 4701 
18102 6635 6949 4152 
18103 794 795 793 
18104 4095 9723 815 
18105 2314 2316 2315 
18106 810 811 809 
18107 5557 6112 5556 
18108 3456 5582 4794 
18109 4427 9824 4140 
18110 5520 5692 5521 
18111 3915 4288 3916 
18112 542 637 543 
18113 813 9762 812 
18114 2047 9807 9339 
18115 4857 6180 5451 
18116 4126 5550 4812 
18117 2238 2242 2241 
18118 3389 3521 3520 
18119 3409 3410 3374 
18120 6834 9813 4984 
18121 2339 9752 3947 
18122 2247 2282 2258 
18123 1703 10038 6638 
18124 6086 9812 4751 
18125 4897 4938 4801 
18126 3607 4346 4345 
18127 5455 9755 4353 
18128 9615 9796 7032 
18129 7162 9825 9811 
18130 9375 9898 7258 
18131 2310 2314 2313 
18132 2244 2266 2265 
18133 9566 9898 9375 
18134 1642 9910 1643 
18135 3454 3456 3455 
18136 4703 6071 5776 
18137 3453 4126 4125 
18138 4701 9811 9244 
18139 1689 1692 1691 
18140 3333 9788 3371 
18141 5432 9796 9721 
18142 4360 9805 4359 
18143 4944 5652 4945 
18144 524 6322 525 
18145 9664 9821 5448 
18146 6972 10043 10019 
18147 4733 9932 4811 
18148 6062 9778 9575 
18149 554 782 5 
18150 4336 4337 4287 
18151 3886 9752 2339 
18152 2236 2238 2237 
18153 5480 9930 5473 
18154 2275 2277 2276 
18155 6470 10210 10141 
18156 537 648 538 
18157 6081 9743 4776 
18158 2283 3519 3518 
18159 5693 6521 6520 
18160 9677 9837 5420 
18161 525 6234 526 
18162 799 800 797 
18163 549 646 550 
18164 5522 6091 4754 
18165 4757 4758 4756 
18166 5577 5585 5468 
18167 5520 5693 5692 
18168 3417 5468 2205 
18169 4703 4704 4293 
18170 2178 2179 2175 
18171 803 806 805 
18172 799 802 801 
18173 4713 9822 4714 
18174 4336 4799 4337 
18175 3638 9705 3555 
18176 2330 9837 2333 
18177 2221 2222 2220 
18178 6209 9829 9809 
18179 4929 6766 4926 
18180 9298 9840 9792 
18181 6377 6379 5601 
18182 9901 10001 5493 
18183 4115 9786 4120 
18184 4780 6178 5539 
18185 4110 4831 4108 
18186 807 809 808 
18187 785 787 786 
18188 2247 2283 2282 
18189 2171 2172 2168 
18190 6521 6673 6520 
18191 4051 9825 7162 
18192 789 792 791 
18193 6045 9823 6955 
18194 2223 2224 2222 
18195 3342 9885 6953 
18196 3670 4287 2287 
18197 1731 1737 1732 
18198 2166 2167 2165 
18199 546 650 547 
18200 9721 9796 9615 
18201 2310 9797 2314 
18202 9840 9848 5479 
18203 4279 9946 5490 
18204 5420 9837 2328 
18205 5471 9828 6053 
18206 6087 6088 4711 
18207 9641 9818 3549 
18208 2253 2255 2214 
18209 10005 10031 2095 
18210 6209 9809 9601 
18211 806 807 805 
18212 6153 6338 6152 
18213 1741 2219 2218 
18214 1723 5499 1735 
18215 4051 9831 9825 
18216 3412 9831 4051 
18217 2182 2183 2180 
18218 1737 2247 1738 
18219 1680 1685 1681 
18220 2320 9852 5715 
18221 6418 9747 5506 
18222 1616 9836 1613 
18223 4780 5539 4363 
18224 7107 9947 4979 
18225 3897 9780 4836 
18226 815 9723 817 
18227 6048 9926 9857 
18228 9946 9947 5490 
18229 6573 6596 6533 
18230 6263 9829 6209 
18231 5478 9888 9876 
18232 9909 9953 5489 
18233 5638 9818 9641 
18234 6863 10016 4283 
18235 2328 9837 2330 
18236 1695 1700 1699 
18237 5539 9805 4363 
18238 4760 4761 4758 
18239 4107 4856 4119 
18240 6272 6448 5537 
18241 802 803 801 
18242 527 6311 528 
18243 532 658 533 
18244 3647 9778 3649 
18245 1614 9834 9821 
18246 3670 4336 4287 
18247 7261 9838 5568 
18248 4073 4074 3577 
18249 4966 9962 3673 
18250 4752 4753 3479 
18251 3911 9971 2289 
18252 3927 9842 9838 
18253 1611 9834 1614 
18254 1685 1688 1686 
18255 5466 9969 6213 
18256 8137 9841 8125 
18257 528 6312 529 
18258 5693 6520 5692 
18259 9831 9838 7261 
18260 1701 1705 1704 
18261 9936 9953 2071 
18262 4711 5512 4710 
18263 1646 9933 1647 
18264 3573 9780 3513 
18265 4793 9922 6211 
18266 4709 4710 4708 
18267 540 660 541 
18268 533 6241 534 
18269 3519 4107 3518 
18270 4903 4904 4419 
18271 5512 6303 6201 
18272 531 6376 532 
18273 816 9762 813 
18274 6178 6349 5539 
18275 4834 9840 9298 
18276 2213 2253 2214 
18277 4445 9952 4444 
18278 5479 9848 4698 
18279 9648 9832 2081 
18280 4760 5538 5537 
18281 9575 9778 3647 
18282 792 794 793 
18283 5506 9747 5507 
18284 6042 9850 5464 
18285 9832 9857 2081 
18286 7025 9888 7026 
18287 4719 9957 7107 
18288 5659 6730 4326 
18289 2283 3518 2282 
18290 7107 9957 9947 
18291 790 2249 2248 
18292 3638 9917 7003 
18293 2206 2210 2208 
18294 792 793 791 
18295 900 9955 897 
18296 6309 6310 5626 
18297 3639 9917 3638 
18298 803 805 804 
18299 2249 2251 2250 
18300 6574 10061 9979 
18301 7160 7161 3642 
18302 2212 4703 4293 
18303 7074 9979 4141 
18304 5538 6334 6272 
18305 4397 5666 5665 
18306 4713 9869 9822 
18307 817 9723 820 
18308 2132 9959 2131 
18309 795 798 797 
18310 541 6244 542 
18311 3354 9785 3573 
18312 5703 9824 4427 
18313 2293 3577 3576 
18314 5492 9814 4315 
18315 5430 9909 5489 
18316 9731 9819 1588 
18317 4709 4711 4710 
18318 4812 4813 4125 
18319 2125 9794 2122 
18320 6121 6122 4846 
18321 6845 9858 1725 
18322 2251 2261 2252 
18323 6294 9854 6054 
18324 3513 9780 3897 
18325 4720 9849 4719 
18326 535 6357 536 
18327 5521 9777 5669 
18328 4735 4736 2285 
18329 2320 5715 4080 
18330 2307 9852 2311 
18331 3549 9818 9756 
18332 2203 9816 3417 
18333 1625 9851 1628 
18334 1692 2301 1693 
18335 536 6382 537 
18336 3649 9778 4802 
18337 9736 9867 6102 
18338 5553 6137 5554 
18339 3352 9785 3350 
18340 3616 9966 9799 
18341 3664 9846 3915 
18342 896 9961 893 
18343 822 9783 819 
18344 9671 9847 3567 
18345 2206 2208 2207 
18346 3567 9847 9729 
18347 6053 9828 9807 
18348 4787 4846 4335 
18349 9660 10067 6921 
18350 3904 7160 3643 
18351 4934 4935 4931 
18352 5696 5697 5494 
18353 6136 6164 4813 
18354 799 801 800 
18355 5485 9723 4095 
18356 5754 9853 5452 
18357 4703 5776 4704 
18358 2081 9857 2078 
18359 6221 9924 6264 
18360 6629 9952 4964 
18361 545 6329 546 
18362 5625 5626 5624 
18363 3936 6830 2322 
18364 6079 9991 6900 
18365 5001 5002 5000 
18366 9591 9847 9671 
18367 3663 9846 3664 
18368 2173 2174 2172 
18369 9458 10001 9901 
18370 4748 4749 3431 
18371 6377 10430 719 
18372 4336 9820 4874 
18373 5636 5648 5005 
18374 3913 4397 4395 
18375 4299 4335 4298 
18376 9672 9842 3927 
18377 6464 6465 4870 
18378 539 6254 540 
18379 4706 4709 4708 
18380 6071 10000 5776 
18381 10034 10109 5655 
18382 6061 9937 9855 
18383 4148 9639 4145 
18384 6054 9854 9848 
18385 1650 9981 1651 
18386 2319 9958 6716 
18387 796 9726 793 
18388 4386 9802 3591 
18389 3404 4423 3402 
18390 610 6236 553 
18391 3617 9799 3620 
18392 9818 9924 6221 
18393 5003 6446 5002 
18394 2210 2213 2211 
18395 9850 9882 6063 
18396 5449 9832 9648 
18397 5557 6113 6112 
18398 4397 5665 5622 
18399 3351 9817 3348 
18400 1713 1714 1712 
18401 4742 10042 6862 
18402 3456 5583 5582 
18403 818 9783 4746 
18404 2293 3576 2292 
18405 892 9967 889 
18406 1728 1731 1727 
18407 2279 2293 2292 
18408 2251 2270 2261 
18409 1728 1733 1731 
18410 1610 9882 9850 
18411 5646 5647 4775 
18412 4297 4298 3544 
18413 3350 9785 3354 
18414 4717 9855 9682 
18415 5583 5624 5582 
18416 4741 5494 1730 
18417 798 799 797 
18418 9682 9855 9597 
18419 4130 4897 4801 
18420 3356 9814 3352 
18421 2270 9844 4742 
18422 5233 9974 6217 
18423 8804 9974 5232 
18424 2188 2190 2189 
18425 5625 6309 5626 
18426 4054 9870 3564 
18427 3925 4383 3926 
18428 700 10378 10343 
18429 9836 9965 1612 
18430 7012 9905 7171 
18431 5478 9909 5430 
18432 3568 4085 3569 
18433 819 9783 818 
18434 4837 9867 9736 
18435 2203 2205 2204 
18436 4755 4759 4757 
18437 5692 9777 5521 
18438 9847 9944 6429 
18439 4914 4915 4736 
18440 910 9871 9426 
18441 2314 9797 3891 
18442 9388 9869 4713 
18443 543 6249 544 
18444 2075 9876 7025 
18445 3685 9920 9905 
18446 6880 9996 4454 
18447 4746 9783 6455 
18448 646 6247 550 
18449 3453 3454 2277 
18450 5638 9924 9818 
18451 2253 9775 2255 
18452 2100 9975 2099 
18453 3915 4394 4288 
18454 5583 5625 5624 
18455 5591 9877 6728 
18456 5482 9926 6048 
18457 2279 2292 2278 
18458 2283 9938 6839 
18459 6219 9977 5492 
18460 6063 9964 6064 
18461 2223 4065 2239 
18462 9597 9855 5484 
18463 2290 9802 3910 
18464 4755 4757 4756 
18465 2200 2203 2202 
18466 3607 4345 3606 
18467 5487 9794 3344 
18468 2210 2211 2208 
18469 4792 5553 5552 
18470 888 9973 885 
18471 2274 2275 2266 
18472 4792 5630 5553 
18473 795 797 796 
18474 2226 3370 2228 
18475 3344 9794 2125 
18476 884 9973 4718 
18477 1724 1725 1722 
18478 4126 4812 4125 
18479 4394 4890 4288 
18480 2213 2214 2211 
18481 9514 9875 6749 
18482 4085 4792 4781 
18483 2175 9856 2174 
18484 2243 2244 2242 
18485 2270 2279 2278 
18486 2304 9803 2306 
18487 3591 9802 2290 
18488 789 791 790 
18489 1722 9858 1723 
18490 2205 2206 2204 
18491 610 6238 6237 
18492 6838 9945 6686 
18493 4394 6152 4890 
18494 4763 5581 4765 
18495 6528 9923 4907 
18496 2287 9775 2253 
18497 2341 10030 2340 
18498 1726 1728 1727 
18499 1713 4740 1730 
18500 1606 9882 1607 
18501 642 6242 530 
18502 1720 1724 1722 
18503 5678 9972 6629 
18504 6880 10004 9996 
18505 2275 3453 2277 
18506 4098 4751 4750 
18507 3941 9960 3438 
18508 4757 4760 4758 
18509 5498 10010 10003 
18510 4703 9861 6071 
18511 1726 1727 1725 
18512 6085 6259 6086 
18513 3385 9856 5513 
18514 2244 2274 2266 
18515 3910 9802 5488 
18516 2270 2278 2261 
18517 3346 9817 5487 
18518 3535 3925 3536 
18519 4812 6136 4813 
18520 7063 10015 4722 
18521 3387 4296 1674 
18522 4059 9960 5719 
18523 4773 5646 4775 
18524 1629 9884 1632 
18525 4065 4754 4066 
18526 544 659 545 
18527 2165 9890 2162 
18528 910 9912 9871 
18529 2196 5493 2194 
18530 6901 9991 9975 
18531 9670 9900 9788 
18532 2223 2239 2224 
18533 6448 9872 5537 
18534 3453 4125 3454 
18535 4760 5537 4761 
18536 6486 6487 4935 
18537 1612 9897 1609 
18538 2221 2223 2222 
18539 1705 1739 1706 
18540 5538 6272 5537 
18541 5486 9965 6061 
18542 9728 9826 4112 
18543 2200 2202 2198 
18544 1710 1713 1712 
18545 4383 5571 5557 
18546 6238 6284 6240 
18547 4383 5557 5556 
18548 2152 2156 2149 
18549 9388 9892 9869 
18550 2203 2204 2202 
18551 6855 10049 6852 
18552 2219 2221 2220 
18553 650 6385 547 
18554 3409 3568 3410 
18555 5669 9777 6879 
18556 4767 4844 4769 
18557 3348 9817 3346 
18558 3568 4374 4085 
18559 1724 1726 1725 
18560 2238 2243 2242 
18561 3570 9862 2278 
18562 5504 9863 6174 
18563 3912 4308 4067 
18564 4346 4797 4345 
18565 794 9865 795 
18566 4938 9868 4940 
18567 4315 9814 3356 
18568 3352 9814 9785 
18569 4112 9826 4110 
18570 3521 3606 3520 
18571 7023 9953 9909 
18572 2161 3373 2176 
18573 6350 9805 5539 
18574 1716 4295 1718 
18575 6057 9906 9892 
18576 6057 9892 9388 
18577 1670 3387 1674 
18578 6122 6189 4846 
18579 6712 10036 6715 
18580 2181 9902 2182 
18581 6828 9928 6827 
18582 3397 3535 3398 
18583 2192 2209 2190 
18584 9565 9888 5478 
18585 7171 9976 7172 
18586 6574 9985 5698 
18587 795 9865 798 
18588 6858 9953 9936 
18589 6952 10029 10025 
18590 4797 4882 4345 
18591 7060 10074 4169 
18592 7023 9909 9876 
18593 4394 9846 6153 
18594 787 788 786 
18595 6626 9904 6623 
18596 4900 4902 3604 
18597 4151 9883 9875 
18598 4740 6083 4741 
18599 6261 6355 4882 
18600 648 6246 538 
18601 9948 9990 2291 
18602 2184 3342 2183 
18603 6625 9898 9566 
18604 4064 9923 3400 
18605 3535 4322 3925 
18606 4335 4827 4298 
18607 4870 9865 794 
18608 6302 9867 4837 
18609 2219 4058 2221 
18610 2232 2240 2234 
18611 9942 9946 5443 
18612 2188 2189 2186 
18613 3335 9949 3340 
18614 3620 9799 5520 
18615 1685 1736 1688 
18616 3623 10014 6883 
18617 4694 9908 6775 
18618 4754 4755 4066 
18619 911 9912 910 
18620 4169 9915 3393 
18621 3387 6470 4296 
18622 2306 9803 2310 
18623 6237 6239 6236 
18624 6058 9906 6057 
18625 4119 9860 3518 
18626 7199 9919 6626 
18627 4065 4066 2239 
18628 1689 9894 1692 
18629 2274 9815 2275 
18630 9887 9984 4295 
18631 3373 3375 3374 
18632 5412 9994 7101 
18633 1692 3377 2301 
18634 1736 6069 1688 
18635 2161 2176 2158 
18636 2282 9860 2284 
18637 1643 9910 1646 
18638 6263 10567 9829 
18639 4897 6513 4938 
18640 4287 9775 2287 
18641 6153 9889 6339 
18642 4753 5500 3479 
18643 2172 9893 2168 
18644 4897 6514 6513 
18645 3375 3479 3409 
18646 4722 9913 4723 
18647 9920 9929 5465 
18648 4753 5501 5500 
18649 6626 9919 9904 
18650 1713 1730 1714 
18651 4709 9880 6087 
18652 2162 9890 2161 
18653 9915 10069 4732 
18654 3915 9846 4394 
18655 1688 9894 1689 
18656 1723 9858 5499 
18657 2447 10004 5438 
18658 4460 9994 5412 
18659 1632 9900 9670 
18660 5501 6134 6043 
18661 9973 10061 4718 
18662 2168 9893 2167 
18663 4797 6261 4882 
18664 4749 5503 3431 
18665 4915 5505 4736 
18666 3592 9990 5495 
18667 6862 10107 6860 
18668 5494 9984 9887 
18669 5462 9803 2304 
18670 1705 3382 1739 
18671 1700 9891 1701 
18672 9726 9939 791 
18673 4454 9996 4455 
18674 4831 9839 4108 
18675 2310 9803 9797 
18676 4730 9929 4729 
18677 2179 9856 2175 
18678 4741 5696 5494 
18679 5504 6173 5606 
18680 9591 9944 9847 
18681 4108 9839 4107 
18682 4098 4793 4751 
18683 4916 6528 4907 
18684 4749 5504 5503 
18685 642 6351 6243 
18686 3377 3378 2301 
18687 5498 10003 4282 
18688 3373 3374 2176 
18689 3379 3544 3380 
18690 789 790 788 
18691 2071 9953 7023 
18692 6843 9950 3614 
18693 2167 6074 6059 
18694 9884 9900 1632 
18695 5520 9799 5693 
18696 2337 9963 3886 
18697 3544 4096 3380 
18698 3377 3379 3378 
18699 9588 9931 6545 
18700 3379 3380 3378 
18701 1654 9997 1655 
18702 9837 9963 2333 
18703 6114 9968 6062 
18704 3396 3431 3397 
18705 5501 6043 5500 
18706 3375 3409 3374 
18707 5472 10024 7021 
18708 9458 9901 2202 
18709 2167 6059 2165 
18710 4110 9826 4831 
18711 787 789 788 
18712 5653 6444 5652 
18713 5504 5606 5503 
18714 3382 3396 3383 
18715 5442 9996 6883 
18716 6869 10062 6870 
18717 9855 9937 5484 
18718 3382 9891 9725 
18719 6238 6240 6237 
18720 610 6237 6236 
18721 4915 5566 5505 
18722 6313 9924 5638 
18723 2174 3384 2172 
18724 3396 3397 3383 
18725 6941 9966 3616 
18726 2208 9861 2212 
18727 1693 9830 1695 
18728 6219 10013 9977 
18729 10045 10104 6094 
18730 4893 9639 4148 
18731 4711 9833 5512 
18732 1701 9891 1705 
18733 5473 9930 5472 
18734 9964 9976 6064 
18735 2174 3385 3384 
18736 4983 10010 7063 
18737 3453 9815 4126 
18738 1736 9911 6069 
18739 3385 3432 3386 
18740 4793 6210 6085 
18741 3432 4311 3912 
18742 2136 10002 2135 
18743 6952 10025 9654 
18744 2247 9938 2283 
18745 9913 10009 4822 
18746 4740 4741 1730 
18747 2183 9916 2180 
18748 2180 9916 2179 
18749 3382 3383 1739 
18750 6088 9833 4711 
18751 3642 9917 3639 
18752 4793 6085 4751 
18753 3389 3520 3395 
18754 6487 6488 4935 
18755 1731 9835 1737 
18756 2212 9861 4703 
18757 5512 9833 6303 
18758 1608 9931 9588 
18759 3375 9983 4752 
18760 3454 9827 3456 
18761 3520 4098 3395 
18762 2201 9873 9816 
18763 5484 9937 9417 
18764 6489 10536 6386 
18765 1647 9933 1650 
18766 10094 10110 3369 
18767 2068 9936 2071 
18768 3342 3388 2183 
18769 4297 10057 4299 
18770 6061 9965 9836 
18771 7161 9917 3642 
18772 3389 3395 3388 
18773 4921 5687 4918 
18774 2301 9830 1693 
18775 9749 9916 3388 
18776 6465 9865 4870 
18777 3432 3912 3386 
18778 2096 10005 2095 
18779 5776 9880 4704 
18780 3385 3386 3384 
18781 4732 9932 4733 
18782 2259 9948 2291 
18783 9963 9988 3886 
18784 7036 10007 9903 
18785 5485 9941 9723 
18786 9882 9964 6063 
18787 1733 9835 1731 
18788 4704 9880 4706 
18789 9876 9909 5478 
18790 9778 9968 4802 
18791 4944 5653 5652 
18792 10043 10072 2117 
18793 5480 9935 9930 
18794 4957 10028 2386 
18795 7035 9903 2176 
18796 9799 9966 5693 
18797 4107 9839 4856 
18798 4381 10040 10000 
18799 6446 6447 5002 
18800 4761 9872 4763 
18801 5725 10076 6855 
18802 3342 3389 3388 
18803 1725 9858 1722 
18804 6513 9868 4938 
18805 5468 9843 2205 
18806 6883 10014 5676 
18807 1606 9964 9882 
18808 6446 6471 6447 
18809 1735 9845 1741 
18810 2264 9874 3913 
18811 2275 9815 3453 
18812 5653 6445 6444 
18813 9723 9941 820 
18814 5443 9946 4279 
18815 4813 9827 4125 
18816 9819 9942 5443 
18817 4142 9954 2248 
18818 4125 9827 3454 
18819 4431 10022 4430 
18820 3518 9860 2282 
18821 4822 10039 5704 
18822 1737 9938 2247 
18823 6060 9947 9946 
18824 1714 9887 1716 
18825 9971 10000 6071 
18826 5003 9878 6446 
18827 6884 9942 9731 
18828 6059 9890 2165 
18829 2206 9843 2210 
18830 6062 9968 9778 
18831 4979 9947 6060 
18832 9546 10009 5744 
18833 6973 10072 6971 
18834 2205 9843 2206 
18835 4419 9866 3936 
18836 1692 9894 3377 
18837 9950 10038 6514 
18838 2211 9861 2208 
18839 2077 9926 9789 
18840 6070 9948 9775 
18841 2285 9873 2201 
18842 1695 9830 1700 
18843 6091 9859 4754 
18844 6978 9951 5481 
18845 2224 9879 2226 
18846 3402 9958 2319 
18847 4931 9943 4929 
18848 5537 9872 4761 
18849 5494 9887 1730 
18850 642 6243 6242 
18851 9947 9957 5490 
18852 9775 9948 2255 
18853 2158 9903 2154 
18854 9862 9874 2264 
18855 6843 10038 9950 
18856 4309 9944 9591 
18857 4964 9952 4445 
18858 3604 9899 3404 
18859 5499 9845 1735 
18860 2174 9856 3385 
18861 3614 9950 4130 
18862 5458 10092 5724 
18863 1708 9886 1710 
18864 1741 9845 2219 
18865 2239 9879 2224 
18866 9734 9951 2103 
18867 897 9955 896 
18868 3371 9949 3335 
18869 791 9939 790 
18870 3456 9827 5583 
18871 6767 10166 2284 
18872 2186 9885 2184 
18873 5683 10153 6523 
18874 5489 9953 6858 
18875 5490 9957 5982 
18876 4706 9880 4709 
18877 1658 10027 1659 
18878 9731 9942 9819 
18879 2135 9959 2132 
18880 6579 10022 5694 
18881 4755 9859 4759 
18882 10009 10039 4822 
18883 650 6386 6385 
18884 6070 9990 9948 
18885 6644 9962 4966 
18886 5507 9941 5485 
18887 6752 10098 10080 
18888 3438 9960 4059 
18889 5714 10029 6601 
18890 893 9961 892 
18891 9730 10065 7043 
18892 4397 9874 5666 
18893 3417 10035 5577 
18894 2255 9948 2259 
18895 3384 9893 2172 
18896 4760 9914 5538 
18897 6059 9983 9890 
18898 790 9939 2249 
18899 3913 9874 4397 
18900 4754 9859 4755 
18901 10010 10015 7063 
18902 9951 9975 2103 
18903 2198 9901 2196 
18904 5708 10077 6460 
18905 9520 10077 5708 
18906 6873 10048 3883 
18907 2249 9939 9844 
18908 2398 10025 3883 
18909 1730 9887 1714 
18910 9369 9964 1606 
18911 9677 9963 9837 
18912 4904 9866 4419 
18913 2118 10043 2117 
18914 3340 9956 9735 
18915 2161 9890 3373 
18916 4763 9872 5581 
18917 5481 9951 9734 
18918 889 9967 888 
18919 1705 9891 3382 
18920 2256 9989 2214 
18921 6546 9969 5466 
18922 6069 9894 1688 
18923 3379 10008 4297 
18924 9835 9938 1737 
18925 9735 9956 6080 
18926 7039 10065 9730 
18927 9654 10025 2396 
18928 2333 9963 2337 
18929 2226 9879 3370 
18930 4929 9943 6766 
18931 4759 9914 4757 
18932 5578 10011 4337 
18933 4736 9873 2285 
18934 9890 9983 3373 
18935 3388 9916 2183 
18936 6873 10059 10048 
18937 2184 9885 3342 
18938 1716 9887 4295 
18939 5746 9965 5486 
18940 7061 10056 7060 
18941 3404 9899 4423 
18942 6752 10080 5493 
18943 6099 10190 6767 
18944 4453 10059 5453 
18945 6543 9972 5678 
18946 874 10047 871 
18947 885 9973 884 
18948 9980 10167 1719 
18949 5232 9974 5233 
18950 4935 9943 4931 
18951 2196 9901 5493 
18952 4298 9895 3544 
18953 2167 9893 6074 
18954 4875 10012 6218 
18955 6079 10031 10005 
18956 2219 9845 4058 
18957 5557 9918 6113 
18958 1710 9886 1713 
18959 4757 9914 4760 
18960 2202 9901 2198 
18961 1728 9987 1733 
18962 6855 10076 10049 
18963 9969 9978 6213 
18964 2103 9975 2100 
18965 2111 10070 2112 
18966 2176 9903 2158 
18967 3936 9866 6830 
18968 5497 10061 6583 
18969 4802 9968 6190 
18970 870 10051 867 
18971 3544 9895 4096 
18972 5571 9918 5557 
18973 4902 9899 3604 
18974 2227 10091 2225 
18975 4792 9925 5630 
18976 3479 9907 3409 
18977 4940 9970 4942 
18978 1713 9886 4740 
18979 5500 9907 3479 
18980 3952 10068 4446 
18981 9780 10013 6301 
18982 4130 9950 4897 
18983 2189 9885 2186 
18984 6379 10012 5601 
18985 4423 9958 3402 
18986 2223 9934 4065 
18987 3950 10048 6068 
18988 3883 10048 2400 
18989 5744 10009 9913 
18990 4141 9979 5497 
18991 3409 9907 3568 
18992 5693 9966 6521 
18993 3568 9907 4374 
18994 4827 9895 4298 
18995 4374 9925 4085 
18996 9369 9976 9964 
18997 1651 9981 1654 
18998 7172 9976 9369 
18999 6828 10096 9928 
19000 3606 9922 3520 
19001 4846 9927 4335 
19002 3621 10068 3622 
19003 5461 10111 5460 
19004 4085 9925 4792 
19005 9677 9988 9963 
19006 5525 10123 10119 
19007 3431 9921 3397 
19008 5503 9921 3431 
19009 6189 9927 4846 
19010 5510 9986 5683 
19011 3397 9921 3535 
19012 9861 9989 6071 
19013 5482 10003 9993 
19014 4918 9940 4916 
19015 4335 9927 4827 
19016 3535 9921 4322 
19017 9929 10024 4729 
19018 2289 9971 2256 
19019 4098 9922 4793 
19020 3536 10102 3398 
19021 5698 9985 6575 
19022 9873 10035 9816 
19023 4067 10023 3386 
19024 9868 9970 4940 
19025 3520 9922 4098 
19026 6941 10018 9966 
19027 6888 10075 6068 
19028 5505 9873 4736 
19029 6583 10061 9973 
19030 7021 10024 9929 
19031 9814 9977 9785 
19032 4813 9995 9827 
19033 6900 9991 6901 
19034 5534 10098 5517 
19035 4058 9934 2221 
19036 2221 9934 2223 
19037 800 10140 10126 
19038 9827 9995 5583 
19039 6488 10100 6833 
19040 3886 9988 9683 
19041 4897 9950 6514 
19042 5434 10069 6077 
19043 10003 10010 6067 
19044 1729 9987 1728 
19045 2211 9989 9861 
19046 5492 9977 9814 
19047 9613 10055 5741 
19048 4950 10041 10018 
19049 6538 10073 5740 
19050 6095 10161 9986 
19051 5500 10021 9907 
19052 512 10103 714 
19053 616 10103 513 
19054 1739 10017 1706 
19055 6488 9943 4935 
19056 2099 10005 2096 
19057 9785 9977 3573 
19058 10062 10081 6723 
19059 5720 9994 4460 
19060 9977 10013 3573 
19061 6581 10052 6571 
19062 6953 9982 6823 
19063 6662 9999 6661 
19064 6079 10005 9991 
19065 4884 10082 4885 
19066 6164 9995 4813 
19067 2114 10084 2113 
19068 1739 10079 10017 
19069 6068 10075 4449 
19070 9907 10021 4374 
19071 4455 9996 5442 
19072 9886 10017 6084 
19073 2291 9990 3592 
19074 2152 10007 2156 
19075 1655 9997 1658 
19076 4882 10078 10026 
19077 4916 9940 6528 
19078 3944 10067 2354 
19079 5505 10035 9873 
19080 4282 10003 5482 
19081 2350 10067 9660 
19082 6518 10289 6381 
19083 5697 9984 5494 
19084 9900 10049 9788 
19085 3381 10101 6719 
19086 5438 10004 6880 
19087 3911 10000 9971 
19088 2139 10002 2136 
19089 5000 9992 4921 
19090 856 10085 853 
19091 9726 10042 9939 
19092 5687 9940 4918 
19093 3943 10071 3944 
19094 9949 10092 3340 
19095 8299 10090 158 
19096 157 10090 569 
19097 6067 10010 4983 
19098 9894 10008 3377 
19099 5462 10006 9803 
19100 9843 10016 6863 
19101 600 10319 6424 
19102 9966 10018 6521 
19103 2214 9989 2211 
19104 6072 10009 9546 
19105 3373 9983 3375 
19106 4429 10087 4428 
19107 3926 9998 3536 
19108 9803 10006 9797 
19109 6078 10031 6079 
19110 6089 10110 6090 
19111 5468 10016 9843 
19112 771 10469 8279 
19113 6100 10198 6099 
19114 2154 10007 2152 
19115 4921 9992 5687 
19116 10070 10081 2115 
19117 6999 10086 7000 
19118 9903 10007 2154 
19119 6069 10008 9894 
19120 9789 9993 6874 
19121 2190 10054 2189 
19122 5482 9993 9926 
19123 5676 10014 6917 
19124 9879 10044 3370 
19125 5744 10015 5498 
19126 4882 10026 4345 
19127 5601 10012 4875 
19128 6796 10018 6941 
19129 4292 10001 9458 
19130 6077 10069 9915 
19131 5583 9995 5625 
19132 9720 10019 5487 
19133 9016 10044 9879 
19134 4337 10011 6070 
19135 6973 10086 10084 
19136 834 10088 831 
19137 4748 10099 6092 
19138 1706 10017 1708 
19139 9922 10026 6211 
19140 9794 10019 2121 
19141 1708 10017 9886 
19142 9881 10006 5462 
19143 9990 10011 5495 
19144 3587 10093 2338 
19145 5694 10022 4431 
19146 5511 10020 9830 
19147 6852 10049 9900 
19148 6072 10039 10009 
19149 9982 10054 6824 
19150 1700 10020 9891 
19151 6766 10050 6727 
19152 3459 10097 8362 
19153 10056 10074 7060 
19154 709 10036 6712 
19155 10013 10066 6301 
19156 5498 10015 10010 
19157 4729 10024 9441 
19158 5585 10016 5468 
19159 10019 10043 2121 
19160 9926 9993 9789 
19161 5487 10019 9794 
19162 6584 10028 4957 
19163 10055 10135 5741 
19164 1720 10058 1724 
19165 3398 10079 3383 
19166 10107 10126 6860 
19167 2140 10095 2139 
19168 3573 10013 9780 
19169 2396 10025 2398 
19170 3384 10023 9893 
19171 6828 10121 10096 
19172 6601 10029 6952 
19173 5558 10122 9998 
19174 2340 10030 4303 
19175 3380 10137 10115 
19176 3377 10008 3379 
19177 8371 10665 8049 
19178 9944 10032 6430 
19179 9939 10042 9844 
19180 1659 10027 1662 
19181 9943 10050 6766 
19182 6692 10151 6691 
19183 6731 10143 6732 
19184 6164 10046 9995 
19185 9893 10023 6074 
19186 4295 10058 1718 
19187 3370 10064 2228 
19188 6099 10198 10190 
19189 9916 10033 2179 
19190 4944 10037 5653 
19191 2189 10054 9982 
19192 5724 10092 9949 
19193 3606 10026 9922 
19194 9812 10105 4750 
19195 2095 10031 9678 
19196 6973 10084 10072 
19197 6972 10072 10043 
19198 4345 10026 3606 
19199 6719 10101 6075 
19200 6043 10021 5500 
19201 10026 10078 6211 
19202 5558 10185 10122 
19203 852 10106 849 
19204 6073 10039 6072 
19205 6840 10130 6841 
19206 9891 10020 9725 
19207 6391 10247 4903 
19208 9830 10020 1700 
19209 9970 10037 4942 
19210 6618 10141 4738 
19211 9991 10005 2099 
19212 9995 10046 5625 
19213 5493 10080 2194 
19214 6488 10050 9943 
19215 3386 10023 3384 
19216 2192 10080 2209 
19217 2121 10043 2118 
19218 1662 10108 1663 
19219 6722 10081 10070 
19220 4942 10037 4944 
19221 6219 10066 10013 
19222 6490 10100 6487 
19223 871 10047 870 
19224 6447 10060 5002 
19225 6638 10038 6843 
19226 2179 10033 9856 
19227 4971 10134 5514 
19228 6521 10041 6673 
19229 6921 10052 6581 
19230 6078 10056 10031 
19231 2400 10048 3950 
19232 2144 10112 2143 
19233 6070 10011 9990 
19234 6870 10062 9677 
19235 6487 10100 6488 
19236 9988 10062 6723 
19237 9749 10033 9916 
19238 4094 10053 2341 
19239 867 10051 866 
19240 6818 10134 4971 
19241 3363 10116 3366 
19242 2232 10089 2240 
19243 10051 10055 866 
19244 2115 10081 6869 
19245 10017 10079 6084 
19246 6631 10044 9016 
19247 848 10118 845 
19248 6722 10083 6721 
19249 9856 10033 5513 
19250 5525 10119 5515 
19251 866 10055 9613 
19252 4309 10032 9944 
19253 5453 10059 6873 
19254 5625 10046 6309 
19255 10120 10142 4311 
19256 10008 10057 4297 
19257 9956 10111 6080 
19258 9816 10035 3417 
19259 4718 10061 6574 
19260 4446 10135 5749 
19261 9983 10045 4752 
19262 1718 10058 1720 
19263 844 10125 841 
19264 2228 10064 2230 
19265 9788 10049 3371 
19266 7537 10583 363 
19267 840 10125 4425 
19268 6971 10072 6972 
19269 10110 10116 3369 
19270 10031 10056 9678 
19271 10177 10184 6096 
19272 5776 10040 9880 
19273 9678 10056 7061 
19274 9880 10040 6087 
19275 2354 10067 2350 
19276 1666 10124 1667 
19277 3622 10068 3952 
19278 9844 10042 4742 
19279 2112 10070 2115 
19280 5000 10060 9992 
19281 10049 10076 3371 
19282 5460 10111 9956 
19283 2209 10054 2190 
19284 4865 10127 4381 
19285 6460 10077 6844 
19286 821 10128 824 
19287 5719 10069 5434 
19288 5740 10073 5742 
19289 4428 10071 3943 
19290 5002 10060 5000 
19291 6323 10066 6219 
19292 6077 10074 6078 
19293 9911 10057 6069 
19294 6948 10531 6207 
19295 6074 10045 6059 
19296 6069 10057 10008 
19297 4449 10075 5707 
19298 10018 10041 6521 
19299 4900 10109 4902 
19300 5511 10099 10020 
19301 4381 10127 10040 
19302 2111 10083 10070 
19303 6056 10152 6611 
19304 6859 10140 6861 
19305 6723 10081 6722 
19306 3380 10115 3378 
19307 6095 10177 10161 
19308 10000 10040 5776 
19309 2117 10084 2114 
19310 4885 10082 6417 
19311 5749 10135 10055 
19312 2194 10080 2192 
19313 853 10085 852 
19314 9677 10062 9988 
19315 800 10126 797 
19316 10035 10063 5577 
19317 10020 10099 9725 
19318 6260 10142 6086 
19319 6059 10045 9983 
19320 9494 10136 6515 
19321 4063 10149 4441 
19322 9740 10136 9494 
19323 3432 10120 4311 
19324 5566 10063 5505 
19325 6083 10122 4741 
19326 6078 10074 10056 
19327 3444 10144 4318 
19328 5193 10144 4083 
19329 6355 10078 4882 
19330 2113 10086 6999 
19331 5650 10087 4429 
19332 10033 10105 5513 
19333 8278 10627 6202 
19334 9941 10128 820 
19335 831 10088 830 
19336 3383 10079 1739 
19337 2156 10129 2149 
19338 2230 10089 2232 
19339 158 10090 157 
19340 1670 10124 3387 
19341 9749 10105 10033 
19342 6419 10726 10328 
19343 2269 10091 2227 
19344 3371 10076 9949 
19345 10064 10089 2230 
19346 10040 10127 6087 
19347 10121 10148 5522 
19348 10042 10107 6862 
19349 6970 10094 6973 
19350 10119 10123 3366 
19351 6836 10165 6462 
19352 2338 10093 3588 
19353 10126 10140 6860 
19354 9998 10122 6083 
19355 10099 10115 6092 
19356 10072 10084 2117 
19357 2240 10139 2234 
19358 804 10145 801 
19359 10086 10094 7000 
19360 5517 10098 6752 
19361 10070 10083 6722 
19362 2143 10095 2140 
19363 5499 10096 9845 
19364 9934 10121 5522 
19365 7098 10147 4386 
19366 8362 10097 5546 
19367 9928 10096 5499 
19368 830 10150 827 
19369 5505 10063 10035 
19370 10116 10119 3366 
19371 6176 10131 5527 
19372 3398 10102 10079 
19373 6100 10209 10198 
19374 6767 10190 10166 
19375 5527 10123 5525 
19376 6176 10133 10131 
19377 10115 10137 6092 
19378 2284 10156 2258 
19379 773 10158 340 
19380 339 10158 682 
19381 9726 10107 10042 
19382 2357 10182 6815 
19383 6371 10133 6176 
19384 6734 10168 6738 
19385 363 10606 7537 
19386 6075 10101 6812 
19387 2238 10146 2243 
19388 1674 10154 1675 
19389 9812 10120 10105 
19390 4094 10200 10053 
19391 320 10162 603 
19392 726 10162 321 
19393 3340 10092 9956 
19394 6084 10102 6083 
19395 826 10155 823 
19396 4962 10169 6864 
19397 513 10103 512 
19398 849 10106 848 
19399 4948 10214 6500 
19400 6074 10104 10045 
19401 9725 10099 4748 
19402 6615 10117 6616 
19403 6090 10110 6970 
19404 6970 10110 10094 
19405 10091 10114 2225 
19406 6107 10205 10171 
19407 1663 10108 1666 
19408 9845 10096 4058 
19409 5655 10109 4900 
19410 5527 10131 10123 
19411 256 10170 634 
19412 7086 10170 257 
19413 4750 10105 9749 
19414 796 10107 9726 
19415 6080 10111 6081 
19416 3891 10161 2316 
19417 6828 10148 10121 
19418 2147 10112 2144 
19419 6450 10284 4384 
19420 3369 10116 3363 
19421 9812 10142 10120 
19422 3378 10115 5511 
19423 4067 10104 10023 
19424 5630 10160 5553 
19425 6691 10194 6690 
19426 668 10620 8315 
19427 845 10118 844 
19428 5515 10119 6089 
19429 6811 10207 5544 
19430 5534 10163 10098 
19431 10096 10121 4058 
19432 6656 10508 6135 
19433 6108 10171 4710 
19434 10079 10102 6084 
19435 4295 10151 10058 
19436 6523 10153 10006 
19437 5659 10460 10172 
19438 1717 10167 2357 
19439 5513 10120 3432 
19440 842 10175 6819 
19441 5514 10130 6840 
19442 6420 10658 6422 
19443 10023 10104 6074 
19444 9783 10159 6455 
19445 841 10125 840 
19446 9986 10161 3891 
19447 3366 10123 9716 
19448 6973 10094 10086 
19449 1736 10191 10174 
19450 4894 10179 8018 
19451 8524 10179 5597 
19452 796 10126 10107 
19453 1667 10124 1670 
19454 6296 10180 5616 
19455 6819 10175 6820 
19456 5617 10180 9396 
19457 4303 10184 4457 
19458 820 10128 821 
19459 4741 10122 5696 
19460 687 10612 6361 
19461 6087 10127 6088 
19462 797 10126 796 
19463 10006 10153 9797 
19464 2149 10129 2147 
19465 5518 10193 6765 
19466 1736 10174 9911 
19467 5467 10186 6939 
19468 812 10176 809 
19469 6456 10134 6818 
19470 10131 10133 3578 
19471 2147 10129 10112 
19472 5467 10175 9657 
19473 4447 10177 6096 
19474 9716 10131 3578 
19475 5530 10210 6479 
19476 5511 10115 10099 
19477 10123 10131 9716 
19478 4058 10121 9934 
19479 8174 10187 754 
19480 8300 10187 8301 
19481 5696 10132 5697 
19482 4096 10137 3380 
19483 3578 10133 9702 
19484 4351 10189 3816 
19485 6445 10182 10167 
19486 8261 10393 617 
19487 5741 10135 6538 
19488 5534 10197 10163 
19489 6707 10201 639 
19490 5685 10138 10136 
19491 6107 10181 4346 
19492 10143 10192 6732 
19493 808 10183 805 
19494 6886 10138 5685 
19495 4424 10186 5467 
19496 6860 10140 6859 
19497 5685 10136 9740 
19498 6092 10137 9863 
19499 482 10196 665 
19500 10105 10120 5513 
19501 6690 10204 6693 
19502 4738 10141 5530 
19503 4744 10197 6107 
19504 2234 10139 2236 
19505 6493 10203 5670 
19506 6527 10143 6731 
19507 5529 10203 7020 
19508 10194 10204 6690 
19509 10037 10182 5653 
19510 10124 10210 3387 
19511 2243 10188 2244 
19512 6512 10247 2295 
19513 10514 10659 707 
19514 6089 10119 10116 
19515 10058 10151 6692 
19516 8292 10374 745 
19517 9802 10178 5488 
19518 4946 10306 6620 
19519 4343 10199 5592 
19520 6229 10199 4881 
19521 10140 10145 6861 
19522 4380 10195 4865 
19523 4062 10207 6811 
19524 8096 10202 677 
19525 1685 10191 1736 
19526 6466 10230 6468 
19527 5679 10200 5680 
19528 4083 10144 3444 
19529 9695 10705 6760 
19530 6086 10142 9812 
19531 6815 10182 10037 
19532 2236 10146 2238 
19533 10139 10146 2236 
19534 10151 10194 6691 
19535 801 10145 800 
19536 3399 10207 4062 
19537 5522 10148 6091 
19538 4708 10205 4707 
19539 10148 10156 6091 
19540 6339 10732 10287 
19541 5538 10209 6334 
19542 7073 10230 6466 
19543 4737 10148 6828 
19544 6262 10595 10239 
19545 10626 10746 6151 
19546 8049 10535 8371 
19547 389 10211 8148 
19548 582 10211 390 
19549 4062 10149 4063 
19550 6333 10212 5594 
19551 4074 10208 3577 
19552 5704 10733 8182 
19553 5508 10157 5509 
19554 4737 10156 10148 
19555 827 10150 826 
19556 10207 10226 5544 
19557 6611 10152 6612 
19558 6095 10184 10177 
19559 58 10215 57 
19560 10053 10200 5679 
19561 6120 10243 8312 
19562 6340 10545 6342 
19563 3576 10213 2292 
19564 8101 10212 674 
19565 2258 10156 4737 
19566 6115 10250 10246 
19567 823 10155 822 
19568 1675 10154 1680 
19569 10032 10336 8086 
19570 10155 10159 822 
19571 6056 10188 10152 
19572 340 10158 339 
19573 9984 10151 4295 
19574 9797 10153 3891 
19575 5514 10134 10130 
19576 6842 10220 4743 
19577 6479 10210 10124 
19578 5553 10160 6137 
19579 6172 10577 8148 
19580 321 10162 320 
19581 822 10159 9783 
19582 10122 10185 5696 
19583 8049 10665 3906 
19584 6371 10164 10133 
19585 10197 10205 6107 
19586 2316 10161 3939 
19587 4104 10165 6836 
19588 10192 10220 6732 
19589 2284 10166 10156 
19590 4104 10169 10165 
19591 62 10219 752 
19592 628 10219 63 
19593 6736 10168 6734 
19594 6382 10385 6177 
19595 6864 10169 4104 
19596 3570 10216 9862 
19597 800 10145 10140 
19598 10163 10197 6824 
19599 6109 10225 6842 
19600 5547 10218 6056 
19601 4367 10232 4368 
19602 9702 10164 9978 
19603 10054 10163 6824 
19604 6091 10166 9859 
19605 4126 10224 5550 
19606 9765 10226 2265 
19607 9747 10234 3588 
19608 2209 10163 10054 
19609 8078 10227 8079 
19610 6445 10167 9980 
19611 257 10170 256 
19612 10161 10177 3939 
19613 6895 10231 46 
19614 45 10231 599 
19615 10152 10188 2243 
19616 8105 10376 5595 
19617 4401 10268 6916 
19618 8170 10173 8168 
19619 775 10173 8170 
19620 6227 10587 8201 
19621 9874 10216 5666 
19622 6740 10236 6741 
19623 6872 10172 4442 
19624 10224 10228 5550 
19625 6109 10229 10225 
19626 4710 10171 4708 
19627 10133 10164 9702 
19628 9742 10569 6757 
19629 6842 10225 10220 
19630 6150 10308 5535 
19631 6469 10443 6255 
19632 10007 10192 2156 
19633 6173 10256 5606 
19634 9657 10175 842 
19635 6138 10237 5554 
19636 5647 10228 4775 
19637 10098 10163 2209 
19638 3903 10229 3904 
19639 6115 10246 6116 
19640 10229 10233 3904 
19641 10154 10191 1680 
19642 809 10176 808 
19643 3939 10177 4447 
19644 10171 10181 6107 
19645 9984 10194 10151 
19646 8018 10179 8524 
19647 4346 10181 4797 
19648 5616 10180 5617 
19649 5531 10296 6294 
19650 5554 10233 5552 
19651 4386 10178 9802 
19652 5558 10242 10185 
19653 6123 10273 6124 
19654 10174 10191 6637 
19655 6108 10181 10171 
19656 5547 10224 10218 
19657 230 10238 229 
19658 805 10183 804 
19659 619 10619 10537 
19660 5550 10235 4812 
19661 6637 10191 10154 
19662 4457 10184 6095 
19663 5653 10182 6445 
19664 10174 10246 9911 
19665 6765 10276 6123 
19666 109 10239 108 
19667 644 10256 6697 
19668 10166 10190 9859 
19669 5668 10186 4424 
19670 754 10187 8300 
19671 6442 10375 269 
19672 6123 10276 10273 
19673 3816 10189 3818 
19674 6201 10217 6108 
19675 4339 10257 10252 
19676 2244 10188 2274 
19677 8312 10243 112 
19678 111 10243 692 
19679 10147 10178 4386 
19680 1680 10191 1685 
19681 7020 10193 5518 
19682 6112 10242 5556 
19683 6135 10508 6134 
19684 4874 10358 10315 
19685 9859 10190 4759 
19686 4903 10247 4904 
19687 10183 10223 804 
19688 693 10477 6374 
19689 8127 10369 679 
19690 10190 10198 4759 
19691 4364 10245 4780 
19692 6418 10234 9747 
19693 568 10248 8106 
19694 8102 10248 8104 
19695 6056 10218 10188 
19696 9805 10240 4359 
19697 6112 10245 10242 
19698 6124 10273 10223 
19699 10156 10166 6091 
19700 8564 10585 8274 
19701 9765 10241 10226 
19702 4915 10241 5566 
19703 4787 10250 6121 
19704 5554 10237 10233 
19705 483 10196 482 
19706 5488 10195 4380 
19707 6824 10197 4744 
19708 663 10251 298 
19709 297 10251 757 
19710 4780 10249 6178 
19711 2156 10192 10143 
19712 4881 10199 4343 
19713 6708 10201 6707 
19714 430 10253 429 
19715 8476 10589 8155 
19716 5697 10194 9984 
19717 10245 10249 4780 
19718 5680 10200 6389 
19719 5938 10258 8743 
19720 4759 10198 9914 
19721 759 10259 8261 
19722 5697 10204 10194 
19723 5954 10260 5957 
19724 5206 10260 8520 
19725 4339 10252 4291 
19726 7036 10192 10007 
19727 5670 10203 5529 
19728 677 10202 8270 
19729 10181 10217 4797 
19730 9941 10269 10128 
19731 4707 10205 5534 
19732 4946 10377 6394 
19733 6403 10546 559 
19734 10283 10758 6559 
19735 5696 10185 10132 
19736 7036 10220 10192 
19737 6108 10217 10181 
19738 4814 10262 6127 
19739 4832 10262 4072 
19740 8579 10254 8439 
19741 4283 10266 2288 
19742 6896 10207 3399 
19743 6899 10263 2276 
19744 6585 10553 6199 
19745 3577 10208 3576 
19746 664 10272 6895 
19747 5658 10264 5548 
19748 8259 10265 8260 
19749 8140 10681 10274 
19750 10185 10242 4783 
19751 10250 10252 6121 
19752 9914 10209 5538 
19753 390 10211 389 
19754 10198 10209 9914 
19755 10275 10685 5651 
19756 6805 10221 6807 
19757 10188 10218 2274 
19758 3820 10270 4366 
19759 5594 10212 5595 
19760 3387 10210 6470 
19761 5534 10205 10197 
19762 2292 10213 3570 
19763 8133 10274 8134 
19764 6990 10552 8180 
19765 6181 10271 4799 
19766 57 10215 724 
19767 6548 10275 9554 
19768 4901 10284 6169 
19769 4384 10284 4316 
19770 10399 10731 8037 
19771 10241 10263 5566 
19772 6116 10246 10174 
19773 10128 10269 6807 
19774 10132 10204 5697 
19775 5532 10280 5607 
19776 4795 10278 6899 
19777 7537 10281 7528 
19778 7530 10281 7535 
19779 9862 10216 9874 
19780 5581 10277 4765 
19781 10349 10682 8222 
19782 4767 10277 4844 
19783 4797 10217 6261 
19784 6896 10226 10207 
19785 6916 10230 3560 
19786 6760 10705 722 
19787 6781 10283 6782 
19788 5555 10699 10636 
19789 10066 10272 6301 
19790 4790 10282 4073 
19791 8182 10285 8181 
19792 6808 10221 6805 
19793 8177 10511 6159 
19794 8033 10574 5658 
19795 4232 10286 4231 
19796 4848 10286 6331 
19797 63 10219 62 
19798 6944 10653 6213 
19799 2274 10218 9815 
19800 4743 10220 7036 
19801 6754 10287 6756 
19802 2295 10255 6392 
19803 6754 10438 10287 
19804 731 10399 8037 
19805 64 10290 628 
19806 753 10290 65 
19807 767 10291 74 
19808 73 10291 629 
19809 264 10292 263 
19810 7092 10292 7093 
19811 10334 10750 8265 
19812 5577 10298 5585 
19813 8025 10293 8021 
19814 306 10293 305 
19815 224 10294 223 
19816 580 10296 8219 
19817 560 10267 8153 
19818 6899 10278 10263 
19819 5562 10332 6307 
19820 7020 10282 10193 
19821 787 10289 6518 
19822 8356 10222 3506 
19823 4382 10459 8114 
19824 10220 10225 6732 
19825 10218 10224 9815 
19826 4904 10247 6512 
19827 6732 10225 4310 
19828 8729 10297 6271 
19829 6234 10737 6353 
19830 6170 10577 6172 
19831 9815 10224 4126 
19832 804 10223 10145 
19833 10298 10307 5585 
19834 734 10227 8078 
19835 9594 10285 6073 
19836 5547 10228 10224 
19837 2265 10226 6896 
19838 341 10299 773 
19839 583 10299 342 
19840 4775 10228 5547 
19841 8312 10679 6120 
19842 8269 10300 565 
19843 10225 10229 4310 
19844 746 10648 8204 
19845 6476 10353 617 
19846 5170 10738 8032 
19847 8032 10301 8029 
19848 8023 10301 8024 
19849 4310 10229 3903 
19850 703 10624 6658 
19851 4442 10232 4367 
19852 6553 10234 6418 
19853 5571 10603 6715 
19854 6109 10233 10229 
19855 6284 10498 6640 
19856 46 10231 45 
19857 6654 10411 4308 
19858 3560 10230 7073 
19859 6652 10423 6655 
19860 10189 10270 3818 
19861 6668 10314 6669 
19862 4851 10486 8093 
19863 6915 10760 10492 
19864 90 10304 89 
19865 548 10666 10388 
19866 8197 10305 8196 
19867 785 10289 787 
19868 6321 10335 6319 
19869 8151 10644 6400 
19870 6154 10307 4794 
19871 5552 10233 6109 
19872 8127 10450 4879 
19873 632 10308 8205 
19874 5605 10338 9482 
19875 6666 10314 6667 
19876 4812 10235 6136 
19877 8296 10673 6481 
19878 774 10309 361 
19879 360 10309 574 
19880 638 10236 6740 
19881 429 10310 428 
19882 10226 10241 5544 
19883 6152 10584 6745 
19884 695 10616 6398 
19885 10246 10250 5483 
19886 6412 10506 143 
19887 6480 10255 6391 
19888 10097 10668 5546 
19889 662 10238 230 
19890 10145 10223 6861 
19891 4289 10311 4339 
19892 3904 10237 7160 
19893 5205 10313 5206 
19894 6135 10427 6654 
19895 108 10239 575 
19896 6868 10339 6191 
19897 4890 10311 4288 
19898 6120 10679 6118 
19899 10193 10282 4790 
19900 8240 10316 8249 
19901 8242 10316 8239 
19902 10223 10273 6861 
19903 10233 10237 3904 
19904 6669 10387 653 
19905 6350 10240 9805 
19906 6424 10319 6114 
19907 8275 10288 8276 
19908 5994 10318 9211 
19909 3556 10318 8948 
19910 5544 10241 4915 
19911 112 10243 111 
19912 5556 10242 5558 
19913 10308 10561 8205 
19914 6335 10646 6250 
19915 10232 10410 4368 
19916 10242 10245 4783 
19917 9747 10244 5507 
19918 8172 10320 8171 
19919 8173 10320 8174 
19920 6250 10321 4880 
19921 8311 10413 586 
19922 702 10325 21 
19923 20 10325 643 
19924 10252 10257 6121 
19925 4795 10298 10278 
19926 4783 10245 4364 
19927 6649 10337 703 
19928 8106 10248 8102 
19929 10016 10317 4283 
19930 6191 10683 6868 
19931 6205 10254 8579 
19932 561 10328 466 
19933 5475 10326 5573 
19934 8225 10329 8228 
19935 8209 10740 8351 
19936 8073 10330 198 
19937 197 10330 556 
19938 5483 10250 4787 
19939 5665 10261 6519 
19940 6655 10337 6650 
19941 9911 10246 5483 
19942 6112 10249 10245 
19943 598 10332 8072 
19944 6113 10249 6112 
19945 298 10251 297 
19946 6419 10366 686 
19947 102 10334 8265 
19948 631 10334 103 
19949 722 10339 487 
19950 359 10335 358 
19951 9968 10319 6190 
19952 486 10339 6868 
19953 6154 10317 10307 
19954 4291 10252 6115 
19955 4086 10336 3552 
19956 8271 10338 564 
19957 6253 10426 8317 
19958 5582 10333 6154 
19959 676 10253 430 
19960 8068 10254 8067 
19961 773 10710 10158 
19962 6713 10256 644 
19963 10238 10421 229 
19964 10492 10760 8089 
19965 617 10393 6476 
19966 188 10340 8055 
19967 572 10340 189 
19968 563 10258 8036 
19969 4948 10261 10214 
19970 751 10341 8272 
19971 5607 10258 5938 
19972 10473 10752 601 
19973 8258 10259 759 
19974 8520 10260 5954 
19975 5546 10342 5545 
19976 7538 10542 749 
19977 5495 10348 5496 
19978 6121 10257 6122 
19979 6031 10344 6032 
19980 6379 10601 6867 
19981 4309 10336 10032 
19982 4131 10344 9570 
19983 10244 10269 5507 
19984 10448 10736 8080 
19985 6115 10252 10250 
19986 90 10614 10304 
19987 8316 10346 179 
19988 178 10346 608 
19989 8282 10347 631 
19990 6190 10683 6191 
19991 121 10349 8222 
19992 745 10349 122 
19993 8182 10496 5704 
19994 9765 10263 10241 
19995 8286 10521 7417 
19996 6306 10740 8209 
19997 9041 10626 6151 
19998 319 10352 318 
19999 4325 10697 8235 
20000 6434 10383 6432 
20001 4072 10262 4814 
20002 617 10353 274 
20003 273 10353 758 
20004 8144 10461 8143 
20005 4895 10453 6414 
20006 71 10354 70 
20007 4332 10397 8105 
20008 6759 10431 3659 
20009 2276 10263 9765 
20010 8263 10326 561 
20011 6736 10428 7161 
20012 6101 10355 6348 
20013 8803 10355 9066 
20014 5597 10357 5596 
20015 10158 10710 6226 
20016 556 10627 8278 
20017 6658 10505 654 
20018 5548 10264 6160 
20019 5509 10361 6556 
20020 758 10265 8259 
20021 2288 10266 4314 
20022 10239 10595 575 
20023 58 10415 10215 
20024 143 10696 6412 
20025 6432 10383 6327 
20026 4844 10356 4769 
20027 8107 10362 8108 
20028 8110 10362 8109 
20029 10078 10327 6211 
20030 6404 10279 6406 
20031 5654 10734 8253 
20032 9935 10360 4086 
20033 3824 10363 4404 
20034 4366 10363 3822 
20035 8268 10364 8269 
20036 662 10295 10238 
20037 5507 10269 9941 
20038 5578 10348 10011 
20039 3818 10270 3820 
20040 6292 10365 6293 
20041 6167 10365 9262 
20042 4799 10271 5578 
20043 6439 10366 6276 
20044 10315 10358 6310 
20045 6412 10369 5610 
20046 3929 10370 3563 
20047 6415 10279 6404 
20048 6301 10272 6300 
20049 5639 10371 5640 
20050 4943 10377 4946 
20051 5559 10556 8144 
20052 581 10372 335 
20053 8140 10274 8133 
20054 6861 10273 4791 
20055 782 10322 783 
20056 6213 10653 6212 
20057 6199 10396 6561 
20058 6703 10380 716 
20059 8262 10537 6228 
20060 6161 10368 4807 
20061 10172 10460 6245 
20062 9554 10275 5651 
20063 670 10288 8275 
20064 6621 10323 6161 
20065 10273 10276 4791 
20066 8084 10373 673 
20067 5342 10374 6315 
20068 269 10375 268 
20069 9667 10749 10445 
20070 6122 10748 6189 
20071 629 10592 9829 
20072 5595 10376 4806 
20073 8999 10376 5325 
20074 5641 10448 8291 
20075 6271 10708 6270 
20076 8204 10648 5957 
20077 4791 10276 4790 
20078 6238 10312 6284 
20079 6597 10389 6595 
20080 4765 10277 4767 
20081 6987 10470 676 
20082 10263 10278 5566 
20083 5620 10378 6185 
20084 8556 10381 6200 
20085 4078 10382 3390 
20086 3302 10382 9576 
20087 9877 10383 3929 
20088 6268 10331 5579 
20089 6215 10280 5532 
20090 4347 10386 4131 
20091 686 10726 6419 
20092 656 10283 6781 
20093 697 10541 7097 
20094 7528 10281 7530 
20095 10256 10581 6697 
20096 6213 10550 6944 
20097 6258 10410 10232 
20098 8152 10480 5565 
20099 9406 10390 6304 
20100 6473 10559 8077 
20101 418 10367 417 
20102 6315 10392 9468 
20103 6476 10393 5631 
20104 6283 10750 10334 
20105 4073 10282 4074 
20106 7087 10395 7088 
20107 4316 10284 4901 
20108 7090 10395 7089 
20109 8315 10493 739 
20110 5566 10278 10063 
20111 8142 10639 5559 
20112 6410 10436 6409 
20113 4865 10359 10127 
20114 6424 10713 600 
20115 3486 10397 4332 
20116 5325 10397 8985 
20117 6428 10503 6427 
20118 8478 10752 10473 
20119 4773 10394 5646 
20120 8063 10398 8065 
20121 6168 10543 6166 
20122 8167 10524 5640 
20123 8181 10285 753 
20124 741 10491 6431 
20125 10195 10611 6784 
20126 7310 10400 477 
20127 5618 10399 8379 
20128 476 10400 667 
20129 8050 10401 8038 
20130 10287 10438 6339 
20131 4908 10410 4920 
20132 8234 10402 8231 
20133 8230 10402 8229 
20134 584 10403 76 
20135 75 10403 767 
20136 10078 10667 10327 
20137 4231 10286 4848 
20138 8241 10404 8242 
20139 8190 10674 9185 
20140 8114 10610 8855 
20141 6293 10682 10349 
20142 6282 10406 6283 
20143 6147 10406 9425 
20144 6347 10407 6346 
20145 4308 10411 4067 
20146 6756 10287 6759 
20147 8289 10517 6146 
20148 6118 10409 5634 
20149 6409 10288 6407 
20150 8280 10442 770 
20151 6185 10421 10238 
20152 10215 10415 6214 
20153 5550 10494 10235 
20154 7541 10413 7544 
20155 457 10412 8271 
20156 741 10412 458 
20157 10333 10351 4314 
20158 8948 10414 9157 
20159 589 10415 59 
20160 10202 10364 8270 
20161 5606 10408 5503 
20162 1742 10289 785 
20163 706 10456 6535 
20164 8157 10591 8155 
20165 9185 10674 6098 
20166 318 10417 317 
20167 65 10290 64 
20168 74 10291 73 
20169 5651 10419 5628 
20170 263 10292 7092 
20171 743 10420 8140 
20172 228 10421 700 
20173 6701 10643 9896 
20174 8021 10293 306 
20175 223 10294 777 
20176 6664 10432 6665 
20177 7544 10422 7545 
20178 9072 10422 4102 
20179 605 10379 6433 
20180 6370 10576 6371 
20181 6912 10295 662 
20182 7003 10428 6378 
20183 755 10618 6990 
20184 6394 10345 636 
20185 8183 10296 580 
20186 8317 10426 326 
20187 325 10426 563 
20188 5501 10427 6135 
20189 6758 10599 9742 
20190 733 10429 8099 
20191 8529 10465 8158 
20192 721 10438 6753 
20193 6313 10445 8313 
20194 6094 10427 4753 
20195 4314 10351 9820 
20196 3912 10423 4308 
20197 3659 10431 3660 
20198 3130 10433 3899 
20199 3129 10433 3127 
20200 6741 10586 6743 
20201 10309 10714 574 
20202 9921 10408 4322 
20203 48 10434 664 
20204 7922 10350 8357 
20205 8357 10350 6369 
20206 6927 10434 49 
20207 10236 10748 6122 
20208 6452 10297 8729 
20209 4333 10435 5623 
20210 4102 10435 4060 
20211 8122 10437 8119 
20212 6420 10518 690 
20213 130 10439 129 
20214 5633 10440 8503 
20215 8042 10384 8040 
20216 606 10594 6413 
20217 6268 10669 10331 
20218 6125 10441 8535 
20219 10021 10424 4374 
20220 3663 10431 9889 
20221 6154 10333 10266 
20222 10258 10698 8743 
20223 7161 10428 9917 
20224 342 10299 341 
20225 9667 10445 5637 
20226 4886 10453 4895 
20227 5496 10444 4411 
20228 6256 10736 10448 
20229 6222 10300 5567 
20230 653 10456 242 
20231 10351 10358 9820 
20232 241 10456 706 
20233 667 10730 6425 
20234 8969 10446 6256 
20235 565 10300 8267 
20236 6232 10447 6231 
20237 8408 10447 4101 
20238 10240 10578 4359 
20239 218 10449 652 
20240 10278 10298 10063 
20241 6294 10442 9854 
20242 10534 10580 6136 
20243 4795 10307 10298 
20244 8118 10450 8117 
20245 8126 10450 8127 
20246 8187 10451 691 
20247 332 10452 331 
20248 8289 10454 587 
20249 566 10455 8146 
20250 6243 10539 6242 
20251 6352 10703 641 
20252 8177 10677 568 
20253 6559 10758 519 
20254 6100 10717 6399 
20255 8029 10301 8023 
20256 10063 10298 5577 
20257 9594 10641 10285 
20258 8175 10457 8176 
20259 109 10645 10239 
20260 6450 10312 6265 
20261 10430 10725 6735 
20262 6675 10466 6674 
20263 8111 10459 8110 
20264 6266 10575 8287 
20265 6398 10302 6397 
20266 6856 10495 9722 
20267 7527 10722 774 
20268 6279 10754 6277 
20269 9653 10461 4313 
20270 8211 10463 584 
20271 6356 10659 10514 
20272 5621 10458 9728 
20273 9954 10462 5502 
20274 6387 10457 756 
20275 5006 10385 6179 
20276 10254 10700 8439 
20277 8637 10465 3902 
20278 6620 10323 6621 
20279 6093 10652 8104 
20280 762 10467 8253 
20281 10265 10357 5597 
20282 635 10478 6771 
20283 6150 10561 10308 
20284 10374 10761 745 
20285 9820 10358 4874 
20286 8087 10471 8085 
20287 89 10304 685 
20288 6277 10470 6278 
20289 6981 10470 6987 
20290 9732 10469 6299 
20291 6987 10571 6983 
20292 639 10593 6678 
20293 6700 10499 6703 
20294 10320 10724 8174 
20295 8200 10305 8197 
20296 683 10472 393 
20297 5898 10473 5900 
20298 411 10474 751 
20299 591 10474 412 
20300 5588 10476 8478 
20301 9545 10477 6168 
20302 4794 10307 4795 
20303 9896 10643 6174 
20304 10173 10746 10626 
20305 5565 10480 9334 
20306 8273 10308 632 
20307 9524 10671 10541 
20308 5179 10482 5586 
20309 714 10525 6726 
20310 5660 10479 6207 
20311 6325 10483 4808 
20312 4405 10483 6030 
20313 6640 10498 3403 
20314 8819 10485 8795 
20315 6032 10486 4402 
20316 361 10309 360 
20317 9744 10531 6947 
20318 115 10488 8221 
20319 693 10488 116 
20320 3594 10498 4384 
20321 10304 10614 6549 
20322 6332 10439 6333 
20323 6157 10429 5603 
20324 3575 10513 6640 
20325 428 10310 560 
20326 8089 10489 623 
20327 8054 10554 6280 
20328 605 10491 460 
20329 459 10491 741 
20330 7425 10729 7424 
20331 6297 10493 8851 
20332 4288 10311 4289 
20333 10104 10411 6094 
20334 6110 10739 8172 
20335 6556 10513 6555 
20336 10235 10534 6136 
20337 8302 10496 578 
20338 6173 10581 10256 
20339 6175 10495 6370 
20340 5579 10331 6297 
20341 10302 10303 779 
20342 4920 10425 6585 
20343 8287 10661 6266 
20344 3000 10500 3548 
20345 717 10522 6739 
20346 6667 10314 6668 
20347 5192 10501 5193 
20348 8287 10575 765 
20349 697 10502 8 
20350 7 10502 780 
20351 474 10503 473 
20352 6745 10607 4890 
20353 778 10504 303 
20354 302 10504 696 
20355 705 10534 6675 
20356 8290 10484 8291 
20357 8274 10598 6474 
20358 6103 10455 8176 
20359 643 10514 19 
20360 6267 10313 5205 
20361 18 10514 707 
20362 8855 10610 6171 
20363 8286 10507 732 
20364 10235 10494 6675 
20365 5598 10536 4932 
20366 3484 10509 4023 
20367 5993 10510 5994 
20368 9185 10547 8190 
20369 8256 10512 8257 
20370 6511 10391 802 
20371 6346 10515 5599 
20372 4934 10536 6489 
20373 8288 10517 8289 
20374 8266 10517 764 
20375 750 10519 8193 
20376 8239 10316 8240 
20377 4874 10315 6181 
20378 9246 10521 6158 
20379 475 10523 474 
20380 6210 10505 6085 
20381 591 10566 6517 
20382 6947 10531 6946 
20383 8033 10529 8031 
20384 8123 10532 8122 
20385 8169 10626 9041 
20386 6058 10463 8212 
20387 6102 10527 9722 
20388 6776 10549 616 
20389 6235 10324 6318 
20390 293 10537 8262 
20391 619 10537 294 
20392 8043 10538 8042 
20393 8101 10686 10212 
20394 6238 10650 10312 
20395 10307 10317 5585 
20396 8058 10540 8059 
20397 6364 10516 6367 
20398 9 10541 697 
20399 9524 10541 10 
20400 749 10542 366 
20401 365 10542 627 
20402 6725 10490 640 
20403 8223 10543 577 
20404 8099 10544 557 
20405 331 10545 330 
20406 140 10546 8207 
20407 559 10546 141 
20408 5585 10317 10016 
20409 8032 10529 5170 
20410 6423 10547 9342 
20411 10302 10343 6397 
20412 4818 10547 9185 
20413 462 10379 461 
20414 10219 10637 752 
20415 10266 10333 4314 
20416 143 10506 142 
20417 463 10551 462 
20418 6742 10607 6745 
20419 9211 10318 3556 
20420 6986 10552 6990 
20421 744 10405 8188 
20422 6183 10554 6340 
20423 8417 10555 6280 
20424 8256 10573 10512 
20425 4079 10556 5559 
20426 4313 10556 3908 
20427 6136 10580 6164 
20428 5584 10558 8746 
20429 6114 10319 9968 
20430 8077 10559 8076 
20431 710 10581 6704 
20432 6043 10707 10021 
20433 5623 10451 8742 
20434 5559 10639 9351 
20435 6386 10718 6489 
20436 9978 10550 6213 
20437 6345 10563 8922 
20438 6745 10584 620 
20439 358 10564 357 
20440 8206 10566 414 
20441 413 10566 591 
20442 6947 10568 9743 
20443 72 10567 71 
20444 802 10391 6504 
20445 5014 10569 9742 
20446 4121 10562 4319 
20447 640 10651 6717 
20448 6943 10576 621 
20449 567 10571 433 
20450 8171 10320 8173 
20451 4880 10321 6295 
20452 6142 10570 6208 
20453 6206 10615 8255 
20454 558 10661 8287 
20455 563 10698 10258 
20456 8034 10574 8033 
20457 6248 10575 6155 
20458 684 10577 8116 
20459 6627 10751 6628 
20460 4356 10578 4355 
20461 783 10322 1742 
20462 6779 10578 10240 
20463 363 10583 362 
20464 10262 10741 6127 
20465 6399 10520 6100 
20466 6211 10327 6210 
20467 8274 10585 590 
20468 6867 10601 43 
20469 42 10601 719 
20470 6225 10587 6227 
20471 3548 10587 8540 
20472 8258 10482 10440 
20473 8155 10589 689 
20474 5228 10591 8637 
20475 6425 10523 667 
20476 6065 10594 6111 
20477 6303 10659 6201 
20478 10239 10645 6296 
20479 5619 10341 9492 
20480 6144 10597 9487 
20481 174 10598 8274 
20482 740 10598 175 
20483 7744 10600 9322 
20484 6285 10595 9635 
20485 10253 10754 6279 
20486 6354 10324 6235 
20487 3656 10599 3659 
20488 9895 10499 6701 
20489 9829 10592 6344 
20490 5900 10507 5901 
20491 9742 10599 3655 
20492 8255 10657 6206 
20493 6316 10602 8561 
20494 6670 10327 702 
20495 6298 10449 6384 
20496 8057 10526 8060 
20497 6408 10604 6411 
20498 364 10606 363 
20499 6437 10366 6439 
20500 8068 10700 10254 
20501 5555 10636 4826 
20502 8113 10610 8114 
20503 6699 10643 6701 
20504 749 10630 7542 
20505 10259 10440 5633 
20506 4856 10605 4857 
20507 6273 10326 5475 
20508 333 10612 687 
20509 131 10613 130 
20510 21 10325 20 
20511 521 10616 695 
20512 585 10614 91 
20513 5281 10615 6206 
20514 6139 10615 8845 
20515 8143 10618 8145 
20516 466 10328 465 
20517 6162 10620 6229 
20518 8079 10622 675 
20519 4383 10603 5571 
20520 698 10329 8225 
20521 4319 10617 9751 
20522 6353 10462 6354 
20523 198 10330 197 
20524 8053 10331 572 
20525 586 10630 368 
20526 367 10630 749 
20527 4322 10603 3925 
20528 6 10632 1 
20529 1 10632 264 
20530 3 10633 523 
20531 225 10633 3 
20532 2 10635 224 
20533 4 10634 304 
20534 305 10634 4 
20535 265 10635 2 
20536 519 10758 518 
20537 4852 10762 4854 
20538 7091 10756 7090 
20539 10580 10623 6164 
20540 10227 10729 7425 
20541 8159 10638 8158 
20542 8146 10639 8141 
20543 8303 10332 598 
20544 7160 10582 7161 
20545 6400 10644 5365 
20546 4400 10644 5565 
20547 6410 10600 10436 
20548 692 10645 110 
20549 6710 10533 6709 
20550 681 10647 8073 
20551 6179 10345 6395 
20552 5957 10648 5955 
20553 9596 10642 5605 
20554 103 10334 102 
20555 4387 10652 6093 
20556 4332 10652 4087 
20557 4829 10744 4860 
20558 6218 10654 6323 
20559 574 10335 359 
20560 5624 10333 5582 
20561 5551 10655 4833 
20562 641 10703 238 
20563 8163 10741 8162 
20564 8351 10740 5177 
20565 8435 10740 6306 
20566 9015 10739 6110 
20567 8345 10738 5170 
20568 8254 10657 8255 
20569 417 10658 416 
20570 3552 10336 4309 
20571 600 10713 484 
20572 4404 10734 8368 
20573 237 10703 713 
20574 6650 10337 6649 
20575 9002 10661 6332 
20576 10212 10686 5595 
20577 3906 10665 2913 
20578 2906 10665 8371 
20579 666 10701 7086 
20580 10201 10707 6043 
20581 5603 10727 4838 
20582 464 10726 686 
20583 6400 10468 622 
20584 5569 10724 4727 
20585 552 10650 610 
20586 9576 10735 3905 
20587 7524 10722 7527 
20588 6425 10730 6286 
20589 747 10672 8090 
20590 5251 10673 5584 
20591 6481 10673 5523 
20592 564 10338 8092 
20593 8188 10674 8189 
20594 6319 10714 6320 
20595 5241 10680 5240 
20596 6224 10710 6267 
20597 3899 10709 3511 
20598 6186 10706 6187 
20599 6378 10725 10430 
20600 4860 10691 4076 
20601 5535 10702 4414 
20602 4020 10700 8594 
20603 144 10696 143 
20604 6398 10616 10303 
20605 10331 10669 572 
20606 6220 10694 6324 
20607 6313 10637 9924 
20608 10327 10667 702 
20609 6342 10452 6358 
20610 5451 10717 6100 
20611 487 10339 486 
20612 523 10633 10303 
20613 10285 10641 753 
20614 189 10340 188 
20615 6281 10347 5614 
20616 10296 10757 6294 
20617 8272 10341 8273 
20618 10537 10619 6228 
20619 6200 10731 10399 
20620 726 10684 10162 
20621 5545 10342 6298 
20622 8093 10486 8094 
20623 461 10379 605 
20624 5624 10351 10333 
20625 7523 10714 10309 
20626 6729 10748 638 
20627 5488 10611 10195 
20628 10039 10733 5704 
20629 6397 10343 9755 
20630 775 10561 10173 
20631 9570 10344 6031 
20632 6369 10350 6368 
20633 10256 10719 5606 
20634 6264 10637 10219 
20635 10453 10663 659 
20636 6675 10534 10235 
20637 8220 10418 748 
20638 8179 10729 734 
20639 179 10346 178 
20640 10301 10691 8024 
20641 10222 10500 3506 
20642 8283 10347 8282 
20643 10162 10602 603 
20644 6990 10618 6991 
20645 571 10448 8080 
20646 8227 10528 8226 
20647 8258 10440 10259 
20648 122 10349 121 
20649 4023 10350 7922 
20650 6435 10629 6434 
20651 5551 10487 8217 
20652 8594 10398 5936 
20653 5626 10351 5624 
20654 10011 10348 5495 
20655 603 10352 319 
20656 6451 10676 6452 
20657 8081 10468 8082 
20658 274 10353 273 
20659 4860 10744 10206 
20660 6193 10518 6420 
20661 10162 10684 6233 
20662 6737 10430 6735 
20663 10312 10650 6265 
20664 9322 10711 3129 
20665 5598 10666 6385 
20666 70 10354 766 
20667 664 10742 10272 
20668 10636 10699 6318 
20669 5626 10358 10351 
20670 698 10375 10329 
20671 10445 10749 589 
20672 9066 10355 6101 
20673 10295 10458 5621 
20674 6325 10481 8215 
20675 10482 10512 5586 
20676 5596 10357 6476 
20677 4769 10356 4771 
20678 6333 10613 10212 
20679 8165 10371 680 
20680 6233 10602 10162 
20681 8004 10689 3885 
20682 758 10357 10265 
20683 6310 10358 5626 
20684 5574 10360 9935 
20685 592 10367 418 
20686 483 10713 10196 
20687 8161 10741 10262 
20688 3906 10538 8046 
20689 6912 10497 10458 
20690 8168 10626 8169 
20691 6117 10481 6325 
20692 8109 10362 8107 
20693 8269 10762 10300 
20694 6177 10385 5006 
20695 10343 10378 9755 
20696 4845 10724 10320 
20697 10215 10653 724 
20698 8371 10535 3459 
20699 3822 10363 3824 
20700 6164 10623 10046 
20701 8270 10364 8268 
20702 10066 10631 10272 
20703 8206 10518 6195 
20704 9262 10365 6292 
20705 6303 10478 6696 
20706 6276 10366 6419 
20707 5640 10524 4784 
20708 10127 10359 6088 
20709 6422 10367 6423 
20710 10271 10701 5578 
20711 719 10430 6737 
20712 5610 10369 5608 
20713 3563 10370 4078 
20714 10306 10323 6620 
20715 607 10573 8256 
20716 5647 10494 10228 
20717 8840 10459 4382 
20718 8040 10384 8050 
20719 6909 10497 6912 
20720 569 10560 6441 
20721 10623 10656 10046 
20722 559 10506 6401 
20723 6304 10371 5639 
20724 335 10372 334 
20725 6780 10562 4355 
20726 748 10418 8283 
20727 8305 10594 606 
20728 10157 10361 5509 
20729 10279 10604 6406 
20730 7086 10701 10271 
20731 8075 10473 601 
20732 10326 10712 561 
20733 6427 10523 6425 
20734 10347 10721 631 
20735 6348 10472 6337 
20736 673 10373 8264 
20737 10356 10394 4771 
20738 6291 10374 5342 
20739 6366 10747 6369 
20740 8351 10678 8209 
20741 10279 10709 3899 
20742 268 10375 698 
20743 10212 10613 674 
20744 608 10660 8077 
20745 4442 10728 10232 
20746 4945 10377 4943 
20747 4806 10376 8999 
20748 6189 10380 9927 
20749 8082 10405 744 
20750 8077 10660 9974 
20751 6205 10647 10254 
20752 6915 10492 9842 
20753 10258 10649 8036 
20754 3899 10604 10279 
20755 716 10380 6729 
20756 6433 10379 6436 
20757 570 10407 8179 
20758 5607 10649 10258 
20759 9755 10378 5620 
20760 10254 10647 8067 
20761 670 10608 10288 
20762 6160 10381 8556 
20763 10222 10687 10305 
20764 6242 10539 10368 
20765 3390 10382 3302 
20766 6327 10383 9877 
20767 607 10621 10573 
20768 8210 10744 5570 
20769 6557 10565 695 
20770 768 10481 8212 
20771 8711 10384 8020 
20772 6713 10719 10256 
20773 6223 10492 8090 
20774 6595 10389 4840 
20775 4854 10386 4347 
20776 5595 10686 8105 
20777 6138 10582 10237 
20778 8130 10392 624 
20779 695 10565 520 
20780 6909 10548 10497 
20781 6504 10391 6505 
20782 628 10694 10219 
20783 548 10388 549 
20784 8380 10538 3906 
20785 6295 10390 9406 
20786 9468 10392 6248 
20787 10284 10416 6169 
20788 5631 10393 5633 
20789 658 10323 10306 
20790 6030 10487 9605 
20791 3930 10709 6415 
20792 10267 10688 9230 
20793 6100 10520 10209 
20794 8866 10437 4786 
20795 4771 10394 4773 
20796 742 10511 8177 
20797 8866 10759 10437 
20798 4412 10756 7094 
20799 7089 10395 7087 
20800 10272 10742 6300 
20801 669 10676 8298 
20802 6912 10458 10295 
20803 6561 10396 6177 
20804 656 10758 10283 
20805 10195 10675 4865 
20806 10288 10608 6407 
20807 8985 10397 3486 
20808 4827 10499 9895 
20809 694 10706 6384 
20810 8065 10398 8068 
20811 6215 10684 10280 
20812 4091 10691 10301 
20813 8182 10733 10285 
20814 4418 10524 8169 
20815 10046 10656 6309 
20816 6335 10519 8129 
20817 599 10654 6867 
20818 8158 10465 8157 
20819 6908 10548 6909 
20820 6200 10399 5618 
20821 477 10400 476 
20822 8038 10401 728 
20823 6247 10416 6450 
20824 10168 10582 6138 
20825 8231 10402 8230 
20826 76 10403 75 
20827 6867 10654 10012 
20828 4832 10638 10262 
20829 10362 10727 8108 
20830 10416 10443 6169 
20831 8229 10621 607 
20832 10315 10720 634 
20833 8253 10404 8241 
20834 6134 10593 6043 
20835 8183 10757 10296 
20836 10656 10690 6309 
20837 8291 10448 571 
20838 678 10441 8163 
20839 6098 10405 6097 
20840 10272 10631 6895 
20841 6481 10515 737 
20842 10158 10579 682 
20843 9425 10406 6282 
20844 7424 10407 6347 
20845 8278 10588 8277 
20846 5634 10409 9144 
20847 8285 10521 8286 
20848 4368 10410 4908 
20849 6222 10672 10300 
20850 7542 10413 7541 
20851 10462 10751 6354 
20852 567 10552 6984 
20853 5503 10408 9921 
20854 10300 10672 8267 
20855 10219 10694 6264 
20856 774 10583 7527 
20857 10300 10762 5567 
20858 458 10412 457 
20859 5619 10702 10341 
20860 9157 10414 6336 
20861 665 10568 6947 
20862 6770 10675 10195 
20863 59 10415 58 
20864 10437 10759 8118 
20865 9605 10487 5551 
20866 5571 10651 9918 
20867 4807 10539 6597 
20868 10036 10651 5571 
20869 317 10417 731 
20870 5627 10418 6285 
20871 5628 10419 6165 
20872 4078 10629 6438 
20873 8147 10420 743 
20874 604 10554 8054 
20875 10410 10530 4920 
20876 229 10421 228 
20877 8086 10755 8084 
20878 7545 10422 9072 
20879 4067 10411 10104 
20880 6908 10590 10548 
20881 10296 10655 8219 
20882 10404 10734 4404 
20883 6132 10457 6387 
20884 8422 10528 8227 
20885 4311 10423 3912 
20886 6226 10579 10158 
20887 7090 10756 10444 
20888 4374 10424 9925 
20889 8947 10511 8276 
20890 326 10426 325 
20891 10341 10702 8273 
20892 10371 10723 680 
20893 6299 10454 5642 
20894 8734 10560 6198 
20895 8108 10429 733 
20896 4753 10427 5501 
20897 9490 10463 6058 
20898 6378 10430 6377 
20899 5241 10540 8070 
20900 9230 10688 6279 
20901 6043 10593 10201 
20902 8313 10445 589 
20903 6172 10670 8803 
20904 9917 10428 7003 
20905 6760 10569 9695 
20906 10600 10711 9322 
20907 6451 10484 776 
20908 649 10432 6664 
20909 3660 10431 3663 
20910 8203 10693 583 
20911 6336 10519 6335 
20912 3127 10433 3130 
20913 8032 10738 10301 
20914 622 10468 8081 
20915 6352 10520 6399 
20916 8199 10579 6227 
20917 6198 10560 10090 
20918 8293 10477 693 
20919 6309 10690 6310 
20920 6334 10520 6352 
20921 10199 10588 8278 
20922 49 10434 48 
20923 4060 10435 4333 
20924 8455 10540 5241 
20925 8947 10436 4843 
20926 6910 10590 6908 
20927 8119 10437 8118 
20928 6753 10438 6754 
20929 5704 10496 9533 
20930 9351 10455 6103 
20931 737 10515 8149 
20932 129 10439 558 
20933 8503 10440 5180 
20934 9396 10609 6120 
20935 6127 10441 6125 
20936 6304 10723 10371 
20937 519 10565 6559 
20938 6943 10550 10164 
20939 6273 10712 10326 
20940 10328 10726 465 
20941 9842 10492 6223 
20942 585 10625 6547 
20943 6169 10443 6469 
20944 6434 10629 10370 
20945 9854 10442 6145 
20946 10690 10720 6310 
20947 9833 10478 6303 
20948 4411 10444 4412 
20949 5637 10445 6313 
20950 8105 10686 8103 
20951 649 10466 10432 
20952 8172 10585 6110 
20953 9250 10596 7425 
20954 8276 10511 742 
20955 6182 10446 8969 
20956 6113 10490 6726 
20957 6678 10508 708 
20958 6231 10447 8408 
20959 6256 10448 5641 
20960 219 10449 218 
20961 6148 10453 4886 
20962 6547 10625 6548 
20963 8117 10450 8126 
20964 691 10451 8307 
20965 6187 10706 10475 
20966 10332 10680 8072 
20967 687 10452 332 
20968 587 10454 8281 
20969 8176 10455 566 
20970 242 10456 241 
20971 5170 10529 8361 
20972 10211 10670 6172 
20973 8304 10589 6111 
20974 10262 10638 8161 
20975 6450 10416 10284 
20976 6782 10562 6780 
20977 6832 10664 618 
20978 756 10457 8175 
20979 6441 10560 8734 
20980 10274 10628 8134 
20981 8136 10628 8777 
20982 10285 10733 6073 
20983 10372 10612 334 
20984 8097 10704 10202 
20985 10297 10676 669 
20986 5491 10460 5659 
20987 10440 10482 5180 
20988 8114 10459 8111 
20989 8134 10628 8136 
20990 9728 10458 9826 
20991 6207 10531 9744 
20992 6281 10721 10347 
20993 10196 10568 665 
20994 6991 10461 9653 
20995 5564 10480 10267 
20996 8212 10463 8211 
20997 6548 10625 10275 
20998 4142 10462 9954 
20999 3902 10465 8529 
21000 10384 10753 8050 
21001 723 10495 6856 
21002 6674 10466 649 
21003 7527 10583 7537 
21004 8820 10532 3922 
21005 10206 10744 8210 
21006 8262 10467 762 
21007 5572 10557 5555 
21008 3922 10532 9841 
21009 6093 10677 6159 
21010 6025 10468 6400 
21011 10541 10671 7097 
21012 10389 10640 4840 
21013 6165 10469 9732 
21014 8215 10481 768 
21015 6291 10761 10374 
21016 4825 10636 10324 
21017 6278 10470 6981 
21018 573 10471 8087 
21019 8079 10596 6197 
21020 6197 10596 9250 
21021 393 10472 392 
21022 6696 10478 635 
21023 8478 10473 5898 
21024 412 10474 411 
21025 8742 10476 5588 
21026 6374 10477 9545 
21027 4784 10524 4418 
21028 708 10508 6656 
21029 10187 10558 8301 
21030 745 10761 10349 
21031 9769 10479 5660 
21032 9334 10480 5564 
21033 776 10484 8290 
21034 8711 10753 10384 
21035 10458 10497 9826 
21036 6399 10572 713 
21037 6120 10609 10243 
21038 6785 10671 9524 
21039 5180 10482 5179 
21040 6199 10553 10396 
21041 682 10579 8199 
21042 740 10559 6472 
21043 774 10722 10309 
21044 7425 10596 10227 
21045 3459 10535 10097 
21046 4808 10483 4405 
21047 6110 10585 8564 
21048 6140 10484 6451 
21049 6111 10589 8476 
21050 6726 10490 6725 
21051 6192 10568 10196 
21052 8795 10485 3482 
21053 6757 10569 6760 
21054 8172 10739 10320 
21055 4402 10486 4851 
21056 8055 10708 669 
21057 6195 10518 6193 
21058 10180 10609 9396 
21059 10283 10617 6782 
21060 8217 10487 8216 
21061 6750 10584 6338 
21062 116 10488 115 
21063 5531 10655 10296 
21064 10097 10535 8047 
21065 8803 10670 10355 
21066 10436 10600 4843 
21067 623 10489 8178 
21068 8180 10552 567 
21069 460 10491 459 
21070 8090 10492 8089 
21071 8851 10493 6188 
21072 6412 10696 10369 
21073 8255 10619 619 
21074 9918 10490 6113 
21075 520 10565 519 
21076 9722 10495 6175 
21077 578 10496 8182 
21078 10400 10730 667 
21079 3403 10498 3594 
21080 6701 10499 6700 
21081 9826 10497 4831 
21082 5569 10558 10187 
21083 8277 10588 9636 
21084 142 10506 559 
21085 3506 10500 3000 
21086 9636 10588 6229 
21087 633 10533 6710 
21088 5936 10501 5192 
21089 6178 10525 6349 
21090 8 10502 7 
21091 473 10503 573 
21092 303 10504 302 
21093 7537 10606 10281 
21094 6555 10513 3575 
21095 10301 10738 4091 
21096 6279 10688 10310 
21097 6401 10506 6412 
21098 6085 10505 6259 
21099 10303 10616 522 
21100 6338 10584 6152 
21101 732 10507 8074 
21102 8059 10526 8057 
21103 8169 10524 8167 
21104 8052 10668 8048 
21105 3885 10509 3484 
21106 692 10609 10180 
21107 6363 10516 6364 
21108 6337 10510 5993 
21109 6349 10525 10103 
21110 10313 10693 8203 
21111 6159 10511 8947 
21112 8257 10512 8258 
21113 6738 10522 717 
21114 19 10514 18 
21115 5599 10515 6481 
21116 4868 10727 10362 
21117 10512 10573 5586 
21118 764 10517 8288 
21119 690 10518 8206 
21120 10209 10520 6334 
21121 8129 10519 750 
21122 6294 10757 10442 
21123 10103 10525 714 
21124 7417 10521 9246 
21125 667 10523 475 
21126 10497 10548 4831 
21127 5193 10526 10144 
21128 8031 10529 8032 
21129 10248 10677 6093 
21130 4377 10628 10274 
21131 6946 10531 6948 
21132 6694 10534 705 
21133 9867 10527 6102 
21134 9841 10532 8123 
21135 4932 10536 4934 
21136 8047 10535 8049 
21137 294 10537 293 
21138 10144 10526 8059 
21139 5630 10533 10160 
21140 8046 10538 8043 
21141 10360 10755 8086 
21142 10160 10533 633 
21143 10275 10625 8185 
21144 10434 10742 664 
21145 8070 10540 8058 
21146 6944 10550 6943 
21147 10346 10660 608 
21148 10 10541 9 
21149 6472 10559 6473 
21150 366 10542 365 
21151 577 10543 8294 
21152 6122 10586 10236 
21153 557 10544 8285 
21154 330 10545 604 
21155 141 10546 140 
21156 631 10721 10334 
21157 8297 10646 588 
21158 9342 10547 4818 
21159 6777 10549 6776 
21160 10324 10636 6318 
21161 686 10551 463 
21162 5606 10719 10408 
21163 4831 10548 9839 
21164 4142 10751 10462 
21165 6255 10666 5598 
21166 6984 10552 6986 
21167 5658 10574 10264 
21168 6694 10580 10534 
21169 6784 10611 6785 
21170 6280 10554 6183 
21171 6252 10555 8417 
21172 6405 10608 8207 
21173 648 10553 6246 
21174 3908 10556 4079 
21175 10228 10494 5550 
21176 8746 10558 5569 
21177 618 10664 6910 
21178 8076 10559 740 
21179 10257 10586 6122 
21180 10090 10560 569 
21181 8205 10561 775 
21182 4355 10562 4121 
21183 8922 10563 6413 
21184 10303 10633 779 
21185 561 10712 10328 
21186 583 10693 10299 
21187 357 10564 678 
21188 6559 10565 6557 
21189 414 10566 413 
21190 4865 10675 10359 
21191 8233 10662 8234 
21192 629 10567 72 
21193 9743 10568 6192 
21194 9695 10569 5014 
21195 10291 10592 629 
21196 713 10572 6832 
21197 8258 10512 10482 
21198 9533 10570 6142 
21199 433 10571 432 
21200 10548 10590 9839 
21201 5586 10573 6230 
21202 730 10574 8034 
21203 621 10576 6897 
21204 10164 10550 9978 
21205 6155 10575 6266 
21206 8148 10577 684 
21207 6227 10579 6226 
21208 4359 10578 4356 
21209 645 10580 6694 
21210 264 10632 10292 
21211 10293 10634 305 
21212 224 10635 10294 
21213 10236 10586 6741 
21214 6697 10581 710 
21215 6323 10631 10066 
21216 620 10584 6750 
21217 362 10583 774 
21218 5562 10680 10332 
21219 757 10678 10657 
21220 8233 10697 10662 
21221 6368 10689 6365 
21222 590 10585 8172 
21223 8209 10678 10251 
21224 560 10688 10267 
21225 8540 10587 6225 
21226 10549 10745 616 
21227 10201 10593 639 
21228 10386 10704 8097 
21229 6558 10617 10283 
21230 6785 10611 10178 
21231 6229 10588 10199 
21232 8084 10755 10373 
21233 6415 10709 10279 
21234 689 10589 8304 
21235 8207 10608 670 
21236 8476 10591 5228 
21237 6277 10754 10470 
21238 6344 10592 6343 
21239 6413 10594 6065 
21240 9635 10595 6262 
21241 10227 10596 8079 
21242 6191 10705 9695 
21243 6145 10597 6144 
21244 9839 10590 4856 
21245 669 10708 10297 
21246 175 10598 174 
21247 10573 10621 6230 
21248 3655 10599 3656 
21249 645 10623 10580 
21250 4843 10600 7744 
21251 10522 10743 6739 
21252 43 10601 42 
21253 10330 10627 556 
21254 6489 10718 6149 
21255 10021 10707 10424 
21256 4890 10607 10311 
21257 10337 10624 703 
21258 10426 10698 563 
21259 8561 10602 6233 
21260 10280 10649 5607 
21261 6406 10604 6408 
21262 6868 10683 600 
21263 6743 10607 6742 
21264 3925 10603 4383 
21265 627 10606 364 
21266 8235 10697 8233 
21267 4857 10605 6180 
21268 10243 10609 692 
21269 6407 10608 6405 
21270 10425 10530 6254 
21271 10561 10746 10173 
21272 8116 10610 8113 
21273 8050 10753 10401 
21274 6239 10692 6236 
21275 6118 10679 10409 
21276 6438 10629 6435 
21277 4920 10530 10425 
21278 10309 10722 7523 
21279 334 10612 333 
21280 674 10613 131 
21281 10281 10606 627 
21282 91 10614 90 
21283 8845 10615 5281 
21284 522 10616 521 
21285 9751 10617 6558 
21286 8145 10618 755 
21287 6764 10623 645 
21288 6228 10619 6139 
21289 6188 10620 6162 
21290 8089 10760 10489 
21291 6230 10621 6232 
21292 675 10622 8299 
21293 10178 10611 5488 
21294 8819 10716 10485 
21295 8185 10625 585 
21296 6202 10627 6204 
21297 8777 10628 4377 
21298 6259 10624 6260 
21299 6895 10631 10231 
21300 10406 10750 6283 
21301 368 10630 367 
21302 4826 10636 4825 
21303 780 10632 6 
21304 779 10633 225 
21305 304 10634 778 
21306 781 10635 265 
21307 10471 10715 8085 
21308 10390 10723 6304 
21309 6250 10646 10321 
21310 10476 10752 8478 
21311 8161 10638 8159 
21312 6764 10656 10623 
21313 8141 10639 8142 
21314 8037 10731 615 
21315 9924 10637 6264 
21316 8118 10759 10450 
21317 4840 10640 6393 
21318 753 10641 10290 
21319 6704 10643 6699 
21320 10320 10739 4845 
21321 6324 10641 9594 
21322 6717 10651 10036 
21323 10420 10681 8140 
21324 10202 10704 10364 
21325 6258 10530 10410 
21326 4851 10642 9596 
21327 5365 10644 4400 
21328 5651 10685 10419 
21329 110 10645 109 
21330 10349 10761 6293 
21331 10231 10631 6323 
21332 8067 10647 681 
21333 5955 10648 6345 
21334 8036 10649 8035 
21335 610 10650 6238 
21336 4087 10652 4387 
21337 10446 10736 6256 
21338 702 10667 10325 
21339 724 10653 6944 
21340 711 10656 6764 
21341 10428 10725 6378 
21342 688 10685 8184 
21343 5546 10668 10342 
21344 572 10669 10340 
21345 4833 10655 5531 
21346 10264 10574 730 
21347 10012 10654 6218 
21348 8774 10681 5667 
21349 10365 10682 6293 
21350 757 10657 8254 
21351 416 10658 690 
21352 9974 10660 6217 
21353 6266 10661 9002 
21354 4101 10662 8385 
21355 10173 10626 8168 
21356 589 10749 10415 
21357 711 10690 10656 
21358 10557 10699 5555 
21359 2913 10665 2906 
21360 10237 10582 7160 
21361 6270 10669 6268 
21362 6214 10749 9667 
21363 10431 10732 9889 
21364 582 10670 10211 
21365 8267 10672 747 
21366 568 10677 10248 
21367 10251 10678 757 
21368 5523 10673 5251 
21369 6769 10675 6770 
21370 10381 10731 6200 
21371 8189 10674 8190 
21372 722 10705 10339 
21373 8356 10687 10222 
21374 10662 10697 8385 
21375 6355 10667 10078 
21376 576 10679 8312 
21377 5240 10680 5562 
21378 6835 10690 711 
21379 8222 10682 8223 
21380 6233 10684 6215 
21381 8103 10686 8101 
21382 10319 10683 6190 
21383 4076 10691 4091 
21384 6264 10694 6220 
21385 10297 10708 6271 
21386 679 10696 144 
21387 6835 10720 10690 
21388 8385 10697 4325 
21389 7088 10701 666 
21390 8743 10698 6253 
21391 8439 10700 4020 
21392 4414 10702 5619 
21393 10032 10715 6430 
21394 238 10703 237 
21395 6384 10706 6186 
21396 3511 10709 3930 
21397 6226 10710 6224 
21398 6411 10711 6410 
21399 484 10713 483 
21400 6275 10712 6273 
21401 10355 10670 582 
21402 10342 10668 8052 
21403 6320 10714 7523 
21404 6714 10719 6713 
21405 6628 10751 4142 
21406 6367 10747 6366 
21407 634 10720 6835 
21408 6735 10725 6736 
21409 6180 10717 5451 
21410 6283 10721 6281 
21411 7523 10722 7524 
21412 680 10723 8164 
21413 4727 10724 4845 
21414 8137 10716 9841 
21415 8080 10736 736 
21416 465 10726 464 
21417 4838 10727 4868 
21418 7097 10671 10147 
21419 6286 10730 6288 
21420 8368 10734 5654 
21421 3905 10735 9621 
21422 4091 10738 8345 
21423 4845 10739 9015 
21424 5177 10740 8435 
21425 8162 10741 8161 
21426 6151 10746 6150 
21427 5570 10744 4829 
21428 8265 10750 8266 
21429 6300 10742 6302 
21430 7094 10756 7091 
21431 601 10752 8186 
21432 6308 10753 8711 
21433 518 10758 656 
21434 6388 10760 6915 
21435 770 10757 8183 
21436 4879 10759 8866 
21437 6293 10761 6291 
21438 5567 10762 4852 
21439 6349 10745 6350 
21440 6343 10592 10291 
21441 10299 10693 6267 
21442 6073 10733 10039 
21443 10369 10696 679 
21444 10321 10646 8297 
21445 10292 10632 780 
21446 778 10634 10293 
21447 10294 10635 781 
21448 8035 10649 10280 
21449 10334 10721 6283 
21450 6217 10660 10346 
21451 10160 10743 6137 
21452 10172 10728 4442 
21453 10396 10553 648 
21454 6708 10707 10201 
21455 10322 10692 6239 
21456 10359 10675 6769 
21457 10368 10539 4807 
21458 10328 10712 6275 
21459 6288 10730 10400 
21460 6311 10699 10557 
21461 10311 10607 6743 
21462 8253 10734 10404 
21463 10290 10641 6324 
21464 10339 10705 6191 
21465 6310 10720 10315 
21466 734 10729 10227 
21467 600 10683 10319 
21468 10388 10666 6255 
21469 6204 10627 10330 
21470 638 10748 10236 
21471 6260 10624 10337 
21472 6410 10711 10600 
21473 676 10754 10253 
21474 10442 10757 770 
21475 6452 10676 10297 
21476 10408 10719 6714 
21477 10373 10755 5574 
21478 6302 10742 10434 
21479 10305 10687 6367 
21480 10325 10667 6355 
21481 10370 10629 4078 
21482 10287 10732 6759 
21483 10310 10688 560 
21484 6267 10693 10313 
21485 10340 10669 6270 
21486 782 10692 10322 
21487 615 10731 10381 
21488 10364 10704 4854 
21489 10444 10756 4412 
21490 10424 10707 6708 
21491 10401 10753 6308 
21492 8223 10682 10365 
21493 8164 10723 10390 
21494 10409 10679 576 
21495 6253 10698 10426 
21496 6148 10663 10453 
21497 10509 10689 6368 
21498 8266 10750 10406 
21499 10419 10685 688 
21500 5667 10681 10420 
21501 10415 10749 6214 
21502 6910 10664 10605 
21503 4854 10704 10386 
21504 5574 10755 10360 
21505 10470 10754 676 
21506 10475 10706 694 
21507 6736 10725 10428 
21508 10572 10717 6180 
21509 10450 10759 4879 
21510 6149 10718 10464 
21511 6759 10732 10431 
21512 6430 10715 10471 
21513 736 10736 10446 
21514 10485 10716 8137 
21515 3885 10689 10509 
21516 10605 10664 6180 
21517 8186 10752 10476 
21518 6137 10743 10522 
21519 10489 10760 6388 
21520 6399 10717 10572 
21521 6350 10745 10549 
21522 6150 10746 10561 
21523 10687 10747 6367 
21524 8356 10747 10687 
$EndElements
