step,t,max_u
1,4.68750000e-03,3.6236742459296539e-01
2,9.37500000e-03,3.6097966264606657e-01
3,1.40625000e-02,3.5375667734908622e-01
4,1.87500000e-02,3.5762514216375396e-01
5,2.34375000e-02,3.4355678633615344e-01
6,2.81250000e-02,3.5590136057014549e-01
7,3.28125000e-02,3.4042492311497458e-01
8,3.75000000e-02,3.5380645626727819e-01
9,4.21875000e-02,3.3907865983777469e-01
10,4.68750000e-02,3.5183701001089324e-01
11,5.15625000e-02,3.3951896432973300e-01
12,5.62500000e-02,3.5019218803690716e-01
13,6.09375000e-02,3.4081012118560067e-01
14,6.56250000e-02,3.4871684692284288e-01
15,7.03125000e-02,3.4143409533368524e-01
16,7.50000000e-02,3.4750715037431879e-01
17,7.96875000e-02,3.4591620368371906e-01
18,8.43750000e-02,3.5105081201245703e-01
19,8.90625000e-02,3.5877784837390636e-01
20,9.37500000e-02,3.6637852444317803e-01
21,9.84375000e-02,3.7270457088875369e-01
22,1.03125000e-01,3.7781414898530119e-01
23,1.07812500e-01,3.8162810674359238e-01
24,1.12500000e-01,3.8434001824082153e-01
25,1.17187500e-01,3.8594704604862201e-01
26,1.21875000e-01,3.8666606820699745e-01
27,1.26562500e-01,3.8650014445880887e-01
28,1.31250000e-01,3.8564947300941760e-01
29,1.35937500e-01,3.8414101654419525e-01
30,1.40625000e-01,3.8217504485873055e-01
31,1.45312500e-01,3.7975865918508311e-01
32,1.50000000e-01,3.7707213830834968e-01
33,1.54687500e-01,3.7411661168959798e-01
34,1.59375000e-01,3.7104022925716934e-01
35,1.64062500e-01,3.6786219976673795e-01
36,1.68750000e-01,3.6472204008921177e-01
37,1.73437500e-01,3.6160561959282639e-01
38,1.78125000e-01,3.5870457485995172e-01
39,1.82812500e-01,3.5621010932192892e-01
40,1.87500000e-01,3.5420875481635028e-01
41,1.92187500e-01,3.5244166639805175e-01
42,1.96875000e-01,3.5093538610953479e-01
43,2.01562500e-01,3.4958689567388673e-01
44,2.06250000e-01,3.4841153547528764e-01
45,2.10937500e-01,3.4736313044536543e-01
46,2.15625000e-01,3.4649422353457787e-01
47,2.20312500e-01,3.4572552243828397e-01
48,2.25000000e-01,3.4513053404120675e-01
49,2.29687500e-01,3.4456875476618215e-01
50,2.34375000e-01,3.4420864336388063e-01
51,2.39062500e-01,3.4397464264543220e-01
52,2.43750000e-01,3.4390001186513808e-01
53,2.48437500e-01,3.4384014781932931e-01
54,2.53125000e-01,3.4387272259354573e-01
55,2.57812500e-01,3.4391041326185784e-01
56,2.62500000e-01,3.4402417621565556e-01
57,2.67187500e-01,3.4413286093527329e-01
58,2.71875000e-01,3.4430240058420608e-01
59,2.76562500e-01,3.4445808960892826e-01
60,2.81250000e-01,3.4467367886430744e-01
61,2.85937500e-01,3.4484990500582263e-01
62,2.90625000e-01,3.4509657639376984e-01
63,2.95312500e-01,3.4528314809625998e-01
64,3.00000000e-01,3.4552780655482951e-01
65,3.04687500e-01,3.4570929945088191e-01
66,3.09375000e-01,3.4593931182049670e-01
67,3.14062500e-01,3.4611976841898079e-01
68,3.18750000e-01,3.4631794685893863e-01
69,3.23437500e-01,3.4648797211573723e-01
70,3.28125000e-01,3.4665593296005143e-01
71,3.32812500e-01,3.4679522825814463e-01
72,3.37500000e-01,3.4694977632851037e-01
73,3.42187500e-01,3.4709005014068955e-01
74,3.46875000e-01,3.4722032639167588e-01
75,3.51562500e-01,3.4732113430713224e-01
76,3.56250000e-01,3.4740978002670198e-01
77,3.60937500e-01,3.4747609056783718e-01
78,3.65625000e-01,3.4752493042252158e-01
79,3.70312500e-01,3.4756022850394730e-01
80,3.75000000e-01,3.4757551015398419e-01
81,3.79687500e-01,3.4758466593618509e-01
82,3.84375000e-01,3.4757379996295601e-01
83,3.89062500e-01,3.4756060000187033e-01
84,3.93750000e-01,3.4753139984913362e-01
85,3.98437500e-01,3.4750129503005861e-01
86,4.03125000e-01,3.4746029457013883e-01
87,4.07812500e-01,3.4741851124983453e-01
88,4.12500000e-01,3.4737175489897554e-01
89,4.17187500e-01,3.4732334488045935e-01
90,4.21875000e-01,3.4727524119662800e-01
91,4.26562500e-01,3.4722505449709851e-01
92,4.31250000e-01,3.4717875351855249e-01
93,4.35937500e-01,3.4713293787210830e-01
94,4.40625000e-01,3.4708871917100342e-01
95,4.45312500e-01,3.4704882661733688e-01
96,4.50000000e-01,3.4700948540191795e-01
97,4.54687500e-01,3.4697599779346311e-01
98,4.59375000e-01,3.4694206256509108e-01
99,4.64062500e-01,3.4691509584309466e-01
100,4.68750000e-01,3.4688889959681618e-01
101,4.73437500e-01,3.4686822842791437e-01
102,4.78125000e-01,3.4684916738899430e-01
103,4.82812500e-01,3.4683568759536409e-01
104,4.87500000e-01,3.4682244686387853e-01
105,4.92187500e-01,3.4681416842401469e-01
106,4.96875000e-01,3.4680793466583942e-01
107,5.01562500e-01,3.4680469207936715e-01
108,5.06250000e-01,3.4680320312073232e-01
109,5.10937500e-01,3.4680375620469345e-01
110,5.15625000e-01,3.4680506005425332e-01
111,5.20312500e-01,3.4680939478601691e-01
112,5.25000000e-01,3.4681369539695939e-01
113,5.29687500e-01,3.4682025998094707e-01
114,5.34375000e-01,3.4682601167998472e-01
115,5.39062500e-01,3.4683350436272437e-01
116,5.43750000e-01,3.4683990738906023e-01
117,5.48437500e-01,3.4684804041192796e-01
118,5.53125000e-01,3.4685423309941638e-01
119,5.57812500e-01,3.4686275562766133e-01
120,5.62500000e-01,3.4686917330176775e-01
121,5.67187500e-01,3.4687751501282160e-01
122,5.71875000e-01,3.4688301560017815e-01
123,5.76562500e-01,3.4689033241073958e-01
124,5.81250000e-01,3.4689469146687146e-01
125,5.85937500e-01,3.4690119573918399e-01
126,5.90625000e-01,3.4690429904227543e-01
127,5.95312500e-01,3.4690937854018139e-01
128,6.00000000e-01,3.4691153211055409e-01
129,6.04687500e-01,3.4691603526742770e-01
130,6.09375000e-01,3.4691690057348407e-01
131,6.14062500e-01,3.4692187783866307e-01
132,6.18750000e-01,3.4692168581343363e-01
133,6.23437500e-01,3.4692376566077038e-01
134,6.28125000e-01,3.4692294072485313e-01
135,6.32812500e-01,3.4692380235002451e-01
136,6.37500000e-01,3.4692204120646231e-01
137,6.42187500e-01,3.4692204867036608e-01
138,6.46875000e-01,3.4692037408159154e-01
139,6.51562500e-01,3.4692057288727607e-01
140,6.56250000e-01,3.4691837253730590e-01
141,6.60937500e-01,3.4691755675998792e-01
142,6.65625000e-01,3.4691544666430485e-01
143,6.70312500e-01,3.4691466878291471e-01
144,6.75000000e-01,3.4691293071850543e-01
145,6.79687500e-01,3.4691226226794558e-01
146,6.84375000e-01,3.4691056143326510e-01
147,6.89062500e-01,3.4690973956212040e-01
148,6.93750000e-01,3.4690768847441084e-01
149,6.98437500e-01,3.4690751669744851e-01
150,7.03125000e-01,3.4690570930122494e-01
151,7.07812500e-01,3.4690520806974401e-01
152,7.12500000e-01,3.4690424640527778e-01
153,7.17187500e-01,3.4690329119396390e-01
154,7.21875000e-01,3.4690297845531864e-01
155,7.26562500e-01,3.4690210655695836e-01
156,7.31250000e-01,3.4690163035446853e-01
157,7.35937500e-01,3.4690155093054664e-01
158,7.40625000e-01,3.4690041016109813e-01
159,7.45312500e-01,3.4690143333929807e-01
160,7.50000000e-01,3.4689997454646804e-01
161,7.54687500e-01,3.4690145493843466e-01
162,7.59375000e-01,3.4690013051270296e-01
163,7.64062500e-01,3.4690107857988350e-01
164,7.68750000e-01,3.4689931368208760e-01
165,7.73437500e-01,3.4690059166538056e-01
166,7.78125000e-01,3.4689890647274790e-01
167,7.82812500e-01,3.4690046258442769e-01
168,7.87500000e-01,3.4689882730437127e-01
169,7.92187500e-01,3.4689978130339388e-01
170,7.96875000e-01,3.4689914121882287e-01
171,8.01562500e-01,3.4690026674868285e-01
172,8.06250000e-01,3.4689972540398328e-01
173,8.10937500e-01,3.4690066232283961e-01
174,8.15625000e-01,3.4690057548201747e-01
175,8.20312500e-01,3.4690166368225100e-01
176,8.25000000e-01,3.4690090111272037e-01
177,8.29687500e-01,3.4690208459235417e-01
178,8.34375000e-01,3.4690156868040939e-01
179,8.39062500e-01,3.4690250483448309e-01
180,8.43750000e-01,3.4690177735683009e-01
181,8.48437500e-01,3.4690324745644435e-01
182,8.53125000e-01,3.4690224492075677e-01
183,8.57812500e-01,3.4690292346725665e-01
184,8.62500000e-01,3.4690272601649919e-01
185,8.67187500e-01,3.4690351277170772e-01
186,8.71875000e-01,3.4690323890045005e-01
187,8.76562500e-01,3.4690350220640476e-01
188,8.81250000e-01,3.4690374272069302e-01
189,8.85937500e-01,3.4690352289537901e-01
190,8.90625000e-01,3.4690397959550107e-01
191,8.95312500e-01,3.4690337530437881e-01
192,9.00000000e-01,3.4690371437482986e-01
193,9.04687500e-01,3.4690364068309792e-01
194,9.09375000e-01,3.4690313484356944e-01
195,9.14062500e-01,3.4690346630741009e-01
196,9.18750000e-01,3.4690335108847348e-01
197,9.23437500e-01,3.4690343783772859e-01
198,9.28125000e-01,3.4690311824637438e-01
199,9.32812500e-01,3.4690312568276765e-01
200,9.37500000e-01,3.4690309650126527e-01
201,9.42187500e-01,3.4690328922189234e-01
202,9.46875000e-01,3.4690304886083267e-01
203,9.51562500e-01,3.4690355075351215e-01
204,9.56250000e-01,3.4690342902869653e-01
205,9.60937500e-01,3.4690300863171752e-01
206,9.65625000e-01,3.4690330517502022e-01
207,9.70312500e-01,3.4690279363299226e-01
208,9.75000000e-01,3.4690327388001452e-01
209,9.79687500e-01,3.4690226332929641e-01
210,9.84375000e-01,3.4690379973175112e-01
211,9.89062500e-01,3.4690150222245170e-01
212,9.93750000e-01,3.4690340879339987e-01
213,9.98437500e-01,3.4690176686875490e-01
214,1.00312500e+00,3.4690316113685682e-01
215,1.00781250e+00,3.4690228608682527e-01
216,1.01250000e+00,3.4690289650295664e-01
217,1.01718750e+00,3.4690214300794137e-01
218,1.02187500e+00,3.4690214831423355e-01
219,1.02656250e+00,3.4690215032773219e-01
220,1.03125000e+00,3.4690249385918764e-01
221,1.03593750e+00,3.4690208151140117e-01
222,1.04062500e+00,3.4690286772415946e-01
223,1.04531250e+00,3.4690177327121924e-01
224,1.05000000e+00,3.4690228491816510e-01
225,1.05468750e+00,3.4690192171201434e-01
226,1.05937500e+00,3.4690241499297864e-01
227,1.06406250e+00,3.4690189317407188e-01
228,1.06875000e+00,3.4690266318397833e-01
229,1.07343750e+00,3.4690194785642980e-01
230,1.07812500e+00,3.4690231047318465e-01
231,1.08281250e+00,3.4690199563426694e-01
232,1.08750000e+00,3.4690249589694117e-01
233,1.09218750e+00,3.4690177764789715e-01
234,1.09687500e+00,3.4690267902265604e-01
235,1.10156250e+00,3.4690170757161776e-01
236,1.10625000e+00,3.4690273199091887e-01
237,1.11093750e+00,3.4690151344755776e-01
238,1.11562500e+00,3.4690320893090526e-01
239,1.12031250e+00,3.4690061244251141e-01
240,1.12500000e+00,3.4690325866148863e-01
241,1.12968750e+00,3.4690114017470097e-01
242,1.13437500e+00,3.4690343807241858e-01
243,1.13906250e+00,3.4690162554921528e-01
244,1.14375000e+00,3.4690275279468513e-01
245,1.14843750e+00,3.4690192513097240e-01
246,1.15312500e+00,3.4690298183585899e-01
247,1.15781250e+00,3.4690289839786981e-01
248,1.16250000e+00,3.4690283106766523e-01
249,1.16718750e+00,3.4690224375052031e-01
250,1.17187500e+00,3.4690212832744466e-01
251,1.17656250e+00,3.4690179683973904e-01
252,1.18125000e+00,3.4690223081912414e-01
253,1.18593750e+00,3.4690205647400568e-01
254,1.19062500e+00,3.4690247353915732e-01
255,1.19531250e+00,3.4690233193279607e-01
256,1.20000000e+00,3.4690212257608333e-01
257,1.20468750e+00,3.4690281085530861e-01
258,1.20937500e+00,3.4690225798269880e-01
259,1.21406250e+00,3.4690267725893409e-01
260,1.21875000e+00,3.4690195482098557e-01
261,1.22343750e+00,3.4690241763611501e-01
262,1.22812500e+00,3.4690191153291733e-01
263,1.23281250e+00,3.4690165282470459e-01
264,1.23750000e+00,3.4690285615180078e-01
265,1.24218750e+00,3.4690225111822137e-01
266,1.24687500e+00,3.4690269347101610e-01
267,1.25156250e+00,3.4690264300326396e-01
268,1.25625000e+00,3.4690273259249194e-01
269,1.26093750e+00,3.4690288377570488e-01
270,1.26562500e+00,3.4690161540850117e-01
271,1.27031250e+00,3.4690237236429833e-01
272,1.27500000e+00,3.4690139601720049e-01
273,1.27968750e+00,3.4690286924881431e-01
274,1.28437500e+00,3.4690119514328316e-01
275,1.28906250e+00,3.4690285373127522e-01
276,1.29375000e+00,3.4690160590613123e-01
277,1.29843750e+00,3.4690184255063561e-01
278,1.30312500e+00,3.4690058762677728e-01
279,1.30781250e+00,3.4690348858826414e-01
280,1.31250000e+00,3.4690121633391885e-01
281,1.31718750e+00,3.4690359888194738e-01
282,1.32187500e+00,3.4690126348756528e-01
283,1.32656250e+00,3.4690325968013846e-01
284,1.33125000e+00,3.4690172130915586e-01
285,1.33593750e+00,3.4690351927661933e-01
286,1.34062500e+00,3.4690212972772105e-01
287,1.34531250e+00,3.4690289148887948e-01
288,1.35000000e+00,3.4690208961937369e-01
289,1.35468750e+00,3.4690294472935868e-01
290,1.35937500e+00,3.4690209651543008e-01
291,1.36406250e+00,3.4690227576249621e-01
292,1.36875000e+00,3.4690117920176794e-01
293,1.37343750e+00,3.4690290695119147e-01
294,1.37812500e+00,3.4690080807178819e-01
295,1.38281250e+00,3.4690284997210558e-01
296,1.38750000e+00,3.4690098024035526e-01
297,1.39218750e+00,3.4690356259328958e-01
298,1.39687500e+00,3.4690004999511798e-01
299,1.40156250e+00,3.4690376322021027e-01
300,1.40625000e+00,3.4689989326713733e-01
301,1.41093750e+00,3.4690454245957408e-01
302,1.41562500e+00,3.4689994141372410e-01
303,1.42031250e+00,3.4690529955462640e-01
304,1.42500000e+00,3.4690020623126255e-01
305,1.42968750e+00,3.4690485988637620e-01
306,1.43437500e+00,3.4690095025996631e-01
307,1.43906250e+00,3.4690524050391258e-01
308,1.44375000e+00,3.4690062252683695e-01
309,1.44843750e+00,3.4690410682097012e-01
310,1.45312500e+00,3.4690115222837298e-01
311,1.45781250e+00,3.4690391680417337e-01
312,1.46250000e+00,3.4690158218853773e-01
313,1.46718750e+00,3.4690422204517574e-01
314,1.47187500e+00,3.4690151633633654e-01
315,1.47656250e+00,3.4690294817183093e-01
316,1.48125000e+00,3.4690174370080817e-01
317,1.48593750e+00,3.4690244195749886e-01
318,1.49062500e+00,3.4690231046410580e-01
319,1.49531250e+00,3.4690228379156968e-01
320,1.50000000e+00,3.4690207752713692e-01
321,1.50468750e+00,3.4690217277405272e-01
322,1.50937500e+00,3.4690287714099516e-01
323,1.51406250e+00,3.4690215264644414e-01
324,1.51875000e+00,3.4690252152642426e-01
325,1.52343750e+00,3.4690226263040080e-01
326,1.52812500e+00,3.4690181664686243e-01
327,1.53281250e+00,3.4690252424701390e-01
328,1.53750000e+00,3.4690203382579266e-01
329,1.54218750e+00,3.4690224539992248e-01
330,1.54687500e+00,3.4690227476698560e-01
331,1.55156250e+00,3.4690252840550062e-01
332,1.55625000e+00,3.4690226046118511e-01
333,1.56093750e+00,3.4690201196230763e-01
334,1.56562500e+00,3.4690265117265617e-01
335,1.57031250e+00,3.4690258150038628e-01
336,1.57500000e+00,3.4690262186552978e-01
337,1.57968750e+00,3.4690287726370506e-01
338,1.58437500e+00,3.4690209469508854e-01
339,1.58906250e+00,3.4690312752891206e-01
340,1.59375000e+00,3.4690254013384575e-01
341,1.59843750e+00,3.4690339088396632e-01
342,1.60312500e+00,3.4690283886639750e-01
343,1.60781250e+00,3.4690191252057095e-01
344,1.61250000e+00,3.4690349932645037e-01
345,1.61718750e+00,3.4690165138302981e-01
346,1.62187500e+00,3.4690332877180785e-01
347,1.62656250e+00,3.4690203026637650e-01
348,1.63125000e+00,3.4690290837241389e-01
349,1.63593750e+00,3.4690125813944300e-01
350,1.64062500e+00,3.4690315421351103e-01
351,1.64531250e+00,3.4690138110366819e-01
352,1.65000000e+00,3.4690398486635521e-01
353,1.65468750e+00,3.4690109640928302e-01
354,1.65937500e+00,3.4690415052462958e-01
355,1.66406250e+00,3.4690155963823488e-01
356,1.66875000e+00,3.4690415630835419e-01
357,1.67343750e+00,3.4690122659577860e-01
358,1.67812500e+00,3.4690402729067088e-01
359,1.68281250e+00,3.4690037175193306e-01
360,1.68750000e+00,3.4690386289768516e-01
361,1.69218750e+00,3.4690010941168503e-01
362,1.69687500e+00,3.4690407186042904e-01
363,1.70156250e+00,3.4690093999109539e-01
364,1.70625000e+00,3.4690338928830583e-01
365,1.71093750e+00,3.4689980406929549e-01
366,1.71562500e+00,3.4690443433398233e-01
367,1.72031250e+00,3.4689991073217141e-01
368,1.72500000e+00,3.4690349213480604e-01
369,1.72968750e+00,3.4689948837372220e-01
370,1.73437500e+00,3.4690357824448786e-01
371,1.73906250e+00,3.4689950052737678e-01
372,1.74375000e+00,3.4690407345536195e-01
373,1.74843750e+00,3.4689879701796450e-01
374,1.75312500e+00,3.4690360556813843e-01
375,1.75781250e+00,3.4689976880779622e-01
376,1.76250000e+00,3.4690222938538351e-01
377,1.76718750e+00,3.4689964935710249e-01
378,1.77187500e+00,3.4690216025842491e-01
379,1.77656250e+00,3.4690082773139236e-01
380,1.78125000e+00,3.4690188337251870e-01
381,1.78593750e+00,3.4690107179871682e-01
382,1.79062500e+00,3.4690212841490098e-01
383,1.79531250e+00,3.4690168496848478e-01
384,1.80000000e+00,3.4690217568937243e-01
385,1.80468750e+00,3.4690172528769397e-01
386,1.80937500e+00,3.4690252505852226e-01
387,1.81406250e+00,3.4690180531510217e-01
388,1.81875000e+00,3.4690300503650112e-01
389,1.82343750e+00,3.4690157126099086e-01
390,1.82812500e+00,3.4690302738986695e-01
391,1.83281250e+00,3.4690088210153958e-01
392,1.83750000e+00,3.4690390280456962e-01
393,1.84218750e+00,3.4689998588305043e-01
394,1.84687500e+00,3.4690458115215045e-01
395,1.85156250e+00,3.4690013605502479e-01
396,1.85625000e+00,3.4690424767772216e-01
397,1.86093750e+00,3.4689912512926829e-01
398,1.86562500e+00,3.4690427764644449e-01
399,1.87031250e+00,3.4689985699597536e-01
400,1.87500000e+00,3.4690444679352284e-01
401,1.87968750e+00,3.4689964971286036e-01
402,1.88437500e+00,3.4690530975290462e-01
403,1.88906250e+00,3.4689922258492001e-01
404,1.89375000e+00,3.4690475007840360e-01
405,1.89843750e+00,3.4689938032340079e-01
406,1.90312500e+00,3.4690474276906924e-01
407,1.90781250e+00,3.4689885873078874e-01
408,1.91250000e+00,3.4690447061754637e-01
409,1.91718750e+00,3.4689921855165096e-01
410,1.92187500e+00,3.4690389634852326e-01
411,1.92656250e+00,3.4689937547825106e-01
412,1.93125000e+00,3.4690380884712024e-01
413,1.93593750e+00,3.4689889430841547e-01
414,1.94062500e+00,3.4690398989062299e-01
415,1.94531250e+00,3.4689968012739553e-01
416,1.95000000e+00,3.4690371109552315e-01
417,1.95468750e+00,3.4689962314862505e-01
418,1.95937500e+00,3.4690394623076509e-01
419,1.96406250e+00,3.4689976554120960e-01
420,1.96875000e+00,3.4690487605082909e-01
421,1.97343750e+00,3.4690016707823479e-01
422,1.97812500e+00,3.4690367003435835e-01
423,1.98281250e+00,3.4690122237941962e-01
424,1.98750000e+00,3.4690319312741968e-01
425,1.99218750e+00,3.4690231077140882e-01
426,1.99687500e+00,3.4690315923233306e-01
427,2.00156250e+00,3.4690128043688373e-01
428,2.00625000e+00,3.4690381371256579e-01
429,2.01093750e+00,3.4690082876903550e-01
430,2.01562500e+00,3.4690348308965341e-01
431,2.02031250e+00,3.4689999770985491e-01
432,2.02500000e+00,3.4690293838454644e-01
433,2.02968750e+00,3.4690110573559585e-01
434,2.03437500e+00,3.4690330148996057e-01
435,2.03906250e+00,3.4690133914589683e-01
436,2.04375000e+00,3.4690322697996429e-01
437,2.04843750e+00,3.4690197648845450e-01
438,2.05312500e+00,3.4690244815390170e-01
439,2.05781250e+00,3.4690234551626936e-01
440,2.06250000e+00,3.4690271757701591e-01
441,2.06718750e+00,3.4690186768218717e-01
442,2.07187500e+00,3.4690212530149689e-01
443,2.07656250e+00,3.4690182324337326e-01
444,2.08125000e+00,3.4690301761705744e-01
445,2.08593750e+00,3.4690149231337047e-01
446,2.09062500e+00,3.4690342760557963e-01
447,2.09531250e+00,3.4690264488941319e-01
448,2.10000000e+00,3.4690300309474348e-01
449,2.10468750e+00,3.4690172521703361e-01
450,2.10937500e+00,3.4690300013488251e-01
451,2.11406250e+00,3.4690185199882434e-01
452,2.11875000e+00,3.4690215719573131e-01
453,2.12343750e+00,3.4690182392976476e-01
454,2.12812500e+00,3.4690166718433357e-01
455,2.13281250e+00,3.4690222108099306e-01
456,2.13750000e+00,3.4690218350999946e-01
457,2.14218750e+00,3.4690120198508723e-01
458,2.14687500e+00,3.4690278466801799e-01
459,2.15156250e+00,3.4690042354580847e-01
460,2.15625000e+00,3.4690282619143437e-01
461,2.16093750e+00,3.4689986076023704e-01
462,2.16562500e+00,3.4690365206555673e-01
463,2.17031250e+00,3.4689945276113288e-01
464,2.17500000e+00,3.4690284516493886e-01
465,2.17968750e+00,3.4690034164664546e-01
466,2.18437500e+00,3.4690291569711268e-01
467,2.18906250e+00,3.4689998390265242e-01
468,2.19375000e+00,3.4690255565108025e-01
469,2.19843750e+00,3.4690056470053754e-01
470,2.20312500e+00,3.4690326400292743e-01
471,2.20781250e+00,3.4690019942527167e-01
472,2.21250000e+00,3.4690426177051409e-01
473,2.21718750e+00,3.4690030088340057e-01
474,2.22187500e+00,3.4690243102714735e-01
475,2.22656250e+00,3.4690013474892961e-01
476,2.23125000e+00,3.4690303127324773e-01
477,2.23593750e+00,3.4690004706521738e-01
478,2.24062500e+00,3.4690300178457550e-01
479,2.24531250e+00,3.4689973104196770e-01
480,2.25000000e+00,3.4690323884984098e-01
481,2.25468750e+00,3.4690041813102873e-01
482,2.25937500e+00,3.4690385070063418e-01
483,2.26406250e+00,3.4690041513911846e-01
484,2.26875000e+00,3.4690374411039382e-01
485,2.27343750e+00,3.4689997895842900e-01
486,2.27812500e+00,3.4690435312737039e-01
487,2.28281250e+00,3.4690055726996827e-01
488,2.28750000e+00,3.4690386956198677e-01
489,2.29218750e+00,3.4690109467026153e-01
490,2.29687500e+00,3.4690378633480629e-01
491,2.30156250e+00,3.4690096832982026e-01
492,2.30625000e+00,3.4690295507436836e-01
493,2.31093750e+00,3.4690158782575964e-01
494,2.31562500e+00,3.4690343517954209e-01
495,2.32031250e+00,3.4690070960459679e-01
496,2.32500000e+00,3.4690374537942154e-01
497,2.32968750e+00,3.4690075999341657e-01
498,2.33437500e+00,3.4690335295718261e-01
499,2.33906250e+00,3.4690193252182011e-01
500,2.34375000e+00,3.4690375482955804e-01
501,2.34843750e+00,3.4690146830557861e-01
502,2.35312500e+00,3.4690440765321695e-01
503,2.35781250e+00,3.4690070114998833e-01
504,2.36250000e+00,3.4690450416422591e-01
505,2.36718750e+00,3.4690063049786918e-01
506,2.37187500e+00,3.4690359489678924e-01
507,2.37656250e+00,3.4690141595899610e-01
508,2.38125000e+00,3.4690331711263217e-01
509,2.38593750e+00,3.4690046235070232e-01
510,2.39062500e+00,3.4690482198391459e-01
511,2.39531250e+00,3.4690117448966779e-01
512,2.40000000e+00,3.4690574942279995e-01
513,2.40468750e+00,3.4690105485401801e-01
514,2.40937500e+00,3.4690606621771386e-01
515,2.41406250e+00,3.4690121280153563e-01
516,2.41875000e+00,3.4690517880014349e-01
517,2.42343750e+00,3.4690144180369920e-01
518,2.42812500e+00,3.4690385280434677e-01
519,2.43281250e+00,3.4690152016639320e-01
520,2.43750000e+00,3.4690533241177102e-01
521,2.44218750e+00,3.4690065664382363e-01
522,2.44687500e+00,3.4690549190102926e-01
523,2.45156250e+00,3.4690055868243447e-01
524,2.45625000e+00,3.4690500256370532e-01
525,2.46093750e+00,3.4690073351572109e-01
526,2.46562500e+00,3.4690438856423067e-01
527,2.47031250e+00,3.4690093415923895e-01
528,2.47500000e+00,3.4690342851396716e-01
529,2.47968750e+00,3.4690041507138042e-01
530,2.48437500e+00,3.4690482354500335e-01
531,2.48906250e+00,3.4690132776348681e-01
532,2.49375000e+00,3.4690215398924684e-01
533,2.49843750e+00,3.4689979916313113e-01
534,2.50312500e+00,3.4690166891737612e-01
535,2.50781250e+00,3.4689905163240381e-01
536,2.51250000e+00,3.4690078285394194e-01
537,2.51718750e+00,3.4689781469749720e-01
538,2.52187500e+00,3.4690091592836986e-01
539,2.52656250e+00,3.4689767395648297e-01
540,2.53125000e+00,3.4690231163046364e-01
541,2.53593750e+00,3.4689801343604509e-01
542,2.54062500e+00,3.4690020987498338e-01
543,2.54531250e+00,3.4689844276230664e-01
544,2.55000000e+00,3.4690091559434177e-01
545,2.55468750e+00,3.4689900419150932e-01
546,2.55937500e+00,3.4690182114058371e-01
547,2.56406250e+00,3.4690020308590802e-01
548,2.56875000e+00,3.4690087571671591e-01
549,2.57343750e+00,3.4689935987152509e-01
550,2.57812500e+00,3.4690155135449591e-01
551,2.58281250e+00,3.4689896083089977e-01
552,2.58750000e+00,3.4689991207947563e-01
553,2.59218750e+00,3.4689809985865488e-01
554,2.59687500e+00,3.4689979970132362e-01
555,2.60156250e+00,3.4689760823217275e-01
556,2.60625000e+00,3.4689908537356251e-01
557,2.61093750e+00,3.4689780807089504e-01
558,2.61562500e+00,3.4689869063419704e-01
559,2.62031250e+00,3.4689841599671822e-01
560,2.62500000e+00,3.4689806465042228e-01
561,2.62968750e+00,3.4689681106500564e-01
562,2.63437500e+00,3.4690000336162669e-01
563,2.63906250e+00,3.4689755635571923e-01
564,2.64375000e+00,3.4690033782719509e-01
565,2.64843750e+00,3.4689671552523793e-01
566,2.65312500e+00,3.4689963545579661e-01
567,2.65781250e+00,3.4689657361948584e-01
568,2.66250000e+00,3.4689920048635803e-01
569,2.66718750e+00,3.4689740913600065e-01
570,2.67187500e+00,3.4689730555392290e-01
571,2.67656250e+00,3.4689789603771759e-01
572,2.68125000e+00,3.4689733213822793e-01
573,2.68593750e+00,3.4689748162360373e-01
574,2.69062500e+00,3.4689664187752639e-01
575,2.69531250e+00,3.4689796948806162e-01
576,2.70000000e+00,3.4689681343575424e-01
577,2.70468750e+00,3.4689548692570193e-01
578,2.70937500e+00,3.4689689501505511e-01
579,2.71406250e+00,3.4689627472438189e-01
580,2.71875000e+00,3.4689808367940578e-01
581,2.72343750e+00,3.4689591971887901e-01
582,2.72812500e+00,3.4689938635296924e-01
583,2.73281250e+00,3.4689569561620570e-01
584,2.73750000e+00,3.4689951547929437e-01
585,2.74218750e+00,3.4689627587797778e-01
586,2.74687500e+00,3.4689910514727590e-01
587,2.75156250e+00,3.4689684905408463e-01
588,2.75625000e+00,3.4689836943958141e-01
589,2.76093750e+00,3.4689770668100361e-01
590,2.76562500e+00,3.4689777565047936e-01
591,2.77031250e+00,3.4689775585700178e-01
592,2.77500000e+00,3.4689520710508998e-01
593,2.77968750e+00,3.4689772384322548e-01
594,2.78437500e+00,3.4689583533471119e-01
595,2.78906250e+00,3.4689666171045852e-01
596,2.79375000e+00,3.4689846059519341e-01
597,2.79843750e+00,3.4689657945572505e-01
598,2.80312500e+00,3.4689898321080659e-01
599,2.80781250e+00,3.4689779935701981e-01
600,2.81250000e+00,3.4689822417630045e-01
601,2.81718750e+00,3.4689761758132576e-01
602,2.82187500e+00,3.4689758393794251e-01
603,2.82656250e+00,3.4689845158090610e-01
604,2.83125000e+00,3.4689590324532960e-01
605,2.83593750e+00,3.4689853317131092e-01
606,2.84062500e+00,3.4689663251454628e-01
607,2.84531250e+00,3.4689770210400767e-01
608,2.85000000e+00,3.4689783043535788e-01
609,2.85468750e+00,3.4689736166663909e-01
610,2.85937500e+00,3.4689705789058117e-01
611,2.86406250e+00,3.4689704324281551e-01
612,2.86875000e+00,3.4689839732623717e-01
613,2.87343750e+00,3.4689652301114532e-01
614,2.87812500e+00,3.4689881120117411e-01
615,2.88281250e+00,3.4689767142861699e-01
616,2.88750000e+00,3.4689851394756815e-01
617,2.89218750e+00,3.4689728544945891e-01
618,2.89687500e+00,3.4689972144016251e-01
619,2.90156250e+00,3.4689742756407727e-01
620,2.90625000e+00,3.4689910186322420e-01
621,2.91093750e+00,3.4689698206778602e-01
622,2.91562500e+00,3.4689791247937762e-01
623,2.92031250e+00,3.4689628243593879e-01
624,2.92500000e+00,3.4689790737673282e-01
625,2.92968750e+00,3.4689704808802296e-01
626,2.93437500e+00,3.4689827630248421e-01
627,2.93906250e+00,3.4689646725198037e-01
628,2.94375000e+00,3.4689889831081838e-01
629,2.94843750e+00,3.4689757515903663e-01
630,2.95312500e+00,3.4689908176672862e-01
631,2.95781250e+00,3.4689743441258764e-01
632,2.96250000e+00,3.4689794264855761e-01
633,2.96718750e+00,3.4689834071869330e-01
634,2.97187500e+00,3.4689706201889509e-01
635,2.97656250e+00,3.4689918233238398e-01
636,2.98125000e+00,3.4689731956373820e-01
637,2.98593750e+00,3.4689914328239341e-01
638,2.99062500e+00,3.4689743792216354e-01
639,2.99531250e+00,3.4689874346500732e-01
640,3.00000000e+00,3.4689530062153767e-01
641,3.00468750e+00,3.4689695912068702e-01
642,3.00937500e+00,3.4689451127828580e-01
643,3.01406250e+00,3.4689849357634989e-01
644,3.01875000e+00,3.4689574395067824e-01
645,3.02343750e+00,3.4689936813093447e-01
646,3.02812500e+00,3.4689664256333802e-01
647,3.03281250e+00,3.4689903644744613e-01
648,3.03750000e+00,3.4689578564394297e-01
649,3.04218750e+00,3.4689950140040854e-01
650,3.04687500e+00,3.4689490797038974e-01
651,3.05156250e+00,3.4689971452142654e-01
652,3.05625000e+00,3.4689395145929042e-01
653,3.06093750e+00,3.4689815188865120e-01
654,3.06562500e+00,3.4689431355690320e-01
655,3.07031250e+00,3.4689738449848689e-01
656,3.07500000e+00,3.4689773188161499e-01
657,3.07968750e+00,3.4689728208788645e-01
658,3.08437500e+00,3.4689835147992043e-01
659,3.08906250e+00,3.4689651171148783e-01
660,3.09375000e+00,3.4689654559190114e-01
661,3.09843750e+00,3.4689687538477620e-01
662,3.10312500e+00,3.4689850050621573e-01
663,3.10781250e+00,3.4689694072820465e-01
664,3.11250000e+00,3.4689724888568191e-01
665,3.11718750e+00,3.4689685137771054e-01
666,3.12187500e+00,3.4689732756604746e-01
667,3.12656250e+00,3.4689626448401106e-01
668,3.13125000e+00,3.4689713857973092e-01
669,3.13593750e+00,3.4689650492917073e-01
670,3.14062500e+00,3.4689762256811080e-01
671,3.14531250e+00,3.4689556262116084e-01
672,3.15000000e+00,3.4689736074304006e-01
673,3.15468750e+00,3.4689723354801000e-01
674,3.15937500e+00,3.4689786659204691e-01
675,3.16406250e+00,3.4689813840944256e-01
676,3.16875000e+00,3.4689682973496272e-01
677,3.17343750e+00,3.4689689168765442e-01
678,3.17812500e+00,3.4689749612197074e-01
679,3.18281250e+00,3.4689646759989007e-01
680,3.18750000e+00,3.4689539724161494e-01
681,3.19218750e+00,3.4689698592172336e-01
682,3.19687500e+00,3.4689574013525770e-01
683,3.20156250e+00,3.4689756312447528e-01
684,3.20625000e+00,3.4689401954909616e-01
685,3.21093750e+00,3.4689592862243668e-01
686,3.21562500e+00,3.4689539950235038e-01
687,3.22031250e+00,3.4689697266832648e-01
688,3.22500000e+00,3.4689557119714964e-01
689,3.22968750e+00,3.4689657018777814e-01
690,3.23437500e+00,3.4689753004150131e-01
691,3.23906250e+00,3.4689790555768929e-01
692,3.24375000e+00,3.4689596848629123e-01
693,3.24843750e+00,3.4689916006062177e-01
694,3.25312500e+00,3.4689638013702379e-01
695,3.25781250e+00,3.4689951294716720e-01
696,3.26250000e+00,3.4689775350872637e-01
697,3.26718750e+00,3.4689879202733914e-01
698,3.27187500e+00,3.4689806027431874e-01
699,3.27656250e+00,3.4689748098879203e-01
700,3.28125000e+00,3.4689747650696617e-01
701,3.28593750e+00,3.4689733323944055e-01
702,3.29062500e+00,3.4689667596590290e-01
703,3.29531250e+00,3.4689601689001531e-01
704,3.30000000e+00,3.4689739800719488e-01
705,3.30468750e+00,3.4689659431790132e-01
706,3.30937500e+00,3.4689842881146349e-01
707,3.31406250e+00,3.4689655695596033e-01
708,3.31875000e+00,3.4689811593941139e-01
709,3.32343750e+00,3.4689635515071993e-01
710,3.32812500e+00,3.4689868305420812e-01
711,3.33281250e+00,3.4689608990073795e-01
712,3.33750000e+00,3.4689977254355564e-01
713,3.34218750e+00,3.4689521332118600e-01
714,3.34687500e+00,3.4689755262604866e-01
715,3.35156250e+00,3.4689499727715639e-01
716,3.35625000e+00,3.4689754635579756e-01
717,3.36093750e+00,3.4689552093819198e-01
718,3.36562500e+00,3.4689737876358434e-01
719,3.37031250e+00,3.4689566552681855e-01
720,3.37500000e+00,3.4689444923889806e-01
721,3.37968750e+00,3.4689829799447469e-01
722,3.38437500e+00,3.4689535056178261e-01
723,3.38906250e+00,3.4689662034599483e-01
724,3.39375000e+00,3.4689779560853357e-01
725,3.39843750e+00,3.4689655194050861e-01
726,3.40312500e+00,3.4689737378329993e-01
727,3.40781250e+00,3.4689568176369440e-01
728,3.41250000e+00,3.4689762650606998e-01
729,3.41718750e+00,3.4689491972771208e-01
730,3.42187500e+00,3.4689850254855198e-01
731,3.42656250e+00,3.4689393828292070e-01
732,3.43125000e+00,3.4689751713539635e-01
733,3.43593750e+00,3.4689633558871491e-01
734,3.44062500e+00,3.4689790076116717e-01
735,3.44531250e+00,3.4689619828992641e-01
736,3.45000000e+00,3.4689683139165384e-01
737,3.45468750e+00,3.4689863491490941e-01
738,3.45937500e+00,3.4689617186514854e-01
739,3.46406250e+00,3.4689640819976630e-01
740,3.46875000e+00,3.4689572736974877e-01
741,3.47343750e+00,3.4689743293158043e-01
742,3.47812500e+00,3.4689822353358413e-01
743,3.48281250e+00,3.4689751479578251e-01
744,3.48750000e+00,3.4689726270763449e-01
745,3.49218750e+00,3.4689905601238086e-01
746,3.49687500e+00,3.4689520529990109e-01
747,3.50156250e+00,3.4689888910877964e-01
748,3.50625000e+00,3.4689393317532952e-01
749,3.51093750e+00,3.4690001509346496e-01
750,3.51562500e+00,3.4689426030261572e-01
751,3.52031250e+00,3.4689994322882722e-01
752,3.52500000e+00,3.4689324580789987e-01
753,3.52968750e+00,3.4689910674987068e-01
754,3.53437500e+00,3.4689346104098523e-01
755,3.53906250e+00,3.4690036802164481e-01
756,3.54375000e+00,3.4689473001519788e-01
757,3.54843750e+00,3.4690083882268785e-01
758,3.55312500e+00,3.4689293132440402e-01
759,3.55781250e+00,3.4690014284958431e-01
760,3.56250000e+00,3.4689325573760860e-01
761,3.56718750e+00,3.4690089461419543e-01
762,3.57187500e+00,3.4689329236058164e-01
763,3.57656250e+00,3.4689971049992757e-01
764,3.58125000e+00,3.4689210974166779e-01
765,3.58593750e+00,3.4689859652083399e-01
766,3.59062500e+00,3.4689472571968355e-01
767,3.59531250e+00,3.4690012740081561e-01
768,3.60000000e+00,3.4689508341182923e-01
769,3.60468750e+00,3.4689905890997075e-01
770,3.60937500e+00,3.4689556532215587e-01
771,3.61406250e+00,3.4689916076055516e-01
772,3.61875000e+00,3.4689614642348271e-01
773,3.62343750e+00,3.4690064305303620e-01
774,3.62812500e+00,3.4689660079963180e-01
775,3.63281250e+00,3.4689932128202478e-01
776,3.63750000e+00,3.4689672461424437e-01
777,3.64218750e+00,3.4689829718754994e-01
778,3.64687500e+00,3.4689688449415701e-01
779,3.65156250e+00,3.4689873457096571e-01
780,3.65625000e+00,3.4689697921628171e-01
781,3.66093750e+00,3.4689841581228070e-01
782,3.66562500e+00,3.4689744604754824e-01
783,3.67031250e+00,3.4689730301735011e-01
784,3.67500000e+00,3.4689666909277866e-01
785,3.67968750e+00,3.4689707244282020e-01
786,3.68437500e+00,3.4689591694479716e-01
787,3.68906250e+00,3.4689783387073153e-01
788,3.69375000e+00,3.4689571746647713e-01
789,3.69843750e+00,3.4689886126003422e-01
790,3.70312500e+00,3.4689275331606328e-01
791,3.70781250e+00,3.4689725713961855e-01
792,3.71250000e+00,3.4689391565948063e-01
793,3.71718750e+00,3.4689926958304834e-01
794,3.72187500e+00,3.4689398521076975e-01
795,3.72656250e+00,3.4689870118698951e-01
796,3.73125000e+00,3.4689302755853296e-01
797,3.73593750e+00,3.4689779139652560e-01
798,3.74062500e+00,3.4689213448643835e-01
799,3.74531250e+00,3.4689651816360900e-01
800,3.75000000e+00,3.4689213563951732e-01
801,3.75468750e+00,3.4689684454948588e-01
802,3.75937500e+00,3.4689032174495449e-01
803,3.76406250e+00,3.4689919090815430e-01
804,3.76875000e+00,3.4689248224929642e-01
805,3.77343750e+00,3.4689964535660489e-01
806,3.77812500e+00,3.4689294317421021e-01
807,3.78281250e+00,3.4689801041119206e-01
808,3.78750000e+00,3.4689359231051570e-01
809,3.79218750e+00,3.4689732750587804e-01
810,3.79687500e+00,3.4689337292787725e-01
811,3.80156250e+00,3.4689803011010978e-01
812,3.80625000e+00,3.4689289549961683e-01
813,3.81093750e+00,3.4689825654424650e-01
814,3.81562500e+00,3.4689241173495433e-01
815,3.82031250e+00,3.4689871410589507e-01
816,3.82500000e+00,3.4689286463256769e-01
817,3.82968750e+00,3.4689710049496419e-01
818,3.83437500e+00,3.4689584122358169e-01
819,3.83906250e+00,3.4689844415088461e-01
820,3.84375000e+00,3.4689646149337044e-01
821,3.84843750e+00,3.4689681074933632e-01
822,3.85312500e+00,3.4689570237921713e-01
823,3.85781250e+00,3.4689689201453250e-01
824,3.86250000e+00,3.4689553675631568e-01
825,3.86718750e+00,3.4689810565595158e-01
826,3.87187500e+00,3.4689485005870263e-01
827,3.87656250e+00,3.4689797966862806e-01
828,3.88125000e+00,3.4689426621462816e-01
829,3.88593750e+00,3.4689763383010225e-01
830,3.89062500e+00,3.4689510349434483e-01
831,3.89531250e+00,3.4689764552250696e-01
832,3.90000000e+00,3.4689421796321523e-01
833,3.90468750e+00,3.4689910950527530e-01
834,3.90937500e+00,3.4689380474844284e-01
835,3.91406250e+00,3.4689910317309014e-01
836,3.91875000e+00,3.4689610684518551e-01
837,3.92343750e+00,3.4689773470800983e-01
838,3.92812500e+00,3.4689566908856190e-01
839,3.93281250e+00,3.4689723520851262e-01
840,3.93750000e+00,3.4689665161431060e-01
841,3.94218750e+00,3.4689640878409217e-01
842,3.94687500e+00,3.4689709902864008e-01
843,3.95156250e+00,3.4689744651700166e-01
844,3.95625000e+00,3.4689627864498379e-01
845,3.96093750e+00,3.4689630570400526e-01
846,3.96562500e+00,3.4689637179936472e-01
847,3.97031250e+00,3.4689645459436724e-01
848,3.97500000e+00,3.4689553687162311e-01
849,3.97968750e+00,3.4689615242678984e-01
850,3.98437500e+00,3.4689744667876132e-01
851,3.98906250e+00,3.4689649209207485e-01
852,3.99375000e+00,3.4689786991221566e-01
853,3.99843750e+00,3.4689665881871373e-01
854,4.00312500e+00,3.4689825278130870e-01
855,4.00781250e+00,3.4689700882996960e-01
856,4.01250000e+00,3.4689854680588550e-01
857,4.01718750e+00,3.4689447326092249e-01
858,4.02187500e+00,3.4689860910530573e-01
859,4.02656250e+00,3.4689382311484063e-01
860,4.03125000e+00,3.4689700836557952e-01
861,4.03593750e+00,3.4689573353821757e-01
862,4.04062500e+00,3.4689647047273420e-01
863,4.04531250e+00,3.4689595980324434e-01
864,4.05000000e+00,3.4689575727676025e-01
865,4.05468750e+00,3.4689582004059344e-01
866,4.05937500e+00,3.4689571685864723e-01
867,4.06406250e+00,3.4689523697630770e-01
868,4.06875000e+00,3.4689711505287052e-01
869,4.07343750e+00,3.4689498452190703e-01
870,4.07812500e+00,3.4689647672744151e-01
871,4.08281250e+00,3.4689415105093124e-01
872,4.08750000e+00,3.4689659570461656e-01
873,4.09218750e+00,3.4689540357378801e-01
874,4.09687500e+00,3.4689763834853876e-01
875,4.10156250e+00,3.4689447916077504e-01
876,4.10625000e+00,3.4689786228987257e-01
877,4.11093750e+00,3.4689453266999087e-01
878,4.11562500e+00,3.4689918124171731e-01
879,4.12031250e+00,3.4689482350341150e-01
880,4.12500000e+00,3.4689743772350784e-01
881,4.12968750e+00,3.4689544806768602e-01
882,4.13437500e+00,3.4689937414196786e-01
883,4.13906250e+00,3.4689385001667677e-01
884,4.14375000e+00,3.4689943721155608e-01
885,4.14843750e+00,3.4689212226053978e-01
886,4.15312500e+00,3.4690061045647314e-01
887,4.15781250e+00,3.4689092351146911e-01
888,4.16250000e+00,3.4690044721084867e-01
889,4.16718750e+00,3.4689260776275482e-01
890,4.17187500e+00,3.4689996206187312e-01
891,4.17656250e+00,3.4689337791071201e-01
892,4.18125000e+00,3.4689991079516491e-01
893,4.18593750e+00,3.4689551476419100e-01
894,4.19062500e+00,3.4689829599121413e-01
895,4.19531250e+00,3.4689585395897160e-01
896,4.20000000e+00,3.4689919001185143e-01
897,4.20468750e+00,3.4689391716128287e-01
898,4.20937500e+00,3.4689819019582507e-01
899,4.21406250e+00,3.4689384482382501e-01
900,4.21875000e+00,3.4689881809820866e-01
901,4.22343750e+00,3.4689244575777628e-01
902,4.22812500e+00,3.4689712080782559e-01
903,4.23281250e+00,3.4689393685346143e-01
904,4.23750000e+00,3.4689781663292518e-01
905,4.24218750e+00,3.4689313219160883e-01
906,4.24687500e+00,3.4689747717980052e-01
907,4.25156250e+00,3.4689395997373379e-01
908,4.25625000e+00,3.4689743847388926e-01
909,4.26093750e+00,3.4689463948304400e-01
910,4.26562500e+00,3.4689783580843053e-01
911,4.27031250e+00,3.4689563280839525e-01
912,4.27500000e+00,3.4689750217151127e-01
913,4.27968750e+00,3.4689647983816491e-01
914,4.28437500e+00,3.4689598481824035e-01
915,4.28906250e+00,3.4689562939242807e-01
916,4.29375000e+00,3.4689561554269044e-01
917,4.29843750e+00,3.4689661330368965e-01
918,4.30312500e+00,3.4689537935013626e-01
919,4.30781250e+00,3.4689511762931236e-01
920,4.31250000e+00,3.4689736227058493e-01
921,4.31718750e+00,3.4689623061241837e-01
922,4.32187500e+00,3.4689797357779345e-01
923,4.32656250e+00,3.4689528010605608e-01
924,4.33125000e+00,3.4689628392260868e-01
925,4.33593750e+00,3.4689614881351660e-01
926,4.34062500e+00,3.4689756819157569e-01
927,4.34531250e+00,3.4689557749719740e-01
928,4.35000000e+00,3.4689582460883428e-01
929,4.35468750e+00,3.4689700492266884e-01
930,4.35937500e+00,3.4689692932802219e-01
931,4.36406250e+00,3.4689665110281975e-01
932,4.36875000e+00,3.4689555591593219e-01
933,4.37343750e+00,3.4689193754107545e-01
934,4.37812500e+00,3.4689926553642975e-01
935,4.38281250e+00,3.4689094952317306e-01
936,4.38750000e+00,3.4689969800652798e-01
937,4.39218750e+00,3.4689075569608530e-01
938,4.39687500e+00,3.4689999979876152e-01
939,4.40156250e+00,3.4689089183245342e-01
940,4.40625000e+00,3.4690105735704496e-01
941,4.41093750e+00,3.4689145028157170e-01
942,4.41562500e+00,3.4690056126239671e-01
943,4.42031250e+00,3.4689177652148329e-01
944,4.42500000e+00,3.4689945136635353e-01
945,4.42968750e+00,3.4689123289936902e-01
946,4.43437500e+00,3.4689904564622742e-01
947,4.43906250e+00,3.4689107422414484e-01
948,4.44375000e+00,3.4689920640280481e-01
949,4.44843750e+00,3.4689271190325588e-01
950,4.45312500e+00,3.4689912184808985e-01
951,4.45781250e+00,3.4689415695516934e-01
952,4.46250000e+00,3.4689906542196147e-01
953,4.46718750e+00,3.4689114094716800e-01
954,4.47187500e+00,3.4689808302987496e-01
955,4.47656250e+00,3.4689295502785106e-01
956,4.48125000e+00,3.4689874700164886e-01
957,4.48593750e+00,3.4689223260032381e-01
958,4.49062500e+00,3.4689964755976999e-01
959,4.49531250e+00,3.4689236428821257e-01
960,4.50000000e+00,3.4690095105647772e-01
961,4.50468750e+00,3.4689161726735823e-01
962,4.50937500e+00,3.4690028932996725e-01
963,4.51406250e+00,3.4689136236160745e-01
964,4.51875000e+00,3.4690150332563746e-01
965,4.52343750e+00,3.4689328439346639e-01
966,4.52812500e+00,3.4690058358843673e-01
967,4.53281250e+00,3.4689136399689180e-01
968,4.53750000e+00,3.4690045823845467e-01
969,4.54218750e+00,3.4689165548318784e-01
970,4.54687500e+00,3.4689627405232032e-01
971,4.55156250e+00,3.4689151118510636e-01
972,4.55625000e+00,3.4689535284604345e-01
973,4.56093750e+00,3.4689036610072033e-01
974,4.56562500e+00,3.4689574748846980e-01
975,4.57031250e+00,3.4688837852594140e-01
976,4.57500000e+00,3.4689608778608100e-01
977,4.57968750e+00,3.4689042956777150e-01
978,4.58437500e+00,3.4689620066778071e-01
979,4.58906250e+00,3.4689020184615732e-01
980,4.59375000e+00,3.4689709468648866e-01
981,4.59843750e+00,3.4689333666156758e-01
982,4.60312500e+00,3.4689534365732394e-01
983,4.60781250e+00,3.4689337644956125e-01
984,4.61250000e+00,3.4689443745264348e-01
985,4.61718750e+00,3.4689413321503054e-01
986,4.62187500e+00,3.4689424158908655e-01
987,4.62656250e+00,3.4689126087044764e-01
988,4.63125000e+00,3.4689461319066184e-01
989,4.63593750e+00,3.4689209772581708e-01
990,4.64062500e+00,3.4689413460416718e-01
991,4.64531250e+00,3.4689268158883746e-01
992,4.65000000e+00,3.4689584558854253e-01
993,4.65468750e+00,3.4689234515268935e-01
994,4.65937500e+00,3.4689675905848294e-01
995,4.66406250e+00,3.4689143613665707e-01
996,4.66875000e+00,3.4689575241698645e-01
997,4.67343750e+00,3.4689300109549481e-01
998,4.67812500e+00,3.4689623844858802e-01
999,4.68281250e+00,3.4689397436809732e-01
1000,4.68750000e+00,3.4689872404530542e-01
1001,4.69218750e+00,3.4689464061803371e-01
1002,4.69687500e+00,3.4689432943062198e-01
1003,4.70156250e+00,3.4689492108968362e-01
1004,4.70625000e+00,3.4689460865706767e-01
1005,4.71093750e+00,3.4689486122434299e-01
1006,4.71562500e+00,3.4689306028690375e-01
1007,4.72031250e+00,3.4689446764999965e-01
1008,4.72500000e+00,3.4689308275010150e-01
1009,4.72968750e+00,3.4689415549327191e-01
1010,4.73437500e+00,3.4689424680921532e-01
1011,4.73906250e+00,3.4689509725034712e-01
1012,4.74375000e+00,3.4689296161024480e-01
1013,4.74843750e+00,3.4689668096231430e-01
1014,4.75312500e+00,3.4689245474020841e-01
1015,4.75781250e+00,3.4689764174239601e-01
1016,4.76250000e+00,3.4689371866625685e-01
1017,4.76718750e+00,3.4689600461839359e-01
1018,4.77187500e+00,3.4689467232226368e-01
1019,4.77656250e+00,3.4689882899628027e-01
1020,4.78125000e+00,3.4689353724371524e-01
1021,4.78593750e+00,3.4689945056612498e-01
1022,4.79062500e+00,3.4689311044027571e-01
1023,4.79531250e+00,3.4689524450974879e-01
1024,4.80000000e+00,3.4689496551048676e-01
1025,4.80468750e+00,3.4689668609697555e-01
1026,4.80937500e+00,3.4689107586706597e-01
1027,4.81406250e+00,3.4689744039671616e-01
1028,4.81875000e+00,3.4689423617159376e-01
1029,4.82343750e+00,3.4689630630368085e-01
1030,4.82812500e+00,3.4689203281800673e-01
1031,4.83281250e+00,3.4689714192272619e-01
1032,4.83750000e+00,3.4689487946107866e-01
1033,4.84218750e+00,3.4689532935780210e-01
1034,4.84687500e+00,3.4689489165101212e-01
1035,4.85156250e+00,3.4689556680523687e-01
1036,4.85625000e+00,3.4689405544406038e-01
1037,4.86093750e+00,3.4689610255431597e-01
1038,4.86562500e+00,3.4689336807125298e-01
1039,4.87031250e+00,3.4689528599156966e-01
1040,4.87500000e+00,3.4689495137987969e-01
1041,4.87968750e+00,3.4689279486294000e-01
1042,4.88437500e+00,3.4689512078139412e-01
1043,4.88906250e+00,3.4689090804644362e-01
1044,4.89375000e+00,3.4689648431049064e-01
1045,4.89843750e+00,3.4689077493283021e-01
1046,4.90312500e+00,3.4689663129667425e-01
1047,4.90781250e+00,3.4689096881681747e-01
1048,4.91250000e+00,3.4690104766808583e-01
1049,4.91718750e+00,3.4689263783552376e-01
1050,4.92187500e+00,3.4690133338375201e-01
1051,4.92656250e+00,3.4689246315822470e-01
1052,4.93125000e+00,3.4690321277933656e-01
1053,4.93593750e+00,3.4689307520753870e-01
1054,4.94062500e+00,3.4690174451878669e-01
1055,4.94531250e+00,3.4689353039678461e-01
1056,4.95000000e+00,3.4690216858763562e-01
1057,4.95468750e+00,3.4689263692159761e-01
1058,4.95937500e+00,3.4690361316132173e-01
1059,4.96406250e+00,3.4689399911529212e-01
1060,4.96875000e+00,3.4690547159674584e-01
1061,4.97343750e+00,3.4689343858365290e-01
1062,4.97812500e+00,3.4690644020800843e-01
1063,4.98281250e+00,3.4689103354909673e-01
1064,4.98750000e+00,3.4690522665350698e-01
1065,4.99218750e+00,3.4689153878416190e-01
1066,4.99687500e+00,3.4690741645279138e-01
1067,5.00156250e+00,3.4689177155428869e-01
1068,5.00625000e+00,3.4690453106777175e-01
1069,5.01093750e+00,3.4689003280126324e-01
1070,5.01562500e+00,3.4690360397227410e-01
1071,5.02031250e+00,3.4689058863902739e-01
1072,5.02500000e+00,3.4690273155819373e-01
1073,5.02968750e+00,3.4689158463408892e-01
1074,5.03437500e+00,3.4689985381455524e-01
1075,5.03906250e+00,3.4689214731588469e-01
1076,5.04375000e+00,3.4690051134698624e-01
1077,5.04843750e+00,3.4689145517839254e-01
1078,5.05312500e+00,3.4689971766938743e-01
1079,5.05781250e+00,3.4688982107325894e-01
1080,5.06250000e+00,3.4689652375406554e-01
1081,5.06718750e+00,3.4689167120134767e-01
1082,5.07187500e+00,3.4689769512128765e-01
1083,5.07656250e+00,3.4689223332330776e-01
1084,5.08125000e+00,3.4690040283827195e-01
1085,5.08593750e+00,3.4689471047079390e-01
1086,5.09062500e+00,3.4690180640709017e-01
1087,5.09531250e+00,3.4689189931817987e-01
1088,5.10000000e+00,3.4690110226269405e-01
1089,5.10468750e+00,3.4689259185364019e-01
1090,5.10937500e+00,3.4690224282246301e-01
1091,5.11406250e+00,3.4689203910744909e-01
1092,5.11875000e+00,3.4690593743659293e-01
1093,5.12343750e+00,3.4689095655514379e-01
1094,5.12812500e+00,3.4690671201777534e-01
1095,5.13281250e+00,3.4689346563315965e-01
1096,5.13750000e+00,3.4690871455265104e-01
1097,5.14218750e+00,3.4689323412748613e-01
1098,5.14687500e+00,3.4690663660107912e-01
1099,5.15156250e+00,3.4689075576090489e-01
1100,5.15625000e+00,3.4690657091026161e-01
1101,5.16093750e+00,3.4689077714318123e-01
1102,5.16562500e+00,3.4690611025811152e-01
1103,5.17031250e+00,3.4689306353579763e-01
1104,5.17500000e+00,3.4690657475680636e-01
1105,5.17968750e+00,3.4689128605049663e-01
1106,5.18437500e+00,3.4690498671582437e-01
1107,5.18906250e+00,3.4689199706595919e-01
1108,5.19375000e+00,3.4690440891884422e-01
1109,5.19843750e+00,3.4689244928104213e-01
1110,5.20312500e+00,3.4690736925606092e-01
1111,5.20781250e+00,3.4689344003908168e-01
1112,5.21250000e+00,3.4690780269127286e-01
1113,5.21718750e+00,3.4689278001350060e-01
1114,5.22187500e+00,3.4690613716356905e-01
1115,5.22656250e+00,3.4689336846778751e-01
1116,5.23125000e+00,3.4690902506385196e-01
1117,5.23593750e+00,3.4689245495914517e-01
1118,5.24062500e+00,3.4690655881465854e-01
1119,5.24531250e+00,3.4689420662256115e-01
1120,5.25000000e+00,3.4690679456497520e-01
1121,5.25468750e+00,3.4689379728874181e-01
1122,5.25937500e+00,3.4690487292435473e-01
1123,5.26406250e+00,3.4689255488844079e-01
1124,5.26875000e+00,3.4690410940592481e-01
1125,5.27343750e+00,3.4689112078832679e-01
1126,5.27812500e+00,3.4690490056084472e-01
1127,5.28281250e+00,3.4688888862049633e-01
1128,5.28750000e+00,3.4690520931508090e-01
1129,5.29218750e+00,3.4688967069868182e-01
1130,5.29687500e+00,3.4690522008564784e-01
1131,5.30156250e+00,3.4689227113923027e-01
1132,5.30625000e+00,3.4690636392535429e-01
1133,5.31093750e+00,3.4689112283626061e-01
1134,5.31562500e+00,3.4690476951978610e-01
1135,5.32031250e+00,3.4689235190080014e-01
1136,5.32500000e+00,3.4690480410293068e-01
1137,5.32968750e+00,3.4689250719571257e-01
1138,5.33437500e+00,3.4690503313436361e-01
1139,5.33906250e+00,3.4689264858876284e-01
1140,5.34375000e+00,3.4690535564777053e-01
1141,5.34843750e+00,3.4688948155447180e-01
1142,5.35312500e+00,3.4690263398215243e-01
1143,5.35781250e+00,3.4689041666008219e-01
1144,5.36250000e+00,3.4690264698392564e-01
1145,5.36718750e+00,3.4689065133997143e-01
1146,5.37187500e+00,3.4690409782620574e-01
1147,5.37656250e+00,3.4689230001509147e-01
1148,5.38125000e+00,3.4690418886224333e-01
1149,5.38593750e+00,3.4689066108153743e-01
1150,5.39062500e+00,3.4690106189186620e-01
1151,5.39531250e+00,3.4689343991467708e-01
1152,5.40000000e+00,3.4690445583371732e-01
1153,5.40468750e+00,3.4689091736819849e-01
1154,5.40937500e+00,3.4690181721515678e-01
1155,5.41406250e+00,3.4689049433383479e-01
1156,5.41875000e+00,3.4690180681438848e-01
1157,5.42343750e+00,3.4689202038622802e-01
1158,5.42812500e+00,3.4690122753670594e-01
1159,5.43281250e+00,3.4689491045919801e-01
1160,5.43750000e+00,3.4690097863624658e-01
1161,5.44218750e+00,3.4689715560232359e-01
1162,5.44687500e+00,3.4690129717135171e-01
1163,5.45156250e+00,3.4689588087752826e-01
1164,5.45625000e+00,3.4689896842515822e-01
1165,5.46093750e+00,3.4689742910231458e-01
1166,5.46562500e+00,3.4689987978648279e-01
1167,5.47031250e+00,3.4689840611325945e-01
1168,5.47500000e+00,3.4689861958338175e-01
1169,5.47968750e+00,3.4689646768450355e-01
1170,5.48437500e+00,3.4689836733715967e-01
1171,5.48906250e+00,3.4689102233272689e-01
1172,5.49375000e+00,3.4690116549922478e-01
1173,5.49843750e+00,3.4689021676938941e-01
1174,5.50312500e+00,3.4690156822607454e-01
1175,5.50781250e+00,3.4689103740737470e-01
1176,5.51250000e+00,3.4690171430553951e-01
1177,5.51718750e+00,3.4689259646736043e-01
1178,5.52187500e+00,3.4689818666145522e-01
1179,5.52656250e+00,3.4689249864997385e-01
1180,5.53125000e+00,3.4690097953207716e-01
1181,5.53593750e+00,3.4689364445723653e-01
1182,5.54062500e+00,3.4690248271226515e-01
1183,5.54531250e+00,3.4689421902644590e-01
1184,5.55000000e+00,3.4689942730367496e-01
1185,5.55468750e+00,3.4689266071064156e-01
1186,5.55937500e+00,3.4690176029709885e-01
1187,5.56406250e+00,3.4688981545404840e-01
1188,5.56875000e+00,3.4690083532706822e-01
1189,5.57343750e+00,3.4689017262933991e-01
1190,5.57812500e+00,3.4689914546990408e-01
1191,5.58281250e+00,3.4689132612462681e-01
1192,5.58750000e+00,3.4689871035799297e-01
1193,5.59218750e+00,3.4689249201507205e-01
1194,5.59687500e+00,3.4690026800473855e-01
1195,5.60156250e+00,3.4689126106452994e-01
1196,5.60625000e+00,3.4689767232879931e-01
1197,5.61093750e+00,3.4689162449261957e-01
1198,5.61562500e+00,3.4689865856459973e-01
1199,5.62031250e+00,3.4689328574278472e-01
1200,5.62500000e+00,3.4689595151957842e-01
1201,5.62968750e+00,3.4689618955810020e-01
1202,5.63437500e+00,3.4689574287129971e-01
1203,5.63906250e+00,3.4690007742765655e-01
1204,5.64375000e+00,3.4689471366095975e-01
1205,5.64843750e+00,3.4689906336193055e-01
1206,5.65312500e+00,3.4689355674097655e-01
1207,5.65781250e+00,3.4689969282248895e-01
1208,5.66250000e+00,3.4689368751420036e-01
1209,5.66718750e+00,3.4689948917430952e-01
1210,5.67187500e+00,3.4689435233276145e-01
1211,5.67656250e+00,3.4690051648604986e-01
1212,5.68125000e+00,3.4689342362776415e-01
1213,5.68593750e+00,3.4689471156595569e-01
1214,5.69062500e+00,3.4689593763474480e-01
1215,5.69531250e+00,3.4690006326142614e-01
1216,5.70000000e+00,3.4689637408658841e-01
1217,5.70468750e+00,3.4690070497681497e-01
1218,5.70937500e+00,3.4689590560187983e-01
1219,5.71406250e+00,3.4689946400977828e-01
1220,5.71875000e+00,3.4689452413838406e-01
1221,5.72343750e+00,3.4689711502864712e-01
1222,5.72812500e+00,3.4689620114883546e-01
1223,5.73281250e+00,3.4689709067853108e-01
1224,5.73750000e+00,3.4689871056654970e-01
1225,5.74218750e+00,3.4689652285312078e-01
1226,5.74687500e+00,3.4689805027972243e-01
1227,5.75156250e+00,3.4689547792871206e-01
1228,5.75625000e+00,3.4690005560111670e-01
1229,5.76093750e+00,3.4689583244712124e-01
1230,5.76562500e+00,3.4690044609542697e-01
1231,5.77031250e+00,3.4689194923251104e-01
1232,5.77500000e+00,3.4690286031891826e-01
1233,5.77968750e+00,3.4689556792213683e-01
1234,5.78437500e+00,3.4690210607305022e-01
1235,5.78906250e+00,3.4689503082629519e-01
1236,5.79375000e+00,3.4690340583973983e-01
1237,5.79843750e+00,3.4689484115415858e-01
1238,5.80312500e+00,3.4690314606033795e-01
1239,5.80781250e+00,3.4689596867663575e-01
1240,5.81250000e+00,3.4689902587866506e-01
1241,5.81718750e+00,3.4689418977480929e-01
1242,5.82187500e+00,3.4690007820074847e-01
1243,5.82656250e+00,3.4689421644936497e-01
1244,5.83125000e+00,3.4689769014646665e-01
1245,5.83593750e+00,3.4689330222176706e-01
1246,5.84062500e+00,3.4689812416864546e-01
1247,5.84531250e+00,3.4689515263506576e-01
1248,5.85000000e+00,3.4689939303482364e-01
1249,5.85468750e+00,3.4689425480566166e-01
1250,5.85937500e+00,3.4689762875059243e-01
1251,5.86406250e+00,3.4689443717071733e-01
1252,5.86875000e+00,3.4689702668154931e-01
1253,5.87343750e+00,3.4689467463429824e-01
1254,5.87812500e+00,3.4689401631813171e-01
1255,5.88281250e+00,3.4689500523589212e-01
1256,5.88750000e+00,3.4689563069187862e-01
1257,5.89218750e+00,3.4689335802894794e-01
1258,5.89687500e+00,3.4689803063770031e-01
1259,5.90156250e+00,3.4689579893508060e-01
1260,5.90625000e+00,3.4689678755750480e-01
1261,5.91093750e+00,3.4689429365046903e-01
1262,5.91562500e+00,3.4689944140751378e-01
1263,5.92031250e+00,3.4689809191043114e-01
1264,5.92500000e+00,3.4690318887272897e-01
1265,5.92968750e+00,3.4689712833278574e-01
1266,5.93437500e+00,3.4690401093257323e-01
1267,5.93906250e+00,3.4689526804523979e-01
1268,5.94375000e+00,3.4690524014534746e-01
1269,5.94843750e+00,3.4689769116351515e-01
1270,5.95312500e+00,3.4690619916193666e-01
1271,5.95781250e+00,3.4689636970105736e-01
1272,5.96250000e+00,3.4690267154711807e-01
1273,5.96718750e+00,3.4689719939668889e-01
1274,5.97187500e+00,3.4690303444220377e-01
1275,5.97656250e+00,3.4689471938305633e-01
1276,5.98125000e+00,3.4690142493273879e-01
1277,5.98593750e+00,3.4689643092253619e-01
1278,5.99062500e+00,3.4690520571205891e-01
1279,5.99531250e+00,3.4689788505325569e-01
1280,6.00000000e+00,3.4690439532962225e-01
1281,6.00468750e+00,3.4689907127223280e-01
1282,6.00937500e+00,3.4690644338864590e-01
1283,6.01406250e+00,3.4689834490017457e-01
1284,6.01875000e+00,3.4690505460151577e-01
1285,6.02343750e+00,3.4689683660401832e-01
1286,6.02812500e+00,3.4690161333998348e-01
1287,6.03281250e+00,3.4689679535097384e-01
1288,6.03750000e+00,3.4689957001197352e-01
1289,6.04218750e+00,3.4689604656867051e-01
1290,6.04687500e+00,3.4689877105298383e-01
1291,6.05156250e+00,3.4689653578293594e-01
1292,6.05625000e+00,3.4690052478698169e-01
1293,6.06093750e+00,3.4689671394445859e-01
1294,6.06562500e+00,3.4689894634276847e-01
1295,6.07031250e+00,3.4689692606931244e-01
1296,6.07500000e+00,3.4690125260031685e-01
1297,6.07968750e+00,3.4689838278991186e-01
1298,6.08437500e+00,3.4690325533432714e-01
1299,6.08906250e+00,3.4689895399936688e-01
1300,6.09375000e+00,3.4690409015566720e-01
1301,6.09843750e+00,3.4689691557751778e-01
1302,6.10312500e+00,3.4690418256318084e-01
1303,6.10781250e+00,3.4689845938575015e-01
1304,6.11250000e+00,3.4690316493866191e-01
1305,6.11718750e+00,3.4689879624874770e-01
1306,6.12187500e+00,3.4689901039055177e-01
1307,6.12656250e+00,3.4689629851672399e-01
1308,6.13125000e+00,3.4690165003785506e-01
1309,6.13593750e+00,3.4689952796228335e-01
1310,6.14062500e+00,3.4690417251823058e-01
1311,6.14531250e+00,3.4690078177892464e-01
1312,6.15000000e+00,3.4690365796440664e-01
1313,6.15468750e+00,3.4690157167687097e-01
1314,6.15937500e+00,3.4690655511210283e-01
1315,6.16406250e+00,3.4689989576620145e-01
1316,6.16875000e+00,3.4690037727367595e-01
1317,6.17343750e+00,3.4689883388138698e-01
1318,6.17812500e+00,3.4690155401956507e-01
1319,6.18281250e+00,3.4689705978921687e-01
1320,6.18750000e+00,3.4689884744601907e-01
1321,6.19218750e+00,3.4689794694923770e-01
1322,6.19687500e+00,3.4689548107047780e-01
1323,6.20156250e+00,3.4689655501810873e-01
1324,6.20625000e+00,3.4689588770094820e-01
1325,6.21093750e+00,3.4689874372870233e-01
1326,6.21562500e+00,3.4689518107982337e-01
1327,6.22031250e+00,3.4689781773150097e-01
1328,6.22500000e+00,3.4689387300425351e-01
1329,6.22968750e+00,3.4690145386216098e-01
1330,6.23437500e+00,3.4689364789568683e-01
1331,6.23906250e+00,3.4690118417659654e-01
1332,6.24375000e+00,3.4689403606582103e-01
1333,6.24843750e+00,3.4690041151930057e-01
1334,6.25312500e+00,3.4689629922463372e-01
1335,6.25781250e+00,3.4690244257823083e-01
1336,6.26250000e+00,3.4689781523749680e-01
1337,6.26718750e+00,3.4690081113821203e-01
1338,6.27187500e+00,3.4690064274807914e-01
1339,6.27656250e+00,3.4690358278304639e-01
1340,6.28125000e+00,3.4690034268098313e-01
1341,6.28593750e+00,3.4690281377234983e-01
1342,6.29062500e+00,3.4690001057607750e-01
1343,6.29531250e+00,3.4690144557081076e-01
1344,6.30000000e+00,3.4690009401956418e-01
1345,6.30468750e+00,3.4690116356181866e-01
1346,6.30937500e+00,3.4689781680892895e-01
1347,6.31406250e+00,3.4690066469284764e-01
1348,6.31875000e+00,3.4689598989909692e-01
1349,6.32343750e+00,3.4689949967942368e-01
1350,6.32812500e+00,3.4689626604655194e-01
1351,6.33281250e+00,3.4690183677183317e-01
1352,6.33750000e+00,3.4689268859668843e-01
1353,6.34218750e+00,3.4690175211277052e-01
1354,6.34687500e+00,3.4689250680173062e-01
1355,6.35156250e+00,3.4689813585152596e-01
1356,6.35625000e+00,3.4689342782730215e-01
1357,6.36093750e+00,3.4690012931177122e-01
1358,6.36562500e+00,3.4689735807322136e-01
1359,6.37031250e+00,3.4689925256679205e-01
1360,6.37500000e+00,3.4689598491305396e-01
1361,6.37968750e+00,3.4689880731185274e-01
1362,6.38437500e+00,3.4689645413025705e-01
1363,6.38906250e+00,3.4689958468625071e-01
1364,6.39375000e+00,3.4689322593210470e-01
1365,6.39843750e+00,3.4690247330261653e-01
1366,6.40312500e+00,3.4689327966849276e-01
1367,6.40781250e+00,3.4689888702426608e-01
1368,6.41250000e+00,3.4689522544411139e-01
1369,6.41718750e+00,3.4689821374417795e-01
1370,6.42187500e+00,3.4689565427159558e-01
1371,6.42656250e+00,3.4690031147750711e-01
1372,6.43125000e+00,3.4689626507353022e-01
1373,6.43593750e+00,3.4689752543322078e-01
1374,6.44062500e+00,3.4689681012675394e-01
1375,6.44531250e+00,3.4689869671108037e-01
1376,6.45000000e+00,3.4689917497379796e-01
1377,6.45468750e+00,3.4689935068842392e-01
1378,6.45937500e+00,3.4689927234427720e-01
1379,6.46406250e+00,3.4689857481824959e-01
1380,6.46875000e+00,3.4690036205132868e-01
1381,6.47343750e+00,3.4690035597977242e-01
1382,6.47812500e+00,3.4690149247611185e-01
1383,6.48281250e+00,3.4689938398178771e-01
1384,6.48750000e+00,3.4690590900353324e-01
1385,6.49218750e+00,3.4689827417439928e-01
1386,6.49687500e+00,3.4690338711287794e-01
1387,6.50156250e+00,3.4689865158836070e-01
1388,6.50625000e+00,3.4690271435975589e-01
1389,6.51093750e+00,3.4689677276884462e-01
1390,6.51562500e+00,3.4690059814888419e-01
1391,6.52031250e+00,3.4689592403321945e-01
1392,6.52500000e+00,3.4690151140346553e-01
1393,6.52968750e+00,3.4689595075837165e-01
1394,6.53437500e+00,3.4690195697210796e-01
1395,6.53906250e+00,3.4689960740150771e-01
1396,6.54375000e+00,3.4690085696610873e-01
1397,6.54843750e+00,3.4689730323243340e-01
1398,6.55312500e+00,3.4690177860876326e-01
1399,6.55781250e+00,3.4689920954569498e-01
1400,6.56250000e+00,3.4690130799862040e-01
1401,6.56718750e+00,3.4689983621001758e-01
1402,6.57187500e+00,3.4689883718818454e-01
1403,6.57656250e+00,3.4690181448292107e-01
1404,6.58125000e+00,3.4690493264271360e-01
1405,6.58593750e+00,3.4690187264886940e-01
1406,6.59062500e+00,3.4690538246537245e-01
1407,6.59531250e+00,3.4689648739904522e-01
1408,6.60000000e+00,3.4690645009837906e-01
1409,6.60468750e+00,3.4689959823747019e-01
1410,6.60937500e+00,3.4690740032880285e-01
1411,6.61406250e+00,3.4689744777472226e-01
1412,6.61875000e+00,3.4690740426615202e-01
1413,6.62343750e+00,3.4689900602479695e-01
1414,6.62812500e+00,3.4691020506741377e-01
1415,6.63281250e+00,3.4690072094071273e-01
1416,6.63750000e+00,3.4691157932123856e-01
1417,6.64218750e+00,3.4690017880773616e-01
1418,6.64687500e+00,3.4691147719254900e-01
1419,6.65156250e+00,3.4689906186448594e-01
1420,6.65625000e+00,3.4691192060703646e-01
1421,6.66093750e+00,3.4690116430193546e-01
1422,6.66562500e+00,3.4691163406530789e-01
1423,6.67031250e+00,3.4689855389961377e-01
1424,6.67500000e+00,3.4690522478220615e-01
1425,6.67968750e+00,3.4689718657890944e-01
1426,6.68437500e+00,3.4690644836808698e-01
1427,6.68906250e+00,3.4689870359581998e-01
1428,6.69375000e+00,3.4690856160328942e-01
1429,6.69843750e+00,3.4689816217455899e-01
1430,6.70312500e+00,3.4690737094914109e-01
1431,6.70781250e+00,3.4689420800082033e-01
1432,6.71250000e+00,3.4690480742668045e-01
1433,6.71718750e+00,3.4689592929724833e-01
1434,6.72187500e+00,3.4690580290950063e-01
1435,6.72656250e+00,3.4689771706856803e-01
1436,6.73125000e+00,3.4690632664541488e-01
1437,6.73593750e+00,3.4689741760610260e-01
1438,6.74062500e+00,3.4690650260749384e-01
1439,6.74531250e+00,3.4689876697837846e-01
1440,6.75000000e+00,3.4690970259463516e-01
1441,6.75468750e+00,3.4689839584686000e-01
1442,6.75937500e+00,3.4690846305081646e-01
1443,6.76406250e+00,3.4689911494177433e-01
1444,6.76875000e+00,3.4690942323568413e-01
1445,6.77343750e+00,3.4689610643888269e-01
1446,6.77812500e+00,3.4690889530268171e-01
1447,6.78281250e+00,3.4689976338633460e-01
1448,6.78750000e+00,3.4691142105295270e-01
1449,6.79218750e+00,3.4689986025501657e-01
1450,6.79687500e+00,3.4691282231432063e-01
1451,6.80156250e+00,3.4690114934927163e-01
1452,6.80625000e+00,3.4691030686278274e-01
1453,6.81093750e+00,3.4690033975704521e-01
1454,6.81562500e+00,3.4690755169446646e-01
1455,6.82031250e+00,3.4689980143767662e-01
1456,6.82500000e+00,3.4691033757835010e-01
1457,6.82968750e+00,3.4689941144331499e-01
1458,6.83437500e+00,3.4690640432937464e-01
1459,6.83906250e+00,3.4689632868211079e-01
1460,6.84375000e+00,3.4690250267485140e-01
1461,6.84843750e+00,3.4689480749455642e-01
1462,6.85312500e+00,3.4690260083082120e-01
1463,6.85781250e+00,3.4689801488285449e-01
1464,6.86250000e+00,3.4690572086706972e-01
1465,6.86718750e+00,3.4689877123386437e-01
1466,6.87187500e+00,3.4690386595142270e-01
1467,6.87656250e+00,3.4689797376418957e-01
1468,6.88125000e+00,3.4690645188353492e-01
1469,6.88593750e+00,3.4689773644267058e-01
1470,6.89062500e+00,3.4690430043454312e-01
1471,6.89531250e+00,3.4689828738047662e-01
1472,6.90000000e+00,3.4690351733273422e-01
1473,6.90468750e+00,3.4689762035355176e-01
1474,6.90937500e+00,3.4690993243791030e-01
1475,6.91406250e+00,3.4690079439457483e-01
1476,6.91875000e+00,3.4690912026285792e-01
1477,6.92343750e+00,3.4690171027690819e-01
1478,6.92812500e+00,3.4690825740793707e-01
1479,6.93281250e+00,3.4690108927159718e-01
1480,6.93750000e+00,3.4690773845070383e-01
1481,6.94218750e+00,3.4690222747909827e-01
1482,6.94687500e+00,3.4690800639543407e-01
1483,6.95156250e+00,3.4690139792639213e-01
1484,6.95625000e+00,3.4690556608437501e-01
1485,6.96093750e+00,3.4690030641908487e-01
1486,6.96562500e+00,3.4690606652633027e-01
1487,6.97031250e+00,3.4690025780518002e-01
1488,6.97500000e+00,3.4690718284994077e-01
1489,6.97968750e+00,3.4689801474661830e-01
1490,6.98437500e+00,3.4690383624293220e-01
1491,6.98906250e+00,3.4690095589800357e-01
1492,6.99375000e+00,3.4690328504295537e-01
1493,6.99843750e+00,3.4689916302529028e-01
1494,7.00312500e+00,3.4690419471309775e-01
1495,7.00781250e+00,3.4690161438347938e-01
1496,7.01250000e+00,3.4690453005429139e-01
1497,7.01718750e+00,3.4689891325358002e-01
1498,7.02187500e+00,3.4690609568809949e-01
1499,7.02656250e+00,3.4689959285417421e-01
1500,7.03125000e+00,3.4690654697440976e-01
1501,7.03593750e+00,3.4689990580244207e-01
1502,7.04062500e+00,3.4690678689922472e-01
1503,7.04531250e+00,3.4689969220709926e-01
1504,7.05000000e+00,3.4690982462072228e-01
1505,7.05468750e+00,3.4689909227200511e-01
1506,7.05937500e+00,3.4690701700074894e-01
1507,7.06406250e+00,3.4690074076613925e-01
1508,7.06875000e+00,3.4690598263201655e-01
1509,7.07343750e+00,3.4689757014711003e-01
1510,7.07812500e+00,3.4690421978886504e-01
1511,7.08281250e+00,3.4689835317644868e-01
1512,7.08750000e+00,3.4690560231771961e-01
1513,7.09218750e+00,3.4689965013357077e-01
1514,7.09687500e+00,3.4690652619123263e-01
1515,7.10156250e+00,3.4690145595403615e-01
1516,7.10625000e+00,3.4690790920988934e-01
1517,7.11093750e+00,3.4689728877534248e-01
1518,7.11562500e+00,3.4690345882506118e-01
1519,7.12031250e+00,3.4689537070402621e-01
1520,7.12500000e+00,3.4690588390191063e-01
1521,7.12968750e+00,3.4689874076427774e-01
1522,7.13437500e+00,3.4690471913084292e-01
1523,7.13906250e+00,3.4690010752138711e-01
1524,7.14375000e+00,3.4690941357504596e-01
1525,7.14843750e+00,3.4689913647835513e-01
1526,7.15312500e+00,3.4690729715872687e-01
1527,7.15781250e+00,3.4689876414574355e-01
1528,7.16250000e+00,3.4690530777262563e-01
1529,7.16718750e+00,3.4689671968832303e-01
1530,7.17187500e+00,3.4690230768337066e-01
1531,7.17656250e+00,3.4689736682722438e-01
1532,7.18125000e+00,3.4690189626651807e-01
1533,7.18593750e+00,3.4689474204431170e-01
1534,7.19062500e+00,3.4690138621796596e-01
1535,7.19531250e+00,3.4689631854041736e-01
1536,7.20000000e+00,3.4689857256346540e-01
1537,7.20468750e+00,3.4689520861430173e-01
1538,7.20937500e+00,3.4689749633254002e-01
1539,7.21406250e+00,3.4689547800021175e-01
1540,7.21875000e+00,3.4689825332975538e-01
1541,7.22343750e+00,3.4689767959652401e-01
1542,7.22812500e+00,3.4689935024428620e-01
1543,7.23281250e+00,3.4689525545059807e-01
1544,7.23750000e+00,3.4690013439340001e-01
1545,7.24218750e+00,3.4689636027096343e-01
1546,7.24687500e+00,3.4689595982761229e-01
1547,7.25156250e+00,3.4689729456917118e-01
1548,7.25625000e+00,3.4689805404427321e-01
1549,7.26093750e+00,3.4689451564289414e-01
1550,7.26562500e+00,3.4689934674631923e-01
1551,7.27031250e+00,3.4689649621855057e-01
1552,7.27500000e+00,3.4690008867552530e-01
1553,7.27968750e+00,3.4689545327556237e-01
1554,7.28437500e+00,3.4690577309561227e-01
1555,7.28906250e+00,3.4689467523340617e-01
1556,7.29375000e+00,3.4690548430301332e-01
1557,7.29843750e+00,3.4689751921160189e-01
1558,7.30312500e+00,3.4690756387327992e-01
1559,7.30781250e+00,3.4689772415171360e-01
1560,7.31250000e+00,3.4690568473540773e-01
1561,7.31718750e+00,3.4689729388008506e-01
1562,7.32187500e+00,3.4690243042881735e-01
1563,7.32656250e+00,3.4689774239505089e-01
1564,7.33125000e+00,3.4690269726615297e-01
1565,7.33593750e+00,3.4689864398053605e-01
1566,7.34062500e+00,3.4690412763142658e-01
1567,7.34531250e+00,3.4689768809794391e-01
1568,7.35000000e+00,3.4690582253172847e-01
1569,7.35468750e+00,3.4689979383507502e-01
1570,7.35937500e+00,3.4690771867506293e-01
1571,7.36406250e+00,3.4690168023703238e-01
1572,7.36875000e+00,3.4690498484797294e-01
1573,7.37343750e+00,3.4690284602385024e-01
1574,7.37812500e+00,3.4690398655097682e-01
1575,7.38281250e+00,3.4690518526139730e-01
1576,7.38750000e+00,3.4690215884514586e-01
1577,7.39218750e+00,3.4690261119848237e-01
1578,7.39687500e+00,3.4690561610528392e-01
1579,7.40156250e+00,3.4690119163564581e-01
1580,7.40625000e+00,3.4689977724378168e-01
1581,7.41093750e+00,3.4690321136131591e-01
1582,7.41562500e+00,3.4690136844493036e-01
1583,7.42031250e+00,3.4690070293480801e-01
1584,7.42500000e+00,3.4690249852598959e-01
1585,7.42968750e+00,3.4690392419459792e-01
1586,7.43437500e+00,3.4690125339176164e-01
1587,7.43906250e+00,3.4690458522167295e-01
1588,7.44375000e+00,3.4690093104158021e-01
1589,7.44843750e+00,3.4690700358908227e-01
1590,7.45312500e+00,3.4690028672573953e-01
1591,7.45781250e+00,3.4690466151950011e-01
1592,7.46250000e+00,3.4689605194541989e-01
1593,7.46718750e+00,3.4690545072030632e-01
1594,7.47187500e+00,3.4689534516356829e-01
1595,7.47656250e+00,3.4690973276464310e-01
1596,7.48125000e+00,3.4689700153746666e-01
1597,7.48593750e+00,3.4691376864612833e-01
1598,7.49062500e+00,3.4689543905776782e-01
1599,7.49531250e+00,3.4691298615580884e-01
1600,7.50000000e+00,3.4689594941008056e-01
1601,7.50468750e+00,3.4691084845221398e-01
1602,7.50937500e+00,3.4689812152726601e-01
1603,7.51406250e+00,3.4691180662941418e-01
1604,7.51875000e+00,3.4689794352527165e-01
1605,7.52343750e+00,3.4691109099120976e-01
1606,7.52812500e+00,3.4689578156384521e-01
1607,7.53281250e+00,3.4691155659510448e-01
1608,7.53750000e+00,3.4689377775112379e-01
1609,7.54218750e+00,3.4690959847419472e-01
1610,7.54687500e+00,3.4689577632954038e-01
1611,7.55156250e+00,3.4690860126160933e-01
1612,7.55625000e+00,3.4689724417504403e-01
1613,7.56093750e+00,3.4690594547511461e-01
1614,7.56562500e+00,3.4689520309351646e-01
1615,7.57031250e+00,3.4690427862419665e-01
1616,7.57500000e+00,3.4689647826671810e-01
1617,7.57968750e+00,3.4690321842040367e-01
1618,7.58437500e+00,3.4689721395155976e-01
1619,7.58906250e+00,3.4690571669056036e-01
1620,7.59375000e+00,3.4689727357095601e-01
1621,7.59843750e+00,3.4690702911417604e-01
1622,7.60312500e+00,3.4689479399476364e-01
1623,7.60781250e+00,3.4690891742056257e-01
1624,7.61250000e+00,3.4689630490329448e-01
1625,7.61718750e+00,3.4690620899332947e-01
1626,7.62187500e+00,3.4689606646359950e-01
1627,7.62656250e+00,3.4690596376089761e-01
1628,7.63125000e+00,3.4689790024456002e-01
1629,7.63593750e+00,3.4690486998150721e-01
1630,7.64062500e+00,3.4689628871674894e-01
1631,7.64531250e+00,3.4690215613452041e-01
1632,7.65000000e+00,3.4689831562599072e-01
1633,7.65468750e+00,3.4690528025755674e-01
1634,7.65937500e+00,3.4689636113043981e-01
1635,7.66406250e+00,3.4690553474298447e-01
1636,7.66875000e+00,3.4689358523610064e-01
1637,7.67343750e+00,3.4690363360073639e-01
1638,7.67812500e+00,3.4689064897666361e-01
1639,7.68281250e+00,3.4690441244363640e-01
1640,7.68750000e+00,3.4689040654768316e-01
1641,7.69218750e+00,3.4690647307973949e-01
1642,7.69687500e+00,3.4689255936555541e-01
1643,7.70156250e+00,3.4690712637464927e-01
1644,7.70625000e+00,3.4689275029562389e-01
1645,7.71093750e+00,3.4690519698372085e-01
1646,7.71562500e+00,3.4689397042296444e-01
1647,7.72031250e+00,3.4690711315200107e-01
1648,7.72500000e+00,3.4689255773629563e-01
1649,7.72968750e+00,3.4690331751761688e-01
1650,7.73437500e+00,3.4689466689962589e-01
1651,7.73906250e+00,3.4690144919166310e-01
1652,7.74375000e+00,3.4689161580662409e-01
1653,7.74843750e+00,3.4690153064792245e-01
1654,7.75312500e+00,3.4689122862075689e-01
1655,7.75781250e+00,3.4690317866653014e-01
1656,7.76250000e+00,3.4689072434396723e-01
1657,7.76718750e+00,3.4690097752946336e-01
1658,7.77187500e+00,3.4688976336126770e-01
1659,7.77656250e+00,3.4690238019878589e-01
1660,7.78125000e+00,3.4688951803612189e-01
1661,7.78593750e+00,3.4690293351266471e-01
1662,7.79062500e+00,3.4689330670299356e-01
1663,7.79531250e+00,3.4690092527081373e-01
1664,7.80000000e+00,3.4689204214962371e-01
1665,7.80468750e+00,3.4690279448961131e-01
1666,7.80937500e+00,3.4689344965889640e-01
1667,7.81406250e+00,3.4690319445411999e-01
1668,7.81875000e+00,3.4689592452489021e-01
1669,7.82343750e+00,3.4690347012177186e-01
1670,7.82812500e+00,3.4689093841237040e-01
1671,7.83281250e+00,3.4690127521726039e-01
1672,7.83750000e+00,3.4689411675979104e-01
1673,7.84218750e+00,3.4690029125811428e-01
1674,7.84687500e+00,3.4689429953200451e-01
1675,7.85156250e+00,3.4690121103980837e-01
1676,7.85625000e+00,3.4689351480947223e-01
1677,7.86093750e+00,3.4689957306057739e-01
1678,7.86562500e+00,3.4689446845976896e-01
1679,7.87031250e+00,3.4689792684338544e-01
1680,7.87500000e+00,3.4689791248769519e-01
1681,7.87968750e+00,3.4690184156530579e-01
1682,7.88437500e+00,3.4689562538282148e-01
1683,7.88906250e+00,3.4689760910504941e-01
1684,7.89375000e+00,3.4689910078590502e-01
1685,7.89843750e+00,3.4689905014523842e-01
1686,7.90312500e+00,3.4689698439790267e-01
1687,7.90781250e+00,3.4690068048966965e-01
1688,7.91250000e+00,3.4690171221088889e-01
1689,7.91718750e+00,3.4689984443320715e-01
1690,7.92187500e+00,3.4690160906395184e-01
1691,7.92656250e+00,3.4690429507713888e-01
1692,7.93125000e+00,3.4689736466730109e-01
1693,7.93593750e+00,3.4690447263534785e-01
1694,7.94062500e+00,3.4689800706785118e-01
1695,7.94531250e+00,3.4690161632707511e-01
1696,7.95000000e+00,3.4689995463918533e-01
1697,7.95468750e+00,3.4689795735956896e-01
1698,7.95937500e+00,3.4689650716873832e-01
1699,7.96406250e+00,3.4690190034495905e-01
1700,7.96875000e+00,3.4689723090548336e-01
1701,7.97343750e+00,3.4690626627199783e-01
1702,7.97812500e+00,3.4689519275678893e-01
1703,7.98281250e+00,3.4690319273813358e-01
1704,7.98750000e+00,3.4689774168966836e-01
1705,7.99218750e+00,3.4690173055432572e-01
1706,7.99687500e+00,3.4690062413889217e-01
1707,8.00156250e+00,3.4689969716768065e-01
1708,8.00625000e+00,3.4690092421150087e-01
1709,8.01093750e+00,3.4690447353741227e-01
1710,8.01562500e+00,3.4689879064009099e-01
1711,8.02031250e+00,3.4690419178938486e-01
1712,8.02500000e+00,3.4689631996717052e-01
1713,8.02968750e+00,3.4690402619531852e-01
1714,8.03437500e+00,3.4689939303112033e-01
1715,8.03906250e+00,3.4690087294778432e-01
1716,8.04375000e+00,3.4689935718050369e-01
1717,8.04843750e+00,3.4690226978406619e-01
1718,8.05312500e+00,3.4689829846688913e-01
1719,8.05781250e+00,3.4690072266523669e-01
1720,8.06250000e+00,3.4690060908854642e-01
1721,8.06718750e+00,3.4690000121883474e-01
1722,8.07187500e+00,3.4690238052771905e-01
1723,8.07656250e+00,3.4690134528859035e-01
1724,8.08125000e+00,3.4690384536003116e-01
1725,8.08593750e+00,3.4690442151639150e-01
1726,8.09062500e+00,3.4690477915569096e-01
1727,8.09531250e+00,3.4690332513279998e-01
1728,8.10000000e+00,3.4690493702858421e-01
1729,8.10468750e+00,3.4690260013207269e-01
1730,8.10937500e+00,3.4690935776846238e-01
1731,8.11406250e+00,3.4690286931570719e-01
1732,8.11875000e+00,3.4690515096869140e-01
1733,8.12343750e+00,3.4689926767325324e-01
1734,8.12812500e+00,3.4690243180764024e-01
1735,8.13281250e+00,3.4690077676505149e-01
1736,8.13750000e+00,3.4690750573577472e-01
1737,8.14218750e+00,3.4689941444015920e-01
1738,8.14687500e+00,3.4690734532060308e-01
1739,8.15156250e+00,3.4690168975381958e-01
1740,8.15625000e+00,3.4690471186484784e-01
1741,8.16093750e+00,3.4690222702248630e-01
1742,8.16562500e+00,3.4690696953704647e-01
1743,8.17031250e+00,3.4690257118692736e-01
1744,8.17500000e+00,3.4690500728839790e-01
1745,8.17968750e+00,3.4690250363764569e-01
1746,8.18437500e+00,3.4690668254681883e-01
1747,8.18906250e+00,3.4689929821421789e-01
1748,8.19375000e+00,3.4690490893367448e-01
1749,8.19843750e+00,3.4690382306401363e-01
1750,8.20312500e+00,3.4690593687631266e-01
1751,8.20781250e+00,3.4690237688947612e-01
1752,8.21250000e+00,3.4690402518008068e-01
1753,8.21718750e+00,3.4690315466966842e-01
1754,8.22187500e+00,3.4690130562192972e-01
1755,8.22656250e+00,3.4689891104891291e-01
1756,8.23125000e+00,3.4690107966688727e-01
1757,8.23593750e+00,3.4689883992199977e-01
1758,8.24062500e+00,3.4689653498172041e-01
1759,8.24531250e+00,3.4689992730943614e-01
1760,8.25000000e+00,3.4689521474225682e-01
1761,8.25468750e+00,3.4689896504878864e-01
1762,8.25937500e+00,3.4689685302296974e-01
1763,8.26406250e+00,3.4690216030962134e-01
1764,8.26875000e+00,3.4689815783444455e-01
1765,8.27343750e+00,3.4690024133745578e-01
1766,8.27812500e+00,3.4689971736301872e-01
1767,8.28281250e+00,3.4689860002916789e-01
1768,8.28750000e+00,3.4690276205883158e-01
1769,8.29218750e+00,3.4689845198082636e-01
1770,8.29687500e+00,3.4689789421307776e-01
1771,8.30156250e+00,3.4689682417952472e-01
1772,8.30625000e+00,3.4690128329100256e-01
1773,8.31093750e+00,3.4689917006922860e-01
1774,8.31562500e+00,3.4689985186619360e-01
1775,8.32031250e+00,3.4690151337662872e-01
1776,8.32500000e+00,3.4690042634111223e-01
1777,8.32968750e+00,3.4690250034602899e-01
1778,8.33437500e+00,3.4689693684027229e-01
1779,8.33906250e+00,3.4690449599614714e-01
1780,8.34375000e+00,3.4689452330278059e-01
1781,8.34843750e+00,3.4690417329850737e-01
1782,8.35312500e+00,3.4689684046201369e-01
1783,8.35781250e+00,3.4690786434524307e-01
1784,8.36250000e+00,3.4689527133982490e-01
1785,8.36718750e+00,3.4690612399524373e-01
1786,8.37187500e+00,3.4689510831362202e-01
1787,8.37656250e+00,3.4690713475994772e-01
1788,8.38125000e+00,3.4689090534492334e-01
1789,8.38593750e+00,3.4690482873623762e-01
1790,8.39062500e+00,3.4689649409744616e-01
1791,8.39531250e+00,3.4690850614816227e-01
1792,8.40000000e+00,3.4689557830546791e-01
1793,8.40468750e+00,3.4690431207511685e-01
1794,8.40937500e+00,3.4689482069838506e-01
1795,8.41406250e+00,3.4690302780967658e-01
1796,8.41875000e+00,3.4689241593043618e-01
1797,8.42343750e+00,3.4689952906788180e-01
1798,8.42812500e+00,3.4689455016239112e-01
1799,8.43281250e+00,3.4689773807251439e-01
1800,8.43750000e+00,3.4689950767049715e-01
1801,8.44218750e+00,3.4689755028671304e-01
1802,8.44687500e+00,3.4690146405056532e-01
1803,8.45156250e+00,3.4689716335826359e-01
1804,8.45625000e+00,3.4690172703111133e-01
1805,8.46093750e+00,3.4689808572988562e-01
1806,8.46562500e+00,3.4690676483406513e-01
1807,8.47031250e+00,3.4689614625624721e-01
1808,8.47500000e+00,3.4690697646727103e-01
1809,8.47968750e+00,3.4689980615524330e-01
1810,8.48437500e+00,3.4690643724205150e-01
1811,8.48906250e+00,3.4689828858792077e-01
1812,8.49375000e+00,3.4690800714962094e-01
1813,8.49843750e+00,3.4689978638160940e-01
1814,8.50312500e+00,3.4691273145747026e-01
1815,8.50781250e+00,3.4689987447652521e-01
1816,8.51250000e+00,3.4691063378874987e-01
1817,8.51718750e+00,3.4689885532105785e-01
1818,8.52187500e+00,3.4691240829328551e-01
1819,8.52656250e+00,3.4689825769221866e-01
1820,8.53125000e+00,3.4690235105128436e-01
1821,8.53593750e+00,3.4689772455251416e-01
1822,8.54062500e+00,3.4690788588925803e-01
1823,8.54531250e+00,3.4690067810860092e-01
1824,8.55000000e+00,3.4690887508767249e-01
1825,8.55468750e+00,3.4690271177845167e-01
1826,8.55937500e+00,3.4690747041629105e-01
1827,8.56406250e+00,3.4689989486105482e-01
1828,8.56875000e+00,3.4690944183168243e-01
1829,8.57343750e+00,3.4690111106290888e-01
1830,8.57812500e+00,3.4690820254537175e-01
1831,8.58281250e+00,3.4690205654418421e-01
1832,8.58750000e+00,3.4690865320838904e-01
1833,8.59218750e+00,3.4690281161502040e-01
1834,8.59687500e+00,3.4691247828744837e-01
1835,8.60156250e+00,3.4690381645193752e-01
1836,8.60625000e+00,3.4691321169540401e-01
1837,8.61093750e+00,3.4690531926848467e-01
1838,8.61562500e+00,3.4691421965643676e-01
1839,8.62031250e+00,3.4690468722897971e-01
1840,8.62500000e+00,3.4691233406671496e-01
1841,8.62968750e+00,3.4689980712783908e-01
1842,8.63437500e+00,3.4691175044664413e-01
1843,8.63906250e+00,3.4690209406671746e-01
1844,8.64375000e+00,3.4690907890915690e-01
1845,8.64843750e+00,3.4690148105433605e-01
1846,8.65312500e+00,3.4690759504228819e-01
1847,8.65781250e+00,3.4690108357253413e-01
1848,8.66250000e+00,3.4691020957242585e-01
1849,8.66718750e+00,3.4690077249088991e-01
1850,8.67187500e+00,3.4691024650804742e-01
1851,8.67656250e+00,3.4690029334125988e-01
1852,8.68125000e+00,3.4691241648303250e-01
1853,8.68593750e+00,3.4690272294002217e-01
1854,8.69062500e+00,3.4691994411044569e-01
1855,8.69531250e+00,3.4689991340644366e-01
1856,8.70000000e+00,3.4691817033334299e-01
1857,8.70468750e+00,3.4690241266108296e-01
1858,8.70937500e+00,3.4692020372939181e-01
1859,8.71406250e+00,3.4690325818766138e-01
1860,8.71875000e+00,3.4692059671554221e-01
1861,8.72343750e+00,3.4690264992047881e-01
1862,8.72812500e+00,3.4691841190974948e-01
1863,8.73281250e+00,3.4690183199533636e-01
1864,8.73750000e+00,3.4691434861950449e-01
1865,8.74218750e+00,3.4690042733920307e-01
1866,8.74687500e+00,3.4691632132511158e-01
1867,8.75156250e+00,3.4689919548552134e-01
1868,8.75625000e+00,3.4691384278559589e-01
1869,8.76093750e+00,3.4689907130509845e-01
1870,8.76562500e+00,3.4691036214506799e-01
1871,8.77031250e+00,3.4690069188677108e-01
1872,8.77500000e+00,3.4691386246571321e-01
1873,8.77968750e+00,3.4689959132380765e-01
1874,8.78437500e+00,3.4691349864788862e-01
1875,8.78906250e+00,3.4690344737463663e-01
1876,8.79375000e+00,3.4691323400185897e-01
1877,8.79843750e+00,3.4690358262557819e-01
1878,8.80312500e+00,3.4690851736174044e-01
1879,8.80781250e+00,3.4690626757996923e-01
1880,8.81250000e+00,3.4690820395938732e-01
1881,8.81718750e+00,3.4690289739437635e-01
1882,8.82187500e+00,3.4690422277779304e-01
1883,8.82656250e+00,3.4690274195892856e-01
1884,8.83125000e+00,3.4690448910708516e-01
1885,8.83593750e+00,3.4690336092691237e-01
1886,8.84062500e+00,3.4690249106687976e-01
1887,8.84531250e+00,3.4690237822950282e-01
1888,8.85000000e+00,3.4690528960967815e-01
1889,8.85468750e+00,3.4690524090990360e-01
1890,8.85937500e+00,3.4690236183748552e-01
1891,8.86406250e+00,3.4690396140148783e-01
1892,8.86875000e+00,3.4689938724633129e-01
1893,8.87343750e+00,3.4690123300188286e-01
1894,8.87812500e+00,3.4690164328149387e-01
1895,8.88281250e+00,3.4689896885190080e-01
1896,8.88750000e+00,3.4690208557701629e-01
1897,8.89218750e+00,3.4690032962201428e-01
1898,8.89687500e+00,3.4690263746379907e-01
1899,8.90156250e+00,3.4690147515932679e-01
1900,8.90625000e+00,3.4690636853688167e-01
1901,8.91093750e+00,3.4690591207004795e-01
1902,8.91562500e+00,3.4690705087477181e-01
1903,8.92031250e+00,3.4690286520099362e-01
1904,8.92500000e+00,3.4690580443450808e-01
1905,8.92968750e+00,3.4689950603297109e-01
1906,8.93437500e+00,3.4690175644581406e-01
1907,8.93906250e+00,3.4690236297384341e-01
1908,8.94375000e+00,3.4690156293440633e-01
1909,8.94843750e+00,3.4690083388235260e-01
1910,8.95312500e+00,3.4689540630582344e-01
1911,8.95781250e+00,3.4690315427459356e-01
1912,8.96250000e+00,3.4689467319723033e-01
1913,8.96718750e+00,3.4689903963128782e-01
1914,8.97187500e+00,3.4688910754422680e-01
1915,8.97656250e+00,3.4690145545997353e-01
1916,8.98125000e+00,3.4688821183920793e-01
1917,8.98593750e+00,3.4689631866754717e-01
1918,8.99062500e+00,3.4688828967393204e-01
1919,8.99531250e+00,3.4689623961401528e-01
1920,9.00000000e+00,3.4688925530030545e-01
1921,9.00468750e+00,3.4689841773876939e-01
1922,9.00937500e+00,3.4688593287776187e-01
1923,9.01406250e+00,3.4689561641360589e-01
1924,9.01875000e+00,3.4688609111674157e-01
1925,9.02343750e+00,3.4689639794052890e-01
1926,9.02812500e+00,3.4688727122015789e-01
1927,9.03281250e+00,3.4689999712629227e-01
1928,9.03750000e+00,3.4688356992281361e-01
1929,9.04218750e+00,3.4689961268456770e-01
1930,9.04687500e+00,3.4688566099437179e-01
1931,9.05156250e+00,3.4690617653938371e-01
1932,9.05625000e+00,3.4688793243072952e-01
1933,9.06093750e+00,3.4690607125285733e-01
1934,9.06562500e+00,3.4688831922615254e-01
1935,9.07031250e+00,3.4690722969161297e-01
1936,9.07500000e+00,3.4688640058569686e-01
1937,9.07968750e+00,3.4690733469566248e-01
1938,9.08437500e+00,3.4689307751296233e-01
1939,9.08906250e+00,3.4690225805192193e-01
1940,9.09375000e+00,3.4688777543370397e-01
1941,9.09843750e+00,3.4689700185659755e-01
1942,9.10312500e+00,3.4688916835686584e-01
1943,9.10781250e+00,3.4689470309980813e-01
1944,9.11250000e+00,3.4688460501679136e-01
1945,9.11718750e+00,3.4689526160286666e-01
1946,9.12187500e+00,3.4688426958583735e-01
1947,9.12656250e+00,3.4689217599374433e-01
1948,9.13125000e+00,3.4688981693738857e-01
1949,9.13593750e+00,3.4689404570747051e-01
1950,9.14062500e+00,3.4688798884784439e-01
1951,9.14531250e+00,3.4689230518659536e-01
1952,9.15000000e+00,3.4688513039467539e-01
1953,9.15468750e+00,3.4689635683563830e-01
1954,9.15937500e+00,3.4689122253576488e-01
1955,9.16406250e+00,3.4689483640470381e-01
1956,9.16875000e+00,3.4689003915666794e-01
1957,9.17343750e+00,3.4689087356123921e-01
1958,9.17812500e+00,3.4688618045461006e-01
1959,9.18281250e+00,3.4688999344057708e-01
1960,9.18750000e+00,3.4688836896145747e-01
1961,9.19218750e+00,3.4688644158790660e-01
1962,9.19687500e+00,3.4688772107229904e-01
1963,9.20156250e+00,3.4689418070212336e-01
1964,9.20625000e+00,3.4688693420973643e-01
1965,9.21093750e+00,3.4688532805618155e-01
1966,9.21562500e+00,3.4688707873293684e-01
1967,9.22031250e+00,3.4688666423988956e-01
1968,9.22500000e+00,3.4689039781124642e-01
1969,9.22968750e+00,3.4688595182911819e-01
1970,9.23437500e+00,3.4689169701227368e-01
1971,9.23906250e+00,3.4688377558061645e-01
1972,9.24375000e+00,3.4689314749126471e-01
1973,9.24843750e+00,3.4688181436456317e-01
1974,9.25312500e+00,3.4689449907670578e-01
1975,9.25781250e+00,3.4688237121055837e-01
1976,9.26250000e+00,3.4689289446697175e-01
1977,9.26718750e+00,3.4688087698237957e-01
1978,9.27187500e+00,3.4689322810419315e-01
1979,9.27656250e+00,3.4688338808959446e-01
1980,9.28125000e+00,3.4689072413676408e-01
1981,9.28593750e+00,3.4687843032246968e-01
1982,9.29062500e+00,3.4688690782957304e-01
1983,9.29531250e+00,3.4688079499424423e-01
1984,9.30000000e+00,3.4689070095191066e-01
1985,9.30468750e+00,3.4688360191418022e-01
1986,9.30937500e+00,3.4688903204405375e-01
1987,9.31406250e+00,3.4688320287783336e-01
1988,9.31875000e+00,3.4689523343436418e-01
1989,9.32343750e+00,3.4687937320952672e-01
1990,9.32812500e+00,3.4689554360387481e-01
1991,9.33281250e+00,3.4688564031166819e-01
1992,9.33750000e+00,3.4689666682234049e-01
1993,9.34218750e+00,3.4688368547842341e-01
1994,9.34687500e+00,3.4690042091041956e-01
1995,9.35156250e+00,3.4688599957768385e-01
1996,9.35625000e+00,3.4690242291609885e-01
1997,9.36093750e+00,3.4688895699979305e-01
1998,9.36562500e+00,3.4690198065294842e-01
1999,9.37031250e+00,3.4689008140826078e-01
2000,9.37500000e+00,3.4689851248904197e-01
2001,9.37968750e+00,3.4688549323040485e-01
2002,9.38437500e+00,3.4689922846433519e-01
2003,9.38906250e+00,3.4688631911658785e-01
2004,9.39375000e+00,3.4689678514340400e-01
2005,9.39843750e+00,3.4688432497181304e-01
2006,9.40312500e+00,3.4689709130879903e-01
2007,9.40781250e+00,3.4688119433265985e-01
2008,9.41250000e+00,3.4689533010260548e-01
2009,9.41718750e+00,3.4687912436566076e-01
2010,9.42187500e+00,3.4689881663903521e-01
2011,9.42656250e+00,3.4688199647290641e-01
2012,9.43125000e+00,3.4690090756383241e-01
2013,9.43593750e+00,3.4688473020174160e-01
2014,9.44062500e+00,3.4690278180502809e-01
2015,9.44531250e+00,3.4688570846826688e-01
2016,9.45000000e+00,3.4689756025265633e-01
2017,9.45468750e+00,3.4688419508648566e-01
2018,9.45937500e+00,3.4689897524307828e-01
2019,9.46406250e+00,3.4688756474193588e-01
2020,9.46875000e+00,3.4690116405026433e-01
2021,9.47343750e+00,3.4688428032278623e-01
2022,9.47812500e+00,3.4690291105477439e-01
2023,9.48281250e+00,3.4689210179337110e-01
2024,9.48750000e+00,3.4690437230085297e-01
2025,9.49218750e+00,3.4689367442213692e-01
2026,9.49687500e+00,3.4690768604374062e-01
2027,9.50156250e+00,3.4689105750804711e-01
2028,9.50625000e+00,3.4690960697291578e-01
2029,9.51093750e+00,3.4689440469305921e-01
2030,9.51562500e+00,3.4690506665572812e-01
2031,9.52031250e+00,3.4688627806494876e-01
2032,9.52500000e+00,3.4690311490057613e-01
2033,9.52968750e+00,3.4688833582820794e-01
2034,9.53437500e+00,3.4690618689490754e-01
2035,9.53906250e+00,3.4689481815118062e-01
2036,9.54375000e+00,3.4690248030080600e-01
2037,9.54843750e+00,3.4689223530705282e-01
2038,9.55312500e+00,3.4690209645834680e-01
2039,9.55781250e+00,3.4689049582378684e-01
2040,9.56250000e+00,3.4690315217520107e-01
2041,9.56718750e+00,3.4689107382469325e-01
2042,9.57187500e+00,3.4690259452536765e-01
2043,9.57656250e+00,3.4688736427555728e-01
2044,9.58125000e+00,3.4690162246980816e-01
2045,9.58593750e+00,3.4688269845158382e-01
2046,9.59062500e+00,3.4690084934710463e-01
2047,9.59531250e+00,3.4688079438376523e-01
2048,9.60000000e+00,3.4689637245833266e-01
2049,9.60468750e+00,3.4688200784783907e-01
2050,9.60937500e+00,3.4689827754860975e-01
2051,9.61406250e+00,3.4688162889470864e-01
2052,9.61875000e+00,3.4689175025033053e-01
2053,9.62343750e+00,3.4688345048680652e-01
2054,9.62812500e+00,3.4689245609848213e-01
2055,9.63281250e+00,3.4687978475221970e-01
2056,9.63750000e+00,3.4689341490535258e-01
2057,9.64218750e+00,3.4687913483760641e-01
2058,9.64687500e+00,3.4689451787987791e-01
2059,9.65156250e+00,3.4688394954017998e-01
2060,9.65625000e+00,3.4689187768788232e-01
2061,9.66093750e+00,3.4688076973311788e-01
2062,9.66562500e+00,3.4688792802880908e-01
2063,9.67031250e+00,3.4687879151356038e-01
2064,9.67500000e+00,3.4688454303188437e-01
2065,9.67968750e+00,3.4688026605760630e-01
2066,9.68437500e+00,3.4688159750520126e-01
2067,9.68906250e+00,3.4687982321834704e-01
2068,9.69375000e+00,3.4688419583445901e-01
2069,9.69843750e+00,3.4687933271932875e-01
2070,9.70312500e+00,3.4688480083246126e-01
2071,9.70781250e+00,3.4688507732961854e-01
2072,9.71250000e+00,3.4688335594339847e-01
2073,9.71718750e+00,3.4688296946543445e-01
2074,9.72187500e+00,3.4688402507545363e-01
2075,9.72656250e+00,3.4688251381737401e-01
2076,9.73125000e+00,3.4689254325503277e-01
2077,9.73593750e+00,3.4688261023382105e-01
2078,9.74062500e+00,3.4689196763064489e-01
2079,9.74531250e+00,3.4688282448763041e-01
2080,9.75000000e+00,3.4689495435207918e-01
2081,9.75468750e+00,3.4688155134938398e-01
2082,9.75937500e+00,3.4688866619250458e-01
2083,9.76406250e+00,3.4687427131965332e-01
2084,9.76875000e+00,3.4688461590729236e-01
2085,9.77343750e+00,3.4687491421477584e-01
2086,9.77812500e+00,3.4688583746827850e-01
2087,9.78281250e+00,3.4687343103847507e-01
2088,9.78750000e+00,3.4688199502731443e-01
2089,9.79218750e+00,3.4687422198768114e-01
2090,9.79687500e+00,3.4688252094676930e-01
2091,9.80156250e+00,3.4687435924533616e-01
2092,9.80625000e+00,3.4688552357969682e-01
2093,9.81093750e+00,3.4687745260581920e-01
2094,9.81562500e+00,3.4688457127049255e-01
2095,9.82031250e+00,3.4687625915822257e-01
2096,9.82500000e+00,3.4688409642110457e-01
2097,9.82968750e+00,3.4687453751829295e-01
2098,9.83437500e+00,3.4689185598914907e-01
2099,9.83906250e+00,3.4687569491933140e-01
2100,9.84375000e+00,3.4687997571199475e-01
2101,9.84843750e+00,3.4687704238508132e-01
2102,9.85312500e+00,3.4688331666004180e-01
2103,9.85781250e+00,3.4687438186271302e-01
2104,9.86250000e+00,3.4687906412562963e-01
2105,9.86718750e+00,3.4687767230621447e-01
2106,9.87187500e+00,3.4687650628334438e-01
2107,9.87656250e+00,3.4687325613427672e-01
2108,9.88125000e+00,3.4687760056825184e-01
2109,9.88593750e+00,3.4687681945010057e-01
2110,9.89062500e+00,3.4688084334806135e-01
2111,9.89531250e+00,3.4687058504460416e-01
2112,9.90000000e+00,3.4687883139935627e-01
2113,9.90468750e+00,3.4687323568506290e-01
2114,9.90937500e+00,3.4688094756960686e-01
2115,9.91406250e+00,3.4687377863681879e-01
2116,9.91875000e+00,3.4688292428605572e-01
2117,9.92343750e+00,3.4687205038290514e-01
2118,9.92812500e+00,3.4688557097904610e-01
2119,9.93281250e+00,3.4687610051914608e-01
2120,9.93750000e+00,3.4688517942027502e-01
2121,9.94218750e+00,3.4687790477198227e-01
2122,9.94687500e+00,3.4688302343726107e-01
2123,9.95156250e+00,3.4687766667308723e-01
2124,9.95625000e+00,3.4688999947781207e-01
2125,9.96093750e+00,3.4687679282068418e-01
2126,9.96562500e+00,3.4688783423460812e-01
2127,9.97031250e+00,3.4688374233663261e-01
2128,9.97500000e+00,3.4688706747760656e-01
2129,9.97968750e+00,3.4688212065617313e-01
2130,9.98437500e+00,3.4688679130322686e-01
2131,9.98906250e+00,3.4688474521787815e-01
2132,9.99375000e+00,3.4688893721416592e-01
2133,9.99843750e+00,3.4688293789394753e-01
2134,1.00031250e+01,3.4689040194647519e-01
2135,1.00078125e+01,3.4687773406802247e-01
2136,1.00125000e+01,3.4689070873317840e-01
2137,1.00171875e+01,3.4687596182917213e-01
2138,1.00218750e+01,3.4689251948394950e-01
2139,1.00265625e+01,3.4687987964142641e-01
2140,1.00312500e+01,3.4688807238815156e-01
2141,1.00359375e+01,3.4687911206171967e-01
2142,1.00406250e+01,3.4689280763562819e-01
2143,1.00453125e+01,3.4687709954819701e-01
2144,1.00500000e+01,3.4689559310890106e-01
2145,1.00546875e+01,3.4688754145438755e-01
2146,1.00593750e+01,3.4689596862882494e-01
2147,1.00640625e+01,3.4688966598576876e-01
2148,1.00687500e+01,3.4689908314258106e-01
2149,1.00734375e+01,3.4689132342701323e-01
2150,1.00781250e+01,3.4690179759148937e-01
2151,1.00828125e+01,3.4688985556883295e-01
2152,1.00875000e+01,3.4689650955759144e-01
2153,1.00921875e+01,3.4689561465656710e-01
2154,1.00968750e+01,3.4689700976893889e-01
2155,1.01015625e+01,3.4688861467769677e-01
2156,1.01062500e+01,3.4689185128791922e-01
2157,1.01109375e+01,3.4688953790203569e-01
2158,1.01156250e+01,3.4688449265104254e-01
2159,1.01203125e+01,3.4688510734398259e-01
2160,1.01250000e+01,3.4688533343852046e-01
2161,1.01296875e+01,3.4688981197575458e-01
2162,1.01343750e+01,3.4688662155769823e-01
2163,1.01390625e+01,3.4688375379663933e-01
2164,1.01437500e+01,3.4688611870674263e-01
2165,1.01484375e+01,3.4688547545094212e-01
2166,1.01531250e+01,3.4689424720732026e-01
2167,1.01578125e+01,3.4688796889594736e-01
2168,1.01625000e+01,3.4688991626228854e-01
2169,1.01671875e+01,3.4688752740230328e-01
2170,1.01718750e+01,3.4688863733594266e-01
2171,1.01765625e+01,3.4689461454870857e-01
2172,1.01812500e+01,3.4689434554369841e-01
2173,1.01859375e+01,3.4689508830189181e-01
2174,1.01906250e+01,3.4689495441327045e-01
2175,1.01953125e+01,3.4689124891061995e-01
2176,1.02000000e+01,3.4689643454686514e-01
2177,1.02046875e+01,3.4689139178992001e-01
2178,1.02093750e+01,3.4689548929014125e-01
2179,1.02140625e+01,3.4689417055991034e-01
2180,1.02187500e+01,3.4689412774811118e-01
2181,1.02234375e+01,3.4689048286044860e-01
2182,1.02281250e+01,3.4689524902248342e-01
2183,1.02328125e+01,3.4689803724672874e-01
2184,1.02375000e+01,3.4689093474057947e-01
2185,1.02421875e+01,3.4689104045817204e-01
2186,1.02468750e+01,3.4689376219421247e-01
2187,1.02515625e+01,3.4688771021265746e-01
2188,1.02562500e+01,3.4689270690082874e-01
2189,1.02609375e+01,3.4689007134970612e-01
2190,1.02656250e+01,3.4688766599803833e-01
2191,1.02703125e+01,3.4688954391949384e-01
2192,1.02750000e+01,3.4689078528840189e-01
2193,1.02796875e+01,3.4688379543637310e-01
2194,1.02843750e+01,3.4688563777548193e-01
2195,1.02890625e+01,3.4688230823623262e-01
2196,1.02937500e+01,3.4689388455389131e-01
2197,1.02984375e+01,3.4687858496696461e-01
2198,1.03031250e+01,3.4689112538640349e-01
2199,1.03078125e+01,3.4688865393378987e-01
2200,1.03125000e+01,3.4689263808016241e-01
2201,1.03171875e+01,3.4688265295410303e-01
2202,1.03218750e+01,3.4689510463675688e-01
2203,1.03265625e+01,3.4688425454492250e-01
2204,1.03312500e+01,3.4689997196455297e-01
2205,1.03359375e+01,3.4688598516488978e-01
2206,1.03406250e+01,3.4690005568865301e-01
2207,1.03453125e+01,3.4688780460380181e-01
2208,1.03500000e+01,3.4689812125205993e-01
2209,1.03546875e+01,3.4688692339553784e-01
2210,1.03593750e+01,3.4689608272456240e-01
2211,1.03640625e+01,3.4688556757962297e-01
2212,1.03687500e+01,3.4689624141646586e-01
2213,1.03734375e+01,3.4688719587871014e-01
2214,1.03781250e+01,3.4688880958356327e-01
2215,1.03828125e+01,3.4689228242326098e-01
2216,1.03875000e+01,3.4688994304037463e-01
2217,1.03921875e+01,3.4689211477866683e-01
2218,1.03968750e+01,3.4688620982461632e-01
2219,1.04015625e+01,3.4689901692835123e-01
2220,1.04062500e+01,3.4688993959884912e-01
2221,1.04109375e+01,3.4689551999319312e-01
2222,1.04156250e+01,3.4689153661104249e-01
2223,1.04203125e+01,3.4689058706398918e-01
2224,1.04250000e+01,3.4689346917983083e-01
2225,1.04296875e+01,3.4689093711801955e-01
2226,1.04343750e+01,3.4689386663726873e-01
2227,1.04390625e+01,3.4688626490346214e-01
2228,1.04437500e+01,3.4689213146809234e-01
2229,1.04484375e+01,3.4688225562412511e-01
2230,1.04531250e+01,3.4689732602577672e-01
2231,1.04578125e+01,3.4688373856942928e-01
2232,1.04625000e+01,3.4689693571488806e-01
2233,1.04671875e+01,3.4688779738587644e-01
2234,1.04718750e+01,3.4689218886403356e-01
2235,1.04765625e+01,3.4689008454017872e-01
2236,1.04812500e+01,3.4689606792222827e-01
2237,1.04859375e+01,3.4689238066467787e-01
2238,1.04906250e+01,3.4688923200913857e-01
2239,1.04953125e+01,3.4689727454385250e-01
2240,1.05000000e+01,3.4689207612056561e-01
2241,1.05046875e+01,3.4689187545778827e-01
2242,1.05093750e+01,3.4689471586818033e-01
2243,1.05140625e+01,3.4688337598172841e-01
2244,1.05187500e+01,3.4689570364680039e-01
2245,1.05234375e+01,3.4688418863088821e-01
2246,1.05281250e+01,3.4690127627573325e-01
2247,1.05328125e+01,3.4689273230319079e-01
2248,1.05375000e+01,3.4690123968443959e-01
2249,1.05421875e+01,3.4688771224970510e-01
2250,1.05468750e+01,3.4689980802311332e-01
2251,1.05515625e+01,3.4688418450604946e-01
2252,1.05562500e+01,3.4689640677264466e-01
2253,1.05609375e+01,3.4689312880841511e-01
2254,1.05656250e+01,3.4689518745551290e-01
2255,1.05703125e+01,3.4688594245011567e-01
2256,1.05750000e+01,3.4689203649084516e-01
2257,1.05796875e+01,3.4688581055513784e-01
2258,1.05843750e+01,3.4688770844780797e-01
2259,1.05890625e+01,3.4688727899354416e-01
2260,1.05937500e+01,3.4688979747837873e-01
2261,1.05984375e+01,3.4688996330731148e-01
2262,1.06031250e+01,3.4688867297728720e-01
2263,1.06078125e+01,3.4688589080767834e-01
2264,1.06125000e+01,3.4688738140073372e-01
2265,1.06171875e+01,3.4688639222645296e-01
2266,1.06218750e+01,3.4689162928350115e-01
2267,1.06265625e+01,3.4688559124597929e-01
2268,1.06312500e+01,3.4689008898193924e-01
2269,1.06359375e+01,3.4688364538235894e-01
2270,1.06406250e+01,3.4688835458434447e-01
2271,1.06453125e+01,3.4688454613157871e-01
2272,1.06500000e+01,3.4688789615011939e-01
2273,1.06546875e+01,3.4688130313830812e-01
2274,1.06593750e+01,3.4688298849790672e-01
2275,1.06640625e+01,3.4687998664286918e-01
2276,1.06687500e+01,3.4688169009463216e-01
2277,1.06734375e+01,3.4688168308161993e-01
2278,1.06781250e+01,3.4688911420516755e-01
2279,1.06828125e+01,3.4688882406043037e-01
2280,1.06875000e+01,3.4689523668128258e-01
2281,1.06921875e+01,3.4688682008256183e-01
2282,1.06968750e+01,3.4689308428770654e-01
2283,1.07015625e+01,3.4688682637411983e-01
2284,1.07062500e+01,3.4689358033499718e-01
2285,1.07109375e+01,3.4689256638659127e-01
2286,1.07156250e+01,3.4688918549754366e-01
2287,1.07203125e+01,3.4689391853055401e-01
2288,1.07250000e+01,3.4688880571652558e-01
2289,1.07296875e+01,3.4688834756266312e-01
2290,1.07343750e+01,3.4689311872631962e-01
2291,1.07390625e+01,3.4689092157158424e-01
2292,1.07437500e+01,3.4689292808912253e-01
2293,1.07484375e+01,3.4689092259868215e-01
2294,1.07531250e+01,3.4688861081591421e-01
2295,1.07578125e+01,3.4688636038886111e-01
2296,1.07625000e+01,3.4689351402742402e-01
2297,1.07671875e+01,3.4688053297190524e-01
2298,1.07718750e+01,3.4689345311832437e-01
2299,1.07765625e+01,3.4688635868464412e-01
2300,1.07812500e+01,3.4688914586375641e-01
2301,1.07859375e+01,3.4688654886498127e-01
2302,1.07906250e+01,3.4688954707546626e-01
2303,1.07953125e+01,3.4688479281491569e-01
2304,1.08000000e+01,3.4689321884973690e-01
2305,1.08046875e+01,3.4688658787238774e-01
2306,1.08093750e+01,3.4689709479203901e-01
2307,1.08140625e+01,3.4688664266425245e-01
2308,1.08187500e+01,3.4689811045849372e-01
2309,1.08234375e+01,3.4688963684565483e-01
2310,1.08281250e+01,3.4689964031576992e-01
2311,1.08328125e+01,3.4689078480241603e-01
2312,1.08375000e+01,3.4689755303728470e-01
2313,1.08421875e+01,3.4688905709273710e-01
2314,1.08468750e+01,3.4689550745994968e-01
2315,1.08515625e+01,3.4689239671588618e-01
2316,1.08562500e+01,3.4689106574454764e-01
2317,1.08609375e+01,3.4688653468325120e-01
2318,1.08656250e+01,3.4689215457738165e-01
2319,1.08703125e+01,3.4688671167368978e-01
2320,1.08750000e+01,3.4688785955778006e-01
2321,1.08796875e+01,3.4688686490611698e-01
2322,1.08843750e+01,3.4688776936615628e-01
2323,1.08890625e+01,3.4688767228567829e-01
2324,1.08937500e+01,3.4688754757067813e-01
2325,1.08984375e+01,3.4688661153249722e-01
2326,1.09031250e+01,3.4688813375348332e-01
2327,1.09078125e+01,3.4688786562737545e-01
2328,1.09125000e+01,3.4688953477816142e-01
2329,1.09171875e+01,3.4688793977687116e-01
2330,1.09218750e+01,3.4689208846510394e-01
2331,1.09265625e+01,3.4688926215353211e-01
2332,1.09312500e+01,3.4689771154383187e-01
2333,1.09359375e+01,3.4689289949559871e-01
2334,1.09406250e+01,3.4689873406041905e-01
2335,1.09453125e+01,3.4688795697058061e-01
2336,1.09500000e+01,3.4689534591732152e-01
2337,1.09546875e+01,3.4689323954855250e-01
2338,1.09593750e+01,3.4689483401972432e-01
2339,1.09640625e+01,3.4689045032828486e-01
2340,1.09687500e+01,3.4689190056644931e-01
2341,1.09734375e+01,3.4688911169323344e-01
2342,1.09781250e+01,3.4689851853486298e-01
2343,1.09828125e+01,3.4689588743451372e-01
2344,1.09875000e+01,3.4689498857148210e-01
2345,1.09921875e+01,3.4689267414146707e-01
2346,1.09968750e+01,3.4689323277972139e-01
2347,1.10015625e+01,3.4689471336493910e-01
2348,1.10062500e+01,3.4689870863377703e-01
2349,1.10109375e+01,3.4690180726246600e-01
2350,1.10156250e+01,3.4689503435770336e-01
2351,1.10203125e+01,3.4690035360401927e-01
2352,1.10250000e+01,3.4690188371383934e-01
2353,1.10296875e+01,3.4688757236293821e-01
2354,1.10343750e+01,3.4690361030213740e-01
2355,1.10390625e+01,3.4688600721451524e-01
2356,1.10437500e+01,3.4689543269148615e-01
2357,1.10484375e+01,3.4689169114361390e-01
2358,1.10531250e+01,3.4690017986451749e-01
2359,1.10578125e+01,3.4688648711491993e-01
2360,1.10625000e+01,3.4689638298366160e-01
2361,1.10671875e+01,3.4689215473585483e-01
2362,1.10718750e+01,3.4689992499252792e-01
2363,1.10765625e+01,3.4689613778760542e-01
2364,1.10812500e+01,3.4689426591704398e-01
2365,1.10859375e+01,3.4689236028643938e-01
2366,1.10906250e+01,3.4689863814824073e-01
2367,1.10953125e+01,3.4688808483262379e-01
2368,1.11000000e+01,3.4689430620314660e-01
2369,1.11046875e+01,3.4688802748207259e-01
2370,1.11093750e+01,3.4690159551196342e-01
2371,1.11140625e+01,3.4688416774287728e-01
2372,1.11187500e+01,3.4690248830795439e-01
2373,1.11234375e+01,3.4688640798549963e-01
2374,1.11281250e+01,3.4690016931957468e-01
2375,1.11328125e+01,3.4688324187062602e-01
2376,1.11375000e+01,3.4689906570878437e-01
2377,1.11421875e+01,3.4688632027302413e-01
2378,1.11468750e+01,3.4689098493935056e-01
2379,1.11515625e+01,3.4688453106982631e-01
2380,1.11562500e+01,3.4688759398242980e-01
2381,1.11609375e+01,3.4688980951518855e-01
2382,1.11656250e+01,3.4689093845081198e-01
2383,1.11703125e+01,3.4688389781903273e-01
2384,1.11750000e+01,3.4689707720588836e-01
2385,1.11796875e+01,3.4688486767209203e-01
2386,1.11843750e+01,3.4688689119115218e-01
2387,1.11890625e+01,3.4688148982762745e-01
2388,1.11937500e+01,3.4688891182578357e-01
2389,1.11984375e+01,3.4688448513040709e-01
2390,1.12031250e+01,3.4689546811015104e-01
2391,1.12078125e+01,3.4688808306318109e-01
2392,1.12125000e+01,3.4689600914223417e-01
2393,1.12171875e+01,3.4688748317928941e-01
2394,1.12218750e+01,3.4689521725667233e-01
2395,1.12265625e+01,3.4689148770756018e-01
2396,1.12312500e+01,3.4689663452272396e-01
2397,1.12359375e+01,3.4689041894383477e-01
2398,1.12406250e+01,3.4689764172168935e-01
2399,1.12453125e+01,3.4689175526952137e-01
2400,1.12500000e+01,3.4689776923663823e-01
2401,1.12546875e+01,3.4689097660485030e-01
2402,1.12593750e+01,3.4689783685597536e-01
2403,1.12640625e+01,3.4689326443231489e-01
2404,1.12687500e+01,3.4690509235884026e-01
2405,1.12734375e+01,3.4689121965791903e-01
2406,1.12781250e+01,3.4689948544859256e-01
2407,1.12828125e+01,3.4690027332493817e-01
2408,1.12875000e+01,3.4690447763085558e-01
2409,1.12921875e+01,3.4689774593035283e-01
2410,1.12968750e+01,3.4690210066901517e-01
2411,1.13015625e+01,3.4689161641089761e-01
2412,1.13062500e+01,3.4689982045366735e-01
2413,1.13109375e+01,3.4689490235643428e-01
2414,1.13156250e+01,3.4689478838739424e-01
2415,1.13203125e+01,3.4689264033615685e-01
2416,1.13250000e+01,3.4689458635426479e-01
2417,1.13296875e+01,3.4689078377163890e-01
2418,1.13343750e+01,3.4689010817656313e-01
2419,1.13390625e+01,3.4688857498828352e-01
2420,1.13437500e+01,3.4689847771524568e-01
2421,1.13484375e+01,3.4688526355588267e-01
2422,1.13531250e+01,3.4690407447817645e-01
2423,1.13578125e+01,3.4688715401814135e-01
2424,1.13625000e+01,3.4690505935808708e-01
2425,1.13671875e+01,3.4689300637072268e-01
2426,1.13718750e+01,3.4689493627475892e-01
2427,1.13765625e+01,3.4688645418261033e-01
2428,1.13812500e+01,3.4689940134487762e-01
2429,1.13859375e+01,3.4688765088977258e-01
2430,1.13906250e+01,3.4689682304649028e-01
2431,1.13953125e+01,3.4689169923413748e-01
2432,1.14000000e+01,3.4690231386422399e-01
2433,1.14046875e+01,3.4689371699300159e-01
2434,1.14093750e+01,3.4690228033597148e-01
2435,1.14140625e+01,3.4688700732241867e-01
2436,1.14187500e+01,3.4689853851943220e-01
2437,1.14234375e+01,3.4689146085274603e-01
2438,1.14281250e+01,3.4689564967168202e-01
2439,1.14328125e+01,3.4688555950645034e-01
2440,1.14375000e+01,3.4689533153394653e-01
2441,1.14421875e+01,3.4688504226399380e-01
2442,1.14468750e+01,3.4689231298907647e-01
2443,1.14515625e+01,3.4688154591728287e-01
2444,1.14562500e+01,3.4689055781553241e-01
2445,1.14609375e+01,3.4688361650108274e-01
2446,1.14656250e+01,3.4689480482171481e-01
2447,1.14703125e+01,3.4688709537896606e-01
2448,1.14750000e+01,3.4689590952035643e-01
2449,1.14796875e+01,3.4688561266202828e-01
2450,1.14843750e+01,3.4689396279322621e-01
2451,1.14890625e+01,3.4688591633863552e-01
2452,1.14937500e+01,3.4689768781563479e-01
2453,1.14984375e+01,3.4689137693451327e-01
2454,1.15031250e+01,3.4689833089574007e-01
2455,1.15078125e+01,3.4688876670453683e-01
2456,1.15125000e+01,3.4690571021752575e-01
2457,1.15171875e+01,3.4688782512312250e-01
2458,1.15218750e+01,3.4690345975594988e-01
2459,1.15265625e+01,3.4688540178626820e-01
2460,1.15312500e+01,3.4689586768196806e-01
2461,1.15359375e+01,3.4687876746888308e-01
2462,1.15406250e+01,3.4690238081523272e-01
2463,1.15453125e+01,3.4688550889940056e-01
2464,1.15500000e+01,3.4690085660649694e-01
2465,1.15546875e+01,3.4689186322579307e-01
2466,1.15593750e+01,3.4690158388984199e-01
2467,1.15640625e+01,3.4688545216862027e-01
2468,1.15687500e+01,3.4689221658999037e-01
2469,1.15734375e+01,3.4688947716970409e-01
2470,1.15781250e+01,3.4689748661132369e-01
2471,1.15828125e+01,3.4688987845571601e-01
2472,1.15875000e+01,3.4689145241817876e-01
2473,1.15921875e+01,3.4689135222331929e-01
2474,1.15968750e+01,3.4689385378737875e-01
2475,1.16015625e+01,3.4689472817429745e-01
2476,1.16062500e+01,3.4689600250512437e-01
2477,1.16109375e+01,3.4689111360050423e-01
2478,1.16156250e+01,3.4689951675161190e-01
2479,1.16203125e+01,3.4689182951228592e-01
2480,1.16250000e+01,3.4690253695676471e-01
2481,1.16296875e+01,3.4690034695400934e-01
2482,1.16343750e+01,3.4690518355716188e-01
2483,1.16390625e+01,3.4689380809431031e-01
2484,1.16437500e+01,3.4690510842027594e-01
2485,1.16484375e+01,3.4689377784555037e-01
2486,1.16531250e+01,3.4689740531803925e-01
2487,1.16578125e+01,3.4688639006795086e-01
2488,1.16625000e+01,3.4689752225900011e-01
2489,1.16671875e+01,3.4688535759993122e-01
2490,1.16718750e+01,3.4690258347257552e-01
2491,1.16765625e+01,3.4688479286027457e-01
2492,1.16812500e+01,3.4690347931174981e-01
2493,1.16859375e+01,3.4688795105136805e-01
2494,1.16906250e+01,3.4689985903091902e-01
2495,1.16953125e+01,3.4688087927025374e-01
2496,1.17000000e+01,3.4689369072496018e-01
2497,1.17046875e+01,3.4687770636927889e-01
2498,1.17093750e+01,3.4690121687211617e-01
2499,1.17140625e+01,3.4687779233130961e-01
2500,1.17187500e+01,3.4689644327826497e-01
2501,1.17234375e+01,3.4688544760282536e-01
2502,1.17281250e+01,3.4689536252295089e-01
2503,1.17328125e+01,3.4688220981051149e-01
2504,1.17375000e+01,3.4689175774086528e-01
2505,1.17421875e+01,3.4688893525213871e-01
2506,1.17468750e+01,3.4689693878877653e-01
2507,1.17515625e+01,3.4689332038438048e-01
2508,1.17562500e+01,3.4689611903893464e-01
2509,1.17609375e+01,3.4689645446894302e-01
2510,1.17656250e+01,3.4689762754164855e-01
2511,1.17703125e+01,3.4690103456412413e-01
2512,1.17750000e+01,3.4690658223019771e-01
2513,1.17796875e+01,3.4689742305409327e-01
2514,1.17843750e+01,3.4690296289076578e-01
2515,1.17890625e+01,3.4689118522604229e-01
2516,1.17937500e+01,3.4689402382391332e-01
2517,1.17984375e+01,3.4689685434684581e-01
2518,1.18031250e+01,3.4689621766005574e-01
2519,1.18078125e+01,3.4689261129168036e-01
2520,1.18125000e+01,3.4689042452845048e-01
2521,1.18171875e+01,3.4688903327684600e-01
2522,1.18218750e+01,3.4689292790208598e-01
2523,1.18265625e+01,3.4689494944592958e-01
2524,1.18312500e+01,3.4690128811871668e-01
2525,1.18359375e+01,3.4689405289898573e-01
2526,1.18406250e+01,3.4689831298975299e-01
2527,1.18453125e+01,3.4688950265126162e-01
2528,1.18500000e+01,3.4690036387019718e-01
2529,1.18546875e+01,3.4689242534729708e-01
2530,1.18593750e+01,3.4690166698327946e-01
2531,1.18640625e+01,3.4689379372653495e-01
2532,1.18687500e+01,3.4689961751452009e-01
2533,1.18734375e+01,3.4688349131791019e-01
2534,1.18781250e+01,3.4689569070425125e-01
2535,1.18828125e+01,3.4688285377055111e-01
2536,1.18875000e+01,3.4689561999949442e-01
2537,1.18921875e+01,3.4688142058626781e-01
2538,1.18968750e+01,3.4689893129521626e-01
2539,1.19015625e+01,3.4688506518402396e-01
2540,1.19062500e+01,3.4689749876406584e-01
2541,1.19109375e+01,3.4688666590946249e-01
2542,1.19156250e+01,3.4689816501655757e-01
2543,1.19203125e+01,3.4688642738696868e-01
2544,1.19250000e+01,3.4690504778623615e-01
2545,1.19296875e+01,3.4688908057253903e-01
2546,1.19343750e+01,3.4690153660174605e-01
2547,1.19390625e+01,3.4689131395589229e-01
2548,1.19437500e+01,3.4689764501433462e-01
2549,1.19484375e+01,3.4688569045976225e-01
2550,1.19531250e+01,3.4689566346194128e-01
2551,1.19578125e+01,3.4688284748846471e-01
2552,1.19625000e+01,3.4689298601966417e-01
2553,1.19671875e+01,3.4687960732200351e-01
2554,1.19718750e+01,3.4689500929874478e-01
2555,1.19765625e+01,3.4688291939644156e-01
2556,1.19812500e+01,3.4689100180036847e-01
2557,1.19859375e+01,3.4688455262015011e-01
2558,1.19906250e+01,3.4689758373038393e-01
2559,1.19953125e+01,3.4688078564942959e-01
2560,1.20000000e+01,3.4689637890151387e-01
2561,1.20046875e+01,3.4687704851580953e-01
2562,1.20093750e+01,3.4689391992777929e-01
2563,1.20140625e+01,3.4687819015975518e-01
2564,1.20187500e+01,3.4688513945509541e-01
2565,1.20234375e+01,3.4689034608160846e-01
2566,1.20281250e+01,3.4688714443477553e-01
2567,1.20328125e+01,3.4689265652866930e-01
2568,1.20375000e+01,3.4688658989701715e-01
2569,1.20421875e+01,3.4688929929043777e-01
2570,1.20468750e+01,3.4689234335517760e-01
2571,1.20515625e+01,3.4689551319601442e-01
2572,1.20562500e+01,3.4688941726027461e-01
2573,1.20609375e+01,3.4689172350580988e-01
2574,1.20656250e+01,3.4689627444971499e-01
2575,1.20703125e+01,3.4689995146640606e-01
2576,1.20750000e+01,3.4689840697063568e-01
2577,1.20796875e+01,3.4690518808248882e-01
2578,1.20843750e+01,3.4689071089141554e-01
2579,1.20890625e+01,3.4690002305775541e-01
2580,1.20937500e+01,3.4689322659637689e-01
2581,1.20984375e+01,3.4690557487982349e-01
2582,1.21031250e+01,3.4689416000406581e-01
2583,1.21078125e+01,3.4691111073815406e-01
2584,1.21125000e+01,3.4689866678712394e-01
2585,1.21171875e+01,3.4691031595707483e-01
2586,1.21218750e+01,3.4690147875615029e-01
2587,1.21265625e+01,3.4690487674440856e-01
2588,1.21312500e+01,3.4689874401783893e-01
2589,1.21359375e+01,3.4689810073348354e-01
2590,1.21406250e+01,3.4689937053643505e-01
2591,1.21453125e+01,3.4689396237314385e-01
2592,1.21500000e+01,3.4689498366977944e-01
2593,1.21546875e+01,3.4689749806852554e-01
2594,1.21593750e+01,3.4688896566889765e-01
2595,1.21640625e+01,3.4689335441185848e-01
2596,1.21687500e+01,3.4689094174519425e-01
2597,1.21734375e+01,3.4689835614748071e-01
2598,1.21781250e+01,3.4689219006162847e-01
2599,1.21828125e+01,3.4689325629187523e-01
2600,1.21875000e+01,3.4689447722922712e-01
2601,1.21921875e+01,3.4689648523021288e-01
2602,1.21968750e+01,3.4689586871618622e-01
2603,1.22015625e+01,3.4689147909793294e-01
2604,1.22062500e+01,3.4688983288677544e-01
2605,1.22109375e+01,3.4689286631419242e-01
2606,1.22156250e+01,3.4688833506949912e-01
2607,1.22203125e+01,3.4689655128096153e-01
2608,1.22250000e+01,3.4689483674365601e-01
2609,1.22296875e+01,3.4688809090871758e-01
2610,1.22343750e+01,3.4690041732243521e-01
2611,1.22390625e+01,3.4688860902738855e-01
2612,1.22437500e+01,3.4689631888009276e-01
2613,1.22484375e+01,3.4689249649814397e-01
2614,1.22531250e+01,3.4689705553323652e-01
2615,1.22578125e+01,3.4689351049742090e-01
2616,1.22625000e+01,3.4689826033144627e-01
2617,1.22671875e+01,3.4688821596849495e-01
2618,1.22718750e+01,3.4689597569653491e-01
2619,1.22765625e+01,3.4689114077815120e-01
2620,1.22812500e+01,3.4689579782172320e-01
2621,1.22859375e+01,3.4688786489012674e-01
2622,1.22906250e+01,3.4689192305094713e-01
2623,1.22953125e+01,3.4688937467610637e-01
2624,1.23000000e+01,3.4689494289014439e-01
2625,1.23046875e+01,3.4689165091105062e-01
2626,1.23093750e+01,3.4689463521600516e-01
2627,1.23140625e+01,3.4689466418105575e-01
2628,1.23187500e+01,3.4689514849748559e-01
2629,1.23234375e+01,3.4689572910189415e-01
2630,1.23281250e+01,3.4689245303564004e-01
2631,1.23328125e+01,3.4688643381350071e-01
2632,1.23375000e+01,3.4689599605069149e-01
2633,1.23421875e+01,3.4688650510107943e-01
2634,1.23468750e+01,3.4689627307224641e-01
2635,1.23515625e+01,3.4688403426547759e-01
2636,1.23562500e+01,3.4689193114609707e-01
2637,1.23609375e+01,3.4688840552169209e-01
2638,1.23656250e+01,3.4689398189648391e-01
2639,1.23703125e+01,3.4688559702008692e-01
2640,1.23750000e+01,3.4689330783779004e-01
2641,1.23796875e+01,3.4688853039808643e-01
2642,1.23843750e+01,3.4689512612052548e-01
2643,1.23890625e+01,3.4688634352412900e-01
2644,1.23937500e+01,3.4689146967187484e-01
2645,1.23984375e+01,3.4688528866857588e-01
2646,1.24031250e+01,3.4689471617871126e-01
2647,1.24078125e+01,3.4688476162408072e-01
2648,1.24125000e+01,3.4689720629845050e-01
2649,1.24171875e+01,3.4688800171774825e-01
2650,1.24218750e+01,3.4689944848249715e-01
2651,1.24265625e+01,3.4688897014801540e-01
2652,1.24312500e+01,3.4690588020097496e-01
2653,1.24359375e+01,3.4689432638801532e-01
2654,1.24406250e+01,3.4690134437207421e-01
2655,1.24453125e+01,3.4689140855080314e-01
2656,1.24500000e+01,3.4690892178369981e-01
2657,1.24546875e+01,3.4689207706422992e-01
2658,1.24593750e+01,3.4690176144988055e-01
2659,1.24640625e+01,3.4689441468786630e-01
2660,1.24687500e+01,3.4690132682173724e-01
2661,1.24734375e+01,3.4689190339726167e-01
2662,1.24781250e+01,3.4689544181091109e-01
2663,1.24828125e+01,3.4689765125646860e-01
2664,1.24875000e+01,3.4690582074531551e-01
2665,1.24921875e+01,3.4689030100547069e-01
2666,1.24968750e+01,3.4690258585062922e-01
2667,1.25015625e+01,3.4688679773176989e-01
2668,1.25062500e+01,3.4690315294732210e-01
2669,1.25109375e+01,3.4688735136469317e-01
2670,1.25156250e+01,3.4689768240405422e-01
2671,1.25203125e+01,3.4688709991895905e-01
2672,1.25250000e+01,3.4689683111892555e-01
2673,1.25296875e+01,3.4688821913718865e-01
2674,1.25343750e+01,3.4689804982822620e-01
2675,1.25390625e+01,3.4689380581068691e-01
2676,1.25437500e+01,3.4690428976183907e-01
2677,1.25484375e+01,3.4689571424022964e-01
2678,1.25531250e+01,3.4691068170396316e-01
2679,1.25578125e+01,3.4689615284799930e-01
2680,1.25625000e+01,3.4690350802087055e-01
2681,1.25671875e+01,3.4690083144212414e-01
2682,1.25718750e+01,3.4690282025505415e-01
2683,1.25765625e+01,3.4690045395167829e-01
2684,1.25812500e+01,3.4690189568282559e-01
2685,1.25859375e+01,3.4689853570907742e-01
2686,1.25906250e+01,3.4690070795484185e-01
2687,1.25953125e+01,3.4690017556657388e-01
2688,1.26000000e+01,3.4690117908004769e-01
2689,1.26046875e+01,3.4689973425502135e-01
2690,1.26093750e+01,3.4690412460851067e-01
2691,1.26140625e+01,3.4688984083475544e-01
2692,1.26187500e+01,3.4690814216999805e-01
2693,1.26234375e+01,3.4689716629919382e-01
2694,1.26281250e+01,3.4690422726183245e-01
2695,1.26328125e+01,3.4689087676345520e-01
2696,1.26375000e+01,3.4689941236838540e-01
2697,1.26421875e+01,3.4688891799964672e-01
2698,1.26468750e+01,3.4689938892205407e-01
2699,1.26515625e+01,3.4689761671195490e-01
2700,1.26562500e+01,3.4690553432338816e-01
2701,1.26609375e+01,3.4690077943756420e-01
2702,1.26656250e+01,3.4690548114847691e-01
2703,1.26703125e+01,3.4690446414061787e-01
2704,1.26750000e+01,3.4690390316934255e-01
2705,1.26796875e+01,3.4690795451075662e-01
2706,1.26843750e+01,3.4690956175091286e-01
2707,1.26890625e+01,3.4691070107431643e-01
2708,1.26937500e+01,3.4691281202064156e-01
2709,1.26984375e+01,3.4690461982225940e-01
2710,1.27031250e+01,3.4690974896878118e-01
2711,1.27078125e+01,3.4690112382892130e-01
2712,1.27125000e+01,3.4690694599089256e-01
2713,1.27171875e+01,3.4690149247935009e-01
2714,1.27218750e+01,3.4690547059097071e-01
2715,1.27265625e+01,3.4690907630731183e-01
2716,1.27312500e+01,3.4690752850912154e-01
2717,1.27359375e+01,3.4690428986358390e-01
2718,1.27406250e+01,3.4691044520714098e-01
2719,1.27453125e+01,3.4690864173687974e-01
2720,1.27500000e+01,3.4690653455096088e-01
2721,1.27546875e+01,3.4691285963383300e-01
2722,1.27593750e+01,3.4690606967357190e-01
2723,1.27640625e+01,3.4691424063324805e-01
2724,1.27687500e+01,3.4690147111621955e-01
2725,1.27734375e+01,3.4691022550009348e-01
2726,1.27781250e+01,3.4690038582461424e-01
2727,1.27828125e+01,3.4690572693871535e-01
2728,1.27875000e+01,3.4689580559770866e-01
2729,1.27921875e+01,3.4690170168428114e-01
2730,1.27968750e+01,3.4689347598963327e-01
2731,1.28015625e+01,3.4689656420636167e-01
2732,1.28062500e+01,3.4689024560004517e-01
2733,1.28109375e+01,3.4689495667032638e-01
2734,1.28156250e+01,3.4689241380791219e-01
2735,1.28203125e+01,3.4689976713411641e-01
2736,1.28250000e+01,3.4689311548673801e-01
2737,1.28296875e+01,3.4689927081521671e-01
2738,1.28343750e+01,3.4689741304621102e-01
2739,1.28390625e+01,3.4690341254008844e-01
2740,1.28437500e+01,3.4688909522551126e-01
2741,1.28484375e+01,3.4690015638090599e-01
2742,1.28531250e+01,3.4689828098961006e-01
2743,1.28578125e+01,3.4690380994214715e-01
2744,1.28625000e+01,3.4688883404591414e-01
2745,1.28671875e+01,3.4690493738928452e-01
2746,1.28718750e+01,3.4689260603778205e-01
2747,1.28765625e+01,3.4689779947166377e-01
2748,1.28812500e+01,3.4689427286978214e-01
2749,1.28859375e+01,3.4689608209899636e-01
2750,1.28906250e+01,3.4689570108762502e-01
2751,1.28953125e+01,3.4689852512075148e-01
2752,1.29000000e+01,3.4688931413096874e-01
2753,1.29046875e+01,3.4689829634057812e-01
2754,1.29093750e+01,3.4688923465606319e-01
2755,1.29140625e+01,3.4689836165346705e-01
2756,1.29187500e+01,3.4689398191555304e-01
2757,1.29234375e+01,3.4689595541864005e-01
2758,1.29281250e+01,3.4689359818761140e-01
2759,1.29328125e+01,3.4690118721320667e-01
2760,1.29375000e+01,3.4689518279679704e-01
2761,1.29421875e+01,3.4689686607099857e-01
2762,1.29468750e+01,3.4689813861539293e-01
2763,1.29515625e+01,3.4689413086132898e-01
2764,1.29562500e+01,3.4689217971666114e-01
2765,1.29609375e+01,3.4689753301633275e-01
2766,1.29656250e+01,3.4690110411328512e-01
2767,1.29703125e+01,3.4689337312428431e-01
2768,1.29750000e+01,3.4690062437842090e-01
2769,1.29796875e+01,3.4689919483015075e-01
2770,1.29843750e+01,3.4690430879597950e-01
2771,1.29890625e+01,3.4689567954187395e-01
2772,1.29937500e+01,3.4689437982078347e-01
2773,1.29984375e+01,3.4689443298462241e-01
2774,1.30031250e+01,3.4689994438537569e-01
2775,1.30078125e+01,3.4689115992359787e-01
2776,1.30125000e+01,3.4689408635036756e-01
2777,1.30171875e+01,3.4689184877064738e-01
2778,1.30218750e+01,3.4689439277048789e-01
2779,1.30265625e+01,3.4689621650496288e-01
2780,1.30312500e+01,3.4689264169778228e-01
2781,1.30359375e+01,3.4689340524813289e-01
2782,1.30406250e+01,3.4689108009537162e-01
2783,1.30453125e+01,3.4689612409214066e-01
2784,1.30500000e+01,3.4688781170230404e-01
2785,1.30546875e+01,3.4689727613617866e-01
2786,1.30593750e+01,3.4688276630797354e-01
2787,1.30640625e+01,3.4689687040443634e-01
2788,1.30687500e+01,3.4689423596392399e-01
2789,1.30734375e+01,3.4689907359022631e-01
2790,1.30781250e+01,3.4690273397048088e-01
2791,1.30828125e+01,3.4690331017781595e-01
2792,1.30875000e+01,3.4690319934361319e-01
2793,1.30921875e+01,3.4689610603870547e-01
2794,1.30968750e+01,3.4689829147501927e-01
2795,1.31015625e+01,3.4689027617974533e-01
2796,1.31062500e+01,3.4689730045273703e-01
2797,1.31109375e+01,3.4689964160225045e-01
2798,1.31156250e+01,3.4690033247228036e-01
2799,1.31203125e+01,3.4690383552618281e-01
2800,1.31250000e+01,3.4690015189716411e-01
2801,1.31296875e+01,3.4690240579795478e-01
2802,1.31343750e+01,3.4689123954443746e-01
2803,1.31390625e+01,3.4690534854298299e-01
2804,1.31437500e+01,3.4688453213717213e-01
2805,1.31484375e+01,3.4689951364588073e-01
2806,1.31531250e+01,3.4688304465521563e-01
2807,1.31578125e+01,3.4690644024816930e-01
2808,1.31625000e+01,3.4688147824655818e-01
2809,1.31671875e+01,3.4690755057934719e-01
2810,1.31718750e+01,3.4688417996500204e-01
2811,1.31765625e+01,3.4689878139090180e-01
2812,1.31812500e+01,3.4688014224366792e-01
2813,1.31859375e+01,3.4689964414380436e-01
2814,1.31906250e+01,3.4687621015279452e-01
2815,1.31953125e+01,3.4689568162305556e-01
2816,1.32000000e+01,3.4687476188722838e-01
2817,1.32046875e+01,3.4689217733166589e-01
2818,1.32093750e+01,3.4688010922561097e-01
2819,1.32140625e+01,3.4689742835748288e-01
2820,1.32187500e+01,3.4687725774154898e-01
2821,1.32234375e+01,3.4689706617608235e-01
2822,1.32281250e+01,3.4688624351358099e-01
2823,1.32328125e+01,3.4689405988175798e-01
2824,1.32375000e+01,3.4687928012748548e-01
2825,1.32421875e+01,3.4689679684406793e-01
2826,1.32468750e+01,3.4689155762530366e-01
2827,1.32515625e+01,3.4690169079320543e-01
2828,1.32562500e+01,3.4689036925856653e-01
2829,1.32609375e+01,3.4689791729858116e-01
2830,1.32656250e+01,3.4687783711770143e-01
2831,1.32703125e+01,3.4690297919220764e-01
2832,1.32750000e+01,3.4687805164947028e-01
2833,1.32796875e+01,3.4690834759080486e-01
2834,1.32843750e+01,3.4687974068594063e-01
2835,1.32890625e+01,3.4690626602774810e-01
2836,1.32937500e+01,3.4687976745247590e-01
2837,1.32984375e+01,3.4690584313542849e-01
2838,1.33031250e+01,3.4688267492478986e-01
2839,1.33078125e+01,3.4690751260463948e-01
2840,1.33125000e+01,3.4688283153790145e-01
2841,1.33171875e+01,3.4690836518012874e-01
2842,1.33218750e+01,3.4687886811066443e-01
2843,1.33265625e+01,3.4690054127867831e-01
2844,1.33312500e+01,3.4688018046644453e-01
2845,1.33359375e+01,3.4690254637307744e-01
2846,1.33406250e+01,3.4688761927349632e-01
2847,1.33453125e+01,3.4689851378372633e-01
2848,1.33500000e+01,3.4687848632385282e-01
2849,1.33546875e+01,3.4689526023675521e-01
2850,1.33593750e+01,3.4688000847130623e-01
2851,1.33640625e+01,3.4689238716181764e-01
2852,1.33687500e+01,3.4688282521187230e-01
2853,1.33734375e+01,3.4690038533295187e-01
2854,1.33781250e+01,3.4688404227357533e-01
2855,1.33828125e+01,3.4689898885766918e-01
2856,1.33875000e+01,3.4688491667946830e-01
2857,1.33921875e+01,3.4690724660916994e-01
2858,1.33968750e+01,3.4688499109779497e-01
2859,1.34015625e+01,3.4690426022263354e-01
2860,1.34062500e+01,3.4687750477009943e-01
2861,1.34109375e+01,3.4689887029903294e-01
2862,1.34156250e+01,3.4688303970835399e-01
2863,1.34203125e+01,3.4688679171199599e-01
2864,1.34250000e+01,3.4687735391225316e-01
2865,1.34296875e+01,3.4689168169916057e-01
2866,1.34343750e+01,3.4688689415058482e-01
2867,1.34390625e+01,3.4690121006752378e-01
2868,1.34437500e+01,3.4688551850916244e-01
2869,1.34484375e+01,3.4690554945243879e-01
2870,1.34531250e+01,3.4688616329911781e-01
2871,1.34578125e+01,3.4690421941182092e-01
2872,1.34625000e+01,3.4688359566316268e-01
2873,1.34671875e+01,3.4690855529762393e-01
2874,1.34718750e+01,3.4688761046386063e-01
2875,1.34765625e+01,3.4690815745149722e-01
2876,1.34812500e+01,3.4688724652914443e-01
2877,1.34859375e+01,3.4690599172813008e-01
2878,1.34906250e+01,3.4689181602553359e-01
2879,1.34953125e+01,3.4691576363346821e-01
2880,1.35000000e+01,3.4688954930362603e-01
2881,1.35046875e+01,3.4691641463753076e-01
2882,1.35093750e+01,3.4688478648546034e-01
2883,1.35140625e+01,3.4691757843810034e-01
2884,1.35187500e+01,3.4688909527696693e-01
2885,1.35234375e+01,3.4691366938848761e-01
2886,1.35281250e+01,3.4688627629925795e-01
2887,1.35328125e+01,3.4691535945744639e-01
2888,1.35375000e+01,3.4688015550120466e-01
2889,1.35421875e+01,3.4691023171682361e-01
2890,1.35468750e+01,3.4687998079100218e-01
2891,1.35515625e+01,3.4690441534564137e-01
2892,1.35562500e+01,3.4688409762264383e-01
2893,1.35609375e+01,3.4691266888477246e-01
2894,1.35656250e+01,3.4688601340290542e-01
2895,1.35703125e+01,3.4691396338868602e-01
2896,1.35750000e+01,3.4688534944107358e-01
2897,1.35796875e+01,3.4691638485800302e-01
2898,1.35843750e+01,3.4688538409635650e-01
2899,1.35890625e+01,3.4691040446201088e-01
2900,1.35937500e+01,3.4688840591330761e-01
2901,1.35984375e+01,3.4690990991619225e-01
2902,1.36031250e+01,3.4688391803218266e-01
2903,1.36078125e+01,3.4690371724591768e-01
2904,1.36125000e+01,3.4688507084687314e-01
2905,1.36171875e+01,3.4690257533475766e-01
2906,1.36218750e+01,3.4688318920461192e-01
2907,1.36265625e+01,3.4690117667059051e-01
2908,1.36312500e+01,3.4688825470637147e-01
2909,1.36359375e+01,3.4689723532797306e-01
2910,1.36406250e+01,3.4687968844155870e-01
2911,1.36453125e+01,3.4688520619825813e-01
2912,1.36500000e+01,3.4688197848932678e-01
2913,1.36546875e+01,3.4688978905169549e-01
2914,1.36593750e+01,3.4688622337276864e-01
2915,1.36640625e+01,3.4689604760977238e-01
2916,1.36687500e+01,3.4688377154083055e-01
2917,1.36734375e+01,3.4688786062838423e-01
2918,1.36781250e+01,3.4688177656787711e-01
2919,1.36828125e+01,3.4689063719154900e-01
2920,1.36875000e+01,3.4688238618120532e-01
2921,1.36921875e+01,3.4688626677121259e-01
2922,1.36968750e+01,3.4688858102113551e-01
2923,1.37015625e+01,3.4689288882674346e-01
2924,1.37062500e+01,3.4688664114928752e-01
2925,1.37109375e+01,3.4688858708802545e-01
2926,1.37156250e+01,3.4689432145715832e-01
2927,1.37203125e+01,3.4688260177578434e-01
2928,1.37250000e+01,3.4689194716501981e-01
2929,1.37296875e+01,3.4688496701888299e-01
2930,1.37343750e+01,3.4689638281982127e-01
2931,1.37390625e+01,3.4689097876109098e-01
2932,1.37437500e+01,3.4689551245191608e-01
2933,1.37484375e+01,3.4689006397593986e-01
2934,1.37531250e+01,3.4690427276176988e-01
2935,1.37578125e+01,3.4690055772673067e-01
2936,1.37625000e+01,3.4690737334436911e-01
2937,1.37671875e+01,3.4689468784313771e-01
2938,1.37718750e+01,3.4690687197163950e-01
2939,1.37765625e+01,3.4689514672777383e-01
2940,1.37812500e+01,3.4690931484771231e-01
2941,1.37859375e+01,3.4689359749839582e-01
2942,1.37906250e+01,3.4690585217238845e-01
2943,1.37953125e+01,3.4689062425599976e-01
2944,1.38000000e+01,3.4690849358006975e-01
2945,1.38046875e+01,3.4689084659643810e-01
2946,1.38093750e+01,3.4690143497523307e-01
2947,1.38140625e+01,3.4689232137528125e-01
2948,1.38187500e+01,3.4690293626453483e-01
2949,1.38234375e+01,3.4689338019453636e-01
2950,1.38281250e+01,3.4689590268186726e-01
2951,1.38328125e+01,3.4689709036021626e-01
2952,1.38375000e+01,3.4689841293591778e-01
2953,1.38421875e+01,3.4690503465295081e-01
2954,1.38468750e+01,3.4689429077689760e-01
2955,1.38515625e+01,3.4690321153481785e-01
2956,1.38562500e+01,3.4690309471484965e-01
2957,1.38609375e+01,3.4690041687458639e-01
2958,1.38656250e+01,3.4689437531169870e-01
2959,1.38703125e+01,3.4689669374076204e-01
2960,1.38750000e+01,3.4690361985425117e-01
2961,1.38796875e+01,3.4689172712391730e-01
2962,1.38843750e+01,3.4689149170404593e-01
2963,1.38890625e+01,3.4688575689259221e-01
2964,1.38937500e+01,3.4689001041598799e-01
2965,1.38984375e+01,3.4688554853801851e-01
2966,1.39031250e+01,3.4689115633171830e-01
2967,1.39078125e+01,3.4688499475287204e-01
2968,1.39125000e+01,3.4689743429955244e-01
2969,1.39171875e+01,3.4688406826753521e-01
2970,1.39218750e+01,3.4689150917205314e-01
2971,1.39265625e+01,3.4688599733402448e-01
2972,1.39312500e+01,3.4689657842730776e-01
2973,1.39359375e+01,3.4688774787266419e-01
2974,1.39406250e+01,3.4689350924513906e-01
2975,1.39453125e+01,3.4688871555458578e-01
2976,1.39500000e+01,3.4690055441605150e-01
2977,1.39546875e+01,3.4689113755120526e-01
2978,1.39593750e+01,3.4690584304286703e-01
2979,1.39640625e+01,3.4688780685533133e-01
2980,1.39687500e+01,3.4690327952763778e-01
2981,1.39734375e+01,3.4688450403272553e-01
2982,1.39781250e+01,3.4689495552177557e-01
2983,1.39828125e+01,3.4688454217647796e-01
2984,1.39875000e+01,3.4689177947980765e-01
2985,1.39921875e+01,3.4688879267697559e-01
2986,1.39968750e+01,3.4688479014924684e-01
2987,1.40015625e+01,3.4688384483366158e-01
2988,1.40062500e+01,3.4688568777762263e-01
2989,1.40109375e+01,3.4687905651949769e-01
2990,1.40156250e+01,3.4689019316280850e-01
2991,1.40203125e+01,3.4687999472364134e-01
2992,1.40250000e+01,3.4687832653760881e-01
2993,1.40296875e+01,3.4688381474968150e-01
2994,1.40343750e+01,3.4688210048224999e-01
2995,1.40390625e+01,3.4687996811232519e-01
2996,1.40437500e+01,3.4688464223031251e-01
2997,1.40484375e+01,3.4688328169915617e-01
2998,1.40531250e+01,3.4688896737131769e-01
2999,1.40578125e+01,3.4687329398081490e-01
3000,1.40625000e+01,3.4688233037789507e-01
3001,1.40671875e+01,3.4688249720972297e-01
3002,1.40718750e+01,3.4688242358750115e-01
3003,1.40765625e+01,3.4687613072340479e-01
3004,1.40812500e+01,3.4688231981601747e-01
3005,1.40859375e+01,3.4688055614643487e-01
3006,1.40906250e+01,3.4687219726358332e-01
3007,1.40953125e+01,3.4687463878138142e-01
3008,1.41000000e+01,3.4688091178620073e-01
3009,1.41046875e+01,3.4688152568356095e-01
3010,1.41093750e+01,3.4688142527683202e-01
3011,1.41140625e+01,3.4688421499460098e-01
3012,1.41187500e+01,3.4687787703652284e-01
3013,1.41234375e+01,3.4688589672833037e-01
3014,1.41281250e+01,3.4688379449443030e-01
3015,1.41328125e+01,3.4688606289379681e-01
3016,1.41375000e+01,3.4687788158603006e-01
3017,1.41421875e+01,3.4689095316029545e-01
3018,1.41468750e+01,3.4688122054894999e-01
3019,1.41515625e+01,3.4688879874697787e-01
3020,1.41562500e+01,3.4688460047303843e-01
3021,1.41609375e+01,3.4690130166709232e-01
3022,1.41656250e+01,3.4689451227956286e-01
3023,1.41703125e+01,3.4689890924839717e-01
3024,1.41750000e+01,3.4689234844529926e-01
3025,1.41796875e+01,3.4689246560651993e-01
3026,1.41843750e+01,3.4689104563548989e-01
3027,1.41890625e+01,3.4688229347606520e-01
3028,1.41937500e+01,3.4689486202659731e-01
3029,1.41984375e+01,3.4688559635682376e-01
3030,1.42031250e+01,3.4688119281272828e-01
3031,1.42078125e+01,3.4689787310999332e-01
3032,1.42125000e+01,3.4688290977766051e-01
3033,1.42171875e+01,3.4689438839259018e-01
3034,1.42218750e+01,3.4688518333419194e-01
3035,1.42265625e+01,3.4689406494429714e-01
3036,1.42312500e+01,3.4688321229424041e-01
3037,1.42359375e+01,3.4689351391461937e-01
3038,1.42406250e+01,3.4689585981222493e-01
3039,1.42453125e+01,3.4689456908051119e-01
3040,1.42500000e+01,3.4689056448372962e-01
3041,1.42546875e+01,3.4690021759596096e-01
3042,1.42593750e+01,3.4688481912567137e-01
3043,1.42640625e+01,3.4689096363672783e-01
3044,1.42687500e+01,3.4688442072000675e-01
3045,1.42734375e+01,3.4688562823014496e-01
3046,1.42781250e+01,3.4688102445407287e-01
3047,1.42828125e+01,3.4688493755601019e-01
3048,1.42875000e+01,3.4687615002071626e-01
3049,1.42921875e+01,3.4688208901993989e-01
3050,1.42968750e+01,3.4687279979193225e-01
3051,1.43015625e+01,3.4688643527969304e-01
3052,1.43062500e+01,3.4689212102489686e-01
3053,1.43109375e+01,3.4688775041941772e-01
3054,1.43156250e+01,3.4688955355298945e-01
3055,1.43203125e+01,3.4688633072015185e-01
3056,1.43250000e+01,3.4689199969351547e-01
3057,1.43296875e+01,3.4688437723453086e-01
3058,1.43343750e+01,3.4689576390094568e-01
3059,1.43390625e+01,3.4689680190860850e-01
3060,1.43437500e+01,3.4689024276145336e-01
3061,1.43484375e+01,3.4690427505836274e-01
3062,1.43531250e+01,3.4689368254828945e-01
3063,1.43578125e+01,3.4690366232043268e-01
3064,1.43625000e+01,3.4688994783020188e-01
3065,1.43671875e+01,3.4690097701110895e-01
3066,1.43718750e+01,3.4689566757880136e-01
3067,1.43765625e+01,3.4688924057799958e-01
3068,1.43812500e+01,3.4689424925820983e-01
3069,1.43859375e+01,3.4688866839390020e-01
3070,1.43906250e+01,3.4689477506200178e-01
3071,1.43953125e+01,3.4688947926234626e-01
3072,1.44000000e+01,3.4689072042159519e-01
3073,1.44046875e+01,3.4688908358125048e-01
3074,1.44093750e+01,3.4688346507056783e-01
3075,1.44140625e+01,3.4688774655539367e-01
3076,1.44187500e+01,3.4687727233286808e-01
3077,1.44234375e+01,3.4688372777369580e-01
3078,1.44281250e+01,3.4688925002378873e-01
3079,1.44328125e+01,3.4688154094393286e-01
3080,1.44375000e+01,3.4688856192883472e-01
3081,1.44421875e+01,3.4687881531966019e-01
3082,1.44468750e+01,3.4687478479208855e-01
3083,1.44515625e+01,3.4688211363541777e-01
3084,1.44562500e+01,3.4688304401423847e-01
3085,1.44609375e+01,3.4688328910711003e-01
3086,1.44656250e+01,3.4688530860897560e-01
3087,1.44703125e+01,3.4687981211493302e-01
3088,1.44750000e+01,3.4688296956940790e-01
3089,1.44796875e+01,3.4688712051060100e-01
3090,1.44843750e+01,3.4688922921974030e-01
3091,1.44890625e+01,3.4690117366825018e-01
3092,1.44937500e+01,3.4689253993334640e-01
3093,1.44984375e+01,3.4690659513446914e-01
3094,1.45031250e+01,3.4689493828932250e-01
3095,1.45078125e+01,3.4688584771055020e-01
3096,1.45125000e+01,3.4690030611729256e-01
3097,1.45171875e+01,3.4688325445070289e-01
3098,1.45218750e+01,3.4689776310609061e-01
3099,1.45265625e+01,3.4689081617727224e-01
3100,1.45312500e+01,3.4690283930773569e-01
3101,1.45359375e+01,3.4688209728854963e-01
3102,1.45406250e+01,3.4691046803001441e-01
3103,1.45453125e+01,3.4688316647749196e-01
3104,1.45500000e+01,3.4691358999340155e-01
3105,1.45546875e+01,3.4688559166571792e-01
3106,1.45593750e+01,3.4689863752705186e-01
3107,1.45640625e+01,3.4688687340159791e-01
3108,1.45687500e+01,3.4690024381962575e-01
3109,1.45734375e+01,3.4688595201620098e-01
3110,1.45781250e+01,3.4690010466591154e-01
3111,1.45828125e+01,3.4688085315234174e-01
3112,1.45875000e+01,3.4690509446934442e-01
3113,1.45921875e+01,3.4688124843580065e-01
3114,1.45968750e+01,3.4689871613928452e-01
3115,1.46015625e+01,3.4688335112119195e-01
3116,1.46062500e+01,3.4689528130365993e-01
3117,1.46109375e+01,3.4688093787220464e-01
3118,1.46156250e+01,3.4689072561165674e-01
3119,1.46203125e+01,3.4687896371231292e-01
3120,1.46250000e+01,3.4689918868706476e-01
3121,1.46296875e+01,3.4688405472921990e-01
3122,1.46343750e+01,3.4689718112535639e-01
3123,1.46390625e+01,3.4687651316047224e-01
3124,1.46437500e+01,3.4689452078959215e-01
3125,1.46484375e+01,3.4688179047380691e-01
3126,1.46531250e+01,3.4689512940064110e-01
3127,1.46578125e+01,3.4687757400550745e-01
3128,1.46625000e+01,3.4688915623817795e-01
3129,1.46671875e+01,3.4688433987398098e-01
3130,1.46718750e+01,3.4690023733543696e-01
3131,1.46765625e+01,3.4689356113544301e-01
3132,1.46812500e+01,3.4690661960227570e-01
3133,1.46859375e+01,3.4688707928025192e-01
3134,1.46906250e+01,3.4690757520420168e-01
3135,1.46953125e+01,3.4689592681900439e-01
3136,1.47000000e+01,3.4690600720617298e-01
3137,1.47046875e+01,3.4690053875423704e-01
3138,1.47093750e+01,3.4690400953656086e-01
3139,1.47140625e+01,3.4689450547032935e-01
3140,1.47187500e+01,3.4689525480195638e-01
3141,1.47234375e+01,3.4689236642327936e-01
3142,1.47281250e+01,3.4689939749097631e-01
3143,1.47328125e+01,3.4688794433439263e-01
3144,1.47375000e+01,3.4690358780038999e-01
3145,1.47421875e+01,3.4688430629752698e-01
3146,1.47468750e+01,3.4690673344977463e-01
3147,1.47515625e+01,3.4689138277209131e-01
3148,1.47562500e+01,3.4690719911072493e-01
3149,1.47609375e+01,3.4688374593453614e-01
3150,1.47656250e+01,3.4690617556109027e-01
3151,1.47703125e+01,3.4688614234296422e-01
3152,1.47750000e+01,3.4689225426809028e-01
3153,1.47796875e+01,3.4688329580756955e-01
3154,1.47843750e+01,3.4688992671863061e-01
3155,1.47890625e+01,3.4688659258032029e-01
3156,1.47937500e+01,3.4689077340413232e-01
3157,1.47984375e+01,3.4688406665374150e-01
3158,1.48031250e+01,3.4689118826792692e-01
3159,1.48078125e+01,3.4688255623986941e-01
3160,1.48125000e+01,3.4689176331583249e-01
3161,1.48171875e+01,3.4688291129330218e-01
3162,1.48218750e+01,3.4689990109904090e-01
3163,1.48265625e+01,3.4688864591956420e-01
3164,1.48312500e+01,3.4690155295609898e-01
3165,1.48359375e+01,3.4688474134046321e-01
3166,1.48406250e+01,3.4690811934677668e-01
3167,1.48453125e+01,3.4688407115661141e-01
3168,1.48500000e+01,3.4690049021404123e-01
3169,1.48546875e+01,3.4688489839089787e-01
3170,1.48593750e+01,3.4690223215272353e-01
3171,1.48640625e+01,3.4689114812531169e-01
3172,1.48687500e+01,3.4689894044822067e-01
3173,1.48734375e+01,3.4689198411656341e-01
3174,1.48781250e+01,3.4689683373428931e-01
3175,1.48828125e+01,3.4688610083747939e-01
3176,1.48875000e+01,3.4689561818452369e-01
3177,1.48921875e+01,3.4688272823561367e-01
3178,1.48968750e+01,3.4689051724829140e-01
3179,1.49015625e+01,3.4688928019885296e-01
3180,1.49062500e+01,3.4689551269446955e-01
3181,1.49109375e+01,3.4688578027657274e-01
3182,1.49156250e+01,3.4689368853553643e-01
3183,1.49203125e+01,3.4689026489197911e-01
3184,1.49250000e+01,3.4689974524110817e-01
3185,1.49296875e+01,3.4689645928271989e-01
3186,1.49343750e+01,3.4690287314019286e-01
3187,1.49390625e+01,3.4689393335317381e-01
3188,1.49437500e+01,3.4689802372911638e-01
3189,1.49484375e+01,3.4689004432429510e-01
3190,1.49531250e+01,3.4690015466490887e-01
3191,1.49578125e+01,3.4688642818323429e-01
3192,1.49625000e+01,3.4690131183125239e-01
3193,1.49671875e+01,3.4688964295190089e-01
3194,1.49718750e+01,3.4690174678488389e-01
3195,1.49765625e+01,3.4688895923101631e-01
3196,1.49812500e+01,3.4689858816098690e-01
3197,1.49859375e+01,3.4688952577738513e-01
3198,1.49906250e+01,3.4689932226581566e-01
3199,1.49953125e+01,3.4688337782388456e-01
3200,1.50000000e+01,3.4689932178501159e-01
3201,1.50046875e+01,3.4689016238483567e-01
3202,1.50093750e+01,3.4688850474229793e-01
3203,1.50140625e+01,3.4688664743892722e-01
3204,1.50187500e+01,3.4688939788937806e-01
3205,1.50234375e+01,3.4689264041649387e-01
3206,1.50281250e+01,3.4689566916347719e-01
3207,1.50328125e+01,3.4688489383943505e-01
3208,1.50375000e+01,3.4689553426712588e-01
3209,1.50421875e+01,3.4688098849226828e-01
3210,1.50468750e+01,3.4688991610658487e-01
3211,1.50515625e+01,3.4688014432814379e-01
3212,1.50562500e+01,3.4688923261223470e-01
3213,1.50609375e+01,3.4688864390951135e-01
3214,1.50656250e+01,3.4689155409560746e-01
3215,1.50703125e+01,3.4688498994154482e-01
3216,1.50750000e+01,3.4688936955044680e-01
3217,1.50796875e+01,3.4689181049173390e-01
3218,1.50843750e+01,3.4689629822473766e-01
3219,1.50890625e+01,3.4689121753527496e-01
3220,1.50937500e+01,3.4689922088295494e-01
3221,1.50984375e+01,3.4689120059395018e-01
3222,1.51031250e+01,3.4689899467680130e-01
3223,1.51078125e+01,3.4689587079890360e-01
3224,1.51125000e+01,3.4689207692146118e-01
3225,1.51171875e+01,3.4689839954000007e-01
3226,1.51218750e+01,3.4689662209617150e-01
3227,1.51265625e+01,3.4689826075948699e-01
3228,1.51312500e+01,3.4690091755498514e-01
3229,1.51359375e+01,3.4690097000031522e-01
3230,1.51406250e+01,3.4689233383952844e-01
3231,1.51453125e+01,3.4689538894846805e-01
3232,1.51500000e+01,3.4689320282522368e-01
3233,1.51546875e+01,3.4688858247174958e-01
3234,1.51593750e+01,3.4689668803594947e-01
3235,1.51640625e+01,3.4688852481727028e-01
3236,1.51687500e+01,3.4689449842020764e-01
3237,1.51734375e+01,3.4687841298939320e-01
3238,1.51781250e+01,3.4688537225853855e-01
3239,1.51828125e+01,3.4686876638375042e-01
3240,1.51875000e+01,3.4688681636734336e-01
3241,1.51921875e+01,3.4687768390514778e-01
3242,1.51968750e+01,3.4688575917511133e-01
3243,1.52015625e+01,3.4688769488118776e-01
3244,1.52062500e+01,3.4689063836590095e-01
3245,1.52109375e+01,3.4689076628779264e-01
3246,1.52156250e+01,3.4687877028263964e-01
3247,1.52203125e+01,3.4689058235697628e-01
3248,1.52250000e+01,3.4689507771147143e-01
3249,1.52296875e+01,3.4688953687236540e-01
3250,1.52343750e+01,3.4689027142671053e-01
3251,1.52390625e+01,3.4689840199544808e-01
3252,1.52437500e+01,3.4689117924239665e-01
3253,1.52484375e+01,3.4689269375546772e-01
3254,1.52531250e+01,3.4689558541399201e-01
3255,1.52578125e+01,3.4689623187435342e-01
3256,1.52625000e+01,3.4689632693831890e-01
3257,1.52671875e+01,3.4689556826570539e-01
3258,1.52718750e+01,3.4688836541653029e-01
3259,1.52765625e+01,3.4689687839511291e-01
3260,1.52812500e+01,3.4688998947540123e-01
3261,1.52859375e+01,3.4689463315268981e-01
3262,1.52906250e+01,3.4688612074960351e-01
3263,1.52953125e+01,3.4689333369452358e-01
3264,1.53000000e+01,3.4688525322901365e-01
3265,1.53046875e+01,3.4689006248814913e-01
3266,1.53093750e+01,3.4688255468012147e-01
3267,1.53140625e+01,3.4689668210193203e-01
3268,1.53187500e+01,3.4689579487502492e-01
3269,1.53234375e+01,3.4689665273083592e-01
3270,1.53281250e+01,3.4688913252881415e-01
3271,1.53328125e+01,3.4689931928654516e-01
3272,1.53375000e+01,3.4688227806472094e-01
3273,1.53421875e+01,3.4690123184651162e-01
3274,1.53468750e+01,3.4687609958352861e-01
3275,1.53515625e+01,3.4690219910435433e-01
3276,1.53562500e+01,3.4688594401316059e-01
3277,1.53609375e+01,3.4689971542731113e-01
3278,1.53656250e+01,3.4688413623768311e-01
3279,1.53703125e+01,3.4690661981394788e-01
3280,1.53750000e+01,3.4689075480955928e-01
3281,1.53796875e+01,3.4690201694060951e-01
3282,1.53843750e+01,3.4688515311892065e-01
3283,1.53890625e+01,3.4690864687448231e-01
3284,1.53937500e+01,3.4688270210971617e-01
3285,1.53984375e+01,3.4690488833877525e-01
3286,1.54031250e+01,3.4688585362971003e-01
3287,1.54078125e+01,3.4690813387958480e-01
3288,1.54125000e+01,3.4689130562793663e-01
3289,1.54171875e+01,3.4691461014730079e-01
3290,1.54218750e+01,3.4688720620996955e-01
3291,1.54265625e+01,3.4691097758319761e-01
3292,1.54312500e+01,3.4689261090266499e-01
3293,1.54359375e+01,3.4691252574875553e-01
3294,1.54406250e+01,3.4689366153112050e-01
3295,1.54453125e+01,3.4691048066239549e-01
3296,1.54500000e+01,3.4689110498051001e-01
3297,1.54546875e+01,3.4690266399111647e-01
3298,1.54593750e+01,3.4688782041911109e-01
3299,1.54640625e+01,3.4689487310943073e-01
3300,1.54687500e+01,3.4688919054135015e-01
3301,1.54734375e+01,3.4689746375361868e-01
3302,1.54781250e+01,3.4688684407517861e-01
3303,1.54828125e+01,3.4690063235272939e-01
3304,1.54875000e+01,3.4688897188421269e-01
3305,1.54921875e+01,3.4690073843359714e-01
3306,1.54968750e+01,3.4688818314721259e-01
3307,1.55015625e+01,3.4690459230950510e-01
3308,1.55062500e+01,3.4688319965872833e-01
3309,1.55109375e+01,3.4689836639720995e-01
3310,1.55156250e+01,3.4689320233382143e-01
3311,1.55203125e+01,3.4689781998556696e-01
3312,1.55250000e+01,3.4688914842085727e-01
3313,1.55296875e+01,3.4690141531608226e-01
3314,1.55343750e+01,3.4688656494174203e-01
3315,1.55390625e+01,3.4689572948757330e-01
3316,1.55437500e+01,3.4688582742140034e-01
3317,1.55484375e+01,3.4689738761294531e-01
3318,1.55531250e+01,3.4688452345947818e-01
3319,1.55578125e+01,3.4688672353735667e-01
3320,1.55625000e+01,3.4688006814426547e-01
3321,1.55671875e+01,3.4688639283242856e-01
3322,1.55718750e+01,3.4688440723458552e-01
3323,1.55765625e+01,3.4688887273814245e-01
3324,1.55812500e+01,3.4687781441115273e-01
3325,1.55859375e+01,3.4689572947881547e-01
3326,1.55906250e+01,3.4688231093988986e-01
3327,1.55953125e+01,3.4689468553874792e-01
3328,1.56000000e+01,3.4688313158678935e-01
3329,1.56046875e+01,3.4689438260882655e-01
3330,1.56093750e+01,3.4688831928063796e-01
3331,1.56140625e+01,3.4689240555617801e-01
3332,1.56187500e+01,3.4688564146265094e-01
3333,1.56234375e+01,3.4689099975129162e-01
3334,1.56281250e+01,3.4688611777058276e-01
3335,1.56328125e+01,3.4688498470949175e-01
3336,1.56375000e+01,3.4688741884269597e-01
3337,1.56421875e+01,3.4688739107834415e-01
3338,1.56468750e+01,3.4688815188333255e-01
3339,1.56515625e+01,3.4689718495290744e-01
3340,1.56562500e+01,3.4689423031465683e-01
3341,1.56609375e+01,3.4689529289270077e-01
3342,1.56656250e+01,3.4688829692932793e-01
3343,1.56703125e+01,3.4689938944161058e-01
3344,1.56750000e+01,3.4689223326293483e-01
3345,1.56796875e+01,3.4689937621601497e-01
3346,1.56843750e+01,3.4688600935178737e-01
3347,1.56890625e+01,3.4689848029572190e-01
3348,1.56937500e+01,3.4688504909647938e-01
3349,1.56984375e+01,3.4689177244229641e-01
3350,1.57031250e+01,3.4688316887388670e-01
3351,1.57078125e+01,3.4689439756920870e-01
3352,1.57125000e+01,3.4688801523541141e-01
3353,1.57171875e+01,3.4689545915561659e-01
3354,1.57218750e+01,3.4688420974505874e-01
3355,1.57265625e+01,3.4690292199645945e-01
3356,1.57312500e+01,3.4687840499485745e-01
3357,1.57359375e+01,3.4689997612852308e-01
3358,1.57406250e+01,3.4688344971343799e-01
3359,1.57453125e+01,3.4690733201583807e-01
3360,1.57500000e+01,3.4689079656393340e-01
3361,1.57546875e+01,3.4690855040868518e-01
3362,1.57593750e+01,3.4688943927221266e-01
3363,1.57640625e+01,3.4690438171739957e-01
3364,1.57687500e+01,3.4689153492519131e-01
3365,1.57734375e+01,3.4690666009360033e-01
3366,1.57781250e+01,3.4689542488137393e-01
3367,1.57828125e+01,3.4689576556728180e-01
3368,1.57875000e+01,3.4690322806213569e-01
3369,1.57921875e+01,3.4690029081816232e-01
3370,1.57968750e+01,3.4689280765289088e-01
3371,1.58015625e+01,3.4689353790108990e-01
3372,1.58062500e+01,3.4688568910713419e-01
3373,1.58109375e+01,3.4688453968307248e-01
3374,1.58156250e+01,3.4688630330530934e-01
3375,1.58203125e+01,3.4689084213460453e-01
3376,1.58250000e+01,3.4689529925665019e-01
3377,1.58296875e+01,3.4688062861235158e-01
3378,1.58343750e+01,3.4689742285967773e-01
3379,1.58390625e+01,3.4688386831896068e-01
3380,1.58437500e+01,3.4689966734940120e-01
3381,1.58484375e+01,3.4688495058047919e-01
3382,1.58531250e+01,3.4690455106965923e-01
3383,1.58578125e+01,3.4688629244273939e-01
3384,1.58625000e+01,3.4689760826991206e-01
3385,1.58671875e+01,3.4688074558875426e-01
3386,1.58718750e+01,3.4690078532112839e-01
3387,1.58765625e+01,3.4688709339383528e-01
3388,1.58812500e+01,3.4689875872387205e-01
3389,1.58859375e+01,3.4689169257202579e-01
3390,1.58906250e+01,3.4690357318397957e-01
3391,1.58953125e+01,3.4689127578930173e-01
3392,1.59000000e+01,3.4690509388705132e-01
3393,1.59046875e+01,3.4689024238793958e-01
3394,1.59093750e+01,3.4690345342788503e-01
3395,1.59140625e+01,3.4688214832284964e-01
3396,1.59187500e+01,3.4690046384481521e-01
3397,1.59234375e+01,3.4688891286887447e-01
3398,1.59281250e+01,3.4689444384204698e-01
3399,1.59328125e+01,3.4688410712847417e-01
3400,1.59375000e+01,3.4688868377328597e-01
3401,1.59421875e+01,3.4688206112589021e-01
3402,1.59468750e+01,3.4688613393437384e-01
3403,1.59515625e+01,3.4687883372210221e-01
3404,1.59562500e+01,3.4689297084716769e-01
3405,1.59609375e+01,3.4688311346844586e-01
3406,1.59656250e+01,3.4688907862379315e-01
3407,1.59703125e+01,3.4688349068310237e-01
3408,1.59750000e+01,3.4689081799984578e-01
3409,1.59796875e+01,3.4689496674608389e-01
3410,1.59843750e+01,3.4688808893927919e-01
3411,1.59890625e+01,3.4688527324687751e-01
3412,1.59937500e+01,3.4689560342558473e-01
3413,1.59984375e+01,3.4688255050945721e-01
3414,1.60031250e+01,3.4688990958126481e-01
3415,1.60078125e+01,3.4688610903222805e-01
3416,1.60125000e+01,3.4689669793886518e-01
3417,1.60171875e+01,3.4689353910033571e-01
3418,1.60218750e+01,3.4688593008412755e-01
3419,1.60265625e+01,3.4688859396468646e-01
3420,1.60312500e+01,3.4688819422548584e-01
3421,1.60359375e+01,3.4688643508434086e-01
3422,1.60406250e+01,3.4689162428700770e-01
3423,1.60453125e+01,3.4688425164787512e-01
3424,1.60500000e+01,3.4688785780383835e-01
3425,1.60546875e+01,3.4689203700928273e-01
3426,1.60593750e+01,3.4689102750020834e-01
3427,1.60640625e+01,3.4689009239596974e-01
3428,1.60687500e+01,3.4688949046682149e-01
3429,1.60734375e+01,3.4688052691930060e-01
3430,1.60781250e+01,3.4688664855643231e-01
3431,1.60828125e+01,3.4687537174503069e-01
3432,1.60875000e+01,3.4688139375097909e-01
3433,1.60921875e+01,3.4687779407899394e-01
3434,1.60968750e+01,3.4687777785569107e-01
3435,1.61015625e+01,3.4688019139313592e-01
3436,1.61062500e+01,3.4687986887470529e-01
3437,1.61109375e+01,3.4687519419770735e-01
3438,1.61156250e+01,3.4687612517886601e-01
3439,1.61203125e+01,3.4688381618653397e-01
3440,1.61250000e+01,3.4688108569255105e-01
3441,1.61296875e+01,3.4688084209576298e-01
3442,1.61343750e+01,3.4688009736642300e-01
3443,1.61390625e+01,3.4688544488401779e-01
3444,1.61437500e+01,3.4687731295099816e-01
3445,1.61484375e+01,3.4688559949686387e-01
3446,1.61531250e+01,3.4688654877428826e-01
3447,1.61578125e+01,3.4688473774172679e-01
3448,1.61625000e+01,3.4688560077503472e-01
3449,1.61671875e+01,3.4688479605840111e-01
3450,1.61718750e+01,3.4688987664148846e-01
3451,1.61765625e+01,3.4688690066367112e-01
3452,1.61812500e+01,3.4689203347944414e-01
3453,1.61859375e+01,3.4688370519195028e-01
3454,1.61906250e+01,3.4689003041798083e-01
3455,1.61953125e+01,3.4688948212381043e-01
3456,1.62000000e+01,3.4688736718993102e-01
3457,1.62046875e+01,3.4688198530651815e-01
3458,1.62093750e+01,3.4689500144473173e-01
3459,1.62140625e+01,3.4688240920743341e-01
3460,1.62187500e+01,3.4689031701723760e-01
3461,1.62234375e+01,3.4688995691985264e-01
3462,1.62281250e+01,3.4689205106807325e-01
3463,1.62328125e+01,3.4689154688206986e-01
3464,1.62375000e+01,3.4689372317625516e-01
3465,1.62421875e+01,3.4689424038514849e-01
3466,1.62468750e+01,3.4688976074985295e-01
3467,1.62515625e+01,3.4689645640719552e-01
3468,1.62562500e+01,3.4689506497840561e-01
3469,1.62609375e+01,3.4689536241665753e-01
3470,1.62656250e+01,3.4689099664147471e-01
3471,1.62703125e+01,3.4689495775469958e-01
3472,1.62750000e+01,3.4689456417091796e-01
3473,1.62796875e+01,3.4689963558230286e-01
3474,1.62843750e+01,3.4689392048412526e-01
3475,1.62890625e+01,3.4689926058050408e-01
3476,1.62937500e+01,3.4688946880303168e-01
3477,1.62984375e+01,3.4689504056063736e-01
3478,1.63031250e+01,3.4689378184342534e-01
3479,1.63078125e+01,3.4689410446500896e-01
3480,1.63125000e+01,3.4688734017662404e-01
3481,1.63171875e+01,3.4688710601218964e-01
3482,1.63218750e+01,3.4688621514518264e-01
3483,1.63265625e+01,3.4689549283704946e-01
3484,1.63312500e+01,3.4689439131407812e-01
3485,1.63359375e+01,3.4689873674437455e-01
3486,1.63406250e+01,3.4689136508241081e-01
3487,1.63453125e+01,3.4689241016564049e-01
3488,1.63500000e+01,3.4689078870045886e-01
3489,1.63546875e+01,3.4689519386164941e-01
3490,1.63593750e+01,3.4689735317403286e-01
3491,1.63640625e+01,3.4690388456921195e-01
3492,1.63687500e+01,3.4689240633838042e-01
3493,1.63734375e+01,3.4688909577917265e-01
3494,1.63781250e+01,3.4688484547926535e-01
3495,1.63828125e+01,3.4689459220192009e-01
3496,1.63875000e+01,3.4689617528085392e-01
3497,1.63921875e+01,3.4689963127992346e-01
3498,1.63968750e+01,3.4689338520988172e-01
3499,1.64015625e+01,3.4690441284435458e-01
3500,1.64062500e+01,3.4688246661679639e-01
3501,1.64109375e+01,3.4689929400645608e-01
3502,1.64156250e+01,3.4688364995626125e-01
3503,1.64203125e+01,3.4690285273693289e-01
3504,1.64250000e+01,3.4688406331013688e-01
3505,1.64296875e+01,3.4690816208627950e-01
3506,1.64343750e+01,3.4688407096351709e-01
3507,1.64390625e+01,3.4690243071793747e-01
3508,1.64437500e+01,3.4689727561663364e-01
3509,1.64484375e+01,3.4690652961349883e-01
3510,1.64531250e+01,3.4688906362266203e-01
3511,1.64578125e+01,3.4690721693162818e-01
3512,1.64625000e+01,3.4689737916519658e-01
3513,1.64671875e+01,3.4690732495182891e-01
3514,1.64718750e+01,3.4689528885085824e-01
3515,1.64765625e+01,3.4690233840601359e-01
3516,1.64812500e+01,3.4688915325020392e-01
3517,1.64859375e+01,3.4689197265337118e-01
3518,1.64906250e+01,3.4688531160742042e-01
3519,1.64953125e+01,3.4689262299118451e-01
3520,1.65000000e+01,3.4688725723925462e-01
3521,1.65046875e+01,3.4689724673938366e-01
3522,1.65093750e+01,3.4688555414122108e-01
3523,1.65140625e+01,3.4689848421809838e-01
3524,1.65187500e+01,3.4689282946841415e-01
3525,1.65234375e+01,3.4690167554647500e-01
3526,1.65281250e+01,3.4688721645969151e-01
3527,1.65328125e+01,3.4689913005710316e-01
3528,1.65375000e+01,3.4689305683369276e-01
3529,1.65421875e+01,3.4690632662808096e-01
3530,1.65468750e+01,3.4688443044014627e-01
3531,1.65515625e+01,3.4690198440147529e-01
3532,1.65562500e+01,3.4688952583453148e-01
3533,1.65609375e+01,3.4689119919296574e-01
3534,1.65656250e+01,3.4689592501312100e-01
3535,1.65703125e+01,3.4690260585497928e-01
3536,1.65750000e+01,3.4689851529730342e-01
3537,1.65796875e+01,3.4690951554375998e-01
3538,1.65843750e+01,3.4689330172819560e-01
3539,1.65890625e+01,3.4690877704614831e-01
3540,1.65937500e+01,3.4689164527356303e-01
3541,1.65984375e+01,3.4690224068276226e-01
3542,1.66031250e+01,3.4689336917370051e-01
3543,1.66078125e+01,3.4690897361400375e-01
3544,1.66125000e+01,3.4689201239017392e-01
3545,1.66171875e+01,3.4690535005159917e-01
3546,1.66218750e+01,3.4689726966264056e-01
3547,1.66265625e+01,3.4691007657695605e-01
3548,1.66312500e+01,3.4689801272231774e-01
3549,1.66359375e+01,3.4690562238204159e-01
3550,1.66406250e+01,3.4689918292610439e-01
3551,1.66453125e+01,3.4691413744446364e-01
3552,1.66500000e+01,3.4689691975649861e-01
3553,1.66546875e+01,3.4692010148158331e-01
3554,1.66593750e+01,3.4689929048650192e-01
3555,1.66640625e+01,3.4691982320994874e-01
3556,1.66687500e+01,3.4690430392229377e-01
3557,1.66734375e+01,3.4691793188100989e-01
3558,1.66781250e+01,3.4690573339998859e-01
3559,1.66828125e+01,3.4690503944007511e-01
3560,1.66875000e+01,3.4689747548513078e-01
3561,1.66921875e+01,3.4690388582987536e-01
3562,1.66968750e+01,3.4689457112629235e-01
3563,1.67015625e+01,3.4690274458714748e-01
3564,1.67062500e+01,3.4690406416853381e-01
3565,1.67109375e+01,3.4690687870044901e-01
3566,1.67156250e+01,3.4690300986715805e-01
3567,1.67203125e+01,3.4690775144914826e-01
3568,1.67250000e+01,3.4689735429612478e-01
3569,1.67296875e+01,3.4690618172947968e-01
3570,1.67343750e+01,3.4689870904008085e-01
3571,1.67390625e+01,3.4690978296892122e-01
3572,1.67437500e+01,3.4689872331883237e-01
3573,1.67484375e+01,3.4689633824312760e-01
3574,1.67531250e+01,3.4689132307613590e-01
3575,1.67578125e+01,3.4690024717771306e-01
3576,1.67625000e+01,3.4689518317614687e-01
3577,1.67671875e+01,3.4689010252460700e-01
3578,1.67718750e+01,3.4690094525512166e-01
3579,1.67765625e+01,3.4689945915201853e-01
3580,1.67812500e+01,3.4689657686800052e-01
3581,1.67859375e+01,3.4690022931040032e-01
3582,1.67906250e+01,3.4689689339935603e-01
3583,1.67953125e+01,3.4689114505055341e-01
3584,1.68000000e+01,3.4689701009489776e-01
3585,1.68046875e+01,3.4690158736179105e-01
3586,1.68093750e+01,3.4689846892853798e-01
3587,1.68140625e+01,3.4690238922647637e-01
3588,1.68187500e+01,3.4689313680334960e-01
3589,1.68234375e+01,3.4690013559272626e-01
3590,1.68281250e+01,3.4689331410302049e-01
3591,1.68328125e+01,3.4688868162337366e-01
3592,1.68375000e+01,3.4690788766632419e-01
3593,1.68421875e+01,3.4689784883162161e-01
3594,1.68468750e+01,3.4690216911667898e-01
3595,1.68515625e+01,3.4690705551032897e-01
3596,1.68562500e+01,3.4690444018987932e-01
3597,1.68609375e+01,3.4689379756654964e-01
3598,1.68656250e+01,3.4690216446078370e-01
3599,1.68703125e+01,3.4690348866408743e-01
3600,1.68750000e+01,3.4690017781086513e-01
3601,1.68796875e+01,3.4690633625136369e-01
3602,1.68843750e+01,3.4689281868913346e-01
3603,1.68890625e+01,3.4690761617266952e-01
3604,1.68937500e+01,3.4689363394674788e-01
3605,1.68984375e+01,3.4690197592780692e-01
3606,1.69031250e+01,3.4689138786037826e-01
3607,1.69078125e+01,3.4688772203624035e-01
3608,1.69125000e+01,3.4689833400228492e-01
3609,1.69171875e+01,3.4689153037243448e-01
3610,1.69218750e+01,3.4690324513850268e-01
3611,1.69265625e+01,3.4689857861221068e-01
3612,1.69312500e+01,3.4691042216828494e-01
3613,1.69359375e+01,3.4689547150471051e-01
3614,1.69406250e+01,3.4690056038929440e-01
3615,1.69453125e+01,3.4690083332466704e-01
3616,1.69500000e+01,3.4689964936038892e-01
3617,1.69546875e+01,3.4688744562959578e-01
3618,1.69593750e+01,3.4689796743308787e-01
3619,1.69640625e+01,3.4688539859086004e-01
3620,1.69687500e+01,3.4689465120991952e-01
3621,1.69734375e+01,3.4688300515203718e-01
3622,1.69781250e+01,3.4688692806497085e-01
3623,1.69828125e+01,3.4688623673364377e-01
3624,1.69875000e+01,3.4688152174191927e-01
3625,1.69921875e+01,3.4688539281794978e-01
3626,1.69968750e+01,3.4688248556739881e-01
3627,1.70015625e+01,3.4689239904039371e-01
3628,1.70062500e+01,3.4687513535959941e-01
3629,1.70109375e+01,3.4689665998432784e-01
3630,1.70156250e+01,3.4687813123841982e-01
3631,1.70203125e+01,3.4689683289805939e-01
3632,1.70250000e+01,3.4687729978916204e-01
3633,1.70296875e+01,3.4689849777213055e-01
3634,1.70343750e+01,3.4687832292726223e-01
3635,1.70390625e+01,3.4689193720930511e-01
3636,1.70437500e+01,3.4687802675982310e-01
3637,1.70484375e+01,3.4688981167677063e-01
3638,1.70531250e+01,3.4687178854381412e-01
3639,1.70578125e+01,3.4688919117997224e-01
3640,1.70625000e+01,3.4688055531739120e-01
3641,1.70671875e+01,3.4689273787812658e-01
3642,1.70718750e+01,3.4688674063711772e-01
3643,1.70765625e+01,3.4689600026423056e-01
3644,1.70812500e+01,3.4688397080744043e-01
3645,1.70859375e+01,3.4688983188808431e-01
3646,1.70906250e+01,3.4689062680486510e-01
3647,1.70953125e+01,3.4688758445978196e-01
3648,1.71000000e+01,3.4689631151542610e-01
3649,1.71046875e+01,3.4688575463788007e-01
3650,1.71093750e+01,3.4688926799907932e-01
3651,1.71140625e+01,3.4688923048198089e-01
3652,1.71187500e+01,3.4689332921983851e-01
3653,1.71234375e+01,3.4689452115796821e-01
3654,1.71281250e+01,3.4689989516774822e-01
3655,1.71328125e+01,3.4689801413420052e-01
3656,1.71375000e+01,3.4689486896891036e-01
3657,1.71421875e+01,3.4689553244218868e-01
3658,1.71468750e+01,3.4689438652351257e-01
3659,1.71515625e+01,3.4689873465053539e-01
3660,1.71562500e+01,3.4689763358195530e-01
3661,1.71609375e+01,3.4689728157742561e-01
3662,1.71656250e+01,3.4689132023687708e-01
3663,1.71703125e+01,3.4689252115864116e-01
3664,1.71750000e+01,3.4688307036202765e-01
3665,1.71796875e+01,3.4689324107097164e-01
3666,1.71843750e+01,3.4688577815538724e-01
3667,1.71890625e+01,3.4689624756809290e-01
3668,1.71937500e+01,3.4689422630504474e-01
3669,1.71984375e+01,3.4690693161699060e-01
3670,1.72031250e+01,3.4689180678829173e-01
3671,1.72078125e+01,3.4689803436164945e-01
3672,1.72125000e+01,3.4689463399602860e-01
3673,1.72171875e+01,3.4688992807532715e-01
3674,1.72218750e+01,3.4689009460766485e-01
3675,1.72265625e+01,3.4688999266180937e-01
3676,1.72312500e+01,3.4689150071201785e-01
3677,1.72359375e+01,3.4688663520930685e-01
3678,1.72406250e+01,3.4688899422048081e-01
3679,1.72453125e+01,3.4688434119827666e-01
3680,1.72500000e+01,3.4688910624532032e-01
3681,1.72546875e+01,3.4688339671434759e-01
3682,1.72593750e+01,3.4688765681951744e-01
3683,1.72640625e+01,3.4688920610780988e-01
3684,1.72687500e+01,3.4688382751708841e-01
3685,1.72734375e+01,3.4689037762029046e-01
3686,1.72781250e+01,3.4688509358356429e-01
3687,1.72828125e+01,3.4688778281627003e-01
3688,1.72875000e+01,3.4688169769204075e-01
3689,1.72921875e+01,3.4688918093217841e-01
3690,1.72968750e+01,3.4688949856028256e-01
3691,1.73015625e+01,3.4688931612323504e-01
3692,1.73062500e+01,3.4689226846360061e-01
3693,1.73109375e+01,3.4688231206219550e-01
3694,1.73156250e+01,3.4688992619744269e-01
3695,1.73203125e+01,3.4688211382219974e-01
3696,1.73250000e+01,3.4689484895755707e-01
3697,1.73296875e+01,3.4688135112987117e-01
3698,1.73343750e+01,3.4689595348414060e-01
3699,1.73390625e+01,3.4689508108348427e-01
3700,1.73437500e+01,3.4690115606219540e-01
3701,1.73484375e+01,3.4689601029852463e-01
3702,1.73531250e+01,3.4689553817966523e-01
3703,1.73578125e+01,3.4689039201859773e-01
3704,1.73625000e+01,3.4689969387195801e-01
3705,1.73671875e+01,3.4689120750678065e-01
3706,1.73718750e+01,3.4690157757754775e-01
3707,1.73765625e+01,3.4688991426651461e-01
3708,1.73812500e+01,3.4689827876779028e-01
3709,1.73859375e+01,3.4688675436107663e-01
3710,1.73906250e+01,3.4689365116780874e-01
3711,1.73953125e+01,3.4689582041107114e-01
3712,1.74000000e+01,3.4690476808069737e-01
3713,1.74046875e+01,3.4689209918484770e-01
3714,1.74093750e+01,3.4689650939229849e-01
3715,1.74140625e+01,3.4687482993410773e-01
3716,1.74187500e+01,3.4689726589517372e-01
3717,1.74234375e+01,3.4687574660408904e-01
3718,1.74281250e+01,3.4689925728364207e-01
3719,1.74328125e+01,3.4687312550985927e-01
3720,1.74375000e+01,3.4690086259927738e-01
3721,1.74421875e+01,3.4688198787745150e-01
3722,1.74468750e+01,3.4690292959106683e-01
3723,1.74515625e+01,3.4687592592777522e-01
3724,1.74562500e+01,3.4689809777311381e-01
3725,1.74609375e+01,3.4688132804489208e-01
3726,1.74656250e+01,3.4690521845185135e-01
3727,1.74703125e+01,3.4689024626698090e-01
3728,1.74750000e+01,3.4691371810260807e-01
3729,1.74796875e+01,3.4688582089326819e-01
3730,1.74843750e+01,3.4691213428969170e-01
3731,1.74890625e+01,3.4688412277085434e-01
3732,1.74937500e+01,3.4691316652046289e-01
3733,1.74984375e+01,3.4688369377996719e-01
3734,1.75031250e+01,3.4691321390242275e-01
3735,1.75078125e+01,3.4688320732885486e-01
3736,1.75125000e+01,3.4691033791427722e-01
3737,1.75171875e+01,3.4688320397800665e-01
3738,1.75218750e+01,3.4690554050013023e-01
3739,1.75265625e+01,3.4688272022290118e-01
3740,1.75312500e+01,3.4691060720095701e-01
3741,1.75359375e+01,3.4688918302163269e-01
3742,1.75406250e+01,3.4692071913061950e-01
3743,1.75453125e+01,3.4689598216629752e-01
3744,1.75500000e+01,3.4691106200437000e-01
3745,1.75546875e+01,3.4688478114230387e-01
3746,1.75593750e+01,3.4690705355541263e-01
3747,1.75640625e+01,3.4688881814344835e-01
3748,1.75687500e+01,3.4689760356164673e-01
3749,1.75734375e+01,3.4689556906729241e-01
3750,1.75781250e+01,3.4690385467695717e-01
3751,1.75828125e+01,3.4689299674680618e-01
3752,1.75875000e+01,3.4689582714686834e-01
3753,1.75921875e+01,3.4688684619932242e-01
3754,1.75968750e+01,3.4689299101201931e-01
3755,1.76015625e+01,3.4688071485597793e-01
3756,1.76062500e+01,3.4689348794518238e-01
3757,1.76109375e+01,3.4688449761761048e-01
3758,1.76156250e+01,3.4689260392626209e-01
3759,1.76203125e+01,3.4688746619416921e-01
3760,1.76250000e+01,3.4689350820971859e-01
3761,1.76296875e+01,3.4688785667746830e-01
3762,1.76343750e+01,3.4689154182407750e-01
3763,1.76390625e+01,3.4688992287845993e-01
3764,1.76437500e+01,3.4689474399027681e-01
3765,1.76484375e+01,3.4689715735972038e-01
3766,1.76531250e+01,3.4690117208508381e-01
3767,1.76578125e+01,3.4689937084996675e-01
3768,1.76625000e+01,3.4690094560061330e-01
3769,1.76671875e+01,3.4689879884076680e-01
3770,1.76718750e+01,3.4689793032897970e-01
3771,1.76765625e+01,3.4690324836583997e-01
3772,1.76812500e+01,3.4690688573350298e-01
3773,1.76859375e+01,3.4689943706956966e-01
3774,1.76906250e+01,3.4691106293307444e-01
3775,1.76953125e+01,3.4690298920018031e-01
3776,1.77000000e+01,3.4690475848590241e-01
3777,1.77046875e+01,3.4689781596230906e-01
3778,1.77093750e+01,3.4691039246885924e-01
3779,1.77140625e+01,3.4690772107880774e-01
3780,1.77187500e+01,3.4691470558038862e-01
3781,1.77234375e+01,3.4689607902284997e-01
3782,1.77281250e+01,3.4691680792838364e-01
3783,1.77328125e+01,3.4689713269236350e-01
3784,1.77375000e+01,3.4691697860067938e-01
3785,1.77421875e+01,3.4689078737470297e-01
3786,1.77468750e+01,3.4690779874638300e-01
3787,1.77515625e+01,3.4689270393538008e-01
3788,1.77562500e+01,3.4691569433232411e-01
3789,1.77609375e+01,3.4689063974078294e-01
3790,1.77656250e+01,3.4690851799164207e-01
3791,1.77703125e+01,3.4688754419339590e-01
3792,1.77750000e+01,3.4691060990575823e-01
3793,1.77796875e+01,3.4688815394029188e-01
3794,1.77843750e+01,3.4691155726888739e-01
3795,1.77890625e+01,3.4688602120769280e-01
3796,1.77937500e+01,3.4691465893981088e-01
3797,1.77984375e+01,3.4688501124609744e-01
3798,1.78031250e+01,3.4690904705715597e-01
3799,1.78078125e+01,3.4688542635432729e-01
3800,1.78125000e+01,3.4690609579568299e-01
3801,1.78171875e+01,3.4688502136379284e-01
3802,1.78218750e+01,3.4691008358263853e-01
3803,1.78265625e+01,3.4688897160947757e-01
3804,1.78312500e+01,3.4690161285149002e-01
3805,1.78359375e+01,3.4689772591752993e-01
3806,1.78406250e+01,3.4689663158417922e-01
3807,1.78453125e+01,3.4689065298661137e-01
3808,1.78500000e+01,3.4689941437578325e-01
3809,1.78546875e+01,3.4689539830143379e-01
3810,1.78593750e+01,3.4690246388381940e-01
3811,1.78640625e+01,3.4689214045102024e-01
3812,1.78687500e+01,3.4690505027681096e-01
3813,1.78734375e+01,3.4689132210378115e-01
3814,1.78781250e+01,3.4690681822311081e-01
3815,1.78828125e+01,3.4688448462587190e-01
3816,1.78875000e+01,3.4690461791632804e-01
3817,1.78921875e+01,3.4688129788849253e-01
3818,1.78968750e+01,3.4690860081857539e-01
3819,1.79015625e+01,3.4688541395712030e-01
3820,1.79062500e+01,3.4691610964637293e-01
3821,1.79109375e+01,3.4689595235289883e-01
3822,1.79156250e+01,3.4691724853237277e-01
3823,1.79203125e+01,3.4690231022134155e-01
3824,1.79250000e+01,3.4692062640542315e-01
3825,1.79296875e+01,3.4690641606663586e-01
3826,1.79343750e+01,3.4691529581748182e-01
3827,1.79390625e+01,3.4688596667114585e-01
3828,1.79437500e+01,3.4690966838817638e-01
3829,1.79484375e+01,3.4689457144401037e-01
3830,1.79531250e+01,3.4691733220874371e-01
3831,1.79578125e+01,3.4690155213847196e-01
3832,1.79625000e+01,3.4691046972369927e-01
3833,1.79671875e+01,3.4688808122525039e-01
3834,1.79718750e+01,3.4690083873483923e-01
3835,1.79765625e+01,3.4688909039264326e-01
3836,1.79812500e+01,3.4690350303516948e-01
3837,1.79859375e+01,3.4688798567985873e-01
3838,1.79906250e+01,3.4690499534331287e-01
3839,1.79953125e+01,3.4688414681784918e-01
3840,1.80000000e+01,3.4689756235177172e-01
3841,1.80046875e+01,3.4688520137358558e-01
3842,1.80093750e+01,3.4689731891699560e-01
3843,1.80140625e+01,3.4687703375221479e-01
3844,1.80187500e+01,3.4688972916081245e-01
3845,1.80234375e+01,3.4688568837829875e-01
3846,1.80281250e+01,3.4689468354857467e-01
3847,1.80328125e+01,3.4689242344208637e-01
3848,1.80375000e+01,3.4690458579133865e-01
3849,1.80421875e+01,3.4690327141209953e-01
3850,1.80468750e+01,3.4690319870696729e-01
3851,1.80515625e+01,3.4690811552887291e-01
3852,1.80562500e+01,3.4691254148687289e-01
3853,1.80609375e+01,3.4689862322198994e-01
3854,1.80656250e+01,3.4691938085078561e-01
3855,1.80703125e+01,3.4688439190358988e-01
3856,1.80750000e+01,3.4690721412190967e-01
3857,1.80796875e+01,3.4689623795691260e-01
3858,1.80843750e+01,3.4690684003532690e-01
3859,1.80890625e+01,3.4689145028929091e-01
3860,1.80937500e+01,3.4690666136626935e-01
3861,1.80984375e+01,3.4688817424038770e-01
3862,1.81031250e+01,3.4692036901639267e-01
3863,1.81078125e+01,3.4689636852854777e-01
3864,1.81125000e+01,3.4692049123455115e-01
3865,1.81171875e+01,3.4689455802358987e-01
3866,1.81218750e+01,3.4692064506071274e-01
3867,1.81265625e+01,3.4689377991775500e-01
3868,1.81312500e+01,3.4691445305254764e-01
3869,1.81359375e+01,3.4689011300129879e-01
3870,1.81406250e+01,3.4691041302924791e-01
3871,1.81453125e+01,3.4687397470623738e-01
3872,1.81500000e+01,3.4690937178728853e-01
3873,1.81546875e+01,3.4687751291381125e-01
3874,1.81593750e+01,3.4690347337667921e-01
3875,1.81640625e+01,3.4688231347493165e-01
3876,1.81687500e+01,3.4689210945325233e-01
3877,1.81734375e+01,3.4687658444757380e-01
3878,1.81781250e+01,3.4690747107002323e-01
3879,1.81828125e+01,3.4687206690057071e-01
3880,1.81875000e+01,3.4690018694267583e-01
3881,1.81921875e+01,3.4687428198943165e-01
3882,1.81968750e+01,3.4689791289349231e-01
3883,1.82015625e+01,3.4687163631223655e-01
3884,1.82062500e+01,3.4689501293855407e-01
3885,1.82109375e+01,3.4687027118257069e-01
3886,1.82156250e+01,3.4688886791873697e-01
3887,1.82203125e+01,3.4687583407350775e-01
3888,1.82250000e+01,3.4689095911885393e-01
3889,1.82296875e+01,3.4687878402160266e-01
3890,1.82343750e+01,3.4689675988318419e-01
3891,1.82390625e+01,3.4688803533846568e-01
3892,1.82437500e+01,3.4689422851468743e-01
3893,1.82484375e+01,3.4688421309947354e-01
3894,1.82531250e+01,3.4689448156178826e-01
3895,1.82578125e+01,3.4689180163068695e-01
3896,1.82625000e+01,3.4689749465099856e-01
3897,1.82671875e+01,3.4688840516070135e-01
3898,1.82718750e+01,3.4689669079789859e-01
3899,1.82765625e+01,3.4687911926980747e-01
3900,1.82812500e+01,3.4690054240363627e-01
3901,1.82859375e+01,3.4688722525525861e-01
3902,1.82906250e+01,3.4690764892989900e-01
3903,1.82953125e+01,3.4689054160040511e-01
3904,1.83000000e+01,3.4689467202531710e-01
3905,1.83046875e+01,3.4689723188710492e-01
3906,1.83093750e+01,3.4689585661488198e-01
3907,1.83140625e+01,3.4689561497904342e-01
3908,1.83187500e+01,3.4690595687201459e-01
3909,1.83234375e+01,3.4689576889334495e-01
3910,1.83281250e+01,3.4690709303117817e-01
3911,1.83328125e+01,3.4690053859652636e-01
3912,1.83375000e+01,3.4690813701576068e-01
3913,1.83421875e+01,3.4690299757747006e-01
3914,1.83468750e+01,3.4690939580877356e-01
3915,1.83515625e+01,3.4690553169324034e-01
3916,1.83562500e+01,3.4690331870689467e-01
3917,1.83609375e+01,3.4689291986969728e-01
3918,1.83656250e+01,3.4690323611187401e-01
3919,1.83703125e+01,3.4688425618737584e-01
3920,1.83750000e+01,3.4689272106013957e-01
3921,1.83796875e+01,3.4687906952884795e-01
3922,1.83843750e+01,3.4689194683215707e-01
3923,1.83890625e+01,3.4687197060822805e-01
3924,1.83937500e+01,3.4689108457925266e-01
3925,1.83984375e+01,3.4687032051768424e-01
3926,1.84031250e+01,3.4688781781344624e-01
3927,1.84078125e+01,3.4687352904996094e-01
3928,1.84125000e+01,3.4689921285604419e-01
3929,1.84171875e+01,3.4687716155087600e-01
3930,1.84218750e+01,3.4691386114766959e-01
3931,1.84265625e+01,3.4687898732861755e-01
3932,1.84312500e+01,3.4691296748827288e-01
3933,1.84359375e+01,3.4687998445273882e-01
3934,1.84406250e+01,3.4690374094760917e-01
3935,1.84453125e+01,3.4687143712157920e-01
3936,1.84500000e+01,3.4690725227693220e-01
3937,1.84546875e+01,3.4688770436386912e-01
3938,1.84593750e+01,3.4689996779635052e-01
3939,1.84640625e+01,3.4687156093490185e-01
3940,1.84687500e+01,3.4690900763510502e-01
3941,1.84734375e+01,3.4687812956614877e-01
3942,1.84781250e+01,3.4691064429524110e-01
3943,1.84828125e+01,3.4689406476210116e-01
3944,1.84875000e+01,3.4690397720047683e-01
3945,1.84921875e+01,3.4688967427396350e-01
3946,1.84968750e+01,3.4691033482229072e-01
3947,1.85015625e+01,3.4688759101314898e-01
3948,1.85062500e+01,3.4691550191483583e-01
3949,1.85109375e+01,3.4689112002203587e-01
3950,1.85156250e+01,3.4691018962083553e-01
3951,1.85203125e+01,3.4689634601778524e-01
3952,1.85250000e+01,3.4691213831434975e-01
3953,1.85296875e+01,3.4688502839264784e-01
3954,1.85343750e+01,3.4691220558712638e-01
3955,1.85390625e+01,3.4688460212796818e-01
3956,1.85437500e+01,3.4691520453166436e-01
3957,1.85484375e+01,3.4688505218943783e-01
3958,1.85531250e+01,3.4690627922213996e-01
3959,1.85578125e+01,3.4689106241719042e-01
3960,1.85625000e+01,3.4691196560967769e-01
3961,1.85671875e+01,3.4689253556875599e-01
3962,1.85718750e+01,3.4690637166513993e-01
3963,1.85765625e+01,3.4688593703087078e-01
3964,1.85812500e+01,3.4691605089215888e-01
3965,1.85859375e+01,3.4688413120715900e-01
3966,1.85906250e+01,3.4690697503621842e-01
3967,1.85953125e+01,3.4687206321778991e-01
3968,1.86000000e+01,3.4690403219606558e-01
3969,1.86046875e+01,3.4687744367483520e-01
3970,1.86093750e+01,3.4690858583237644e-01
3971,1.86140625e+01,3.4688759054563367e-01
3972,1.86187500e+01,3.4689248518442339e-01
3973,1.86234375e+01,3.4687876441702153e-01
3974,1.86281250e+01,3.4690300776827560e-01
3975,1.86328125e+01,3.4687731937274852e-01
3976,1.86375000e+01,3.4689678260278656e-01
3977,1.86421875e+01,3.4687769601567531e-01
3978,1.86468750e+01,3.4689854314146773e-01
3979,1.86515625e+01,3.4687408194427305e-01
3980,1.86562500e+01,3.4691923516042328e-01
3981,1.86609375e+01,3.4688791116423134e-01
3982,1.86656250e+01,3.4692379042870092e-01
3983,1.86703125e+01,3.4688824618527386e-01
3984,1.86750000e+01,3.4692064155093655e-01
3985,1.86796875e+01,3.4688677886488906e-01
3986,1.86843750e+01,3.4692346798566226e-01
3987,1.86890625e+01,3.4688683056334285e-01
3988,1.86937500e+01,3.4692113015744735e-01
3989,1.86984375e+01,3.4689144996718368e-01
3990,1.87031250e+01,3.4692510776537006e-01
3991,1.87078125e+01,3.4688723984971537e-01
3992,1.87125000e+01,3.4692303607352237e-01
3993,1.87171875e+01,3.4689071161700991e-01
3994,1.87218750e+01,3.4691073131501327e-01
3995,1.87265625e+01,3.4689445147213616e-01
3996,1.87312500e+01,3.4691843439253478e-01
3997,1.87359375e+01,3.4689214011943498e-01
3998,1.87406250e+01,3.4691139341027516e-01
3999,1.87453125e+01,3.4689321575147525e-01
4000,1.87500000e+01,3.4691150626023293e-01
4001,1.87546875e+01,3.4689276502646266e-01
4002,1.87593750e+01,3.4691606842164580e-01
4003,1.87640625e+01,3.4690265292193617e-01
4004,1.87687500e+01,3.4691304962860869e-01
4005,1.87734375e+01,3.4689966701569386e-01
4006,1.87781250e+01,3.4691283111357568e-01
4007,1.87828125e+01,3.4689757803522747e-01
4008,1.87875000e+01,3.4691009513521182e-01
4009,1.87921875e+01,3.4689745358842417e-01
4010,1.87968750e+01,3.4691169340250522e-01
4011,1.88015625e+01,3.4689311830271569e-01
4012,1.88062500e+01,3.4691690577855516e-01
4013,1.88109375e+01,3.4689902122861371e-01
4014,1.88156250e+01,3.4691740098017537e-01
4015,1.88203125e+01,3.4689167446276520e-01
4016,1.88250000e+01,3.4691617315167961e-01
4017,1.88296875e+01,3.4689003726506346e-01
4018,1.88343750e+01,3.4691997461893553e-01
4019,1.88390625e+01,3.4690655914310825e-01
4020,1.88437500e+01,3.4691906711790493e-01
4021,1.88484375e+01,3.4690539905803203e-01
4022,1.88531250e+01,3.4692272259116441e-01
4023,1.88578125e+01,3.4690137158986584e-01
4024,1.88625000e+01,3.4691205354149329e-01
4025,1.88671875e+01,3.4689646032263877e-01
4026,1.88718750e+01,3.4690473586588649e-01
4027,1.88765625e+01,3.4688122367855667e-01
4028,1.88812500e+01,3.4691504929994055e-01
4029,1.88859375e+01,3.4689043154977728e-01
4030,1.88906250e+01,3.4690624453174090e-01
4031,1.88953125e+01,3.4689006941527428e-01
4032,1.89000000e+01,3.4691057938480963e-01
4033,1.89046875e+01,3.4688867524256206e-01
4034,1.89093750e+01,3.4690848886071518e-01
4035,1.89140625e+01,3.4688761816316288e-01
4036,1.89187500e+01,3.4690624660179031e-01
4037,1.89234375e+01,3.4688297512549515e-01
4038,1.89281250e+01,3.4691041395878969e-01
4039,1.89328125e+01,3.4688972767908538e-01
4040,1.89375000e+01,3.4691607966005494e-01
4041,1.89421875e+01,3.4689327625195515e-01
4042,1.89468750e+01,3.4690607587002820e-01
4043,1.89515625e+01,3.4688793019587222e-01
4044,1.89562500e+01,3.4689738213160615e-01
4045,1.89609375e+01,3.4688337510933792e-01
4046,1.89656250e+01,3.4689985824564123e-01
4047,1.89703125e+01,3.4688837554764707e-01
4048,1.89750000e+01,3.4689548064141640e-01
4049,1.89796875e+01,3.4688969289929933e-01
4050,1.89843750e+01,3.4688457111928450e-01
4051,1.89890625e+01,3.4688241362196942e-01
4052,1.89937500e+01,3.4688777314592678e-01
4053,1.89984375e+01,3.4688246884390206e-01
4054,1.90031250e+01,3.4689122632163633e-01
4055,1.90078125e+01,3.4690395803027779e-01
4056,1.90125000e+01,3.4689997566936226e-01
4057,1.90171875e+01,3.4689753265402312e-01
4058,1.90218750e+01,3.4690871105989562e-01
4059,1.90265625e+01,3.4689388937422017e-01
4060,1.90312500e+01,3.4690776184419014e-01
4061,1.90359375e+01,3.4689470143395934e-01
4062,1.90406250e+01,3.4689904163278418e-01
4063,1.90453125e+01,3.4688966593417275e-01
4064,1.90500000e+01,3.4690803938718251e-01
4065,1.90546875e+01,3.4689067400077145e-01
4066,1.90593750e+01,3.4690869894938348e-01
4067,1.90640625e+01,3.4688583677453805e-01
4068,1.90687500e+01,3.4690783996188701e-01
4069,1.90734375e+01,3.4689432589197711e-01
4070,1.90781250e+01,3.4691994143871607e-01
4071,1.90828125e+01,3.4689352668498363e-01
4072,1.90875000e+01,3.4692025142177935e-01
4073,1.90921875e+01,3.4689043522731788e-01
4074,1.90968750e+01,3.4691639116973932e-01
4075,1.91015625e+01,3.4689075576673151e-01
4076,1.91062500e+01,3.4692043350003438e-01
4077,1.91109375e+01,3.4689157703960305e-01
4078,1.91156250e+01,3.4691040407363677e-01
4079,1.91203125e+01,3.4688270292331147e-01
4080,1.91250000e+01,3.4689657212168257e-01
4081,1.91296875e+01,3.4688928665166791e-01
4082,1.91343750e+01,3.4691401219271084e-01
4083,1.91390625e+01,3.4688900094849667e-01
4084,1.91437500e+01,3.4691749078223955e-01
4085,1.91484375e+01,3.4688418390145581e-01
4086,1.91531250e+01,3.4691347236991860e-01
4087,1.91578125e+01,3.4688472192390185e-01
4088,1.91625000e+01,3.4691092078991115e-01
4089,1.91671875e+01,3.4687948165139409e-01
4090,1.91718750e+01,3.4691388034828247e-01
4091,1.91765625e+01,3.4687934247378999e-01
4092,1.91812500e+01,3.4690530652060092e-01
4093,1.91859375e+01,3.4687741712481923e-01
4094,1.91906250e+01,3.4691097444796815e-01
4095,1.91953125e+01,3.4688241286344212e-01
4096,1.92000000e+01,3.4691639083561687e-01
4097,1.92046875e+01,3.4689591278550186e-01
4098,1.92093750e+01,3.4692745308444611e-01
4099,1.92140625e+01,3.4689579535805631e-01
4100,1.92187500e+01,3.4691873456950162e-01
4101,1.92234375e+01,3.4689376199448080e-01
4102,1.92281250e+01,3.4691542365257583e-01
4103,1.92328125e+01,3.4690119985089174e-01
4104,1.92375000e+01,3.4692219778675554e-01
4105,1.92421875e+01,3.4688839034392338e-01
4106,1.92468750e+01,3.4692176791761586e-01
4107,1.92515625e+01,3.4688637530849309e-01
4108,1.92562500e+01,3.4692827476300714e-01
4109,1.92609375e+01,3.4689303080990269e-01
4110,1.92656250e+01,3.4693605326037530e-01
4111,1.92703125e+01,3.4688713330178289e-01
4112,1.92750000e+01,3.4693836022780433e-01
4113,1.92796875e+01,3.4689368492916101e-01
4114,1.92843750e+01,3.4692855433439534e-01
4115,1.92890625e+01,3.4689739032536371e-01
4116,1.92937500e+01,3.4693119684416390e-01
4117,1.92984375e+01,3.4689559907992074e-01
4118,1.93031250e+01,3.4692508917635245e-01
4119,1.93078125e+01,3.4690591967828233e-01
4120,1.93125000e+01,3.4691929715381825e-01
4121,1.93171875e+01,3.4689831028139217e-01
4122,1.93218750e+01,3.4691932318106528e-01
4123,1.93265625e+01,3.4689542790590955e-01
4124,1.93312500e+01,3.4692134330581847e-01
4125,1.93359375e+01,3.4689760253388291e-01
4126,1.93406250e+01,3.4693164402499566e-01
4127,1.93453125e+01,3.4690365320110111e-01
4128,1.93500000e+01,3.4693325922334123e-01
4129,1.93546875e+01,3.4691693038571830e-01
4130,1.93593750e+01,3.4692259878354953e-01
4131,1.93640625e+01,3.4691078776566886e-01
4132,1.93687500e+01,3.4692346685445480e-01
4133,1.93734375e+01,3.4691513051411499e-01
4134,1.93781250e+01,3.4692813737893480e-01
4135,1.93828125e+01,3.4691635725251524e-01
4136,1.93875000e+01,3.4693839520140718e-01
4137,1.93921875e+01,3.4690470017852409e-01
4138,1.93968750e+01,3.4694490505536146e-01
4139,1.94015625e+01,3.4692182882654315e-01
4140,1.94062500e+01,3.4695146995705656e-01
4141,1.94109375e+01,3.4690750618697419e-01
4142,1.94156250e+01,3.4694298342410473e-01
4143,1.94203125e+01,3.4689951674149194e-01
4144,1.94250000e+01,3.4693310395250188e-01
4145,1.94296875e+01,3.4689258116823946e-01
4146,1.94343750e+01,3.4692534493912969e-01
4147,1.94390625e+01,3.4689679983747335e-01
4148,1.94437500e+01,3.4693548761693749e-01
4149,1.94484375e+01,3.4689977211099482e-01
4150,1.94531250e+01,3.4691944178029610e-01
4151,1.94578125e+01,3.4689898038356282e-01
4152,1.94625000e+01,3.4691436354987776e-01
4153,1.94671875e+01,3.4688815581572846e-01
4154,1.94718750e+01,3.4691152455590546e-01
4155,1.94765625e+01,3.4689169270100556e-01
4156,1.94812500e+01,3.4691721996240876e-01
4157,1.94859375e+01,3.4689471162607588e-01
4158,1.94906250e+01,3.4693223823095493e-01
4159,1.94953125e+01,3.4689121336652917e-01
4160,1.95000000e+01,3.4693482373193857e-01
4161,1.95046875e+01,3.4690180741373688e-01
4162,1.95093750e+01,3.4692851186696733e-01
4163,1.95140625e+01,3.4689041465833481e-01
4164,1.95187500e+01,3.4692588379855299e-01
4165,1.95234375e+01,3.4689421771074602e-01
4166,1.95281250e+01,3.4692831397294660e-01
4167,1.95328125e+01,3.4690240118492094e-01
4168,1.95375000e+01,3.4692702949342286e-01
4169,1.95421875e+01,3.4690786388524086e-01
4170,1.95468750e+01,3.4692757321888551e-01
4171,1.95515625e+01,3.4689697464688601e-01
4172,1.95562500e+01,3.4691898673866667e-01
4173,1.95609375e+01,3.4688528735881557e-01
4174,1.95656250e+01,3.4691413474125682e-01
4175,1.95703125e+01,3.4688592578563116e-01
4176,1.95750000e+01,3.4691335774649990e-01
4177,1.95796875e+01,3.4690808998084133e-01
4178,1.95843750e+01,3.4692116651071025e-01
4179,1.95890625e+01,3.4689722350368390e-01
4180,1.95937500e+01,3.4691454835827207e-01
4181,1.95984375e+01,3.4688404697281738e-01
4182,1.96031250e+01,3.4691509279046828e-01
4183,1.96078125e+01,3.4688754945197003e-01
4184,1.96125000e+01,3.4693023068178042e-01
4185,1.96171875e+01,3.4689546642195251e-01
4186,1.96218750e+01,3.4692003441820118e-01
4187,1.96265625e+01,3.4690249883778801e-01
4188,1.96312500e+01,3.4692027239509993e-01
4189,1.96359375e+01,3.4689699547834324e-01
4190,1.96406250e+01,3.4691300805243119e-01
4191,1.96453125e+01,3.4689270769716279e-01
4192,1.96500000e+01,3.4690585195328250e-01
4193,1.96546875e+01,3.4689233275176290e-01
4194,1.96593750e+01,3.4690256038691442e-01
4195,1.96640625e+01,3.4690857217845972e-01
4196,1.96687500e+01,3.4690970581889985e-01
4197,1.96734375e+01,3.4690476427380440e-01
4198,1.96781250e+01,3.4691989983368160e-01
4199,1.96828125e+01,3.4690736886767032e-01
4200,1.96875000e+01,3.4692621362725479e-01
4201,1.96921875e+01,3.4691165766545395e-01
4202,1.96968750e+01,3.4693648521735132e-01
4203,1.97015625e+01,3.4691557030229064e-01
4204,1.97062500e+01,3.4693810263620278e-01
4205,1.97109375e+01,3.4692088836872892e-01
4206,1.97156250e+01,3.4694677986323491e-01
4207,1.97203125e+01,3.4692552479229316e-01
4208,1.97250000e+01,3.4693794623376378e-01
4209,1.97296875e+01,3.4691299881805993e-01
4210,1.97343750e+01,3.4694334173499491e-01
4211,1.97390625e+01,3.4691149109942404e-01
4212,1.97437500e+01,3.4693832321803908e-01
4213,1.97484375e+01,3.4691431899384528e-01
4214,1.97531250e+01,3.4694671757737056e-01
4215,1.97578125e+01,3.4692193039173413e-01
4216,1.97625000e+01,3.4695153225254438e-01
4217,1.97671875e+01,3.4691235173112417e-01
4218,1.97718750e+01,3.4694904685984684e-01
4219,1.97765625e+01,3.4691170313560127e-01
4220,1.97812500e+01,3.4694824495248333e-01
4221,1.97859375e+01,3.4691489625487509e-01
4222,1.97906250e+01,3.4694909317112282e-01
4223,1.97953125e+01,3.4690364965616005e-01
4224,1.98000000e+01,3.4695695829247203e-01
4225,1.98046875e+01,3.4690964559902548e-01
4226,1.98093750e+01,3.4695379422008887e-01
4227,1.98140625e+01,3.4689906581836316e-01
4228,1.98187500e+01,3.4694203661182166e-01
4229,1.98234375e+01,3.4690003825902666e-01
4230,1.98281250e+01,3.4696225270750625e-01
4231,1.98328125e+01,3.4690649319490297e-01
4232,1.98375000e+01,3.4695761155386234e-01
4233,1.98421875e+01,3.4689951753045678e-01
4234,1.98468750e+01,3.4695172612266195e-01
4235,1.98515625e+01,3.4690122949511004e-01
4236,1.98562500e+01,3.4694409108086754e-01
4237,1.98609375e+01,3.4690329939421977e-01
4238,1.98656250e+01,3.4694024559314018e-01
4239,1.98703125e+01,3.4690208443910059e-01
4240,1.98750000e+01,3.4694030209609183e-01
4241,1.98796875e+01,3.4689301321805360e-01
4242,1.98843750e+01,3.4693222279918395e-01
4243,1.98890625e+01,3.4689792095251709e-01
4244,1.98937500e+01,3.4693034321103416e-01
4245,1.98984375e+01,3.4688515120052377e-01
4246,1.99031250e+01,3.4692131615647165e-01
4247,1.99078125e+01,3.4688821881283172e-01
4248,1.99125000e+01,3.4691516799826111e-01
4249,1.99171875e+01,3.4687979839746397e-01
4250,1.99218750e+01,3.4692241343249836e-01
4251,1.99265625e+01,3.4689350776763916e-01
4252,1.99312500e+01,3.4693446949299306e-01
4253,1.99359375e+01,3.4688821944444842e-01
4254,1.99406250e+01,3.4692593855419585e-01
4255,1.99453125e+01,3.4688272215574995e-01
4256,1.99500000e+01,3.4693218445019897e-01
4257,1.99546875e+01,3.4689390725980301e-01
4258,1.99593750e+01,3.4694214461987677e-01
4259,1.99640625e+01,3.4691490186638690e-01
4260,1.99687500e+01,3.4696206217310221e-01
4261,1.99734375e+01,3.4692420326780854e-01
4262,1.99781250e+01,3.4695944320916350e-01
4263,1.99828125e+01,3.4692809493782778e-01
4264,1.99875000e+01,3.4696069532547191e-01
4265,1.99921875e+01,3.4691834045047804e-01
4266,1.99968750e+01,3.4695741582220380e-01
4267,2.00015625e+01,3.4691919326013915e-01
