<?xml version="1.0"?>
<VTKFile type="UnstructuredGrid" version="2.2">
  <UnstructuredGrid>
    <Piece NumberOfPoints="7218" NumberOfCells="6400">
      <Points>
        <DataArray type="Float64" NumberOfComponents="3" format="ascii">0.0004999999999999999 0.005499999999999999 0 0.00075 0.005499999999999999 0 0.0004999999999999999 0.005749999999999999 0 0.00075 0.005749999999999999 0 0.0009999999999999998 0.005499999999999999 0 0.0009999999999999998 0.005749999999999999 0 0.0004999999999999999 0.005999999999999999 0 0.00075 0.005999999999999999 0 0.00125 0.005499999999999999 0 0.00125 0.005749999999999999 0 0.0009999999999999998 0.005999999999999999 0 0.0004999999999999999 0.006249999999999999 0 0.00075 0.006249999999999999 0 0.0015 0.005499999999999999 0 0.0015 0.005749999999999999 0 0.00125 0.005999999999999999 0 0.0009999999999999998 0.006249999999999999 0 0.0004999999999999999 0.006499999999999999 0 0.00075 0.006499999999999999 0 0.00175 0.005499999999999999 0 0.00175 0.005749999999999999 0 0.0015 0.005999999999999999 0 0.00125 0.006249999999999999 0 0.0009999999999999998 0.006499999999999999 0 0.0004999999999999999 0.006749999999999999 0 0.00075 0.006749999999999999 0 0.002 0.005499999999999999 0 0.002 0.005749999999999999 0 0.00175 0.005999999999999999 0 0.0015 0.006249999999999999 0 0.00125 0.006499999999999999 0 0.0009999999999999998 0.006749999999999999 0 0.0004999999999999999 0.006999999999999998 0 0.00075 0.006999999999999998 0 0.00225 0.005499999999999999 0 0.00225 0.005749999999999999 0 0.002 0.005999999999999999 0 0.00175 0.006249999999999999 0 0.0015 0.006499999999999999 0 0.00125 0.006749999999999999 0 0.0009999999999999998 0.006999999999999998 0 0.0004999999999999999 0.007249999999999999 0 0.00075 0.007249999999999999 0 0.0025 0.005499999999999999 0 0.0025 0.005749999999999999 0 0.00225 0.005999999999999999 0 0.002 0.006249999999999999 0 0.00175 0.006499999999999999 0 0.0015 0.006749999999999999 0 0.00125 0.006999999999999998 0 0.0009999999999999998 0.007249999999999999 0 0.0005000000000000001 0.007500000000000001 0 0.00075 0.007500000000000001 0 0.00275 0.005499999999999999 0 0.00275 0.005749999999999999 0 0.0025 0.005999999999999999 0 0.00225 0.006249999999999999 0 0.002 0.006499999999999999 0 0.00175 0.006749999999999999 0 0.0015 0.006999999999999998 0 0.00125 0.007249999999999999 0 0.001 0.007500000000000001 0 0.003 0.005499999999999999 0 0.003 0.005749999999999999 0 0.00275 0.005999999999999999 0 0.0025 0.006249999999999999 0 0.00225 0.006499999999999999 0 0.002 0.006749999999999999 0 0.00175 0.006999999999999998 0 0.0015 0.007249999999999999 0 0.00125 0.007500000000000001 0 0.003249999999999999 0.005499999999999999 0 0.003249999999999999 0.005749999999999999 0 0.003 0.005999999999999999 0 0.00275 0.006249999999999999 0 0.0025 0.006499999999999999 0 0.00225 0.006749999999999999 0 0.002 0.006999999999999998 0 0.00175 0.007249999999999999 0 0.0015 0.007500000000000001 0 0.0035 0.005499999999999999 0 0.0035 0.005749999999999999 0 0.003249999999999999 0.005999999999999999 0 0.003 0.006249999999999999 0 0.00275 0.006499999999999999 0 0.0025 0.006749999999999999 0 0.00225 0.006999999999999998 0 0.002 0.007249999999999999 0 0.00175 0.007500000000000001 0 0.00375 0.005499999999999999 0 0.00375 0.005749999999999999 0 0.0035 0.005999999999999999 0 0.003249999999999999 0.006249999999999999 0 0.003 0.006499999999999999 0 0.00275 0.006749999999999999 0 0.0025 0.006999999999999998 0 0.00225 0.007249999999999999 0 0.002 0.007500000000000001 0 0.003999999999999999 0.005499999999999999 0 0.003999999999999999 0.005749999999999999 0 0.00375 0.005999999999999999 0 0.0035 0.006249999999999999 0 0.003249999999999999 0.006499999999999999 0 0.003 0.006749999999999999 0 0.00275 0.006999999999999998 0 0.0025 0.007249999999999999 0 0.002250000000000001 0.007500000000000001 0 0.004249999999999999 0.005499999999999999 0 0.004249999999999999 0.005749999999999999 0 0.003999999999999999 0.005999999999999999 0 0.00375 0.006249999999999999 0 0.0035 0.006499999999999999 0 0.003249999999999999 0.006749999999999999 0 0.003 0.006999999999999998 0 0.00275 0.007249999999999999 0 0.0025 0.007500000000000001 0 0.0045 0.005499999999999999 0 0.0045 0.005749999999999999 0 0.004249999999999999 0.005999999999999999 0 0.003999999999999999 0.006249999999999999 0 0.00375 0.006499999999999999 0 0.0035 0.006749999999999999 0 0.003249999999999999 0.006999999999999998 0 0.003 0.007249999999999999 0 0.002750000000000001 0.007500000000000001 0 0.00475 0.005499999999999999 0 0.00475 0.005749999999999999 0 0.0045 0.005999999999999999 0 0.004249999999999999 0.006249999999999999 0 0.003999999999999999 0.006499999999999999 0 0.00375 0.006749999999999999 0 0.0035 0.006999999999999998 0 0.003249999999999999 0.007249999999999999 0 0.003 0.007500000000000001 0 0.005 0.005499999999999999 0 0.005 0.005749999999999999 0 0.00475 0.005999999999999999 0 0.0045 0.006249999999999999 0 0.004249999999999999 0.006499999999999999 0 0.003999999999999999 0.006749999999999999 0 0.00375 0.006999999999999998 0 0.0035 0.007249999999999999 0 0.00325 0.007500000000000001 0 0.005249999999999999 0.005499999999999999 0 0.005249999999999999 0.005749999999999999 0 0.005 0.005999999999999999 0 0.00475 0.006249999999999999 0 0.0045 0.006499999999999999 0 0.004249999999999999 0.006749999999999999 0 0.003999999999999999 0.006999999999999998 0 0.00375 0.007249999999999999 0 0.003500000000000001 0.007500000000000001 0 0.005499999999999999 0.005499999999999999 0 0.005499999999999999 0.005749999999999999 0 0.005249999999999999 0.005999999999999999 0 0.005 0.006249999999999999 0 0.00475 0.006499999999999999 0 0.0045 0.006749999999999999 0 0.004249999999999999 0.006999999999999998 0 0.003999999999999999 0.007249999999999999 0 0.00375 0.007500000000000001 0 0.005749999999999999 0.005499999999999999 0 0.005749999999999999 0.005749999999999999 0 0.005499999999999999 0.005999999999999999 0 0.005249999999999999 0.006249999999999999 0 0.005 0.006499999999999999 0 0.00475 0.006749999999999999 0 0.0045 0.006999999999999998 0 0.004249999999999999 0.007249999999999999 0 0.004000000000000001 0.007500000000000001 0 0.005999999999999999 0.005499999999999999 0 0.005999999999999999 0.005749999999999999 0 0.005749999999999999 0.005999999999999999 0 0.005499999999999999 0.006249999999999999 0 0.005249999999999999 0.006499999999999999 0 0.005 0.006749999999999999 0 0.00475 0.006999999999999998 0 0.0045 0.007249999999999999 0 0.004250000000000001 0.007500000000000001 0 0.006249999999999999 0.005499999999999999 0 0.006249999999999999 0.005749999999999999 0 0.005999999999999999 0.005999999999999999 0 0.005749999999999999 0.006249999999999999 0 0.005499999999999999 0.006499999999999999 0 0.005249999999999999 0.006749999999999999 0 0.005 0.006999999999999998 0 0.00475 0.007249999999999999 0 0.004500000000000001 0.007500000000000001 0 0.0065 0.005499999999999999 0 0.0065 0.005749999999999999 0 0.006249999999999999 0.005999999999999999 0 0.005999999999999999 0.006249999999999999 0 0.005749999999999999 0.006499999999999999 0 0.005499999999999999 0.006749999999999999 0 0.005249999999999999 0.006999999999999998 0 0.005 0.007249999999999999 0 0.004750000000000002 0.007500000000000001 0 0.00675 0.005499999999999999 0 0.00675 0.005749999999999999 0 0.0065 0.005999999999999999 0 0.006249999999999999 0.006249999999999999 0 0.005999999999999999 0.006499999999999999 0 0.005749999999999999 0.006749999999999999 0 0.005499999999999999 0.006999999999999998 0 0.005249999999999999 0.007249999999999999 0 0.005000000000000002 0.007500000000000001 0 0.007 0.005499999999999999 0 0.007 0.005749999999999999 0 0.00675 0.005999999999999999 0 0.0065 0.006249999999999999 0 0.006249999999999999 0.006499999999999999 0 0.005999999999999999 0.006749999999999999 0 0.005749999999999999 0.006999999999999998 0 0.005499999999999999 0.007249999999999999 0 0.00525 0.007500000000000001 0 0.007249999999999999 0.005499999999999999 0 0.007249999999999999 0.005749999999999999 0 0.007 0.005999999999999999 0 0.00675 0.006249999999999999 0 0.0065 0.006499999999999999 0 0.006249999999999999 0.006749999999999999 0 0.005999999999999999 0.006999999999999998 0 0.005749999999999999 0.007249999999999999 0 0.005500000000000001 0.007500000000000001 0 0.007499999999999999 0.005499999999999999 0 0.007499999999999999 0.005749999999999999 0 0.007249999999999999 0.005999999999999999 0 0.007 0.006249999999999999 0 0.00675 0.006499999999999999 0 0.0065 0.006749999999999999 0 0.006249999999999999 0.006999999999999998 0 0.005999999999999999 0.007249999999999999 0 0.005750000000000001 0.007500000000000001 0 0.00775 0.005499999999999999 0 0.00775 0.005749999999999999 0 0.007499999999999999 0.005999999999999999 0 0.007249999999999999 0.006249999999999999 0 0.007 0.006499999999999999 0 0.00675 0.006749999999999999 0 0.0065 0.006999999999999998 0 0.006249999999999999 0.007249999999999999 0 0.006000000000000001 0.007500000000000001 0 0.007999999999999998 0.005499999999999999 0 0.007999999999999998 0.005749999999999999 0 0.00775 0.005999999999999999 0 0.007499999999999999 0.006249999999999999 0 0.007249999999999999 0.006499999999999999 0 0.007 0.006749999999999999 0 0.00675 0.006999999999999998 0 0.0065 0.007249999999999999 0 0.006250000000000001 0.007500000000000001 0 0.008249999999999999 0.005499999999999999 0 0.008249999999999999 0.005749999999999999 0 0.007999999999999998 0.005999999999999999 0 0.00775 0.006249999999999999 0 0.007499999999999999 0.006499999999999999 0 0.007249999999999999 0.006749999999999999 0 0.007 0.006999999999999998 0 0.00675 0.007249999999999999 0 0.006500000000000001 0.007500000000000001 0 0.008499999999999999 0.005499999999999999 0 0.008499999999999999 0.005749999999999999 0 0.008249999999999999 0.005999999999999999 0 0.007999999999999998 0.006249999999999999 0 0.00775 0.006499999999999999 0 0.007499999999999999 0.006749999999999999 0 0.007249999999999999 0.006999999999999998 0 0.007 0.007249999999999999 0 0.006750000000000002 0.007500000000000001 0 0.008749999999999999 0.005499999999999999 0 0.008749999999999999 0.005749999999999999 0 0.008499999999999999 0.005999999999999999 0 0.008249999999999999 0.006249999999999999 0 0.007999999999999998 0.006499999999999999 0 0.00775 0.006749999999999999 0 0.007499999999999999 0.006999999999999998 0 0.007249999999999999 0.007249999999999999 0 0.007000000000000002 0.007500000000000001 0 0.008999999999999999 0.005499999999999999 0 0.008999999999999999 0.005749999999999999 0 0.008749999999999999 0.005999999999999999 0 0.008499999999999999 0.006249999999999999 0 0.008249999999999999 0.006499999999999999 0 0.007999999999999998 0.006749999999999999 0 0.00775 0.006999999999999998 0 0.007499999999999999 0.007249999999999999 0 0.00725 0.007500000000000001 0 0.00925 0.005499999999999999 0 0.00925 0.005749999999999999 0 0.008999999999999999 0.005999999999999999 0 0.008749999999999999 0.006249999999999999 0 0.008499999999999999 0.006499999999999999 0 0.008249999999999999 0.006749999999999999 0 0.007999999999999998 0.006999999999999998 0 0.00775 0.007249999999999999 0 0.007500000000000001 0.007500000000000001 0 0.0095 0.005499999999999999 0 0.0095 0.005749999999999999 0 0.00925 0.005999999999999999 0 0.008999999999999999 0.006249999999999999 0 0.008749999999999999 0.006499999999999999 0 0.008499999999999999 0.006749999999999999 0 0.008249999999999999 0.006999999999999998 0 0.007999999999999998 0.007249999999999999 0 0.00775 0.007500000000000001 0 0.009749999999999998 0.005499999999999999 0 0.009749999999999998 0.005749999999999999 0 0.0095 0.005999999999999999 0 0.00925 0.006249999999999999 0 0.008999999999999999 0.006499999999999999 0 0.008749999999999999 0.006749999999999999 0 0.008499999999999999 0.006999999999999998 0 0.008249999999999999 0.007249999999999999 0 0.008000000000000002 0.007500000000000001 0 0.009999999999999998 0.005499999999999999 0 0.009999999999999998 0.005749999999999999 0 0.009749999999999998 0.005999999999999999 0 0.0095 0.006249999999999999 0 0.00925 0.006499999999999999 0 0.008999999999999999 0.006749999999999999 0 0.008749999999999999 0.006999999999999998 0 0.008499999999999999 0.007249999999999999 0 0.008250000000000002 0.007500000000000001 0 0.01025 0.005499999999999999 0 0.01025 0.005749999999999999 0 0.009999999999999998 0.005999999999999999 0 0.009749999999999998 0.006249999999999999 0 0.0095 0.006499999999999999 0 0.00925 0.006749999999999999 0 0.008999999999999999 0.006999999999999998 0 0.008749999999999999 0.007249999999999999 0 0.008500000000000002 0.007500000000000001 0 0.0105 0.005499999999999999 0 0.0105 0.005749999999999999 0 0.01025 0.005999999999999999 0 0.009999999999999998 0.006249999999999999 0 0.009749999999999998 0.006499999999999999 0 0.0095 0.006749999999999999 0 0.00925 0.006999999999999998 0 0.008999999999999999 0.007249999999999999 0 0.008750000000000003 0.007500000000000001 0 0.01075 0.005499999999999999 0 0.01075 0.005749999999999999 0 0.0105 0.005999999999999999 0 0.01025 0.006249999999999999 0 0.009999999999999998 0.006499999999999999 0 0.009749999999999998 0.006749999999999999 0 0.0095 0.006999999999999998 0 0.00925 0.007249999999999999 0 0.009000000000000003 0.007500000000000001 0 0.011 0.005499999999999999 0 0.011 0.005749999999999999 0 0.01075 0.005999999999999999 0 0.0105 0.006249999999999999 0 0.01025 0.006499999999999999 0 0.009999999999999998 0.006749999999999999 0 0.009749999999999998 0.006999999999999998 0 0.0095 0.007249999999999999 0 0.009250000000000003 0.007500000000000001 0 0.01125 0.005499999999999999 0 0.01125 0.005749999999999999 0 0.011 0.005999999999999999 0 0.01075 0.006249999999999999 0 0.0105 0.006499999999999999 0 0.01025 0.006749999999999999 0 0.009999999999999998 0.006999999999999998 0 0.009749999999999998 0.007249999999999999 0 0.009500000000000003 0.007500000000000001 0 0.0115 0.005499999999999999 0 0.0115 0.005749999999999999 0 0.01125 0.005999999999999999 0 0.011 0.006249999999999999 0 0.01075 0.006499999999999999 0 0.0105 0.006749999999999999 0 0.01025 0.006999999999999998 0 0.009999999999999998 0.007249999999999999 0 0.009750000000000002 0.007500000000000001 0 0.01175 0.005499999999999999 0 0.01175 0.005749999999999999 0 0.0115 0.005999999999999999 0 0.01125 0.006249999999999999 0 0.011 0.006499999999999999 0 0.01075 0.006749999999999999 0 0.0105 0.006999999999999998 0 0.01025 0.007249999999999999 0 0.01 0.007500000000000001 0 0.012 0.005499999999999999 0 0.012 0.005749999999999999 0 0.01175 0.005999999999999999 0 0.0115 0.006249999999999999 0 0.01125 0.006499999999999999 0 0.011 0.006749999999999999 0 0.01075 0.006999999999999998 0 0.0105 0.007249999999999999 0 0.01025 0.007500000000000001 0 0.01225 0.005499999999999999 0 0.01225 0.005749999999999999 0 0.012 0.005999999999999999 0 0.01175 0.006249999999999999 0 0.0115 0.006499999999999999 0 0.01125 0.006749999999999999 0 0.011 0.006999999999999998 0 0.01075 0.007249999999999999 0 0.0105 0.007500000000000001 0 0.0125 0.005499999999999999 0 0.0125 0.005749999999999999 0 0.01225 0.005999999999999999 0 0.012 0.006249999999999999 0 0.01175 0.006499999999999999 0 0.0115 0.006749999999999999 0 0.01125 0.006999999999999998 0 0.011 0.007249999999999999 0 0.01075 0.007500000000000001 0 0.01275 0.005499999999999999 0 0.01275 0.005749999999999999 0 0.0125 0.005999999999999999 0 0.01225 0.006249999999999999 0 0.012 0.006499999999999999 0 0.01175 0.006749999999999999 0 0.0115 0.006999999999999998 0 0.01125 0.007249999999999999 0 0.011 0.007500000000000001 0 0.013 0.005499999999999999 0 0.013 0.005749999999999999 0 0.01275 0.005999999999999999 0 0.0125 0.006249999999999999 0 0.01225 0.006499999999999999 0 0.012 0.006749999999999999 0 0.01175 0.006999999999999998 0 0.0115 0.007249999999999999 0 0.01125 0.007500000000000001 0 0.01325 0.005499999999999999 0 0.01325 0.005749999999999999 0 0.013 0.005999999999999999 0 0.01275 0.006249999999999999 0 0.0125 0.006499999999999999 0 0.01225 0.006749999999999999 0 0.012 0.006999999999999998 0 0.01175 0.007249999999999999 0 0.0115 0.007500000000000001 0 0.0135 0.005499999999999999 0 0.0135 0.005749999999999999 0 0.01325 0.005999999999999999 0 0.013 0.006249999999999999 0 0.01275 0.006499999999999999 0 0.0125 0.006749999999999999 0 0.01225 0.006999999999999998 0 0.012 0.007249999999999999 0 0.01175 0.007500000000000001 0 0.01375 0.005499999999999999 0 0.01375 0.005749999999999999 0 0.0135 0.005999999999999999 0 0.01325 0.006249999999999999 0 0.013 0.006499999999999999 0 0.01275 0.006749999999999999 0 0.0125 0.006999999999999998 0 0.01225 0.007249999999999999 0 0.012 0.007500000000000001 0 0.014 0.005499999999999999 0 0.014 0.005749999999999999 0 0.01375 0.005999999999999999 0 0.0135 0.006249999999999999 0 0.01325 0.006499999999999999 0 0.013 0.006749999999999999 0 0.01275 0.006999999999999998 0 0.0125 0.007249999999999999 0 0.01225 0.007500000000000001 0 0.01425 0.005499999999999999 0 0.01425 0.005749999999999999 0 0.014 0.005999999999999999 0 0.01375 0.006249999999999999 0 0.0135 0.006499999999999999 0 0.01325 0.006749999999999999 0 0.013 0.006999999999999998 0 0.01275 0.007249999999999999 0 0.0125 0.007500000000000001 0 0.0145 0.005499999999999999 0 0.0145 0.005749999999999999 0 0.01425 0.005999999999999999 0 0.014 0.006249999999999999 0 0.01375 0.006499999999999999 0 0.0135 0.006749999999999999 0 0.01325 0.006999999999999998 0 0.013 0.007249999999999999 0 0.01275 0.007500000000000001 0 0.01475 0.005499999999999999 0 0.01475 0.005749999999999999 0 0.0145 0.005999999999999999 0 0.01425 0.006249999999999999 0 0.014 0.006499999999999999 0 0.01375 0.006749999999999999 0 0.0135 0.006999999999999998 0 0.01325 0.007249999999999999 0 0.013 0.007500000000000001 0 0.015 0.005499999999999999 0 0.015 0.005749999999999999 0 0.01475 0.005999999999999999 0 0.0145 0.006249999999999999 0 0.01425 0.006499999999999999 0 0.014 0.006749999999999999 0 0.01375 0.006999999999999998 0 0.0135 0.007249999999999999 0 0.01325 0.007500000000000001 0 0.01525 0.005499999999999999 0 0.01525 0.005749999999999999 0 0.015 0.005999999999999999 0 0.01475 0.006249999999999999 0 0.0145 0.006499999999999999 0 0.01425 0.006749999999999999 0 0.014 0.006999999999999998 0 0.01375 0.007249999999999999 0 0.0135 0.007500000000000001 0 0.0155 0.005499999999999999 0 0.0155 0.005749999999999999 0 0.01525 0.005999999999999999 0 0.015 0.006249999999999999 0 0.01475 0.006499999999999999 0 0.0145 0.006749999999999999 0 0.01425 0.006999999999999998 0 0.014 0.007249999999999999 0 0.01375 0.007500000000000001 0 0.01575 0.005499999999999999 0 0.01575 0.005749999999999999 0 0.0155 0.005999999999999999 0 0.01525 0.006249999999999999 0 0.015 0.006499999999999999 0 0.01475 0.006749999999999999 0 0.0145 0.006999999999999998 0 0.01425 0.007249999999999999 0 0.014 0.007500000000000001 0 0.016 0.005499999999999999 0 0.016 0.005749999999999999 0 0.01575 0.005999999999999999 0 0.0155 0.006249999999999999 0 0.01525 0.006499999999999999 0 0.015 0.006749999999999999 0 0.01475 0.006999999999999998 0 0.0145 0.007249999999999999 0 0.01425 0.007500000000000001 0 0.01625 0.005499999999999999 0 0.01625 0.005749999999999999 0 0.016 0.005999999999999999 0 0.01575 0.006249999999999999 0 0.0155 0.006499999999999999 0 0.01525 0.006749999999999999 0 0.015 0.006999999999999998 0 0.01475 0.007249999999999999 0 0.0145 0.007500000000000001 0 0.0165 0.005499999999999999 0 0.0165 0.005749999999999999 0 0.01625 0.005999999999999999 0 0.016 0.006249999999999999 0 0.01575 0.006499999999999999 0 0.0155 0.006749999999999999 0 0.01525 0.006999999999999998 0 0.015 0.007249999999999999 0 0.01475 0.007500000000000001 0 0.01675 0.005499999999999999 0 0.01675 0.005749999999999999 0 0.0165 0.005999999999999999 0 0.01625 0.006249999999999999 0 0.016 0.006499999999999999 0 0.01575 0.006749999999999999 0 0.0155 0.006999999999999998 0 0.01525 0.007249999999999999 0 0.015 0.007500000000000001 0 0.017 0.005499999999999999 0 0.017 0.005749999999999999 0 0.01675 0.005999999999999999 0 0.0165 0.006249999999999999 0 0.01625 0.006499999999999999 0 0.016 0.006749999999999999 0 0.01575 0.006999999999999998 0 0.0155 0.007249999999999999 0 0.01525 0.007500000000000001 0 0.01725 0.005499999999999999 0 0.01725 0.005749999999999999 0 0.017 0.005999999999999999 0 0.01675 0.006249999999999999 0 0.0165 0.006499999999999999 0 0.01625 0.006749999999999999 0 0.016 0.006999999999999998 0 0.01575 0.007249999999999999 0 0.0155 0.007500000000000001 0 0.0175 0.005499999999999999 0 0.0175 0.005749999999999999 0 0.01725 0.005999999999999999 0 0.017 0.006249999999999999 0 0.01675 0.006499999999999999 0 0.0165 0.006749999999999999 0 0.01625 0.006999999999999998 0 0.016 0.007249999999999999 0 0.01575 0.007500000000000001 0 0.01775 0.005499999999999999 0 0.01775 0.005749999999999999 0 0.0175 0.005999999999999999 0 0.01725 0.006249999999999999 0 0.017 0.006499999999999999 0 0.01675 0.006749999999999999 0 0.0165 0.006999999999999998 0 0.01625 0.007249999999999999 0 0.016 0.007500000000000001 0 0.018 0.005499999999999999 0 0.018 0.005749999999999999 0 0.01775 0.005999999999999999 0 0.0175 0.006249999999999999 0 0.01725 0.006499999999999999 0 0.017 0.006749999999999999 0 0.01675 0.006999999999999998 0 0.0165 0.007249999999999999 0 0.01625 0.007500000000000001 0 0.01825 0.005499999999999999 0 0.01825 0.005749999999999999 0 0.018 0.005999999999999999 0 0.01775 0.006249999999999999 0 0.0175 0.006499999999999999 0 0.01725 0.006749999999999999 0 0.017 0.006999999999999998 0 0.01675 0.007249999999999999 0 0.0165 0.007500000000000001 0 0.0185 0.005499999999999999 0 0.0185 0.005749999999999999 0 0.01825 0.005999999999999999 0 0.018 0.006249999999999999 0 0.01775 0.006499999999999999 0 0.0175 0.006749999999999999 0 0.01725 0.006999999999999998 0 0.017 0.007249999999999999 0 0.01675 0.007500000000000001 0 0.01875 0.005499999999999999 0 0.01875 0.005749999999999999 0 0.0185 0.005999999999999999 0 0.01825 0.006249999999999999 0 0.018 0.006499999999999999 0 0.01775 0.006749999999999999 0 0.0175 0.006999999999999998 0 0.01725 0.007249999999999999 0 0.017 0.007500000000000001 0 0.019 0.005499999999999999 0 0.019 0.005749999999999999 0 0.01875 0.005999999999999999 0 0.0185 0.006249999999999999 0 0.01825 0.006499999999999999 0 0.018 0.006749999999999999 0 0.01775 0.006999999999999998 0 0.0175 0.007249999999999999 0 0.01725 0.007500000000000001 0 0.01925 0.005499999999999999 0 0.01925 0.005749999999999999 0 0.019 0.005999999999999999 0 0.01875 0.006249999999999999 0 0.0185 0.006499999999999999 0 0.01825 0.006749999999999999 0 0.018 0.006999999999999998 0 0.01775 0.007249999999999999 0 0.01750000000000001 0.007500000000000001 0 0.0195 0.005499999999999999 0 0.0195 0.005749999999999999 0 0.01925 0.005999999999999999 0 0.019 0.006249999999999999 0 0.01875 0.006499999999999999 0 0.0185 0.006749999999999999 0 0.01825 0.006999999999999998 0 0.018 0.007249999999999999 0 0.01775000000000001 0.007500000000000001 0 0.01975 0.005499999999999999 0 0.01975 0.005749999999999999 0 0.0195 0.005999999999999999 0 0.01925 0.006249999999999999 0 0.019 0.006499999999999999 0 0.01875 0.006749999999999999 0 0.0185 0.006999999999999998 0 0.01825 0.007249999999999999 0 0.01800000000000001 0.007500000000000001 0 0.02 0.005499999999999999 0 0.02 0.005749999999999999 0 0.01975 0.005999999999999999 0 0.0195 0.006249999999999999 0 0.01925 0.006499999999999999 0 0.019 0.006749999999999999 0 0.01875 0.006999999999999998 0 0.0185 0.007249999999999999 0 0.01825000000000001 0.007500000000000001 0 0.02025 0.005499999999999999 0 0.02025 0.005749999999999999 0 0.02 0.005999999999999999 0 0.01975 0.006249999999999999 0 0.0195 0.006499999999999999 0 0.01925 0.006749999999999999 0 0.019 0.006999999999999998 0 0.01875 0.007249999999999999 0 0.01850000000000001 0.007500000000000001 0 0.0205 0.005499999999999999 0 0.0205 0.005749999999999999 0 0.02025 0.005999999999999999 0 0.02 0.006249999999999999 0 0.01975 0.006499999999999999 0 0.0195 0.006749999999999999 0 0.01925 0.006999999999999998 0 0.019 0.007249999999999999 0 0.01875 0.007500000000000001 0 0.02075 0.005499999999999999 0 0.02075 0.005749999999999999 0 0.0205 0.005999999999999999 0 0.02025 0.006249999999999999 0 0.02 0.006499999999999999 0 0.01975 0.006749999999999999 0 0.0195 0.006999999999999998 0 0.01925 0.007249999999999999 0 0.019 0.007500000000000001 0 0.021 0.005499999999999999 0 0.021 0.005749999999999999 0 0.02075 0.005999999999999999 0 0.0205 0.006249999999999999 0 0.02025 0.006499999999999999 0 0.02 0.006749999999999999 0 0.01975 0.006999999999999998 0 0.0195 0.007249999999999999 0 0.01925 0.007500000000000001 0 0.02125 0.005499999999999999 0 0.02125 0.005749999999999999 0 0.021 0.005999999999999999 0 0.02075 0.006249999999999999 0 0.0205 0.006499999999999999 0 0.02025 0.006749999999999999 0 0.02 0.006999999999999998 0 0.01975 0.007249999999999999 0 0.0195 0.007500000000000001 0 0.0215 0.005499999999999999 0 0.0215 0.005749999999999999 0 0.02125 0.005999999999999999 0 0.021 0.006249999999999999 0 0.02075 0.006499999999999999 0 0.0205 0.006749999999999999 0 0.02025 0.006999999999999998 0 0.02 0.007249999999999999 0 0.01975 0.007500000000000001 0 0.02175 0.005499999999999999 0 0.02175 0.005749999999999999 0 0.0215 0.005999999999999999 0 0.02125 0.006249999999999999 0 0.021 0.006499999999999999 0 0.02075 0.006749999999999999 0 0.0205 0.006999999999999998 0 0.02025 0.007249999999999999 0 0.02 0.007500000000000001 0 0.022 0.005499999999999999 0 0.022 0.005749999999999999 0 0.02175 0.005999999999999999 0 0.0215 0.006249999999999999 0 0.02125 0.006499999999999999 0 0.021 0.006749999999999999 0 0.02075 0.006999999999999998 0 0.0205 0.007249999999999999 0 0.02025 0.007500000000000001 0 0.02225 0.005499999999999999 0 0.02225 0.005749999999999999 0 0.022 0.005999999999999999 0 0.02175 0.006249999999999999 0 0.0215 0.006499999999999999 0 0.02125 0.006749999999999999 0 0.021 0.006999999999999998 0 0.02075 0.007249999999999999 0 0.0205 0.007500000000000001 0 0.0225 0.005499999999999999 0 0.0225 0.005749999999999999 0 0.02225 0.005999999999999999 0 0.022 0.006249999999999999 0 0.02175 0.006499999999999999 0 0.0215 0.006749999999999999 0 0.02125 0.006999999999999998 0 0.021 0.007249999999999999 0 0.02075 0.007500000000000001 0 0.02275 0.005499999999999999 0 0.02275 0.005749999999999999 0 0.0225 0.005999999999999999 0 0.02225 0.006249999999999999 0 0.022 0.006499999999999999 0 0.02175 0.006749999999999999 0 0.0215 0.006999999999999998 0 0.02125 0.007249999999999999 0 0.021 0.007500000000000001 0 0.023 0.005499999999999999 0 0.023 0.005749999999999999 0 0.02275 0.005999999999999999 0 0.0225 0.006249999999999999 0 0.02225 0.006499999999999999 0 0.022 0.006749999999999999 0 0.02175 0.006999999999999998 0 0.0215 0.007249999999999999 0 0.02125 0.007500000000000001 0 0.02325 0.005499999999999999 0 0.02325 0.005749999999999999 0 0.023 0.005999999999999999 0 0.02275 0.006249999999999999 0 0.0225 0.006499999999999999 0 0.02225 0.006749999999999999 0 0.022 0.006999999999999998 0 0.02175 0.007249999999999999 0 0.02150000000000001 0.007500000000000001 0 0.0235 0.005499999999999999 0 0.0235 0.005749999999999999 0 0.02325 0.005999999999999999 0 0.023 0.006249999999999999 0 0.02275 0.006499999999999999 0 0.0225 0.006749999999999999 0 0.02225 0.006999999999999998 0 0.022 0.007249999999999999 0 0.02175000000000001 0.007500000000000001 0 0.02375 0.005499999999999999 0 0.02375 0.005749999999999999 0 0.0235 0.005999999999999999 0 0.02325 0.006249999999999999 0 0.023 0.006499999999999999 0 0.02275 0.006749999999999999 0 0.0225 0.006999999999999998 0 0.02225 0.007249999999999999 0 0.02200000000000001 0.007500000000000001 0 0.024 0.005499999999999999 0 0.024 0.005749999999999999 0 0.02375 0.005999999999999999 0 0.0235 0.006249999999999999 0 0.02325 0.006499999999999999 0 0.023 0.006749999999999999 0 0.02275 0.006999999999999998 0 0.0225 0.007249999999999999 0 0.02225000000000001 0.007500000000000001 0 0.02425 0.005499999999999999 0 0.02425 0.005749999999999999 0 0.024 0.005999999999999999 0 0.02375 0.006249999999999999 0 0.0235 0.006499999999999999 0 0.02325 0.006749999999999999 0 0.023 0.006999999999999998 0 0.02275 0.007249999999999999 0 0.0225 0.007500000000000001 0 0.0245 0.005499999999999999 0 0.0245 0.005749999999999999 0 0.02425 0.005999999999999999 0 0.024 0.006249999999999999 0 0.02375 0.006499999999999999 0 0.0235 0.006749999999999999 0 0.02325 0.006999999999999998 0 0.023 0.007249999999999999 0 0.02275 0.007500000000000001 0 0.02475 0.005499999999999999 0 0.02475 0.005749999999999999 0 0.0245 0.005999999999999999 0 0.02425 0.006249999999999999 0 0.024 0.006499999999999999 0 0.02375 0.006749999999999999 0 0.0235 0.006999999999999998 0 0.02325 0.007249999999999999 0 0.023 0.007500000000000001 0 0.025 0.005499999999999999 0 0.025 0.005749999999999999 0 0.02475 0.005999999999999999 0 0.0245 0.006249999999999999 0 0.02425 0.006499999999999999 0 0.024 0.006749999999999999 0 0.02375 0.006999999999999998 0 0.0235 0.007249999999999999 0 0.02325 0.007500000000000001 0 0.02525 0.005499999999999999 0 0.02525 0.005749999999999999 0 0.025 0.005999999999999999 0 0.02475 0.006249999999999999 0 0.0245 0.006499999999999999 0 0.02425 0.006749999999999999 0 0.024 0.006999999999999998 0 0.02375 0.007249999999999999 0 0.0235 0.007500000000000001 0 0.0255 0.005499999999999999 0 0.0255 0.005749999999999999 0 0.02525 0.005999999999999999 0 0.025 0.006249999999999999 0 0.02475 0.006499999999999999 0 0.0245 0.006749999999999999 0 0.02425 0.006999999999999998 0 0.024 0.007249999999999999 0 0.02375 0.007500000000000001 0 0.02575 0.005499999999999999 0 0.02575 0.005749999999999999 0 0.0255 0.005999999999999999 0 0.02525 0.006249999999999999 0 0.025 0.006499999999999999 0 0.02475 0.006749999999999999 0 0.0245 0.006999999999999998 0 0.02425 0.007249999999999999 0 0.024 0.007500000000000001 0 0.026 0.005499999999999999 0 0.026 0.005749999999999999 0 0.02575 0.005999999999999999 0 0.0255 0.006249999999999999 0 0.02525 0.006499999999999999 0 0.025 0.006749999999999999 0 0.02475 0.006999999999999998 0 0.0245 0.007249999999999999 0 0.02425 0.007500000000000001 0 0.02625 0.005499999999999999 0 0.02625 0.005749999999999999 0 0.026 0.005999999999999999 0 0.02575 0.006249999999999999 0 0.0255 0.006499999999999999 0 0.02525 0.006749999999999999 0 0.025 0.006999999999999998 0 0.02475 0.007249999999999999 0 0.0245 0.007500000000000001 0 0.0265 0.005499999999999999 0 0.0265 0.005749999999999999 0 0.02625 0.005999999999999999 0 0.026 0.006249999999999999 0 0.02575 0.006499999999999999 0 0.0255 0.006749999999999999 0 0.02525 0.006999999999999998 0 0.025 0.007249999999999999 0 0.02475 0.007500000000000001 0 0.02675 0.005499999999999999 0 0.02675 0.005749999999999999 0 0.0265 0.005999999999999999 0 0.02625 0.006249999999999999 0 0.026 0.006499999999999999 0 0.02575 0.006749999999999999 0 0.0255 0.006999999999999998 0 0.02525 0.007249999999999999 0 0.025 0.007500000000000001 0 0.027 0.005499999999999999 0 0.027 0.005749999999999999 0 0.02675 0.005999999999999999 0 0.0265 0.006249999999999999 0 0.02625 0.006499999999999999 0 0.026 0.006749999999999999 0 0.02575 0.006999999999999998 0 0.0255 0.007249999999999999 0 0.02525000000000001 0.007500000000000001 0 0.02725 0.005499999999999999 0 0.02725 0.005749999999999999 0 0.027 0.005999999999999999 0 0.02675 0.006249999999999999 0 0.0265 0.006499999999999999 0 0.02625 0.006749999999999999 0 0.026 0.006999999999999998 0 0.02575 0.007249999999999999 0 0.02550000000000001 0.007500000000000001 0 0.0275 0.005499999999999999 0 0.0275 0.005749999999999999 0 0.02725 0.005999999999999999 0 0.027 0.006249999999999999 0 0.02675 0.006499999999999999 0 0.0265 0.006749999999999999 0 0.02625 0.006999999999999998 0 0.026 0.007249999999999999 0 0.02575000000000001 0.007500000000000001 0 0.02775 0.005499999999999999 0 0.02775 0.005749999999999999 0 0.0275 0.005999999999999999 0 0.02725 0.006249999999999999 0 0.027 0.006499999999999999 0 0.02675 0.006749999999999999 0 0.0265 0.006999999999999998 0 0.02625 0.007249999999999999 0 0.02600000000000001 0.007500000000000001 0 0.028 0.005499999999999999 0 0.028 0.005749999999999999 0 0.02775 0.005999999999999999 0 0.0275 0.006249999999999999 0 0.02725 0.006499999999999999 0 0.027 0.006749999999999999 0 0.02675 0.006999999999999998 0 0.0265 0.007249999999999999 0 0.02625000000000001 0.007500000000000001 0 0.02825 0.005499999999999999 0 0.02825 0.005749999999999999 0 0.028 0.005999999999999999 0 0.02775 0.006249999999999999 0 0.0275 0.006499999999999999 0 0.02725 0.006749999999999999 0 0.027 0.006999999999999998 0 0.02675 0.007249999999999999 0 0.02650000000000001 0.007500000000000001 0 0.0285 0.005499999999999999 0 0.0285 0.005749999999999999 0 0.02825 0.005999999999999999 0 0.028 0.006249999999999999 0 0.02775 0.006499999999999999 0 0.0275 0.006749999999999999 0 0.02725 0.006999999999999998 0 0.027 0.007249999999999999 0 0.02675 0.007500000000000001 0 0.02875 0.005499999999999999 0 0.02875 0.005749999999999999 0 0.0285 0.005999999999999999 0 0.02825 0.006249999999999999 0 0.028 0.006499999999999999 0 0.02775 0.006749999999999999 0 0.0275 0.006999999999999998 0 0.02725 0.007249999999999999 0 0.027 0.007500000000000001 0 0.029 0.005499999999999999 0 0.029 0.005749999999999999 0 0.02875 0.005999999999999999 0 0.0285 0.006249999999999999 0 0.02825 0.006499999999999999 0 0.028 0.006749999999999999 0 0.02775 0.006999999999999998 0 0.0275 0.007249999999999999 0 0.02725 0.007500000000000001 0 0.02925 0.005499999999999999 0 0.02925 0.005749999999999999 0 0.029 0.005999999999999999 0 0.02875 0.006249999999999999 0 0.0285 0.006499999999999999 0 0.02825 0.006749999999999999 0 0.028 0.006999999999999998 0 0.02775 0.007249999999999999 0 0.0275 0.007500000000000001 0 0.0295 0.005499999999999999 0 0.0295 0.005749999999999999 0 0.02925 0.005999999999999999 0 0.029 0.006249999999999999 0 0.02875 0.006499999999999999 0 0.0285 0.006749999999999999 0 0.02825 0.006999999999999998 0 0.028 0.007249999999999999 0 0.02775 0.007500000000000001 0 0.02975 0.005499999999999999 0 0.02975 0.005749999999999999 0 0.0295 0.005999999999999999 0 0.02925 0.006249999999999999 0 0.029 0.006499999999999999 0 0.02875 0.006749999999999999 0 0.0285 0.006999999999999998 0 0.02825 0.007249999999999999 0 0.028 0.007500000000000001 0 0.03 0.005499999999999999 0 0.03 0.005749999999999999 0 0.02975 0.005999999999999999 0 0.0295 0.006249999999999999 0 0.02925 0.006499999999999999 0 0.029 0.006749999999999999 0 0.02875 0.006999999999999998 0 0.0285 0.007249999999999999 0 0.02825 0.007500000000000001 0 0.03025 0.005499999999999999 0 0.03025 0.005749999999999999 0 0.03 0.005999999999999999 0 0.02975 0.006249999999999999 0 0.0295 0.006499999999999999 0 0.02925 0.006749999999999999 0 0.029 0.006999999999999998 0 0.02875 0.007249999999999999 0 0.0285 0.007500000000000001 0 0.0305 0.005499999999999999 0 0.0305 0.005749999999999999 0 0.03025 0.005999999999999999 0 0.03 0.006249999999999999 0 0.02975 0.006499999999999999 0 0.0295 0.006749999999999999 0 0.02925 0.006999999999999998 0 0.029 0.007249999999999999 0 0.02875 0.007500000000000001 0 0.03075 0.005499999999999999 0 0.03075 0.005749999999999999 0 0.0305 0.005999999999999999 0 0.03025 0.006249999999999999 0 0.03 0.006499999999999999 0 0.02975 0.006749999999999999 0 0.0295 0.006999999999999998 0 0.02925 0.007249999999999999 0 0.029 0.007500000000000001 0 0.031 0.005499999999999999 0 0.031 0.005749999999999999 0 0.03075 0.005999999999999999 0 0.0305 0.006249999999999999 0 0.03025 0.006499999999999999 0 0.03 0.006749999999999999 0 0.02975 0.006999999999999998 0 0.0295 0.007249999999999999 0 0.02925000000000001 0.007500000000000001 0 0.03125 0.005499999999999999 0 0.03125 0.005749999999999999 0 0.031 0.005999999999999999 0 0.03075 0.006249999999999999 0 0.0305 0.006499999999999999 0 0.03025 0.006749999999999999 0 0.03 0.006999999999999998 0 0.02975 0.007249999999999999 0 0.02950000000000001 0.007500000000000001 0 0.03149999999999999 0.005499999999999999 0 0.03149999999999999 0.005749999999999999 0 0.03125 0.005999999999999999 0 0.031 0.006249999999999999 0 0.03075 0.006499999999999999 0 0.0305 0.006749999999999999 0 0.03025 0.006999999999999998 0 0.03 0.007249999999999999 0 0.02975000000000001 0.007500000000000001 0 0.03174999999999999 0.005499999999999999 0 0.03174999999999999 0.005749999999999999 0 0.03149999999999999 0.005999999999999999 0 0.03125 0.006249999999999999 0 0.031 0.006499999999999999 0 0.03075 0.006749999999999999 0 0.0305 0.006999999999999998 0 0.03025 0.007249999999999999 0 0.03000000000000001 0.007500000000000001 0 0.03199999999999999 0.005499999999999999 0 0.03199999999999999 0.005749999999999999 0 0.03174999999999999 0.005999999999999999 0 0.03149999999999999 0.006249999999999999 0 0.03125 0.006499999999999999 0 0.031 0.006749999999999999 0 0.03075 0.006999999999999998 0 0.0305 0.007249999999999999 0 0.03025000000000001 0.007500000000000001 0 0.03224999999999999 0.005499999999999999 0 0.03224999999999999 0.005749999999999999 0 0.03199999999999999 0.005999999999999999 0 0.03174999999999999 0.006249999999999999 0 0.03149999999999999 0.006499999999999999 0 0.03125 0.006749999999999999 0 0.031 0.006999999999999998 0 0.03075 0.007249999999999999 0 0.0305 0.007500000000000001 0 0.03249999999999999 0.005499999999999999 0 0.03249999999999999 0.005749999999999999 0 0.03224999999999999 0.005999999999999999 0 0.03199999999999999 0.006249999999999999 0 0.03174999999999999 0.006499999999999999 0 0.03149999999999999 0.006749999999999999 0 0.03125 0.006999999999999998 0 0.031 0.007249999999999999 0 0.03075 0.007500000000000001 0 0.03274999999999999 0.005499999999999999 0 0.03274999999999999 0.005749999999999999 0 0.03249999999999999 0.005999999999999999 0 0.03224999999999999 0.006249999999999999 0 0.03199999999999999 0.006499999999999999 0 0.03174999999999999 0.006749999999999999 0 0.03149999999999999 0.006999999999999998 0 0.03125 0.007249999999999999 0 0.031 0.007500000000000001 0 0.03299999999999999 0.005499999999999999 0 0.03299999999999999 0.005749999999999999 0 0.03274999999999999 0.005999999999999999 0 0.03249999999999999 0.006249999999999999 0 0.03224999999999999 0.006499999999999999 0 0.03199999999999999 0.006749999999999999 0 0.03174999999999999 0.006999999999999998 0 0.03149999999999999 0.007249999999999999 0 0.03125000000000001 0.007500000000000001 0 0.03324999999999999 0.005499999999999999 0 0.03324999999999999 0.005749999999999999 0 0.03299999999999999 0.005999999999999999 0 0.03274999999999999 0.006249999999999999 0 0.03249999999999999 0.006499999999999999 0 0.03224999999999999 0.006749999999999999 0 0.03199999999999999 0.006999999999999998 0 0.03174999999999999 0.007249999999999999 0 0.03150000000000001 0.007500000000000001 0 0.0335 0.005499999999999999 0 0.0335 0.005749999999999999 0 0.03324999999999999 0.005999999999999999 0 0.03299999999999999 0.006249999999999999 0 0.03274999999999999 0.006499999999999999 0 0.03249999999999999 0.006749999999999999 0 0.03224999999999999 0.006999999999999998 0 0.03199999999999999 0.007249999999999999 0 0.03175000000000001 0.007500000000000001 0 0.03375 0.005499999999999999 0 0.03375 0.005749999999999999 0 0.0335 0.005999999999999999 0 0.03324999999999999 0.006249999999999999 0 0.03299999999999999 0.006499999999999999 0 0.03274999999999999 0.006749999999999999 0 0.03249999999999999 0.006999999999999998 0 0.03224999999999999 0.007249999999999999 0 0.03200000000000001 0.007500000000000001 0 0.034 0.005499999999999999 0 0.034 0.005749999999999999 0 0.03375 0.005999999999999999 0 0.0335 0.006249999999999999 0 0.03324999999999999 0.006499999999999999 0 0.03299999999999999 0.006749999999999999 0 0.03274999999999999 0.006999999999999998 0 0.03249999999999999 0.007249999999999999 0 0.03225000000000001 0.007500000000000001 0 0.03425 0.005499999999999999 0 0.03425 0.005749999999999999 0 0.034 0.005999999999999999 0 0.03375 0.006249999999999999 0 0.0335 0.006499999999999999 0 0.03324999999999999 0.006749999999999999 0 0.03299999999999999 0.006999999999999998 0 0.03274999999999999 0.007249999999999999 0 0.03250000000000001 0.007500000000000001 0 0.0345 0.005499999999999999 0 0.0345 0.005749999999999999 0 0.03425 0.005999999999999999 0 0.034 0.006249999999999999 0 0.03375 0.006499999999999999 0 0.0335 0.006749999999999999 0 0.03324999999999999 0.006999999999999998 0 0.03299999999999999 0.007249999999999999 0 0.03275000000000001 0.007500000000000001 0 0.03475 0.005499999999999999 0 0.03475 0.005749999999999999 0 0.0345 0.005999999999999999 0 0.03425 0.006249999999999999 0 0.034 0.006499999999999999 0 0.03375 0.006749999999999999 0 0.0335 0.006999999999999998 0 0.03324999999999999 0.007249999999999999 0 0.03300000000000001 0.007500000000000001 0 0.035 0.005499999999999999 0 0.035 0.005749999999999999 0 0.03475 0.005999999999999999 0 0.0345 0.006249999999999999 0 0.03425 0.006499999999999999 0 0.034 0.006749999999999999 0 0.03375 0.006999999999999998 0 0.0335 0.007249999999999999 0 0.03325000000000001 0.007500000000000001 0 0.03525 0.005499999999999999 0 0.03525 0.005749999999999999 0 0.035 0.005999999999999999 0 0.03475 0.006249999999999999 0 0.0345 0.006499999999999999 0 0.03425 0.006749999999999999 0 0.034 0.006999999999999998 0 0.03375 0.007249999999999999 0 0.03350000000000001 0.007500000000000001 0 0.0355 0.005499999999999999 0 0.0355 0.005749999999999999 0 0.03525 0.005999999999999999 0 0.035 0.006249999999999999 0 0.03475 0.006499999999999999 0 0.0345 0.006749999999999999 0 0.03425 0.006999999999999998 0 0.034 0.007249999999999999 0 0.03375000000000001 0.007500000000000001 0 0.03575 0.005499999999999999 0 0.03575 0.005749999999999999 0 0.0355 0.005999999999999999 0 0.03525 0.006249999999999999 0 0.035 0.006499999999999999 0 0.03475 0.006749999999999999 0 0.0345 0.006999999999999998 0 0.03425 0.007249999999999999 0 0.03400000000000001 0.007500000000000001 0 0.036 0.005499999999999999 0 0.036 0.005749999999999999 0 0.03575 0.005999999999999999 0 0.0355 0.006249999999999999 0 0.03525 0.006499999999999999 0 0.035 0.006749999999999999 0 0.03475 0.006999999999999998 0 0.0345 0.007249999999999999 0 0.03425000000000001 0.007500000000000001 0 0.03625 0.005499999999999999 0 0.03625 0.005749999999999999 0 0.036 0.005999999999999999 0 0.03575 0.006249999999999999 0 0.0355 0.006499999999999999 0 0.03525 0.006749999999999999 0 0.035 0.006999999999999998 0 0.03475 0.007249999999999999 0 0.03450000000000001 0.007500000000000001 0 0.0365 0.005499999999999999 0 0.0365 0.005749999999999999 0 0.03625 0.005999999999999999 0 0.036 0.006249999999999999 0 0.03575 0.006499999999999999 0 0.0355 0.006749999999999999 0 0.03525 0.006999999999999998 0 0.035 0.007249999999999999 0 0.03475000000000001 0.007500000000000001 0 0.03674999999999999 0.005499999999999999 0 0.03674999999999999 0.005749999999999999 0 0.0365 0.005999999999999999 0 0.03625 0.006249999999999999 0 0.036 0.006499999999999999 0 0.03575 0.006749999999999999 0 0.0355 0.006999999999999998 0 0.03525 0.007249999999999999 0 0.03500000000000001 0.007500000000000001 0 0.03699999999999999 0.005499999999999999 0 0.03699999999999999 0.005749999999999999 0 0.03674999999999999 0.005999999999999999 0 0.0365 0.006249999999999999 0 0.03625 0.006499999999999999 0 0.036 0.006749999999999999 0 0.03575 0.006999999999999998 0 0.0355 0.007249999999999999 0 0.03525000000000001 0.007500000000000001 0 0.03724999999999999 0.005499999999999999 0 0.03724999999999999 0.005749999999999999 0 0.03699999999999999 0.005999999999999999 0 0.03674999999999999 0.006249999999999999 0 0.0365 0.006499999999999999 0 0.03625 0.006749999999999999 0 0.036 0.006999999999999998 0 0.03575 0.007249999999999999 0 0.03550000000000001 0.007500000000000001 0 0.03749999999999999 0.005499999999999999 0 0.03749999999999999 0.005749999999999999 0 0.03724999999999999 0.005999999999999999 0 0.03699999999999999 0.006249999999999999 0 0.03674999999999999 0.006499999999999999 0 0.0365 0.006749999999999999 0 0.03625 0.006999999999999998 0 0.036 0.007249999999999999 0 0.03575000000000001 0.007500000000000001 0 0.03774999999999999 0.005499999999999999 0 0.03774999999999999 0.005749999999999999 0 0.03749999999999999 0.005999999999999999 0 0.03724999999999999 0.006249999999999999 0 0.03699999999999999 0.006499999999999999 0 0.03674999999999999 0.006749999999999999 0 0.0365 0.006999999999999998 0 0.03625 0.007249999999999999 0 0.03600000000000001 0.007500000000000001 0 0.03799999999999999 0.005499999999999999 0 0.03799999999999999 0.005749999999999999 0 0.03774999999999999 0.005999999999999999 0 0.03749999999999999 0.006249999999999999 0 0.03724999999999999 0.006499999999999999 0 0.03699999999999999 0.006749999999999999 0 0.03674999999999999 0.006999999999999998 0 0.0365 0.007249999999999999 0 0.03625000000000001 0.007500000000000001 0 0.03824999999999999 0.005499999999999999 0 0.03824999999999999 0.005749999999999999 0 0.03799999999999999 0.005999999999999999 0 0.03774999999999999 0.006249999999999999 0 0.03749999999999999 0.006499999999999999 0 0.03724999999999999 0.006749999999999999 0 0.03699999999999999 0.006999999999999998 0 0.03674999999999999 0.007249999999999999 0 0.03650000000000001 0.007500000000000001 0 0.03849999999999999 0.005499999999999999 0 0.03849999999999999 0.005749999999999999 0 0.03824999999999999 0.005999999999999999 0 0.03799999999999999 0.006249999999999999 0 0.03774999999999999 0.006499999999999999 0 0.03749999999999999 0.006749999999999999 0 0.03724999999999999 0.006999999999999998 0 0.03699999999999999 0.007249999999999999 0 0.03675 0.007500000000000001 0 0.03874999999999999 0.005499999999999999 0 0.03874999999999999 0.005749999999999999 0 0.03849999999999999 0.005999999999999999 0 0.03824999999999999 0.006249999999999999 0 0.03799999999999999 0.006499999999999999 0 0.03774999999999999 0.006749999999999999 0 0.03749999999999999 0.006999999999999998 0 0.03724999999999999 0.007249999999999999 0 0.03700000000000001 0.007500000000000001 0 0.03899999999999999 0.005499999999999999 0 0.03899999999999999 0.005749999999999999 0 0.03874999999999999 0.005999999999999999 0 0.03849999999999999 0.006249999999999999 0 0.03824999999999999 0.006499999999999999 0 0.03799999999999999 0.006749999999999999 0 0.03774999999999999 0.006999999999999998 0 0.03749999999999999 0.007249999999999999 0 0.03725000000000001 0.007500000000000001 0 0.03924999999999999 0.005499999999999999 0 0.03924999999999999 0.005749999999999999 0 0.03899999999999999 0.005999999999999999 0 0.03874999999999999 0.006249999999999999 0 0.03849999999999999 0.006499999999999999 0 0.03824999999999999 0.006749999999999999 0 0.03799999999999999 0.006999999999999998 0 0.03774999999999999 0.007249999999999999 0 0.03750000000000001 0.007500000000000001 0 0.03949999999999999 0.005499999999999999 0 0.03949999999999999 0.005749999999999999 0 0.03924999999999999 0.005999999999999999 0 0.03899999999999999 0.006249999999999999 0 0.03874999999999999 0.006499999999999999 0 0.03849999999999999 0.006749999999999999 0 0.03824999999999999 0.006999999999999998 0 0.03799999999999999 0.007249999999999999 0 0.03775000000000001 0.007500000000000001 0 0.03974999999999999 0.005499999999999999 0 0.03974999999999999 0.005749999999999999 0 0.03949999999999999 0.005999999999999999 0 0.03924999999999999 0.006249999999999999 0 0.03899999999999999 0.006499999999999999 0 0.03874999999999999 0.006749999999999999 0 0.03849999999999999 0.006999999999999998 0 0.03824999999999999 0.007249999999999999 0 0.03800000000000001 0.007500000000000001 0 0.03999999999999999 0.005499999999999999 0 0.03999999999999999 0.005749999999999999 0 0.03974999999999999 0.005999999999999999 0 0.03949999999999999 0.006249999999999999 0 0.03924999999999999 0.006499999999999999 0 0.03899999999999999 0.006749999999999999 0 0.03874999999999999 0.006999999999999998 0 0.03849999999999999 0.007249999999999999 0 0.03825000000000001 0.007500000000000001 0 0.04024999999999999 0.005499999999999999 0 0.04024999999999999 0.005749999999999999 0 0.03999999999999999 0.005999999999999999 0 0.03974999999999999 0.006249999999999999 0 0.03949999999999999 0.006499999999999999 0 0.03924999999999999 0.006749999999999999 0 0.03899999999999999 0.006999999999999998 0 0.03874999999999999 0.007249999999999999 0 0.03850000000000001 0.007500000000000001 0 0.04049999999999999 0.005499999999999999 0 0.04049999999999999 0.005749999999999999 0 0.04024999999999999 0.005999999999999999 0 0.03999999999999999 0.006249999999999999 0 0.03974999999999999 0.006499999999999999 0 0.03949999999999999 0.006749999999999999 0 0.03924999999999999 0.006999999999999998 0 0.03899999999999999 0.007249999999999999 0 0.03875000000000001 0.007500000000000001 0 0.04074999999999999 0.005499999999999999 0 0.04074999999999999 0.005749999999999999 0 0.04049999999999999 0.005999999999999999 0 0.04024999999999999 0.006249999999999999 0 0.03999999999999999 0.006499999999999999 0 0.03974999999999999 0.006749999999999999 0 0.03949999999999999 0.006999999999999998 0 0.03924999999999999 0.007249999999999999 0 0.03900000000000001 0.007500000000000001 0 0.04099999999999999 0.005499999999999999 0 0.04099999999999999 0.005749999999999999 0 0.04074999999999999 0.005999999999999999 0 0.04049999999999999 0.006249999999999999 0 0.04024999999999999 0.006499999999999999 0 0.03999999999999999 0.006749999999999999 0 0.03974999999999999 0.006999999999999998 0 0.03949999999999999 0.007249999999999999 0 0.03925000000000001 0.007500000000000001 0 0.04125 0.005499999999999999 0 0.04125 0.005749999999999999 0 0.04099999999999999 0.005999999999999999 0 0.04074999999999999 0.006249999999999999 0 0.04049999999999999 0.006499999999999999 0 0.04024999999999999 0.006749999999999999 0 0.03999999999999999 0.006999999999999998 0 0.03974999999999999 0.007249999999999999 0 0.03950000000000001 0.007500000000000001 0 0.0415 0.005499999999999999 0 0.0415 0.005749999999999999 0 0.04125 0.005999999999999999 0 0.04099999999999999 0.006249999999999999 0 0.04074999999999999 0.006499999999999999 0 0.04049999999999999 0.006749999999999999 0 0.04024999999999999 0.006999999999999998 0 0.03999999999999999 0.007249999999999999 0 0.03975000000000001 0.007500000000000001 0 0.04175 0.005499999999999999 0 0.04175 0.005749999999999999 0 0.0415 0.005999999999999999 0 0.04125 0.006249999999999999 0 0.04099999999999999 0.006499999999999999 0 0.04074999999999999 0.006749999999999999 0 0.04049999999999999 0.006999999999999998 0 0.04024999999999999 0.007249999999999999 0 0.04000000000000001 0.007500000000000001 0 0.042 0.005499999999999999 0 0.042 0.005749999999999999 0 0.04175 0.005999999999999999 0 0.0415 0.006249999999999999 0 0.04125 0.006499999999999999 0 0.04099999999999999 0.006749999999999999 0 0.04074999999999999 0.006999999999999998 0 0.04049999999999999 0.007249999999999999 0 0.04025000000000001 0.007500000000000001 0 0.04225 0.005499999999999999 0 0.04225 0.005749999999999999 0 0.042 0.005999999999999999 0 0.04175 0.006249999999999999 0 0.0415 0.006499999999999999 0 0.04125 0.006749999999999999 0 0.04099999999999999 0.006999999999999998 0 0.04074999999999999 0.007249999999999999 0 0.04050000000000001 0.007500000000000001 0 0.0425 0.005499999999999999 0 0.0425 0.005749999999999999 0 0.04225 0.005999999999999999 0 0.042 0.006249999999999999 0 0.04175 0.006499999999999999 0 0.0415 0.006749999999999999 0 0.04125 0.006999999999999998 0 0.04099999999999999 0.007249999999999999 0 0.04075000000000001 0.007500000000000001 0 0.04275 0.005499999999999999 0 0.04275 0.005749999999999999 0 0.0425 0.005999999999999999 0 0.04225 0.006249999999999999 0 0.042 0.006499999999999999 0 0.04175 0.006749999999999999 0 0.0415 0.006999999999999998 0 0.04125 0.007249999999999999 0 0.04100000000000001 0.007500000000000001 0 0.043 0.005499999999999999 0 0.043 0.005749999999999999 0 0.04275 0.005999999999999999 0 0.0425 0.006249999999999999 0 0.04225 0.006499999999999999 0 0.042 0.006749999999999999 0 0.04175 0.006999999999999998 0 0.0415 0.007249999999999999 0 0.04125000000000001 0.007500000000000001 0 0.04325 0.005499999999999999 0 0.04325 0.005749999999999999 0 0.043 0.005999999999999999 0 0.04275 0.006249999999999999 0 0.0425 0.006499999999999999 0 0.04225 0.006749999999999999 0 0.042 0.006999999999999998 0 0.04175 0.007249999999999999 0 0.04150000000000001 0.007500000000000001 0 0.0435 0.005499999999999999 0 0.0435 0.005749999999999999 0 0.04325 0.005999999999999999 0 0.043 0.006249999999999999 0 0.04275 0.006499999999999999 0 0.0425 0.006749999999999999 0 0.04225 0.006999999999999998 0 0.042 0.007249999999999999 0 0.04175000000000001 0.007500000000000001 0 0.04375 0.005499999999999999 0 0.04375 0.005749999999999999 0 0.0435 0.005999999999999999 0 0.04325 0.006249999999999999 0 0.043 0.006499999999999999 0 0.04275 0.006749999999999999 0 0.0425 0.006999999999999998 0 0.04225 0.007249999999999999 0 0.04200000000000001 0.007500000000000001 0 0.044 0.005499999999999999 0 0.044 0.005749999999999999 0 0.04375 0.005999999999999999 0 0.0435 0.006249999999999999 0 0.04325 0.006499999999999999 0 0.043 0.006749999999999999 0 0.04275 0.006999999999999998 0 0.0425 0.007249999999999999 0 0.04225000000000001 0.007500000000000001 0 0.04425 0.005499999999999999 0 0.04425 0.005749999999999999 0 0.044 0.005999999999999999 0 0.04375 0.006249999999999999 0 0.0435 0.006499999999999999 0 0.04325 0.006749999999999999 0 0.043 0.006999999999999998 0 0.04275 0.007249999999999999 0 0.04250000000000001 0.007500000000000001 0 0.04449999999999999 0.005499999999999999 0 0.04449999999999999 0.005749999999999999 0 0.04425 0.005999999999999999 0 0.044 0.006249999999999999 0 0.04375 0.006499999999999999 0 0.0435 0.006749999999999999 0 0.04325 0.006999999999999998 0 0.043 0.007249999999999999 0 0.04275000000000001 0.007500000000000001 0 0.04474999999999999 0.005499999999999999 0 0.04474999999999999 0.005749999999999999 0 0.04449999999999999 0.005999999999999999 0 0.04425 0.006249999999999999 0 0.044 0.006499999999999999 0 0.04375 0.006749999999999999 0 0.0435 0.006999999999999998 0 0.04325 0.007249999999999999 0 0.04300000000000001 0.007500000000000001 0 0.04499999999999999 0.005499999999999999 0 0.04499999999999999 0.005749999999999999 0 0.04474999999999999 0.005999999999999999 0 0.04449999999999999 0.006249999999999999 0 0.04425 0.006499999999999999 0 0.044 0.006749999999999999 0 0.04375 0.006999999999999998 0 0.0435 0.007249999999999999 0 0.04325000000000001 0.007500000000000001 0 0.04524999999999999 0.005499999999999999 0 0.04524999999999999 0.005749999999999999 0 0.04499999999999999 0.005999999999999999 0 0.04474999999999999 0.006249999999999999 0 0.04449999999999999 0.006499999999999999 0 0.04425 0.006749999999999999 0 0.044 0.006999999999999998 0 0.04375 0.007249999999999999 0 0.04350000000000001 0.007500000000000001 0 0.04549999999999999 0.005499999999999999 0 0.04549999999999999 0.005749999999999999 0 0.04524999999999999 0.005999999999999999 0 0.04499999999999999 0.006249999999999999 0 0.04474999999999999 0.006499999999999999 0 0.04449999999999999 0.006749999999999999 0 0.04425 0.006999999999999998 0 0.044 0.007249999999999999 0 0.04375000000000001 0.007500000000000001 0 0.04574999999999999 0.005499999999999999 0 0.04574999999999999 0.005749999999999999 0 0.04549999999999999 0.005999999999999999 0 0.04524999999999999 0.006249999999999999 0 0.04499999999999999 0.006499999999999999 0 0.04474999999999999 0.006749999999999999 0 0.04449999999999999 0.006999999999999998 0 0.04425 0.007249999999999999 0 0.04400000000000001 0.007500000000000001 0 0.04599999999999999 0.005499999999999999 0 0.04599999999999999 0.005749999999999999 0 0.04574999999999999 0.005999999999999999 0 0.04549999999999999 0.006249999999999999 0 0.04524999999999999 0.006499999999999999 0 0.04499999999999999 0.006749999999999999 0 0.04474999999999999 0.006999999999999998 0 0.04449999999999999 0.007249999999999999 0 0.04425000000000001 0.007500000000000001 0 0.04624999999999999 0.005499999999999999 0 0.04624999999999999 0.005749999999999999 0 0.04599999999999999 0.005999999999999999 0 0.04574999999999999 0.006249999999999999 0 0.04549999999999999 0.006499999999999999 0 0.04524999999999999 0.006749999999999999 0 0.04499999999999999 0.006999999999999998 0 0.04474999999999999 0.007249999999999999 0 0.0445 0.007500000000000001 0 0.04649999999999999 0.005499999999999999 0 0.04649999999999999 0.005749999999999999 0 0.04624999999999999 0.005999999999999999 0 0.04599999999999999 0.006249999999999999 0 0.04574999999999999 0.006499999999999999 0 0.04549999999999999 0.006749999999999999 0 0.04524999999999999 0.006999999999999998 0 0.04499999999999999 0.007249999999999999 0 0.04475000000000001 0.007500000000000001 0 0.04674999999999999 0.005499999999999999 0 0.04674999999999999 0.005749999999999999 0 0.04649999999999999 0.005999999999999999 0 0.04624999999999999 0.006249999999999999 0 0.04599999999999999 0.006499999999999999 0 0.04574999999999999 0.006749999999999999 0 0.04549999999999999 0.006999999999999998 0 0.04524999999999999 0.007249999999999999 0 0.04500000000000001 0.007500000000000001 0 0.04699999999999999 0.005499999999999999 0 0.04699999999999999 0.005749999999999999 0 0.04674999999999999 0.005999999999999999 0 0.04649999999999999 0.006249999999999999 0 0.04624999999999999 0.006499999999999999 0 0.04599999999999999 0.006749999999999999 0 0.04574999999999999 0.006999999999999998 0 0.04549999999999999 0.007249999999999999 0 0.04525000000000001 0.007500000000000001 0 0.04724999999999999 0.005499999999999999 0 0.04724999999999999 0.005749999999999999 0 0.04699999999999999 0.005999999999999999 0 0.04674999999999999 0.006249999999999999 0 0.04649999999999999 0.006499999999999999 0 0.04624999999999999 0.006749999999999999 0 0.04599999999999999 0.006999999999999998 0 0.04574999999999999 0.007249999999999999 0 0.04550000000000001 0.007500000000000001 0 0.04749999999999999 0.005499999999999999 0 0.04749999999999999 0.005749999999999999 0 0.04724999999999999 0.005999999999999999 0 0.04699999999999999 0.006249999999999999 0 0.04674999999999999 0.006499999999999999 0 0.04649999999999999 0.006749999999999999 0 0.04624999999999999 0.006999999999999998 0 0.04599999999999999 0.007249999999999999 0 0.04575000000000001 0.007500000000000001 0 0.04774999999999999 0.005499999999999999 0 0.04774999999999999 0.005749999999999999 0 0.04749999999999999 0.005999999999999999 0 0.04724999999999999 0.006249999999999999 0 0.04699999999999999 0.006499999999999999 0 0.04674999999999999 0.006749999999999999 0 0.04649999999999999 0.006999999999999998 0 0.04624999999999999 0.007249999999999999 0 0.04600000000000001 0.007500000000000001 0 0.04799999999999999 0.005499999999999999 0 0.04799999999999999 0.005749999999999999 0 0.04774999999999999 0.005999999999999999 0 0.04749999999999999 0.006249999999999999 0 0.04724999999999999 0.006499999999999999 0 0.04699999999999999 0.006749999999999999 0 0.04674999999999999 0.006999999999999998 0 0.04649999999999999 0.007249999999999999 0 0.04625000000000001 0.007500000000000001 0 0.04824999999999999 0.005499999999999999 0 0.04824999999999999 0.005749999999999999 0 0.04799999999999999 0.005999999999999999 0 0.04774999999999999 0.006249999999999999 0 0.04749999999999999 0.006499999999999999 0 0.04724999999999999 0.006749999999999999 0 0.04699999999999999 0.006999999999999998 0 0.04674999999999999 0.007249999999999999 0 0.04650000000000001 0.007500000000000001 0 0.04849999999999999 0.005499999999999999 0 0.04849999999999999 0.005749999999999999 0 0.04824999999999999 0.005999999999999999 0 0.04799999999999999 0.006249999999999999 0 0.04774999999999999 0.006499999999999999 0 0.04749999999999999 0.006749999999999999 0 0.04724999999999999 0.006999999999999998 0 0.04699999999999999 0.007249999999999999 0 0.04675000000000001 0.007500000000000001 0 0.04874999999999999 0.005499999999999999 0 0.04874999999999999 0.005749999999999999 0 0.04849999999999999 0.005999999999999999 0 0.04824999999999999 0.006249999999999999 0 0.04799999999999999 0.006499999999999999 0 0.04774999999999999 0.006749999999999999 0 0.04749999999999999 0.006999999999999998 0 0.04724999999999999 0.007249999999999999 0 0.04700000000000001 0.007500000000000001 0 0.04899999999999999 0.005499999999999999 0 0.04899999999999999 0.005749999999999999 0 0.04874999999999999 0.005999999999999999 0 0.04849999999999999 0.006249999999999999 0 0.04824999999999999 0.006499999999999999 0 0.04799999999999999 0.006749999999999999 0 0.04774999999999999 0.006999999999999998 0 0.04749999999999999 0.007249999999999999 0 0.04725000000000001 0.007500000000000001 0 0.04925 0.005499999999999999 0 0.04925 0.005749999999999999 0 0.04899999999999999 0.005999999999999999 0 0.04874999999999999 0.006249999999999999 0 0.04849999999999999 0.006499999999999999 0 0.04824999999999999 0.006749999999999999 0 0.04799999999999999 0.006999999999999998 0 0.04774999999999999 0.007249999999999999 0 0.04750000000000001 0.007500000000000001 0 0.0495 0.005499999999999999 0 0.0495 0.005749999999999999 0 0.04925 0.005999999999999999 0 0.04899999999999999 0.006249999999999999 0 0.04874999999999999 0.006499999999999999 0 0.04849999999999999 0.006749999999999999 0 0.04824999999999999 0.006999999999999998 0 0.04799999999999999 0.007249999999999999 0 0.04775000000000001 0.007500000000000001 0 0.04975 0.005499999999999999 0 0.04975 0.005749999999999999 0 0.0495 0.005999999999999999 0 0.04925 0.006249999999999999 0 0.04899999999999999 0.006499999999999999 0 0.04874999999999999 0.006749999999999999 0 0.04849999999999999 0.006999999999999998 0 0.04824999999999999 0.007249999999999999 0 0.04800000000000001 0.007500000000000001 0 0.05 0.005499999999999999 0 0.05 0.005749999999999999 0 0.04975 0.005999999999999999 0 0.0495 0.006249999999999999 0 0.04925 0.006499999999999999 0 0.04899999999999999 0.006749999999999999 0 0.04874999999999999 0.006999999999999998 0 0.04849999999999999 0.007249999999999999 0 0.04825000000000001 0.007500000000000001 0 0.05025 0.005499999999999999 0 0.05025 0.005749999999999999 0 0.05 0.005999999999999999 0 0.04975 0.006249999999999999 0 0.0495 0.006499999999999999 0 0.04925 0.006749999999999999 0 0.04899999999999999 0.006999999999999998 0 0.04874999999999999 0.007249999999999999 0 0.04850000000000001 0.007500000000000001 0 0.0505 0.005499999999999999 0 0.0505 0.005749999999999999 0 0.05025 0.005999999999999999 0 0.05 0.006249999999999999 0 0.04975 0.006499999999999999 0 0.0495 0.006749999999999999 0 0.04925 0.006999999999999998 0 0.04899999999999999 0.007249999999999999 0 0.04875000000000001 0.007500000000000001 0 0.05075 0.005499999999999999 0 0.05075 0.005749999999999999 0 0.0505 0.005999999999999999 0 0.05025 0.006249999999999999 0 0.05 0.006499999999999999 0 0.04975 0.006749999999999999 0 0.0495 0.006999999999999998 0 0.04925 0.007249999999999999 0 0.04900000000000001 0.007500000000000001 0 0.051 0.005499999999999999 0 0.051 0.005749999999999999 0 0.05075 0.005999999999999999 0 0.0505 0.006249999999999999 0 0.05025 0.006499999999999999 0 0.05 0.006749999999999999 0 0.04975 0.006999999999999998 0 0.0495 0.007249999999999999 0 0.04925000000000001 0.007500000000000001 0 0.05125 0.005499999999999999 0 0.05125 0.005749999999999999 0 0.051 0.005999999999999999 0 0.05075 0.006249999999999999 0 0.0505 0.006499999999999999 0 0.05025 0.006749999999999999 0 0.05 0.006999999999999998 0 0.04975 0.007249999999999999 0 0.04950000000000001 0.007500000000000001 0 0.0515 0.005499999999999999 0 0.0515 0.005749999999999999 0 0.05125 0.005999999999999999 0 0.051 0.006249999999999999 0 0.05075 0.006499999999999999 0 0.0505 0.006749999999999999 0 0.05025 0.006999999999999998 0 0.05 0.007249999999999999 0 0.04975000000000001 0.007500000000000001 0 0.05175 0.005499999999999999 0 0.05175 0.005749999999999999 0 0.0515 0.005999999999999999 0 0.05125 0.006249999999999999 0 0.051 0.006499999999999999 0 0.05075 0.006749999999999999 0 0.0505 0.006999999999999998 0 0.05025 0.007249999999999999 0 0.05000000000000001 0.007500000000000001 0 0.052 0.005499999999999999 0 0.052 0.005749999999999999 0 0.05175 0.005999999999999999 0 0.0515 0.006249999999999999 0 0.05125 0.006499999999999999 0 0.051 0.006749999999999999 0 0.05075 0.006999999999999998 0 0.0505 0.007249999999999999 0 0.05025000000000001 0.007500000000000001 0 0.05225 0.005499999999999999 0 0.05225 0.005749999999999999 0 0.052 0.005999999999999999 0 0.05175 0.006249999999999999 0 0.0515 0.006499999999999999 0 0.05125 0.006749999999999999 0 0.051 0.006999999999999998 0 0.05075 0.007249999999999999 0 0.05050000000000001 0.007500000000000001 0 0.0525 0.005499999999999999 0 0.0525 0.005749999999999999 0 0.05225 0.005999999999999999 0 0.052 0.006249999999999999 0 0.05175 0.006499999999999999 0 0.0515 0.006749999999999999 0 0.05125 0.006999999999999998 0 0.051 0.007249999999999999 0 0.05075000000000001 0.007500000000000001 0 0.05275 0.005499999999999999 0 0.05275 0.005749999999999999 0 0.0525 0.005999999999999999 0 0.05225 0.006249999999999999 0 0.052 0.006499999999999999 0 0.05175 0.006749999999999999 0 0.0515 0.006999999999999998 0 0.05125 0.007249999999999999 0 0.05100000000000001 0.007500000000000001 0 0.053 0.005499999999999999 0 0.053 0.005749999999999999 0 0.05275 0.005999999999999999 0 0.0525 0.006249999999999999 0 0.05225 0.006499999999999999 0 0.052 0.006749999999999999 0 0.05175 0.006999999999999998 0 0.0515 0.007249999999999999 0 0.05125000000000001 0.007500000000000001 0 0.05325 0.005499999999999999 0 0.05325 0.005749999999999999 0 0.053 0.005999999999999999 0 0.05275 0.006249999999999999 0 0.0525 0.006499999999999999 0 0.05225 0.006749999999999999 0 0.052 0.006999999999999998 0 0.05175 0.007249999999999999 0 0.05150000000000001 0.007500000000000001 0 0.0535 0.005499999999999999 0 0.0535 0.005749999999999999 0 0.05325 0.005999999999999999 0 0.053 0.006249999999999999 0 0.05275 0.006499999999999999 0 0.0525 0.006749999999999999 0 0.05225 0.006999999999999998 0 0.052 0.007249999999999999 0 0.05175000000000001 0.007500000000000001 0 0.05375 0.005499999999999999 0 0.05375 0.005749999999999999 0 0.0535 0.005999999999999999 0 0.05325 0.006249999999999999 0 0.053 0.006499999999999999 0 0.05275 0.006749999999999999 0 0.0525 0.006999999999999998 0 0.05225 0.007249999999999999 0 0.05200000000000001 0.007500000000000001 0 0.054 0.005499999999999999 0 0.054 0.005749999999999999 0 0.05375 0.005999999999999999 0 0.0535 0.006249999999999999 0 0.05325 0.006499999999999999 0 0.053 0.006749999999999999 0 0.05275 0.006999999999999998 0 0.0525 0.007249999999999999 0 0.05225000000000001 0.007500000000000001 0 0.05425 0.005499999999999999 0 0.05425 0.005749999999999999 0 0.054 0.005999999999999999 0 0.05375 0.006249999999999999 0 0.0535 0.006499999999999999 0 0.05325 0.006749999999999999 0 0.053 0.006999999999999998 0 0.05275 0.007249999999999999 0 0.05250000000000001 0.007500000000000001 0 0.0545 0.005499999999999999 0 0.0545 0.005749999999999999 0 0.05425 0.005999999999999999 0 0.054 0.006249999999999999 0 0.05375 0.006499999999999999 0 0.0535 0.006749999999999999 0 0.05325 0.006999999999999998 0 0.053 0.007249999999999999 0 0.05275000000000001 0.007500000000000001 0 0.05475 0.005499999999999999 0 0.05475 0.005749999999999999 0 0.0545 0.005999999999999999 0 0.05425 0.006249999999999999 0 0.054 0.006499999999999999 0 0.05375 0.006749999999999999 0 0.0535 0.006999999999999998 0 0.05325 0.007249999999999999 0 0.05300000000000001 0.007500000000000001 0 0.055 0.005499999999999999 0 0.055 0.005749999999999999 0 0.05475 0.005999999999999999 0 0.0545 0.006249999999999999 0 0.05425 0.006499999999999999 0 0.054 0.006749999999999999 0 0.05375 0.006999999999999998 0 0.0535 0.007249999999999999 0 0.05325000000000001 0.007500000000000001 0 0.05525 0.005499999999999999 0 0.05525 0.005749999999999999 0 0.055 0.005999999999999999 0 0.05475 0.006249999999999999 0 0.0545 0.006499999999999999 0 0.05425 0.006749999999999999 0 0.054 0.006999999999999998 0 0.05375 0.007249999999999999 0 0.05350000000000001 0.007500000000000001 0 0.0555 0.005499999999999999 0 0.0555 0.005749999999999999 0 0.05525 0.005999999999999999 0 0.055 0.006249999999999999 0 0.05475 0.006499999999999999 0 0.0545 0.006749999999999999 0 0.05425 0.006999999999999998 0 0.054 0.007249999999999999 0 0.05375000000000001 0.007500000000000001 0 0.05575 0.005499999999999999 0 0.05575 0.005749999999999999 0 0.0555 0.005999999999999999 0 0.05525 0.006249999999999999 0 0.055 0.006499999999999999 0 0.05475 0.006749999999999999 0 0.0545 0.006999999999999998 0 0.05425 0.007249999999999999 0 0.05400000000000001 0.007500000000000001 0 0.056 0.005499999999999999 0 0.056 0.005749999999999999 0 0.05575 0.005999999999999999 0 0.0555 0.006249999999999999 0 0.05525 0.006499999999999999 0 0.055 0.006749999999999999 0 0.05475 0.006999999999999998 0 0.0545 0.007249999999999999 0 0.05425000000000001 0.007500000000000001 0 0.05624999999999999 0.005499999999999999 0 0.05624999999999999 0.005749999999999999 0 0.056 0.005999999999999999 0 0.05575 0.006249999999999999 0 0.0555 0.006499999999999999 0 0.05525 0.006749999999999999 0 0.055 0.006999999999999998 0 0.05475 0.007249999999999999 0 0.05450000000000001 0.007500000000000001 0 0.05649999999999999 0.005499999999999999 0 0.05649999999999999 0.005749999999999999 0 0.05624999999999999 0.005999999999999999 0 0.056 0.006249999999999999 0 0.05575 0.006499999999999999 0 0.0555 0.006749999999999999 0 0.05525 0.006999999999999998 0 0.055 0.007249999999999999 0 0.05475000000000001 0.007500000000000001 0 0.05674999999999999 0.005499999999999999 0 0.05674999999999999 0.005749999999999999 0 0.05649999999999999 0.005999999999999999 0 0.05624999999999999 0.006249999999999999 0 0.056 0.006499999999999999 0 0.05575 0.006749999999999999 0 0.0555 0.006999999999999998 0 0.05525 0.007249999999999999 0 0.05500000000000001 0.007500000000000001 0 0.057 0.005499999999999999 0 0.057 0.005749999999999999 0 0.05674999999999999 0.005999999999999999 0 0.05649999999999999 0.006249999999999999 0 0.05624999999999999 0.006499999999999999 0 0.056 0.006749999999999999 0 0.05575 0.006999999999999998 0 0.0555 0.007249999999999999 0 0.05525000000000001 0.007500000000000001 0 0.05725 0.005499999999999999 0 0.05725 0.005749999999999999 0 0.057 0.005999999999999999 0 0.05674999999999999 0.006249999999999999 0 0.05649999999999999 0.006499999999999999 0 0.05624999999999999 0.006749999999999999 0 0.056 0.006999999999999998 0 0.05575 0.007249999999999999 0 0.05550000000000001 0.007500000000000001 0 0.0575 0.005499999999999999 0 0.0575 0.005749999999999999 0 0.05725 0.005999999999999999 0 0.057 0.006249999999999999 0 0.05674999999999999 0.006499999999999999 0 0.05649999999999999 0.006749999999999999 0 0.05624999999999999 0.006999999999999998 0 0.056 0.007249999999999999 0 0.05575000000000001 0.007500000000000001 0 0.05775 0.005499999999999999 0 0.05775 0.005749999999999999 0 0.0575 0.005999999999999999 0 0.05725 0.006249999999999999 0 0.057 0.006499999999999999 0 0.05674999999999999 0.006749999999999999 0 0.05649999999999999 0.006999999999999998 0 0.05624999999999999 0.007249999999999999 0 0.05600000000000002 0.007500000000000001 0 0.058 0.005499999999999999 0 0.058 0.005749999999999999 0 0.05775 0.005999999999999999 0 0.0575 0.006249999999999999 0 0.05725 0.006499999999999999 0 0.057 0.006749999999999999 0 0.05674999999999999 0.006999999999999998 0 0.05649999999999999 0.007249999999999999 0 0.05625000000000001 0.007500000000000001 0 0.05825 0.005499999999999999 0 0.05825 0.005749999999999999 0 0.058 0.005999999999999999 0 0.05775 0.006249999999999999 0 0.0575 0.006499999999999999 0 0.05725 0.006749999999999999 0 0.057 0.006999999999999998 0 0.05674999999999999 0.007249999999999999 0 0.05650000000000001 0.007500000000000001 0 0.0585 0.005499999999999999 0 0.0585 0.005749999999999999 0 0.05825 0.005999999999999999 0 0.058 0.006249999999999999 0 0.05775 0.006499999999999999 0 0.0575 0.006749999999999999 0 0.05725 0.006999999999999998 0 0.057 0.007249999999999999 0 0.05675000000000001 0.007500000000000001 0 0.05875 0.005499999999999999 0 0.05875 0.005749999999999999 0 0.0585 0.005999999999999999 0 0.05825 0.006249999999999999 0 0.058 0.006499999999999999 0 0.05775 0.006749999999999999 0 0.0575 0.006999999999999998 0 0.05725 0.007249999999999999 0 0.05700000000000001 0.007500000000000001 0 0.059 0.005499999999999999 0 0.059 0.005749999999999999 0 0.05875 0.005999999999999999 0 0.0585 0.006249999999999999 0 0.05825 0.006499999999999999 0 0.058 0.006749999999999999 0 0.05775 0.006999999999999998 0 0.0575 0.007249999999999999 0 0.05725000000000001 0.007500000000000001 0 0.05925 0.005499999999999999 0 0.05925 0.005749999999999999 0 0.059 0.005999999999999999 0 0.05875 0.006249999999999999 0 0.0585 0.006499999999999999 0 0.05825 0.006749999999999999 0 0.058 0.006999999999999998 0 0.05775 0.007249999999999999 0 0.05750000000000001 0.007500000000000001 0 0.0595 0.005499999999999999 0 0.0595 0.005749999999999999 0 0.05925 0.005999999999999999 0 0.059 0.006249999999999999 0 0.05875 0.006499999999999999 0 0.0585 0.006749999999999999 0 0.05825 0.006999999999999998 0 0.058 0.007249999999999999 0 0.05775000000000001 0.007500000000000001 0 0.05975 0.005499999999999999 0 0.05975 0.005749999999999999 0 0.0595 0.005999999999999999 0 0.05925 0.006249999999999999 0 0.059 0.006499999999999999 0 0.05875 0.006749999999999999 0 0.0585 0.006999999999999998 0 0.05825 0.007249999999999999 0 0.05800000000000001 0.007500000000000001 0 0.06 0.005499999999999999 0 0.06 0.005749999999999999 0 0.05975 0.005999999999999999 0 0.0595 0.006249999999999999 0 0.05925 0.006499999999999999 0 0.059 0.006749999999999999 0 0.05875 0.006999999999999998 0 0.0585 0.007249999999999999 0 0.05825000000000001 0.007500000000000001 0 0.06025 0.005499999999999999 0 0.06025 0.005749999999999999 0 0.06 0.005999999999999999 0 0.05975 0.006249999999999999 0 0.0595 0.006499999999999999 0 0.05925 0.006749999999999999 0 0.059 0.006999999999999998 0 0.05875 0.007249999999999999 0 0.05850000000000001 0.007500000000000001 0 0.0605 0.005499999999999999 0 0.0605 0.005749999999999999 0 0.06025 0.005999999999999999 0 0.06 0.006249999999999999 0 0.05975 0.006499999999999999 0 0.0595 0.006749999999999999 0 0.05925 0.006999999999999998 0 0.059 0.007249999999999999 0 0.05875000000000001 0.007500000000000001 0 0.06075 0.005499999999999999 0 0.06075 0.005749999999999999 0 0.0605 0.005999999999999999 0 0.06025 0.006249999999999999 0 0.06 0.006499999999999999 0 0.05975 0.006749999999999999 0 0.0595 0.006999999999999998 0 0.05925 0.007249999999999999 0 0.05900000000000001 0.007500000000000001 0 0.061 0.005499999999999999 0 0.061 0.005749999999999999 0 0.06075 0.005999999999999999 0 0.0605 0.006249999999999999 0 0.06025 0.006499999999999999 0 0.06 0.006749999999999999 0 0.05975 0.006999999999999998 0 0.0595 0.007249999999999999 0 0.05925000000000001 0.007500000000000001 0 0.06125 0.005499999999999999 0 0.06125 0.005749999999999999 0 0.061 0.005999999999999999 0 0.06075 0.006249999999999999 0 0.0605 0.006499999999999999 0 0.06025 0.006749999999999999 0 0.06 0.006999999999999998 0 0.05975 0.007249999999999999 0 0.05950000000000001 0.007500000000000001 0 0.0615 0.005499999999999999 0 0.0615 0.005749999999999999 0 0.06125 0.005999999999999999 0 0.061 0.006249999999999999 0 0.06075 0.006499999999999999 0 0.0605 0.006749999999999999 0 0.06025 0.006999999999999998 0 0.06 0.007249999999999999 0 0.05975000000000001 0.007500000000000001 0 0.06175 0.005499999999999999 0 0.06175 0.005749999999999999 0 0.0615 0.005999999999999999 0 0.06125 0.006249999999999999 0 0.061 0.006499999999999999 0 0.06075 0.006749999999999999 0 0.0605 0.006999999999999998 0 0.06025 0.007249999999999999 0 0.06000000000000001 0.007500000000000001 0 0.062 0.005499999999999999 0 0.062 0.005749999999999999 0 0.06175 0.005999999999999999 0 0.0615 0.006249999999999999 0 0.06125 0.006499999999999999 0 0.061 0.006749999999999999 0 0.06075 0.006999999999999998 0 0.0605 0.007249999999999999 0 0.06025000000000001 0.007500000000000001 0 0.06225 0.005499999999999999 0 0.06225 0.005749999999999999 0 0.062 0.005999999999999999 0 0.06175 0.006249999999999999 0 0.0615 0.006499999999999999 0 0.06125 0.006749999999999999 0 0.061 0.006999999999999998 0 0.06075 0.007249999999999999 0 0.06050000000000001 0.007500000000000001 0 0.0625 0.005499999999999999 0 0.0625 0.005749999999999999 0 0.06225 0.005999999999999999 0 0.062 0.006249999999999999 0 0.06175 0.006499999999999999 0 0.0615 0.006749999999999999 0 0.06125 0.006999999999999998 0 0.061 0.007249999999999999 0 0.06075000000000001 0.007500000000000001 0 0.06274999999999999 0.005499999999999999 0 0.06274999999999999 0.005749999999999999 0 0.0625 0.005999999999999999 0 0.06225 0.006249999999999999 0 0.062 0.006499999999999999 0 0.06175 0.006749999999999999 0 0.0615 0.006999999999999998 0 0.06125 0.007249999999999999 0 0.06100000000000001 0.007500000000000001 0 0.06299999999999999 0.005499999999999999 0 0.06299999999999999 0.005749999999999999 0 0.06274999999999999 0.005999999999999999 0 0.0625 0.006249999999999999 0 0.06225 0.006499999999999999 0 0.062 0.006749999999999999 0 0.06175 0.006999999999999998 0 0.0615 0.007249999999999999 0 0.06125000000000001 0.007500000000000001 0 0.06324999999999999 0.005499999999999999 0 0.06324999999999999 0.005749999999999999 0 0.06299999999999999 0.005999999999999999 0 0.06274999999999999 0.006249999999999999 0 0.0625 0.006499999999999999 0 0.06225 0.006749999999999999 0 0.062 0.006999999999999998 0 0.06175 0.007249999999999999 0 0.06150000000000001 0.007500000000000001 0 0.06349999999999999 0.005499999999999999 0 0.06349999999999999 0.005749999999999999 0 0.06324999999999999 0.005999999999999999 0 0.06299999999999999 0.006249999999999999 0 0.06274999999999999 0.006499999999999999 0 0.0625 0.006749999999999999 0 0.06225 0.006999999999999998 0 0.062 0.007249999999999999 0 0.06175000000000001 0.007500000000000001 0 0.06374999999999999 0.005499999999999999 0 0.06374999999999999 0.005749999999999999 0 0.06349999999999999 0.005999999999999999 0 0.06324999999999999 0.006249999999999999 0 0.06299999999999999 0.006499999999999999 0 0.06274999999999999 0.006749999999999999 0 0.0625 0.006999999999999998 0 0.06225 0.007249999999999999 0 0.06200000000000001 0.007500000000000001 0 0.06399999999999999 0.005499999999999999 0 0.06399999999999999 0.005749999999999999 0 0.06374999999999999 0.005999999999999999 0 0.06349999999999999 0.006249999999999999 0 0.06324999999999999 0.006499999999999999 0 0.06299999999999999 0.006749999999999999 0 0.06274999999999999 0.006999999999999998 0 0.0625 0.007249999999999999 0 0.06225000000000001 0.007500000000000001 0 0.06424999999999999 0.005499999999999999 0 0.06424999999999999 0.005749999999999999 0 0.06399999999999999 0.005999999999999999 0 0.06374999999999999 0.006249999999999999 0 0.06349999999999999 0.006499999999999999 0 0.06324999999999999 0.006749999999999999 0 0.06299999999999999 0.006999999999999998 0 0.06274999999999999 0.007249999999999999 0 0.06250000000000001 0.007500000000000001 0 0.06449999999999999 0.005499999999999999 0 0.06449999999999999 0.005749999999999999 0 0.06424999999999999 0.005999999999999999 0 0.06399999999999999 0.006249999999999999 0 0.06374999999999999 0.006499999999999999 0 0.06349999999999999 0.006749999999999999 0 0.06324999999999999 0.006999999999999998 0 0.06299999999999999 0.007249999999999999 0 0.06275000000000001 0.007500000000000001 0 0.06474999999999999 0.005499999999999999 0 0.06474999999999999 0.005749999999999999 0 0.06449999999999999 0.005999999999999999 0 0.06424999999999999 0.006249999999999999 0 0.06399999999999999 0.006499999999999999 0 0.06374999999999999 0.006749999999999999 0 0.06349999999999999 0.006999999999999998 0 0.06324999999999999 0.007249999999999999 0 0.06300000000000001 0.007500000000000001 0 0.06499999999999999 0.005499999999999999 0 0.06499999999999999 0.005749999999999999 0 0.06474999999999999 0.005999999999999999 0 0.06449999999999999 0.006249999999999999 0 0.06424999999999999 0.006499999999999999 0 0.06399999999999999 0.006749999999999999 0 0.06374999999999999 0.006999999999999998 0 0.06349999999999999 0.007249999999999999 0 0.06325000000000001 0.007500000000000001 0 0.06524999999999999 0.005499999999999999 0 0.06524999999999999 0.005749999999999999 0 0.06499999999999999 0.005999999999999999 0 0.06474999999999999 0.006249999999999999 0 0.06449999999999999 0.006499999999999999 0 0.06424999999999999 0.006749999999999999 0 0.06399999999999999 0.006999999999999998 0 0.06374999999999999 0.007249999999999999 0 0.06350000000000001 0.007500000000000001 0 0.06549999999999999 0.005499999999999999 0 0.06549999999999999 0.005749999999999999 0 0.06524999999999999 0.005999999999999999 0 0.06499999999999999 0.006249999999999999 0 0.06474999999999999 0.006499999999999999 0 0.06449999999999999 0.006749999999999999 0 0.06424999999999999 0.006999999999999998 0 0.06399999999999999 0.007249999999999999 0 0.06375000000000001 0.007500000000000001 0 0.06574999999999999 0.005499999999999999 0 0.06574999999999999 0.005749999999999999 0 0.06549999999999999 0.005999999999999999 0 0.06524999999999999 0.006249999999999999 0 0.06499999999999999 0.006499999999999999 0 0.06474999999999999 0.006749999999999999 0 0.06449999999999999 0.006999999999999998 0 0.06424999999999999 0.007249999999999999 0 0.06400000000000002 0.007500000000000001 0 0.06599999999999999 0.005499999999999999 0 0.06599999999999999 0.005749999999999999 0 0.06574999999999999 0.005999999999999999 0 0.06549999999999999 0.006249999999999999 0 0.06524999999999999 0.006499999999999999 0 0.06499999999999999 0.006749999999999999 0 0.06474999999999999 0.006999999999999998 0 0.06449999999999999 0.007249999999999999 0 0.06425000000000002 0.007500000000000001 0 0.06624999999999999 0.005499999999999999 0 0.06624999999999999 0.005749999999999999 0 0.06599999999999999 0.005999999999999999 0 0.06574999999999999 0.006249999999999999 0 0.06549999999999999 0.006499999999999999 0 0.06524999999999999 0.006749999999999999 0 0.06499999999999999 0.006999999999999998 0 0.06474999999999999 0.007249999999999999 0 0.06450000000000002 0.007500000000000001 0 0.06649999999999999 0.005499999999999999 0 0.06649999999999999 0.005749999999999999 0 0.06624999999999999 0.005999999999999999 0 0.06599999999999999 0.006249999999999999 0 0.06574999999999999 0.006499999999999999 0 0.06549999999999999 0.006749999999999999 0 0.06524999999999999 0.006999999999999998 0 0.06499999999999999 0.007249999999999999 0 0.06475000000000002 0.007500000000000001 0 0.06674999999999999 0.005499999999999999 0 0.06674999999999999 0.005749999999999999 0 0.06649999999999999 0.005999999999999999 0 0.06624999999999999 0.006249999999999999 0 0.06599999999999999 0.006499999999999999 0 0.06574999999999999 0.006749999999999999 0 0.06549999999999999 0.006999999999999998 0 0.06524999999999999 0.007249999999999999 0 0.06500000000000002 0.007500000000000001 0 0.06699999999999999 0.005499999999999999 0 0.06699999999999999 0.005749999999999999 0 0.06674999999999999 0.005999999999999999 0 0.06649999999999999 0.006249999999999999 0 0.06624999999999999 0.006499999999999999 0 0.06599999999999999 0.006749999999999999 0 0.06574999999999999 0.006999999999999998 0 0.06549999999999999 0.007249999999999999 0 0.06525000000000002 0.007500000000000001 0 0.06724999999999999 0.005499999999999999 0 0.06724999999999999 0.005749999999999999 0 0.06699999999999999 0.005999999999999999 0 0.06674999999999999 0.006249999999999999 0 0.06649999999999999 0.006499999999999999 0 0.06624999999999999 0.006749999999999999 0 0.06599999999999999 0.006999999999999998 0 0.06574999999999999 0.007249999999999999 0 0.06550000000000002 0.007500000000000001 0 0.06749999999999999 0.005499999999999999 0 0.06749999999999999 0.005749999999999999 0 0.06724999999999999 0.005999999999999999 0 0.06699999999999999 0.006249999999999999 0 0.06674999999999999 0.006499999999999999 0 0.06649999999999999 0.006749999999999999 0 0.06624999999999999 0.006999999999999998 0 0.06599999999999999 0.007249999999999999 0 0.06575000000000002 0.007500000000000001 0 0.06774999999999999 0.005499999999999999 0 0.06774999999999999 0.005749999999999999 0 0.06749999999999999 0.005999999999999999 0 0.06724999999999999 0.006249999999999999 0 0.06699999999999999 0.006499999999999999 0 0.06674999999999999 0.006749999999999999 0 0.06649999999999999 0.006999999999999998 0 0.06624999999999999 0.007249999999999999 0 0.06600000000000002 0.007500000000000001 0 0.06799999999999999 0.005499999999999999 0 0.06799999999999999 0.005749999999999999 0 0.06774999999999999 0.005999999999999999 0 0.06749999999999999 0.006249999999999999 0 0.06724999999999999 0.006499999999999999 0 0.06699999999999999 0.006749999999999999 0 0.06674999999999999 0.006999999999999998 0 0.06649999999999999 0.007249999999999999 0 0.06625000000000002 0.007500000000000001 0 0.06824999999999999 0.005499999999999999 0 0.06824999999999999 0.005749999999999999 0 0.06799999999999999 0.005999999999999999 0 0.06774999999999999 0.006249999999999999 0 0.06749999999999999 0.006499999999999999 0 0.06724999999999999 0.006749999999999999 0 0.06699999999999999 0.006999999999999998 0 0.06674999999999999 0.007249999999999999 0 0.06650000000000002 0.007500000000000001 0 0.06849999999999999 0.005499999999999999 0 0.06849999999999999 0.005749999999999999 0 0.06824999999999999 0.005999999999999999 0 0.06799999999999999 0.006249999999999999 0 0.06774999999999999 0.006499999999999999 0 0.06749999999999999 0.006749999999999999 0 0.06724999999999999 0.006999999999999998 0 0.06699999999999999 0.007249999999999999 0 0.06675000000000002 0.007500000000000001 0 0.06874999999999999 0.005499999999999999 0 0.06874999999999999 0.005749999999999999 0 0.06849999999999999 0.005999999999999999 0 0.06824999999999999 0.006249999999999999 0 0.06799999999999999 0.006499999999999999 0 0.06774999999999999 0.006749999999999999 0 0.06749999999999999 0.006999999999999998 0 0.06724999999999999 0.007249999999999999 0 0.06700000000000002 0.007500000000000001 0 0.06899999999999999 0.005499999999999999 0 0.06899999999999999 0.005749999999999999 0 0.06874999999999999 0.005999999999999999 0 0.06849999999999999 0.006249999999999999 0 0.06824999999999999 0.006499999999999999 0 0.06799999999999999 0.006749999999999999 0 0.06774999999999999 0.006999999999999998 0 0.06749999999999999 0.007249999999999999 0 0.06725000000000002 0.007500000000000001 0 0.06924999999999999 0.005499999999999999 0 0.06924999999999999 0.005749999999999999 0 0.06899999999999999 0.005999999999999999 0 0.06874999999999999 0.006249999999999999 0 0.06849999999999999 0.006499999999999999 0 0.06824999999999999 0.006749999999999999 0 0.06799999999999999 0.006999999999999998 0 0.06774999999999999 0.007249999999999999 0 0.06750000000000002 0.007500000000000001 0 0.06949999999999999 0.005499999999999999 0 0.06949999999999999 0.005749999999999999 0 0.06924999999999999 0.005999999999999999 0 0.06899999999999999 0.006249999999999999 0 0.06874999999999999 0.006499999999999999 0 0.06849999999999999 0.006749999999999999 0 0.06824999999999999 0.006999999999999998 0 0.06799999999999999 0.007249999999999999 0 0.06775000000000002 0.007500000000000001 0 0.06974999999999999 0.005499999999999999 0 0.06974999999999999 0.005749999999999999 0 0.06949999999999999 0.005999999999999999 0 0.06924999999999999 0.006249999999999999 0 0.06899999999999999 0.006499999999999999 0 0.06874999999999999 0.006749999999999999 0 0.06849999999999999 0.006999999999999998 0 0.06824999999999999 0.007249999999999999 0 0.06800000000000002 0.007500000000000001 0 0.06999999999999999 0.005499999999999999 0 0.06999999999999999 0.005749999999999999 0 0.06974999999999999 0.005999999999999999 0 0.06949999999999999 0.006249999999999999 0 0.06924999999999999 0.006499999999999999 0 0.06899999999999999 0.006749999999999999 0 0.06874999999999999 0.006999999999999998 0 0.06849999999999999 0.007249999999999999 0 0.06825000000000002 0.007500000000000001 0 0.07024999999999999 0.005499999999999999 0 0.07024999999999999 0.005749999999999999 0 0.06999999999999999 0.005999999999999999 0 0.06974999999999999 0.006249999999999999 0 0.06949999999999999 0.006499999999999999 0 0.06924999999999999 0.006749999999999999 0 0.06899999999999999 0.006999999999999998 0 0.06874999999999999 0.007249999999999999 0 0.06850000000000002 0.007500000000000001 0 0.07049999999999999 0.005499999999999999 0 0.07049999999999999 0.005749999999999999 0 0.07024999999999999 0.005999999999999999 0 0.06999999999999999 0.006249999999999999 0 0.06974999999999999 0.006499999999999999 0 0.06949999999999999 0.006749999999999999 0 0.06924999999999999 0.006999999999999998 0 0.06899999999999999 0.007249999999999999 0 0.06875000000000002 0.007500000000000001 0 0.07074999999999999 0.005499999999999999 0 0.07074999999999999 0.005749999999999999 0 0.07049999999999999 0.005999999999999999 0 0.07024999999999999 0.006249999999999999 0 0.06999999999999999 0.006499999999999999 0 0.06974999999999999 0.006749999999999999 0 0.06949999999999999 0.006999999999999998 0 0.06924999999999999 0.007249999999999999 0 0.06900000000000002 0.007500000000000001 0 0.07099999999999999 0.005499999999999999 0 0.07099999999999999 0.005749999999999999 0 0.07074999999999999 0.005999999999999999 0 0.07049999999999999 0.006249999999999999 0 0.07024999999999999 0.006499999999999999 0 0.06999999999999999 0.006749999999999999 0 0.06974999999999999 0.006999999999999998 0 0.06949999999999999 0.007249999999999999 0 0.06925000000000002 0.007500000000000001 0 0.07124999999999999 0.005499999999999999 0 0.07124999999999999 0.005749999999999999 0 0.07099999999999999 0.005999999999999999 0 0.07074999999999999 0.006249999999999999 0 0.07049999999999999 0.006499999999999999 0 0.07024999999999999 0.006749999999999999 0 0.06999999999999999 0.006999999999999998 0 0.06974999999999999 0.007249999999999999 0 0.06950000000000002 0.007500000000000001 0 0.07149999999999999 0.005499999999999999 0 0.07149999999999999 0.005749999999999999 0 0.07124999999999999 0.005999999999999999 0 0.07099999999999999 0.006249999999999999 0 0.07074999999999999 0.006499999999999999 0 0.07049999999999999 0.006749999999999999 0 0.07024999999999999 0.006999999999999998 0 0.06999999999999999 0.007249999999999999 0 0.06975000000000002 0.007500000000000001 0 0.07174999999999999 0.005499999999999999 0 0.07174999999999999 0.005749999999999999 0 0.07149999999999999 0.005999999999999999 0 0.07124999999999999 0.006249999999999999 0 0.07099999999999999 0.006499999999999999 0 0.07074999999999999 0.006749999999999999 0 0.07049999999999999 0.006999999999999998 0 0.07024999999999999 0.007249999999999999 0 0.07000000000000002 0.007500000000000001 0 0.07199999999999999 0.005499999999999999 0 0.07199999999999999 0.005749999999999999 0 0.07174999999999999 0.005999999999999999 0 0.07149999999999999 0.006249999999999999 0 0.07124999999999999 0.006499999999999999 0 0.07099999999999999 0.006749999999999999 0 0.07074999999999999 0.006999999999999998 0 0.07049999999999999 0.007249999999999999 0 0.07025000000000002 0.007500000000000001 0 0.07224999999999999 0.005499999999999999 0 0.07224999999999999 0.005749999999999999 0 0.07199999999999999 0.005999999999999999 0 0.07174999999999999 0.006249999999999999 0 0.07149999999999999 0.006499999999999999 0 0.07124999999999999 0.006749999999999999 0 0.07099999999999999 0.006999999999999998 0 0.07074999999999999 0.007249999999999999 0 0.07050000000000002 0.007500000000000001 0 0.0725 0.005499999999999999 0 0.0725 0.005749999999999999 0 0.07224999999999999 0.005999999999999999 0 0.07199999999999999 0.006249999999999999 0 0.07174999999999999 0.006499999999999999 0 0.07149999999999999 0.006749999999999999 0 0.07124999999999999 0.006999999999999998 0 0.07099999999999999 0.007249999999999999 0 0.07075000000000002 0.007500000000000001 0 0.07275 0.005499999999999999 0 0.07275 0.005749999999999999 0 0.0725 0.005999999999999999 0 0.07224999999999999 0.006249999999999999 0 0.07199999999999999 0.006499999999999999 0 0.07174999999999999 0.006749999999999999 0 0.07149999999999999 0.006999999999999998 0 0.07124999999999999 0.007249999999999999 0 0.07100000000000002 0.007500000000000001 0 0.073 0.005499999999999999 0 0.073 0.005749999999999999 0 0.07275 0.005999999999999999 0 0.0725 0.006249999999999999 0 0.07224999999999999 0.006499999999999999 0 0.07199999999999999 0.006749999999999999 0 0.07174999999999999 0.006999999999999998 0 0.07149999999999999 0.007249999999999999 0 0.07125000000000002 0.007500000000000001 0 0.07325 0.005499999999999999 0 0.07325 0.005749999999999999 0 0.073 0.005999999999999999 0 0.07275 0.006249999999999999 0 0.0725 0.006499999999999999 0 0.07224999999999999 0.006749999999999999 0 0.07199999999999999 0.006999999999999998 0 0.07174999999999999 0.007249999999999999 0 0.07150000000000002 0.007500000000000001 0 0.0735 0.005499999999999999 0 0.0735 0.005749999999999999 0 0.07325 0.005999999999999999 0 0.073 0.006249999999999999 0 0.07275 0.006499999999999999 0 0.0725 0.006749999999999999 0 0.07224999999999999 0.006999999999999998 0 0.07199999999999999 0.007249999999999999 0 0.07175000000000002 0.007500000000000001 0 0.07375 0.005499999999999999 0 0.07375 0.005749999999999999 0 0.0735 0.005999999999999999 0 0.07325 0.006249999999999999 0 0.073 0.006499999999999999 0 0.07275 0.006749999999999999 0 0.0725 0.006999999999999998 0 0.07224999999999999 0.007249999999999999 0 0.07200000000000002 0.007500000000000001 0 0.074 0.005499999999999999 0 0.074 0.005749999999999999 0 0.07375 0.005999999999999999 0 0.0735 0.006249999999999999 0 0.07325 0.006499999999999999 0 0.073 0.006749999999999999 0 0.07275 0.006999999999999998 0 0.0725 0.007249999999999999 0 0.07225000000000002 0.007500000000000001 0 0.07425 0.005499999999999999 0 0.07425 0.005749999999999999 0 0.074 0.005999999999999999 0 0.07375 0.006249999999999999 0 0.0735 0.006499999999999999 0 0.07325 0.006749999999999999 0 0.073 0.006999999999999998 0 0.07275 0.007249999999999999 0 0.07250000000000002 0.007500000000000001 0 0.0745 0.005499999999999999 0 0.0745 0.005749999999999999 0 0.07425 0.005999999999999999 0 0.074 0.006249999999999999 0 0.07375 0.006499999999999999 0 0.0735 0.006749999999999999 0 0.07325 0.006999999999999998 0 0.073 0.007249999999999999 0 0.07275000000000002 0.007500000000000001 0 0.07475 0.005499999999999999 0 0.07475 0.005749999999999999 0 0.0745 0.005999999999999999 0 0.07425 0.006249999999999999 0 0.074 0.006499999999999999 0 0.07375 0.006749999999999999 0 0.0735 0.006999999999999998 0 0.07325 0.007249999999999999 0 0.07300000000000002 0.007500000000000001 0 0.075 0.005499999999999999 0 0.075 0.005749999999999999 0 0.07475 0.005999999999999999 0 0.0745 0.006249999999999999 0 0.07425 0.006499999999999999 0 0.074 0.006749999999999999 0 0.07375 0.006999999999999998 0 0.0735 0.007249999999999999 0 0.07325000000000002 0.007500000000000001 0 0.07525 0.005499999999999999 0 0.07525 0.005749999999999999 0 0.075 0.005999999999999999 0 0.07475 0.006249999999999999 0 0.0745 0.006499999999999999 0 0.07425 0.006749999999999999 0 0.074 0.006999999999999998 0 0.07375 0.007249999999999999 0 0.07350000000000002 0.007500000000000001 0 0.0755 0.005499999999999999 0 0.0755 0.005749999999999999 0 0.07525 0.005999999999999999 0 0.075 0.006249999999999999 0 0.07475 0.006499999999999999 0 0.0745 0.006749999999999999 0 0.07425 0.006999999999999998 0 0.074 0.007249999999999999 0 0.07375000000000002 0.007500000000000001 0 0.07575 0.005499999999999999 0 0.07575 0.005749999999999999 0 0.0755 0.005999999999999999 0 0.07525 0.006249999999999999 0 0.075 0.006499999999999999 0 0.07475 0.006749999999999999 0 0.0745 0.006999999999999998 0 0.07425 0.007249999999999999 0 0.07400000000000002 0.007500000000000001 0 0.076 0.005499999999999999 0 0.076 0.005749999999999999 0 0.07575 0.005999999999999999 0 0.0755 0.006249999999999999 0 0.07525 0.006499999999999999 0 0.075 0.006749999999999999 0 0.07475 0.006999999999999998 0 0.0745 0.007249999999999999 0 0.07425000000000002 0.007500000000000001 0 0.07625 0.005499999999999999 0 0.07625 0.005749999999999999 0 0.076 0.005999999999999999 0 0.07575 0.006249999999999999 0 0.0755 0.006499999999999999 0 0.07525 0.006749999999999999 0 0.075 0.006999999999999998 0 0.07475 0.007249999999999999 0 0.07450000000000002 0.007500000000000001 0 0.0765 0.005499999999999999 0 0.0765 0.005749999999999999 0 0.07625 0.005999999999999999 0 0.076 0.006249999999999999 0 0.07575 0.006499999999999999 0 0.0755 0.006749999999999999 0 0.07525 0.006999999999999998 0 0.075 0.007249999999999999 0 0.07475000000000002 0.007500000000000001 0 0.07675 0.005499999999999999 0 0.07675 0.005749999999999999 0 0.0765 0.005999999999999999 0 0.07625 0.006249999999999999 0 0.076 0.006499999999999999 0 0.07575 0.006749999999999999 0 0.0755 0.006999999999999998 0 0.07525 0.007249999999999999 0 0.07500000000000002 0.007500000000000001 0 0.077 0.005499999999999999 0 0.077 0.005749999999999999 0 0.07675 0.005999999999999999 0 0.0765 0.006249999999999999 0 0.07625 0.006499999999999999 0 0.076 0.006749999999999999 0 0.07575 0.006999999999999998 0 0.0755 0.007249999999999999 0 0.07525000000000003 0.007500000000000001 0 0.07725 0.005499999999999999 0 0.07725 0.005749999999999999 0 0.077 0.005999999999999999 0 0.07675 0.006249999999999999 0 0.0765 0.006499999999999999 0 0.07625 0.006749999999999999 0 0.076 0.006999999999999998 0 0.07575 0.007249999999999999 0 0.07550000000000003 0.007500000000000001 0 0.0775 0.005499999999999999 0 0.0775 0.005749999999999999 0 0.07725 0.005999999999999999 0 0.077 0.006249999999999999 0 0.07675 0.006499999999999999 0 0.0765 0.006749999999999999 0 0.07625 0.006999999999999998 0 0.076 0.007249999999999999 0 0.07575000000000003 0.007500000000000001 0 0.07774999999999999 0.005499999999999999 0 0.07774999999999999 0.005749999999999999 0 0.0775 0.005999999999999999 0 0.07725 0.006249999999999999 0 0.077 0.006499999999999999 0 0.07675 0.006749999999999999 0 0.0765 0.006999999999999998 0 0.07625 0.007249999999999999 0 0.07600000000000003 0.007500000000000001 0 0.07799999999999999 0.005499999999999999 0 0.07799999999999999 0.005749999999999999 0 0.07774999999999999 0.005999999999999999 0 0.0775 0.006249999999999999 0 0.07725 0.006499999999999999 0 0.077 0.006749999999999999 0 0.07675 0.006999999999999998 0 0.0765 0.007249999999999999 0 0.07625000000000003 0.007500000000000001 0 0.07824999999999999 0.005499999999999999 0 0.07824999999999999 0.005749999999999999 0 0.07799999999999999 0.005999999999999999 0 0.07774999999999999 0.006249999999999999 0 0.0775 0.006499999999999999 0 0.07725 0.006749999999999999 0 0.077 0.006999999999999998 0 0.07675 0.007249999999999999 0 0.07650000000000003 0.007500000000000001 0 0.07849999999999999 0.005499999999999999 0 0.07849999999999999 0.005749999999999999 0 0.07824999999999999 0.005999999999999999 0 0.07799999999999999 0.006249999999999999 0 0.07774999999999999 0.006499999999999999 0 0.0775 0.006749999999999999 0 0.07725 0.006999999999999998 0 0.077 0.007249999999999999 0 0.07675000000000003 0.007500000000000001 0 0.07874999999999999 0.005499999999999999 0 0.07874999999999999 0.005749999999999999 0 0.07849999999999999 0.005999999999999999 0 0.07824999999999999 0.006249999999999999 0 0.07799999999999999 0.006499999999999999 0 0.07774999999999999 0.006749999999999999 0 0.0775 0.006999999999999998 0 0.07725 0.007249999999999999 0 0.07700000000000003 0.007500000000000001 0 0.07899999999999999 0.005499999999999999 0 0.07899999999999999 0.005749999999999999 0 0.07874999999999999 0.005999999999999999 0 0.07849999999999999 0.006249999999999999 0 0.07824999999999999 0.006499999999999999 0 0.07799999999999999 0.006749999999999999 0 0.07774999999999999 0.006999999999999998 0 0.0775 0.007249999999999999 0 0.07725000000000003 0.007500000000000001 0 0.07924999999999999 0.005499999999999999 0 0.07924999999999999 0.005749999999999999 0 0.07899999999999999 0.005999999999999999 0 0.07874999999999999 0.006249999999999999 0 0.07849999999999999 0.006499999999999999 0 0.07824999999999999 0.006749999999999999 0 0.07799999999999999 0.006999999999999998 0 0.07774999999999999 0.007249999999999999 0 0.07750000000000003 0.007500000000000001 0 0.07949999999999999 0.005499999999999999 0 0.07949999999999999 0.005749999999999999 0 0.07924999999999999 0.005999999999999999 0 0.07899999999999999 0.006249999999999999 0 0.07874999999999999 0.006499999999999999 0 0.07849999999999999 0.006749999999999999 0 0.07824999999999999 0.006999999999999998 0 0.07799999999999999 0.007249999999999999 0 0.07775000000000001 0.007500000000000001 0 0.07974999999999999 0.005499999999999999 0 0.07974999999999999 0.005749999999999999 0 0.07949999999999999 0.005999999999999999 0 0.07924999999999999 0.006249999999999999 0 0.07899999999999999 0.006499999999999999 0 0.07874999999999999 0.006749999999999999 0 0.07849999999999999 0.006999999999999998 0 0.07824999999999999 0.007249999999999999 0 0.07800000000000001 0.007500000000000001 0 0.07999999999999999 0.005499999999999999 0 0.07999999999999999 0.005749999999999999 0 0.07974999999999999 0.005999999999999999 0 0.07949999999999999 0.006249999999999999 0 0.07924999999999999 0.006499999999999999 0 0.07899999999999999 0.006749999999999999 0 0.07874999999999999 0.006999999999999998 0 0.07849999999999999 0.007249999999999999 0 0.07825000000000001 0.007500000000000001 0 0.08024999999999999 0.005499999999999999 0 0.08024999999999999 0.005749999999999999 0 0.07999999999999999 0.005999999999999999 0 0.07974999999999999 0.006249999999999999 0 0.07949999999999999 0.006499999999999999 0 0.07924999999999999 0.006749999999999999 0 0.07899999999999999 0.006999999999999998 0 0.07874999999999999 0.007249999999999999 0 0.07850000000000001 0.007500000000000001 0 0.08049999999999999 0.005499999999999999 0 0.08049999999999999 0.005749999999999999 0 0.08024999999999999 0.005999999999999999 0 0.07999999999999999 0.006249999999999999 0 0.07974999999999999 0.006499999999999999 0 0.07949999999999999 0.006749999999999999 0 0.07924999999999999 0.006999999999999998 0 0.07899999999999999 0.007249999999999999 0 0.07875000000000001 0.007500000000000001 0 0.08074999999999999 0.005499999999999999 0 0.08074999999999999 0.005749999999999999 0 0.08049999999999999 0.005999999999999999 0 0.08024999999999999 0.006249999999999999 0 0.07999999999999999 0.006499999999999999 0 0.07974999999999999 0.006749999999999999 0 0.07949999999999999 0.006999999999999998 0 0.07924999999999999 0.007249999999999999 0 0.07900000000000001 0.007500000000000001 0 0.08099999999999999 0.005499999999999999 0 0.08099999999999999 0.005749999999999999 0 0.08074999999999999 0.005999999999999999 0 0.08049999999999999 0.006249999999999999 0 0.08024999999999999 0.006499999999999999 0 0.07999999999999999 0.006749999999999999 0 0.07974999999999999 0.006999999999999998 0 0.07949999999999999 0.007249999999999999 0 0.07925000000000001 0.007500000000000001 0 0.08124999999999999 0.005499999999999999 0 0.08124999999999999 0.005749999999999999 0 0.08099999999999999 0.005999999999999999 0 0.08074999999999999 0.006249999999999999 0 0.08049999999999999 0.006499999999999999 0 0.08024999999999999 0.006749999999999999 0 0.07999999999999999 0.006999999999999998 0 0.07974999999999999 0.007249999999999999 0 0.07950000000000002 0.007500000000000001 0 0.08149999999999999 0.005499999999999999 0 0.08149999999999999 0.005749999999999999 0 0.08124999999999999 0.005999999999999999 0 0.08099999999999999 0.006249999999999999 0 0.08074999999999999 0.006499999999999999 0 0.08049999999999999 0.006749999999999999 0 0.08024999999999999 0.006999999999999998 0 0.07999999999999999 0.007249999999999999 0 0.07975000000000002 0.007500000000000001 0 0.08174999999999999 0.005499999999999999 0 0.08174999999999999 0.005749999999999999 0 0.08149999999999999 0.005999999999999999 0 0.08124999999999999 0.006249999999999999 0 0.08099999999999999 0.006499999999999999 0 0.08074999999999999 0.006749999999999999 0 0.08049999999999999 0.006999999999999998 0 0.08024999999999999 0.007249999999999999 0 0.08000000000000002 0.007500000000000001 0 0.08199999999999999 0.005499999999999999 0 0.08199999999999999 0.005749999999999999 0 0.08174999999999999 0.005999999999999999 0 0.08149999999999999 0.006249999999999999 0 0.08124999999999999 0.006499999999999999 0 0.08099999999999999 0.006749999999999999 0 0.08074999999999999 0.006999999999999998 0 0.08049999999999999 0.007249999999999999 0 0.08025000000000002 0.007500000000000001 0 0.08224999999999999 0.005499999999999999 0 0.08224999999999999 0.005749999999999999 0 0.08199999999999999 0.005999999999999999 0 0.08174999999999999 0.006249999999999999 0 0.08149999999999999 0.006499999999999999 0 0.08124999999999999 0.006749999999999999 0 0.08099999999999999 0.006999999999999998 0 0.08074999999999999 0.007249999999999999 0 0.08050000000000002 0.007500000000000001 0 0.08249999999999999 0.005499999999999999 0 0.08249999999999999 0.005749999999999999 0 0.08224999999999999 0.005999999999999999 0 0.08199999999999999 0.006249999999999999 0 0.08174999999999999 0.006499999999999999 0 0.08149999999999999 0.006749999999999999 0 0.08124999999999999 0.006999999999999998 0 0.08099999999999999 0.007249999999999999 0 0.08075000000000002 0.007500000000000001 0 0.08274999999999999 0.005499999999999999 0 0.08274999999999999 0.005749999999999999 0 0.08249999999999999 0.005999999999999999 0 0.08224999999999999 0.006249999999999999 0 0.08199999999999999 0.006499999999999999 0 0.08174999999999999 0.006749999999999999 0 0.08149999999999999 0.006999999999999998 0 0.08124999999999999 0.007249999999999999 0 0.08100000000000002 0.007500000000000001 0 0.08299999999999999 0.005499999999999999 0 0.08299999999999999 0.005749999999999999 0 0.08274999999999999 0.005999999999999999 0 0.08249999999999999 0.006249999999999999 0 0.08224999999999999 0.006499999999999999 0 0.08199999999999999 0.006749999999999999 0 0.08174999999999999 0.006999999999999998 0 0.08149999999999999 0.007249999999999999 0 0.08125000000000002 0.007500000000000001 0 0.08324999999999999 0.005499999999999999 0 0.08324999999999999 0.005749999999999999 0 0.08299999999999999 0.005999999999999999 0 0.08274999999999999 0.006249999999999999 0 0.08249999999999999 0.006499999999999999 0 0.08224999999999999 0.006749999999999999 0 0.08199999999999999 0.006999999999999998 0 0.08174999999999999 0.007249999999999999 0 0.08150000000000002 0.007500000000000001 0 0.08349999999999999 0.005499999999999999 0 0.08349999999999999 0.005749999999999999 0 0.08324999999999999 0.005999999999999999 0 0.08299999999999999 0.006249999999999999 0 0.08274999999999999 0.006499999999999999 0 0.08249999999999999 0.006749999999999999 0 0.08224999999999999 0.006999999999999998 0 0.08199999999999999 0.007249999999999999 0 0.08175000000000002 0.007500000000000001 0 0.08374999999999999 0.005499999999999999 0 0.08374999999999999 0.005749999999999999 0 0.08349999999999999 0.005999999999999999 0 0.08324999999999999 0.006249999999999999 0 0.08299999999999999 0.006499999999999999 0 0.08274999999999999 0.006749999999999999 0 0.08249999999999999 0.006999999999999998 0 0.08224999999999999 0.007249999999999999 0 0.08200000000000002 0.007500000000000001 0 0.08399999999999999 0.005499999999999999 0 0.08399999999999999 0.005749999999999999 0 0.08374999999999999 0.005999999999999999 0 0.08349999999999999 0.006249999999999999 0 0.08324999999999999 0.006499999999999999 0 0.08299999999999999 0.006749999999999999 0 0.08274999999999999 0.006999999999999998 0 0.08249999999999999 0.007249999999999999 0 0.08225000000000002 0.007500000000000001 0 0.08424999999999999 0.005499999999999999 0 0.08424999999999999 0.005749999999999999 0 0.08399999999999999 0.005999999999999999 0 0.08374999999999999 0.006249999999999999 0 0.08349999999999999 0.006499999999999999 0 0.08324999999999999 0.006749999999999999 0 0.08299999999999999 0.006999999999999998 0 0.08274999999999999 0.007249999999999999 0 0.08250000000000002 0.007500000000000001 0 0.08449999999999999 0.005499999999999999 0 0.08449999999999999 0.005749999999999999 0 0.08424999999999999 0.005999999999999999 0 0.08399999999999999 0.006249999999999999 0 0.08374999999999999 0.006499999999999999 0 0.08349999999999999 0.006749999999999999 0 0.08324999999999999 0.006999999999999998 0 0.08299999999999999 0.007249999999999999 0 0.08275000000000002 0.007500000000000001 0 0.08474999999999999 0.005499999999999999 0 0.08474999999999999 0.005749999999999999 0 0.08449999999999999 0.005999999999999999 0 0.08424999999999999 0.006249999999999999 0 0.08399999999999999 0.006499999999999999 0 0.08374999999999999 0.006749999999999999 0 0.08349999999999999 0.006999999999999998 0 0.08324999999999999 0.007249999999999999 0 0.08300000000000002 0.007500000000000001 0 0.08499999999999999 0.005499999999999999 0 0.08499999999999999 0.005749999999999999 0 0.08474999999999999 0.005999999999999999 0 0.08449999999999999 0.006249999999999999 0 0.08424999999999999 0.006499999999999999 0 0.08399999999999999 0.006749999999999999 0 0.08374999999999999 0.006999999999999998 0 0.08349999999999999 0.007249999999999999 0 0.08325000000000002 0.007500000000000001 0 0.08524999999999999 0.005499999999999999 0 0.08524999999999999 0.005749999999999999 0 0.08499999999999999 0.005999999999999999 0 0.08474999999999999 0.006249999999999999 0 0.08449999999999999 0.006499999999999999 0 0.08424999999999999 0.006749999999999999 0 0.08399999999999999 0.006999999999999998 0 0.08374999999999999 0.007249999999999999 0 0.08350000000000002 0.007500000000000001 0 0.08549999999999999 0.005499999999999999 0 0.08549999999999999 0.005749999999999999 0 0.08524999999999999 0.005999999999999999 0 0.08499999999999999 0.006249999999999999 0 0.08474999999999999 0.006499999999999999 0 0.08449999999999999 0.006749999999999999 0 0.08424999999999999 0.006999999999999998 0 0.08399999999999999 0.007249999999999999 0 0.08375000000000002 0.007500000000000001 0 0.08574999999999999 0.005499999999999999 0 0.08574999999999999 0.005749999999999999 0 0.08549999999999999 0.005999999999999999 0 0.08524999999999999 0.006249999999999999 0 0.08499999999999999 0.006499999999999999 0 0.08474999999999999 0.006749999999999999 0 0.08449999999999999 0.006999999999999998 0 0.08424999999999999 0.007249999999999999 0 0.08400000000000002 0.007500000000000001 0 0.08599999999999999 0.005499999999999999 0 0.08599999999999999 0.005749999999999999 0 0.08574999999999999 0.005999999999999999 0 0.08549999999999999 0.006249999999999999 0 0.08524999999999999 0.006499999999999999 0 0.08499999999999999 0.006749999999999999 0 0.08474999999999999 0.006999999999999998 0 0.08449999999999999 0.007249999999999999 0 0.08425000000000002 0.007500000000000001 0 0.08624999999999999 0.005499999999999999 0 0.08624999999999999 0.005749999999999999 0 0.08599999999999999 0.005999999999999999 0 0.08574999999999999 0.006249999999999999 0 0.08549999999999999 0.006499999999999999 0 0.08524999999999999 0.006749999999999999 0 0.08499999999999999 0.006999999999999998 0 0.08474999999999999 0.007249999999999999 0 0.08450000000000002 0.007500000000000001 0 0.08649999999999999 0.005499999999999999 0 0.08649999999999999 0.005749999999999999 0 0.08624999999999999 0.005999999999999999 0 0.08599999999999999 0.006249999999999999 0 0.08574999999999999 0.006499999999999999 0 0.08549999999999999 0.006749999999999999 0 0.08524999999999999 0.006999999999999998 0 0.08499999999999999 0.007249999999999999 0 0.08475000000000002 0.007500000000000001 0 0.08674999999999999 0.005499999999999999 0 0.08674999999999999 0.005749999999999999 0 0.08649999999999999 0.005999999999999999 0 0.08624999999999999 0.006249999999999999 0 0.08599999999999999 0.006499999999999999 0 0.08574999999999999 0.006749999999999999 0 0.08549999999999999 0.006999999999999998 0 0.08524999999999999 0.007249999999999999 0 0.08500000000000002 0.007500000000000001 0 0.08699999999999999 0.005499999999999999 0 0.08699999999999999 0.005749999999999999 0 0.08674999999999999 0.005999999999999999 0 0.08649999999999999 0.006249999999999999 0 0.08624999999999999 0.006499999999999999 0 0.08599999999999999 0.006749999999999999 0 0.08574999999999999 0.006999999999999998 0 0.08549999999999999 0.007249999999999999 0 0.08525000000000002 0.007500000000000001 0 0.08724999999999999 0.005499999999999999 0 0.08724999999999999 0.005749999999999999 0 0.08699999999999999 0.005999999999999999 0 0.08674999999999999 0.006249999999999999 0 0.08649999999999999 0.006499999999999999 0 0.08624999999999999 0.006749999999999999 0 0.08599999999999999 0.006999999999999998 0 0.08574999999999999 0.007249999999999999 0 0.08550000000000002 0.007500000000000001 0 0.08749999999999999 0.005499999999999999 0 0.08749999999999999 0.005749999999999999 0 0.08724999999999999 0.005999999999999999 0 0.08699999999999999 0.006249999999999999 0 0.08674999999999999 0.006499999999999999 0 0.08649999999999999 0.006749999999999999 0 0.08624999999999999 0.006999999999999998 0 0.08599999999999999 0.007249999999999999 0 0.08575000000000002 0.007500000000000001 0 0.08774999999999998 0.005499999999999999 0 0.08774999999999998 0.005749999999999999 0 0.08749999999999999 0.005999999999999999 0 0.08724999999999999 0.006249999999999999 0 0.08699999999999999 0.006499999999999999 0 0.08674999999999999 0.006749999999999999 0 0.08649999999999999 0.006999999999999998 0 0.08624999999999999 0.007249999999999999 0 0.08600000000000002 0.007500000000000001 0 0.08799999999999998 0.005499999999999999 0 0.08799999999999998 0.005749999999999999 0 0.08774999999999998 0.005999999999999999 0 0.08749999999999999 0.006249999999999999 0 0.08724999999999999 0.006499999999999999 0 0.08699999999999999 0.006749999999999999 0 0.08674999999999999 0.006999999999999998 0 0.08649999999999999 0.007249999999999999 0 0.08625000000000002 0.007500000000000001 0 0.08824999999999998 0.005499999999999999 0 0.08824999999999998 0.005749999999999999 0 0.08799999999999998 0.005999999999999999 0 0.08774999999999998 0.006249999999999999 0 0.08749999999999999 0.006499999999999999 0 0.08724999999999999 0.006749999999999999 0 0.08699999999999999 0.006999999999999998 0 0.08674999999999999 0.007249999999999999 0 0.08650000000000002 0.007500000000000001 0 0.08849999999999998 0.005499999999999999 0 0.08849999999999998 0.005749999999999999 0 0.08824999999999998 0.005999999999999999 0 0.08799999999999998 0.006249999999999999 0 0.08774999999999998 0.006499999999999999 0 0.08749999999999999 0.006749999999999999 0 0.08724999999999999 0.006999999999999998 0 0.08699999999999999 0.007249999999999999 0 0.08675000000000002 0.007500000000000001 0 0.08874999999999998 0.005499999999999999 0 0.08874999999999998 0.005749999999999999 0 0.08849999999999998 0.005999999999999999 0 0.08824999999999998 0.006249999999999999 0 0.08799999999999998 0.006499999999999999 0 0.08774999999999998 0.006749999999999999 0 0.08749999999999999 0.006999999999999998 0 0.08724999999999999 0.007249999999999999 0 0.08700000000000002 0.007500000000000001 0 0.08899999999999998 0.005499999999999999 0 0.08899999999999998 0.005749999999999999 0 0.08874999999999998 0.005999999999999999 0 0.08849999999999998 0.006249999999999999 0 0.08824999999999998 0.006499999999999999 0 0.08799999999999998 0.006749999999999999 0 0.08774999999999998 0.006999999999999998 0 0.08749999999999999 0.007249999999999999 0 0.08725000000000002 0.007500000000000001 0 0.08924999999999998 0.005499999999999999 0 0.08924999999999998 0.005749999999999999 0 0.08899999999999998 0.005999999999999999 0 0.08874999999999998 0.006249999999999999 0 0.08849999999999998 0.006499999999999999 0 0.08824999999999998 0.006749999999999999 0 0.08799999999999998 0.006999999999999998 0 0.08774999999999998 0.007249999999999999 0 0.08750000000000002 0.007500000000000001 0 0.08949999999999998 0.005499999999999999 0 0.08949999999999998 0.005749999999999999 0 0.08924999999999998 0.005999999999999999 0 0.08899999999999998 0.006249999999999999 0 0.08874999999999998 0.006499999999999999 0 0.08849999999999998 0.006749999999999999 0 0.08824999999999998 0.006999999999999998 0 0.08799999999999998 0.007249999999999999 0 0.08775000000000001 0.007500000000000001 0 0.08974999999999998 0.005499999999999999 0 0.08974999999999998 0.005749999999999999 0 0.08949999999999998 0.005999999999999999 0 0.08924999999999998 0.006249999999999999 0 0.08899999999999998 0.006499999999999999 0 0.08874999999999998 0.006749999999999999 0 0.08849999999999998 0.006999999999999998 0 0.08824999999999998 0.007249999999999999 0 0.08800000000000001 0.007500000000000001 0 0.08999999999999998 0.005499999999999999 0 0.08999999999999998 0.005749999999999999 0 0.08974999999999998 0.005999999999999999 0 0.08949999999999998 0.006249999999999999 0 0.08924999999999998 0.006499999999999999 0 0.08899999999999998 0.006749999999999999 0 0.08874999999999998 0.006999999999999998 0 0.08849999999999998 0.007249999999999999 0 0.08825000000000001 0.007500000000000001 0 0.09024999999999998 0.005499999999999999 0 0.09024999999999998 0.005749999999999999 0 0.08999999999999998 0.005999999999999999 0 0.08974999999999998 0.006249999999999999 0 0.08949999999999998 0.006499999999999999 0 0.08924999999999998 0.006749999999999999 0 0.08899999999999998 0.006999999999999998 0 0.08874999999999998 0.007249999999999999 0 0.08850000000000001 0.007500000000000001 0 0.09049999999999998 0.005499999999999999 0 0.09049999999999998 0.005749999999999999 0 0.09024999999999998 0.005999999999999999 0 0.08999999999999998 0.006249999999999999 0 0.08974999999999998 0.006499999999999999 0 0.08949999999999998 0.006749999999999999 0 0.08924999999999998 0.006999999999999998 0 0.08899999999999998 0.007249999999999999 0 0.08875000000000001 0.007500000000000001 0 0.09074999999999998 0.005499999999999999 0 0.09074999999999998 0.005749999999999999 0 0.09049999999999998 0.005999999999999999 0 0.09024999999999998 0.006249999999999999 0 0.08999999999999998 0.006499999999999999 0 0.08974999999999998 0.006749999999999999 0 0.08949999999999998 0.006999999999999998 0 0.08924999999999998 0.007249999999999999 0 0.08900000000000001 0.007500000000000001 0 0.09099999999999998 0.005499999999999999 0 0.09099999999999998 0.005749999999999999 0 0.09074999999999998 0.005999999999999999 0 0.09049999999999998 0.006249999999999999 0 0.09024999999999998 0.006499999999999999 0 0.08999999999999998 0.006749999999999999 0 0.08974999999999998 0.006999999999999998 0 0.08949999999999998 0.007249999999999999 0 0.08925000000000001 0.007500000000000001 0 0.09124999999999998 0.005499999999999999 0 0.09124999999999998 0.005749999999999999 0 0.09099999999999998 0.005999999999999999 0 0.09074999999999998 0.006249999999999999 0 0.09049999999999998 0.006499999999999999 0 0.09024999999999998 0.006749999999999999 0 0.08999999999999998 0.006999999999999998 0 0.08974999999999998 0.007249999999999999 0 0.08950000000000001 0.007500000000000001 0 0.09149999999999998 0.005499999999999999 0 0.09149999999999998 0.005749999999999999 0 0.09124999999999998 0.005999999999999999 0 0.09099999999999998 0.006249999999999999 0 0.09074999999999998 0.006499999999999999 0 0.09049999999999998 0.006749999999999999 0 0.09024999999999998 0.006999999999999998 0 0.08999999999999998 0.007249999999999999 0 0.08975000000000001 0.007500000000000001 0 0.09174999999999998 0.005499999999999999 0 0.09174999999999998 0.005749999999999999 0 0.09149999999999998 0.005999999999999999 0 0.09124999999999998 0.006249999999999999 0 0.09099999999999998 0.006499999999999999 0 0.09074999999999998 0.006749999999999999 0 0.09049999999999998 0.006999999999999998 0 0.09024999999999998 0.007249999999999999 0 0.09000000000000001 0.007500000000000001 0 0.09199999999999998 0.005499999999999999 0 0.09199999999999998 0.005749999999999999 0 0.09174999999999998 0.005999999999999999 0 0.09149999999999998 0.006249999999999999 0 0.09124999999999998 0.006499999999999999 0 0.09099999999999998 0.006749999999999999 0 0.09074999999999998 0.006999999999999998 0 0.09049999999999998 0.007249999999999999 0 0.09025000000000001 0.007500000000000001 0 0.09224999999999998 0.005499999999999999 0 0.09224999999999998 0.005749999999999999 0 0.09199999999999998 0.005999999999999999 0 0.09174999999999998 0.006249999999999999 0 0.09149999999999998 0.006499999999999999 0 0.09124999999999998 0.006749999999999999 0 0.09099999999999998 0.006999999999999998 0 0.09074999999999998 0.007249999999999999 0 0.09050000000000001 0.007500000000000001 0 0.09249999999999999 0.005499999999999999 0 0.09249999999999999 0.005749999999999999 0 0.09224999999999998 0.005999999999999999 0 0.09199999999999998 0.006249999999999999 0 0.09174999999999998 0.006499999999999999 0 0.09149999999999998 0.006749999999999999 0 0.09124999999999998 0.006999999999999998 0 0.09099999999999998 0.007249999999999999 0 0.09075000000000001 0.007500000000000001 0 0.09274999999999999 0.005499999999999999 0 0.09274999999999999 0.005749999999999999 0 0.09249999999999999 0.005999999999999999 0 0.09224999999999998 0.006249999999999999 0 0.09199999999999998 0.006499999999999999 0 0.09174999999999998 0.006749999999999999 0 0.09149999999999998 0.006999999999999998 0 0.09124999999999998 0.007249999999999999 0 0.09100000000000001 0.007500000000000001 0 0.09299999999999999 0.005499999999999999 0 0.09299999999999999 0.005749999999999999 0 0.09274999999999999 0.005999999999999999 0 0.09249999999999999 0.006249999999999999 0 0.09224999999999998 0.006499999999999999 0 0.09199999999999998 0.006749999999999999 0 0.09174999999999998 0.006999999999999998 0 0.09149999999999998 0.007249999999999999 0 0.09125000000000001 0.007500000000000001 0 0.09324999999999999 0.005499999999999999 0 0.09324999999999999 0.005749999999999999 0 0.09299999999999999 0.005999999999999999 0 0.09274999999999999 0.006249999999999999 0 0.09249999999999999 0.006499999999999999 0 0.09224999999999998 0.006749999999999999 0 0.09199999999999998 0.006999999999999998 0 0.09174999999999998 0.007249999999999999 0 0.09150000000000001 0.007500000000000001 0 0.09349999999999999 0.005499999999999999 0 0.09349999999999999 0.005749999999999999 0 0.09324999999999999 0.005999999999999999 0 0.09299999999999999 0.006249999999999999 0 0.09274999999999999 0.006499999999999999 0 0.09249999999999999 0.006749999999999999 0 0.09224999999999998 0.006999999999999998 0 0.09199999999999998 0.007249999999999999 0 0.09175000000000001 0.007500000000000001 0 0.09374999999999999 0.005499999999999999 0 0.09374999999999999 0.005749999999999999 0 0.09349999999999999 0.005999999999999999 0 0.09324999999999999 0.006249999999999999 0 0.09299999999999999 0.006499999999999999 0 0.09274999999999999 0.006749999999999999 0 0.09249999999999999 0.006999999999999998 0 0.09224999999999998 0.007249999999999999 0 0.09200000000000001 0.007500000000000001 0 0.09399999999999999 0.005499999999999999 0 0.09399999999999999 0.005749999999999999 0 0.09374999999999999 0.005999999999999999 0 0.09349999999999999 0.006249999999999999 0 0.09324999999999999 0.006499999999999999 0 0.09299999999999999 0.006749999999999999 0 0.09274999999999999 0.006999999999999998 0 0.09249999999999999 0.007249999999999999 0 0.09225000000000001 0.007500000000000001 0 0.09424999999999999 0.005499999999999999 0 0.09424999999999999 0.005749999999999999 0 0.09399999999999999 0.005999999999999999 0 0.09374999999999999 0.006249999999999999 0 0.09349999999999999 0.006499999999999999 0 0.09324999999999999 0.006749999999999999 0 0.09299999999999999 0.006999999999999998 0 0.09274999999999999 0.007249999999999999 0 0.09250000000000001 0.007500000000000001 0 0.09449999999999999 0.005499999999999999 0 0.09449999999999999 0.005749999999999999 0 0.09424999999999999 0.005999999999999999 0 0.09399999999999999 0.006249999999999999 0 0.09374999999999999 0.006499999999999999 0 0.09349999999999999 0.006749999999999999 0 0.09324999999999999 0.006999999999999998 0 0.09299999999999999 0.007249999999999999 0 0.09275000000000001 0.007500000000000001 0 0.09474999999999999 0.005499999999999999 0 0.09474999999999999 0.005749999999999999 0 0.09449999999999999 0.005999999999999999 0 0.09424999999999999 0.006249999999999999 0 0.09399999999999999 0.006499999999999999 0 0.09374999999999999 0.006749999999999999 0 0.09349999999999999 0.006999999999999998 0 0.09324999999999999 0.007249999999999999 0 0.09300000000000001 0.007500000000000001 0 0.09499999999999999 0.005499999999999999 0 0.09499999999999999 0.005749999999999999 0 0.09474999999999999 0.005999999999999999 0 0.09449999999999999 0.006249999999999999 0 0.09424999999999999 0.006499999999999999 0 0.09399999999999999 0.006749999999999999 0 0.09374999999999999 0.006999999999999998 0 0.09349999999999999 0.007249999999999999 0 0.09325000000000001 0.007500000000000001 0 0.09524999999999999 0.005499999999999999 0 0.09524999999999999 0.005749999999999999 0 0.09499999999999999 0.005999999999999999 0 0.09474999999999999 0.006249999999999999 0 0.09449999999999999 0.006499999999999999 0 0.09424999999999999 0.006749999999999999 0 0.09399999999999999 0.006999999999999998 0 0.09374999999999999 0.007249999999999999 0 0.09350000000000001 0.007500000000000001 0 0.09549999999999999 0.005499999999999999 0 0.09549999999999999 0.005749999999999999 0 0.09524999999999999 0.005999999999999999 0 0.09499999999999999 0.006249999999999999 0 0.09474999999999999 0.006499999999999999 0 0.09449999999999999 0.006749999999999999 0 0.09424999999999999 0.006999999999999998 0 0.09399999999999999 0.007249999999999999 0 0.09375000000000001 0.007500000000000001 0 0.09574999999999999 0.005499999999999999 0 0.09574999999999999 0.005749999999999999 0 0.09549999999999999 0.005999999999999999 0 0.09524999999999999 0.006249999999999999 0 0.09499999999999999 0.006499999999999999 0 0.09474999999999999 0.006749999999999999 0 0.09449999999999999 0.006999999999999998 0 0.09424999999999999 0.007249999999999999 0 0.09400000000000001 0.007500000000000001 0 0.09599999999999999 0.005499999999999999 0 0.09599999999999999 0.005749999999999999 0 0.09574999999999999 0.005999999999999999 0 0.09549999999999999 0.006249999999999999 0 0.09524999999999999 0.006499999999999999 0 0.09499999999999999 0.006749999999999999 0 0.09474999999999999 0.006999999999999998 0 0.09449999999999999 0.007249999999999999 0 0.09425000000000001 0.007500000000000001 0 0.09624999999999999 0.005499999999999999 0 0.09624999999999999 0.005749999999999999 0 0.09599999999999999 0.005999999999999999 0 0.09574999999999999 0.006249999999999999 0 0.09549999999999999 0.006499999999999999 0 0.09524999999999999 0.006749999999999999 0 0.09499999999999999 0.006999999999999998 0 0.09474999999999999 0.007249999999999999 0 0.09450000000000001 0.007500000000000001 0 0.09649999999999999 0.005499999999999999 0 0.09649999999999999 0.005749999999999999 0 0.09624999999999999 0.005999999999999999 0 0.09599999999999999 0.006249999999999999 0 0.09574999999999999 0.006499999999999999 0 0.09549999999999999 0.006749999999999999 0 0.09524999999999999 0.006999999999999998 0 0.09499999999999999 0.007249999999999999 0 0.09475000000000001 0.007500000000000001 0 0.09674999999999999 0.005499999999999999 0 0.09674999999999999 0.005749999999999999 0 0.09649999999999999 0.005999999999999999 0 0.09624999999999999 0.006249999999999999 0 0.09599999999999999 0.006499999999999999 0 0.09574999999999999 0.006749999999999999 0 0.09549999999999999 0.006999999999999998 0 0.09524999999999999 0.007249999999999999 0 0.09500000000000001 0.007500000000000001 0 0.09699999999999999 0.005499999999999999 0 0.09699999999999999 0.005749999999999999 0 0.09674999999999999 0.005999999999999999 0 0.09649999999999999 0.006249999999999999 0 0.09624999999999999 0.006499999999999999 0 0.09599999999999999 0.006749999999999999 0 0.09574999999999999 0.006999999999999998 0 0.09549999999999999 0.007249999999999999 0 0.09525000000000002 0.007500000000000001 0 0.09724999999999999 0.005499999999999999 0 0.09724999999999999 0.005749999999999999 0 0.09699999999999999 0.005999999999999999 0 0.09674999999999999 0.006249999999999999 0 0.09649999999999999 0.006499999999999999 0 0.09624999999999999 0.006749999999999999 0 0.09599999999999999 0.006999999999999998 0 0.09574999999999999 0.007249999999999999 0 0.09550000000000002 0.007500000000000001 0 0.09749999999999999 0.005499999999999999 0 0.09749999999999999 0.005749999999999999 0 0.09724999999999999 0.005999999999999999 0 0.09699999999999999 0.006249999999999999 0 0.09674999999999999 0.006499999999999999 0 0.09649999999999999 0.006749999999999999 0 0.09624999999999999 0.006999999999999998 0 0.09599999999999999 0.007249999999999999 0 0.09575000000000002 0.007500000000000001 0 0.09774999999999999 0.005499999999999999 0 0.09774999999999999 0.005749999999999999 0 0.09749999999999999 0.005999999999999999 0 0.09724999999999999 0.006249999999999999 0 0.09699999999999999 0.006499999999999999 0 0.09674999999999999 0.006749999999999999 0 0.09649999999999999 0.006999999999999998 0 0.09624999999999999 0.007249999999999999 0 0.09600000000000002 0.007500000000000001 0 0.09799999999999999 0.005499999999999999 0 0.09799999999999999 0.005749999999999999 0 0.09774999999999999 0.005999999999999999 0 0.09749999999999999 0.006249999999999999 0 0.09724999999999999 0.006499999999999999 0 0.09699999999999999 0.006749999999999999 0 0.09674999999999999 0.006999999999999998 0 0.09649999999999999 0.007249999999999999 0 0.09625000000000002 0.007500000000000001 0 0.09824999999999999 0.005499999999999999 0 0.09824999999999999 0.005749999999999999 0 0.09799999999999999 0.005999999999999999 0 0.09774999999999999 0.006249999999999999 0 0.09749999999999999 0.006499999999999999 0 0.09724999999999999 0.006749999999999999 0 0.09699999999999999 0.006999999999999998 0 0.09674999999999999 0.007249999999999999 0 0.09650000000000002 0.007500000000000001 0 0.09849999999999999 0.005499999999999999 0 0.09849999999999999 0.005749999999999999 0 0.09824999999999999 0.005999999999999999 0 0.09799999999999999 0.006249999999999999 0 0.09774999999999999 0.006499999999999999 0 0.09749999999999999 0.006749999999999999 0 0.09724999999999999 0.006999999999999998 0 0.09699999999999999 0.007249999999999999 0 0.09675000000000002 0.007500000000000001 0 0.09874999999999999 0.005499999999999999 0 0.09874999999999999 0.005749999999999999 0 0.09849999999999999 0.005999999999999999 0 0.09824999999999999 0.006249999999999999 0 0.09799999999999999 0.006499999999999999 0 0.09774999999999999 0.006749999999999999 0 0.09749999999999999 0.006999999999999998 0 0.09724999999999999 0.007249999999999999 0 0.09700000000000002 0.007500000000000001 0 0.09899999999999999 0.005499999999999999 0 0.09899999999999999 0.005749999999999999 0 0.09874999999999999 0.005999999999999999 0 0.09849999999999999 0.006249999999999999 0 0.09824999999999999 0.006499999999999999 0 0.09799999999999999 0.006749999999999999 0 0.09774999999999999 0.006999999999999998 0 0.09749999999999999 0.007249999999999999 0 0.09725000000000002 0.007500000000000001 0 0.09924999999999999 0.005499999999999999 0 0.09924999999999999 0.005749999999999999 0 0.09899999999999999 0.005999999999999999 0 0.09874999999999999 0.006249999999999999 0 0.09849999999999999 0.006499999999999999 0 0.09824999999999999 0.006749999999999999 0 0.09799999999999999 0.006999999999999998 0 0.09774999999999999 0.007249999999999999 0 0.09750000000000002 0.007500000000000001 0 0.09949999999999999 0.005499999999999999 0 0.09949999999999999 0.005749999999999999 0 0.09924999999999999 0.005999999999999999 0 0.09899999999999999 0.006249999999999999 0 0.09874999999999999 0.006499999999999999 0 0.09849999999999999 0.006749999999999999 0 0.09824999999999999 0.006999999999999998 0 0.09799999999999999 0.007249999999999999 0 0.09775000000000002 0.007500000000000001 0 0.09974999999999999 0.005499999999999999 0 0.09974999999999999 0.005749999999999999 0 0.09949999999999999 0.005999999999999999 0 0.09924999999999999 0.006249999999999999 0 0.09899999999999999 0.006499999999999999 0 0.09874999999999999 0.006749999999999999 0 0.09849999999999999 0.006999999999999998 0 0.09824999999999999 0.007249999999999999 0 0.09800000000000002 0.007500000000000001 0 0.09999999999999999 0.005499999999999999 0 0.09999999999999999 0.005749999999999999 0 0.09974999999999999 0.005999999999999999 0 0.09949999999999999 0.006249999999999999 0 0.09924999999999999 0.006499999999999999 0 0.09899999999999999 0.006749999999999999 0 0.09874999999999999 0.006999999999999998 0 0.09849999999999999 0.007249999999999999 0 0.09825000000000002 0.007500000000000001 0 0.10025 0.005499999999999999 0 0.10025 0.005749999999999999 0 0.09999999999999999 0.005999999999999999 0 0.09974999999999999 0.006249999999999999 0 0.09949999999999999 0.006499999999999999 0 0.09924999999999999 0.006749999999999999 0 0.09899999999999999 0.006999999999999998 0 0.09874999999999999 0.007249999999999999 0 0.09850000000000002 0.007500000000000001 0 0.1005 0.005500000000000001 0 0.1005 0.005750000000000001 0 0.10025 0.005999999999999999 0 0.09999999999999999 0.006249999999999999 0 0.09974999999999999 0.006499999999999999 0 0.09949999999999999 0.006749999999999999 0 0.09924999999999999 0.006999999999999998 0 0.09899999999999999 0.007249999999999999 0 0.09875000000000002 0.007500000000000001 0 0.1005 0.006000000000000001 0 0.10025 0.006249999999999999 0 0.09999999999999999 0.006499999999999999 0 0.09974999999999999 0.006749999999999999 0 0.09949999999999999 0.006999999999999998 0 0.09924999999999999 0.007249999999999999 0 0.09900000000000002 0.007500000000000001 0 0.1005 0.00625 0 0.10025 0.006499999999999999 0 0.09999999999999999 0.006749999999999999 0 0.09974999999999999 0.006999999999999998 0 0.09949999999999999 0.007249999999999999 0 0.09925000000000002 0.007500000000000001 0 0.1005 0.006500000000000001 0 0.10025 0.006749999999999999 0 0.09999999999999999 0.006999999999999998 0 0.09974999999999999 0.007249999999999999 0 0.09950000000000002 0.007500000000000001 0 0.1005 0.006750000000000001 0 0.10025 0.006999999999999998 0 0.09999999999999999 0.007249999999999999 0 0.09975000000000002 0.007500000000000001 0 0.1005 0.007 0 0.10025 0.007249999999999999 0 0.1 0.007500000000000001 0 0.1005 0.00725 0 0.10025 0.007500000000000001 0 0.1005 0.007499999999999999 0 0.0004999999999999999 0.03749999999999999 0 0.00075 0.03749999999999999 0 0.0004999999999999999 0.03774999999999999 0 0.00075 0.03774999999999999 0 0.0009999999999999998 0.03749999999999999 0 0.0009999999999999998 0.03774999999999999 0 0.0004999999999999999 0.03799999999999999 0 0.00075 0.03799999999999999 0 0.00125 0.03749999999999999 0 0.00125 0.03774999999999999 0 0.0009999999999999998 0.03799999999999999 0 0.0004999999999999999 0.03824999999999999 0 0.00075 0.03824999999999999 0 0.0015 0.03749999999999999 0 0.0015 0.03774999999999999 0 0.00125 0.03799999999999999 0 0.0009999999999999998 0.03824999999999999 0 0.0004999999999999999 0.03849999999999999 0 0.00075 0.03849999999999999 0 0.00175 0.03749999999999999 0 0.00175 0.03774999999999999 0 0.0015 0.03799999999999999 0 0.00125 0.03824999999999999 0 0.0009999999999999998 0.03849999999999999 0 0.0004999999999999999 0.03874999999999999 0 0.00075 0.03874999999999999 0 0.002 0.03749999999999999 0 0.002 0.03774999999999999 0 0.00175 0.03799999999999999 0 0.0015 0.03824999999999999 0 0.00125 0.03849999999999999 0 0.0009999999999999998 0.03874999999999999 0 0.0004999999999999999 0.03899999999999999 0 0.00075 0.03899999999999999 0 0.00225 0.03749999999999999 0 0.00225 0.03774999999999999 0 0.002 0.03799999999999999 0 0.00175 0.03824999999999999 0 0.0015 0.03849999999999999 0 0.00125 0.03874999999999999 0 0.0009999999999999998 0.03899999999999999 0 0.0004999999999999999 0.03924999999999999 0 0.00075 0.03924999999999999 0 0.0025 0.03749999999999999 0 0.0025 0.03774999999999999 0 0.00225 0.03799999999999999 0 0.002 0.03824999999999999 0 0.00175 0.03849999999999999 0 0.0015 0.03874999999999999 0 0.00125 0.03899999999999999 0 0.0009999999999999998 0.03924999999999999 0 0.0005000000000000001 0.03950000000000001 0 0.00075 0.03950000000000001 0 0.00275 0.03749999999999999 0 0.00275 0.03774999999999999 0 0.0025 0.03799999999999999 0 0.00225 0.03824999999999999 0 0.002 0.03849999999999999 0 0.00175 0.03874999999999999 0 0.0015 0.03899999999999999 0 0.00125 0.03924999999999999 0 0.001 0.03950000000000001 0 0.003 0.03749999999999999 0 0.003 0.03774999999999999 0 0.00275 0.03799999999999999 0 0.0025 0.03824999999999999 0 0.00225 0.03849999999999999 0 0.002 0.03874999999999999 0 0.00175 0.03899999999999999 0 0.0015 0.03924999999999999 0 0.00125 0.03950000000000001 0 0.003249999999999999 0.03749999999999999 0 0.003249999999999999 0.03774999999999999 0 0.003 0.03799999999999999 0 0.00275 0.03824999999999999 0 0.0025 0.03849999999999999 0 0.00225 0.03874999999999999 0 0.002 0.03899999999999999 0 0.00175 0.03924999999999999 0 0.0015 0.03950000000000001 0 0.0035 0.03749999999999999 0 0.0035 0.03774999999999999 0 0.003249999999999999 0.03799999999999999 0 0.003 0.03824999999999999 0 0.00275 0.03849999999999999 0 0.0025 0.03874999999999999 0 0.00225 0.03899999999999999 0 0.002 0.03924999999999999 0 0.00175 0.03950000000000001 0 0.00375 0.03749999999999999 0 0.00375 0.03774999999999999 0 0.0035 0.03799999999999999 0 0.003249999999999999 0.03824999999999999 0 0.003 0.03849999999999999 0 0.00275 0.03874999999999999 0 0.0025 0.03899999999999999 0 0.00225 0.03924999999999999 0 0.002 0.03950000000000001 0 0.003999999999999999 0.03749999999999999 0 0.003999999999999999 0.03774999999999999 0 0.00375 0.03799999999999999 0 0.0035 0.03824999999999999 0 0.003249999999999999 0.03849999999999999 0 0.003 0.03874999999999999 0 0.00275 0.03899999999999999 0 0.0025 0.03924999999999999 0 0.002250000000000001 0.03950000000000001 0 0.004249999999999999 0.03749999999999999 0 0.004249999999999999 0.03774999999999999 0 0.003999999999999999 0.03799999999999999 0 0.00375 0.03824999999999999 0 0.0035 0.03849999999999999 0 0.003249999999999999 0.03874999999999999 0 0.003 0.03899999999999999 0 0.00275 0.03924999999999999 0 0.0025 0.03950000000000001 0 0.0045 0.03749999999999999 0 0.0045 0.03774999999999999 0 0.004249999999999999 0.03799999999999999 0 0.003999999999999999 0.03824999999999999 0 0.00375 0.03849999999999999 0 0.0035 0.03874999999999999 0 0.003249999999999999 0.03899999999999999 0 0.003 0.03924999999999999 0 0.002750000000000001 0.03950000000000001 0 0.00475 0.03749999999999999 0 0.00475 0.03774999999999999 0 0.0045 0.03799999999999999 0 0.004249999999999999 0.03824999999999999 0 0.003999999999999999 0.03849999999999999 0 0.00375 0.03874999999999999 0 0.0035 0.03899999999999999 0 0.003249999999999999 0.03924999999999999 0 0.003 0.03950000000000001 0 0.005 0.03749999999999999 0 0.005 0.03774999999999999 0 0.00475 0.03799999999999999 0 0.0045 0.03824999999999999 0 0.004249999999999999 0.03849999999999999 0 0.003999999999999999 0.03874999999999999 0 0.00375 0.03899999999999999 0 0.0035 0.03924999999999999 0 0.00325 0.03950000000000001 0 0.005249999999999999 0.03749999999999999 0 0.005249999999999999 0.03774999999999999 0 0.005 0.03799999999999999 0 0.00475 0.03824999999999999 0 0.0045 0.03849999999999999 0 0.004249999999999999 0.03874999999999999 0 0.003999999999999999 0.03899999999999999 0 0.00375 0.03924999999999999 0 0.003500000000000001 0.03950000000000001 0 0.005499999999999999 0.03749999999999999 0 0.005499999999999999 0.03774999999999999 0 0.005249999999999999 0.03799999999999999 0 0.005 0.03824999999999999 0 0.00475 0.03849999999999999 0 0.0045 0.03874999999999999 0 0.004249999999999999 0.03899999999999999 0 0.003999999999999999 0.03924999999999999 0 0.00375 0.03950000000000001 0 0.005749999999999999 0.03749999999999999 0 0.005749999999999999 0.03774999999999999 0 0.005499999999999999 0.03799999999999999 0 0.005249999999999999 0.03824999999999999 0 0.005 0.03849999999999999 0 0.00475 0.03874999999999999 0 0.0045 0.03899999999999999 0 0.004249999999999999 0.03924999999999999 0 0.004000000000000001 0.03950000000000001 0 0.005999999999999999 0.03749999999999999 0 0.005999999999999999 0.03774999999999999 0 0.005749999999999999 0.03799999999999999 0 0.005499999999999999 0.03824999999999999 0 0.005249999999999999 0.03849999999999999 0 0.005 0.03874999999999999 0 0.00475 0.03899999999999999 0 0.0045 0.03924999999999999 0 0.004250000000000001 0.03950000000000001 0 0.006249999999999999 0.03749999999999999 0 0.006249999999999999 0.03774999999999999 0 0.005999999999999999 0.03799999999999999 0 0.005749999999999999 0.03824999999999999 0 0.005499999999999999 0.03849999999999999 0 0.005249999999999999 0.03874999999999999 0 0.005 0.03899999999999999 0 0.00475 0.03924999999999999 0 0.004500000000000001 0.03950000000000001 0 0.0065 0.03749999999999999 0 0.0065 0.03774999999999999 0 0.006249999999999999 0.03799999999999999 0 0.005999999999999999 0.03824999999999999 0 0.005749999999999999 0.03849999999999999 0 0.005499999999999999 0.03874999999999999 0 0.005249999999999999 0.03899999999999999 0 0.005 0.03924999999999999 0 0.004750000000000002 0.03950000000000001 0 0.00675 0.03749999999999999 0 0.00675 0.03774999999999999 0 0.0065 0.03799999999999999 0 0.006249999999999999 0.03824999999999999 0 0.005999999999999999 0.03849999999999999 0 0.005749999999999999 0.03874999999999999 0 0.005499999999999999 0.03899999999999999 0 0.005249999999999999 0.03924999999999999 0 0.005000000000000002 0.03950000000000001 0 0.007 0.03749999999999999 0 0.007 0.03774999999999999 0 0.00675 0.03799999999999999 0 0.0065 0.03824999999999999 0 0.006249999999999999 0.03849999999999999 0 0.005999999999999999 0.03874999999999999 0 0.005749999999999999 0.03899999999999999 0 0.005499999999999999 0.03924999999999999 0 0.00525 0.03950000000000001 0 0.007249999999999999 0.03749999999999999 0 0.007249999999999999 0.03774999999999999 0 0.007 0.03799999999999999 0 0.00675 0.03824999999999999 0 0.0065 0.03849999999999999 0 0.006249999999999999 0.03874999999999999 0 0.005999999999999999 0.03899999999999999 0 0.005749999999999999 0.03924999999999999 0 0.005500000000000001 0.03950000000000001 0 0.007499999999999999 0.03749999999999999 0 0.007499999999999999 0.03774999999999999 0 0.007249999999999999 0.03799999999999999 0 0.007 0.03824999999999999 0 0.00675 0.03849999999999999 0 0.0065 0.03874999999999999 0 0.006249999999999999 0.03899999999999999 0 0.005999999999999999 0.03924999999999999 0 0.005750000000000001 0.03950000000000001 0 0.00775 0.03749999999999999 0 0.00775 0.03774999999999999 0 0.007499999999999999 0.03799999999999999 0 0.007249999999999999 0.03824999999999999 0 0.007 0.03849999999999999 0 0.00675 0.03874999999999999 0 0.0065 0.03899999999999999 0 0.006249999999999999 0.03924999999999999 0 0.006000000000000001 0.03950000000000001 0 0.007999999999999998 0.03749999999999999 0 0.007999999999999998 0.03774999999999999 0 0.00775 0.03799999999999999 0 0.007499999999999999 0.03824999999999999 0 0.007249999999999999 0.03849999999999999 0 0.007 0.03874999999999999 0 0.00675 0.03899999999999999 0 0.0065 0.03924999999999999 0 0.006250000000000001 0.03950000000000001 0 0.008249999999999999 0.03749999999999999 0 0.008249999999999999 0.03774999999999999 0 0.007999999999999998 0.03799999999999999 0 0.00775 0.03824999999999999 0 0.007499999999999999 0.03849999999999999 0 0.007249999999999999 0.03874999999999999 0 0.007 0.03899999999999999 0 0.00675 0.03924999999999999 0 0.006500000000000001 0.03950000000000001 0 0.008499999999999999 0.03749999999999999 0 0.008499999999999999 0.03774999999999999 0 0.008249999999999999 0.03799999999999999 0 0.007999999999999998 0.03824999999999999 0 0.00775 0.03849999999999999 0 0.007499999999999999 0.03874999999999999 0 0.007249999999999999 0.03899999999999999 0 0.007 0.03924999999999999 0 0.006750000000000002 0.03950000000000001 0 0.008749999999999999 0.03749999999999999 0 0.008749999999999999 0.03774999999999999 0 0.008499999999999999 0.03799999999999999 0 0.008249999999999999 0.03824999999999999 0 0.007999999999999998 0.03849999999999999 0 0.00775 0.03874999999999999 0 0.007499999999999999 0.03899999999999999 0 0.007249999999999999 0.03924999999999999 0 0.007000000000000002 0.03950000000000001 0 0.008999999999999999 0.03749999999999999 0 0.008999999999999999 0.03774999999999999 0 0.008749999999999999 0.03799999999999999 0 0.008499999999999999 0.03824999999999999 0 0.008249999999999999 0.03849999999999999 0 0.007999999999999998 0.03874999999999999 0 0.00775 0.03899999999999999 0 0.007499999999999999 0.03924999999999999 0 0.00725 0.03950000000000001 0 0.00925 0.03749999999999999 0 0.00925 0.03774999999999999 0 0.008999999999999999 0.03799999999999999 0 0.008749999999999999 0.03824999999999999 0 0.008499999999999999 0.03849999999999999 0 0.008249999999999999 0.03874999999999999 0 0.007999999999999998 0.03899999999999999 0 0.00775 0.03924999999999999 0 0.007500000000000001 0.03950000000000001 0 0.0095 0.03749999999999999 0 0.0095 0.03774999999999999 0 0.00925 0.03799999999999999 0 0.008999999999999999 0.03824999999999999 0 0.008749999999999999 0.03849999999999999 0 0.008499999999999999 0.03874999999999999 0 0.008249999999999999 0.03899999999999999 0 0.007999999999999998 0.03924999999999999 0 0.00775 0.03950000000000001 0 0.009749999999999998 0.03749999999999999 0 0.009749999999999998 0.03774999999999999 0 0.0095 0.03799999999999999 0 0.00925 0.03824999999999999 0 0.008999999999999999 0.03849999999999999 0 0.008749999999999999 0.03874999999999999 0 0.008499999999999999 0.03899999999999999 0 0.008249999999999999 0.03924999999999999 0 0.008000000000000002 0.03950000000000001 0 0.009999999999999998 0.03749999999999999 0 0.009999999999999998 0.03774999999999999 0 0.009749999999999998 0.03799999999999999 0 0.0095 0.03824999999999999 0 0.00925 0.03849999999999999 0 0.008999999999999999 0.03874999999999999 0 0.008749999999999999 0.03899999999999999 0 0.008499999999999999 0.03924999999999999 0 0.008250000000000002 0.03950000000000001 0 0.01025 0.03749999999999999 0 0.01025 0.03774999999999999 0 0.009999999999999998 0.03799999999999999 0 0.009749999999999998 0.03824999999999999 0 0.0095 0.03849999999999999 0 0.00925 0.03874999999999999 0 0.008999999999999999 0.03899999999999999 0 0.008749999999999999 0.03924999999999999 0 0.008500000000000002 0.03950000000000001 0 0.0105 0.03749999999999999 0 0.0105 0.03774999999999999 0 0.01025 0.03799999999999999 0 0.009999999999999998 0.03824999999999999 0 0.009749999999999998 0.03849999999999999 0 0.0095 0.03874999999999999 0 0.00925 0.03899999999999999 0 0.008999999999999999 0.03924999999999999 0 0.008750000000000003 0.03950000000000001 0 0.01075 0.03749999999999999 0 0.01075 0.03774999999999999 0 0.0105 0.03799999999999999 0 0.01025 0.03824999999999999 0 0.009999999999999998 0.03849999999999999 0 0.009749999999999998 0.03874999999999999 0 0.0095 0.03899999999999999 0 0.00925 0.03924999999999999 0 0.009000000000000003 0.03950000000000001 0 0.011 0.03749999999999999 0 0.011 0.03774999999999999 0 0.01075 0.03799999999999999 0 0.0105 0.03824999999999999 0 0.01025 0.03849999999999999 0 0.009999999999999998 0.03874999999999999 0 0.009749999999999998 0.03899999999999999 0 0.0095 0.03924999999999999 0 0.009250000000000003 0.03950000000000001 0 0.01125 0.03749999999999999 0 0.01125 0.03774999999999999 0 0.011 0.03799999999999999 0 0.01075 0.03824999999999999 0 0.0105 0.03849999999999999 0 0.01025 0.03874999999999999 0 0.009999999999999998 0.03899999999999999 0 0.009749999999999998 0.03924999999999999 0 0.009500000000000003 0.03950000000000001 0 0.0115 0.03749999999999999 0 0.0115 0.03774999999999999 0 0.01125 0.03799999999999999 0 0.011 0.03824999999999999 0 0.01075 0.03849999999999999 0 0.0105 0.03874999999999999 0 0.01025 0.03899999999999999 0 0.009999999999999998 0.03924999999999999 0 0.009750000000000002 0.03950000000000001 0 0.01175 0.03749999999999999 0 0.01175 0.03774999999999999 0 0.0115 0.03799999999999999 0 0.01125 0.03824999999999999 0 0.011 0.03849999999999999 0 0.01075 0.03874999999999999 0 0.0105 0.03899999999999999 0 0.01025 0.03924999999999999 0 0.01 0.03950000000000001 0 0.012 0.03749999999999999 0 0.012 0.03774999999999999 0 0.01175 0.03799999999999999 0 0.0115 0.03824999999999999 0 0.01125 0.03849999999999999 0 0.011 0.03874999999999999 0 0.01075 0.03899999999999999 0 0.0105 0.03924999999999999 0 0.01025 0.03950000000000001 0 0.01225 0.03749999999999999 0 0.01225 0.03774999999999999 0 0.012 0.03799999999999999 0 0.01175 0.03824999999999999 0 0.0115 0.03849999999999999 0 0.01125 0.03874999999999999 0 0.011 0.03899999999999999 0 0.01075 0.03924999999999999 0 0.0105 0.03950000000000001 0 0.0125 0.03749999999999999 0 0.0125 0.03774999999999999 0 0.01225 0.03799999999999999 0 0.012 0.03824999999999999 0 0.01175 0.03849999999999999 0 0.0115 0.03874999999999999 0 0.01125 0.03899999999999999 0 0.011 0.03924999999999999 0 0.01075 0.03950000000000001 0 0.01275 0.03749999999999999 0 0.01275 0.03774999999999999 0 0.0125 0.03799999999999999 0 0.01225 0.03824999999999999 0 0.012 0.03849999999999999 0 0.01175 0.03874999999999999 0 0.0115 0.03899999999999999 0 0.01125 0.03924999999999999 0 0.011 0.03950000000000001 0 0.013 0.03749999999999999 0 0.013 0.03774999999999999 0 0.01275 0.03799999999999999 0 0.0125 0.03824999999999999 0 0.01225 0.03849999999999999 0 0.012 0.03874999999999999 0 0.01175 0.03899999999999999 0 0.0115 0.03924999999999999 0 0.01125 0.03950000000000001 0 0.01325 0.03749999999999999 0 0.01325 0.03774999999999999 0 0.013 0.03799999999999999 0 0.01275 0.03824999999999999 0 0.0125 0.03849999999999999 0 0.01225 0.03874999999999999 0 0.012 0.03899999999999999 0 0.01175 0.03924999999999999 0 0.0115 0.03950000000000001 0 0.0135 0.03749999999999999 0 0.0135 0.03774999999999999 0 0.01325 0.03799999999999999 0 0.013 0.03824999999999999 0 0.01275 0.03849999999999999 0 0.0125 0.03874999999999999 0 0.01225 0.03899999999999999 0 0.012 0.03924999999999999 0 0.01175 0.03950000000000001 0 0.01375 0.03749999999999999 0 0.01375 0.03774999999999999 0 0.0135 0.03799999999999999 0 0.01325 0.03824999999999999 0 0.013 0.03849999999999999 0 0.01275 0.03874999999999999 0 0.0125 0.03899999999999999 0 0.01225 0.03924999999999999 0 0.012 0.03950000000000001 0 0.014 0.03749999999999999 0 0.014 0.03774999999999999 0 0.01375 0.03799999999999999 0 0.0135 0.03824999999999999 0 0.01325 0.03849999999999999 0 0.013 0.03874999999999999 0 0.01275 0.03899999999999999 0 0.0125 0.03924999999999999 0 0.01225 0.03950000000000001 0 0.01425 0.03749999999999999 0 0.01425 0.03774999999999999 0 0.014 0.03799999999999999 0 0.01375 0.03824999999999999 0 0.0135 0.03849999999999999 0 0.01325 0.03874999999999999 0 0.013 0.03899999999999999 0 0.01275 0.03924999999999999 0 0.0125 0.03950000000000001 0 0.0145 0.03749999999999999 0 0.0145 0.03774999999999999 0 0.01425 0.03799999999999999 0 0.014 0.03824999999999999 0 0.01375 0.03849999999999999 0 0.0135 0.03874999999999999 0 0.01325 0.03899999999999999 0 0.013 0.03924999999999999 0 0.01275 0.03950000000000001 0 0.01475 0.03749999999999999 0 0.01475 0.03774999999999999 0 0.0145 0.03799999999999999 0 0.01425 0.03824999999999999 0 0.014 0.03849999999999999 0 0.01375 0.03874999999999999 0 0.0135 0.03899999999999999 0 0.01325 0.03924999999999999 0 0.013 0.03950000000000001 0 0.015 0.03749999999999999 0 0.015 0.03774999999999999 0 0.01475 0.03799999999999999 0 0.0145 0.03824999999999999 0 0.01425 0.03849999999999999 0 0.014 0.03874999999999999 0 0.01375 0.03899999999999999 0 0.0135 0.03924999999999999 0 0.01325 0.03950000000000001 0 0.01525 0.03749999999999999 0 0.01525 0.03774999999999999 0 0.015 0.03799999999999999 0 0.01475 0.03824999999999999 0 0.0145 0.03849999999999999 0 0.01425 0.03874999999999999 0 0.014 0.03899999999999999 0 0.01375 0.03924999999999999 0 0.0135 0.03950000000000001 0 0.0155 0.03749999999999999 0 0.0155 0.03774999999999999 0 0.01525 0.03799999999999999 0 0.015 0.03824999999999999 0 0.01475 0.03849999999999999 0 0.0145 0.03874999999999999 0 0.01425 0.03899999999999999 0 0.014 0.03924999999999999 0 0.01375 0.03950000000000001 0 0.01575 0.03749999999999999 0 0.01575 0.03774999999999999 0 0.0155 0.03799999999999999 0 0.01525 0.03824999999999999 0 0.015 0.03849999999999999 0 0.01475 0.03874999999999999 0 0.0145 0.03899999999999999 0 0.01425 0.03924999999999999 0 0.014 0.03950000000000001 0 0.016 0.03749999999999999 0 0.016 0.03774999999999999 0 0.01575 0.03799999999999999 0 0.0155 0.03824999999999999 0 0.01525 0.03849999999999999 0 0.015 0.03874999999999999 0 0.01475 0.03899999999999999 0 0.0145 0.03924999999999999 0 0.01425 0.03950000000000001 0 0.01625 0.03749999999999999 0 0.01625 0.03774999999999999 0 0.016 0.03799999999999999 0 0.01575 0.03824999999999999 0 0.0155 0.03849999999999999 0 0.01525 0.03874999999999999 0 0.015 0.03899999999999999 0 0.01475 0.03924999999999999 0 0.0145 0.03950000000000001 0 0.0165 0.03749999999999999 0 0.0165 0.03774999999999999 0 0.01625 0.03799999999999999 0 0.016 0.03824999999999999 0 0.01575 0.03849999999999999 0 0.0155 0.03874999999999999 0 0.01525 0.03899999999999999 0 0.015 0.03924999999999999 0 0.01475 0.03950000000000001 0 0.01675 0.03749999999999999 0 0.01675 0.03774999999999999 0 0.0165 0.03799999999999999 0 0.01625 0.03824999999999999 0 0.016 0.03849999999999999 0 0.01575 0.03874999999999999 0 0.0155 0.03899999999999999 0 0.01525 0.03924999999999999 0 0.015 0.03950000000000001 0 0.017 0.03749999999999999 0 0.017 0.03774999999999999 0 0.01675 0.03799999999999999 0 0.0165 0.03824999999999999 0 0.01625 0.03849999999999999 0 0.016 0.03874999999999999 0 0.01575 0.03899999999999999 0 0.0155 0.03924999999999999 0 0.01525 0.03950000000000001 0 0.01725 0.03749999999999999 0 0.01725 0.03774999999999999 0 0.017 0.03799999999999999 0 0.01675 0.03824999999999999 0 0.0165 0.03849999999999999 0 0.01625 0.03874999999999999 0 0.016 0.03899999999999999 0 0.01575 0.03924999999999999 0 0.0155 0.03950000000000001 0 0.0175 0.03749999999999999 0 0.0175 0.03774999999999999 0 0.01725 0.03799999999999999 0 0.017 0.03824999999999999 0 0.01675 0.03849999999999999 0 0.0165 0.03874999999999999 0 0.01625 0.03899999999999999 0 0.016 0.03924999999999999 0 0.01575 0.03950000000000001 0 0.01775 0.03749999999999999 0 0.01775 0.03774999999999999 0 0.0175 0.03799999999999999 0 0.01725 0.03824999999999999 0 0.017 0.03849999999999999 0 0.01675 0.03874999999999999 0 0.0165 0.03899999999999999 0 0.01625 0.03924999999999999 0 0.016 0.03950000000000001 0 0.018 0.03749999999999999 0 0.018 0.03774999999999999 0 0.01775 0.03799999999999999 0 0.0175 0.03824999999999999 0 0.01725 0.03849999999999999 0 0.017 0.03874999999999999 0 0.01675 0.03899999999999999 0 0.0165 0.03924999999999999 0 0.01625 0.03950000000000001 0 0.01825 0.03749999999999999 0 0.01825 0.03774999999999999 0 0.018 0.03799999999999999 0 0.01775 0.03824999999999999 0 0.0175 0.03849999999999999 0 0.01725 0.03874999999999999 0 0.017 0.03899999999999999 0 0.01675 0.03924999999999999 0 0.0165 0.03950000000000001 0 0.0185 0.03749999999999999 0 0.0185 0.03774999999999999 0 0.01825 0.03799999999999999 0 0.018 0.03824999999999999 0 0.01775 0.03849999999999999 0 0.0175 0.03874999999999999 0 0.01725 0.03899999999999999 0 0.017 0.03924999999999999 0 0.01675 0.03950000000000001 0 0.01875 0.03749999999999999 0 0.01875 0.03774999999999999 0 0.0185 0.03799999999999999 0 0.01825 0.03824999999999999 0 0.018 0.03849999999999999 0 0.01775 0.03874999999999999 0 0.0175 0.03899999999999999 0 0.01725 0.03924999999999999 0 0.017 0.03950000000000001 0 0.019 0.03749999999999999 0 0.019 0.03774999999999999 0 0.01875 0.03799999999999999 0 0.0185 0.03824999999999999 0 0.01825 0.03849999999999999 0 0.018 0.03874999999999999 0 0.01775 0.03899999999999999 0 0.0175 0.03924999999999999 0 0.01725 0.03950000000000001 0 0.01925 0.03749999999999999 0 0.01925 0.03774999999999999 0 0.019 0.03799999999999999 0 0.01875 0.03824999999999999 0 0.0185 0.03849999999999999 0 0.01825 0.03874999999999999 0 0.018 0.03899999999999999 0 0.01775 0.03924999999999999 0 0.01750000000000001 0.03950000000000001 0 0.0195 0.03749999999999999 0 0.0195 0.03774999999999999 0 0.01925 0.03799999999999999 0 0.019 0.03824999999999999 0 0.01875 0.03849999999999999 0 0.0185 0.03874999999999999 0 0.01825 0.03899999999999999 0 0.018 0.03924999999999999 0 0.01775000000000001 0.03950000000000001 0 0.01975 0.03749999999999999 0 0.01975 0.03774999999999999 0 0.0195 0.03799999999999999 0 0.01925 0.03824999999999999 0 0.019 0.03849999999999999 0 0.01875 0.03874999999999999 0 0.0185 0.03899999999999999 0 0.01825 0.03924999999999999 0 0.01800000000000001 0.03950000000000001 0 0.02 0.03749999999999999 0 0.02 0.03774999999999999 0 0.01975 0.03799999999999999 0 0.0195 0.03824999999999999 0 0.01925 0.03849999999999999 0 0.019 0.03874999999999999 0 0.01875 0.03899999999999999 0 0.0185 0.03924999999999999 0 0.01825000000000001 0.03950000000000001 0 0.02025 0.03749999999999999 0 0.02025 0.03774999999999999 0 0.02 0.03799999999999999 0 0.01975 0.03824999999999999 0 0.0195 0.03849999999999999 0 0.01925 0.03874999999999999 0 0.019 0.03899999999999999 0 0.01875 0.03924999999999999 0 0.01850000000000001 0.03950000000000001 0 0.0205 0.03749999999999999 0 0.0205 0.03774999999999999 0 0.02025 0.03799999999999999 0 0.02 0.03824999999999999 0 0.01975 0.03849999999999999 0 0.0195 0.03874999999999999 0 0.01925 0.03899999999999999 0 0.019 0.03924999999999999 0 0.01875 0.03950000000000001 0 0.02075 0.03749999999999999 0 0.02075 0.03774999999999999 0 0.0205 0.03799999999999999 0 0.02025 0.03824999999999999 0 0.02 0.03849999999999999 0 0.01975 0.03874999999999999 0 0.0195 0.03899999999999999 0 0.01925 0.03924999999999999 0 0.019 0.03950000000000001 0 0.021 0.03749999999999999 0 0.021 0.03774999999999999 0 0.02075 0.03799999999999999 0 0.0205 0.03824999999999999 0 0.02025 0.03849999999999999 0 0.02 0.03874999999999999 0 0.01975 0.03899999999999999 0 0.0195 0.03924999999999999 0 0.01925 0.03950000000000001 0 0.02125 0.03749999999999999 0 0.02125 0.03774999999999999 0 0.021 0.03799999999999999 0 0.02075 0.03824999999999999 0 0.0205 0.03849999999999999 0 0.02025 0.03874999999999999 0 0.02 0.03899999999999999 0 0.01975 0.03924999999999999 0 0.0195 0.03950000000000001 0 0.0215 0.03749999999999999 0 0.0215 0.03774999999999999 0 0.02125 0.03799999999999999 0 0.021 0.03824999999999999 0 0.02075 0.03849999999999999 0 0.0205 0.03874999999999999 0 0.02025 0.03899999999999999 0 0.02 0.03924999999999999 0 0.01975 0.03950000000000001 0 0.02175 0.03749999999999999 0 0.02175 0.03774999999999999 0 0.0215 0.03799999999999999 0 0.02125 0.03824999999999999 0 0.021 0.03849999999999999 0 0.02075 0.03874999999999999 0 0.0205 0.03899999999999999 0 0.02025 0.03924999999999999 0 0.02 0.03950000000000001 0 0.022 0.03749999999999999 0 0.022 0.03774999999999999 0 0.02175 0.03799999999999999 0 0.0215 0.03824999999999999 0 0.02125 0.03849999999999999 0 0.021 0.03874999999999999 0 0.02075 0.03899999999999999 0 0.0205 0.03924999999999999 0 0.02025 0.03950000000000001 0 0.02225 0.03749999999999999 0 0.02225 0.03774999999999999 0 0.022 0.03799999999999999 0 0.02175 0.03824999999999999 0 0.0215 0.03849999999999999 0 0.02125 0.03874999999999999 0 0.021 0.03899999999999999 0 0.02075 0.03924999999999999 0 0.0205 0.03950000000000001 0 0.0225 0.03749999999999999 0 0.0225 0.03774999999999999 0 0.02225 0.03799999999999999 0 0.022 0.03824999999999999 0 0.02175 0.03849999999999999 0 0.0215 0.03874999999999999 0 0.02125 0.03899999999999999 0 0.021 0.03924999999999999 0 0.02075 0.03950000000000001 0 0.02275 0.03749999999999999 0 0.02275 0.03774999999999999 0 0.0225 0.03799999999999999 0 0.02225 0.03824999999999999 0 0.022 0.03849999999999999 0 0.02175 0.03874999999999999 0 0.0215 0.03899999999999999 0 0.02125 0.03924999999999999 0 0.021 0.03950000000000001 0 0.023 0.03749999999999999 0 0.023 0.03774999999999999 0 0.02275 0.03799999999999999 0 0.0225 0.03824999999999999 0 0.02225 0.03849999999999999 0 0.022 0.03874999999999999 0 0.02175 0.03899999999999999 0 0.0215 0.03924999999999999 0 0.02125 0.03950000000000001 0 0.02325 0.03749999999999999 0 0.02325 0.03774999999999999 0 0.023 0.03799999999999999 0 0.02275 0.03824999999999999 0 0.0225 0.03849999999999999 0 0.02225 0.03874999999999999 0 0.022 0.03899999999999999 0 0.02175 0.03924999999999999 0 0.02150000000000001 0.03950000000000001 0 0.0235 0.03749999999999999 0 0.0235 0.03774999999999999 0 0.02325 0.03799999999999999 0 0.023 0.03824999999999999 0 0.02275 0.03849999999999999 0 0.0225 0.03874999999999999 0 0.02225 0.03899999999999999 0 0.022 0.03924999999999999 0 0.02175000000000001 0.03950000000000001 0 0.02375 0.03749999999999999 0 0.02375 0.03774999999999999 0 0.0235 0.03799999999999999 0 0.02325 0.03824999999999999 0 0.023 0.03849999999999999 0 0.02275 0.03874999999999999 0 0.0225 0.03899999999999999 0 0.02225 0.03924999999999999 0 0.02200000000000001 0.03950000000000001 0 0.024 0.03749999999999999 0 0.024 0.03774999999999999 0 0.02375 0.03799999999999999 0 0.0235 0.03824999999999999 0 0.02325 0.03849999999999999 0 0.023 0.03874999999999999 0 0.02275 0.03899999999999999 0 0.0225 0.03924999999999999 0 0.02225000000000001 0.03950000000000001 0 0.02425 0.03749999999999999 0 0.02425 0.03774999999999999 0 0.024 0.03799999999999999 0 0.02375 0.03824999999999999 0 0.0235 0.03849999999999999 0 0.02325 0.03874999999999999 0 0.023 0.03899999999999999 0 0.02275 0.03924999999999999 0 0.0225 0.03950000000000001 0 0.0245 0.03749999999999999 0 0.0245 0.03774999999999999 0 0.02425 0.03799999999999999 0 0.024 0.03824999999999999 0 0.02375 0.03849999999999999 0 0.0235 0.03874999999999999 0 0.02325 0.03899999999999999 0 0.023 0.03924999999999999 0 0.02275 0.03950000000000001 0 0.02475 0.03749999999999999 0 0.02475 0.03774999999999999 0 0.0245 0.03799999999999999 0 0.02425 0.03824999999999999 0 0.024 0.03849999999999999 0 0.02375 0.03874999999999999 0 0.0235 0.03899999999999999 0 0.02325 0.03924999999999999 0 0.023 0.03950000000000001 0 0.025 0.03749999999999999 0 0.025 0.03774999999999999 0 0.02475 0.03799999999999999 0 0.0245 0.03824999999999999 0 0.02425 0.03849999999999999 0 0.024 0.03874999999999999 0 0.02375 0.03899999999999999 0 0.0235 0.03924999999999999 0 0.02325 0.03950000000000001 0 0.02525 0.03749999999999999 0 0.02525 0.03774999999999999 0 0.025 0.03799999999999999 0 0.02475 0.03824999999999999 0 0.0245 0.03849999999999999 0 0.02425 0.03874999999999999 0 0.024 0.03899999999999999 0 0.02375 0.03924999999999999 0 0.0235 0.03950000000000001 0 0.0255 0.03749999999999999 0 0.0255 0.03774999999999999 0 0.02525 0.03799999999999999 0 0.025 0.03824999999999999 0 0.02475 0.03849999999999999 0 0.0245 0.03874999999999999 0 0.02425 0.03899999999999999 0 0.024 0.03924999999999999 0 0.02375 0.03950000000000001 0 0.02575 0.03749999999999999 0 0.02575 0.03774999999999999 0 0.0255 0.03799999999999999 0 0.02525 0.03824999999999999 0 0.025 0.03849999999999999 0 0.02475 0.03874999999999999 0 0.0245 0.03899999999999999 0 0.02425 0.03924999999999999 0 0.024 0.03950000000000001 0 0.026 0.03749999999999999 0 0.026 0.03774999999999999 0 0.02575 0.03799999999999999 0 0.0255 0.03824999999999999 0 0.02525 0.03849999999999999 0 0.025 0.03874999999999999 0 0.02475 0.03899999999999999 0 0.0245 0.03924999999999999 0 0.02425 0.03950000000000001 0 0.02625 0.03749999999999999 0 0.02625 0.03774999999999999 0 0.026 0.03799999999999999 0 0.02575 0.03824999999999999 0 0.0255 0.03849999999999999 0 0.02525 0.03874999999999999 0 0.025 0.03899999999999999 0 0.02475 0.03924999999999999 0 0.0245 0.03950000000000001 0 0.0265 0.03749999999999999 0 0.0265 0.03774999999999999 0 0.02625 0.03799999999999999 0 0.026 0.03824999999999999 0 0.02575 0.03849999999999999 0 0.0255 0.03874999999999999 0 0.02525 0.03899999999999999 0 0.025 0.03924999999999999 0 0.02475 0.03950000000000001 0 0.02675 0.03749999999999999 0 0.02675 0.03774999999999999 0 0.0265 0.03799999999999999 0 0.02625 0.03824999999999999 0 0.026 0.03849999999999999 0 0.02575 0.03874999999999999 0 0.0255 0.03899999999999999 0 0.02525 0.03924999999999999 0 0.025 0.03950000000000001 0 0.027 0.03749999999999999 0 0.027 0.03774999999999999 0 0.02675 0.03799999999999999 0 0.0265 0.03824999999999999 0 0.02625 0.03849999999999999 0 0.026 0.03874999999999999 0 0.02575 0.03899999999999999 0 0.0255 0.03924999999999999 0 0.02525000000000001 0.03950000000000001 0 0.02725 0.03749999999999999 0 0.02725 0.03774999999999999 0 0.027 0.03799999999999999 0 0.02675 0.03824999999999999 0 0.0265 0.03849999999999999 0 0.02625 0.03874999999999999 0 0.026 0.03899999999999999 0 0.02575 0.03924999999999999 0 0.02550000000000001 0.03950000000000001 0 0.0275 0.03749999999999999 0 0.0275 0.03774999999999999 0 0.02725 0.03799999999999999 0 0.027 0.03824999999999999 0 0.02675 0.03849999999999999 0 0.0265 0.03874999999999999 0 0.02625 0.03899999999999999 0 0.026 0.03924999999999999 0 0.02575000000000001 0.03950000000000001 0 0.02775 0.03749999999999999 0 0.02775 0.03774999999999999 0 0.0275 0.03799999999999999 0 0.02725 0.03824999999999999 0 0.027 0.03849999999999999 0 0.02675 0.03874999999999999 0 0.0265 0.03899999999999999 0 0.02625 0.03924999999999999 0 0.02600000000000001 0.03950000000000001 0 0.028 0.03749999999999999 0 0.028 0.03774999999999999 0 0.02775 0.03799999999999999 0 0.0275 0.03824999999999999 0 0.02725 0.03849999999999999 0 0.027 0.03874999999999999 0 0.02675 0.03899999999999999 0 0.0265 0.03924999999999999 0 0.02625000000000001 0.03950000000000001 0 0.02825 0.03749999999999999 0 0.02825 0.03774999999999999 0 0.028 0.03799999999999999 0 0.02775 0.03824999999999999 0 0.0275 0.03849999999999999 0 0.02725 0.03874999999999999 0 0.027 0.03899999999999999 0 0.02675 0.03924999999999999 0 0.02650000000000001 0.03950000000000001 0 0.0285 0.03749999999999999 0 0.0285 0.03774999999999999 0 0.02825 0.03799999999999999 0 0.028 0.03824999999999999 0 0.02775 0.03849999999999999 0 0.0275 0.03874999999999999 0 0.02725 0.03899999999999999 0 0.027 0.03924999999999999 0 0.02675 0.03950000000000001 0 0.02875 0.03749999999999999 0 0.02875 0.03774999999999999 0 0.0285 0.03799999999999999 0 0.02825 0.03824999999999999 0 0.028 0.03849999999999999 0 0.02775 0.03874999999999999 0 0.0275 0.03899999999999999 0 0.02725 0.03924999999999999 0 0.027 0.03950000000000001 0 0.029 0.03749999999999999 0 0.029 0.03774999999999999 0 0.02875 0.03799999999999999 0 0.0285 0.03824999999999999 0 0.02825 0.03849999999999999 0 0.028 0.03874999999999999 0 0.02775 0.03899999999999999 0 0.0275 0.03924999999999999 0 0.02725 0.03950000000000001 0 0.02925 0.03749999999999999 0 0.02925 0.03774999999999999 0 0.029 0.03799999999999999 0 0.02875 0.03824999999999999 0 0.0285 0.03849999999999999 0 0.02825 0.03874999999999999 0 0.028 0.03899999999999999 0 0.02775 0.03924999999999999 0 0.0275 0.03950000000000001 0 0.0295 0.03749999999999999 0 0.0295 0.03774999999999999 0 0.02925 0.03799999999999999 0 0.029 0.03824999999999999 0 0.02875 0.03849999999999999 0 0.0285 0.03874999999999999 0 0.02825 0.03899999999999999 0 0.028 0.03924999999999999 0 0.02775 0.03950000000000001 0 0.02975 0.03749999999999999 0 0.02975 0.03774999999999999 0 0.0295 0.03799999999999999 0 0.02925 0.03824999999999999 0 0.029 0.03849999999999999 0 0.02875 0.03874999999999999 0 0.0285 0.03899999999999999 0 0.02825 0.03924999999999999 0 0.028 0.03950000000000001 0 0.03 0.03749999999999999 0 0.03 0.03774999999999999 0 0.02975 0.03799999999999999 0 0.0295 0.03824999999999999 0 0.02925 0.03849999999999999 0 0.029 0.03874999999999999 0 0.02875 0.03899999999999999 0 0.0285 0.03924999999999999 0 0.02825 0.03950000000000001 0 0.03025 0.03749999999999999 0 0.03025 0.03774999999999999 0 0.03 0.03799999999999999 0 0.02975 0.03824999999999999 0 0.0295 0.03849999999999999 0 0.02925 0.03874999999999999 0 0.029 0.03899999999999999 0 0.02875 0.03924999999999999 0 0.0285 0.03950000000000001 0 0.0305 0.03749999999999999 0 0.0305 0.03774999999999999 0 0.03025 0.03799999999999999 0 0.03 0.03824999999999999 0 0.02975 0.03849999999999999 0 0.0295 0.03874999999999999 0 0.02925 0.03899999999999999 0 0.029 0.03924999999999999 0 0.02875 0.03950000000000001 0 0.03075 0.03749999999999999 0 0.03075 0.03774999999999999 0 0.0305 0.03799999999999999 0 0.03025 0.03824999999999999 0 0.03 0.03849999999999999 0 0.02975 0.03874999999999999 0 0.0295 0.03899999999999999 0 0.02925 0.03924999999999999 0 0.029 0.03950000000000001 0 0.031 0.03749999999999999 0 0.031 0.03774999999999999 0 0.03075 0.03799999999999999 0 0.0305 0.03824999999999999 0 0.03025 0.03849999999999999 0 0.03 0.03874999999999999 0 0.02975 0.03899999999999999 0 0.0295 0.03924999999999999 0 0.02925000000000001 0.03950000000000001 0 0.03125 0.03749999999999999 0 0.03125 0.03774999999999999 0 0.031 0.03799999999999999 0 0.03075 0.03824999999999999 0 0.0305 0.03849999999999999 0 0.03025 0.03874999999999999 0 0.03 0.03899999999999999 0 0.02975 0.03924999999999999 0 0.02950000000000001 0.03950000000000001 0 0.03149999999999999 0.03749999999999999 0 0.03149999999999999 0.03774999999999999 0 0.03125 0.03799999999999999 0 0.031 0.03824999999999999 0 0.03075 0.03849999999999999 0 0.0305 0.03874999999999999 0 0.03025 0.03899999999999999 0 0.03 0.03924999999999999 0 0.02975000000000001 0.03950000000000001 0 0.03174999999999999 0.03749999999999999 0 0.03174999999999999 0.03774999999999999 0 0.03149999999999999 0.03799999999999999 0 0.03125 0.03824999999999999 0 0.031 0.03849999999999999 0 0.03075 0.03874999999999999 0 0.0305 0.03899999999999999 0 0.03025 0.03924999999999999 0 0.03000000000000001 0.03950000000000001 0 0.03199999999999999 0.03749999999999999 0 0.03199999999999999 0.03774999999999999 0 0.03174999999999999 0.03799999999999999 0 0.03149999999999999 0.03824999999999999 0 0.03125 0.03849999999999999 0 0.031 0.03874999999999999 0 0.03075 0.03899999999999999 0 0.0305 0.03924999999999999 0 0.03025000000000001 0.03950000000000001 0 0.03224999999999999 0.03749999999999999 0 0.03224999999999999 0.03774999999999999 0 0.03199999999999999 0.03799999999999999 0 0.03174999999999999 0.03824999999999999 0 0.03149999999999999 0.03849999999999999 0 0.03125 0.03874999999999999 0 0.031 0.03899999999999999 0 0.03075 0.03924999999999999 0 0.0305 0.03950000000000001 0 0.03249999999999999 0.03749999999999999 0 0.03249999999999999 0.03774999999999999 0 0.03224999999999999 0.03799999999999999 0 0.03199999999999999 0.03824999999999999 0 0.03174999999999999 0.03849999999999999 0 0.03149999999999999 0.03874999999999999 0 0.03125 0.03899999999999999 0 0.031 0.03924999999999999 0 0.03075 0.03950000000000001 0 0.03274999999999999 0.03749999999999999 0 0.03274999999999999 0.03774999999999999 0 0.03249999999999999 0.03799999999999999 0 0.03224999999999999 0.03824999999999999 0 0.03199999999999999 0.03849999999999999 0 0.03174999999999999 0.03874999999999999 0 0.03149999999999999 0.03899999999999999 0 0.03125 0.03924999999999999 0 0.031 0.03950000000000001 0 0.03299999999999999 0.03749999999999999 0 0.03299999999999999 0.03774999999999999 0 0.03274999999999999 0.03799999999999999 0 0.03249999999999999 0.03824999999999999 0 0.03224999999999999 0.03849999999999999 0 0.03199999999999999 0.03874999999999999 0 0.03174999999999999 0.03899999999999999 0 0.03149999999999999 0.03924999999999999 0 0.03125000000000001 0.03950000000000001 0 0.03324999999999999 0.03749999999999999 0 0.03324999999999999 0.03774999999999999 0 0.03299999999999999 0.03799999999999999 0 0.03274999999999999 0.03824999999999999 0 0.03249999999999999 0.03849999999999999 0 0.03224999999999999 0.03874999999999999 0 0.03199999999999999 0.03899999999999999 0 0.03174999999999999 0.03924999999999999 0 0.03150000000000001 0.03950000000000001 0 0.0335 0.03749999999999999 0 0.0335 0.03774999999999999 0 0.03324999999999999 0.03799999999999999 0 0.03299999999999999 0.03824999999999999 0 0.03274999999999999 0.03849999999999999 0 0.03249999999999999 0.03874999999999999 0 0.03224999999999999 0.03899999999999999 0 0.03199999999999999 0.03924999999999999 0 0.03175000000000001 0.03950000000000001 0 0.03375 0.03749999999999999 0 0.03375 0.03774999999999999 0 0.0335 0.03799999999999999 0 0.03324999999999999 0.03824999999999999 0 0.03299999999999999 0.03849999999999999 0 0.03274999999999999 0.03874999999999999 0 0.03249999999999999 0.03899999999999999 0 0.03224999999999999 0.03924999999999999 0 0.03200000000000001 0.03950000000000001 0 0.034 0.03749999999999999 0 0.034 0.03774999999999999 0 0.03375 0.03799999999999999 0 0.0335 0.03824999999999999 0 0.03324999999999999 0.03849999999999999 0 0.03299999999999999 0.03874999999999999 0 0.03274999999999999 0.03899999999999999 0 0.03249999999999999 0.03924999999999999 0 0.03225000000000001 0.03950000000000001 0 0.03425 0.03749999999999999 0 0.03425 0.03774999999999999 0 0.034 0.03799999999999999 0 0.03375 0.03824999999999999 0 0.0335 0.03849999999999999 0 0.03324999999999999 0.03874999999999999 0 0.03299999999999999 0.03899999999999999 0 0.03274999999999999 0.03924999999999999 0 0.03250000000000001 0.03950000000000001 0 0.0345 0.03749999999999999 0 0.0345 0.03774999999999999 0 0.03425 0.03799999999999999 0 0.034 0.03824999999999999 0 0.03375 0.03849999999999999 0 0.0335 0.03874999999999999 0 0.03324999999999999 0.03899999999999999 0 0.03299999999999999 0.03924999999999999 0 0.03275000000000001 0.03950000000000001 0 0.03475 0.03749999999999999 0 0.03475 0.03774999999999999 0 0.0345 0.03799999999999999 0 0.03425 0.03824999999999999 0 0.034 0.03849999999999999 0 0.03375 0.03874999999999999 0 0.0335 0.03899999999999999 0 0.03324999999999999 0.03924999999999999 0 0.03300000000000001 0.03950000000000001 0 0.035 0.03749999999999999 0 0.035 0.03774999999999999 0 0.03475 0.03799999999999999 0 0.0345 0.03824999999999999 0 0.03425 0.03849999999999999 0 0.034 0.03874999999999999 0 0.03375 0.03899999999999999 0 0.0335 0.03924999999999999 0 0.03325000000000001 0.03950000000000001 0 0.03525 0.03749999999999999 0 0.03525 0.03774999999999999 0 0.035 0.03799999999999999 0 0.03475 0.03824999999999999 0 0.0345 0.03849999999999999 0 0.03425 0.03874999999999999 0 0.034 0.03899999999999999 0 0.03375 0.03924999999999999 0 0.03350000000000001 0.03950000000000001 0 0.0355 0.03749999999999999 0 0.0355 0.03774999999999999 0 0.03525 0.03799999999999999 0 0.035 0.03824999999999999 0 0.03475 0.03849999999999999 0 0.0345 0.03874999999999999 0 0.03425 0.03899999999999999 0 0.034 0.03924999999999999 0 0.03375000000000001 0.03950000000000001 0 0.03575 0.03749999999999999 0 0.03575 0.03774999999999999 0 0.0355 0.03799999999999999 0 0.03525 0.03824999999999999 0 0.035 0.03849999999999999 0 0.03475 0.03874999999999999 0 0.0345 0.03899999999999999 0 0.03425 0.03924999999999999 0 0.03400000000000001 0.03950000000000001 0 0.036 0.03749999999999999 0 0.036 0.03774999999999999 0 0.03575 0.03799999999999999 0 0.0355 0.03824999999999999 0 0.03525 0.03849999999999999 0 0.035 0.03874999999999999 0 0.03475 0.03899999999999999 0 0.0345 0.03924999999999999 0 0.03425000000000001 0.03950000000000001 0 0.03625 0.03749999999999999 0 0.03625 0.03774999999999999 0 0.036 0.03799999999999999 0 0.03575 0.03824999999999999 0 0.0355 0.03849999999999999 0 0.03525 0.03874999999999999 0 0.035 0.03899999999999999 0 0.03475 0.03924999999999999 0 0.03450000000000001 0.03950000000000001 0 0.0365 0.03749999999999999 0 0.0365 0.03774999999999999 0 0.03625 0.03799999999999999 0 0.036 0.03824999999999999 0 0.03575 0.03849999999999999 0 0.0355 0.03874999999999999 0 0.03525 0.03899999999999999 0 0.035 0.03924999999999999 0 0.03475000000000001 0.03950000000000001 0 0.03674999999999999 0.03749999999999999 0 0.03674999999999999 0.03774999999999999 0 0.0365 0.03799999999999999 0 0.03625 0.03824999999999999 0 0.036 0.03849999999999999 0 0.03575 0.03874999999999999 0 0.0355 0.03899999999999999 0 0.03525 0.03924999999999999 0 0.03500000000000001 0.03950000000000001 0 0.03699999999999999 0.03749999999999999 0 0.03699999999999999 0.03774999999999999 0 0.03674999999999999 0.03799999999999999 0 0.0365 0.03824999999999999 0 0.03625 0.03849999999999999 0 0.036 0.03874999999999999 0 0.03575 0.03899999999999999 0 0.0355 0.03924999999999999 0 0.03525000000000001 0.03950000000000001 0 0.03724999999999999 0.03749999999999999 0 0.03724999999999999 0.03774999999999999 0 0.03699999999999999 0.03799999999999999 0 0.03674999999999999 0.03824999999999999 0 0.0365 0.03849999999999999 0 0.03625 0.03874999999999999 0 0.036 0.03899999999999999 0 0.03575 0.03924999999999999 0 0.03550000000000001 0.03950000000000001 0 0.03749999999999999 0.03749999999999999 0 0.03749999999999999 0.03774999999999999 0 0.03724999999999999 0.03799999999999999 0 0.03699999999999999 0.03824999999999999 0 0.03674999999999999 0.03849999999999999 0 0.0365 0.03874999999999999 0 0.03625 0.03899999999999999 0 0.036 0.03924999999999999 0 0.03575000000000001 0.03950000000000001 0 0.03774999999999999 0.03749999999999999 0 0.03774999999999999 0.03774999999999999 0 0.03749999999999999 0.03799999999999999 0 0.03724999999999999 0.03824999999999999 0 0.03699999999999999 0.03849999999999999 0 0.03674999999999999 0.03874999999999999 0 0.0365 0.03899999999999999 0 0.03625 0.03924999999999999 0 0.03600000000000001 0.03950000000000001 0 0.03799999999999999 0.03749999999999999 0 0.03799999999999999 0.03774999999999999 0 0.03774999999999999 0.03799999999999999 0 0.03749999999999999 0.03824999999999999 0 0.03724999999999999 0.03849999999999999 0 0.03699999999999999 0.03874999999999999 0 0.03674999999999999 0.03899999999999999 0 0.0365 0.03924999999999999 0 0.03625000000000001 0.03950000000000001 0 0.03824999999999999 0.03749999999999999 0 0.03824999999999999 0.03774999999999999 0 0.03799999999999999 0.03799999999999999 0 0.03774999999999999 0.03824999999999999 0 0.03749999999999999 0.03849999999999999 0 0.03724999999999999 0.03874999999999999 0 0.03699999999999999 0.03899999999999999 0 0.03674999999999999 0.03924999999999999 0 0.03650000000000001 0.03950000000000001 0 0.03849999999999999 0.03749999999999999 0 0.03849999999999999 0.03774999999999999 0 0.03824999999999999 0.03799999999999999 0 0.03799999999999999 0.03824999999999999 0 0.03774999999999999 0.03849999999999999 0 0.03749999999999999 0.03874999999999999 0 0.03724999999999999 0.03899999999999999 0 0.03699999999999999 0.03924999999999999 0 0.03675 0.03950000000000001 0 0.03874999999999999 0.03749999999999999 0 0.03874999999999999 0.03774999999999999 0 0.03849999999999999 0.03799999999999999 0 0.03824999999999999 0.03824999999999999 0 0.03799999999999999 0.03849999999999999 0 0.03774999999999999 0.03874999999999999 0 0.03749999999999999 0.03899999999999999 0 0.03724999999999999 0.03924999999999999 0 0.03700000000000001 0.03950000000000001 0 0.03899999999999999 0.03749999999999999 0 0.03899999999999999 0.03774999999999999 0 0.03874999999999999 0.03799999999999999 0 0.03849999999999999 0.03824999999999999 0 0.03824999999999999 0.03849999999999999 0 0.03799999999999999 0.03874999999999999 0 0.03774999999999999 0.03899999999999999 0 0.03749999999999999 0.03924999999999999 0 0.03725000000000001 0.03950000000000001 0 0.03924999999999999 0.03749999999999999 0 0.03924999999999999 0.03774999999999999 0 0.03899999999999999 0.03799999999999999 0 0.03874999999999999 0.03824999999999999 0 0.03849999999999999 0.03849999999999999 0 0.03824999999999999 0.03874999999999999 0 0.03799999999999999 0.03899999999999999 0 0.03774999999999999 0.03924999999999999 0 0.03750000000000001 0.03950000000000001 0 0.03949999999999999 0.03749999999999999 0 0.03949999999999999 0.03774999999999999 0 0.03924999999999999 0.03799999999999999 0 0.03899999999999999 0.03824999999999999 0 0.03874999999999999 0.03849999999999999 0 0.03849999999999999 0.03874999999999999 0 0.03824999999999999 0.03899999999999999 0 0.03799999999999999 0.03924999999999999 0 0.03775000000000001 0.03950000000000001 0 0.03974999999999999 0.03749999999999999 0 0.03974999999999999 0.03774999999999999 0 0.03949999999999999 0.03799999999999999 0 0.03924999999999999 0.03824999999999999 0 0.03899999999999999 0.03849999999999999 0 0.03874999999999999 0.03874999999999999 0 0.03849999999999999 0.03899999999999999 0 0.03824999999999999 0.03924999999999999 0 0.03800000000000001 0.03950000000000001 0 0.03999999999999999 0.03749999999999999 0 0.03999999999999999 0.03774999999999999 0 0.03974999999999999 0.03799999999999999 0 0.03949999999999999 0.03824999999999999 0 0.03924999999999999 0.03849999999999999 0 0.03899999999999999 0.03874999999999999 0 0.03874999999999999 0.03899999999999999 0 0.03849999999999999 0.03924999999999999 0 0.03825000000000001 0.03950000000000001 0 0.04024999999999999 0.03749999999999999 0 0.04024999999999999 0.03774999999999999 0 0.03999999999999999 0.03799999999999999 0 0.03974999999999999 0.03824999999999999 0 0.03949999999999999 0.03849999999999999 0 0.03924999999999999 0.03874999999999999 0 0.03899999999999999 0.03899999999999999 0 0.03874999999999999 0.03924999999999999 0 0.03850000000000001 0.03950000000000001 0 0.04049999999999999 0.03749999999999999 0 0.04049999999999999 0.03774999999999999 0 0.04024999999999999 0.03799999999999999 0 0.03999999999999999 0.03824999999999999 0 0.03974999999999999 0.03849999999999999 0 0.03949999999999999 0.03874999999999999 0 0.03924999999999999 0.03899999999999999 0 0.03899999999999999 0.03924999999999999 0 0.03875000000000001 0.03950000000000001 0 0.04074999999999999 0.03749999999999999 0 0.04074999999999999 0.03774999999999999 0 0.04049999999999999 0.03799999999999999 0 0.04024999999999999 0.03824999999999999 0 0.03999999999999999 0.03849999999999999 0 0.03974999999999999 0.03874999999999999 0 0.03949999999999999 0.03899999999999999 0 0.03924999999999999 0.03924999999999999 0 0.03900000000000001 0.03950000000000001 0 0.04099999999999999 0.03749999999999999 0 0.04099999999999999 0.03774999999999999 0 0.04074999999999999 0.03799999999999999 0 0.04049999999999999 0.03824999999999999 0 0.04024999999999999 0.03849999999999999 0 0.03999999999999999 0.03874999999999999 0 0.03974999999999999 0.03899999999999999 0 0.03949999999999999 0.03924999999999999 0 0.03925000000000001 0.03950000000000001 0 0.04125 0.03749999999999999 0 0.04125 0.03774999999999999 0 0.04099999999999999 0.03799999999999999 0 0.04074999999999999 0.03824999999999999 0 0.04049999999999999 0.03849999999999999 0 0.04024999999999999 0.03874999999999999 0 0.03999999999999999 0.03899999999999999 0 0.03974999999999999 0.03924999999999999 0 0.03950000000000001 0.03950000000000001 0 0.0415 0.03749999999999999 0 0.0415 0.03774999999999999 0 0.04125 0.03799999999999999 0 0.04099999999999999 0.03824999999999999 0 0.04074999999999999 0.03849999999999999 0 0.04049999999999999 0.03874999999999999 0 0.04024999999999999 0.03899999999999999 0 0.03999999999999999 0.03924999999999999 0 0.03975000000000001 0.03950000000000001 0 0.04175 0.03749999999999999 0 0.04175 0.03774999999999999 0 0.0415 0.03799999999999999 0 0.04125 0.03824999999999999 0 0.04099999999999999 0.03849999999999999 0 0.04074999999999999 0.03874999999999999 0 0.04049999999999999 0.03899999999999999 0 0.04024999999999999 0.03924999999999999 0 0.04000000000000001 0.03950000000000001 0 0.042 0.03749999999999999 0 0.042 0.03774999999999999 0 0.04175 0.03799999999999999 0 0.0415 0.03824999999999999 0 0.04125 0.03849999999999999 0 0.04099999999999999 0.03874999999999999 0 0.04074999999999999 0.03899999999999999 0 0.04049999999999999 0.03924999999999999 0 0.04025000000000001 0.03950000000000001 0 0.04225 0.03749999999999999 0 0.04225 0.03774999999999999 0 0.042 0.03799999999999999 0 0.04175 0.03824999999999999 0 0.0415 0.03849999999999999 0 0.04125 0.03874999999999999 0 0.04099999999999999 0.03899999999999999 0 0.04074999999999999 0.03924999999999999 0 0.04050000000000001 0.03950000000000001 0 0.0425 0.03749999999999999 0 0.0425 0.03774999999999999 0 0.04225 0.03799999999999999 0 0.042 0.03824999999999999 0 0.04175 0.03849999999999999 0 0.0415 0.03874999999999999 0 0.04125 0.03899999999999999 0 0.04099999999999999 0.03924999999999999 0 0.04075000000000001 0.03950000000000001 0 0.04275 0.03749999999999999 0 0.04275 0.03774999999999999 0 0.0425 0.03799999999999999 0 0.04225 0.03824999999999999 0 0.042 0.03849999999999999 0 0.04175 0.03874999999999999 0 0.0415 0.03899999999999999 0 0.04125 0.03924999999999999 0 0.04100000000000001 0.03950000000000001 0 0.043 0.03749999999999999 0 0.043 0.03774999999999999 0 0.04275 0.03799999999999999 0 0.0425 0.03824999999999999 0 0.04225 0.03849999999999999 0 0.042 0.03874999999999999 0 0.04175 0.03899999999999999 0 0.0415 0.03924999999999999 0 0.04125000000000001 0.03950000000000001 0 0.04325 0.03749999999999999 0 0.04325 0.03774999999999999 0 0.043 0.03799999999999999 0 0.04275 0.03824999999999999 0 0.0425 0.03849999999999999 0 0.04225 0.03874999999999999 0 0.042 0.03899999999999999 0 0.04175 0.03924999999999999 0 0.04150000000000001 0.03950000000000001 0 0.0435 0.03749999999999999 0 0.0435 0.03774999999999999 0 0.04325 0.03799999999999999 0 0.043 0.03824999999999999 0 0.04275 0.03849999999999999 0 0.0425 0.03874999999999999 0 0.04225 0.03899999999999999 0 0.042 0.03924999999999999 0 0.04175000000000001 0.03950000000000001 0 0.04375 0.03749999999999999 0 0.04375 0.03774999999999999 0 0.0435 0.03799999999999999 0 0.04325 0.03824999999999999 0 0.043 0.03849999999999999 0 0.04275 0.03874999999999999 0 0.0425 0.03899999999999999 0 0.04225 0.03924999999999999 0 0.04200000000000001 0.03950000000000001 0 0.044 0.03749999999999999 0 0.044 0.03774999999999999 0 0.04375 0.03799999999999999 0 0.0435 0.03824999999999999 0 0.04325 0.03849999999999999 0 0.043 0.03874999999999999 0 0.04275 0.03899999999999999 0 0.0425 0.03924999999999999 0 0.04225000000000001 0.03950000000000001 0 0.04425 0.03749999999999999 0 0.04425 0.03774999999999999 0 0.044 0.03799999999999999 0 0.04375 0.03824999999999999 0 0.0435 0.03849999999999999 0 0.04325 0.03874999999999999 0 0.043 0.03899999999999999 0 0.04275 0.03924999999999999 0 0.04250000000000001 0.03950000000000001 0 0.04449999999999999 0.03749999999999999 0 0.04449999999999999 0.03774999999999999 0 0.04425 0.03799999999999999 0 0.044 0.03824999999999999 0 0.04375 0.03849999999999999 0 0.0435 0.03874999999999999 0 0.04325 0.03899999999999999 0 0.043 0.03924999999999999 0 0.04275000000000001 0.03950000000000001 0 0.04474999999999999 0.03749999999999999 0 0.04474999999999999 0.03774999999999999 0 0.04449999999999999 0.03799999999999999 0 0.04425 0.03824999999999999 0 0.044 0.03849999999999999 0 0.04375 0.03874999999999999 0 0.0435 0.03899999999999999 0 0.04325 0.03924999999999999 0 0.04300000000000001 0.03950000000000001 0 0.04499999999999999 0.03749999999999999 0 0.04499999999999999 0.03774999999999999 0 0.04474999999999999 0.03799999999999999 0 0.04449999999999999 0.03824999999999999 0 0.04425 0.03849999999999999 0 0.044 0.03874999999999999 0 0.04375 0.03899999999999999 0 0.0435 0.03924999999999999 0 0.04325000000000001 0.03950000000000001 0 0.04524999999999999 0.03749999999999999 0 0.04524999999999999 0.03774999999999999 0 0.04499999999999999 0.03799999999999999 0 0.04474999999999999 0.03824999999999999 0 0.04449999999999999 0.03849999999999999 0 0.04425 0.03874999999999999 0 0.044 0.03899999999999999 0 0.04375 0.03924999999999999 0 0.04350000000000001 0.03950000000000001 0 0.04549999999999999 0.03749999999999999 0 0.04549999999999999 0.03774999999999999 0 0.04524999999999999 0.03799999999999999 0 0.04499999999999999 0.03824999999999999 0 0.04474999999999999 0.03849999999999999 0 0.04449999999999999 0.03874999999999999 0 0.04425 0.03899999999999999 0 0.044 0.03924999999999999 0 0.04375000000000001 0.03950000000000001 0 0.04574999999999999 0.03749999999999999 0 0.04574999999999999 0.03774999999999999 0 0.04549999999999999 0.03799999999999999 0 0.04524999999999999 0.03824999999999999 0 0.04499999999999999 0.03849999999999999 0 0.04474999999999999 0.03874999999999999 0 0.04449999999999999 0.03899999999999999 0 0.04425 0.03924999999999999 0 0.04400000000000001 0.03950000000000001 0 0.04599999999999999 0.03749999999999999 0 0.04599999999999999 0.03774999999999999 0 0.04574999999999999 0.03799999999999999 0 0.04549999999999999 0.03824999999999999 0 0.04524999999999999 0.03849999999999999 0 0.04499999999999999 0.03874999999999999 0 0.04474999999999999 0.03899999999999999 0 0.04449999999999999 0.03924999999999999 0 0.04425000000000001 0.03950000000000001 0 0.04624999999999999 0.03749999999999999 0 0.04624999999999999 0.03774999999999999 0 0.04599999999999999 0.03799999999999999 0 0.04574999999999999 0.03824999999999999 0 0.04549999999999999 0.03849999999999999 0 0.04524999999999999 0.03874999999999999 0 0.04499999999999999 0.03899999999999999 0 0.04474999999999999 0.03924999999999999 0 0.0445 0.03950000000000001 0 0.04649999999999999 0.03749999999999999 0 0.04649999999999999 0.03774999999999999 0 0.04624999999999999 0.03799999999999999 0 0.04599999999999999 0.03824999999999999 0 0.04574999999999999 0.03849999999999999 0 0.04549999999999999 0.03874999999999999 0 0.04524999999999999 0.03899999999999999 0 0.04499999999999999 0.03924999999999999 0 0.04475000000000001 0.03950000000000001 0 0.04674999999999999 0.03749999999999999 0 0.04674999999999999 0.03774999999999999 0 0.04649999999999999 0.03799999999999999 0 0.04624999999999999 0.03824999999999999 0 0.04599999999999999 0.03849999999999999 0 0.04574999999999999 0.03874999999999999 0 0.04549999999999999 0.03899999999999999 0 0.04524999999999999 0.03924999999999999 0 0.04500000000000001 0.03950000000000001 0 0.04699999999999999 0.03749999999999999 0 0.04699999999999999 0.03774999999999999 0 0.04674999999999999 0.03799999999999999 0 0.04649999999999999 0.03824999999999999 0 0.04624999999999999 0.03849999999999999 0 0.04599999999999999 0.03874999999999999 0 0.04574999999999999 0.03899999999999999 0 0.04549999999999999 0.03924999999999999 0 0.04525000000000001 0.03950000000000001 0 0.04724999999999999 0.03749999999999999 0 0.04724999999999999 0.03774999999999999 0 0.04699999999999999 0.03799999999999999 0 0.04674999999999999 0.03824999999999999 0 0.04649999999999999 0.03849999999999999 0 0.04624999999999999 0.03874999999999999 0 0.04599999999999999 0.03899999999999999 0 0.04574999999999999 0.03924999999999999 0 0.04550000000000001 0.03950000000000001 0 0.04749999999999999 0.03749999999999999 0 0.04749999999999999 0.03774999999999999 0 0.04724999999999999 0.03799999999999999 0 0.04699999999999999 0.03824999999999999 0 0.04674999999999999 0.03849999999999999 0 0.04649999999999999 0.03874999999999999 0 0.04624999999999999 0.03899999999999999 0 0.04599999999999999 0.03924999999999999 0 0.04575000000000001 0.03950000000000001 0 0.04774999999999999 0.03749999999999999 0 0.04774999999999999 0.03774999999999999 0 0.04749999999999999 0.03799999999999999 0 0.04724999999999999 0.03824999999999999 0 0.04699999999999999 0.03849999999999999 0 0.04674999999999999 0.03874999999999999 0 0.04649999999999999 0.03899999999999999 0 0.04624999999999999 0.03924999999999999 0 0.04600000000000001 0.03950000000000001 0 0.04799999999999999 0.03749999999999999 0 0.04799999999999999 0.03774999999999999 0 0.04774999999999999 0.03799999999999999 0 0.04749999999999999 0.03824999999999999 0 0.04724999999999999 0.03849999999999999 0 0.04699999999999999 0.03874999999999999 0 0.04674999999999999 0.03899999999999999 0 0.04649999999999999 0.03924999999999999 0 0.04625000000000001 0.03950000000000001 0 0.04824999999999999 0.03749999999999999 0 0.04824999999999999 0.03774999999999999 0 0.04799999999999999 0.03799999999999999 0 0.04774999999999999 0.03824999999999999 0 0.04749999999999999 0.03849999999999999 0 0.04724999999999999 0.03874999999999999 0 0.04699999999999999 0.03899999999999999 0 0.04674999999999999 0.03924999999999999 0 0.04650000000000001 0.03950000000000001 0 0.04849999999999999 0.03749999999999999 0 0.04849999999999999 0.03774999999999999 0 0.04824999999999999 0.03799999999999999 0 0.04799999999999999 0.03824999999999999 0 0.04774999999999999 0.03849999999999999 0 0.04749999999999999 0.03874999999999999 0 0.04724999999999999 0.03899999999999999 0 0.04699999999999999 0.03924999999999999 0 0.04675000000000001 0.03950000000000001 0 0.04874999999999999 0.03749999999999999 0 0.04874999999999999 0.03774999999999999 0 0.04849999999999999 0.03799999999999999 0 0.04824999999999999 0.03824999999999999 0 0.04799999999999999 0.03849999999999999 0 0.04774999999999999 0.03874999999999999 0 0.04749999999999999 0.03899999999999999 0 0.04724999999999999 0.03924999999999999 0 0.04700000000000001 0.03950000000000001 0 0.04899999999999999 0.03749999999999999 0 0.04899999999999999 0.03774999999999999 0 0.04874999999999999 0.03799999999999999 0 0.04849999999999999 0.03824999999999999 0 0.04824999999999999 0.03849999999999999 0 0.04799999999999999 0.03874999999999999 0 0.04774999999999999 0.03899999999999999 0 0.04749999999999999 0.03924999999999999 0 0.04725000000000001 0.03950000000000001 0 0.04925 0.03749999999999999 0 0.04925 0.03774999999999999 0 0.04899999999999999 0.03799999999999999 0 0.04874999999999999 0.03824999999999999 0 0.04849999999999999 0.03849999999999999 0 0.04824999999999999 0.03874999999999999 0 0.04799999999999999 0.03899999999999999 0 0.04774999999999999 0.03924999999999999 0 0.04750000000000001 0.03950000000000001 0 0.0495 0.03749999999999999 0 0.0495 0.03774999999999999 0 0.04925 0.03799999999999999 0 0.04899999999999999 0.03824999999999999 0 0.04874999999999999 0.03849999999999999 0 0.04849999999999999 0.03874999999999999 0 0.04824999999999999 0.03899999999999999 0 0.04799999999999999 0.03924999999999999 0 0.04775000000000001 0.03950000000000001 0 0.04975 0.03749999999999999 0 0.04975 0.03774999999999999 0 0.0495 0.03799999999999999 0 0.04925 0.03824999999999999 0 0.04899999999999999 0.03849999999999999 0 0.04874999999999999 0.03874999999999999 0 0.04849999999999999 0.03899999999999999 0 0.04824999999999999 0.03924999999999999 0 0.04800000000000001 0.03950000000000001 0 0.05 0.03749999999999999 0 0.05 0.03774999999999999 0 0.04975 0.03799999999999999 0 0.0495 0.03824999999999999 0 0.04925 0.03849999999999999 0 0.04899999999999999 0.03874999999999999 0 0.04874999999999999 0.03899999999999999 0 0.04849999999999999 0.03924999999999999 0 0.04825000000000001 0.03950000000000001 0 0.05025 0.03749999999999999 0 0.05025 0.03774999999999999 0 0.05 0.03799999999999999 0 0.04975 0.03824999999999999 0 0.0495 0.03849999999999999 0 0.04925 0.03874999999999999 0 0.04899999999999999 0.03899999999999999 0 0.04874999999999999 0.03924999999999999 0 0.04850000000000001 0.03950000000000001 0 0.0505 0.03749999999999999 0 0.0505 0.03774999999999999 0 0.05025 0.03799999999999999 0 0.05 0.03824999999999999 0 0.04975 0.03849999999999999 0 0.0495 0.03874999999999999 0 0.04925 0.03899999999999999 0 0.04899999999999999 0.03924999999999999 0 0.04875000000000001 0.03950000000000001 0 0.05075 0.03749999999999999 0 0.05075 0.03774999999999999 0 0.0505 0.03799999999999999 0 0.05025 0.03824999999999999 0 0.05 0.03849999999999999 0 0.04975 0.03874999999999999 0 0.0495 0.03899999999999999 0 0.04925 0.03924999999999999 0 0.04900000000000001 0.03950000000000001 0 0.051 0.03749999999999999 0 0.051 0.03774999999999999 0 0.05075 0.03799999999999999 0 0.0505 0.03824999999999999 0 0.05025 0.03849999999999999 0 0.05 0.03874999999999999 0 0.04975 0.03899999999999999 0 0.0495 0.03924999999999999 0 0.04925000000000001 0.03950000000000001 0 0.05125 0.03749999999999999 0 0.05125 0.03774999999999999 0 0.051 0.03799999999999999 0 0.05075 0.03824999999999999 0 0.0505 0.03849999999999999 0 0.05025 0.03874999999999999 0 0.05 0.03899999999999999 0 0.04975 0.03924999999999999 0 0.04950000000000001 0.03950000000000001 0 0.0515 0.03749999999999999 0 0.0515 0.03774999999999999 0 0.05125 0.03799999999999999 0 0.051 0.03824999999999999 0 0.05075 0.03849999999999999 0 0.0505 0.03874999999999999 0 0.05025 0.03899999999999999 0 0.05 0.03924999999999999 0 0.04975000000000001 0.03950000000000001 0 0.05175 0.03749999999999999 0 0.05175 0.03774999999999999 0 0.0515 0.03799999999999999 0 0.05125 0.03824999999999999 0 0.051 0.03849999999999999 0 0.05075 0.03874999999999999 0 0.0505 0.03899999999999999 0 0.05025 0.03924999999999999 0 0.05000000000000001 0.03950000000000001 0 0.052 0.03749999999999999 0 0.052 0.03774999999999999 0 0.05175 0.03799999999999999 0 0.0515 0.03824999999999999 0 0.05125 0.03849999999999999 0 0.051 0.03874999999999999 0 0.05075 0.03899999999999999 0 0.0505 0.03924999999999999 0 0.05025000000000001 0.03950000000000001 0 0.05225 0.03749999999999999 0 0.05225 0.03774999999999999 0 0.052 0.03799999999999999 0 0.05175 0.03824999999999999 0 0.0515 0.03849999999999999 0 0.05125 0.03874999999999999 0 0.051 0.03899999999999999 0 0.05075 0.03924999999999999 0 0.05050000000000001 0.03950000000000001 0 0.0525 0.03749999999999999 0 0.0525 0.03774999999999999 0 0.05225 0.03799999999999999 0 0.052 0.03824999999999999 0 0.05175 0.03849999999999999 0 0.0515 0.03874999999999999 0 0.05125 0.03899999999999999 0 0.051 0.03924999999999999 0 0.05075000000000001 0.03950000000000001 0 0.05275 0.03749999999999999 0 0.05275 0.03774999999999999 0 0.0525 0.03799999999999999 0 0.05225 0.03824999999999999 0 0.052 0.03849999999999999 0 0.05175 0.03874999999999999 0 0.0515 0.03899999999999999 0 0.05125 0.03924999999999999 0 0.05100000000000001 0.03950000000000001 0 0.053 0.03749999999999999 0 0.053 0.03774999999999999 0 0.05275 0.03799999999999999 0 0.0525 0.03824999999999999 0 0.05225 0.03849999999999999 0 0.052 0.03874999999999999 0 0.05175 0.03899999999999999 0 0.0515 0.03924999999999999 0 0.05125000000000001 0.03950000000000001 0 0.05325 0.03749999999999999 0 0.05325 0.03774999999999999 0 0.053 0.03799999999999999 0 0.05275 0.03824999999999999 0 0.0525 0.03849999999999999 0 0.05225 0.03874999999999999 0 0.052 0.03899999999999999 0 0.05175 0.03924999999999999 0 0.05150000000000001 0.03950000000000001 0 0.0535 0.03749999999999999 0 0.0535 0.03774999999999999 0 0.05325 0.03799999999999999 0 0.053 0.03824999999999999 0 0.05275 0.03849999999999999 0 0.0525 0.03874999999999999 0 0.05225 0.03899999999999999 0 0.052 0.03924999999999999 0 0.05175000000000001 0.03950000000000001 0 0.05375 0.03749999999999999 0 0.05375 0.03774999999999999 0 0.0535 0.03799999999999999 0 0.05325 0.03824999999999999 0 0.053 0.03849999999999999 0 0.05275 0.03874999999999999 0 0.0525 0.03899999999999999 0 0.05225 0.03924999999999999 0 0.05200000000000001 0.03950000000000001 0 0.054 0.03749999999999999 0 0.054 0.03774999999999999 0 0.05375 0.03799999999999999 0 0.0535 0.03824999999999999 0 0.05325 0.03849999999999999 0 0.053 0.03874999999999999 0 0.05275 0.03899999999999999 0 0.0525 0.03924999999999999 0 0.05225000000000001 0.03950000000000001 0 0.05425 0.03749999999999999 0 0.05425 0.03774999999999999 0 0.054 0.03799999999999999 0 0.05375 0.03824999999999999 0 0.0535 0.03849999999999999 0 0.05325 0.03874999999999999 0 0.053 0.03899999999999999 0 0.05275 0.03924999999999999 0 0.05250000000000001 0.03950000000000001 0 0.0545 0.03749999999999999 0 0.0545 0.03774999999999999 0 0.05425 0.03799999999999999 0 0.054 0.03824999999999999 0 0.05375 0.03849999999999999 0 0.0535 0.03874999999999999 0 0.05325 0.03899999999999999 0 0.053 0.03924999999999999 0 0.05275000000000001 0.03950000000000001 0 0.05475 0.03749999999999999 0 0.05475 0.03774999999999999 0 0.0545 0.03799999999999999 0 0.05425 0.03824999999999999 0 0.054 0.03849999999999999 0 0.05375 0.03874999999999999 0 0.0535 0.03899999999999999 0 0.05325 0.03924999999999999 0 0.05300000000000001 0.03950000000000001 0 0.055 0.03749999999999999 0 0.055 0.03774999999999999 0 0.05475 0.03799999999999999 0 0.0545 0.03824999999999999 0 0.05425 0.03849999999999999 0 0.054 0.03874999999999999 0 0.05375 0.03899999999999999 0 0.0535 0.03924999999999999 0 0.05325000000000001 0.03950000000000001 0 0.05525 0.03749999999999999 0 0.05525 0.03774999999999999 0 0.055 0.03799999999999999 0 0.05475 0.03824999999999999 0 0.0545 0.03849999999999999 0 0.05425 0.03874999999999999 0 0.054 0.03899999999999999 0 0.05375 0.03924999999999999 0 0.05350000000000001 0.03950000000000001 0 0.0555 0.03749999999999999 0 0.0555 0.03774999999999999 0 0.05525 0.03799999999999999 0 0.055 0.03824999999999999 0 0.05475 0.03849999999999999 0 0.0545 0.03874999999999999 0 0.05425 0.03899999999999999 0 0.054 0.03924999999999999 0 0.05375000000000001 0.03950000000000001 0 0.05575 0.03749999999999999 0 0.05575 0.03774999999999999 0 0.0555 0.03799999999999999 0 0.05525 0.03824999999999999 0 0.055 0.03849999999999999 0 0.05475 0.03874999999999999 0 0.0545 0.03899999999999999 0 0.05425 0.03924999999999999 0 0.05400000000000001 0.03950000000000001 0 0.056 0.03749999999999999 0 0.056 0.03774999999999999 0 0.05575 0.03799999999999999 0 0.0555 0.03824999999999999 0 0.05525 0.03849999999999999 0 0.055 0.03874999999999999 0 0.05475 0.03899999999999999 0 0.0545 0.03924999999999999 0 0.05425000000000001 0.03950000000000001 0 0.05624999999999999 0.03749999999999999 0 0.05624999999999999 0.03774999999999999 0 0.056 0.03799999999999999 0 0.05575 0.03824999999999999 0 0.0555 0.03849999999999999 0 0.05525 0.03874999999999999 0 0.055 0.03899999999999999 0 0.05475 0.03924999999999999 0 0.05450000000000001 0.03950000000000001 0 0.05649999999999999 0.03749999999999999 0 0.05649999999999999 0.03774999999999999 0 0.05624999999999999 0.03799999999999999 0 0.056 0.03824999999999999 0 0.05575 0.03849999999999999 0 0.0555 0.03874999999999999 0 0.05525 0.03899999999999999 0 0.055 0.03924999999999999 0 0.05475000000000001 0.03950000000000001 0 0.05674999999999999 0.03749999999999999 0 0.05674999999999999 0.03774999999999999 0 0.05649999999999999 0.03799999999999999 0 0.05624999999999999 0.03824999999999999 0 0.056 0.03849999999999999 0 0.05575 0.03874999999999999 0 0.0555 0.03899999999999999 0 0.05525 0.03924999999999999 0 0.05500000000000001 0.03950000000000001 0 0.057 0.03749999999999999 0 0.057 0.03774999999999999 0 0.05674999999999999 0.03799999999999999 0 0.05649999999999999 0.03824999999999999 0 0.05624999999999999 0.03849999999999999 0 0.056 0.03874999999999999 0 0.05575 0.03899999999999999 0 0.0555 0.03924999999999999 0 0.05525000000000001 0.03950000000000001 0 0.05725 0.03749999999999999 0 0.05725 0.03774999999999999 0 0.057 0.03799999999999999 0 0.05674999999999999 0.03824999999999999 0 0.05649999999999999 0.03849999999999999 0 0.05624999999999999 0.03874999999999999 0 0.056 0.03899999999999999 0 0.05575 0.03924999999999999 0 0.05550000000000001 0.03950000000000001 0 0.0575 0.03749999999999999 0 0.0575 0.03774999999999999 0 0.05725 0.03799999999999999 0 0.057 0.03824999999999999 0 0.05674999999999999 0.03849999999999999 0 0.05649999999999999 0.03874999999999999 0 0.05624999999999999 0.03899999999999999 0 0.056 0.03924999999999999 0 0.05575000000000001 0.03950000000000001 0 0.05775 0.03749999999999999 0 0.05775 0.03774999999999999 0 0.0575 0.03799999999999999 0 0.05725 0.03824999999999999 0 0.057 0.03849999999999999 0 0.05674999999999999 0.03874999999999999 0 0.05649999999999999 0.03899999999999999 0 0.05624999999999999 0.03924999999999999 0 0.05600000000000002 0.03950000000000001 0 0.058 0.03749999999999999 0 0.058 0.03774999999999999 0 0.05775 0.03799999999999999 0 0.0575 0.03824999999999999 0 0.05725 0.03849999999999999 0 0.057 0.03874999999999999 0 0.05674999999999999 0.03899999999999999 0 0.05649999999999999 0.03924999999999999 0 0.05625000000000001 0.03950000000000001 0 0.05825 0.03749999999999999 0 0.05825 0.03774999999999999 0 0.058 0.03799999999999999 0 0.05775 0.03824999999999999 0 0.0575 0.03849999999999999 0 0.05725 0.03874999999999999 0 0.057 0.03899999999999999 0 0.05674999999999999 0.03924999999999999 0 0.05650000000000001 0.03950000000000001 0 0.0585 0.03749999999999999 0 0.0585 0.03774999999999999 0 0.05825 0.03799999999999999 0 0.058 0.03824999999999999 0 0.05775 0.03849999999999999 0 0.0575 0.03874999999999999 0 0.05725 0.03899999999999999 0 0.057 0.03924999999999999 0 0.05675000000000001 0.03950000000000001 0 0.05875 0.03749999999999999 0 0.05875 0.03774999999999999 0 0.0585 0.03799999999999999 0 0.05825 0.03824999999999999 0 0.058 0.03849999999999999 0 0.05775 0.03874999999999999 0 0.0575 0.03899999999999999 0 0.05725 0.03924999999999999 0 0.05700000000000001 0.03950000000000001 0 0.059 0.03749999999999999 0 0.059 0.03774999999999999 0 0.05875 0.03799999999999999 0 0.0585 0.03824999999999999 0 0.05825 0.03849999999999999 0 0.058 0.03874999999999999 0 0.05775 0.03899999999999999 0 0.0575 0.03924999999999999 0 0.05725000000000001 0.03950000000000001 0 0.05925 0.03749999999999999 0 0.05925 0.03774999999999999 0 0.059 0.03799999999999999 0 0.05875 0.03824999999999999 0 0.0585 0.03849999999999999 0 0.05825 0.03874999999999999 0 0.058 0.03899999999999999 0 0.05775 0.03924999999999999 0 0.05750000000000001 0.03950000000000001 0 0.0595 0.03749999999999999 0 0.0595 0.03774999999999999 0 0.05925 0.03799999999999999 0 0.059 0.03824999999999999 0 0.05875 0.03849999999999999 0 0.0585 0.03874999999999999 0 0.05825 0.03899999999999999 0 0.058 0.03924999999999999 0 0.05775000000000001 0.03950000000000001 0 0.05975 0.03749999999999999 0 0.05975 0.03774999999999999 0 0.0595 0.03799999999999999 0 0.05925 0.03824999999999999 0 0.059 0.03849999999999999 0 0.05875 0.03874999999999999 0 0.0585 0.03899999999999999 0 0.05825 0.03924999999999999 0 0.05800000000000001 0.03950000000000001 0 0.06 0.03749999999999999 0 0.06 0.03774999999999999 0 0.05975 0.03799999999999999 0 0.0595 0.03824999999999999 0 0.05925 0.03849999999999999 0 0.059 0.03874999999999999 0 0.05875 0.03899999999999999 0 0.0585 0.03924999999999999 0 0.05825000000000001 0.03950000000000001 0 0.06025 0.03749999999999999 0 0.06025 0.03774999999999999 0 0.06 0.03799999999999999 0 0.05975 0.03824999999999999 0 0.0595 0.03849999999999999 0 0.05925 0.03874999999999999 0 0.059 0.03899999999999999 0 0.05875 0.03924999999999999 0 0.05850000000000001 0.03950000000000001 0 0.0605 0.03749999999999999 0 0.0605 0.03774999999999999 0 0.06025 0.03799999999999999 0 0.06 0.03824999999999999 0 0.05975 0.03849999999999999 0 0.0595 0.03874999999999999 0 0.05925 0.03899999999999999 0 0.059 0.03924999999999999 0 0.05875000000000001 0.03950000000000001 0 0.06075 0.03749999999999999 0 0.06075 0.03774999999999999 0 0.0605 0.03799999999999999 0 0.06025 0.03824999999999999 0 0.06 0.03849999999999999 0 0.05975 0.03874999999999999 0 0.0595 0.03899999999999999 0 0.05925 0.03924999999999999 0 0.05900000000000001 0.03950000000000001 0 0.061 0.03749999999999999 0 0.061 0.03774999999999999 0 0.06075 0.03799999999999999 0 0.0605 0.03824999999999999 0 0.06025 0.03849999999999999 0 0.06 0.03874999999999999 0 0.05975 0.03899999999999999 0 0.0595 0.03924999999999999 0 0.05925000000000001 0.03950000000000001 0 0.06125 0.03749999999999999 0 0.06125 0.03774999999999999 0 0.061 0.03799999999999999 0 0.06075 0.03824999999999999 0 0.0605 0.03849999999999999 0 0.06025 0.03874999999999999 0 0.06 0.03899999999999999 0 0.05975 0.03924999999999999 0 0.05950000000000001 0.03950000000000001 0 0.0615 0.03749999999999999 0 0.0615 0.03774999999999999 0 0.06125 0.03799999999999999 0 0.061 0.03824999999999999 0 0.06075 0.03849999999999999 0 0.0605 0.03874999999999999 0 0.06025 0.03899999999999999 0 0.06 0.03924999999999999 0 0.05975000000000001 0.03950000000000001 0 0.06175 0.03749999999999999 0 0.06175 0.03774999999999999 0 0.0615 0.03799999999999999 0 0.06125 0.03824999999999999 0 0.061 0.03849999999999999 0 0.06075 0.03874999999999999 0 0.0605 0.03899999999999999 0 0.06025 0.03924999999999999 0 0.06000000000000001 0.03950000000000001 0 0.062 0.03749999999999999 0 0.062 0.03774999999999999 0 0.06175 0.03799999999999999 0 0.0615 0.03824999999999999 0 0.06125 0.03849999999999999 0 0.061 0.03874999999999999 0 0.06075 0.03899999999999999 0 0.0605 0.03924999999999999 0 0.06025000000000001 0.03950000000000001 0 0.06225 0.03749999999999999 0 0.06225 0.03774999999999999 0 0.062 0.03799999999999999 0 0.06175 0.03824999999999999 0 0.0615 0.03849999999999999 0 0.06125 0.03874999999999999 0 0.061 0.03899999999999999 0 0.06075 0.03924999999999999 0 0.06050000000000001 0.03950000000000001 0 0.0625 0.03749999999999999 0 0.0625 0.03774999999999999 0 0.06225 0.03799999999999999 0 0.062 0.03824999999999999 0 0.06175 0.03849999999999999 0 0.0615 0.03874999999999999 0 0.06125 0.03899999999999999 0 0.061 0.03924999999999999 0 0.06075000000000001 0.03950000000000001 0 0.06274999999999999 0.03749999999999999 0 0.06274999999999999 0.03774999999999999 0 0.0625 0.03799999999999999 0 0.06225 0.03824999999999999 0 0.062 0.03849999999999999 0 0.06175 0.03874999999999999 0 0.0615 0.03899999999999999 0 0.06125 0.03924999999999999 0 0.06100000000000001 0.03950000000000001 0 0.06299999999999999 0.03749999999999999 0 0.06299999999999999 0.03774999999999999 0 0.06274999999999999 0.03799999999999999 0 0.0625 0.03824999999999999 0 0.06225 0.03849999999999999 0 0.062 0.03874999999999999 0 0.06175 0.03899999999999999 0 0.0615 0.03924999999999999 0 0.06125000000000001 0.03950000000000001 0 0.06324999999999999 0.03749999999999999 0 0.06324999999999999 0.03774999999999999 0 0.06299999999999999 0.03799999999999999 0 0.06274999999999999 0.03824999999999999 0 0.0625 0.03849999999999999 0 0.06225 0.03874999999999999 0 0.062 0.03899999999999999 0 0.06175 0.03924999999999999 0 0.06150000000000001 0.03950000000000001 0 0.06349999999999999 0.03749999999999999 0 0.06349999999999999 0.03774999999999999 0 0.06324999999999999 0.03799999999999999 0 0.06299999999999999 0.03824999999999999 0 0.06274999999999999 0.03849999999999999 0 0.0625 0.03874999999999999 0 0.06225 0.03899999999999999 0 0.062 0.03924999999999999 0 0.06175000000000001 0.03950000000000001 0 0.06374999999999999 0.03749999999999999 0 0.06374999999999999 0.03774999999999999 0 0.06349999999999999 0.03799999999999999 0 0.06324999999999999 0.03824999999999999 0 0.06299999999999999 0.03849999999999999 0 0.06274999999999999 0.03874999999999999 0 0.0625 0.03899999999999999 0 0.06225 0.03924999999999999 0 0.06200000000000001 0.03950000000000001 0 0.06399999999999999 0.03749999999999999 0 0.06399999999999999 0.03774999999999999 0 0.06374999999999999 0.03799999999999999 0 0.06349999999999999 0.03824999999999999 0 0.06324999999999999 0.03849999999999999 0 0.06299999999999999 0.03874999999999999 0 0.06274999999999999 0.03899999999999999 0 0.0625 0.03924999999999999 0 0.06225000000000001 0.03950000000000001 0 0.06424999999999999 0.03749999999999999 0 0.06424999999999999 0.03774999999999999 0 0.06399999999999999 0.03799999999999999 0 0.06374999999999999 0.03824999999999999 0 0.06349999999999999 0.03849999999999999 0 0.06324999999999999 0.03874999999999999 0 0.06299999999999999 0.03899999999999999 0 0.06274999999999999 0.03924999999999999 0 0.06250000000000001 0.03950000000000001 0 0.06449999999999999 0.03749999999999999 0 0.06449999999999999 0.03774999999999999 0 0.06424999999999999 0.03799999999999999 0 0.06399999999999999 0.03824999999999999 0 0.06374999999999999 0.03849999999999999 0 0.06349999999999999 0.03874999999999999 0 0.06324999999999999 0.03899999999999999 0 0.06299999999999999 0.03924999999999999 0 0.06275000000000001 0.03950000000000001 0 0.06474999999999999 0.03749999999999999 0 0.06474999999999999 0.03774999999999999 0 0.06449999999999999 0.03799999999999999 0 0.06424999999999999 0.03824999999999999 0 0.06399999999999999 0.03849999999999999 0 0.06374999999999999 0.03874999999999999 0 0.06349999999999999 0.03899999999999999 0 0.06324999999999999 0.03924999999999999 0 0.06300000000000001 0.03950000000000001 0 0.06499999999999999 0.03749999999999999 0 0.06499999999999999 0.03774999999999999 0 0.06474999999999999 0.03799999999999999 0 0.06449999999999999 0.03824999999999999 0 0.06424999999999999 0.03849999999999999 0 0.06399999999999999 0.03874999999999999 0 0.06374999999999999 0.03899999999999999 0 0.06349999999999999 0.03924999999999999 0 0.06325000000000001 0.03950000000000001 0 0.06524999999999999 0.03749999999999999 0 0.06524999999999999 0.03774999999999999 0 0.06499999999999999 0.03799999999999999 0 0.06474999999999999 0.03824999999999999 0 0.06449999999999999 0.03849999999999999 0 0.06424999999999999 0.03874999999999999 0 0.06399999999999999 0.03899999999999999 0 0.06374999999999999 0.03924999999999999 0 0.06350000000000001 0.03950000000000001 0 0.06549999999999999 0.03749999999999999 0 0.06549999999999999 0.03774999999999999 0 0.06524999999999999 0.03799999999999999 0 0.06499999999999999 0.03824999999999999 0 0.06474999999999999 0.03849999999999999 0 0.06449999999999999 0.03874999999999999 0 0.06424999999999999 0.03899999999999999 0 0.06399999999999999 0.03924999999999999 0 0.06375000000000001 0.03950000000000001 0 0.06574999999999999 0.03749999999999999 0 0.06574999999999999 0.03774999999999999 0 0.06549999999999999 0.03799999999999999 0 0.06524999999999999 0.03824999999999999 0 0.06499999999999999 0.03849999999999999 0 0.06474999999999999 0.03874999999999999 0 0.06449999999999999 0.03899999999999999 0 0.06424999999999999 0.03924999999999999 0 0.06400000000000002 0.03950000000000001 0 0.06599999999999999 0.03749999999999999 0 0.06599999999999999 0.03774999999999999 0 0.06574999999999999 0.03799999999999999 0 0.06549999999999999 0.03824999999999999 0 0.06524999999999999 0.03849999999999999 0 0.06499999999999999 0.03874999999999999 0 0.06474999999999999 0.03899999999999999 0 0.06449999999999999 0.03924999999999999 0 0.06425000000000002 0.03950000000000001 0 0.06624999999999999 0.03749999999999999 0 0.06624999999999999 0.03774999999999999 0 0.06599999999999999 0.03799999999999999 0 0.06574999999999999 0.03824999999999999 0 0.06549999999999999 0.03849999999999999 0 0.06524999999999999 0.03874999999999999 0 0.06499999999999999 0.03899999999999999 0 0.06474999999999999 0.03924999999999999 0 0.06450000000000002 0.03950000000000001 0 0.06649999999999999 0.03749999999999999 0 0.06649999999999999 0.03774999999999999 0 0.06624999999999999 0.03799999999999999 0 0.06599999999999999 0.03824999999999999 0 0.06574999999999999 0.03849999999999999 0 0.06549999999999999 0.03874999999999999 0 0.06524999999999999 0.03899999999999999 0 0.06499999999999999 0.03924999999999999 0 0.06475000000000002 0.03950000000000001 0 0.06674999999999999 0.03749999999999999 0 0.06674999999999999 0.03774999999999999 0 0.06649999999999999 0.03799999999999999 0 0.06624999999999999 0.03824999999999999 0 0.06599999999999999 0.03849999999999999 0 0.06574999999999999 0.03874999999999999 0 0.06549999999999999 0.03899999999999999 0 0.06524999999999999 0.03924999999999999 0 0.06500000000000002 0.03950000000000001 0 0.06699999999999999 0.03749999999999999 0 0.06699999999999999 0.03774999999999999 0 0.06674999999999999 0.03799999999999999 0 0.06649999999999999 0.03824999999999999 0 0.06624999999999999 0.03849999999999999 0 0.06599999999999999 0.03874999999999999 0 0.06574999999999999 0.03899999999999999 0 0.06549999999999999 0.03924999999999999 0 0.06525000000000002 0.03950000000000001 0 0.06724999999999999 0.03749999999999999 0 0.06724999999999999 0.03774999999999999 0 0.06699999999999999 0.03799999999999999 0 0.06674999999999999 0.03824999999999999 0 0.06649999999999999 0.03849999999999999 0 0.06624999999999999 0.03874999999999999 0 0.06599999999999999 0.03899999999999999 0 0.06574999999999999 0.03924999999999999 0 0.06550000000000002 0.03950000000000001 0 0.06749999999999999 0.03749999999999999 0 0.06749999999999999 0.03774999999999999 0 0.06724999999999999 0.03799999999999999 0 0.06699999999999999 0.03824999999999999 0 0.06674999999999999 0.03849999999999999 0 0.06649999999999999 0.03874999999999999 0 0.06624999999999999 0.03899999999999999 0 0.06599999999999999 0.03924999999999999 0 0.06575000000000002 0.03950000000000001 0 0.06774999999999999 0.03749999999999999 0 0.06774999999999999 0.03774999999999999 0 0.06749999999999999 0.03799999999999999 0 0.06724999999999999 0.03824999999999999 0 0.06699999999999999 0.03849999999999999 0 0.06674999999999999 0.03874999999999999 0 0.06649999999999999 0.03899999999999999 0 0.06624999999999999 0.03924999999999999 0 0.06600000000000002 0.03950000000000001 0 0.06799999999999999 0.03749999999999999 0 0.06799999999999999 0.03774999999999999 0 0.06774999999999999 0.03799999999999999 0 0.06749999999999999 0.03824999999999999 0 0.06724999999999999 0.03849999999999999 0 0.06699999999999999 0.03874999999999999 0 0.06674999999999999 0.03899999999999999 0 0.06649999999999999 0.03924999999999999 0 0.06625000000000002 0.03950000000000001 0 0.06824999999999999 0.03749999999999999 0 0.06824999999999999 0.03774999999999999 0 0.06799999999999999 0.03799999999999999 0 0.06774999999999999 0.03824999999999999 0 0.06749999999999999 0.03849999999999999 0 0.06724999999999999 0.03874999999999999 0 0.06699999999999999 0.03899999999999999 0 0.06674999999999999 0.03924999999999999 0 0.06650000000000002 0.03950000000000001 0 0.06849999999999999 0.03749999999999999 0 0.06849999999999999 0.03774999999999999 0 0.06824999999999999 0.03799999999999999 0 0.06799999999999999 0.03824999999999999 0 0.06774999999999999 0.03849999999999999 0 0.06749999999999999 0.03874999999999999 0 0.06724999999999999 0.03899999999999999 0 0.06699999999999999 0.03924999999999999 0 0.06675000000000002 0.03950000000000001 0 0.06874999999999999 0.03749999999999999 0 0.06874999999999999 0.03774999999999999 0 0.06849999999999999 0.03799999999999999 0 0.06824999999999999 0.03824999999999999 0 0.06799999999999999 0.03849999999999999 0 0.06774999999999999 0.03874999999999999 0 0.06749999999999999 0.03899999999999999 0 0.06724999999999999 0.03924999999999999 0 0.06700000000000002 0.03950000000000001 0 0.06899999999999999 0.03749999999999999 0 0.06899999999999999 0.03774999999999999 0 0.06874999999999999 0.03799999999999999 0 0.06849999999999999 0.03824999999999999 0 0.06824999999999999 0.03849999999999999 0 0.06799999999999999 0.03874999999999999 0 0.06774999999999999 0.03899999999999999 0 0.06749999999999999 0.03924999999999999 0 0.06725000000000002 0.03950000000000001 0 0.06924999999999999 0.03749999999999999 0 0.06924999999999999 0.03774999999999999 0 0.06899999999999999 0.03799999999999999 0 0.06874999999999999 0.03824999999999999 0 0.06849999999999999 0.03849999999999999 0 0.06824999999999999 0.03874999999999999 0 0.06799999999999999 0.03899999999999999 0 0.06774999999999999 0.03924999999999999 0 0.06750000000000002 0.03950000000000001 0 0.06949999999999999 0.03749999999999999 0 0.06949999999999999 0.03774999999999999 0 0.06924999999999999 0.03799999999999999 0 0.06899999999999999 0.03824999999999999 0 0.06874999999999999 0.03849999999999999 0 0.06849999999999999 0.03874999999999999 0 0.06824999999999999 0.03899999999999999 0 0.06799999999999999 0.03924999999999999 0 0.06775000000000002 0.03950000000000001 0 0.06974999999999999 0.03749999999999999 0 0.06974999999999999 0.03774999999999999 0 0.06949999999999999 0.03799999999999999 0 0.06924999999999999 0.03824999999999999 0 0.06899999999999999 0.03849999999999999 0 0.06874999999999999 0.03874999999999999 0 0.06849999999999999 0.03899999999999999 0 0.06824999999999999 0.03924999999999999 0 0.06800000000000002 0.03950000000000001 0 0.06999999999999999 0.03749999999999999 0 0.06999999999999999 0.03774999999999999 0 0.06974999999999999 0.03799999999999999 0 0.06949999999999999 0.03824999999999999 0 0.06924999999999999 0.03849999999999999 0 0.06899999999999999 0.03874999999999999 0 0.06874999999999999 0.03899999999999999 0 0.06849999999999999 0.03924999999999999 0 0.06825000000000002 0.03950000000000001 0 0.07024999999999999 0.03749999999999999 0 0.07024999999999999 0.03774999999999999 0 0.06999999999999999 0.03799999999999999 0 0.06974999999999999 0.03824999999999999 0 0.06949999999999999 0.03849999999999999 0 0.06924999999999999 0.03874999999999999 0 0.06899999999999999 0.03899999999999999 0 0.06874999999999999 0.03924999999999999 0 0.06850000000000002 0.03950000000000001 0 0.07049999999999999 0.03749999999999999 0 0.07049999999999999 0.03774999999999999 0 0.07024999999999999 0.03799999999999999 0 0.06999999999999999 0.03824999999999999 0 0.06974999999999999 0.03849999999999999 0 0.06949999999999999 0.03874999999999999 0 0.06924999999999999 0.03899999999999999 0 0.06899999999999999 0.03924999999999999 0 0.06875000000000002 0.03950000000000001 0 0.07074999999999999 0.03749999999999999 0 0.07074999999999999 0.03774999999999999 0 0.07049999999999999 0.03799999999999999 0 0.07024999999999999 0.03824999999999999 0 0.06999999999999999 0.03849999999999999 0 0.06974999999999999 0.03874999999999999 0 0.06949999999999999 0.03899999999999999 0 0.06924999999999999 0.03924999999999999 0 0.06900000000000002 0.03950000000000001 0 0.07099999999999999 0.03749999999999999 0 0.07099999999999999 0.03774999999999999 0 0.07074999999999999 0.03799999999999999 0 0.07049999999999999 0.03824999999999999 0 0.07024999999999999 0.03849999999999999 0 0.06999999999999999 0.03874999999999999 0 0.06974999999999999 0.03899999999999999 0 0.06949999999999999 0.03924999999999999 0 0.06925000000000002 0.03950000000000001 0 0.07124999999999999 0.03749999999999999 0 0.07124999999999999 0.03774999999999999 0 0.07099999999999999 0.03799999999999999 0 0.07074999999999999 0.03824999999999999 0 0.07049999999999999 0.03849999999999999 0 0.07024999999999999 0.03874999999999999 0 0.06999999999999999 0.03899999999999999 0 0.06974999999999999 0.03924999999999999 0 0.06950000000000002 0.03950000000000001 0 0.07149999999999999 0.03749999999999999 0 0.07149999999999999 0.03774999999999999 0 0.07124999999999999 0.03799999999999999 0 0.07099999999999999 0.03824999999999999 0 0.07074999999999999 0.03849999999999999 0 0.07049999999999999 0.03874999999999999 0 0.07024999999999999 0.03899999999999999 0 0.06999999999999999 0.03924999999999999 0 0.06975000000000002 0.03950000000000001 0 0.07174999999999999 0.03749999999999999 0 0.07174999999999999 0.03774999999999999 0 0.07149999999999999 0.03799999999999999 0 0.07124999999999999 0.03824999999999999 0 0.07099999999999999 0.03849999999999999 0 0.07074999999999999 0.03874999999999999 0 0.07049999999999999 0.03899999999999999 0 0.07024999999999999 0.03924999999999999 0 0.07000000000000002 0.03950000000000001 0 0.07199999999999999 0.03749999999999999 0 0.07199999999999999 0.03774999999999999 0 0.07174999999999999 0.03799999999999999 0 0.07149999999999999 0.03824999999999999 0 0.07124999999999999 0.03849999999999999 0 0.07099999999999999 0.03874999999999999 0 0.07074999999999999 0.03899999999999999 0 0.07049999999999999 0.03924999999999999 0 0.07025000000000002 0.03950000000000001 0 0.07224999999999999 0.03749999999999999 0 0.07224999999999999 0.03774999999999999 0 0.07199999999999999 0.03799999999999999 0 0.07174999999999999 0.03824999999999999 0 0.07149999999999999 0.03849999999999999 0 0.07124999999999999 0.03874999999999999 0 0.07099999999999999 0.03899999999999999 0 0.07074999999999999 0.03924999999999999 0 0.07050000000000002 0.03950000000000001 0 0.0725 0.03749999999999999 0 0.0725 0.03774999999999999 0 0.07224999999999999 0.03799999999999999 0 0.07199999999999999 0.03824999999999999 0 0.07174999999999999 0.03849999999999999 0 0.07149999999999999 0.03874999999999999 0 0.07124999999999999 0.03899999999999999 0 0.07099999999999999 0.03924999999999999 0 0.07075000000000002 0.03950000000000001 0 0.07275 0.03749999999999999 0 0.07275 0.03774999999999999 0 0.0725 0.03799999999999999 0 0.07224999999999999 0.03824999999999999 0 0.07199999999999999 0.03849999999999999 0 0.07174999999999999 0.03874999999999999 0 0.07149999999999999 0.03899999999999999 0 0.07124999999999999 0.03924999999999999 0 0.07100000000000002 0.03950000000000001 0 0.073 0.03749999999999999 0 0.073 0.03774999999999999 0 0.07275 0.03799999999999999 0 0.0725 0.03824999999999999 0 0.07224999999999999 0.03849999999999999 0 0.07199999999999999 0.03874999999999999 0 0.07174999999999999 0.03899999999999999 0 0.07149999999999999 0.03924999999999999 0 0.07125000000000002 0.03950000000000001 0 0.07325 0.03749999999999999 0 0.07325 0.03774999999999999 0 0.073 0.03799999999999999 0 0.07275 0.03824999999999999 0 0.0725 0.03849999999999999 0 0.07224999999999999 0.03874999999999999 0 0.07199999999999999 0.03899999999999999 0 0.07174999999999999 0.03924999999999999 0 0.07150000000000002 0.03950000000000001 0 0.0735 0.03749999999999999 0 0.0735 0.03774999999999999 0 0.07325 0.03799999999999999 0 0.073 0.03824999999999999 0 0.07275 0.03849999999999999 0 0.0725 0.03874999999999999 0 0.07224999999999999 0.03899999999999999 0 0.07199999999999999 0.03924999999999999 0 0.07175000000000002 0.03950000000000001 0 0.07375 0.03749999999999999 0 0.07375 0.03774999999999999 0 0.0735 0.03799999999999999 0 0.07325 0.03824999999999999 0 0.073 0.03849999999999999 0 0.07275 0.03874999999999999 0 0.0725 0.03899999999999999 0 0.07224999999999999 0.03924999999999999 0 0.07200000000000002 0.03950000000000001 0 0.074 0.03749999999999999 0 0.074 0.03774999999999999 0 0.07375 0.03799999999999999 0 0.0735 0.03824999999999999 0 0.07325 0.03849999999999999 0 0.073 0.03874999999999999 0 0.07275 0.03899999999999999 0 0.0725 0.03924999999999999 0 0.07225000000000002 0.03950000000000001 0 0.07425 0.03749999999999999 0 0.07425 0.03774999999999999 0 0.074 0.03799999999999999 0 0.07375 0.03824999999999999 0 0.0735 0.03849999999999999 0 0.07325 0.03874999999999999 0 0.073 0.03899999999999999 0 0.07275 0.03924999999999999 0 0.07250000000000002 0.03950000000000001 0 0.0745 0.03749999999999999 0 0.0745 0.03774999999999999 0 0.07425 0.03799999999999999 0 0.074 0.03824999999999999 0 0.07375 0.03849999999999999 0 0.0735 0.03874999999999999 0 0.07325 0.03899999999999999 0 0.073 0.03924999999999999 0 0.07275000000000002 0.03950000000000001 0 0.07475 0.03749999999999999 0 0.07475 0.03774999999999999 0 0.0745 0.03799999999999999 0 0.07425 0.03824999999999999 0 0.074 0.03849999999999999 0 0.07375 0.03874999999999999 0 0.0735 0.03899999999999999 0 0.07325 0.03924999999999999 0 0.07300000000000002 0.03950000000000001 0 0.075 0.03749999999999999 0 0.075 0.03774999999999999 0 0.07475 0.03799999999999999 0 0.0745 0.03824999999999999 0 0.07425 0.03849999999999999 0 0.074 0.03874999999999999 0 0.07375 0.03899999999999999 0 0.0735 0.03924999999999999 0 0.07325000000000002 0.03950000000000001 0 0.07525 0.03749999999999999 0 0.07525 0.03774999999999999 0 0.075 0.03799999999999999 0 0.07475 0.03824999999999999 0 0.0745 0.03849999999999999 0 0.07425 0.03874999999999999 0 0.074 0.03899999999999999 0 0.07375 0.03924999999999999 0 0.07350000000000002 0.03950000000000001 0 0.0755 0.03749999999999999 0 0.0755 0.03774999999999999 0 0.07525 0.03799999999999999 0 0.075 0.03824999999999999 0 0.07475 0.03849999999999999 0 0.0745 0.03874999999999999 0 0.07425 0.03899999999999999 0 0.074 0.03924999999999999 0 0.07375000000000002 0.03950000000000001 0 0.07575 0.03749999999999999 0 0.07575 0.03774999999999999 0 0.0755 0.03799999999999999 0 0.07525 0.03824999999999999 0 0.075 0.03849999999999999 0 0.07475 0.03874999999999999 0 0.0745 0.03899999999999999 0 0.07425 0.03924999999999999 0 0.07400000000000002 0.03950000000000001 0 0.076 0.03749999999999999 0 0.076 0.03774999999999999 0 0.07575 0.03799999999999999 0 0.0755 0.03824999999999999 0 0.07525 0.03849999999999999 0 0.075 0.03874999999999999 0 0.07475 0.03899999999999999 0 0.0745 0.03924999999999999 0 0.07425000000000002 0.03950000000000001 0 0.07625 0.03749999999999999 0 0.07625 0.03774999999999999 0 0.076 0.03799999999999999 0 0.07575 0.03824999999999999 0 0.0755 0.03849999999999999 0 0.07525 0.03874999999999999 0 0.075 0.03899999999999999 0 0.07475 0.03924999999999999 0 0.07450000000000002 0.03950000000000001 0 0.0765 0.03749999999999999 0 0.0765 0.03774999999999999 0 0.07625 0.03799999999999999 0 0.076 0.03824999999999999 0 0.07575 0.03849999999999999 0 0.0755 0.03874999999999999 0 0.07525 0.03899999999999999 0 0.075 0.03924999999999999 0 0.07475000000000002 0.03950000000000001 0 0.07675 0.03749999999999999 0 0.07675 0.03774999999999999 0 0.0765 0.03799999999999999 0 0.07625 0.03824999999999999 0 0.076 0.03849999999999999 0 0.07575 0.03874999999999999 0 0.0755 0.03899999999999999 0 0.07525 0.03924999999999999 0 0.07500000000000002 0.03950000000000001 0 0.077 0.03749999999999999 0 0.077 0.03774999999999999 0 0.07675 0.03799999999999999 0 0.0765 0.03824999999999999 0 0.07625 0.03849999999999999 0 0.076 0.03874999999999999 0 0.07575 0.03899999999999999 0 0.0755 0.03924999999999999 0 0.07525000000000003 0.03950000000000001 0 0.07725 0.03749999999999999 0 0.07725 0.03774999999999999 0 0.077 0.03799999999999999 0 0.07675 0.03824999999999999 0 0.0765 0.03849999999999999 0 0.07625 0.03874999999999999 0 0.076 0.03899999999999999 0 0.07575 0.03924999999999999 0 0.07550000000000003 0.03950000000000001 0 0.0775 0.03749999999999999 0 0.0775 0.03774999999999999 0 0.07725 0.03799999999999999 0 0.077 0.03824999999999999 0 0.07675 0.03849999999999999 0 0.0765 0.03874999999999999 0 0.07625 0.03899999999999999 0 0.076 0.03924999999999999 0 0.07575000000000003 0.03950000000000001 0 0.07774999999999999 0.03749999999999999 0 0.07774999999999999 0.03774999999999999 0 0.0775 0.03799999999999999 0 0.07725 0.03824999999999999 0 0.077 0.03849999999999999 0 0.07675 0.03874999999999999 0 0.0765 0.03899999999999999 0 0.07625 0.03924999999999999 0 0.07600000000000003 0.03950000000000001 0 0.07799999999999999 0.03749999999999999 0 0.07799999999999999 0.03774999999999999 0 0.07774999999999999 0.03799999999999999 0 0.0775 0.03824999999999999 0 0.07725 0.03849999999999999 0 0.077 0.03874999999999999 0 0.07675 0.03899999999999999 0 0.0765 0.03924999999999999 0 0.07625000000000003 0.03950000000000001 0 0.07824999999999999 0.03749999999999999 0 0.07824999999999999 0.03774999999999999 0 0.07799999999999999 0.03799999999999999 0 0.07774999999999999 0.03824999999999999 0 0.0775 0.03849999999999999 0 0.07725 0.03874999999999999 0 0.077 0.03899999999999999 0 0.07675 0.03924999999999999 0 0.07650000000000003 0.03950000000000001 0 0.07849999999999999 0.03749999999999999 0 0.07849999999999999 0.03774999999999999 0 0.07824999999999999 0.03799999999999999 0 0.07799999999999999 0.03824999999999999 0 0.07774999999999999 0.03849999999999999 0 0.0775 0.03874999999999999 0 0.07725 0.03899999999999999 0 0.077 0.03924999999999999 0 0.07675000000000003 0.03950000000000001 0 0.07874999999999999 0.03749999999999999 0 0.07874999999999999 0.03774999999999999 0 0.07849999999999999 0.03799999999999999 0 0.07824999999999999 0.03824999999999999 0 0.07799999999999999 0.03849999999999999 0 0.07774999999999999 0.03874999999999999 0 0.0775 0.03899999999999999 0 0.07725 0.03924999999999999 0 0.07700000000000003 0.03950000000000001 0 0.07899999999999999 0.03749999999999999 0 0.07899999999999999 0.03774999999999999 0 0.07874999999999999 0.03799999999999999 0 0.07849999999999999 0.03824999999999999 0 0.07824999999999999 0.03849999999999999 0 0.07799999999999999 0.03874999999999999 0 0.07774999999999999 0.03899999999999999 0 0.0775 0.03924999999999999 0 0.07725000000000003 0.03950000000000001 0 0.07924999999999999 0.03749999999999999 0 0.07924999999999999 0.03774999999999999 0 0.07899999999999999 0.03799999999999999 0 0.07874999999999999 0.03824999999999999 0 0.07849999999999999 0.03849999999999999 0 0.07824999999999999 0.03874999999999999 0 0.07799999999999999 0.03899999999999999 0 0.07774999999999999 0.03924999999999999 0 0.07750000000000003 0.03950000000000001 0 0.07949999999999999 0.03749999999999999 0 0.07949999999999999 0.03774999999999999 0 0.07924999999999999 0.03799999999999999 0 0.07899999999999999 0.03824999999999999 0 0.07874999999999999 0.03849999999999999 0 0.07849999999999999 0.03874999999999999 0 0.07824999999999999 0.03899999999999999 0 0.07799999999999999 0.03924999999999999 0 0.07775000000000001 0.03950000000000001 0 0.07974999999999999 0.03749999999999999 0 0.07974999999999999 0.03774999999999999 0 0.07949999999999999 0.03799999999999999 0 0.07924999999999999 0.03824999999999999 0 0.07899999999999999 0.03849999999999999 0 0.07874999999999999 0.03874999999999999 0 0.07849999999999999 0.03899999999999999 0 0.07824999999999999 0.03924999999999999 0 0.07800000000000001 0.03950000000000001 0 0.07999999999999999 0.03749999999999999 0 0.07999999999999999 0.03774999999999999 0 0.07974999999999999 0.03799999999999999 0 0.07949999999999999 0.03824999999999999 0 0.07924999999999999 0.03849999999999999 0 0.07899999999999999 0.03874999999999999 0 0.07874999999999999 0.03899999999999999 0 0.07849999999999999 0.03924999999999999 0 0.07825000000000001 0.03950000000000001 0 0.08024999999999999 0.03749999999999999 0 0.08024999999999999 0.03774999999999999 0 0.07999999999999999 0.03799999999999999 0 0.07974999999999999 0.03824999999999999 0 0.07949999999999999 0.03849999999999999 0 0.07924999999999999 0.03874999999999999 0 0.07899999999999999 0.03899999999999999 0 0.07874999999999999 0.03924999999999999 0 0.07850000000000001 0.03950000000000001 0 0.08049999999999999 0.03749999999999999 0 0.08049999999999999 0.03774999999999999 0 0.08024999999999999 0.03799999999999999 0 0.07999999999999999 0.03824999999999999 0 0.07974999999999999 0.03849999999999999 0 0.07949999999999999 0.03874999999999999 0 0.07924999999999999 0.03899999999999999 0 0.07899999999999999 0.03924999999999999 0 0.07875000000000001 0.03950000000000001 0 0.08074999999999999 0.03749999999999999 0 0.08074999999999999 0.03774999999999999 0 0.08049999999999999 0.03799999999999999 0 0.08024999999999999 0.03824999999999999 0 0.07999999999999999 0.03849999999999999 0 0.07974999999999999 0.03874999999999999 0 0.07949999999999999 0.03899999999999999 0 0.07924999999999999 0.03924999999999999 0 0.07900000000000001 0.03950000000000001 0 0.08099999999999999 0.03749999999999999 0 0.08099999999999999 0.03774999999999999 0 0.08074999999999999 0.03799999999999999 0 0.08049999999999999 0.03824999999999999 0 0.08024999999999999 0.03849999999999999 0 0.07999999999999999 0.03874999999999999 0 0.07974999999999999 0.03899999999999999 0 0.07949999999999999 0.03924999999999999 0 0.07925000000000001 0.03950000000000001 0 0.08124999999999999 0.03749999999999999 0 0.08124999999999999 0.03774999999999999 0 0.08099999999999999 0.03799999999999999 0 0.08074999999999999 0.03824999999999999 0 0.08049999999999999 0.03849999999999999 0 0.08024999999999999 0.03874999999999999 0 0.07999999999999999 0.03899999999999999 0 0.07974999999999999 0.03924999999999999 0 0.07950000000000002 0.03950000000000001 0 0.08149999999999999 0.03749999999999999 0 0.08149999999999999 0.03774999999999999 0 0.08124999999999999 0.03799999999999999 0 0.08099999999999999 0.03824999999999999 0 0.08074999999999999 0.03849999999999999 0 0.08049999999999999 0.03874999999999999 0 0.08024999999999999 0.03899999999999999 0 0.07999999999999999 0.03924999999999999 0 0.07975000000000002 0.03950000000000001 0 0.08174999999999999 0.03749999999999999 0 0.08174999999999999 0.03774999999999999 0 0.08149999999999999 0.03799999999999999 0 0.08124999999999999 0.03824999999999999 0 0.08099999999999999 0.03849999999999999 0 0.08074999999999999 0.03874999999999999 0 0.08049999999999999 0.03899999999999999 0 0.08024999999999999 0.03924999999999999 0 0.08000000000000002 0.03950000000000001 0 0.08199999999999999 0.03749999999999999 0 0.08199999999999999 0.03774999999999999 0 0.08174999999999999 0.03799999999999999 0 0.08149999999999999 0.03824999999999999 0 0.08124999999999999 0.03849999999999999 0 0.08099999999999999 0.03874999999999999 0 0.08074999999999999 0.03899999999999999 0 0.08049999999999999 0.03924999999999999 0 0.08025000000000002 0.03950000000000001 0 0.08224999999999999 0.03749999999999999 0 0.08224999999999999 0.03774999999999999 0 0.08199999999999999 0.03799999999999999 0 0.08174999999999999 0.03824999999999999 0 0.08149999999999999 0.03849999999999999 0 0.08124999999999999 0.03874999999999999 0 0.08099999999999999 0.03899999999999999 0 0.08074999999999999 0.03924999999999999 0 0.08050000000000002 0.03950000000000001 0 0.08249999999999999 0.03749999999999999 0 0.08249999999999999 0.03774999999999999 0 0.08224999999999999 0.03799999999999999 0 0.08199999999999999 0.03824999999999999 0 0.08174999999999999 0.03849999999999999 0 0.08149999999999999 0.03874999999999999 0 0.08124999999999999 0.03899999999999999 0 0.08099999999999999 0.03924999999999999 0 0.08075000000000002 0.03950000000000001 0 0.08274999999999999 0.03749999999999999 0 0.08274999999999999 0.03774999999999999 0 0.08249999999999999 0.03799999999999999 0 0.08224999999999999 0.03824999999999999 0 0.08199999999999999 0.03849999999999999 0 0.08174999999999999 0.03874999999999999 0 0.08149999999999999 0.03899999999999999 0 0.08124999999999999 0.03924999999999999 0 0.08100000000000002 0.03950000000000001 0 0.08299999999999999 0.03749999999999999 0 0.08299999999999999 0.03774999999999999 0 0.08274999999999999 0.03799999999999999 0 0.08249999999999999 0.03824999999999999 0 0.08224999999999999 0.03849999999999999 0 0.08199999999999999 0.03874999999999999 0 0.08174999999999999 0.03899999999999999 0 0.08149999999999999 0.03924999999999999 0 0.08125000000000002 0.03950000000000001 0 0.08324999999999999 0.03749999999999999 0 0.08324999999999999 0.03774999999999999 0 0.08299999999999999 0.03799999999999999 0 0.08274999999999999 0.03824999999999999 0 0.08249999999999999 0.03849999999999999 0 0.08224999999999999 0.03874999999999999 0 0.08199999999999999 0.03899999999999999 0 0.08174999999999999 0.03924999999999999 0 0.08150000000000002 0.03950000000000001 0 0.08349999999999999 0.03749999999999999 0 0.08349999999999999 0.03774999999999999 0 0.08324999999999999 0.03799999999999999 0 0.08299999999999999 0.03824999999999999 0 0.08274999999999999 0.03849999999999999 0 0.08249999999999999 0.03874999999999999 0 0.08224999999999999 0.03899999999999999 0 0.08199999999999999 0.03924999999999999 0 0.08175000000000002 0.03950000000000001 0 0.08374999999999999 0.03749999999999999 0 0.08374999999999999 0.03774999999999999 0 0.08349999999999999 0.03799999999999999 0 0.08324999999999999 0.03824999999999999 0 0.08299999999999999 0.03849999999999999 0 0.08274999999999999 0.03874999999999999 0 0.08249999999999999 0.03899999999999999 0 0.08224999999999999 0.03924999999999999 0 0.08200000000000002 0.03950000000000001 0 0.08399999999999999 0.03749999999999999 0 0.08399999999999999 0.03774999999999999 0 0.08374999999999999 0.03799999999999999 0 0.08349999999999999 0.03824999999999999 0 0.08324999999999999 0.03849999999999999 0 0.08299999999999999 0.03874999999999999 0 0.08274999999999999 0.03899999999999999 0 0.08249999999999999 0.03924999999999999 0 0.08225000000000002 0.03950000000000001 0 0.08424999999999999 0.03749999999999999 0 0.08424999999999999 0.03774999999999999 0 0.08399999999999999 0.03799999999999999 0 0.08374999999999999 0.03824999999999999 0 0.08349999999999999 0.03849999999999999 0 0.08324999999999999 0.03874999999999999 0 0.08299999999999999 0.03899999999999999 0 0.08274999999999999 0.03924999999999999 0 0.08250000000000002 0.03950000000000001 0 0.08449999999999999 0.03749999999999999 0 0.08449999999999999 0.03774999999999999 0 0.08424999999999999 0.03799999999999999 0 0.08399999999999999 0.03824999999999999 0 0.08374999999999999 0.03849999999999999 0 0.08349999999999999 0.03874999999999999 0 0.08324999999999999 0.03899999999999999 0 0.08299999999999999 0.03924999999999999 0 0.08275000000000002 0.03950000000000001 0 0.08474999999999999 0.03749999999999999 0 0.08474999999999999 0.03774999999999999 0 0.08449999999999999 0.03799999999999999 0 0.08424999999999999 0.03824999999999999 0 0.08399999999999999 0.03849999999999999 0 0.08374999999999999 0.03874999999999999 0 0.08349999999999999 0.03899999999999999 0 0.08324999999999999 0.03924999999999999 0 0.08300000000000002 0.03950000000000001 0 0.08499999999999999 0.03749999999999999 0 0.08499999999999999 0.03774999999999999 0 0.08474999999999999 0.03799999999999999 0 0.08449999999999999 0.03824999999999999 0 0.08424999999999999 0.03849999999999999 0 0.08399999999999999 0.03874999999999999 0 0.08374999999999999 0.03899999999999999 0 0.08349999999999999 0.03924999999999999 0 0.08325000000000002 0.03950000000000001 0 0.08524999999999999 0.03749999999999999 0 0.08524999999999999 0.03774999999999999 0 0.08499999999999999 0.03799999999999999 0 0.08474999999999999 0.03824999999999999 0 0.08449999999999999 0.03849999999999999 0 0.08424999999999999 0.03874999999999999 0 0.08399999999999999 0.03899999999999999 0 0.08374999999999999 0.03924999999999999 0 0.08350000000000002 0.03950000000000001 0 0.08549999999999999 0.03749999999999999 0 0.08549999999999999 0.03774999999999999 0 0.08524999999999999 0.03799999999999999 0 0.08499999999999999 0.03824999999999999 0 0.08474999999999999 0.03849999999999999 0 0.08449999999999999 0.03874999999999999 0 0.08424999999999999 0.03899999999999999 0 0.08399999999999999 0.03924999999999999 0 0.08375000000000002 0.03950000000000001 0 0.08574999999999999 0.03749999999999999 0 0.08574999999999999 0.03774999999999999 0 0.08549999999999999 0.03799999999999999 0 0.08524999999999999 0.03824999999999999 0 0.08499999999999999 0.03849999999999999 0 0.08474999999999999 0.03874999999999999 0 0.08449999999999999 0.03899999999999999 0 0.08424999999999999 0.03924999999999999 0 0.08400000000000002 0.03950000000000001 0 0.08599999999999999 0.03749999999999999 0 0.08599999999999999 0.03774999999999999 0 0.08574999999999999 0.03799999999999999 0 0.08549999999999999 0.03824999999999999 0 0.08524999999999999 0.03849999999999999 0 0.08499999999999999 0.03874999999999999 0 0.08474999999999999 0.03899999999999999 0 0.08449999999999999 0.03924999999999999 0 0.08425000000000002 0.03950000000000001 0 0.08624999999999999 0.03749999999999999 0 0.08624999999999999 0.03774999999999999 0 0.08599999999999999 0.03799999999999999 0 0.08574999999999999 0.03824999999999999 0 0.08549999999999999 0.03849999999999999 0 0.08524999999999999 0.03874999999999999 0 0.08499999999999999 0.03899999999999999 0 0.08474999999999999 0.03924999999999999 0 0.08450000000000002 0.03950000000000001 0 0.08649999999999999 0.03749999999999999 0 0.08649999999999999 0.03774999999999999 0 0.08624999999999999 0.03799999999999999 0 0.08599999999999999 0.03824999999999999 0 0.08574999999999999 0.03849999999999999 0 0.08549999999999999 0.03874999999999999 0 0.08524999999999999 0.03899999999999999 0 0.08499999999999999 0.03924999999999999 0 0.08475000000000002 0.03950000000000001 0 0.08674999999999999 0.03749999999999999 0 0.08674999999999999 0.03774999999999999 0 0.08649999999999999 0.03799999999999999 0 0.08624999999999999 0.03824999999999999 0 0.08599999999999999 0.03849999999999999 0 0.08574999999999999 0.03874999999999999 0 0.08549999999999999 0.03899999999999999 0 0.08524999999999999 0.03924999999999999 0 0.08500000000000002 0.03950000000000001 0 0.08699999999999999 0.03749999999999999 0 0.08699999999999999 0.03774999999999999 0 0.08674999999999999 0.03799999999999999 0 0.08649999999999999 0.03824999999999999 0 0.08624999999999999 0.03849999999999999 0 0.08599999999999999 0.03874999999999999 0 0.08574999999999999 0.03899999999999999 0 0.08549999999999999 0.03924999999999999 0 0.08525000000000002 0.03950000000000001 0 0.08724999999999999 0.03749999999999999 0 0.08724999999999999 0.03774999999999999 0 0.08699999999999999 0.03799999999999999 0 0.08674999999999999 0.03824999999999999 0 0.08649999999999999 0.03849999999999999 0 0.08624999999999999 0.03874999999999999 0 0.08599999999999999 0.03899999999999999 0 0.08574999999999999 0.03924999999999999 0 0.08550000000000002 0.03950000000000001 0 0.08749999999999999 0.03749999999999999 0 0.08749999999999999 0.03774999999999999 0 0.08724999999999999 0.03799999999999999 0 0.08699999999999999 0.03824999999999999 0 0.08674999999999999 0.03849999999999999 0 0.08649999999999999 0.03874999999999999 0 0.08624999999999999 0.03899999999999999 0 0.08599999999999999 0.03924999999999999 0 0.08575000000000002 0.03950000000000001 0 0.08774999999999998 0.03749999999999999 0 0.08774999999999998 0.03774999999999999 0 0.08749999999999999 0.03799999999999999 0 0.08724999999999999 0.03824999999999999 0 0.08699999999999999 0.03849999999999999 0 0.08674999999999999 0.03874999999999999 0 0.08649999999999999 0.03899999999999999 0 0.08624999999999999 0.03924999999999999 0 0.08600000000000002 0.03950000000000001 0 0.08799999999999998 0.03749999999999999 0 0.08799999999999998 0.03774999999999999 0 0.08774999999999998 0.03799999999999999 0 0.08749999999999999 0.03824999999999999 0 0.08724999999999999 0.03849999999999999 0 0.08699999999999999 0.03874999999999999 0 0.08674999999999999 0.03899999999999999 0 0.08649999999999999 0.03924999999999999 0 0.08625000000000002 0.03950000000000001 0 0.08824999999999998 0.03749999999999999 0 0.08824999999999998 0.03774999999999999 0 0.08799999999999998 0.03799999999999999 0 0.08774999999999998 0.03824999999999999 0 0.08749999999999999 0.03849999999999999 0 0.08724999999999999 0.03874999999999999 0 0.08699999999999999 0.03899999999999999 0 0.08674999999999999 0.03924999999999999 0 0.08650000000000002 0.03950000000000001 0 0.08849999999999998 0.03749999999999999 0 0.08849999999999998 0.03774999999999999 0 0.08824999999999998 0.03799999999999999 0 0.08799999999999998 0.03824999999999999 0 0.08774999999999998 0.03849999999999999 0 0.08749999999999999 0.03874999999999999 0 0.08724999999999999 0.03899999999999999 0 0.08699999999999999 0.03924999999999999 0 0.08675000000000002 0.03950000000000001 0 0.08874999999999998 0.03749999999999999 0 0.08874999999999998 0.03774999999999999 0 0.08849999999999998 0.03799999999999999 0 0.08824999999999998 0.03824999999999999 0 0.08799999999999998 0.03849999999999999 0 0.08774999999999998 0.03874999999999999 0 0.08749999999999999 0.03899999999999999 0 0.08724999999999999 0.03924999999999999 0 0.08700000000000002 0.03950000000000001 0 0.08899999999999998 0.03749999999999999 0 0.08899999999999998 0.03774999999999999 0 0.08874999999999998 0.03799999999999999 0 0.08849999999999998 0.03824999999999999 0 0.08824999999999998 0.03849999999999999 0 0.08799999999999998 0.03874999999999999 0 0.08774999999999998 0.03899999999999999 0 0.08749999999999999 0.03924999999999999 0 0.08725000000000002 0.03950000000000001 0 0.08924999999999998 0.03749999999999999 0 0.08924999999999998 0.03774999999999999 0 0.08899999999999998 0.03799999999999999 0 0.08874999999999998 0.03824999999999999 0 0.08849999999999998 0.03849999999999999 0 0.08824999999999998 0.03874999999999999 0 0.08799999999999998 0.03899999999999999 0 0.08774999999999998 0.03924999999999999 0 0.08750000000000002 0.03950000000000001 0 0.08949999999999998 0.03749999999999999 0 0.08949999999999998 0.03774999999999999 0 0.08924999999999998 0.03799999999999999 0 0.08899999999999998 0.03824999999999999 0 0.08874999999999998 0.03849999999999999 0 0.08849999999999998 0.03874999999999999 0 0.08824999999999998 0.03899999999999999 0 0.08799999999999998 0.03924999999999999 0 0.08775000000000001 0.03950000000000001 0 0.08974999999999998 0.03749999999999999 0 0.08974999999999998 0.03774999999999999 0 0.08949999999999998 0.03799999999999999 0 0.08924999999999998 0.03824999999999999 0 0.08899999999999998 0.03849999999999999 0 0.08874999999999998 0.03874999999999999 0 0.08849999999999998 0.03899999999999999 0 0.08824999999999998 0.03924999999999999 0 0.08800000000000001 0.03950000000000001 0 0.08999999999999998 0.03749999999999999 0 0.08999999999999998 0.03774999999999999 0 0.08974999999999998 0.03799999999999999 0 0.08949999999999998 0.03824999999999999 0 0.08924999999999998 0.03849999999999999 0 0.08899999999999998 0.03874999999999999 0 0.08874999999999998 0.03899999999999999 0 0.08849999999999998 0.03924999999999999 0 0.08825000000000001 0.03950000000000001 0 0.09024999999999998 0.03749999999999999 0 0.09024999999999998 0.03774999999999999 0 0.08999999999999998 0.03799999999999999 0 0.08974999999999998 0.03824999999999999 0 0.08949999999999998 0.03849999999999999 0 0.08924999999999998 0.03874999999999999 0 0.08899999999999998 0.03899999999999999 0 0.08874999999999998 0.03924999999999999 0 0.08850000000000001 0.03950000000000001 0 0.09049999999999998 0.03749999999999999 0 0.09049999999999998 0.03774999999999999 0 0.09024999999999998 0.03799999999999999 0 0.08999999999999998 0.03824999999999999 0 0.08974999999999998 0.03849999999999999 0 0.08949999999999998 0.03874999999999999 0 0.08924999999999998 0.03899999999999999 0 0.08899999999999998 0.03924999999999999 0 0.08875000000000001 0.03950000000000001 0 0.09074999999999998 0.03749999999999999 0 0.09074999999999998 0.03774999999999999 0 0.09049999999999998 0.03799999999999999 0 0.09024999999999998 0.03824999999999999 0 0.08999999999999998 0.03849999999999999 0 0.08974999999999998 0.03874999999999999 0 0.08949999999999998 0.03899999999999999 0 0.08924999999999998 0.03924999999999999 0 0.08900000000000001 0.03950000000000001 0 0.09099999999999998 0.03749999999999999 0 0.09099999999999998 0.03774999999999999 0 0.09074999999999998 0.03799999999999999 0 0.09049999999999998 0.03824999999999999 0 0.09024999999999998 0.03849999999999999 0 0.08999999999999998 0.03874999999999999 0 0.08974999999999998 0.03899999999999999 0 0.08949999999999998 0.03924999999999999 0 0.08925000000000001 0.03950000000000001 0 0.09124999999999998 0.03749999999999999 0 0.09124999999999998 0.03774999999999999 0 0.09099999999999998 0.03799999999999999 0 0.09074999999999998 0.03824999999999999 0 0.09049999999999998 0.03849999999999999 0 0.09024999999999998 0.03874999999999999 0 0.08999999999999998 0.03899999999999999 0 0.08974999999999998 0.03924999999999999 0 0.08950000000000001 0.03950000000000001 0 0.09149999999999998 0.03749999999999999 0 0.09149999999999998 0.03774999999999999 0 0.09124999999999998 0.03799999999999999 0 0.09099999999999998 0.03824999999999999 0 0.09074999999999998 0.03849999999999999 0 0.09049999999999998 0.03874999999999999 0 0.09024999999999998 0.03899999999999999 0 0.08999999999999998 0.03924999999999999 0 0.08975000000000001 0.03950000000000001 0 0.09174999999999998 0.03749999999999999 0 0.09174999999999998 0.03774999999999999 0 0.09149999999999998 0.03799999999999999 0 0.09124999999999998 0.03824999999999999 0 0.09099999999999998 0.03849999999999999 0 0.09074999999999998 0.03874999999999999 0 0.09049999999999998 0.03899999999999999 0 0.09024999999999998 0.03924999999999999 0 0.09000000000000001 0.03950000000000001 0 0.09199999999999998 0.03749999999999999 0 0.09199999999999998 0.03774999999999999 0 0.09174999999999998 0.03799999999999999 0 0.09149999999999998 0.03824999999999999 0 0.09124999999999998 0.03849999999999999 0 0.09099999999999998 0.03874999999999999 0 0.09074999999999998 0.03899999999999999 0 0.09049999999999998 0.03924999999999999 0 0.09025000000000001 0.03950000000000001 0 0.09224999999999998 0.03749999999999999 0 0.09224999999999998 0.03774999999999999 0 0.09199999999999998 0.03799999999999999 0 0.09174999999999998 0.03824999999999999 0 0.09149999999999998 0.03849999999999999 0 0.09124999999999998 0.03874999999999999 0 0.09099999999999998 0.03899999999999999 0 0.09074999999999998 0.03924999999999999 0 0.09050000000000001 0.03950000000000001 0 0.09249999999999999 0.03749999999999999 0 0.09249999999999999 0.03774999999999999 0 0.09224999999999998 0.03799999999999999 0 0.09199999999999998 0.03824999999999999 0 0.09174999999999998 0.03849999999999999 0 0.09149999999999998 0.03874999999999999 0 0.09124999999999998 0.03899999999999999 0 0.09099999999999998 0.03924999999999999 0 0.09075000000000001 0.03950000000000001 0 0.09274999999999999 0.03749999999999999 0 0.09274999999999999 0.03774999999999999 0 0.09249999999999999 0.03799999999999999 0 0.09224999999999998 0.03824999999999999 0 0.09199999999999998 0.03849999999999999 0 0.09174999999999998 0.03874999999999999 0 0.09149999999999998 0.03899999999999999 0 0.09124999999999998 0.03924999999999999 0 0.09100000000000001 0.03950000000000001 0 0.09299999999999999 0.03749999999999999 0 0.09299999999999999 0.03774999999999999 0 0.09274999999999999 0.03799999999999999 0 0.09249999999999999 0.03824999999999999 0 0.09224999999999998 0.03849999999999999 0 0.09199999999999998 0.03874999999999999 0 0.09174999999999998 0.03899999999999999 0 0.09149999999999998 0.03924999999999999 0 0.09125000000000001 0.03950000000000001 0 0.09324999999999999 0.03749999999999999 0 0.09324999999999999 0.03774999999999999 0 0.09299999999999999 0.03799999999999999 0 0.09274999999999999 0.03824999999999999 0 0.09249999999999999 0.03849999999999999 0 0.09224999999999998 0.03874999999999999 0 0.09199999999999998 0.03899999999999999 0 0.09174999999999998 0.03924999999999999 0 0.09150000000000001 0.03950000000000001 0 0.09349999999999999 0.03749999999999999 0 0.09349999999999999 0.03774999999999999 0 0.09324999999999999 0.03799999999999999 0 0.09299999999999999 0.03824999999999999 0 0.09274999999999999 0.03849999999999999 0 0.09249999999999999 0.03874999999999999 0 0.09224999999999998 0.03899999999999999 0 0.09199999999999998 0.03924999999999999 0 0.09175000000000001 0.03950000000000001 0 0.09374999999999999 0.03749999999999999 0 0.09374999999999999 0.03774999999999999 0 0.09349999999999999 0.03799999999999999 0 0.09324999999999999 0.03824999999999999 0 0.09299999999999999 0.03849999999999999 0 0.09274999999999999 0.03874999999999999 0 0.09249999999999999 0.03899999999999999 0 0.09224999999999998 0.03924999999999999 0 0.09200000000000001 0.03950000000000001 0 0.09399999999999999 0.03749999999999999 0 0.09399999999999999 0.03774999999999999 0 0.09374999999999999 0.03799999999999999 0 0.09349999999999999 0.03824999999999999 0 0.09324999999999999 0.03849999999999999 0 0.09299999999999999 0.03874999999999999 0 0.09274999999999999 0.03899999999999999 0 0.09249999999999999 0.03924999999999999 0 0.09225000000000001 0.03950000000000001 0 0.09424999999999999 0.03749999999999999 0 0.09424999999999999 0.03774999999999999 0 0.09399999999999999 0.03799999999999999 0 0.09374999999999999 0.03824999999999999 0 0.09349999999999999 0.03849999999999999 0 0.09324999999999999 0.03874999999999999 0 0.09299999999999999 0.03899999999999999 0 0.09274999999999999 0.03924999999999999 0 0.09250000000000001 0.03950000000000001 0 0.09449999999999999 0.03749999999999999 0 0.09449999999999999 0.03774999999999999 0 0.09424999999999999 0.03799999999999999 0 0.09399999999999999 0.03824999999999999 0 0.09374999999999999 0.03849999999999999 0 0.09349999999999999 0.03874999999999999 0 0.09324999999999999 0.03899999999999999 0 0.09299999999999999 0.03924999999999999 0 0.09275000000000001 0.03950000000000001 0 0.09474999999999999 0.03749999999999999 0 0.09474999999999999 0.03774999999999999 0 0.09449999999999999 0.03799999999999999 0 0.09424999999999999 0.03824999999999999 0 0.09399999999999999 0.03849999999999999 0 0.09374999999999999 0.03874999999999999 0 0.09349999999999999 0.03899999999999999 0 0.09324999999999999 0.03924999999999999 0 0.09300000000000001 0.03950000000000001 0 0.09499999999999999 0.03749999999999999 0 0.09499999999999999 0.03774999999999999 0 0.09474999999999999 0.03799999999999999 0 0.09449999999999999 0.03824999999999999 0 0.09424999999999999 0.03849999999999999 0 0.09399999999999999 0.03874999999999999 0 0.09374999999999999 0.03899999999999999 0 0.09349999999999999 0.03924999999999999 0 0.09325000000000001 0.03950000000000001 0 0.09524999999999999 0.03749999999999999 0 0.09524999999999999 0.03774999999999999 0 0.09499999999999999 0.03799999999999999 0 0.09474999999999999 0.03824999999999999 0 0.09449999999999999 0.03849999999999999 0 0.09424999999999999 0.03874999999999999 0 0.09399999999999999 0.03899999999999999 0 0.09374999999999999 0.03924999999999999 0 0.09350000000000001 0.03950000000000001 0 0.09549999999999999 0.03749999999999999 0 0.09549999999999999 0.03774999999999999 0 0.09524999999999999 0.03799999999999999 0 0.09499999999999999 0.03824999999999999 0 0.09474999999999999 0.03849999999999999 0 0.09449999999999999 0.03874999999999999 0 0.09424999999999999 0.03899999999999999 0 0.09399999999999999 0.03924999999999999 0 0.09375000000000001 0.03950000000000001 0 0.09574999999999999 0.03749999999999999 0 0.09574999999999999 0.03774999999999999 0 0.09549999999999999 0.03799999999999999 0 0.09524999999999999 0.03824999999999999 0 0.09499999999999999 0.03849999999999999 0 0.09474999999999999 0.03874999999999999 0 0.09449999999999999 0.03899999999999999 0 0.09424999999999999 0.03924999999999999 0 0.09400000000000001 0.03950000000000001 0 0.09599999999999999 0.03749999999999999 0 0.09599999999999999 0.03774999999999999 0 0.09574999999999999 0.03799999999999999 0 0.09549999999999999 0.03824999999999999 0 0.09524999999999999 0.03849999999999999 0 0.09499999999999999 0.03874999999999999 0 0.09474999999999999 0.03899999999999999 0 0.09449999999999999 0.03924999999999999 0 0.09425000000000001 0.03950000000000001 0 0.09624999999999999 0.03749999999999999 0 0.09624999999999999 0.03774999999999999 0 0.09599999999999999 0.03799999999999999 0 0.09574999999999999 0.03824999999999999 0 0.09549999999999999 0.03849999999999999 0 0.09524999999999999 0.03874999999999999 0 0.09499999999999999 0.03899999999999999 0 0.09474999999999999 0.03924999999999999 0 0.09450000000000001 0.03950000000000001 0 0.09649999999999999 0.03749999999999999 0 0.09649999999999999 0.03774999999999999 0 0.09624999999999999 0.03799999999999999 0 0.09599999999999999 0.03824999999999999 0 0.09574999999999999 0.03849999999999999 0 0.09549999999999999 0.03874999999999999 0 0.09524999999999999 0.03899999999999999 0 0.09499999999999999 0.03924999999999999 0 0.09475000000000001 0.03950000000000001 0 0.09674999999999999 0.03749999999999999 0 0.09674999999999999 0.03774999999999999 0 0.09649999999999999 0.03799999999999999 0 0.09624999999999999 0.03824999999999999 0 0.09599999999999999 0.03849999999999999 0 0.09574999999999999 0.03874999999999999 0 0.09549999999999999 0.03899999999999999 0 0.09524999999999999 0.03924999999999999 0 0.09500000000000001 0.03950000000000001 0 0.09699999999999999 0.03749999999999999 0 0.09699999999999999 0.03774999999999999 0 0.09674999999999999 0.03799999999999999 0 0.09649999999999999 0.03824999999999999 0 0.09624999999999999 0.03849999999999999 0 0.09599999999999999 0.03874999999999999 0 0.09574999999999999 0.03899999999999999 0 0.09549999999999999 0.03924999999999999 0 0.09525000000000002 0.03950000000000001 0 0.09724999999999999 0.03749999999999999 0 0.09724999999999999 0.03774999999999999 0 0.09699999999999999 0.03799999999999999 0 0.09674999999999999 0.03824999999999999 0 0.09649999999999999 0.03849999999999999 0 0.09624999999999999 0.03874999999999999 0 0.09599999999999999 0.03899999999999999 0 0.09574999999999999 0.03924999999999999 0 0.09550000000000002 0.03950000000000001 0 0.09749999999999999 0.03749999999999999 0 0.09749999999999999 0.03774999999999999 0 0.09724999999999999 0.03799999999999999 0 0.09699999999999999 0.03824999999999999 0 0.09674999999999999 0.03849999999999999 0 0.09649999999999999 0.03874999999999999 0 0.09624999999999999 0.03899999999999999 0 0.09599999999999999 0.03924999999999999 0 0.09575000000000002 0.03950000000000001 0 0.09774999999999999 0.03749999999999999 0 0.09774999999999999 0.03774999999999999 0 0.09749999999999999 0.03799999999999999 0 0.09724999999999999 0.03824999999999999 0 0.09699999999999999 0.03849999999999999 0 0.09674999999999999 0.03874999999999999 0 0.09649999999999999 0.03899999999999999 0 0.09624999999999999 0.03924999999999999 0 0.09600000000000002 0.03950000000000001 0 0.09799999999999999 0.03749999999999999 0 0.09799999999999999 0.03774999999999999 0 0.09774999999999999 0.03799999999999999 0 0.09749999999999999 0.03824999999999999 0 0.09724999999999999 0.03849999999999999 0 0.09699999999999999 0.03874999999999999 0 0.09674999999999999 0.03899999999999999 0 0.09649999999999999 0.03924999999999999 0 0.09625000000000002 0.03950000000000001 0 0.09824999999999999 0.03749999999999999 0 0.09824999999999999 0.03774999999999999 0 0.09799999999999999 0.03799999999999999 0 0.09774999999999999 0.03824999999999999 0 0.09749999999999999 0.03849999999999999 0 0.09724999999999999 0.03874999999999999 0 0.09699999999999999 0.03899999999999999 0 0.09674999999999999 0.03924999999999999 0 0.09650000000000002 0.03950000000000001 0 0.09849999999999999 0.03749999999999999 0 0.09849999999999999 0.03774999999999999 0 0.09824999999999999 0.03799999999999999 0 0.09799999999999999 0.03824999999999999 0 0.09774999999999999 0.03849999999999999 0 0.09749999999999999 0.03874999999999999 0 0.09724999999999999 0.03899999999999999 0 0.09699999999999999 0.03924999999999999 0 0.09675000000000002 0.03950000000000001 0 0.09874999999999999 0.03749999999999999 0 0.09874999999999999 0.03774999999999999 0 0.09849999999999999 0.03799999999999999 0 0.09824999999999999 0.03824999999999999 0 0.09799999999999999 0.03849999999999999 0 0.09774999999999999 0.03874999999999999 0 0.09749999999999999 0.03899999999999999 0 0.09724999999999999 0.03924999999999999 0 0.09700000000000002 0.03950000000000001 0 0.09899999999999999 0.03749999999999999 0 0.09899999999999999 0.03774999999999999 0 0.09874999999999999 0.03799999999999999 0 0.09849999999999999 0.03824999999999999 0 0.09824999999999999 0.03849999999999999 0 0.09799999999999999 0.03874999999999999 0 0.09774999999999999 0.03899999999999999 0 0.09749999999999999 0.03924999999999999 0 0.09725000000000002 0.03950000000000001 0 0.09924999999999999 0.03749999999999999 0 0.09924999999999999 0.03774999999999999 0 0.09899999999999999 0.03799999999999999 0 0.09874999999999999 0.03824999999999999 0 0.09849999999999999 0.03849999999999999 0 0.09824999999999999 0.03874999999999999 0 0.09799999999999999 0.03899999999999999 0 0.09774999999999999 0.03924999999999999 0 0.09750000000000002 0.03950000000000001 0 0.09949999999999999 0.03749999999999999 0 0.09949999999999999 0.03774999999999999 0 0.09924999999999999 0.03799999999999999 0 0.09899999999999999 0.03824999999999999 0 0.09874999999999999 0.03849999999999999 0 0.09849999999999999 0.03874999999999999 0 0.09824999999999999 0.03899999999999999 0 0.09799999999999999 0.03924999999999999 0 0.09775000000000002 0.03950000000000001 0 0.09974999999999999 0.03749999999999999 0 0.09974999999999999 0.03774999999999999 0 0.09949999999999999 0.03799999999999999 0 0.09924999999999999 0.03824999999999999 0 0.09899999999999999 0.03849999999999999 0 0.09874999999999999 0.03874999999999999 0 0.09849999999999999 0.03899999999999999 0 0.09824999999999999 0.03924999999999999 0 0.09800000000000002 0.03950000000000001 0 0.09999999999999999 0.03749999999999999 0 0.09999999999999999 0.03774999999999999 0 0.09974999999999999 0.03799999999999999 0 0.09949999999999999 0.03824999999999999 0 0.09924999999999999 0.03849999999999999 0 0.09899999999999999 0.03874999999999999 0 0.09874999999999999 0.03899999999999999 0 0.09849999999999999 0.03924999999999999 0 0.09825000000000002 0.03950000000000001 0 0.10025 0.03749999999999999 0 0.10025 0.03774999999999999 0 0.09999999999999999 0.03799999999999999 0 0.09974999999999999 0.03824999999999999 0 0.09949999999999999 0.03849999999999999 0 0.09924999999999999 0.03874999999999999 0 0.09899999999999999 0.03899999999999999 0 0.09874999999999999 0.03924999999999999 0 0.09850000000000002 0.03950000000000001 0 0.1005 0.03750000000000001 0 0.1005 0.03775000000000001 0 0.10025 0.03799999999999999 0 0.09999999999999999 0.03824999999999999 0 0.09974999999999999 0.03849999999999999 0 0.09949999999999999 0.03874999999999999 0 0.09924999999999999 0.03899999999999999 0 0.09899999999999999 0.03924999999999999 0 0.09875000000000002 0.03950000000000001 0 0.1005 0.03800000000000001 0 0.10025 0.03824999999999999 0 0.09999999999999999 0.03849999999999999 0 0.09974999999999999 0.03874999999999999 0 0.09949999999999999 0.03899999999999999 0 0.09924999999999999 0.03924999999999999 0 0.09900000000000002 0.03950000000000001 0 0.1005 0.03825000000000001 0 0.10025 0.03849999999999999 0 0.09999999999999999 0.03874999999999999 0 0.09974999999999999 0.03899999999999999 0 0.09949999999999999 0.03924999999999999 0 0.09925000000000002 0.03950000000000001 0 0.1005 0.03850000000000001 0 0.10025 0.03874999999999999 0 0.09999999999999999 0.03899999999999999 0 0.09974999999999999 0.03924999999999999 0 0.09950000000000002 0.03950000000000001 0 0.1005 0.03875000000000001 0 0.10025 0.03899999999999999 0 0.09999999999999999 0.03924999999999999 0 0.09975000000000002 0.03950000000000001 0 0.1005 0.03900000000000001 0 0.10025 0.03924999999999999 0 0.1 0.03950000000000001 0 0.1005 0.03925000000000001 0 0.10025 0.03950000000000001 0 0.1005 0.0395 0 </DataArray>
      </Points>
      <Cells>
        <DataArray type="Int32" Name="connectivity" format="ascii">0 1 3 2 1 4 5 3 2 3 7 6 4 8 9 5 3 5 10 7 6 7 12 11 8 13 14 9 5 9 15 10 7 10 16 12 11 12 18 17 13 19 20 14 9 14 21 15 10 15 22 16 12 16 23 18 17 18 25 24 19 26 27 20 14 20 28 21 15 21 29 22 16 22 30 23 18 23 31 25 24 25 33 32 26 34 35 27 20 27 36 28 21 28 37 29 22 29 38 30 23 30 39 31 25 31 40 33 32 33 42 41 34 43 44 35 27 35 45 36 28 36 46 37 29 37 47 38 30 38 48 39 31 39 49 40 33 40 50 42 41 42 52 51 43 53 54 44 35 44 55 45 36 45 56 46 37 46 57 47 38 47 58 48 39 48 59 49 40 49 60 50 42 50 61 52 53 62 63 54 44 54 64 55 45 55 65 56 46 56 66 57 47 57 67 58 48 58 68 59 49 59 69 60 50 60 70 61 62 71 72 63 54 63 73 64 55 64 74 65 56 65 75 66 57 66 76 67 58 67 77 68 59 68 78 69 60 69 79 70 71 80 81 72 63 72 82 73 64 73 83 74 65 74 84 75 66 75 85 76 67 76 86 77 68 77 87 78 69 78 88 79 80 89 90 81 72 81 91 82 73 82 92 83 74 83 93 84 75 84 94 85 76 85 95 86 77 86 96 87 78 87 97 88 89 98 99 90 81 90 100 91 82 91 101 92 83 92 102 93 84 93 103 94 85 94 104 95 86 95 105 96 87 96 106 97 98 107 108 99 90 99 109 100 91 100 110 101 92 101 111 102 93 102 112 103 94 103 113 104 95 104 114 105 96 105 115 106 107 116 117 108 99 108 118 109 100 109 119 110 101 110 120 111 102 111 121 112 103 112 122 113 104 113 123 114 105 114 124 115 116 125 126 117 108 117 127 118 109 118 128 119 110 119 129 120 111 120 130 121 112 121 131 122 113 122 132 123 114 123 133 124 125 134 135 126 117 126 136 127 118 127 137 128 119 128 138 129 120 129 139 130 121 130 140 131 122 131 141 132 123 132 142 133 134 143 144 135 126 135 145 136 127 136 146 137 128 137 147 138 129 138 148 139 130 139 149 140 131 140 150 141 132 141 151 142 143 152 153 144 135 144 154 145 136 145 155 146 137 146 156 147 138 147 157 148 139 148 158 149 140 149 159 150 141 150 160 151 152 161 162 153 144 153 163 154 145 154 164 155 146 155 165 156 147 156 166 157 148 157 167 158 149 158 168 159 150 159 169 160 161 170 171 162 153 162 172 163 154 163 173 164 155 164 174 165 156 165 175 166 157 166 176 167 158 167 177 168 159 168 178 169 170 179 180 171 162 171 181 172 163 172 182 173 164 173 183 174 165 174 184 175 166 175 185 176 167 176 186 177 168 177 187 178 179 188 189 180 171 180 190 181 172 181 191 182 173 182 192 183 174 183 193 184 175 184 194 185 176 185 195 186 177 186 196 187 188 197 198 189 180 189 199 190 181 190 200 191 182 191 201 192 183 192 202 193 184 193 203 194 185 194 204 195 186 195 205 196 197 206 207 198 189 198 208 199 190 199 209 200 191 200 210 201 192 201 211 202 193 202 212 203 194 203 213 204 195 204 214 205 206 215 216 207 198 207 217 208 199 208 218 209 200 209 219 210 201 210 220 211 202 211 221 212 203 212 222 213 204 213 223 214 215 224 225 216 207 216 226 217 208 217 227 218 209 218 228 219 210 219 229 220 211 220 230 221 212 221 231 222 213 222 232 223 224 233 234 225 216 225 235 226 217 226 236 227 218 227 237 228 219 228 238 229 220 229 239 230 221 230 240 231 222 231 241 232 233 242 243 234 225 234 244 235 226 235 245 236 227 236 246 237 228 237 247 238 229 238 248 239 230 239 249 240 231 240 250 241 242 251 252 243 234 243 253 244 235 244 254 245 236 245 255 246 237 246 256 247 238 247 257 248 239 248 258 249 240 249 259 250 251 260 261 252 243 252 262 253 244 253 263 254 245 254 264 255 246 255 265 256 247 256 266 257 248 257 267 258 249 258 268 259 260 269 270 261 252 261 271 262 253 262 272 263 254 263 273 264 255 264 274 265 256 265 275 266 257 266 276 267 258 267 277 268 269 278 279 270 261 270 280 271 262 271 281 272 263 272 282 273 264 273 283 274 265 274 284 275 266 275 285 276 267 276 286 277 278 287 288 279 270 279 289 280 271 280 290 281 272 281 291 282 273 282 292 283 274 283 293 284 275 284 294 285 276 285 295 286 287 296 297 288 279 288 298 289 280 289 299 290 281 290 300 291 282 291 301 292 283 292 302 293 284 293 303 294 285 294 304 295 296 305 306 297 288 297 307 298 289 298 308 299 290 299 309 300 291 300 310 301 292 301 311 302 293 302 312 303 294 303 313 304 305 314 315 306 297 306 316 307 298 307 317 308 299 308 318 309 300 309 319 310 301 310 320 311 302 311 321 312 303 312 322 313 314 323 324 315 306 315 325 316 307 316 326 317 308 317 327 318 309 318 328 319 310 319 329 320 311 320 330 321 312 321 331 322 323 332 333 324 315 324 334 325 316 325 335 326 317 326 336 327 318 327 337 328 319 328 338 329 320 329 339 330 321 330 340 331 332 341 342 333 324 333 343 334 325 334 344 335 326 335 345 336 327 336 346 337 328 337 347 338 329 338 348 339 330 339 349 340 341 350 351 342 333 342 352 343 334 343 353 344 335 344 354 345 336 345 355 346 337 346 356 347 338 347 357 348 339 348 358 349 350 359 360 351 342 351 361 352 343 352 362 353 344 353 363 354 345 354 364 355 346 355 365 356 347 356 366 357 348 357 367 358 359 368 369 360 351 360 370 361 352 361 371 362 353 362 372 363 354 363 373 364 355 364 374 365 356 365 375 366 357 366 376 367 368 377 378 369 360 369 379 370 361 370 380 371 362 371 381 372 363 372 382 373 364 373 383 374 365 374 384 375 366 375 385 376 377 386 387 378 369 378 388 379 370 379 389 380 371 380 390 381 372 381 391 382 373 382 392 383 374 383 393 384 375 384 394 385 386 395 396 387 378 387 397 388 379 388 398 389 380 389 399 390 381 390 400 391 382 391 401 392 383 392 402 393 384 393 403 394 395 404 405 396 387 396 406 397 388 397 407 398 389 398 408 399 390 399 409 400 391 400 410 401 392 401 411 402 393 402 412 403 404 413 414 405 396 405 415 406 397 406 416 407 398 407 417 408 399 408 418 409 400 409 419 410 401 410 420 411 402 411 421 412 413 422 423 414 405 414 424 415 406 415 425 416 407 416 426 417 408 417 427 418 409 418 428 419 410 419 429 420 411 420 430 421 422 431 432 423 414 423 433 424 415 424 434 425 416 425 435 426 417 426 436 427 418 427 437 428 419 428 438 429 420 429 439 430 431 440 441 432 423 432 442 433 424 433 443 434 425 434 444 435 426 435 445 436 427 436 446 437 428 437 447 438 429 438 448 439 440 449 450 441 432 441 451 442 433 442 452 443 434 443 453 444 435 444 454 445 436 445 455 446 437 446 456 447 438 447 457 448 449 458 459 450 441 450 460 451 442 451 461 452 443 452 462 453 444 453 463 454 445 454 464 455 446 455 465 456 447 456 466 457 458 467 468 459 450 459 469 460 451 460 470 461 452 461 471 462 453 462 472 463 454 463 473 464 455 464 474 465 456 465 475 466 467 476 477 468 459 468 478 469 460 469 479 470 461 470 480 471 462 471 481 472 463 472 482 473 464 473 483 474 465 474 484 475 476 485 486 477 468 477 487 478 469 478 488 479 470 479 489 480 471 480 490 481 472 481 491 482 473 482 492 483 474 483 493 484 485 494 495 486 477 486 496 487 478 487 497 488 479 488 498 489 480 489 499 490 481 490 500 491 482 491 501 492 483 492 502 493 494 503 504 495 486 495 505 496 487 496 506 497 488 497 507 498 489 498 508 499 490 499 509 500 491 500 510 501 492 501 511 502 503 512 513 504 495 504 514 505 496 505 515 506 497 506 516 507 498 507 517 508 499 508 518 509 500 509 519 510 501 510 520 511 512 521 522 513 504 513 523 514 505 514 524 515 506 515 525 516 507 516 526 517 508 517 527 518 509 518 528 519 510 519 529 520 521 530 531 522 513 522 532 523 514 523 533 524 515 524 534 525 516 525 535 526 517 526 536 527 518 527 537 528 519 528 538 529 530 539 540 531 522 531 541 532 523 532 542 533 524 533 543 534 525 534 544 535 526 535 545 536 527 536 546 537 528 537 547 538 539 548 549 540 531 540 550 541 532 541 551 542 533 542 552 543 534 543 553 544 535 544 554 545 536 545 555 546 537 546 556 547 548 557 558 549 540 549 559 550 541 550 560 551 542 551 561 552 543 552 562 553 544 553 563 554 545 554 564 555 546 555 565 556 557 566 567 558 549 558 568 559 550 559 569 560 551 560 570 561 552 561 571 562 553 562 572 563 554 563 573 564 555 564 574 565 566 575 576 567 558 567 577 568 559 568 578 569 560 569 579 570 561 570 580 571 562 571 581 572 563 572 582 573 564 573 583 574 575 584 585 576 567 576 586 577 568 577 587 578 569 578 588 579 570 579 589 580 571 580 590 581 572 581 591 582 573 582 592 583 584 593 594 585 576 585 595 586 577 586 596 587 578 587 597 588 579 588 598 589 580 589 599 590 581 590 600 591 582 591 601 592 593 602 603 594 585 594 604 595 586 595 605 596 587 596 606 597 588 597 607 598 589 598 608 599 590 599 609 600 591 600 610 601 602 611 612 603 594 603 613 604 595 604 614 605 596 605 615 606 597 606 616 607 598 607 617 608 599 608 618 609 600 609 619 610 611 620 621 612 603 612 622 613 604 613 623 614 605 614 624 615 606 615 625 616 607 616 626 617 608 617 627 618 609 618 628 619 620 629 630 621 612 621 631 622 613 622 632 623 614 623 633 624 615 624 634 625 616 625 635 626 617 626 636 627 618 627 637 628 629 638 639 630 621 630 640 631 622 631 641 632 623 632 642 633 624 633 643 634 625 634 644 635 626 635 645 636 627 636 646 637 638 647 648 639 630 639 649 640 631 640 650 641 632 641 651 642 633 642 652 643 634 643 653 644 635 644 654 645 636 645 655 646 647 656 657 648 639 648 658 649 640 649 659 650 641 650 660 651 642 651 661 652 643 652 662 653 644 653 663 654 645 654 664 655 656 665 666 657 648 657 667 658 649 658 668 659 650 659 669 660 651 660 670 661 652 661 671 662 653 662 672 663 654 663 673 664 665 674 675 666 657 666 676 667 658 667 677 668 659 668 678 669 660 669 679 670 661 670 680 671 662 671 681 672 663 672 682 673 674 683 684 675 666 675 685 676 667 676 686 677 668 677 687 678 669 678 688 679 670 679 689 680 671 680 690 681 672 681 691 682 683 692 693 684 675 684 694 685 676 685 695 686 677 686 696 687 678 687 697 688 679 688 698 689 680 689 699 690 681 690 700 691 692 701 702 693 684 693 703 694 685 694 704 695 686 695 705 696 687 696 706 697 688 697 707 698 689 698 708 699 690 699 709 700 701 710 711 702 693 702 712 703 694 703 713 704 695 704 714 705 696 705 715 706 697 706 716 707 698 707 717 708 699 708 718 709 710 719 720 711 702 711 721 712 703 712 722 713 704 713 723 714 705 714 724 715 706 715 725 716 707 716 726 717 708 717 727 718 719 728 729 720 711 720 730 721 712 721 731 722 713 722 732 723 714 723 733 724 715 724 734 725 716 725 735 726 717 726 736 727 728 737 738 729 720 729 739 730 721 730 740 731 722 731 741 732 723 732 742 733 724 733 743 734 725 734 744 735 726 735 745 736 737 746 747 738 729 738 748 739 730 739 749 740 731 740 750 741 732 741 751 742 733 742 752 743 734 743 753 744 735 744 754 745 746 755 756 747 738 747 757 748 739 748 758 749 740 749 759 750 741 750 760 751 742 751 761 752 743 752 762 753 744 753 763 754 755 764 765 756 747 756 766 757 748 757 767 758 749 758 768 759 750 759 769 760 751 760 770 761 752 761 771 762 753 762 772 763 764 773 774 765 756 765 775 766 757 766 776 767 758 767 777 768 759 768 778 769 760 769 779 770 761 770 780 771 762 771 781 772 773 782 783 774 765 774 784 775 766 775 785 776 767 776 786 777 768 777 787 778 769 778 788 779 770 779 789 780 771 780 790 781 782 791 792 783 774 783 793 784 775 784 794 785 776 785 795 786 777 786 796 787 778 787 797 788 779 788 798 789 780 789 799 790 791 800 801 792 783 792 802 793 784 793 803 794 785 794 804 795 786 795 805 796 787 796 806 797 788 797 807 798 789 798 808 799 800 809 810 801 792 801 811 802 793 802 812 803 794 803 813 804 795 804 814 805 796 805 815 806 797 806 816 807 798 807 817 808 809 818 819 810 801 810 820 811 802 811 821 812 803 812 822 813 804 813 823 814 805 814 824 815 806 815 825 816 807 816 826 817 818 827 828 819 810 819 829 820 811 820 830 821 812 821 831 822 813 822 832 823 814 823 833 824 815 824 834 825 816 825 835 826 827 836 837 828 819 828 838 829 820 829 839 830 821 830 840 831 822 831 841 832 823 832 842 833 824 833 843 834 825 834 844 835 836 845 846 837 828 837 847 838 829 838 848 839 830 839 849 840 831 840 850 841 832 841 851 842 833 842 852 843 834 843 853 844 845 854 855 846 837 846 856 847 838 847 857 848 839 848 858 849 840 849 859 850 841 850 860 851 842 851 861 852 843 852 862 853 854 863 864 855 846 855 865 856 847 856 866 857 848 857 867 858 849 858 868 859 850 859 869 860 851 860 870 861 852 861 871 862 863 872 873 864 855 864 874 865 856 865 875 866 857 866 876 867 858 867 877 868 859 868 878 869 860 869 879 870 861 870 880 871 872 881 882 873 864 873 883 874 865 874 884 875 866 875 885 876 867 876 886 877 868 877 887 878 869 878 888 879 870 879 889 880 881 890 891 882 873 882 892 883 874 883 893 884 875 884 894 885 876 885 895 886 877 886 896 887 878 887 897 888 879 888 898 889 890 899 900 891 882 891 901 892 883 892 902 893 884 893 903 894 885 894 904 895 886 895 905 896 887 896 906 897 888 897 907 898 899 908 909 900 891 900 910 901 892 901 911 902 893 902 912 903 894 903 913 904 895 904 914 905 896 905 915 906 897 906 916 907 908 917 918 909 900 909 919 910 901 910 920 911 902 911 921 912 903 912 922 913 904 913 923 914 905 914 924 915 906 915 925 916 917 926 927 918 909 918 928 919 910 919 929 920 911 920 930 921 912 921 931 922 913 922 932 923 914 923 933 924 915 924 934 925 926 935 936 927 918 927 937 928 919 928 938 929 920 929 939 930 921 930 940 931 922 931 941 932 923 932 942 933 924 933 943 934 935 944 945 936 927 936 946 937 928 937 947 938 929 938 948 939 930 939 949 940 931 940 950 941 932 941 951 942 933 942 952 943 944 953 954 945 936 945 955 946 937 946 956 947 938 947 957 948 939 948 958 949 940 949 959 950 941 950 960 951 942 951 961 952 953 962 963 954 945 954 964 955 946 955 965 956 947 956 966 957 948 957 967 958 949 958 968 959 950 959 969 960 951 960 970 961 962 971 972 963 954 963 973 964 955 964 974 965 956 965 975 966 957 966 976 967 958 967 977 968 959 968 978 969 960 969 979 970 971 980 981 972 963 972 982 973 964 973 983 974 965 974 984 975 966 975 985 976 967 976 986 977 968 977 987 978 969 978 988 979 980 989 990 981 972 981 991 982 973 982 992 983 974 983 993 984 975 984 994 985 976 985 995 986 977 986 996 987 978 987 997 988 989 998 999 990 981 990 1000 991 982 991 1001 992 983 992 1002 993 984 993 1003 994 985 994 1004 995 986 995 1005 996 987 996 1006 997 998 1007 1008 999 990 999 1009 1000 991 1000 1010 1001 992 1001 1011 1002 993 1002 1012 1003 994 1003 1013 1004 995 1004 1014 1005 996 1005 1015 1006 1007 1016 1017 1008 999 1008 1018 1009 1000 1009 1019 1010 1001 1010 1020 1011 1002 1011 1021 1012 1003 1012 1022 1013 1004 1013 1023 1014 1005 1014 1024 1015 1016 1025 1026 1017 1008 1017 1027 1018 1009 1018 1028 1019 1010 1019 1029 1020 1011 1020 1030 1021 1012 1021 1031 1022 1013 1022 1032 1023 1014 1023 1033 1024 1025 1034 1035 1026 1017 1026 1036 1027 1018 1027 1037 1028 1019 1028 1038 1029 1020 1029 1039 1030 1021 1030 1040 1031 1022 1031 1041 1032 1023 1032 1042 1033 1034 1043 1044 1035 1026 1035 1045 1036 1027 1036 1046 1037 1028 1037 1047 1038 1029 1038 1048 1039 1030 1039 1049 1040 1031 1040 1050 1041 1032 1041 1051 1042 1043 1052 1053 1044 1035 1044 1054 1045 1036 1045 1055 1046 1037 1046 1056 1047 1038 1047 1057 1048 1039 1048 1058 1049 1040 1049 1059 1050 1041 1050 1060 1051 1052 1061 1062 1053 1044 1053 1063 1054 1045 1054 1064 1055 1046 1055 1065 1056 1047 1056 1066 1057 1048 1057 1067 1058 1049 1058 1068 1059 1050 1059 1069 1060 1061 1070 1071 1062 1053 1062 1072 1063 1054 1063 1073 1064 1055 1064 1074 1065 1056 1065 1075 1066 1057 1066 1076 1067 1058 1067 1077 1068 1059 1068 1078 1069 1070 1079 1080 1071 1062 1071 1081 1072 1063 1072 1082 1073 1064 1073 1083 1074 1065 1074 1084 1075 1066 1075 1085 1076 1067 1076 1086 1077 1068 1077 1087 1078 1079 1088 1089 1080 1071 1080 1090 1081 1072 1081 1091 1082 1073 1082 1092 1083 1074 1083 1093 1084 1075 1084 1094 1085 1076 1085 1095 1086 1077 1086 1096 1087 1088 1097 1098 1089 1080 1089 1099 1090 1081 1090 1100 1091 1082 1091 1101 1092 1083 1092 1102 1093 1084 1093 1103 1094 1085 1094 1104 1095 1086 1095 1105 1096 1097 1106 1107 1098 1089 1098 1108 1099 1090 1099 1109 1100 1091 1100 1110 1101 1092 1101 1111 1102 1093 1102 1112 1103 1094 1103 1113 1104 1095 1104 1114 1105 1106 1115 1116 1107 1098 1107 1117 1108 1099 1108 1118 1109 1100 1109 1119 1110 1101 1110 1120 1111 1102 1111 1121 1112 1103 1112 1122 1113 1104 1113 1123 1114 1115 1124 1125 1116 1107 1116 1126 1117 1108 1117 1127 1118 1109 1118 1128 1119 1110 1119 1129 1120 1111 1120 1130 1121 1112 1121 1131 1122 1113 1122 1132 1123 1124 1133 1134 1125 1116 1125 1135 1126 1117 1126 1136 1127 1118 1127 1137 1128 1119 1128 1138 1129 1120 1129 1139 1130 1121 1130 1140 1131 1122 1131 1141 1132 1133 1142 1143 1134 1125 1134 1144 1135 1126 1135 1145 1136 1127 1136 1146 1137 1128 1137 1147 1138 1129 1138 1148 1139 1130 1139 1149 1140 1131 1140 1150 1141 1142 1151 1152 1143 1134 1143 1153 1144 1135 1144 1154 1145 1136 1145 1155 1146 1137 1146 1156 1147 1138 1147 1157 1148 1139 1148 1158 1149 1140 1149 1159 1150 1151 1160 1161 1152 1143 1152 1162 1153 1144 1153 1163 1154 1145 1154 1164 1155 1146 1155 1165 1156 1147 1156 1166 1157 1148 1157 1167 1158 1149 1158 1168 1159 1160 1169 1170 1161 1152 1161 1171 1162 1153 1162 1172 1163 1154 1163 1173 1164 1155 1164 1174 1165 1156 1165 1175 1166 1157 1166 1176 1167 1158 1167 1177 1168 1169 1178 1179 1170 1161 1170 1180 1171 1162 1171 1181 1172 1163 1172 1182 1173 1164 1173 1183 1174 1165 1174 1184 1175 1166 1175 1185 1176 1167 1176 1186 1177 1178 1187 1188 1179 1170 1179 1189 1180 1171 1180 1190 1181 1172 1181 1191 1182 1173 1182 1192 1183 1174 1183 1193 1184 1175 1184 1194 1185 1176 1185 1195 1186 1187 1196 1197 1188 1179 1188 1198 1189 1180 1189 1199 1190 1181 1190 1200 1191 1182 1191 1201 1192 1183 1192 1202 1193 1184 1193 1203 1194 1185 1194 1204 1195 1196 1205 1206 1197 1188 1197 1207 1198 1189 1198 1208 1199 1190 1199 1209 1200 1191 1200 1210 1201 1192 1201 1211 1202 1193 1202 1212 1203 1194 1203 1213 1204 1205 1214 1215 1206 1197 1206 1216 1207 1198 1207 1217 1208 1199 1208 1218 1209 1200 1209 1219 1210 1201 1210 1220 1211 1202 1211 1221 1212 1203 1212 1222 1213 1214 1223 1224 1215 1206 1215 1225 1216 1207 1216 1226 1217 1208 1217 1227 1218 1209 1218 1228 1219 1210 1219 1229 1220 1211 1220 1230 1221 1212 1221 1231 1222 1223 1232 1233 1224 1215 1224 1234 1225 1216 1225 1235 1226 1217 1226 1236 1227 1218 1227 1237 1228 1219 1228 1238 1229 1220 1229 1239 1230 1221 1230 1240 1231 1232 1241 1242 1233 1224 1233 1243 1234 1225 1234 1244 1235 1226 1235 1245 1236 1227 1236 1246 1237 1228 1237 1247 1238 1229 1238 1248 1239 1230 1239 1249 1240 1241 1250 1251 1242 1233 1242 1252 1243 1234 1243 1253 1244 1235 1244 1254 1245 1236 1245 1255 1246 1237 1246 1256 1247 1238 1247 1257 1248 1239 1248 1258 1249 1250 1259 1260 1251 1242 1251 1261 1252 1243 1252 1262 1253 1244 1253 1263 1254 1245 1254 1264 1255 1246 1255 1265 1256 1247 1256 1266 1257 1248 1257 1267 1258 1259 1268 1269 1260 1251 1260 1270 1261 1252 1261 1271 1262 1253 1262 1272 1263 1254 1263 1273 1264 1255 1264 1274 1265 1256 1265 1275 1266 1257 1266 1276 1267 1268 1277 1278 1269 1260 1269 1279 1270 1261 1270 1280 1271 1262 1271 1281 1272 1263 1272 1282 1273 1264 1273 1283 1274 1265 1274 1284 1275 1266 1275 1285 1276 1277 1286 1287 1278 1269 1278 1288 1279 1270 1279 1289 1280 1271 1280 1290 1281 1272 1281 1291 1282 1273 1282 1292 1283 1274 1283 1293 1284 1275 1284 1294 1285 1286 1295 1296 1287 1278 1287 1297 1288 1279 1288 1298 1289 1280 1289 1299 1290 1281 1290 1300 1291 1282 1291 1301 1292 1283 1292 1302 1293 1284 1293 1303 1294 1295 1304 1305 1296 1287 1296 1306 1297 1288 1297 1307 1298 1289 1298 1308 1299 1290 1299 1309 1300 1291 1300 1310 1301 1292 1301 1311 1302 1293 1302 1312 1303 1304 1313 1314 1305 1296 1305 1315 1306 1297 1306 1316 1307 1298 1307 1317 1308 1299 1308 1318 1309 1300 1309 1319 1310 1301 1310 1320 1311 1302 1311 1321 1312 1313 1322 1323 1314 1305 1314 1324 1315 1306 1315 1325 1316 1307 1316 1326 1317 1308 1317 1327 1318 1309 1318 1328 1319 1310 1319 1329 1320 1311 1320 1330 1321 1322 1331 1332 1323 1314 1323 1333 1324 1315 1324 1334 1325 1316 1325 1335 1326 1317 1326 1336 1327 1318 1327 1337 1328 1319 1328 1338 1329 1320 1329 1339 1330 1331 1340 1341 1332 1323 1332 1342 1333 1324 1333 1343 1334 1325 1334 1344 1335 1326 1335 1345 1336 1327 1336 1346 1337 1328 1337 1347 1338 1329 1338 1348 1339 1340 1349 1350 1341 1332 1341 1351 1342 1333 1342 1352 1343 1334 1343 1353 1344 1335 1344 1354 1345 1336 1345 1355 1346 1337 1346 1356 1347 1338 1347 1357 1348 1349 1358 1359 1350 1341 1350 1360 1351 1342 1351 1361 1352 1343 1352 1362 1353 1344 1353 1363 1354 1345 1354 1364 1355 1346 1355 1365 1356 1347 1356 1366 1357 1358 1367 1368 1359 1350 1359 1369 1360 1351 1360 1370 1361 1352 1361 1371 1362 1353 1362 1372 1363 1354 1363 1373 1364 1355 1364 1374 1365 1356 1365 1375 1366 1367 1376 1377 1368 1359 1368 1378 1369 1360 1369 1379 1370 1361 1370 1380 1371 1362 1371 1381 1372 1363 1372 1382 1373 1364 1373 1383 1374 1365 1374 1384 1375 1376 1385 1386 1377 1368 1377 1387 1378 1369 1378 1388 1379 1370 1379 1389 1380 1371 1380 1390 1381 1372 1381 1391 1382 1373 1382 1392 1383 1374 1383 1393 1384 1385 1394 1395 1386 1377 1386 1396 1387 1378 1387 1397 1388 1379 1388 1398 1389 1380 1389 1399 1390 1381 1390 1400 1391 1382 1391 1401 1392 1383 1392 1402 1393 1394 1403 1404 1395 1386 1395 1405 1396 1387 1396 1406 1397 1388 1397 1407 1398 1389 1398 1408 1399 1390 1399 1409 1400 1391 1400 1410 1401 1392 1401 1411 1402 1403 1412 1413 1404 1395 1404 1414 1405 1396 1405 1415 1406 1397 1406 1416 1407 1398 1407 1417 1408 1399 1408 1418 1409 1400 1409 1419 1410 1401 1410 1420 1411 1412 1421 1422 1413 1404 1413 1423 1414 1405 1414 1424 1415 1406 1415 1425 1416 1407 1416 1426 1417 1408 1417 1427 1418 1409 1418 1428 1419 1410 1419 1429 1420 1421 1430 1431 1422 1413 1422 1432 1423 1414 1423 1433 1424 1415 1424 1434 1425 1416 1425 1435 1426 1417 1426 1436 1427 1418 1427 1437 1428 1419 1428 1438 1429 1430 1439 1440 1431 1422 1431 1441 1432 1423 1432 1442 1433 1424 1433 1443 1434 1425 1434 1444 1435 1426 1435 1445 1436 1427 1436 1446 1437 1428 1437 1447 1438 1439 1448 1449 1440 1431 1440 1450 1441 1432 1441 1451 1442 1433 1442 1452 1443 1434 1443 1453 1444 1435 1444 1454 1445 1436 1445 1455 1446 1437 1446 1456 1447 1448 1457 1458 1449 1440 1449 1459 1450 1441 1450 1460 1451 1442 1451 1461 1452 1443 1452 1462 1453 1444 1453 1463 1454 1445 1454 1464 1455 1446 1455 1465 1456 1457 1466 1467 1458 1449 1458 1468 1459 1450 1459 1469 1460 1451 1460 1470 1461 1452 1461 1471 1462 1453 1462 1472 1463 1454 1463 1473 1464 1455 1464 1474 1465 1466 1475 1476 1467 1458 1467 1477 1468 1459 1468 1478 1469 1460 1469 1479 1470 1461 1470 1480 1471 1462 1471 1481 1472 1463 1472 1482 1473 1464 1473 1483 1474 1475 1484 1485 1476 1467 1476 1486 1477 1468 1477 1487 1478 1469 1478 1488 1479 1470 1479 1489 1480 1471 1480 1490 1481 1472 1481 1491 1482 1473 1482 1492 1483 1484 1493 1494 1485 1476 1485 1495 1486 1477 1486 1496 1487 1478 1487 1497 1488 1479 1488 1498 1489 1480 1489 1499 1490 1481 1490 1500 1491 1482 1491 1501 1492 1493 1502 1503 1494 1485 1494 1504 1495 1486 1495 1505 1496 1487 1496 1506 1497 1488 1497 1507 1498 1489 1498 1508 1499 1490 1499 1509 1500 1491 1500 1510 1501 1502 1511 1512 1503 1494 1503 1513 1504 1495 1504 1514 1505 1496 1505 1515 1506 1497 1506 1516 1507 1498 1507 1517 1508 1499 1508 1518 1509 1500 1509 1519 1510 1511 1520 1521 1512 1503 1512 1522 1513 1504 1513 1523 1514 1505 1514 1524 1515 1506 1515 1525 1516 1507 1516 1526 1517 1508 1517 1527 1518 1509 1518 1528 1519 1520 1529 1530 1521 1512 1521 1531 1522 1513 1522 1532 1523 1514 1523 1533 1524 1515 1524 1534 1525 1516 1525 1535 1526 1517 1526 1536 1527 1518 1527 1537 1528 1529 1538 1539 1530 1521 1530 1540 1531 1522 1531 1541 1532 1523 1532 1542 1533 1524 1533 1543 1534 1525 1534 1544 1535 1526 1535 1545 1536 1527 1536 1546 1537 1538 1547 1548 1539 1530 1539 1549 1540 1531 1540 1550 1541 1532 1541 1551 1542 1533 1542 1552 1543 1534 1543 1553 1544 1535 1544 1554 1545 1536 1545 1555 1546 1547 1556 1557 1548 1539 1548 1558 1549 1540 1549 1559 1550 1541 1550 1560 1551 1542 1551 1561 1552 1543 1552 1562 1553 1544 1553 1563 1554 1545 1554 1564 1555 1556 1565 1566 1557 1548 1557 1567 1558 1549 1558 1568 1559 1550 1559 1569 1560 1551 1560 1570 1561 1552 1561 1571 1562 1553 1562 1572 1563 1554 1563 1573 1564 1565 1574 1575 1566 1557 1566 1576 1567 1558 1567 1577 1568 1559 1568 1578 1569 1560 1569 1579 1570 1561 1570 1580 1571 1562 1571 1581 1572 1563 1572 1582 1573 1574 1583 1584 1575 1566 1575 1585 1576 1567 1576 1586 1577 1568 1577 1587 1578 1569 1578 1588 1579 1570 1579 1589 1580 1571 1580 1590 1581 1572 1581 1591 1582 1583 1592 1593 1584 1575 1584 1594 1585 1576 1585 1595 1586 1577 1586 1596 1587 1578 1587 1597 1588 1579 1588 1598 1589 1580 1589 1599 1590 1581 1590 1600 1591 1592 1601 1602 1593 1584 1593 1603 1594 1585 1594 1604 1595 1586 1595 1605 1596 1587 1596 1606 1597 1588 1597 1607 1598 1589 1598 1608 1599 1590 1599 1609 1600 1601 1610 1611 1602 1593 1602 1612 1603 1594 1603 1613 1604 1595 1604 1614 1605 1596 1605 1615 1606 1597 1606 1616 1607 1598 1607 1617 1608 1599 1608 1618 1609 1610 1619 1620 1611 1602 1611 1621 1612 1603 1612 1622 1613 1604 1613 1623 1614 1605 1614 1624 1615 1606 1615 1625 1616 1607 1616 1626 1617 1608 1617 1627 1618 1619 1628 1629 1620 1611 1620 1630 1621 1612 1621 1631 1622 1613 1622 1632 1623 1614 1623 1633 1624 1615 1624 1634 1625 1616 1625 1635 1626 1617 1626 1636 1627 1628 1637 1638 1629 1620 1629 1639 1630 1621 1630 1640 1631 1622 1631 1641 1632 1623 1632 1642 1633 1624 1633 1643 1634 1625 1634 1644 1635 1626 1635 1645 1636 1637 1646 1647 1638 1629 1638 1648 1639 1630 1639 1649 1640 1631 1640 1650 1641 1632 1641 1651 1642 1633 1642 1652 1643 1634 1643 1653 1644 1635 1644 1654 1645 1646 1655 1656 1647 1638 1647 1657 1648 1639 1648 1658 1649 1640 1649 1659 1650 1641 1650 1660 1651 1642 1651 1661 1652 1643 1652 1662 1653 1644 1653 1663 1654 1655 1664 1665 1656 1647 1656 1666 1657 1648 1657 1667 1658 1649 1658 1668 1659 1650 1659 1669 1660 1651 1660 1670 1661 1652 1661 1671 1662 1653 1662 1672 1663 1664 1673 1674 1665 1656 1665 1675 1666 1657 1666 1676 1667 1658 1667 1677 1668 1659 1668 1678 1669 1660 1669 1679 1670 1661 1670 1680 1671 1662 1671 1681 1672 1673 1682 1683 1674 1665 1674 1684 1675 1666 1675 1685 1676 1667 1676 1686 1677 1668 1677 1687 1678 1669 1678 1688 1679 1670 1679 1689 1680 1671 1680 1690 1681 1682 1691 1692 1683 1674 1683 1693 1684 1675 1684 1694 1685 1676 1685 1695 1686 1677 1686 1696 1687 1678 1687 1697 1688 1679 1688 1698 1689 1680 1689 1699 1690 1691 1700 1701 1692 1683 1692 1702 1693 1684 1693 1703 1694 1685 1694 1704 1695 1686 1695 1705 1696 1687 1696 1706 1697 1688 1697 1707 1698 1689 1698 1708 1699 1700 1709 1710 1701 1692 1701 1711 1702 1693 1702 1712 1703 1694 1703 1713 1704 1695 1704 1714 1705 1696 1705 1715 1706 1697 1706 1716 1707 1698 1707 1717 1708 1709 1718 1719 1710 1701 1710 1720 1711 1702 1711 1721 1712 1703 1712 1722 1713 1704 1713 1723 1714 1705 1714 1724 1715 1706 1715 1725 1716 1707 1716 1726 1717 1718 1727 1728 1719 1710 1719 1729 1720 1711 1720 1730 1721 1712 1721 1731 1722 1713 1722 1732 1723 1714 1723 1733 1724 1715 1724 1734 1725 1716 1725 1735 1726 1727 1736 1737 1728 1719 1728 1738 1729 1720 1729 1739 1730 1721 1730 1740 1731 1722 1731 1741 1732 1723 1732 1742 1733 1724 1733 1743 1734 1725 1734 1744 1735 1736 1745 1746 1737 1728 1737 1747 1738 1729 1738 1748 1739 1730 1739 1749 1740 1731 1740 1750 1741 1732 1741 1751 1742 1733 1742 1752 1743 1734 1743 1753 1744 1745 1754 1755 1746 1737 1746 1756 1747 1738 1747 1757 1748 1739 1748 1758 1749 1740 1749 1759 1750 1741 1750 1760 1751 1742 1751 1761 1752 1743 1752 1762 1753 1754 1763 1764 1755 1746 1755 1765 1756 1747 1756 1766 1757 1748 1757 1767 1758 1749 1758 1768 1759 1750 1759 1769 1760 1751 1760 1770 1761 1752 1761 1771 1762 1763 1772 1773 1764 1755 1764 1774 1765 1756 1765 1775 1766 1757 1766 1776 1767 1758 1767 1777 1768 1759 1768 1778 1769 1760 1769 1779 1770 1761 1770 1780 1771 1772 1781 1782 1773 1764 1773 1783 1774 1765 1774 1784 1775 1766 1775 1785 1776 1767 1776 1786 1777 1768 1777 1787 1778 1769 1778 1788 1779 1770 1779 1789 1780 1781 1790 1791 1782 1773 1782 1792 1783 1774 1783 1793 1784 1775 1784 1794 1785 1776 1785 1795 1786 1777 1786 1796 1787 1778 1787 1797 1788 1779 1788 1798 1789 1790 1799 1800 1791 1782 1791 1801 1792 1783 1792 1802 1793 1784 1793 1803 1794 1785 1794 1804 1795 1786 1795 1805 1796 1787 1796 1806 1797 1788 1797 1807 1798 1799 1808 1809 1800 1791 1800 1810 1801 1792 1801 1811 1802 1793 1802 1812 1803 1794 1803 1813 1804 1795 1804 1814 1805 1796 1805 1815 1806 1797 1806 1816 1807 1808 1817 1818 1809 1800 1809 1819 1810 1801 1810 1820 1811 1802 1811 1821 1812 1803 1812 1822 1813 1804 1813 1823 1814 1805 1814 1824 1815 1806 1815 1825 1816 1817 1826 1827 1818 1809 1818 1828 1819 1810 1819 1829 1820 1811 1820 1830 1821 1812 1821 1831 1822 1813 1822 1832 1823 1814 1823 1833 1824 1815 1824 1834 1825 1826 1835 1836 1827 1818 1827 1837 1828 1819 1828 1838 1829 1820 1829 1839 1830 1821 1830 1840 1831 1822 1831 1841 1832 1823 1832 1842 1833 1824 1833 1843 1834 1835 1844 1845 1836 1827 1836 1846 1837 1828 1837 1847 1838 1829 1838 1848 1839 1830 1839 1849 1840 1831 1840 1850 1841 1832 1841 1851 1842 1833 1842 1852 1843 1844 1853 1854 1845 1836 1845 1855 1846 1837 1846 1856 1847 1838 1847 1857 1848 1839 1848 1858 1849 1840 1849 1859 1850 1841 1850 1860 1851 1842 1851 1861 1852 1853 1862 1863 1854 1845 1854 1864 1855 1846 1855 1865 1856 1847 1856 1866 1857 1848 1857 1867 1858 1849 1858 1868 1859 1850 1859 1869 1860 1851 1860 1870 1861 1862 1871 1872 1863 1854 1863 1873 1864 1855 1864 1874 1865 1856 1865 1875 1866 1857 1866 1876 1867 1858 1867 1877 1868 1859 1868 1878 1869 1860 1869 1879 1870 1871 1880 1881 1872 1863 1872 1882 1873 1864 1873 1883 1874 1865 1874 1884 1875 1866 1875 1885 1876 1867 1876 1886 1877 1868 1877 1887 1878 1869 1878 1888 1879 1880 1889 1890 1881 1872 1881 1891 1882 1873 1882 1892 1883 1874 1883 1893 1884 1875 1884 1894 1885 1876 1885 1895 1886 1877 1886 1896 1887 1878 1887 1897 1888 1889 1898 1899 1890 1881 1890 1900 1891 1882 1891 1901 1892 1883 1892 1902 1893 1884 1893 1903 1894 1885 1894 1904 1895 1886 1895 1905 1896 1887 1896 1906 1897 1898 1907 1908 1899 1890 1899 1909 1900 1891 1900 1910 1901 1892 1901 1911 1902 1893 1902 1912 1903 1894 1903 1913 1904 1895 1904 1914 1905 1896 1905 1915 1906 1907 1916 1917 1908 1899 1908 1918 1909 1900 1909 1919 1910 1901 1910 1920 1911 1902 1911 1921 1912 1903 1912 1922 1913 1904 1913 1923 1914 1905 1914 1924 1915 1916 1925 1926 1917 1908 1917 1927 1918 1909 1918 1928 1919 1910 1919 1929 1920 1911 1920 1930 1921 1912 1921 1931 1922 1913 1922 1932 1923 1914 1923 1933 1924 1925 1934 1935 1926 1917 1926 1936 1927 1918 1927 1937 1928 1919 1928 1938 1929 1920 1929 1939 1930 1921 1930 1940 1931 1922 1931 1941 1932 1923 1932 1942 1933 1934 1943 1944 1935 1926 1935 1945 1936 1927 1936 1946 1937 1928 1937 1947 1938 1929 1938 1948 1939 1930 1939 1949 1940 1931 1940 1950 1941 1932 1941 1951 1942 1943 1952 1953 1944 1935 1944 1954 1945 1936 1945 1955 1946 1937 1946 1956 1947 1938 1947 1957 1948 1939 1948 1958 1949 1940 1949 1959 1950 1941 1950 1960 1951 1952 1961 1962 1953 1944 1953 1963 1954 1945 1954 1964 1955 1946 1955 1965 1956 1947 1956 1966 1957 1948 1957 1967 1958 1949 1958 1968 1959 1950 1959 1969 1960 1961 1970 1971 1962 1953 1962 1972 1963 1954 1963 1973 1964 1955 1964 1974 1965 1956 1965 1975 1966 1957 1966 1976 1967 1958 1967 1977 1968 1959 1968 1978 1969 1970 1979 1980 1971 1962 1971 1981 1972 1963 1972 1982 1973 1964 1973 1983 1974 1965 1974 1984 1975 1966 1975 1985 1976 1967 1976 1986 1977 1968 1977 1987 1978 1979 1988 1989 1980 1971 1980 1990 1981 1972 1981 1991 1982 1973 1982 1992 1983 1974 1983 1993 1984 1975 1984 1994 1985 1976 1985 1995 1986 1977 1986 1996 1987 1988 1997 1998 1989 1980 1989 1999 1990 1981 1990 2000 1991 1982 1991 2001 1992 1983 1992 2002 1993 1984 1993 2003 1994 1985 1994 2004 1995 1986 1995 2005 1996 1997 2006 2007 1998 1989 1998 2008 1999 1990 1999 2009 2000 1991 2000 2010 2001 1992 2001 2011 2002 1993 2002 2012 2003 1994 2003 2013 2004 1995 2004 2014 2005 2006 2015 2016 2007 1998 2007 2017 2008 1999 2008 2018 2009 2000 2009 2019 2010 2001 2010 2020 2011 2002 2011 2021 2012 2003 2012 2022 2013 2004 2013 2023 2014 2015 2024 2025 2016 2007 2016 2026 2017 2008 2017 2027 2018 2009 2018 2028 2019 2010 2019 2029 2020 2011 2020 2030 2021 2012 2021 2031 2022 2013 2022 2032 2023 2024 2033 2034 2025 2016 2025 2035 2026 2017 2026 2036 2027 2018 2027 2037 2028 2019 2028 2038 2029 2020 2029 2039 2030 2021 2030 2040 2031 2022 2031 2041 2032 2033 2042 2043 2034 2025 2034 2044 2035 2026 2035 2045 2036 2027 2036 2046 2037 2028 2037 2047 2038 2029 2038 2048 2039 2030 2039 2049 2040 2031 2040 2050 2041 2042 2051 2052 2043 2034 2043 2053 2044 2035 2044 2054 2045 2036 2045 2055 2046 2037 2046 2056 2047 2038 2047 2057 2048 2039 2048 2058 2049 2040 2049 2059 2050 2051 2060 2061 2052 2043 2052 2062 2053 2044 2053 2063 2054 2045 2054 2064 2055 2046 2055 2065 2056 2047 2056 2066 2057 2048 2057 2067 2058 2049 2058 2068 2059 2060 2069 2070 2061 2052 2061 2071 2062 2053 2062 2072 2063 2054 2063 2073 2064 2055 2064 2074 2065 2056 2065 2075 2066 2057 2066 2076 2067 2058 2067 2077 2068 2069 2078 2079 2070 2061 2070 2080 2071 2062 2071 2081 2072 2063 2072 2082 2073 2064 2073 2083 2074 2065 2074 2084 2075 2066 2075 2085 2076 2067 2076 2086 2077 2078 2087 2088 2079 2070 2079 2089 2080 2071 2080 2090 2081 2072 2081 2091 2082 2073 2082 2092 2083 2074 2083 2093 2084 2075 2084 2094 2085 2076 2085 2095 2086 2087 2096 2097 2088 2079 2088 2098 2089 2080 2089 2099 2090 2081 2090 2100 2091 2082 2091 2101 2092 2083 2092 2102 2093 2084 2093 2103 2094 2085 2094 2104 2095 2096 2105 2106 2097 2088 2097 2107 2098 2089 2098 2108 2099 2090 2099 2109 2100 2091 2100 2110 2101 2092 2101 2111 2102 2093 2102 2112 2103 2094 2103 2113 2104 2105 2114 2115 2106 2097 2106 2116 2107 2098 2107 2117 2108 2099 2108 2118 2109 2100 2109 2119 2110 2101 2110 2120 2111 2102 2111 2121 2112 2103 2112 2122 2113 2114 2123 2124 2115 2106 2115 2125 2116 2107 2116 2126 2117 2108 2117 2127 2118 2109 2118 2128 2119 2110 2119 2129 2120 2111 2120 2130 2121 2112 2121 2131 2122 2123 2132 2133 2124 2115 2124 2134 2125 2116 2125 2135 2126 2117 2126 2136 2127 2118 2127 2137 2128 2119 2128 2138 2129 2120 2129 2139 2130 2121 2130 2140 2131 2132 2141 2142 2133 2124 2133 2143 2134 2125 2134 2144 2135 2126 2135 2145 2136 2127 2136 2146 2137 2128 2137 2147 2138 2129 2138 2148 2139 2130 2139 2149 2140 2141 2150 2151 2142 2133 2142 2152 2143 2134 2143 2153 2144 2135 2144 2154 2145 2136 2145 2155 2146 2137 2146 2156 2147 2138 2147 2157 2148 2139 2148 2158 2149 2150 2159 2160 2151 2142 2151 2161 2152 2143 2152 2162 2153 2144 2153 2163 2154 2145 2154 2164 2155 2146 2155 2165 2156 2147 2156 2166 2157 2148 2157 2167 2158 2159 2168 2169 2160 2151 2160 2170 2161 2152 2161 2171 2162 2153 2162 2172 2163 2154 2163 2173 2164 2155 2164 2174 2165 2156 2165 2175 2166 2157 2166 2176 2167 2168 2177 2178 2169 2160 2169 2179 2170 2161 2170 2180 2171 2162 2171 2181 2172 2163 2172 2182 2173 2164 2173 2183 2174 2165 2174 2184 2175 2166 2175 2185 2176 2177 2186 2187 2178 2169 2178 2188 2179 2170 2179 2189 2180 2171 2180 2190 2181 2172 2181 2191 2182 2173 2182 2192 2183 2174 2183 2193 2184 2175 2184 2194 2185 2186 2195 2196 2187 2178 2187 2197 2188 2179 2188 2198 2189 2180 2189 2199 2190 2181 2190 2200 2191 2182 2191 2201 2192 2183 2192 2202 2193 2184 2193 2203 2194 2195 2204 2205 2196 2187 2196 2206 2197 2188 2197 2207 2198 2189 2198 2208 2199 2190 2199 2209 2200 2191 2200 2210 2201 2192 2201 2211 2202 2193 2202 2212 2203 2204 2213 2214 2205 2196 2205 2215 2206 2197 2206 2216 2207 2198 2207 2217 2208 2199 2208 2218 2209 2200 2209 2219 2210 2201 2210 2220 2211 2202 2211 2221 2212 2213 2222 2223 2214 2205 2214 2224 2215 2206 2215 2225 2216 2207 2216 2226 2217 2208 2217 2227 2218 2209 2218 2228 2219 2210 2219 2229 2220 2211 2220 2230 2221 2222 2231 2232 2223 2214 2223 2233 2224 2215 2224 2234 2225 2216 2225 2235 2226 2217 2226 2236 2227 2218 2227 2237 2228 2219 2228 2238 2229 2220 2229 2239 2230 2231 2240 2241 2232 2223 2232 2242 2233 2224 2233 2243 2234 2225 2234 2244 2235 2226 2235 2245 2236 2227 2236 2246 2237 2228 2237 2247 2238 2229 2238 2248 2239 2240 2249 2250 2241 2232 2241 2251 2242 2233 2242 2252 2243 2234 2243 2253 2244 2235 2244 2254 2245 2236 2245 2255 2246 2237 2246 2256 2247 2238 2247 2257 2248 2249 2258 2259 2250 2241 2250 2260 2251 2242 2251 2261 2252 2243 2252 2262 2253 2244 2253 2263 2254 2245 2254 2264 2255 2246 2255 2265 2256 2247 2256 2266 2257 2258 2267 2268 2259 2250 2259 2269 2260 2251 2260 2270 2261 2252 2261 2271 2262 2253 2262 2272 2263 2254 2263 2273 2264 2255 2264 2274 2265 2256 2265 2275 2266 2267 2276 2277 2268 2259 2268 2278 2269 2260 2269 2279 2270 2261 2270 2280 2271 2262 2271 2281 2272 2263 2272 2282 2273 2264 2273 2283 2274 2265 2274 2284 2275 2276 2285 2286 2277 2268 2277 2287 2278 2269 2278 2288 2279 2270 2279 2289 2280 2271 2280 2290 2281 2272 2281 2291 2282 2273 2282 2292 2283 2274 2283 2293 2284 2285 2294 2295 2286 2277 2286 2296 2287 2278 2287 2297 2288 2279 2288 2298 2289 2280 2289 2299 2290 2281 2290 2300 2291 2282 2291 2301 2292 2283 2292 2302 2293 2294 2303 2304 2295 2286 2295 2305 2296 2287 2296 2306 2297 2288 2297 2307 2298 2289 2298 2308 2299 2290 2299 2309 2300 2291 2300 2310 2301 2292 2301 2311 2302 2303 2312 2313 2304 2295 2304 2314 2305 2296 2305 2315 2306 2297 2306 2316 2307 2298 2307 2317 2308 2299 2308 2318 2309 2300 2309 2319 2310 2301 2310 2320 2311 2312 2321 2322 2313 2304 2313 2323 2314 2305 2314 2324 2315 2306 2315 2325 2316 2307 2316 2326 2317 2308 2317 2327 2318 2309 2318 2328 2319 2310 2319 2329 2320 2321 2330 2331 2322 2313 2322 2332 2323 2314 2323 2333 2324 2315 2324 2334 2325 2316 2325 2335 2326 2317 2326 2336 2327 2318 2327 2337 2328 2319 2328 2338 2329 2330 2339 2340 2331 2322 2331 2341 2332 2323 2332 2342 2333 2324 2333 2343 2334 2325 2334 2344 2335 2326 2335 2345 2336 2327 2336 2346 2337 2328 2337 2347 2338 2339 2348 2349 2340 2331 2340 2350 2341 2332 2341 2351 2342 2333 2342 2352 2343 2334 2343 2353 2344 2335 2344 2354 2345 2336 2345 2355 2346 2337 2346 2356 2347 2348 2357 2358 2349 2340 2349 2359 2350 2341 2350 2360 2351 2342 2351 2361 2352 2343 2352 2362 2353 2344 2353 2363 2354 2345 2354 2364 2355 2346 2355 2365 2356 2357 2366 2367 2358 2349 2358 2368 2359 2350 2359 2369 2360 2351 2360 2370 2361 2352 2361 2371 2362 2353 2362 2372 2363 2354 2363 2373 2364 2355 2364 2374 2365 2366 2375 2376 2367 2358 2367 2377 2368 2359 2368 2378 2369 2360 2369 2379 2370 2361 2370 2380 2371 2362 2371 2381 2372 2363 2372 2382 2373 2364 2373 2383 2374 2375 2384 2385 2376 2367 2376 2386 2377 2368 2377 2387 2378 2369 2378 2388 2379 2370 2379 2389 2380 2371 2380 2390 2381 2372 2381 2391 2382 2373 2382 2392 2383 2384 2393 2394 2385 2376 2385 2395 2386 2377 2386 2396 2387 2378 2387 2397 2388 2379 2388 2398 2389 2380 2389 2399 2390 2381 2390 2400 2391 2382 2391 2401 2392 2393 2402 2403 2394 2385 2394 2404 2395 2386 2395 2405 2396 2387 2396 2406 2397 2388 2397 2407 2398 2389 2398 2408 2399 2390 2399 2409 2400 2391 2400 2410 2401 2402 2411 2412 2403 2394 2403 2413 2404 2395 2404 2414 2405 2396 2405 2415 2406 2397 2406 2416 2407 2398 2407 2417 2408 2399 2408 2418 2409 2400 2409 2419 2410 2411 2420 2421 2412 2403 2412 2422 2413 2404 2413 2423 2414 2405 2414 2424 2415 2406 2415 2425 2416 2407 2416 2426 2417 2408 2417 2427 2418 2409 2418 2428 2419 2420 2429 2430 2421 2412 2421 2431 2422 2413 2422 2432 2423 2414 2423 2433 2424 2415 2424 2434 2425 2416 2425 2435 2426 2417 2426 2436 2427 2418 2427 2437 2428 2429 2438 2439 2430 2421 2430 2440 2431 2422 2431 2441 2432 2423 2432 2442 2433 2424 2433 2443 2434 2425 2434 2444 2435 2426 2435 2445 2436 2427 2436 2446 2437 2438 2447 2448 2439 2430 2439 2449 2440 2431 2440 2450 2441 2432 2441 2451 2442 2433 2442 2452 2443 2434 2443 2453 2444 2435 2444 2454 2445 2436 2445 2455 2446 2447 2456 2457 2448 2439 2448 2458 2449 2440 2449 2459 2450 2441 2450 2460 2451 2442 2451 2461 2452 2443 2452 2462 2453 2444 2453 2463 2454 2445 2454 2464 2455 2456 2465 2466 2457 2448 2457 2467 2458 2449 2458 2468 2459 2450 2459 2469 2460 2451 2460 2470 2461 2452 2461 2471 2462 2453 2462 2472 2463 2454 2463 2473 2464 2465 2474 2475 2466 2457 2466 2476 2467 2458 2467 2477 2468 2459 2468 2478 2469 2460 2469 2479 2470 2461 2470 2480 2471 2462 2471 2481 2472 2463 2472 2482 2473 2474 2483 2484 2475 2466 2475 2485 2476 2467 2476 2486 2477 2468 2477 2487 2478 2469 2478 2488 2479 2470 2479 2489 2480 2471 2480 2490 2481 2472 2481 2491 2482 2483 2492 2493 2484 2475 2484 2494 2485 2476 2485 2495 2486 2477 2486 2496 2487 2478 2487 2497 2488 2479 2488 2498 2489 2480 2489 2499 2490 2481 2490 2500 2491 2492 2501 2502 2493 2484 2493 2503 2494 2485 2494 2504 2495 2486 2495 2505 2496 2487 2496 2506 2497 2488 2497 2507 2498 2489 2498 2508 2499 2490 2499 2509 2500 2501 2510 2511 2502 2493 2502 2512 2503 2494 2503 2513 2504 2495 2504 2514 2505 2496 2505 2515 2506 2497 2506 2516 2507 2498 2507 2517 2508 2499 2508 2518 2509 2510 2519 2520 2511 2502 2511 2521 2512 2503 2512 2522 2513 2504 2513 2523 2514 2505 2514 2524 2515 2506 2515 2525 2516 2507 2516 2526 2517 2508 2517 2527 2518 2519 2528 2529 2520 2511 2520 2530 2521 2512 2521 2531 2522 2513 2522 2532 2523 2514 2523 2533 2524 2515 2524 2534 2525 2516 2525 2535 2526 2517 2526 2536 2527 2528 2537 2538 2529 2520 2529 2539 2530 2521 2530 2540 2531 2522 2531 2541 2532 2523 2532 2542 2533 2524 2533 2543 2534 2525 2534 2544 2535 2526 2535 2545 2536 2537 2546 2547 2538 2529 2538 2548 2539 2530 2539 2549 2540 2531 2540 2550 2541 2532 2541 2551 2542 2533 2542 2552 2543 2534 2543 2553 2544 2535 2544 2554 2545 2546 2555 2556 2547 2538 2547 2557 2548 2539 2548 2558 2549 2540 2549 2559 2550 2541 2550 2560 2551 2542 2551 2561 2552 2543 2552 2562 2553 2544 2553 2563 2554 2555 2564 2565 2556 2547 2556 2566 2557 2548 2557 2567 2558 2549 2558 2568 2559 2550 2559 2569 2560 2551 2560 2570 2561 2552 2561 2571 2562 2553 2562 2572 2563 2564 2573 2574 2565 2556 2565 2575 2566 2557 2566 2576 2567 2558 2567 2577 2568 2559 2568 2578 2569 2560 2569 2579 2570 2561 2570 2580 2571 2562 2571 2581 2572 2573 2582 2583 2574 2565 2574 2584 2575 2566 2575 2585 2576 2567 2576 2586 2577 2568 2577 2587 2578 2569 2578 2588 2579 2570 2579 2589 2580 2571 2580 2590 2581 2582 2591 2592 2583 2574 2583 2593 2584 2575 2584 2594 2585 2576 2585 2595 2586 2577 2586 2596 2587 2578 2587 2597 2588 2579 2588 2598 2589 2580 2589 2599 2590 2591 2600 2601 2592 2583 2592 2602 2593 2584 2593 2603 2594 2585 2594 2604 2595 2586 2595 2605 2596 2587 2596 2606 2597 2588 2597 2607 2598 2589 2598 2608 2599 2600 2609 2610 2601 2592 2601 2611 2602 2593 2602 2612 2603 2594 2603 2613 2604 2595 2604 2614 2605 2596 2605 2615 2606 2597 2606 2616 2607 2598 2607 2617 2608 2609 2618 2619 2610 2601 2610 2620 2611 2602 2611 2621 2612 2603 2612 2622 2613 2604 2613 2623 2614 2605 2614 2624 2615 2606 2615 2625 2616 2607 2616 2626 2617 2618 2627 2628 2619 2610 2619 2629 2620 2611 2620 2630 2621 2612 2621 2631 2622 2613 2622 2632 2623 2614 2623 2633 2624 2615 2624 2634 2625 2616 2625 2635 2626 2627 2636 2637 2628 2619 2628 2638 2629 2620 2629 2639 2630 2621 2630 2640 2631 2622 2631 2641 2632 2623 2632 2642 2633 2624 2633 2643 2634 2625 2634 2644 2635 2636 2645 2646 2637 2628 2637 2647 2638 2629 2638 2648 2639 2630 2639 2649 2640 2631 2640 2650 2641 2632 2641 2651 2642 2633 2642 2652 2643 2634 2643 2653 2644 2645 2654 2655 2646 2637 2646 2656 2647 2638 2647 2657 2648 2639 2648 2658 2649 2640 2649 2659 2650 2641 2650 2660 2651 2642 2651 2661 2652 2643 2652 2662 2653 2654 2663 2664 2655 2646 2655 2665 2656 2647 2656 2666 2657 2648 2657 2667 2658 2649 2658 2668 2659 2650 2659 2669 2660 2651 2660 2670 2661 2652 2661 2671 2662 2663 2672 2673 2664 2655 2664 2674 2665 2656 2665 2675 2666 2657 2666 2676 2667 2658 2667 2677 2668 2659 2668 2678 2669 2660 2669 2679 2670 2661 2670 2680 2671 2672 2681 2682 2673 2664 2673 2683 2674 2665 2674 2684 2675 2666 2675 2685 2676 2667 2676 2686 2677 2668 2677 2687 2678 2669 2678 2688 2679 2670 2679 2689 2680 2681 2690 2691 2682 2673 2682 2692 2683 2674 2683 2693 2684 2675 2684 2694 2685 2676 2685 2695 2686 2677 2686 2696 2687 2678 2687 2697 2688 2679 2688 2698 2689 2690 2699 2700 2691 2682 2691 2701 2692 2683 2692 2702 2693 2684 2693 2703 2694 2685 2694 2704 2695 2686 2695 2705 2696 2687 2696 2706 2697 2688 2697 2707 2698 2699 2708 2709 2700 2691 2700 2710 2701 2692 2701 2711 2702 2693 2702 2712 2703 2694 2703 2713 2704 2695 2704 2714 2705 2696 2705 2715 2706 2697 2706 2716 2707 2708 2717 2718 2709 2700 2709 2719 2710 2701 2710 2720 2711 2702 2711 2721 2712 2703 2712 2722 2713 2704 2713 2723 2714 2705 2714 2724 2715 2706 2715 2725 2716 2717 2726 2727 2718 2709 2718 2728 2719 2710 2719 2729 2720 2711 2720 2730 2721 2712 2721 2731 2722 2713 2722 2732 2723 2714 2723 2733 2724 2715 2724 2734 2725 2726 2735 2736 2727 2718 2727 2737 2728 2719 2728 2738 2729 2720 2729 2739 2730 2721 2730 2740 2731 2722 2731 2741 2732 2723 2732 2742 2733 2724 2733 2743 2734 2735 2744 2745 2736 2727 2736 2746 2737 2728 2737 2747 2738 2729 2738 2748 2739 2730 2739 2749 2740 2731 2740 2750 2741 2732 2741 2751 2742 2733 2742 2752 2743 2744 2753 2754 2745 2736 2745 2755 2746 2737 2746 2756 2747 2738 2747 2757 2748 2739 2748 2758 2749 2740 2749 2759 2750 2741 2750 2760 2751 2742 2751 2761 2752 2753 2762 2763 2754 2745 2754 2764 2755 2746 2755 2765 2756 2747 2756 2766 2757 2748 2757 2767 2758 2749 2758 2768 2759 2750 2759 2769 2760 2751 2760 2770 2761 2762 2771 2772 2763 2754 2763 2773 2764 2755 2764 2774 2765 2756 2765 2775 2766 2757 2766 2776 2767 2758 2767 2777 2768 2759 2768 2778 2769 2760 2769 2779 2770 2771 2780 2781 2772 2763 2772 2782 2773 2764 2773 2783 2774 2765 2774 2784 2775 2766 2775 2785 2776 2767 2776 2786 2777 2768 2777 2787 2778 2769 2778 2788 2779 2780 2789 2790 2781 2772 2781 2791 2782 2773 2782 2792 2783 2774 2783 2793 2784 2775 2784 2794 2785 2776 2785 2795 2786 2777 2786 2796 2787 2778 2787 2797 2788 2789 2798 2799 2790 2781 2790 2800 2791 2782 2791 2801 2792 2783 2792 2802 2793 2784 2793 2803 2794 2785 2794 2804 2795 2786 2795 2805 2796 2787 2796 2806 2797 2798 2807 2808 2799 2790 2799 2809 2800 2791 2800 2810 2801 2792 2801 2811 2802 2793 2802 2812 2803 2794 2803 2813 2804 2795 2804 2814 2805 2796 2805 2815 2806 2807 2816 2817 2808 2799 2808 2818 2809 2800 2809 2819 2810 2801 2810 2820 2811 2802 2811 2821 2812 2803 2812 2822 2813 2804 2813 2823 2814 2805 2814 2824 2815 2816 2825 2826 2817 2808 2817 2827 2818 2809 2818 2828 2819 2810 2819 2829 2820 2811 2820 2830 2821 2812 2821 2831 2822 2813 2822 2832 2823 2814 2823 2833 2824 2825 2834 2835 2826 2817 2826 2836 2827 2818 2827 2837 2828 2819 2828 2838 2829 2820 2829 2839 2830 2821 2830 2840 2831 2822 2831 2841 2832 2823 2832 2842 2833 2834 2843 2844 2835 2826 2835 2845 2836 2827 2836 2846 2837 2828 2837 2847 2838 2829 2838 2848 2839 2830 2839 2849 2840 2831 2840 2850 2841 2832 2841 2851 2842 2843 2852 2853 2844 2835 2844 2854 2845 2836 2845 2855 2846 2837 2846 2856 2847 2838 2847 2857 2848 2839 2848 2858 2849 2840 2849 2859 2850 2841 2850 2860 2851 2852 2861 2862 2853 2844 2853 2863 2854 2845 2854 2864 2855 2846 2855 2865 2856 2847 2856 2866 2857 2848 2857 2867 2858 2849 2858 2868 2859 2850 2859 2869 2860 2861 2870 2871 2862 2853 2862 2872 2863 2854 2863 2873 2864 2855 2864 2874 2865 2856 2865 2875 2866 2857 2866 2876 2867 2858 2867 2877 2868 2859 2868 2878 2869 2870 2879 2880 2871 2862 2871 2881 2872 2863 2872 2882 2873 2864 2873 2883 2874 2865 2874 2884 2875 2866 2875 2885 2876 2867 2876 2886 2877 2868 2877 2887 2878 2879 2888 2889 2880 2871 2880 2890 2881 2872 2881 2891 2882 2873 2882 2892 2883 2874 2883 2893 2884 2875 2884 2894 2885 2876 2885 2895 2886 2877 2886 2896 2887 2888 2897 2898 2889 2880 2889 2899 2890 2881 2890 2900 2891 2882 2891 2901 2892 2883 2892 2902 2893 2884 2893 2903 2894 2885 2894 2904 2895 2886 2895 2905 2896 2897 2906 2907 2898 2889 2898 2908 2899 2890 2899 2909 2900 2891 2900 2910 2901 2892 2901 2911 2902 2893 2902 2912 2903 2894 2903 2913 2904 2895 2904 2914 2905 2906 2915 2916 2907 2898 2907 2917 2908 2899 2908 2918 2909 2900 2909 2919 2910 2901 2910 2920 2911 2902 2911 2921 2912 2903 2912 2922 2913 2904 2913 2923 2914 2915 2924 2925 2916 2907 2916 2926 2917 2908 2917 2927 2918 2909 2918 2928 2919 2910 2919 2929 2920 2911 2920 2930 2921 2912 2921 2931 2922 2913 2922 2932 2923 2924 2933 2934 2925 2916 2925 2935 2926 2917 2926 2936 2927 2918 2927 2937 2928 2919 2928 2938 2929 2920 2929 2939 2930 2921 2930 2940 2931 2922 2931 2941 2932 2933 2942 2943 2934 2925 2934 2944 2935 2926 2935 2945 2936 2927 2936 2946 2937 2928 2937 2947 2938 2929 2938 2948 2939 2930 2939 2949 2940 2931 2940 2950 2941 2942 2951 2952 2943 2934 2943 2953 2944 2935 2944 2954 2945 2936 2945 2955 2946 2937 2946 2956 2947 2938 2947 2957 2948 2939 2948 2958 2949 2940 2949 2959 2950 2951 2960 2961 2952 2943 2952 2962 2953 2944 2953 2963 2954 2945 2954 2964 2955 2946 2955 2965 2956 2947 2956 2966 2957 2948 2957 2967 2958 2949 2958 2968 2959 2960 2969 2970 2961 2952 2961 2971 2962 2953 2962 2972 2963 2954 2963 2973 2964 2955 2964 2974 2965 2956 2965 2975 2966 2957 2966 2976 2967 2958 2967 2977 2968 2969 2978 2979 2970 2961 2970 2980 2971 2962 2971 2981 2972 2963 2972 2982 2973 2964 2973 2983 2974 2965 2974 2984 2975 2966 2975 2985 2976 2967 2976 2986 2977 2978 2987 2988 2979 2970 2979 2989 2980 2971 2980 2990 2981 2972 2981 2991 2982 2973 2982 2992 2983 2974 2983 2993 2984 2975 2984 2994 2985 2976 2985 2995 2986 2987 2996 2997 2988 2979 2988 2998 2989 2980 2989 2999 2990 2981 2990 3000 2991 2982 2991 3001 2992 2983 2992 3002 2993 2984 2993 3003 2994 2985 2994 3004 2995 2996 3005 3006 2997 2988 2997 3007 2998 2989 2998 3008 2999 2990 2999 3009 3000 2991 3000 3010 3001 2992 3001 3011 3002 2993 3002 3012 3003 2994 3003 3013 3004 3005 3014 3015 3006 2997 3006 3016 3007 2998 3007 3017 3008 2999 3008 3018 3009 3000 3009 3019 3010 3001 3010 3020 3011 3002 3011 3021 3012 3003 3012 3022 3013 3014 3023 3024 3015 3006 3015 3025 3016 3007 3016 3026 3017 3008 3017 3027 3018 3009 3018 3028 3019 3010 3019 3029 3020 3011 3020 3030 3021 3012 3021 3031 3022 3023 3032 3033 3024 3015 3024 3034 3025 3016 3025 3035 3026 3017 3026 3036 3027 3018 3027 3037 3028 3019 3028 3038 3029 3020 3029 3039 3030 3021 3030 3040 3031 3032 3041 3042 3033 3024 3033 3043 3034 3025 3034 3044 3035 3026 3035 3045 3036 3027 3036 3046 3037 3028 3037 3047 3038 3029 3038 3048 3039 3030 3039 3049 3040 3041 3050 3051 3042 3033 3042 3052 3043 3034 3043 3053 3044 3035 3044 3054 3045 3036 3045 3055 3046 3037 3046 3056 3047 3038 3047 3057 3048 3039 3048 3058 3049 3050 3059 3060 3051 3042 3051 3061 3052 3043 3052 3062 3053 3044 3053 3063 3054 3045 3054 3064 3055 3046 3055 3065 3056 3047 3056 3066 3057 3048 3057 3067 3058 3059 3068 3069 3060 3051 3060 3070 3061 3052 3061 3071 3062 3053 3062 3072 3063 3054 3063 3073 3064 3055 3064 3074 3065 3056 3065 3075 3066 3057 3066 3076 3067 3068 3077 3078 3069 3060 3069 3079 3070 3061 3070 3080 3071 3062 3071 3081 3072 3063 3072 3082 3073 3064 3073 3083 3074 3065 3074 3084 3075 3066 3075 3085 3076 3077 3086 3087 3078 3069 3078 3088 3079 3070 3079 3089 3080 3071 3080 3090 3081 3072 3081 3091 3082 3073 3082 3092 3083 3074 3083 3093 3084 3075 3084 3094 3085 3086 3095 3096 3087 3078 3087 3097 3088 3079 3088 3098 3089 3080 3089 3099 3090 3081 3090 3100 3091 3082 3091 3101 3092 3083 3092 3102 3093 3084 3093 3103 3094 3095 3104 3105 3096 3087 3096 3106 3097 3088 3097 3107 3098 3089 3098 3108 3099 3090 3099 3109 3100 3091 3100 3110 3101 3092 3101 3111 3102 3093 3102 3112 3103 3104 3113 3114 3105 3096 3105 3115 3106 3097 3106 3116 3107 3098 3107 3117 3108 3099 3108 3118 3109 3100 3109 3119 3110 3101 3110 3120 3111 3102 3111 3121 3112 3113 3122 3123 3114 3105 3114 3124 3115 3106 3115 3125 3116 3107 3116 3126 3117 3108 3117 3127 3118 3109 3118 3128 3119 3110 3119 3129 3120 3111 3120 3130 3121 3122 3131 3132 3123 3114 3123 3133 3124 3115 3124 3134 3125 3116 3125 3135 3126 3117 3126 3136 3127 3118 3127 3137 3128 3119 3128 3138 3129 3120 3129 3139 3130 3131 3140 3141 3132 3123 3132 3142 3133 3124 3133 3143 3134 3125 3134 3144 3135 3126 3135 3145 3136 3127 3136 3146 3137 3128 3137 3147 3138 3129 3138 3148 3139 3140 3149 3150 3141 3132 3141 3151 3142 3133 3142 3152 3143 3134 3143 3153 3144 3135 3144 3154 3145 3136 3145 3155 3146 3137 3146 3156 3147 3138 3147 3157 3148 3149 3158 3159 3150 3141 3150 3160 3151 3142 3151 3161 3152 3143 3152 3162 3153 3144 3153 3163 3154 3145 3154 3164 3155 3146 3155 3165 3156 3147 3156 3166 3157 3158 3167 3168 3159 3150 3159 3169 3160 3151 3160 3170 3161 3152 3161 3171 3162 3153 3162 3172 3163 3154 3163 3173 3164 3155 3164 3174 3165 3156 3165 3175 3166 3167 3176 3177 3168 3159 3168 3178 3169 3160 3169 3179 3170 3161 3170 3180 3171 3162 3171 3181 3172 3163 3172 3182 3173 3164 3173 3183 3174 3165 3174 3184 3175 3176 3185 3186 3177 3168 3177 3187 3178 3169 3178 3188 3179 3170 3179 3189 3180 3171 3180 3190 3181 3172 3181 3191 3182 3173 3182 3192 3183 3174 3183 3193 3184 3185 3194 3195 3186 3177 3186 3196 3187 3178 3187 3197 3188 3179 3188 3198 3189 3180 3189 3199 3190 3181 3190 3200 3191 3182 3191 3201 3192 3183 3192 3202 3193 3194 3203 3204 3195 3186 3195 3205 3196 3187 3196 3206 3197 3188 3197 3207 3198 3189 3198 3208 3199 3190 3199 3209 3200 3191 3200 3210 3201 3192 3201 3211 3202 3203 3212 3213 3204 3195 3204 3214 3205 3196 3205 3215 3206 3197 3206 3216 3207 3198 3207 3217 3208 3199 3208 3218 3209 3200 3209 3219 3210 3201 3210 3220 3211 3212 3221 3222 3213 3204 3213 3223 3214 3205 3214 3224 3215 3206 3215 3225 3216 3207 3216 3226 3217 3208 3217 3227 3218 3209 3218 3228 3219 3210 3219 3229 3220 3221 3230 3231 3222 3213 3222 3232 3223 3214 3223 3233 3224 3215 3224 3234 3225 3216 3225 3235 3226 3217 3226 3236 3227 3218 3227 3237 3228 3219 3228 3238 3229 3230 3239 3240 3231 3222 3231 3241 3232 3223 3232 3242 3233 3224 3233 3243 3234 3225 3234 3244 3235 3226 3235 3245 3236 3227 3236 3246 3237 3228 3237 3247 3238 3239 3248 3249 3240 3231 3240 3250 3241 3232 3241 3251 3242 3233 3242 3252 3243 3234 3243 3253 3244 3235 3244 3254 3245 3236 3245 3255 3246 3237 3246 3256 3247 3248 3257 3258 3249 3240 3249 3259 3250 3241 3250 3260 3251 3242 3251 3261 3252 3243 3252 3262 3253 3244 3253 3263 3254 3245 3254 3264 3255 3246 3255 3265 3256 3257 3266 3267 3258 3249 3258 3268 3259 3250 3259 3269 3260 3251 3260 3270 3261 3252 3261 3271 3262 3253 3262 3272 3263 3254 3263 3273 3264 3255 3264 3274 3265 3266 3275 3276 3267 3258 3267 3277 3268 3259 3268 3278 3269 3260 3269 3279 3270 3261 3270 3280 3271 3262 3271 3281 3272 3263 3272 3282 3273 3264 3273 3283 3274 3275 3284 3285 3276 3267 3276 3286 3277 3268 3277 3287 3278 3269 3278 3288 3279 3270 3279 3289 3280 3271 3280 3290 3281 3272 3281 3291 3282 3273 3282 3292 3283 3284 3293 3294 3285 3276 3285 3295 3286 3277 3286 3296 3287 3278 3287 3297 3288 3279 3288 3298 3289 3280 3289 3299 3290 3281 3290 3300 3291 3282 3291 3301 3292 3293 3302 3303 3294 3285 3294 3304 3295 3286 3295 3305 3296 3287 3296 3306 3297 3288 3297 3307 3298 3289 3298 3308 3299 3290 3299 3309 3300 3291 3300 3310 3301 3302 3311 3312 3303 3294 3303 3313 3304 3295 3304 3314 3305 3296 3305 3315 3306 3297 3306 3316 3307 3298 3307 3317 3308 3299 3308 3318 3309 3300 3309 3319 3310 3311 3320 3321 3312 3303 3312 3322 3313 3304 3313 3323 3314 3305 3314 3324 3315 3306 3315 3325 3316 3307 3316 3326 3317 3308 3317 3327 3318 3309 3318 3328 3319 3320 3329 3330 3321 3312 3321 3331 3322 3313 3322 3332 3323 3314 3323 3333 3324 3315 3324 3334 3325 3316 3325 3335 3326 3317 3326 3336 3327 3318 3327 3337 3328 3329 3338 3339 3330 3321 3330 3340 3331 3322 3331 3341 3332 3323 3332 3342 3333 3324 3333 3343 3334 3325 3334 3344 3335 3326 3335 3345 3336 3327 3336 3346 3337 3338 3347 3348 3339 3330 3339 3349 3340 3331 3340 3350 3341 3332 3341 3351 3342 3333 3342 3352 3343 3334 3343 3353 3344 3335 3344 3354 3345 3336 3345 3355 3346 3347 3356 3357 3348 3339 3348 3358 3349 3340 3349 3359 3350 3341 3350 3360 3351 3342 3351 3361 3352 3343 3352 3362 3353 3344 3353 3363 3354 3345 3354 3364 3355 3356 3365 3366 3357 3348 3357 3367 3358 3349 3358 3368 3359 3350 3359 3369 3360 3351 3360 3370 3361 3352 3361 3371 3362 3353 3362 3372 3363 3354 3363 3373 3364 3365 3374 3375 3366 3357 3366 3376 3367 3358 3367 3377 3368 3359 3368 3378 3369 3360 3369 3379 3370 3361 3370 3380 3371 3362 3371 3381 3372 3363 3372 3382 3373 3374 3383 3384 3375 3366 3375 3385 3376 3367 3376 3386 3377 3368 3377 3387 3378 3369 3378 3388 3379 3370 3379 3389 3380 3371 3380 3390 3381 3372 3381 3391 3382 3383 3392 3393 3384 3375 3384 3394 3385 3376 3385 3395 3386 3377 3386 3396 3387 3378 3387 3397 3388 3379 3388 3398 3389 3380 3389 3399 3390 3381 3390 3400 3391 3392 3401 3402 3393 3384 3393 3403 3394 3385 3394 3404 3395 3386 3395 3405 3396 3387 3396 3406 3397 3388 3397 3407 3398 3389 3398 3408 3399 3390 3399 3409 3400 3401 3410 3411 3402 3393 3402 3412 3403 3394 3403 3413 3404 3395 3404 3414 3405 3396 3405 3415 3406 3397 3406 3416 3407 3398 3407 3417 3408 3399 3408 3418 3409 3410 3419 3420 3411 3402 3411 3421 3412 3403 3412 3422 3413 3404 3413 3423 3414 3405 3414 3424 3415 3406 3415 3425 3416 3407 3416 3426 3417 3408 3417 3427 3418 3419 3428 3429 3420 3411 3420 3430 3421 3412 3421 3431 3422 3413 3422 3432 3423 3414 3423 3433 3424 3415 3424 3434 3425 3416 3425 3435 3426 3417 3426 3436 3427 3428 3437 3438 3429 3420 3429 3439 3430 3421 3430 3440 3431 3422 3431 3441 3432 3423 3432 3442 3433 3424 3433 3443 3434 3425 3434 3444 3435 3426 3435 3445 3436 3437 3446 3447 3438 3429 3438 3448 3439 3430 3439 3449 3440 3431 3440 3450 3441 3432 3441 3451 3442 3433 3442 3452 3443 3434 3443 3453 3444 3435 3444 3454 3445 3446 3455 3456 3447 3438 3447 3457 3448 3439 3448 3458 3449 3440 3449 3459 3450 3441 3450 3460 3451 3442 3451 3461 3452 3443 3452 3462 3453 3444 3453 3463 3454 3455 3464 3465 3456 3447 3456 3466 3457 3448 3457 3467 3458 3449 3458 3468 3459 3450 3459 3469 3460 3451 3460 3470 3461 3452 3461 3471 3462 3453 3462 3472 3463 3464 3473 3474 3465 3456 3465 3475 3466 3457 3466 3476 3467 3458 3467 3477 3468 3459 3468 3478 3469 3460 3469 3479 3470 3461 3470 3480 3471 3462 3471 3481 3472 3473 3482 3483 3474 3465 3474 3484 3475 3466 3475 3485 3476 3467 3476 3486 3477 3468 3477 3487 3478 3469 3478 3488 3479 3470 3479 3489 3480 3471 3480 3490 3481 3482 3491 3492 3483 3474 3483 3493 3484 3475 3484 3494 3485 3476 3485 3495 3486 3477 3486 3496 3487 3478 3487 3497 3488 3479 3488 3498 3489 3480 3489 3499 3490 3491 3500 3501 3492 3483 3492 3502 3493 3484 3493 3503 3494 3485 3494 3504 3495 3486 3495 3505 3496 3487 3496 3506 3497 3488 3497 3507 3498 3489 3498 3508 3499 3500 3509 3510 3501 3492 3501 3511 3502 3493 3502 3512 3503 3494 3503 3513 3504 3495 3504 3514 3505 3496 3505 3515 3506 3497 3506 3516 3507 3498 3507 3517 3508 3509 3518 3519 3510 3501 3510 3520 3511 3502 3511 3521 3512 3503 3512 3522 3513 3504 3513 3523 3514 3505 3514 3524 3515 3506 3515 3525 3516 3507 3516 3526 3517 3518 3527 3528 3519 3510 3519 3529 3520 3511 3520 3530 3521 3512 3521 3531 3522 3513 3522 3532 3523 3514 3523 3533 3524 3515 3524 3534 3525 3516 3525 3535 3526 3527 3536 3537 3528 3519 3528 3538 3529 3520 3529 3539 3530 3521 3530 3540 3531 3522 3531 3541 3532 3523 3532 3542 3533 3524 3533 3543 3534 3525 3534 3544 3535 3536 3545 3546 3537 3528 3537 3547 3538 3529 3538 3548 3539 3530 3539 3549 3540 3531 3540 3550 3541 3532 3541 3551 3542 3533 3542 3552 3543 3534 3543 3553 3544 3545 3554 3555 3546 3537 3546 3556 3547 3538 3547 3557 3548 3539 3548 3558 3549 3540 3549 3559 3550 3541 3550 3560 3551 3542 3551 3561 3552 3543 3552 3562 3553 3554 3563 3564 3555 3546 3555 3565 3556 3547 3556 3566 3557 3548 3557 3567 3558 3549 3558 3568 3559 3550 3559 3569 3560 3551 3560 3570 3561 3552 3561 3571 3562 3563 3572 3573 3564 3555 3564 3574 3565 3556 3565 3575 3566 3557 3566 3576 3567 3558 3567 3577 3568 3559 3568 3578 3569 3560 3569 3579 3570 3561 3570 3580 3571 3564 3573 3581 3574 3565 3574 3582 3575 3566 3575 3583 3576 3567 3576 3584 3577 3568 3577 3585 3578 3569 3578 3586 3579 3570 3579 3587 3580 3574 3581 3588 3582 3575 3582 3589 3583 3576 3583 3590 3584 3577 3584 3591 3585 3578 3585 3592 3586 3579 3586 3593 3587 3582 3588 3594 3589 3583 3589 3595 3590 3584 3590 3596 3591 3585 3591 3597 3592 3586 3592 3598 3593 3589 3594 3599 3595 3590 3595 3600 3596 3591 3596 3601 3597 3592 3597 3602 3598 3595 3599 3603 3600 3596 3600 3604 3601 3597 3601 3605 3602 3600 3603 3606 3604 3601 3604 3607 3605 3604 3606 3608 3607 3609 3610 3612 3611 3610 3613 3614 3612 3611 3612 3616 3615 3613 3617 3618 3614 3612 3614 3619 3616 3615 3616 3621 3620 3617 3622 3623 3618 3614 3618 3624 3619 3616 3619 3625 3621 3620 3621 3627 3626 3622 3628 3629 3623 3618 3623 3630 3624 3619 3624 3631 3625 3621 3625 3632 3627 3626 3627 3634 3633 3628 3635 3636 3629 3623 3629 3637 3630 3624 3630 3638 3631 3625 3631 3639 3632 3627 3632 3640 3634 3633 3634 3642 3641 3635 3643 3644 3636 3629 3636 3645 3637 3630 3637 3646 3638 3631 3638 3647 3639 3632 3639 3648 3640 3634 3640 3649 3642 3641 3642 3651 3650 3643 3652 3653 3644 3636 3644 3654 3645 3637 3645 3655 3646 3638 3646 3656 3647 3639 3647 3657 3648 3640 3648 3658 3649 3642 3649 3659 3651 3650 3651 3661 3660 3652 3662 3663 3653 3644 3653 3664 3654 3645 3654 3665 3655 3646 3655 3666 3656 3647 3656 3667 3657 3648 3657 3668 3658 3649 3658 3669 3659 3651 3659 3670 3661 3662 3671 3672 3663 3653 3663 3673 3664 3654 3664 3674 3665 3655 3665 3675 3666 3656 3666 3676 3667 3657 3667 3677 3668 3658 3668 3678 3669 3659 3669 3679 3670 3671 3680 3681 3672 3663 3672 3682 3673 3664 3673 3683 3674 3665 3674 3684 3675 3666 3675 3685 3676 3667 3676 3686 3677 3668 3677 3687 3678 3669 3678 3688 3679 3680 3689 3690 3681 3672 3681 3691 3682 3673 3682 3692 3683 3674 3683 3693 3684 3675 3684 3694 3685 3676 3685 3695 3686 3677 3686 3696 3687 3678 3687 3697 3688 3689 3698 3699 3690 3681 3690 3700 3691 3682 3691 3701 3692 3683 3692 3702 3693 3684 3693 3703 3694 3685 3694 3704 3695 3686 3695 3705 3696 3687 3696 3706 3697 3698 3707 3708 3699 3690 3699 3709 3700 3691 3700 3710 3701 3692 3701 3711 3702 3693 3702 3712 3703 3694 3703 3713 3704 3695 3704 3714 3705 3696 3705 3715 3706 3707 3716 3717 3708 3699 3708 3718 3709 3700 3709 3719 3710 3701 3710 3720 3711 3702 3711 3721 3712 3703 3712 3722 3713 3704 3713 3723 3714 3705 3714 3724 3715 3716 3725 3726 3717 3708 3717 3727 3718 3709 3718 3728 3719 3710 3719 3729 3720 3711 3720 3730 3721 3712 3721 3731 3722 3713 3722 3732 3723 3714 3723 3733 3724 3725 3734 3735 3726 3717 3726 3736 3727 3718 3727 3737 3728 3719 3728 3738 3729 3720 3729 3739 3730 3721 3730 3740 3731 3722 3731 3741 3732 3723 3732 3742 3733 3734 3743 3744 3735 3726 3735 3745 3736 3727 3736 3746 3737 3728 3737 3747 3738 3729 3738 3748 3739 3730 3739 3749 3740 3731 3740 3750 3741 3732 3741 3751 3742 3743 3752 3753 3744 3735 3744 3754 3745 3736 3745 3755 3746 3737 3746 3756 3747 3738 3747 3757 3748 3739 3748 3758 3749 3740 3749 3759 3750 3741 3750 3760 3751 3752 3761 3762 3753 3744 3753 3763 3754 3745 3754 3764 3755 3746 3755 3765 3756 3747 3756 3766 3757 3748 3757 3767 3758 3749 3758 3768 3759 3750 3759 3769 3760 3761 3770 3771 3762 3753 3762 3772 3763 3754 3763 3773 3764 3755 3764 3774 3765 3756 3765 3775 3766 3757 3766 3776 3767 3758 3767 3777 3768 3759 3768 3778 3769 3770 3779 3780 3771 3762 3771 3781 3772 3763 3772 3782 3773 3764 3773 3783 3774 3765 3774 3784 3775 3766 3775 3785 3776 3767 3776 3786 3777 3768 3777 3787 3778 3779 3788 3789 3780 3771 3780 3790 3781 3772 3781 3791 3782 3773 3782 3792 3783 3774 3783 3793 3784 3775 3784 3794 3785 3776 3785 3795 3786 3777 3786 3796 3787 3788 3797 3798 3789 3780 3789 3799 3790 3781 3790 3800 3791 3782 3791 3801 3792 3783 3792 3802 3793 3784 3793 3803 3794 3785 3794 3804 3795 3786 3795 3805 3796 3797 3806 3807 3798 3789 3798 3808 3799 3790 3799 3809 3800 3791 3800 3810 3801 3792 3801 3811 3802 3793 3802 3812 3803 3794 3803 3813 3804 3795 3804 3814 3805 3806 3815 3816 3807 3798 3807 3817 3808 3799 3808 3818 3809 3800 3809 3819 3810 3801 3810 3820 3811 3802 3811 3821 3812 3803 3812 3822 3813 3804 3813 3823 3814 3815 3824 3825 3816 3807 3816 3826 3817 3808 3817 3827 3818 3809 3818 3828 3819 3810 3819 3829 3820 3811 3820 3830 3821 3812 3821 3831 3822 3813 3822 3832 3823 3824 3833 3834 3825 3816 3825 3835 3826 3817 3826 3836 3827 3818 3827 3837 3828 3819 3828 3838 3829 3820 3829 3839 3830 3821 3830 3840 3831 3822 3831 3841 3832 3833 3842 3843 3834 3825 3834 3844 3835 3826 3835 3845 3836 3827 3836 3846 3837 3828 3837 3847 3838 3829 3838 3848 3839 3830 3839 3849 3840 3831 3840 3850 3841 3842 3851 3852 3843 3834 3843 3853 3844 3835 3844 3854 3845 3836 3845 3855 3846 3837 3846 3856 3847 3838 3847 3857 3848 3839 3848 3858 3849 3840 3849 3859 3850 3851 3860 3861 3852 3843 3852 3862 3853 3844 3853 3863 3854 3845 3854 3864 3855 3846 3855 3865 3856 3847 3856 3866 3857 3848 3857 3867 3858 3849 3858 3868 3859 3860 3869 3870 3861 3852 3861 3871 3862 3853 3862 3872 3863 3854 3863 3873 3864 3855 3864 3874 3865 3856 3865 3875 3866 3857 3866 3876 3867 3858 3867 3877 3868 3869 3878 3879 3870 3861 3870 3880 3871 3862 3871 3881 3872 3863 3872 3882 3873 3864 3873 3883 3874 3865 3874 3884 3875 3866 3875 3885 3876 3867 3876 3886 3877 3878 3887 3888 3879 3870 3879 3889 3880 3871 3880 3890 3881 3872 3881 3891 3882 3873 3882 3892 3883 3874 3883 3893 3884 3875 3884 3894 3885 3876 3885 3895 3886 3887 3896 3897 3888 3879 3888 3898 3889 3880 3889 3899 3890 3881 3890 3900 3891 3882 3891 3901 3892 3883 3892 3902 3893 3884 3893 3903 3894 3885 3894 3904 3895 3896 3905 3906 3897 3888 3897 3907 3898 3889 3898 3908 3899 3890 3899 3909 3900 3891 3900 3910 3901 3892 3901 3911 3902 3893 3902 3912 3903 3894 3903 3913 3904 3905 3914 3915 3906 3897 3906 3916 3907 3898 3907 3917 3908 3899 3908 3918 3909 3900 3909 3919 3910 3901 3910 3920 3911 3902 3911 3921 3912 3903 3912 3922 3913 3914 3923 3924 3915 3906 3915 3925 3916 3907 3916 3926 3917 3908 3917 3927 3918 3909 3918 3928 3919 3910 3919 3929 3920 3911 3920 3930 3921 3912 3921 3931 3922 3923 3932 3933 3924 3915 3924 3934 3925 3916 3925 3935 3926 3917 3926 3936 3927 3918 3927 3937 3928 3919 3928 3938 3929 3920 3929 3939 3930 3921 3930 3940 3931 3932 3941 3942 3933 3924 3933 3943 3934 3925 3934 3944 3935 3926 3935 3945 3936 3927 3936 3946 3937 3928 3937 3947 3938 3929 3938 3948 3939 3930 3939 3949 3940 3941 3950 3951 3942 3933 3942 3952 3943 3934 3943 3953 3944 3935 3944 3954 3945 3936 3945 3955 3946 3937 3946 3956 3947 3938 3947 3957 3948 3939 3948 3958 3949 3950 3959 3960 3951 3942 3951 3961 3952 3943 3952 3962 3953 3944 3953 3963 3954 3945 3954 3964 3955 3946 3955 3965 3956 3947 3956 3966 3957 3948 3957 3967 3958 3959 3968 3969 3960 3951 3960 3970 3961 3952 3961 3971 3962 3953 3962 3972 3963 3954 3963 3973 3964 3955 3964 3974 3965 3956 3965 3975 3966 3957 3966 3976 3967 3968 3977 3978 3969 3960 3969 3979 3970 3961 3970 3980 3971 3962 3971 3981 3972 3963 3972 3982 3973 3964 3973 3983 3974 3965 3974 3984 3975 3966 3975 3985 3976 3977 3986 3987 3978 3969 3978 3988 3979 3970 3979 3989 3980 3971 3980 3990 3981 3972 3981 3991 3982 3973 3982 3992 3983 3974 3983 3993 3984 3975 3984 3994 3985 3986 3995 3996 3987 3978 3987 3997 3988 3979 3988 3998 3989 3980 3989 3999 3990 3981 3990 4000 3991 3982 3991 4001 3992 3983 3992 4002 3993 3984 3993 4003 3994 3995 4004 4005 3996 3987 3996 4006 3997 3988 3997 4007 3998 3989 3998 4008 3999 3990 3999 4009 4000 3991 4000 4010 4001 3992 4001 4011 4002 3993 4002 4012 4003 4004 4013 4014 4005 3996 4005 4015 4006 3997 4006 4016 4007 3998 4007 4017 4008 3999 4008 4018 4009 4000 4009 4019 4010 4001 4010 4020 4011 4002 4011 4021 4012 4013 4022 4023 4014 4005 4014 4024 4015 4006 4015 4025 4016 4007 4016 4026 4017 4008 4017 4027 4018 4009 4018 4028 4019 4010 4019 4029 4020 4011 4020 4030 4021 4022 4031 4032 4023 4014 4023 4033 4024 4015 4024 4034 4025 4016 4025 4035 4026 4017 4026 4036 4027 4018 4027 4037 4028 4019 4028 4038 4029 4020 4029 4039 4030 4031 4040 4041 4032 4023 4032 4042 4033 4024 4033 4043 4034 4025 4034 4044 4035 4026 4035 4045 4036 4027 4036 4046 4037 4028 4037 4047 4038 4029 4038 4048 4039 4040 4049 4050 4041 4032 4041 4051 4042 4033 4042 4052 4043 4034 4043 4053 4044 4035 4044 4054 4045 4036 4045 4055 4046 4037 4046 4056 4047 4038 4047 4057 4048 4049 4058 4059 4050 4041 4050 4060 4051 4042 4051 4061 4052 4043 4052 4062 4053 4044 4053 4063 4054 4045 4054 4064 4055 4046 4055 4065 4056 4047 4056 4066 4057 4058 4067 4068 4059 4050 4059 4069 4060 4051 4060 4070 4061 4052 4061 4071 4062 4053 4062 4072 4063 4054 4063 4073 4064 4055 4064 4074 4065 4056 4065 4075 4066 4067 4076 4077 4068 4059 4068 4078 4069 4060 4069 4079 4070 4061 4070 4080 4071 4062 4071 4081 4072 4063 4072 4082 4073 4064 4073 4083 4074 4065 4074 4084 4075 4076 4085 4086 4077 4068 4077 4087 4078 4069 4078 4088 4079 4070 4079 4089 4080 4071 4080 4090 4081 4072 4081 4091 4082 4073 4082 4092 4083 4074 4083 4093 4084 4085 4094 4095 4086 4077 4086 4096 4087 4078 4087 4097 4088 4079 4088 4098 4089 4080 4089 4099 4090 4081 4090 4100 4091 4082 4091 4101 4092 4083 4092 4102 4093 4094 4103 4104 4095 4086 4095 4105 4096 4087 4096 4106 4097 4088 4097 4107 4098 4089 4098 4108 4099 4090 4099 4109 4100 4091 4100 4110 4101 4092 4101 4111 4102 4103 4112 4113 4104 4095 4104 4114 4105 4096 4105 4115 4106 4097 4106 4116 4107 4098 4107 4117 4108 4099 4108 4118 4109 4100 4109 4119 4110 4101 4110 4120 4111 4112 4121 4122 4113 4104 4113 4123 4114 4105 4114 4124 4115 4106 4115 4125 4116 4107 4116 4126 4117 4108 4117 4127 4118 4109 4118 4128 4119 4110 4119 4129 4120 4121 4130 4131 4122 4113 4122 4132 4123 4114 4123 4133 4124 4115 4124 4134 4125 4116 4125 4135 4126 4117 4126 4136 4127 4118 4127 4137 4128 4119 4128 4138 4129 4130 4139 4140 4131 4122 4131 4141 4132 4123 4132 4142 4133 4124 4133 4143 4134 4125 4134 4144 4135 4126 4135 4145 4136 4127 4136 4146 4137 4128 4137 4147 4138 4139 4148 4149 4140 4131 4140 4150 4141 4132 4141 4151 4142 4133 4142 4152 4143 4134 4143 4153 4144 4135 4144 4154 4145 4136 4145 4155 4146 4137 4146 4156 4147 4148 4157 4158 4149 4140 4149 4159 4150 4141 4150 4160 4151 4142 4151 4161 4152 4143 4152 4162 4153 4144 4153 4163 4154 4145 4154 4164 4155 4146 4155 4165 4156 4157 4166 4167 4158 4149 4158 4168 4159 4150 4159 4169 4160 4151 4160 4170 4161 4152 4161 4171 4162 4153 4162 4172 4163 4154 4163 4173 4164 4155 4164 4174 4165 4166 4175 4176 4167 4158 4167 4177 4168 4159 4168 4178 4169 4160 4169 4179 4170 4161 4170 4180 4171 4162 4171 4181 4172 4163 4172 4182 4173 4164 4173 4183 4174 4175 4184 4185 4176 4167 4176 4186 4177 4168 4177 4187 4178 4169 4178 4188 4179 4170 4179 4189 4180 4171 4180 4190 4181 4172 4181 4191 4182 4173 4182 4192 4183 4184 4193 4194 4185 4176 4185 4195 4186 4177 4186 4196 4187 4178 4187 4197 4188 4179 4188 4198 4189 4180 4189 4199 4190 4181 4190 4200 4191 4182 4191 4201 4192 4193 4202 4203 4194 4185 4194 4204 4195 4186 4195 4205 4196 4187 4196 4206 4197 4188 4197 4207 4198 4189 4198 4208 4199 4190 4199 4209 4200 4191 4200 4210 4201 4202 4211 4212 4203 4194 4203 4213 4204 4195 4204 4214 4205 4196 4205 4215 4206 4197 4206 4216 4207 4198 4207 4217 4208 4199 4208 4218 4209 4200 4209 4219 4210 4211 4220 4221 4212 4203 4212 4222 4213 4204 4213 4223 4214 4205 4214 4224 4215 4206 4215 4225 4216 4207 4216 4226 4217 4208 4217 4227 4218 4209 4218 4228 4219 4220 4229 4230 4221 4212 4221 4231 4222 4213 4222 4232 4223 4214 4223 4233 4224 4215 4224 4234 4225 4216 4225 4235 4226 4217 4226 4236 4227 4218 4227 4237 4228 4229 4238 4239 4230 4221 4230 4240 4231 4222 4231 4241 4232 4223 4232 4242 4233 4224 4233 4243 4234 4225 4234 4244 4235 4226 4235 4245 4236 4227 4236 4246 4237 4238 4247 4248 4239 4230 4239 4249 4240 4231 4240 4250 4241 4232 4241 4251 4242 4233 4242 4252 4243 4234 4243 4253 4244 4235 4244 4254 4245 4236 4245 4255 4246 4247 4256 4257 4248 4239 4248 4258 4249 4240 4249 4259 4250 4241 4250 4260 4251 4242 4251 4261 4252 4243 4252 4262 4253 4244 4253 4263 4254 4245 4254 4264 4255 4256 4265 4266 4257 4248 4257 4267 4258 4249 4258 4268 4259 4250 4259 4269 4260 4251 4260 4270 4261 4252 4261 4271 4262 4253 4262 4272 4263 4254 4263 4273 4264 4265 4274 4275 4266 4257 4266 4276 4267 4258 4267 4277 4268 4259 4268 4278 4269 4260 4269 4279 4270 4261 4270 4280 4271 4262 4271 4281 4272 4263 4272 4282 4273 4274 4283 4284 4275 4266 4275 4285 4276 4267 4276 4286 4277 4268 4277 4287 4278 4269 4278 4288 4279 4270 4279 4289 4280 4271 4280 4290 4281 4272 4281 4291 4282 4283 4292 4293 4284 4275 4284 4294 4285 4276 4285 4295 4286 4277 4286 4296 4287 4278 4287 4297 4288 4279 4288 4298 4289 4280 4289 4299 4290 4281 4290 4300 4291 4292 4301 4302 4293 4284 4293 4303 4294 4285 4294 4304 4295 4286 4295 4305 4296 4287 4296 4306 4297 4288 4297 4307 4298 4289 4298 4308 4299 4290 4299 4309 4300 4301 4310 4311 4302 4293 4302 4312 4303 4294 4303 4313 4304 4295 4304 4314 4305 4296 4305 4315 4306 4297 4306 4316 4307 4298 4307 4317 4308 4299 4308 4318 4309 4310 4319 4320 4311 4302 4311 4321 4312 4303 4312 4322 4313 4304 4313 4323 4314 4305 4314 4324 4315 4306 4315 4325 4316 4307 4316 4326 4317 4308 4317 4327 4318 4319 4328 4329 4320 4311 4320 4330 4321 4312 4321 4331 4322 4313 4322 4332 4323 4314 4323 4333 4324 4315 4324 4334 4325 4316 4325 4335 4326 4317 4326 4336 4327 4328 4337 4338 4329 4320 4329 4339 4330 4321 4330 4340 4331 4322 4331 4341 4332 4323 4332 4342 4333 4324 4333 4343 4334 4325 4334 4344 4335 4326 4335 4345 4336 4337 4346 4347 4338 4329 4338 4348 4339 4330 4339 4349 4340 4331 4340 4350 4341 4332 4341 4351 4342 4333 4342 4352 4343 4334 4343 4353 4344 4335 4344 4354 4345 4346 4355 4356 4347 4338 4347 4357 4348 4339 4348 4358 4349 4340 4349 4359 4350 4341 4350 4360 4351 4342 4351 4361 4352 4343 4352 4362 4353 4344 4353 4363 4354 4355 4364 4365 4356 4347 4356 4366 4357 4348 4357 4367 4358 4349 4358 4368 4359 4350 4359 4369 4360 4351 4360 4370 4361 4352 4361 4371 4362 4353 4362 4372 4363 4364 4373 4374 4365 4356 4365 4375 4366 4357 4366 4376 4367 4358 4367 4377 4368 4359 4368 4378 4369 4360 4369 4379 4370 4361 4370 4380 4371 4362 4371 4381 4372 4373 4382 4383 4374 4365 4374 4384 4375 4366 4375 4385 4376 4367 4376 4386 4377 4368 4377 4387 4378 4369 4378 4388 4379 4370 4379 4389 4380 4371 4380 4390 4381 4382 4391 4392 4383 4374 4383 4393 4384 4375 4384 4394 4385 4376 4385 4395 4386 4377 4386 4396 4387 4378 4387 4397 4388 4379 4388 4398 4389 4380 4389 4399 4390 4391 4400 4401 4392 4383 4392 4402 4393 4384 4393 4403 4394 4385 4394 4404 4395 4386 4395 4405 4396 4387 4396 4406 4397 4388 4397 4407 4398 4389 4398 4408 4399 4400 4409 4410 4401 4392 4401 4411 4402 4393 4402 4412 4403 4394 4403 4413 4404 4395 4404 4414 4405 4396 4405 4415 4406 4397 4406 4416 4407 4398 4407 4417 4408 4409 4418 4419 4410 4401 4410 4420 4411 4402 4411 4421 4412 4403 4412 4422 4413 4404 4413 4423 4414 4405 4414 4424 4415 4406 4415 4425 4416 4407 4416 4426 4417 4418 4427 4428 4419 4410 4419 4429 4420 4411 4420 4430 4421 4412 4421 4431 4422 4413 4422 4432 4423 4414 4423 4433 4424 4415 4424 4434 4425 4416 4425 4435 4426 4427 4436 4437 4428 4419 4428 4438 4429 4420 4429 4439 4430 4421 4430 4440 4431 4422 4431 4441 4432 4423 4432 4442 4433 4424 4433 4443 4434 4425 4434 4444 4435 4436 4445 4446 4437 4428 4437 4447 4438 4429 4438 4448 4439 4430 4439 4449 4440 4431 4440 4450 4441 4432 4441 4451 4442 4433 4442 4452 4443 4434 4443 4453 4444 4445 4454 4455 4446 4437 4446 4456 4447 4438 4447 4457 4448 4439 4448 4458 4449 4440 4449 4459 4450 4441 4450 4460 4451 4442 4451 4461 4452 4443 4452 4462 4453 4454 4463 4464 4455 4446 4455 4465 4456 4447 4456 4466 4457 4448 4457 4467 4458 4449 4458 4468 4459 4450 4459 4469 4460 4451 4460 4470 4461 4452 4461 4471 4462 4463 4472 4473 4464 4455 4464 4474 4465 4456 4465 4475 4466 4457 4466 4476 4467 4458 4467 4477 4468 4459 4468 4478 4469 4460 4469 4479 4470 4461 4470 4480 4471 4472 4481 4482 4473 4464 4473 4483 4474 4465 4474 4484 4475 4466 4475 4485 4476 4467 4476 4486 4477 4468 4477 4487 4478 4469 4478 4488 4479 4470 4479 4489 4480 4481 4490 4491 4482 4473 4482 4492 4483 4474 4483 4493 4484 4475 4484 4494 4485 4476 4485 4495 4486 4477 4486 4496 4487 4478 4487 4497 4488 4479 4488 4498 4489 4490 4499 4500 4491 4482 4491 4501 4492 4483 4492 4502 4493 4484 4493 4503 4494 4485 4494 4504 4495 4486 4495 4505 4496 4487 4496 4506 4497 4488 4497 4507 4498 4499 4508 4509 4500 4491 4500 4510 4501 4492 4501 4511 4502 4493 4502 4512 4503 4494 4503 4513 4504 4495 4504 4514 4505 4496 4505 4515 4506 4497 4506 4516 4507 4508 4517 4518 4509 4500 4509 4519 4510 4501 4510 4520 4511 4502 4511 4521 4512 4503 4512 4522 4513 4504 4513 4523 4514 4505 4514 4524 4515 4506 4515 4525 4516 4517 4526 4527 4518 4509 4518 4528 4519 4510 4519 4529 4520 4511 4520 4530 4521 4512 4521 4531 4522 4513 4522 4532 4523 4514 4523 4533 4524 4515 4524 4534 4525 4526 4535 4536 4527 4518 4527 4537 4528 4519 4528 4538 4529 4520 4529 4539 4530 4521 4530 4540 4531 4522 4531 4541 4532 4523 4532 4542 4533 4524 4533 4543 4534 4535 4544 4545 4536 4527 4536 4546 4537 4528 4537 4547 4538 4529 4538 4548 4539 4530 4539 4549 4540 4531 4540 4550 4541 4532 4541 4551 4542 4533 4542 4552 4543 4544 4553 4554 4545 4536 4545 4555 4546 4537 4546 4556 4547 4538 4547 4557 4548 4539 4548 4558 4549 4540 4549 4559 4550 4541 4550 4560 4551 4542 4551 4561 4552 4553 4562 4563 4554 4545 4554 4564 4555 4546 4555 4565 4556 4547 4556 4566 4557 4548 4557 4567 4558 4549 4558 4568 4559 4550 4559 4569 4560 4551 4560 4570 4561 4562 4571 4572 4563 4554 4563 4573 4564 4555 4564 4574 4565 4556 4565 4575 4566 4557 4566 4576 4567 4558 4567 4577 4568 4559 4568 4578 4569 4560 4569 4579 4570 4571 4580 4581 4572 4563 4572 4582 4573 4564 4573 4583 4574 4565 4574 4584 4575 4566 4575 4585 4576 4567 4576 4586 4577 4568 4577 4587 4578 4569 4578 4588 4579 4580 4589 4590 4581 4572 4581 4591 4582 4573 4582 4592 4583 4574 4583 4593 4584 4575 4584 4594 4585 4576 4585 4595 4586 4577 4586 4596 4587 4578 4587 4597 4588 4589 4598 4599 4590 4581 4590 4600 4591 4582 4591 4601 4592 4583 4592 4602 4593 4584 4593 4603 4594 4585 4594 4604 4595 4586 4595 4605 4596 4587 4596 4606 4597 4598 4607 4608 4599 4590 4599 4609 4600 4591 4600 4610 4601 4592 4601 4611 4602 4593 4602 4612 4603 4594 4603 4613 4604 4595 4604 4614 4605 4596 4605 4615 4606 4607 4616 4617 4608 4599 4608 4618 4609 4600 4609 4619 4610 4601 4610 4620 4611 4602 4611 4621 4612 4603 4612 4622 4613 4604 4613 4623 4614 4605 4614 4624 4615 4616 4625 4626 4617 4608 4617 4627 4618 4609 4618 4628 4619 4610 4619 4629 4620 4611 4620 4630 4621 4612 4621 4631 4622 4613 4622 4632 4623 4614 4623 4633 4624 4625 4634 4635 4626 4617 4626 4636 4627 4618 4627 4637 4628 4619 4628 4638 4629 4620 4629 4639 4630 4621 4630 4640 4631 4622 4631 4641 4632 4623 4632 4642 4633 4634 4643 4644 4635 4626 4635 4645 4636 4627 4636 4646 4637 4628 4637 4647 4638 4629 4638 4648 4639 4630 4639 4649 4640 4631 4640 4650 4641 4632 4641 4651 4642 4643 4652 4653 4644 4635 4644 4654 4645 4636 4645 4655 4646 4637 4646 4656 4647 4638 4647 4657 4648 4639 4648 4658 4649 4640 4649 4659 4650 4641 4650 4660 4651 4652 4661 4662 4653 4644 4653 4663 4654 4645 4654 4664 4655 4646 4655 4665 4656 4647 4656 4666 4657 4648 4657 4667 4658 4649 4658 4668 4659 4650 4659 4669 4660 4661 4670 4671 4662 4653 4662 4672 4663 4654 4663 4673 4664 4655 4664 4674 4665 4656 4665 4675 4666 4657 4666 4676 4667 4658 4667 4677 4668 4659 4668 4678 4669 4670 4679 4680 4671 4662 4671 4681 4672 4663 4672 4682 4673 4664 4673 4683 4674 4665 4674 4684 4675 4666 4675 4685 4676 4667 4676 4686 4677 4668 4677 4687 4678 4679 4688 4689 4680 4671 4680 4690 4681 4672 4681 4691 4682 4673 4682 4692 4683 4674 4683 4693 4684 4675 4684 4694 4685 4676 4685 4695 4686 4677 4686 4696 4687 4688 4697 4698 4689 4680 4689 4699 4690 4681 4690 4700 4691 4682 4691 4701 4692 4683 4692 4702 4693 4684 4693 4703 4694 4685 4694 4704 4695 4686 4695 4705 4696 4697 4706 4707 4698 4689 4698 4708 4699 4690 4699 4709 4700 4691 4700 4710 4701 4692 4701 4711 4702 4693 4702 4712 4703 4694 4703 4713 4704 4695 4704 4714 4705 4706 4715 4716 4707 4698 4707 4717 4708 4699 4708 4718 4709 4700 4709 4719 4710 4701 4710 4720 4711 4702 4711 4721 4712 4703 4712 4722 4713 4704 4713 4723 4714 4715 4724 4725 4716 4707 4716 4726 4717 4708 4717 4727 4718 4709 4718 4728 4719 4710 4719 4729 4720 4711 4720 4730 4721 4712 4721 4731 4722 4713 4722 4732 4723 4724 4733 4734 4725 4716 4725 4735 4726 4717 4726 4736 4727 4718 4727 4737 4728 4719 4728 4738 4729 4720 4729 4739 4730 4721 4730 4740 4731 4722 4731 4741 4732 4733 4742 4743 4734 4725 4734 4744 4735 4726 4735 4745 4736 4727 4736 4746 4737 4728 4737 4747 4738 4729 4738 4748 4739 4730 4739 4749 4740 4731 4740 4750 4741 4742 4751 4752 4743 4734 4743 4753 4744 4735 4744 4754 4745 4736 4745 4755 4746 4737 4746 4756 4747 4738 4747 4757 4748 4739 4748 4758 4749 4740 4749 4759 4750 4751 4760 4761 4752 4743 4752 4762 4753 4744 4753 4763 4754 4745 4754 4764 4755 4746 4755 4765 4756 4747 4756 4766 4757 4748 4757 4767 4758 4749 4758 4768 4759 4760 4769 4770 4761 4752 4761 4771 4762 4753 4762 4772 4763 4754 4763 4773 4764 4755 4764 4774 4765 4756 4765 4775 4766 4757 4766 4776 4767 4758 4767 4777 4768 4769 4778 4779 4770 4761 4770 4780 4771 4762 4771 4781 4772 4763 4772 4782 4773 4764 4773 4783 4774 4765 4774 4784 4775 4766 4775 4785 4776 4767 4776 4786 4777 4778 4787 4788 4779 4770 4779 4789 4780 4771 4780 4790 4781 4772 4781 4791 4782 4773 4782 4792 4783 4774 4783 4793 4784 4775 4784 4794 4785 4776 4785 4795 4786 4787 4796 4797 4788 4779 4788 4798 4789 4780 4789 4799 4790 4781 4790 4800 4791 4782 4791 4801 4792 4783 4792 4802 4793 4784 4793 4803 4794 4785 4794 4804 4795 4796 4805 4806 4797 4788 4797 4807 4798 4789 4798 4808 4799 4790 4799 4809 4800 4791 4800 4810 4801 4792 4801 4811 4802 4793 4802 4812 4803 4794 4803 4813 4804 4805 4814 4815 4806 4797 4806 4816 4807 4798 4807 4817 4808 4799 4808 4818 4809 4800 4809 4819 4810 4801 4810 4820 4811 4802 4811 4821 4812 4803 4812 4822 4813 4814 4823 4824 4815 4806 4815 4825 4816 4807 4816 4826 4817 4808 4817 4827 4818 4809 4818 4828 4819 4810 4819 4829 4820 4811 4820 4830 4821 4812 4821 4831 4822 4823 4832 4833 4824 4815 4824 4834 4825 4816 4825 4835 4826 4817 4826 4836 4827 4818 4827 4837 4828 4819 4828 4838 4829 4820 4829 4839 4830 4821 4830 4840 4831 4832 4841 4842 4833 4824 4833 4843 4834 4825 4834 4844 4835 4826 4835 4845 4836 4827 4836 4846 4837 4828 4837 4847 4838 4829 4838 4848 4839 4830 4839 4849 4840 4841 4850 4851 4842 4833 4842 4852 4843 4834 4843 4853 4844 4835 4844 4854 4845 4836 4845 4855 4846 4837 4846 4856 4847 4838 4847 4857 4848 4839 4848 4858 4849 4850 4859 4860 4851 4842 4851 4861 4852 4843 4852 4862 4853 4844 4853 4863 4854 4845 4854 4864 4855 4846 4855 4865 4856 4847 4856 4866 4857 4848 4857 4867 4858 4859 4868 4869 4860 4851 4860 4870 4861 4852 4861 4871 4862 4853 4862 4872 4863 4854 4863 4873 4864 4855 4864 4874 4865 4856 4865 4875 4866 4857 4866 4876 4867 4868 4877 4878 4869 4860 4869 4879 4870 4861 4870 4880 4871 4862 4871 4881 4872 4863 4872 4882 4873 4864 4873 4883 4874 4865 4874 4884 4875 4866 4875 4885 4876 4877 4886 4887 4878 4869 4878 4888 4879 4870 4879 4889 4880 4871 4880 4890 4881 4872 4881 4891 4882 4873 4882 4892 4883 4874 4883 4893 4884 4875 4884 4894 4885 4886 4895 4896 4887 4878 4887 4897 4888 4879 4888 4898 4889 4880 4889 4899 4890 4881 4890 4900 4891 4882 4891 4901 4892 4883 4892 4902 4893 4884 4893 4903 4894 4895 4904 4905 4896 4887 4896 4906 4897 4888 4897 4907 4898 4889 4898 4908 4899 4890 4899 4909 4900 4891 4900 4910 4901 4892 4901 4911 4902 4893 4902 4912 4903 4904 4913 4914 4905 4896 4905 4915 4906 4897 4906 4916 4907 4898 4907 4917 4908 4899 4908 4918 4909 4900 4909 4919 4910 4901 4910 4920 4911 4902 4911 4921 4912 4913 4922 4923 4914 4905 4914 4924 4915 4906 4915 4925 4916 4907 4916 4926 4917 4908 4917 4927 4918 4909 4918 4928 4919 4910 4919 4929 4920 4911 4920 4930 4921 4922 4931 4932 4923 4914 4923 4933 4924 4915 4924 4934 4925 4916 4925 4935 4926 4917 4926 4936 4927 4918 4927 4937 4928 4919 4928 4938 4929 4920 4929 4939 4930 4931 4940 4941 4932 4923 4932 4942 4933 4924 4933 4943 4934 4925 4934 4944 4935 4926 4935 4945 4936 4927 4936 4946 4937 4928 4937 4947 4938 4929 4938 4948 4939 4940 4949 4950 4941 4932 4941 4951 4942 4933 4942 4952 4943 4934 4943 4953 4944 4935 4944 4954 4945 4936 4945 4955 4946 4937 4946 4956 4947 4938 4947 4957 4948 4949 4958 4959 4950 4941 4950 4960 4951 4942 4951 4961 4952 4943 4952 4962 4953 4944 4953 4963 4954 4945 4954 4964 4955 4946 4955 4965 4956 4947 4956 4966 4957 4958 4967 4968 4959 4950 4959 4969 4960 4951 4960 4970 4961 4952 4961 4971 4962 4953 4962 4972 4963 4954 4963 4973 4964 4955 4964 4974 4965 4956 4965 4975 4966 4967 4976 4977 4968 4959 4968 4978 4969 4960 4969 4979 4970 4961 4970 4980 4971 4962 4971 4981 4972 4963 4972 4982 4973 4964 4973 4983 4974 4965 4974 4984 4975 4976 4985 4986 4977 4968 4977 4987 4978 4969 4978 4988 4979 4970 4979 4989 4980 4971 4980 4990 4981 4972 4981 4991 4982 4973 4982 4992 4983 4974 4983 4993 4984 4985 4994 4995 4986 4977 4986 4996 4987 4978 4987 4997 4988 4979 4988 4998 4989 4980 4989 4999 4990 4981 4990 5000 4991 4982 4991 5001 4992 4983 4992 5002 4993 4994 5003 5004 4995 4986 4995 5005 4996 4987 4996 5006 4997 4988 4997 5007 4998 4989 4998 5008 4999 4990 4999 5009 5000 4991 5000 5010 5001 4992 5001 5011 5002 5003 5012 5013 5004 4995 5004 5014 5005 4996 5005 5015 5006 4997 5006 5016 5007 4998 5007 5017 5008 4999 5008 5018 5009 5000 5009 5019 5010 5001 5010 5020 5011 5012 5021 5022 5013 5004 5013 5023 5014 5005 5014 5024 5015 5006 5015 5025 5016 5007 5016 5026 5017 5008 5017 5027 5018 5009 5018 5028 5019 5010 5019 5029 5020 5021 5030 5031 5022 5013 5022 5032 5023 5014 5023 5033 5024 5015 5024 5034 5025 5016 5025 5035 5026 5017 5026 5036 5027 5018 5027 5037 5028 5019 5028 5038 5029 5030 5039 5040 5031 5022 5031 5041 5032 5023 5032 5042 5033 5024 5033 5043 5034 5025 5034 5044 5035 5026 5035 5045 5036 5027 5036 5046 5037 5028 5037 5047 5038 5039 5048 5049 5040 5031 5040 5050 5041 5032 5041 5051 5042 5033 5042 5052 5043 5034 5043 5053 5044 5035 5044 5054 5045 5036 5045 5055 5046 5037 5046 5056 5047 5048 5057 5058 5049 5040 5049 5059 5050 5041 5050 5060 5051 5042 5051 5061 5052 5043 5052 5062 5053 5044 5053 5063 5054 5045 5054 5064 5055 5046 5055 5065 5056 5057 5066 5067 5058 5049 5058 5068 5059 5050 5059 5069 5060 5051 5060 5070 5061 5052 5061 5071 5062 5053 5062 5072 5063 5054 5063 5073 5064 5055 5064 5074 5065 5066 5075 5076 5067 5058 5067 5077 5068 5059 5068 5078 5069 5060 5069 5079 5070 5061 5070 5080 5071 5062 5071 5081 5072 5063 5072 5082 5073 5064 5073 5083 5074 5075 5084 5085 5076 5067 5076 5086 5077 5068 5077 5087 5078 5069 5078 5088 5079 5070 5079 5089 5080 5071 5080 5090 5081 5072 5081 5091 5082 5073 5082 5092 5083 5084 5093 5094 5085 5076 5085 5095 5086 5077 5086 5096 5087 5078 5087 5097 5088 5079 5088 5098 5089 5080 5089 5099 5090 5081 5090 5100 5091 5082 5091 5101 5092 5093 5102 5103 5094 5085 5094 5104 5095 5086 5095 5105 5096 5087 5096 5106 5097 5088 5097 5107 5098 5089 5098 5108 5099 5090 5099 5109 5100 5091 5100 5110 5101 5102 5111 5112 5103 5094 5103 5113 5104 5095 5104 5114 5105 5096 5105 5115 5106 5097 5106 5116 5107 5098 5107 5117 5108 5099 5108 5118 5109 5100 5109 5119 5110 5111 5120 5121 5112 5103 5112 5122 5113 5104 5113 5123 5114 5105 5114 5124 5115 5106 5115 5125 5116 5107 5116 5126 5117 5108 5117 5127 5118 5109 5118 5128 5119 5120 5129 5130 5121 5112 5121 5131 5122 5113 5122 5132 5123 5114 5123 5133 5124 5115 5124 5134 5125 5116 5125 5135 5126 5117 5126 5136 5127 5118 5127 5137 5128 5129 5138 5139 5130 5121 5130 5140 5131 5122 5131 5141 5132 5123 5132 5142 5133 5124 5133 5143 5134 5125 5134 5144 5135 5126 5135 5145 5136 5127 5136 5146 5137 5138 5147 5148 5139 5130 5139 5149 5140 5131 5140 5150 5141 5132 5141 5151 5142 5133 5142 5152 5143 5134 5143 5153 5144 5135 5144 5154 5145 5136 5145 5155 5146 5147 5156 5157 5148 5139 5148 5158 5149 5140 5149 5159 5150 5141 5150 5160 5151 5142 5151 5161 5152 5143 5152 5162 5153 5144 5153 5163 5154 5145 5154 5164 5155 5156 5165 5166 5157 5148 5157 5167 5158 5149 5158 5168 5159 5150 5159 5169 5160 5151 5160 5170 5161 5152 5161 5171 5162 5153 5162 5172 5163 5154 5163 5173 5164 5165 5174 5175 5166 5157 5166 5176 5167 5158 5167 5177 5168 5159 5168 5178 5169 5160 5169 5179 5170 5161 5170 5180 5171 5162 5171 5181 5172 5163 5172 5182 5173 5174 5183 5184 5175 5166 5175 5185 5176 5167 5176 5186 5177 5168 5177 5187 5178 5169 5178 5188 5179 5170 5179 5189 5180 5171 5180 5190 5181 5172 5181 5191 5182 5183 5192 5193 5184 5175 5184 5194 5185 5176 5185 5195 5186 5177 5186 5196 5187 5178 5187 5197 5188 5179 5188 5198 5189 5180 5189 5199 5190 5181 5190 5200 5191 5192 5201 5202 5193 5184 5193 5203 5194 5185 5194 5204 5195 5186 5195 5205 5196 5187 5196 5206 5197 5188 5197 5207 5198 5189 5198 5208 5199 5190 5199 5209 5200 5201 5210 5211 5202 5193 5202 5212 5203 5194 5203 5213 5204 5195 5204 5214 5205 5196 5205 5215 5206 5197 5206 5216 5207 5198 5207 5217 5208 5199 5208 5218 5209 5210 5219 5220 5211 5202 5211 5221 5212 5203 5212 5222 5213 5204 5213 5223 5214 5205 5214 5224 5215 5206 5215 5225 5216 5207 5216 5226 5217 5208 5217 5227 5218 5219 5228 5229 5220 5211 5220 5230 5221 5212 5221 5231 5222 5213 5222 5232 5223 5214 5223 5233 5224 5215 5224 5234 5225 5216 5225 5235 5226 5217 5226 5236 5227 5228 5237 5238 5229 5220 5229 5239 5230 5221 5230 5240 5231 5222 5231 5241 5232 5223 5232 5242 5233 5224 5233 5243 5234 5225 5234 5244 5235 5226 5235 5245 5236 5237 5246 5247 5238 5229 5238 5248 5239 5230 5239 5249 5240 5231 5240 5250 5241 5232 5241 5251 5242 5233 5242 5252 5243 5234 5243 5253 5244 5235 5244 5254 5245 5246 5255 5256 5247 5238 5247 5257 5248 5239 5248 5258 5249 5240 5249 5259 5250 5241 5250 5260 5251 5242 5251 5261 5252 5243 5252 5262 5253 5244 5253 5263 5254 5255 5264 5265 5256 5247 5256 5266 5257 5248 5257 5267 5258 5249 5258 5268 5259 5250 5259 5269 5260 5251 5260 5270 5261 5252 5261 5271 5262 5253 5262 5272 5263 5264 5273 5274 5265 5256 5265 5275 5266 5257 5266 5276 5267 5258 5267 5277 5268 5259 5268 5278 5269 5260 5269 5279 5270 5261 5270 5280 5271 5262 5271 5281 5272 5273 5282 5283 5274 5265 5274 5284 5275 5266 5275 5285 5276 5267 5276 5286 5277 5268 5277 5287 5278 5269 5278 5288 5279 5270 5279 5289 5280 5271 5280 5290 5281 5282 5291 5292 5283 5274 5283 5293 5284 5275 5284 5294 5285 5276 5285 5295 5286 5277 5286 5296 5287 5278 5287 5297 5288 5279 5288 5298 5289 5280 5289 5299 5290 5291 5300 5301 5292 5283 5292 5302 5293 5284 5293 5303 5294 5285 5294 5304 5295 5286 5295 5305 5296 5287 5296 5306 5297 5288 5297 5307 5298 5289 5298 5308 5299 5300 5309 5310 5301 5292 5301 5311 5302 5293 5302 5312 5303 5294 5303 5313 5304 5295 5304 5314 5305 5296 5305 5315 5306 5297 5306 5316 5307 5298 5307 5317 5308 5309 5318 5319 5310 5301 5310 5320 5311 5302 5311 5321 5312 5303 5312 5322 5313 5304 5313 5323 5314 5305 5314 5324 5315 5306 5315 5325 5316 5307 5316 5326 5317 5318 5327 5328 5319 5310 5319 5329 5320 5311 5320 5330 5321 5312 5321 5331 5322 5313 5322 5332 5323 5314 5323 5333 5324 5315 5324 5334 5325 5316 5325 5335 5326 5327 5336 5337 5328 5319 5328 5338 5329 5320 5329 5339 5330 5321 5330 5340 5331 5322 5331 5341 5332 5323 5332 5342 5333 5324 5333 5343 5334 5325 5334 5344 5335 5336 5345 5346 5337 5328 5337 5347 5338 5329 5338 5348 5339 5330 5339 5349 5340 5331 5340 5350 5341 5332 5341 5351 5342 5333 5342 5352 5343 5334 5343 5353 5344 5345 5354 5355 5346 5337 5346 5356 5347 5338 5347 5357 5348 5339 5348 5358 5349 5340 5349 5359 5350 5341 5350 5360 5351 5342 5351 5361 5352 5343 5352 5362 5353 5354 5363 5364 5355 5346 5355 5365 5356 5347 5356 5366 5357 5348 5357 5367 5358 5349 5358 5368 5359 5350 5359 5369 5360 5351 5360 5370 5361 5352 5361 5371 5362 5363 5372 5373 5364 5355 5364 5374 5365 5356 5365 5375 5366 5357 5366 5376 5367 5358 5367 5377 5368 5359 5368 5378 5369 5360 5369 5379 5370 5361 5370 5380 5371 5372 5381 5382 5373 5364 5373 5383 5374 5365 5374 5384 5375 5366 5375 5385 5376 5367 5376 5386 5377 5368 5377 5387 5378 5369 5378 5388 5379 5370 5379 5389 5380 5381 5390 5391 5382 5373 5382 5392 5383 5374 5383 5393 5384 5375 5384 5394 5385 5376 5385 5395 5386 5377 5386 5396 5387 5378 5387 5397 5388 5379 5388 5398 5389 5390 5399 5400 5391 5382 5391 5401 5392 5383 5392 5402 5393 5384 5393 5403 5394 5385 5394 5404 5395 5386 5395 5405 5396 5387 5396 5406 5397 5388 5397 5407 5398 5399 5408 5409 5400 5391 5400 5410 5401 5392 5401 5411 5402 5393 5402 5412 5403 5394 5403 5413 5404 5395 5404 5414 5405 5396 5405 5415 5406 5397 5406 5416 5407 5408 5417 5418 5409 5400 5409 5419 5410 5401 5410 5420 5411 5402 5411 5421 5412 5403 5412 5422 5413 5404 5413 5423 5414 5405 5414 5424 5415 5406 5415 5425 5416 5417 5426 5427 5418 5409 5418 5428 5419 5410 5419 5429 5420 5411 5420 5430 5421 5412 5421 5431 5422 5413 5422 5432 5423 5414 5423 5433 5424 5415 5424 5434 5425 5426 5435 5436 5427 5418 5427 5437 5428 5419 5428 5438 5429 5420 5429 5439 5430 5421 5430 5440 5431 5422 5431 5441 5432 5423 5432 5442 5433 5424 5433 5443 5434 5435 5444 5445 5436 5427 5436 5446 5437 5428 5437 5447 5438 5429 5438 5448 5439 5430 5439 5449 5440 5431 5440 5450 5441 5432 5441 5451 5442 5433 5442 5452 5443 5444 5453 5454 5445 5436 5445 5455 5446 5437 5446 5456 5447 5438 5447 5457 5448 5439 5448 5458 5449 5440 5449 5459 5450 5441 5450 5460 5451 5442 5451 5461 5452 5453 5462 5463 5454 5445 5454 5464 5455 5446 5455 5465 5456 5447 5456 5466 5457 5448 5457 5467 5458 5449 5458 5468 5459 5450 5459 5469 5460 5451 5460 5470 5461 5462 5471 5472 5463 5454 5463 5473 5464 5455 5464 5474 5465 5456 5465 5475 5466 5457 5466 5476 5467 5458 5467 5477 5468 5459 5468 5478 5469 5460 5469 5479 5470 5471 5480 5481 5472 5463 5472 5482 5473 5464 5473 5483 5474 5465 5474 5484 5475 5466 5475 5485 5476 5467 5476 5486 5477 5468 5477 5487 5478 5469 5478 5488 5479 5480 5489 5490 5481 5472 5481 5491 5482 5473 5482 5492 5483 5474 5483 5493 5484 5475 5484 5494 5485 5476 5485 5495 5486 5477 5486 5496 5487 5478 5487 5497 5488 5489 5498 5499 5490 5481 5490 5500 5491 5482 5491 5501 5492 5483 5492 5502 5493 5484 5493 5503 5494 5485 5494 5504 5495 5486 5495 5505 5496 5487 5496 5506 5497 5498 5507 5508 5499 5490 5499 5509 5500 5491 5500 5510 5501 5492 5501 5511 5502 5493 5502 5512 5503 5494 5503 5513 5504 5495 5504 5514 5505 5496 5505 5515 5506 5507 5516 5517 5508 5499 5508 5518 5509 5500 5509 5519 5510 5501 5510 5520 5511 5502 5511 5521 5512 5503 5512 5522 5513 5504 5513 5523 5514 5505 5514 5524 5515 5516 5525 5526 5517 5508 5517 5527 5518 5509 5518 5528 5519 5510 5519 5529 5520 5511 5520 5530 5521 5512 5521 5531 5522 5513 5522 5532 5523 5514 5523 5533 5524 5525 5534 5535 5526 5517 5526 5536 5527 5518 5527 5537 5528 5519 5528 5538 5529 5520 5529 5539 5530 5521 5530 5540 5531 5522 5531 5541 5532 5523 5532 5542 5533 5534 5543 5544 5535 5526 5535 5545 5536 5527 5536 5546 5537 5528 5537 5547 5538 5529 5538 5548 5539 5530 5539 5549 5540 5531 5540 5550 5541 5532 5541 5551 5542 5543 5552 5553 5544 5535 5544 5554 5545 5536 5545 5555 5546 5537 5546 5556 5547 5538 5547 5557 5548 5539 5548 5558 5549 5540 5549 5559 5550 5541 5550 5560 5551 5552 5561 5562 5553 5544 5553 5563 5554 5545 5554 5564 5555 5546 5555 5565 5556 5547 5556 5566 5557 5548 5557 5567 5558 5549 5558 5568 5559 5550 5559 5569 5560 5561 5570 5571 5562 5553 5562 5572 5563 5554 5563 5573 5564 5555 5564 5574 5565 5556 5565 5575 5566 5557 5566 5576 5567 5558 5567 5577 5568 5559 5568 5578 5569 5570 5579 5580 5571 5562 5571 5581 5572 5563 5572 5582 5573 5564 5573 5583 5574 5565 5574 5584 5575 5566 5575 5585 5576 5567 5576 5586 5577 5568 5577 5587 5578 5579 5588 5589 5580 5571 5580 5590 5581 5572 5581 5591 5582 5573 5582 5592 5583 5574 5583 5593 5584 5575 5584 5594 5585 5576 5585 5595 5586 5577 5586 5596 5587 5588 5597 5598 5589 5580 5589 5599 5590 5581 5590 5600 5591 5582 5591 5601 5592 5583 5592 5602 5593 5584 5593 5603 5594 5585 5594 5604 5595 5586 5595 5605 5596 5597 5606 5607 5598 5589 5598 5608 5599 5590 5599 5609 5600 5591 5600 5610 5601 5592 5601 5611 5602 5593 5602 5612 5603 5594 5603 5613 5604 5595 5604 5614 5605 5606 5615 5616 5607 5598 5607 5617 5608 5599 5608 5618 5609 5600 5609 5619 5610 5601 5610 5620 5611 5602 5611 5621 5612 5603 5612 5622 5613 5604 5613 5623 5614 5615 5624 5625 5616 5607 5616 5626 5617 5608 5617 5627 5618 5609 5618 5628 5619 5610 5619 5629 5620 5611 5620 5630 5621 5612 5621 5631 5622 5613 5622 5632 5623 5624 5633 5634 5625 5616 5625 5635 5626 5617 5626 5636 5627 5618 5627 5637 5628 5619 5628 5638 5629 5620 5629 5639 5630 5621 5630 5640 5631 5622 5631 5641 5632 5633 5642 5643 5634 5625 5634 5644 5635 5626 5635 5645 5636 5627 5636 5646 5637 5628 5637 5647 5638 5629 5638 5648 5639 5630 5639 5649 5640 5631 5640 5650 5641 5642 5651 5652 5643 5634 5643 5653 5644 5635 5644 5654 5645 5636 5645 5655 5646 5637 5646 5656 5647 5638 5647 5657 5648 5639 5648 5658 5649 5640 5649 5659 5650 5651 5660 5661 5652 5643 5652 5662 5653 5644 5653 5663 5654 5645 5654 5664 5655 5646 5655 5665 5656 5647 5656 5666 5657 5648 5657 5667 5658 5649 5658 5668 5659 5660 5669 5670 5661 5652 5661 5671 5662 5653 5662 5672 5663 5654 5663 5673 5664 5655 5664 5674 5665 5656 5665 5675 5666 5657 5666 5676 5667 5658 5667 5677 5668 5669 5678 5679 5670 5661 5670 5680 5671 5662 5671 5681 5672 5663 5672 5682 5673 5664 5673 5683 5674 5665 5674 5684 5675 5666 5675 5685 5676 5667 5676 5686 5677 5678 5687 5688 5679 5670 5679 5689 5680 5671 5680 5690 5681 5672 5681 5691 5682 5673 5682 5692 5683 5674 5683 5693 5684 5675 5684 5694 5685 5676 5685 5695 5686 5687 5696 5697 5688 5679 5688 5698 5689 5680 5689 5699 5690 5681 5690 5700 5691 5682 5691 5701 5692 5683 5692 5702 5693 5684 5693 5703 5694 5685 5694 5704 5695 5696 5705 5706 5697 5688 5697 5707 5698 5689 5698 5708 5699 5690 5699 5709 5700 5691 5700 5710 5701 5692 5701 5711 5702 5693 5702 5712 5703 5694 5703 5713 5704 5705 5714 5715 5706 5697 5706 5716 5707 5698 5707 5717 5708 5699 5708 5718 5709 5700 5709 5719 5710 5701 5710 5720 5711 5702 5711 5721 5712 5703 5712 5722 5713 5714 5723 5724 5715 5706 5715 5725 5716 5707 5716 5726 5717 5708 5717 5727 5718 5709 5718 5728 5719 5710 5719 5729 5720 5711 5720 5730 5721 5712 5721 5731 5722 5723 5732 5733 5724 5715 5724 5734 5725 5716 5725 5735 5726 5717 5726 5736 5727 5718 5727 5737 5728 5719 5728 5738 5729 5720 5729 5739 5730 5721 5730 5740 5731 5732 5741 5742 5733 5724 5733 5743 5734 5725 5734 5744 5735 5726 5735 5745 5736 5727 5736 5746 5737 5728 5737 5747 5738 5729 5738 5748 5739 5730 5739 5749 5740 5741 5750 5751 5742 5733 5742 5752 5743 5734 5743 5753 5744 5735 5744 5754 5745 5736 5745 5755 5746 5737 5746 5756 5747 5738 5747 5757 5748 5739 5748 5758 5749 5750 5759 5760 5751 5742 5751 5761 5752 5743 5752 5762 5753 5744 5753 5763 5754 5745 5754 5764 5755 5746 5755 5765 5756 5747 5756 5766 5757 5748 5757 5767 5758 5759 5768 5769 5760 5751 5760 5770 5761 5752 5761 5771 5762 5753 5762 5772 5763 5754 5763 5773 5764 5755 5764 5774 5765 5756 5765 5775 5766 5757 5766 5776 5767 5768 5777 5778 5769 5760 5769 5779 5770 5761 5770 5780 5771 5762 5771 5781 5772 5763 5772 5782 5773 5764 5773 5783 5774 5765 5774 5784 5775 5766 5775 5785 5776 5777 5786 5787 5778 5769 5778 5788 5779 5770 5779 5789 5780 5771 5780 5790 5781 5772 5781 5791 5782 5773 5782 5792 5783 5774 5783 5793 5784 5775 5784 5794 5785 5786 5795 5796 5787 5778 5787 5797 5788 5779 5788 5798 5789 5780 5789 5799 5790 5781 5790 5800 5791 5782 5791 5801 5792 5783 5792 5802 5793 5784 5793 5803 5794 5795 5804 5805 5796 5787 5796 5806 5797 5788 5797 5807 5798 5789 5798 5808 5799 5790 5799 5809 5800 5791 5800 5810 5801 5792 5801 5811 5802 5793 5802 5812 5803 5804 5813 5814 5805 5796 5805 5815 5806 5797 5806 5816 5807 5798 5807 5817 5808 5799 5808 5818 5809 5800 5809 5819 5810 5801 5810 5820 5811 5802 5811 5821 5812 5813 5822 5823 5814 5805 5814 5824 5815 5806 5815 5825 5816 5807 5816 5826 5817 5808 5817 5827 5818 5809 5818 5828 5819 5810 5819 5829 5820 5811 5820 5830 5821 5822 5831 5832 5823 5814 5823 5833 5824 5815 5824 5834 5825 5816 5825 5835 5826 5817 5826 5836 5827 5818 5827 5837 5828 5819 5828 5838 5829 5820 5829 5839 5830 5831 5840 5841 5832 5823 5832 5842 5833 5824 5833 5843 5834 5825 5834 5844 5835 5826 5835 5845 5836 5827 5836 5846 5837 5828 5837 5847 5838 5829 5838 5848 5839 5840 5849 5850 5841 5832 5841 5851 5842 5833 5842 5852 5843 5834 5843 5853 5844 5835 5844 5854 5845 5836 5845 5855 5846 5837 5846 5856 5847 5838 5847 5857 5848 5849 5858 5859 5850 5841 5850 5860 5851 5842 5851 5861 5852 5843 5852 5862 5853 5844 5853 5863 5854 5845 5854 5864 5855 5846 5855 5865 5856 5847 5856 5866 5857 5858 5867 5868 5859 5850 5859 5869 5860 5851 5860 5870 5861 5852 5861 5871 5862 5853 5862 5872 5863 5854 5863 5873 5864 5855 5864 5874 5865 5856 5865 5875 5866 5867 5876 5877 5868 5859 5868 5878 5869 5860 5869 5879 5870 5861 5870 5880 5871 5862 5871 5881 5872 5863 5872 5882 5873 5864 5873 5883 5874 5865 5874 5884 5875 5876 5885 5886 5877 5868 5877 5887 5878 5869 5878 5888 5879 5870 5879 5889 5880 5871 5880 5890 5881 5872 5881 5891 5882 5873 5882 5892 5883 5874 5883 5893 5884 5885 5894 5895 5886 5877 5886 5896 5887 5878 5887 5897 5888 5879 5888 5898 5889 5880 5889 5899 5890 5881 5890 5900 5891 5882 5891 5901 5892 5883 5892 5902 5893 5894 5903 5904 5895 5886 5895 5905 5896 5887 5896 5906 5897 5888 5897 5907 5898 5889 5898 5908 5899 5890 5899 5909 5900 5891 5900 5910 5901 5892 5901 5911 5902 5903 5912 5913 5904 5895 5904 5914 5905 5896 5905 5915 5906 5897 5906 5916 5907 5898 5907 5917 5908 5899 5908 5918 5909 5900 5909 5919 5910 5901 5910 5920 5911 5912 5921 5922 5913 5904 5913 5923 5914 5905 5914 5924 5915 5906 5915 5925 5916 5907 5916 5926 5917 5908 5917 5927 5918 5909 5918 5928 5919 5910 5919 5929 5920 5921 5930 5931 5922 5913 5922 5932 5923 5914 5923 5933 5924 5915 5924 5934 5925 5916 5925 5935 5926 5917 5926 5936 5927 5918 5927 5937 5928 5919 5928 5938 5929 5930 5939 5940 5931 5922 5931 5941 5932 5923 5932 5942 5933 5924 5933 5943 5934 5925 5934 5944 5935 5926 5935 5945 5936 5927 5936 5946 5937 5928 5937 5947 5938 5939 5948 5949 5940 5931 5940 5950 5941 5932 5941 5951 5942 5933 5942 5952 5943 5934 5943 5953 5944 5935 5944 5954 5945 5936 5945 5955 5946 5937 5946 5956 5947 5948 5957 5958 5949 5940 5949 5959 5950 5941 5950 5960 5951 5942 5951 5961 5952 5943 5952 5962 5953 5944 5953 5963 5954 5945 5954 5964 5955 5946 5955 5965 5956 5957 5966 5967 5958 5949 5958 5968 5959 5950 5959 5969 5960 5951 5960 5970 5961 5952 5961 5971 5962 5953 5962 5972 5963 5954 5963 5973 5964 5955 5964 5974 5965 5966 5975 5976 5967 5958 5967 5977 5968 5959 5968 5978 5969 5960 5969 5979 5970 5961 5970 5980 5971 5962 5971 5981 5972 5963 5972 5982 5973 5964 5973 5983 5974 5975 5984 5985 5976 5967 5976 5986 5977 5968 5977 5987 5978 5969 5978 5988 5979 5970 5979 5989 5980 5971 5980 5990 5981 5972 5981 5991 5982 5973 5982 5992 5983 5984 5993 5994 5985 5976 5985 5995 5986 5977 5986 5996 5987 5978 5987 5997 5988 5979 5988 5998 5989 5980 5989 5999 5990 5981 5990 6000 5991 5982 5991 6001 5992 5993 6002 6003 5994 5985 5994 6004 5995 5986 5995 6005 5996 5987 5996 6006 5997 5988 5997 6007 5998 5989 5998 6008 5999 5990 5999 6009 6000 5991 6000 6010 6001 6002 6011 6012 6003 5994 6003 6013 6004 5995 6004 6014 6005 5996 6005 6015 6006 5997 6006 6016 6007 5998 6007 6017 6008 5999 6008 6018 6009 6000 6009 6019 6010 6011 6020 6021 6012 6003 6012 6022 6013 6004 6013 6023 6014 6005 6014 6024 6015 6006 6015 6025 6016 6007 6016 6026 6017 6008 6017 6027 6018 6009 6018 6028 6019 6020 6029 6030 6021 6012 6021 6031 6022 6013 6022 6032 6023 6014 6023 6033 6024 6015 6024 6034 6025 6016 6025 6035 6026 6017 6026 6036 6027 6018 6027 6037 6028 6029 6038 6039 6030 6021 6030 6040 6031 6022 6031 6041 6032 6023 6032 6042 6033 6024 6033 6043 6034 6025 6034 6044 6035 6026 6035 6045 6036 6027 6036 6046 6037 6038 6047 6048 6039 6030 6039 6049 6040 6031 6040 6050 6041 6032 6041 6051 6042 6033 6042 6052 6043 6034 6043 6053 6044 6035 6044 6054 6045 6036 6045 6055 6046 6047 6056 6057 6048 6039 6048 6058 6049 6040 6049 6059 6050 6041 6050 6060 6051 6042 6051 6061 6052 6043 6052 6062 6053 6044 6053 6063 6054 6045 6054 6064 6055 6056 6065 6066 6057 6048 6057 6067 6058 6049 6058 6068 6059 6050 6059 6069 6060 6051 6060 6070 6061 6052 6061 6071 6062 6053 6062 6072 6063 6054 6063 6073 6064 6065 6074 6075 6066 6057 6066 6076 6067 6058 6067 6077 6068 6059 6068 6078 6069 6060 6069 6079 6070 6061 6070 6080 6071 6062 6071 6081 6072 6063 6072 6082 6073 6074 6083 6084 6075 6066 6075 6085 6076 6067 6076 6086 6077 6068 6077 6087 6078 6069 6078 6088 6079 6070 6079 6089 6080 6071 6080 6090 6081 6072 6081 6091 6082 6083 6092 6093 6084 6075 6084 6094 6085 6076 6085 6095 6086 6077 6086 6096 6087 6078 6087 6097 6088 6079 6088 6098 6089 6080 6089 6099 6090 6081 6090 6100 6091 6092 6101 6102 6093 6084 6093 6103 6094 6085 6094 6104 6095 6086 6095 6105 6096 6087 6096 6106 6097 6088 6097 6107 6098 6089 6098 6108 6099 6090 6099 6109 6100 6101 6110 6111 6102 6093 6102 6112 6103 6094 6103 6113 6104 6095 6104 6114 6105 6096 6105 6115 6106 6097 6106 6116 6107 6098 6107 6117 6108 6099 6108 6118 6109 6110 6119 6120 6111 6102 6111 6121 6112 6103 6112 6122 6113 6104 6113 6123 6114 6105 6114 6124 6115 6106 6115 6125 6116 6107 6116 6126 6117 6108 6117 6127 6118 6119 6128 6129 6120 6111 6120 6130 6121 6112 6121 6131 6122 6113 6122 6132 6123 6114 6123 6133 6124 6115 6124 6134 6125 6116 6125 6135 6126 6117 6126 6136 6127 6128 6137 6138 6129 6120 6129 6139 6130 6121 6130 6140 6131 6122 6131 6141 6132 6123 6132 6142 6133 6124 6133 6143 6134 6125 6134 6144 6135 6126 6135 6145 6136 6137 6146 6147 6138 6129 6138 6148 6139 6130 6139 6149 6140 6131 6140 6150 6141 6132 6141 6151 6142 6133 6142 6152 6143 6134 6143 6153 6144 6135 6144 6154 6145 6146 6155 6156 6147 6138 6147 6157 6148 6139 6148 6158 6149 6140 6149 6159 6150 6141 6150 6160 6151 6142 6151 6161 6152 6143 6152 6162 6153 6144 6153 6163 6154 6155 6164 6165 6156 6147 6156 6166 6157 6148 6157 6167 6158 6149 6158 6168 6159 6150 6159 6169 6160 6151 6160 6170 6161 6152 6161 6171 6162 6153 6162 6172 6163 6164 6173 6174 6165 6156 6165 6175 6166 6157 6166 6176 6167 6158 6167 6177 6168 6159 6168 6178 6169 6160 6169 6179 6170 6161 6170 6180 6171 6162 6171 6181 6172 6173 6182 6183 6174 6165 6174 6184 6175 6166 6175 6185 6176 6167 6176 6186 6177 6168 6177 6187 6178 6169 6178 6188 6179 6170 6179 6189 6180 6171 6180 6190 6181 6182 6191 6192 6183 6174 6183 6193 6184 6175 6184 6194 6185 6176 6185 6195 6186 6177 6186 6196 6187 6178 6187 6197 6188 6179 6188 6198 6189 6180 6189 6199 6190 6191 6200 6201 6192 6183 6192 6202 6193 6184 6193 6203 6194 6185 6194 6204 6195 6186 6195 6205 6196 6187 6196 6206 6197 6188 6197 6207 6198 6189 6198 6208 6199 6200 6209 6210 6201 6192 6201 6211 6202 6193 6202 6212 6203 6194 6203 6213 6204 6195 6204 6214 6205 6196 6205 6215 6206 6197 6206 6216 6207 6198 6207 6217 6208 6209 6218 6219 6210 6201 6210 6220 6211 6202 6211 6221 6212 6203 6212 6222 6213 6204 6213 6223 6214 6205 6214 6224 6215 6206 6215 6225 6216 6207 6216 6226 6217 6218 6227 6228 6219 6210 6219 6229 6220 6211 6220 6230 6221 6212 6221 6231 6222 6213 6222 6232 6223 6214 6223 6233 6224 6215 6224 6234 6225 6216 6225 6235 6226 6227 6236 6237 6228 6219 6228 6238 6229 6220 6229 6239 6230 6221 6230 6240 6231 6222 6231 6241 6232 6223 6232 6242 6233 6224 6233 6243 6234 6225 6234 6244 6235 6236 6245 6246 6237 6228 6237 6247 6238 6229 6238 6248 6239 6230 6239 6249 6240 6231 6240 6250 6241 6232 6241 6251 6242 6233 6242 6252 6243 6234 6243 6253 6244 6245 6254 6255 6246 6237 6246 6256 6247 6238 6247 6257 6248 6239 6248 6258 6249 6240 6249 6259 6250 6241 6250 6260 6251 6242 6251 6261 6252 6243 6252 6262 6253 6254 6263 6264 6255 6246 6255 6265 6256 6247 6256 6266 6257 6248 6257 6267 6258 6249 6258 6268 6259 6250 6259 6269 6260 6251 6260 6270 6261 6252 6261 6271 6262 6263 6272 6273 6264 6255 6264 6274 6265 6256 6265 6275 6266 6257 6266 6276 6267 6258 6267 6277 6268 6259 6268 6278 6269 6260 6269 6279 6270 6261 6270 6280 6271 6272 6281 6282 6273 6264 6273 6283 6274 6265 6274 6284 6275 6266 6275 6285 6276 6267 6276 6286 6277 6268 6277 6287 6278 6269 6278 6288 6279 6270 6279 6289 6280 6281 6290 6291 6282 6273 6282 6292 6283 6274 6283 6293 6284 6275 6284 6294 6285 6276 6285 6295 6286 6277 6286 6296 6287 6278 6287 6297 6288 6279 6288 6298 6289 6290 6299 6300 6291 6282 6291 6301 6292 6283 6292 6302 6293 6284 6293 6303 6294 6285 6294 6304 6295 6286 6295 6305 6296 6287 6296 6306 6297 6288 6297 6307 6298 6299 6308 6309 6300 6291 6300 6310 6301 6292 6301 6311 6302 6293 6302 6312 6303 6294 6303 6313 6304 6295 6304 6314 6305 6296 6305 6315 6306 6297 6306 6316 6307 6308 6317 6318 6309 6300 6309 6319 6310 6301 6310 6320 6311 6302 6311 6321 6312 6303 6312 6322 6313 6304 6313 6323 6314 6305 6314 6324 6315 6306 6315 6325 6316 6317 6326 6327 6318 6309 6318 6328 6319 6310 6319 6329 6320 6311 6320 6330 6321 6312 6321 6331 6322 6313 6322 6332 6323 6314 6323 6333 6324 6315 6324 6334 6325 6326 6335 6336 6327 6318 6327 6337 6328 6319 6328 6338 6329 6320 6329 6339 6330 6321 6330 6340 6331 6322 6331 6341 6332 6323 6332 6342 6333 6324 6333 6343 6334 6335 6344 6345 6336 6327 6336 6346 6337 6328 6337 6347 6338 6329 6338 6348 6339 6330 6339 6349 6340 6331 6340 6350 6341 6332 6341 6351 6342 6333 6342 6352 6343 6344 6353 6354 6345 6336 6345 6355 6346 6337 6346 6356 6347 6338 6347 6357 6348 6339 6348 6358 6349 6340 6349 6359 6350 6341 6350 6360 6351 6342 6351 6361 6352 6353 6362 6363 6354 6345 6354 6364 6355 6346 6355 6365 6356 6347 6356 6366 6357 6348 6357 6367 6358 6349 6358 6368 6359 6350 6359 6369 6360 6351 6360 6370 6361 6362 6371 6372 6363 6354 6363 6373 6364 6355 6364 6374 6365 6356 6365 6375 6366 6357 6366 6376 6367 6358 6367 6377 6368 6359 6368 6378 6369 6360 6369 6379 6370 6371 6380 6381 6372 6363 6372 6382 6373 6364 6373 6383 6374 6365 6374 6384 6375 6366 6375 6385 6376 6367 6376 6386 6377 6368 6377 6387 6378 6369 6378 6388 6379 6380 6389 6390 6381 6372 6381 6391 6382 6373 6382 6392 6383 6374 6383 6393 6384 6375 6384 6394 6385 6376 6385 6395 6386 6377 6386 6396 6387 6378 6387 6397 6388 6389 6398 6399 6390 6381 6390 6400 6391 6382 6391 6401 6392 6383 6392 6402 6393 6384 6393 6403 6394 6385 6394 6404 6395 6386 6395 6405 6396 6387 6396 6406 6397 6398 6407 6408 6399 6390 6399 6409 6400 6391 6400 6410 6401 6392 6401 6411 6402 6393 6402 6412 6403 6394 6403 6413 6404 6395 6404 6414 6405 6396 6405 6415 6406 6407 6416 6417 6408 6399 6408 6418 6409 6400 6409 6419 6410 6401 6410 6420 6411 6402 6411 6421 6412 6403 6412 6422 6413 6404 6413 6423 6414 6405 6414 6424 6415 6416 6425 6426 6417 6408 6417 6427 6418 6409 6418 6428 6419 6410 6419 6429 6420 6411 6420 6430 6421 6412 6421 6431 6422 6413 6422 6432 6423 6414 6423 6433 6424 6425 6434 6435 6426 6417 6426 6436 6427 6418 6427 6437 6428 6419 6428 6438 6429 6420 6429 6439 6430 6421 6430 6440 6431 6422 6431 6441 6432 6423 6432 6442 6433 6434 6443 6444 6435 6426 6435 6445 6436 6427 6436 6446 6437 6428 6437 6447 6438 6429 6438 6448 6439 6430 6439 6449 6440 6431 6440 6450 6441 6432 6441 6451 6442 6443 6452 6453 6444 6435 6444 6454 6445 6436 6445 6455 6446 6437 6446 6456 6447 6438 6447 6457 6448 6439 6448 6458 6449 6440 6449 6459 6450 6441 6450 6460 6451 6452 6461 6462 6453 6444 6453 6463 6454 6445 6454 6464 6455 6446 6455 6465 6456 6447 6456 6466 6457 6448 6457 6467 6458 6449 6458 6468 6459 6450 6459 6469 6460 6461 6470 6471 6462 6453 6462 6472 6463 6454 6463 6473 6464 6455 6464 6474 6465 6456 6465 6475 6466 6457 6466 6476 6467 6458 6467 6477 6468 6459 6468 6478 6469 6470 6479 6480 6471 6462 6471 6481 6472 6463 6472 6482 6473 6464 6473 6483 6474 6465 6474 6484 6475 6466 6475 6485 6476 6467 6476 6486 6477 6468 6477 6487 6478 6479 6488 6489 6480 6471 6480 6490 6481 6472 6481 6491 6482 6473 6482 6492 6483 6474 6483 6493 6484 6475 6484 6494 6485 6476 6485 6495 6486 6477 6486 6496 6487 6488 6497 6498 6489 6480 6489 6499 6490 6481 6490 6500 6491 6482 6491 6501 6492 6483 6492 6502 6493 6484 6493 6503 6494 6485 6494 6504 6495 6486 6495 6505 6496 6497 6506 6507 6498 6489 6498 6508 6499 6490 6499 6509 6500 6491 6500 6510 6501 6492 6501 6511 6502 6493 6502 6512 6503 6494 6503 6513 6504 6495 6504 6514 6505 6506 6515 6516 6507 6498 6507 6517 6508 6499 6508 6518 6509 6500 6509 6519 6510 6501 6510 6520 6511 6502 6511 6521 6512 6503 6512 6522 6513 6504 6513 6523 6514 6515 6524 6525 6516 6507 6516 6526 6517 6508 6517 6527 6518 6509 6518 6528 6519 6510 6519 6529 6520 6511 6520 6530 6521 6512 6521 6531 6522 6513 6522 6532 6523 6524 6533 6534 6525 6516 6525 6535 6526 6517 6526 6536 6527 6518 6527 6537 6528 6519 6528 6538 6529 6520 6529 6539 6530 6521 6530 6540 6531 6522 6531 6541 6532 6533 6542 6543 6534 6525 6534 6544 6535 6526 6535 6545 6536 6527 6536 6546 6537 6528 6537 6547 6538 6529 6538 6548 6539 6530 6539 6549 6540 6531 6540 6550 6541 6542 6551 6552 6543 6534 6543 6553 6544 6535 6544 6554 6545 6536 6545 6555 6546 6537 6546 6556 6547 6538 6547 6557 6548 6539 6548 6558 6549 6540 6549 6559 6550 6551 6560 6561 6552 6543 6552 6562 6553 6544 6553 6563 6554 6545 6554 6564 6555 6546 6555 6565 6556 6547 6556 6566 6557 6548 6557 6567 6558 6549 6558 6568 6559 6560 6569 6570 6561 6552 6561 6571 6562 6553 6562 6572 6563 6554 6563 6573 6564 6555 6564 6574 6565 6556 6565 6575 6566 6557 6566 6576 6567 6558 6567 6577 6568 6569 6578 6579 6570 6561 6570 6580 6571 6562 6571 6581 6572 6563 6572 6582 6573 6564 6573 6583 6574 6565 6574 6584 6575 6566 6575 6585 6576 6567 6576 6586 6577 6578 6587 6588 6579 6570 6579 6589 6580 6571 6580 6590 6581 6572 6581 6591 6582 6573 6582 6592 6583 6574 6583 6593 6584 6575 6584 6594 6585 6576 6585 6595 6586 6587 6596 6597 6588 6579 6588 6598 6589 6580 6589 6599 6590 6581 6590 6600 6591 6582 6591 6601 6592 6583 6592 6602 6593 6584 6593 6603 6594 6585 6594 6604 6595 6596 6605 6606 6597 6588 6597 6607 6598 6589 6598 6608 6599 6590 6599 6609 6600 6591 6600 6610 6601 6592 6601 6611 6602 6593 6602 6612 6603 6594 6603 6613 6604 6605 6614 6615 6606 6597 6606 6616 6607 6598 6607 6617 6608 6599 6608 6618 6609 6600 6609 6619 6610 6601 6610 6620 6611 6602 6611 6621 6612 6603 6612 6622 6613 6614 6623 6624 6615 6606 6615 6625 6616 6607 6616 6626 6617 6608 6617 6627 6618 6609 6618 6628 6619 6610 6619 6629 6620 6611 6620 6630 6621 6612 6621 6631 6622 6623 6632 6633 6624 6615 6624 6634 6625 6616 6625 6635 6626 6617 6626 6636 6627 6618 6627 6637 6628 6619 6628 6638 6629 6620 6629 6639 6630 6621 6630 6640 6631 6632 6641 6642 6633 6624 6633 6643 6634 6625 6634 6644 6635 6626 6635 6645 6636 6627 6636 6646 6637 6628 6637 6647 6638 6629 6638 6648 6639 6630 6639 6649 6640 6641 6650 6651 6642 6633 6642 6652 6643 6634 6643 6653 6644 6635 6644 6654 6645 6636 6645 6655 6646 6637 6646 6656 6647 6638 6647 6657 6648 6639 6648 6658 6649 6650 6659 6660 6651 6642 6651 6661 6652 6643 6652 6662 6653 6644 6653 6663 6654 6645 6654 6664 6655 6646 6655 6665 6656 6647 6656 6666 6657 6648 6657 6667 6658 6659 6668 6669 6660 6651 6660 6670 6661 6652 6661 6671 6662 6653 6662 6672 6663 6654 6663 6673 6664 6655 6664 6674 6665 6656 6665 6675 6666 6657 6666 6676 6667 6668 6677 6678 6669 6660 6669 6679 6670 6661 6670 6680 6671 6662 6671 6681 6672 6663 6672 6682 6673 6664 6673 6683 6674 6665 6674 6684 6675 6666 6675 6685 6676 6677 6686 6687 6678 6669 6678 6688 6679 6670 6679 6689 6680 6671 6680 6690 6681 6672 6681 6691 6682 6673 6682 6692 6683 6674 6683 6693 6684 6675 6684 6694 6685 6686 6695 6696 6687 6678 6687 6697 6688 6679 6688 6698 6689 6680 6689 6699 6690 6681 6690 6700 6691 6682 6691 6701 6692 6683 6692 6702 6693 6684 6693 6703 6694 6695 6704 6705 6696 6687 6696 6706 6697 6688 6697 6707 6698 6689 6698 6708 6699 6690 6699 6709 6700 6691 6700 6710 6701 6692 6701 6711 6702 6693 6702 6712 6703 6704 6713 6714 6705 6696 6705 6715 6706 6697 6706 6716 6707 6698 6707 6717 6708 6699 6708 6718 6709 6700 6709 6719 6710 6701 6710 6720 6711 6702 6711 6721 6712 6713 6722 6723 6714 6705 6714 6724 6715 6706 6715 6725 6716 6707 6716 6726 6717 6708 6717 6727 6718 6709 6718 6728 6719 6710 6719 6729 6720 6711 6720 6730 6721 6722 6731 6732 6723 6714 6723 6733 6724 6715 6724 6734 6725 6716 6725 6735 6726 6717 6726 6736 6727 6718 6727 6737 6728 6719 6728 6738 6729 6720 6729 6739 6730 6731 6740 6741 6732 6723 6732 6742 6733 6724 6733 6743 6734 6725 6734 6744 6735 6726 6735 6745 6736 6727 6736 6746 6737 6728 6737 6747 6738 6729 6738 6748 6739 6740 6749 6750 6741 6732 6741 6751 6742 6733 6742 6752 6743 6734 6743 6753 6744 6735 6744 6754 6745 6736 6745 6755 6746 6737 6746 6756 6747 6738 6747 6757 6748 6749 6758 6759 6750 6741 6750 6760 6751 6742 6751 6761 6752 6743 6752 6762 6753 6744 6753 6763 6754 6745 6754 6764 6755 6746 6755 6765 6756 6747 6756 6766 6757 6758 6767 6768 6759 6750 6759 6769 6760 6751 6760 6770 6761 6752 6761 6771 6762 6753 6762 6772 6763 6754 6763 6773 6764 6755 6764 6774 6765 6756 6765 6775 6766 6767 6776 6777 6768 6759 6768 6778 6769 6760 6769 6779 6770 6761 6770 6780 6771 6762 6771 6781 6772 6763 6772 6782 6773 6764 6773 6783 6774 6765 6774 6784 6775 6776 6785 6786 6777 6768 6777 6787 6778 6769 6778 6788 6779 6770 6779 6789 6780 6771 6780 6790 6781 6772 6781 6791 6782 6773 6782 6792 6783 6774 6783 6793 6784 6785 6794 6795 6786 6777 6786 6796 6787 6778 6787 6797 6788 6779 6788 6798 6789 6780 6789 6799 6790 6781 6790 6800 6791 6782 6791 6801 6792 6783 6792 6802 6793 6794 6803 6804 6795 6786 6795 6805 6796 6787 6796 6806 6797 6788 6797 6807 6798 6789 6798 6808 6799 6790 6799 6809 6800 6791 6800 6810 6801 6792 6801 6811 6802 6803 6812 6813 6804 6795 6804 6814 6805 6796 6805 6815 6806 6797 6806 6816 6807 6798 6807 6817 6808 6799 6808 6818 6809 6800 6809 6819 6810 6801 6810 6820 6811 6812 6821 6822 6813 6804 6813 6823 6814 6805 6814 6824 6815 6806 6815 6825 6816 6807 6816 6826 6817 6808 6817 6827 6818 6809 6818 6828 6819 6810 6819 6829 6820 6821 6830 6831 6822 6813 6822 6832 6823 6814 6823 6833 6824 6815 6824 6834 6825 6816 6825 6835 6826 6817 6826 6836 6827 6818 6827 6837 6828 6819 6828 6838 6829 6830 6839 6840 6831 6822 6831 6841 6832 6823 6832 6842 6833 6824 6833 6843 6834 6825 6834 6844 6835 6826 6835 6845 6836 6827 6836 6846 6837 6828 6837 6847 6838 6839 6848 6849 6840 6831 6840 6850 6841 6832 6841 6851 6842 6833 6842 6852 6843 6834 6843 6853 6844 6835 6844 6854 6845 6836 6845 6855 6846 6837 6846 6856 6847 6848 6857 6858 6849 6840 6849 6859 6850 6841 6850 6860 6851 6842 6851 6861 6852 6843 6852 6862 6853 6844 6853 6863 6854 6845 6854 6864 6855 6846 6855 6865 6856 6857 6866 6867 6858 6849 6858 6868 6859 6850 6859 6869 6860 6851 6860 6870 6861 6852 6861 6871 6862 6853 6862 6872 6863 6854 6863 6873 6864 6855 6864 6874 6865 6866 6875 6876 6867 6858 6867 6877 6868 6859 6868 6878 6869 6860 6869 6879 6870 6861 6870 6880 6871 6862 6871 6881 6872 6863 6872 6882 6873 6864 6873 6883 6874 6875 6884 6885 6876 6867 6876 6886 6877 6868 6877 6887 6878 6869 6878 6888 6879 6870 6879 6889 6880 6871 6880 6890 6881 6872 6881 6891 6882 6873 6882 6892 6883 6884 6893 6894 6885 6876 6885 6895 6886 6877 6886 6896 6887 6878 6887 6897 6888 6879 6888 6898 6889 6880 6889 6899 6890 6881 6890 6900 6891 6882 6891 6901 6892 6893 6902 6903 6894 6885 6894 6904 6895 6886 6895 6905 6896 6887 6896 6906 6897 6888 6897 6907 6898 6889 6898 6908 6899 6890 6899 6909 6900 6891 6900 6910 6901 6902 6911 6912 6903 6894 6903 6913 6904 6895 6904 6914 6905 6896 6905 6915 6906 6897 6906 6916 6907 6898 6907 6917 6908 6899 6908 6918 6909 6900 6909 6919 6910 6911 6920 6921 6912 6903 6912 6922 6913 6904 6913 6923 6914 6905 6914 6924 6915 6906 6915 6925 6916 6907 6916 6926 6917 6908 6917 6927 6918 6909 6918 6928 6919 6920 6929 6930 6921 6912 6921 6931 6922 6913 6922 6932 6923 6914 6923 6933 6924 6915 6924 6934 6925 6916 6925 6935 6926 6917 6926 6936 6927 6918 6927 6937 6928 6929 6938 6939 6930 6921 6930 6940 6931 6922 6931 6941 6932 6923 6932 6942 6933 6924 6933 6943 6934 6925 6934 6944 6935 6926 6935 6945 6936 6927 6936 6946 6937 6938 6947 6948 6939 6930 6939 6949 6940 6931 6940 6950 6941 6932 6941 6951 6942 6933 6942 6952 6943 6934 6943 6953 6944 6935 6944 6954 6945 6936 6945 6955 6946 6947 6956 6957 6948 6939 6948 6958 6949 6940 6949 6959 6950 6941 6950 6960 6951 6942 6951 6961 6952 6943 6952 6962 6953 6944 6953 6963 6954 6945 6954 6964 6955 6956 6965 6966 6957 6948 6957 6967 6958 6949 6958 6968 6959 6950 6959 6969 6960 6951 6960 6970 6961 6952 6961 6971 6962 6953 6962 6972 6963 6954 6963 6973 6964 6965 6974 6975 6966 6957 6966 6976 6967 6958 6967 6977 6968 6959 6968 6978 6969 6960 6969 6979 6970 6961 6970 6980 6971 6962 6971 6981 6972 6963 6972 6982 6973 6974 6983 6984 6975 6966 6975 6985 6976 6967 6976 6986 6977 6968 6977 6987 6978 6969 6978 6988 6979 6970 6979 6989 6980 6971 6980 6990 6981 6972 6981 6991 6982 6983 6992 6993 6984 6975 6984 6994 6985 6976 6985 6995 6986 6977 6986 6996 6987 6978 6987 6997 6988 6979 6988 6998 6989 6980 6989 6999 6990 6981 6990 7000 6991 6992 7001 7002 6993 6984 6993 7003 6994 6985 6994 7004 6995 6986 6995 7005 6996 6987 6996 7006 6997 6988 6997 7007 6998 6989 6998 7008 6999 6990 6999 7009 7000 7001 7010 7011 7002 6993 7002 7012 7003 6994 7003 7013 7004 6995 7004 7014 7005 6996 7005 7015 7006 6997 7006 7016 7007 6998 7007 7017 7008 6999 7008 7018 7009 7010 7019 7020 7011 7002 7011 7021 7012 7003 7012 7022 7013 7004 7013 7023 7014 7005 7014 7024 7015 7006 7015 7025 7016 7007 7016 7026 7017 7008 7017 7027 7018 7019 7028 7029 7020 7011 7020 7030 7021 7012 7021 7031 7022 7013 7022 7032 7023 7014 7023 7033 7024 7015 7024 7034 7025 7016 7025 7035 7026 7017 7026 7036 7027 7028 7037 7038 7029 7020 7029 7039 7030 7021 7030 7040 7031 7022 7031 7041 7032 7023 7032 7042 7033 7024 7033 7043 7034 7025 7034 7044 7035 7026 7035 7045 7036 7037 7046 7047 7038 7029 7038 7048 7039 7030 7039 7049 7040 7031 7040 7050 7041 7032 7041 7051 7042 7033 7042 7052 7043 7034 7043 7053 7044 7035 7044 7054 7045 7046 7055 7056 7047 7038 7047 7057 7048 7039 7048 7058 7049 7040 7049 7059 7050 7041 7050 7060 7051 7042 7051 7061 7052 7043 7052 7062 7053 7044 7053 7063 7054 7055 7064 7065 7056 7047 7056 7066 7057 7048 7057 7067 7058 7049 7058 7068 7059 7050 7059 7069 7060 7051 7060 7070 7061 7052 7061 7071 7062 7053 7062 7072 7063 7064 7073 7074 7065 7056 7065 7075 7066 7057 7066 7076 7067 7058 7067 7077 7068 7059 7068 7078 7069 7060 7069 7079 7070 7061 7070 7080 7071 7062 7071 7081 7072 7073 7082 7083 7074 7065 7074 7084 7075 7066 7075 7085 7076 7067 7076 7086 7077 7068 7077 7087 7078 7069 7078 7088 7079 7070 7079 7089 7080 7071 7080 7090 7081 7082 7091 7092 7083 7074 7083 7093 7084 7075 7084 7094 7085 7076 7085 7095 7086 7077 7086 7096 7087 7078 7087 7097 7088 7079 7088 7098 7089 7080 7089 7099 7090 7091 7100 7101 7092 7083 7092 7102 7093 7084 7093 7103 7094 7085 7094 7104 7095 7086 7095 7105 7096 7087 7096 7106 7097 7088 7097 7107 7098 7089 7098 7108 7099 7100 7109 7110 7101 7092 7101 7111 7102 7093 7102 7112 7103 7094 7103 7113 7104 7095 7104 7114 7105 7096 7105 7115 7106 7097 7106 7116 7107 7098 7107 7117 7108 7109 7118 7119 7110 7101 7110 7120 7111 7102 7111 7121 7112 7103 7112 7122 7113 7104 7113 7123 7114 7105 7114 7124 7115 7106 7115 7125 7116 7107 7116 7126 7117 7118 7127 7128 7119 7110 7119 7129 7120 7111 7120 7130 7121 7112 7121 7131 7122 7113 7122 7132 7123 7114 7123 7133 7124 7115 7124 7134 7125 7116 7125 7135 7126 7127 7136 7137 7128 7119 7128 7138 7129 7120 7129 7139 7130 7121 7130 7140 7131 7122 7131 7141 7132 7123 7132 7142 7133 7124 7133 7143 7134 7125 7134 7144 7135 7136 7145 7146 7137 7128 7137 7147 7138 7129 7138 7148 7139 7130 7139 7149 7140 7131 7140 7150 7141 7132 7141 7151 7142 7133 7142 7152 7143 7134 7143 7153 7144 7145 7154 7155 7146 7137 7146 7156 7147 7138 7147 7157 7148 7139 7148 7158 7149 7140 7149 7159 7150 7141 7150 7160 7151 7142 7151 7161 7152 7143 7152 7162 7153 7154 7163 7164 7155 7146 7155 7165 7156 7147 7156 7166 7157 7148 7157 7167 7158 7149 7158 7168 7159 7150 7159 7169 7160 7151 7160 7170 7161 7152 7161 7171 7162 7163 7172 7173 7164 7155 7164 7174 7165 7156 7165 7175 7166 7157 7166 7176 7167 7158 7167 7177 7168 7159 7168 7178 7169 7160 7169 7179 7170 7161 7170 7180 7171 7172 7181 7182 7173 7164 7173 7183 7174 7165 7174 7184 7175 7166 7175 7185 7176 7167 7176 7186 7177 7168 7177 7187 7178 7169 7178 7188 7179 7170 7179 7189 7180 7173 7182 7190 7183 7174 7183 7191 7184 7175 7184 7192 7185 7176 7185 7193 7186 7177 7186 7194 7187 7178 7187 7195 7188 7179 7188 7196 7189 7183 7190 7197 7191 7184 7191 7198 7192 7185 7192 7199 7193 7186 7193 7200 7194 7187 7194 7201 7195 7188 7195 7202 7196 7191 7197 7203 7198 7192 7198 7204 7199 7193 7199 7205 7200 7194 7200 7206 7201 7195 7201 7207 7202 7198 7203 7208 7204 7199 7204 7209 7205 7200 7205 7210 7206 7201 7206 7211 7207 7204 7208 7212 7209 7205 7209 7213 7210 7206 7210 7214 7211 7209 7212 7215 7213 7210 7213 7216 7214 7213 7215 7217 7216 </DataArray>
        <DataArray type="Int32" Name="offsets" format="ascii">4 8 12 16 20 24 28 32 36 40 44 48 52 56 60 64 68 72 76 80 84 88 92 96 100 104 108 112 116 120 124 128 132 136 140 144 148 152 156 160 164 168 172 176 180 184 188 192 196 200 204 208 212 216 220 224 228 232 236 240 244 248 252 256 260 264 268 272 276 280 284 288 292 296 300 304 308 312 316 320 324 328 332 336 340 344 348 352 356 360 364 368 372 376 380 384 388 392 396 400 404 408 412 416 420 424 428 432 436 440 444 448 452 456 460 464 468 472 476 480 484 488 492 496 500 504 508 512 516 520 524 528 532 536 540 544 548 552 556 560 564 568 572 576 580 584 588 592 596 600 604 608 612 616 620 624 628 632 636 640 644 648 652 656 660 664 668 672 676 680 684 688 692 696 700 704 708 712 716 720 724 728 732 736 740 744 748 752 756 760 764 768 772 776 780 784 788 792 796 800 804 808 812 816 820 824 828 832 836 840 844 848 852 856 860 864 868 872 876 880 884 888 892 896 900 904 908 912 916 920 924 928 932 936 940 944 948 952 956 960 964 968 972 976 980 984 988 992 996 1000 1004 1008 1012 1016 1020 1024 1028 1032 1036 1040 1044 1048 1052 1056 1060 1064 1068 1072 1076 1080 1084 1088 1092 1096 1100 1104 1108 1112 1116 1120 1124 1128 1132 1136 1140 1144 1148 1152 1156 1160 1164 1168 1172 1176 1180 1184 1188 1192 1196 1200 1204 1208 1212 1216 1220 1224 1228 1232 1236 1240 1244 1248 1252 1256 1260 1264 1268 1272 1276 1280 1284 1288 1292 1296 1300 1304 1308 1312 1316 1320 1324 1328 1332 1336 1340 1344 1348 1352 1356 1360 1364 1368 1372 1376 1380 1384 1388 1392 1396 1400 1404 1408 1412 1416 1420 1424 1428 1432 1436 1440 1444 1448 1452 1456 1460 1464 1468 1472 1476 1480 1484 1488 1492 1496 1500 1504 1508 1512 1516 1520 1524 1528 1532 1536 1540 1544 1548 1552 1556 1560 1564 1568 1572 1576 1580 1584 1588 1592 1596 1600 1604 1608 1612 1616 1620 1624 1628 1632 1636 1640 1644 1648 1652 1656 1660 1664 1668 1672 1676 1680 1684 1688 1692 1696 1700 1704 1708 1712 1716 1720 1724 1728 1732 1736 1740 1744 1748 1752 1756 1760 1764 1768 1772 1776 1780 1784 1788 1792 1796 1800 1804 1808 1812 1816 1820 1824 1828 1832 1836 1840 1844 1848 1852 1856 1860 1864 1868 1872 1876 1880 1884 1888 1892 1896 1900 1904 1908 1912 1916 1920 1924 1928 1932 1936 1940 1944 1948 1952 1956 1960 1964 1968 1972 1976 1980 1984 1988 1992 1996 2000 2004 2008 2012 2016 2020 2024 2028 2032 2036 2040 2044 2048 2052 2056 2060 2064 2068 2072 2076 2080 2084 2088 2092 2096 2100 2104 2108 2112 2116 2120 2124 2128 2132 2136 2140 2144 2148 2152 2156 2160 2164 2168 2172 2176 2180 2184 2188 2192 2196 2200 2204 2208 2212 2216 2220 2224 2228 2232 2236 2240 2244 2248 2252 2256 2260 2264 2268 2272 2276 2280 2284 2288 2292 2296 2300 2304 2308 2312 2316 2320 2324 2328 2332 2336 2340 2344 2348 2352 2356 2360 2364 2368 2372 2376 2380 2384 2388 2392 2396 2400 2404 2408 2412 2416 2420 2424 2428 2432 2436 2440 2444 2448 2452 2456 2460 2464 2468 2472 2476 2480 2484 2488 2492 2496 2500 2504 2508 2512 2516 2520 2524 2528 2532 2536 2540 2544 2548 2552 2556 2560 2564 2568 2572 2576 2580 2584 2588 2592 2596 2600 2604 2608 2612 2616 2620 2624 2628 2632 2636 2640 2644 2648 2652 2656 2660 2664 2668 2672 2676 2680 2684 2688 2692 2696 2700 2704 2708 2712 2716 2720 2724 2728 2732 2736 2740 2744 2748 2752 2756 2760 2764 2768 2772 2776 2780 2784 2788 2792 2796 2800 2804 2808 2812 2816 2820 2824 2828 2832 2836 2840 2844 2848 2852 2856 2860 2864 2868 2872 2876 2880 2884 2888 2892 2896 2900 2904 2908 2912 2916 2920 2924 2928 2932 2936 2940 2944 2948 2952 2956 2960 2964 2968 2972 2976 2980 2984 2988 2992 2996 3000 3004 3008 3012 3016 3020 3024 3028 3032 3036 3040 3044 3048 3052 3056 3060 3064 3068 3072 3076 3080 3084 3088 3092 3096 3100 3104 3108 3112 3116 3120 3124 3128 3132 3136 3140 3144 3148 3152 3156 3160 3164 3168 3172 3176 3180 3184 3188 3192 3196 3200 3204 3208 3212 3216 3220 3224 3228 3232 3236 3240 3244 3248 3252 3256 3260 3264 3268 3272 3276 3280 3284 3288 3292 3296 3300 3304 3308 3312 3316 3320 3324 3328 3332 3336 3340 3344 3348 3352 3356 3360 3364 3368 3372 3376 3380 3384 3388 3392 3396 3400 3404 3408 3412 3416 3420 3424 3428 3432 3436 3440 3444 3448 3452 3456 3460 3464 3468 3472 3476 3480 3484 3488 3492 3496 3500 3504 3508 3512 3516 3520 3524 3528 3532 3536 3540 3544 3548 3552 3556 3560 3564 3568 3572 3576 3580 3584 3588 3592 3596 3600 3604 3608 3612 3616 3620 3624 3628 3632 3636 3640 3644 3648 3652 3656 3660 3664 3668 3672 3676 3680 3684 3688 3692 3696 3700 3704 3708 3712 3716 3720 3724 3728 3732 3736 3740 3744 3748 3752 3756 3760 3764 3768 3772 3776 3780 3784 3788 3792 3796 3800 3804 3808 3812 3816 3820 3824 3828 3832 3836 3840 3844 3848 3852 3856 3860 3864 3868 3872 3876 3880 3884 3888 3892 3896 3900 3904 3908 3912 3916 3920 3924 3928 3932 3936 3940 3944 3948 3952 3956 3960 3964 3968 3972 3976 3980 3984 3988 3992 3996 4000 4004 4008 4012 4016 4020 4024 4028 4032 4036 4040 4044 4048 4052 4056 4060 4064 4068 4072 4076 4080 4084 4088 4092 4096 4100 4104 4108 4112 4116 4120 4124 4128 4132 4136 4140 4144 4148 4152 4156 4160 4164 4168 4172 4176 4180 4184 4188 4192 4196 4200 4204 4208 4212 4216 4220 4224 4228 4232 4236 4240 4244 4248 4252 4256 4260 4264 4268 4272 4276 4280 4284 4288 4292 4296 4300 4304 4308 4312 4316 4320 4324 4328 4332 4336 4340 4344 4348 4352 4356 4360 4364 4368 4372 4376 4380 4384 4388 4392 4396 4400 4404 4408 4412 4416 4420 4424 4428 4432 4436 4440 4444 4448 4452 4456 4460 4464 4468 4472 4476 4480 4484 4488 4492 4496 4500 4504 4508 4512 4516 4520 4524 4528 4532 4536 4540 4544 4548 4552 4556 4560 4564 4568 4572 4576 4580 4584 4588 4592 4596 4600 4604 4608 4612 4616 4620 4624 4628 4632 4636 4640 4644 4648 4652 4656 4660 4664 4668 4672 4676 4680 4684 4688 4692 4696 4700 4704 4708 4712 4716 4720 4724 4728 4732 4736 4740 4744 4748 4752 4756 4760 4764 4768 4772 4776 4780 4784 4788 4792 4796 4800 4804 4808 4812 4816 4820 4824 4828 4832 4836 4840 4844 4848 4852 4856 4860 4864 4868 4872 4876 4880 4884 4888 4892 4896 4900 4904 4908 4912 4916 4920 4924 4928 4932 4936 4940 4944 4948 4952 4956 4960 4964 4968 4972 4976 4980 4984 4988 4992 4996 5000 5004 5008 5012 5016 5020 5024 5028 5032 5036 5040 5044 5048 5052 5056 5060 5064 5068 5072 5076 5080 5084 5088 5092 5096 5100 5104 5108 5112 5116 5120 5124 5128 5132 5136 5140 5144 5148 5152 5156 5160 5164 5168 5172 5176 5180 5184 5188 5192 5196 5200 5204 5208 5212 5216 5220 5224 5228 5232 5236 5240 5244 5248 5252 5256 5260 5264 5268 5272 5276 5280 5284 5288 5292 5296 5300 5304 5308 5312 5316 5320 5324 5328 5332 5336 5340 5344 5348 5352 5356 5360 5364 5368 5372 5376 5380 5384 5388 5392 5396 5400 5404 5408 5412 5416 5420 5424 5428 5432 5436 5440 5444 5448 5452 5456 5460 5464 5468 5472 5476 5480 5484 5488 5492 5496 5500 5504 5508 5512 5516 5520 5524 5528 5532 5536 5540 5544 5548 5552 5556 5560 5564 5568 5572 5576 5580 5584 5588 5592 5596 5600 5604 5608 5612 5616 5620 5624 5628 5632 5636 5640 5644 5648 5652 5656 5660 5664 5668 5672 5676 5680 5684 5688 5692 5696 5700 5704 5708 5712 5716 5720 5724 5728 5732 5736 5740 5744 5748 5752 5756 5760 5764 5768 5772 5776 5780 5784 5788 5792 5796 5800 5804 5808 5812 5816 5820 5824 5828 5832 5836 5840 5844 5848 5852 5856 5860 5864 5868 5872 5876 5880 5884 5888 5892 5896 5900 5904 5908 5912 5916 5920 5924 5928 5932 5936 5940 5944 5948 5952 5956 5960 5964 5968 5972 5976 5980 5984 5988 5992 5996 6000 6004 6008 6012 6016 6020 6024 6028 6032 6036 6040 6044 6048 6052 6056 6060 6064 6068 6072 6076 6080 6084 6088 6092 6096 6100 6104 6108 6112 6116 6120 6124 6128 6132 6136 6140 6144 6148 6152 6156 6160 6164 6168 6172 6176 6180 6184 6188 6192 6196 6200 6204 6208 6212 6216 6220 6224 6228 6232 6236 6240 6244 6248 6252 6256 6260 6264 6268 6272 6276 6280 6284 6288 6292 6296 6300 6304 6308 6312 6316 6320 6324 6328 6332 6336 6340 6344 6348 6352 6356 6360 6364 6368 6372 6376 6380 6384 6388 6392 6396 6400 6404 6408 6412 6416 6420 6424 6428 6432 6436 6440 6444 6448 6452 6456 6460 6464 6468 6472 6476 6480 6484 6488 6492 6496 6500 6504 6508 6512 6516 6520 6524 6528 6532 6536 6540 6544 6548 6552 6556 6560 6564 6568 6572 6576 6580 6584 6588 6592 6596 6600 6604 6608 6612 6616 6620 6624 6628 6632 6636 6640 6644 6648 6652 6656 6660 6664 6668 6672 6676 6680 6684 6688 6692 6696 6700 6704 6708 6712 6716 6720 6724 6728 6732 6736 6740 6744 6748 6752 6756 6760 6764 6768 6772 6776 6780 6784 6788 6792 6796 6800 6804 6808 6812 6816 6820 6824 6828 6832 6836 6840 6844 6848 6852 6856 6860 6864 6868 6872 6876 6880 6884 6888 6892 6896 6900 6904 6908 6912 6916 6920 6924 6928 6932 6936 6940 6944 6948 6952 6956 6960 6964 6968 6972 6976 6980 6984 6988 6992 6996 7000 7004 7008 7012 7016 7020 7024 7028 7032 7036 7040 7044 7048 7052 7056 7060 7064 7068 7072 7076 7080 7084 7088 7092 7096 7100 7104 7108 7112 7116 7120 7124 7128 7132 7136 7140 7144 7148 7152 7156 7160 7164 7168 7172 7176 7180 7184 7188 7192 7196 7200 7204 7208 7212 7216 7220 7224 7228 7232 7236 7240 7244 7248 7252 7256 7260 7264 7268 7272 7276 7280 7284 7288 7292 7296 7300 7304 7308 7312 7316 7320 7324 7328 7332 7336 7340 7344 7348 7352 7356 7360 7364 7368 7372 7376 7380 7384 7388 7392 7396 7400 7404 7408 7412 7416 7420 7424 7428 7432 7436 7440 7444 7448 7452 7456 7460 7464 7468 7472 7476 7480 7484 7488 7492 7496 7500 7504 7508 7512 7516 7520 7524 7528 7532 7536 7540 7544 7548 7552 7556 7560 7564 7568 7572 7576 7580 7584 7588 7592 7596 7600 7604 7608 7612 7616 7620 7624 7628 7632 7636 7640 7644 7648 7652 7656 7660 7664 7668 7672 7676 7680 7684 7688 7692 7696 7700 7704 7708 7712 7716 7720 7724 7728 7732 7736 7740 7744 7748 7752 7756 7760 7764 7768 7772 7776 7780 7784 7788 7792 7796 7800 7804 7808 7812 7816 7820 7824 7828 7832 7836 7840 7844 7848 7852 7856 7860 7864 7868 7872 7876 7880 7884 7888 7892 7896 7900 7904 7908 7912 7916 7920 7924 7928 7932 7936 7940 7944 7948 7952 7956 7960 7964 7968 7972 7976 7980 7984 7988 7992 7996 8000 8004 8008 8012 8016 8020 8024 8028 8032 8036 8040 8044 8048 8052 8056 8060 8064 8068 8072 8076 8080 8084 8088 8092 8096 8100 8104 8108 8112 8116 8120 8124 8128 8132 8136 8140 8144 8148 8152 8156 8160 8164 8168 8172 8176 8180 8184 8188 8192 8196 8200 8204 8208 8212 8216 8220 8224 8228 8232 8236 8240 8244 8248 8252 8256 8260 8264 8268 8272 8276 8280 8284 8288 8292 8296 8300 8304 8308 8312 8316 8320 8324 8328 8332 8336 8340 8344 8348 8352 8356 8360 8364 8368 8372 8376 8380 8384 8388 8392 8396 8400 8404 8408 8412 8416 8420 8424 8428 8432 8436 8440 8444 8448 8452 8456 8460 8464 8468 8472 8476 8480 8484 8488 8492 8496 8500 8504 8508 8512 8516 8520 8524 8528 8532 8536 8540 8544 8548 8552 8556 8560 8564 8568 8572 8576 8580 8584 8588 8592 8596 8600 8604 8608 8612 8616 8620 8624 8628 8632 8636 8640 8644 8648 8652 8656 8660 8664 8668 8672 8676 8680 8684 8688 8692 8696 8700 8704 8708 8712 8716 8720 8724 8728 8732 8736 8740 8744 8748 8752 8756 8760 8764 8768 8772 8776 8780 8784 8788 8792 8796 8800 8804 8808 8812 8816 8820 8824 8828 8832 8836 8840 8844 8848 8852 8856 8860 8864 8868 8872 8876 8880 8884 8888 8892 8896 8900 8904 8908 8912 8916 8920 8924 8928 8932 8936 8940 8944 8948 8952 8956 8960 8964 8968 8972 8976 8980 8984 8988 8992 8996 9000 9004 9008 9012 9016 9020 9024 9028 9032 9036 9040 9044 9048 9052 9056 9060 9064 9068 9072 9076 9080 9084 9088 9092 9096 9100 9104 9108 9112 9116 9120 9124 9128 9132 9136 9140 9144 9148 9152 9156 9160 9164 9168 9172 9176 9180 9184 9188 9192 9196 9200 9204 9208 9212 9216 9220 9224 9228 9232 9236 9240 9244 9248 9252 9256 9260 9264 9268 9272 9276 9280 9284 9288 9292 9296 9300 9304 9308 9312 9316 9320 9324 9328 9332 9336 9340 9344 9348 9352 9356 9360 9364 9368 9372 9376 9380 9384 9388 9392 9396 9400 9404 9408 9412 9416 9420 9424 9428 9432 9436 9440 9444 9448 9452 9456 9460 9464 9468 9472 9476 9480 9484 9488 9492 9496 9500 9504 9508 9512 9516 9520 9524 9528 9532 9536 9540 9544 9548 9552 9556 9560 9564 9568 9572 9576 9580 9584 9588 9592 9596 9600 9604 9608 9612 9616 9620 9624 9628 9632 9636 9640 9644 9648 9652 9656 9660 9664 9668 9672 9676 9680 9684 9688 9692 9696 9700 9704 9708 9712 9716 9720 9724 9728 9732 9736 9740 9744 9748 9752 9756 9760 9764 9768 9772 9776 9780 9784 9788 9792 9796 9800 9804 9808 9812 9816 9820 9824 9828 9832 9836 9840 9844 9848 9852 9856 9860 9864 9868 9872 9876 9880 9884 9888 9892 9896 9900 9904 9908 9912 9916 9920 9924 9928 9932 9936 9940 9944 9948 9952 9956 9960 9964 9968 9972 9976 9980 9984 9988 9992 9996 10000 10004 10008 10012 10016 10020 10024 10028 10032 10036 10040 10044 10048 10052 10056 10060 10064 10068 10072 10076 10080 10084 10088 10092 10096 10100 10104 10108 10112 10116 10120 10124 10128 10132 10136 10140 10144 10148 10152 10156 10160 10164 10168 10172 10176 10180 10184 10188 10192 10196 10200 10204 10208 10212 10216 10220 10224 10228 10232 10236 10240 10244 10248 10252 10256 10260 10264 10268 10272 10276 10280 10284 10288 10292 10296 10300 10304 10308 10312 10316 10320 10324 10328 10332 10336 10340 10344 10348 10352 10356 10360 10364 10368 10372 10376 10380 10384 10388 10392 10396 10400 10404 10408 10412 10416 10420 10424 10428 10432 10436 10440 10444 10448 10452 10456 10460 10464 10468 10472 10476 10480 10484 10488 10492 10496 10500 10504 10508 10512 10516 10520 10524 10528 10532 10536 10540 10544 10548 10552 10556 10560 10564 10568 10572 10576 10580 10584 10588 10592 10596 10600 10604 10608 10612 10616 10620 10624 10628 10632 10636 10640 10644 10648 10652 10656 10660 10664 10668 10672 10676 10680 10684 10688 10692 10696 10700 10704 10708 10712 10716 10720 10724 10728 10732 10736 10740 10744 10748 10752 10756 10760 10764 10768 10772 10776 10780 10784 10788 10792 10796 10800 10804 10808 10812 10816 10820 10824 10828 10832 10836 10840 10844 10848 10852 10856 10860 10864 10868 10872 10876 10880 10884 10888 10892 10896 10900 10904 10908 10912 10916 10920 10924 10928 10932 10936 10940 10944 10948 10952 10956 10960 10964 10968 10972 10976 10980 10984 10988 10992 10996 11000 11004 11008 11012 11016 11020 11024 11028 11032 11036 11040 11044 11048 11052 11056 11060 11064 11068 11072 11076 11080 11084 11088 11092 11096 11100 11104 11108 11112 11116 11120 11124 11128 11132 11136 11140 11144 11148 11152 11156 11160 11164 11168 11172 11176 11180 11184 11188 11192 11196 11200 11204 11208 11212 11216 11220 11224 11228 11232 11236 11240 11244 11248 11252 11256 11260 11264 11268 11272 11276 11280 11284 11288 11292 11296 11300 11304 11308 11312 11316 11320 11324 11328 11332 11336 11340 11344 11348 11352 11356 11360 11364 11368 11372 11376 11380 11384 11388 11392 11396 11400 11404 11408 11412 11416 11420 11424 11428 11432 11436 11440 11444 11448 11452 11456 11460 11464 11468 11472 11476 11480 11484 11488 11492 11496 11500 11504 11508 11512 11516 11520 11524 11528 11532 11536 11540 11544 11548 11552 11556 11560 11564 11568 11572 11576 11580 11584 11588 11592 11596 11600 11604 11608 11612 11616 11620 11624 11628 11632 11636 11640 11644 11648 11652 11656 11660 11664 11668 11672 11676 11680 11684 11688 11692 11696 11700 11704 11708 11712 11716 11720 11724 11728 11732 11736 11740 11744 11748 11752 11756 11760 11764 11768 11772 11776 11780 11784 11788 11792 11796 11800 11804 11808 11812 11816 11820 11824 11828 11832 11836 11840 11844 11848 11852 11856 11860 11864 11868 11872 11876 11880 11884 11888 11892 11896 11900 11904 11908 11912 11916 11920 11924 11928 11932 11936 11940 11944 11948 11952 11956 11960 11964 11968 11972 11976 11980 11984 11988 11992 11996 12000 12004 12008 12012 12016 12020 12024 12028 12032 12036 12040 12044 12048 12052 12056 12060 12064 12068 12072 12076 12080 12084 12088 12092 12096 12100 12104 12108 12112 12116 12120 12124 12128 12132 12136 12140 12144 12148 12152 12156 12160 12164 12168 12172 12176 12180 12184 12188 12192 12196 12200 12204 12208 12212 12216 12220 12224 12228 12232 12236 12240 12244 12248 12252 12256 12260 12264 12268 12272 12276 12280 12284 12288 12292 12296 12300 12304 12308 12312 12316 12320 12324 12328 12332 12336 12340 12344 12348 12352 12356 12360 12364 12368 12372 12376 12380 12384 12388 12392 12396 12400 12404 12408 12412 12416 12420 12424 12428 12432 12436 12440 12444 12448 12452 12456 12460 12464 12468 12472 12476 12480 12484 12488 12492 12496 12500 12504 12508 12512 12516 12520 12524 12528 12532 12536 12540 12544 12548 12552 12556 12560 12564 12568 12572 12576 12580 12584 12588 12592 12596 12600 12604 12608 12612 12616 12620 12624 12628 12632 12636 12640 12644 12648 12652 12656 12660 12664 12668 12672 12676 12680 12684 12688 12692 12696 12700 12704 12708 12712 12716 12720 12724 12728 12732 12736 12740 12744 12748 12752 12756 12760 12764 12768 12772 12776 12780 12784 12788 12792 12796 12800 12804 12808 12812 12816 12820 12824 12828 12832 12836 12840 12844 12848 12852 12856 12860 12864 12868 12872 12876 12880 12884 12888 12892 12896 12900 12904 12908 12912 12916 12920 12924 12928 12932 12936 12940 12944 12948 12952 12956 12960 12964 12968 12972 12976 12980 12984 12988 12992 12996 13000 13004 13008 13012 13016 13020 13024 13028 13032 13036 13040 13044 13048 13052 13056 13060 13064 13068 13072 13076 13080 13084 13088 13092 13096 13100 13104 13108 13112 13116 13120 13124 13128 13132 13136 13140 13144 13148 13152 13156 13160 13164 13168 13172 13176 13180 13184 13188 13192 13196 13200 13204 13208 13212 13216 13220 13224 13228 13232 13236 13240 13244 13248 13252 13256 13260 13264 13268 13272 13276 13280 13284 13288 13292 13296 13300 13304 13308 13312 13316 13320 13324 13328 13332 13336 13340 13344 13348 13352 13356 13360 13364 13368 13372 13376 13380 13384 13388 13392 13396 13400 13404 13408 13412 13416 13420 13424 13428 13432 13436 13440 13444 13448 13452 13456 13460 13464 13468 13472 13476 13480 13484 13488 13492 13496 13500 13504 13508 13512 13516 13520 13524 13528 13532 13536 13540 13544 13548 13552 13556 13560 13564 13568 13572 13576 13580 13584 13588 13592 13596 13600 13604 13608 13612 13616 13620 13624 13628 13632 13636 13640 13644 13648 13652 13656 13660 13664 13668 13672 13676 13680 13684 13688 13692 13696 13700 13704 13708 13712 13716 13720 13724 13728 13732 13736 13740 13744 13748 13752 13756 13760 13764 13768 13772 13776 13780 13784 13788 13792 13796 13800 13804 13808 13812 13816 13820 13824 13828 13832 13836 13840 13844 13848 13852 13856 13860 13864 13868 13872 13876 13880 13884 13888 13892 13896 13900 13904 13908 13912 13916 13920 13924 13928 13932 13936 13940 13944 13948 13952 13956 13960 13964 13968 13972 13976 13980 13984 13988 13992 13996 14000 14004 14008 14012 14016 14020 14024 14028 14032 14036 14040 14044 14048 14052 14056 14060 14064 14068 14072 14076 14080 14084 14088 14092 14096 14100 14104 14108 14112 14116 14120 14124 14128 14132 14136 14140 14144 14148 14152 14156 14160 14164 14168 14172 14176 14180 14184 14188 14192 14196 14200 14204 14208 14212 14216 14220 14224 14228 14232 14236 14240 14244 14248 14252 14256 14260 14264 14268 14272 14276 14280 14284 14288 14292 14296 14300 14304 14308 14312 14316 14320 14324 14328 14332 14336 14340 14344 14348 14352 14356 14360 14364 14368 14372 14376 14380 14384 14388 14392 14396 14400 14404 14408 14412 14416 14420 14424 14428 14432 14436 14440 14444 14448 14452 14456 14460 14464 14468 14472 14476 14480 14484 14488 14492 14496 14500 14504 14508 14512 14516 14520 14524 14528 14532 14536 14540 14544 14548 14552 14556 14560 14564 14568 14572 14576 14580 14584 14588 14592 14596 14600 14604 14608 14612 14616 14620 14624 14628 14632 14636 14640 14644 14648 14652 14656 14660 14664 14668 14672 14676 14680 14684 14688 14692 14696 14700 14704 14708 14712 14716 14720 14724 14728 14732 14736 14740 14744 14748 14752 14756 14760 14764 14768 14772 14776 14780 14784 14788 14792 14796 14800 14804 14808 14812 14816 14820 14824 14828 14832 14836 14840 14844 14848 14852 14856 14860 14864 14868 14872 14876 14880 14884 14888 14892 14896 14900 14904 14908 14912 14916 14920 14924 14928 14932 14936 14940 14944 14948 14952 14956 14960 14964 14968 14972 14976 14980 14984 14988 14992 14996 15000 15004 15008 15012 15016 15020 15024 15028 15032 15036 15040 15044 15048 15052 15056 15060 15064 15068 15072 15076 15080 15084 15088 15092 15096 15100 15104 15108 15112 15116 15120 15124 15128 15132 15136 15140 15144 15148 15152 15156 15160 15164 15168 15172 15176 15180 15184 15188 15192 15196 15200 15204 15208 15212 15216 15220 15224 15228 15232 15236 15240 15244 15248 15252 15256 15260 15264 15268 15272 15276 15280 15284 15288 15292 15296 15300 15304 15308 15312 15316 15320 15324 15328 15332 15336 15340 15344 15348 15352 15356 15360 15364 15368 15372 15376 15380 15384 15388 15392 15396 15400 15404 15408 15412 15416 15420 15424 15428 15432 15436 15440 15444 15448 15452 15456 15460 15464 15468 15472 15476 15480 15484 15488 15492 15496 15500 15504 15508 15512 15516 15520 15524 15528 15532 15536 15540 15544 15548 15552 15556 15560 15564 15568 15572 15576 15580 15584 15588 15592 15596 15600 15604 15608 15612 15616 15620 15624 15628 15632 15636 15640 15644 15648 15652 15656 15660 15664 15668 15672 15676 15680 15684 15688 15692 15696 15700 15704 15708 15712 15716 15720 15724 15728 15732 15736 15740 15744 15748 15752 15756 15760 15764 15768 15772 15776 15780 15784 15788 15792 15796 15800 15804 15808 15812 15816 15820 15824 15828 15832 15836 15840 15844 15848 15852 15856 15860 15864 15868 15872 15876 15880 15884 15888 15892 15896 15900 15904 15908 15912 15916 15920 15924 15928 15932 15936 15940 15944 15948 15952 15956 15960 15964 15968 15972 15976 15980 15984 15988 15992 15996 16000 16004 16008 16012 16016 16020 16024 16028 16032 16036 16040 16044 16048 16052 16056 16060 16064 16068 16072 16076 16080 16084 16088 16092 16096 16100 16104 16108 16112 16116 16120 16124 16128 16132 16136 16140 16144 16148 16152 16156 16160 16164 16168 16172 16176 16180 16184 16188 16192 16196 16200 16204 16208 16212 16216 16220 16224 16228 16232 16236 16240 16244 16248 16252 16256 16260 16264 16268 16272 16276 16280 16284 16288 16292 16296 16300 16304 16308 16312 16316 16320 16324 16328 16332 16336 16340 16344 16348 16352 16356 16360 16364 16368 16372 16376 16380 16384 16388 16392 16396 16400 16404 16408 16412 16416 16420 16424 16428 16432 16436 16440 16444 16448 16452 16456 16460 16464 16468 16472 16476 16480 16484 16488 16492 16496 16500 16504 16508 16512 16516 16520 16524 16528 16532 16536 16540 16544 16548 16552 16556 16560 16564 16568 16572 16576 16580 16584 16588 16592 16596 16600 16604 16608 16612 16616 16620 16624 16628 16632 16636 16640 16644 16648 16652 16656 16660 16664 16668 16672 16676 16680 16684 16688 16692 16696 16700 16704 16708 16712 16716 16720 16724 16728 16732 16736 16740 16744 16748 16752 16756 16760 16764 16768 16772 16776 16780 16784 16788 16792 16796 16800 16804 16808 16812 16816 16820 16824 16828 16832 16836 16840 16844 16848 16852 16856 16860 16864 16868 16872 16876 16880 16884 16888 16892 16896 16900 16904 16908 16912 16916 16920 16924 16928 16932 16936 16940 16944 16948 16952 16956 16960 16964 16968 16972 16976 16980 16984 16988 16992 16996 17000 17004 17008 17012 17016 17020 17024 17028 17032 17036 17040 17044 17048 17052 17056 17060 17064 17068 17072 17076 17080 17084 17088 17092 17096 17100 17104 17108 17112 17116 17120 17124 17128 17132 17136 17140 17144 17148 17152 17156 17160 17164 17168 17172 17176 17180 17184 17188 17192 17196 17200 17204 17208 17212 17216 17220 17224 17228 17232 17236 17240 17244 17248 17252 17256 17260 17264 17268 17272 17276 17280 17284 17288 17292 17296 17300 17304 17308 17312 17316 17320 17324 17328 17332 17336 17340 17344 17348 17352 17356 17360 17364 17368 17372 17376 17380 17384 17388 17392 17396 17400 17404 17408 17412 17416 17420 17424 17428 17432 17436 17440 17444 17448 17452 17456 17460 17464 17468 17472 17476 17480 17484 17488 17492 17496 17500 17504 17508 17512 17516 17520 17524 17528 17532 17536 17540 17544 17548 17552 17556 17560 17564 17568 17572 17576 17580 17584 17588 17592 17596 17600 17604 17608 17612 17616 17620 17624 17628 17632 17636 17640 17644 17648 17652 17656 17660 17664 17668 17672 17676 17680 17684 17688 17692 17696 17700 17704 17708 17712 17716 17720 17724 17728 17732 17736 17740 17744 17748 17752 17756 17760 17764 17768 17772 17776 17780 17784 17788 17792 17796 17800 17804 17808 17812 17816 17820 17824 17828 17832 17836 17840 17844 17848 17852 17856 17860 17864 17868 17872 17876 17880 17884 17888 17892 17896 17900 17904 17908 17912 17916 17920 17924 17928 17932 17936 17940 17944 17948 17952 17956 17960 17964 17968 17972 17976 17980 17984 17988 17992 17996 18000 18004 18008 18012 18016 18020 18024 18028 18032 18036 18040 18044 18048 18052 18056 18060 18064 18068 18072 18076 18080 18084 18088 18092 18096 18100 18104 18108 18112 18116 18120 18124 18128 18132 18136 18140 18144 18148 18152 18156 18160 18164 18168 18172 18176 18180 18184 18188 18192 18196 18200 18204 18208 18212 18216 18220 18224 18228 18232 18236 18240 18244 18248 18252 18256 18260 18264 18268 18272 18276 18280 18284 18288 18292 18296 18300 18304 18308 18312 18316 18320 18324 18328 18332 18336 18340 18344 18348 18352 18356 18360 18364 18368 18372 18376 18380 18384 18388 18392 18396 18400 18404 18408 18412 18416 18420 18424 18428 18432 18436 18440 18444 18448 18452 18456 18460 18464 18468 18472 18476 18480 18484 18488 18492 18496 18500 18504 18508 18512 18516 18520 18524 18528 18532 18536 18540 18544 18548 18552 18556 18560 18564 18568 18572 18576 18580 18584 18588 18592 18596 18600 18604 18608 18612 18616 18620 18624 18628 18632 18636 18640 18644 18648 18652 18656 18660 18664 18668 18672 18676 18680 18684 18688 18692 18696 18700 18704 18708 18712 18716 18720 18724 18728 18732 18736 18740 18744 18748 18752 18756 18760 18764 18768 18772 18776 18780 18784 18788 18792 18796 18800 18804 18808 18812 18816 18820 18824 18828 18832 18836 18840 18844 18848 18852 18856 18860 18864 18868 18872 18876 18880 18884 18888 18892 18896 18900 18904 18908 18912 18916 18920 18924 18928 18932 18936 18940 18944 18948 18952 18956 18960 18964 18968 18972 18976 18980 18984 18988 18992 18996 19000 19004 19008 19012 19016 19020 19024 19028 19032 19036 19040 19044 19048 19052 19056 19060 19064 19068 19072 19076 19080 19084 19088 19092 19096 19100 19104 19108 19112 19116 19120 19124 19128 19132 19136 19140 19144 19148 19152 19156 19160 19164 19168 19172 19176 19180 19184 19188 19192 19196 19200 19204 19208 19212 19216 19220 19224 19228 19232 19236 19240 19244 19248 19252 19256 19260 19264 19268 19272 19276 19280 19284 19288 19292 19296 19300 19304 19308 19312 19316 19320 19324 19328 19332 19336 19340 19344 19348 19352 19356 19360 19364 19368 19372 19376 19380 19384 19388 19392 19396 19400 19404 19408 19412 19416 19420 19424 19428 19432 19436 19440 19444 19448 19452 19456 19460 19464 19468 19472 19476 19480 19484 19488 19492 19496 19500 19504 19508 19512 19516 19520 19524 19528 19532 19536 19540 19544 19548 19552 19556 19560 19564 19568 19572 19576 19580 19584 19588 19592 19596 19600 19604 19608 19612 19616 19620 19624 19628 19632 19636 19640 19644 19648 19652 19656 19660 19664 19668 19672 19676 19680 19684 19688 19692 19696 19700 19704 19708 19712 19716 19720 19724 19728 19732 19736 19740 19744 19748 19752 19756 19760 19764 19768 19772 19776 19780 19784 19788 19792 19796 19800 19804 19808 19812 19816 19820 19824 19828 19832 19836 19840 19844 19848 19852 19856 19860 19864 19868 19872 19876 19880 19884 19888 19892 19896 19900 19904 19908 19912 19916 19920 19924 19928 19932 19936 19940 19944 19948 19952 19956 19960 19964 19968 19972 19976 19980 19984 19988 19992 19996 20000 20004 20008 20012 20016 20020 20024 20028 20032 20036 20040 20044 20048 20052 20056 20060 20064 20068 20072 20076 20080 20084 20088 20092 20096 20100 20104 20108 20112 20116 20120 20124 20128 20132 20136 20140 20144 20148 20152 20156 20160 20164 20168 20172 20176 20180 20184 20188 20192 20196 20200 20204 20208 20212 20216 20220 20224 20228 20232 20236 20240 20244 20248 20252 20256 20260 20264 20268 20272 20276 20280 20284 20288 20292 20296 20300 20304 20308 20312 20316 20320 20324 20328 20332 20336 20340 20344 20348 20352 20356 20360 20364 20368 20372 20376 20380 20384 20388 20392 20396 20400 20404 20408 20412 20416 20420 20424 20428 20432 20436 20440 20444 20448 20452 20456 20460 20464 20468 20472 20476 20480 20484 20488 20492 20496 20500 20504 20508 20512 20516 20520 20524 20528 20532 20536 20540 20544 20548 20552 20556 20560 20564 20568 20572 20576 20580 20584 20588 20592 20596 20600 20604 20608 20612 20616 20620 20624 20628 20632 20636 20640 20644 20648 20652 20656 20660 20664 20668 20672 20676 20680 20684 20688 20692 20696 20700 20704 20708 20712 20716 20720 20724 20728 20732 20736 20740 20744 20748 20752 20756 20760 20764 20768 20772 20776 20780 20784 20788 20792 20796 20800 20804 20808 20812 20816 20820 20824 20828 20832 20836 20840 20844 20848 20852 20856 20860 20864 20868 20872 20876 20880 20884 20888 20892 20896 20900 20904 20908 20912 20916 20920 20924 20928 20932 20936 20940 20944 20948 20952 20956 20960 20964 20968 20972 20976 20980 20984 20988 20992 20996 21000 21004 21008 21012 21016 21020 21024 21028 21032 21036 21040 21044 21048 21052 21056 21060 21064 21068 21072 21076 21080 21084 21088 21092 21096 21100 21104 21108 21112 21116 21120 21124 21128 21132 21136 21140 21144 21148 21152 21156 21160 21164 21168 21172 21176 21180 21184 21188 21192 21196 21200 21204 21208 21212 21216 21220 21224 21228 21232 21236 21240 21244 21248 21252 21256 21260 21264 21268 21272 21276 21280 21284 21288 21292 21296 21300 21304 21308 21312 21316 21320 21324 21328 21332 21336 21340 21344 21348 21352 21356 21360 21364 21368 21372 21376 21380 21384 21388 21392 21396 21400 21404 21408 21412 21416 21420 21424 21428 21432 21436 21440 21444 21448 21452 21456 21460 21464 21468 21472 21476 21480 21484 21488 21492 21496 21500 21504 21508 21512 21516 21520 21524 21528 21532 21536 21540 21544 21548 21552 21556 21560 21564 21568 21572 21576 21580 21584 21588 21592 21596 21600 21604 21608 21612 21616 21620 21624 21628 21632 21636 21640 21644 21648 21652 21656 21660 21664 21668 21672 21676 21680 21684 21688 21692 21696 21700 21704 21708 21712 21716 21720 21724 21728 21732 21736 21740 21744 21748 21752 21756 21760 21764 21768 21772 21776 21780 21784 21788 21792 21796 21800 21804 21808 21812 21816 21820 21824 21828 21832 21836 21840 21844 21848 21852 21856 21860 21864 21868 21872 21876 21880 21884 21888 21892 21896 21900 21904 21908 21912 21916 21920 21924 21928 21932 21936 21940 21944 21948 21952 21956 21960 21964 21968 21972 21976 21980 21984 21988 21992 21996 22000 22004 22008 22012 22016 22020 22024 22028 22032 22036 22040 22044 22048 22052 22056 22060 22064 22068 22072 22076 22080 22084 22088 22092 22096 22100 22104 22108 22112 22116 22120 22124 22128 22132 22136 22140 22144 22148 22152 22156 22160 22164 22168 22172 22176 22180 22184 22188 22192 22196 22200 22204 22208 22212 22216 22220 22224 22228 22232 22236 22240 22244 22248 22252 22256 22260 22264 22268 22272 22276 22280 22284 22288 22292 22296 22300 22304 22308 22312 22316 22320 22324 22328 22332 22336 22340 22344 22348 22352 22356 22360 22364 22368 22372 22376 22380 22384 22388 22392 22396 22400 22404 22408 22412 22416 22420 22424 22428 22432 22436 22440 22444 22448 22452 22456 22460 22464 22468 22472 22476 22480 22484 22488 22492 22496 22500 22504 22508 22512 22516 22520 22524 22528 22532 22536 22540 22544 22548 22552 22556 22560 22564 22568 22572 22576 22580 22584 22588 22592 22596 22600 22604 22608 22612 22616 22620 22624 22628 22632 22636 22640 22644 22648 22652 22656 22660 22664 22668 22672 22676 22680 22684 22688 22692 22696 22700 22704 22708 22712 22716 22720 22724 22728 22732 22736 22740 22744 22748 22752 22756 22760 22764 22768 22772 22776 22780 22784 22788 22792 22796 22800 22804 22808 22812 22816 22820 22824 22828 22832 22836 22840 22844 22848 22852 22856 22860 22864 22868 22872 22876 22880 22884 22888 22892 22896 22900 22904 22908 22912 22916 22920 22924 22928 22932 22936 22940 22944 22948 22952 22956 22960 22964 22968 22972 22976 22980 22984 22988 22992 22996 23000 23004 23008 23012 23016 23020 23024 23028 23032 23036 23040 23044 23048 23052 23056 23060 23064 23068 23072 23076 23080 23084 23088 23092 23096 23100 23104 23108 23112 23116 23120 23124 23128 23132 23136 23140 23144 23148 23152 23156 23160 23164 23168 23172 23176 23180 23184 23188 23192 23196 23200 23204 23208 23212 23216 23220 23224 23228 23232 23236 23240 23244 23248 23252 23256 23260 23264 23268 23272 23276 23280 23284 23288 23292 23296 23300 23304 23308 23312 23316 23320 23324 23328 23332 23336 23340 23344 23348 23352 23356 23360 23364 23368 23372 23376 23380 23384 23388 23392 23396 23400 23404 23408 23412 23416 23420 23424 23428 23432 23436 23440 23444 23448 23452 23456 23460 23464 23468 23472 23476 23480 23484 23488 23492 23496 23500 23504 23508 23512 23516 23520 23524 23528 23532 23536 23540 23544 23548 23552 23556 23560 23564 23568 23572 23576 23580 23584 23588 23592 23596 23600 23604 23608 23612 23616 23620 23624 23628 23632 23636 23640 23644 23648 23652 23656 23660 23664 23668 23672 23676 23680 23684 23688 23692 23696 23700 23704 23708 23712 23716 23720 23724 23728 23732 23736 23740 23744 23748 23752 23756 23760 23764 23768 23772 23776 23780 23784 23788 23792 23796 23800 23804 23808 23812 23816 23820 23824 23828 23832 23836 23840 23844 23848 23852 23856 23860 23864 23868 23872 23876 23880 23884 23888 23892 23896 23900 23904 23908 23912 23916 23920 23924 23928 23932 23936 23940 23944 23948 23952 23956 23960 23964 23968 23972 23976 23980 23984 23988 23992 23996 24000 24004 24008 24012 24016 24020 24024 24028 24032 24036 24040 24044 24048 24052 24056 24060 24064 24068 24072 24076 24080 24084 24088 24092 24096 24100 24104 24108 24112 24116 24120 24124 24128 24132 24136 24140 24144 24148 24152 24156 24160 24164 24168 24172 24176 24180 24184 24188 24192 24196 24200 24204 24208 24212 24216 24220 24224 24228 24232 24236 24240 24244 24248 24252 24256 24260 24264 24268 24272 24276 24280 24284 24288 24292 24296 24300 24304 24308 24312 24316 24320 24324 24328 24332 24336 24340 24344 24348 24352 24356 24360 24364 24368 24372 24376 24380 24384 24388 24392 24396 24400 24404 24408 24412 24416 24420 24424 24428 24432 24436 24440 24444 24448 24452 24456 24460 24464 24468 24472 24476 24480 24484 24488 24492 24496 24500 24504 24508 24512 24516 24520 24524 24528 24532 24536 24540 24544 24548 24552 24556 24560 24564 24568 24572 24576 24580 24584 24588 24592 24596 24600 24604 24608 24612 24616 24620 24624 24628 24632 24636 24640 24644 24648 24652 24656 24660 24664 24668 24672 24676 24680 24684 24688 24692 24696 24700 24704 24708 24712 24716 24720 24724 24728 24732 24736 24740 24744 24748 24752 24756 24760 24764 24768 24772 24776 24780 24784 24788 24792 24796 24800 24804 24808 24812 24816 24820 24824 24828 24832 24836 24840 24844 24848 24852 24856 24860 24864 24868 24872 24876 24880 24884 24888 24892 24896 24900 24904 24908 24912 24916 24920 24924 24928 24932 24936 24940 24944 24948 24952 24956 24960 24964 24968 24972 24976 24980 24984 24988 24992 24996 25000 25004 25008 25012 25016 25020 25024 25028 25032 25036 25040 25044 25048 25052 25056 25060 25064 25068 25072 25076 25080 25084 25088 25092 25096 25100 25104 25108 25112 25116 25120 25124 25128 25132 25136 25140 25144 25148 25152 25156 25160 25164 25168 25172 25176 25180 25184 25188 25192 25196 25200 25204 25208 25212 25216 25220 25224 25228 25232 25236 25240 25244 25248 25252 25256 25260 25264 25268 25272 25276 25280 25284 25288 25292 25296 25300 25304 25308 25312 25316 25320 25324 25328 25332 25336 25340 25344 25348 25352 25356 25360 25364 25368 25372 25376 25380 25384 25388 25392 25396 25400 25404 25408 25412 25416 25420 25424 25428 25432 25436 25440 25444 25448 25452 25456 25460 25464 25468 25472 25476 25480 25484 25488 25492 25496 25500 25504 25508 25512 25516 25520 25524 25528 25532 25536 25540 25544 25548 25552 25556 25560 25564 25568 25572 25576 25580 25584 25588 25592 25596 25600 </DataArray>
        <DataArray type="Int8" Name="types" format="ascii">70 70 70 70 70 70 70 70 70 70 70 70 70 70 70 70 70 70 70 70 70 70 70 70 70 70 70 70 70 70 70 70 70 70 70 70 70 70 70 70 70 70 70 70 70 70 70 70 70 70 70 70 70 70 70 70 70 70 70 70 70 70 70 70 70 70 70 70 70 70 70 70 70 70 70 70 70 70 70 70 70 70 70 70 70 70 70 70 70 70 70 70 70 70 70 70 70 70 70 70 70 70 70 70 70 70 70 70 70 70 70 70 70 70 70 70 70 70 70 70 70 70 70 70 70 70 70 70 70 70 70 70 70 70 70 70 70 70 70 70 70 70 70 70 70 70 70 70 70 70 70 70 70 70 70 70 70 70 70 70 70 70 70 70 70 70 70 70 70 70 70 70 70 70 70 70 70 70 70 70 70 70 70 70 70 70 70 70 70 70 70 70 70 70 70 70 70 70 70 70 70 70 70 70 70 70 70 70 70 70 70 70 70 70 70 70 70 70 70 70 70 70 70 70 70 70 70 70 70 70 70 70 70 70 70 70 70 70 70 70 70 70 70 70 70 70 70 70 70 70 70 70 70 70 70 70 70 70 70 70 70 70 70 70 70 70 70 70 70 70 70 70 70 70 70 70 70 70 70 70 70 70 70 70 70 70 70 70 70 70 70 70 70 70 70 70 70 70 70 70 70 70 70 70 70 70 70 70 70 70 70 70 70 70 70 70 70 70 70 70 70 70 70 70 70 70 70 70 70 70 70 70 70 70 70 70 70 70 70 70 70 70 70 70 70 70 70 70 70 70 70 70 70 70 70 70 70 70 70 70 70 70 70 70 70 70 70 70 70 70 70 70 70 70 70 70 70 70 70 70 70 70 70 70 70 70 70 70 70 70 70 70 70 70 70 70 70 70 70 70 70 70 70 70 70 70 70 70 70 70 70 70 70 70 70 70 70 70 70 70 70 70 70 70 70 70 70 70 70 70 70 70 70 70 70 70 70 70 70 70 70 70 70 70 70 70 70 70 70 70 70 70 70 70 70 70 70 70 70 70 70 70 70 70 70 70 70 70 70 70 70 70 70 70 70 70 70 70 70 70 70 70 70 70 70 70 70 70 70 70 70 70 70 70 70 70 70 70 70 70 70 70 70 70 70 70 70 70 70 70 70 70 70 70 70 70 70 70 70 70 70 70 70 70 70 70 70 70 70 70 70 70 70 70 70 70 70 70 70 70 70 70 70 70 70 70 70 70 70 70 70 70 70 70 70 70 70 70 70 70 70 70 70 70 70 70 70 70 70 70 70 70 70 70 70 70 70 70 70 70 70 70 70 70 70 70 70 70 70 70 70 70 70 70 70 70 70 70 70 70 70 70 70 70 70 70 70 70 70 70 70 70 70 70 70 70 70 70 70 70 70 70 70 70 70 70 70 70 70 70 70 70 70 70 70 70 70 70 70 70 70 70 70 70 70 70 70 70 70 70 70 70 70 70 70 70 70 70 70 70 70 70 70 70 70 70 70 70 70 70 70 70 70 70 70 70 70 70 70 70 70 70 70 70 70 70 70 70 70 70 70 70 70 70 70 70 70 70 70 70 70 70 70 70 70 70 70 70 70 70 70 70 70 70 70 70 70 70 70 70 70 70 70 70 70 70 70 70 70 70 70 70 70 70 70 70 70 70 70 70 70 70 70 70 70 70 70 70 70 70 70 70 70 70 70 70 70 70 70 70 70 70 70 70 70 70 70 70 70 70 70 70 70 70 70 70 70 70 70 70 70 70 70 70 70 70 70 70 70 70 70 70 70 70 70 70 70 70 70 70 70 70 70 70 70 70 70 70 70 70 70 70 70 70 70 70 70 70 70 70 70 70 70 70 70 70 70 70 70 70 70 70 70 70 70 70 70 70 70 70 70 70 70 70 70 70 70 70 70 70 70 70 70 70 70 70 70 70 70 70 70 70 70 70 70 70 70 70 70 70 70 70 70 70 70 70 70 70 70 70 70 70 70 70 70 70 70 70 70 70 70 70 70 70 70 70 70 70 70 70 70 70 70 70 70 70 70 70 70 70 70 70 70 70 70 70 70 70 70 70 70 70 70 70 70 70 70 70 70 70 70 70 70 70 70 70 70 70 70 70 70 70 70 70 70 70 70 70 70 70 70 70 70 70 70 70 70 70 70 70 70 70 70 70 70 70 70 70 70 70 70 70 70 70 70 70 70 70 70 70 70 70 70 70 70 70 70 70 70 70 70 70 70 70 70 70 70 70 70 70 70 70 70 70 70 70 70 70 70 70 70 70 70 70 70 70 70 70 70 70 70 70 70 70 70 70 70 70 70 70 70 70 70 70 70 70 70 70 70 70 70 70 70 70 70 70 70 70 70 70 70 70 70 70 70 70 70 70 70 70 70 70 70 70 70 70 70 70 70 70 70 70 70 70 70 70 70 70 70 70 70 70 70 70 70 70 70 70 70 70 70 70 70 70 70 70 70 70 70 70 70 70 70 70 70 70 70 70 70 70 70 70 70 70 70 70 70 70 70 70 70 70 70 70 70 70 70 70 70 70 70 70 70 70 70 70 70 70 70 70 70 70 70 70 70 70 70 70 70 70 70 70 70 70 70 70 70 70 70 70 70 70 70 70 70 70 70 70 70 70 70 70 70 70 70 70 70 70 70 70 70 70 70 70 70 70 70 70 70 70 70 70 70 70 70 70 70 70 70 70 70 70 70 70 70 70 70 70 70 70 70 70 70 70 70 70 70 70 70 70 70 70 70 70 70 70 70 70 70 70 70 70 70 70 70 70 70 70 70 70 70 70 70 70 70 70 70 70 70 70 70 70 70 70 70 70 70 70 70 70 70 70 70 70 70 70 70 70 70 70 70 70 70 70 70 70 70 70 70 70 70 70 70 70 70 70 70 70 70 70 70 70 70 70 70 70 70 70 70 70 70 70 70 70 70 70 70 70 70 70 70 70 70 70 70 70 70 70 70 70 70 70 70 70 70 70 70 70 70 70 70 70 70 70 70 70 70 70 70 70 70 70 70 70 70 70 70 70 70 70 70 70 70 70 70 70 70 70 70 70 70 70 70 70 70 70 70 70 70 70 70 70 70 70 70 70 70 70 70 70 70 70 70 70 70 70 70 70 70 70 70 70 70 70 70 70 70 70 70 70 70 70 70 70 70 70 70 70 70 70 70 70 70 70 70 70 70 70 70 70 70 70 70 70 70 70 70 70 70 70 70 70 70 70 70 70 70 70 70 70 70 70 70 70 70 70 70 70 70 70 70 70 70 70 70 70 70 70 70 70 70 70 70 70 70 70 70 70 70 70 70 70 70 70 70 70 70 70 70 70 70 70 70 70 70 70 70 70 70 70 70 70 70 70 70 70 70 70 70 70 70 70 70 70 70 70 70 70 70 70 70 70 70 70 70 70 70 70 70 70 70 70 70 70 70 70 70 70 70 70 70 70 70 70 70 70 70 70 70 70 70 70 70 70 70 70 70 70 70 70 70 70 70 70 70 70 70 70 70 70 70 70 70 70 70 70 70 70 70 70 70 70 70 70 70 70 70 70 70 70 70 70 70 70 70 70 70 70 70 70 70 70 70 70 70 70 70 70 70 70 70 70 70 70 70 70 70 70 70 70 70 70 70 70 70 70 70 70 70 70 70 70 70 70 70 70 70 70 70 70 70 70 70 70 70 70 70 70 70 70 70 70 70 70 70 70 70 70 70 70 70 70 70 70 70 70 70 70 70 70 70 70 70 70 70 70 70 70 70 70 70 70 70 70 70 70 70 70 70 70 70 70 70 70 70 70 70 70 70 70 70 70 70 70 70 70 70 70 70 70 70 70 70 70 70 70 70 70 70 70 70 70 70 70 70 70 70 70 70 70 70 70 70 70 70 70 70 70 70 70 70 70 70 70 70 70 70 70 70 70 70 70 70 70 70 70 70 70 70 70 70 70 70 70 70 70 70 70 70 70 70 70 70 70 70 70 70 70 70 70 70 70 70 70 70 70 70 70 70 70 70 70 70 70 70 70 70 70 70 70 70 70 70 70 70 70 70 70 70 70 70 70 70 70 70 70 70 70 70 70 70 70 70 70 70 70 70 70 70 70 70 70 70 70 70 70 70 70 70 70 70 70 70 70 70 70 70 70 70 70 70 70 70 70 70 70 70 70 70 70 70 70 70 70 70 70 70 70 70 70 70 70 70 70 70 70 70 70 70 70 70 70 70 70 70 70 70 70 70 70 70 70 70 70 70 70 70 70 70 70 70 70 70 70 70 70 70 70 70 70 70 70 70 70 70 70 70 70 70 70 70 70 70 70 70 70 70 70 70 70 70 70 70 70 70 70 70 70 70 70 70 70 70 70 70 70 70 70 70 70 70 70 70 70 70 70 70 70 70 70 70 70 70 70 70 70 70 70 70 70 70 70 70 70 70 70 70 70 70 70 70 70 70 70 70 70 70 70 70 70 70 70 70 70 70 70 70 70 70 70 70 70 70 70 70 70 70 70 70 70 70 70 70 70 70 70 70 70 70 70 70 70 70 70 70 70 70 70 70 70 70 70 70 70 70 70 70 70 70 70 70 70 70 70 70 70 70 70 70 70 70 70 70 70 70 70 70 70 70 70 70 70 70 70 70 70 70 70 70 70 70 70 70 70 70 70 70 70 70 70 70 70 70 70 70 70 70 70 70 70 70 70 70 70 70 70 70 70 70 70 70 70 70 70 70 70 70 70 70 70 70 70 70 70 70 70 70 70 70 70 70 70 70 70 70 70 70 70 70 70 70 70 70 70 70 70 70 70 70 70 70 70 70 70 70 70 70 70 70 70 70 70 70 70 70 70 70 70 70 70 70 70 70 70 70 70 70 70 70 70 70 70 70 70 70 70 70 70 70 70 70 70 70 70 70 70 70 70 70 70 70 70 70 70 70 70 70 70 70 70 70 70 70 70 70 70 70 70 70 70 70 70 70 70 70 70 70 70 70 70 70 70 70 70 70 70 70 70 70 70 70 70 70 70 70 70 70 70 70 70 70 70 70 70 70 70 70 70 70 70 70 70 70 70 70 70 70 70 70 70 70 70 70 70 70 70 70 70 70 70 70 70 70 70 70 70 70 70 70 70 70 70 70 70 70 70 70 70 70 70 70 70 70 70 70 70 70 70 70 70 70 70 70 70 70 70 70 70 70 70 70 70 70 70 70 70 70 70 70 70 70 70 70 70 70 70 70 70 70 70 70 70 70 70 70 70 70 70 70 70 70 70 70 70 70 70 70 70 70 70 70 70 70 70 70 70 70 70 70 70 70 70 70 70 70 70 70 70 70 70 70 70 70 70 70 70 70 70 70 70 70 70 70 70 70 70 70 70 70 70 70 70 70 70 70 70 70 70 70 70 70 70 70 70 70 70 70 70 70 70 70 70 70 70 70 70 70 70 70 70 70 70 70 70 70 70 70 70 70 70 70 70 70 70 70 70 70 70 70 70 70 70 70 70 70 70 70 70 70 70 70 70 70 70 70 70 70 70 70 70 70 70 70 70 70 70 70 70 70 70 70 70 70 70 70 70 70 70 70 70 70 70 70 70 70 70 70 70 70 70 70 70 70 70 70 70 70 70 70 70 70 70 70 70 70 70 70 70 70 70 70 70 70 70 70 70 70 70 70 70 70 70 70 70 70 70 70 70 70 70 70 70 70 70 70 70 70 70 70 70 70 70 70 70 70 70 70 70 70 70 70 70 70 70 70 70 70 70 70 70 70 70 70 70 70 70 70 70 70 70 70 70 70 70 70 70 70 70 70 70 70 70 70 70 70 70 70 70 70 70 70 70 70 70 70 70 70 70 70 70 70 70 70 70 70 70 70 70 70 70 70 70 70 70 70 70 70 70 70 70 70 70 70 70 70 70 70 70 70 70 70 70 70 70 70 70 70 70 70 70 70 70 70 70 70 70 70 70 70 70 70 70 70 70 70 70 70 70 70 70 70 70 70 70 70 70 70 70 70 70 70 70 70 70 70 70 70 70 70 70 70 70 70 70 70 70 70 70 70 70 70 70 70 70 70 70 70 70 70 70 70 70 70 70 70 70 70 70 70 70 70 70 70 70 70 70 70 70 70 70 70 70 70 70 70 70 70 70 70 70 70 70 70 70 70 70 70 70 70 70 70 70 70 70 70 70 70 70 70 70 70 70 70 70 70 70 70 70 70 70 70 70 70 70 70 70 70 70 70 70 70 70 70 70 70 70 70 70 70 70 70 70 70 70 70 70 70 70 70 70 70 70 70 70 70 70 70 70 70 70 70 70 70 70 70 70 70 70 70 70 70 70 70 70 70 70 70 70 70 70 70 70 70 70 70 70 70 70 70 70 70 70 70 70 70 70 70 70 70 70 70 70 70 70 70 70 70 70 70 70 70 70 70 70 70 70 70 70 70 70 70 70 70 70 70 70 70 70 70 70 70 70 70 70 70 70 70 70 70 70 70 70 70 70 70 70 70 70 70 70 70 70 70 70 70 70 70 70 70 70 70 70 70 70 70 70 70 70 70 70 70 70 70 70 70 70 70 70 70 70 70 70 70 70 70 70 70 70 70 70 70 70 70 70 70 70 70 70 70 70 70 70 70 70 70 70 70 70 70 70 70 70 70 70 70 70 70 70 70 70 70 70 70 70 70 70 70 70 70 70 70 70 70 70 70 70 70 70 70 70 70 70 70 70 70 70 70 70 70 70 70 70 70 70 70 70 70 70 70 70 70 70 70 70 70 70 70 70 70 70 70 70 70 70 70 70 70 70 70 70 70 70 70 70 70 70 70 70 70 70 70 70 70 70 70 70 70 70 70 70 70 70 70 70 70 70 70 70 70 70 70 70 70 70 70 70 70 70 70 70 70 70 70 70 70 70 70 70 70 70 70 70 70 70 70 70 70 70 70 70 70 70 70 70 70 70 70 70 70 70 70 70 70 70 70 70 70 70 70 70 70 70 70 70 70 70 70 70 70 70 70 70 70 70 70 70 70 70 70 70 70 70 70 70 70 70 70 70 70 70 70 70 70 70 70 70 70 70 70 70 70 70 70 70 70 70 70 70 70 70 70 70 70 70 70 70 70 70 70 70 70 70 70 70 70 70 70 70 70 70 70 70 70 70 70 70 70 70 70 70 70 70 70 70 70 70 70 70 70 70 70 70 70 70 70 70 70 70 70 70 70 70 70 70 70 70 70 70 70 70 70 70 70 70 70 70 70 70 70 70 70 70 70 70 70 70 70 70 70 70 70 70 70 70 70 70 70 70 70 70 70 70 70 70 70 70 70 70 70 70 70 70 70 70 70 70 70 70 70 70 70 70 70 70 70 70 70 70 70 70 70 70 70 70 70 70 70 70 70 70 70 70 70 70 70 70 70 70 70 70 70 70 70 70 70 70 70 70 70 70 70 70 70 70 70 70 70 70 70 70 70 70 70 70 70 70 70 70 70 70 70 70 70 70 70 70 70 70 70 70 70 70 70 70 70 70 70 70 70 70 70 70 70 70 70 70 70 70 70 70 70 70 70 70 70 70 70 70 70 70 70 70 70 70 70 70 70 70 70 70 70 70 70 70 70 70 70 70 70 70 70 70 70 70 70 70 70 70 70 70 70 70 70 70 70 70 70 70 70 70 70 70 70 70 70 70 70 70 70 70 70 70 70 70 70 70 70 70 70 70 70 70 70 70 70 70 70 70 70 70 70 70 70 70 70 70 70 70 70 70 70 70 70 70 70 70 70 70 70 70 70 70 70 70 70 70 70 70 70 70 70 70 70 70 70 70 70 70 70 70 70 70 70 70 70 70 70 70 70 70 70 70 70 70 70 70 70 70 70 70 70 70 70 70 70 70 70 70 70 70 70 70 70 70 70 70 70 70 70 70 70 70 70 70 70 70 70 70 70 70 70 70 70 70 70 70 70 70 70 70 70 70 70 70 70 70 70 70 70 70 70 70 70 70 70 70 70 70 70 70 70 70 70 70 70 70 70 70 70 70 70 70 70 70 70 70 70 70 70 70 70 70 70 70 70 70 70 70 70 70 70 70 70 70 70 70 70 70 70 70 70 70 70 70 70 70 70 70 70 70 70 70 70 70 70 70 70 70 70 70 70 70 70 70 70 70 70 70 70 70 70 70 70 70 70 70 70 70 70 70 70 70 70 70 70 70 70 70 70 70 70 70 70 70 70 70 70 70 70 70 70 70 70 70 70 70 70 70 70 70 70 70 70 70 70 70 70 70 70 70 70 70 70 70 70 70 70 70 70 70 70 70 70 70 70 70 70 70 70 70 70 70 70 70 70 70 70 70 70 70 70 70 70 70 70 70 70 70 70 70 70 70 70 70 70 70 70 70 70 70 70 70 70 70 70 70 70 70 70 70 70 70 70 70 70 70 70 70 70 70 70 70 70 70 70 70 70 70 70 70 70 70 70 70 70 70 70 70 70 70 70 70 70 70 70 70 70 70 70 70 70 70 70 70 70 70 70 70 70 70 70 70 70 70 70 70 70 70 70 70 70 70 70 70 70 70 70 70 70 70 70 70 70 70 70 70 70 70 70 70 70 70 70 70 70 70 70 70 70 70 70 70 70 70 70 70 70 70 70 70 70 70 70 70 70 70 70 70 70 70 70 70 70 70 70 70 70 70 70 70 70 70 70 70 70 70 70 70 70 70 70 70 70 70 70 70 70 70 70 70 70 70 70 70 70 70 70 70 70 70 70 70 70 70 70 70 70 70 70 70 70 70 70 70 70 70 70 70 70 70 70 70 70 70 70 70 70 70 70 70 70 70 70 70 70 70 70 70 70 70 70 70 70 70 70 70 70 70 70 70 70 70 70 70 70 70 70 70 70 70 70 70 70 70 70 70 70 70 70 70 70 70 70 70 70 70 70 70 70 70 70 70 70 70 70 70 70 70 70 70 70 70 70 70 70 70 70 70 70 70 70 70 70 70 70 70 70 70 70 70 70 70 70 70 70 70 70 70 70 70 70 70 70 70 70 70 70 70 70 70 70 70 70 70 70 70 70 70 70 70 70 70 70 70 70 70 70 70 70 70 70 70 70 70 70 70 70 70 70 70 70 70 70 70 70 70 70 70 70 70 70 70 70 70 70 70 70 70 70 70 70 70 70 70 70 70 70 70 70 70 70 70 70 70 70 70 70 70 70 70 70 70 70 70 70 70 70 70 70 70 70 70 70 70 70 70 70 70 70 70 70 70 70 70 70 70 70 70 70 70 70 70 70 70 70 70 70 70 70 70 70 70 70 70 70 70 70 70 70 70 70 70 70 70 70 70 70 70 70 70 70 70 70 70 70 70 70 70 70 70 70 70 70 70 70 70 70 70 70 70 70 70 70 70 70 70 70 70 70 70 70 70 70 70 70 70 70 70 70 70 70 70 70 70 70 70 70 70 70 70 70 70 70 70 70 70 70 70 70 70 70 70 70 70 70 70 70 70 70 70 70 70 70 70 70 70 70 70 70 70 70 70 70 70 70 70 70 70 70 70 70 70 70 70 70 70 70 70 70 70 70 70 70 70 70 70 70 70 70 70 70 70 70 70 70 70 70 70 70 70 70 70 70 70 70 70 70 70 70 70 70 70 70 70 70 70 70 70 70 70 70 70 70 70 70 70 70 70 70 70 70 70 70 70 70 70 70 70 70 70 70 70 70 70 70 70 70 70 70 70 70 70 70 70 70 70 70 70 70 70 70 70 70 70 70 70 70 70 70 70 70 70 70 70 70 70 70 70 70 70 70 70 70 70 70 70 70 70 70 70 70 70 70 70 70 70 70 70 70 70 70 70 70 70 70 70 70 70 70 70 70 70 70 70 70 70 70 70 70 70 70 70 70 70 70 70 70 70 70 70 70 70 70 70 70 70 70 70 70 70 70 70 70 70 70 70 70 70 70 70 70 70 70 70 70 70 70 70 70 70 70 70 70 70 70 70 70 70 70 70 70 70 70 70 70 70 70 70 70 70 70 70 70 70 70 70 70 70 70 70 70 70 70 70 70 70 70 70 70 70 70 70 70 70 70 70 70 70 70 70 70 70 70 70 70 70 70 70 70 70 70 70 70 70 70 70 70 70 70 70 70 70 70 70 70 70 70 70 70 70 70 70 70 70 70 70 70 70 70 70 70 70 70 70 70 70 70 70 70 70 70 70 70 70 70 70 70 70 70 70 70 70 70 70 70 70 70 70 70 70 70 70 70 70 70 70 70 70 70 70 70 70 70 70 70 70 70 70 70 70 70 70 70 70 70 70 70 70 70 70 70 70 70 70 70 70 70 70 70 70 70 70 70 70 70 70 70 70 70 70 70 70 70 70 70 70 70 70 70 70 70 70 70 70 70 70 70 70 70 70 70 70 70 70 70 70 70 70 70 70 70 70 70 70 70 70 70 70 70 70 70 70 70 70 70 70 70 70 70 70 70 70 70 70 70 70 70 70 70 70 70 70 70 70 70 70 70 70 70 70 70 70 70 70 70 70 70 70 70 70 70 70 70 70 70 70 70 70 70 70 70 70 70 70 70 70 70 70 70 70 70 70 70 70 70 70 70 70 70 70 70 70 70 70 70 70 70 70 70 70 70 70 70 70 70 70 70 70 70 70 70 70 70 70 70 70 70 70 70 70 70 70 70 70 70 70 70 70 70 70 70 70 70 70 70 70 70 70 70 70 70 70 70 70 70 70 70 70 70 70 70 70 70 70 70 70 70 70 70 70 70 70 70 70 70 70 70 70 70 70 70 70 70 70 70 70 70 70 70 70 70 70 70 70 70 70 70 70 70 70 70 70 70 70 70 70 70 70 70 70 70 70 70 70 70 70 70 70 70 70 70 70 70 70 70 70 70 70 70 70 70 70 70 70 70 70 70 70 70 70 70 70 70 70 70 70 70 70 70 70 70 70 70 70 70 70 70 70 70 70 70 70 70 70 70 70 70 70 70 70 70 70 70 70 70 70 70 70 70 70 70 70 70 70 70 70 70 70 70 70 70 70 70 70 70 70 70 70 70 70 70 70 70 70 70 70 70 70 70 70 70 70 70 70 70 70 70 70 70 70 70 70 70 70 70 70 70 70 70 70 70 70 70 70 70 70 70 70 70 70 70 70 70 70 70 70 70 70 70 70 70 70 70 70 70 70 70 70 70 70 70 70 70 70 70 70 70 70 70 70 70 70 70 70 70 70 70 70 70 70 70 70 70 70 70 70 70 70 70 70 70 70 70 70 70 70 70 70 70 70 70 70 70 70 70 70 70 70 70 70 70 70 70 70 70 70 70 70 70 70 70 70 70 70 70 70 70 70 70 70 70 70 70 70 70 70 70 70 70 70 70 70 70 70 70 70 70 70 70 70 70 70 70 70 70 70 70 70 70 70 70 70 70 70 70 70 70 70 70 70 70 70 70 70 70 70 70 70 70 70 70 70 70 70 70 70 70 70 70 70 70 70 70 70 70 70 70 70 70 70 70 70 70 70 70 70 70 70 70 70 70 70 70 70 70 70 70 70 70 70 70 70 70 70 70 70 70 70 70 70 70 70 70 70 70 70 70 70 70 70 70 70 70 70 70 70 70 70 70 70 70 70 70 70 70 70 70 70 70 70 70 70 70 70 70 70 70 70 70 70 70 70 70 70 70 70 70 70 70 70 70 70 70 70 70 70 70 70 70 70 70 70 70 70 70 70 70 70 70 70 70 70 70 70 70 70 70 70 70 70 70 70 70 70 70 70 70 70 70 70 70 70 70 70 70 70 70 70 70 70 70 70 70 70 70 70 70 70 70 70 70 70 70 70 70 70 70 70 70 70 70 70 70 70 70 70 70 70 70 70 70 70 70 70 70 70 70 70 70 70 70 70 70 70 70 70 70 70 70 70 70 70 70 70 70 70 70 70 70 70 70 70 70 70 70 70 70 70 70 70 70 70 70 70 70 70 70 70 70 70 70 70 70 70 70 70 70 70 70 70 70 70 70 70 70 70 70 70 70 70 70 70 70 70 70 70 70 70 70 70 70 70 70 70 70 70 70 70 70 70 70 70 70 70 70 70 70 70 70 70 70 70 70 70 70 70 70 70 70 70 70 70 70 70 70 70 70 70 70 70 70 70 70 70 70 70 70 70 70 70 70 70 70 70 70 70 70 70 70 70 70 70 70 70 70 70 70 70 70 70 70 70 70 70 70 70 70 70 70 70 70 70 70 70 70 70 70 70 70 70 70 70 70 70 70 70 70 70 70 70 70 70 70 70 70 70 70 70 70 70 70 70 70 70 70 70 70 70 70 70 70 70 70 70 70 70 70 70 70 70 70 70 70 70 70 70 70 70 70 70 70 70 70 70 70 70 70 70 70 70 70 70 70 70 70 70 70 70 70 70 70 70 70 70 70 70 70 70 70 70 70 70 70 70 70 70 70 70 70 70 70 70 70 70 70 70 70 70 70 70 70 70 70 70 70 70 70 70 70 70 70 70 70 70 70 70 70 70 70 70 70 70 70 70 70 70 70 70 70 70 70 70 70 70 70 70 70 70 70 70 70 70 70 70 70 70 70 70 70 70 70 70 70 70 70 70 70 70 70 70 70 70 70 70 70 70 70 70 70 70 70 70 70 70 70 70 70 70 70 70 70 70 70 70 70 70 70 70 70 70 70 70 70 70 70 70 70 70 70 70 70 70 70 70 70 70 70 70 70 70 70 70 70 70 70 70 70 70 70 70 70 70 70 70 70 70 70 70 70 70 70 70 70 70 70 70 70 70 70 70 70 70 70 70 70 70 70 70 70 70 70 70 70 70 70 70 70 70 70 70 70 70 70 70 70 70 70 70 70 70 70 70 70 70 70 70 70 70 70 70 70 70 70 70 70 70 70 70 70 70 70 70 70 70 70 70 70 70 70 70 70 70 70 70 70 70 70 70 70 70 70 70 70 70 70 70 70 70 70 70 70 70 70 70 70 70 70 70 70 70 70 70 70 70 70 70 70 70 70 70 70 70 70 70 70 70 70 70 70 70 70 70 70 70 70 70 70 70 70 70 70 70 70 70 70 70 70 70 70 70 70 70 70 70 70 70 70 70 70 70 70 70 70 70 70 70 70 70 70 70 70 70 70 70 70 70 70 70 70 70 70 70 70 70 70 70 70 70 70 70 70 70 70 70 70 70 70 70 70 70 70 70 70 70 70 70 70 70 70 70 70 70 70 70 70 70 70 70 70 70 70 70 70 70 70 70 70 70 70 70 70 70 70 70 70 70 70 70 70 70 70 70 70 70 70 70 70 70 70 70 70 70 70 70 70 70 70 70 70 70 70 70 70 70 70 70 70 70 70 70 70 70 70 70 70 70 70 70 70 70 70 70 70 70 70 70 70 70 70 70 70 70 70 70 70 70 70 70 70 70 70 70 70 70 70 70 70 70 70 70 70 70 70 70 70 70 70 70 70 70 70 70 70 70 70 70 70 70 70 70 70 70 70 70 70 70 70 70 70 70 70 70 70 70 70 70 70 70 70 70 70 70 70 70 70 70 70 70 70 70 70 70 70 70 70 70 70 70 70 70 70 70 70 70 70 70 70 70 70 70 70 70 70 70 70 70 70 70 70 70 70 70 70 70 70 70 70 70 70 70 70 70 70 70 70 70 70 70 70 70 70 70 70 70 70 70 70 70 70 70 70 70 70 70 70 70 70 70 70 70 70 70 70 70 70 70 70 70 70 70 70 70 70 70 70 70 70 70 70 70 70 70 70 70 70 70 70 70 70 70 70 70 70 70 70 70 70 70 70 70 70 70 70 70 70 70 70 70 70 70 70 70 70 70 70 70 70 70 70 70 70 70 70 70 70 70 70 70 70 70 70 70 70 70 70 70 70 70 70 70 70 70 70 70 70 70 70 70 70 70 70 70 70 70 70 70 70 70 70 70 70 70 70 70 70 70 70 70 70 70 70 70 70 70 70 70 70 70 70 70 70 70 70 70 70 70 70 70 70 70 70 70 70 70 70 70 70 70 70 70 70 70 70 70 70 70 70 70 70 70 70 70 70 70 70 70 70 70 70 70 70 70 70 70 70 70 70 70 70 70 70 70 70 70 70 70 70 70 70 70 70 70 70 70 70 70 70 70 70 70 70 70 70 70 70 70 70 70 70 70 70 70 70 70 70 70 70 70 70 70 70 70 70 70 70 70 70 70 70 70 70 70 70 70 70 70 70 70 70 70 70 70 70 70 70 70 70 70 70 70 70 70 70 70 70 70 70 70 70 70 70 70 70 70 70 70 70 70 70 70 70 70 70 70 70 70 70 70 70 70 70 70 70 70 70 70 70 70 70 70 70 70 70 70 70 70 70 70 70 70 70 70 70 70 70 70 70 70 70 70 70 70 70 70 70 70 70 70 70 70 70 70 70 70 70 70 70 70 70 70 70 70 70 70 70 70 70 70 70 70 </DataArray>
      </Cells>
      <CellData>
        <DataArray type="UInt8" Name="vtkGhostType" format="ascii" RangeMin="0" RangeMax="1">0 0 0 0 0 0 0 0 0 0 0 0 0 0 0 0 0 0 0 0 0 0 0 0 0 0 0 0 0 0 0 0 0 0 0 0 0 0 0 0 0 0 0 0 0 0 0 0 0 0 0 0 0 0 0 0 0 0 0 0 0 0 0 0 0 0 0 0 0 0 0 0 0 0 0 0 0 0 0 0 0 0 0 0 0 0 0 0 0 0 0 0 0 0 0 0 0 0 0 0 0 0 0 0 0 0 0 0 0 0 0 0 0 0 0 0 0 0 0 0 0 0 0 0 0 0 0 0 0 0 0 0 0 0 0 0 0 0 0 0 0 0 0 0 0 0 0 0 0 0 0 0 0 0 0 0 0 0 0 0 0 0 0 0 0 0 0 0 0 0 0 0 0 0 0 0 0 0 0 0 0 0 0 0 0 0 0 0 0 0 0 0 0 0 0 0 0 0 0 0 0 0 0 0 0 0 0 0 0 0 0 0 0 0 0 0 0 0 0 0 0 0 0 0 0 0 0 0 0 0 0 0 0 0 0 0 0 0 0 0 0 0 0 0 0 0 0 0 0 0 0 0 0 0 0 0 0 0 0 0 0 0 0 0 0 0 0 0 0 0 0 0 0 0 0 0 0 0 0 0 0 0 0 0 0 0 0 0 0 0 0 0 0 0 0 0 0 0 0 0 0 0 0 0 0 0 0 0 0 0 0 0 0 0 0 0 0 0 0 0 0 0 0 0 0 0 0 0 0 0 0 0 0 0 0 0 0 0 0 0 0 0 0 0 0 0 0 0 0 0 0 0 0 0 0 0 0 0 0 0 0 0 0 0 0 0 0 0 0 0 0 0 0 0 0 0 0 0 0 0 0 0 0 0 0 0 0 0 0 0 0 0 0 0 0 0 0 0 0 0 0 0 0 0 0 0 0 0 0 0 0 0 0 0 0 0 0 0 0 0 0 0 0 0 0 0 0 0 0 0 0 0 0 0 0 0 0 0 0 0 0 0 0 0 0 0 0 0 0 0 0 0 0 0 0 0 0 0 0 0 0 0 0 0 0 0 0 0 0 0 0 0 0 0 0 0 0 0 0 0 0 0 0 0 0 0 0 0 0 0 0 0 0 0 0 0 0 0 0 0 0 0 0 0 0 0 0 0 0 0 0 0 0 0 0 0 0 0 0 0 0 0 0 0 0 0 0 0 0 0 0 0 0 0 0 0 0 0 0 0 0 0 0 0 0 0 0 0 0 0 0 0 0 0 0 0 0 0 0 0 0 0 0 0 0 0 0 0 0 0 0 0 0 0 0 0 0 0 0 0 0 0 0 0 0 0 0 0 0 0 0 0 0 0 0 0 0 0 0 0 0 0 0 0 0 0 0 0 0 0 0 0 0 0 0 0 0 0 0 0 0 0 0 0 0 0 0 0 0 0 0 0 0 0 0 0 0 0 0 0 0 0 0 0 0 0 0 0 0 0 0 0 0 0 0 0 0 0 0 0 0 0 0 0 0 0 0 0 0 0 0 0 0 0 0 0 0 0 0 0 0 0 0 0 0 0 0 0 0 0 0 0 0 0 0 0 0 0 0 0 0 0 0 0 0 0 0 0 0 0 0 0 0 0 0 0 0 0 0 0 0 0 0 0 0 0 0 0 0 0 0 0 0 0 0 0 0 0 0 0 0 0 0 0 0 0 0 0 0 0 0 0 0 0 0 0 0 0 0 0 0 0 0 0 0 0 0 0 0 0 0 0 0 0 0 0 0 0 0 0 0 0 0 0 0 0 0 0 0 0 0 0 0 0 0 0 0 0 0 0 0 0 0 0 0 0 0 0 0 0 0 0 0 0 0 0 0 0 0 0 0 0 0 0 0 0 0 0 0 0 0 0 0 0 0 0 0 0 0 0 0 0 0 0 0 0 0 0 0 0 0 0 0 0 0 0 0 0 0 0 0 0 0 0 0 0 0 0 0 0 0 0 0 0 0 0 0 0 0 0 0 0 0 0 0 0 0 0 0 0 0 0 0 0 0 0 0 0 0 0 0 0 0 0 0 0 0 0 0 0 0 0 0 0 0 0 0 0 0 0 0 0 0 0 0 0 0 0 0 0 0 0 0 0 0 0 0 0 0 0 0 0 0 0 0 0 0 0 0 0 0 0 0 0 0 0 0 0 0 0 0 0 0 0 0 0 0 0 0 0 0 0 0 0 0 0 0 0 0 0 0 0 0 0 0 0 0 0 0 0 0 0 0 0 0 0 0 0 0 0 0 0 0 0 0 0 0 0 0 0 0 0 0 0 0 0 0 0 0 0 0 0 0 0 0 0 0 0 0 0 0 0 0 0 0 0 0 0 0 0 0 0 0 0 0 0 0 0 0 0 0 0 0 0 0 0 0 0 0 0 0 0 0 0 0 0 0 0 0 0 0 0 0 0 0 0 0 0 0 0 0 0 0 0 0 0 0 0 0 0 0 0 0 0 0 0 0 0 0 0 0 0 0 0 0 0 0 0 0 0 0 0 0 0 0 0 0 0 0 0 0 0 0 0 0 0 0 0 0 0 0 0 0 0 0 0 0 0 0 0 0 0 0 0 0 0 0 0 0 0 0 0 0 0 0 0 0 0 0 0 0 0 0 0 0 0 0 0 0 0 0 0 0 0 0 0 0 0 0 0 0 0 0 0 0 0 0 0 0 0 0 0 0 0 0 0 0 0 0 0 0 0 0 0 0 0 0 0 0 0 0 0 0 0 0 0 0 0 0 0 0 0 0 0 0 0 0 0 0 0 0 0 0 0 0 0 0 0 0 0 0 0 0 0 0 0 0 0 0 0 0 0 0 0 0 0 0 0 0 0 0 0 0 0 0 0 0 0 0 0 0 0 0 0 0 0 0 0 0 0 0 0 0 0 0 0 0 0 0 0 0 0 0 0 0 0 0 0 0 0 0 0 0 0 0 0 0 0 0 0 0 0 0 0 0 0 0 0 0 0 0 0 0 0 0 0 0 0 0 0 0 0 0 0 0 0 0 0 0 0 0 0 0 0 0 0 0 0 0 0 0 0 0 0 0 0 0 0 0 0 0 0 0 0 0 0 0 0 0 0 0 0 0 0 0 0 0 0 0 0 0 0 0 0 0 0 0 0 0 0 0 0 0 0 0 0 0 0 0 0 0 0 0 0 0 0 0 0 0 0 0 0 0 0 0 0 0 0 0 0 0 0 0 0 0 0 0 0 0 0 0 0 0 0 0 0 0 0 0 0 0 0 0 0 0 0 0 0 0 0 0 0 0 0 0 0 0 0 0 0 0 0 0 0 0 0 0 0 0 0 0 0 0 0 0 0 0 0 0 0 0 0 0 0 0 0 0 0 0 0 0 0 0 0 0 0 0 0 0 0 0 0 0 0 0 0 0 0 0 0 0 0 0 0 0 0 0 0 0 0 0 0 0 0 0 0 0 0 0 0 0 0 0 0 0 0 0 0 0 0 0 0 0 0 0 0 0 0 0 0 0 0 0 0 0 0 0 0 0 0 0 0 0 0 0 0 0 0 0 0 0 0 0 0 0 0 0 0 0 0 0 0 0 0 0 0 0 0 0 0 0 0 0 0 0 0 0 0 0 0 0 0 0 0 0 0 0 0 0 0 0 0 0 0 0 0 0 0 0 0 0 0 0 0 0 0 0 0 0 0 0 0 0 0 0 0 0 0 0 0 0 0 0 0 0 0 0 0 0 0 0 0 0 0 0 0 0 0 0 0 0 0 0 0 0 0 0 0 0 0 0 0 0 0 0 0 0 0 0 0 0 0 0 0 0 0 0 0 0 0 0 0 0 0 0 0 0 0 0 0 0 0 0 0 0 0 0 0 0 0 0 0 0 0 0 0 0 0 0 0 0 0 0 0 0 0 0 0 0 0 0 0 0 0 0 0 0 0 0 0 0 0 0 0 0 0 0 0 0 0 0 0 0 0 0 0 0 0 0 0 0 0 0 0 0 0 0 0 0 0 0 0 0 0 0 0 0 0 0 0 0 0 0 0 0 0 0 0 0 0 0 0 0 0 0 0 0 0 0 0 0 0 0 0 0 0 0 0 0 0 0 0 0 0 0 0 0 0 0 0 0 0 0 0 0 0 0 0 0 0 0 0 0 0 0 0 0 0 0 0 0 0 0 0 0 0 0 0 0 0 0 0 0 0 0 0 0 0 0 0 0 0 0 0 0 0 0 0 0 0 0 0 0 0 0 0 0 0 0 0 0 0 0 0 0 0 0 0 0 0 0 0 0 0 0 0 0 0 0 0 0 0 0 0 0 0 0 0 0 0 0 0 0 0 0 0 0 0 0 0 0 0 0 0 0 0 0 0 0 0 0 0 0 0 0 0 0 0 0 0 0 0 0 0 0 0 0 0 0 0 0 0 0 0 0 0 0 0 0 0 0 0 0 0 0 0 0 0 0 0 0 0 0 0 0 0 0 0 0 0 0 0 0 0 0 0 0 0 0 0 0 0 0 0 0 0 0 0 0 0 0 0 0 0 0 0 0 0 0 0 0 0 0 0 0 0 0 0 0 0 0 0 0 0 0 0 0 0 0 0 0 0 0 0 0 0 0 0 0 0 0 0 0 0 0 0 0 0 0 0 0 0 0 0 0 0 0 0 0 0 0 0 0 0 0 0 0 0 0 0 0 0 0 0 0 0 0 0 0 0 0 0 0 0 0 0 0 0 0 0 0 0 0 0 0 0 0 0 0 0 0 0 0 0 0 0 0 0 0 0 0 0 0 0 0 0 0 0 0 0 0 0 0 0 0 0 0 0 0 0 0 0 0 0 0 0 0 0 0 0 0 0 0 0 0 0 0 0 0 0 0 0 0 0 0 0 0 0 0 0 0 0 0 0 0 0 0 0 0 0 0 0 0 0 0 0 0 0 0 0 0 0 0 0 0 0 0 0 0 0 0 0 0 0 0 0 0 0 0 0 0 0 0 0 0 0 0 0 0 0 0 0 0 0 0 0 0 0 0 0 0 0 0 0 0 0 0 0 0 0 0 0 0 0 0 0 0 0 0 0 0 0 0 0 0 0 0 0 0 0 0 0 0 0 0 0 0 0 0 0 0 0 0 0 0 0 0 0 0 0 0 0 0 0 0 0 0 0 0 0 0 0 0 0 0 0 0 0 0 0 0 0 0 0 0 0 0 0 0 0 0 0 0 0 0 0 0 0 0 0 0 0 0 0 0 0 0 0 0 0 0 0 0 0 0 0 0 0 0 0 0 0 0 0 0 0 0 0 0 0 0 0 0 0 0 0 0 0 0 0 0 0 0 0 0 0 0 0 0 0 0 0 0 0 0 0 0 0 0 0 0 0 0 0 0 0 0 0 0 0 0 0 0 0 0 0 0 0 0 0 0 0 0 0 0 0 0 0 0 0 0 0 0 0 0 0 0 0 0 0 0 0 0 0 0 0 0 0 0 0 0 0 0 0 0 0 0 0 0 0 0 0 0 0 0 0 0 0 0 0 0 0 0 0 0 0 0 0 0 0 0 0 0 0 0 0 0 0 0 0 0 0 0 0 0 0 0 0 0 0 0 0 0 0 0 0 0 0 0 0 0 0 0 0 0 0 0 0 0 0 0 0 0 0 0 0 0 0 0 0 0 0 0 0 0 0 0 0 0 0 0 0 0 0 0 0 0 0 0 0 0 0 0 0 0 0 0 0 0 0 0 0 0 0 0 0 0 0 0 0 0 0 0 0 0 0 0 0 0 0 0 0 0 0 0 0 0 0 0 0 0 0 0 0 0 0 0 0 0 0 0 0 0 0 0 0 0 0 0 0 0 0 0 0 0 0 0 0 0 0 0 0 0 0 0 0 0 0 0 0 0 0 0 0 0 0 0 0 0 0 0 0 0 0 0 0 0 0 0 0 0 0 0 0 0 0 0 0 0 0 0 0 0 0 0 0 0 0 0 0 0 0 0 0 0 0 0 0 0 0 0 0 0 0 0 0 0 0 0 0 0 0 0 0 0 0 0 0 0 0 0 0 0 0 0 0 0 0 0 0 0 0 0 0 0 0 0 0 0 0 0 0 0 0 0 0 0 0 0 0 0 0 0 0 0 0 0 0 0 0 0 0 0 0 0 0 0 0 0 0 0 0 0 0 0 0 0 0 0 0 0 0 0 0 0 0 0 0 0 0 0 0 0 0 0 0 0 0 0 0 0 0 0 0 0 0 0 0 0 0 0 0 0 0 0 0 0 0 0 0 0 0 0 0 0 0 0 0 0 0 0 0 0 0 0 0 0 0 0 0 0 0 0 0 0 0 0 0 0 0 0 0 0 0 0 0 0 0 0 0 0 0 0 0 0 0 0 0 0 0 0 0 0 0 0 0 0 0 0 0 0 0 0 0 0 0 0 0 0 0 0 0 0 0 0 0 0 0 0 0 0 0 0 0 0 0 0 0 0 0 0 0 0 0 0 0 0 0 0 0 0 0 0 0 0 0 0 0 0 0 0 0 0 0 0 0 0 0 0 0 0 0 0 0 0 0 0 0 0 0 0 0 0 0 0 0 0 0 0 0 0 0 0 0 0 0 0 0 0 0 0 0 0 0 0 0 0 0 0 0 0 0 0 0 0 0 0 0 0 0 0 0 0 0 0 0 0 0 0 0 0 0 0 0 0 0 0 0 0 0 0 0 0 0 0 0 0 0 0 0 0 0 0 0 0 0 0 0 0 0 0 0 0 0 0 0 0 0 0 0 0 0 0 0 0 0 0 0 0 0 0 0 0 0 0 0 0 0 0 0 0 0 0 0 0 0 0 0 0 0 0 0 0 0 0 0 0 0 0 0 0 0 0 0 0 0 0 0 0 0 0 0 0 0 0 0 0 0 0 0 0 0 0 0 0 0 0 0 0 0 0 0 0 0 0 0 0 0 0 0 0 0 0 0 0 0 0 0 0 0 0 0 0 0 0 0 0 0 0 0 0 0 0 0 0 0 0 0 0 0 0 0 0 0 0 0 0 0 0 0 0 0 0 0 0 0 0 0 0 0 0 0 0 0 0 0 0 0 0 0 0 0 0 0 0 0 0 0 0 0 0 0 0 0 0 0 0 0 0 0 0 0 0 0 0 0 0 0 0 0 0 0 0 0 0 0 0 0 0 0 0 0 0 0 0 0 0 0 0 0 0 0 0 0 0 0 0 0 0 0 0 0 0 0 0 0 0 0 0 0 0 0 0 0 0 0 0 0 0 0 0 0 0 0 0 0 0 0 0 0 0 0 0 0 0 0 0 0 0 0 0 0 0 0 0 0 0 0 0 0 0 0 0 0 0 0 0 0 0 0 0 0 0 0 0 0 0 0 0 0 0 0 0 0 0 0 0 0 0 0 0 0 0 0 0 0 0 0 0 0 0 0 0 0 0 0 0 0 0 0 0 0 0 0 0 0 0 0 0 0 0 0 0 0 0 0 0 0 0 0 0 0 0 0 0 0 0 0 0 0 0 0 0 0 0 0 0 0 0 0 0 0 0 0 0 0 0 0 0 0 0 0 0 0 0 0 0 0 0 0 0 0 0 0 0 0 0 0 0 0 0 0 0 0 0 0 0 0 0 0 0 0 0 0 0 0 0 0 0 0 0 0 0 0 0 0 0 0 0 0 0 0 0 0 0 0 0 0 0 0 0 0 0 0 0 0 0 0 0 0 0 0 0 0 0 0 0 0 0 0 0 0 0 0 0 0 0 0 0 0 0 0 0 0 0 0 0 0 0 0 0 0 0 0 0 0 0 0 0 0 0 0 0 0 0 0 0 0 0 0 0 0 0 0 0 0 0 0 0 0 0 0 0 0 0 0 0 0 0 0 0 0 0 0 0 0 0 0 0 0 0 0 0 0 0 0 0 0 0 0 0 0 0 0 0 0 0 0 0 0 0 0 0 0 0 0 0 0 0 0 0 0 0 0 0 0 0 0 0 0 0 0 0 0 0 0 0 0 0 0 0 0 0 0 0 0 0 0 0 0 0 0 0 0 0 0 0 0 0 0 0 0 0 0 0 0 0 0 0 0 0 0 0 0 0 0 0 0 0 0 0 0 0 0 0 0 0 0 0 0 0 0 0 0 0 0 0 0 0 0 0 0 0 0 0 0 0 0 0 0 0 0 0 0 0 0 0 0 0 0 0 0 0 0 0 0 0 0 0 0 0 0 0 0 0 0 0 0 0 0 0 0 0 0 0 0 0 0 0 0 0 0 0 0 0 0 0 0 0 0 0 0 0 0 0 0 0 0 0 0 0 0 0 0 0 0 0 0 0 0 0 0 0 0 0 0 0 0 0 0 0 0 0 0 0 0 0 0 0 0 0 0 0 0 0 0 0 0 0 0 0 0 0 0 0 0 0 0 0 0 0 0 0 0 0 0 0 0 0 0 0 0 0 0 0 0 0 0 0 0 0 0 0 0 0 0 0 0 0 0 0 0 0 0 0 0 0 0 0 0 0 0 0 0 0 0 0 0 0 0 0 0 0 0 0 0 0 0 0 0 0 0 0 0 0 0 0 0 0 0 0 0 0 0 0 0 0 0 0 0 0 0 0 0 0 0 0 0 0 0 0 0 0 0 0 0 0 0 0 0 0 0 0 0 0 0 0 0 0 0 0 0 0 0 0 0 0 0 0 0 0 0 0 0 0 0 0 0 0 0 0 0 0 0 0 0 0 0 0 0 0 0 0 0 0 0 0 0 0 0 0 0 0 0 0 0 0 0 0 0 0 0 0 0 0 0 0 0 0 0 0 0 0 0 0 0 0 0 0 0 0 0 0 0 0 0 0 0 0 0 0 0 0 0 0 0 0 0 0 0 0 0 0 0 0 0 0 0 0 0 0 0 0 0 0 0 0 0 0 0 0 0 0 0 0 0 0 0 0 0 0 0 0 0 0 0 0 0 0 0 0 0 0 0 0 0 0 0 0 0 0 0 0 0 0 0 0 0 0 0 0 0 0 0 0 0 0 0 0 0 0 0 0 0 0 0 0 0 0 0 0 0 0 0 0 0 0 0 0 0 0 0 0 0 0 0 0 0 0 0 0 0 0 0 0 0 0 0 0 0 0 0 0 0 0 0 0 0 0 0 0 0 0 0 0 0 0 0 0 0 0 0 0 0 0 0 0 0 0 0 0 0 0 0 0 0 0 0 0 0 0 0 0 0 0 0 0 0 0 0 0 0 0 0 0 0 0 0 0 0 0 0 0 0 0 0 0 0 0 0 0 0 0 0 0 0 0 0 0 0 0 0 0 0 0 0 0 0 0 0 0 0 0 0 0 0 0 0 0 0 0 0 0 0 0 0 0 0 0 0 0 0 0 0 0 0 0 0 0 0 0 0 0 0 0 0 0 0 0 0 0 0 0 0 0 0 0 0 0 0 0 0 0 0 0 0 0 0 0 0 0 0 0 0 0 0 0 0 0 0 0 0 0 0 0 0 0 0 0 0 0 0 0 0 0 0 0 0 0 0 0 0 0 0 0 0 0 0 0 0 0 0 0 0 0 0 0 0 0 0 0 0 0 0 0 0 0 0 0 0 0 0 0 0 0 0 0 0 0 0 0 0 0 0 0 0 0 0 0 0 0 0 0 0 0 0 0 0 0 0 0 0 0 0 0 0 0 0 0 0 0 0 0 0 0 0 0 0 0 0 0 0 0 0 0 0 0 0 0 0 0 0 0 0 0 0 0 0 0 0 0 0 0 0 0 0 0 0 0 0 0 0 0 0 0 0 0 0 0 0 0 0 0 0 0 0 0 0 0 0 0 0 0 0 0 0 0 0 0 0 0 0 0 0 0 0 0 0 0 0 0 0 0 0 0 0 0 0 0 0 0 0 0 0 0 0 0 0 0 0 0 0 0 0 0 0 0 0 0 0 0 0 0 0 0 0 0 0 0 0 0 0 0 0 0 0 0 0 0 0 0 0 0 0 0 0 0 0 0 0 0 0 0 0 0 0 0 0 0 0 0 0 0 0 0 0 0 0 0 0 0 0 0 0 0 0 0 0 0 0 0 0 0 0 0 0 0 0 0 0 0 0 0 0 0 0 0 0 0 0 0 0 0 0 0 0 0 0 0 0 0 0 0 0 0 0 0 0 0 0 0 0 0 0 0 0 0 0 0 0 0 0 0 0 0 0 0 0 0 0 0 0 0 0 0 0 0 0 0 0 0 0 0 0 0 0 0 0 0 0 0 0 0 0 0 0 0 0 0 0 0 0 0 0 0 0 0 0 0 0 0 0 0 0 0 0 0 0 0 0 0 0 0 0 0 0 0 0 0 0 0 0 0 0 0 0 0 0 0 0 0 0 0 0 0 0 0 0 0 0 0 0 0 0 0 0 0 0 0 0 0 0 0 0 0 0 0 0 0 0 0 0 0 0 0 0 0 0 0 0 0 0 0 0 0 0 0 0 0 0 0 0 0 0 0 0 0 0 0 0 0 0 0 0 0 0 0 0 0 0 0 0 0 0 0 0 0 0 0 0 0 0 0 0 0 0 0 0 0 0 0 0 0 0 0 0 0 0 0 0 0 0 0 0 0 0 0 0 0 0 0 0 0 0 0 0 0 0 0 0 0 0 0 0 0 0 0 0 0 0 0 0 0 0 0 0 0 0 0 0 0 0 0 0 0 0 0 0 0 0 0 0 0 0 0 0 0 0 0 0 0 0 0 0 0 0 0 0 0 0 0 0 0 0 0 0 0 0 0 0 0 0 0 0 0 0 0 0 0 0 0 0 0 0 0 0 0 0 0 0 0 0 0 0 0 0 0 0 0 0 0 0 0 0 0 0 0 0 0 0 0 0 0 0 0 0 0 0 0 0 0 0 0 0 0 0 0 0 0 0 0 0 0 0 0 0 0 0 0 0 0 0 0 0 0 0 0 0 0 0 0 0 0 0 0 0 0 0 0 0 0 0 0 0 0 0 0 0 0 0 0 0 0 0 0 0 0 0 0 0 0 0 0 0 0 0 0 0 0 0 0 0 0 0 0 0 0 0 0 0 0 0 0 0 0 0 0 0 0 0 0 0 0 0 0 0 0 0 0 0 0 0 0 0 0 0 0 0 0 0 0 0 0 0 0 0 0 0 0 0 0 0 0 0 0 0 0 0 0 0 0 0 0 0 0 0 0 0 0 0 0 0 0 0 0 0 0 0 0 0 0 0 0 0 0 0 0 0 0 0 0 0 0 0 0 0 0 0 0 0 0 0 0 0 0 0 0 0 0 0 0 0 0 0 0 0 0 0 0 0 0 0 0 0 0 0 0 0 0 0 0 0 0 0 0 0 0 0 0 0 0 0 0 0 0 0 0 0 0 0 0 0 0 0 0 0 0 0 0 0 0 0 0 0 0 0 0 0 0 0 0 0 0 0 0 0 0 0 0 0 0 0 0 0 0 0 0 0 0 0 0 0 0 0 0 0 0 0 0 0 0 0 0 0 0 0 0 0 0 0 0 0 0 0 0 0 0 0 0 0 0 0 0 0 0 0 0 0 0 0 0 0 0 0 0 0 0 0 0 0 0 0 0 0 0 0 0 0 0 0 0 0 0 0 0 0 0 0 0 0 0 0 0 0 0 0 0 0 0 0 0 0 0 0 0 0 0 0 0 0 0 0 0 0 0 0 0 0 0 0 0 0 0 0 0 0 0 0 0 0 0 0 0 0 0 0 0 0 0 0 0 0 0 0 0 0 0 0 0 0 0 0 0 0 0 0 0 0 0 0 0 0 0 0 0 0 0 0 0 0 0 0 0 0 0 0 0 0 0 0 0 0 0 0 0 0 0 0 0 0 0 0 0 0 0 0 0 0 0 0 0 0 0 0 0 0 0 0 0 0 0 0 0 0 0 0 0 0 0 0 0 0 0 0 0 0 0 0 0 0 0 0 0 0 0 0 0 0 0 0 0 0 0 0 0 0 0 0 0 0 0 0 0 0 0 0 0 0 0 0 0 0 0 0 0 0 0 0 0 0 0 0 0 0 0 0 0 0 0 0 0 0 0 0 0 0 0 0 0 0 0 0 0 0 0 0 0 0 0 0 0 0 0 0 0 0 0 0 0 0 0 0 0 0 0 0 0 0 0 0 0 0 0 0 0 0 0 0 0 0 0 0 0 0 0 0 0 0 0 0 0 0 0 0 0 0 0 0 0 0 0 0 0 0 0 0 0 0 0 0 0 0 0 0 0 0 0 0 0 0 0 0 0 0 0 0 0 0 0 0 0 0 0 0 0 0 0 0 0 0 0 0 0 0 0 0 0 0 0 0 0 0 0 0 0 0 0 0 0 0 0 0 0 0 0 0 0 0 0 0 0 0 0 0 0 0 0 0 0 0 0 0 0 0 0 0 0 0 0 0 0 0 0 0 0 0 0 0 0 0 0 0 0 0 0 0 0 0 0 0 0 0 0 0 0 0 0 0 0 0 0 0 0 0 0 0 0 0 0 0 0 0 0 0 0 0 0 0 0 0 0 0 0 0 0 0 0 0 0 0 0 0 0 0 0 0 0 0 0 0 0 0 0 0 0 0 0 0 0 0 0 0 0 0 0 0 0 0 0 0 0 0 0 0 0 0 0 0 0 0 0 0 0 0 0 0 0 0 0 0 0 0 0 0 0 0 0 0 0 0 0 0 0 0 0 0 0 0 0 0 0 0 0 0 0 0 0 0 0 0 0 0 0 0 0 0 0 0 0 0 0 0 0 0 0 0 0 0 0 0 0 0 0 0 0 0 0 0 0 0 0 0 0 0 0 0 0 0 0 0 0 0 0 0 0 0 0 0 0 0 0 0 0 0 0 0 0 0 0 0 0 0 0 0 0 0 0 0 0 0 0 0 0 0 0 0 0 0 0 0 0 0 0 0 0 0 0 0 0 0 0 0 0 0 0 0 0 0 0 0 0 0 0 0 0 0 0 0 0 0 0 0 0 0 0 0 0 0 0 0 0 0 0 0 0 0 0 0 0 0 0 0 0 0 0 0 0 0 0 0 0 0 0 0 0 0 0 0 0 0 0 0 0 0 0 0 0 0 0 0 0 0 0 0 0 0 0 0 0 0 0 0 0 0 0 0 0 0 0 0 0 0 0 0 0 0 0 0 0 0 0 0 0 0 0 0 0 0 0 0 0 0 0 0 0 0 0 0 0 0 0 0 0 0 0 0 0 0 0 0 0 0 0 0 0 0 0 0 0 0 0 0 0 0 0 0 0 0 0 0 0 0 0 0 0 0 0 0 0 0 0 0 0 0 0 0 0 0 0 0 0 0 0 0 0 0 0 0 0 0 0 0 0 0 0 0 0 0 0 0 0 0 0 0 0 0 0 0 0 0 0 0 0 0 0 0 0 0 0 0 0 0 0 0 0 0 0 0 0 0 0 0 0 0 0 0 0 0 0 0 0 0 0 0 0 0 0 0 0 0 0 0 0 0 0 0 0 0 0 0 0 0 0 0 0 0 0 0 0 0 0 0 0 0 0 0 0 0 0 0 0 0 0 0 0 0 0 0 0 0 0 0 0 0 0 0 0 0 0 0 0 0 0 0 0 0 0 0 0 0 0 0 0 0 0 0 0 0 0 0 0 0 0 0 0 0 0 0 0 0 0 0 0 0 0 0 0 0 0 0 0 0 0 0 0 0 0 0 0 0 0 0 0 0 0 0 0 0 0 0 0 0 0 0 0 0 0 0 0 0 0 0 0 0 0 0 0 0 0 0 0 0 0 0 0 0 0 0 0 0 0 0 0 0 0 0 0 0 0 0 0 0 0 0 0 0 0 0 0 0 0 0 0 0 0 0 0 0 0 0 0 0 0 0 0 0 0 0 0 0 0 0 0 0 0 0 0 0 0 0 0 0 0 0 0 0 0 0 0 0 0 0 0 0 0 0 0 0 0 0 0 0 0 0 0 0 0 0 0 0 0 0 0 0 0 0 0 0 0 0 0 0 0 0 0 0 0 0 0 0 0 0 0 0 0 0 0 0 0 0 0 0 0 0 0 0 0 0 0 0 0 0 0 0 0 0 0 0 0 0 0 0 0 0 0 0 0 0 0 0 0 0 0 0 0 0 0 0 0 0 0 0 0 0 0 0 0 0 0 0 0 0 0 0 0 0 0 0 0 0 0 0 0 0 0 0 0 0 0 0 0 0 0 0 0 0 0 0 0 0 0 0 0 0 0 0 0 0 0 0 0 0 0 0 0 0 0 0 0 0 0 0 0 0 0 0 0 0 0 0 0 0 0 0 0 0 0 0 0 0 0 0 0 0 0 0 0 0 0 0 0 0 0 0 0 0 0 0 0 0 0 0 0 0 0 0 0 0 0 0 0 0 0 0 0 0 0 0 0 0 0 0 0 0 0 0 0 0 0 0 0 0 0 0 0 0 0 0 0 0 0 0 0 0 0 0 0 0 0 0 </DataArray>
        <DataArray type="Int64" IdType="1" Name="vtkOriginalCellIds" format="ascii" RangeMin="0" RangeMax="6399">0 1 2 3 4 5 6 7 8 9 10 11 12 13 14 15 16 17 18 19 20 21 22 23 24 25 26 27 28 29 30 31 32 33 34 35 36 37 38 39 40 41 42 43 44 45 46 47 48 49 50 51 52 53 54 55 56 57 58 59 60 61 62 63 64 65 66 67 68 69 70 71 72 73 74 75 76 77 78 79 80 81 82 83 84 85 86 87 88 89 90 91 92 93 94 95 96 97 98 99 100 101 102 103 104 105 106 107 108 109 110 111 112 113 114 115 116 117 118 119 120 121 122 123 124 125 126 127 128 129 130 131 132 133 134 135 136 137 138 139 140 141 142 143 144 145 146 147 148 149 150 151 152 153 154 155 156 157 158 159 160 161 162 163 164 165 166 167 168 169 170 171 172 173 174 175 176 177 178 179 180 181 182 183 184 185 186 187 188 189 190 191 192 193 194 195 196 197 198 199 200 201 202 203 204 205 206 207 208 209 210 211 212 213 214 215 216 217 218 219 220 221 222 223 224 225 226 227 228 229 230 231 232 233 234 235 236 237 238 239 240 241 242 243 244 245 246 247 248 249 250 251 252 253 254 255 256 257 258 259 260 261 262 263 264 265 266 267 268 269 270 271 272 273 274 275 276 277 278 279 280 281 282 283 284 285 286 287 288 289 290 291 292 293 294 295 296 297 298 299 300 301 302 303 304 305 306 307 308 309 310 311 312 313 314 315 316 317 318 319 320 321 322 323 324 325 326 327 328 329 330 331 332 333 334 335 336 337 338 339 340 341 342 343 344 345 346 347 348 349 350 351 352 353 354 355 356 357 358 359 360 361 362 363 364 365 366 367 368 369 370 371 372 373 374 375 376 377 378 379 380 381 382 383 384 385 386 387 388 389 390 391 392 393 394 395 396 397 398 399 400 401 402 403 404 405 406 407 408 409 410 411 412 413 414 415 416 417 418 419 420 421 422 423 424 425 426 427 428 429 430 431 432 433 434 435 436 437 438 439 440 441 442 443 444 445 446 447 448 449 450 451 452 453 454 455 456 457 458 459 460 461 462 463 464 465 466 467 468 469 470 471 472 473 474 475 476 477 478 479 480 481 482 483 484 485 486 487 488 489 490 491 492 493 494 495 496 497 498 499 500 501 502 503 504 505 506 507 508 509 510 511 512 513 514 515 516 517 518 519 520 521 522 523 524 525 526 527 528 529 530 531 532 533 534 535 536 537 538 539 540 541 542 543 544 545 546 547 548 549 550 551 552 553 554 555 556 557 558 559 560 561 562 563 564 565 566 567 568 569 570 571 572 573 574 575 576 577 578 579 580 581 582 583 584 585 586 587 588 589 590 591 592 593 594 595 596 597 598 599 600 601 602 603 604 605 606 607 608 609 610 611 612 613 614 615 616 617 618 619 620 621 622 623 624 625 626 627 628 629 630 631 632 633 634 635 636 637 638 639 640 641 642 643 644 645 646 647 648 649 650 651 652 653 654 655 656 657 658 659 660 661 662 663 664 665 666 667 668 669 670 671 672 673 674 675 676 677 678 679 680 681 682 683 684 685 686 687 688 689 690 691 692 693 694 695 696 697 698 699 700 701 702 703 704 705 706 707 708 709 710 711 712 713 714 715 716 717 718 719 720 721 722 723 724 725 726 727 728 729 730 731 732 733 734 735 736 737 738 739 740 741 742 743 744 745 746 747 748 749 750 751 752 753 754 755 756 757 758 759 760 761 762 763 764 765 766 767 768 769 770 771 772 773 774 775 776 777 778 779 780 781 782 783 784 785 786 787 788 789 790 791 792 793 794 795 796 797 798 799 800 801 802 803 804 805 806 807 808 809 810 811 812 813 814 815 816 817 818 819 820 821 822 823 824 825 826 827 828 829 830 831 832 833 834 835 836 837 838 839 840 841 842 843 844 845 846 847 848 849 850 851 852 853 854 855 856 857 858 859 860 861 862 863 864 865 866 867 868 869 870 871 872 873 874 875 876 877 878 879 880 881 882 883 884 885 886 887 888 889 890 891 892 893 894 895 896 897 898 899 900 901 902 903 904 905 906 907 908 909 910 911 912 913 914 915 916 917 918 919 920 921 922 923 924 925 926 927 928 929 930 931 932 933 934 935 936 937 938 939 940 941 942 943 944 945 946 947 948 949 950 951 952 953 954 955 956 957 958 959 960 961 962 963 964 965 966 967 968 969 970 971 972 973 974 975 976 977 978 979 980 981 982 983 984 985 986 987 988 989 990 991 992 993 994 995 996 997 998 999 1000 1001 1002 1003 1004 1005 1006 1007 1008 1009 1010 1011 1012 1013 1014 1015 1016 1017 1018 1019 1020 1021 1022 1023 1024 1025 1026 1027 1028 1029 1030 1031 1032 1033 1034 1035 1036 1037 1038 1039 1040 1041 1042 1043 1044 1045 1046 1047 1048 1049 1050 1051 1052 1053 1054 1055 1056 1057 1058 1059 1060 1061 1062 1063 1064 1065 1066 1067 1068 1069 1070 1071 1072 1073 1074 1075 1076 1077 1078 1079 1080 1081 1082 1083 1084 1085 1086 1087 1088 1089 1090 1091 1092 1093 1094 1095 1096 1097 1098 1099 1100 1101 1102 1103 1104 1105 1106 1107 1108 1109 1110 1111 1112 1113 1114 1115 1116 1117 1118 1119 1120 1121 1122 1123 1124 1125 1126 1127 1128 1129 1130 1131 1132 1133 1134 1135 1136 1137 1138 1139 1140 1141 1142 1143 1144 1145 1146 1147 1148 1149 1150 1151 1152 1153 1154 1155 1156 1157 1158 1159 1160 1161 1162 1163 1164 1165 1166 1167 1168 1169 1170 1171 1172 1173 1174 1175 1176 1177 1178 1179 1180 1181 1182 1183 1184 1185 1186 1187 1188 1189 1190 1191 1192 1193 1194 1195 1196 1197 1198 1199 1200 1201 1202 1203 1204 1205 1206 1207 1208 1209 1210 1211 1212 1213 1214 1215 1216 1217 1218 1219 1220 1221 1222 1223 1224 1225 1226 1227 1228 1229 1230 1231 1232 1233 1234 1235 1236 1237 1238 1239 1240 1241 1242 1243 1244 1245 1246 1247 1248 1249 1250 1251 1252 1253 1254 1255 1256 1257 1258 1259 1260 1261 1262 1263 1264 1265 1266 1267 1268 1269 1270 1271 1272 1273 1274 1275 1276 1277 1278 1279 1280 1281 1282 1283 1284 1285 1286 1287 1288 1289 1290 1291 1292 1293 1294 1295 1296 1297 1298 1299 1300 1301 1302 1303 1304 1305 1306 1307 1308 1309 1310 1311 1312 1313 1314 1315 1316 1317 1318 1319 1320 1321 1322 1323 1324 1325 1326 1327 1328 1329 1330 1331 1332 1333 1334 1335 1336 1337 1338 1339 1340 1341 1342 1343 1344 1345 1346 1347 1348 1349 1350 1351 1352 1353 1354 1355 1356 1357 1358 1359 1360 1361 1362 1363 1364 1365 1366 1367 1368 1369 1370 1371 1372 1373 1374 1375 1376 1377 1378 1379 1380 1381 1382 1383 1384 1385 1386 1387 1388 1389 1390 1391 1392 1393 1394 1395 1396 1397 1398 1399 1400 1401 1402 1403 1404 1405 1406 1407 1408 1409 1410 1411 1412 1413 1414 1415 1416 1417 1418 1419 1420 1421 1422 1423 1424 1425 1426 1427 1428 1429 1430 1431 1432 1433 1434 1435 1436 1437 1438 1439 1440 1441 1442 1443 1444 1445 1446 1447 1448 1449 1450 1451 1452 1453 1454 1455 1456 1457 1458 1459 1460 1461 1462 1463 1464 1465 1466 1467 1468 1469 1470 1471 1472 1473 1474 1475 1476 1477 1478 1479 1480 1481 1482 1483 1484 1485 1486 1487 1488 1489 1490 1491 1492 1493 1494 1495 1496 1497 1498 1499 1500 1501 1502 1503 1504 1505 1506 1507 1508 1509 1510 1511 1512 1513 1514 1515 1516 1517 1518 1519 1520 1521 1522 1523 1524 1525 1526 1527 1528 1529 1530 1531 1532 1533 1534 1535 1536 1537 1538 1539 1540 1541 1542 1543 1544 1545 1546 1547 1548 1549 1550 1551 1552 1553 1554 1555 1556 1557 1558 1559 1560 1561 1562 1563 1564 1565 1566 1567 1568 1569 1570 1571 1572 1573 1574 1575 1576 1577 1578 1579 1580 1581 1582 1583 1584 1585 1586 1587 1588 1589 1590 1591 1592 1593 1594 1595 1596 1597 1598 1599 1600 1601 1602 1603 1604 1605 1606 1607 1608 1609 1610 1611 1612 1613 1614 1615 1616 1617 1618 1619 1620 1621 1622 1623 1624 1625 1626 1627 1628 1629 1630 1631 1632 1633 1634 1635 1636 1637 1638 1639 1640 1641 1642 1643 1644 1645 1646 1647 1648 1649 1650 1651 1652 1653 1654 1655 1656 1657 1658 1659 1660 1661 1662 1663 1664 1665 1666 1667 1668 1669 1670 1671 1672 1673 1674 1675 1676 1677 1678 1679 1680 1681 1682 1683 1684 1685 1686 1687 1688 1689 1690 1691 1692 1693 1694 1695 1696 1697 1698 1699 1700 1701 1702 1703 1704 1705 1706 1707 1708 1709 1710 1711 1712 1713 1714 1715 1716 1717 1718 1719 1720 1721 1722 1723 1724 1725 1726 1727 1728 1729 1730 1731 1732 1733 1734 1735 1736 1737 1738 1739 1740 1741 1742 1743 1744 1745 1746 1747 1748 1749 1750 1751 1752 1753 1754 1755 1756 1757 1758 1759 1760 1761 1762 1763 1764 1765 1766 1767 1768 1769 1770 1771 1772 1773 1774 1775 1776 1777 1778 1779 1780 1781 1782 1783 1784 1785 1786 1787 1788 1789 1790 1791 1792 1793 1794 1795 1796 1797 1798 1799 1800 1801 1802 1803 1804 1805 1806 1807 1808 1809 1810 1811 1812 1813 1814 1815 1816 1817 1818 1819 1820 1821 1822 1823 1824 1825 1826 1827 1828 1829 1830 1831 1832 1833 1834 1835 1836 1837 1838 1839 1840 1841 1842 1843 1844 1845 1846 1847 1848 1849 1850 1851 1852 1853 1854 1855 1856 1857 1858 1859 1860 1861 1862 1863 1864 1865 1866 1867 1868 1869 1870 1871 1872 1873 1874 1875 1876 1877 1878 1879 1880 1881 1882 1883 1884 1885 1886 1887 1888 1889 1890 1891 1892 1893 1894 1895 1896 1897 1898 1899 1900 1901 1902 1903 1904 1905 1906 1907 1908 1909 1910 1911 1912 1913 1914 1915 1916 1917 1918 1919 1920 1921 1922 1923 1924 1925 1926 1927 1928 1929 1930 1931 1932 1933 1934 1935 1936 1937 1938 1939 1940 1941 1942 1943 1944 1945 1946 1947 1948 1949 1950 1951 1952 1953 1954 1955 1956 1957 1958 1959 1960 1961 1962 1963 1964 1965 1966 1967 1968 1969 1970 1971 1972 1973 1974 1975 1976 1977 1978 1979 1980 1981 1982 1983 1984 1985 1986 1987 1988 1989 1990 1991 1992 1993 1994 1995 1996 1997 1998 1999 2000 2001 2002 2003 2004 2005 2006 2007 2008 2009 2010 2011 2012 2013 2014 2015 2016 2017 2018 2019 2020 2021 2022 2023 2024 2025 2026 2027 2028 2029 2030 2031 2032 2033 2034 2035 2036 2037 2038 2039 2040 2041 2042 2043 2044 2045 2046 2047 2048 2049 2050 2051 2052 2053 2054 2055 2056 2057 2058 2059 2060 2061 2062 2063 2064 2065 2066 2067 2068 2069 2070 2071 2072 2073 2074 2075 2076 2077 2078 2079 2080 2081 2082 2083 2084 2085 2086 2087 2088 2089 2090 2091 2092 2093 2094 2095 2096 2097 2098 2099 2100 2101 2102 2103 2104 2105 2106 2107 2108 2109 2110 2111 2112 2113 2114 2115 2116 2117 2118 2119 2120 2121 2122 2123 2124 2125 2126 2127 2128 2129 2130 2131 2132 2133 2134 2135 2136 2137 2138 2139 2140 2141 2142 2143 2144 2145 2146 2147 2148 2149 2150 2151 2152 2153 2154 2155 2156 2157 2158 2159 2160 2161 2162 2163 2164 2165 2166 2167 2168 2169 2170 2171 2172 2173 2174 2175 2176 2177 2178 2179 2180 2181 2182 2183 2184 2185 2186 2187 2188 2189 2190 2191 2192 2193 2194 2195 2196 2197 2198 2199 2200 2201 2202 2203 2204 2205 2206 2207 2208 2209 2210 2211 2212 2213 2214 2215 2216 2217 2218 2219 2220 2221 2222 2223 2224 2225 2226 2227 2228 2229 2230 2231 2232 2233 2234 2235 2236 2237 2238 2239 2240 2241 2242 2243 2244 2245 2246 2247 2248 2249 2250 2251 2252 2253 2254 2255 2256 2257 2258 2259 2260 2261 2262 2263 2264 2265 2266 2267 2268 2269 2270 2271 2272 2273 2274 2275 2276 2277 2278 2279 2280 2281 2282 2283 2284 2285 2286 2287 2288 2289 2290 2291 2292 2293 2294 2295 2296 2297 2298 2299 2300 2301 2302 2303 2304 2305 2306 2307 2308 2309 2310 2311 2312 2313 2314 2315 2316 2317 2318 2319 2320 2321 2322 2323 2324 2325 2326 2327 2328 2329 2330 2331 2332 2333 2334 2335 2336 2337 2338 2339 2340 2341 2342 2343 2344 2345 2346 2347 2348 2349 2350 2351 2352 2353 2354 2355 2356 2357 2358 2359 2360 2361 2362 2363 2364 2365 2366 2367 2368 2369 2370 2371 2372 2373 2374 2375 2376 2377 2378 2379 2380 2381 2382 2383 2384 2385 2386 2387 2388 2389 2390 2391 2392 2393 2394 2395 2396 2397 2398 2399 2400 2401 2402 2403 2404 2405 2406 2407 2408 2409 2410 2411 2412 2413 2414 2415 2416 2417 2418 2419 2420 2421 2422 2423 2424 2425 2426 2427 2428 2429 2430 2431 2432 2433 2434 2435 2436 2437 2438 2439 2440 2441 2442 2443 2444 2445 2446 2447 2448 2449 2450 2451 2452 2453 2454 2455 2456 2457 2458 2459 2460 2461 2462 2463 2464 2465 2466 2467 2468 2469 2470 2471 2472 2473 2474 2475 2476 2477 2478 2479 2480 2481 2482 2483 2484 2485 2486 2487 2488 2489 2490 2491 2492 2493 2494 2495 2496 2497 2498 2499 2500 2501 2502 2503 2504 2505 2506 2507 2508 2509 2510 2511 2512 2513 2514 2515 2516 2517 2518 2519 2520 2521 2522 2523 2524 2525 2526 2527 2528 2529 2530 2531 2532 2533 2534 2535 2536 2537 2538 2539 2540 2541 2542 2543 2544 2545 2546 2547 2548 2549 2550 2551 2552 2553 2554 2555 2556 2557 2558 2559 2560 2561 2562 2563 2564 2565 2566 2567 2568 2569 2570 2571 2572 2573 2574 2575 2576 2577 2578 2579 2580 2581 2582 2583 2584 2585 2586 2587 2588 2589 2590 2591 2592 2593 2594 2595 2596 2597 2598 2599 2600 2601 2602 2603 2604 2605 2606 2607 2608 2609 2610 2611 2612 2613 2614 2615 2616 2617 2618 2619 2620 2621 2622 2623 2624 2625 2626 2627 2628 2629 2630 2631 2632 2633 2634 2635 2636 2637 2638 2639 2640 2641 2642 2643 2644 2645 2646 2647 2648 2649 2650 2651 2652 2653 2654 2655 2656 2657 2658 2659 2660 2661 2662 2663 2664 2665 2666 2667 2668 2669 2670 2671 2672 2673 2674 2675 2676 2677 2678 2679 2680 2681 2682 2683 2684 2685 2686 2687 2688 2689 2690 2691 2692 2693 2694 2695 2696 2697 2698 2699 2700 2701 2702 2703 2704 2705 2706 2707 2708 2709 2710 2711 2712 2713 2714 2715 2716 2717 2718 2719 2720 2721 2722 2723 2724 2725 2726 2727 2728 2729 2730 2731 2732 2733 2734 2735 2736 2737 2738 2739 2740 2741 2742 2743 2744 2745 2746 2747 2748 2749 2750 2751 2752 2753 2754 2755 2756 2757 2758 2759 2760 2761 2762 2763 2764 2765 2766 2767 2768 2769 2770 2771 2772 2773 2774 2775 2776 2777 2778 2779 2780 2781 2782 2783 2784 2785 2786 2787 2788 2789 2790 2791 2792 2793 2794 2795 2796 2797 2798 2799 2800 2801 2802 2803 2804 2805 2806 2807 2808 2809 2810 2811 2812 2813 2814 2815 2816 2817 2818 2819 2820 2821 2822 2823 2824 2825 2826 2827 2828 2829 2830 2831 2832 2833 2834 2835 2836 2837 2838 2839 2840 2841 2842 2843 2844 2845 2846 2847 2848 2849 2850 2851 2852 2853 2854 2855 2856 2857 2858 2859 2860 2861 2862 2863 2864 2865 2866 2867 2868 2869 2870 2871 2872 2873 2874 2875 2876 2877 2878 2879 2880 2881 2882 2883 2884 2885 2886 2887 2888 2889 2890 2891 2892 2893 2894 2895 2896 2897 2898 2899 2900 2901 2902 2903 2904 2905 2906 2907 2908 2909 2910 2911 2912 2913 2914 2915 2916 2917 2918 2919 2920 2921 2922 2923 2924 2925 2926 2927 2928 2929 2930 2931 2932 2933 2934 2935 2936 2937 2938 2939 2940 2941 2942 2943 2944 2945 2946 2947 2948 2949 2950 2951 2952 2953 2954 2955 2956 2957 2958 2959 2960 2961 2962 2963 2964 2965 2966 2967 2968 2969 2970 2971 2972 2973 2974 2975 2976 2977 2978 2979 2980 2981 2982 2983 2984 2985 2986 2987 2988 2989 2990 2991 2992 2993 2994 2995 2996 2997 2998 2999 3000 3001 3002 3003 3004 3005 3006 3007 3008 3009 3010 3011 3012 3013 3014 3015 3016 3017 3018 3019 3020 3021 3022 3023 3024 3025 3026 3027 3028 3029 3030 3031 3032 3033 3034 3035 3036 3037 3038 3039 3040 3041 3042 3043 3044 3045 3046 3047 3048 3049 3050 3051 3052 3053 3054 3055 3056 3057 3058 3059 3060 3061 3062 3063 3064 3065 3066 3067 3068 3069 3070 3071 3072 3073 3074 3075 3076 3077 3078 3079 3080 3081 3082 3083 3084 3085 3086 3087 3088 3089 3090 3091 3092 3093 3094 3095 3096 3097 3098 3099 3100 3101 3102 3103 3104 3105 3106 3107 3108 3109 3110 3111 3112 3113 3114 3115 3116 3117 3118 3119 3120 3121 3122 3123 3124 3125 3126 3127 3128 3129 3130 3131 3132 3133 3134 3135 3136 3137 3138 3139 3140 3141 3142 3143 3144 3145 3146 3147 3148 3149 3150 3151 3152 3153 3154 3155 3156 3157 3158 3159 3160 3161 3162 3163 3164 3165 3166 3167 3168 3169 3170 3171 3172 3173 3174 3175 3176 3177 3178 3179 3180 3181 3182 3183 3184 3185 3186 3187 3188 3189 3190 3191 3192 3193 3194 3195 3196 3197 3198 3199 3200 3201 3202 3203 3204 3205 3206 3207 3208 3209 3210 3211 3212 3213 3214 3215 3216 3217 3218 3219 3220 3221 3222 3223 3224 3225 3226 3227 3228 3229 3230 3231 3232 3233 3234 3235 3236 3237 3238 3239 3240 3241 3242 3243 3244 3245 3246 3247 3248 3249 3250 3251 3252 3253 3254 3255 3256 3257 3258 3259 3260 3261 3262 3263 3264 3265 3266 3267 3268 3269 3270 3271 3272 3273 3274 3275 3276 3277 3278 3279 3280 3281 3282 3283 3284 3285 3286 3287 3288 3289 3290 3291 3292 3293 3294 3295 3296 3297 3298 3299 3300 3301 3302 3303 3304 3305 3306 3307 3308 3309 3310 3311 3312 3313 3314 3315 3316 3317 3318 3319 3320 3321 3322 3323 3324 3325 3326 3327 3328 3329 3330 3331 3332 3333 3334 3335 3336 3337 3338 3339 3340 3341 3342 3343 3344 3345 3346 3347 3348 3349 3350 3351 3352 3353 3354 3355 3356 3357 3358 3359 3360 3361 3362 3363 3364 3365 3366 3367 3368 3369 3370 3371 3372 3373 3374 3375 3376 3377 3378 3379 3380 3381 3382 3383 3384 3385 3386 3387 3388 3389 3390 3391 3392 3393 3394 3395 3396 3397 3398 3399 3400 3401 3402 3403 3404 3405 3406 3407 3408 3409 3410 3411 3412 3413 3414 3415 3416 3417 3418 3419 3420 3421 3422 3423 3424 3425 3426 3427 3428 3429 3430 3431 3432 3433 3434 3435 3436 3437 3438 3439 3440 3441 3442 3443 3444 3445 3446 3447 3448 3449 3450 3451 3452 3453 3454 3455 3456 3457 3458 3459 3460 3461 3462 3463 3464 3465 3466 3467 3468 3469 3470 3471 3472 3473 3474 3475 3476 3477 3478 3479 3480 3481 3482 3483 3484 3485 3486 3487 3488 3489 3490 3491 3492 3493 3494 3495 3496 3497 3498 3499 3500 3501 3502 3503 3504 3505 3506 3507 3508 3509 3510 3511 3512 3513 3514 3515 3516 3517 3518 3519 3520 3521 3522 3523 3524 3525 3526 3527 3528 3529 3530 3531 3532 3533 3534 3535 3536 3537 3538 3539 3540 3541 3542 3543 3544 3545 3546 3547 3548 3549 3550 3551 3552 3553 3554 3555 3556 3557 3558 3559 3560 3561 3562 3563 3564 3565 3566 3567 3568 3569 3570 3571 3572 3573 3574 3575 3576 3577 3578 3579 3580 3581 3582 3583 3584 3585 3586 3587 3588 3589 3590 3591 3592 3593 3594 3595 3596 3597 3598 3599 3600 3601 3602 3603 3604 3605 3606 3607 3608 3609 3610 3611 3612 3613 3614 3615 3616 3617 3618 3619 3620 3621 3622 3623 3624 3625 3626 3627 3628 3629 3630 3631 3632 3633 3634 3635 3636 3637 3638 3639 3640 3641 3642 3643 3644 3645 3646 3647 3648 3649 3650 3651 3652 3653 3654 3655 3656 3657 3658 3659 3660 3661 3662 3663 3664 3665 3666 3667 3668 3669 3670 3671 3672 3673 3674 3675 3676 3677 3678 3679 3680 3681 3682 3683 3684 3685 3686 3687 3688 3689 3690 3691 3692 3693 3694 3695 3696 3697 3698 3699 3700 3701 3702 3703 3704 3705 3706 3707 3708 3709 3710 3711 3712 3713 3714 3715 3716 3717 3718 3719 3720 3721 3722 3723 3724 3725 3726 3727 3728 3729 3730 3731 3732 3733 3734 3735 3736 3737 3738 3739 3740 3741 3742 3743 3744 3745 3746 3747 3748 3749 3750 3751 3752 3753 3754 3755 3756 3757 3758 3759 3760 3761 3762 3763 3764 3765 3766 3767 3768 3769 3770 3771 3772 3773 3774 3775 3776 3777 3778 3779 3780 3781 3782 3783 3784 3785 3786 3787 3788 3789 3790 3791 3792 3793 3794 3795 3796 3797 3798 3799 3800 3801 3802 3803 3804 3805 3806 3807 3808 3809 3810 3811 3812 3813 3814 3815 3816 3817 3818 3819 3820 3821 3822 3823 3824 3825 3826 3827 3828 3829 3830 3831 3832 3833 3834 3835 3836 3837 3838 3839 3840 3841 3842 3843 3844 3845 3846 3847 3848 3849 3850 3851 3852 3853 3854 3855 3856 3857 3858 3859 3860 3861 3862 3863 3864 3865 3866 3867 3868 3869 3870 3871 3872 3873 3874 3875 3876 3877 3878 3879 3880 3881 3882 3883 3884 3885 3886 3887 3888 3889 3890 3891 3892 3893 3894 3895 3896 3897 3898 3899 3900 3901 3902 3903 3904 3905 3906 3907 3908 3909 3910 3911 3912 3913 3914 3915 3916 3917 3918 3919 3920 3921 3922 3923 3924 3925 3926 3927 3928 3929 3930 3931 3932 3933 3934 3935 3936 3937 3938 3939 3940 3941 3942 3943 3944 3945 3946 3947 3948 3949 3950 3951 3952 3953 3954 3955 3956 3957 3958 3959 3960 3961 3962 3963 3964 3965 3966 3967 3968 3969 3970 3971 3972 3973 3974 3975 3976 3977 3978 3979 3980 3981 3982 3983 3984 3985 3986 3987 3988 3989 3990 3991 3992 3993 3994 3995 3996 3997 3998 3999 4000 4001 4002 4003 4004 4005 4006 4007 4008 4009 4010 4011 4012 4013 4014 4015 4016 4017 4018 4019 4020 4021 4022 4023 4024 4025 4026 4027 4028 4029 4030 4031 4032 4033 4034 4035 4036 4037 4038 4039 4040 4041 4042 4043 4044 4045 4046 4047 4048 4049 4050 4051 4052 4053 4054 4055 4056 4057 4058 4059 4060 4061 4062 4063 4064 4065 4066 4067 4068 4069 4070 4071 4072 4073 4074 4075 4076 4077 4078 4079 4080 4081 4082 4083 4084 4085 4086 4087 4088 4089 4090 4091 4092 4093 4094 4095 4096 4097 4098 4099 4100 4101 4102 4103 4104 4105 4106 4107 4108 4109 4110 4111 4112 4113 4114 4115 4116 4117 4118 4119 4120 4121 4122 4123 4124 4125 4126 4127 4128 4129 4130 4131 4132 4133 4134 4135 4136 4137 4138 4139 4140 4141 4142 4143 4144 4145 4146 4147 4148 4149 4150 4151 4152 4153 4154 4155 4156 4157 4158 4159 4160 4161 4162 4163 4164 4165 4166 4167 4168 4169 4170 4171 4172 4173 4174 4175 4176 4177 4178 4179 4180 4181 4182 4183 4184 4185 4186 4187 4188 4189 4190 4191 4192 4193 4194 4195 4196 4197 4198 4199 4200 4201 4202 4203 4204 4205 4206 4207 4208 4209 4210 4211 4212 4213 4214 4215 4216 4217 4218 4219 4220 4221 4222 4223 4224 4225 4226 4227 4228 4229 4230 4231 4232 4233 4234 4235 4236 4237 4238 4239 4240 4241 4242 4243 4244 4245 4246 4247 4248 4249 4250 4251 4252 4253 4254 4255 4256 4257 4258 4259 4260 4261 4262 4263 4264 4265 4266 4267 4268 4269 4270 4271 4272 4273 4274 4275 4276 4277 4278 4279 4280 4281 4282 4283 4284 4285 4286 4287 4288 4289 4290 4291 4292 4293 4294 4295 4296 4297 4298 4299 4300 4301 4302 4303 4304 4305 4306 4307 4308 4309 4310 4311 4312 4313 4314 4315 4316 4317 4318 4319 4320 4321 4322 4323 4324 4325 4326 4327 4328 4329 4330 4331 4332 4333 4334 4335 4336 4337 4338 4339 4340 4341 4342 4343 4344 4345 4346 4347 4348 4349 4350 4351 4352 4353 4354 4355 4356 4357 4358 4359 4360 4361 4362 4363 4364 4365 4366 4367 4368 4369 4370 4371 4372 4373 4374 4375 4376 4377 4378 4379 4380 4381 4382 4383 4384 4385 4386 4387 4388 4389 4390 4391 4392 4393 4394 4395 4396 4397 4398 4399 4400 4401 4402 4403 4404 4405 4406 4407 4408 4409 4410 4411 4412 4413 4414 4415 4416 4417 4418 4419 4420 4421 4422 4423 4424 4425 4426 4427 4428 4429 4430 4431 4432 4433 4434 4435 4436 4437 4438 4439 4440 4441 4442 4443 4444 4445 4446 4447 4448 4449 4450 4451 4452 4453 4454 4455 4456 4457 4458 4459 4460 4461 4462 4463 4464 4465 4466 4467 4468 4469 4470 4471 4472 4473 4474 4475 4476 4477 4478 4479 4480 4481 4482 4483 4484 4485 4486 4487 4488 4489 4490 4491 4492 4493 4494 4495 4496 4497 4498 4499 4500 4501 4502 4503 4504 4505 4506 4507 4508 4509 4510 4511 4512 4513 4514 4515 4516 4517 4518 4519 4520 4521 4522 4523 4524 4525 4526 4527 4528 4529 4530 4531 4532 4533 4534 4535 4536 4537 4538 4539 4540 4541 4542 4543 4544 4545 4546 4547 4548 4549 4550 4551 4552 4553 4554 4555 4556 4557 4558 4559 4560 4561 4562 4563 4564 4565 4566 4567 4568 4569 4570 4571 4572 4573 4574 4575 4576 4577 4578 4579 4580 4581 4582 4583 4584 4585 4586 4587 4588 4589 4590 4591 4592 4593 4594 4595 4596 4597 4598 4599 4600 4601 4602 4603 4604 4605 4606 4607 4608 4609 4610 4611 4612 4613 4614 4615 4616 4617 4618 4619 4620 4621 4622 4623 4624 4625 4626 4627 4628 4629 4630 4631 4632 4633 4634 4635 4636 4637 4638 4639 4640 4641 4642 4643 4644 4645 4646 4647 4648 4649 4650 4651 4652 4653 4654 4655 4656 4657 4658 4659 4660 4661 4662 4663 4664 4665 4666 4667 4668 4669 4670 4671 4672 4673 4674 4675 4676 4677 4678 4679 4680 4681 4682 4683 4684 4685 4686 4687 4688 4689 4690 4691 4692 4693 4694 4695 4696 4697 4698 4699 4700 4701 4702 4703 4704 4705 4706 4707 4708 4709 4710 4711 4712 4713 4714 4715 4716 4717 4718 4719 4720 4721 4722 4723 4724 4725 4726 4727 4728 4729 4730 4731 4732 4733 4734 4735 4736 4737 4738 4739 4740 4741 4742 4743 4744 4745 4746 4747 4748 4749 4750 4751 4752 4753 4754 4755 4756 4757 4758 4759 4760 4761 4762 4763 4764 4765 4766 4767 4768 4769 4770 4771 4772 4773 4774 4775 4776 4777 4778 4779 4780 4781 4782 4783 4784 4785 4786 4787 4788 4789 4790 4791 4792 4793 4794 4795 4796 4797 4798 4799 4800 4801 4802 4803 4804 4805 4806 4807 4808 4809 4810 4811 4812 4813 4814 4815 4816 4817 4818 4819 4820 4821 4822 4823 4824 4825 4826 4827 4828 4829 4830 4831 4832 4833 4834 4835 4836 4837 4838 4839 4840 4841 4842 4843 4844 4845 4846 4847 4848 4849 4850 4851 4852 4853 4854 4855 4856 4857 4858 4859 4860 4861 4862 4863 4864 4865 4866 4867 4868 4869 4870 4871 4872 4873 4874 4875 4876 4877 4878 4879 4880 4881 4882 4883 4884 4885 4886 4887 4888 4889 4890 4891 4892 4893 4894 4895 4896 4897 4898 4899 4900 4901 4902 4903 4904 4905 4906 4907 4908 4909 4910 4911 4912 4913 4914 4915 4916 4917 4918 4919 4920 4921 4922 4923 4924 4925 4926 4927 4928 4929 4930 4931 4932 4933 4934 4935 4936 4937 4938 4939 4940 4941 4942 4943 4944 4945 4946 4947 4948 4949 4950 4951 4952 4953 4954 4955 4956 4957 4958 4959 4960 4961 4962 4963 4964 4965 4966 4967 4968 4969 4970 4971 4972 4973 4974 4975 4976 4977 4978 4979 4980 4981 4982 4983 4984 4985 4986 4987 4988 4989 4990 4991 4992 4993 4994 4995 4996 4997 4998 4999 5000 5001 5002 5003 5004 5005 5006 5007 5008 5009 5010 5011 5012 5013 5014 5015 5016 5017 5018 5019 5020 5021 5022 5023 5024 5025 5026 5027 5028 5029 5030 5031 5032 5033 5034 5035 5036 5037 5038 5039 5040 5041 5042 5043 5044 5045 5046 5047 5048 5049 5050 5051 5052 5053 5054 5055 5056 5057 5058 5059 5060 5061 5062 5063 5064 5065 5066 5067 5068 5069 5070 5071 5072 5073 5074 5075 5076 5077 5078 5079 5080 5081 5082 5083 5084 5085 5086 5087 5088 5089 5090 5091 5092 5093 5094 5095 5096 5097 5098 5099 5100 5101 5102 5103 5104 5105 5106 5107 5108 5109 5110 5111 5112 5113 5114 5115 5116 5117 5118 5119 5120 5121 5122 5123 5124 5125 5126 5127 5128 5129 5130 5131 5132 5133 5134 5135 5136 5137 5138 5139 5140 5141 5142 5143 5144 5145 5146 5147 5148 5149 5150 5151 5152 5153 5154 5155 5156 5157 5158 5159 5160 5161 5162 5163 5164 5165 5166 5167 5168 5169 5170 5171 5172 5173 5174 5175 5176 5177 5178 5179 5180 5181 5182 5183 5184 5185 5186 5187 5188 5189 5190 5191 5192 5193 5194 5195 5196 5197 5198 5199 5200 5201 5202 5203 5204 5205 5206 5207 5208 5209 5210 5211 5212 5213 5214 5215 5216 5217 5218 5219 5220 5221 5222 5223 5224 5225 5226 5227 5228 5229 5230 5231 5232 5233 5234 5235 5236 5237 5238 5239 5240 5241 5242 5243 5244 5245 5246 5247 5248 5249 5250 5251 5252 5253 5254 5255 5256 5257 5258 5259 5260 5261 5262 5263 5264 5265 5266 5267 5268 5269 5270 5271 5272 5273 5274 5275 5276 5277 5278 5279 5280 5281 5282 5283 5284 5285 5286 5287 5288 5289 5290 5291 5292 5293 5294 5295 5296 5297 5298 5299 5300 5301 5302 5303 5304 5305 5306 5307 5308 5309 5310 5311 5312 5313 5314 5315 5316 5317 5318 5319 5320 5321 5322 5323 5324 5325 5326 5327 5328 5329 5330 5331 5332 5333 5334 5335 5336 5337 5338 5339 5340 5341 5342 5343 5344 5345 5346 5347 5348 5349 5350 5351 5352 5353 5354 5355 5356 5357 5358 5359 5360 5361 5362 5363 5364 5365 5366 5367 5368 5369 5370 5371 5372 5373 5374 5375 5376 5377 5378 5379 5380 5381 5382 5383 5384 5385 5386 5387 5388 5389 5390 5391 5392 5393 5394 5395 5396 5397 5398 5399 5400 5401 5402 5403 5404 5405 5406 5407 5408 5409 5410 5411 5412 5413 5414 5415 5416 5417 5418 5419 5420 5421 5422 5423 5424 5425 5426 5427 5428 5429 5430 5431 5432 5433 5434 5435 5436 5437 5438 5439 5440 5441 5442 5443 5444 5445 5446 5447 5448 5449 5450 5451 5452 5453 5454 5455 5456 5457 5458 5459 5460 5461 5462 5463 5464 5465 5466 5467 5468 5469 5470 5471 5472 5473 5474 5475 5476 5477 5478 5479 5480 5481 5482 5483 5484 5485 5486 5487 5488 5489 5490 5491 5492 5493 5494 5495 5496 5497 5498 5499 5500 5501 5502 5503 5504 5505 5506 5507 5508 5509 5510 5511 5512 5513 5514 5515 5516 5517 5518 5519 5520 5521 5522 5523 5524 5525 5526 5527 5528 5529 5530 5531 5532 5533 5534 5535 5536 5537 5538 5539 5540 5541 5542 5543 5544 5545 5546 5547 5548 5549 5550 5551 5552 5553 5554 5555 5556 5557 5558 5559 5560 5561 5562 5563 5564 5565 5566 5567 5568 5569 5570 5571 5572 5573 5574 5575 5576 5577 5578 5579 5580 5581 5582 5583 5584 5585 5586 5587 5588 5589 5590 5591 5592 5593 5594 5595 5596 5597 5598 5599 5600 5601 5602 5603 5604 5605 5606 5607 5608 5609 5610 5611 5612 5613 5614 5615 5616 5617 5618 5619 5620 5621 5622 5623 5624 5625 5626 5627 5628 5629 5630 5631 5632 5633 5634 5635 5636 5637 5638 5639 5640 5641 5642 5643 5644 5645 5646 5647 5648 5649 5650 5651 5652 5653 5654 5655 5656 5657 5658 5659 5660 5661 5662 5663 5664 5665 5666 5667 5668 5669 5670 5671 5672 5673 5674 5675 5676 5677 5678 5679 5680 5681 5682 5683 5684 5685 5686 5687 5688 5689 5690 5691 5692 5693 5694 5695 5696 5697 5698 5699 5700 5701 5702 5703 5704 5705 5706 5707 5708 5709 5710 5711 5712 5713 5714 5715 5716 5717 5718 5719 5720 5721 5722 5723 5724 5725 5726 5727 5728 5729 5730 5731 5732 5733 5734 5735 5736 5737 5738 5739 5740 5741 5742 5743 5744 5745 5746 5747 5748 5749 5750 5751 5752 5753 5754 5755 5756 5757 5758 5759 5760 5761 5762 5763 5764 5765 5766 5767 5768 5769 5770 5771 5772 5773 5774 5775 5776 5777 5778 5779 5780 5781 5782 5783 5784 5785 5786 5787 5788 5789 5790 5791 5792 5793 5794 5795 5796 5797 5798 5799 5800 5801 5802 5803 5804 5805 5806 5807 5808 5809 5810 5811 5812 5813 5814 5815 5816 5817 5818 5819 5820 5821 5822 5823 5824 5825 5826 5827 5828 5829 5830 5831 5832 5833 5834 5835 5836 5837 5838 5839 5840 5841 5842 5843 5844 5845 5846 5847 5848 5849 5850 5851 5852 5853 5854 5855 5856 5857 5858 5859 5860 5861 5862 5863 5864 5865 5866 5867 5868 5869 5870 5871 5872 5873 5874 5875 5876 5877 5878 5879 5880 5881 5882 5883 5884 5885 5886 5887 5888 5889 5890 5891 5892 5893 5894 5895 5896 5897 5898 5899 5900 5901 5902 5903 5904 5905 5906 5907 5908 5909 5910 5911 5912 5913 5914 5915 5916 5917 5918 5919 5920 5921 5922 5923 5924 5925 5926 5927 5928 5929 5930 5931 5932 5933 5934 5935 5936 5937 5938 5939 5940 5941 5942 5943 5944 5945 5946 5947 5948 5949 5950 5951 5952 5953 5954 5955 5956 5957 5958 5959 5960 5961 5962 5963 5964 5965 5966 5967 5968 5969 5970 5971 5972 5973 5974 5975 5976 5977 5978 5979 5980 5981 5982 5983 5984 5985 5986 5987 5988 5989 5990 5991 5992 5993 5994 5995 5996 5997 5998 5999 6000 6001 6002 6003 6004 6005 6006 6007 6008 6009 6010 6011 6012 6013 6014 6015 6016 6017 6018 6019 6020 6021 6022 6023 6024 6025 6026 6027 6028 6029 6030 6031 6032 6033 6034 6035 6036 6037 6038 6039 6040 6041 6042 6043 6044 6045 6046 6047 6048 6049 6050 6051 6052 6053 6054 6055 6056 6057 6058 6059 6060 6061 6062 6063 6064 6065 6066 6067 6068 6069 6070 6071 6072 6073 6074 6075 6076 6077 6078 6079 6080 6081 6082 6083 6084 6085 6086 6087 6088 6089 6090 6091 6092 6093 6094 6095 6096 6097 6098 6099 6100 6101 6102 6103 6104 6105 6106 6107 6108 6109 6110 6111 6112 6113 6114 6115 6116 6117 6118 6119 6120 6121 6122 6123 6124 6125 6126 6127 6128 6129 6130 6131 6132 6133 6134 6135 6136 6137 6138 6139 6140 6141 6142 6143 6144 6145 6146 6147 6148 6149 6150 6151 6152 6153 6154 6155 6156 6157 6158 6159 6160 6161 6162 6163 6164 6165 6166 6167 6168 6169 6170 6171 6172 6173 6174 6175 6176 6177 6178 6179 6180 6181 6182 6183 6184 6185 6186 6187 6188 6189 6190 6191 6192 6193 6194 6195 6196 6197 6198 6199 6200 6201 6202 6203 6204 6205 6206 6207 6208 6209 6210 6211 6212 6213 6214 6215 6216 6217 6218 6219 6220 6221 6222 6223 6224 6225 6226 6227 6228 6229 6230 6231 6232 6233 6234 6235 6236 6237 6238 6239 6240 6241 6242 6243 6244 6245 6246 6247 6248 6249 6250 6251 6252 6253 6254 6255 6256 6257 6258 6259 6260 6261 6262 6263 6264 6265 6266 6267 6268 6269 6270 6271 6272 6273 6274 6275 6276 6277 6278 6279 6280 6281 6282 6283 6284 6285 6286 6287 6288 6289 6290 6291 6292 6293 6294 6295 6296 6297 6298 6299 6300 6301 6302 6303 6304 6305 6306 6307 6308 6309 6310 6311 6312 6313 6314 6315 6316 6317 6318 6319 6320 6321 6322 6323 6324 6325 6326 6327 6328 6329 6330 6331 6332 6333 6334 6335 6336 6337 6338 6339 6340 6341 6342 6343 6344 6345 6346 6347 6348 6349 6350 6351 6352 6353 6354 6355 6356 6357 6358 6359 6360 6361 6362 6363 6364 6365 6366 6367 6368 6369 6370 6371 6372 6373 6374 6375 6376 6377 6378 6379 6380 6381 6382 6383 6384 6385 6386 6387 6388 6389 6390 6391 6392 6393 6394 6395 6396 6397 6398 6399 </DataArray>
      </CellData>
      <PointData Vectors="displacement">
        <DataArray type="Int64" IdType="1" Name="vtkOriginalPointIds" format="ascii" RangeMin="0" RangeMax="7217">0 1 2 3 4 5 6 7 8 9 10 11 12 13 14 15 16 17 18 19 20 21 22 23 24 25 26 27 28 29 30 31 32 33 34 35 36 37 38 39 40 41 42 43 44 45 46 47 48 49 50 51 52 53 54 55 56 57 58 59 60 61 62 63 64 65 66 67 68 69 70 71 72 73 74 75 76 77 78 79 80 81 82 83 84 85 86 87 88 89 90 91 92 93 94 95 96 97 98 99 100 101 102 103 104 105 106 107 108 109 110 111 112 113 114 115 116 117 118 119 120 121 122 123 124 125 126 127 128 129 130 131 132 133 134 135 136 137 138 139 140 141 142 143 144 145 146 147 148 149 150 151 152 153 154 155 156 157 158 159 160 161 162 163 164 165 166 167 168 169 170 171 172 173 174 175 176 177 178 179 180 181 182 183 184 185 186 187 188 189 190 191 192 193 194 195 196 197 198 199 200 201 202 203 204 205 206 207 208 209 210 211 212 213 214 215 216 217 218 219 220 221 222 223 224 225 226 227 228 229 230 231 232 233 234 235 236 237 238 239 240 241 242 243 244 245 246 247 248 249 250 251 252 253 254 255 256 257 258 259 260 261 262 263 264 265 266 267 268 269 270 271 272 273 274 275 276 277 278 279 280 281 282 283 284 285 286 287 288 289 290 291 292 293 294 295 296 297 298 299 300 301 302 303 304 305 306 307 308 309 310 311 312 313 314 315 316 317 318 319 320 321 322 323 324 325 326 327 328 329 330 331 332 333 334 335 336 337 338 339 340 341 342 343 344 345 346 347 348 349 350 351 352 353 354 355 356 357 358 359 360 361 362 363 364 365 366 367 368 369 370 371 372 373 374 375 376 377 378 379 380 381 382 383 384 385 386 387 388 389 390 391 392 393 394 395 396 397 398 399 400 401 402 403 404 405 406 407 408 409 410 411 412 413 414 415 416 417 418 419 420 421 422 423 424 425 426 427 428 429 430 431 432 433 434 435 436 437 438 439 440 441 442 443 444 445 446 447 448 449 450 451 452 453 454 455 456 457 458 459 460 461 462 463 464 465 466 467 468 469 470 471 472 473 474 475 476 477 478 479 480 481 482 483 484 485 486 487 488 489 490 491 492 493 494 495 496 497 498 499 500 501 502 503 504 505 506 507 508 509 510 511 512 513 514 515 516 517 518 519 520 521 522 523 524 525 526 527 528 529 530 531 532 533 534 535 536 537 538 539 540 541 542 543 544 545 546 547 548 549 550 551 552 553 554 555 556 557 558 559 560 561 562 563 564 565 566 567 568 569 570 571 572 573 574 575 576 577 578 579 580 581 582 583 584 585 586 587 588 589 590 591 592 593 594 595 596 597 598 599 600 601 602 603 604 605 606 607 608 609 610 611 612 613 614 615 616 617 618 619 620 621 622 623 624 625 626 627 628 629 630 631 632 633 634 635 636 637 638 639 640 641 642 643 644 645 646 647 648 649 650 651 652 653 654 655 656 657 658 659 660 661 662 663 664 665 666 667 668 669 670 671 672 673 674 675 676 677 678 679 680 681 682 683 684 685 686 687 688 689 690 691 692 693 694 695 696 697 698 699 700 701 702 703 704 705 706 707 708 709 710 711 712 713 714 715 716 717 718 719 720 721 722 723 724 725 726 727 728 729 730 731 732 733 734 735 736 737 738 739 740 741 742 743 744 745 746 747 748 749 750 751 752 753 754 755 756 757 758 759 760 761 762 763 764 765 766 767 768 769 770 771 772 773 774 775 776 777 778 779 780 781 782 783 784 785 786 787 788 789 790 791 792 793 794 795 796 797 798 799 800 801 802 803 804 805 806 807 808 809 810 811 812 813 814 815 816 817 818 819 820 821 822 823 824 825 826 827 828 829 830 831 832 833 834 835 836 837 838 839 840 841 842 843 844 845 846 847 848 849 850 851 852 853 854 855 856 857 858 859 860 861 862 863 864 865 866 867 868 869 870 871 872 873 874 875 876 877 878 879 880 881 882 883 884 885 886 887 888 889 890 891 892 893 894 895 896 897 898 899 900 901 902 903 904 905 906 907 908 909 910 911 912 913 914 915 916 917 918 919 920 921 922 923 924 925 926 927 928 929 930 931 932 933 934 935 936 937 938 939 940 941 942 943 944 945 946 947 948 949 950 951 952 953 954 955 956 957 958 959 960 961 962 963 964 965 966 967 968 969 970 971 972 973 974 975 976 977 978 979 980 981 982 983 984 985 986 987 988 989 990 991 992 993 994 995 996 997 998 999 1000 1001 1002 1003 1004 1005 1006 1007 1008 1009 1010 1011 1012 1013 1014 1015 1016 1017 1018 1019 1020 1021 1022 1023 1024 1025 1026 1027 1028 1029 1030 1031 1032 1033 1034 1035 1036 1037 1038 1039 1040 1041 1042 1043 1044 1045 1046 1047 1048 1049 1050 1051 1052 1053 1054 1055 1056 1057 1058 1059 1060 1061 1062 1063 1064 1065 1066 1067 1068 1069 1070 1071 1072 1073 1074 1075 1076 1077 1078 1079 1080 1081 1082 1083 1084 1085 1086 1087 1088 1089 1090 1091 1092 1093 1094 1095 1096 1097 1098 1099 1100 1101 1102 1103 1104 1105 1106 1107 1108 1109 1110 1111 1112 1113 1114 1115 1116 1117 1118 1119 1120 1121 1122 1123 1124 1125 1126 1127 1128 1129 1130 1131 1132 1133 1134 1135 1136 1137 1138 1139 1140 1141 1142 1143 1144 1145 1146 1147 1148 1149 1150 1151 1152 1153 1154 1155 1156 1157 1158 1159 1160 1161 1162 1163 1164 1165 1166 1167 1168 1169 1170 1171 1172 1173 1174 1175 1176 1177 1178 1179 1180 1181 1182 1183 1184 1185 1186 1187 1188 1189 1190 1191 1192 1193 1194 1195 1196 1197 1198 1199 1200 1201 1202 1203 1204 1205 1206 1207 1208 1209 1210 1211 1212 1213 1214 1215 1216 1217 1218 1219 1220 1221 1222 1223 1224 1225 1226 1227 1228 1229 1230 1231 1232 1233 1234 1235 1236 1237 1238 1239 1240 1241 1242 1243 1244 1245 1246 1247 1248 1249 1250 1251 1252 1253 1254 1255 1256 1257 1258 1259 1260 1261 1262 1263 1264 1265 1266 1267 1268 1269 1270 1271 1272 1273 1274 1275 1276 1277 1278 1279 1280 1281 1282 1283 1284 1285 1286 1287 1288 1289 1290 1291 1292 1293 1294 1295 1296 1297 1298 1299 1300 1301 1302 1303 1304 1305 1306 1307 1308 1309 1310 1311 1312 1313 1314 1315 1316 1317 1318 1319 1320 1321 1322 1323 1324 1325 1326 1327 1328 1329 1330 1331 1332 1333 1334 1335 1336 1337 1338 1339 1340 1341 1342 1343 1344 1345 1346 1347 1348 1349 1350 1351 1352 1353 1354 1355 1356 1357 1358 1359 1360 1361 1362 1363 1364 1365 1366 1367 1368 1369 1370 1371 1372 1373 1374 1375 1376 1377 1378 1379 1380 1381 1382 1383 1384 1385 1386 1387 1388 1389 1390 1391 1392 1393 1394 1395 1396 1397 1398 1399 1400 1401 1402 1403 1404 1405 1406 1407 1408 1409 1410 1411 1412 1413 1414 1415 1416 1417 1418 1419 1420 1421 1422 1423 1424 1425 1426 1427 1428 1429 1430 1431 1432 1433 1434 1435 1436 1437 1438 1439 1440 1441 1442 1443 1444 1445 1446 1447 1448 1449 1450 1451 1452 1453 1454 1455 1456 1457 1458 1459 1460 1461 1462 1463 1464 1465 1466 1467 1468 1469 1470 1471 1472 1473 1474 1475 1476 1477 1478 1479 1480 1481 1482 1483 1484 1485 1486 1487 1488 1489 1490 1491 1492 1493 1494 1495 1496 1497 1498 1499 1500 1501 1502 1503 1504 1505 1506 1507 1508 1509 1510 1511 1512 1513 1514 1515 1516 1517 1518 1519 1520 1521 1522 1523 1524 1525 1526 1527 1528 1529 1530 1531 1532 1533 1534 1535 1536 1537 1538 1539 1540 1541 1542 1543 1544 1545 1546 1547 1548 1549 1550 1551 1552 1553 1554 1555 1556 1557 1558 1559 1560 1561 1562 1563 1564 1565 1566 1567 1568 1569 1570 1571 1572 1573 1574 1575 1576 1577 1578 1579 1580 1581 1582 1583 1584 1585 1586 1587 1588 1589 1590 1591 1592 1593 1594 1595 1596 1597 1598 1599 1600 1601 1602 1603 1604 1605 1606 1607 1608 1609 1610 1611 1612 1613 1614 1615 1616 1617 1618 1619 1620 1621 1622 1623 1624 1625 1626 1627 1628 1629 1630 1631 1632 1633 1634 1635 1636 1637 1638 1639 1640 1641 1642 1643 1644 1645 1646 1647 1648 1649 1650 1651 1652 1653 1654 1655 1656 1657 1658 1659 1660 1661 1662 1663 1664 1665 1666 1667 1668 1669 1670 1671 1672 1673 1674 1675 1676 1677 1678 1679 1680 1681 1682 1683 1684 1685 1686 1687 1688 1689 1690 1691 1692 1693 1694 1695 1696 1697 1698 1699 1700 1701 1702 1703 1704 1705 1706 1707 1708 1709 1710 1711 1712 1713 1714 1715 1716 1717 1718 1719 1720 1721 1722 1723 1724 1725 1726 1727 1728 1729 1730 1731 1732 1733 1734 1735 1736 1737 1738 1739 1740 1741 1742 1743 1744 1745 1746 1747 1748 1749 1750 1751 1752 1753 1754 1755 1756 1757 1758 1759 1760 1761 1762 1763 1764 1765 1766 1767 1768 1769 1770 1771 1772 1773 1774 1775 1776 1777 1778 1779 1780 1781 1782 1783 1784 1785 1786 1787 1788 1789 1790 1791 1792 1793 1794 1795 1796 1797 1798 1799 1800 1801 1802 1803 1804 1805 1806 1807 1808 1809 1810 1811 1812 1813 1814 1815 1816 1817 1818 1819 1820 1821 1822 1823 1824 1825 1826 1827 1828 1829 1830 1831 1832 1833 1834 1835 1836 1837 1838 1839 1840 1841 1842 1843 1844 1845 1846 1847 1848 1849 1850 1851 1852 1853 1854 1855 1856 1857 1858 1859 1860 1861 1862 1863 1864 1865 1866 1867 1868 1869 1870 1871 1872 1873 1874 1875 1876 1877 1878 1879 1880 1881 1882 1883 1884 1885 1886 1887 1888 1889 1890 1891 1892 1893 1894 1895 1896 1897 1898 1899 1900 1901 1902 1903 1904 1905 1906 1907 1908 1909 1910 1911 1912 1913 1914 1915 1916 1917 1918 1919 1920 1921 1922 1923 1924 1925 1926 1927 1928 1929 1930 1931 1932 1933 1934 1935 1936 1937 1938 1939 1940 1941 1942 1943 1944 1945 1946 1947 1948 1949 1950 1951 1952 1953 1954 1955 1956 1957 1958 1959 1960 1961 1962 1963 1964 1965 1966 1967 1968 1969 1970 1971 1972 1973 1974 1975 1976 1977 1978 1979 1980 1981 1982 1983 1984 1985 1986 1987 1988 1989 1990 1991 1992 1993 1994 1995 1996 1997 1998 1999 2000 2001 2002 2003 2004 2005 2006 2007 2008 2009 2010 2011 2012 2013 2014 2015 2016 2017 2018 2019 2020 2021 2022 2023 2024 2025 2026 2027 2028 2029 2030 2031 2032 2033 2034 2035 2036 2037 2038 2039 2040 2041 2042 2043 2044 2045 2046 2047 2048 2049 2050 2051 2052 2053 2054 2055 2056 2057 2058 2059 2060 2061 2062 2063 2064 2065 2066 2067 2068 2069 2070 2071 2072 2073 2074 2075 2076 2077 2078 2079 2080 2081 2082 2083 2084 2085 2086 2087 2088 2089 2090 2091 2092 2093 2094 2095 2096 2097 2098 2099 2100 2101 2102 2103 2104 2105 2106 2107 2108 2109 2110 2111 2112 2113 2114 2115 2116 2117 2118 2119 2120 2121 2122 2123 2124 2125 2126 2127 2128 2129 2130 2131 2132 2133 2134 2135 2136 2137 2138 2139 2140 2141 2142 2143 2144 2145 2146 2147 2148 2149 2150 2151 2152 2153 2154 2155 2156 2157 2158 2159 2160 2161 2162 2163 2164 2165 2166 2167 2168 2169 2170 2171 2172 2173 2174 2175 2176 2177 2178 2179 2180 2181 2182 2183 2184 2185 2186 2187 2188 2189 2190 2191 2192 2193 2194 2195 2196 2197 2198 2199 2200 2201 2202 2203 2204 2205 2206 2207 2208 2209 2210 2211 2212 2213 2214 2215 2216 2217 2218 2219 2220 2221 2222 2223 2224 2225 2226 2227 2228 2229 2230 2231 2232 2233 2234 2235 2236 2237 2238 2239 2240 2241 2242 2243 2244 2245 2246 2247 2248 2249 2250 2251 2252 2253 2254 2255 2256 2257 2258 2259 2260 2261 2262 2263 2264 2265 2266 2267 2268 2269 2270 2271 2272 2273 2274 2275 2276 2277 2278 2279 2280 2281 2282 2283 2284 2285 2286 2287 2288 2289 2290 2291 2292 2293 2294 2295 2296 2297 2298 2299 2300 2301 2302 2303 2304 2305 2306 2307 2308 2309 2310 2311 2312 2313 2314 2315 2316 2317 2318 2319 2320 2321 2322 2323 2324 2325 2326 2327 2328 2329 2330 2331 2332 2333 2334 2335 2336 2337 2338 2339 2340 2341 2342 2343 2344 2345 2346 2347 2348 2349 2350 2351 2352 2353 2354 2355 2356 2357 2358 2359 2360 2361 2362 2363 2364 2365 2366 2367 2368 2369 2370 2371 2372 2373 2374 2375 2376 2377 2378 2379 2380 2381 2382 2383 2384 2385 2386 2387 2388 2389 2390 2391 2392 2393 2394 2395 2396 2397 2398 2399 2400 2401 2402 2403 2404 2405 2406 2407 2408 2409 2410 2411 2412 2413 2414 2415 2416 2417 2418 2419 2420 2421 2422 2423 2424 2425 2426 2427 2428 2429 2430 2431 2432 2433 2434 2435 2436 2437 2438 2439 2440 2441 2442 2443 2444 2445 2446 2447 2448 2449 2450 2451 2452 2453 2454 2455 2456 2457 2458 2459 2460 2461 2462 2463 2464 2465 2466 2467 2468 2469 2470 2471 2472 2473 2474 2475 2476 2477 2478 2479 2480 2481 2482 2483 2484 2485 2486 2487 2488 2489 2490 2491 2492 2493 2494 2495 2496 2497 2498 2499 2500 2501 2502 2503 2504 2505 2506 2507 2508 2509 2510 2511 2512 2513 2514 2515 2516 2517 2518 2519 2520 2521 2522 2523 2524 2525 2526 2527 2528 2529 2530 2531 2532 2533 2534 2535 2536 2537 2538 2539 2540 2541 2542 2543 2544 2545 2546 2547 2548 2549 2550 2551 2552 2553 2554 2555 2556 2557 2558 2559 2560 2561 2562 2563 2564 2565 2566 2567 2568 2569 2570 2571 2572 2573 2574 2575 2576 2577 2578 2579 2580 2581 2582 2583 2584 2585 2586 2587 2588 2589 2590 2591 2592 2593 2594 2595 2596 2597 2598 2599 2600 2601 2602 2603 2604 2605 2606 2607 2608 2609 2610 2611 2612 2613 2614 2615 2616 2617 2618 2619 2620 2621 2622 2623 2624 2625 2626 2627 2628 2629 2630 2631 2632 2633 2634 2635 2636 2637 2638 2639 2640 2641 2642 2643 2644 2645 2646 2647 2648 2649 2650 2651 2652 2653 2654 2655 2656 2657 2658 2659 2660 2661 2662 2663 2664 2665 2666 2667 2668 2669 2670 2671 2672 2673 2674 2675 2676 2677 2678 2679 2680 2681 2682 2683 2684 2685 2686 2687 2688 2689 2690 2691 2692 2693 2694 2695 2696 2697 2698 2699 2700 2701 2702 2703 2704 2705 2706 2707 2708 2709 2710 2711 2712 2713 2714 2715 2716 2717 2718 2719 2720 2721 2722 2723 2724 2725 2726 2727 2728 2729 2730 2731 2732 2733 2734 2735 2736 2737 2738 2739 2740 2741 2742 2743 2744 2745 2746 2747 2748 2749 2750 2751 2752 2753 2754 2755 2756 2757 2758 2759 2760 2761 2762 2763 2764 2765 2766 2767 2768 2769 2770 2771 2772 2773 2774 2775 2776 2777 2778 2779 2780 2781 2782 2783 2784 2785 2786 2787 2788 2789 2790 2791 2792 2793 2794 2795 2796 2797 2798 2799 2800 2801 2802 2803 2804 2805 2806 2807 2808 2809 2810 2811 2812 2813 2814 2815 2816 2817 2818 2819 2820 2821 2822 2823 2824 2825 2826 2827 2828 2829 2830 2831 2832 2833 2834 2835 2836 2837 2838 2839 2840 2841 2842 2843 2844 2845 2846 2847 2848 2849 2850 2851 2852 2853 2854 2855 2856 2857 2858 2859 2860 2861 2862 2863 2864 2865 2866 2867 2868 2869 2870 2871 2872 2873 2874 2875 2876 2877 2878 2879 2880 2881 2882 2883 2884 2885 2886 2887 2888 2889 2890 2891 2892 2893 2894 2895 2896 2897 2898 2899 2900 2901 2902 2903 2904 2905 2906 2907 2908 2909 2910 2911 2912 2913 2914 2915 2916 2917 2918 2919 2920 2921 2922 2923 2924 2925 2926 2927 2928 2929 2930 2931 2932 2933 2934 2935 2936 2937 2938 2939 2940 2941 2942 2943 2944 2945 2946 2947 2948 2949 2950 2951 2952 2953 2954 2955 2956 2957 2958 2959 2960 2961 2962 2963 2964 2965 2966 2967 2968 2969 2970 2971 2972 2973 2974 2975 2976 2977 2978 2979 2980 2981 2982 2983 2984 2985 2986 2987 2988 2989 2990 2991 2992 2993 2994 2995 2996 2997 2998 2999 3000 3001 3002 3003 3004 3005 3006 3007 3008 3009 3010 3011 3012 3013 3014 3015 3016 3017 3018 3019 3020 3021 3022 3023 3024 3025 3026 3027 3028 3029 3030 3031 3032 3033 3034 3035 3036 3037 3038 3039 3040 3041 3042 3043 3044 3045 3046 3047 3048 3049 3050 3051 3052 3053 3054 3055 3056 3057 3058 3059 3060 3061 3062 3063 3064 3065 3066 3067 3068 3069 3070 3071 3072 3073 3074 3075 3076 3077 3078 3079 3080 3081 3082 3083 3084 3085 3086 3087 3088 3089 3090 3091 3092 3093 3094 3095 3096 3097 3098 3099 3100 3101 3102 3103 3104 3105 3106 3107 3108 3109 3110 3111 3112 3113 3114 3115 3116 3117 3118 3119 3120 3121 3122 3123 3124 3125 3126 3127 3128 3129 3130 3131 3132 3133 3134 3135 3136 3137 3138 3139 3140 3141 3142 3143 3144 3145 3146 3147 3148 3149 3150 3151 3152 3153 3154 3155 3156 3157 3158 3159 3160 3161 3162 3163 3164 3165 3166 3167 3168 3169 3170 3171 3172 3173 3174 3175 3176 3177 3178 3179 3180 3181 3182 3183 3184 3185 3186 3187 3188 3189 3190 3191 3192 3193 3194 3195 3196 3197 3198 3199 3200 3201 3202 3203 3204 3205 3206 3207 3208 3209 3210 3211 3212 3213 3214 3215 3216 3217 3218 3219 3220 3221 3222 3223 3224 3225 3226 3227 3228 3229 3230 3231 3232 3233 3234 3235 3236 3237 3238 3239 3240 3241 3242 3243 3244 3245 3246 3247 3248 3249 3250 3251 3252 3253 3254 3255 3256 3257 3258 3259 3260 3261 3262 3263 3264 3265 3266 3267 3268 3269 3270 3271 3272 3273 3274 3275 3276 3277 3278 3279 3280 3281 3282 3283 3284 3285 3286 3287 3288 3289 3290 3291 3292 3293 3294 3295 3296 3297 3298 3299 3300 3301 3302 3303 3304 3305 3306 3307 3308 3309 3310 3311 3312 3313 3314 3315 3316 3317 3318 3319 3320 3321 3322 3323 3324 3325 3326 3327 3328 3329 3330 3331 3332 3333 3334 3335 3336 3337 3338 3339 3340 3341 3342 3343 3344 3345 3346 3347 3348 3349 3350 3351 3352 3353 3354 3355 3356 3357 3358 3359 3360 3361 3362 3363 3364 3365 3366 3367 3368 3369 3370 3371 3372 3373 3374 3375 3376 3377 3378 3379 3380 3381 3382 3383 3384 3385 3386 3387 3388 3389 3390 3391 3392 3393 3394 3395 3396 3397 3398 3399 3400 3401 3402 3403 3404 3405 3406 3407 3408 3409 3410 3411 3412 3413 3414 3415 3416 3417 3418 3419 3420 3421 3422 3423 3424 3425 3426 3427 3428 3429 3430 3431 3432 3433 3434 3435 3436 3437 3438 3439 3440 3441 3442 3443 3444 3445 3446 3447 3448 3449 3450 3451 3452 3453 3454 3455 3456 3457 3458 3459 3460 3461 3462 3463 3464 3465 3466 3467 3468 3469 3470 3471 3472 3473 3474 3475 3476 3477 3478 3479 3480 3481 3482 3483 3484 3485 3486 3487 3488 3489 3490 3491 3492 3493 3494 3495 3496 3497 3498 3499 3500 3501 3502 3503 3504 3505 3506 3507 3508 3509 3510 3511 3512 3513 3514 3515 3516 3517 3518 3519 3520 3521 3522 3523 3524 3525 3526 3527 3528 3529 3530 3531 3532 3533 3534 3535 3536 3537 3538 3539 3540 3541 3542 3543 3544 3545 3546 3547 3548 3549 3550 3551 3552 3553 3554 3555 3556 3557 3558 3559 3560 3561 3562 3563 3564 3565 3566 3567 3568 3569 3570 3571 3572 3573 3574 3575 3576 3577 3578 3579 3580 3581 3582 3583 3584 3585 3586 3587 3588 3589 3590 3591 3592 3593 3594 3595 3596 3597 3598 3599 3600 3601 3602 3603 3604 3605 3606 3607 3608 3609 3610 3611 3612 3613 3614 3615 3616 3617 3618 3619 3620 3621 3622 3623 3624 3625 3626 3627 3628 3629 3630 3631 3632 3633 3634 3635 3636 3637 3638 3639 3640 3641 3642 3643 3644 3645 3646 3647 3648 3649 3650 3651 3652 3653 3654 3655 3656 3657 3658 3659 3660 3661 3662 3663 3664 3665 3666 3667 3668 3669 3670 3671 3672 3673 3674 3675 3676 3677 3678 3679 3680 3681 3682 3683 3684 3685 3686 3687 3688 3689 3690 3691 3692 3693 3694 3695 3696 3697 3698 3699 3700 3701 3702 3703 3704 3705 3706 3707 3708 3709 3710 3711 3712 3713 3714 3715 3716 3717 3718 3719 3720 3721 3722 3723 3724 3725 3726 3727 3728 3729 3730 3731 3732 3733 3734 3735 3736 3737 3738 3739 3740 3741 3742 3743 3744 3745 3746 3747 3748 3749 3750 3751 3752 3753 3754 3755 3756 3757 3758 3759 3760 3761 3762 3763 3764 3765 3766 3767 3768 3769 3770 3771 3772 3773 3774 3775 3776 3777 3778 3779 3780 3781 3782 3783 3784 3785 3786 3787 3788 3789 3790 3791 3792 3793 3794 3795 3796 3797 3798 3799 3800 3801 3802 3803 3804 3805 3806 3807 3808 3809 3810 3811 3812 3813 3814 3815 3816 3817 3818 3819 3820 3821 3822 3823 3824 3825 3826 3827 3828 3829 3830 3831 3832 3833 3834 3835 3836 3837 3838 3839 3840 3841 3842 3843 3844 3845 3846 3847 3848 3849 3850 3851 3852 3853 3854 3855 3856 3857 3858 3859 3860 3861 3862 3863 3864 3865 3866 3867 3868 3869 3870 3871 3872 3873 3874 3875 3876 3877 3878 3879 3880 3881 3882 3883 3884 3885 3886 3887 3888 3889 3890 3891 3892 3893 3894 3895 3896 3897 3898 3899 3900 3901 3902 3903 3904 3905 3906 3907 3908 3909 3910 3911 3912 3913 3914 3915 3916 3917 3918 3919 3920 3921 3922 3923 3924 3925 3926 3927 3928 3929 3930 3931 3932 3933 3934 3935 3936 3937 3938 3939 3940 3941 3942 3943 3944 3945 3946 3947 3948 3949 3950 3951 3952 3953 3954 3955 3956 3957 3958 3959 3960 3961 3962 3963 3964 3965 3966 3967 3968 3969 3970 3971 3972 3973 3974 3975 3976 3977 3978 3979 3980 3981 3982 3983 3984 3985 3986 3987 3988 3989 3990 3991 3992 3993 3994 3995 3996 3997 3998 3999 4000 4001 4002 4003 4004 4005 4006 4007 4008 4009 4010 4011 4012 4013 4014 4015 4016 4017 4018 4019 4020 4021 4022 4023 4024 4025 4026 4027 4028 4029 4030 4031 4032 4033 4034 4035 4036 4037 4038 4039 4040 4041 4042 4043 4044 4045 4046 4047 4048 4049 4050 4051 4052 4053 4054 4055 4056 4057 4058 4059 4060 4061 4062 4063 4064 4065 4066 4067 4068 4069 4070 4071 4072 4073 4074 4075 4076 4077 4078 4079 4080 4081 4082 4083 4084 4085 4086 4087 4088 4089 4090 4091 4092 4093 4094 4095 4096 4097 4098 4099 4100 4101 4102 4103 4104 4105 4106 4107 4108 4109 4110 4111 4112 4113 4114 4115 4116 4117 4118 4119 4120 4121 4122 4123 4124 4125 4126 4127 4128 4129 4130 4131 4132 4133 4134 4135 4136 4137 4138 4139 4140 4141 4142 4143 4144 4145 4146 4147 4148 4149 4150 4151 4152 4153 4154 4155 4156 4157 4158 4159 4160 4161 4162 4163 4164 4165 4166 4167 4168 4169 4170 4171 4172 4173 4174 4175 4176 4177 4178 4179 4180 4181 4182 4183 4184 4185 4186 4187 4188 4189 4190 4191 4192 4193 4194 4195 4196 4197 4198 4199 4200 4201 4202 4203 4204 4205 4206 4207 4208 4209 4210 4211 4212 4213 4214 4215 4216 4217 4218 4219 4220 4221 4222 4223 4224 4225 4226 4227 4228 4229 4230 4231 4232 4233 4234 4235 4236 4237 4238 4239 4240 4241 4242 4243 4244 4245 4246 4247 4248 4249 4250 4251 4252 4253 4254 4255 4256 4257 4258 4259 4260 4261 4262 4263 4264 4265 4266 4267 4268 4269 4270 4271 4272 4273 4274 4275 4276 4277 4278 4279 4280 4281 4282 4283 4284 4285 4286 4287 4288 4289 4290 4291 4292 4293 4294 4295 4296 4297 4298 4299 4300 4301 4302 4303 4304 4305 4306 4307 4308 4309 4310 4311 4312 4313 4314 4315 4316 4317 4318 4319 4320 4321 4322 4323 4324 4325 4326 4327 4328 4329 4330 4331 4332 4333 4334 4335 4336 4337 4338 4339 4340 4341 4342 4343 4344 4345 4346 4347 4348 4349 4350 4351 4352 4353 4354 4355 4356 4357 4358 4359 4360 4361 4362 4363 4364 4365 4366 4367 4368 4369 4370 4371 4372 4373 4374 4375 4376 4377 4378 4379 4380 4381 4382 4383 4384 4385 4386 4387 4388 4389 4390 4391 4392 4393 4394 4395 4396 4397 4398 4399 4400 4401 4402 4403 4404 4405 4406 4407 4408 4409 4410 4411 4412 4413 4414 4415 4416 4417 4418 4419 4420 4421 4422 4423 4424 4425 4426 4427 4428 4429 4430 4431 4432 4433 4434 4435 4436 4437 4438 4439 4440 4441 4442 4443 4444 4445 4446 4447 4448 4449 4450 4451 4452 4453 4454 4455 4456 4457 4458 4459 4460 4461 4462 4463 4464 4465 4466 4467 4468 4469 4470 4471 4472 4473 4474 4475 4476 4477 4478 4479 4480 4481 4482 4483 4484 4485 4486 4487 4488 4489 4490 4491 4492 4493 4494 4495 4496 4497 4498 4499 4500 4501 4502 4503 4504 4505 4506 4507 4508 4509 4510 4511 4512 4513 4514 4515 4516 4517 4518 4519 4520 4521 4522 4523 4524 4525 4526 4527 4528 4529 4530 4531 4532 4533 4534 4535 4536 4537 4538 4539 4540 4541 4542 4543 4544 4545 4546 4547 4548 4549 4550 4551 4552 4553 4554 4555 4556 4557 4558 4559 4560 4561 4562 4563 4564 4565 4566 4567 4568 4569 4570 4571 4572 4573 4574 4575 4576 4577 4578 4579 4580 4581 4582 4583 4584 4585 4586 4587 4588 4589 4590 4591 4592 4593 4594 4595 4596 4597 4598 4599 4600 4601 4602 4603 4604 4605 4606 4607 4608 4609 4610 4611 4612 4613 4614 4615 4616 4617 4618 4619 4620 4621 4622 4623 4624 4625 4626 4627 4628 4629 4630 4631 4632 4633 4634 4635 4636 4637 4638 4639 4640 4641 4642 4643 4644 4645 4646 4647 4648 4649 4650 4651 4652 4653 4654 4655 4656 4657 4658 4659 4660 4661 4662 4663 4664 4665 4666 4667 4668 4669 4670 4671 4672 4673 4674 4675 4676 4677 4678 4679 4680 4681 4682 4683 4684 4685 4686 4687 4688 4689 4690 4691 4692 4693 4694 4695 4696 4697 4698 4699 4700 4701 4702 4703 4704 4705 4706 4707 4708 4709 4710 4711 4712 4713 4714 4715 4716 4717 4718 4719 4720 4721 4722 4723 4724 4725 4726 4727 4728 4729 4730 4731 4732 4733 4734 4735 4736 4737 4738 4739 4740 4741 4742 4743 4744 4745 4746 4747 4748 4749 4750 4751 4752 4753 4754 4755 4756 4757 4758 4759 4760 4761 4762 4763 4764 4765 4766 4767 4768 4769 4770 4771 4772 4773 4774 4775 4776 4777 4778 4779 4780 4781 4782 4783 4784 4785 4786 4787 4788 4789 4790 4791 4792 4793 4794 4795 4796 4797 4798 4799 4800 4801 4802 4803 4804 4805 4806 4807 4808 4809 4810 4811 4812 4813 4814 4815 4816 4817 4818 4819 4820 4821 4822 4823 4824 4825 4826 4827 4828 4829 4830 4831 4832 4833 4834 4835 4836 4837 4838 4839 4840 4841 4842 4843 4844 4845 4846 4847 4848 4849 4850 4851 4852 4853 4854 4855 4856 4857 4858 4859 4860 4861 4862 4863 4864 4865 4866 4867 4868 4869 4870 4871 4872 4873 4874 4875 4876 4877 4878 4879 4880 4881 4882 4883 4884 4885 4886 4887 4888 4889 4890 4891 4892 4893 4894 4895 4896 4897 4898 4899 4900 4901 4902 4903 4904 4905 4906 4907 4908 4909 4910 4911 4912 4913 4914 4915 4916 4917 4918 4919 4920 4921 4922 4923 4924 4925 4926 4927 4928 4929 4930 4931 4932 4933 4934 4935 4936 4937 4938 4939 4940 4941 4942 4943 4944 4945 4946 4947 4948 4949 4950 4951 4952 4953 4954 4955 4956 4957 4958 4959 4960 4961 4962 4963 4964 4965 4966 4967 4968 4969 4970 4971 4972 4973 4974 4975 4976 4977 4978 4979 4980 4981 4982 4983 4984 4985 4986 4987 4988 4989 4990 4991 4992 4993 4994 4995 4996 4997 4998 4999 5000 5001 5002 5003 5004 5005 5006 5007 5008 5009 5010 5011 5012 5013 5014 5015 5016 5017 5018 5019 5020 5021 5022 5023 5024 5025 5026 5027 5028 5029 5030 5031 5032 5033 5034 5035 5036 5037 5038 5039 5040 5041 5042 5043 5044 5045 5046 5047 5048 5049 5050 5051 5052 5053 5054 5055 5056 5057 5058 5059 5060 5061 5062 5063 5064 5065 5066 5067 5068 5069 5070 5071 5072 5073 5074 5075 5076 5077 5078 5079 5080 5081 5082 5083 5084 5085 5086 5087 5088 5089 5090 5091 5092 5093 5094 5095 5096 5097 5098 5099 5100 5101 5102 5103 5104 5105 5106 5107 5108 5109 5110 5111 5112 5113 5114 5115 5116 5117 5118 5119 5120 5121 5122 5123 5124 5125 5126 5127 5128 5129 5130 5131 5132 5133 5134 5135 5136 5137 5138 5139 5140 5141 5142 5143 5144 5145 5146 5147 5148 5149 5150 5151 5152 5153 5154 5155 5156 5157 5158 5159 5160 5161 5162 5163 5164 5165 5166 5167 5168 5169 5170 5171 5172 5173 5174 5175 5176 5177 5178 5179 5180 5181 5182 5183 5184 5185 5186 5187 5188 5189 5190 5191 5192 5193 5194 5195 5196 5197 5198 5199 5200 5201 5202 5203 5204 5205 5206 5207 5208 5209 5210 5211 5212 5213 5214 5215 5216 5217 5218 5219 5220 5221 5222 5223 5224 5225 5226 5227 5228 5229 5230 5231 5232 5233 5234 5235 5236 5237 5238 5239 5240 5241 5242 5243 5244 5245 5246 5247 5248 5249 5250 5251 5252 5253 5254 5255 5256 5257 5258 5259 5260 5261 5262 5263 5264 5265 5266 5267 5268 5269 5270 5271 5272 5273 5274 5275 5276 5277 5278 5279 5280 5281 5282 5283 5284 5285 5286 5287 5288 5289 5290 5291 5292 5293 5294 5295 5296 5297 5298 5299 5300 5301 5302 5303 5304 5305 5306 5307 5308 5309 5310 5311 5312 5313 5314 5315 5316 5317 5318 5319 5320 5321 5322 5323 5324 5325 5326 5327 5328 5329 5330 5331 5332 5333 5334 5335 5336 5337 5338 5339 5340 5341 5342 5343 5344 5345 5346 5347 5348 5349 5350 5351 5352 5353 5354 5355 5356 5357 5358 5359 5360 5361 5362 5363 5364 5365 5366 5367 5368 5369 5370 5371 5372 5373 5374 5375 5376 5377 5378 5379 5380 5381 5382 5383 5384 5385 5386 5387 5388 5389 5390 5391 5392 5393 5394 5395 5396 5397 5398 5399 5400 5401 5402 5403 5404 5405 5406 5407 5408 5409 5410 5411 5412 5413 5414 5415 5416 5417 5418 5419 5420 5421 5422 5423 5424 5425 5426 5427 5428 5429 5430 5431 5432 5433 5434 5435 5436 5437 5438 5439 5440 5441 5442 5443 5444 5445 5446 5447 5448 5449 5450 5451 5452 5453 5454 5455 5456 5457 5458 5459 5460 5461 5462 5463 5464 5465 5466 5467 5468 5469 5470 5471 5472 5473 5474 5475 5476 5477 5478 5479 5480 5481 5482 5483 5484 5485 5486 5487 5488 5489 5490 5491 5492 5493 5494 5495 5496 5497 5498 5499 5500 5501 5502 5503 5504 5505 5506 5507 5508 5509 5510 5511 5512 5513 5514 5515 5516 5517 5518 5519 5520 5521 5522 5523 5524 5525 5526 5527 5528 5529 5530 5531 5532 5533 5534 5535 5536 5537 5538 5539 5540 5541 5542 5543 5544 5545 5546 5547 5548 5549 5550 5551 5552 5553 5554 5555 5556 5557 5558 5559 5560 5561 5562 5563 5564 5565 5566 5567 5568 5569 5570 5571 5572 5573 5574 5575 5576 5577 5578 5579 5580 5581 5582 5583 5584 5585 5586 5587 5588 5589 5590 5591 5592 5593 5594 5595 5596 5597 5598 5599 5600 5601 5602 5603 5604 5605 5606 5607 5608 5609 5610 5611 5612 5613 5614 5615 5616 5617 5618 5619 5620 5621 5622 5623 5624 5625 5626 5627 5628 5629 5630 5631 5632 5633 5634 5635 5636 5637 5638 5639 5640 5641 5642 5643 5644 5645 5646 5647 5648 5649 5650 5651 5652 5653 5654 5655 5656 5657 5658 5659 5660 5661 5662 5663 5664 5665 5666 5667 5668 5669 5670 5671 5672 5673 5674 5675 5676 5677 5678 5679 5680 5681 5682 5683 5684 5685 5686 5687 5688 5689 5690 5691 5692 5693 5694 5695 5696 5697 5698 5699 5700 5701 5702 5703 5704 5705 5706 5707 5708 5709 5710 5711 5712 5713 5714 5715 5716 5717 5718 5719 5720 5721 5722 5723 5724 5725 5726 5727 5728 5729 5730 5731 5732 5733 5734 5735 5736 5737 5738 5739 5740 5741 5742 5743 5744 5745 5746 5747 5748 5749 5750 5751 5752 5753 5754 5755 5756 5757 5758 5759 5760 5761 5762 5763 5764 5765 5766 5767 5768 5769 5770 5771 5772 5773 5774 5775 5776 5777 5778 5779 5780 5781 5782 5783 5784 5785 5786 5787 5788 5789 5790 5791 5792 5793 5794 5795 5796 5797 5798 5799 5800 5801 5802 5803 5804 5805 5806 5807 5808 5809 5810 5811 5812 5813 5814 5815 5816 5817 5818 5819 5820 5821 5822 5823 5824 5825 5826 5827 5828 5829 5830 5831 5832 5833 5834 5835 5836 5837 5838 5839 5840 5841 5842 5843 5844 5845 5846 5847 5848 5849 5850 5851 5852 5853 5854 5855 5856 5857 5858 5859 5860 5861 5862 5863 5864 5865 5866 5867 5868 5869 5870 5871 5872 5873 5874 5875 5876 5877 5878 5879 5880 5881 5882 5883 5884 5885 5886 5887 5888 5889 5890 5891 5892 5893 5894 5895 5896 5897 5898 5899 5900 5901 5902 5903 5904 5905 5906 5907 5908 5909 5910 5911 5912 5913 5914 5915 5916 5917 5918 5919 5920 5921 5922 5923 5924 5925 5926 5927 5928 5929 5930 5931 5932 5933 5934 5935 5936 5937 5938 5939 5940 5941 5942 5943 5944 5945 5946 5947 5948 5949 5950 5951 5952 5953 5954 5955 5956 5957 5958 5959 5960 5961 5962 5963 5964 5965 5966 5967 5968 5969 5970 5971 5972 5973 5974 5975 5976 5977 5978 5979 5980 5981 5982 5983 5984 5985 5986 5987 5988 5989 5990 5991 5992 5993 5994 5995 5996 5997 5998 5999 6000 6001 6002 6003 6004 6005 6006 6007 6008 6009 6010 6011 6012 6013 6014 6015 6016 6017 6018 6019 6020 6021 6022 6023 6024 6025 6026 6027 6028 6029 6030 6031 6032 6033 6034 6035 6036 6037 6038 6039 6040 6041 6042 6043 6044 6045 6046 6047 6048 6049 6050 6051 6052 6053 6054 6055 6056 6057 6058 6059 6060 6061 6062 6063 6064 6065 6066 6067 6068 6069 6070 6071 6072 6073 6074 6075 6076 6077 6078 6079 6080 6081 6082 6083 6084 6085 6086 6087 6088 6089 6090 6091 6092 6093 6094 6095 6096 6097 6098 6099 6100 6101 6102 6103 6104 6105 6106 6107 6108 6109 6110 6111 6112 6113 6114 6115 6116 6117 6118 6119 6120 6121 6122 6123 6124 6125 6126 6127 6128 6129 6130 6131 6132 6133 6134 6135 6136 6137 6138 6139 6140 6141 6142 6143 6144 6145 6146 6147 6148 6149 6150 6151 6152 6153 6154 6155 6156 6157 6158 6159 6160 6161 6162 6163 6164 6165 6166 6167 6168 6169 6170 6171 6172 6173 6174 6175 6176 6177 6178 6179 6180 6181 6182 6183 6184 6185 6186 6187 6188 6189 6190 6191 6192 6193 6194 6195 6196 6197 6198 6199 6200 6201 6202 6203 6204 6205 6206 6207 6208 6209 6210 6211 6212 6213 6214 6215 6216 6217 6218 6219 6220 6221 6222 6223 6224 6225 6226 6227 6228 6229 6230 6231 6232 6233 6234 6235 6236 6237 6238 6239 6240 6241 6242 6243 6244 6245 6246 6247 6248 6249 6250 6251 6252 6253 6254 6255 6256 6257 6258 6259 6260 6261 6262 6263 6264 6265 6266 6267 6268 6269 6270 6271 6272 6273 6274 6275 6276 6277 6278 6279 6280 6281 6282 6283 6284 6285 6286 6287 6288 6289 6290 6291 6292 6293 6294 6295 6296 6297 6298 6299 6300 6301 6302 6303 6304 6305 6306 6307 6308 6309 6310 6311 6312 6313 6314 6315 6316 6317 6318 6319 6320 6321 6322 6323 6324 6325 6326 6327 6328 6329 6330 6331 6332 6333 6334 6335 6336 6337 6338 6339 6340 6341 6342 6343 6344 6345 6346 6347 6348 6349 6350 6351 6352 6353 6354 6355 6356 6357 6358 6359 6360 6361 6362 6363 6364 6365 6366 6367 6368 6369 6370 6371 6372 6373 6374 6375 6376 6377 6378 6379 6380 6381 6382 6383 6384 6385 6386 6387 6388 6389 6390 6391 6392 6393 6394 6395 6396 6397 6398 6399 6400 6401 6402 6403 6404 6405 6406 6407 6408 6409 6410 6411 6412 6413 6414 6415 6416 6417 6418 6419 6420 6421 6422 6423 6424 6425 6426 6427 6428 6429 6430 6431 6432 6433 6434 6435 6436 6437 6438 6439 6440 6441 6442 6443 6444 6445 6446 6447 6448 6449 6450 6451 6452 6453 6454 6455 6456 6457 6458 6459 6460 6461 6462 6463 6464 6465 6466 6467 6468 6469 6470 6471 6472 6473 6474 6475 6476 6477 6478 6479 6480 6481 6482 6483 6484 6485 6486 6487 6488 6489 6490 6491 6492 6493 6494 6495 6496 6497 6498 6499 6500 6501 6502 6503 6504 6505 6506 6507 6508 6509 6510 6511 6512 6513 6514 6515 6516 6517 6518 6519 6520 6521 6522 6523 6524 6525 6526 6527 6528 6529 6530 6531 6532 6533 6534 6535 6536 6537 6538 6539 6540 6541 6542 6543 6544 6545 6546 6547 6548 6549 6550 6551 6552 6553 6554 6555 6556 6557 6558 6559 6560 6561 6562 6563 6564 6565 6566 6567 6568 6569 6570 6571 6572 6573 6574 6575 6576 6577 6578 6579 6580 6581 6582 6583 6584 6585 6586 6587 6588 6589 6590 6591 6592 6593 6594 6595 6596 6597 6598 6599 6600 6601 6602 6603 6604 6605 6606 6607 6608 6609 6610 6611 6612 6613 6614 6615 6616 6617 6618 6619 6620 6621 6622 6623 6624 6625 6626 6627 6628 6629 6630 6631 6632 6633 6634 6635 6636 6637 6638 6639 6640 6641 6642 6643 6644 6645 6646 6647 6648 6649 6650 6651 6652 6653 6654 6655 6656 6657 6658 6659 6660 6661 6662 6663 6664 6665 6666 6667 6668 6669 6670 6671 6672 6673 6674 6675 6676 6677 6678 6679 6680 6681 6682 6683 6684 6685 6686 6687 6688 6689 6690 6691 6692 6693 6694 6695 6696 6697 6698 6699 6700 6701 6702 6703 6704 6705 6706 6707 6708 6709 6710 6711 6712 6713 6714 6715 6716 6717 6718 6719 6720 6721 6722 6723 6724 6725 6726 6727 6728 6729 6730 6731 6732 6733 6734 6735 6736 6737 6738 6739 6740 6741 6742 6743 6744 6745 6746 6747 6748 6749 6750 6751 6752 6753 6754 6755 6756 6757 6758 6759 6760 6761 6762 6763 6764 6765 6766 6767 6768 6769 6770 6771 6772 6773 6774 6775 6776 6777 6778 6779 6780 6781 6782 6783 6784 6785 6786 6787 6788 6789 6790 6791 6792 6793 6794 6795 6796 6797 6798 6799 6800 6801 6802 6803 6804 6805 6806 6807 6808 6809 6810 6811 6812 6813 6814 6815 6816 6817 6818 6819 6820 6821 6822 6823 6824 6825 6826 6827 6828 6829 6830 6831 6832 6833 6834 6835 6836 6837 6838 6839 6840 6841 6842 6843 6844 6845 6846 6847 6848 6849 6850 6851 6852 6853 6854 6855 6856 6857 6858 6859 6860 6861 6862 6863 6864 6865 6866 6867 6868 6869 6870 6871 6872 6873 6874 6875 6876 6877 6878 6879 6880 6881 6882 6883 6884 6885 6886 6887 6888 6889 6890 6891 6892 6893 6894 6895 6896 6897 6898 6899 6900 6901 6902 6903 6904 6905 6906 6907 6908 6909 6910 6911 6912 6913 6914 6915 6916 6917 6918 6919 6920 6921 6922 6923 6924 6925 6926 6927 6928 6929 6930 6931 6932 6933 6934 6935 6936 6937 6938 6939 6940 6941 6942 6943 6944 6945 6946 6947 6948 6949 6950 6951 6952 6953 6954 6955 6956 6957 6958 6959 6960 6961 6962 6963 6964 6965 6966 6967 6968 6969 6970 6971 6972 6973 6974 6975 6976 6977 6978 6979 6980 6981 6982 6983 6984 6985 6986 6987 6988 6989 6990 6991 6992 6993 6994 6995 6996 6997 6998 6999 7000 7001 7002 7003 7004 7005 7006 7007 7008 7009 7010 7011 7012 7013 7014 7015 7016 7017 7018 7019 7020 7021 7022 7023 7024 7025 7026 7027 7028 7029 7030 7031 7032 7033 7034 7035 7036 7037 7038 7039 7040 7041 7042 7043 7044 7045 7046 7047 7048 7049 7050 7051 7052 7053 7054 7055 7056 7057 7058 7059 7060 7061 7062 7063 7064 7065 7066 7067 7068 7069 7070 7071 7072 7073 7074 7075 7076 7077 7078 7079 7080 7081 7082 7083 7084 7085 7086 7087 7088 7089 7090 7091 7092 7093 7094 7095 7096 7097 7098 7099 7100 7101 7102 7103 7104 7105 7106 7107 7108 7109 7110 7111 7112 7113 7114 7115 7116 7117 7118 7119 7120 7121 7122 7123 7124 7125 7126 7127 7128 7129 7130 7131 7132 7133 7134 7135 7136 7137 7138 7139 7140 7141 7142 7143 7144 7145 7146 7147 7148 7149 7150 7151 7152 7153 7154 7155 7156 7157 7158 7159 7160 7161 7162 7163 7164 7165 7166 7167 7168 7169 7170 7171 7172 7173 7174 7175 7176 7177 7178 7179 7180 7181 7182 7183 7184 7185 7186 7187 7188 7189 7190 7191 7192 7193 7194 7195 7196 7197 7198 7199 7200 7201 7202 7203 7204 7205 7206 7207 7208 7209 7210 7211 7212 7213 7214 7215 7216 7217 </DataArray>
        <DataArray type="UInt8" Name="vtkGhostType" format="ascii" RangeMin="0" RangeMax="0">0 0 0 0 0 0 0 0 0 0 0 0 0 0 0 0 0 0 0 0 0 0 0 0 0 0 0 0 0 0 0 0 0 0 0 0 0 0 0 0 0 0 0 0 0 0 0 0 0 0 0 0 0 0 0 0 0 0 0 0 0 0 0 0 0 0 0 0 0 0 0 0 0 0 0 0 0 0 0 0 0 0 0 0 0 0 0 0 0 0 0 0 0 0 0 0 0 0 0 0 0 0 0 0 0 0 0 0 0 0 0 0 0 0 0 0 0 0 0 0 0 0 0 0 0 0 0 0 0 0 0 0 0 0 0 0 0 0 0 0 0 0 0 0 0 0 0 0 0 0 0 0 0 0 0 0 0 0 0 0 0 0 0 0 0 0 0 0 0 0 0 0 0 0 0 0 0 0 0 0 0 0 0 0 0 0 0 0 0 0 0 0 0 0 0 0 0 0 0 0 0 0 0 0 0 0 0 0 0 0 0 0 0 0 0 0 0 0 0 0 0 0 0 0 0 0 0 0 0 0 0 0 0 0 0 0 0 0 0 0 0 0 0 0 0 0 0 0 0 0 0 0 0 0 0 0 0 0 0 0 0 0 0 0 0 0 0 0 0 0 0 0 0 0 0 0 0 0 0 0 0 0 0 0 0 0 0 0 0 0 0 0 0 0 0 0 0 0 0 0 0 0 0 0 0 0 0 0 0 0 0 0 0 0 0 0 0 0 0 0 0 0 0 0 0 0 0 0 0 0 0 0 0 0 0 0 0 0 0 0 0 0 0 0 0 0 0 0 0 0 0 0 0 0 0 0 0 0 0 0 0 0 0 0 0 0 0 0 0 0 0 0 0 0 0 0 0 0 0 0 0 0 0 0 0 0 0 0 0 0 0 0 0 0 0 0 0 0 0 0 0 0 0 0 0 0 0 0 0 0 0 0 0 0 0 0 0 0 0 0 0 0 0 0 0 0 0 0 0 0 0 0 0 0 0 0 0 0 0 0 0 0 0 0 0 0 0 0 0 0 0 0 0 0 0 0 0 0 0 0 0 0 0 0 0 0 0 0 0 0 0 0 0 0 0 0 0 0 0 0 0 0 0 0 0 0 0 0 0 0 0 0 0 0 0 0 0 0 0 0 0 0 0 0 0 0 0 0 0 0 0 0 0 0 0 0 0 0 0 0 0 0 0 0 0 0 0 0 0 0 0 0 0 0 0 0 0 0 0 0 0 0 0 0 0 0 0 0 0 0 0 0 0 0 0 0 0 0 0 0 0 0 0 0 0 0 0 0 0 0 0 0 0 0 0 0 0 0 0 0 0 0 0 0 0 0 0 0 0 0 0 0 0 0 0 0 0 0 0 0 0 0 0 0 0 0 0 0 0 0 0 0 0 0 0 0 0 0 0 0 0 0 0 0 0 0 0 0 0 0 0 0 0 0 0 0 0 0 0 0 0 0 0 0 0 0 0 0 0 0 0 0 0 0 0 0 0 0 0 0 0 0 0 0 0 0 0 0 0 0 0 0 0 0 0 0 0 0 0 0 0 0 0 0 0 0 0 0 0 0 0 0 0 0 0 0 0 0 0 0 0 0 0 0 0 0 0 0 0 0 0 0 0 0 0 0 0 0 0 0 0 0 0 0 0 0 0 0 0 0 0 0 0 0 0 0 0 0 0 0 0 0 0 0 0 0 0 0 0 0 0 0 0 0 0 0 0 0 0 0 0 0 0 0 0 0 0 0 0 0 0 0 0 0 0 0 0 0 0 0 0 0 0 0 0 0 0 0 0 0 0 0 0 0 0 0 0 0 0 0 0 0 0 0 0 0 0 0 0 0 0 0 0 0 0 0 0 0 0 0 0 0 0 0 0 0 0 0 0 0 0 0 0 0 0 0 0 0 0 0 0 0 0 0 0 0 0 0 0 0 0 0 0 0 0 0 0 0 0 0 0 0 0 0 0 0 0 0 0 0 0 0 0 0 0 0 0 0 0 0 0 0 0 0 0 0 0 0 0 0 0 0 0 0 0 0 0 0 0 0 0 0 0 0 0 0 0 0 0 0 0 0 0 0 0 0 0 0 0 0 0 0 0 0 0 0 0 0 0 0 0 0 0 0 0 0 0 0 0 0 0 0 0 0 0 0 0 0 0 0 0 0 0 0 0 0 0 0 0 0 0 0 0 0 0 0 0 0 0 0 0 0 0 0 0 0 0 0 0 0 0 0 0 0 0 0 0 0 0 0 0 0 0 0 0 0 0 0 0 0 0 0 0 0 0 0 0 0 0 0 0 0 0 0 0 0 0 0 0 0 0 0 0 0 0 0 0 0 0 0 0 0 0 0 0 0 0 0 0 0 0 0 0 0 0 0 0 0 0 0 0 0 0 0 0 0 0 0 0 0 0 0 0 0 0 0 0 0 0 0 0 0 0 0 0 0 0 0 0 0 0 0 0 0 0 0 0 0 0 0 0 0 0 0 0 0 0 0 0 0 0 0 0 0 0 0 0 0 0 0 0 0 0 0 0 0 0 0 0 0 0 0 0 0 0 0 0 0 0 0 0 0 0 0 0 0 0 0 0 0 0 0 0 0 0 0 0 0 0 0 0 0 0 0 0 0 0 0 0 0 0 0 0 0 0 0 0 0 0 0 0 0 0 0 0 0 0 0 0 0 0 0 0 0 0 0 0 0 0 0 0 0 0 0 0 0 0 0 0 0 0 0 0 0 0 0 0 0 0 0 0 0 0 0 0 0 0 0 0 0 0 0 0 0 0 0 0 0 0 0 0 0 0 0 0 0 0 0 0 0 0 0 0 0 0 0 0 0 0 0 0 0 0 0 0 0 0 0 0 0 0 0 0 0 0 0 0 0 0 0 0 0 0 0 0 0 0 0 0 0 0 0 0 0 0 0 0 0 0 0 0 0 0 0 0 0 0 0 0 0 0 0 0 0 0 0 0 0 0 0 0 0 0 0 0 0 0 0 0 0 0 0 0 0 0 0 0 0 0 0 0 0 0 0 0 0 0 0 0 0 0 0 0 0 0 0 0 0 0 0 0 0 0 0 0 0 0 0 0 0 0 0 0 0 0 0 0 0 0 0 0 0 0 0 0 0 0 0 0 0 0 0 0 0 0 0 0 0 0 0 0 0 0 0 0 0 0 0 0 0 0 0 0 0 0 0 0 0 0 0 0 0 0 0 0 0 0 0 0 0 0 0 0 0 0 0 0 0 0 0 0 0 0 0 0 0 0 0 0 0 0 0 0 0 0 0 0 0 0 0 0 0 0 0 0 0 0 0 0 0 0 0 0 0 0 0 0 0 0 0 0 0 0 0 0 0 0 0 0 0 0 0 0 0 0 0 0 0 0 0 0 0 0 0 0 0 0 0 0 0 0 0 0 0 0 0 0 0 0 0 0 0 0 0 0 0 0 0 0 0 0 0 0 0 0 0 0 0 0 0 0 0 0 0 0 0 0 0 0 0 0 0 0 0 0 0 0 0 0 0 0 0 0 0 0 0 0 0 0 0 0 0 0 0 0 0 0 0 0 0 0 0 0 0 0 0 0 0 0 0 0 0 0 0 0 0 0 0 0 0 0 0 0 0 0 0 0 0 0 0 0 0 0 0 0 0 0 0 0 0 0 0 0 0 0 0 0 0 0 0 0 0 0 0 0 0 0 0 0 0 0 0 0 0 0 0 0 0 0 0 0 0 0 0 0 0 0 0 0 0 0 0 0 0 0 0 0 0 0 0 0 0 0 0 0 0 0 0 0 0 0 0 0 0 0 0 0 0 0 0 0 0 0 0 0 0 0 0 0 0 0 0 0 0 0 0 0 0 0 0 0 0 0 0 0 0 0 0 0 0 0 0 0 0 0 0 0 0 0 0 0 0 0 0 0 0 0 0 0 0 0 0 0 0 0 0 0 0 0 0 0 0 0 0 0 0 0 0 0 0 0 0 0 0 0 0 0 0 0 0 0 0 0 0 0 0 0 0 0 0 0 0 0 0 0 0 0 0 0 0 0 0 0 0 0 0 0 0 0 0 0 0 0 0 0 0 0 0 0 0 0 0 0 0 0 0 0 0 0 0 0 0 0 0 0 0 0 0 0 0 0 0 0 0 0 0 0 0 0 0 0 0 0 0 0 0 0 0 0 0 0 0 0 0 0 0 0 0 0 0 0 0 0 0 0 0 0 0 0 0 0 0 0 0 0 0 0 0 0 0 0 0 0 0 0 0 0 0 0 0 0 0 0 0 0 0 0 0 0 0 0 0 0 0 0 0 0 0 0 0 0 0 0 0 0 0 0 0 0 0 0 0 0 0 0 0 0 0 0 0 0 0 0 0 0 0 0 0 0 0 0 0 0 0 0 0 0 0 0 0 0 0 0 0 0 0 0 0 0 0 0 0 0 0 0 0 0 0 0 0 0 0 0 0 0 0 0 0 0 0 0 0 0 0 0 0 0 0 0 0 0 0 0 0 0 0 0 0 0 0 0 0 0 0 0 0 0 0 0 0 0 0 0 0 0 0 0 0 0 0 0 0 0 0 0 0 0 0 0 0 0 0 0 0 0 0 0 0 0 0 0 0 0 0 0 0 0 0 0 0 0 0 0 0 0 0 0 0 0 0 0 0 0 0 0 0 0 0 0 0 0 0 0 0 0 0 0 0 0 0 0 0 0 0 0 0 0 0 0 0 0 0 0 0 0 0 0 0 0 0 0 0 0 0 0 0 0 0 0 0 0 0 0 0 0 0 0 0 0 0 0 0 0 0 0 0 0 0 0 0 0 0 0 0 0 0 0 0 0 0 0 0 0 0 0 0 0 0 0 0 0 0 0 0 0 0 0 0 0 0 0 0 0 0 0 0 0 0 0 0 0 0 0 0 0 0 0 0 0 0 0 0 0 0 0 0 0 0 0 0 0 0 0 0 0 0 0 0 0 0 0 0 0 0 0 0 0 0 0 0 0 0 0 0 0 0 0 0 0 0 0 0 0 0 0 0 0 0 0 0 0 0 0 0 0 0 0 0 0 0 0 0 0 0 0 0 0 0 0 0 0 0 0 0 0 0 0 0 0 0 0 0 0 0 0 0 0 0 0 0 0 0 0 0 0 0 0 0 0 0 0 0 0 0 0 0 0 0 0 0 0 0 0 0 0 0 0 0 0 0 0 0 0 0 0 0 0 0 0 0 0 0 0 0 0 0 0 0 0 0 0 0 0 0 0 0 0 0 0 0 0 0 0 0 0 0 0 0 0 0 0 0 0 0 0 0 0 0 0 0 0 0 0 0 0 0 0 0 0 0 0 0 0 0 0 0 0 0 0 0 0 0 0 0 0 0 0 0 0 0 0 0 0 0 0 0 0 0 0 0 0 0 0 0 0 0 0 0 0 0 0 0 0 0 0 0 0 0 0 0 0 0 0 0 0 0 0 0 0 0 0 0 0 0 0 0 0 0 0 0 0 0 0 0 0 0 0 0 0 0 0 0 0 0 0 0 0 0 0 0 0 0 0 0 0 0 0 0 0 0 0 0 0 0 0 0 0 0 0 0 0 0 0 0 0 0 0 0 0 0 0 0 0 0 0 0 0 0 0 0 0 0 0 0 0 0 0 0 0 0 0 0 0 0 0 0 0 0 0 0 0 0 0 0 0 0 0 0 0 0 0 0 0 0 0 0 0 0 0 0 0 0 0 0 0 0 0 0 0 0 0 0 0 0 0 0 0 0 0 0 0 0 0 0 0 0 0 0 0 0 0 0 0 0 0 0 0 0 0 0 0 0 0 0 0 0 0 0 0 0 0 0 0 0 0 0 0 0 0 0 0 0 0 0 0 0 0 0 0 0 0 0 0 0 0 0 0 0 0 0 0 0 0 0 0 0 0 0 0 0 0 0 0 0 0 0 0 0 0 0 0 0 0 0 0 0 0 0 0 0 0 0 0 0 0 0 0 0 0 0 0 0 0 0 0 0 0 0 0 0 0 0 0 0 0 0 0 0 0 0 0 0 0 0 0 0 0 0 0 0 0 0 0 0 0 0 0 0 0 0 0 0 0 0 0 0 0 0 0 0 0 0 0 0 0 0 0 0 0 0 0 0 0 0 0 0 0 0 0 0 0 0 0 0 0 0 0 0 0 0 0 0 0 0 0 0 0 0 0 0 0 0 0 0 0 0 0 0 0 0 0 0 0 0 0 0 0 0 0 0 0 0 0 0 0 0 0 0 0 0 0 0 0 0 0 0 0 0 0 0 0 0 0 0 0 0 0 0 0 0 0 0 0 0 0 0 0 0 0 0 0 0 0 0 0 0 0 0 0 0 0 0 0 0 0 0 0 0 0 0 0 0 0 0 0 0 0 0 0 0 0 0 0 0 0 0 0 0 0 0 0 0 0 0 0 0 0 0 0 0 0 0 0 0 0 0 0 0 0 0 0 0 0 0 0 0 0 0 0 0 0 0 0 0 0 0 0 0 0 0 0 0 0 0 0 0 0 0 0 0 0 0 0 0 0 0 0 0 0 0 0 0 0 0 0 0 0 0 0 0 0 0 0 0 0 0 0 0 0 0 0 0 0 0 0 0 0 0 0 0 0 0 0 0 0 0 0 0 0 0 0 0 0 0 0 0 0 0 0 0 0 0 0 0 0 0 0 0 0 0 0 0 0 0 0 0 0 0 0 0 0 0 0 0 0 0 0 0 0 0 0 0 0 0 0 0 0 0 0 0 0 0 0 0 0 0 0 0 0 0 0 0 0 0 0 0 0 0 0 0 0 0 0 0 0 0 0 0 0 0 0 0 0 0 0 0 0 0 0 0 0 0 0 0 0 0 0 0 0 0 0 0 0 0 0 0 0 0 0 0 0 0 0 0 0 0 0 0 0 0 0 0 0 0 0 0 0 0 0 0 0 0 0 0 0 0 0 0 0 0 0 0 0 0 0 0 0 0 0 0 0 0 0 0 0 0 0 0 0 0 0 0 0 0 0 0 0 0 0 0 0 0 0 0 0 0 0 0 0 0 0 0 0 0 0 0 0 0 0 0 0 0 0 0 0 0 0 0 0 0 0 0 0 0 0 0 0 0 0 0 0 0 0 0 0 0 0 0 0 0 0 0 0 0 0 0 0 0 0 0 0 0 0 0 0 0 0 0 0 0 0 0 0 0 0 0 0 0 0 0 0 0 0 0 0 0 0 0 0 0 0 0 0 0 0 0 0 0 0 0 0 0 0 0 0 0 0 0 0 0 0 0 0 0 0 0 0 0 0 0 0 0 0 0 0 0 0 0 0 0 0 0 0 0 0 0 0 0 0 0 0 0 0 0 0 0 0 0 0 0 0 0 0 0 0 0 0 0 0 0 0 0 0 0 0 0 0 0 0 0 0 0 0 0 0 0 0 0 0 0 0 0 0 0 0 0 0 0 0 0 0 0 0 0 0 0 0 0 0 0 0 0 0 0 0 0 0 0 0 0 0 0 0 0 0 0 0 0 0 0 0 0 0 0 0 0 0 0 0 0 0 0 0 0 0 0 0 0 0 0 0 0 0 0 0 0 0 0 0 0 0 0 0 0 0 0 0 0 0 0 0 0 0 0 0 0 0 0 0 0 0 0 0 0 0 0 0 0 0 0 0 0 0 0 0 0 0 0 0 0 0 0 0 0 0 0 0 0 0 0 0 0 0 0 0 0 0 0 0 0 0 0 0 0 0 0 0 0 0 0 0 0 0 0 0 0 0 0 0 0 0 0 0 0 0 0 0 0 0 0 0 0 0 0 0 0 0 0 0 0 0 0 0 0 0 0 0 0 0 0 0 0 0 0 0 0 0 0 0 0 0 0 0 0 0 0 0 0 0 0 0 0 0 0 0 0 0 0 0 0 0 0 0 0 0 0 0 0 0 0 0 0 0 0 0 0 0 0 0 0 0 0 0 0 0 0 0 0 0 0 0 0 0 0 0 0 0 0 0 0 0 0 0 0 0 0 0 0 0 0 0 0 0 0 0 0 0 0 0 0 0 0 0 0 0 0 0 0 0 0 0 0 0 0 0 0 0 0 0 0 0 0 0 0 0 0 0 0 0 0 0 0 0 0 0 0 0 0 0 0 0 0 0 0 0 0 0 0 0 0 0 0 0 0 0 0 0 0 0 0 0 0 0 0 0 0 0 0 0 0 0 0 0 0 0 0 0 0 0 0 0 0 0 0 0 0 0 0 0 0 0 0 0 0 0 0 0 0 0 0 0 0 0 0 0 0 0 0 0 0 0 0 0 0 0 0 0 0 0 0 0 0 0 0 0 0 0 0 0 0 0 0 0 0 0 0 0 0 0 0 0 0 0 0 0 0 0 0 0 0 0 0 0 0 0 0 0 0 0 0 0 0 0 0 0 0 0 0 0 0 0 0 0 0 0 0 0 0 0 0 0 0 0 0 0 0 0 0 0 0 0 0 0 0 0 0 0 0 0 0 0 0 0 0 0 0 0 0 0 0 0 0 0 0 0 0 0 0 0 0 0 0 0 0 0 0 0 0 0 0 0 0 0 0 0 0 0 0 0 0 0 0 0 0 0 0 0 0 0 0 0 0 0 0 0 0 0 0 0 0 0 0 0 0 0 0 0 0 0 0 0 0 0 0 0 0 0 0 0 0 0 0 0 0 0 0 0 0 0 0 0 0 0 0 0 0 0 0 0 0 0 0 0 0 0 0 0 0 0 0 0 0 0 0 0 0 0 0 0 0 0 0 0 0 0 0 0 0 0 0 0 0 0 0 0 0 0 0 0 0 0 0 0 0 0 0 0 0 0 0 0 0 0 0 0 0 0 0 0 0 0 0 0 0 0 0 0 0 0 0 0 0 0 0 0 0 0 0 0 0 0 0 0 0 0 0 0 0 0 0 0 0 0 0 0 0 0 0 0 0 0 0 0 0 0 0 0 0 0 0 0 0 0 0 0 0 0 0 0 0 0 0 0 0 0 0 0 0 0 0 0 0 0 0 0 0 0 0 0 0 0 0 0 0 0 0 0 0 0 0 0 0 0 0 0 0 0 0 0 0 0 0 0 0 0 0 0 0 0 0 0 0 0 0 0 0 0 0 0 0 0 0 0 0 0 0 0 0 0 0 0 0 0 0 0 0 0 0 0 0 0 0 0 0 0 0 0 0 0 0 0 0 0 0 0 0 0 0 0 0 0 0 0 0 0 0 0 0 0 0 0 0 0 0 0 0 0 0 0 0 0 0 0 0 0 0 0 0 0 0 0 0 0 0 0 0 0 0 0 0 0 0 0 0 0 0 0 0 0 0 0 0 0 0 0 0 0 0 0 0 0 0 0 0 0 0 0 0 0 0 0 0 0 0 0 0 0 0 0 0 0 0 0 0 0 0 0 0 0 0 0 0 0 0 0 0 0 0 0 0 0 0 0 0 0 0 0 0 0 0 0 0 0 0 0 0 0 0 0 0 0 0 0 0 0 0 0 0 0 0 0 0 0 0 0 0 0 0 0 0 0 0 0 0 0 0 0 0 0 0 0 0 0 0 0 0 0 0 0 0 0 0 0 0 0 0 0 0 0 0 0 0 0 0 0 0 0 0 0 0 0 0 0 0 0 0 0 0 0 0 0 0 0 0 0 0 0 0 0 0 0 0 0 0 0 0 0 0 0 0 0 0 0 0 0 0 0 0 0 0 0 0 0 0 0 0 0 0 0 0 0 0 0 0 0 0 0 0 0 0 0 0 0 0 0 0 0 0 0 0 0 0 0 0 0 0 0 0 0 0 0 0 0 0 0 0 0 0 0 0 0 0 0 0 0 0 0 0 0 0 0 0 0 0 0 0 0 0 0 0 0 0 0 0 0 0 0 0 0 0 0 0 0 0 0 0 0 0 0 0 0 0 0 0 0 0 0 0 0 0 0 0 0 0 0 0 0 0 0 0 0 0 0 0 0 0 0 0 0 0 0 0 0 0 0 0 0 0 0 0 0 0 0 0 0 0 0 0 0 0 0 0 0 0 0 0 0 0 0 0 0 0 0 0 0 0 0 0 0 0 0 0 0 0 0 0 0 0 0 0 0 0 0 0 0 0 0 0 0 0 0 0 0 0 0 0 0 0 0 0 0 0 0 0 0 0 0 0 0 0 0 0 0 0 0 0 0 0 0 0 0 0 0 0 0 0 0 0 0 0 0 0 0 0 0 0 0 0 0 0 0 0 0 0 0 0 0 0 0 0 0 0 0 0 0 0 0 0 0 0 0 0 0 0 0 0 0 0 0 0 0 0 0 0 0 0 0 0 0 0 0 0 0 0 0 0 0 0 0 0 0 0 0 0 0 0 0 0 0 0 0 0 0 0 0 0 0 0 0 0 0 0 0 0 0 0 0 0 0 0 0 0 0 0 0 0 0 0 0 0 0 0 0 0 0 0 0 0 0 0 0 0 0 0 0 0 0 0 0 0 0 0 0 0 0 0 0 0 0 0 0 0 0 0 0 0 0 0 0 0 0 0 0 0 0 0 0 0 0 0 0 0 0 0 0 0 0 0 0 0 0 0 0 0 0 0 0 0 0 0 0 0 0 0 0 0 0 0 0 0 0 0 0 0 0 0 0 0 0 0 0 0 0 0 0 0 0 0 0 0 0 0 0 0 0 0 0 0 0 0 0 0 0 0 0 0 0 0 0 0 0 0 0 0 0 0 0 0 0 0 0 0 0 0 0 0 0 0 0 0 0 0 0 0 0 0 0 0 0 0 0 0 0 0 0 0 0 0 0 0 0 0 0 0 0 0 0 0 0 0 0 0 0 0 0 0 0 0 0 0 0 0 0 0 0 0 0 0 0 0 0 0 0 0 0 0 0 0 0 0 0 0 0 0 0 0 0 0 0 0 0 0 0 0 0 0 0 0 0 0 0 0 0 0 0 0 0 0 0 0 0 0 0 0 0 0 0 0 0 0 0 0 0 0 0 0 0 0 0 0 0 0 0 0 0 0 0 0 0 0 0 0 0 0 0 0 0 0 0 0 0 0 0 0 0 0 0 0 0 0 0 0 0 0 0 0 0 0 0 0 0 0 0 0 0 0 0 0 0 0 0 0 0 0 0 0 0 0 0 0 0 0 0 0 0 0 0 0 0 0 0 0 0 0 0 0 0 0 0 0 0 0 0 0 0 0 0 0 0 0 0 0 0 0 0 0 0 0 0 0 0 0 0 0 0 0 0 0 0 0 0 0 0 0 0 0 0 0 0 0 0 0 0 0 0 0 0 0 0 0 0 0 0 0 0 0 0 0 0 0 0 0 0 0 0 0 0 0 0 0 0 0 0 0 0 0 0 0 0 0 0 0 0 0 0 0 0 0 0 0 0 0 0 0 0 0 0 0 0 0 0 0 0 0 0 0 0 0 0 0 0 0 0 0 0 0 0 0 0 0 0 0 0 0 0 0 0 0 0 0 0 0 0 0 0 0 0 0 0 0 0 0 0 0 0 0 0 0 0 0 0 0 0 0 0 0 0 0 0 0 0 0 0 0 0 0 0 0 0 0 0 0 0 0 0 0 0 0 0 0 0 0 0 0 0 0 0 0 0 0 0 0 0 0 0 0 0 0 0 0 0 0 0 0 0 0 0 0 0 0 0 0 0 0 0 0 0 0 0 0 0 0 0 0 0 0 0 0 0 0 0 0 0 0 0 0 0 0 0 0 0 0 0 0 0 0 0 0 0 0 0 0 0 0 0 0 0 0 0 0 0 0 0 0 0 0 0 0 0 0 0 0 0 0 0 0 0 0 0 0 0 0 0 0 0 0 0 0 0 0 0 0 0 0 0 0 0 0 0 0 0 0 0 0 0 0 0 0 0 0 0 0 0 0 0 0 0 0 0 0 0 0 0 0 0 0 0 0 0 0 0 0 0 0 0 0 0 0 0 0 0 0 0 0 0 0 0 0 0 0 0 0 0 0 0 0 0 0 0 0 0 0 0 0 0 0 0 0 0 0 0 0 0 0 0 0 0 0 0 0 0 0 0 0 0 0 0 0 0 0 0 0 0 0 0 0 0 0 0 0 0 0 0 0 0 0 0 0 0 0 0 0 0 0 0 0 0 0 0 0 0 0 0 0 0 0 0 0 0 0 0 0 0 0 0 0 0 0 0 0 0 0 0 0 0 0 0 0 0 0 0 0 0 0 0 0 0 0 0 0 0 0 0 0 0 0 0 0 0 0 0 0 0 0 0 0 0 0 0 0 0 0 0 0 0 0 0 0 0 0 0 0 0 0 0 0 0 0 0 0 0 0 0 0 0 0 0 0 0 0 0 0 0 0 0 0 0 0 0 0 0 0 0 0 0 0 0 0 0 0 0 0 0 0 0 0 0 0 0 0 0 0 0 0 0 0 0 0 0 0 0 0 0 0 0 0 0 0 0 0 0 0 0 0 0 0 0 0 0 0 0 0 0 0 0 0 0 0 0 0 0 0 0 0 0 0 0 0 0 0 0 0 0 0 0 0 0 0 0 0 0 0 0 0 0 0 0 0 0 0 0 0 0 0 0 0 0 0 0 0 0 0 0 0 0 0 0 0 0 0 0 0 0 0 0 0 0 0 0 0 0 0 0 0 0 0 0 0 0 0 0 0 0 0 0 0 0 0 0 0 0 0 0 0 0 0 0 0 0 0 0 0 0 0 0 0 0 0 0 0 0 0 0 0 0 0 0 0 0 0 0 0 0 0 0 0 0 0 0 0 0 0 0 0 0 0 0 0 0 0 0 0 0 0 0 0 0 0 0 0 0 0 0 0 0 0 0 0 0 0 0 0 0 0 0 0 0 0 0 0 0 0 0 0 0 0 0 0 0 0 0 0 0 0 0 0 0 0 0 0 0 0 0 0 0 0 0 0 0 0 0 0 0 0 0 0 0 0 0 0 0 0 0 0 0 0 0 0 0 0 0 0 0 0 0 0 0 0 0 0 0 0 0 0 0 0 0 0 0 0 0 0 0 0 0 0 0 0 0 0 0 0 0 0 0 0 0 0 0 0 0 0 0 0 0 0 0 0 0 0 0 0 0 0 0 0 0 0 0 0 0 0 0 0 0 0 0 0 0 0 0 0 0 0 0 0 0 0 0 0 0 0 0 0 0 0 0 0 0 0 0 0 0 0 0 0 0 0 0 0 0 0 0 0 0 0 0 0 0 0 0 0 0 0 0 0 0 0 0 0 0 0 0 0 0 0 0 0 0 0 0 0 0 0 0 0 0 0 0 0 0 0 0 0 0 0 0 0 0 0 0 0 0 0 0 0 0 0 0 0 0 0 0 0 0 0 0 0 0 0 0 0 0 0 0 0 0 0 0 0 0 0 0 0 0 0 0 0 0 0 0 0 0 0 0 0 0 0 0 0 0 0 0 0 0 0 0 0 0 0 0 0 0 0 0 0 0 0 0 0 0 0 0 0 0 0 0 0 0 0 0 0 0 0 0 0 0 0 0 0 0 0 0 0 0 0 0 0 0 0 0 0 0 0 0 0 0 0 0 0 0 0 0 0 0 0 0 0 0 0 0 0 0 0 0 0 0 0 0 0 0 0 0 0 0 0 0 0 0 0 0 0 0 0 0 0 0 0 0 0 0 0 0 0 0 0 0 0 0 0 0 0 0 0 0 0 0 0 0 0 0 0 0 0 0 0 0 0 0 0 0 0 0 0 0 0 0 0 0 0 0 0 0 0 0 0 0 0 0 0 0 0 0 0 0 0 0 0 0 0 0 0 0 0 0 0 0 0 0 0 0 0 0 0 0 0 0 0 0 0 0 0 0 0 0 0 0 0 0 0 0 0 0 0 0 0 0 0 0 0 0 0 0 0 0 0 0 0 0 0 0 0 0 0 0 0 0 0 0 0 0 0 0 0 0 0 0 0 0 0 0 0 0 0 0 0 0 0 0 0 0 0 0 0 0 0 0 0 0 0 0 0 0 0 0 0 0 0 0 0 0 0 0 0 0 0 0 0 0 0 0 0 0 0 0 0 0 0 0 0 0 0 0 0 0 0 0 0 0 0 0 0 0 0 0 0 0 0 0 0 0 0 0 0 0 0 0 0 0 0 0 0 0 0 0 0 0 0 0 0 0 0 0 0 0 0 0 0 0 0 0 0 0 0 0 0 0 0 0 0 0 0 0 0 0 0 0 0 0 0 0 0 0 0 0 0 0 0 0 0 0 0 0 0 0 0 0 0 0 0 0 0 0 0 0 0 0 0 0 0 0 0 0 0 0 0 0 0 0 0 0 0 0 0 0 0 0 0 0 0 0 0 0 0 0 0 0 0 0 0 0 0 0 0 0 0 0 0 0 0 0 0 0 0 0 0 0 0 0 0 0 0 0 0 0 0 0 0 0 0 0 0 0 0 0 0 0 0 0 0 0 0 0 0 0 0 0 0 0 0 0 0 0 0 0 0 0 0 0 0 0 0 0 0 0 0 0 0 0 0 0 0 0 0 0 0 0 0 0 0 0 0 0 0 0 0 0 0 0 0 0 0 0 0 0 0 0 0 0 0 0 0 0 0 0 0 0 0 0 0 0 0 0 0 0 0 0 0 0 0 0 0 0 0 0 0 0 0 0 0 0 0 0 0 0 0 0 0 0 0 0 0 0 0 0 0 0 0 0 0 0 0 0 0 0 0 0 0 0 0 0 0 0 0 0 0 0 0 0 0 0 0 0 0 0 0 0 0 0 0 0 0 0 0 0 0 0 0 0 0 0 0 0 0 0 0 0 0 0 0 0 0 0 0 0 0 0 0 0 0 0 0 0 0 0 0 0 0 0 0 0 0 0 0 0 0 0 0 0 0 0 0 0 0 0 0 0 0 0 0 0 0 0 0 0 0 0 0 0 0 0 0 0 0 0 0 0 0 0 0 0 0 0 0 0 0 0 0 0 0 0 0 0 0 0 0 0 0 0 0 0 0 0 0 0 0 0 0 0 0 0 0 0 0 0 0 0 0 0 0 0 0 0 0 0 0 0 0 0 0 0 0 0 0 0 0 0 0 0 0 0 0 0 0 0 0 0 0 0 0 0 0 0 0 0 0 0 0 0 0 0 0 0 0 0 0 0 0 0 0 0 0 0 0 0 0 0 0 0 0 0 0 0 0 0 0 0 0 0 0 0 0 0 0 0 0 0 0 0 0 0 0 0 0 0 0 0 0 0 0 0 0 0 0 0 0 0 0 0 0 0 0 0 0 0 0 0 0 0 0 0 0 0 0 0 0 0 0 0 0 0 0 0 0 0 0 0 0 0 0 0 0 0 0 0 0 0 0 0 0 0 0 0 0 0 0 0 0 0 0 0 0 0 0 0 0 0 0 0 0 0 0 0 0 0 0 0 0 0 0 0 0 0 0 0 0 0 0 0 0 0 0 0 0 0 0 0 0 0 0 0 0 0 0 0 0 0 0 0 0 0 0 0 0 0 0 0 0 0 0 0 0 0 0 0 0 0 0 0 0 0 0 0 0 0 0 0 0 0 0 0 0 0 0 0 0 0 0 0 0 0 0 0 0 0 0 0 0 0 0 0 0 0 0 0 0 0 0 0 0 0 0 0 0 0 0 0 0 0 0 0 0 0 0 0 0 0 0 0 0 0 0 0 0 0 0 0 0 0 0 0 0 0 0 0 0 0 0 0 0 0 0 0 0 0 0 0 0 0 0 0 0 0 0 0 0 0 0 0 0 0 0 0 0 0 0 0 0 0 0 0 0 0 0 0 0 0 0 0 0 0 0 0 0 0 0 0 0 0 0 0 0 0 0 0 0 0 0 0 0 0 0 0 0 0 0 0 0 0 0 0 0 0 0 0 0 0 0 0 0 0 0 0 0 0 0 0 0 0 0 0 0 0 0 0 0 0 0 0 0 0 0 0 0 0 0 0 0 0 0 0 0 0 0 0 0 0 0 0 0 0 0 0 0 0 0 0 0 0 0 0 0 0 0 0 0 0 0 0 0 0 0 0 0 0 0 0 0 0 0 0 0 0 0 0 0 0 0 0 0 0 0 0 0 0 0 0 0 0 0 0 0 0 0 0 0 0 0 0 0 0 0 0 0 0 0 0 0 0 0 0 0 0 0 0 0 0 0 0 0 0 0 0 0 0 0 0 0 0 0 0 0 0 0 0 0 0 0 0 0 0 0 0 0 0 0 0 0 0 0 0 0 0 0 0 0 0 0 0 0 0 0 0 0 0 0 0 0 0 0 0 0 0 0 0 0 0 0 0 0 0 0 0 0 0 0 0 0 0 0 0 0 0 0 0 0 0 0 </DataArray>
        <DataArray type="Float64" Name="displacement" format="ascii" NumberOfComponents="3">0.0005021764487058212 -5.174681254722663e-05 0 0.0004180681973111647 -5.330358926521148e-05 0 0.0001399025573644343 1.780266899306313e-06 0 4.525385827435921e-05 -9.448825288313821e-07 0 0.000371145550046152 -5.3605201224367e-05 0 -3.454475467541674e-05 -2.391397786113966e-07 0 3.636472987492491e-06 9.025596421291872e-07 0 -3.69773571110508e-05 -6.546698464004151e-06 0 0.0003689791850277253 -5.330046102893382e-05 0 -8.644952256908669e-05 9.46298683278564e-07 0 -6.422999171141313e-05 -9.031465325100987e-07 0 -6.337530661398985e-05 -2.17805274299928e-05 0 -5.066693718697256e-07 -4.569734840552223e-05 0 0.000397587468472473 -5.041706711545086e-05 0 -0.0001132868453146032 -2.147203006013127e-06 0 -7.777924583318825e-05 1.322408879313088e-05 0 6.561129102643832e-05 -3.485251334318842e-05 0 -0.0002361429458386829 -1.955666155763202e-05 0 -7.261031210829381e-05 -8.11330304159117e-05 0 0.0004167424469329408 -4.293630863271523e-05 0 -0.0001093982884542491 -1.011052977428154e-05 0 -9.228914466367768e-05 2.151019908680843e-05 0 0.0001108336155389152 -1.182082736837266e-05 0 9.747040730238765e-05 -8.498417730436018e-05 0 -0.0002224142887929903 9.277220142733798e-05 0 -0.0001586084050422305 -4.007077012877466e-05 0 0.0004172593126528728 -3.262061652643376e-05 0 -9.526415397327559e-05 -1.819652920917631e-05 0 -0.0001102779044562987 1.68683306714934e-05 0 0.0001170558984534954 5.419764617382861e-06 0 0.0002046843867169717 -5.763345617763176e-05 0 6.17584466114244e-06 -0.0001091881057405783 0 0.0005206639597009681 0.0003425783413061193 0 0.0001359785397412026 0.0001884625706156471 0 0.0003994945161039983 -1.964584287323344e-05 0 -7.892484907881655e-05 -2.02241684375444e-05 0 -0.000127502447697439 1.837189859163306e-06 0 0.0001035848563344396 7.388908111282017e-06 0 0.0002348384232847677 -3.006170209793584e-05 0 0.0001342430728498561 -0.0001036855200163131 0 -8.157177174272084e-05 3.222698658224536e-05 0 0.001244062511198065 0.0003255836424152216 0 0.0008408271385696348 0.0002487762548188266 0 0.0003749863651860223 -7.403044835215845e-06 0 -7.083332363924969e-05 -1.280735424485056e-05 0 -0.0001342100675827996 -1.299565041851768e-05 0 8.159562287650715e-05 -6.528624311917703e-06 0 0.0002364563085531614 -1.52855046081507e-05 0 0.0001437164570042794 -7.480732774103101e-05 0 -0.0001174637014540777 -6.296146319536253e-05 0 0.0004932305406691184 0.0001629738602158164 0 0.002715860290002924 0.0001058981080699159 0 0.002087733559021052 9.169989988833547e-05 0 0.0003585794750906082 -9.870913090341547e-07 0 -7.000883423672602e-05 -9.748448318459141e-07 0 -0.0001299694383711334 -1.407006243899205e-05 0 6.662481955653671e-05 -1.456847581493038e-05 0 0.0002228152665123902 -1.563623353765392e-05 0 0.0001003467270021192 -4.220161808143191e-05 0 -0.0001713049047151343 -8.838779686413076e-05 0 0.0001848164588525279 8.070753215365811e-05 0 0.00153691908343099 6.995519869728691e-05 0 0.0003506424328198302 1.035436291206212e-06 0 -6.924952800649829e-05 5.221528439566976e-06 0 -0.0001200762405519405 -3.393286118680803e-06 0 6.661736158550343e-05 -8.97137397424738e-06 0 0.0002089731989591442 -1.355403362265656e-05 0 6.520609371825749e-05 -2.242716343490124e-05 0 -0.0002744856512073002 -7.885146489740832e-05 0 -7.370734247052582e-05 1.724077384557178e-05 0 0.001195413809197766 4.092490185723766e-05 0 0.0003480107009829974 1.872176897288469e-06 0 -6.638197350525071e-05 4.406824241989099e-06 0 -0.0001114800144245468 5.461648237329273e-06 0 6.860701841232681e-05 1.107214197943428e-06 0 0.0002047342993307479 -3.445581841690637e-06 0 5.530239486354e-05 -1.18765131032518e-05 0 -0.0003954625742313288 -5.605569065294299e-05 0 -0.0002815640442978445 -1.738182261810158e-05 0 0.00112150225599323 1.088034118536512e-05 0 0.0003470347303012009 2.995912585018398e-06 0 -6.089193198932728e-05 7.190791752589507e-07 0 -0.0001031935034337943 7.695891384445692e-06 0 6.589153644674096e-05 1.047338137937816e-05 0 0.0001908526531532936 6.068980868871065e-06 0 7.010025946307171e-05 -1.138956234801765e-06 0 -0.0004838339180630068 -3.172360416782687e-05 0 -0.0004351584307386441 -2.788865384129642e-05 0 0.001223538012596041 -2.079952585208252e-05 0 0.0003420931402812938 6.117971696853116e-06 0 -5.750690254850612e-05 -2.240095933057212e-06 0 -9.311447651354567e-05 3.289031158597473e-06 0 6.817743188595753e-05 1.212917749846953e-05 0 0.0001642139471504451 1.525674277084391e-05 0 7.868186436051169e-05 7.36613892795678e-06 0 -0.0004941270086267781 -5.126383090854439e-06 0 -0.0004925576299469282 -1.556361760962025e-05 0 0.00126650142331725 -4.425409988844437e-05 0 0.0003353542350806567 9.613814078565304e-06 0 -6.082073564755378e-05 -7.392132114810573e-07 0 -8.527289913071687e-05 -2.962020337028519e-06 0 7.874957976457566e-05 5.010015537759183e-06 0 0.0001466492919721036 1.777204966355115e-05 0 4.759185410809375e-05 1.468650866034982e-05 0 -0.0004069847167132178 1.442963190330729e-05 0 -0.0003630059560849347 1.172054817748323e-05 0 0.001266401695451226 -5.425501885370029e-05 0 0.0003335296477760749 1.038413787004914e-05 0 -6.821543038334002e-05 3.220942729746656e-06 0 -8.412713729607535e-05 -3.773382128990227e-06 0 8.719997852399754e-05 -8.52448784650038e-07 0 0.0001461556322652399 1.160133392536563e-05 0 2.865700104068804e-06 1.862578812769459e-05 0 -0.0003260942613025658 1.910813757590671e-05 0 -0.0001297335158780572 1.034916589072194e-05 0 0.001264818306524561 -5.259340834716866e-05 0 0.0003358881987572557 8.784605292486666e-06 0 -7.291491991445482e-05 4.98308313371179e-06 0 -8.868190844688559e-05 -8.603310257312284e-07 0 8.954910232981341e-05 -1.525106273181711e-06 0 0.0001517121121214462 5.284956180740853e-06 0 -2.267856944543344e-05 1.704222473170123e-05 0 -0.0003324516394522903 1.846009313722762e-05 0 -6.524415869775578e-05 -2.376182843473117e-06 0 0.001279730276490857 -4.391644950726449e-05 0 0.0003397133465762452 6.349869013222605e-06 0 -7.347751983112234e-05 4.235460377748078e-06 0 -9.349677763588817e-05 6.077237152922466e-07 0 8.740719205868173e-05 -1.344596044281117e-06 0 0.000156971712807246 2.569095836541836e-06 0 -2.396133022040209e-05 1.080315218134498e-05 0 -0.0003756655179754779 1.473233780226526e-05 0 -8.661473105790263e-05 -1.19276128307871e-05 0 0.001316620941018514 -3.037993808578405e-05 0 0.0003437484790385185 3.486233470938356e-06 0 -7.167073031622787e-05 2.672487750170551e-06 0 -9.600321128720549e-05 1.164830494030863e-07 0 8.250585412854487e-05 -2.114723387601665e-06 0 0.0001580370099700167 2.389795304771901e-07 0 -1.576845171834435e-05 6.355843584618381e-06 0 -0.0004063105440196722 1.017293402110365e-05 0 -0.0001077913253908669 -1.561079139994828e-05 0 0.00135886527178773 -1.502531271048695e-05 0 0.0003453038953330394 1.205381182333744e-06 0 -6.971108311552322e-05 1.049943776071545e-06 0 -9.498459851326606e-05 -1.055298071354731e-06 0 8.151912586163225e-05 -3.294716559475857e-06 0 0.0001536188656905838 -2.452598669285162e-06 0 -5.181602232148628e-06 3.654681776057989e-06 0 -0.0004109382110902312 5.685549146652694e-06 0 -0.0001115703380622146 -1.376817298240091e-05 0 0.001390974442715627 -1.713402640043242e-06 0 0.0003456768041636441 -4.005138082270945e-07 0 -7.064936764142934e-05 3.292399511365187e-07 0 -9.270867373846902e-05 -1.802481569187706e-06 0 8.598455614047469e-05 -4.525174219318674e-06 0 0.0001537943769975855 -4.603790153055558e-06 0 -5.494402908918014e-06 7.840316970054647e-07 0 -0.000398346843693307 2.814901733256929e-06 0 -9.515866297309583e-05 -9.943832349691878e-06 0 0.001412730700174027 7.406558927953132e-06 0 0.0003472294427010217 -1.64717383316533e-06 0 -7.307560138094908e-05 1.833009029015078e-07 0 -9.329270654290493e-05 -1.055182216681653e-06 0 8.915562080352104e-05 -3.831830531953253e-06 0 0.0001611024140073906 -6.225262418209018e-06 0 -1.081206762595845e-05 -1.944431539517045e-06 0 -0.0003863040669515524 2.09617280520942e-06 0 -7.592926552316311e-05 -4.740111064074209e-06 0 0.001422374684888345 1.149108939023716e-05 0 0.0003490843160557695 -2.18636057219574e-06 0 -7.348030161495166e-05 -3.189590891093663e-07 0 -9.582249425498043e-05 4.320639684042212e-07 0 8.875219024590159e-05 -1.144266018248026e-06 0 0.0001668180454181727 -5.367900587473565e-06 0 -7.701047101743222e-06 -4.481934251308015e-06 0 -0.0003902934962758085 1.592793557964045e-06 0 -7.62748329942043e-05 3.754912877591182e-08 0 0.001421138678592688 1.157061168689539e-05 0 0.0003500059815922003 -1.914002101613583e-06 0 -7.191940159628936e-05 -9.565489829865476e-07 0 -9.705571644537564e-05 9.477605230319776e-07 0 8.728432038247051e-05 9.022049547663736e-07 0 0.0001684456338934556 -2.215603907054428e-06 0 9.581891868976109e-07 -5.641952595789382e-06 0 -0.000402614201148151 3.741532939496167e-07 0 -9.022574241253876e-05 3.173578564067727e-06 0 0.001414022544796697 9.293042440596672e-06 0 0.0003499236392857782 -1.167160772252117e-06 0 -7.031275390217539e-05 -1.131327971868982e-06 0 -9.65670883175942e-05 5.093500208769655e-07 0 8.604350030931312e-05 1.474145229693295e-06 0 0.0001678418101203061 1.94170354613464e-07 0 5.658141321520862e-06 -4.314966264623055e-06 0 -0.0004074206354767462 -1.351238767753962e-06 0 -0.0001017900566697982 4.501064999618172e-06 0 0.001404868814208188 6.187273607257023e-06 0 0.0003490073472391386 -4.303361739741232e-07 0 -6.937545983126594e-05 -8.065356121994548e-07 0 -9.537623876409994e-05 5.283882125069194e-08 0 8.5871524803118e-05 1.20759519692086e-06 0 0.0001659503644051907 1.133683017648899e-06 0 5.909962276076657e-06 -1.591662160765027e-06 0 -0.000403879766995077 -2.750395392246869e-06 0 -0.0001085406468798169 4.150662906417767e-06 0 0.001397869150070528 3.286191774569229e-06 0 0.0003478894472096595 1.42073240801295e-07 0 -6.955852998906213e-05 -3.359944531523828e-07 0 -9.425734089464013e-05 -1.505628901372555e-07 0 8.678736544148051e-05 6.133467437482997e-07 0 0.0001649485775136313 1.189948135542698e-06 0 3.83611701663175e-06 1.569382930268967e-07 0 -0.0004004594828964205 -2.60111470387625e-06 0 -0.0001125113339783598 3.374563668849875e-06 0 0.001395009436054602 9.779553576619994e-07 0 0.0003474567787671474 4.248673739094128e-07 0 -7.038469689820467e-05 9.465402661321119e-08 0 -9.416355583562445e-05 -1.237095127466086e-08 0 8.721847659931124e-05 3.252626407596395e-07 0 0.0001653945379338078 7.083903917027775e-07 0 1.118351659804184e-06 7.821722517080756e-07 0 -0.0004000179263201967 -1.055210980802079e-06 0 -0.0001145260761798179 2.600615107016708e-06 0 0.001394990633527456 -5.342634061588153e-07 0 0.0003474165380235117 5.168066259490788e-07 0 -7.064207822749229e-05 2.399839816669482e-07 0 -9.47121772050443e-05 2.694133728487619e-07 0 8.673416931961104e-05 4.789931426314384e-07 0 0.0001654069472867645 4.694303403687122e-07 0 7.247040516812326e-07 7.299581892845214e-07 0 -0.0004019250126543255 2.344511716677323e-07 0 -0.0001165562508668163 1.959513298888798e-06 0 0.001395848477507585 -1.265940880845751e-06 0 0.0003473141481024309 5.989049566062706e-07 0 -7.042977717707389e-05 1.555016693292887e-07 0 -9.481603719815964e-05 2.768866067103664e-07 0 8.635565981443114e-05 5.171118418103442e-07 0 0.0001646071459840597 6.484697490163893e-07 0 1.694664895985497e-06 3.354184651555014e-07 0 -0.0004041049830311822 7.6643045999851e-07 0 -0.0001174769726205857 1.303953846585291e-06 0 0.001396589714063128 -1.37978936516018e-06 0 0.0003472029603425949 6.191814353193394e-07 0 -7.035469254810904e-05 1.170237072791944e-07 0 -9.453387425550299e-05 5.363329297607827e-08 0 8.644093866400775e-05 2.718126369313095e-07 0 0.0001639927432068588 6.50226923357318e-07 0 1.513499907904868e-06 3.542754188476035e-07 0 -0.0004036252177374768 6.548197209526803e-07 0 -0.0001157880373684698 5.170885289153269e-07 0 0.001396952626056071 -1.142947135745684e-06 0 0.0003470972989264593 5.745471663180442e-07 0 -7.047764851096129e-05 1.35171964761073e-07 0 -9.437246912114698e-05 -1.040213423782882e-07 0 8.666251560220972e-05 6.684949694496476e-10 0 0.000163820413893634 3.733200858247257e-07 0 4.974575070976596e-07 5.762461091499484e-07 0 -0.0004012337988903531 1.894673101535127e-07 0 -0.0001124758987908056 -2.137186156025636e-07 0 0.001397308932024189 -7.580004667672587e-07 0 0.0003470798742622304 4.753689203940148e-07 0 -7.06907271950559e-05 1.578421510994854e-07 0 -9.442282513019705e-05 -1.44513613767501e-07 0 8.683905483201046e-05 -1.819038963884329e-07 0 0.0001639305555093707 8.773154116115817e-08 0 -2.773140888572651e-07 5.534649383139022e-07 0 -0.0004001772556200926 4.254123094071804e-08 0 -0.000110457959320377 -5.51534207499961e-07 0 0.001398065550683262 -3.921515066137791e-07 0 0.0003472064313673299 3.483050695831518e-07 0 -7.088150722993521e-05 1.607132237135128e-07 0 -9.460609747488113e-05 -1.049383857735023e-07 0 8.684777768107851e-05 -2.147742097858077e-07 0 0.0001641917702517991 -1.330310698205786e-07 0 -5.889321297268502e-07 3.30226175390691e-07 0 -0.0004007649246838083 2.26418477126955e-07 0 -0.0001100328073181771 -4.918139095318185e-07 0 0.001398922679928332 -1.041876244896322e-07 0 0.0003473666963117044 2.359680369200604e-07 0 -7.088879819023078e-05 1.188532150120033e-07 0 -9.479808721682587e-05 -2.653905315994076e-08 0 8.67016869341066e-05 -1.2268921419957e-07 0 0.0001643100368286625 -1.972868997959787e-07 0 -4.320904528638076e-07 8.590264328599966e-08 0 -0.0004017298933935041 3.355156550062868e-07 0 -0.0001103395320324113 -3.365871504941095e-07 0 0.001399596499950191 1.263870523984107e-07 0 0.0003474467246033178 1.633097089764196e-07 0 -7.076637830530016e-05 4.898277668717587e-08 0 -9.480546005409539e-05 -2.595603516841738e-09 0 8.66567619262886e-05 -4.463538933342087e-08 0 0.0001642441855379591 -1.165754109589898e-07 0 -4.391872547581781e-08 -9.399785632843714e-08 0 -0.0004025392755939994 2.772880849681233e-07 0 -0.0001109450576337505 -1.739426825301399e-07 0 0.001400004602349926 2.819103800842313e-07 0 0.0003474753227203329 1.26328679188499e-07 0 -7.070908208137681e-05 3.020884828744405e-09 0 -9.467912692036859e-05 -2.699355038885548e-08 0 8.677509730186868e-05 -2.76397535093828e-08 0 0.000164253359082241 -5.432244798691394e-08 0 7.117942034743245e-08 -1.237013787392521e-07 0 -0.0004026833871586671 1.303828458506031e-07 0 -0.0001110402292203074 -8.947424772962064e-08 0 0.001400181032053988 3.573420388359311e-07 0 0.000347492156846086 1.085530357504069e-07 0 -7.071925695626737e-05 -1.428561764715841e-08 0 -9.461578857007483e-05 -4.081096206028783e-08 0 8.688466156803706e-05 -2.386556977734821e-08 0 0.0001643808899644688 -4.24943645462722e-08 0 2.275542358753487e-10 -5.686189996460811e-08 0 -0.0004023281409666155 -2.86339807663294e-08 0 -0.0001107391673391533 -5.408467543526611e-08 0 0.00140023561389417 3.639882958069232e-07 0 0.0003475033883181318 1.062090292571621e-07 0 -7.073447153604917e-05 -1.912107488750286e-08 0 -9.462408933327489e-05 -3.800065190989742e-08 0 8.692132802701374e-05 -1.193726849486876e-08 0 0.000164483892835042 -3.287263717569738e-08 0 1.226375222901806e-08 -3.056787641585178e-08 0 -0.0004021866016508946 -7.425177152471651e-08 0 -0.0001106056841007792 2.152176007720609e-08 0 0.001400265166357686 3.245444330536584e-07 0 0.0003475186770288737 1.110874092817571e-07 0 -7.07419396376429e-05 -1.422778902158972e-08 0 -9.464237561660099e-05 -2.80385036811534e-08 0 8.691755549142254e-05 6.317960872352646e-09 0 0.0001645244754747473 -1.644132356301564e-08 0 8.388730892914138e-08 -3.407411520734565e-08 0 -0.0004023077303972108 -1.78222550571705e-08 0 -0.0001106780067901148 1.172781015218449e-07 0 0.001400284485164245 2.661803543075117e-07 0 0.0003475240703182964 1.197606994034553e-07 0 -7.07320645473835e-05 -9.581041885212138e-09 0 -9.46522462881849e-05 -1.643732792152436e-08 0 8.689935032358402e-05 2.656979284764576e-08 0 0.0001645223991661327 6.112036217420513e-09 0 1.340804785653809e-07 -3.423559683836396e-08 0 -0.0004024233349155196 1.959824542669547e-08 0 -0.0001108093621386298 1.673321582832191e-07 0 0.001400306788892433 2.156110949797646e-07 0 0.0003475133684596991 1.272057252831027e-07 0 -7.071642376857076e-05 -6.033231468235978e-09 0 -9.463821390789244e-05 -1.394136741987573e-08 0 8.69004618771641e-05 3.275537726211281e-08 0 0.0001644953786117155 3.01478781158243e-08 0 1.43837975584084e-07 -2.598601770917308e-08 0 -0.0004024831037218804 1.591136771037643e-08 0 -0.0001109589690489205 1.612544601112265e-07 0 0.001400357534477457 1.77817299518504e-07 0 0.0003474999547233743 1.308265772052147e-07 0 -7.072028121080792e-05 -2.874666834434825e-09 0 -9.461311784134985e-05 -1.989979289424709e-08 0 8.692645549410875e-05 2.317107092222187e-08 0 0.0001644872263697559 3.664931201487891e-08 0 1.137955134983315e-07 -6.177166028686898e-09 0 -0.0004025048142612033 -1.086284845061569e-09 0 -0.0001110581634748437 1.288615150245309e-07 0 0.001400437221780501 1.485837802916306e-07 0 0.0003474942353899248 1.308091653866999e-07 0 -7.073892840466986e-05 -5.364148569775306e-10 0 -9.46081893441735e-05 -2.513029924260113e-08 0 8.694347370197945e-05 1.091218828665197e-08 0 0.0001645035240322758 2.570350826798517e-08 0 6.909029348287516e-08 1.293070569109017e-08 0 -0.0004025098306238116 -1.699034005153699e-08 0 -0.0001111046558058253 8.592606038672346e-08 0 0.001400532802432986 1.280405593573688e-07 0 0.0003474948822877969 1.275034437909356e-07 0 -7.075146701135925e-05 5.441972671105232e-10 0 -9.461957796918356e-05 -2.827265454131283e-08 0 8.694204538824481e-05 1.840441249054137e-09 0 0.0001645110206750302 1.422637385586206e-08 0 5.478965985420299e-08 1.565220421329005e-08 0 -0.0004025455085530216 -1.597895143111427e-08 0 -0.0001111413786702552 6.038986711219552e-08 0 0.001400625720305651 1.141360394902799e-07 0 0.0003474977861268775 1.230276327089316e-07 0 -7.075672946384344e-05 2.265204898654882e-10 0 -9.462542761738689e-05 -2.976725550687259e-08 0 8.694046169085283e-05 -3.14870844762144e-09 0 0.0001645045628742257 6.117259799404139e-09 0 5.881107132538639e-08 6.674308821764951e-09 0 -0.0004026025741134653 -1.643629592672225e-09 0 -0.0001111611908441064 5.142053228091719e-08 0 0.001400708345495433 1.058281978725053e-07 0 0.0003475013116668538 1.175384257232764e-07 0 -7.075976820209579e-05 -8.436410502479794e-10 0 -9.462419281364153e-05 -3.001803211902242e-08 0 8.694582156269086e-05 -4.908625297027346e-09 0 0.0001645004818828371 1.945743427489432e-09 0 5.085954324704929e-08 -8.857449678226216e-10 0 -0.0004026338058963335 4.301941494005978e-09 0 -0.0001111535980859342 4.198333627188771e-08 0 0.001400783431064366 1.019078693584308e-07 0 0.0003475038082147528 1.115488949786358e-07 0 -7.076197215175398e-05 -2.689000945521604e-09 0 -9.462091212201518e-05 -3.061313969422024e-08 0 8.695504691218213e-05 -6.125113885709076e-09 0 0.0001645029278917065 1.055358685858598e-09 0 3.437247220531176e-08 -5.487224372796583e-09 0 -0.0004026398574811258 -9.919662972979195e-10 0 -0.0001111283399054652 3.106625959259367e-08 0 0.001400857132934136 1.000586026290995e-07 0 0.0003475067992869916 1.056526190449866e-07 0 -7.076585818339975e-05 -4.899283178802505e-09 0 -9.461741671551621e-05 -3.16609572031945e-08 0 8.696555198931844e-05 -7.918247973102975e-09 0 0.0001645093185437627 -2.461247707377656e-10 0 2.087549678779939e-08 -6.899276061914094e-09 0 -0.0004026532329376321 -7.835670081529632e-09 0 -0.0001111147607916144 2.197432532723836e-08 0 0.001400931840403614 9.821840562650869e-08 0 0.0003475109765658235 1.00270706234612e-07 0 -7.077051015799869e-05 -7.26442517164777e-09 0 -9.46164751040937e-05 -3.273216664465699e-08 0 8.697362986891456e-05 -9.549540438795466e-09 0 0.0001645175826840341 -2.482019392964496e-09 0 1.244656857614819e-08 -6.780024370926784e-09 0 -0.0004026775105005244 -1.298239581809524e-08 0 -0.0001111139841883692 1.629045371081411e-08 0 0.001401004391544513 9.651167403538358e-08 0 0.0003475153179331551 9.557375400294498e-08 0 -7.07734375915859e-05 -9.340395115339795e-09 0 -9.461718881497576e-05 -3.366383765843194e-08 0 8.697878417729051e-05 -1.076626486573584e-08 0 0.0001645235715547824 -4.333030520324576e-09 0 8.291685752938555e-09 -8.216749533378198e-09 0 -0.0004027047728965352 -1.491436161637355e-08 0 -0.0001111180221314897 1.402191944326059e-08 0 0.001401072513044501 9.511224985901678e-08 0 0.0003475189165798239 9.155830183425749e-08 0 -7.077494618004665e-05 -1.096679601124417e-08 0 -9.461628659110029e-05 -3.431866457161147e-08 0 8.698441274726346e-05 -1.153755081056973e-08 0 0.0001645271263361822 -5.596777354066606e-09 0 6.178773227440385e-09 -1.052345920040526e-08 0 -0.0004027315875514467 -1.447861816290113e-08 0 -0.0001111244148097271 1.420355151982716e-08 0 0.001401135565709526 9.370670889675276e-08 0 0.0003475219262201387 8.806658873330985e-08 0 -7.077682524779527e-05 -1.223556835537598e-08 0 -9.461399739568373e-05 -3.463300002424368e-08 0 8.699152816342251e-05 -1.200173389229869e-08 0 0.0001645316941344208 -6.381686267972752e-09 0 1.959399894076412e-09 -1.23261809431216e-08 0 -0.0004027534027767048 -1.517852409906039e-08 0 -0.0001111278032566686 1.335152477813239e-08 0 0.00140119446567741 9.206925845155201e-08 0 0.0003475246384486065 8.48378103740499e-08 0 -7.077915198818417e-05 -1.322190318689409e-08 0 -9.46121984655105e-05 -3.479479750330416e-08 0 8.699833629285078e-05 -1.232620378769505e-08 0 0.0001645376008039215 -6.846866656105843e-09 0 -3.141073267802258e-09 -1.351085623067794e-08 0 -0.0004027703840983905 -1.741747502909813e-08 0 -0.0001111287541940443 1.142377843363351e-08 0 0.00140124977207603 8.992637186289176e-08 0 0.000347527254055879 8.192168310730551e-08 0 -7.078157410932324e-05 -1.422428884574611e-08 0 -9.461114248546404e-05 -3.493144986113638e-08 0 8.700421588166313e-05 -1.263753986961019e-08 0 0.0001645430796276895 -7.240459115077923e-09 0 -6.722331788440213e-09 -1.432142756382232e-08 0 -0.0004027880494914433 -1.953029358115615e-08 0 -0.0001111314261118546 9.71944870680613e-09 0 0.001401301985724468 8.731457818225707e-08 0 0.0003475297901473616 7.931400872358828e-08 0 -7.078394890744528e-05 -1.517765244127972e-08 0 -9.461047030549784e-05 -3.523664631518291e-08 0 8.700925853484183e-05 -1.309698409619753e-08 0 0.0001645477333506347 -7.644690771906047e-09 0 -9.233390274583403e-09 -1.486440689806023e-08 0 -0.0004028066003812312 -2.115169465619071e-08 0 -0.0001111360552227599 8.328438701708794e-09 0 0.001401351362750639 8.449045659376236e-08 0 0.0003475321586320044 7.693553285767484e-08 0 -7.078607832130927e-05 -1.598363263185381e-08 0 -9.461000577475584e-05 -3.564517353938506e-08 0 8.70137336628756e-05 -1.373833913038275e-08 0 0.0001645517179482865 -8.129316497740289e-09 0 -1.197998770324342e-08 -1.538230204930352e-08 0 -0.0004028239823729938 -2.235837936320761e-08 0 -0.0001111408909096629 6.991140445201936e-09 0 0.001401398355965078 8.167914794000863e-08 0 0.0003475343259099917 7.468806819798528e-08 0 -7.078800382275333e-05 -1.665323377461614e-08 0 -9.460934126502041e-05 -3.597563325886954e-08 0 8.701809925128026e-05 -1.436185917934318e-08 0 0.0001645551939206749 -8.747380594170682e-09 0 -1.506733687643262e-08 -1.589765846656682e-08 0 -0.0004028397672213354 -2.324093754512563e-08 0 -0.0001111455650233371 5.634842026140672e-09 0 0.001401443288454582 7.896886066241504e-08 0 0.0003475364191108058 7.25351923724568e-08 0 -7.078997162156438e-05 -1.730151894668852e-08 0 -9.46085871917062e-05 -3.623352954999769e-08 0 8.70225307631582e-05 -1.490284926540519e-08 0 0.0001645587107002195 -9.310322165133332e-09 0 -1.833736720975147e-08 -1.647456947164588e-08 0 -0.0004028549336844277 -2.40799315695539e-08 0 -0.0001111499448703552 4.093174857215663e-09 0 0.00140148650316756 7.641281947468048e-08 0 0.0003475384556607986 7.04847467397282e-08 0 -7.079192858954787e-05 -1.791858460914452e-08 0 -9.460803543585686e-05 -3.649065810715917e-08 0 8.702664020547415e-05 -1.539609766759708e-08 0 0.0001645623298483604 -9.791168695261197e-09 0 -2.152105512374495e-08 -1.705649059231124e-08 0 -0.000402869479637611 -2.500116946455022e-08 0 -0.0001111541062886572 2.355957143783392e-09 0 0.001401527830415587 7.403341733668717e-08 0 0.0003475404425707893 6.853653400362701e-08 0 -7.079375767289273e-05 -1.851264895026683e-08 0 -9.460764629819726e-05 -3.673384050065231e-08 0 8.703036721178016e-05 -1.588019761349091e-08 0 0.0001645656492142381 -1.022445361275465e-08 0 -2.427067255158625e-08 -1.754617991872598e-08 0 -0.0004028836157174091 -2.594587071840654e-08 0 -0.0001111582156668074 6.147135795178664e-10 0 0.001401567220991861 7.182614281380645e-08 0 0.0003475423571104377 6.668021518274613e-08 0 -7.079544104730134e-05 -1.908598353320134e-08 0 -9.460720391986538e-05 -3.696103664276029e-08 0 8.703391609513922e-05 -1.632830003497898e-08 0 0.0001645686230022283 -1.065169064236315e-08 0 -2.676037982353001e-08 -1.795324154098277e-08 0 -0.0004028970927763675 -2.685525820559503e-08 0 -0.0001111619799252749 -1.045352241400844e-09 0 0.001401604718137493 6.979537451809459e-08 0 0.0003475442189698404 6.491220416304093e-08 0 -7.079705856933433e-05 -1.964944900886833e-08 0 -9.460674345991223e-05 -3.718233381345275e-08 0 8.703740909264157e-05 -1.674304440056617e-08 0 0.0001645715196059993 -1.104366798010403e-08 0 -2.936763314822625e-08 -1.834872498558682e-08 0 -0.0004029097517367769 -2.765976934993031e-08 0 -0.0001111651687106113 -2.582686032051585e-09 0 0.001401640573925646 6.792084872569298e-08 0 0.0003475459959132523 6.3247586918648e-08 0 -7.079859445736567e-05 -2.017901056319826e-08 0 -9.460633428212682e-05 -3.740745008889989e-08 0 8.704072915050735e-05 -1.713293758601186e-08 0 0.000164574412665288 -1.140084275250142e-08 0 -3.197043424787552e-08 -1.87206559247588e-08 0 -0.0004029215443271637 -2.838847384684789e-08 0 -0.0001111679776376745 -3.994853249415785e-09 0 0.001401674824981693 6.618525998786096e-08 0 0.0003475477082543129 6.167580455119363e-08 0 -7.080006945918427e-05 -2.066589435169297e-08 0 -9.460596925886867e-05 -3.761167449278096e-08 0 8.704386904618068e-05 -1.75150438718602e-08 0 0.0001645771950001227 -1.173071401735365e-08 0 -3.435731250368393e-08 -1.905579369645971e-08 0 -0.0004029330653489288 -2.90716996266191e-08 0 -0.0001111709564026158 -5.333376875554795e-09 0 0.001401707566830789 6.455527542300471e-08 0 0.0003475493630982102 6.01786402012333e-08 0 -7.080146602000612e-05 -2.111513925859287e-08 0 -9.460560894252941e-05 -3.777976583570902e-08 0 8.704684299180517e-05 -1.784914799990433e-08 0 0.000164579830459189 -1.205653534560452e-08 0 -3.65277847934287e-08 -1.935842922854564e-08 0 -0.0004029442199552785 -2.970736412248598e-08 0 -0.0001111739665439586 -6.565695212339129e-09 0 0.00140173874822697 6.30260824181425e-08 0 0.0003475509700569222 5.875706234580169e-08 0 -7.080280330038977e-05 -2.155732556352596e-08 0 -9.460527965125114e-05 -3.792384680508659e-08 0 8.704970167119212e-05 -1.81364992512048e-08 0 0.0001645823533785555 -1.233545695884103e-08 0 -3.860720020759215e-08 -1.96635438149198e-08 0 -0.0004029549007459506 -3.028655258096451e-08 0 -0.0001111767811255281 -7.705690549184019e-09 0 0.001401768494373751 6.159184005524732e-08 0 0.00034755250578615 5.742058832320512e-08 0 -7.080406587586102e-05 -2.197461411012485e-08 0 -9.460498308386243e-05 -3.807576174318094e-08 0 8.705240376173302e-05 -1.840558987078328e-08 0 0.000164584794934506 -1.25680774017145e-08 0 -4.057854271002473e-08 -1.994770844858384e-08 0 -0.0004029649833330162 -3.084001796993529e-08 0 -0.0001111794387030594 -8.763314101288555e-09 0 0.001401796815799813 6.023675961676356e-08 0 0.0003475539794062405 5.615993755540143e-08 0 -7.080527722566621e-05 -2.235721604810364e-08 0 -9.460471058317722e-05 -3.821907035121696e-08 0 8.705496888336202e-05 -1.867749476261448e-08 0 0.0001645871291704147 -1.278309461928695e-08 0 -4.24477201096907e-08 -2.018321295944175e-08 0 -0.0004029746522315886 -3.138020445835748e-08 0 -0.000111182072056331 -9.786966495908822e-09 0 0.001401823812446693 5.894108180866386e-08 0 0.0003475553998251064 5.495858822895938e-08 0 -7.080642571622928e-05 -2.270808500178661e-08 0 -9.460443839869394e-05 -3.833718820785841e-08 0 8.705740271998384e-05 -1.891915870841365e-08 0 0.0001645893443943912 -1.300208514031648e-08 0 -4.42051365928631e-08 -2.038010246674382e-08 0 -0.0004029838263164727 -3.189439810088317e-08 0 -0.000111184584687618 -1.074807197583294e-08 0 0.001401849481803302 5.770192320567884e-08 0 0.000347556776292418 5.381602940276314e-08 0 -7.080753138139981e-05 -2.305171610279127e-08 0 -9.460418977982192e-05 -3.843854013731162e-08 0 8.705974277119567e-05 -1.912900706672188e-08 0 0.0001645914657640822 -1.31901199901599e-08 0 -4.589497496279131e-08 -2.058234241115314e-08 0 -0.0004029926271204368 -3.235044915891188e-08 0 -0.0001111869678295414 -1.163886822596466e-08 0 0.0014018739472864 5.651987705201227e-08 0 0.0003475580953569874 5.273883729641631e-08 0 -7.080857978227287e-05 -2.337455184877462e-08 0 -9.460397237162978e-05 -3.854576298770173e-08 0 8.706194576351202e-05 -1.932688718005865e-08 0 0.0001645935136012702 -1.334660554297429e-08 0 -4.749763664324118e-08 -2.077322847158363e-08 0 -0.000403000993852539 -3.277138228233861e-08 0 -0.0001111892677368893 -1.246877041720384e-08 0 0.001401897217043958 5.539335849909232e-08 0 0.0003475593593671166 5.171848305174364e-08 0 -7.080958267740439e-05 -2.367060984807129e-08 0 -9.460377739897717e-05 -3.864641318247763e-08 0 8.706402844530987e-05 -1.952796079094515e-08 0 0.0001645954553505246 -1.349094903933118e-08 0 -4.901375220272678e-08 -2.0930818232269e-08 0 -0.0004030090322906452 -3.318089070343532e-08 0 -0.00011119156150401 -1.328076589673932e-08 0 0.001401919371808828 5.431423709921501e-08 0 0.000347560578267677 5.074054647887654e-08 0 -7.081053158802114e-05 -2.394335749458798e-08 0 -9.460357693033548e-05 -3.872868654421213e-08 0 8.706600571071337e-05 -1.970866684262995e-08 0 0.0001645972859533502 -1.363977717057374e-08 0 -5.044490931568449e-08 -2.106121961727158e-08 0 -0.0004030166661966698 -3.357405838413929e-08 0 -0.0001111937617701078 -1.405566118183044e-08 0 0.001401940418579769 5.328179329949084e-08 0 0.0003475617598245814 4.980340787344439e-08 0 -7.081144774200715e-05 -2.421212862927652e-08 0 -9.460339036283098e-05 -3.879938588208925e-08 0 8.706791130822301e-05 -1.986762765849442e-08 0 0.0001645990388944897 -1.376892123840928e-08 0 -5.183424585039179e-08 -2.119501630107323e-08 0 -0.0004030239730823566 -3.392820784996891e-08 0 -0.0001111958369914012 -1.478599859477264e-08 0 0.001401960458144363 5.229592675830979e-08 0 0.0003475628992995506 4.891216230130945e-08 0 -7.081231778606825e-05 -2.446722164716613e-08 0 -9.460322967698788e-05 -3.887511621121497e-08 0 8.70697050891142e-05 -2.001891868334132e-08 0 0.000164600732598677 -1.387752716908164e-08 0 -5.315957215742521e-08 -2.132116713651072e-08 0 -0.0004030309031869891 -3.425975871398922e-08 0 -0.0001111978180977843 -1.547607362747949e-08 0 0.001401979493365322 5.135402762583562e-08 0 0.0003475639976606818 4.806124903871527e-08 0 -7.081314912566611e-05 -2.470354690600751e-08 0 -9.460308744799541e-05 -3.894647181926918e-08 0 8.707139964039475e-05 -2.017316901286453e-08 0 0.0001646023351403319 -1.397935323228794e-08 0 -5.440992863897213e-08 -2.142445434602513e-08 0 -0.0004030375602761434 -3.458011247573638e-08 0 -0.0001111997825901274 -1.614875452544268e-08 0 0.00140199758884009 5.044865401468424e-08 0 0.0003475650610200338 4.724265493995932e-08 0 -7.081393353173399e-05 -2.492270109993172e-08 0 -9.460293952465863e-05 -3.900413901754273e-08 0 8.707300729364485e-05 -2.031204081928001e-08 0 0.0001646038429754248 -1.408607435381126e-08 0 -5.55885919378785e-08 -2.150989839803246e-08 0 -0.0004030438865437469 -3.488453272429414e-08 0 -0.0001112016606177289 -1.678761316504379e-08 0 0.001402014751000453 4.957941757491313e-08 0 0.0003475660912686841 4.64558575045959e-08 0 -7.081468826751133e-05 -2.513806299578314e-08 0 -9.460279899284675e-05 -3.905329857244177e-08 0 8.707455714782734e-05 -2.043433439818942e-08 0 0.0001646052831109426 -1.417852964896715e-08 0 -5.673486441065249e-08 -2.159991689242718e-08 0 -0.0004030499337995021 -3.515786046581065e-08 0 -0.0001112034261623041 -1.738898859279803e-08 0 0.001402031065064785 4.874614658971488e-08 0 0.0003475670826190609 4.570552168420976e-08 0 -7.081540476628484e-05 -2.534169240772654e-08 0 -9.460267450040609e-05 -3.910642069112485e-08 0 8.707601853156706e-05 -2.055193585280557e-08 0 0.0001646066723244056 -1.425572208543779e-08 0 -5.783091454325099e-08 -2.168572532570273e-08 0 -0.0004030556609858904 -3.541379625139617e-08 0 -0.0001112051014398596 -1.795657521980187e-08 0 0.001402046537129577 4.794662534710059e-08 0 0.0003475680343001143 4.49860726604162e-08 0 -7.081609180336831e-05 -2.552995884575609e-08 0 -9.4602562175871e-05 -3.915628576153101e-08 0 8.707740216050418e-05 -2.06733038942905e-08 0 0.0001646079863026339 -1.432958382160954e-08 0 -5.886726459069628e-08 -2.175442724051957e-08 0 -0.0004030611565100407 -3.566151735110573e-08 0 -0.0001112067558390467 -1.850989427704119e-08 0 0.001402061221619025 4.717472979615112e-08 0 0.0003475689573555137 4.428874662929654e-08 0 -7.081674262318649e-05 -2.570554829238458e-08 0 -9.460244635738772e-05 -3.919573317388152e-08 0 8.707871400149418e-05 -2.078493121452501e-08 0 0.0001646092231022307 -1.440956268888849e-08 0 -5.984466865116114e-08 -2.181070772686727e-08 0 -0.0004030663755575613 -3.589720499498628e-08 0 -0.0001112083315447723 -1.903585081577952e-08 0 0.001402075122739169 4.642982707591531e-08 0 0.0003475698548986508 4.361194274899587e-08 0 -7.081737042128125e-05 -2.587977099809124e-08 0 -9.46023383200968e-05 -3.922891258535676e-08 0 8.707997581691716e-05 -2.088538089955322e-08 0 0.0001646104009170868 -1.448169534117027e-08 0 -6.079328913887851e-08 -2.18722637753202e-08 0 -0.0004030713595341955 -3.610859936921396e-08 0 -0.0001112098102939788 -1.953153529014873e-08 0 0.001402088310043698 4.571148331990876e-08 0 0.0003475707271062729 4.295937901244162e-08 0 -7.081796574798238e-05 -2.604699793438275e-08 0 -9.460224427728507e-05 -3.926526293430293e-08 0 8.708116334080542e-05 -2.098276784441577e-08 0 0.0001646115324432443 -1.454452514416254e-08 0 -6.17000454825001e-08 -2.193300029269818e-08 0 -0.000403076075077783 -3.630655863538085e-08 0 -0.0001112112074266834 -1.999981469064799e-08 0 0.001402100787356603 4.501730313435232e-08 0 0.0003475715719203319 4.232778019752636e-08 0 -7.081853458321824e-05 -2.620373254318131e-08 0 -9.460215918292643e-05 -3.929938004448157e-08 0 8.708228701657243e-05 -2.108277202730185e-08 0 0.0001646125987940713 -1.460619979305744e-08 0 -6.255963748424522e-08 -2.198255742626859e-08 0 -0.0004030805930277971 -3.649823034686944e-08 0 -0.0001112125792435276 -2.045624217326264e-08 0 0.001402112603729001 4.43426072639988e-08 0 0.0003475723943498661 4.171305664855268e-08 0 -7.081907215823399e-05 -2.635097445195106e-08 0 -9.460206898597583e-05 -3.932573967076885e-08 0 8.708335269410476e-05 -2.117524836985768e-08 0 0.0001646136000146743 -1.467275952300728e-08 0 -6.337314602255619e-08 -2.202422876018683e-08 0 -0.0004030848784621621 -3.668081593761335e-08 0 -0.0001112138805678051 -2.089062770167793e-08 0 0.001402123764819761 4.368705910310494e-08 0 0.0003475731927886187 4.111473726146202e-08 0 -7.081959061732562e-05 -2.649632523891304e-08 0 -9.460198229167478e-05 -3.934756558597596e-08 0 8.708437967015757e-05 -2.12592965826916e-08 0 0.0001646145511565305 -1.473364623794798e-08 0 -6.416440237466239e-08 -2.207043513485079e-08 0 -0.0004030889676340139 -3.68445908912815e-08 0 -0.0001112151017659442 -2.130101972412646e-08 0 0.001402134330688844 4.305103458186049e-08 0 0.0003475739670191942 4.053573217800004e-08 0 -7.082008367623877e-05 -2.663534636425379e-08 0 -9.460190492064853e-05 -3.937204637316504e-08 0 8.708534794299795e-05 -2.13422831065943e-08 0 0.0001646154640250648 -1.478793175326703e-08 0 -6.492231623480673e-08 -2.211653055920331e-08 0 -0.0004030928348569759 -3.699769112342627e-08 0 -0.0001112162523266257 -2.168943569538784e-08 0 0.001402144307045428 4.243311649710507e-08 0 0.0003475747145350559 3.997253184614274e-08 0 -7.082055677143373e-05 -2.67658400547599e-08 0 -9.460183407057966e-05 -3.939517171855366e-08 0 8.708626508045421e-05 -2.142890565340338e-08 0 0.0001646163230548079 -1.484314935285696e-08 0 -6.564183828091765e-08 -2.215453500428038e-08 0 -0.0004030965358210147 -3.714555881547538e-08 0 -0.0001112173770502524 -2.206838420251017e-08 0 0.001402153734377746 4.18297429628095e-08 0 0.0003475754437941153 3.942033960282337e-08 0 -7.082100545212355e-05 -2.688954995125336e-08 0 -9.460175985286436e-05 -3.94126335751671e-08 0 8.708713432351715e-05 -2.15115733828361e-08 0 0.0001646171279378501 -1.490449364968671e-08 0 -6.632344022247218e-08 -2.21878588540364e-08 0 -0.0004031000416366282 -3.728623837288836e-08 0 -0.00011121843691414 -2.242978085383041e-08 0 0.0014021626165742 4.124034119323133e-08 0 0.0003475761549235727 3.887785191957621e-08 0 -7.082143891055243e-05 -2.701287819643905e-08 0 -9.460168918334204e-05 -3.942700621886729e-08 0 8.708797054468585e-05 -2.158904239494413e-08 0 0.0001646178896797419 -1.496402583615886e-08 0 -6.698641752400205e-08 -2.222651603826092e-08 0 -0.0004031033816871525 -3.741240752006686e-08 0 -0.0001112194256527206 -2.277213939638756e-08 0 0.001402171002912702 4.066490928711364e-08 0 0.000347576850271182 3.834746757809537e-08 0 -7.082185088913215e-05 -2.713276162080724e-08 0 -9.460162624523939e-05 -3.944355562134071e-08 0 8.708875800241682e-05 -2.166626158432022e-08 0 0.0001646186176780632 -1.502026547844232e-08 0 -6.762242355656369e-08 -2.226727864856198e-08 0 -0.0004031065359201176 -3.753082822386539e-08 0 -0.0001112203506463856 -2.309712466164876e-08 0 0.001402178896823928 4.010180489934234e-08 0 0.0003475775271480942 3.782711415281636e-08 0 -7.082224548693797e-05 -2.724708135851128e-08 0 -9.460156802290966e-05 -3.945935308103526e-08 0 8.708950406997178e-05 -2.174621891240513e-08 0 0.0001646192997330833 -1.50783436422483e-08 0 -6.822804099123727e-08 -2.230317603432036e-08 0 -0.0004031095505963103 -3.764557858325357e-08 0 -0.0001112212503236627 -2.341440600694272e-08 0 0.001402186335055681 3.954844431629245e-08 0 0.0003475781897578217 3.731509706610125e-08 0 -7.082261922360458e-05 -2.735639936975176e-08 0 -9.460150610060557e-05 -3.94711101034742e-08 0 8.709021156228998e-05 -2.182338279446e-08 0 0.0001646199368024216 -1.5141409093547e-08 0 -6.880387606877483e-08 -2.233663037171096e-08 0 -0.0004031124038139135 -3.775492460594138e-08 0 -0.0001112220939872982 -2.37175039425816e-08 0 0.00140219332286972 3.90045679999132e-08 0 0.0003475788355510704 3.68108479002413e-08 0 -7.082297991717335e-05 -2.746480330748785e-08 0 -9.460144520696474e-05 -3.948081439466427e-08 0 8.709089326636858e-05 -2.189689681571932e-08 0 0.0001646205376859139 -1.520361800431275e-08 0 -6.936519559435752e-08 -2.237458693928745e-08 0 -0.0004031151199602907 -3.785294013826379e-08 0 -0.0001112228790342493 -2.400540079997709e-08 0 0.001402199902702204 3.847072097776932e-08 0 0.0003475794655195714 3.631632938989881e-08 0 -7.082332381309203e-05 -2.756989143752608e-08 0 -9.46013886267416e-05 -3.949234127914591e-08 0 8.70915370209807e-05 -2.197127493223233e-08 0 0.0001646211106292906 -1.526391985636616e-08 0 -6.990511821138969e-08 -2.241468724777789e-08 0 -0.0004031176831865504 -3.794471169823316e-08 0 -0.0001112236093990353 -2.427934786899955e-08 0 0.00140220607869768 3.79458824674439e-08 0 0.000347580077291288 3.582907461604361e-08 0 -7.082365514492553e-05 -2.767042103692801e-08 0 -9.460133525776222e-05 -3.950360955105175e-08 0 8.709214836894601e-05 -2.204897800364009e-08 0 0.0001646216461170177 -1.532706794208499e-08 0 -7.042068330894826e-08 -2.245159412377073e-08 0 -0.0004031201300545954 -3.803342127350895e-08 0 -0.0001112243159783026 -2.454723061883629e-08 0 0.001402211879792052 3.742797294835343e-08 0 0.0003475806776721233 3.534663161035983e-08 0 -7.082397048298675e-05 -2.776758674730151e-08 0 -9.46012799308872e-05 -3.951208228658575e-08 0 8.709272789110197e-05 -2.212605767527853e-08 0 0.000164622144883015 -1.539581924968336e-08 0 -7.091203167372109e-08 -2.248777420180148e-08 0 -0.0004031224428079211 -3.81178973767049e-08 0 -0.0001112249723708679 -2.480393507080236e-08 0 0.00140221730899159 3.691649424347743e-08 0 0.0003475812660557117 3.486789736453776e-08 0 -7.082427537024108e-05 -2.786496554590262e-08 0 -9.46012262180093e-05 -3.95193464003754e-08 0 8.709328510261154e-05 -2.220143494654353e-08 0 0.0001646226127423496 -1.546597067948741e-08 0 -7.139115148005028e-08 -2.252876338693782e-08 0 -0.0004031246412547554 -3.819369234769887e-08 0 -0.0001112255773723474 -2.504865758909403e-08 0 0.00140222240093248 3.641165917476347e-08 0 0.0003475818443958479 3.439479498348191e-08 0 -7.082456598351411e-05 -2.796084598924442e-08 0 -9.460117604749573e-05 -3.952815076646576e-08 0 8.709381090633848e-05 -2.227794264862692e-08 0 0.0001646230560446021 -1.553612821551809e-08 0 -7.185300703385191e-08 -2.257306563890893e-08 0 -0.0004031267130656761 -3.826503448822738e-08 0 -0.0001112261337160129 -2.528233514469819e-08 0 0.001402227158412196 3.591230722087974e-08 0 0.0003475824098867277 3.392576508175898e-08 0 -7.082484547174528e-05 -2.805381507479942e-08 0 -9.460112778801598e-05 -3.95369677752208e-08 0 8.709431095474741e-05 -2.235690914516308e-08 0 0.0001646234678006376 -1.560925736235341e-08 0 -7.229589881265876e-08 -2.261604678185924e-08 0 -0.0004031286885158893 -3.833424027342713e-08 0 -0.0001112266677140358 -2.551098479425945e-08 0 0.001402231608755855 3.541710467177411e-08 0 0.000347582966475482 3.345977644519243e-08 0 -7.08251117786142e-05 -2.814453005459821e-08 0 -9.460107686089929e-05 -3.954382811390682e-08 0 8.709478611162654e-05 -2.243563034225876e-08 0 0.0001646238497199949 -1.568672469438176e-08 0 -7.271993436238746e-08 -2.26593399989608e-08 0 -0.0004031305542715607 -3.84003180191328e-08 0 -0.0001112271587731528 -2.573053675507253e-08 0 0.00140223575603628 3.492581302205061e-08 0 0.0003475835122484713 3.299608076177962e-08 0 -7.082537016141199e-05 -2.823531123491429e-08 0 -9.460102644403416e-05 -3.955001734185642e-08 0 8.709524431445985e-05 -2.251338375620915e-08 0 0.0001646242064067375 -1.576570924852194e-08 0 -7.313429584848265e-08 -2.270641488895386e-08 0 -0.0004031323265295816 -3.845972624833688e-08 0 -0.0001112276077708044 -2.594053595452589e-08 0 0.001402239629794404 3.443901732888555e-08 0 0.0003475840495330909 3.25360834654495e-08 0 -7.082561760950179e-05 -2.832497566877812e-08 0 -9.460097875310657e-05 -3.955754388114407e-08 0 8.709567773454092e-05 -2.25926922170494e-08 0 0.0001646245430934855 -1.584532254277765e-08 0 -7.353493971378857e-08 -2.275633853056347e-08 0 -0.0004031339954972853 -3.851554819002401e-08 0 -0.0001112280155812842 -2.614175939521374e-08 0 0.001402243232848977 3.39560032877953e-08 0 0.0003475845759240252 3.207832043831265e-08 0 -7.082585640402414e-05 -2.841260939023815e-08 0 -9.46009324936485e-05 -3.956535306239711e-08 0 8.709609035504466e-05 -2.267463879244286e-08 0 0.000164624853754361 -1.592823944181893e-08 0 -7.392047527212788e-08 -2.280586968751719e-08 0 -0.0004031355847856737 -3.856955855131156e-08 0 -0.0001112284032961583 -2.633915453277569e-08 0 0.001402246585808623 3.34756761052532e-08 0 0.0003475850955470191 3.162188812882993e-08 0 -7.082608480957209e-05 -2.849893351690446e-08 0 -9.460088400857837e-05 -3.957190842542035e-08 0 8.70964829941291e-05 -2.2757239579764e-08 0 0.00016462513956245 -1.601563255886757e-08 0 -7.429115764234331e-08 -2.285662477514993e-08 0 -0.000403137083669871 -3.862126453889336e-08 0 -0.0001112287538554239 -2.652965030210813e-08 0 0.001402249691058479 3.299765217405076e-08 0 0.0003475856070122747 3.116594542856842e-08 0 -7.082630700123993e-05 -2.858566862211364e-08 0 -9.460083580045338e-05 -3.957819389409367e-08 0 8.70968621997925e-05 -2.283967370005774e-08 0 0.000164625404441239 -1.610539052121496e-08 0 -7.465441347400794e-08 -2.291124111351156e-08 0 -0.000403138505622732 -3.866807211320294e-08 0 -0.0001112290687424675 -2.671288546873124e-08 0 0.00140225257307821 3.252229816529117e-08 0 0.0003475861127736311 3.07117178476729e-08 0 -7.082652041211918e-05 -2.867207595739357e-08 0 -9.460078966139553e-05 -3.958555907981192e-08 0 8.709722169002175e-05 -2.292367056247469e-08 0 0.0001646256530893029 -1.619643606211307e-08 0 -7.500682451532905e-08 -2.296914247863768e-08 0 -0.0004031398434064248 -3.871248037065622e-08 0 -0.00011122934791611 -2.688922501672963e-08 0 0.001402255234266039 3.204885041900585e-08 0 0.0003475866105547287 3.025817221172927e-08 0 -7.082672678542651e-05 -2.875735172300914e-08 0 -9.460074455916108e-05 -3.959336353741293e-08 0 8.709756475942797e-05 -2.300982890768993e-08 0 0.0001646258805697159 -1.629065379815664e-08 0 -7.534682965395614e-08 -2.30274212441317e-08 0 -0.0004031411163269161 -3.875565105036088e-08 0 -0.0001112296087380886 -2.706225961553177e-08 0 0.001402257694500291 3.157675167349272e-08 0 0.0003475871031611427 2.980517238224122e-08 0 -7.082692471556754e-05 -2.88419150402952e-08 0 -9.460069760398869e-05 -3.960049117530256e-08 0 8.709789193322644e-05 -2.309692847830142e-08 0 0.0001646260878724881 -1.638863881322367e-08 0 -7.567479779271415e-08 -2.308732284950904e-08 0 -0.0004031423157704467 -3.879718289689915e-08 0 -0.0001112298374392508 -2.722958493146104e-08 0 0.001402259956554745 3.110577541116238e-08 0 0.0003475875888379123 2.935204670637126e-08 0 -7.082711756484922e-05 -2.892678207990634e-08 0 -9.460065047943443e-05 -3.960769822709819e-08 0 8.709820849880921e-05 -2.318436030917387e-08 0 0.0001646262779205001 -1.648905547171897e-08 0 -7.599710617408719e-08 -2.315054589956816e-08 0 -0.0004031434523716418 -3.88350702932444e-08 0 -0.0001112300363289229 -2.739113239176582e-08 0 0.001402262040956743 3.063647263830405e-08 0 0.0003475880695048214 2.889979299446066e-08 0 -7.08273035989089e-05 -2.90114859566315e-08 0 -9.460060445134684e-05 -3.96158232381788e-08 0 8.709850984729704e-05 -2.327350526881711e-08 0 0.0001646264545750488 -1.659107663320308e-08 0 -7.631113389458102e-08 -2.321680239725232e-08 0 -0.0004031445208834972 -3.887124283129956e-08 0 -0.0001112302056416221 -2.754731566467772e-08 0 0.001402263949513986 3.016827962876861e-08 0 0.0003475885433292316 2.84473781458211e-08 0 -7.082748445099568e-05 -2.909551131621834e-08 0 -9.46005590614883e-05 -3.962449877849966e-08 0 8.709879865487559e-05 -2.336473432350966e-08 0 0.0001646266142852591 -1.669623292746558e-08 0 -7.661556372661862e-08 -2.328387602949094e-08 0 -0.0004031455368050246 -3.890656741830506e-08 0 -0.0001112303601131862 -2.770113202276575e-08 0 0.00140226569715091 2.970067639398999e-08 0 0.0003475890132558362 2.799469706396551e-08 0 -7.082765879328282e-05 -2.91793376848079e-08 0 -9.46005124843642e-05 -3.963289354341758e-08 0 8.709907481356526e-05 -2.345729281129361e-08 0 0.0001646267580599041 -1.680491919231475e-08 0 -7.691045489712891e-08 -2.335285461622233e-08 0 -0.0004031464934713472 -3.894078041098703e-08 0 -0.0001112304881539135 -2.785067675960262e-08 0 0.001402267285131539 2.92332837286205e-08 0 0.0003475894781589036 2.75410188795358e-08 0 -7.082782902913254e-05 -2.92636915602551e-08 0 -9.460046588420297e-05 -3.964162882761495e-08 0 8.709934227927803e-05 -2.355058083009648e-08 0 0.0001646268877024577 -1.691626790815276e-08 0 -7.720044186212529e-08 -2.342489520152507e-08 0 -0.0004031473993423539 -3.897231326717432e-08 0 -0.0001112305915888269 -2.799582097482572e-08 0 0.001402268730214502 2.876646010459283e-08 0 0.0003475899396690046 2.708733717968897e-08 0 -7.082799369465334e-05 -2.934826526333062e-08 0 -9.460041997056202e-05 -3.965119336601235e-08 0 8.709959771078384e-05 -2.364553756441234e-08 0 0.0001646270061226029 -1.702944937408829e-08 0 -7.748375499896489e-08 -2.349990587627998e-08 0 -0.0004031482501034717 -3.900272630471407e-08 0 -0.0001112306697557963 -2.813687259139302e-08 0 0.00140227003330045 2.829955798085843e-08 0 0.0003475903960502811 2.663282688050022e-08 0 -7.082815412847929e-05 -2.943253544617635e-08 0 -9.460037428181063e-05 -3.966136795721664e-08 0 8.709984349547852e-05 -2.374229038717979e-08 0 0.0001646271107474811 -1.714551290093319e-08 0 -7.775984661034354e-08 -2.357604680577885e-08 0 -0.0004031490582100047 -3.903256441065844e-08 0 -0.0001112307343589247 -2.827605942706118e-08 0 0.001402271208142843 2.783235020231701e-08 0 0.0003475908494274398 2.617757691777272e-08 0 -7.082830951095354e-05 -2.951690514056693e-08 0 -9.460032742905979e-05 -3.967148283923887e-08 0 8.710007950821218e-05 -2.384042929390318e-08 0 0.0001646272026688579 -1.726457243486634e-08 0 -7.802875927678368e-08 -2.365416693680261e-08 0 -0.0004031498188493618 -3.906167626594598e-08 0 -0.000111230776734788 -2.841193075513864e-08 0 0.001402272256207159 2.736458892989291e-08 0 0.0003475912986513653 2.572089345936196e-08 0 -7.082846193757347e-05 -2.960181467483169e-08 0 -9.460028046017961e-05 -3.968204541869579e-08 0 8.710030887540408e-05 -2.393946353738269e-08 0 0.0001646272831895973 -1.738617182514557e-08 0 -7.829393044999746e-08 -2.373488917125493e-08 0 -0.0004031505390182481 -3.908888937358135e-08 0 -0.0001112307995074259 -2.854446064237681e-08 0 0.001402273191595495 2.689679783150073e-08 0 0.0003475917454794016 2.526352241381119e-08 0 -7.082861019839029e-05 -2.968719615276116e-08 0 -9.460023409555914e-05 -3.969333033700811e-08 0 8.710052890945756e-05 -2.404012832291774e-08 0 0.000164627354681035 -1.750965678264799e-08 0 -7.855390718805146e-08 -2.381827533121106e-08 0 -0.0004031512153962989 -3.911537794706876e-08 0 -0.0001112308017542155 -2.867386092453294e-08 0 0.001402274015317638 2.642859123214159e-08 0 0.0003475921886423628 2.480475347257232e-08 0 -7.082875521895876e-05 -2.97726785334837e-08 0 -9.460018800381413e-05 -3.970529973383596e-08 0 8.710074140818451e-05 -2.414243119742282e-08 0 0.0001646274151136211 -1.763586657006072e-08 0 -7.880817185986879e-08 -2.390296490514115e-08 0 -0.0004031518574666784 -3.914148830573561e-08 0 -0.0001112307927787631 -2.880190681526367e-08 0 0.001402274738145266 2.59598594270355e-08 0 0.0003475926297948142 2.434502567334046e-08 0 -7.082889616033192e-05 -2.985853331423372e-08 0 -9.460014105381816e-05 -3.971745479031118e-08 0 8.710094630652933e-05 -2.424616748087499e-08 0 0.0001646274653731329 -1.776478426515626e-08 0 -7.905684143785343e-08 -2.39896748915544e-08 0 -0.0004031524613269388 -3.916720963097892e-08 0 -0.0001112307652362532 -2.892752954276184e-08 0 0.001402275360774991 2.549029994285829e-08 0 0.0003475930679857699 2.388376392058883e-08 0 -7.082903456062661e-05 -2.994490135108802e-08 0 -9.46000938372507e-05 -3.973020194694004e-08 0 8.710114612384133e-05 -2.435089208746577e-08 0 0.000164627506516201 -1.78961271201511e-08 0 -7.930261303190191e-08 -2.407875583296248e-08 0 -0.0004031530326722051 -3.919163225722666e-08 0 -0.0001112307213190465 -2.9050714314173e-08 0 0.001402275894832168 2.502027838559296e-08 0 0.0003475935041750838 2.342180327810639e-08 0 -7.082916963850605e-05 -3.00316964950767e-08 0 -9.460004676803065e-05 -3.974361091358541e-08 0 8.710133886326645e-05 -2.445716793149366e-08 0 0.0001646275404996629 -1.802927020698453e-08 0 -7.954442790211293e-08 -2.417031959474347e-08 0 -0.0004031535691029729 -3.921572180876076e-08 0 -0.0001112306601572036 -2.917163628626123e-08 0 0.001402276340656056 2.454933368655627e-08 0 0.0003475939370407785 2.295842812909121e-08 0 -7.082930225996154e-05 -3.011858952604168e-08 0 -9.459999964978037e-05 -3.975769499644371e-08 0 8.710152599040662e-05 -2.456495807115489e-08 0 0.0001646275657234651 -1.816485189869155e-08 0 -7.978184691711634e-08 -2.426320996982284e-08 0 -0.0004031540784072557 -3.923962551156263e-08 0 -0.0001112305893947452 -2.929155812955025e-08 0 0.00140227670755411 2.407745572190201e-08 0 0.0003475943682341373 2.249370810187417e-08 0 -7.082943207911002e-05 -3.020601340667645e-08 0 -9.459995177779622e-05 -3.977204899967279e-08 0 8.710170735704013e-05 -2.467428500928237e-08 0 0.0001646275829717027 -1.830283201907645e-08 0 -8.00149238255843e-08 -2.43580362303819e-08 0 -0.0004031545576505084 -3.9263377456418e-08 0 -0.000111230503412791 -2.940966448844451e-08 0 0.001402276996145743 2.360441445255213e-08 0 0.0003475947972301288 2.202690661465278e-08 0 -7.082956047906735e-05 -3.029412395764985e-08 0 -9.459990398786448e-05 -3.978700516618638e-08 0 8.710188478276008e-05 -2.478474464290975e-08 0 0.0001646275929751695 -1.844323713369456e-08 0 -8.02457918065669e-08 -2.445491751896372e-08 0 -0.0004031550111866025 -3.928630853185927e-08 0 -0.000111230404448534 -2.952598569284925e-08 0 0.0014022772159668 2.313063806897581e-08 0 0.0003475952257738154 2.155858406464178e-08 0 -7.082968640995807e-05 -3.038311177910175e-08 0 -9.459985681399551e-05 -3.980251111514176e-08 0 8.710205657363328e-05 -2.489657675332213e-08 0 0.0001646275972521302 -1.858554084157443e-08 0 -8.047354862691482e-08 -2.455409696486971e-08 0 -0.0004031554371960906 -3.930916150137603e-08 0 -0.0001112302915532992 -2.964060384982869e-08 0 0.00140227736739677 2.265579909441207e-08 0 0.0003475956530774662 2.108832494046586e-08 0 -7.082981017504653e-05 -3.047269430886401e-08 0 -9.45998098978648e-05 -3.981872999728186e-08 0 8.71022238250682e-05 -2.500958061393138e-08 0 0.0001646275945328401 -1.873005558723079e-08 0 -8.069771951362938e-08 -2.465475797217703e-08 0 -0.0004031558417158555 -3.933196018966051e-08 0 -0.0001112301708886404 -2.975448824393128e-08 0 0.001402277458149876 2.217995843500215e-08 0 0.0003475960794561555 2.061709060679345e-08 0 -7.082993124636616e-05 -3.056289988711408e-08 0 -9.459976233193444e-05 -3.983539592199852e-08 0 8.710238663563878e-05 -2.51238443348123e-08 0 0.0001646275853935328 -1.887650465104418e-08 0 -8.09185375510957e-08 -2.475731218382765e-08 0 -0.000403156222294844 -3.935485292164143e-08 0 -0.0001112300379188559 -2.98671017631355e-08 0 0.001402277488323431 2.170285294880726e-08 0 0.0003475965039062209 2.014445737909959e-08 0 -7.083005064396908e-05 -3.06534571874878e-08 0 -9.459971425969381e-05 -3.985278058688673e-08 0 8.71025467359121e-05 -2.523909671623553e-08 0 0.0001646275704729472 -1.902488795668678e-08 0 -8.113777974493976e-08 -2.486162355673504e-08 0 -0.0004031565825783623 -3.93772735928638e-08 0 -0.0001112298945291287 -2.99784973676817e-08 0 0.001402277465761312 2.122482939230508e-08 0 0.0003475969266489437 1.967109491442242e-08 0 -7.08301682591575e-05 -3.07443965312168e-08 0 -9.459966585732836e-05 -3.987072284654391e-08 0 8.710270314277178e-05 -2.535576946061796e-08 0 0.0001646275511870687 -1.917479673305134e-08 0 -8.135486818244388e-08 -2.496783678852115e-08 0 -0.0004031569213437253 -3.939981855181907e-08 0 -0.0001112297399396903 -3.008880849423439e-08 0 0.001402277390380846 2.074554880226315e-08 0 0.0003475973469496684 1.919625810913039e-08 0 -7.083028484938803e-05 -3.083557724610497e-08 0 -9.459961739528842e-05 -3.988935607431714e-08 0 8.710285663945937e-05 -2.547379472899597e-08 0 0.000164627526768997 -1.932673237593774e-08 0 -8.156945567605158e-08 -2.5075246836391e-08 0 -0.0004031572434407271 -3.942238519741986e-08 0 -0.0001112295790197948 -3.01987387379618e-08 0 0.001402277268420245 2.026508910506209e-08 0 0.0003475977663836352 1.871997700256256e-08 0 -7.083039998916074e-05 -3.092745701378796e-08 0 -9.459956885059238e-05 -3.990841226843982e-08 0 8.710300667411768e-05 -2.559333584298273e-08 0 0.0001646274977123996 -1.948066316072306e-08 0 -8.178139954822641e-08 -2.518435472404628e-08 0 -0.0004031575471052096 -3.944509796398321e-08 0 -0.000111229408083717 -3.030782018496186e-08 0 0.001402277099849809 1.978320800146566e-08 0 0.000347598185042007 1.824148769015432e-08 0 -7.083051423587006e-05 -3.102009252329424e-08 0 -9.459952059680253e-05 -3.992816362263784e-08 0 8.710315405571766e-05 -2.571403444687204e-08 0 0.0001646274640050085 -1.963675099955764e-08 0 -8.199173054390221e-08 -2.529515389596698e-08 0 -0.0004031578349735429 -3.946757012873725e-08 0 -0.0001112292288458633 -3.04160465347189e-08 0 0.001402276890893249 1.930021939489102e-08 0 0.0003475986040098674 1.776134519668182e-08 0 -7.083062690903252e-05 -3.11137172926898e-08 0 -9.459947265098161e-05 -3.994842304698431e-08 0 8.710329810821675e-05 -2.583592988505967e-08 0 0.0001646274263724032 -1.979452967856843e-08 0 -8.220018204995851e-08 -2.54079039301025e-08 0 -0.0004031581057584721 -3.949037208697548e-08 0 -0.0001112290405008848 -3.052354289982683e-08 0 0.001402276641285949 1.8815845902187e-08 0 0.0003475990228857389 1.727919647469267e-08 0 -7.083073828258873e-05 -3.120804892113582e-08 0 -9.459942481135351e-05 -3.99693893538e-08 0 8.710343975078248e-05 -2.595875310540396e-08 0 0.0001646273843380549 -1.995408064562471e-08 0 -8.240683066484513e-08 -2.552202030357137e-08 0 -0.0004031583632405564 -3.951336288807866e-08 0 -0.00011122884697045 -3.063083185792653e-08 0 0.001402276356217792 1.833022975072929e-08 0 0.000347599441509902 1.679604595596767e-08 0 -7.083084804734852e-05 -3.130308623682659e-08 0 -9.459937659231364e-05 -3.99908566773785e-08 0 8.710357897102893e-05 -2.60826921475929e-08 0 0.000164627338556926 -2.011506072558539e-08 0 -8.261181182883217e-08 -2.563772938651148e-08 0 -0.0004031586062687789 -3.953670478593768e-08 0 -0.0001112286456988604 -3.0737655340278e-08 0 0.001402276035685011 1.784318937048113e-08 0 0.0003475998591729451 1.631151232660277e-08 0 -7.083095680369966e-05 -3.139847343323204e-08 0 -9.459932801426234e-05 -4.00130360138709e-08 0 8.710371679016697e-05 -2.620754639172385e-08 0 0.0001646272893240652 -2.027762048724402e-08 0 -8.281586677538313e-08 -2.575473475197737e-08 0 -0.0004031588373415509 -3.955997966535729e-08 0 -0.0001112284382965706 -3.084402466334984e-08 0 0.001402275685067941 1.735505390527276e-08 0 0.000347600275750079 1.582620927451789e-08 0 -7.083106463966898e-05 -3.149429654569769e-08 0 -9.459927910987485e-05 -4.003570349807999e-08 0 8.710385273145992e-05 -2.633361451207655e-08 0 0.0001646272374966617 -2.044147726087964e-08 0 -8.301865558890233e-08 -2.587321557435268e-08 0 -0.0004031590556263162 -3.958358068406609e-08 0 -0.0001112282238408743 -3.095000882663567e-08 0 0.001402275304221309 1.686561024345779e-08 0 0.0003476006907762174 1.533943455155756e-08 0 -7.083117207430656e-05 -3.159044777937409e-08 0 -9.459923019363574e-05 -4.005904236364238e-08 0 8.710398719238148e-05 -2.646081708433667e-08 0 0.0001646271826521786 -2.060696958298275e-08 0 -8.321994720422279e-08 -2.599279286513017e-08 0 -0.0004031592639544834 -3.960729643651822e-08 0 -0.0001112280051298944 -3.105593173510084e-08 0 0.001402274897183114 1.63749873200933e-08 0 0.000347601105516293 1.485118606824737e-08 0 -7.083127887680396e-05 -3.168739248163993e-08 0 -9.45991813676647e-05 -4.008285185014281e-08 0 8.71041197378075e-05 -2.65893905669265e-08 0 0.0001646271250858797 -2.077404667039096e-08 0 -8.341969600505596e-08 -2.611383806069844e-08 0 -0.0004031594610984165 -3.963137472969697e-08 0 -0.0001112277798386713 -3.116160572809445e-08 0 0.001402274463610666 1.588297715657967e-08 0 0.0003476015203804153 1.436074889994004e-08 0 -7.083138538583472e-05 -3.178513617151796e-08 0 -9.459913298733023e-05 -4.010735310099738e-08 0 8.710425072217669e-05 -2.671904771739397e-08 0 0.0001646270647076703 -2.094296969613191e-08 0 -8.361852360527335e-08 -2.623622459563268e-08 0 -0.0004031596487151998 -3.965557898374938e-08 0 -0.0001112275492672066 -3.126703204507641e-08 0 0.001402274007571355 1.538982077019247e-08 0 0.0003476019362419202 1.386866033299683e-08 0 -7.083149096973745e-05 -3.188392838551074e-08 0 -9.459908506520563e-05 -4.013231151827473e-08 0 8.710437972003769e-05 -2.684968604133725e-08 0 0.0001646270019245166 -2.111337311060113e-08 0 -8.381629234415879e-08 -2.63602206824684e-08 0 -0.0004031598261138025 -3.968033110424152e-08 0 -0.0001112273129237479 -3.137228147490761e-08 0 0.001402273528781202 1.489531395535565e-08 0 0.0003476023527823751 1.337465668858201e-08 0 -7.083159558411711e-05 -3.19834741495037e-08 0 -9.459903727209588e-05 -4.015793195633748e-08 0 8.710450735049251e-05 -2.69810170898041e-08 0 0.0001646269364677793 -2.1285161663602e-08 0 -8.401296249654468e-08 -2.648547368488268e-08 0 -0.0004031599957970977 -3.970536702636168e-08 0 -0.0001112270734425491 -3.147755599924861e-08 0 0.001402273030888274 1.439963000313821e-08 0 0.0003476027694250677 1.287967501314296e-08 0 -7.083169924618909e-05 -3.208377311655214e-08 0 -9.45989890470955e-05 -4.0184051852514e-08 0 8.710463388788418e-05 -2.711324883792471e-08 0 0.0001646268688190108 -2.14579556952893e-08 0 -8.420868085473156e-08 -2.661206946041189e-08 0 -0.0004031601569715326 -3.973091863580108e-08 0 -0.0001112268293660054 -3.158279139083008e-08 0 0.001402272513743363 1.390262255058367e-08 0 0.0003476031855890251 1.238333767299149e-08 0 -7.083180253535798e-05 -3.21844209885333e-08 0 -9.459894058173877e-05 -4.021085356180342e-08 0 8.71047600300434e-05 -2.724626387354268e-08 0 0.0001646267992765834 -2.163195612567281e-08 0 -8.44038969480221e-08 -2.673960553672971e-08 0 -0.0004031603111868121 -3.975666480748874e-08 0 -0.0001112265818091346 -3.168800808122512e-08 0 0.001402271980815398 1.340454723174761e-08 0 0.0003476036013486047 1.188608697664378e-08 0 -7.08319055154269e-05 -3.228559694069821e-08 0 -9.459889207787812e-05 -4.023809169542702e-08 0 8.71048853312295e-05 -2.73802896371203e-08 0 0.0001646267284231145 -2.180700591023627e-08 0 -8.459841781965462e-08 -2.686824630143691e-08 0 -0.0004031604579113612 -3.97828819028237e-08 0 -0.0001112263300254782 -3.179328535510283e-08 0 0.001402271431708436 1.290522514720006e-08 0 0.0003476040165716412 1.138735003687607e-08 0 -7.083200840446446e-05 -3.238724325792947e-08 0 -9.459884380140503e-05 -4.026597787403635e-08 0 8.710500978036105e-05 -2.751527817482918e-08 0 0.0001646266558632814 -2.198338227080154e-08 0 -8.479200312022208e-08 -2.699783260753235e-08 0 -0.0004031605989230427 -3.980927514544985e-08 0 -0.0001112260756416586 -3.189873807110665e-08 0 0.001402270868879493 1.240476723597673e-08 0 0.0003476044319264612 1.088741940005744e-08 0 -7.08321109056595e-05 -3.24896692691784e-08 0 -9.45987957568367e-05 -4.029435339298475e-08 0 8.710513313308492e-05 -2.765140467639315e-08 0 0.0001646265816100875 -2.216106170880444e-08 0 -8.498469983991399e-08 -2.712867794990581e-08 0 -0.0004031607333242967 -3.983615743871627e-08 0 -0.000111225817344629 -3.200433551335535e-08 0 0.001402270291864398 1.190299258116423e-08 0 0.0003476048477163637 1.038571786123737e-08 0 -7.083221310319465e-05 -3.259273817935587e-08 0 -9.459874798927596e-05 -4.032340565011255e-08 0 8.710525563669634e-05 -2.778843643559681e-08 0 0.0001646265056396423 -2.234020959803601e-08 0 -8.517692742098906e-08 -2.726067426829515e-08 0 -0.0004031608622465169 -3.986335343156983e-08 0 -0.0001112255561082146 -3.21100489357462e-08 0 0.001402269703350251 1.140009986324437e-08 0 0.0003476052641056964 9.882780359696251e-09 0 -7.083231480371072e-05 -3.269665581513703e-08 0 -9.459870032158672e-05 -4.035288906408668e-08 0 8.710537725721555e-05 -2.792634476705275e-08 0 0.0001646264282983561 -2.2520505517723e-08 0 -8.53686110552321e-08 -2.73939957913874e-08 0 -0.0004031609852297169 -3.989123879399176e-08 0 -0.0001112252916093265 -3.221593342962736e-08 0 0.001402269103131355 1.089595451798237e-08 0 0.0003476056809813277 9.378235579608761e-09 0 -7.083241615647023e-05 -3.280119480284643e-08 0 -9.459865278416134e-05 -4.038301189539933e-08 0 8.710549840426628e-05 -2.806491886196e-08 0 0.0001646263495792069 -2.270193379290408e-08 0 -8.555964085831926e-08 -2.752830948350021e-08 0 -0.0004031611039379893 -3.991948052672889e-08 0 -0.0001112250254377486 -3.23220228698115e-08 0 0.001402268493690843 1.039073025191351e-08 0 0.0003476060981112208 8.872745315378903e-09 0 -7.083251710347099e-05 -3.290646574498346e-08 0 -9.459860524139994e-05 -4.041362572631407e-08 0 8.710561900845264e-05 -2.820437275483784e-08 0 0.000164626269819737 -2.288422997018952e-08 0 -8.575004518257103e-08 -2.766369613764474e-08 0 -0.0004031612177971891 -3.994828129839229e-08 0 -0.0001112247565143026 -3.242831021158659e-08 0 0.001402267874816163 9.884306031646144e-09 0 0.0003476065153859633 8.365855783294683e-09 0 -7.083261786566819e-05 -3.301217500837478e-08 0 -9.459855779848923e-05 -4.044490474388456e-08 0 8.710573929469888e-05 -2.834459641564563e-08 0 0.0001646261889779038 -2.306761693899456e-08 0 -8.593999746564054e-08 -2.779987474769985e-08 0 -0.0004031613277344082 -3.997734907695838e-08 0 -0.0001112244854739944 -3.253477929079928e-08 0 0.00140226724868163 9.376861959640997e-09 0 0.0003476069327891309 7.858012331107831e-09 0 -7.083271846210215e-05 -3.31185136970974e-08 0 -9.45985104071692e-05 -4.047660020697896e-08 0 8.710585917662965e-05 -2.848567926937856e-08 0 0.0001646261072406549 -2.325195794499607e-08 0 -8.612952764885497e-08 -2.79370084947661e-08 0 -0.000403161433262661 -4.000697652415536e-08 0 -0.000111224212003512 -3.264158599664001e-08 0 0.001402266614698229 8.868226807415285e-09 0 0.0003476073503310625 7.348734035357573e-09 0 -7.083281904264604e-05 -3.322536911831014e-08 0 -9.459846326112518e-05 -4.050890925651195e-08 0 8.710597871693092e-05 -2.862753102194499e-08 0 0.0001646260245206712 -2.343737266329721e-08 0 -8.631863595425895e-08 -2.807500887411912e-08 0 -0.000403161535648025 -4.003686331251199e-08 0 -0.0001112239372174709 -3.274874849773512e-08 0 0.001402265974127875 8.358462864552224e-09 0 0.0003476077682158309 6.838454521401748e-09 0 -7.083291940221392e-05 -3.333297193385681e-08 0 -9.459841634282261e-05 -4.054167697213617e-08 0 8.710609773719678e-05 -2.877030194636809e-08 0 0.0001646259409268935 -2.362376789501186e-08 0 -8.650734992232236e-08 -2.821406606609566e-08 0 -0.0004031616343472405 -4.006732498909593e-08 0 -0.0001112236605181754 -3.285631233404528e-08 0 0.001402265326592531 7.847434724608809e-09 0 0.0003476081866778113 6.326686838482864e-09 0 -7.083301958630411e-05 -3.344113578326174e-08 0 -9.459836967265488e-05 -4.057509098154277e-08 0 8.710621636020403e-05 -2.891382772356871e-08 0 0.0001646258563756247 -2.381129837313728e-08 0 -8.669574540209448e-08 -2.835400666079818e-08 0 -0.0004031617302025295 -4.009815614269829e-08 0 -0.0001112233825467934 -3.296419516865545e-08 0 0.001402264673797497 7.335315663908885e-09 0 0.0003476086055861776 5.813949487641633e-09 0 -7.08331195589107e-05 -3.355002719130501e-08 0 -9.459832308363751e-05 -4.060893797185743e-08 0 8.710633463637761e-05 -2.905815082564905e-08 0 0.0001646257710540347 -2.399974324829302e-08 0 -8.688381563509264e-08 -2.849496442015181e-08 0 -0.0004031618227231734 -4.012966292946119e-08 0 -0.0001112231028563282 -3.307244131941361e-08 0 0.0014022640157983 6.822061244041171e-09 0 0.0003476090249064298 5.299807368137898e-09 0 -7.083321944532928e-05 -3.365943974844438e-08 0 -9.459827666002256e-05 -4.06433955700905e-08 0 8.710645279103034e-05 -2.920313068623115e-08 0 0.0001646256850214023 -2.418914835447539e-08 0 -8.707152851505475e-08 -2.863674223793633e-08 0 -0.0004031619129611363 -4.01614896772956e-08 0 -0.0001112228222047221 -3.318099071371316e-08 0 0.001402263354113552 6.307824682721957e-09 0 0.0003476094446083141 4.784691195330869e-09 0 -7.083331925066688e-05 -3.376957566619126e-08 0 -9.459823032321317e-05 -4.067829421396107e-08 0 8.710657079154942e-05 -2.934892244163545e-08 0 0.0001646255985034289 -2.437933884196636e-08 0 -8.725888812898932e-08 -2.877942455355164e-08 0 -0.0004031620004183376 -4.019389971288839e-08 0 -0.0001112225399543323 -3.328991660372232e-08 0 0.001402262688596757 5.79251178620122e-09 0 0.0003476098648666006 4.268114303825065e-09 0 -7.083341911827412e-05 -3.388023067651957e-08 0 -9.459818429088938e-05 -4.071381262422263e-08 0 8.710668868452258e-05 -2.949540968584519e-08 0 0.0001646255114626863 -2.457050228034385e-08 0 -8.744590152681255e-08 -2.892281089367926e-08 0 -0.0004031620857819565 -4.022663645502494e-08 0 -0.0001112222565428783 -3.33991779354753e-08 0 0.001402262020411556 5.276216602512212e-09 0 0.0003476102858073759 3.750503182325947e-09 0 -7.083351892151618e-05 -3.399161183081922e-08 0 -9.459813855496739e-05 -4.074973410615745e-08 0 8.710680633249034e-05 -2.964261710657751e-08 0 0.0001646254239497519 -2.476250249728446e-08 0 -8.763262850791211e-08 -2.906704578680558e-08 0 -0.0004031621685839301 -4.026000028321819e-08 0 -0.0001112219718327478 -3.350892950094996e-08 0 0.00140226134906335 4.758799970402965e-09 0 0.0003476107074743342 3.231479248251567e-09 0 -7.083361862715576e-05 -3.410355617697314e-08 0 -9.45980931430848e-05 -4.078624338699904e-08 0 8.710692373181671e-05 -2.979045716881845e-08 0 0.0001646253358106517 -2.495538871383207e-08 0 -8.781905167648098e-08 -2.921206789571057e-08 0 -0.0004031622497983542 -4.029365726146428e-08 0 -0.0001112216865231525 -3.361908912109107e-08 0 0.001402260675142181 4.240308685773969e-09 0 0.0003476111296455211 2.71159761571632e-09 0 -7.083371816420797e-05 -3.421621681647113e-08 0 -9.459804784172492e-05 -4.082318395565859e-08 0 8.710704096886317e-05 -2.993904441809386e-08 0 0.0001646252470861586 -2.514904727350664e-08 0 -8.80053054180774e-08 -2.935799997549892e-08 0 -0.0004031623289282096 -4.032793715288974e-08 0 -0.000111221400407098 -3.372976457513554e-08 0 0.001402259998532981 3.720669900647572e-09 0 0.0003476115524030862 2.190448149252954e-09 0 -7.083381766635061e-05 -3.432935090537381e-08 0 -9.459800271487127e-05 -4.086072781690764e-08 0 8.71071582123628e-05 -3.008826458122948e-08 0 0.0001646251578938593 -2.534360418315201e-08 0 -8.819150881105966e-08 -2.950466089241682e-08 0 -0.0004031624066523423 -4.036261262545249e-08 0 -0.0001112211139032149 -3.384086965426552e-08 0 0.001402259320280111 3.200036192627104e-09 0 0.0003476119755270456 1.668492000811427e-09 0 -7.083391718868542e-05 -3.444312632674973e-08 0 -9.459795770809519e-05 -4.089867925664153e-08 0 8.710727545505752e-05 -3.023820365974372e-08 0 0.0001646250684627509 -2.553890124552816e-08 0 -8.837757115020663e-08 -2.965214530078336e-08 0 -0.0004031624825936858 -4.039796454736316e-08 0 -0.0001112208266982606 -3.395243488787946e-08 0 0.001402258640697158 2.678416701970559e-09 0 0.0003476123990604207 1.145281113001939e-09 0 -7.083401680393203e-05 -3.45573824998488e-08 0 -9.459791298614682e-05 -4.093721787685328e-08 0 8.710739271583499e-05 -3.038877601727746e-08 0 0.0001646249787913348 -2.573503558953721e-08 0 -8.856325967726122e-08 -2.980031997643767e-08 0 -0.0004031625575627723 -4.043361720527244e-08 0 -0.0001112205391836929 -3.406434064164021e-08 0 0.00140225796061514 2.15592025915729e-09 0 0.0003476128230475092 6.211841943604133e-10 0 -7.083411644155657e-05 -3.467233989327967e-08 0 -9.459786849191214e-05 -4.097618319220259e-08 0 8.710750994227189e-05 -3.054009767213677e-08 0 0.000164624888924797 -2.593189705243221e-08 0 -8.874858233031804e-08 -2.9949282998043e-08 0 -0.0004031626309296266 -4.04698641837814e-08 0 -0.0001112202508070023 -3.417668590407346e-08 0 0.001402257279968094 1.632464333850564e-09 0 0.0003476132477877244 9.571487179227374e-11 0 -7.0834216130293e-05 -3.478781831177391e-08 0 -9.459782437819252e-05 -4.101575853520528e-08 0 8.710762708939028e-05 -3.069206145657476e-08 0 0.0001646247987891966 -2.612962322380563e-08 0 -8.89335944193004e-08 -3.009891038924933e-08 0 -0.0004031627031191726 -4.050645890929516e-08 0 -0.0001112199617004997 -3.428940854345585e-08 0 0.001402256599257856 1.108080059999966e-09 0 0.0003476136732781034 -4.306972539031009e-10 0 -7.083431578256555e-05 -3.490400656003256e-08 0 -9.45977805458381e-05 -4.105573961268177e-08 0 8.710774413329957e-05 -3.084468624525021e-08 0 0.0001646247083521707 -2.632807812128629e-08 0 -8.911843233510688e-08 -3.024930774093992e-08 0 -0.0004031627736669069 -4.054373664401367e-08 0 -0.0001112196720402248 -3.44027159399074e-08 0 0.001402255918126039 5.826474485173869e-10 0 0.0003476140996241938 -9.584100084739089e-10 0 -7.083441539970647e-05 -3.502072629980868e-08 0 -9.459773704083295e-05 -4.109628992839121e-08 0 8.710786109983325e-05 -3.099789603125402e-08 0 0.000164624617560033 -2.652730666900804e-08 0 -8.93031364621e-08 -3.040039029452574e-08 0 -0.0004031628434997686 -4.058134908148381e-08 0 -0.0001112193824070809 -3.451650491814728e-08 0 0.001402255236508984 5.61638452759081e-11 0 0.0003476145265010818 -1.486863484764789e-09 0 -7.083451492142373e-05 -3.5138112349474e-08 0 -9.459769369066227e-05 -4.113724041097944e-08 0 8.710797805463326e-05 -3.115176824483589e-08 0 0.0001646245264834561 -2.672720492580966e-08 0 -8.948779212091919e-08 -3.055224996172806e-08 0 -0.0004031629122533964 -4.061959541119819e-08 0 -0.0001112190928098111 -3.463088978864631e-08 0 0.00140225455455513 -4.714026625648961e-10 0 0.000347614953993755 -2.016454672508494e-09 0 -7.08346144220745e-05 -3.525592989252202e-08 0 -9.459765054753432e-05 -4.117876660492126e-08 0 8.710809509219346e-05 -3.130620465641164e-08 0 0.0001646244351958606 -2.692787007003289e-08 0 -8.967237259682295e-08 -3.070474561238379e-08 0 -0.0004031629805037393 -4.065820643096157e-08 0 -0.000111218803428903 -3.474574234753335e-08 0 0.00140225387274142 -9.999403648847053e-10 0 0.0003476153818016552 -2.546750434671841e-09 0 -7.083471400435443e-05 -3.537434377885729e-08 0 -9.459760751750339e-05 -4.122069464842365e-08 0 8.710821226504821e-05 -3.146131900399334e-08 0 0.000164624343834692 -2.712917020024352e-08 0 -8.985682739548031e-08 -3.085794661981944e-08 0 -0.0004031630477513426 -4.069747002594104e-08 0 -0.0001112185139511487 -3.48611196576698e-08 0 0.001402253191599992 -1.529401478725373e-09 0 0.0003476158100702703 -3.078214854887462e-09 0 -7.083481377780088e-05 -3.54932064832586e-08 0 -9.459756482479985e-05 -4.126319922987537e-08 0 8.710832953775365e-05 -3.161705693522503e-08 0 0.0001646242524280389 -2.733123799242981e-08 0 -9.004099583292515e-08 -3.101175016090307e-08 0 -0.0004031631146227746 -4.073702051816258e-08 0 -0.0001112182244369861 -3.497688039373614e-08 0 0.001402252511295506 -2.05972959521627e-09 0 0.0003476162388517597 -3.610485607534464e-09 0 -7.083491360884014e-05 -3.561273471605619e-08 0 -9.459752246505913e-05 -4.130611256248501e-08 0 8.710844680062667e-05 -3.177350363457037e-08 0 0.000164624160971627 -2.753399771463633e-08 0 -9.022490273651986e-08 -3.116625741685086e-08 0 -0.0004031631804926536 -4.077717316672974e-08 0 -0.0001112179345266195 -3.50931553122491e-08 0 0.001402251831969556 -2.590973716826145e-09 0 0.0003476166685013465 -4.144022486274324e-09 0 -7.083501344020554e-05 -3.573277016204884e-08 0 -9.459748051392906e-05 -4.134961849224655e-08 0 8.710856397239895e-05 -3.193055386763177e-08 0 0.0001646240693604361 -2.77375549742262e-08 0 -9.040855899338897e-08 -3.132139812789259e-08 0 -0.0004031632458004267 -4.081765946593874e-08 0 -0.0001112176442462226 -3.520985073120208e-08 0 0.001402251153564238 -3.123149470811431e-09 0 0.0003476170988335747 -4.67836217248746e-09 0 -7.083511324550845e-05 -3.585346712922655e-08 0 -9.459743878820896e-05 -4.139353164400728e-08 0 8.710868112821178e-05 -3.208823477762745e-08 0 0.0001646239775393715 -2.794176964197176e-08 0 -9.059210445000023e-08 -3.147725194559137e-08 0 -0.0004031633100666371 -4.085883156725728e-08 0 -0.000111217353864837 -3.532717266722246e-08 0 0.001402250476072349 -3.656323529534205e-09 0 0.0003476175299340911 -5.213891633541745e-09 0 -7.083521306684021e-05 -3.597462746533081e-08 0 -9.45973973628944e-05 -4.143799524954778e-08 0 8.710879832947437e-05 -3.224647810752545e-08 0 0.0001646238855366119 -2.814668751370541e-08 0 -9.077557817232631e-08 -3.16337222614621e-08 0 -0.0004031633741568147 -4.090033186437969e-08 0 -0.0001112170637960624 -3.544498462012407e-08 0 0.001402249799073191 -4.19052267885966e-09 0 0.0003476179615857638 -5.750180186170351e-09 0 -7.083531289584638e-05 -3.609643797926332e-08 0 -9.459735610755497e-05 -4.148282585578894e-08 0 8.710891561804905e-05 -3.240534857031768e-08 0 0.0001646237934501832 -2.83522104613243e-08 0 -9.095902152311377e-08 -3.179087891026777e-08 0 -0.0004031634376755813 -4.094245970552579e-08 0 -0.0001112167740905043 -3.556340821397191e-08 0 0.001402249123017625 -4.725739330239948e-09 0 0.000347618393986053 -6.287647159007592e-09 0 -7.083541282563305e-05 -3.621872101539081e-08 0 -9.459731517687946e-05 -4.152821179732175e-08 0 8.710903299496973e-05 -3.256475680953052e-08 0 0.0001646237013064322 -2.855844395254631e-08 0 -9.114234159057324e-08 -3.194860109367176e-08 0 -0.0004031635011006937 -4.098492475002741e-08 0 -0.0001112164847587097 -3.568229884308437e-08 0 0.001402248447843528 -5.261915673147872e-09 0 0.0003476188269748089 -6.825874664107001e-09 0 -7.08355128473323e-05 -3.634164523046851e-08 0 -9.459727453044879e-05 -4.157400294337033e-08 0 8.710915043651234e-05 -3.272479546546913e-08 0 0.0001646236091353351 -2.876527598321548e-08 0 -9.132553582813065e-08 -3.210695748677439e-08 0 -0.0004031635638462039 -4.102802870619565e-08 0 -0.0001112161955914431 -3.580175392346035e-08 0 0.001402247774241305 -5.798980872752374e-09 0 0.0003476192606838013 -7.365269629432125e-09 0 -7.083561295939678e-05 -3.646503319264249e-08 0 -9.459723426511606e-05 -4.162035481709847e-08 0 8.710926789316785e-05 -3.288541485825524e-08 0 0.0001646235169070475 -2.897281596407619e-08 0 -9.150850672350998e-08 -3.22658900040948e-08 0 -0.0004031636265226513 -4.107140295483286e-08 0 -0.000111215906563697 -3.592162131464682e-08 0 0.001402247101795227 -6.336931161234066e-09 0 0.0003476196949742868 -7.905409547467879e-09 0 -7.083571309019626e-05 -3.658906575117193e-08 0 -9.459719422291039e-05 -4.166708475038944e-08 0 8.710938543155659e-05 -3.304665656140431e-08 0 0.0001646234246133957 -2.918097984777601e-08 0 -9.169133052127745e-08 -3.242547954099284e-08 0 -0.0004031636885259565 -4.111538903176643e-08 0 -0.000111215617529796 -3.604205758671319e-08 0 0.001402246430981066 -6.875769974212792e-09 0 0.0003476201300855186 -8.446709395294738e-09 0 -7.083581326074867e-05 -3.671356057707853e-08 0 -9.459715451945459e-05 -4.171437858677129e-08 0 8.710950305299696e-05 -3.320842873952289e-08 0 0.0001646233322950344 -2.938983603185951e-08 0 -9.187401374399331e-08 -3.258565572320654e-08 0 -0.0004031637503332311 -4.115970435661365e-08 0 -0.0001112153284522632 -3.616294511586681e-08 0 0.001402245761407094 -7.415533719197503e-09 0 0.0003476205658082681 -8.988736159044886e-09 0 -7.08359134873604e-05 -3.683866894085147e-08 0 -9.459711506321077e-05 -4.176207560064454e-08 0 8.710962074103683e-05 -3.337081185689205e-08 0 0.0001646232399684921 -2.959925936817098e-08 0 -9.205661893190833e-08 -3.274647063667563e-08 0 -0.0004031638114416133 -4.120469888641703e-08 0 -0.000111215039563288 -3.628446850617583e-08 0 0.001402245093550601 -7.956221243464451e-09 0 0.0003476210022475417 -9.531888291690327e-09 0 -7.08360138018671e-05 -3.696421073916267e-08 0 -9.459707596602694e-05 -4.181031743044628e-08 0 8.710973845402896e-05 -3.353377406659085e-08 0 0.0001646231475712911 -2.980935834024506e-08 0 -9.223906359545177e-08 -3.290783333071562e-08 0 -0.0004031638726444964 -4.124999930174567e-08 0 -0.0001112147510791209 -3.64064614271492e-08 0 0.001402244426620118 -8.497885905373032e-09 0 0.0003476214392784046 -1.007578367875211e-08 0 -7.083611415325403e-05 -3.709038529781106e-08 0 -9.459703710126137e-05 -4.185891709813927e-08 0 8.710985623793659e-05 -3.369735642692189e-08 0 0.0001646230551017452 -3.00200742138143e-08 0 -9.242141579129506e-08 -3.306983299873612e-08 0 -0.0004031639334127687 -4.129592177069819e-08 0 -0.0001112144630105172 -3.652906348152601e-08 0 0.001402243761358661 -9.040487414235795e-09 0 0.0003476218771366959 -1.062084110589612e-08 0 -7.083621458027489e-05 -3.721703140634192e-08 0 -9.459699859590275e-05 -4.190806054960028e-08 0 8.710997407966602e-05 -3.386146466607259e-08 0 0.0001646229626097659 -3.023148794495389e-08 0 -9.260367266061389e-08 -3.323241013104827e-08 0 -0.0004031639941827134 -4.134216545145786e-08 0 -0.0001112141752397725 -3.665212506328424e-08 0 0.001402243097252065 -9.584028072030789e-09 0 0.0003476223156445648 -1.116664710091447e-08 0 -7.083631508117416e-05 -3.734431487569662e-08 0 -9.459696036507452e-05 -4.195760035154844e-08 0 8.711009199145052e-05 -3.402617672690344e-08 0 0.0001646228701238164 -3.044347278609304e-08 0 -9.27858387206282e-08 -3.339561968369181e-08 0 -0.0004031640543907741 -4.138906683440885e-08 0 -0.0001112138877897295 -3.677577584994262e-08 0 0.001402242435216847 -1.012842340726572e-08 0 0.0003476227549351965 -1.171359501669217e-08 0 -7.083641568173676e-05 -3.747205068460602e-08 0 -9.459692252505174e-05 -4.200768780309588e-08 0 8.711020994447981e-05 -3.419144464777978e-08 0 0.0001646227776288395 -3.065613134525801e-08 0 -9.296778617772896e-08 -3.355937777064361e-08 0 -0.0004031641147484999 -4.143625445367227e-08 0 -0.0001112136007008907 -3.689985200033829e-08 0 0.001402241774405302 -1.067372315793208e-08 0 0.0003476231948476363 -1.226125699235747e-08 0 -7.083651630113152e-05 -3.760041250838037e-08 0 -9.45968849399778e-05 -4.205814068021507e-08 0 8.711032796941685e-05 -3.435730519616569e-08 0 0.0001646226851220664 -3.086937461725669e-08 0 -9.314958390043817e-08 -3.372375179284959e-08 0 -0.0004031641746336107 -4.148406213683176e-08 0 -0.0001112133138950061 -3.70245125114188e-08 0 0.001402241115594671 -1.121989377014104e-08 0 0.0003476236355885869 -1.281002826904187e-08 0 -7.083661694452098e-05 -3.772922107809357e-08 0 -9.459684770257019e-05 -4.210914674156879e-08 0 8.71104460528002e-05 -3.452367739430195e-08 0 0.0001646225926102002 -3.108327102825658e-08 0 -9.333123331816797e-08 -3.388868052064259e-08 0 -0.0004031642345022624 -4.153217108681523e-08 0 -0.00011121302720489 -3.714961682374506e-08 0 0.001402240457996209 -1.176700372557126e-08 0 0.0003476240769092614 -1.335948069270537e-08 0 -7.083671765597405e-05 -3.785861823774744e-08 0 -9.45968106898301e-05 -4.216055533943358e-08 0 8.711056422658346e-05 -3.469065432658291e-08 0 0.0001646225000885223 -3.129770452265506e-08 0 -9.351281091834587e-08 -3.405420610606835e-08 0 -0.0004031642937882482 -4.15809388049776e-08 0 -0.0001112127408608513 -3.7275360110188e-08 0 0.001402239802409506 -1.231501067008172e-08 0 0.0003476245189052706 -1.391002303879202e-08 0 -7.083681849171658e-05 -3.798842035211691e-08 0 -9.459677403786392e-05 -4.221249876555644e-08 0 8.71106824578624e-05 -3.48582112150858e-08 0 0.0001646224075445221 -3.151279738891621e-08 0 -9.369426301474972e-08 -3.42202494700225e-08 0 -0.0004031643532832682 -4.162998997001705e-08 0 -0.0001112124549740301 -3.740157414507116e-08 0 0.00140223914768503 -1.286400780255853e-08 0 0.0003476249615349188 -1.446132451635163e-08 0 -7.083691938776504e-05 -3.811884695045786e-08 0 -9.459673764314334e-05 -4.226478127720978e-08 0 8.711080075857884e-05 -3.502637044901918e-08 0 0.0001646223149863804 -3.172849512809994e-08 0 -9.387563157380987e-08 -3.438689802001682e-08 0 -0.0004031644124324052 -4.167965507884813e-08 0 -0.0001112121695892657 -3.752840570855203e-08 0 0.001402238494841307 -1.341392780532246e-08 0 0.0003476254050569435 -1.501379978240818e-08 0 -7.083702036649736e-05 -3.824975956540771e-08 0 -9.459670164563282e-05 -4.231759843497523e-08 0 8.711091908492756e-05 -3.519503801504425e-08 0 0.0001646222224209528 -3.194486719766686e-08 0 -9.405685762880591e-08 -3.45541105893285e-08 0 -0.0004031644716888591 -4.172961897037919e-08 0 -0.0001112118845262577 -3.765568552371173e-08 0 0.001402237842967634 -1.39648193495101e-08 0 0.0003476258493183489 -1.556703629196354e-08 0 -7.083712140557724e-05 -3.838131701870695e-08 0 -9.459666595383608e-05 -4.237081840160334e-08 0 8.711103743946901e-05 -3.536429894236692e-08 0 0.000164622129835229 -3.216178455934387e-08 0 -9.423798041224398e-08 -3.472193246985278e-08 0 -0.0004031645304043568 -4.178023892131844e-08 0 -0.0001112115998596203 -3.77835714859484e-08 0 0.001402237193251207 -1.451656501429143e-08 0 0.0003476262944156274 -1.612141284444007e-08 0 -7.083722251950697e-05 -3.851331471880354e-08 0 -9.459663064955574e-05 -4.242457893061796e-08 0 8.711115580996297e-05 -3.553411283361423e-08 0 0.0001646220372039791 -3.237936004301528e-08 0 -9.441892997313463e-08 -3.489027929765021e-08 0 -0.0004031645893017161 -4.183113602729271e-08 0 -0.0001112113155750799 -3.791189384996784e-08 0 0.00140223654446256 -1.50692489710516e-08 0 0.0003476267401859023 -1.667652128108793e-08 0 -7.083732366091472e-05 -3.86459305919476e-08 0 -9.459659556070725e-05 -4.247868393581627e-08 0 8.711127428198683e-05 -3.570449641152051e-08 0 0.0001646219445452859 -3.259750693766077e-08 0 -9.459978714959185e-08 -3.505921557147434e-08 0 -0.0004031646477723472 -4.188265000266977e-08 0 -0.0001112110316735457 -3.804082058991159e-08 0 0.001402235897755448 -1.562279178593528e-08 0 0.0003476271868018895 -1.723274302596611e-08 0 -7.0837424869373e-05 -3.87789916107481e-08 0 -9.459656082055205e-05 -4.25333233104383e-08 0 8.711139285706714e-05 -3.587536881368563e-08 0 0.000164621851921308 -3.28162851771091e-08 0 -9.478052902244907e-08 -3.522869472874501e-08 0 -0.000403164706323518 -4.193444619847442e-08 0 -0.0001112107479539284 -3.817019203489202e-08 0 0.001402235252051159 -1.617728830841797e-08 0 0.0003476276340735814 -1.778966678307736e-08 0 -7.08375261690708e-05 -3.891264369580705e-08 0 -9.459652635292191e-05 -4.25883604745006e-08 0 8.71115115060883e-05 -3.604683328564673e-08 0 0.0001646217593416696 -3.303557807431828e-08 0 -9.496119583729092e-08 -3.539875342850607e-08 0 -0.0004031647643482766 -4.198689168653097e-08 0 -0.0001112104646433174 -3.830020070365314e-08 0 0.001402234608535877 -1.673264920457745e-08 0 0.0003476280820693747 -1.834768470487802e-08 0 -7.083762758279544e-05 -3.904669986561776e-08 0 -9.459649227278737e-05 -4.264392675437656e-08 0 8.711163016485167e-05 -3.621887455229622e-08 0 0.0001646216667326519 -3.325552296821327e-08 0 -9.514167909063344e-08 -3.556931695101323e-08 0 -0.0004031648226347842 -4.203960588325395e-08 0 -0.0001112101817768649 -3.843066175880649e-08 0 0.001402233965711111 -1.728900140673256e-08 0 0.0003476285307568716 -1.890647168770881e-08 0 -7.083772905149693e-05 -3.918137737608102e-08 0 -9.459645843659657e-05 -4.269982517568494e-08 0 8.711174889051292e-05 -3.639150597360696e-08 0 0.0001646215740683243 -3.347606783877383e-08 0 -9.532205699074982e-08 -3.574047316955153e-08 0 -0.0004031648805418939 -4.209293758862531e-08 0 -0.0001112098993985358 -3.856173864426326e-08 0 0.00140223332490761 -1.78462434526419e-08 0 0.0003476289803531554 -1.946642557999062e-08 0 -7.083783060945342e-05 -3.931653263632845e-08 0 -9.459642499031611e-05 -4.275624913320508e-08 0 8.711186766424682e-05 -3.656463627970535e-08 0 0.0001646214814038788 -3.369727688724844e-08 0 -9.550233576876679e-08 -3.591219379598526e-08 0 -0.0004031649385327907 -4.214655750095497e-08 0 -0.0001112096172641158 -3.869325595606126e-08 0 0.001402232684873862 -1.840446491041536e-08 0 0.0003476294307280178 -2.002714720450438e-08 0 -7.083793223842255e-05 -3.945232555403744e-08 0 -9.459639185505074e-05 -4.281306863196388e-08 0 8.711198647111394e-05 -3.673835150767163e-08 0 0.0001646213887536163 -3.39190176067844e-08 0 -9.568253570707121e-08 -3.608451778526478e-08 0 -0.0004031649959756467 -4.220083747990405e-08 0 -0.0001112093355562505 -3.882538378730676e-08 0 0.001402232047122969 -1.896351908663163e-08 0 0.0003476298819489465 -2.05890067460357e-08 0 -7.083803395204619e-05 -3.958855104152503e-08 0 -9.459635912052038e-05 -4.287042050001022e-08 0 8.711210528457301e-05 -3.691261637930182e-08 0 0.0001646212960719415 -3.414141185043018e-08 0 -9.586253047616069e-08 -3.625735634643634e-08 0 -0.0004031650536703568 -4.225538944701429e-08 0 -0.0001112090542957772 -3.89579412020044e-08 0 0.001402231410075734 -1.952353352249747e-08 0 0.0003476303338858163 -2.115161309382968e-08 0 -7.083813569820629e-05 -3.972539145986193e-08 0 -9.45963266130098e-05 -4.292810962171906e-08 0 8.711222418389396e-05 -3.708744308623252e-08 0 0.0001646212033579591 -3.436437241016721e-08 0 -9.604240314847303e-08 -3.643077340145795e-08 0 -0.0004031651109516823 -4.231056053172894e-08 0 -0.000111208773495311 -3.90911036058511e-08 0 0.001402230775187564 -2.008439772306636e-08 0 0.0003476307866833588 -2.171533703635569e-08 0 -7.083823751163204e-05 -3.986267625277068e-08 0 -9.459629446231797e-05 -4.298632790521173e-08 0 8.711234316834819e-05 -3.726275435694121e-08 0 0.0001646211106632739 -3.458795884772603e-08 0 -9.622215420973081e-08 -3.660473179342011e-08 0 -0.0004031651683203477 -4.236599718526052e-08 0 -0.0001112084928689902 -3.922469849274023e-08 0 0.001402230141013115 -2.064624586919916e-08 0 0.0003476312401779202 -2.227977792708391e-08 0 -7.083833941735895e-05 -4.00005515785104e-08 0 -9.45962625811189e-05 -4.304494313680379e-08 0 8.711246222372486e-05 -3.743865740948177e-08 0 0.0001646210179952548 -3.481205162938344e-08 0 -9.640183771391755e-08 -3.677926253310704e-08 0 -0.000403165225132486 -4.242208063651165e-08 0 -0.0001112082126773148 -3.935893368861575e-08 0 0.001402229509044353 -2.120895732562328e-08 0 0.0003476316944182808 -2.284531879816198e-08 0 -7.083844144574469e-05 -4.013882482552938e-08 0 -9.459623108803993e-05 -4.310408193656384e-08 0 8.711258129166787e-05 -3.761513869479649e-08 0 0.0001646209252963507 -3.503679750667399e-08 0 -9.658135832063099e-08 -3.695428855542832e-08 0 -0.0004031652822188148 -4.247842326238899e-08 0 -0.0001112079329267032 -3.949362004530137e-08 0 0.001402228877478442 -2.177269558135269e-08 0 0.0003476321494018386 -2.341164344245999e-08 0 -7.083854352709501e-05 -4.027771417780546e-08 0 -9.459619984494154e-05 -4.316354264462252e-08 0 8.711270041847351e-05 -3.779219984612753e-08 0 0.000164620832548451 -3.526214045410092e-08 0 -9.676078297631954e-08 -3.712989675701966e-08 0 -0.00040316533892161 -4.25353811981527e-08 0 -0.0001112076536961687 -3.96289267980826e-08 0 0.001402228247960623 -2.233732707829228e-08 0 0.0003476326053080402 -2.397913825922387e-08 0 -7.083864568675768e-05 -4.041707638621078e-08 0 -9.459616898677829e-05 -4.322352212433878e-08 0 8.711281958151405e-05 -3.79697500055981e-08 0 0.0001646207397890051 -3.548813785198002e-08 0 -9.69400899067341e-08 -3.730606814612847e-08 0 -0.0004031653957378978 -4.259260849050206e-08 0 -0.0001112073747084885 -3.976466215593193e-08 0 0.001402227618907591 -2.290297657341761e-08 0 0.0003476330620166626 -2.454741719615238e-08 0 -7.083874792501027e-05 -4.055707257099445e-08 0 -9.459613842505847e-05 -4.328389706029223e-08 0 8.711293877881886e-05 -3.814788796744489e-08 0 0.0001646206470237998 -3.571465268404489e-08 0 -9.711931413941113e-08 -3.748283386711265e-08 0 -0.0004031654519750516 -4.265049261074211e-08 0 -0.0001112070961684572 -3.990101537371115e-08 0 0.001402226992125076 -2.346946343257522e-08 0 0.0003476335195713234 -2.51168472062413e-08 0 -7.083885027536763e-05 -4.069749456013516e-08 0 -9.459610826913904e-05 -4.33448014485957e-08 0 8.711305798635159e-05 -3.832658558838159e-08 0 0.000164620554210057 -3.594182760788267e-08 0 -9.729835522692245e-08 -3.766010073756598e-08 0 -0.0004031655084461641 -4.270863853805124e-08 0 -0.0001112068180489784 -4.003780130525102e-08 0 0.001402226365683615 -2.403694984894067e-08 0 0.0003476339779023909 -2.568705442015234e-08 0 -7.083895266664364e-05 -4.083853123032499e-08 0 -9.459607836138222e-05 -4.340603499894402e-08 0 8.711317726798477e-05 -3.85058468556701e-08 0 0.0001646204613556315 -3.616957958575001e-08 0 -9.747729878827995e-08 -3.783793867725288e-08 0 -0.0004031655644770663 -4.2767399946117e-08 0 -0.0001112065403863424 -4.017520181202189e-08 0 0.00140222574138002 -2.460528930863653e-08 0 0.0003476344371428699 -2.62583931117874e-08 0 -7.083905511804517e-05 -4.098001640546328e-08 0 -9.459604881783405e-05 -4.346779130127293e-08 0 8.711329661301169e-05 -3.868559106910696e-08 0 0.0001646203685096783 -3.639796598148282e-08 0 -9.765612668521497e-08 -3.801632785221248e-08 0 -0.0004031656206098591 -4.282641028960366e-08 0 -0.0001112062628640456 -4.031302743272985e-08 0 0.001402225117483974 -2.517464714295314e-08 0 0.0003476348971336168 -2.683045677472073e-08 0 -7.083915764870274e-05 -4.112208796657607e-08 0 -9.459601953665241e-05 -4.35299436774006e-08 0 8.711341600937254e-05 -3.886592797597288e-08 0 0.0001646202756723711 -3.662685669255511e-08 0 -9.783489010594783e-08 -3.819529670410354e-08 0 -0.0004031656761640801 -4.28860669719755e-08 0 -0.0001112059857727929 -4.04514944188708e-08 0 0.001402224495846829 -2.574486277374249e-08 0 0.0003476353578592272 -2.740362286656611e-08 0 -7.083926028619847e-05 -4.126454106623961e-08 0 -9.4595990615412e-05 -4.359261294561295e-08 0 8.711353542013854e-05 -3.904684427267352e-08 0 0.0001646201827781648 -3.685640212296171e-08 0 -9.801348692383807e-08 -3.837476066775869e-08 0 -0.0004031657319994164 -4.294597662907185e-08 0 -0.0001112057090977628 -4.05904027264703e-08 0 0.00140222387433548 -2.631613305568991e-08 0 0.0003476358193628958 -2.7977626756992e-08 0 -7.083936301693211e-05 -4.140761346999033e-08 0 -9.459596190265067e-05 -4.365559367648653e-08 0 8.711365492612004e-05 -3.922834490490551e-08 0 0.0001646200898288985 -3.708654024766472e-08 0 -9.819199223853439e-08 -3.855479987959626e-08 0 -0.000403165787426496 -4.300650350164831e-08 0 -0.0001112054329230269 -4.072993126449931e-08 0 0.00140222325492189 -2.688828985679403e-08 0 0.0003476362818143896 -2.85528566346116e-08 0 -7.083946591154161e-05 -4.155117286960136e-08 0 -9.459593360741646e-05 -4.371908214270692e-08 0 8.711377449995698e-05 -3.941033963842516e-08 0 0.0001646199968927744 -3.731734562247707e-08 0 -9.83703932963498e-08 -3.873539367472284e-08 0 -0.0004031658429518303 -4.306728591287057e-08 0 -0.0001112051569204311 -4.086987881977977e-08 0 0.001402222635695574 -2.746149691500165e-08 0 0.0003476367452402151 -2.912894941572985e-08 0 -7.083956889859799e-05 -4.16953969944317e-08 0 -9.459590569956682e-05 -4.378295668204524e-08 0 8.711389406497459e-05 -3.959290952645217e-08 0 0.0001646199039750315 -3.754868073066464e-08 0 -9.854870738900792e-08 -3.891658025955563e-08 0 -0.0004031658978649322 -4.312871850539052e-08 0 -0.0001112048813300959 -4.101044396003645e-08 0 0.001402222018769661 -2.803554805495822e-08 0 0.0003476372096493165 -2.970623066544248e-08 0 -7.083967193766139e-05 -4.184007210313034e-08 0 -9.459587822775727e-05 -4.384735662488898e-08 0 8.711401356560621e-05 -3.977602248267376e-08 0 0.0001646198109664307 -3.778067711717598e-08 0 -9.872679488514671e-08 -3.909828415280675e-08 0 -0.0004031659530254611 -4.319039786405965e-08 0 -0.0001112046061277419 -4.115142970741864e-08 0 0.00140222140188527 -2.861064572843435e-08 0 0.0003476376748786161 -3.028427251680621e-08 0 -7.083977496826627e-05 -4.198535883976479e-08 0 -9.459585095247801e-05 -4.391208651820938e-08 0 8.711413314318321e-05 -3.995967890173951e-08 0 0.0001646197178396744 -3.80132350310744e-08 0 -9.890478903234581e-08 -3.928056826942722e-08 0 -0.0004031660076971103 -4.325270012463245e-08 0 -0.0001112043313993838 -4.129303834629616e-08 0 0.001402220787143235 -2.918661005588129e-08 0 0.0003476381409536002 -3.086339994858023e-08 0 -7.083987804583358e-05 -4.213106104700853e-08 0 -9.459582397308707e-05 -4.397733737414311e-08 0 8.711425284726319e-05 -4.014380734860407e-08 0 0.000164619624699186 -3.824640591298251e-08 0 -9.908273745917297e-08 -3.946340152490707e-08 0 -0.0004031660624572511 -4.331524723621971e-08 0 -0.0001112040568003111 -4.143507393791768e-08 0 0.001402220172496839 -2.976363440779228e-08 0 0.0003476386076959048 -3.144322851655196e-08 0 -7.083998124334662e-05 -4.227731772825372e-08 0 -9.459579720708099e-05 -4.404298139474433e-08 0 8.711437266978316e-05 -4.032854432171884e-08 0 0.0001646195316082066 -3.848006172816471e-08 0 -9.926067289639075e-08 -3.964679896016621e-08 0 -0.0004031661166452594 -4.337844199901048e-08 0 -0.0001112037826505735 -4.157775631511568e-08 0 0.001402219560171135 -3.03415176056837e-08 0 0.0003476390750954821 -3.202414827329497e-08 0 -7.084008462181907e-05 -4.242393882806367e-08 0 -9.459577081265268e-05 -4.410914088755907e-08 0 8.711449254034802e-05 -4.051388539667161e-08 0 0.0001646194385108365 -3.87143902075282e-08 0 -9.943843591597281e-08 -3.98306702897866e-08 0 -0.0004031661711537335 -4.344187570174546e-08 0 -0.0001112035089093286 -4.172087521205764e-08 0 0.001402218947761255 -3.092048941281261e-08 0 0.000347639543305904 -3.260592399811219e-08 0 -7.084018810366716e-05 -4.257117286205619e-08 0 -9.45957446937956e-05 -4.41756093797277e-08 0 8.711461246412032e-05 -4.069982530423982e-08 0 0.0001646193453842814 -3.894933864670436e-08 0 -9.9616071981552e-08 -4.001510959215915e-08 0 -0.0004031662252408919 -4.350591666871934e-08 0 -0.0001112032356150663 -4.18646094570499e-08 0 0.001402218337547056 -3.15003557595922e-08 0 0.0003476400125023496 -3.318894729181787e-08 0 -7.08402916893211e-05 -4.271889632225662e-08 0 -9.459571900135437e-05 -4.424258951904458e-08 0 8.711473237696386e-05 -4.088626687128588e-08 0 0.0001646192522174322 -3.918497070917737e-08 0 -9.979354736316506e-08 -4.020012589131539e-08 0 -0.0004031662794017413 -4.357019251378241e-08 0 -0.0001112029623840868 -4.200874237272195e-08 0 0.001402217727243624 -3.208132572703886e-08 0 0.0003476404826830425 -3.377285646456729e-08 0 -7.084039534448194e-05 -4.286728351801661e-08 0 -9.459569363277907e-05 -4.430996032936396e-08 0 8.711485228085623e-05 -4.107329747322919e-08 0 0.0001646191589766352 -3.942113190914809e-08 0 -9.997094468222169e-08 -4.038574935669864e-08 0 -0.0004031663328567942 -4.363512711227924e-08 0 -0.0001112026895276827 -4.215351207068757e-08 0 0.001402217119199668 -3.266316808952368e-08 0 0.0003476409538508765 -3.435797684206432e-08 0 -7.084049909352602e-05 -4.301611259555083e-08 0 -9.459566867556916e-05 -4.437785449621506e-08 0 8.71149721725986e-05 -4.126088499513403e-08 0 0.000164619065610036 -3.965796825221996e-08 0 -1.001482144158361e-07 -4.057188222189589e-08 0 -0.0004031663865134219 -4.370031428998361e-08 0 -0.0001112024170332251 -4.229872417257918e-08 0 0.001402216510764012 -3.324612323808706e-08 0 0.0003476414259085611 -3.494388909827673e-08 0 -7.084060284882898e-05 -4.316555007963935e-08 0 -9.459564394986851e-05 -4.444606832316317e-08 0 8.711509213468747e-05 -4.144902542111556e-08 0 0.0001646189721516006 -3.989537811568966e-08 0 -1.003254691336841e-07 -4.07585885051423e-08 0 -0.0004031664397068646 -4.376612361932375e-08 0 -0.0001112021450588724 -4.244458199059026e-08 0 0.001402215904414132 -3.38299701680908e-08 0 0.0003476418988735754 -3.553090033390355e-08 0 -7.084070663053443e-05 -4.331540630689301e-08 0 -9.45956195299094e-05 -4.451479471579561e-08 0 8.711521218833505e-05 -4.163763982906188e-08 0 0.0001646188786738334 -4.013341935952403e-08 0 -1.005026657036012e-07 -4.094584892064962e-08 0 -0.0004031664930744874 -4.383215551108377e-08 0 -0.0001112018732531417 -4.259086437870263e-08 0 0.001402215297829662 -3.441492826914554e-08 0 0.0003476423725375446 -3.611861023114504e-08 0 -7.084081051449143e-05 -4.346580785574705e-08 0 -9.459559530176213e-05 -4.458391274740625e-08 0 8.711533234644074e-05 -4.182686676439812e-08 0 0.0001646187852137118 -4.037195090473428e-08 0 -1.006798325542358e-07 -4.113368116346466e-08 0 -0.0004031665458797892 -4.389882289970726e-08 0 -0.000111201601878004 -4.273778836903774e-08 0 0.001402214693624844 -3.500074919216694e-08 0 0.0003476428468054265 -3.670741428266761e-08 0 -7.084091456866642e-05 -4.361654927335923e-08 0 -9.459557140321927e-05 -4.46535401944434e-08 0 8.711545256651769e-05 -4.201670127622348e-08 0 0.0001646186917125813 -4.061116154387839e-08 0 -1.008568237467711e-07 -4.132199614165916e-08 0 -0.0004031665989978478 -4.396571248992814e-08 0 -0.0001112013308060544 -4.288512856984172e-08 0 0.001402214089069945 -3.558769081073859e-08 0 0.0003476433219137195 -3.729716096384506e-08 0 -7.084101879332311e-05 -4.376791355210907e-08 0 -9.45955477326607e-05 -4.472346686913709e-08 0 8.711557288773596e-05 -4.220715198611363e-08 0 0.0001646185981728568 -4.085099092679401e-08 0 -1.010337062137779e-07 -4.151088048819085e-08 0 -0.0004031666516457477 -4.403321028894486e-08 0 -0.0001112010600770735 -4.303308105517434e-08 0 0.001402213486766911 -3.617552349604452e-08 0 0.0003476437980606816 -3.788824814911912e-08 0 -7.08411232540479e-05 -4.391980015869962e-08 0 -9.45955245440777e-05 -4.479389293775976e-08 0 8.711569323537059e-05 -4.239812111811458e-08 0 0.0001646185046202744 -4.10915353653285e-08 0 -1.01210466486863e-07 -4.170033311191867e-08 0 -0.0004031667043377304 -4.410093583893937e-08 0 -0.000111200789285032 -4.318142723686719e-08 0 0.001402212884110104 -3.676449373320872e-08 0 0.0003476442754521621 -3.84803337449488e-08 0 -7.084122779501406e-05 -4.407240274638402e-08 0 -9.459550182051855e-05 -4.486469802437998e-08 0 8.711581350241691e-05 -4.258966029586225e-08 0 0.0001646184110237064 -4.1332639669385e-08 0 -1.013871543525902e-07 -4.189040002464811e-08 0 -0.0004031667563146948 -4.416931636760935e-08 0 -0.0001112005188008414 -4.333040635930846e-08 0 0.001402212283786342 -3.735434132411813e-08 0 0.0003476447540291041 -3.907368345199003e-08 0 -7.084133231476109e-05 -4.422548349845151e-08 0 -9.45954795322501e-05 -4.493601850515117e-08 0 8.711593365694907e-05 -4.278172236263367e-08 0 0.0001646183172443749 -4.157441554127755e-08 0 -1.015636527865138e-07 -4.208101117390839e-08 0 -0.0004031668085378581 -4.42379326998435e-08 0 -0.0001112002486531177 -4.347980557106029e-08 0 0.001402211682866437 -3.794534066473009e-08 0 0.0003476452335425955 -3.966781532069308e-08 0 -7.084143678107863e-05 -4.437917469363867e-08 0 -9.459545735741869e-05 -4.500765719145372e-08 0 8.711605392922038e-05 -4.297430124689666e-08 0 0.0001646182232837093 -4.181672777058693e-08 0 -1.017401312988731e-07 -4.227221135025966e-08 0 -0.0004031668602605537 -4.430718236140413e-08 0 -0.0001111999790461699 -4.362985128389396e-08 0 0.001402211084146988 -3.853723694758476e-08 0 0.0003476457138619284 -4.026300728238175e-08 0 -7.084154130522491e-05 -4.453324401691022e-08 0 -9.459543539732522e-05 -4.50798037059108e-08 0 8.711617442586776e-05 -4.316733403890438e-08 0 0.000164618129311192 -4.205963269592744e-08 0 -1.019166359222901e-07 -4.246394788055829e-08 0 -0.000403166912127946 -4.4376659156381e-08 0 -0.0001111997095917389 -4.378032312200852e-08 0 0.001402210484991881 -3.913027762404708e-08 0 0.0003476461948227135 -4.085890387226648e-08 0 -7.084164600704851e-05 -4.468783052283265e-08 0 -9.459541361778177e-05 -4.515233426559406e-08 0 8.711629510266965e-05 -4.336099091502982e-08 0 0.0001646180354403503 -4.230300104483831e-08 0 -1.020931704315231e-07 -4.265622543381253e-08 0 -0.0004031669634389293 -4.444677228002125e-08 0 -0.0001111994405739447 -4.393144360965995e-08 0 0.001402209888359471 -3.972417703893699e-08 0 0.0003476466763499136 -4.145589768429075e-08 0 -7.084175096154499e-05 -4.484275639704549e-08 0 -9.459539221236961e-05 -4.522537236199831e-08 0 8.71164158406587e-05 -4.355528317873114e-08 0 0.0001646179415726936 -4.254706930263003e-08 0 -1.022695089725145e-07 -4.284896333583976e-08 0 -0.0004031670151002503 -4.451708888585787e-08 0 -0.0001111991718404301 -4.408297782539095e-08 0 0.001402209291201911 -4.031922938053933e-08 0 0.0003476471587688934 -4.205382528668644e-08 0 -7.084185606760773e-05 -4.499829620203954e-08 0 -9.459537111336512e-05 -4.529871214849907e-08 0 8.711653662141909e-05 -4.375020368208027e-08 0 0.000164617847651656 -4.279179541266664e-08 0 -1.024457089091002e-07 -4.304227100605795e-08 0 -0.0004031670662759598 -4.458800381777067e-08 0 -0.0001111989034063635 -4.423512572990923e-08 0 0.00140220869641975 -4.091518068273514e-08 0 0.0003476476422504468 -4.265307234057464e-08 0 -7.084196129272108e-05 -4.515433963889204e-08 0 -9.459535046383442e-05 -4.53725551149628e-08 0 8.711665735960243e-05 -4.394564450185823e-08 0 0.0001646177536520354 -4.303725124540914e-08 0 -1.02621763385653e-07 -4.323618642797233e-08 0 -0.0004031671174732493 -4.465913271915062e-08 0 -0.0001111986348247482 -4.438765450250765e-08 0 0.001402208101058212 -4.151232083776656e-08 0 0.0003476481268913089 -4.325329416507429e-08 0 -7.084206657265862e-05 -4.531107033068499e-08 0 -9.459533014027909e-05 -4.544677652609797e-08 0 8.71167780688714e-05 -4.414167096167959e-08 0 0.000164617659535668 -4.328325439641872e-08 0 -1.02797772329184e-07 -4.343073893228744e-08 0 -0.0004031671678856111 -4.473093499247904e-08 0 -0.0001111983665364261 -4.454083426651961e-08 0 0.001402207508062608 -4.211036268384621e-08 0 0.000347648612622653 -4.385477522274306e-08 0 -7.084217192320635e-05 -4.546825092734824e-08 0 -9.459531020755695e-05 -4.552150950631884e-08 0 8.711689877399785e-05 -4.433823942544268e-08 0 0.0001646175652444889 -4.352994107965219e-08 0 -1.029736786672908e-07 -4.362581591983716e-08 0 -0.0004031672185234869 -4.480298498345248e-08 0 -0.0001111980985737809 -4.469445015996276e-08 0 0.001402206914148038 -4.270961485343393e-08 0 0.0003476490993393199 -4.445708461867787e-08 0 -7.084227727358061e-05 -4.562603512451441e-08 0 -9.45952904712055e-05 -4.559655341317137e-08 0 8.71170195759635e-05 -4.453535241890488e-08 0 0.0001646174708390263 -4.377718147794557e-08 0 -1.031496155504086e-07 -4.382146524817276e-08 0 -0.0004031672687062338 -4.487566205441107e-08 0 -0.0001111978311561096 -4.484872221082598e-08 0 0.001402206322471268 -4.330978326319567e-08 0 0.0003476495869447898 -4.506049527865791e-08 0 -7.084238266794052e-05 -4.578421338493482e-08 0 -9.45952709979908e-05 -4.567209697242669e-08 0 8.711714050829709e-05 -4.473293829798664e-08 0 0.0001646173763984806 -4.402505335288076e-08 0 -1.033255393537114e-07 -4.401765543900205e-08 0 -0.0004031673191006307 -4.494853631745871e-08 0 -0.0001111975638635465 -4.500340728547103e-08 0 0.001402205730098638 -4.391114455642303e-08 0 0.0003476500752800787 -4.566463395611065e-08 0 -7.084248820560246e-05 -4.594291526816702e-08 0 -9.459525168786785e-05 -4.574801717831256e-08 0 8.711726158848464e-05 -4.493114349329863e-08 0 0.000164617281974852 -4.427341214908315e-08 0 -1.035014753486507e-07 -4.421440121492315e-08 0 -0.0004031673689319018 -4.502203199314991e-08 0 -0.00011119729696734 -4.515873747515387e-08 0 0.001402205140320717 -4.451337306480423e-08 0 0.0003476505641851063 -4.626988058496762e-08 0 -7.084259395978565e-05 -4.610194164877263e-08 0 -9.459523269809976e-05 -4.582443184544122e-08 0 8.711738275798962e-05 -4.512996587980461e-08 0 0.0001646171875067104 -4.452246710195951e-08 0 -1.036772514645357e-07 -4.44116294859645e-08 0 -0.0004031674191051424 -4.509571676931251e-08 0 -0.0001111970302760112 -4.53144696861349e-08 0 0.001402204549741895 -4.511679547146429e-08 0 0.0003476510540304927 -4.687612901316252e-08 0 -7.084269990725867e-05 -4.626159095209859e-08 0 -9.459521394815372e-05 -4.590113474554902e-08 0 8.711750403282702e-05 -4.532941396198642e-08 0 0.0001646170929963525 -4.477215111414051e-08 0 -1.038529376246e-07 -4.460942762667813e-08 0 -0.0004031674687809683 -4.51700022221016e-08 0 -0.0001111967638432604 -4.547082005108144e-08 0 0.001402203961577406 -4.572112217125778e-08 0 0.0003476515449798295 -4.748375701229407e-08 0 -7.084280609323534e-05 -4.642176530070957e-08 0 -9.459519567917017e-05 -4.597832654103934e-08 0 8.711762532115362e-05 -4.552938599310802e-08 0 0.0001646169984395457 -4.502257126316744e-08 0 -1.040285085157589e-07 -4.480780296106657e-08 0 -0.0004031675184869646 -4.524449468291253e-08 0 -0.0001111964972014129 -4.562754995704466e-08 0 0.001402203372555283 -4.632667577331161e-08 0 0.0003476520372973079 -4.809243868419966e-08 0 -7.0842912353139e-05 -4.6582656777934e-08 0 -9.459517786092329e-05 -4.605588602244609e-08 0 8.711774652564451e-05 -4.572992382077118e-08 0 0.0001646169037930744 -4.527355279039524e-08 0 -1.042040419507684e-07 -4.500679719274953e-08 0 -0.0004031675674167484 -4.5319646654364e-08 0 -0.000111196230787064 -4.57849264117946e-08 0 0.001402202785971016 -4.693312950689726e-08 0 0.0003476525308236388 -4.870240724163394e-08 0 -7.084301858607811e-05 -4.674401425739522e-08 0 -9.459516044037218e-05 -4.613394231824802e-08 0 8.711786763647421e-05 -4.593097687171505e-08 0 0.0001646168089141087 -4.552520897239953e-08 0 -1.043794367883111e-07 -4.520633853453276e-08 0 -0.000403167616599448 -4.539501620871161e-08 0 -0.0001111959646224181 -4.594271559108659e-08 0 0.001402202198256458 -4.754082052853269e-08 0 0.0003476530253665455 -4.931321819032913e-08 0 -7.084312479632704e-05 -4.690597423841203e-08 0 -9.459514308683691e-05 -4.621229787293152e-08 0 8.711798891360144e-05 -4.613254019243673e-08 0 0.0001646167138376897 -4.577738792373165e-08 0 -1.045548748967962e-07 -4.540645919589442e-08 0 -0.0004031676652890143 -4.547101426985445e-08 0 -0.0001111956989810203 -4.610116200159248e-08 0 0.001402201612890772 -4.814941928325821e-08 0 0.0003476535207190545 -4.992512386402942e-08 0 -7.084323112835356e-05 -4.706830075435625e-08 0 -9.459512593286422e-05 -4.629113639978422e-08 0 8.7118110462428e-05 -4.63345515323843e-08 0 0.000164616618754082 -4.603016677193206e-08 0 -1.047303808954192e-07 -4.560710404038354e-08 0 -0.0004031677141589779 -4.554721437077108e-08 0 -0.0001111954334299114 -4.626002534768164e-08 0 0.001402201026614217 -4.875923503150358e-08 0 0.0003476540168611819 -5.053780706507777e-08 0 -7.084333767007345e-05 -4.723114625099223e-08 0 -9.459510898779387e-05 -4.637033357984821e-08 0 8.711823219262337e-05 -4.653716919461592e-08 0 0.0001646165237836477 -4.628340539384462e-08 0 -1.049059402263808e-07 -4.580827822359829e-08 0 -0.0004031677624656421 -4.562403903111967e-08 0 -0.0001111951682593731 -4.641953790622544e-08 0 0.001402200443036419 -4.936990263566115e-08 0 0.0003476545136414377 -5.115161091136938e-08 0 -7.084344445076884e-05 -4.739433586906094e-08 0 -9.459509241786789e-05 -4.645001573828911e-08 0 8.711835396267574e-05 -4.674040454850925e-08 0 0.0001646164287708723 -4.653734130694032e-08 0 -1.050812903358134e-07 -4.600991968320423e-08 0 -0.0004031678111375836 -4.570103405172193e-08 0 -0.000111194903256312 -4.657943984773955e-08 0 0.001402199858448236 -4.998177825874665e-08 0 0.0003476550114218795 -5.176637100055836e-08 0 -7.084355136809106e-05 -4.755813201844789e-08 0 -9.459507611618566e-05 -4.652998881766318e-08 0 8.711847580129826e-05 -4.694425400578878e-08 0 0.0001646163336500861 -4.679191816566591e-08 0 -1.052565292008989e-07 -4.621212805130948e-08 0 -0.0004031678592775201 -4.577862214305561e-08 0 -0.0001111946384675239 -4.673995658132507e-08 0 0.001402199276383159 -5.059453890305514e-08 0 0.0003476555102853856 -5.238242998997084e-08 0 -7.084365840992479e-05 -4.772240132060179e-08 0 -9.459506021546048e-05 -4.661044413802051e-08 0 8.711859764616579e-05 -4.714861355156752e-08 0 0.0001646162384382199 -4.704722104866693e-08 0 -1.054316964288438e-07 -4.641493777345074e-08 0 -0.000403167907399235 -4.585640920110046e-08 0 -0.0001111943733875104 -4.690084429333219e-08 0 0.001402198693262427 -5.120854299021231e-08 0 0.0003476560103671533 -5.299946757072321e-08 0 -7.084376552114746e-05 -4.788732054818168e-08 0 -9.459504461224731e-05 -4.669124968777194e-08 0 8.711871949226845e-05 -4.735353967364603e-08 0 0.0001646161431270027 -4.73030528505905e-08 0 -1.056068763410867e-07 -4.661836968365696e-08 0 -0.0004031679547032846 -4.593487097203502e-08 0 -0.0001111941085422535 -4.706238739167479e-08 0 0.001402198112656586 -5.182343017478412e-08 0 0.0003476565114878815 -5.361773189240665e-08 0 -7.084387271670545e-05 -4.80526582856064e-08 0 -9.459502936555451e-05 -4.677253277220184e-08 0 8.711884135836899e-05 -4.755899121310775e-08 0 0.0001646160476281716 -4.755955432429737e-08 0 -1.057819513788871e-07 -4.682231643637208e-08 0 -0.0004031680022838768 -4.601355260095558e-08 0 -0.0001111938439756627 -4.722434493367039e-08 0 0.001402197530626079 -5.243957499137529e-08 0 0.0003476570136481532 -5.423685692489827e-08 0 -7.084397994910896e-05 -4.821857797331769e-08 0 -9.459501428384086e-05 -4.68541051252408e-08 0 8.711896335392154e-05 -4.776497878299091e-08 0 0.0001646159520095197 -4.781658780039777e-08 0 -1.059570589739778e-07 -4.702681336878067e-08 0 -0.0004031680494165774 -4.609284566699234e-08 0 -0.0001111935799149866 -4.738694999936732e-08 0 0.001402196950949453 -5.305661401108079e-08 0 0.0003476575167051104 -5.485709895017288e-08 0 -7.084408728398606e-05 -4.838487254951729e-08 0 -9.459499946520843e-05 -4.693614515105526e-08 0 8.71190854998538e-05 -4.797143168724233e-08 0 0.0001646158563499839 -4.807425615926952e-08 0 -1.061321725781506e-07 -4.723183248851737e-08 0 -0.0004031680967210849 -4.617230993809313e-08 0 -0.0001111933158449013 -4.754994648893673e-08 0 0.00140219637002599 -5.36748940363485e-08 0 0.0003476580206651924 -5.547813828991888e-08 0 -7.084419477910997e-05 -4.855168880563837e-08 0 -9.459498484533367e-05 -4.701852260487194e-08 0 8.711920777509928e-05 -4.817846259875386e-08 0 0.0001646157606959436 -4.833239978293408e-08 0 -1.06307314590155e-07 -4.743738671233316e-08 0 -0.0004031681433850631 -4.625238777655055e-08 0 -0.000111193052095504 -4.771358805884945e-08 0 0.001402195791707139 -5.42940153513277e-08 0 0.0003476585253074926 -5.610027519527966e-08 0 -7.084430246608042e-05 -4.871883782595759e-08 0 -9.459497055502862e-05 -4.710135661448872e-08 0 8.711933011329441e-05 -4.838606487353458e-08 0 0.0001646156649424551 -4.859121038262165e-08 0 -1.064823026419815e-07 -4.764342210594047e-08 0 -0.000403168190373171 -4.633262323111564e-08 0 -0.0001111927884721725 -4.787761229575055e-08 0 0.001402195211923238 -5.491436871375709e-08 0 0.0003476590309878374 -5.672335837668407e-08 0 -7.084441028674948e-05 -4.888657409961306e-08 0 -9.459495647635983e-05 -4.718446180301816e-08 0 8.711945256485719e-05 -4.859424814623869e-08 0 0.0001646155690992745 -4.885059987774776e-08 0 -1.066572347940786e-07 -4.785000468424117e-08 0 -0.0004031682368328404 -4.6413446011008e-08 0 -0.0001111925250994322 -4.804225465452477e-08 0 0.001402194634518808 -5.553558809438113e-08 0 0.0003476595377444324 -5.73476988171423e-08 0 -7.084451828404115e-05 -4.905475753380628e-08 0 -9.459494278661605e-05 -4.726802066770674e-08 0 8.711957506755962e-05 -4.880291942961634e-08 0 0.0001646154731934218 -4.911068310440442e-08 0 -1.068321106023573e-07 -4.8057134602493e-08 0 -0.0004031682832852934 -4.649445383038409e-08 0 -0.0001111922614489003 -4.820726272683484e-08 0 0.001402194055614869 -5.615805855410659e-08 0 0.0003476600457960887 -5.797300056589044e-08 0 -7.084462636246236e-05 -4.922355729269912e-08 0 -9.459492944391411e-05 -4.735190118308752e-08 0 8.711969754475467e-05 -4.901212044810394e-08 0 0.0001646153772093261 -4.93712707634944e-08 0 -1.070069862579804e-07 -4.826483473302501e-08 0 -0.0004031683289097976 -4.65761109506857e-08 0 -0.0001111919980066045 -4.83729155897894e-08 0 0.001402193479102379 -5.678136209136263e-08 0 0.0003476605548811545 -5.859946842004526e-08 0 -7.084473447536987e-05 -4.939274911904684e-08 0 -9.459491644545069e-05 -4.743622082983845e-08 0 8.711981998890671e-05 -4.922181393723912e-08 0 0.0001646152809985368 -4.963249256809826e-08 0 -1.071817248426932e-07 -4.847304166562261e-08 0 -0.0004031683747816733 -4.665794529293971e-08 0 -0.0001111917347604852 -4.853895590323232e-08 0 0.001402192900688437 -5.740590043254444e-08 0 0.0003476610650317429 -5.922678569802997e-08 0 -7.08448426297581e-05 -4.956249530750634e-08 0 -9.459490353340426e-05 -4.752080424216126e-08 0 8.7119942598593e-05 -4.943200982571172e-08 0 0.0001646151846185911 -4.98942066056926e-08 0 -1.073564858539111e-07 -4.868177525766543e-08 0 -0.0004031684201334235 -4.674037315001434e-08 0 -0.0001111914719685442 -4.870563595927441e-08 0 0.001402192324426108 -5.803126825344034e-08 0 0.0003476615760747703 -5.985518922516085e-08 0 -7.084495095957544e-05 -4.973258636332967e-08 0 -9.459489087518257e-05 -4.760581479197612e-08 0 8.712006542474503e-05 -4.964264033961024e-08 0 0.0001646150882255032 -5.015652788844388e-08 0 -1.075312903997494e-07 -4.8891000001966e-08 0 -0.0004031684655526474 -4.682296839055716e-08 0 -0.0001111912090858841 -4.887270422040957e-08 0 0.001402191746358555 -5.865785423879442e-08 0 0.0003476620881763953 -6.048441482300186e-08 0 -7.084505946639008e-05 -4.990318109784897e-08 0 -9.459487849677871e-05 -4.769111628874501e-08 0 8.712018833650913e-05 -4.985378283025449e-08 0 0.0001646149918914652 -5.04192878359247e-08 0 -1.077061151794023e-07 -4.91007236111049e-08 0 -0.0004031685102486166 -4.690617401523905e-08 0 -0.0001111909464835414 -4.904041056141145e-08 0 0.001402191170558384 -5.928521133301971e-08 0 0.0003476626010755212 -6.111468084032955e-08 0 -7.084516811359243e-05 -5.007411167049641e-08 0 -9.459486648538683e-05 -4.777682690877e-08 0 8.712031122390383e-05 -5.006543413177411e-08 0 0.0001646148954175391 -5.068265545790651e-08 0 -1.078807098653334e-07 -4.931091203853183e-08 0 -0.0004031685552327996 -4.698951013622915e-08 0 -0.000111190683984394 -4.920846885959201e-08 0 0.001402190592631566 -5.991375605276378e-08 0 0.0003476631150689246 -6.174578752113356e-08 0 -7.084527681837371e-05 -5.024558050875649e-08 0 -9.459485465410088e-05 -4.786278990417253e-08 0 8.712043420823488e-05 -5.027760497603589e-08 0 0.0001646147987811735 -5.094653664130394e-08 0 -1.080552065046936e-07 -4.952161052583504e-08 0 -0.0004031685996123274 -4.707341503228102e-08 0 -0.0001111904217478976 -4.937712450806681e-08 0 0.001402190016701346 -6.054307184061303e-08 0 0.0003476636301020102 -6.237798725119979e-08 0 -7.084538564197662e-05 -5.041740594631527e-08 0 -9.459484313577292e-05 -4.794916165333507e-08 0 8.712055728003763e-05 -5.049021233483747e-08 0 0.0001646147020906291 -5.121104831862233e-08 0 -1.082296929716353e-07 -4.973281718476802e-08 0 -0.0004031686438500659 -4.715749551877785e-08 0 -0.0001111901591946407 -4.954613179106171e-08 0 0.001402189438586679 -6.117357518632682e-08 0 0.0003476641463481394 -6.301102165560955e-08 0 -7.084549454701439e-05 -5.058974008199241e-08 0 -9.459483189724892e-05 -4.803579458072943e-08 0 8.712068034599783e-05 -5.070327953674014e-08 0 0.0001646146053719127 -5.147598915178353e-08 0 -1.084041686277804e-07 -4.994453492879886e-08 0 -0.0004031686871441981 -4.72422197637587e-08 0 -0.0001111898968881447 -4.971577090805146e-08 0 0.001402188862359363 -6.180479161614627e-08 0 0.0003476646634964913 -6.364505030203442e-08 0 -7.084560352837999e-05 -5.076240188351538e-08 0 -9.459482100239446e-05 -4.812279986131374e-08 0 8.712080338656168e-05 -5.091678507550962e-08 0 0.0001646145084533146 -5.174148472696094e-08 0 -1.085784283316693e-07 -5.015670776105374e-08 0 -0.0004031687306336879 -4.732709137349883e-08 0 -0.0001111896348348351 -4.988577132890997e-08 0 0.001402188283306585 -6.243715927958804e-08 0 0.0003476651817308218 -6.42798342114989e-08 0 -7.084571255361327e-05 -5.093555137478806e-08 0 -9.459481025413107e-05 -4.821003850730837e-08 0 8.71209265279199e-05 -5.113075728264971e-08 0 0.0001646144113856412 -5.200741006860382e-08 0 -1.087526021042962e-07 -5.036933932271725e-08 0 -0.0004031687735202572 -4.741251777122535e-08 0 -0.0001111893732450853 -5.005637871736967e-08 0 0.001402187705653979 -6.30702249740725e-08 0 0.0003476657009239963 -6.491558593359896e-08 0 -7.084582172725562e-05 -5.110898899235439e-08 0 -9.4594799807432e-05 -4.82976449354966e-08 0 8.712104977946776e-05 -5.134513033147603e-08 0 0.0001646143142966932 -5.227390883436739e-08 0 -1.089267582104992e-07 -5.058241104010514e-08 0 -0.0004031688162624975 -4.749808853784371e-08 0 -0.0001111891114498609 -5.022734256721755e-08 0 0.001402187125105536 -6.370441944358179e-08 0 0.0003476662213052483 -6.555208462329097e-08 0 -7.084593101706893e-05 -5.128286094217838e-08 0 -9.459478966107603e-05 -4.838546444237146e-08 0 8.712117301201693e-05 -5.155990181072295e-08 0 0.0001646142172146425 -5.254079160719322e-08 0 -1.091008456216525e-07 -5.079592470084993e-08 0 -0.0004031688580386772 -4.758425852652293e-08 0 -0.0001111888499339547 -5.039892606115842e-08 0 0.001402186545798031 -6.433924012311243e-08 0 0.0003476667425500734 -6.618944016229671e-08 0 -7.084604037906062e-05 -5.145702446866102e-08 0 -9.459477988842112e-05 -4.847360059265921e-08 0 8.712129617191587e-05 -5.177505863276921e-08 0 0.0001646141199524303 -5.280815680488299e-08 0 -1.092746419600843e-07 -5.100987002758239e-08 0 -0.0004031688999443089 -4.767052927141108e-08 0 -0.0001111885885872604 -5.057083249816046e-08 0 0.001402185962934885 -6.497513862970677e-08 0 0.0003476672649389972 -6.682745743932793e-08 0 -7.084614972453773e-05 -5.163163196032078e-08 0 -9.459477028073147e-05 -4.856194159991167e-08 0 8.712141937984584e-05 -5.199062760689876e-08 0 0.0001646140225422393 -5.307588713410888e-08 0 -1.094482484781345e-07 -5.122423634654899e-08 0 -0.0004031689411131689 -4.775733262324389e-08 0 -0.0001111883276425363 -5.07433076894076e-08 0 0.001402185380795687 -6.561163247952029e-08 0 0.0003476677883744033 -6.746631811029023e-08 0 -7.084625915233789e-05 -5.180647762430962e-08 0 -9.459476098311324e-05 -4.865060634993285e-08 0 8.712154263516846e-05 -5.220654604107255e-08 0 0.0001646139251157419 -5.33441301426435e-08 0 -1.096217696339119e-07 -5.143899633151816e-08 0 -0.0004031689819063156 -4.784428856482309e-08 0 -0.0001111880664243503 -5.091610916479333e-08 0 0.001402184794872363 -6.624917083669635e-08 0 0.0003476683130518576 -6.810582786360291e-08 0 -7.084636862272897e-05 -5.198168292509797e-08 0 -9.459475199409538e-05 -4.873943220979476e-08 0 8.71216657760132e-05 -5.242277920178978e-08 0 0.0001646138276756026 -5.361268349841214e-08 0 -1.097951330131197e-07 -5.165413655919965e-08 0 -0.0004031690214717776 -4.793185210544282e-08 0 -0.0001111878055271853 -5.108951507595132e-08 0 0.00140218420925238 -6.688719150771405e-08 0 0.0003476688385838783 -6.874603901071973e-08 0 -7.084647812068134e-05 -5.21571219573233e-08 0 -9.459474337884798e-05 -4.882850515672971e-08 0 8.712178877991193e-05 -5.263932284591682e-08 0 0.0001646137300024969 -5.388162787906686e-08 0 -1.099681442712175e-07 -5.186965945386951e-08 0 -0.0004031690609803684 -4.801950152788503e-08 0 -0.000111187544931543 -5.126324024041367e-08 0 0.001402183618736341 -6.752616535984218e-08 0 0.0003476693652635781 -6.938680770490062e-08 0 -7.084658761374873e-05 -5.233292676119772e-08 0 -9.45947349204057e-05 -4.891774232212986e-08 0 8.712191178558702e-05 -5.28562178634881e-08 0 0.000164613632160554 -5.415085135504483e-08 0 -1.101408882847555e-07 -5.208552303261754e-08 0 -0.0004031690996120496 -4.810765013522206e-08 0 -0.0001111872849118567 -5.143753582272092e-08 0 0.001402183027572987 -6.816556429728449e-08 0 0.0003476698930128807 -7.002828213056171e-08 0 -7.084669725117287e-05 -5.250889961033733e-08 0 -9.459472683852331e-05 -4.90072245241599e-08 0 8.712203480622237e-05 -5.307340709102826e-08 0 0.0001646135343548321 -5.442053121595264e-08 0 -1.103135021523993e-07 -5.230170914589938e-08 0 -0.0004031691376867597 -4.819592694382813e-08 0 -0.0001111870246956054 -5.161216355253211e-08 0 0.001402182431097493 -6.880586838134417e-08 0 0.0003476704221914705 -7.067033004452826e-08 0 -7.084680692064083e-05 -5.268516302912862e-08 0 -9.459471918971117e-05 -4.909677588961492e-08 0 8.712215757095131e-05 -5.3290767846291e-08 0 0.000164613436590813 -5.469045341773004e-08 0 -1.10485800536293e-07 -5.251820349178732e-08 0 -0.0004031691743406896 -4.82847805809497e-08 0 -0.0001111867648612985 -5.178737079621076e-08 0 0.001402181833266763 -6.944648272329962e-08 0 0.0003476709523852344 -7.131287384481293e-08 0 -7.084691650674491e-05 -5.286163427126178e-08 0 -9.45947120070678e-05 -4.918647382272379e-08 0 8.712228003496246e-05 -5.350829404560109e-08 0 0.000164613338580033 -5.496061263477597e-08 0 -1.106575324288883e-07 -5.273505081834079e-08 0 -0.0004031692107658441 -4.837367404818965e-08 0 -0.0001111865053260302 -5.196282846717248e-08 0 0.001402181228867524 -7.008788384388343e-08 0 0.000347671483830414 -7.195574591809666e-08 0 -7.084702593396219e-05 -5.303837954506035e-08 0 -9.45947049793283e-05 -4.927629197650635e-08 0 8.712240239015788e-05 -5.372603680432048e-08 0 0.0001646132403590183 -5.523088294611539e-08 0 -1.108287652346007e-07 -5.295215870990133e-08 0 -0.0004031692460326197 -4.846303686741743e-08 0 -0.0001111862464149849 -5.213878660498966e-08 0 0.001402180622081653 -7.072948764608872e-08 0 0.0003476720164072299 -7.259901418227298e-08 0 -7.084713539956544e-05 -5.321515506029328e-08 0 -9.459469831632482e-05 -4.936627023919421e-08 0 8.71225246946855e-05 -5.394396461206458e-08 0 0.0001646131422134433 -5.550145714891541e-08 0 -1.109997770504201e-07 -5.316947489664853e-08 0 -0.0004031692803068698 -4.855253736644333e-08 0 -0.0001111859873039051 -5.23150336011538e-08 0 0.001402180008086604 -7.137177892094226e-08 0 0.0003476725503888805 -7.324260881558935e-08 0 -7.084724482653293e-05 -5.339204329265351e-08 0 -9.459469210305881e-05 -4.945621211952661e-08 0 8.712264659936629e-05 -5.416190728031733e-08 0 0.0001646130441522175 -5.577212128932141e-08 0 -1.111702785105928e-07 -5.338695659422993e-08 0 -0.000403169312710866 -4.864261162612626e-08 0 -0.0001111857287628554 -5.249182860253553e-08 0 0.0014021793905791 -7.201407365223234e-08 0 0.000347673085305658 -7.388636184824103e-08 0 -7.084735414523979e-05 -5.356902740838443e-08 0 -9.459468642825096e-05 -4.954617004171435e-08 0 8.712276806570328e-05 -5.437988474799038e-08 0 0.0001646129458438561 -5.604284452655206e-08 0 -1.113400002056242e-07 -5.360469097596965e-08 0 -0.0004031693445520901 -4.873268955561672e-08 0 -0.0001111854708282095 -5.266885942569604e-08 0 0.00140217876383554 -7.265687812594429e-08 0 0.0003476736215126813 -7.45302157515934e-08 0 -7.084746328231417e-05 -5.374614980846459e-08 0 -9.45946810003012e-05 -4.963618047571644e-08 0 8.71228892414949e-05 -5.459796740669293e-08 0 0.0001646128473326291 -5.631352909679643e-08 0 -1.115089220959886e-07 -5.382254557838306e-08 0 -0.0004031693748843684 -4.882317776629119e-08 0 -0.000111185213829218 -5.284636882176701e-08 0 0.001402178131719653 -7.329954884466999e-08 0 0.0003476741590116572 -7.517419049751782e-08 0 -7.084757245481854e-05 -5.392318450526262e-08 0 -9.459467610910265e-05 -4.972622273061861e-08 0 8.712301016733369e-05 -5.481613100759286e-08 0 0.0001646127489634275 -5.658440379967267e-08 0 -1.116774016179889e-07 -5.404049265023136e-08 0 -0.0004031694037213845 -4.891378153643738e-08 0 -0.0001111849567375645 -5.302415273782806e-08 0 0.001402177489245468 -7.394261646292283e-08 0 0.00034767469823678 -7.581830513241071e-08 0 -7.084768148202247e-05 -5.410019343794759e-08 0 -9.459467186219427e-05 -4.981607537504068e-08 0 8.712313036206286e-05 -5.503405567548747e-08 0 0.0001646126506918005 -5.685522727789938e-08 0 -1.118449952375267e-07 -5.425847796752814e-08 0 -0.000403169430101491 -4.90049373190124e-08 0 -0.0001111847004068856 -5.32024507825593e-08 0 0.001402176839590541 -7.458534461921018e-08 0 0.000347675238693737 -7.646217651050001e-08 0 -7.084779020125054e-05 -5.427722485091407e-08 0 -9.459466831536477e-05 -4.990576157361259e-08 0 8.712324981781371e-05 -5.525175884001088e-08 0 0.0001646125521309882 -5.712582761170648e-08 0 -1.120114490743518e-07 -5.447664113648193e-08 0 -0.0004031694554331583 -4.909605023223351e-08 0 -0.0001111844448566102 -5.338090757704e-08 0 0.001402176176937303 -7.522825115277576e-08 0 0.0003476757806121083 -7.710572925718333e-08 0 -7.084789850921036e-05 -5.445420906812631e-08 0 -9.459466505599977e-05 -4.999540963602361e-08 0 8.712336872938874e-05 -5.546932753831141e-08 0 0.0001646124533306731 -5.739608668203777e-08 0 -1.121766613210129e-07 -5.469475545909208e-08 0 -0.0004031694786820195 -4.91875258570515e-08 0 -0.0001111841905800381 -5.355976079746832e-08 0 0.001402175504768899 -7.587059340681546e-08 0 0.0003476763239693286 -7.774885633828747e-08 0 -7.084800670767444e-05 -5.463086218387286e-08 0 -9.459466241601432e-05 -5.008492017129218e-08 0 8.712348720696371e-05 -5.568677744014622e-08 0 0.0001646123547778405 -5.766626694214683e-08 0 -1.123411623449267e-07 -5.491274833024223e-08 0 -0.0004031694996694396 -4.927912067645424e-08 0 -0.0001111839364455192 -5.3738839933537e-08 0 0.001402174817947632 -7.651290449481318e-08 0 0.0003476768691255127 -7.839169998986177e-08 0 -7.084811463516083e-05 -5.480719176415016e-08 0 -9.459466055376785e-05 -5.017404030964456e-08 0 8.712360459797729e-05 -5.590368130654194e-08 0 0.0001646122564146063 -5.793612729582814e-08 0 -1.125042678184984e-07 -5.513052493168191e-08 0 -0.0004031695173359606 -4.937124254127817e-08 0 -0.0001111836835154117 -5.391837762554196e-08 0 0.001402174118921962 -7.715430782630206e-08 0 0.0003476774155590361 -7.903369227558325e-08 0 -7.084822215426556e-05 -5.498337262484915e-08 0 -9.459465963267132e-05 -5.026275732428198e-08 0 8.712372088431895e-05 -5.612009873565832e-08 0 0.0001646121577730808 -5.820542282961721e-08 0 -1.126657083322336e-07 -5.534831474911239e-08 0 -0.0004031695332281371 -4.946325317303074e-08 0 -0.0001111834318700128 -5.409802574830868e-08 0 0.001402173401289467 -7.779535253840675e-08 0 0.0003476779636241711 -7.967489022014938e-08 0 -7.084832911533057e-05 -5.515926325243281e-08 0 -9.459465921937692e-05 -5.035132258010555e-08 0 8.712383618184048e-05 -5.633615134028463e-08 0 0.0001646120588759264 -5.847407604647747e-08 0 -1.128252235943439e-07 -5.556581507502184e-08 0 -0.0004031695461677448 -4.955554298771009e-08 0 -0.0001111831820686388 -5.427801827353334e-08 0 0.001402172667672646 -7.843518868601296e-08 0 0.0003476785135239635 -8.031507249886548e-08 0 -7.08484358615119e-05 -5.533458407713104e-08 0 -9.459465975740487e-05 -5.043952410171276e-08 0 8.712395060281318e-05 -5.655187679688006e-08 0 0.0001646119603402884 -5.874240443636686e-08 0 -1.129835558305548e-07 -5.578297775088448e-08 0 -0.0004031695557478454 -4.964794208476425e-08 0 -0.0001111829326821689 -5.445821177254422e-08 0 0.001402171912762776 -7.907440526672138e-08 0 0.0003476790657278988 -8.095452225676673e-08 0 -7.084854209936375e-05 -5.550927858772453e-08 0 -9.459466141722993e-05 -5.052705992145134e-08 0 8.712406326270848e-05 -5.676659702979342e-08 0 0.0001646118620248216 -5.90101224846179e-08 0 -1.131397029535641e-07 -5.599967515396154e-08 0 -0.0004031695607524255 -4.974085422455171e-08 0 -0.0001111826850365705 -5.463880921145747e-08 0 0.001402171137755689 -7.971201891436575e-08 0 0.0003476796196624498 -8.159233521199542e-08 0 -7.08486475860387e-05 -5.568364407765314e-08 0 -9.459466435436657e-05 -5.061385572290023e-08 0 8.712417422303274e-05 -5.698037696105079e-08 0 0.0001646117633889998 -5.927675145265404e-08 0 -1.132934294295574e-07 -5.62162230004562e-08 0 -0.0004031695629750642 -4.983358985709285e-08 0 -0.0001111824392492078 -5.481940753681441e-08 0 0.001402170336111161 -8.034859371678499e-08 0 0.0003476801755501746 -8.22286513081638e-08 0 -7.084875218503484e-05 -5.585738930939665e-08 0 -9.459466794921322e-05 -5.070032679365538e-08 0 8.712428365348356e-05 -5.719337694328613e-08 0 0.0001646116644871964 -5.954219636956914e-08 0 -1.13444241042755e-07 -5.643215440515742e-08 0 -0.0004031695610375169 -4.992652241197354e-08 0 -0.0001111821961328613 -5.500021891483713e-08 0 0.00140216950934717 -8.098310944320425e-08 0 0.0003476807337260273 -8.286306417502191e-08 0 -7.084885642362482e-05 -5.603018486070171e-08 0 -9.459467287531441e-05 -5.078612052514947e-08 0 8.712439174035634e-05 -5.74056987362459e-08 0 0.0001646115662054942 -5.980685417218688e-08 0 -1.135931786133648e-07 -5.664736100422646e-08 0 -0.0004031695541721336 -5.00195763350475e-08 0 -0.0001111819539806186 -5.518115291439085e-08 0 0.001402168652042429 -8.161616352891921e-08 0 0.0003476812947298263 -8.349607151340864e-08 0 -7.084895986465833e-05 -5.620189341953158e-08 0 -9.459467943644105e-05 -5.087088400697326e-08 0 8.712449715174429e-05 -5.761641477721596e-08 0 0.0001646114683128696 -6.007043497693874e-08 0 -1.137387546368229e-07 -5.686166034812173e-08 0 -0.0004031695408734243 -5.011311633457832e-08 0 -0.0001111817145146854 -5.536240749691445e-08 0 0.001402167763592782 -8.224655909626344e-08 0 0.0003476818580101376 -8.412635503062675e-08 0 -7.084906216629772e-05 -5.63730192023465e-08 0 -9.459468786643387e-05 -5.095447564405775e-08 0 8.712459992242515e-05 -5.78256484379952e-08 0 0.0001646113700575491 -6.033226211069746e-08 0 -1.138807477762916e-07 -5.707554629093281e-08 0 -0.0004031695232209476 -5.020638331292016e-08 0 -0.0001111814779294618 -5.554358411836296e-08 0 0.001402166836637936 -8.287490859803376e-08 0 0.0003476824236892106 -8.475415326676671e-08 0 -7.084916312614931e-05 -5.654307144546677e-08 0 -9.4594697323494e-05 -5.103753607498679e-08 0 8.712470020967587e-05 -5.803360750289421e-08 0 0.0001646112713959424 -6.059228011348615e-08 0 -1.140183843589782e-07 -5.728839032673183e-08 0 -0.0004031694994895418 -5.029974307381446e-08 0 -0.0001111812453172406 -5.572490373133287e-08 0 0.001402165870707003 -8.349997476005816e-08 0 0.0003476829923529239 -8.537883911408777e-08 0 -7.084926343181586e-05 -5.671166350244838e-08 0 -9.459470869060958e-05 -5.111949849360975e-08 0 8.712479834609153e-05 -5.824045440708248e-08 0 0.0001646111735830319 -6.085096289788065e-08 0 -1.141532140758139e-07 -5.750008147224761e-08 0 -0.0004031694685911053 -5.039325256823296e-08 0 -0.0001111810144874825 -5.590633011740009e-08 0 0.001402164860290336 -8.412239839872965e-08 0 0.000347683564564688 -8.600123377073415e-08 0 -7.084936259317554e-05 -5.687856972740046e-08 0 -9.459472232026255e-05 -5.119991736135532e-08 0 8.71248925746748e-05 -5.844486453479569e-08 0 0.0001646110763522806 -6.110796945194007e-08 0 -1.142830320516275e-07 -5.771035549960446e-08 0 -0.0004031694287203597 -5.048724984781094e-08 0 -0.0001111807877020726 -5.608799507825223e-08 0 0.001402163802137341 -8.474074930740066e-08 0 0.0003476841399125407 -8.661947545601095e-08 0 -7.084946022929695e-05 -5.704458108830857e-08 0 -9.45947387445689e-05 -5.127856185938723e-08 0 8.712498298556191e-05 -5.864699734008105e-08 0 0.0001646109788888961 -6.136228820202704e-08 0 -1.144075991166238e-07 -5.791986898168872e-08 0 -0.0004031693823949856 -5.05808789878423e-08 0 -0.0001111805651727582 -5.626941579871258e-08 0 0.001402162688722036 -8.535565828964031e-08 0 0.000347684718486188 -8.723390743873433e-08 0 -7.084955583967767e-05 -5.720893203869232e-08 0 -9.459475695595963e-05 -5.135638470130793e-08 0 8.712506947806951e-05 -5.884711034263856e-08 0 0.0001646108810952201 -6.161387062011968e-08 0 -1.145255716927762e-07 -5.812774743919197e-08 0 -0.0004031693273198467 -5.067447922651319e-08 0 -0.000111180348384643 -5.645077376121437e-08 0 0.001402161516874043 -8.596558283020111e-08 0 0.0003476853013224395 -8.78435378291742e-08 0 -7.084965013792743e-05 -5.73711551894035e-08 0 -9.459477799961256e-05 -5.143257146653785e-08 0 8.712515242416395e-05 -5.904546831764917e-08 0 0.0001646107844971434 -6.186328100222376e-08 0 -1.146390550821286e-07 -5.833385415508763e-08 0 -0.0004031692618091803 -5.076827548720214e-08 0 -0.0001111801345519969 -5.663211435739945e-08 0 0.001402160280977657 -8.657119441365241e-08 0 0.0003476858886225231 -8.844945761487394e-08 0 -7.08497425380844e-05 -5.753078837888309e-08 0 -9.45948020984466e-05 -5.150658521132362e-08 0 8.71252295325947e-05 -5.924030153231508e-08 0 0.0001646106885148518 -6.211012862356034e-08 0 -1.147450262167738e-07 -5.853780474761316e-08 0 -0.0004031691833506768 -5.08625902263804e-08 0 -0.0001111799268594255 -5.681360821813835e-08 0 0.001402158973665774 -8.717069671735496e-08 0 0.0003476864799606127 -8.904914526944308e-08 0 -7.084983271221645e-05 -5.768894862333285e-08 0 -9.459483005401502e-05 -5.157801368557008e-08 0 8.712530111704141e-05 -5.943187751135393e-08 0 0.0001646105922437218 -6.235303077941483e-08 0 -1.148435871539633e-07 -5.874049165827122e-08 0 -0.0004031690951411121 -5.095646427727418e-08 0 -0.0001111797256875269 -5.699479008799273e-08 0 0.001402157586136571 -8.776479443629166e-08 0 0.0003476870755679956 -8.964347683083906e-08 0 -7.08499202708851e-05 -5.784466592349824e-08 0 -9.459486060858778e-05 -5.164818468912646e-08 0 8.712536692176419e-05 -5.962055030922507e-08 0 0.000164610495661438 -6.259202761475789e-08 0 -1.149325945665147e-07 -5.894073017414375e-08 0 -0.0004031689943437972 -5.105018637159564e-08 0 -0.0001111795332653237 -5.71758230092853e-08 0 0.001402156110873493 -8.835150958237671e-08 0 0.0003476876773625403 -9.023115682838673e-08 0 -7.085000635333183e-05 -5.79974976889705e-08 0 -9.459489567734124e-05 -5.171589535692828e-08 0 8.712542739815198e-05 -5.98066690477017e-08 0 0.0001646104009823679 -6.282790461237946e-08 0 -1.150148248307792e-07 -5.913837212035561e-08 0 -0.0004031688787322907 -5.114418543446936e-08 0 -0.0001111793459210586 -5.735681822376103e-08 0 0.001402154542244363 -8.893156663684899e-08 0 0.0003476882861860736 -9.081387440049854e-08 0 -7.08500897433767e-05 -5.814688917773342e-08 0 -9.45949357725878e-05 -5.178045725355573e-08 0 8.712547899196453e-05 -5.998758522470642e-08 0 0.0001646103073246335 -6.306017147263836e-08 0 -1.150857346227063e-07 -5.933295638051866e-08 0 -0.0004031687448223659 -5.123872916842215e-08 0 -0.0001111791676832452 -5.753781127677132e-08 0 0.001402152866954387 -8.950273144327227e-08 0 0.0003476889018457773 -9.138794116424209e-08 0 -7.085016958074952e-05 -5.829441838793581e-08 0 -9.459498185271363e-05 -5.184131869877956e-08 0 8.712552206363576e-05 -6.016360348023302e-08 0 0.0001646102133153471 -6.328667599610897e-08 0 -1.151454903092164e-07 -5.952577381528046e-08 0 -0.0004031685966056214 -5.133269970203358e-08 0 -0.0001111789987746775 -5.771819528658378e-08 0 0.001402151075909561 -9.006572633356304e-08 0 0.0003476895236601135 -9.195410752803335e-08 0 -7.085024520769867e-05 -5.843848287830772e-08 0 -9.459503172311311e-05 -5.19004162615605e-08 0 8.71255564626333e-05 -6.033519464598845e-08 0 0.0001646101186805887 -6.350738570182894e-08 0 -1.151910933999645e-07 -5.971512732211302e-08 0 -0.0004031684298376054 -5.142644596712459e-08 0 -0.00011117884253041 -5.789816349185267e-08 0 0.001402149155361715 -9.061794663083046e-08 0 0.0003476901540448717 -9.251029227906604e-08 0 -7.085031826591093e-05 -5.857835655952159e-08 0 -9.459508788263459e-05 -5.195604805066645e-08 0 8.712558313885009e-05 -6.050296634529938e-08 0 0.0001646100267986838 -6.372326810145933e-08 0 -1.152268715443006e-07 -5.990069069927716e-08 0 -0.0004031682415469029 -5.152070949900056e-08 0 -0.0001111786942575993 -5.807801324846789e-08 0 0.001402147100018999 -9.116007461743016e-08 0 0.0003476907932027928 -9.305878743547796e-08 0 -7.085038744554517e-05 -5.871310305473332e-08 0 -9.459515094514813e-05 -5.200736012331286e-08 0 8.712559711286648e-05 -6.066350953341791e-08 0 0.0001646099366018477 -6.393381918236989e-08 0 -1.152461941572547e-07 -6.008176077834658e-08 0 -0.0004031680271513599 -5.161568562318808e-08 0 -0.0001111785599630655 -5.825774777087205e-08 0 0.001402144888018417 -9.168917590798854e-08 0 0.0003476914411687931 -9.359463671448909e-08 0 -7.085045187650574e-05 -5.884497621556212e-08 0 -9.459522265180263e-05 -5.205350228718736e-08 0 8.712559885065695e-05 -6.081734722079844e-08 0 0.0001646098463816553 -6.413628413776128e-08 0 -1.152492669353977e-07 -6.026010450441847e-08 0 -0.0004031677920304788 -5.17100127587003e-08 0 -0.000111178440127313 -5.843672958982109e-08 0 0.001402142508671614 -9.220607031547313e-08 0 0.0003476920975513803 -9.411951571586252e-08 0 -7.085051081033578e-05 -5.897192522762856e-08 0 -9.459530027743078e-05 -5.209711075471885e-08 0 8.712558770104793e-05 -6.096503662837703e-08 0 0.0001646097556348702 -6.433080111580695e-08 0 -1.152313453822673e-07 -6.043353738445499e-08 0 -0.0004031675301059967 -5.180400131695601e-08 0 -0.0001111783391943011 -5.861509903924005e-08 0 0.001402139938437727 -9.270727219581888e-08 0 0.0003476927669192608 -9.463095961264462e-08 0 -7.085056644796917e-05 -5.909316684420129e-08 0 -9.459538784060971e-05 -5.213573001355137e-08 0 8.712556471376919e-05 -6.110732265248579e-08 0 0.000164609668942911 -6.451857795155418e-08 0 -1.151984254377192e-07 -6.060179120071645e-08 0 -0.0004031672371420381 -5.18987939950033e-08 0 -0.0001111782504700232 -5.879328265206984e-08 0 0.0014021371720465 -9.319352924259951e-08 0 0.0003476934502029682 -9.513236521197649e-08 0 -7.085061634358458e-05 -5.920763642731919e-08 0 -9.459548616788659e-05 -5.216811633807633e-08 0 8.712552264782124e-05 -6.123908186453363e-08 0 0.000164609584493533 -6.46988436029186e-08 0 -1.151410554539556e-07 -6.076393028325854e-08 0 -0.0004031669063701421 -5.199461179314357e-08 0 -0.0001111781824085917 -5.89712749344412e-08 0 0.00140213417414399 -9.366108274806024e-08 0 0.0003476941482140477 -9.561670655244825e-08 0 -7.085065879472441e-05 -5.931865291585597e-08 0 -9.459559758182022e-05 -5.219320734200367e-08 0 8.712546225758676e-05 -6.136097000040279e-08 0 0.0001646094999923075 -6.486740714364835e-08 0 -1.150600051902329e-07 -6.09222945554752e-08 0 -0.0004031665451555005 -5.208986374183322e-08 0 -0.0001111781355962599 -5.914833386879564e-08 0 0.001402130932676479 -9.411089418962655e-08 0 0.0003476948586326883 -9.608530069163401e-08 0 -7.085069246386133e-05 -5.942308121606454e-08 0 -9.459571769789009e-05 -5.221500499162646e-08 0 8.712538272651059e-05 -6.147402472050227e-08 0 0.0001646094146174892 -6.502441154184606e-08 0 -1.149483886131408e-07 -6.107369672145312e-08 0 -0.0004031661448883062 -5.218490586617747e-08 0 -0.0001111781171814624 -5.932462671977278e-08 0 0.001402127409778797 -9.453827502173968e-08 0 0.0003476955867543485 -9.653368262911577e-08 0 -7.085072046844609e-05 -5.951963033632574e-08 0 -9.459585180154882e-05 -5.223017798469676e-08 0 8.712528596158119e-05 -6.157953117130048e-08 0 0.0001646093351111571 -6.517169790724169e-08 0 -1.148148099927538e-07 -6.121762903977394e-08 0 -0.0004031657002893235 -5.228128949295169e-08 0 -0.000111178118358965 -5.950073400824706e-08 0 0.001402123601061053 -9.494378104893399e-08 0 0.0003476963320831055 -9.696629321969547e-08 0 -7.08507404038744e-05 -5.96062562085997e-08 0 -9.459600075273354e-05 -5.223721916049889e-08 0 8.712516190975682e-05 -6.167099790999746e-08 0 0.0001646092591027492 -6.530855282699948e-08 0 -1.146454232381311e-07 -6.135290613138582e-08 0 -0.0004031652016654313 -5.237915345641247e-08 0 -0.0001111781511299592 -5.967655482188444e-08 0 0.001402119452212094 -9.532209175461272e-08 0 0.0003476970971006826 -9.737384369396668e-08 0 -7.085075099393101e-05 -5.968694814784124e-08 0 -9.459616893550681e-05 -5.22342094464931e-08 0 8.712501155047624e-05 -6.174929930487931e-08 0 0.0001646091837901875 -6.542962330789713e-08 0 -1.144413792619714e-07 -6.148290776584324e-08 0 -0.0004031646588666671 -5.247644658049055e-08 0 -0.0001111782158667585 -5.985124746418075e-08 0 0.001402114948611047 -9.567412506249902e-08 0 0.0003476978802589292 -9.775957001724456e-08 0 -7.085075015815512e-05 -5.975761601696715e-08 0 -9.459635114443531e-05 -5.222565057239753e-08 0 8.712483264530778e-05 -6.181454992315592e-08 0 0.000164609107918448 -6.553494229493555e-08 0 -1.141922176678367e-07 -6.160370758477583e-08 0 -0.0004031640590625996 -5.257362750091948e-08 0 -0.0001111783224492652 -6.002501637663443e-08 0 0.001402110030809284 -9.599277463450545e-08 0 0.0003476986924177277 -9.812015903769289e-08 0 -7.085074128403146e-05 -5.981723859901227e-08 0 -9.459655547205957e-05 -5.220672872480181e-08 0 8.712462731468028e-05 -6.186810416492632e-08 0 0.0001646090408968098 -6.562573639460471e-08 0 -1.139100821445594e-07 -6.171477778902505e-08 0 -0.0004031633950239977 -5.267317727906257e-08 0 -0.0001111784584323372 -6.019880199274047e-08 0 0.001402104694133335 -9.627871908925167e-08 0 0.0003476995329457915 -9.846199519603083e-08 0 -7.085071975310164e-05 -5.986451661211394e-08 0 -9.459678255739622e-05 -5.217564123544821e-08 0 8.712438104931107e-05 -6.190057246727858e-08 0 0.0001646089787921273 -6.570060199356796e-08 0 -1.135747803165899e-07 -6.18137435169988e-08 0 -0.0004031626524087367 -5.277544092279624e-08 0 -0.0001111786416259225 -6.037257728117029e-08 0 0.00140209885320286 -9.652564600393099e-08 0 0.0003477004045665671 -9.877042462906604e-08 0 -7.085068284731766e-05 -5.990722547807163e-08 0 -9.459703834915899e-05 -5.213109922821285e-08 0 8.712409560136801e-05 -6.191379255289507e-08 0 0.0001646089177495952 -6.575223001140106e-08 0 -1.13188426714701e-07 -6.190451084294583e-08 0 -0.000403161845517544 -5.287791801904945e-08 0 -0.0001111788728095781 -6.054525472469485e-08 0 0.001402092489758977 -9.673514379804349e-08 0 0.0003477013020511121 -9.904732388085757e-08 0 -7.085062829609301e-05 -5.993883171132723e-08 0 -9.459731454998509e-05 -5.208259075319827e-08 0 8.712376761844941e-05 -6.191184864778875e-08 0 0.0001646088557083341 -6.578191921475378e-08 0 -1.127353651542107e-07 -6.198141073131268e-08 0 -0.0004031609556506138 -5.29811102038813e-08 0 -0.0001111791675696971 -6.07169316924755e-08 0 0.001402085509353251 -9.689816727644074e-08 0 0.0003477022382811084 -9.928196932976197e-08 0 -7.085056243581744e-05 -5.995477945185122e-08 0 -9.459762313475394e-05 -5.202251658099899e-08 0 8.712340074604195e-05 -6.189703680419682e-08 0 0.0001646088060820311 -6.57947145507251e-08 0 -1.122331044905956e-07 -6.204426865330513e-08 0 -0.0004031599729901747 -5.308742045181253e-08 0 -0.0001111795083303391 -6.088824458169717e-08 0 0.001402077910763272 -9.701374146034447e-08 0 0.0003477032130004276 -9.948379196822454e-08 0 -7.085047985615212e-05 -5.994995092798576e-08 0 -9.459796500359273e-05 -5.194484732195387e-08 0 8.712297479021579e-05 -6.185216622558996e-08 0 0.0001646087639954052 -6.578839733661217e-08 0 -1.116525732425222e-07 -6.209249888821515e-08 0 -0.0004031588761334859 -5.319725912382445e-08 0 -0.0001111799208449449 -6.105935915559635e-08 0 0.001402069566718137 -9.706908063195768e-08 0 0.0003477042398298546 -9.964169002570078e-08 0 -7.085037786649928e-05 -5.993079567161162e-08 0 -9.45983507536635e-05 -5.184453053756061e-08 0 8.712249170847451e-05 -6.177726350527905e-08 0 0.0001646087263853096 -6.574746178305417e-08 0 -1.109973858520697e-07 -6.213296016403801e-08 0 -0.0004031576845232449 -5.3308100145949e-08 0 -0.0001111804058080007 -6.122990399252959e-08 0 0.001402060451836551 -9.706487855663803e-08 0 0.000347705313599525 -9.976250471901982e-08 0 -7.085025076694618e-05 -5.989334479674506e-08 0 -9.459877059277143e-05 -5.17288076080577e-08 0 8.712194307630704e-05 -6.166994091089116e-08 0 0.0001646086895254611 -6.566967867150524e-08 0 -1.102431882310473e-07 -6.215571782004074e-08 0 -0.0004031563700659241 -5.342152996010152e-08 0 -0.0001111809866722741 -6.140075079451301e-08 0 0.001402050418058687 -9.698509738972211e-08 0 0.0003477064592115469 -9.983726878114857e-08 0 -7.085010256557833e-05 -5.984371134488269e-08 0 -9.459924251950523e-05 -5.159296930651314e-08 0 8.712133304403234e-05 -6.153537105216266e-08 0 0.0001646086699385457 -6.55566937618826e-08 0 -1.094142857427327e-07 -6.215668036865794e-08 0 -0.0004031549210331831 -5.354339031871103e-08 0 -0.0001111816394804566 -6.157397349978999e-08 0 0.001402039455932369 -9.683164225917501e-08 0 0.0003477076683727209 -9.987242888080672e-08 0 -7.084992201179807e-05 -5.97790396992398e-08 0 -9.459976581792372e-05 -5.144536396883836e-08 0 8.712063006949265e-05 -6.137096476410002e-08 0 0.0001646086577289651 -6.541146187286766e-08 0 -1.08468138124147e-07 -6.212903199114687e-08 0 -0.0004031533055574854 -5.36741129510826e-08 0 -0.0001111824029862291 -6.174909038085541e-08 0 0.001402027359824906 -9.659497255884442e-08 0 0.000347708934333793 -9.981900271367056e-08 0 -7.084970317487727e-05 -5.97081952474071e-08 0 -9.460035161799883e-05 -5.128251124621175e-08 0 8.711984009668326e-05 -6.118299179010826e-08 0 0.0001646086458465257 -6.523542626750421e-08 0 -1.074114855392727e-07 -6.208196450408625e-08 0 -0.0004031515512609163 -5.38060489956374e-08 0 -0.0001111832761334502 -6.192202145396258e-08 0 0.001402014106499289 -9.627581282981718e-08 0 0.0003477102479819832 -9.968120531951563e-08 0 -7.084945003965615e-05 -5.960658344683621e-08 0 -9.460097470929961e-05 -5.111492252553307e-08 0 8.711896926633099e-05 -6.096967975193628e-08 0 0.0001646086366629273 -6.503244042149052e-08 0 -1.062099380388881e-07 -6.201582455119674e-08 0 -0.0004031496156265968 -5.394046620303683e-08 0 -0.0001111842967508742 -6.209311605512302e-08 0 0.001401999484602776 -9.584917845355256e-08 0 0.000347711684609564 -9.94641327391188e-08 0 -7.084919160262049e-05 -5.944702670228341e-08 0 -9.46016727781107e-05 -5.091383152491108e-08 0 8.711802420791058e-05 -6.072496711462953e-08 0 0.000164608678820774 -6.479641964044629e-08 0 -1.048992485097555e-07 -6.19381087191631e-08 0 -0.000403147482162497 -5.408169470415281e-08 0 -0.000111185432626143 -6.226334799824818e-08 0 0.001401983504483006 -9.530493342343321e-08 0 0.00034771326164032 -9.919912163230959e-08 0 -7.084889762989932e-05 -5.923513812962355e-08 0 -9.460246998503617e-05 -5.063970149373626e-08 0 8.71169307717634e-05 -6.037306480872333e-08 0 0.0001646087575485483 -6.450340458378361e-08 0 -1.033999699195887e-07 -6.184435971407636e-08 0 -0.0004031451031715066 -5.423372354072115e-08 0 -0.0001111867440957148 -6.243548361390544e-08 0 0.001401965834968419 -9.461400213989224e-08 0 0.000347715036413676 -9.88657010486324e-08 0 -7.084852704104805e-05 -5.902400045283696e-08 0 -9.460338213530815e-05 -5.030086186116889e-08 0 8.71156870663886e-05 -5.991665482252966e-08 0 0.0001646088363647657 -6.408596331906878e-08 0 -1.017118409496432e-07 -6.173343154898535e-08 0 -0.0004031425201764943 -5.440283723512351e-08 0 -0.0001111882323437535 -6.261515296188125e-08 0 0.001401946381070704 -9.378872567293584e-08 0 0.0003477169486263281 -9.845604813894793e-08 0 -7.084805029294872e-05 -5.88140273453594e-08 0 -9.460436268354798e-05 -4.996753812536864e-08 0 8.711428980930079e-05 -5.942107413319658e-08 0 0.0001646088971114234 -6.35539480478217e-08 0 -9.979218786037693e-08 -6.155463470967208e-08 0 -0.0004031396657887126 -5.459250105362828e-08 0 -0.000111189948201626 -6.280179900772231e-08 0 0.001401924711546931 -9.282149696088204e-08 0 0.0003477188489374033 -9.788262895268213e-08 0 -7.084746981193824e-05 -5.861142542574332e-08 0 -9.460543359096628e-05 -4.964299203224359e-08 0 8.711276610720574e-05 -5.892351157346654e-08 0 0.0001646089895413066 -6.299259853667637e-08 0 -9.771442462113813e-08 -6.128841633246811e-08 0 -0.000403136503424828 -5.480267386854393e-08 0 -0.00011119182232186 -6.299092189260974e-08 0 0.001401900809546441 -9.172684082084381e-08 0 0.0003477207137633775 -9.716544807029243e-08 0 -7.084686892318282e-05 -5.835668248632686e-08 0 -9.460655119396254e-05 -4.935263607334928e-08 0 8.711111692347172e-05 -5.845052575888937e-08 0 0.0001646091293653895 -6.244849808274831e-08 0 -9.538214468251651e-08 -6.096355775059291e-08 0 -0.0004031329600260591 -5.503031238075079e-08 0 -0.0001111939538552126 -6.318031316263767e-08 0 0.001401874229661842 -9.047887200748506e-08 0 0.0003477228181613251 -9.639579122769359e-08 0 -7.084642863904034e-05 -5.79721439256109e-08 0 -9.46078497470748e-05 -4.902230588306467e-08 0 8.710932617697618e-05 -5.797773291581904e-08 0 0.0001646093886416705 -6.193787199619548e-08 0 -9.279193735611371e-08 -6.06537276879454e-08 0 -0.0004031291147466171 -5.523954537973302e-08 0 -0.0001111963644567088 -6.335764313365744e-08 0 0.001401844986693282 -8.901932496176157e-08 0 0.0003477253002028834 -9.564289664074077e-08 0 -7.084605079205053e-05 -5.748084912823165e-08 0 -9.460951208239975e-05 -4.851230356404251e-08 0 8.710710820386546e-05 -5.726336243117719e-08 0 0.0001646096980423006 -6.138390525132347e-08 0 -8.979138164943558e-08 -6.041577333727731e-08 0 -0.000403124864169685 -5.544663722167192e-08 0 -0.0001111991567684795 -6.354321680120123e-08 0 0.001401812493017726 -8.711815537455064e-08 0 0.0003477285603731422 -9.504632786025424e-08 0 -7.084549347084745e-05 -5.700836970459061e-08 0 -9.461155605211545e-05 -4.782422016475635e-08 0 8.710444011456041e-05 -5.626789141913169e-08 0 0.0001646098921633671 -6.051637289113813e-08 0 -8.643396519347315e-08 -6.024169856358451e-08 0 -0.0004031201631477244 -5.572315062152277e-08 0 -0.0001112022853860251 -6.378059225035926e-08 0 0.001401776659206627 -8.469632287871898e-08 0 0.0003477323687277045 -9.456297508318029e-08 0 -7.084462365331001e-05 -5.669290905219865e-08 0 -9.461375509320356e-05 -4.70756361531377e-08 0 8.71013933946979e-05 -5.50493832931348e-08 0 0.0001646099181827065 -5.927685902459151e-08 0 -8.27239350353848e-08 -5.994230334489813e-08 0 -0.0004031148900896508 -5.609245743234958e-08 0 -0.0001112058800827737 -6.408504664087711e-08 0 0.00140173658459293 -8.167071721427305e-08 0 0.0003477358597545748 -9.372536956611666e-08 0 -7.08433176707518e-05 -5.672353301823529e-08 0 -9.461611046487904e-05 -4.641599828970888e-08 0 8.709811133815469e-05 -5.375319342242058e-08 0 0.0001646099374885412 -5.781234514289774e-08 0 -7.883213681835868e-08 -5.936682779313779e-08 0 -0.0004031090851065733 -5.658616823375761e-08 0 -0.0001112098634034886 -6.446033942470591e-08 0 0.001401691979800723 -7.826093208120749e-08 0 0.0003477390663833151 -9.244888173401411e-08 0 -7.084205154986312e-05 -5.689116404795219e-08 0 -9.461832960154513e-05 -4.620172371766484e-08 0 8.709488318832391e-05 -5.29117042047042e-08 0 0.0001646101570089153 -5.640171172726499e-08 0 -7.45538869667506e-08 -5.847655015767117e-08 0 -0.0004031026276932054 -5.717186256446599e-08 0 -0.0001112144507083718 -6.484024878215117e-08 0 0.001401641994615094 -7.48777882779092e-08 0 0.0003477444062088275 -9.030551283498167e-08 0 -7.084180656848071e-05 -5.666327288714884e-08 0 -9.46210029737493e-05 -4.612433042276709e-08 0 8.709160736537767e-05 -5.247402328975581e-08 0 0.0001646110417898305 -5.561654169150554e-08 0 -6.977757091574779e-08 -5.748101791335641e-08 0 -0.0004030957109599498 -5.761737084577361e-08 0 -0.0001112196408889904 -6.503345430751428e-08 0 0.001401586886739525 -7.152303271775601e-08 0 0.0003477527684059705 -8.73512541474733e-08 0 -7.084123911442475e-05 -5.584273419807079e-08 0 -9.462520070223356e-05 -4.538854357118149e-08 0 8.708686764950789e-05 -5.121262497236045e-08 0 0.0001646122606696748 -5.518787442228973e-08 0 -6.380151300333205e-08 -5.692278313464139e-08 0 -0.0004030881056932695 -5.793982246760087e-08 0 -0.000111225705777443 -6.50550107334294e-08 0 0.001401525184822977 -6.776598590347432e-08 0 0.0003477637189533006 -8.317464122650774e-08 0 -7.083788727298146e-05 -5.443632531201836e-08 0 -9.462986923328141e-05 -4.386140094094632e-08 0 8.708076426817978e-05 -4.87969265775684e-08 0 0.0001646127272963427 -5.361627696681692e-08 0 -5.653850278230624e-08 -5.709194797649808e-08 0 -0.0004030796811162335 -5.824310810899346e-08 0 -0.000111232612363496 -6.50064721791771e-08 0 0.001401457158108452 -6.292172245996736e-08 0 0.0003477746216274946 -7.766162696785926e-08 0 -7.083185983479401e-05 -5.266090384418998e-08 0 -9.463240560214635e-05 -4.162626356541549e-08 0 8.70759401208898e-05 -4.510389665056402e-08 0 0.0001646128184220052 -5.036256013005863e-08 0 -4.856509301653492e-08 -5.723640183162571e-08 0 -0.0004030701190969738 -5.86754861191252e-08 0 -0.00011124044126129 -6.505966057644001e-08 0 0.001401380555811876 -5.608553639221969e-08 0 0.0003477783752142971 -7.055836438035755e-08 0 -7.082502690751447e-05 -5.126186471485217e-08 0 -9.463334566649216e-05 -3.949186573679736e-08 0 8.707294470394754e-05 -4.085142179133944e-08 0 0.0001646148754484711 -4.556643564291446e-08 0 -4.092536931565419e-08 -5.631715897444489e-08 0 -0.0004030588305835164 -5.988458404680706e-08 0 -0.0001112486277056735 -6.571528540517262e-08 0 0.001401293688960525 -4.801199924003157e-08 0 0.0003477763954805174 -6.23515785400444e-08 0 -7.082048664144858e-05 -4.958979315464879e-08 0 -9.46342847301662e-05 -3.951484375298853e-08 0 8.70701011369268e-05 -3.972865474100029e-08 0 0.0001646191993639884 -4.078904692998708e-08 0 -3.223654307382254e-08 -5.355060355219376e-08 0 -0.0004030456965118945 -6.1726523676274e-08 0 -0.0001112576745068289 -6.675376238145929e-08 0 0.00140119255358119 -4.077417832884511e-08 0 0.0003477813046638272 -5.389442394362204e-08 0 -7.082362121710317e-05 -4.666782116042462e-08 0 -9.463777012237716e-05 -4.072838399697687e-08 0 8.706578416241283e-05 -4.199502521423648e-08 0 0.0001646242163697853 -4.033199283055844e-08 0 -2.097319296012316e-08 -4.952825484894757e-08 0 -0.000403032461509259 -6.309170199909202e-08 0 -0.0001112681674406146 -6.743949901386741e-08 0 0.001401074818190087 -3.552427182799966e-08 0 0.0003477967792684805 -4.615061553660954e-08 0 -7.082826548572563e-05 -4.154554912854519e-08 0 -9.46497424343523e-05 -4.052128994326554e-08 0 8.705344904966215e-05 -4.346087298726098e-08 0 0.0001646272675448479 -4.396026174243589e-08 0 -6.054277398854818e-09 -4.743352484924689e-08 0 -0.000403018314153944 -6.392209280121906e-08 0 -0.0001112807892919843 -6.773547940944201e-08 0 0.001400938266937893 -3.035282161983204e-08 0 0.0003478127339015812 -4.681292577798229e-08 0 -7.082041768015357e-05 -3.403347252194793e-08 0 -9.466487964543412e-05 -3.738506063055701e-08 0 8.703430593197391e-05 -4.190071113772259e-08 0 0.0001646245186232853 -4.580671333041797e-08 0 1.110938607773889e-08 -4.978850123502076e-08 0 -0.0004030015345012766 -6.388568289314445e-08 0 -0.0001112952609067103 -6.734753459775032e-08 0 0.001400789037796391 -2.117053348425767e-08 0 0.0003478134044530706 -5.758531024593894e-08 0 -7.081033642969414e-05 -2.87875429397233e-08 0 -9.466777119539192e-05 -2.884569971339096e-08 0 8.702405220652186e-05 -3.22258498193853e-08 0 0.0001646198605872728 -4.194865726482588e-08 0 2.672149830574174e-08 -5.469117003633477e-08 0 -0.0004029817067187219 -6.378780063442252e-08 0 -0.000111312509041589 -6.73867436304723e-08 0 0.001400628492092035 -2.424382136885499e-09 0 0.0003477889843111481 -8.993694493829306e-08 0 -7.081822809638927e-05 -3.370558711128512e-08 0 -9.467107326970035e-05 -1.982460146651016e-08 0 8.702306977607931e-05 -1.652311907521936e-08 0 0.0001646274426011229 -2.82284125033283e-08 0 3.797963539498458e-08 -5.719942296200652e-08 0 -0.0004029580465188948 -6.760859602630148e-08 0 -0.0001113325840089302 -7.061693576421167e-08 0 0.001400453801418539 2.51550387447147e-08 0 0.0003477625106205195 -1.421828237542499e-07 0 -7.085000480730463e-05 -5.308793888866847e-08 0 -9.46978444729407e-05 -2.237014178063657e-08 0 8.70027010508173e-05 -1.24472802646644e-08 0 0.0001646436557530828 -1.02118953362873e-08 0 5.343583471540288e-08 -5.159716506396988e-08 0 -0.0004029308118673885 -7.472905593462753e-08 0 -0.0001113564159366531 -7.593368035740954e-08 0 0.00140024405332044 5.470801037188444e-08 0 0.0003478339980197558 -1.922194550092737e-07 0 -7.090426951394946e-05 -8.485102252504123e-08 0 -9.475050191695698e-05 -3.352313258410399e-08 0 8.695599035554723e-05 -2.196627624326958e-08 0 0.0001646419306239321 -9.388985536956661e-09 0 8.16934202646546e-08 -3.784316141789561e-08 0 -0.0004029069350668935 -8.076201376584768e-08 0 -0.0001113847109174421 -7.986486295734341e-08 0 0.001399982648244563 8.013304341348422e-08 0 0.0003480277750726318 -2.330576224359934e-07 0 -7.092782870718461e-05 -1.217304674300951e-07 0 -9.482612760393359e-05 -4.424907257445653e-08 0 8.68880134328731e-05 -2.536436515595403e-08 0 0.0001646157618738902 -2.554137123241678e-08 0 1.173163622775241e-07 -2.91765640163602e-08 0 -0.0004028829782331267 -8.521588846979039e-08 0 -0.0001114188083803647 -8.130792694596017e-08 0 0.0013996683920518 1.066208078171968e-07 0 0.0003482280263885084 -2.431264630921997e-07 0 -7.083107778858844e-05 -1.425065908715328e-07 0 -9.488443963065472e-05 -4.561591905941075e-08 0 8.68192495303982e-05 -1.172788127896951e-08 0 0.0001645829269111415 -3.072379200098201e-08 0 1.468194572168446e-07 -3.934449707004849e-08 0 -0.0004028492240708975 -8.32762746044366e-08 0 -0.0001114536912358161 -7.699370133725653e-08 0 0.001399328500690161 1.448481652920053e-07 0 0.000348330640070435 -2.189564105381861e-07 0 -7.068239781665708e-05 -1.515834053547257e-07 0 -9.482834681281969e-05 -1.52678608141693e-08 0 8.684592962766856e-05 4.888173603303374e-08 0 0.0001645763323613741 -6.00745519909601e-09 0 1.664934068251788e-07 -6.041452964723054e-08 0 -0.000402805382002977 -7.861017301338813e-08 0 -0.0001114943177849687 -7.10345933324641e-08 0 0.001398970491571394 2.099078536153473e-07 0 0.0003482947118328 -1.181084055435627e-07 0 -7.06542745790989e-05 -1.685950036601005e-07 0 -9.473844766205718e-05 2.041501913265659e-08 0 8.695423151408586e-05 1.432150805160889e-07 0 0.0001646596488461688 7.506736066000691e-08 0 1.831312367445203e-07 -6.919026913562719e-08 0 -0.0004027554383685683 -8.92561570530262e-08 0 -0.0001115492164635301 -7.553335438018062e-08 0 0.001398577739115864 3.014348871942588e-07 0 0.0003482155830728944 1.028426383766975e-07 0 -7.070596247246708e-05 -1.598527762840598e-07 0 -9.481177909960446e-05 -2.06534919375244e-11 0 8.691599658636194e-05 1.586523995381409e-07 0 0.0001647848947815555 1.793365162830463e-07 0 2.309209164164149e-07 -3.797610984967308e-08 0 -0.0004027005998703537 -1.10941864995065e-07 0 -0.0001116141963028311 -8.595437876821739e-08 0 0.001398068371533112 3.990457740649794e-07 0 0.00034835958979261 5.738292065370075e-07 0 -7.072569090385561e-05 -8.544255427310465e-08 0 -9.494023539893813e-05 -5.235907604879407e-08 0 8.671023862671932e-05 7.308350332291963e-08 0 0.0001647432418380862 1.73520769364277e-07 0 3.263708825557198e-07 3.705351230530451e-08 0 -0.0004026487765690645 -1.281259595885265e-07 0 -0.0001116796273564619 -9.144981149254717e-08 0 0.001397426059226506 4.921233926081375e-07 0 0.0003487426808307797 1.239277315697416e-06 0 -7.054754201499258e-05 1.1013792294845e-07 0 -9.49537566776598e-05 -9.312289985831389e-08 0 8.661871880950854e-05 -6.18488251854718e-08 0 0.0001645634905687448 3.523795019666486e-08 0 4.038561668001693e-07 8.413452631545608e-08 0 -0.0004025982558074348 -1.368440174709037e-07 0 -0.000111762718717906 -8.820362043526765e-08 0 0.001396758856967939 5.868770076048954e-07 0 0.0003487328742983325 1.710045581354916e-06 0 -6.995906854373457e-05 4.736731283013287e-07 0 -9.476067445651769e-05 -9.293904285750942e-08 0 8.674788643994734e-05 -1.95703955316491e-07 0 0.0001645924361167589 -1.55852444425758e-07 0 3.929347762166068e-07 2.262263107746798e-08 0 -0.0004025272461218865 -1.162668692919477e-07 0 -0.0001118643308816586 -6.537638408670585e-08 0 0.001396188158148459 7.028071499345575e-07 0 0.000348018085623028 1.761224407526712e-06 0 -6.945602622822344e-05 8.321920619818595e-07 0 -9.41618679458217e-05 4.435106051251663e-08 0 8.722675011323121e-05 -1.939902279507466e-07 0 0.0001649378086352737 -3.102759866266749e-07 0 4.540908005723531e-07 -1.428827287302398e-07 0 -0.0004024301012721526 -8.818706575923485e-08 0 -0.0001120019833915631 -3.714698790756311e-08 0 0.00139554606801913 8.27716688871563e-07 0 0.000347012892668197 1.18052679237788e-06 0 -6.993733022085669e-05 8.190590009950551e-07 0 -9.370826420522503e-05 1.699228017763496e-07 0 8.785242815219362e-05 -7.551204064728395e-08 0 0.0001655122102125067 -2.569292178958987e-07 0 7.814086985524815e-07 -3.191864793288673e-07 0 -0.0004023686587165953 -1.302776295661334e-07 0 -0.0001122240405555808 -4.463890883321663e-08 0 0.001394517254566824 9.222234609047169e-07 0 0.0003461180967409827 3.987287404286569e-07 0 -7.105930135528626e-05 5.66117829719527e-07 0 -9.448461644868954e-05 -2.425509648251031e-08 0 8.734639450201641e-05 -1.610314794295645e-07 0 0.0001659372855204038 -3.907925308615361e-08 0 1.303646196701429e-06 -3.593521376819842e-07 0 -0.0004023045721554402 -2.252587447543197e-07 0 -0.000112422360656339 -5.775853706684731e-08 0 0.001392633335467797 8.695099892536487e-07 0 0.000345853324425771 1.22074168699797e-07 0 -7.175224294292404e-05 3.846402830834718e-07 0 -9.573511338460682e-05 -2.193527904046158e-07 0 8.573693648125656e-05 -4.457770981765654e-07 0 0.0001652433505621581 1.804188323652894e-08 0 1.732705995155519e-06 -1.800354254817907e-07 0 -0.0004020286317568955 -3.180211255848081e-07 0 -0.0001123895125094698 -3.912052611281651e-08 0 0.001389864959548515 5.492119722538477e-07 0 0.0003459724038169104 2.167574282606679e-07 0 -7.213195449486121e-05 3.130378832929062e-07 0 -9.596818817406148e-05 -8.795571663361433e-09 0 8.516959081296403e-05 -2.720392959171605e-07 0 0.0001638907628150887 -5.110020405776902e-08 0 1.619867222246723e-06 8.277498576413772e-08 0 -0.0004016566194501719 -3.720190685126134e-07 0 -0.0001123192522461541 2.306788463111314e-08 0 0.001386978423098276 -1.700429823336956e-07 0 0.0003459699925076192 -9.016077604662858e-07 0 -7.24003026943143e-05 6.281411115060738e-07 0 -9.602872539274386e-05 5.307505995368403e-07 0 8.59885605404148e-05 5.053273483077851e-07 0 0.0001644015010893729 2.354669385229089e-07 0 8.592943629010018e-07 1.734524464058751e-07 0 -0.0004015007240846108 -2.811046354959934e-07 0 -0.0001125492447263954 1.424111901286717e-07 0 0.001384093922698768 -1.266362029231013e-06 0 0.000347374256917568 -4.99585726479023e-06 0 -7.300736061077728e-05 1.293422812430334e-08 0 -9.66547049926214e-05 1.381679424090724e-06 0 8.598320238838163e-05 1.645613149273313e-06 0 0.0001666134199431734 9.929811579994714e-07 0 9.63354632996243e-07 1.321687242887906e-07 0 -0.0004013484273833606 -1.570208919146956e-07 0 -0.0001131717015434436 1.172347128160219e-07 0 0.001378977647903665 -1.704872065029506e-06 0 0.0003534118043913431 -1.239041653726663e-05 0 -7.474874178202418e-05 -3.222686155968622e-06 0 -9.853078059507413e-05 1.454526166231804e-06 0 8.442490770556309e-05 2.716139620132993e-06 0 0.0001668973735866053 2.000533561712439e-06 0 3.466925662470868e-06 1.494935766774285e-07 0 -0.0004014475241786442 -2.340944538960914e-07 0 -0.0001143041378342674 -2.502545099949273e-07 0 0.001370679835147548 -3.684640494877952e-07 0 0.000365583287635543 -2.101112684297669e-05 0 -7.514322564940168e-05 -7.828027900339677e-06 0 -0.0001026257867199204 -7.179670600760205e-07 0 8.109667512989914e-05 2.102960608891396e-06 0 0.0001644526211631164 2.756736686796227e-06 0 5.926591222629734e-06 4.239035299247531e-07 0 -0.0004011397482858725 -5.857629697351289e-07 0 -0.000115192509626369 -1.092279328793883e-06 0 0.001361393549059925 4.049025093569475e-06 0 0.0003818480811180469 -2.788981786638455e-05 0 -7.058381893265686e-05 -1.11100719723126e-05 0 -0.0001055590987124599 -2.846772328192644e-06 0 7.697814077417541e-05 1.30304730135318e-07 0 0.0001610807804723474 2.285727482980413e-06 0 4.640773237474254e-06 1.011039841582704e-06 0 -0.0003982862311026347 -1.20090088143697e-06 0 -0.0001141737806825555 -2.414596376758804e-06 0 0.001355727160163259 1.156623853918251e-05 0 0.0003922813629721189 -3.065739507600393e-05 0 -6.373512542658111e-05 -1.144803082756517e-05 0 -0.0001026203250336366 -1.486058314187008e-06 0 7.720662424265388e-05 1.499457681976811e-06 0 0.0001588730628681867 1.165348638978818e-06 0 5.396605423091436e-07 1.556407649235328e-06 0 -0.0003952235733519771 -1.721377226203934e-06 0 -0.0001133743911170271 -3.348184749062643e-06 0 0.001356491889367817 1.874696850455177e-05 0 0.0003854693635291089 -3.105254125507997e-05 0 -6.038596702102883e-05 -7.613963956091228e-06 0 -9.773794154797898e-05 2.899572145421969e-06 0 8.169528743168229e-05 6.885454734733253e-06 0 0.0001618384180582938 2.562464910428955e-06 0 -2.441409302209036e-06 1.729942556554301e-06 0 -0.0003970730330754985 -1.5691872742871e-06 0 -0.0001168786890942963 -2.805399852643005e-06 0 0.001358053123038397 2.150360741968137e-05 0 0.0003600900743276208 -3.198188034146155e-05 0 -6.683836683855915e-05 -2.712652379719022e-06 0 -9.760699916433467e-05 8.308366722136439e-06 0 8.051867984459891e-05 1.06401184210899e-05 0 0.0001673253256309348 5.854685019224085e-06 0 -9.207098719959906e-07 1.453227672903318e-06 0 -0.0004017296501027945 -7.858197360001084e-07 0 -0.000123673059720511 -8.900242172340407e-07 0 0.001349084904263997 2.160379063716015e-05 0 0.0003224677317561069 -3.331616640619983e-05 0 -8.645926732554765e-05 -1.978873325084693e-06 0 -0.0001046669777237802 9.574590708825645e-06 0 7.227883208885121e-05 9.807752802312372e-06 0 0.0001633045176003406 3.923190287301834e-06 0 5.728892934139812e-06 9.166179031558362e-07 0 -0.0004044701943004825 2.568054115071466e-07 0 -0.0001299224916083003 2.123831223593132e-06 0 0.001332417835105945 2.658764523228753e-05 0 0.0002954295942093343 -3.333876794859441e-05 0 -0.0001069884293532497 -3.140734123637314e-06 0 -0.0001193513806021923 2.183429200698638e-06 0 6.471267233970622e-05 -3.764353073899829e-06 0 0.0001508072768556384 -5.816806233779024e-06 0 1.136662559343693e-05 -2.877200404281799e-06 0 -0.0004034139632852485 1.73534052998886e-07 0 -0.0001353738093433365 3.774776945833841e-06 0 0.00132503291860836 4.839165115432496e-05 0 0.0002985220248265113 -2.929046898854977e-05 0 -0.000108412159093671 -2.46493057073048e-06 0 -0.0001301482238957596 -8.317902844320879e-06 0 6.078491060851343e-05 -2.790593337711512e-05 0 0.0001455205599904946 -2.834041367552695e-05 0 9.159658543797524e-06 -1.273371962820253e-05 0 -0.0003929812613677891 -2.998819905851261e-06 0 -0.0001362142399131266 2.522429294465805e-07 0 0.001364928976255272 9.961569498210652e-05 0 0.0003617925684701733 -1.788143469844214e-05 0 -6.591393204866125e-05 3.593948024417301e-06 0 -0.0001203728303182244 -1.24601189659566e-05 0 6.82126897562224e-05 -4.391679796414676e-05 0 0.0001521210359667763 -5.977551174219611e-05 0 6.473002909263008e-06 -3.028033601662916e-05 0 -0.0003793112315498143 -8.91749191662787e-06 0 -0.0001317322722865499 -3.160776374688816e-06 0 0.001478754172423588 0.0001690386615461232 0 0.000427217752167211 -3.655585024712676e-06 0 3.868394898945416e-05 1.949153377041411e-05 0 -7.45181749930157e-05 -4.502874086219181e-06 0 8.844954935825765e-05 -4.515035542148379e-05 0 0.0001609723868493812 -7.825315707303982e-05 0 1.88724771452431e-05 -5.474934822374215e-05 0 -0.000381153783547028 -1.542684312976546e-05 0 -0.0001331255307882445 3.475513104551251e-07 0 0.001596013667101742 0.0002069188719920666 0 1.108965693689958e-05 1.915899013392799e-05 0 0.000110672087450206 -2.801483546148193e-05 0 0.0001635876499418986 -7.835702762013733e-05 0 3.383403160532594e-05 -7.739733773259783e-05 0 -0.0003957764794520896 -2.02778866339173e-05 0 -0.0001392198518989085 1.851776216056471e-05 0 0.001603695945703656 0.0001934567850585302 0 0.0001263602953580217 1.220856480729786e-06 0 0.0001371038432405602 -6.282692972464903e-05 0 2.152818327791351e-05 -8.615946184728668e-05 0 -0.0004126429050917979 -1.947875272162013e-05 0 -0.0001454779610170209 5.845071856694883e-05 0 0.001473891839335939 0.0001543647072611383 0 8.74596350006196e-05 -3.867647077725449e-05 0 -2.728102709979862e-05 -8.132342464941925e-05 0 -0.0004444060215085532 -1.470910701768194e-05 0 -0.0001744164638577544 0.0001042498070579871 0 0.001261776391094302 0.0001073930540245035 0 -0.0001097494945888344 -7.017640587434619e-05 0 -0.0004940151716462254 -1.159818348034011e-05 0 -0.0002386513357516412 0.0001270609627030085 0 0.001036540010505779 5.799244817411824e-05 0 -0.0005561759127383215 -1.290282149000055e-05 0 -0.0003295325457573217 0.0001190427440217849 0 0.0008649173432274532 1.286930969899602e-05 0 -0.0004311724878512391 8.284905151664106e-05 0 0.0007676822265109684 -1.441691846713804e-05 0 0.0006769114137317178 -2.519360106989156e-05 0 0.00271584136504896 -0.0001059020812225892 0 0.002087686382715992 -9.170114596093042e-05 0 0.001244067292285601 -0.0003255819784847638 0 0.0008408327935973675 -0.0002487748186891861 0 0.001536856033100604 -6.995228948972892e-05 0 0.0004932375806514533 -0.0001629724043950703 0 0.0005206748823952958 -0.0003425843845653933 0 0.0001359832164648457 -0.0001884634708134505 0 0.001195355446962802 -4.092084792403639e-05 0 0.0001848252507856105 -8.070666750037424e-05 0 -8.156884426485265e-05 -3.222491008190997e-05 0 -0.0002224269744671236 -9.277935180138779e-05 0 -0.0001586266994073859 4.00714858047324e-05 0 0.001121455992219189 -1.088075277951711e-05 0 -7.369828154353248e-05 -1.724082708891294e-05 0 -0.0001174644940659969 6.296167899721983e-05 0 6.157331255907381e-06 0.0001091926827354386 0 -0.0002361434828264185 1.955458786088298e-05 0 -7.260318176667231e-05 8.113466880220464e-05 0 0.001223533026884956 2.079473420384114e-05 0 -0.000281556940963692 1.738231667684775e-05 0 -0.0001713050892679446 8.838617760625889e-05 0 0.0001342303935001944 0.0001036870227170208 0 9.747274741090543e-05 8.498572845813678e-05 0 -6.336793253415399e-05 2.178054680351815e-05 0 -4.888774152308398e-07 4.569721328977899e-05 0 0.001266519711104245 4.424792659852433e-05 0 -0.0004351552686674707 2.789128305184102e-05 0 -0.0002744831817029801 7.884846427062829e-05 0 0.000143716148461199 7.480471832675693e-05 0 0.0002046832681020774 5.763269218128641e-05 0 6.562248624262383e-05 3.485187491237412e-05 0 3.631662616590208e-06 -9.019091263620663e-07 0 -3.697074490829585e-05 6.546867510490161e-06 0 0.001266422856051517 5.424852292568171e-05 0 -0.0004925635172526054 1.55687825981396e-05 0 -0.0003954585735571401 5.605283522933795e-05 0 0.0001003499796009936 4.21966593862344e-05 0 0.00023484387861891 3.00573996083811e-05 0 0.0001108364474577555 1.181956727978189e-05 0 -6.422625908228277e-05 9.03033719391876e-07 0 0.0001398961751129522 -1.78001839768599e-06 0 4.525408747931555e-05 9.449567895114521e-07 0 0.001264828923569991 5.258788529529517e-05 0 -0.0003630199490268506 -1.171661988894762e-05 0 -0.0004838336721485541 3.172251406016734e-05 0 6.520074472900812e-05 2.242226036493211e-05 0 0.0002364636365406196 1.527929086465873e-05 0 0.0001170596635060134 -5.423259187072038e-06 0 -7.778459287148998e-05 -1.32241825126847e-05 0 -3.454968526866044e-05 2.395511245478757e-07 0 0.0005021817327919884 5.174342746156606e-05 0 0.0004180697707314046 5.330199231792093e-05 0 0.001279728767961378 4.391262978506449e-05 0 -0.0001297241405226455 -1.035100163809116e-05 0 -0.0004941382918331915 5.127869435364583e-06 0 5.528448922324835e-05 1.187335397738465e-05 0 0.0002228165299794031 1.562978568787898e-05 0 0.0001035911811238625 -7.393899440488738e-06 0 -9.229349965010495e-05 -2.151135427928829e-05 0 -8.646425597948943e-05 -9.452847492749663e-07 0 0.0003711379738046959 5.36065457738058e-05 0 0.001316613229544623 3.037773511486291e-05 0 -6.522281295341615e-05 2.3732124533396e-06 0 -0.0004069998068642081 -1.442847317179724e-05 0 7.008089331727618e-05 1.137385902169607e-06 0 0.0002089686650493167 1.354926238177068e-05 0 8.16029260631854e-05 6.523324876155088e-06 0 -0.0001102769007624823 -1.687021744155303e-05 0 -0.0001132995623714622 2.148710525305686e-06 0 0.000368971771871794 5.330506808448598e-05 0 0.001358857689361592 1.502415367118232e-05 0 -8.659317409242261e-05 1.192508176373758e-05 0 -0.0003260954551097491 -1.910848459261982e-05 0 7.867261404156553e-05 -7.366708186733182e-06 0 0.0002047280719853803 3.443589552357129e-06 0 6.663052997646616e-05 1.456421335459951e-05 0 -0.0001274984936078273 -1.838813497842539e-06 0 -0.0001094001559315281 1.011305433126081e-05 0 0.0003975926984386881 5.042403566898196e-05 0 0.001390969049843366 1.712655179821055e-06 0 -0.0001077799817991794 1.560904624167691e-05 0 -0.0003324425213041266 -1.845987329497644e-05 0 4.759186652064044e-05 -1.468546906110979e-05 0 0.0001908487051455699 -6.06864406037244e-06 0 6.661896861251923e-05 8.969663352294264e-06 0 -0.0001342063300029729 1.299464934262362e-05 0 -9.526092869171186e-05 1.820029564796738e-05 0 0.0004167552845001792 4.294430612854228e-05 0 0.001412725966130467 -7.407274322170087e-06 0 -0.0001115737269850965 1.376752132160874e-05 0 -0.0003756529771860839 -1.473130728778249e-05 0 2.87090590215958e-06 -1.862344651672176e-05 0 0.0001642143431393318 -1.525486026054956e-05 0 6.860692807167172e-05 -1.106840871602233e-06 0 -0.0001299686416930969 1.406985344592354e-05 0 -7.892309144926032e-05 2.022841501301414e-05 0 0.0004172726230274055 3.262841881240125e-05 0 0.0014223692061113 -1.149178234104847e-05 0 -9.516815722333555e-05 9.943792290065255e-06 0 -0.0004063028167926125 -1.017176130277408e-05 0 -2.26747703592333e-05 -1.703997696852338e-05 0 0.0001466524076326643 -1.77698772385812e-05 0 6.589384305847027e-05 -1.047228484257756e-05 0 -0.0001200779294381797 3.393691082057004e-06 0 -7.083415089664378e-05 1.28107728399815e-05 0 0.000399505647494022 1.965212224989964e-05 0 0.001421131923049937 -1.157102159671935e-05 0 -7.593554475334147e-05 4.74015945732542e-06 0 -0.0004109399001335197 -5.684717690225549e-06 0 -2.396424347703802e-05 -1.080233911312373e-05 0 0.0001461578590401984 -1.160030957166047e-05 0 6.818246618108674e-05 -1.212830332322778e-05 0 -0.0001114801709972591 -5.461322336780539e-06 0 -7.001110854685902e-05 9.765882099943555e-07 0 0.0003749947083039064 7.407340787989044e-06 0 0.001414014477119881 -9.293060216311598e-06 0 -7.627674373073425e-05 -3.734142711014902e-08 0 -0.000398352041156865 -2.814590166086428e-06 0 -1.577327334584439e-05 -6.355989301543018e-06 0 0.0001517126608217749 -5.285079890594845e-06 0 7.875524228900765e-05 -5.009947392081714e-06 0 -0.0001031908903941859 -7.696027557534122e-06 0 -6.925041032071302e-05 -5.221048730491561e-06 0 0.0003585858385602705 9.899760428505593e-07 0 0.001404860035055993 -6.187097188074808e-06 0 -9.022358567102769e-05 -3.173380931094371e-06 0 -0.000386306691579334 -2.096160174068495e-06 0 -5.184056557502694e-06 -3.655031158796007e-06 0 0.000156971839277248 -2.569324562176622e-06 0 8.720429517066439e-05 8.520098514624984e-07 0 -9.311178888171331e-05 -3.289423144620107e-06 0 -6.638124722021424e-05 -4.406871376608223e-06 0 0.0003506480020152008 -1.03334090055529e-06 0 0.001397860481361812 -3.286073611642737e-06 0 -0.0001017858595873137 -4.501179467229776e-06 0 -0.0003902932523133879 -1.592526889047929e-06 0 -5.495838673532855e-06 -7.839603293133267e-07 0 0.0001580370913035296 -2.389143924155789e-07 0 8.955135198679408e-05 1.524997788153459e-06 0 -8.527190635847963e-05 2.961587086680595e-06 0 -6.089253091837817e-05 -7.190914263419109e-07 0 0.0003480153818703796 -1.870493544796347e-06 0 0.001395001475655567 -9.780242674686801e-07 0 -0.0001085368181905659 -4.151011995294495e-06 0 -0.0004026118786718381 -3.736506449386611e-07 0 -1.081376084771136e-05 1.944973381004522e-06 0 0.0001536187752372332 2.452902768908249e-06 0 8.740848208077869e-05 1.344825661844795e-06 0 -8.412731891898739e-05 3.773015993267792e-06 0 -5.750975216633776e-05 2.240295514342738e-06 0 0.000347038120337353 -2.994637632695862e-06 0 0.001394983506992985 5.340090094910207e-07 0 -0.0001125085610587393 -3.37468674290603e-06 0 -0.0004074177335577572 1.351357057373381e-06 0 -7.702960530661137e-06 4.482021298789218e-06 0 0.0001537943795439454 4.603893546596682e-06 0 8.250763497261603e-05 2.114929203135551e-06 0 -8.86826792721512e-05 8.601575226738211e-07 0 -6.082392211371677e-05 7.391089474478861e-07 0 0.0003420957557262959 -6.117472248788613e-06 0 0.00139584179853352 1.265584870874247e-06 0 -0.0001145243561252902 -2.600347163088379e-06 0 -0.0004038773997531493 2.750027981897329e-06 0 9.561355252775082e-07 5.641225991219467e-06 0 0.0001611028471764069 6.224678434786635e-06 0 8.152166268607113e-05 3.294669113161619e-06 0 -9.349776610638807e-05 -6.076085894632376e-07 0 -6.821787486213907e-05 -3.221403397993261e-06 0 0.0003353567373100344 -9.613981880776667e-06 0 0.001396582976308514 1.379420841746137e-06 0 -0.0001165549234089826 -1.959168818441159e-06 0 -0.0004004575184919489 2.600897185421613e-06 0 5.655776449137001e-06 4.314391557645735e-06 0 0.0001668185982945094 5.367103094289226e-06 0 8.598739624249891e-05 4.524753117123025e-06 0 -9.60041333641394e-05 -1.162031673385133e-07 0 -7.29170525083306e-05 -4.983189789420361e-06 0 0.0003335327216141574 -1.038420285241065e-05 0 0.001396945496608152 1.142626423512871e-06 0 -0.0001174753249360231 -1.303782893959104e-06 0 -0.0004000163741429115 1.055441016126202e-06 0 5.907196814913635e-06 1.591791859115177e-06 0 0.0001684458207309837 2.215335248120786e-06 0 8.915855508529346e-05 3.831326548471569e-06 0 -9.498542358361752e-05 1.055513471855118e-06 0 -7.347968403607646e-05 -4.234941801364855e-06 0 0.0003358924083257386 -8.784113944289296e-06 0 0.00139730136301799 7.577604696357154e-07 0 -0.0001157858015365084 -5.17108717498771e-07 0 -0.0004019238947104092 -2.341014540691022e-07 0 3.833074159378253e-06 -1.566135878205976e-07 0 0.0001678415822456694 -1.940463333072185e-07 0 8.875529441449216e-05 1.144061309514554e-06 0 -9.270920354234168e-05 1.80252884504628e-06 0 -7.167276410050773e-05 -2.671814038096576e-06 0 0.0003397183605066403 -6.349202219819994e-06 0 0.00139805766807289 3.92011948048554e-07 0 -0.0001124731986850581 2.135643570738698e-07 0 -0.0004041040408708325 -7.662540293801312e-07 0 1.115195092203996e-06 -7.820607428529747e-07 0 0.0001659499062665491 -1.133635517860943e-06 0 8.728741034114833e-05 -9.021942566286855e-07 0 -9.329274343436878e-05 1.055141023699468e-06 0 -6.971278166361792e-05 -1.04951565049749e-06 0 0.0003437536089473427 -3.485848730853947e-06 0 0.001398914628340737 1.041443328728131e-07 0 -0.0001104552499204608 5.513582966437668e-07 0 -0.0004036241635954175 -6.548433880357306e-07 0 7.216249457448639e-07 -7.30007968394175e-07 0 0.0001649480998873578 -1.190022713884464e-06 0 8.60462917147359e-05 -1.474190749112259e-06 0 -9.582228921943027e-05 -4.320992851372662e-07 0 -7.065075957124292e-05 -3.291076768885404e-07 0 0.0003453089896882817 -1.205341683491179e-06 0 0.001399588377513258 -1.263650752508782e-07 0 -0.0001100303298392172 4.916873763624595e-07 0 -0.0004012325001925311 -1.895858073655554e-07 0 1.691785121815499e-06 -3.354857848608672e-07 0 0.0001653942043083429 -7.084444022253943e-07 0 8.587414001373898e-05 -1.207701514717441e-06 0 -9.705589187218241e-05 -9.477650093764333e-07 0 -7.307700827264423e-05 -1.8337866640461e-07 0 0.0003456818361061613 4.003041863334666e-07 0 0.00139999646959883 -2.818631815934557e-07 0 -0.000110337185688242 3.364889685358862e-07 0 -0.0004001758322174737 -4.258529791995037e-08 0 1.51068008755022e-06 -3.541908622992084e-07 0 0.0001654067178725087 -4.693833203228692e-07 0 8.679008893210277e-05 -6.133980494232859e-07 0 -9.656780459131424e-05 -5.093490954774516e-07 0 -7.348218875504341e-05 3.188742987783599e-07 0 0.0003472342132573789 1.646866242904776e-06 0 0.001400172934180403 -3.573016642416382e-07 0 -0.0001109427743464448 1.738569396850242e-07 0 -0.000400763502547927 -2.263387572434827e-07 0 4.945932545385678e-07 -5.759990087533806e-07 0 0.0001646068829745228 -6.482944479302422e-07 0 8.722132231555461e-05 -3.252487763075184e-07 0 -9.537694916392399e-05 -5.286065483250944e-08 0 -7.192182845350627e-05 9.565534226027572e-07 0 0.0003490888108510417 2.186082935978773e-06 0 0.001400227568967384 -3.639671803321031e-07 0 -0.0001110379613377781 8.941226380121402e-08 0 -0.0004017284916124881 -3.354539863248407e-07 0 -2.801550518984733e-07 -5.532951974848709e-07 0 0.0001639924778934496 -6.500615723492585e-07 0 8.673702302121332e-05 -4.789475447700141e-07 0 -9.425775991114393e-05 1.505240802210372e-07 0 -7.031516300374899e-05 1.131309050939056e-06 0 0.0003500105290398124 1.91377429314965e-06 0 0.001400257191831233 -3.245424269257557e-07 0 -0.0001107368374657133 5.405722590390293e-08 0 -0.0004025379063211723 -2.773342822823265e-07 0 -5.917316776571343e-07 -3.302671182231486e-07 0 0.0001638202550215259 -3.733171926104117e-07 0 8.635851037420635e-05 -5.170882515434515e-07 0 -9.416392741960853e-05 1.234140887401703e-08 0 -6.937755151898479e-05 8.064527168699652e-07 0 0.0003499284045589213 1.16700039663048e-06 0 0.001400276587546782 -2.661970122525003e-07 0 -0.0001106032474430738 -2.151661615545919e-08 0 -0.0004026820529427609 -1.304739342122829e-07 0 -4.349392906735614e-07 -8.602487795716927e-08 0 0.0001639304517432674 -8.784138488815428e-08 0 8.644382455258707e-05 -2.718566992909732e-07 0 -9.471264706542581e-05 -2.69421794665825e-07 0 -6.956058449000822e-05 3.359405655323222e-07 0 0.0003490122019858049 4.302885126539201e-07 0 0.001400298975941969 -2.15650402930756e-07 0 -0.0001106754390595866 -1.172585197550813e-07 0 -0.0004023268026159283 2.85678753084162e-08 0 -4.685388632109688e-08 9.39151693357676e-08 0 0.0001641916121995612 1.329174925471244e-07 0 8.666543357220036e-05 -7.626027170859438e-10 0 -9.481652878760415e-05 -2.768888440127237e-07 0 -7.038688410643169e-05 -9.462260692344457e-08 0 0.0003478942879375042 -1.420021496847945e-07 0 0.001400349800208738 -1.778775444230551e-07 0 -0.0001108066929423942 -1.673272456426122e-07 0 -0.0004021852092380828 7.422695628284125e-08 0 6.822861127638266e-08 1.236681478819501e-07 0 0.0001643098177666995 1.97211586130952e-07 0 8.684198336527531e-05 1.818006639328629e-07 0 -9.453431726460723e-05 -5.365327284539977e-08 0 -7.064428362284733e-05 -2.399039956205162e-07 0 0.0003474616213012989 -4.247298288004298e-07 0 0.001400429540425895 -1.486551353194199e-07 0 -0.0001109562896177817 -1.61271538491603e-07 0 -0.0004023062821751702 1.782609867356787e-08 0 -2.6922045287512e-09 5.685748780820399e-08 0 0.0001642439437753787 1.16543710994288e-07 0 8.685069895673739e-05 2.146974859423834e-07 0 -9.437284809727178e-05 1.039735970098654e-07 0 -7.043191517804892e-05 -1.55423901297691e-07 0 0.00034742140853116 -5.166593076422199e-07 0 0.001400525145520439 -1.281126509808383e-07 0 -0.0001110555636320357 -1.288766754009573e-07 0 -0.0004024218823648357 -1.960288696645218e-08 0 9.353697648028725e-09 3.054916323380619e-08 0 0.0001642531139477172 5.430825249924665e-08 0 8.670458762184174e-05 1.226609015123059e-07 0 -9.442315933071155e-05 1.444587001062092e-07 0 -7.035678034593774e-05 -1.169784748719649e-07 0 0.0003473190245870898 -5.987793857825663e-07 0 0.001400618066205979 -1.142027516581878e-07 0 -0.000111102147863017 -8.593112726246187e-08 0 -0.0004024816858221157 -1.593809997174622e-08 0 8.096546290012573e-08 3.40282602928621e-08 0 0.0001643806498086622 4.246470280966363e-08 0 8.665964904275811e-05 4.463664200066163e-08 0 -9.460643435805702e-05 1.049161916302777e-07 0 -7.04797090971907e-05 -1.351616525646637e-07 0 0.0003472078131140713 -6.190992792101668e-07 0 0.001400700685314927 -1.058872776682485e-07 0 -0.0001111388931291351 -6.040117717098779e-08 0 -0.0004025034364513787 1.068749956589789e-09 0 1.3114169482645e-07 3.420439276258235e-08 0 0.0001644836500865211 3.28422480044832e-08 0 8.677798726625106e-05 2.763599901700609e-08 0 -9.479844517168434e-05 2.655694621850335e-08 0 -7.069277516164213e-05 -1.578301603993859e-07 0 0.0003471021284029534 -5.745039143301156e-07 0 0.001400775760444705 -1.019585757697228e-07 0 -0.0001111586944285304 -5.14440856580478e-08 0 -0.0004025084885336538 1.699811410377227e-08 0 1.408916969081904e-07 2.599240226525134e-08 0 0.0001645242164098337 1.643786776139855e-08 0 8.688754861668235e-05 2.385672528276705e-08 0 -9.480581520776576e-05 2.614235154740907e-09 0 -7.088355671342263e-05 -1.606880291882273e-07 0 0.0003470846824416562 -4.753612692157128e-07 0 0.001400849456415762 -1.001015026980134e-07 0 -0.000111151114086298 -4.200920958319365e-08 0 -0.0004025441784283826 1.599235027044399e-08 0 1.108665171230285e-07 6.19681803787353e-09 0 0.000164522138935615 -6.095307349129886e-09 0 8.692419863743152e-05 1.193929977105767e-08 0 -9.467947302388771e-05 2.698991473371048e-08 0 -7.089085403706208e-05 -1.188496972295838e-07 0 0.0003472111974716936 -3.483458957329044e-07 0 0.001400924160178786 -9.825419901299258e-08 0 -0.0001111258773285381 -3.108820922220756e-08 0 -0.0004026012355056833 1.648075551030636e-09 0 6.618932437037448e-08 -1.291992386687202e-08 0 0.0001644951397201944 -3.01292130897024e-08 0 8.692041600191247e-05 -6.305203081868883e-09 0 -9.461614227930168e-05 4.080099268166659e-08 0 -7.07684422321577e-05 -4.90174560524581e-08 0 0.0003473714187576613 -2.360519822941498e-07 0 0.001400996707761988 -9.654201071213063e-08 0 -0.0001111123082917047 -2.199289778070934e-08 0 -0.0004026324636896404 -4.303860746956988e-09 0 5.189924121365673e-08 -1.56503845508138e-08 0 0.0001644870042871692 -3.66375721705392e-08 0 8.690221333947436e-05 -2.655425361541841e-08 0 -9.462445985834213e-05 3.799703986867575e-08 0 -7.071115290442803e-05 -3.070216150757863e-09 0 0.0003474514272309888 -1.634121674226607e-07 0 0.001401064823631276 -9.513929831450606e-08 0 -0.0001111115344051925 -1.630476929165292e-08 0 -0.0004026385195014785 9.867143560549074e-10 0 5.591688003424543e-08 -6.678035978369135e-09 0 0.0001645033048175773 -2.570007485297454e-08 0 8.690332702867251e-05 -3.274395408287e-08 0 -9.464275807014554e-05 2.803963492642447e-08 0 -7.07213359056654e-05 1.424178462661185e-08 0 0.0003474800266803288 -1.264292818076163e-07 0 0.001401127874112694 -9.373275521723511e-08 0 -0.0001111155724245697 -1.403114661957527e-08 0 -0.000402651898606561 7.829449664986665e-09 0 4.796221210988625e-08 8.80632525235292e-10 0 0.0001645108013284061 -1.422803588141397e-08 0 8.692931720694247e-05 -2.316706755600695e-08 0 -9.465263583654376e-05 1.643996674211001e-08 0 -7.073655977814229e-05 1.908359853475261e-08 0 0.0003474968670292063 -1.086462384364273e-07 0 0.001401186783918822 -9.209640892959835e-08 0 -0.0001111219592450658 -1.420938017249185e-08 0 -0.0004026761754396725 1.297761653001883e-08 0 3.147326202088372e-08 5.481685716457462e-09 0 0.0001645043455542859 -6.120408416188105e-09 0 8.694633364078086e-05 -1.091382717532952e-08 0 -9.463860931660864e-05 1.394185555197991e-08 0 -7.074403395362915e-05 1.419660775048293e-08 0 0.0003475081031919913 -1.062939957788278e-07 0 0.001401242106879729 -8.995568692715671e-08 0 -0.0001111253386850107 -1.335609590980002e-08 0 -0.0004027034348946471 1.490942317522448e-08 0 1.79758954596567e-08 6.889442821789159e-09 0 0.0001645002684211548 -1.952633700563755e-09 0 8.69449079885405e-05 -1.844238810277954e-09 0 -9.46135175719752e-05 1.989632367888072e-08 0 -7.073416000408747e-05 9.554007938950004e-09 0 0.000347523400899382 -1.111643277151852e-07 0 0.001401294340856281 -8.734672533178277e-08 0 -0.000111126281206091 -1.14285480107279e-08 0 -0.0004027302488800541 1.447143054000843e-08 0 9.54496349320454e-09 6.764498773625949e-09 0 0.0001645027189809359 -1.068863601794146e-09 0 8.694332985012195e-05 3.142579640957876e-09 0 -9.460859110622596e-05 2.512573601259893e-08 0 -7.071851755704148e-05 6.008801019252721e-09 0 0.0003475288071966096 -1.198286074602373e-07 0 0.00140134374030198 -8.452551223531167e-08 0 -0.0001111289471535104 -9.725322443199234e-09 0 -0.0004027520684383046 1.517014956015083e-08 0 5.382455644383987e-09 8.198579246054825e-09 0 0.0001645091097613634 2.277185662258317e-10 0 8.694869588595117e-05 4.898840014200267e-09 0 -9.46199788759497e-05 2.826936014443948e-08 0 -7.072237441957222e-05 2.854741755486946e-09 0 0.0003475181178889501 -1.272632236537508e-07 0 0.001401390754514453 -8.171624821251554e-08 0 -0.00011113357063843 -8.335990647756473e-09 0 -0.0004027690559494489 1.741010079159277e-08 0 3.260175435173752e-09 1.050623676251971e-08 0 0.0001645173695561785 2.461804440856418e-09 0 8.695792536470708e-05 6.112281882020286e-09 0 -9.462582660797227e-05 2.97647188632344e-08 0 -7.074102136219589e-05 5.224959562233359e-10 0 0.000347504712372014 -1.30875916846962e-07 0 0.001401435702868736 -7.900659512033446e-08 0 -0.000111138398751728 -7.00022699529068e-09 0 -0.0004027867261823629 1.952465510796086e-08 0 -9.639443444817812e-10 1.231173075294523e-08 0 0.0001645233553124979 4.313703672043089e-09 0 8.696843239746481e-05 7.90381934206996e-09 0 -9.462458905141677e-05 3.001545803571481e-08 0 -7.075355874944926e-05 -5.531993613194769e-10 0 0.0003474990014644703 -1.308525775373104e-07 0 0.001401478926930951 -7.644989807875645e-08 0 -0.0001111430712122125 -5.644838027563102e-09 0 -0.0004028052801517377 2.114737102099085e-08 0 -6.064218783377939e-09 1.349964650482205e-08 0 0.0001645269095836809 5.58022123647861e-09 0 8.697651232207093e-05 9.535403890092996e-09 0 -9.462130591986542e-05 3.061010891980408e-08 0 -7.075881972563694e-05 -2.328441328636174e-10 0 0.0003474996560369464 -1.275426719724027e-07 0 0.001401520260121507 -7.406899489581507e-08 0 -0.0001111474605431945 -4.103454978587883e-09 0 -0.0004028226629251268 2.235468522793216e-08 0 -9.642842481100485e-09 1.431171749860516e-08 0 0.0001645314785335261 6.367942374796431e-09 0 8.69816689657507e-05 1.075392265514896e-08 0 -9.461780926612977e-05 3.16576595701945e-08 0 -7.07618583761782e-05 8.38258053248443e-10 0 0.0003475025638065565 -1.230641721097769e-07 0 0.001401559656748831 -7.185986573149393e-08 0 -0.0001111516335112368 -2.366393671293654e-09 0 -0.0004028384495681231 2.323763144407298e-08 0 -1.215091773205702e-08 1.485497649889034e-08 0 0.0001645373880892233 6.834225727003761e-09 0 8.698729902020806e-05 1.152711014140717e-08 0 -9.461686663705428e-05 3.272940896775766e-08 0 -7.076406364414643e-05 2.683149633031512e-09 0 0.0003475060915908434 -1.175738714234709e-07 0 0.001401597159974597 -6.982725728188476e-08 0 -0.0001111557467970252 -6.253111153875496e-10 0 -0.0004028536223381878 2.407711960361603e-08 0 -1.489749530160268e-08 1.537367125270528e-08 0 0.0001645428699646283 7.228334299169691e-09 0 8.699441577482077e-05 1.199199771428905e-08 0 -9.46175793205082e-05 3.366178119579288e-08 0 -7.076795021675185e-05 4.892869942541012e-09 0 0.0003475085901850448 -1.115846081298222e-07 0 0.001401633021318335 -6.795121107461276e-08 0 -0.0001111595106547403 1.034838659208504e-09 0 -0.0004028681757003958 2.499866805227846e-08 0 -1.798634190370886e-08 1.589024006820594e-08 0 0.0001645475252625046 7.633580670352023e-09 0 8.700122559177242e-05 1.231667581813589e-08 0 -9.461667716329988e-05 3.431671415088377e-08 0 -7.077260265940173e-05 7.257419061545979e-09 0 0.0003475115816843032 -1.05688970804263e-07 0 0.001401667279059878 -6.621450464316946e-08 0 -0.0001111627001087832 2.572315929705304e-09 0 -0.0004028823153728166 2.594353227386437e-08 0 -2.125577899976284e-08 1.646824913242861e-08 0 0.000164551510756214 8.119575095610898e-09 0 8.700710673684337e-05 1.262849479849448e-08 0 -9.461438856087773e-05 3.463086654942327e-08 0 -7.077553252883387e-05 9.332856147625801e-09 0 0.0003475157563299826 -1.003074737992993e-07 0 0.001401700028799073 -6.458350676474821e-08 0 -0.0001111655102475351 3.98483211705436e-09 0 -0.0004028957936231432 2.685286118464525e-08 0 -2.443741156480973e-08 1.705056568157559e-08 0 0.0001645549878868547 8.738919879403007e-09 0 8.701214957453246e-05 1.308887916107171e-08 0 -9.461258892060932e-05 3.479255823030103e-08 0 -7.07770437898495e-05 1.095880328150223e-08 0 0.0003475200961006609 -9.561050541562199e-08 0 0.001401731218015171 -6.305340490009302e-08 0 -0.0001111684897211213 5.324154825347982e-09 0 -0.0004029084546857512 2.765671024140826e-08 0 -2.718586967521731e-08 1.753949400995491e-08 0 0.0001645585065196409 9.301886864931941e-09 0 8.701662366230287e-05 1.373139762311792e-08 0 -9.461153266157075e-05 3.492933152438038e-08 0 -7.077892276044147e-05 1.222702811914944e-08 0 0.0003475236960351121 -9.159551384030351e-08 0 0.001401760971045072 -6.161852130620592e-08 0 -0.0001111715006396584 6.557364699844026e-09 0 -0.0004029202501008421 2.838460770593354e-08 0 -2.967572170983513e-08 1.794531538645838e-08 0 0.0001645621280506066 9.781567208988484e-09 0 8.702098936035073e-05 1.435506113978135e-08 0 -9.461086268163985e-05 3.523505112679182e-08 0 -7.078124879219756e-05 1.321297361106533e-08 0 0.0003475267078270269 -8.81043524386671e-08 0 0.001401789299525599 -6.026301430095414e-08 0 -0.0001111743164230444 7.697717838150986e-09 0 -0.0004029317738762118 2.906779974359841e-08 0 -3.22840334292227e-08 1.834049087601208e-08 0 0.0001645654485849836 1.021415232255185e-08 0 8.702542279020833e-05 1.489508717061882e-08 0 -9.461040061472734e-05 3.564402482891804e-08 0 -7.078367299930172e-05 1.42154322063659e-08 0 0.0003475294196732294 -8.487560123476845e-08 0 0.001401816303711594 -5.896685858347572e-08 0 -0.000111176974443794 8.755462896359312e-09 0 -0.0004029429314198161 2.970385131612074e-08 0 -3.488826985121906e-08 1.871266056691078e-08 0 0.0001645684221208508 1.064165306569054e-08 0 8.702953335174359e-05 1.538784882848531e-08 0 -9.46097359391853e-05 3.597417656819868e-08 0 -7.078605037299199e-05 1.516915350274761e-08 0 0.0003475320337292948 -8.195921082781998e-08 0 0.001401841979707222 -5.772719704338902e-08 0 -0.0001111796071396644 9.779682702548698e-09 0 -0.0004029536151445179 3.02828677481437e-08 0 -3.727587159600453e-08 1.904751791015346e-08 0 0.0001645713193059433 1.103371793931274e-08 0 8.703325994454009e-05 1.587241216932655e-08 0 -9.460898070490914e-05 3.623152833309717e-08 0 -7.078817953583975e-05 1.597521965407411e-08 0 0.0003475345710337707 -7.935119328977835e-08 0 0.00140186645033032 -5.654486449901962e-08 0 -0.0001111821191547221 1.07415712088943e-08 0 -0.0004029637000162386 3.083584577262543e-08 0 -3.944684443673884e-08 1.934963306249315e-08 0 0.0001645742141076906 1.139055539473022e-08 0 8.703680955475002e-05 1.632083808378315e-08 0 -9.460842962081585e-05 3.648883751400378e-08 0 -7.079010361038181e-05 1.664480701879522e-08 0 0.0003475369424228228 -7.697213123131208e-08 0 0.001401889725118926 -5.541827827887368e-08 0 -0.0001111845025184369 1.163275525212226e-08 0 -0.0004029733707388953 3.137605861236458e-08 0 -4.15274050979939e-08 1.96547097694455e-08 0 0.000164576997071373 1.172037335933629e-08 0 8.704030485075924e-05 1.673544814534411e-08 0 -9.460804158357115e-05 3.673253938518695e-08 0 -7.079207194466036e-05 1.729348766965621e-08 0 0.0003475391109852878 -7.47238187784327e-08 0 0.001401911886812497 -5.433919905012407e-08 0 -0.0001111868029817775 1.246282774897134e-08 0 -0.0004029825468157416 3.189057024705066e-08 0 -4.350010376213719e-08 1.993891929341629e-08 0 0.0001645796318423612 1.204643210878098e-08 0 8.704362589869936e-05 1.712538616471803e-08 0 -9.460759833967124e-05 3.69597354665796e-08 0 -7.07940302829453e-05 1.791097389153284e-08 0 0.0003475412045426812 -7.257037819979884e-08 0 0.001401932941996385 -5.330688190169352e-08 0 -0.0001111890969807891 1.3275304133753e-08 0 -0.0004029913500864616 3.234649828542934e-08 0 -4.537004244173115e-08 2.01738056815337e-08 0 0.0001645821550910441 1.232499105552342e-08 0 8.704676495546042e-05 1.750781623843789e-08 0 -9.46071367437934e-05 3.718080067438567e-08 0 -7.079585903945958e-05 1.850481261972403e-08 0 0.000347543242352923 -7.052017369363339e-08 0 0.001401952991188969 -5.232135019683781e-08 0 -0.0001111912971940854 1.40504598927782e-08 0 -0.0004029997193144702 3.276722879835824e-08 0 -4.712796767419624e-08 2.036994338483477e-08 0 0.0001645845984832202 1.255658819976357e-08 0 8.704973918014987e-05 1.784173055824345e-08 0 -9.460672877299042e-05 3.740608116309385e-08 0 -7.079754180278756e-05 1.90777239145179e-08 0 0.0003475452299946009 -6.85725551757832e-08 0 0.001401972036748505 -5.137979736807851e-08 0 -0.0001111933724668723 1.478024773404751e-08 0 -0.0004030077599608203 3.317714614842204e-08 0 -4.881877992829219e-08 2.057225175627897e-08 0 0.0001645869340044168 1.27709978633983e-08 0 8.705260011798026e-05 1.812827784414272e-08 0 -9.46063655378783e-05 3.761058592344213e-08 0 -7.079916092003062e-05 1.964133538451263e-08 0 0.0003475471435031123 -6.671624359216866e-08 0 0.001401990140822831 -5.047433856986138e-08 0 -0.000111195354010607 1.546970668925285e-08 0 -0.0004030153963579946 3.357088849270661e-08 0 -5.042252012796044e-08 2.07636774787745e-08 0 0.0001645891492984899 1.299013960981421e-08 0 8.705530393312426e-05 1.839689221100338e-08 0 -9.460600483659348e-05 3.777856714959338e-08 0 -7.080069894046039e-05 2.017149459965228e-08 0 0.0003475490041680955 -6.494773328175052e-08 0 0.001402007308260122 -4.960465321834916e-08 0 -0.000111197319285862 1.614258612198105e-08 0 -0.000403022706031729 3.392499839383056e-08 0 -5.19392945041972e-08 2.092131035774658e-08 0 0.000164591271106046 1.317826827523793e-08 0 8.705786931448299e-05 1.866895884411468e-08 0 -9.460567434015077e-05 3.792243406103291e-08 0 -7.080217391273318e-05 2.065888809327232e-08 0 0.0003475507824098993 -6.328238068981085e-08 0 0.001402023624294164 -4.877090866578503e-08 0 -0.0001111991985586758 1.678214853889637e-08 0 -0.000403029638186423 3.425631207865098e-08 0 -5.337075049960149e-08 2.105149281284024e-08 0 0.0001645933202127116 1.333454011098745e-08 0 8.706030393058893e-05 1.891069975612502e-08 0 -9.460537814237266e-05 3.807453594073529e-08 0 -7.080356963196087e-05 2.110856962139751e-08 0 0.0003475524974154848 -6.170962298102101e-08 0 0.001402039097205019 -4.797099529413317e-08 0 -0.0001112009656579899 1.738403596768245e-08 0 -0.0004030362965120708 3.4576968080402e-08 0 -5.476026195341576e-08 2.118552733937351e-08 0 0.0001645952627468313 1.347899380998996e-08 0 8.706264581279445e-05 1.912031517142809e-08 0 -9.460510644036454e-05 3.821814316407046e-08 0 -7.080490769738322e-05 2.155133987241653e-08 0 0.0003475541536022628 -6.021133428651959e-08 0 0.001402053786100546 -4.719894759752651e-08 0 -0.000111202642270547 1.795181019115244e-08 0 -0.0004030426240085455 3.488185412042765e-08 0 -5.608558544325825e-08 2.131197816140906e-08 0 0.0001645970934628475 1.362822337619418e-08 0 8.706484975766828e-05 1.931822317391418e-08 0 -9.46048335510527e-05 3.833616721987676e-08 0 -7.080617165814219e-05 2.196906220830463e-08 0 0.0003475557611204716 -5.87888429395833e-08 0 0.001402067695225373 -4.645410207892996e-08 0 -0.000111204297571426 1.850527005242686e-08 0 -0.0004030486729951279 3.515517576352378e-08 0 -5.733562207302122e-08 2.141488579521233e-08 0 0.0001645988472819583 1.375724184571325e-08 0 8.706693213586524e-05 1.951960929003071e-08 0 -9.460458400638999e-05 3.843729246000294e-08 0 -7.080738293474552e-05 2.235159451274837e-08 0 0.0003475572981386787 -5.745207481283598e-08 0 0.001402080893421423 -4.573608221314362e-08 0 -0.0001112058732085364 1.903085824345174e-08 0 -0.0004030544025750634 3.541090963510295e-08 0 -5.85141153065769e-08 2.149977839510652e-08 0 0.0001646005428023387 1.386503652861526e-08 0 8.706890967298193e-05 1.970020677838357e-08 0 -9.460436733813721e-05 3.854462173741302e-08 0 -7.080853094390548e-05 2.270224017802969e-08 0 0.0003475587729158264 -5.619151411534461e-08 0 0.001402093382721878 -4.504229261792502e-08 0 -0.0001112073510057474 1.952528422971555e-08 0 -0.0004030599010275484 3.565879930222948e-08 0 -5.966117061495279e-08 2.158992765122214e-08 0 0.0001646021465207259 1.396632119676777e-08 0 8.707081670401849e-05 1.985850058006111e-08 0 -9.460417370617258e-05 3.864547878235092e-08 0 -7.080963761550359e-05 2.304603862607335e-08 0 0.000347560193255287 -5.499001587416785e-08 0 0.001402105206892518 -4.436745607017122e-08 0 -0.0001112087475134797 1.999258586460328e-08 0 -0.0004030651232795646 3.589478414500746e-08 0 -6.075827230222796e-08 2.167643519540574e-08 0 0.0001646036544280007 1.407326607333337e-08 0 8.707261166802578e-05 2.0009383268349e-08 0 -9.460397343528243e-05 3.872765387546995e-08 0 -7.081068758171132e-05 2.336936269498047e-08 0 0.0003475615693593961 -5.384703749555796e-08 0 0.001402116370725872 -4.37113246848364e-08 0 -0.0001112101196896649 2.044932180533809e-08 0 -0.0004030701100484479 3.610602029163745e-08 0 -6.179492368154937e-08 2.174575985947058e-08 0 0.0001646050947110116 1.41663854605345e-08 0 8.707430661086117e-05 2.016387379982776e-08 0 -9.460378634600433e-05 3.879818742669183e-08 0 -7.081169097395561e-05 2.366586800833792e-08 0 0.0003475628895201685 -5.276922316471699e-08 0 0.001402126934770528 -4.307451368507075e-08 0 -0.0001112114231928973 2.088499240909813e-08 0 -0.000403074826826312 3.630365768420018e-08 0 -6.277184518357659e-08 2.180240952359691e-08 0 0.0001646064845874234 1.424444760061982e-08 0 8.707591494297796e-05 2.030329572522138e-08 0 -9.460362552131396e-05 3.88740777276797e-08 0 -7.081263970640932e-05 2.393890465024473e-08 0 0.0003475641556569438 -5.174797644558193e-08 0 0.001402136907636783 -4.245583830331245e-08 0 -0.0001112126483026124 2.129679741585954e-08 0 -0.0004030793445531054 3.649542942157912e-08 0 -6.371944132748974e-08 2.186419837540976e-08 0 0.0001646077990203991 1.431925105571663e-08 0 8.707746588522065e-05 2.042621551762158e-08 0 -9.460348305176391e-05 3.894569143569893e-08 0 -7.081355606199795e-05 2.420793051433057e-08 0 0.0003475653759106821 -5.0769183905508e-08 0 0.001402146335390548 -4.18521513695369e-08 0 -0.0001112138025642917 2.168621222875533e-08 0 -0.0004030836300751017 3.667818294916802e-08 0 -6.462529485509493e-08 2.192457622396393e-08 0 0.0001646090360805097 1.439968110028555e-08 0 8.707892713161537e-05 2.054448680621767e-08 0 -9.46033339336988e-05 3.900329800798907e-08 0 -7.081442631936759e-05 2.446283451501552e-08 0 0.0003475665583504879 -4.983168821331985e-08 0 0.00140215522247927 -4.126297603601613e-08 0 -0.0001112149293140234 2.206566925705422e-08 0 -0.0004030877206970089 3.684175484824914e-08 0 -6.548479953432972e-08 2.1972851836638e-08 0 0.000164610215004992 1.447101288104546e-08 0 8.708030939220261e-05 2.066622149798913e-08 0 -9.460319279725946e-05 3.90522420443129e-08 0 -7.081525696013209e-05 2.469822411865774e-08 0 0.0003475676982361529 -4.894120668452739e-08 0 0.001402163617737959 -4.068836704368416e-08 0 -0.0001112159881806567 2.242673360214331e-08 0 -0.0004030915902840034 3.699466096657166e-08 0 -6.629927387993594e-08 2.201315266875392e-08 0 0.0001646113484286282 1.453201961543193e-08 0 8.708162092304488e-05 2.077727732918699e-08 0 -9.460307002686491e-05 3.910537326595742e-08 0 -7.081604099346341e-05 2.491640230944947e-08 0 0.0003475687956977433 -4.809168564073873e-08 0 0.001402171522603437 -4.012635393402241e-08 0 -0.0001112169731166575 2.276785110444379e-08 0 -0.0004030952939600845 3.714276791688675e-08 0 -6.709237436452775e-08 2.205917910141908e-08 0 0.0001646124157637825 1.459230952044477e-08 0 8.708288426308163e-05 2.087635992548131e-08 0 -9.460295998399079e-05 3.915527901215965e-08 0 -7.081679741434073e-05 2.513158436912022e-08 0 0.0003475698570477685 -4.727381983787859e-08 0 0.001402178969128441 -3.957368585605358e-08 0 -0.0001112178946003767 2.309171011349864e-08 0 -0.0004030988020827311 3.728379765338685e-08 0 -6.785197054215186e-08 2.210606885044708e-08 0 0.000164613416519209 1.465886764057123e-08 0 8.708407337233366e-05 2.097280523555289e-08 0 -9.4602844565847e-05 3.919449748090997e-08 0 -7.081751603189855e-05 2.533587346170707e-08 0 0.000347570885757098 -4.648680043684017e-08 0 0.001402185961038991 -3.903002313704328e-08 0 -0.0001112187935293461 2.340886089829963e-08 0 -0.0004031021433532275 3.740986970895976e-08 0 -6.857177914723377e-08 2.21447043133316e-08 0 0.0001646143672162786 1.472039801164726e-08 0 8.708519764480045e-05 2.107297460141044e-08 0 -9.460273573587072e-05 3.922752022517129e-08 0 -7.081820341808819e-05 2.552509458658703e-08 0 0.0003475718784386045 -4.573540257624131e-08 0 0.001402192541078574 -3.849609563066902e-08 0 -0.0001112196391758989 2.37125071383959e-08 0 -0.0004031052978395593 3.752804443590829e-08 0 -6.925260152140544e-08 2.217837465068317e-08 0 0.0001646152804130399 1.477533222160598e-08 0 8.708626385453554e-05 2.11660122345636e-08 0 -9.460264123967166e-05 3.926416087401963e-08 0 -7.081885347442334e-05 2.570156251713307e-08 0 0.0003475728336037008 -4.501443622711987e-08 0 0.00140219871540129 -3.797099126789937e-08 0 -0.0001112204276173014 2.400095546611913e-08 0 -0.0004031083127430043 3.764292959979042e-08 0 -6.991486911980571e-08 2.221731598001098e-08 0 0.0001646161397752741 1.483129117435533e-08 0 8.708729157076016e-05 2.125051146856238e-08 0 -9.460255584186478e-05 3.929868375857071e-08 0 -7.081948083139873e-05 2.587634850836906e-08 0 0.0003475737594822864 -4.431593679521395e-08 0 0.001402204517673696 -3.745294254592357e-08 0 -0.0001112211610185231 2.427509133290373e-08 0 -0.0004031111669101188 3.775255737886728e-08 0 -7.055044398337795e-08 2.225814071249443e-08 0 0.000164616944841614 1.489309683910811e-08 0 8.708825986419171e-05 2.133397836862061e-08 0 -9.460246497509928e-05 3.932506429521476e-08 0 -7.082007613806034e-05 2.604348995488559e-08 0 0.0003475746583927741 -4.36387911292857e-08 0 0.001402209951365637 -3.694150389060846e-08 0 -0.0001112218691032528 2.454283641595278e-08 0 -0.000403113884751536 3.785064444511432e-08 0 -7.115573063404023e-08 2.229376284273998e-08 0 0.0001646177073636283 1.495257708622466e-08 0 8.708917641725432e-05 2.142090312073907e-08 0 -9.460237785518383e-05 3.934666639032747e-08 0 -7.082064485979671e-05 2.619947295223746e-08 0 0.0003475755306300218 -4.298687098641674e-08 0 0.001402215050618122 -3.643695926230927e-08 0 -0.0001112225248816115 2.479884065459403e-08 0 -0.0004031164501282213 3.794240537730031e-08 0 -7.173149771388698e-08 2.232700058862891e-08 0 0.0001646184366732514 1.500841599610947e-08 0 8.70900455897279e-05 2.150352221286233e-08 0 -9.460230110171219e-05 3.937106959200909e-08 0 -7.082118251269808e-05 2.634582860899792e-08 0 0.0003475763741284631 -4.235642436095644e-08 0 0.001402219816672174 -3.593801601448065e-08 0 -0.0001112231277194849 2.504223253763093e-08 0 -0.0004031188992612635 3.803123533457908e-08 0 -7.229324791232816e-08 2.236529036275803e-08 0 0.0001646191195579724 1.506629607184173e-08 0 8.709088259934923e-05 2.1580698394974e-08 0 -9.460223116654343e-05 3.939422436177731e-08 0 -7.082170182650531e-05 2.649084469841245e-08 0 0.0003475771946935755 -4.174246556742922e-08 0 0.001402224272590967 -3.544288006834816e-08 0 -0.0001112236823796811 2.527489689763129e-08 0 -0.0004031212140578575 3.811581254786755e-08 0 -7.283354091016969e-08 2.240617931470457e-08 0 0.0001646197566103069 1.512980321582979e-08 0 8.709167078823492e-05 2.165780100399361e-08 0 -9.460215705586056e-05 3.941165833271087e-08 0 -7.082219581131323e-05 2.66300671791786e-08 0 0.0003475779920693728 -4.114428505536116e-08 0 0.001402228421994982 -3.495133678310668e-08 0 -0.0001112242164034889 2.550355312352925e-08 0 -0.0004031234139759004 3.819141523864199e-08 0 -7.334881994835762e-08 2.244381609034507e-08 0 0.0001646203573345793 1.519287372991895e-08 0 8.709241698582475e-05 2.173812198996705e-08 0 -9.460208601063183e-05 3.942603816337042e-08 0 -7.082266900952995e-05 2.676088254466302e-08 0 0.0003475787667890327 -4.056504388644244e-08 0 0.00140223229482091 -3.446406740548191e-08 0 -0.0001112247096105683 2.572388779764622e-08 0 -0.0004031254862937212 3.826247904625823e-08 0 -7.383922525499886e-08 2.248046628711142e-08 0 0.0001646209304435944 1.525415851966194e-08 0 8.709312450224867e-05 2.181591982758357e-08 0 -9.460202287649502e-05 3.944272385092429e-08 0 -7.082311732900178e-05 2.68847765924618e-08 0 0.0003475795159339594 -4.000138167231659e-08 0 0.001402235895634315 -3.398049571584626e-08 0 -0.0001112251623229567 2.593481838314426e-08 0 -0.0004031274614469393 3.833169183453666e-08 0 -7.431705734139737e-08 2.252166735050576e-08 0 0.0001646214662463751 1.531820797290306e-08 0 8.709380628739437e-05 2.189011549802444e-08 0 -9.460196449458808e-05 3.945864723159387e-08 0 -7.08235506072137e-05 2.700803701516374e-08 0 0.0003475802463995051 -3.944892305179915e-08 0 0.001402239248289305 -3.349980447209244e-08 0 -0.0001112255735384489 2.613674511542374e-08 0 -0.0004031293273036862 3.839783754150394e-08 0 -7.477788762505244e-08 2.256570143244208e-08 0 0.0001646219654892443 1.538735742989683e-08 0 8.709444954889052e-05 2.196512361579694e-08 0 -9.460190210930711e-05 3.947033833107128e-08 0 -7.082396252875224e-05 2.712740376081824e-08 0 0.0003475809579721253 -3.890668114070461e-08 0 0.001402242355602445 -3.302171348168458e-08 0 -0.0001112259629597254 2.633451161304645e-08 0 -0.000403131100679268 3.845710557642822e-08 0 -7.522057232644851e-08 2.2607910432626e-08 0 0.0001646224342770584 1.545708276651236e-08 0 8.709505998816257e-05 2.204313774567534e-08 0 -9.460184111553804e-05 3.947986844388129e-08 0 -7.082435681096676e-05 2.724077419885562e-08 0 0.0003475816530395595 -3.837722022809187e-08 0 0.001402245241681449 -3.254664365792691e-08 0 -0.0001112263127740973 2.652489715371242e-08 0 -0.0004031327711901712 3.851278291416848e-08 0 -7.564528681225124e-08 2.265038879373238e-08 0 0.0001646228787147881 1.552626707757021e-08 0 8.709563931244556e-05 2.21199383185211e-08 0 -9.460178555540516e-05 3.949133911551606e-08 0 -7.082473046732261e-05 2.734920150071485e-08 0 0.0003475823286676651 -3.78580880741608e-08 0 0.001402247908038261 -3.207369039109897e-08 0 -0.0001112266249007586 2.670755535477687e-08 0 -0.0004031343619786652 3.85668518301796e-08 0 -7.606076053018084e-08 2.269733161142096e-08 0 0.0001646232909006742 1.559865048933462e-08 0 8.70961972985161e-05 2.219462060665256e-08 0 -9.460173337868388e-05 3.950257716767158e-08 0 -7.082509207575678e-05 2.745729814346287e-08 0 0.0003475829896343111 -3.734677036376643e-08 0 0.001402250372445998 -3.160197096369054e-08 0 -0.0001112269015516379 2.688338568423987e-08 0 -0.0004031358619089944 3.861864385223956e-08 0 -7.646234553501418e-08 2.274761377873968e-08 0 0.0001646236723355753 1.56761337660738e-08 0 8.709672376348841e-05 2.227064545279322e-08 0 -9.460167815717596e-05 3.951088016485027e-08 0 -7.082543700976175e-05 2.756264438213973e-08 0 0.0003475836344332649 -3.684255028141292e-08 0 0.0014022526370332 -3.113120537051594e-08 0 -0.0001112271618788317 2.705642663386465e-08 0 -0.0004031372841845522 3.866530801782674e-08 0 -7.684799939108621e-08 2.279728354703803e-08 0 0.0001646240286203374 1.575534559761227e-08 0 8.709722375565761e-05 2.234971967912669e-08 0 -9.460162406184011e-05 3.95180327975031e-08 0 -7.082576836614853e-05 2.766356951844351e-08 0 0.0003475842650836544 -3.634762638093925e-08 0 0.00140225472252576 -3.066200771062454e-08 0 -0.0001112273917792256 2.722404537219835e-08 0 -0.0004031386219044141 3.870955315316004e-08 0 -7.721822828029889e-08 2.284798207574656e-08 0 0.0001646243655497627 1.583499788931908e-08 0 8.709769889479398e-05 2.242863652440752e-08 0 -9.460157397471816e-05 3.952697856524079e-08 0 -7.082608323612237e-05 2.776111188151908e-08 0 0.0003475848786137353 -3.585979083814417e-08 0 0.00140225663131328 -3.019381236007978e-08 0 -0.0001112275925092658 2.738580266725687e-08 0 -0.0004031398949999737 3.875282544169022e-08 0 -7.758125620399325e-08 2.290259894233149e-08 0 0.0001646246765677067 1.59179746606064e-08 0 8.70981574630572e-05 2.25063745279419e-08 0 -9.460152597146054e-05 3.953599152922704e-08 0 -7.082638803956527e-05 2.785873801092187e-08 0 0.0003475854803993983 -3.537689459431892e-08 0 0.001402258379937401 -2.972618449309516e-08 0 -0.0001112277634132824 2.754204565108553e-08 0 -0.0004031410951428927 3.879455840599676e-08 0 -7.793372260034048e-08 2.296050816835704e-08 0 0.0001646249626010045 1.60054011225097e-08 0 8.70985911501261e-05 2.258567608631745e-08 0 -9.460147499154928e-05 3.954282744300652e-08 0 -7.082667886751033e-05 2.795463884680549e-08 0 0.0003475860693019188 -3.489803199890895e-08 0 0.001402259969819065 -2.925877575638003e-08 0 -0.0001112279186189467 2.769586392864509e-08 0 -0.0004031422327985915 3.883250568326168e-08 0 -7.827381269878452e-08 2.301869701099024e-08 0 0.0001646252278759419 1.609508221145362e-08 0 8.709900385514556e-05 2.266762134939259e-08 0 -9.460142437266172e-05 3.954885666873631e-08 0 -7.082695847534375e-05 2.804742673528926e-08 0 0.0003475866477978783 -3.442501842615409e-08 0 0.001402261417541961 -2.87920048844259e-08 0 -0.0001112280463928389 2.784522045579107e-08 0 -0.0004031433023605618 3.88686747787581e-08 0 -7.860190746194794e-08 2.307853493033196e-08 0 0.0001646254770596121 1.618599699410028e-08 0 8.70993967575749e-05 2.275016409980512e-08 0 -9.460137671689003e-05 3.955631505681012e-08 0 -7.082722485864805e-05 2.813792832762063e-08 0 0.0003475872131382396 -3.395613552142906e-08 0 0.001402262723649943 -2.832520760304158e-08 0 -0.0001112281489647898 2.798990618446684e-08 0 -0.0004031443191803187 3.890405405465591e-08 0 -7.892438442027893e-08 2.314190923613513e-08 0 0.0001646257048465091 1.628019019594973e-08 0 8.709977644134891e-05 2.283251248486051e-08 0 -9.460133054796371e-05 3.956412842481827e-08 0 -7.082748350921776e-05 2.82286996833303e-08 0 0.0003475877694338117 -3.349013465159256e-08 0 0.001402263900601472 -2.785801625493356e-08 0 -0.0001112282265433792 2.813057711770206e-08 0 -0.0004031452766741043 3.893829021023309e-08 0 -7.923849592791665e-08 2.320843441733222e-08 0 0.0001646259121330547 1.637834829565366e-08 0 8.710013621759589e-05 2.291648816543645e-08 0 -9.460128189031289e-05 3.957065826398765e-08 0 -7.082773124431062e-05 2.831848952555838e-08 0 0.0003475883152098749 -3.30262705725004e-08 0 0.001402264949777857 -2.73902092673417e-08 0 -0.0001112282913392666 2.826974879188704e-08 0 -0.0004031461832586062 3.896971521172298e-08 0 -7.954287864486464e-08 2.327563852766446e-08 0 0.0001646261021519928 1.647897063944415e-08 0 8.710047922570045e-05 2.300275123851003e-08 0 -9.460123350548896e-05 3.957692449457761e-08 0 -7.082797006225174e-05 2.840618418264995e-08 0 0.0003475888528224787 -3.25661671032873e-08 0 0.001402265885451816 -2.692234369466861e-08 0 -0.0001112283346726799 2.840585589664046e-08 0 -0.000403147034424043 3.900001398216001e-08 0 -7.983752298157153e-08 2.334463575226486e-08 0 0.000164626278973054 1.658111561941844e-08 0 8.710080631202723e-05 2.308996072120095e-08 0 -9.460118749169202e-05 3.958431434719634e-08 0 -7.082819841911987e-05 2.849248950664851e-08 0 0.000347589379656274 -3.21083687138124e-08 0 0.001402266709041651 -2.645403903572818e-08 0 -0.0001112283588292941 2.853862376972493e-08 0 -0.0004031478426007144 3.902990272641737e-08 0 -8.012710771276609e-08 2.341671011957258e-08 0 0.0001646264389665239 1.668640145502387e-08 0 8.71011229529768e-05 2.317743978685893e-08 0 -9.460114263988573e-05 3.95921448889669e-08 0 -7.082842076927899e-05 2.85791738260932e-08 0 0.0003475898994646162 -3.16519592064024e-08 0 0.001402267432196551 -2.598522891306132e-08 0 -0.0001112283623252927 2.866820261737679e-08 0 -0.0004031486033939414 3.905910754553598e-08 0 -8.041005175596116e-08 2.349171068088962e-08 0 0.0001646265831006626 1.679519495006998e-08 0 8.710142434497149e-05 2.326667945112825e-08 0 -9.460109575757519e-05 3.959924147617366e-08 0 -7.082863439231145e-05 2.866548508284605e-08 0 0.0003475904109207957 -3.11961139420891e-08 0 0.001402268055629249 -2.551564157876607e-08 0 -0.0001112283540154399 2.879637908681509e-08 0 -0.0004031493240909955 3.908628175286476e-08 0 -8.068600924545954e-08 2.356771507810995e-08 0 0.0001646267131946988 1.690651711683255e-08 0 8.710171315586683e-05 2.335803023917337e-08 0 -9.460104860790561e-05 3.960640204692112e-08 0 -7.08288407786639e-05 2.875062009993767e-08 0 0.0003475909167538482 -3.074203664549247e-08 0 0.001402268590801888 -2.504568998029643e-08 0 -0.000111228326242413 2.892198724957495e-08 0 -0.0004031500011603301 3.911268293965708e-08 0 -8.095511289454604e-08 2.364566736162699e-08 0 0.0001646268320126959 1.701957477728833e-08 0 8.710198950501873e-05 2.345062453945612e-08 0 -9.46010026770909e-05 3.961455179862794e-08 0 -7.082903863203648e-05 2.883504768985689e-08 0 0.0003475914146138237 -3.028862277654198e-08 0 0.0014022690379582 -2.457490011487095e-08 0 -0.0001112282813592116 2.904496829159164e-08 0 -0.0004031506439488054 3.913876291117279e-08 0 -8.12206601766261e-08 2.372640842823737e-08 0 0.0001646269366749296 1.713559561605793e-08 0 8.710225729335884e-05 2.354386795244689e-08 0 -9.460095732436238e-05 3.962325709205849e-08 0 -7.082923157524303e-05 2.891987201103507e-08 0 0.0003475919071166574 -2.983568376385692e-08 0 0.001402269406124746 -2.410319852735876e-08 0 -0.0001112282192818927 2.916566847754875e-08 0 -0.0004031512484180439 3.916444683144115e-08 0 -8.148098907395406e-08 2.380989425065927e-08 0 0.0001646270282647105 1.725476715674912e-08 0 8.710251276430532e-05 2.363882252442994e-08 0 -9.460091049315333e-05 3.963159123099302e-08 0 -7.082941773986494e-05 2.90045398740335e-08 0 0.0003475923926876574 -2.938260788842851e-08 0 0.001402269695887283 -2.363035197378016e-08 0 -0.0001112281483357548 2.928553027164993e-08 0 -0.0004031518200934315 3.918875919606268e-08 0 -8.173532628843771e-08 2.38945229644183e-08 0 0.0001646271085663197 1.737640856896983e-08 0 8.710275819903342e-05 2.373567185853797e-08 0 -9.460086371501988e-05 3.964025362818147e-08 0 -7.082959849699989e-05 2.908840887605457e-08 0 0.0003475928732985904 -2.893055586761229e-08 0 0.001402269916909157 -2.315679697301176e-08 0 -0.000111228062812007 2.940364218773084e-08 0 -0.0004031523566443914 3.921276561791309e-08 0 -8.198380772178359e-08 2.39811097299536e-08 0 0.000164627180231601 1.74997670729371e-08 0 8.710299394277392e-05 2.383382634307818e-08 0 -9.460081807061149e-05 3.964982542292717e-08 0 -7.082977274599707e-05 2.917205801228339e-08 0 0.0003475933469667333 -2.847845485126621e-08 0 0.001402270069427145 -2.268215164996645e-08 0 -0.0001112279645953188 2.951989467453453e-08 0 -0.0004031528660429772 3.923673124600623e-08 0 -8.22294240823671e-08 2.407017195976691e-08 0 0.0001646272409734327 1.762587196335597e-08 0 8.71032234082275e-05 2.393273289963415e-08 0 -9.460077282042595e-05 3.966003769145798e-08 0 -7.082994319490206e-05 2.925632650724319e-08 0 0.000347593816579176 -2.802600861800953e-08 0 0.001402270161030564 -2.220643009753775e-08 0 -0.0001112278524812854 2.963444064446596e-08 0 -0.0004031533455426672 3.926060242881446e-08 0 -8.247115142537042e-08 2.416182936365585e-08 0 0.0001646272914979825 1.775480254484485e-08 0 8.710344369043317e-05 2.403331229861027e-08 0 -9.460072617012427e-05 3.967013482986115e-08 0 -7.083010815731732e-05 2.934093275286375e-08 0 0.0003475942811495165 -2.757242259510129e-08 0 0.001402270191694019 -2.172937861588675e-08 0 -0.0001112277323125042 2.974833174240743e-08 0 -0.0004031537995556264 3.928356249321973e-08 0 -8.270851518943111e-08 2.425484307844172e-08 0 0.0001646273328876173 1.788626523280268e-08 0 8.710365644079911e-05 2.413564408054735e-08 0 -9.460067912311562e-05 3.968064937048821e-08 0 -7.08302686864906e-05 2.942530348548633e-08 0 0.0003475947427769265 -2.71186178651961e-08 0 0.001402270169276666 -2.125140115966095e-08 0 -0.0001112275993737401 2.986094205931211e-08 0 -0.0004031542260283446 3.930639960736392e-08 0 -8.294161406643718e-08 2.434979085724764e-08 0 0.0001646273670270343 1.801961539010799e-08 0 8.710386163519183e-05 2.423949988644702e-08 0 -9.460063255757253e-05 3.96919321993261e-08 0 -7.083042397667756e-05 2.95097577693304e-08 0 0.0003475951996796123 -2.666382224042474e-08 0 0.001402270093993601 -2.077218953788762e-08 0 -0.0001112274556779869 2.997224455431047e-08 0 -0.0004031546308966675 3.932919935556444e-08 0 -8.317250078937221e-08 2.444682357938266e-08 0 0.0001646273921917726 1.815544167088623e-08 0 8.710406166705444e-05 2.434440510290514e-08 0 -9.460058616799286e-05 3.970391201230106e-08 0 -7.083057626101201e-05 2.959470148111709e-08 0 0.0003475956535623249 -2.620833309402438e-08 0 0.001402269972594107 -2.029185134505562e-08 0 -0.000111227300812429 3.00824023399815e-08 0 -0.0004031550117779246 3.935205052096879e-08 0 -8.340024583788663e-08 2.454607113400176e-08 0 0.0001646274092005351 1.82936040690751e-08 0 8.710425426131442e-05 2.445084389818275e-08 0 -9.460053883476871e-05 3.971603289992798e-08 0 -7.083072439912837e-05 2.96799646734569e-08 0 0.0003475961031611761 -2.575160600037929e-08 0 0.0014022698051692 -1.981015737562153e-08 0 -0.0001112271399776529 3.019219627087288e-08 0 -0.0004031553722956895 3.937438425999362e-08 0 -8.362436865194422e-08 2.464659334955321e-08 0 0.0001646274190818878 1.843396396639108e-08 0 8.710444090405735e-05 2.455871038475887e-08 0 -9.460049151254618e-05 3.972872539281802e-08 0 -7.083086926642361e-05 2.976513743813136e-08 0 0.0003475965499513886 -2.529454602023807e-08 0 0.001402269597939251 -1.932741238580559e-08 0 -0.0001112269693440207 3.030109904655909e-08 0 -0.0004031557112426642 3.939688910520322e-08 0 -8.384504125713321e-08 2.474897351639749e-08 0 0.0001646274235519579 1.857598902477164e-08 0 8.710462185939487e-05 2.466792650007709e-08 0 -9.460044487591759e-05 3.974208923063216e-08 0 -7.083101023195799e-05 2.985067244082317e-08 0 0.0003475969925222713 -2.483632600275288e-08 0 0.001402269350174269 -1.884325333961767e-08 0 -0.0001112267904093897 3.040904981294057e-08 0 -0.0004031560335031186 3.941953981290158e-08 0 -8.406413186390104e-08 2.485329664292379e-08 0 0.0001646274211975704 1.872026827998141e-08 0 8.710479926239688e-05 2.477811056333934e-08 0 -9.460039841284462e-05 3.975614100426572e-08 0 -7.083114904758019e-05 2.993688230645829e-08 0 0.0003475974328764654 -2.437700328400406e-08 0 0.001402269066206225 -1.835770063046693e-08 0 -0.0001112266023899217 3.051633822720445e-08 0 -0.0004031563373910265 3.944238527453513e-08 0 -8.428105335161783e-08 2.49597481849495e-08 0 0.0001646274124215766 1.886674054485393e-08 0 8.710497138934846e-05 2.488974731179594e-08 0 -9.460035097536013e-05 3.977046731523659e-08 0 -7.083128459097614e-05 3.002378308469832e-08 0 0.0003475978704380323 -2.391582891447808e-08 0 0.001402268745796922 -1.787057090502086e-08 0 -0.0001112264091028964 3.062359342498322e-08 0 -0.000403156625571964 3.94648996121516e-08 0 -8.44954580747601e-08 2.506750706315897e-08 0 0.0001646273977126619 1.901543404680961e-08 0 8.710513914238215e-05 2.50027758427751e-08 0 -9.460030316318924e-05 3.978540443622114e-08 0 -7.083141739618741e-05 3.011099743155387e-08 0 0.0003475983068483499 -2.345350536697711e-08 0 0.001402268394316827 -1.738225223479883e-08 0 -0.000111226208054413 3.07305124819246e-08 0 -0.0004031568965913584 3.948765295996858e-08 0 -8.470724258829753e-08 2.517691850140169e-08 0 0.0001646273783705923 1.916584798505871e-08 0 8.71053023281179e-05 2.511729257914652e-08 0 -9.460025551562279e-05 3.980091885236181e-08 0 -7.083154705609522e-05 3.019871774173621e-08 0 0.0003475987408012304 -2.298947384543615e-08 0 0.001402268012287586 -1.689262591614282e-08 0 -0.0001112260009696053 3.083700354788999e-08 0 -0.0004031571541740705 3.951055866507901e-08 0 -8.491735421084256e-08 2.528786265110217e-08 0 0.0001646273537199566 1.931825043682833e-08 0 8.710546240343202e-05 2.523294623246741e-08 0 -9.460020797882884e-05 3.981714608025655e-08 0 -7.083167501463482e-05 3.028690907791453e-08 0 0.0003475991731411235 -2.252428751847724e-08 0 0.001402267604895521 -1.640193920265931e-08 0 -0.0001112257868284353 3.094304232287293e-08 0 -0.0004031573972858998 3.953378163723541e-08 0 -8.512560233097965e-08 2.540051903532348e-08 0 0.0001646273244403987 1.947237434490878e-08 0 8.710561833390888e-05 2.534994653774491e-08 0 -9.460015999418481e-05 3.983378171062979e-08 0 -7.083180055669074e-05 3.037563845592616e-08 0 0.0003475996028920944 -2.205744630695561e-08 0 0.001402267172119602 -1.591001248107959e-08 0 -0.0001112255684039831 3.104894262528912e-08 0 -0.0004031576284983587 3.955694939661302e-08 0 -8.533214154726498e-08 2.551435571152005e-08 0 0.0001646272907226271 1.962831257945608e-08 0 8.710577114683092e-05 2.546806264491774e-08 0 -9.460011197308382e-05 3.985110184206997e-08 0 -7.083192419293781e-05 3.04646816454146e-08 0 0.0003476000312275032 -2.158963659931735e-08 0 0.001402266717918682 -1.54170475344384e-08 0 -0.000111225343177708 3.115447368140511e-08 0 -0.0004031578469780513 3.958051608687895e-08 0 -8.553707351449424e-08 2.562979108805541e-08 0 0.0001646272533820312 1.978570426247606e-08 0 8.710592072226629e-05 2.558743376207539e-08 0 -9.460006415578509e-05 3.986896465746348e-08 0 -7.083204547256998e-05 3.055435880000567e-08 0 0.0003476004573289906 -2.11202118086118e-08 0 0.001402266241209302 -1.492272587444443e-08 0 -0.0001112251124122665 3.125963655287167e-08 0 -0.0004031580554678948 3.960429432320333e-08 0 -8.574116796416819e-08 2.574673314825748e-08 0 0.0001646272117292874 1.994489196022187e-08 0 8.710606815030829e-05 2.570779490673747e-08 0 -9.46000164130309e-05 3.988752426270503e-08 0 -7.083216543671277e-05 3.064466657515252e-08 0 0.0003476008823880897 -2.0649551263352e-08 0 0.001402265744212316 -1.442705732657146e-08 0 -0.000111224875923091 3.13647464181277e-08 0 -0.000403158252752167 3.962845956245741e-08 0 -8.594402642336551e-08 2.586537431459313e-08 0 0.0001646271661899512 2.010578493277793e-08 0 8.710621260379219e-05 2.582940875767159e-08 0 -9.459996824325717e-05 3.990653218294282e-08 0 -7.083228355769798e-05 3.073574082051999e-08 0 0.0003476013060389194 -2.017699453349398e-08 0 0.001402265226594104 -1.39299004900395e-08 0 -0.0001112246364139563 3.147012749699085e-08 0 -0.000403158440505473 3.965265744920731e-08 0 -8.61453598802162e-08 2.598518199919964e-08 0 0.0001646271169917016 2.026851197295398e-08 0 8.710635469647009e-05 2.595217402784344e-08 0 -9.459991992570582e-05 3.992626289306411e-08 0 -7.083240025695935e-05 3.082732218107064e-08 0 0.0003476017291379405 -1.970314860572087e-08 0 0.001402264691981666 -1.343157521316307e-08 0 -0.0001112243925772555 3.157565620776071e-08 0 -0.0004031586178283308 3.967734660270671e-08 0 -8.634511000637812e-08 2.61063845471976e-08 0 0.0001646270649991455 2.043268474555271e-08 0 8.710649424431559e-05 2.607624826483912e-08 0 -9.45998716027005e-05 3.994652495592499e-08 0 -7.083251518824606e-05 3.091960340539934e-08 0 0.000347602150807258 -1.922749264665625e-08 0 0.00140226414088182 -1.293200568158736e-08 0 -0.0001112241455873339 3.168122376245863e-08 0 -0.0004031587872341674 3.970232581584909e-08 0 -8.654376828370646e-08 2.622879284597257e-08 0 0.0001646270099120647 2.059846515578556e-08 0 8.710663208960633e-05 2.620134571112986e-08 0 -9.459982328081928e-05 3.996748722256971e-08 0 -7.083262908211262e-05 3.101240637903845e-08 0 0.0003476025716448589 -1.875057604322495e-08 0 0.001402263577197284 -1.243144481105629e-08 0 -0.00011122389436765 3.178670758552382e-08 0 -0.0004031589482162076 3.972779852312591e-08 0 -8.674138014807852e-08 2.635258090216697e-08 0 0.0001646269521865251 2.076557476665686e-08 0 8.710676767884755e-05 2.632759743548263e-08 0 -9.459977469921527e-05 3.998890555495516e-08 0 -7.083274149183304e-05 3.110586636878576e-08 0 0.0003476029911713557 -1.827188919611978e-08 0 0.001402263000645339 -1.192973608787895e-08 0 -0.0001112236403745734 3.189216206400669e-08 0 -0.0004031591024564185 3.97534771698349e-08 0 -8.693812060533745e-08 2.647741381006652e-08 0 0.0001646268918688437 2.093415862880477e-08 0 8.710690162159333e-05 2.645476673834856e-08 0 -9.459972615023793e-05 4.00110031981149e-08 0 -7.083285277325462e-05 3.119978648352672e-08 0 0.0003476034101112385 -1.779205593271938e-08 0 0.00140226241374293 -1.142704851575527e-08 0 -0.0001112233818794106 3.199754167182434e-08 0 -0.0004031592494141908 3.977969682822379e-08 0 -8.713410507704444e-08 2.660361613643358e-08 0 0.0001646268293802322 2.110394960869177e-08 0 8.710703387749401e-05 2.65830312692894e-08 0 -9.459967779718026e-05 4.003358961002235e-08 0 -7.083296271769012e-05 3.129444681865267e-08 0 0.000347603828024047 -1.731052227255115e-08 0 0.0014022618154437 -1.092312404415985e-08 0 -0.0001112231197583843 3.210288861132948e-08 0 -0.000403159390752375 3.980617115095785e-08 0 -8.732973783009723e-08 2.673104618905464e-08 0 0.0001646267642247123 2.127519264927269e-08 0 8.710716504271158e-05 2.671219467148544e-08 0 -9.459962958539847e-05 4.005686905089734e-08 0 -7.083307202934706e-05 3.138973354160912e-08 0 0.0003476042455421643 -1.682775720157626e-08 0 0.001402261206934395 -1.041796093836922e-08 0 -0.0001112228543584809 3.220853006524749e-08 0 -0.0004031595253523589 3.983315731426184e-08 0 -8.752461936461819e-08 2.685990179579489e-08 0 0.0001646266966874449 2.144782983853899e-08 0 8.710729461093579e-05 2.684242864092745e-08 0 -9.459958116373596e-05 4.008065254690329e-08 0 -7.083318041024854e-05 3.148584967055389e-08 0 0.000347604662553555 -1.63431425545535e-08 0 0.001402260587819767 -9.911415903285368e-09 0 -0.0001112225876775536 3.23146351136061e-08 0 -0.0004031596542495921 3.986037610398396e-08 0 -8.77182980488198e-08 2.698983134208355e-08 0 0.0001646266270242946 2.162206139827427e-08 0 8.710742289659566e-05 2.697365450443634e-08 0 -9.459953268782517e-05 4.010516433533562e-08 0 -7.083328804699528e-05 3.158257730340174e-08 0 0.0003476050795856514 -1.585719509172857e-08 0 0.001402259960331255 -9.403708263466813e-09 0 -0.00011122231895936 3.242113758711307e-08 0 -0.0004031597770122671 3.988820668210379e-08 0 -8.791084410430838e-08 2.712095385076774e-08 0 0.0001646265558796697 2.179755282522011e-08 0 8.710754982869244e-05 2.710606929190451e-08 0 -9.459948418910624e-05 4.013015102860562e-08 0 -7.083339468935689e-05 3.168006298265302e-08 0 0.0003476054961050884 -1.536945604813101e-08 0 0.001402259324573399 -8.894772057788101e-09 0 -0.0001112220488593413 3.252788113167204e-08 0 -0.0004031598954337342 3.991637049366447e-08 0 -8.810275907433528e-08 2.725299968336925e-08 0 0.0001646264830847052 2.197431651224102e-08 0 8.71076759088804e-05 2.723942512522503e-08 0 -9.459943571609591e-05 4.01557952028897e-08 0 -7.083350073038007e-05 3.177803163667558e-08 0 0.0003476059123595152 -1.488051457054773e-08 0 0.001402258682820637 -8.38480494758098e-09 0 -0.0001112217763585069 3.263486273580307e-08 0 -0.0004031600092418083 3.99450810623092e-08 0 -8.82942136071183e-08 2.738611384889289e-08 0 0.0001646264088105281 2.215204657207703e-08 0 8.710780083771851e-05 2.737371040256731e-08 0 -9.459938714413002e-05 4.018190999377502e-08 0 -7.083360592219366e-05 3.187664228410102e-08 0 0.0003476063281111219 -1.438989736396446e-08 0 0.001402258034931145 -7.873718906037384e-09 0 -0.0001112215020359353 3.274206033382354e-08 0 -0.0004031601194542586 3.997409333406087e-08 0 -8.848535718030991e-08 2.752011225154449e-08 0 0.0001646263329666831 2.233094642534184e-08 0 8.710792491316981e-05 2.750868290796182e-08 0 -9.459933874315929e-05 4.02086555370551e-08 0 -7.083371050726343e-05 3.19757507694085e-08 0 0.000347606743751179 -1.389815625779667e-08 0 0.001402257382571228 -7.361672799133245e-09 0 -0.0001112212251274669 3.284953311449845e-08 0 -0.0004031602253167787 4.00037207665127e-08 0 -8.867608484313982e-08 2.765523531705893e-08 0 0.0001646262558149189 2.251086116816792e-08 0 8.710804808810534e-05 2.764458877785314e-08 0 -9.459929061940431e-05 4.023579819323331e-08 0 -7.083381444799446e-05 3.207562294244015e-08 0 0.000347607159100656 -1.340477680938923e-08 0 0.001402256725243876 -6.848532754788471e-09 0 -0.0001112209464493516 3.295725813784456e-08 0 -0.00040316032782408 4.003364743876414e-08 0 -8.886630654264293e-08 2.77913374813199e-08 0 0.0001646261772766111 2.269195184534389e-08 0 8.710817072487413e-05 2.77813268917404e-08 0 -9.459924278233667e-05 4.026360102271642e-08 0 -7.083391821406658e-05 3.217610367728384e-08 0 0.0003476075745115423 -1.29101993470715e-08 0 0.001402256063749933 -6.334346006053869e-09 0 -0.0001112206660882492 3.306543265579887e-08 0 -0.0004031604264210508 4.006414596607887e-08 0 -8.905598334468556e-08 2.792857423800088e-08 0 0.0001646260976023439 2.287415421659e-08 0 8.710829270481417e-05 2.791900564902416e-08 0 -9.459919493793462e-05 4.029195364158022e-08 0 -7.083402156510264e-05 3.227745035833118e-08 0 0.0003476079900725654 -1.241383420363951e-08 0 0.001402255397830267 -5.81900758134246e-09 0 -0.0001112203850788945 3.317404608654817e-08 0 -0.0004031605220991482 4.009494933981949e-08 0 -8.924515621649731e-08 2.806670441196646e-08 0 0.0001646260167000937 2.305763676518913e-08 0 8.710841422135406e-05 2.805753662044052e-08 0 -9.459914708674633e-05 4.032103567003231e-08 0 -7.083412450514108e-05 3.237947725914791e-08 0 0.0003476084061692641 -1.191614931034258e-08 0 0.001402254728770084 -5.30265399645291e-09 0 -0.0001112201028345763 3.328311622141644e-08 0 -0.0004031606144359323 4.012639577555265e-08 0 -8.943390451820776e-08 2.820582675755468e-08 0 0.0001646259347794637 2.32421383319914e-08 0 8.710853506145587e-05 2.819707806828164e-08 0 -9.45990991266521e-05 4.035055611861793e-08 0 -7.083422683138578e-05 3.248226940200104e-08 0 0.0003476088224809229 -1.141676726768016e-08 0 0.001402254056532291 -4.785204725521463e-09 0 -0.0001112198197268863 3.339252401673987e-08 0 -0.000403160704544006 4.015817014341171e-08 0 -8.962231973913303e-08 2.834574080318175e-08 0 0.0001646258518354232 2.342768762320091e-08 0 8.710865534899968e-05 2.833743065894234e-08 0 -9.459905124780538e-05 4.038069062461958e-08 0 -7.083432876876099e-05 3.258548600393318e-08 0 0.0003476092388729965 -1.091637594902162e-08 0 0.001402253382293973 -4.266769111638257e-09 0 -0.0001112195353519876 3.350233036131245e-08 0 -0.0004031607919767338 4.019053347070755e-08 0 -8.981045498262818e-08 2.848655528131516e-08 0 0.0001646257680716218 2.361405691819751e-08 0 8.710877500980178e-05 2.847859661286866e-08 0 -9.459900349631511e-05 4.041127355663976e-08 0 -7.083443030152235e-05 3.268928655542069e-08 0 0.0003476096551719224 -1.04145591872662e-08 0 0.001402252705977089 -3.747281464294704e-09 0 -0.0001112192502658108 3.36124571578833e-08 0 -0.0004031608773944969 4.022325095914824e-08 0 -8.99982915761297e-08 2.862812169268647e-08 0 0.0001646256834985857 2.380138825613942e-08 0 8.710889427551714e-05 2.862039438777941e-08 0 -9.459895607369373e-05 4.044248845536114e-08 0 -7.083453165743213e-05 3.279356086682838e-08 0 0.0003476100713900657 -9.911816811758461e-09 0 0.001402252028539927 -3.22686468517963e-09 0 -0.0001112189640638181 3.372299866438722e-08 0 -0.0004031609602681146 4.025664195744793e-08 0 -9.018580439390277e-08 2.877064260442541e-08 0 0.0001646255983219699 2.398954198484793e-08 0 8.710901319131102e-05 2.876298431375712e-08 0 -9.459890894567696e-05 4.047412024976715e-08 0 -7.083463276465889e-05 3.289860044802805e-08 0 0.0003476104874969577 -9.407621147372596e-09 0 0.001402251349779955 -2.705431274840907e-09 0 -0.0001112186771493121 3.383389661493208e-08 0 -0.000403161041505548 4.029037034558591e-08 0 -9.037300680025705e-08 2.8914013960879e-08 0 0.0001646255124430687 2.417869494203417e-08 0 8.710913199462543e-05 2.890626957241515e-08 0 -9.459886209933765e-05 4.05063881811496e-08 0 -7.083473383877324e-05 3.300426440477899e-08 0 0.000347610903832847 -8.902316613046418e-09 0 0.001402250670031878 -2.183004353673023e-09 0 -0.0001112183895441293 3.394531831318881e-08 0 -0.0004031611206028878 4.032472070841785e-08 0 -9.055988785255686e-08 2.905837803712785e-08 0 0.0001646254259492219 2.436880510575667e-08 0 8.710925060294304e-05 2.905038203049326e-08 0 -9.459881528032371e-05 4.053914536700232e-08 0 -7.083483468779682e-05 3.311079358608859e-08 0 0.0003476113207289966 -8.395313666476061e-09 0 0.001402249989174042 -1.659502729678408e-09 0 -0.0001112181017759936 3.405719529309126e-08 0 -0.0004031611982527744 4.03594127770801e-08 0 -9.074638721711969e-08 2.920355998692337e-08 0 0.0001646253388058252 2.456004544876267e-08 0 8.710936904240267e-05 2.919526587152887e-08 0 -9.459876850330395e-05 4.057255850037356e-08 0 -7.083493529611711e-05 3.321798053290691e-08 0 0.0003476117384299399 -7.887059352840181e-09 0 0.001402249307808599 -1.135012674124968e-09 0 -0.0001112178134454675 3.416958944957305e-08 0 -0.0004031612740360707 4.039475447886742e-08 0 -9.093260484871223e-08 2.934961179645867e-08 0 0.0001646252511186344 2.47521960081154e-08 0 8.710948718830545e-05 2.934107678348452e-08 0 -9.459872168886274e-05 4.06063839081261e-08 0 -7.083503555516123e-05 3.332588881937992e-08 0 0.0003476121568144891 -7.377211952430689e-09 0 0.001402248626021327 -6.094892160413144e-10 0 -0.0001112175247492339 3.428237374536458e-08 0 -0.0004031613487913698 4.04303977449838e-08 0 -9.111862418059479e-08 2.949631994209057e-08 0 0.0001646251628673878 2.494522127055587e-08 0 8.710960504564046e-05 2.948764804555637e-08 0 -9.459867504391095e-05 4.064080513094259e-08 0 -7.083513561994408e-05 3.343418783496865e-08 0 0.0003476125755207116 -6.866478524658608e-09 0 0.001402247944198555 -8.298617348856373e-11 0 -0.0001112172355922092 3.439568433544204e-08 0 -0.0004031614220241438 4.046662979706461e-08 0 -9.130447869986935e-08 2.964376553948878e-08 0 0.0001646250741671254 2.513890455524415e-08 0 8.710972255742548e-05 2.963491724239375e-08 0 -9.459862860532187e-05 4.067567138665851e-08 0 -7.083523554636538e-05 3.354303559910398e-08 0 0.0003476129944414846 -6.354482592896287e-09 0 0.001402247262526336 4.445255136209526e-10 0 -0.0001112169463362983 3.450942644145361e-08 0 -0.0004031614942533664 4.050321959075953e-08 0 -9.149009749797909e-08 2.97918586744661e-08 0 0.0001646249850700554 2.533338810950525e-08 0 8.710983985495828e-05 2.978271853443237e-08 0 -9.459858259627113e-05 4.071114478865212e-08 0 -7.083533548571384e-05 3.365232926350047e-08 0 0.0003476134134092687 -5.841699048103615e-09 0 0.001402246581321473 9.729813413295041e-10 0 -0.0001112166568053782 3.462370021245498e-08 0 -0.0004031615649413913 4.054050692370303e-08 0 -9.167544658128279e-08 2.994077037687947e-08 0 0.0001646248957517457 2.55285682246309e-08 0 8.710995705835804e-05 2.99312065271673e-08 0 -9.459853697367515e-05 4.074699902489876e-08 0 -7.083543540672281e-05 3.37623585408564e-08 0 0.0003476138324704295 -5.327608479377416e-09 0 0.001402245900605829 1.502425579780198e-09 0 -0.0001112163671892069 3.473838810358343e-08 0 -0.0004031616348484159 4.057814728675169e-08 0 -9.186049789583239e-08 3.009042826712659e-08 0 0.0001646248061965838 2.5724603898436e-08 0 8.711007436092154e-05 3.00803152317175e-08 0 -9.459849170163903e-05 4.07834478688418e-08 0 -7.083553544397213e-05 3.387298854601317e-08 0 0.0003476142519065611 -4.812491377625966e-09 0 0.001402245220080353 2.032871863899555e-09 0 -0.0001112160773990081 3.485367301020448e-08 0 -0.0004031617036202098 4.061640899999386e-08 0 -9.204536369211457e-08 3.024093330611376e-08 0 0.0001646247163910805 2.592146196300771e-08 0 8.711019176464023e-05 3.023016185987881e-08 0 -9.459844649096355e-05 4.082036705876924e-08 0 -7.083563539574815e-05 3.398446117575115e-08 0 0.0003476146721590051 -4.295773257945174e-09 0 0.001402244539933386 2.56434494472213e-09 0 -0.0001112157875826428 3.49694468243511e-08 0 -0.0004031617718621496 4.065498654393096e-08 0 -9.22301185771166e-08 3.039213172795207e-08 0 0.0001646246261813311 2.61192778794328e-08 0 8.711030920102029e-05 3.038070335581455e-08 0 -9.459840135539466e-05 4.08579098609696e-08 0 -7.083573517084606e-05 3.409658155817396e-08 0 0.0003476150934303701 -3.777874818533539e-09 0 0.001402243860262643 3.096789255585541e-09 0 -0.0001112154976127266 3.5085819048708e-08 0 -0.0004031618389655072 4.069419910074368e-08 0 -9.241477319510171e-08 3.054406275820875e-08 0 0.0001646245355600914 2.631787156259779e-08 0 8.711042648474469e-05 3.053206937969621e-08 0 -9.459835621468404e-05 4.08958413383731e-08 0 -7.083583471680781e-05 3.420939672510447e-08 0 0.0003476155156773367 -3.258491823587844e-09 0 0.001402243181612375 3.630184063074804e-09 0 -0.0001112152076516298 3.520264459794253e-08 0 -0.0004031619055876525 4.073369989227027e-08 0 -9.259916692455383e-08 3.069657318610641e-08 0 0.0001646244446465925 2.651723249313953e-08 0 8.711054352757151e-05 3.06841270864e-08 0 -9.459831133821345e-05 4.093435167218384e-08 0 -7.083593417282762e-05 3.432257201368971e-08 0 0.0003476159383596564 -2.738343871100396e-09 0 0.001402242504004371 4.16450086221376e-09 0 -0.0001112149176885693 3.532003349515644e-08 0 -0.0004031619712830461 4.077380132139208e-08 0 -9.278339643814281e-08 3.08497203130309e-08 0 0.0001646243536082351 2.671718016267199e-08 0 8.711066041164338e-05 3.083684079613347e-08 0 -9.45982667901954e-05 4.097329716484799e-08 0 -7.08360336478253e-05 3.443627089733114e-08 0 0.0003476163613863742 -2.217080435906743e-09 0 0.001402241827915027 4.699733185953292e-09 0 -0.0001112146279090842 3.543783774068165e-08 0 -0.0004031620366174853 4.08142525193389e-08 0 -9.296750410475484e-08 3.100343477085987e-08 0 0.0001646242624359501 2.691781655905778e-08 0 8.711077728814491e-05 3.099007078732896e-08 0 -9.459822270520279e-05 4.101284626495394e-08 0 -7.083613326317599e-05 3.455040153282906e-08 0 0.0003476167844904676 -1.695146453761792e-09 0 0.001402241153119557 5.235873457021256e-09 0 -0.0001112143381034603 3.55561746434585e-08 0 -0.0004031621010908981 4.085539748871492e-08 0 -9.31515220445298e-08 3.115787434310179e-08 0 0.0001646241711734595 2.711904684149502e-08 0 8.711089424090489e-05 3.11439170841421e-08 0 -9.459817894293121e-05 4.105278661459266e-08 0 -7.083623292814671e-05 3.466523710443647e-08 0 0.0003476172077931591 -1.172032623730784e-09 0 0.001402240479833672 5.772938169168462e-09 0 -0.0001112140482513388 3.567492203038203e-08 0 -0.0004031621653756076 4.08968766837936e-08 0 -9.333540681305296e-08 3.131300465447628e-08 0 0.0001646240797745641 2.732104324026929e-08 0 8.711101134568909e-05 3.129831444709241e-08 0 -9.45981355100281e-05 4.109330140056322e-08 0 -7.083633267907645e-05 3.478064494744081e-08 0 0.0003476176315164239 -6.480232739303258e-10 0 0.001402239807161982 6.310997710534672e-09 0 -0.0001112137584967712 3.57943104253855e-08 0 -0.0004031622289544095 4.093897776336064e-08 0 -9.351919245253781e-08 3.146890460020701e-08 0 0.000164623988202578 2.752379728993004e-08 0 8.711112860233099e-05 3.145339187715646e-08 0 -9.459809218979875e-05 4.113424281748657e-08 0 -7.083643239833708e-05 3.489683877283544e-08 0 0.0003476180561523268 -1.225695517304057e-10 0 0.001402239135607837 6.850037058414582e-09 0 -0.0001112134690077413 3.591422749471551e-08 0 -0.0004031622923042557 4.098138324526435e-08 0 -9.3702802857196e-08 3.162543259216388e-08 0 0.0001646238964013447 2.772741676537737e-08 0 8.71112459134432e-05 3.160913462224579e-08 0 -9.459804903087787e-05 4.117577954293461e-08 0 -7.08365320480908e-05 3.501362002417129e-08 0 0.0003476184817285261 4.039119663734548e-10 0 0.00140223846483082 7.390041197041786e-09 0 -0.0001112131798382821 3.603479119956843e-08 0 -0.0004031623548145443 4.102443550146884e-08 0 -9.388625542977346e-08 3.17826184328962e-08 0 0.0001646238044138645 2.793173221188327e-08 0 8.71113631765799e-05 3.176563578149993e-08 0 -9.459800594379536e-05 4.121771006448949e-08 0 -7.083663158703733e-05 3.513106467539772e-08 0 0.0003476189082709941 9.317480884063426e-10 0 0.001402237795713988 7.930936150868371e-09 0 -0.0001112128910322474 3.615582426508279e-08 0 -0.0004031624171966369 4.106778194595817e-08 0 -9.406944596890043e-08 3.194034057379946e-08 0 0.0001646237123456087 2.813674772339514e-08 0 8.711148033127557e-05 3.192277134994592e-08 0 -9.459796314736924e-05 4.126020802797115e-08 0 -7.083673109761766e-05 3.524888071704257e-08 0 0.0003476193352785553 1.460300380617946e-09 0 0.0014022371279441 8.472713114437978e-09 0 -0.0001112126024684079 3.627742961587188e-08 0 -0.0004031624790697338 4.111173574489202e-08 0 -9.425253767042263e-08 3.209864017639229e-08 0 0.0001646236202850065 2.834229607950877e-08 0 8.711159745212331e-05 3.208051820718927e-08 0 -9.459792065710099e-05 4.130311347105842e-08 0 -7.083683065289141e-05 3.536722335828468e-08 0 0.0003476197627635402 1.989926501355649e-09 0 0.001402236462332604 9.015323869376868e-09 0 -0.000111212314086416 3.639943391142708e-08 0 -0.0004031625409776778 4.115602156296028e-08 0 -9.443562810212724e-08 3.225745712903682e-08 0 0.0001646235281707389 2.854846401639799e-08 0 8.711171461952409e-05 3.22387540691027e-08 0 -9.459787861781227e-05 4.134658865284635e-08 0 -7.083693034248133e-05 3.548598039027073e-08 0 0.0003476201904586626 2.520187690480119e-09 0 0.001402235798323742 9.558800702358372e-09 0 -0.000111212025820942 3.652197862191731e-08 0 -0.0004031626022775042 4.120098960613827e-08 0 -9.461869793919475e-08 3.241693900812858e-08 0 0.0001646234359850354 2.875516969674807e-08 0 8.711183188194609e-05 3.239756124484572e-08 0 -9.459783691556645e-05 4.139044232354117e-08 0 -7.083703011061952e-05 3.560540765695785e-08 0 0.0003476206185350425 3.051570135470521e-09 0 0.001402235136422528 1.010313364219195e-08 0 -0.0001112117376424748 3.664493668231739e-08 0 -0.0004031626635641882 4.124627570739614e-08 0 -9.480157350111073e-08 3.257707446163715e-08 0 0.000164623343748907 2.896258882029156e-08 0 8.711194926282194e-05 3.255688776210297e-08 0 -9.459779560706122e-05 4.14348549637733e-08 0 -7.08371300018537e-05 3.572537731616476e-08 0 0.0003476210471066929 3.583775089188717e-09 0 0.001402234475339825 1.064843443282504e-08 0 -0.0001112114497946806 3.676852858985891e-08 0 -0.0004031627243063981 4.129219018100816e-08 0 -9.498430170867577e-08 3.273792754943105e-08 0 0.0001646232514780771 2.917072130376175e-08 0 8.711206682145144e-05 3.27168643635134e-08 0 -9.459775449106866e-05 4.147967907347505e-08 0 -7.083722994480345e-05 3.584609886003731e-08 0 0.0003476214766303734 4.117322635610594e-09 0 0.001402233815806814 1.119465849880319e-08 0 -0.0001112111623878184 3.689261891814954e-08 0 -0.0004031627850375613 4.133840012660039e-08 0 -9.516686977350841e-08 3.289936645334279e-08 0 0.0001646231591074243 2.937964978938501e-08 0 8.711218449602985e-05 3.287748728125761e-08 0 -9.459771358630992e-05 4.152509205934685e-08 0 -7.08373298980297e-05 3.596737885303013e-08 0 0.0003476219070613906 4.651810360523085e-09 0 0.001402233157197528 1.174181923219164e-08 0 -0.0001112108754233107 3.701734481442731e-08 0 -0.00040316284515024 4.138526252250863e-08 0 -9.534933722437943e-08 3.306142717235393e-08 0 0.0001646230666120518 2.958921137274917e-08 0 8.711230219919651e-05 3.303880737048903e-08 0 -9.459767275965536e-05 4.157090684187015e-08 0 -7.083742977408851e-05 3.608931151144467e-08 0 0.0003476223384441743 5.187578006049515e-09 0 0.001402232500734533 1.228982400569567e-08 0 -0.0001112105887745504 3.714253089120989e-08 0 -0.0004031629053622698 4.143241627563299e-08 0 -9.553162374359191e-08 3.322402212374564e-08 0 0.0001646229740202634 2.979944813130686e-08 0 8.711241982496674e-05 3.320070376955364e-08 0 -9.459763222213063e-05 4.161726696594314e-08 0 -7.083752960641147e-05 3.621162725925275e-08 0 0.0003476227703539808 5.724037736853921e-09 0 0.001402231845856125 1.283871652046908e-08 0 -0.0001112103025463843 3.726827966371582e-08 0 -0.0004031629651096157 4.148019038668904e-08 0 -9.571378120631668e-08 3.338718143619523e-08 0 0.0001646228814043971 3.001021180171203e-08 0 8.711253736355672e-05 3.336318948193862e-08 0 -9.459759197953665e-05 4.166399027866197e-08 0 -7.08376294862381e-05 3.633446055140154e-08 0 0.0003476232028663262 6.261539273189059e-09 0 0.00140223119355385 1.338844134168848e-08 0 -0.0001112100167691352 3.739441079703143e-08 0 -0.0004031630249123341 4.15282871840672e-08 0 -9.589573915502502e-08 3.355083641465306e-08 0 0.0001646227888782159 3.022156083026805e-08 0 8.711265487004043e-05 3.352616834845223e-08 0 -9.459755224380806e-05 4.171125786434082e-08 0 -7.083772951049087e-05 3.645767454596437e-08 0 0.000347623635655811 6.79963580579867e-09 0 0.001402230542784315 1.393908657248977e-08 0 -0.0001112097312632593 3.752105061372024e-08 0 -0.0004031630842659186 4.157707148705336e-08 0 -9.607758273688404e-08 3.371514162298083e-08 0 0.0001646226964876485 3.043340458114274e-08 0 8.711277255066262e-05 3.368968163469654e-08 0 -9.459751294983026e-05 4.175891612362426e-08 0 -7.083782965609102e-05 3.658154571622995e-08 0 0.0003476240688683185 7.33880360648253e-09 0 0.001402229894150453 1.449063939673589e-08 0 -0.000111209445794673 3.764805630440682e-08 0 -0.0004031631438891486 4.162616850517109e-08 0 -9.625937821139163e-08 3.388010685889675e-08 0 0.0001646226040808163 3.064594146506838e-08 0 8.711289048669162e-05 3.385367160907427e-08 0 -9.459747406376229e-05 4.180712392942709e-08 0 -7.083792998768128e-05 3.670597215066351e-08 0 0.0003476245026380748 7.878793735482944e-09 0 0.001402229245811952 1.504327686724371e-08 0 -0.0001112091607375562 3.777573526903e-08 0 -0.0004031632031287757 4.167588164155633e-08 0 -9.644110407491557e-08 3.404578845928041e-08 0 0.0001646225115383149 3.085918563738854e-08 0 8.711300859966935e-05 3.401827351756648e-08 0 -9.459743528564962e-05 4.185571369358376e-08 0 -7.083803038215873e-05 3.683115449432117e-08 0 0.0003476249374454524 8.420116569263222e-09 0 0.001402228598849406 1.559691041597144e-08 0 -0.0001112088762068378 3.790398504788239e-08 0 -0.0004031632623820446 4.172585764405934e-08 0 -9.66225918233563e-08 3.421203952080897e-08 0 0.0001646224188883438 3.107322946171997e-08 0 8.711312672275705e-05 3.418350622702571e-08 0 -9.459739671658501e-05 4.190485352467688e-08 0 -7.083813074244826e-05 3.695688034072164e-08 0 0.0003476253733063345 8.962384757948968e-09 0 0.001402227952310507 1.615156734052769e-08 0 -0.0001112085923954953 3.80329497548515e-08 0 -0.0004031633209312587 4.177647310033006e-08 0 -9.680383918075663e-08 3.43788691958835e-08 0 0.0001646223261963439 3.12879035388458e-08 0 8.711324481602832e-05 3.434943927904666e-08 0 -9.459735830853744e-05 4.195436653642304e-08 0 -7.083823105272917e-05 3.708323120105161e-08 0 0.0003476258102434113 9.505907699880464e-09 0 0.001402227307935627 1.670706194223381e-08 0 -0.0001112083091803079 3.816240212034527e-08 0 -0.0004031633795484185 4.182736272617671e-08 0 -9.69847716511516e-08 3.454617571174711e-08 0 0.000164622233572595 3.150321277456402e-08 0 8.711336283406811e-05 3.451596257419975e-08 0 -9.459732027321255e-05 4.200441883900341e-08 0 -7.083833139871763e-05 3.720993323186316e-08 0 0.0003476262477722647 1.005011193017102e-08 0 0.001402226664874238 1.726344297375837e-08 0 -0.000111208026460162 3.829244563102741e-08 0 -0.000403163437818009 4.187885794398882e-08 0 -9.716558453664902e-08 3.471398409005121e-08 0 0.0001646221410694718 3.171898925458105e-08 0 8.711348085706226e-05 3.46830530059683e-08 0 -9.459728257436156e-05 4.205485126113073e-08 0 -7.083843183755544e-05 3.733714235010232e-08 0 0.0003476266859089652 1.059532980102195e-08 0 0.001402226024577901 1.782060826682752e-08 0 -0.0001112077439785891 3.842287919081366e-08 0 -0.0004031634963878802 4.193064477575614e-08 0 -9.734640876029909e-08 3.488225897019247e-08 0 0.0001646220486107366 3.193531661338511e-08 0 8.711359894892494e-05 3.485059989205563e-08 0 -9.459724534863212e-05 4.210581908137279e-08 0 -7.083853242037529e-05 3.746474426524759e-08 0 0.0003476271244323287 1.114115852351993e-08 0 0.001402225385591593 1.837871323184803e-08 0 -0.0001112074616339206 3.855384293066644e-08 0 -0.0004031635545750991 4.198309457026372e-08 0 -9.752727321565601e-08 3.505114298807398e-08 0 0.000164621956131511 3.215212616286544e-08 0 8.711371716253745e-05 3.50186705605493e-08 0 -9.459720847394826e-05 4.215714669714155e-08 0 -7.08386330956559e-05 3.759298256023057e-08 0 0.0003476275635079101 1.168804864698502e-08 0 0.001402224748753899 1.893772162003815e-08 0 -0.00011120717925623 3.868517208654998e-08 0 -0.0004031636129578908 4.203583140599543e-08 0 -9.770802709973858e-08 3.522065297745235e-08 0 0.0001646218636253693 3.23695980367078e-08 0 8.711383549240419e-05 3.518722843653954e-08 0 -9.459717201794338e-05 4.220900590851118e-08 0 -7.08387339076119e-05 3.772173254312782e-08 0 0.0003476280032105317 1.22357066562051e-08 0 0.001402224111667308 1.949785567029183e-08 0 -0.0001112068972371344 3.881719336240597e-08 0 -0.0004031636709311142 4.208917231407483e-08 0 -9.788871502269569e-08 3.539081912251606e-08 0 0.0001646217710625508 3.258773569048134e-08 0 8.711395398802722e-05 3.535638823382037e-08 0 -9.459713577855688e-05 4.226125188688812e-08 0 -7.083883481012047e-05 3.785119079974252e-08 0 0.0003476284439488803 1.278460921155799e-08 0 0.001402223475792968 2.005896845846955e-08 0 -0.0001112066156671795 3.894977795848575e-08 0 -0.000403163728981748 4.214274793024053e-08 0 -9.806930954814085e-08 3.55614947211702e-08 0 0.0001646216783771984 3.280659285898046e-08 0 8.711407255748009e-05 3.552616201218939e-08 0 -9.459709981627512e-05 4.231406246918423e-08 0 -7.083893576343563e-05 3.798116432474074e-08 0 0.0003476288856308699 1.333437173178797e-08 0 0.001402222839962198 2.062109933503864e-08 0 -0.0001112063348452305 3.908310224759459e-08 0 -0.0004031637862697903 4.219696768392733e-08 0 -9.824977090233422e-08 3.573270833390207e-08 0 0.0001646215855773056 3.302601539467708e-08 0 8.711419111922385e-05 3.569657493901479e-08 0 -9.459706399836398e-05 4.236725910378158e-08 0 -7.083903670294932e-05 3.811176380041913e-08 0 0.0003476293282580895 1.388532761686933e-08 0 0.001402222206508381 2.118401781076029e-08 0 -0.0001112060546254595 3.921693828706774e-08 0 -0.0004031638436063147 4.225147049591316e-08 0 -9.842987615943132e-08 3.590442442663599e-08 0 0.0001646214927962242 3.324608773003224e-08 0 8.711430959699311e-05 3.586752550521766e-08 0 -9.459702853042984e-05 4.24209864388625e-08 0 -7.083913765200399e-05 3.824274049518683e-08 0 0.0003476297714696264 1.443696907160729e-08 0 0.001402221574575604 2.174780055347325e-08 0 -0.0001112057749601894 3.935130967608336e-08 0 -0.0004031639005315432 4.230660369947126e-08 0 -9.860980361431104e-08 3.607665922944481e-08 0 0.000164621400155017 3.346666976877799e-08 0 8.711442805699186e-05 3.603907240690152e-08 0 -9.459699337919375e-05 4.247506044802174e-08 0 -7.083923865187218e-05 3.837424186747817e-08 0 0.0003476302153390121 1.498963397850161e-08 0 0.001402220945791961 2.231233536126309e-08 0 -0.0001112054956224698 3.948597034758583e-08 0 -0.0004031639577755929 4.236202764268393e-08 0 -9.878965838427711e-08 3.624935342172453e-08 0 0.0001646213076681308 3.368779698947888e-08 0 8.711454658626854e-05 3.621112904667045e-08 0 -9.45969586876802e-05 4.252966504664224e-08 0 -7.0839339764997e-05 3.850612396300023e-08 0 0.0003476306596542356 1.554291011868214e-08 0 0.001402220318245939 2.287782577964359e-08 0 -0.0001112052162062158 3.962106771143725e-08 0 -0.0004031640148361159 4.241811189797939e-08 0 -9.896962441940693e-08 3.642266580006215e-08 0 0.0001646212152371582 3.390937249048154e-08 0 8.711466533234401e-05 3.63836976588483e-08 0 -9.459692436000755e-05 4.258466799328398e-08 0 -7.083944093890653e-05 3.863863555497726e-08 0 0.0003476311045590499 1.609723150608477e-08 0 0.001402219692897943 2.344423083444624e-08 0 -0.0001112049363152373 3.975646535592237e-08 0 -0.0004031640723686225 4.247445876265354e-08 0 -9.914976467628488e-08 3.659663633248655e-08 0 0.0001646211226200706 3.413161524246089e-08 0 8.711478427253504e-05 3.655671421132212e-08 0 -9.459689041575736e-05 4.264020533190083e-08 0 -7.08395422473959e-05 3.877166581539581e-08 0 0.0003476315501050875 1.665230093400582e-08 0 0.001402219066845997 2.401184522049515e-08 0 -0.000111204656767408 3.989259604597617e-08 0 -0.0004031641294010915 4.253140951926415e-08 0 -9.932990022165388e-08 3.677130416823715e-08 0 0.0001646210297093983 3.435455937089715e-08 0 8.711490328162928e-05 3.673031618439682e-08 0 -9.459685662038114e-05 4.269609101686944e-08 0 -7.083964366608185e-05 3.890538814027566e-08 0 0.0003476319966763189 1.720857928377839e-08 0 0.001402218441883901 2.458049877529511e-08 0 -0.0001112043779485164 4.002937799979511e-08 0 -0.0004031641862362947 4.258858835037849e-08 0 -9.950962083504521e-08 3.69465105662381e-08 0 0.000164620936685074 3.457828115505102e-08 0 8.711502219875543e-05 3.690454839638813e-08 0 -9.459682312501494e-05 4.275251565266647e-08 0 -7.083974515376816e-05 3.903958799289508e-08 0 0.0003476324441569617 1.776568618605534e-08 0 0.001402217816422788 2.515027435617822e-08 0 -0.0001112041003242734 4.016696178443802e-08 0 -0.000403164242134886 4.264642434331778e-08 0 -9.968891616362918e-08 3.712225558893945e-08 0 0.0001646208437604407 3.480259863630764e-08 0 8.711514108276917e-05 3.707945229330933e-08 0 -9.459678986943609e-05 4.280932295458451e-08 0 -7.083984666917535e-05 3.91743966987601e-08 0 0.0003476328925295577 1.832395805229092e-08 0 0.001402217193055777 2.572087820507107e-08 0 -0.0001112038236770613 4.03050532463145e-08 0 -0.0004031642981102839 4.270454583704675e-08 0 -9.986781352583107e-08 3.729846031336193e-08 0 0.0001646207510469372 3.502754340051206e-08 0 8.711525998712776e-05 3.725491454220631e-08 0 -9.459675699124287e-05 4.2866663121921e-08 0 -7.083994823697119e-05 3.930958467762701e-08 0 0.0003476333415222271 1.888295330515488e-08 0 0.00140221657049451 2.629239284623885e-08 0 -0.000111203547554603 4.044371058192775e-08 0 -0.0004031643539015305 4.276328179758648e-08 0 -1.000466594916458e-07 3.74751407197782e-08 0 0.0001646206585252108 3.52529318375927e-08 0 8.711537898480752e-05 3.743093705127487e-08 0 -9.459672438506816e-05 4.292435680508522e-08 0 -7.08400498309683e-05 3.944530885952035e-08 0 0.0003476337912230038 1.94430191252648e-08 0 0.001402215950878568 2.686463720230625e-08 0 -0.000111203271311637 4.058268727319403e-08 0 -0.0004031644102479858 4.282227530905125e-08 0 -1.002257265722537e-07 3.765227010732453e-08 0 0.0001646205659994252 3.547885098903469e-08 0 8.711549808971401e-05 3.760740842351229e-08 0 -9.459669218285505e-05 4.298254824980363e-08 0 -7.084015148588889e-05 3.958142674037601e-08 0 0.0003476342415368039 2.00037675868181e-08 0 0.001402215332142943 2.743783630160257e-08 0 -0.0001112029948742502 4.072216418238295e-08 0 -0.0004031644662480238 4.288190450646434e-08 0 -1.004049947628236e-07 3.782999070944815e-08 0 0.0001646204733057877 3.570523983420504e-08 0 8.711561728079463e-05 3.778439553597801e-08 0 -9.45966603066381e-05 4.304108222608072e-08 0 -7.084025319606389e-05 3.971815544512313e-08 0 0.0003476346926140489 2.056560450408584e-08 0 0.001402214715768055 2.801188538070764e-08 0 -0.0001112027181250017 4.086198326924695e-08 0 -0.0004031645223789292 4.294177395613996e-08 0 -1.005841279155792e-07 3.800833381362168e-08 0 0.000164620380481123 3.593228857512454e-08 0 8.711573648339381e-05 3.796187608706703e-08 0 -9.459662888905429e-05 4.310013956843051e-08 0 -7.084035506873392e-05 3.985536128209288e-08 0 0.000347635144413376 2.112818828919893e-08 0 0.001402214098668142 2.858708033487422e-08 0 -0.0001112024417541241 4.100249927085908e-08 0 -0.0004031645778993023 4.300224591691215e-08 0 -1.007631269533935e-07 3.818731987570434e-08 0 0.0001646202875976582 3.616000540662689e-08 0 8.711585578245056e-05 3.813996086315941e-08 0 -9.459659776019785e-05 4.315958115203022e-08 0 -7.084045711438362e-05 3.999324275222315e-08 0 0.0003476355972120843 2.169194568413246e-08 0 0.001402213482931971 2.916321142909517e-08 0 -0.000111202165990705 4.114356413897902e-08 0 -0.0004031646334134372 4.306293497485791e-08 0 -1.009419622402505e-07 3.836679866170423e-08 0 0.0001646201946212469 3.638842486358707e-08 0 8.711597515356077e-05 3.83186700703142e-08 0 -9.459656696131358e-05 4.32195995311857e-08 0 -7.084055929266335e-05 4.013161090249406e-08 0 0.0003476360508886944 2.225651209164514e-08 0 0.001402212866775686 2.974039368941472e-08 0 -0.0001112018911044177 4.128536260777915e-08 0 -0.0004031646881415898 4.312428653063805e-08 0 -1.011206623852099e-07 3.854681086823408e-08 0 0.0001646201015670298 3.661737520838093e-08 0 8.711609455016449e-05 3.849798600741305e-08 0 -9.459653631083142e-05 4.328001661224601e-08 0 -7.084066147577255e-05 4.027060958311512e-08 0 0.0003476365053936628 2.282223685035056e-08 0 0.001402212253109873 3.03183506217275e-08 0 -0.0001112016167504337 4.142764366277252e-08 0 -0.0004031647430200596 4.318592566887602e-08 0 -1.012990938492584e-07 3.872735281074124e-08 0 0.0001646200084939597 3.684699218658993e-08 0 8.711621390494749e-05 3.867779555660755e-08 0 -9.459650597452157e-05 4.334094190483473e-08 0 -7.084076363748913e-05 4.041000755544699e-08 0 0.0003476369605553489 2.338869949103372e-08 0 0.001402211640487864 3.089723606131134e-08 0 -0.000111201342912523 4.157044038860525e-08 0 -0.0004031647974669233 4.324821080425867e-08 0 -1.014773853696946e-07 3.890843637555097e-08 0 0.0001646199154772335 3.707713887995956e-08 0 8.711633321775712e-05 3.885819868654217e-08 0 -9.459647590134151e-05 4.340216530618335e-08 0 -7.084086580522868e-05 4.054993751195779e-08 0 0.0003476374164776974 2.395623770190536e-08 0 0.00140221103110142 3.147688387022951e-08 0 -0.0001112010693399279 4.171349055059892e-08 0 -0.0004031648521861039 4.331076341318463e-08 0 -1.016555261912331e-07 3.908998323642887e-08 0 0.0001646198226109355 3.730784141342536e-08 0 8.711645253300231e-05 3.903912842301294e-08 0 -9.459644628811992e-05 4.346388646908617e-08 0 -7.08409680622024e-05 4.069022704888958e-08 0 0.0003476378729975402 2.452444661238395e-08 0 0.001402210422449777 3.205755860768988e-08 0 -0.0001112007956957789 4.18569602658736e-08 0 -0.0004031649066342859 4.337397430109746e-08 0 -1.018337153838009e-07 3.927215812965512e-08 0 0.0001646197298478397 3.753898865366256e-08 0 8.711657206350586e-05 3.922056381056027e-08 0 -9.459641709511774e-05 4.352600967844067e-08 0 -7.084107039801583e-05 4.083114201608451e-08 0 0.0003476383301946745 2.509373513148726e-08 0 0.001402209816103783 3.263916635576347e-08 0 -0.0001112005215299222 4.200069807919204e-08 0 -0.0004031649615889379 4.343743019441515e-08 0 -1.020120825728752e-07 3.945501347857316e-08 0 0.0001646196368751199 3.7770828485717e-08 0 8.711669182333291e-05 3.940243823580269e-08 0 -9.459638831145478e-05 4.358866546871898e-08 0 -7.084117292385782e-05 4.097258669150117e-08 0 0.0003476387881499107 2.566383675711714e-08 0 0.001402209208565708 3.322207472317151e-08 0 -0.0001112002477595755 4.214516066691765e-08 0 -0.0004031650160061864 4.350149569731787e-08 0 -1.021904295489515e-07 3.963858955652322e-08 0 0.0001646195435661413 3.800338902598677e-08 0 8.711681162595907e-05 3.958489926819686e-08 0 -9.459635964841062e-05 4.365165139769145e-08 0 -7.084127558792951e-05 4.111473723977799e-08 0 0.0003476392471749926 2.623518575994854e-08 0 0.00140220860221505 3.380605553826577e-08 0 -0.0001111999747450965 4.229026121654877e-08 0 -0.0004031650702187722 4.356577001235484e-08 0 -1.023683059847544e-07 3.982272190478087e-08 0 0.0001646194501533915 3.823676091030404e-08 0 8.711693129086205e-05 3.976799922006391e-08 0 -9.45963312801168e-05 4.371515585632757e-08 0 -7.084137831479818e-05 4.125735811322251e-08 0 0.0003476397072478613 2.680742015176429e-08 0 0.00140220799489861 3.439124816873029e-08 0 -0.0001111997029073705 4.243616740645662e-08 0 -0.0004031651234597671 4.36307010034942e-08 0 -1.025457312883702e-07 4.000740388282464e-08 0 0.0001646193568593177 3.847074200175049e-08 0 8.71170509197383e-05 3.99517802521232e-08 0 -9.459630318053858e-05 4.377902946411938e-08 0 -7.084148107406456e-05 4.140058221940857e-08 0 0.0003476401682841607 2.738085090603359e-08 0 0.00140220738985905 3.497729399865035e-08 0 -0.0001111994319030266 4.258256168510055e-08 0 -0.000403165176802743 4.369589311215005e-08 0 -1.027227979968879e-07 4.019254543075057e-08 0 0.000164619263741915 3.870536240124789e-08 0 8.711717057578726e-05 4.013612717873594e-08 0 -9.459627547948185e-05 4.384342091462434e-08 0 -7.084158391421068e-05 4.154417529433907e-08 0 0.0003476406300755089 2.795506289648974e-08 0 0.001402206785132635 3.556435689694437e-08 0 -0.0001111991614197935 4.272954530482043e-08 0 -0.0004031652298682672 4.376169564918042e-08 0 -1.02899811962873e-07 4.037816141860828e-08 0 0.0001646191707661004 3.894042142210674e-08 0 8.711729029347441e-05 4.03210297650336e-08 0 -9.459624804236677e-05 4.390815587507202e-08 0 -7.084168680662055e-05 4.168830033263182e-08 0 0.0003476410926379764 2.853037751882059e-08 0 0.00140220618346551 3.615220355718263e-08 0 -0.0001111988908209099 4.287686611315067e-08 0 -0.0004031652834424123 4.38277275305321e-08 0 -1.030769720203304e-07 4.056423459630754e-08 0 0.0001646190777831527 3.917603046132978e-08 0 8.711741007897537e-05 4.050637502500676e-08 0 -9.45962210195106e-05 4.39733742474413e-08 0 -7.084178976891202e-05 4.183281460123922e-08 0 0.0003476415559568874 2.91064378502015e-08 0 0.001402205582018416 3.674114779778082e-08 0 -0.0001111986200371048 4.302470861528018e-08 0 -0.0004031653366285692 4.389439239860238e-08 0 -1.032543020945662e-07 4.075090111882451e-08 0 0.0001646189846698717 3.941211943608858e-08 0 8.711752995466114e-05 4.06922416248956e-08 0 -9.459619434751265e-05 4.403891880333521e-08 0 -7.084189280508189e-05 4.197794085253337e-08 0 0.0003476420200981961 2.968362417671288e-08 0 0.001402204982817436 3.733102947600653e-08 0 -0.0001111983488588791 4.31728714167523e-08 0 -0.0004031653899813844 4.396128087252871e-08 0 -1.034315427195207e-07 4.093819176015367e-08 0 0.0001646188914270555 3.964888044966086e-08 0 8.711764987540809e-05 4.087861131540915e-08 0 -9.459616813194821e-05 4.410497277812508e-08 0 -7.084199603472895e-05 4.212353946209113e-08 0 0.0003476424850840723 3.026162284647248e-08 0 0.001402204382021516 3.792221884429958e-08 0 -0.0001111980779573349 4.332176885279981e-08 0 -0.0004031654427495978 4.402875873610324e-08 0 -1.036087301994868e-07 4.112611369511132e-08 0 0.0001646187980755692 3.98862983960746e-08 0 8.711776990128621e-05 4.106557860428239e-08 0 -9.459614217253998e-05 4.417140484630488e-08 0 -7.084209944081125e-05 4.226981381583172e-08 0 0.0003476429511294274 3.084083535082049e-08 0 0.001402203782462995 3.8514419369029e-08 0 -0.000111197807478175 4.347124685916137e-08 0 -0.0004031654955428537 4.409641008590315e-08 0 -1.037858412683532e-07 4.131451007693965e-08 0 0.0001646187045519984 4.01244183573235e-08 0 8.711788997287777e-05 4.125315768155335e-08 0 -9.45961165424794e-05 4.423839777834004e-08 0 -7.084220296064285e-05 4.241657096393237e-08 0 0.0003476434181979085 3.142091446056704e-08 0 0.001402203181763047 3.910779299703959e-08 0 -0.00011119753787385 4.362151759945698e-08 0 -0.0004031655474084835 4.416471097168362e-08 0 -1.039628343343899e-07 4.150341662706447e-08 0 0.0001646186108957975 4.036306446714155e-08 0 8.711801002863477e-05 4.144134330141824e-08 0 -9.459609108703609e-05 4.430576527880703e-08 0 -7.084230650778593e-05 4.25639543888412e-08 0 0.0003476438861593975 3.200217846971442e-08 0 0.001402202583677153 3.970195895652839e-08 0 -0.0001111972688442944 4.377229191609988e-08 0 -0.0004031655993256347 4.42332755770658e-08 0 -1.041394562667472e-07 4.169284277544261e-08 0 0.0001646185172571174 4.060238854852738e-08 0 8.711813002090089e-05 4.163003609891636e-08 0 -9.459606598343634e-05 4.437363688297724e-08 0 -7.084241009011615e-05 4.271172299175063e-08 0 0.0003476443548683789 3.25842299114809e-08 0 0.001402201986150618 4.029712556696818e-08 0 -0.0001111970003001353 4.392359353316833e-08 0 -0.0004031656507972394 4.430248223830091e-08 0 -1.043159420927007e-07 4.18827958703627e-08 0 0.0001646184237643553 4.084224455858099e-08 0 8.711825003868133e-05 4.181934282893041e-08 0 -9.459604116779374e-05 4.444181828100469e-08 0 -7.084251370971516e-05 4.286003522924187e-08 0 0.0003476448243395561 3.31673857892345e-08 0 0.001402201392056761 4.089305423449208e-08 0 -0.0001111967318390833 4.407512065041086e-08 0 -0.0004031657026753177 4.437192720196936e-08 0 -1.04492429493783e-07 4.207320784821444e-08 0 0.0001646183303890061 4.108266866975629e-08 0 8.711837016398687e-05 4.200919156288618e-08 0 -9.459601676065771e-05 4.451050246434551e-08 0 -7.084261742255209e-05 4.300872608054007e-08 0 0.0003476452945417596 3.375128426741369e-08 0 0.001402200798184864 4.149008994702719e-08 0 -0.000111196463052847 4.422706871565207e-08 0 -0.0004031657543524802 4.444201537334713e-08 0 -1.046691496253669e-07 4.226423444553262e-08 0 0.0001646182369900787 4.132353825098134e-08 0 8.711849051851876e-05 4.219955971468403e-08 0 -9.459599267108709e-05 4.45795830320006e-08 0 -7.084272117969385e-05 4.315803985716071e-08 0 0.0003476457655044105 3.433630109406226e-08 0 0.001402200206765416 4.208806413802391e-08 0 -0.0001111961934251171 4.437927516448559e-08 0 -0.0004031658065629176 4.451231221808127e-08 0 -1.048461473959736e-07 4.245593450413754e-08 0 0.0001646181432633995 4.156510552411063e-08 0 8.711861103639916e-05 4.239037739578455e-08 0 -9.459596894609984e-05 4.464918566121634e-08 0 -7.084282507865967e-05 4.330785423334316e-08 0 0.000347646237306716 3.492213732081417e-08 0 0.00140219961361146 4.268741352064787e-08 0 -0.0001111959240444951 4.453223462902445e-08 0 -0.0004031658581253247 4.458321393313591e-08 0 -1.050231806035116e-07 4.264833762535059e-08 0 0.0001646180491383584 4.180738684411711e-08 0 8.711873155367587e-05 4.258178606247887e-08 0 -9.459594537677973e-05 4.47191060640173e-08 0 -7.084292913614453e-05 4.345833622826367e-08 0 0.0003476467101555317 3.550918811073833e-08 0 0.001402199021833368 4.328783732160391e-08 0 -0.0001111956553758592 4.468583682248894e-08 0 -0.0004031659093887904 4.465430339384291e-08 0 -1.051997147866166e-07 4.284128324316683e-08 0 0.000164617954889576 4.205046806593504e-08 0 8.711885192722034e-05 4.277383745115992e-08 0 -9.459592214507845e-05 4.478954726550022e-08 0 -7.084303332926394e-05 4.360925474899968e-08 0 0.0003476471839831061 3.609709992025145e-08 0 0.001402198428563858 4.388955678752415e-08 0 -0.0001111953879693664 4.484026117773654e-08 0 -0.0004031659595942482 4.472606054961581e-08 0 -1.053757916827356e-07 4.303477307843195e-08 0 0.0001646178607961069 4.229413819861749e-08 0 8.71189723015489e-05 4.29665552720282e-08 0 -9.459589919793426e-05 4.486036556811124e-08 0 -7.084313760518517e-05 4.376077974294068e-08 0 0.0003476476586460678 3.668619378421888e-08 0 0.001402197837642893 4.449215174062715e-08 0 -0.0001111951214329068 4.499516047251628e-08 0 -0.000403166009949725 4.479807590163087e-08 0 -1.055515391340498e-07 4.322874160023193e-08 0 0.0001646177668929716 4.25384682270491e-08 0 8.711909277906575e-05 4.315982155694842e-08 0 -9.459587661676122e-05 4.493169937502817e-08 0 -7.084324197175611e-05 4.391270073261788e-08 0 0.0003476481341070647 3.727613562959364e-08 0 0.001402197246387765 4.509585287137963e-08 0 -0.0001111948553446721 4.515064324500662e-08 0 -0.0004031660601168315 4.487070820458072e-08 0 -1.057273202112439e-07 4.342320089611995e-08 0 0.0001646176731189553 4.27832567428954e-08 0 8.711921338201699e-05 4.335365322988283e-08 0 -9.4595854240348e-05 4.500335817197998e-08 0 -7.084334635906046e-05 4.406518446659069e-08 0 0.0003476486103993343 3.78672530554347e-08 0 0.001402196658193411 4.570034415479762e-08 0 -0.0001111945889207822 4.530643080841168e-08 0 -0.0004031661108844508 4.494354514245069e-08 0 -1.059033616565539e-07 4.361812330072601e-08 0 0.0001646175792821142 4.30286192926177e-08 0 8.711933407994087e-05 4.35479470747846e-08 0 -9.459583221775592e-05 4.507548320015209e-08 0 -7.08434507827385e-05 4.421806310689336e-08 0 0.0003476490876051161 3.845920270445501e-08 0 0.001402196069730826 4.630597198046482e-08 0 -0.0001111943221703965 4.546275159805768e-08 0 -0.0004031661612150447 4.501700513054319e-08 0 -1.060796559065855e-07 4.381363363087365e-08 0 0.0001646174852339768 4.327447047924871e-08 0 8.711945486893079e-05 4.37427765467846e-08 0 -9.459581051871752e-05 4.5147927729694e-08 0 -7.084355527247481e-05 4.437154835917889e-08 0 0.0003476495657309467 3.905233109113836e-08 0 0.00140219548389664 4.691247064425585e-08 0 -0.0001111940548896712 4.561940210312532e-08 0 -0.0004031662116678533 4.509065553576219e-08 0 -1.062558402861711e-07 4.400976348628571e-08 0 0.0001646173909889345 4.352101024701627e-08 0 8.711957567106991e-05 4.393812161329613e-08 0 -9.459578927768081e-05 4.522087821562382e-08 0 -7.08436599806128e-05 4.452548828942637e-08 0 0.0003476500447763334 3.964630992947526e-08 0 0.001402194896481815 4.752025343363053e-08 0 -0.0001111937878880004 4.577676701589262e-08 0 -0.0004031662614082109 4.516490231809556e-08 0 -1.06431931837234e-07 4.420652089526245e-08 0 0.0001646172966451101 4.376820896684341e-08 0 8.711969655174344e-05 4.413407792003277e-08 0 -9.459576831020305e-05 4.529419943971602e-08 0 -7.084376491405668e-05 4.468008974606308e-08 0 0.0003476505248502099 4.024150521836355e-08 0 0.001402194310917093 4.8128978483164e-08 0 -0.0001111935213532061 4.593465236651939e-08 0 -0.0004031663111488878 4.523932096295313e-08 0 -1.066078834169291e-07 4.440376508846322e-08 0 0.0001646172021806114 4.401611894411239e-08 0 8.711981749846136e-05 4.433065452225105e-08 0 -9.459574767581302e-05 4.536808183297492e-08 0 -7.084387000397262e-05 4.483515830822071e-08 0 0.0003476510059568366 4.083758770034861e-08 0 0.001402193724053938 4.873891715218015e-08 0 -0.0001111932555962203 4.609326816062964e-08 0 -0.0004031663600680135 4.53144019738061e-08 0 -1.067837645807288e-07 4.460154336832778e-08 0 0.00016461710763091 4.42645459938773e-08 0 8.711993850107901e-05 4.452782991631876e-08 0 -9.459572721141896e-05 4.544234222247923e-08 0 -7.084397513013734e-05 4.499086029424726e-08 0 0.0003476514879128742 4.143487004198975e-08 0 0.001402193139894411 4.934967122449674e-08 0 -0.0001111929901379261 4.625231900950988e-08 0 -0.0004031664092128683 4.538973127909962e-08 0 -1.069594627728352e-07 4.479987210370684e-08 0 0.0001646170130227553 4.451366658608791e-08 0 8.712005951368172e-05 4.472549350320598e-08 0 -9.459570705323828e-05 4.551708820271783e-08 0 -7.08440802853899e-05 4.514696186341816e-08 0 0.0003476519707134654 4.203300425775768e-08 0 0.001402192555426715 4.996154497061145e-08 0 -0.0001111927250404127 4.641191985593762e-08 0 -0.0004031664579336874 4.546569577768e-08 0 -1.071351303089083e-07 4.499875567998135e-08 0 0.0001646169184173069 4.476333567010604e-08 0 8.712018054644886e-05 4.492375458436948e-08 0 -9.459568712034266e-05 4.559211396609752e-08 0 -7.084418547648184e-05 4.530361166071861e-08 0 0.000347652454359533 4.263229982232052e-08 0 0.001402191974157224 5.057421731402556e-08 0 -0.0001111924599770386 4.657178446360044e-08 0 -0.0004031665069452738 4.554186942146154e-08 0 -1.073107361582146e-07 4.519810900549537e-08 0 0.000164616823861069 4.501360642561458e-08 0 8.71203016157701e-05 4.51225579053971e-08 0 -9.459566759070781e-05 4.566761573759903e-08 0 -7.084429076883307e-05 4.546062773447268e-08 0 0.0003476529388588001 4.323240837544872e-08 0 0.001402191392442409 5.118805600917709e-08 0 -0.0001111921948276917 4.673213402361931e-08 0 -0.0004031665555227908 4.56186866129582e-08 0 -1.074864445921284e-07 4.539806838094185e-08 0 0.0001646167293159889 4.526433754897807e-08 0 8.712042288451514e-05 4.532188908890067e-08 0 -9.459564842521917e-05 4.574349501962338e-08 0 -7.084439615566428e-05 4.561826642823785e-08 0 0.0003476534241466239 4.383368155946864e-08 0 0.001402190813414167 5.180278087740797e-08 0 -0.0001111919291018199 4.689277000036185e-08 0 -0.000403166604531116 4.569570064699713e-08 0 -1.076622821172244e-07 4.559868291981184e-08 0 0.0001646166345305039 4.55157820877794e-08 0 8.712054434728554e-05 4.552168058474804e-08 0 -9.459562964907187e-05 4.581988606588983e-08 0 -7.084450174997535e-05 4.577640457664733e-08 0 0.0003476539103713372 4.443586697905343e-08 0 0.001402190232598035 5.241885672052637e-08 0 -0.0001111916636951787 4.7054109858502e-08 0 -0.0004031666529283606 4.577332558819425e-08 0 -1.078381155067396e-07 4.579998592879608e-08 0 0.0001646165394579707 4.576791964860938e-08 0 8.712066586519239e-05 4.572206885322672e-08 0 -9.45956110134788e-05 4.58965908958775e-08 0 -7.084460751768938e-05 4.593522695550689e-08 0 0.0003476543976718566 4.5039338085473e-08 0 0.001402189653655697 5.30359299880101e-08 0 -0.0001111913988280366 4.721598768214763e-08 0 -0.0004031667011987899 4.585112872018682e-08 0 -1.080135621778198e-07 4.600184231456916e-08 0 0.0001646164442947462 4.602086028926422e-08 0 8.712078731304417e-05 4.592308638917686e-08 0 -9.459559266418449e-05 4.597379719972761e-08 0 -7.084471339278974e-05 4.609449776038499e-08 0 0.0003476548861427176 4.564377154708809e-08 0 0.001402189073040016 5.365431143128374e-08 0 -0.0001111911348269379 4.737860063996902e-08 0 -0.0004031667485775713 4.592958600252439e-08 0 -1.081887294751536e-07 4.620425846091347e-08 0 0.0001646163492085989 4.627438585785848e-08 0 8.7120908814714e-05 4.612476317555902e-08 0 -9.459557455845924e-05 4.605135602020471e-08 0 -7.084481932539964e-05 4.625437290822765e-08 0 0.0003476553755818734 4.624944225511961e-08 0 0.001402188494920631 5.427354937692641e-08 0 -0.0001111908711721593 4.754162323539202e-08 0 -0.00040316679620013 4.600825220801852e-08 0 -1.083637344578812e-07 4.640716769199749e-08 0 0.0001646162541438234 4.652857497899898e-08 0 8.712103040234286e-05 4.632698633044718e-08 0 -9.459555679773579e-05 4.612940245757313e-08 0 -7.084492535788799e-05 4.641462228449633e-08 0 0.0003476558659701867 4.685599783171845e-08 0 0.001402187915680822 5.489397954944186e-08 0 -0.000111190607871875 4.77052588057636e-08 0 -0.0004031668434785889 4.608751250079202e-08 0 -1.085387842797412e-07 4.661057483729136e-08 0 0.0001646161590676404 4.678323096279913e-08 0 8.712115203714231e-05 4.65297574914203e-08 0 -9.459553924043296e-05 4.620775747449235e-08 0 -7.084503147204711e-05 4.657540948055372e-08 0 0.0003476563572309133 4.746372302827372e-08 0 0.001402187339290553 5.551521541774518e-08 0 -0.0001111903444413059 4.78692445890494e-08 0 -0.0004031668911040758 4.616694902759289e-08 0 -1.087138910421646e-07 4.681444433496385e-08 0 0.0001646160639402622 4.703848076326178e-08 0 8.712127369084331e-05 4.673298755614175e-08 0 -9.459552207659316e-05 4.628656948696408e-08 0 -7.084513768490507e-05 4.673656842091312e-08 0 0.0003476568494500398 4.807230019610031e-08 0 0.001402186761783816 5.613766121403962e-08 0 -0.0001111900810012029 4.803380675849622e-08 0 -0.0004031669381267255 4.624701648026086e-08 0 -1.088890938388796e-07 4.701888246111396e-08 0 0.0001646159687390542 4.729420816779184e-08 0 8.712139546815377e-05 4.693674461597741e-08 0 -9.459550529011818e-05 4.636568645688399e-08 0 -7.084524402455049e-05 4.689833627696816e-08 0 0.0003476573425063995 4.868205867591956e-08 0 0.001402186186694659 5.676096102857908e-08 0 -0.0001111898171871628 4.819869528494003e-08 0 -0.000403166985318254 4.632726634257178e-08 0 -1.09064206874063e-07 4.72239199758584e-08 0 0.0001646158734166098 4.755061638189728e-08 0 8.712151737606809e-05 4.714099949981732e-08 0 -9.459548893714365e-05 4.64452832027451e-08 0 -7.084535062565343e-05 4.706056279391024e-08 0 0.0003476578365672334 4.929275764647966e-08 0 0.001402185609225503 5.738558650492109e-08 0 -0.0001111895536131252 4.836428498661283e-08 0 -0.0004031670319219748 4.640809977279892e-08 0 -1.092393045881688e-07 4.742956145886712e-08 0 0.0001646157779924551 4.780764760459189e-08 0 8.712163943050409e-05 4.734583851362384e-08 0 -9.459547276756408e-05 4.65252262202287e-08 0 -7.08454574203654e-05 4.722346096802665e-08 0 0.0003476583317188892 4.99047508734085e-08 0 0.001402185033398423 5.801111718772844e-08 0 -0.0001111892902502798 4.853035329155375e-08 0 -0.0004031670785937801 4.648907386828327e-08 0 -1.09414352827961e-07 4.763568559051912e-08 0 0.0001646156824118977 4.806539082025107e-08 0 8.712176156125405e-05 4.755126324640369e-08 0 -9.459545685737425e-05 4.660568249381658e-08 0 -7.084556429956533e-05 4.738683009181122e-08 0 0.0003476588281523946 5.051774132347474e-08 0 0.001402184455373906 5.863789196564051e-08 0 -0.0001111890274507615 4.869713336741466e-08 0 -0.0004031671243939077 4.65706756283546e-08 0 -1.095893933517031e-07 4.784231383975213e-08 0 0.0001646155866854293 4.832364720180893e-08 0 8.71218837407428e-05 4.775728643796606e-08 0 -9.459544110849982e-05 4.668646803179799e-08 0 -7.084567119995665e-05 4.755081010887618e-08 0 0.0003476593256077215 5.113196933220764e-08 0 0.001402183879674709 5.926541018358433e-08 0 -0.0001111887647405746 4.886432494743964e-08 0 -0.0004031671703414313 4.665246119278654e-08 0 -1.097642489955561e-07 4.804944509634312e-08 0 0.0001646154908536285 4.858255928108512e-08 0 8.712200590571538e-05 4.796381427446539e-08 0 -9.459542568747425e-05 4.676771299394478e-08 0 -7.084577818428083e-05 4.771514165724522e-08 0 0.0003476598240310658 5.174705831195724e-08 0 0.001402183302457949 5.989403909639755e-08 0 -0.0001111885023387105 4.903208895845612e-08 0 -0.0004031672157766424 4.673483919304111e-08 0 -1.099390714992519e-07 4.825707392713818e-08 0 0.0001646153950326662 4.884196932314344e-08 0 8.712212809319773e-05 4.817090513975497e-08 0 -9.459541051977383e-05 4.684924707898386e-08 0 -7.084588527681011e-05 4.787998966748752e-08 0 0.0003476603232790004 5.236326752755537e-08 0 0.001402182727867351 6.052335678463637e-08 0 -0.000111188239959828 4.920012505044147e-08 0 -0.0004031672614103337 4.681738911826994e-08 0 -1.101138560055646e-07 4.846514611855923e-08 0 0.000164615299242693 4.910196181595605e-08 0 8.712225035631403e-05 4.837849779115722e-08 0 -9.45953957406237e-05 4.693124673604832e-08 0 -7.084599251831746e-05 4.804519451728773e-08 0 0.0003476608234289219 5.29802973020521e-08 0 0.001402182151578113 6.115380343091335e-08 0 -0.0001111879775326646 4.936866485755198e-08 0 -0.0004031673064873036 4.690056688849698e-08 0 -1.102887745019185e-07 4.867376304784621e-08 0 0.0001646152034330273 4.936238121727721e-08 0 8.71223728381859e-05 4.858659627404727e-08 0 -9.459538127611078e-05 4.701357974451481e-08 0 -7.084609986536537e-05 4.821100001856093e-08 0 0.0003476613243194315 5.359846089875163e-08 0 0.001402181577235789 6.178498364317607e-08 0 -0.0001111877144524542 4.953748503760957e-08 0 -0.0004031673519146461 4.698389920870794e-08 0 -1.104638392424004e-07 4.888297137212172e-08 0 0.0001646151073681351 4.962345197950802e-08 0 8.712249551599825e-05 4.879513706285143e-08 0 -9.459536715343553e-05 4.709637660416099e-08 0 -7.084620740407942e-05 4.837726098883e-08 0 0.0003476618262032855 5.421753832696162e-08 0 0.001402180999610314 6.24174225152818e-08 0 -0.0001111874515952738 4.970699740702855e-08 0 -0.0004031673966768262 4.706780429991619e-08 0 -1.106389340560485e-07 4.909278356751701e-08 0 0.0001646150110226757 4.988513279541307e-08 0 8.712261826862576e-05 4.90042193213025e-08 0 -9.459535314673695e-05 4.717946477938995e-08 0 -7.084631509718385e-05 4.854415960875436e-08 0 0.0003476623291646941 5.483786960636115e-08 0 0.001402180422903881 6.305066120593227e-08 0 -0.0001111871891321115 4.987699227937403e-08 0 -0.0004031674411979491 4.71518520686609e-08 0 -1.108137000493923e-07 4.930309287221046e-08 0 0.0001646149145584641 5.014754519971909e-08 0 8.712274097873173e-05 4.921386891065804e-08 0 -9.459533939790155e-05 4.726301741642125e-08 0 -7.084642288886221e-05 4.871147967627776e-08 0 0.0003476628333684284 5.545916351157308e-08 0 0.001402179842853471 6.368508972953711e-08 0 -0.0001111869274946914 5.00476835529895e-08 0 -0.0004031674846521893 4.723652791832622e-08 0 -1.109882236255386e-07 4.951388434676351e-08 0 0.0001646148181311397 5.041046643311509e-08 0 8.712286375452126e-05 4.942411740982422e-08 0 -9.459532587655084e-05 4.734687618357381e-08 0 -7.084653073437251e-05 4.887937373604379e-08 0 0.0003476633385299938 5.608164021370098e-08 0 0.001402179263965214 6.432014410667762e-08 0 -0.0001111866660979677 5.021875171956625e-08 0 -0.0004031675282254593 4.732135801266413e-08 0 -1.111625811955872e-07 4.972511235407095e-08 0 0.0001646147216760041 5.067397617491975e-08 0 8.712298662583161e-05 4.963486455178412e-08 0 -9.45953126776089e-05 4.743117097694149e-08 0 -7.0846638698413e-05 4.904760380480822e-08 0 0.0003476638446887476 5.670497776194548e-08 0 0.001402178681825197 6.495622212332462e-08 0 -0.0001111864050303141 5.039039586984817e-08 0 -0.0004031675713420251 4.740673867353884e-08 0 -1.11336953531602e-07 4.993676715886464e-08 0 0.0001646146252049369 5.093788543047983e-08 0 8.71231095467828e-05 4.98460948974988e-08 0 -9.459529965979985e-05 4.751574533834457e-08 0 -7.084674675031376e-05 4.921633292576111e-08 0 0.0003476643517113243 5.732942694181008e-08 0 0.001402178100813278 6.559281413853756e-08 0 -0.0001111861438254647 5.056231742323058e-08 0 -0.0004031676145769269 4.749226319156197e-08 0 -1.115113561767054e-07 5.014883733972519e-08 0 0.0001646145286879896 5.120233664140939e-08 0 8.712323250019415e-05 5.005773232036326e-08 0 -9.45952869869926e-05 4.760073174514545e-08 0 -7.084685489866514e-05 4.938540690974103e-08 0 0.0003476648597593723 5.79547128204405e-08 0 0.001402177516381234 6.623037901443139e-08 0 -0.0001111858826658985 5.073476429945378e-08 0 -0.0004031676569355158 4.757838917984758e-08 0 -1.116858205918423e-07 5.036137957353803e-08 0 0.0001646144320699705 5.146718550647078e-08 0 8.712335558529181e-05 5.026984078310148e-08 0 -9.45952746484735e-05 4.768597087340121e-08 0 -7.08469631511832e-05 4.955503684483942e-08 0 0.0003476653686314835 5.858109847906022e-08 0 0.001402176932366508 6.686841176606338e-08 0 -0.0001111856210282564 5.09075043717e-08 0 -0.0004031676992786586 4.766462585736875e-08 0 -1.1186018933351e-07 5.057442008238322e-08 0 0.0001646143352495161 5.173259585988799e-08 0 8.712347878025993e-05 5.048238911620206e-08 0 -9.459526270902407e-05 4.777161913271932e-08 0 -7.084707164438374e-05 4.972505681516415e-08 0 0.0003476658785417364 5.920836031875208e-08 0 0.001402176343274705 6.750744178940503e-08 0 -0.0001111853597197954 5.10808821005404e-08 0 -0.0004031677407611983 4.77513937696683e-08 0 -1.120344224614354e-07 5.078794918650376e-08 0 0.0001646142383017329 5.199850154624652e-08 0 8.712360204465862e-05 5.069541127167287e-08 0 -9.459525093577503e-05 4.785756547998066e-08 0 -7.084718032508706e-05 4.989566443347471e-08 0 0.0003476663895099208 5.98368009932515e-08 0 0.00140217575333211 6.814692869033799e-08 0 -0.0001111850987958324 5.125463459904056e-08 0 -0.0004031677818848861 4.783828412568969e-08 0 -1.12208402985867e-07 5.10019015978469e-08 0 0.0001646141412687957 5.22650258280577e-08 0 8.712372533561939e-05 5.090891370962414e-08 0 -9.459523940809345e-05 4.794395431356735e-08 0 -7.084728909037551e-05 5.006668354207156e-08 0 0.000347666901777538 6.04661688982655e-08 0 0.001402175157960844 6.878730996612291e-08 0 -0.0001111848385855485 5.142898574367338e-08 0 -0.0004031678217874951 4.792577804751952e-08 0 -1.12382213895976e-07 5.121624906817557e-08 0 0.0001646140441677046 5.253194615417733e-08 0 8.712384868844734e-05 5.112291585895878e-08 0 -9.459522805950471e-05 4.803059482777483e-08 0 -7.08473978521945e-05 5.023824643790586e-08 0 0.0003476674150027503 6.109663155950962e-08 0 0.001402174561405928 6.942796321185439e-08 0 -0.0001111845783426935 5.16036595885061e-08 0 -0.0004031678616197575 4.801337857157639e-08 0 -1.125558813236369e-07 5.143098045362615e-08 0 0.0001646139468859803 5.279935007262981e-08 0 8.712397206117604e-05 5.133732924877954e-08 0 -9.459521701049578e-05 4.811759000272753e-08 0 -7.084750668687188e-05 5.041009275980057e-08 0 0.000347667929261164 6.172787525571266e-08 0 0.001402173958752487 7.006934836517596e-08 0 -0.0001111843185257338 5.177885430140972e-08 0 -0.0004031679006105542 4.810148889616839e-08 0 -1.127293807467986e-07 5.164606588919929e-08 0 0.0001646138495005195 5.30670798623567e-08 0 8.712409534537834e-05 5.155213016194704e-08 0 -9.459520614578387e-05 4.82048072847352e-08 0 -7.084761559894569e-05 5.058236395710791e-08 0 0.0003476684444025241 6.236011397542374e-08 0 0.001402173354140959 7.071087677890108e-08 0 -0.0001111840589556878 5.195425785420316e-08 0 -0.0004031679391356818 4.818973030340512e-08 0 -1.129025696960915e-07 5.186150275893198e-08 0 0.0001646137521624652 5.333526556516865e-08 0 8.712421854786821e-05 5.176727455730168e-08 0 -9.459519566290542e-05 4.829238058751129e-08 0 -7.084772461153631e-05 5.075492452016882e-08 0 0.000347668960573283 6.299310134627589e-08 0 0.001402172742681437 7.135304131572483e-08 0 -0.0001111837998243465 5.213010387250527e-08 0 -0.0004031679763356887 4.82785586577994e-08 0 -1.130755197670228e-07 5.207730304629399e-08 0 0.0001646136548735105 5.36037255971511e-08 0 8.712434187194139e-05 5.198279300761e-08 0 -9.459518557269897e-05 4.838016232772135e-08 0 -7.084783371293089e-05 5.092798434358502e-08 0 0.0003476694774873224 6.362703779821954e-08 0 0.001402172127775436 7.199523199136192e-08 0 -0.0001111835403202061 5.230618184415281e-08 0 -0.0004031680133136927 4.836745032266165e-08 0 -1.132483684607142e-07 5.229349629709557e-08 0 0.000164613557351978 5.387259034705938e-08 0 8.712446535222294e-05 5.219864273459107e-08 0 -9.459517587019628e-05 4.846826866244935e-08 0 -7.084794303800766e-05 5.110138534547559e-08 0 0.0003476699954696322 6.42617680665647e-08 0 0.001402171503463348 7.263801711510086e-08 0 -0.0001111832814174735 5.248283691666744e-08 0 -0.0004031680490920591 4.845681713522287e-08 0 -1.134208889586017e-07 5.251006381795653e-08 0 0.0001646134595981452 5.414180177104599e-08 0 8.712458877059569e-05 5.241480658529918e-08 0 -9.459516626103559e-05 4.85566000948956e-08 0 -7.084805248790126e-05 5.127529911080896e-08 0 0.0003476705145483705 6.4897559472199e-08 0 0.001402170873575997 7.328073936552214e-08 0 -0.0001111830232112532 5.265980521779179e-08 0 -0.0004031680838686296 4.854629190309545e-08 0 -1.135927937545553e-07 5.27269953462528e-08 0 0.0001646133618205259 5.441153992646885e-08 0 8.712471202856896e-05 5.263131308552715e-08 0 -9.459515688954589e-05 4.864525921660645e-08 0 -7.084816193948794e-05 5.144956437275194e-08 0 0.000347671035062419 6.553421030147666e-08 0 0.001402170233208252 7.392387658955445e-08 0 -0.0001111827661319786 5.283729662824976e-08 0 -0.0004031681167415285 4.863633191326544e-08 0 -1.137641076898153e-07 5.29441735036551e-08 0 0.0001646132640800158 5.468155882260017e-08 0 8.712483522840818e-05 5.284822308243564e-08 0 -9.459514778061007e-05 4.873405601985015e-08 0 -7.084827133903292e-05 5.162426858218438e-08 0 0.0003476715566166771 6.617177796680584e-08 0 0.001402169585794505 7.456666060307037e-08 0 -0.0001111825092217633 5.301505175830945e-08 0 -0.0004031681489935906 4.87263910747826e-08 0 -1.139350827433747e-07 5.316153623563524e-08 0 0.0001646131661769967 5.495181095577228e-08 0 8.71249583794531e-05 5.306546534133982e-08 0 -9.459513904312711e-05 4.882308924508694e-08 0 -7.084838082277443e-05 5.179913796504731e-08 0 0.0003476720792865845 6.680997077790352e-08 0 0.00140216892567864 7.520960317031199e-08 0 -0.0001111822531451451 5.319329184766408e-08 0 -0.0004031681798042085 4.881685990859586e-08 0 -1.141055354925122e-07 5.337902472118961e-08 0 0.0001646130681541014 5.522211794090071e-08 0 8.712508125785499e-05 5.328286164368867e-08 0 -9.459513050630308e-05 4.891230124398627e-08 0 -7.084849036274875e-05 5.197430042597206e-08 0 0.0003476726028757149 6.744893434745824e-08 0 0.001402168256344371 7.585194514853065e-08 0 -0.0001111819977170914 5.337169419611376e-08 0 -0.0004031682093008775 4.890743011964904e-08 0 -1.142753459221188e-07 5.359673221211336e-08 0 0.0001646129702111698 5.549268025650811e-08 0 8.712520386208732e-05 5.350036336171371e-08 0 -9.459512239594348e-05 4.90017490889505e-08 0 -7.084859993793101e-05 5.214968111511008e-08 0 0.0003476731276119971 6.808849919298643e-08 0 0.001402167572555693 7.649422985311903e-08 0 -0.0001111817433798873 5.355047475591457e-08 0 -0.000403168236430329 4.899854627593569e-08 0 -1.144444212453053e-07 5.381456821135222e-08 0 0.000164612872324596 5.576331355006126e-08 0 8.712532636880042e-05 5.371805776588356e-08 0 -9.45951147608981e-05 4.909123581947616e-08 0 -7.084870953262544e-05 5.232543306282755e-08 0 0.0003476736531349001 6.872873849206318e-08 0 0.001402166876523031 7.713565062378301e-08 0 -0.0001111814890911167 5.372943596981816e-08 0 -0.0004031682624162091 4.908964071348443e-08 0 -1.146129858659004e-07 5.403254402930324e-08 0 0.000164612774235337 5.603401512233042e-08 0 8.712544883979211e-05 5.393594492558718e-08 0 -9.459510762024892e-05 4.91808682806516e-08 0 -7.084881932316321e-05 5.25013694116505e-08 0 0.0003476741798121435 6.936954605185619e-08 0 0.001402166161627874 7.77768103879528e-08 0 -0.0001111812359804454 5.39088850989855e-08 0 -0.0004031682862955382 4.918109517554337e-08 0 -1.147806494294887e-07 5.425058668961924e-08 0 0.0001646126759745625 5.630471706929985e-08 0 8.712557098695949e-05 5.415385161827713e-08 0 -9.459510063763998e-05 4.927065635346173e-08 0 -7.084892916724149e-05 5.26776425258113e-08 0 0.0003476747076642112 7.00111089588229e-08 0 0.001402165430532856 7.841681648468323e-08 0 -0.0001111809840878969 5.408851457000541e-08 0 -0.0004031683080076703 4.927262352988349e-08 0 -1.149472866474019e-07 5.446878454523629e-08 0 0.0001646125777631652 5.657563383748565e-08 0 8.712569275097502e-05 5.437181005429892e-08 0 -9.459509397495569e-05 4.936062263788399e-08 0 -7.084903890272608e-05 5.285417661177182e-08 0 0.0003476752371119052 7.06533173772117e-08 0 0.001402164678075551 7.905618401582436e-08 0 -0.0001111807341110937 5.426853685874811e-08 0 -0.0004031683263743812 4.936466293375963e-08 0 -1.15112704521245e-07 5.468690388032993e-08 0 0.0001646124795451204 5.684650872250785e-08 0 8.7125814158151e-05 5.458989885825938e-08 0 -9.459508767230285e-05 4.94505319470484e-08 0 -7.084914845292832e-05 5.303098329911826e-08 0 0.0003476757676743186 7.129605650302295e-08 0 0.001402163905829326 7.96939020955567e-08 0 -0.0001111804847587772 5.444875421367623e-08 0 -0.0004031683428533522 4.945661297856008e-08 0 -1.152772479140449e-07 5.49048996753565e-08 0 0.0001646123810926242 5.711716803691314e-08 0 8.712593520694699e-05 5.480808930313774e-08 0 -9.459508188913723e-05 4.954044741101171e-08 0 -7.084925801240093e-05 5.320775968431501e-08 0 0.0003476762994329974 7.19390784928442e-08 0 0.001402163107442067 8.033054327283294e-08 0 -0.0001111802372210646 5.462932410604804e-08 0 -0.0004031683563944787 4.954885291647004e-08 0 -1.154403465597451e-07 5.512265362217494e-08 0 0.0001646122825262331 5.73874627957105e-08 0 8.712605551816631e-05 5.502604540075229e-08 0 -9.459507642053944e-05 4.963042302824627e-08 0 -7.08493675277838e-05 5.338459244802473e-08 0 0.0003476768321964002 7.258242216978683e-08 0 0.001402162284355218 8.096506655397294e-08 0 -0.0001111799914663564 5.48098719674317e-08 0 -0.000403168366765419 4.964118763273184e-08 0 -1.156019128339933e-07 5.53403787587059e-08 0 0.000164612184240423 5.765763055887163e-08 0 8.712617515929665e-05 5.524375623622291e-08 0 -9.459507153401769e-05 4.972043159828798e-08 0 -7.084947695334963e-05 5.356150464125297e-08 0 0.000347677366247176 7.322603389620097e-08 0 0.001402161431039619 8.15980658666615e-08 0 -0.0001111797481302967 5.499058945701574e-08 0 -0.0004031683727572787 4.973402502328472e-08 0 -1.157616734970255e-07 5.555782119776032e-08 0 0.0001646120861208966 5.792744384169879e-08 0 8.712629430439321e-05 5.546130803224525e-08 0 -9.459506729259104e-05 4.981024585154481e-08 0 -7.084958620344471e-05 5.373855756912737e-08 0 0.0003476779011590408 7.386976821205371e-08 0 0.001402160546655748 8.222843307648108e-08 0 -0.0001111795055220716 5.517135996668809e-08 0 -0.0004031683759733867 4.982671099329483e-08 0 -1.159203010248053e-07 5.577498666392566e-08 0 0.0001646119876958368 5.819670500367691e-08 0 8.712641303937339e-05 5.56787282390836e-08 0 -9.459506374094595e-05 4.989989747794521e-08 0 -7.084969549819851e-05 5.391554225298022e-08 0 0.0003476784373498826 7.451359363558341e-08 0 0.001402159623636295 8.285685720171852e-08 0 -0.0001111792655690835 5.535248215338129e-08 0 -0.0004031683749497194 4.991960513012206e-08 0 -1.160767555130591e-07 5.599172839265698e-08 0 0.0001646118889603726 5.846537427800502e-08 0 8.712653071912822e-05 5.589560549135175e-08 0 -9.459506046834154e-05 4.998952359697162e-08 0 -7.084980466014189e-05 5.409253372307132e-08 0 0.0003476789749114334 7.515756356157866e-08 0 0.001402158661559211 8.348205417924025e-08 0 -0.0001111790285359543 5.55336300417375e-08 0 -0.0004031683689938309 5.001257607356591e-08 0 -1.162307634444668e-07 5.620830394181819e-08 0 0.0001646117905169803 5.873374982201529e-08 0 8.712664729119966e-05 5.611202195943132e-08 0 -9.459505779428612e-05 5.007901974357631e-08 0 -7.084991352136748e-05 5.426957629811601e-08 0 0.0003476795142763056 7.580171165755267e-08 0 0.00140215765501625 8.410459415714165e-08 0 -0.0001111787956812604 5.57149723579009e-08 0 -0.0004031683565680066 5.010602199817527e-08 0 -1.16381759715509e-07 5.64242481071453e-08 0 0.0001646116923050694 5.900152950238935e-08 0 8.712676283396946e-05 5.632809921274351e-08 0 -9.459505584996641e-05 5.016811736174853e-08 0 -7.085002197912414e-05 5.444656825392968e-08 0 0.0003476800549057912 7.64456402901903e-08 0 0.001402156601021567 8.47230568687407e-08 0 -0.0001111785649420965 5.589637786657109e-08 0 -0.0004031683397001523 5.019923972338081e-08 0 -1.165307220996035e-07 5.663947898887356e-08 0 0.0001646115939050175 5.926823540974846e-08 0 8.712687747167157e-05 5.6543864805636e-08 0 -9.459505481285158e-05 5.025680725051496e-08 0 -7.085013031196684e-05 5.462319267734993e-08 0 0.000347680596944816 7.708923376731347e-08 0 0.001402155492006715 8.53381128332331e-08 0 -0.0001111783383342807 5.607797144702165e-08 0 -0.0004031683168741612 5.029256296140705e-08 0 -1.166763348159325e-07 5.685377490322052e-08 0 0.0001646114953509081 5.953372961969849e-08 0 8.712699038337933e-05 5.675862082415994e-08 0 -9.459505430103876e-05 5.034534511505484e-08 0 -7.085023834295377e-05 5.479945672931529e-08 0 0.0003476811403395202 7.773236332386801e-08 0 0.00140215432468592 8.594815210927197e-08 0 -0.0001111781157909497 5.62593421640778e-08 0 -0.0004031682871773883 5.038599342616079e-08 0 -1.168186151700976e-07 5.706759099305403e-08 0 0.0001646113973714503 5.979837222613858e-08 0 8.712710164791858e-05 5.69724013452233e-08 0 -9.459505476770713e-05 5.043350320699247e-08 0 -7.085034594837834e-05 5.497555471273285e-08 0 0.0003476816854950243 7.837517874975664e-08 0 0.00140215309346034 8.655378394561984e-08 0 -0.0001111778987491346 5.644066048554608e-08 0 -0.0004031682486445586 5.047988491102551e-08 0 -1.169566609116022e-07 5.728035621516137e-08 0 0.0001646112996916554 6.00618983090384e-08 0 8.712721136049094e-05 5.718537154225656e-08 0 -9.459505637965382e-05 5.052097968444302e-08 0 -7.085045301220837e-05 5.515135820949312e-08 0 0.0003476822319353895 7.901712767433011e-08 0 0.001402151790997896 8.715330536424037e-08 0 -0.0001111776845415108 5.662191347732826e-08 0 -0.0004031682034987271 5.057345239811717e-08 0 -1.170917628828791e-07 5.749204010779829e-08 0 0.0001646112017083395 6.032369614938914e-08 0 8.712731969326425e-05 5.739765620432769e-08 0 -9.45950593083944e-05 5.060772337306396e-08 0 -7.08505599078396e-05 5.532660745516393e-08 0 0.0003476827800266424 7.965828700134958e-08 0 0.001402150408605002 8.774750881457294e-08 0 -0.0001111774764489676 5.680331546797923e-08 0 -0.0004031681494685024 5.066702015582569e-08 0 -1.172217805323037e-07 5.770234534629992e-08 0 0.0001646111034095399 6.058374499989803e-08 0 8.712742545628759e-05 5.760835749407667e-08 0 -9.459506294871856e-05 5.069416668390669e-08 0 -7.085066634426872e-05 5.550127058634446e-08 0 0.0003476833299970034 8.029845717516526e-08 0 0.001402148938747433 8.833435236749176e-08 0 -0.0001111772748342288 5.698447223811964e-08 0 -0.0004031680851227514 5.076072511628338e-08 0 -1.173466351589412e-07 5.791185160586299e-08 0 0.0001646110058842049 6.084246714777029e-08 0 8.712752870110306e-05 5.781761575757161e-08 0 -9.459506787119765e-05 5.077995205576835e-08 0 -7.085077206224476e-05 5.567564360930976e-08 0 0.0003476838823409517 8.0937939316017e-08 0 0.00140214737587116 8.891446536679615e-08 0 -0.0001111770820173691 5.716548574091762e-08 0 -0.0004031680079876614 5.085490727835262e-08 0 -1.174649295054817e-07 5.811970139879552e-08 0 0.000164610908843732 6.109950066723878e-08 0 8.712762939190598e-05 5.802560903989118e-08 0 -9.459507426651248e-05 5.086470923620912e-08 0 -7.085087685480827e-05 5.584939542085942e-08 0 0.0003476844364805609 8.157580828199729e-08 0 0.001402145706815585 8.948567541827712e-08 0 -0.0001111768944732361 5.734635220855377e-08 0 -0.0004031679210773214 5.094869569288729e-08 0 -1.175786553120315e-07 5.83258047207047e-08 0 0.0001646108116387102 6.13538597080132e-08 0 8.712772779113918e-05 5.82324818920732e-08 0 -9.459508248250981e-05 5.094828720714206e-08 0 -7.085098116819953e-05 5.602215580324809e-08 0 0.0003476849925614367 8.221213472492384e-08 0 0.001402143922084958 9.004880427432305e-08 0 -0.0001111767161413452 5.752718664625567e-08 0 -0.0004031678216075834 5.104236604908108e-08 0 -1.176848948708484e-07 5.852973547493256e-08 0 0.0001646107141900083 6.160546626998718e-08 0 8.712782229811088e-05 5.843691038009968e-08 0 -9.459509186142412e-05 5.10313148405217e-08 0 -7.085108466407807e-05 5.619377830418103e-08 0 0.0003476855508256771 8.284648261858152e-08 0 0.001402142007805668 9.06011164009124e-08 0 -0.000111176547041042 5.770754753914309e-08 0 -0.0004031677075547884 5.113625326652604e-08 0 -1.17783891639964e-07 5.87323421355479e-08 0 0.0001646106178874313 6.185484442006171e-08 0 8.712791307281807e-05 5.863904026237599e-08 0 -9.45951032410991e-05 5.111322615852787e-08 0 -7.085118714399151e-05 5.636478325743432e-08 0 0.0003476861117297642 8.347936508723564e-08 0 0.001402139958876794 9.114316784630816e-08 0 -0.0001111763905401048 5.788758686287032e-08 0 -0.0004031675752765861 5.123065408701999e-08 0 -1.178733617102055e-07 5.893249367672215e-08 0 0.0001646105221699418 6.210163927544697e-08 0 8.712799994736729e-05 5.883911897985872e-08 0 -9.45951168472986e-05 5.119360074745671e-08 0 -7.085128836080422e-05 5.653471872590909e-08 0 0.0003476866748141072 8.410952049425768e-08 0 0.001402137753672469 9.16721662885811e-08 0 -0.0001111762421020374 5.806744442921064e-08 0 -0.0004031674284079717 5.132457805978596e-08 0 -1.179558498098896e-07 5.913012317976252e-08 0 0.0001646104262916781 6.23445202824202e-08 0 8.712808328485698e-05 5.903743203333756e-08 0 -9.45951331929179e-05 5.127221059525455e-08 0 -7.085138889043051e-05 5.670324822876215e-08 0 0.0003476872403658376 8.473725073010474e-08 0 0.001402135381725761 9.218907291719258e-08 0 -0.0001111761076576234 5.824713534413606e-08 0 -0.0004031672628619364 5.141832822713743e-08 0 -1.180269832840006e-07 5.932467309066602e-08 0 0.000164610330195325 6.258350498944408e-08 0 8.712816085736096e-05 5.923222844150811e-08 0 -9.459515131857166e-05 5.134999382649941e-08 0 -7.085148822735808e-05 5.687014246330557e-08 0 0.0003476878090252072 8.536192636771078e-08 0 0.00140213281938141 9.269027888975101e-08 0 -0.0001111759874824203 5.842613472889502e-08 0 -0.0004031670761151656 5.151248872597991e-08 0 -1.180872045286583e-07 5.951730716602377e-08 0 0.000164610235920154 6.281923219109141e-08 0 8.712823295303761e-05 5.942376590795106e-08 0 -9.459517230794856e-05 5.142613378195104e-08 0 -7.085158602734841e-05 5.703614210789131e-08 0 0.0003476883813399584 8.598433555440101e-08 0 0.001402130061480933 9.31763747130665e-08 0 -0.0001111758860519868 5.86044814135378e-08 0 -0.0004031668635542662 5.160730725400908e-08 0 -1.181333808553095e-07 5.970645326064393e-08 0 0.0001646101426013985 6.305123047278814e-08 0 8.71282992308403e-05 5.961230137990768e-08 0 -9.459519636556557e-05 5.15001111547897e-08 0 -7.085168185015643e-05 5.720049086471723e-08 0 0.000347688956866446 8.660261600207388e-08 0 0.001402127072765088 9.364377617782083e-08 0 -0.0001111757968986493 5.878241788465077e-08 0 -0.0004031666301704678 5.170160331108287e-08 0 -1.181695700458427e-07 5.989198868100452e-08 0 0.0001646100490497182 6.327756510438042e-08 0 8.712836015017932e-05 5.979819120427442e-08 0 -9.459522428680034e-05 5.15714974683168e-08 0 -7.085177641219519e-05 5.73627395999976e-08 0 0.0003476895356605419 8.721713566639534e-08 0 0.001402123840506933 9.409365970408645e-08 0 -0.0001111757285366388 5.896008935246666e-08 0 -0.0004031663699331361 5.179563609958304e-08 0 -1.181892756857403e-07 6.00731166894297e-08 0 0.0001646099549523078 6.349825001222829e-08 0 8.712841232180744e-05 5.997894095971511e-08 0 -9.459525485865095e-05 5.164158407150454e-08 0 -7.085186910489592e-05 5.752243716072857e-08 0 0.0003476901186386522 8.78268738846444e-08 0 0.001402120326517736 9.452110826674298e-08 0 -0.0001111756814457521 5.913706344756742e-08 0 -0.0004031660789907548 5.189032246943892e-08 0 -1.181929266819124e-07 6.025140300569552e-08 0 0.0001646098634613402 6.371408755451168e-08 0 8.712845609713803e-05 6.015490189997806e-08 0 -9.4595289921659e-05 5.170920029662351e-08 0 -7.085195961835376e-05 5.768067218997474e-08 0 0.0003476907061419204 8.843295754706883e-08 0 0.001402116526776339 9.492642536607088e-08 0 -0.0001111756627917015 5.931341458265127e-08 0 -0.0004031657504186547 5.198594191929695e-08 0 -1.181755602680499e-07 6.042476390771821e-08 0 0.0001646097735673591 6.392455628029257e-08 0 8.712849110195652e-05 6.032643371650658e-08 0 -9.459532985464647e-05 5.177372738168762e-08 0 -7.085204749965322e-05 5.783646138401987e-08 0 0.0003476912978553487 8.903286714823101e-08 0 0.001402112387445642 9.530455750972333e-08 0 -0.0001111756639021744 5.948942425476611e-08 0 -0.0004031653910739341 5.20811653526021e-08 0 -1.181428469637622e-07 6.059309884398621e-08 0 0.0001646096839081901 6.412705211289448e-08 0 8.712851824806132e-05 6.04941128787284e-08 0 -9.459537570859211e-05 5.183458653273965e-08 0 -7.085213376625819e-05 5.798937757067745e-08 0 0.0003476918939636781 8.962742220619547e-08 0 0.001402107894202017 9.565669761152362e-08 0 -0.0001111756965726518 5.96650183912195e-08 0 -0.0004031649925467645 5.217628090692372e-08 0 -1.180856164656439e-07 6.075532239108171e-08 0 0.0001646095939456804 6.432166343994793e-08 0 8.712853285755549e-05 6.065462372639717e-08 0 -9.459542550452338e-05 5.189363218305321e-08 0 -7.085221730972201e-05 5.813883110356021e-08 0 0.0003476924962041023 9.02152584303373e-08 0 0.001402102987309361 9.597547898781977e-08 0 -0.0001111757608513592 5.983961262612246e-08 0 -0.000403164550220561 5.227254217671229e-08 0 -1.180051025922977e-07 6.091355020387822e-08 0 0.000164609507837421 6.45093679377262e-08 0 8.712853542751363e-05 6.080847240325092e-08 0 -9.459548165217935e-05 5.194917974266078e-08 0 -7.085229746586762e-05 5.828634759563744e-08 0 0.0003476931052844717 9.079803976741464e-08 0 0.001402097662400736 9.626124618938858e-08 0 -0.0001111758667576984 6.001326519067261e-08 0 -0.0004031640543541575 5.23701426599632e-08 0 -1.178941470836279e-07 6.10647882606785e-08 0 0.0001646094237696683 6.468941440157526e-08 0 8.712852490634636e-05 6.09560685121968e-08 0 -9.45955445278146e-05 5.200045029990497e-08 0 -7.085237350307193e-05 5.843035839198096e-08 0 0.0003476937211693426 9.137213351217978e-08 0 0.001402091834399002 9.650801235938644e-08 0 -0.0001111760022455277 6.018656779210872e-08 0 -0.000403163514072824 5.246737157932335e-08 0 -1.177608932589866e-07 6.12088178614245e-08 0 0.0001646093399181314 6.485793699329e-08 0 8.712850230085943e-05 6.10981526066867e-08 0 -9.459561603981925e-05 5.204657125418288e-08 0 -7.085244682529522e-05 5.857022750133111e-08 0 0.0003476943433113611 9.193835479731628e-08 0 0.001402085483866944 9.671778077036119e-08 0 -0.0001111761850946524 6.035976796159302e-08 0 -0.0004031629166058592 5.256463740666018e-08 0 -1.175917615919817e-07 6.134431203980161e-08 0 0.0001646092554473261 6.501511535389469e-08 0 8.712846090724867e-05 6.122983635392652e-08 0 -9.459569378500454e-05 5.209009441842216e-08 0 -7.085251624147636e-05 5.870501611215939e-08 0 0.0003476949739390084 9.249459530930039e-08 0 0.001402078515922667 9.688105976485284e-08 0 -0.0001111764157759737 6.053234071629053e-08 0 -0.00040316225548781 5.266400419229322e-08 0 -1.173883588945188e-07 6.147436783926484e-08 0 0.0001646091765337282 6.516256075006498e-08 0 8.712840156649414e-05 6.135182834682283e-08 0 -9.459578147148762e-05 5.212860807596309e-08 0 -7.085258118749714e-05 5.883690801233853e-08 0 0.0003476956131893832 9.304315979480339e-08 0 0.001402070930027324 9.699640504678975e-08 0 -0.000111176710113764 6.070421348230991e-08 0 -0.0004031615161376872 5.27658790827612e-08 0 -1.171398476829097e-07 6.1595191697128e-08 0 0.0001646091008279393 6.52995637770437e-08 0 8.712832285796833e-05 6.146500319131885e-08 0 -9.459587943168313e-05 5.21609912346177e-08 0 -7.085264064558837e-05 5.89638216308419e-08 0 0.0003476962614732126 9.357915128904716e-08 0 0.001402062599811571 9.70515396728211e-08 0 -0.0001111770509230059 6.087541582627808e-08 0 -0.0004031607117941787 5.286826752076701e-08 0 -1.16857772874954e-07 6.17064785449206e-08 0 0.0001646090261996636 6.542096165490506e-08 0 8.712822651357753e-05 6.157060206818386e-08 0 -9.459599027621113e-05 5.21861253377498e-08 0 -7.085269633931578e-05 5.908503891011162e-08 0 0.0003476969184488116 9.410413256277784e-08 0 0.001402053499858377 9.704770191631962e-08 0 -0.0001111774635067647 6.104619927616016e-08 0 -0.0004031598241248102 5.297157302380784e-08 0 -1.165224836341381e-07 6.180554640300427e-08 0 0.0001646089513884647 6.552661029057826e-08 0 8.712810301785e-05 6.166225888226683e-08 0 -9.459611020221081e-05 5.220785009862894e-08 0 -7.085274613360947e-05 5.919939297799325e-08 0 0.0003476975883341671 9.461548269168453e-08 0 0.001402043481554482 9.69682704549113e-08 0 -0.0001111779478918246 6.121673928188852e-08 0 -0.0004031588446754136 5.307761272166367e-08 0 -1.161369388019671e-07 6.189593366318079e-08 0 0.0001646088851155469 6.561726064585603e-08 0 8.712795349465062e-05 6.174077416681854e-08 0 -9.45962444331705e-05 5.222289149037218e-08 0 -7.085278889251699e-05 5.931007400483689e-08 0 0.0003476982715204802 9.511648491750126e-08 0 0.001402032536255232 9.681446247467029e-08 0 -0.0001111785276191185 6.138763002788704e-08 0 -0.0004031577518518181 5.318694062256268e-08 0 -1.156849884775799e-07 6.197240466632169e-08 0 0.0001646088235010279 6.569163302910795e-08 0 8.712777524305658e-05 6.180591569787673e-08 0 -9.459639338933734e-05 5.222992913167523e-08 0 -7.085282318830542e-05 5.941412309362625e-08 0 0.0003476989691333782 9.560033514821599e-08 0 0.001402020459079819 9.657746023739033e-08 0 -0.0001111791793441674 6.156021933184651e-08 0 -0.0004031565636549577 5.329774251799924e-08 0 -1.151832160067843e-07 6.203544716115726e-08 0 0.000164608763419935 6.574316158136638e-08 0 8.712757040053863e-05 6.185906697292463e-08 0 -9.459656147459139e-05 5.222695247802944e-08 0 -7.085285168280385e-05 5.951053974606601e-08 0 0.0003476996793810444 9.606866606393095e-08 0 0.001402007225233287 9.625883209268826e-08 0 -0.0001111799418830883 6.173443187901249e-08 0 -0.0004031552521215619 5.341145002668579e-08 0 -1.146030474130619e-07 6.208409574631756e-08 0 0.0001646087026575122 6.577323679451962e-08 0 8.71273251815685e-05 6.18914049940744e-08 0 -9.459674382407413e-05 5.22182345349953e-08 0 -7.085287197013122e-05 5.959723726328691e-08 0 0.000347700407355031 9.651695546258888e-08 0 0.001401992622418621 9.583271401436555e-08 0 -0.0001111808138781478 6.190723050858436e-08 0 -0.0004031538070753265 5.353301068405925e-08 0 -1.139489359813759e-07 6.212448452197482e-08 0 0.0001646086536976205 6.578621526698301e-08 0 8.712704128799319e-05 6.190490291213545e-08 0 -9.459694823489573e-05 5.219909920278765e-08 0 -7.085288315096526e-05 5.967793555855527e-08 0 0.0003477011526037965 9.694956331490757e-08 0 0.001401976662412416 9.528798203956024e-08 0 -0.0001111818334938175 6.207861293766602e-08 0 -0.0004031521964551337 5.366300444287209e-08 0 -1.131958569100508e-07 6.214707894136583e-08 0 0.0001646086118245321 6.577984289907189e-08 0 8.712671432568873e-05 6.190312269727104e-08 0 -9.459717473755958e-05 5.216805685354098e-08 0 -7.085288289325474e-05 5.974853076878839e-08 0 0.0003477019181844648 9.735725536863526e-08 0 0.001401959015511586 9.459667257849524e-08 0 -0.0001111829690690208 6.224837387214242e-08 0 -0.0004031504459537649 5.379485487622127e-08 0 -1.123670905628347e-07 6.214843720903084e-08 0 0.0001646085752161769 6.573929061531868e-08 0 8.712634778412774e-05 6.188824017150373e-08 0 -9.459742976736241e-05 5.212366926271583e-08 0 -7.085287394885396e-05 5.980816022987945e-08 0 0.0003477027024551965 9.774312539206909e-08 0 0.001401939585562839 9.377235498514436e-08 0 -0.0001111842802733465 6.241961829356323e-08 0 -0.0004031485134372847 5.392966098693996e-08 0 -1.114209735586489e-07 6.212119589565911e-08 0 0.0001646085400657804 6.5662159626223e-08 0 8.71259227240989e-05 6.184357523308924e-08 0 -9.459770601487338e-05 5.20750321059138e-08 0 -7.085285224053826e-05 5.985537305380761e-08 0 0.0003477035153155589 9.810356769307527e-08 0 0.001401917940206443 9.280615062556841e-08 0 -0.0001111857672919797 6.259927202989511e-08 0 -0.0004031463848439276 5.407048500605249e-08 0 -1.103656212531032e-07 6.207374689953803e-08 0 0.0001646085214532939 6.55491933995722e-08 0 8.712544134452381e-05 6.176914910116514e-08 0 -9.45980149659742e-05 5.201470383575657e-08 0 -7.085281606800108e-05 5.989767783154409e-08 0 0.0003477043554764997 9.844487971338856e-08 0 0.001401894064650633 9.171110723626974e-08 0 -0.0001111874813167074 6.278621687144657e-08 0 -0.0004031440121642637 5.422152880851794e-08 0 -1.091657289425927e-07 6.200714632725866e-08 0 0.0001646085095642347 6.540351180084335e-08 0 8.712489384188336e-05 6.166189104456209e-08 0 -9.459835638150893e-05 5.193710615053471e-08 0 -7.085276263896211e-05 5.992876241089906e-08 0 0.0003477052265655062 9.875277483251121e-08 0 0.001401867515258712 9.046296998299619e-08 0 -0.0001111893540369224 6.297432955659764e-08 0 -0.0004031414340750494 5.439058523709628e-08 0 -1.07855433986723e-07 6.192998073389909e-08 0 0.0001646084989553598 6.522775978373695e-08 0 8.712428417217975e-05 6.152694897315623e-08 0 -9.459874133228852e-05 5.183698368466105e-08 0 -7.085269705228713e-05 5.99445646176644e-08 0 0.0003477061242444096 9.902943917672324e-08 0 0.001401838303733679 8.900533385314269e-08 0 -0.0001111914842345102 6.316216295820797e-08 0 -0.000403138583601692 5.458083945225622e-08 0 -1.063563861147785e-07 6.183697342371229e-08 0 0.000164608491801943 6.502570261412986e-08 0 8.712358243317951e-05 6.136263918515848e-08 0 -9.459916127566026e-05 5.172103991618604e-08 0 -7.085261437859979e-05 5.993977723189881e-08 0 0.0003477070605899663 9.926387225384081e-08 0 0.001401805840922407 8.71062022719804e-08 0 -0.0001111938926820905 6.333952828202481e-08 0 -0.0004031354274114107 5.479039448530454e-08 0 -1.046701105650281e-07 6.172565584355859e-08 0 0.0001646085348682852 6.478986579877553e-08 0 8.712279471470573e-05 6.117533717098221e-08 0 -9.459963362505597e-05 5.158482191403024e-08 0 -7.085251326180429e-05 5.992030376045232e-08 0 0.0003477080346383082 9.946525216658619e-08 0 0.001401770041058986 8.468427380864396e-08 0 -0.0001111966826631838 6.352594994485371e-08 0 -0.000403131891919331 5.501654743583773e-08 0 -1.027525885488576e-07 6.154631249088992e-08 0 0.0001646086136529584 6.449641366118585e-08 0 8.712192525098249e-05 6.0962214845639e-08 0 -9.460015619869311e-05 5.143733849272136e-08 0 -7.08523874321798e-05 5.988237120752027e-08 0 0.0003477090612462735 9.962284078235406e-08 0 0.001401730006687043 8.165889908012813e-08 0 -0.0001111998099250916 6.376240914429675e-08 0 -0.0004031280522208274 5.522574422073268e-08 0 -1.006750481591354e-07 6.128090423301867e-08 0 0.000164608693980231 6.407953644094187e-08 0 8.712098044869053e-05 6.071709344329655e-08 0 -9.460074083388059e-05 5.127480235539439e-08 0 -7.085223931453664e-05 5.983267112319446e-08 0 0.0003477101359208312 9.974365928339113e-08 0 0.001401685444935768 7.825244839609891e-08 0 -0.0001112034031934689 6.406507006839755e-08 0 -0.0004031238056693003 5.543381419864657e-08 0 -9.834280068065948e-08 6.095691165025617e-08 0 0.0001646087574503352 6.354882262082916e-08 0 8.711988845888639e-05 6.036544179105484e-08 0 -9.460136409149278e-05 5.110691157078628e-08 0 -7.08520584189881e-05 5.976806084773134e-08 0 0.0003477112820165079 9.981822422094888e-08 0 0.001401635503327947 7.487287555923983e-08 0 -0.0001112073834797639 6.444074084066552e-08 0 -0.0004031191122339933 5.570942223503961e-08 0 -9.575512295578492e-08 6.064607561279133e-08 0 0.0001646088511225857 6.298733586790338e-08 0 8.71186476783664e-05 5.991001696820096e-08 0 -9.460206283284922e-05 5.090528288481666e-08 0 -7.085184073406246e-05 5.969668012695273e-08 0 0.0003477124902186296 9.985271243878602e-08 0 0.001401580444641448 7.15185634464488e-08 0 -0.0001112119667375372 6.482189564976924e-08 0 -0.0004031138497517655 5.607647611538535e-08 0 -9.275776589878525e-08 6.040691609421332e-08 0 0.0001646089910040394 6.244198696297997e-08 0 8.711725221868803e-05 5.941447193263949e-08 0 -9.460285916078337e-05 5.06313924952817e-08 0 -7.085158941139146e-05 5.959432813895659e-08 0 0.0003477137555439741 9.979879726784713e-08 0 0.001401518801817644 6.776243489242662e-08 0 -0.000111217153475146 6.501336523301314e-08 0 -0.0004031080522412661 5.657019605531666e-08 0 -8.940101500764829e-08 6.02340282929159e-08 0 0.0001646092523412274 6.193188784031632e-08 0 8.711572887078188e-05 5.891588460149588e-08 0 -9.460376976684615e-05 5.029305062687062e-08 0 -7.08513311823422e-05 5.943480063663741e-08 0 0.0003477150701541309 9.966114206116927e-08 0 0.001401450837664492 6.292379615274735e-08 0 -0.0001112232144139524 6.503186716216856e-08 0 -0.0004031016001707632 5.715744861439775e-08 0 -8.569157014526074e-08 5.993620087046957e-08 0 0.000164609565245985 6.137997222988022e-08 0 8.711408198239233e-05 5.8443045652945e-08 0 -9.460475053280071e-05 4.995919480887956e-08 0 -7.085103682233361e-05 5.922324135959611e-08 0 0.000347716507232837 9.94440691806653e-08 0 0.001401374299892316 5.609378071758097e-08 0 -0.0001112301148963185 6.498385839159847e-08 0 -0.0004030946939662938 5.760155147999102e-08 0 -8.180410838997986e-08 5.935945443513724e-08 0 0.0001646097601278179 6.051254448219411e-08 0 8.711229568530986e-05 5.79718133705831e-08 0 -9.460582218075164e-05 4.963375734717834e-08 0 -7.085066790246673e-05 5.901151631931833e-08 0 0.0003477180828307391 9.917840087386721e-08 0 0.00140128750883145 4.802197169084809e-08 0 -0.0001112379369724581 6.503926620882171e-08 0 -0.0004030871030889643 5.792048926589466e-08 0 -7.753078404282054e-08 5.846746522347734e-08 0 0.0001646097849308803 5.927148665624271e-08 0 8.711007984180118e-05 5.725775956144652e-08 0 -9.460693799208386e-05 4.934380305743336e-08 0 -7.085019355757004e-05 5.880060078428117e-08 0 0.000347719857010334 9.88445385124992e-08 0 0.001401186465776805 4.078662471651561e-08 0 -0.0001112461184249874 6.569281723461938e-08 0 -0.0004030786874598957 5.82236957188953e-08 0 -7.275477370560534e-08 5.747362422786617e-08 0 0.0001646098067358964 5.780792426690606e-08 0 8.710741121728537e-05 5.626106673595199e-08 0 -9.460823391867212e-05 4.901436885529353e-08 0 -7.084961278745748e-05 5.859814967285048e-08 0 0.0003477217711420066 9.843521472929774e-08 0 0.001401068830712337 3.554592904048137e-08 0 -0.0001112551595585931 6.672699277149306e-08 0 -0.0004030691310128453 5.865835737278724e-08 0 -6.677864107518005e-08 5.691751300829218e-08 0 0.0001646100317767712 5.640028423459231e-08 0 8.710436744929771e-05 5.504298355996085e-08 0 -9.460989695757316e-05 4.85037175493308e-08 0 -7.084901077859805e-05 5.834391162556906e-08 0 0.0003477236721843857 9.786169871683904e-08 0 0.001400932394792165 3.038450083203691e-08 0 -0.000111265643046296 6.741344902444489e-08 0 -0.0004030578569280546 5.986519898554253e-08 0 -5.952187043245272e-08 5.708459448194869e-08 0 0.0001646109178812249 5.561510724866325e-08 0 8.710109243552365e-05 5.374914860412083e-08 0 -9.461194246079829e-05 4.78143932156061e-08 0 -7.08485731354541e-05 5.795840786471106e-08 0 0.000347725534215193 9.714330028581798e-08 0 0.001400783315503792 2.120653735254718e-08 0 -0.0001112782517968536 6.771218018231105e-08 0 -0.000403044745006062 6.170152413303985e-08 0 -5.155689608571135e-08 5.722670709529254e-08 0 0.0001646121343377854 5.518413391525367e-08 0 8.709786783714367e-05 5.290799692803105e-08 0 -9.46141383609822e-05 4.706643020463419e-08 0 -7.084819921934769e-05 5.746552090429845e-08 0 0.0003477276369647647 9.637276328355872e-08 0 0.001400622953091499 2.471999938080673e-09 0 -0.0001112927085903381 6.731971757129028e-08 0 -0.0004030315250639626 6.306650111864708e-08 0 -4.39201674889953e-08 5.631071794270914e-08 0 0.000164612602689268 5.361453926655546e-08 0 8.709459093801662e-05 5.246832052857586e-08 0 -9.461648900602193e-05 4.640801676975004e-08 0 -7.084764104163531e-05 5.699311771828474e-08 0 0.000347730121639675 9.562021980463743e-08 0 0.00140044844580009 -2.507395747280982e-08 0 -0.0001113099408777546 6.73508565099401e-08 0 -0.0004030173865954833 6.390036919046159e-08 0 -3.523313478470436e-08 5.354766469123362e-08 0 0.000164612699297656 5.03659839598547e-08 0 8.708985405229962e-05 5.120788584139779e-08 0 -9.46187088960021e-05 4.619250268400599e-08 0 -7.084676889382301e-05 5.667823263499904e-08 0 0.0003477333829957768 9.502328301297382e-08 0 0.001400238885897173 -5.457246009948901e-08 0 -0.00011133000128212 7.05814882789868e-08 0 -0.0004030006264618829 6.385939038677789e-08 0 -2.397771380058012e-08 4.95211466416956e-08 0 0.0001646147581963048 4.556873620109592e-08 0 8.708375880102369e-05 4.879635707305541e-08 0 -9.462138532127795e-05 4.61132188198099e-08 0 -7.08454667856656e-05 5.670708327215612e-08 0 0.0003477371867844081 9.45377655672819e-08 0 0.001399977701569313 -7.992673212164901e-08 0 -0.0001113538100851463 7.590114649985713e-08 0 -0.0004029808311884902 6.375123477730947e-08 0 -9.072146187058879e-09 4.742218451952995e-08 0 0.0001646190805201231 4.07857228962305e-08 0 8.707894025873629e-05 4.510262725104797e-08 0 -9.462558036392454e-05 4.537912243196551e-08 0 -7.084420727157535e-05 5.687247019853236e-08 0 0.0003477406744672867 9.369930575181541e-08 0 0.001399663710099974 -1.062984656408083e-07 0 -0.0001113820616332611 7.982142950085924e-08 0 -0.0004029572004375786 6.757170684101864e-08 0 8.077464669356205e-09 4.978422819129635e-08 0 0.0001646240955590766 4.033256582186562e-08 0 8.707594640984527e-05 4.084427106948452e-08 0 -9.463024290498612e-05 4.385435858900166e-08 0 -7.084396252456103e-05 5.664600687127485e-08 0 0.0003477438846583997 9.24253213546722e-08 0 0.001399324068120697 -1.443399175599102e-07 0 -0.0001114161074168424 8.124900588435402e-08 0 -0.0004029299881085079 7.469748804223018e-08 0 2.367941480397006e-08 5.469612469194418e-08 0 0.0001646271451452297 4.397290682273125e-08 0 8.70731058239954e-05 3.97224436329835e-08 0 -9.463277825180749e-05 4.161590643619872e-08 0 -7.084339233133506e-05 5.58279499712766e-08 0 0.0003477492276477007 9.028395172444582e-08 0 0.001398966223420103 -2.091570479936799e-07 0 -0.0001114509566578492 7.693813849907194e-08 0 -0.0004029061376322751 8.07199567534611e-08 0 3.493509065366739e-08 5.720041801327014e-08 0 0.000164624403039465 4.582258240903858e-08 0 8.706879468481364e-05 4.19976070933914e-08 0 -9.463372140545989e-05 3.947670207393728e-08 0 -7.084004451994584e-05 5.44189909801318e-08 0 0.0003477575866828869 8.732840869885018e-08 0 0.001398573539895309 -3.004094270980806e-07 0 -0.0001114915377554426 7.099528131354615e-08 0 -0.0004028822251288949 8.515117706775487e-08 0 5.037822672915547e-08 5.158875557992326e-08 0 0.0001646197594806775 4.195907057219506e-08 0 8.705647215268007e-05 4.346587198500451e-08 0 -9.463466033923784e-05 3.95027533531267e-08 0 -7.083402561319783e-05 5.263984949321898e-08 0 0.0003477685368523803 8.315246788348496e-08 0 0.001398064270547533 -3.976790972151644e-07 0 -0.0001115463331567423 7.549761545794231e-08 0 -0.000402848534377248 8.320205274053859e-08 0 7.859092147899615e-08 3.783522041500564e-08 0 0.0001646273368589857 2.824033328713282e-08 0 8.703734802471828e-05 4.189991532205228e-08 0 -9.463813919510788e-05 4.072221425344136e-08 0 -7.082719559756144e-05 5.12444024644565e-08 0 0.0003477794474046197 7.764581876762433e-08 0 0.001397422092978106 -4.902918684726586e-07 0 -0.000111611156176486 8.593472809736991e-08 0 -0.0004028047564670345 7.853253534972902e-08 0 1.141602866544546e-07 2.916575255612619e-08 0 0.000164643525598529 1.023063329885776e-08 0 8.702710382060828e-05 3.222611988373813e-08 0 -9.465010275300223e-05 4.051190906351199e-08 0 -7.082265317703838e-05 4.957832310664712e-08 0 0.0003477832055084756 7.054720434912509e-08 0 0.001396754757720692 -5.8440106540103e-07 0 -0.0001116764272726251 9.150055086531993e-08 0 -0.0004027548564459332 8.914956944189312e-08 0 1.436431124046701e-07 3.930948280772562e-08 0 0.0001646418069691791 9.400153544447674e-09 0 8.702611984155727e-05 1.653297282411259e-08 0 -9.466523625030476e-05 3.736979241331095e-08 0 -7.082579031332524e-05 4.665299855460825e-08 0 0.0003477812219657428 6.233795443039147e-08 0 0.001396183316453248 -6.995154208377928e-07 0 -0.0001117594076734119 8.835959280917292e-08 0 -0.0004027000500333582 1.107867710486987e-07 0 1.6331490207411e-07 6.03426801998319e-08 0 0.0001646156854408776 2.553378663366912e-08 0 8.70057814552072e-05 1.245864575394329e-08 0 -9.466813134169361e-05 2.883607837927959e-08 0 -7.083044426474393e-05 4.152359870529532e-08 0 0.0003477861319432923 5.387925414157557e-08 0 0.001395540212537988 -8.235309325171912e-07 0 -0.0001118609590390202 6.560448292947108e-08 0 -0.0004026482632898814 1.279463095194e-07 0 1.799282925568659e-07 6.908802725053008e-08 0 0.000164582891164583 3.07068445531966e-08 0 8.695914006377757e-05 2.197078951410303e-08 0 -9.46714235666446e-05 1.982636037983765e-08 0 -7.082260555894836e-05 3.401537749386785e-08 0 0.0003478016127066302 4.613929883989786e-08 0 0.001394510766533005 -9.171631150037273e-07 0 -0.0001119983925295387 3.746623257472326e-08 0 -0.0004025978521298434 1.366445599101928e-07 0 2.276026694475488e-07 3.78188657057521e-08 0 0.0001645763073911261 5.982076264898769e-09 0 8.689122305609308e-05 2.537870241736684e-08 0 -9.469815462798126e-05 2.237244303010532e-08 0 -7.081251969558165e-05 2.877633725056894e-08 0 0.0003478175753471452 4.679558653075677e-08 0 0.001392626200411764 -8.635882766810931e-07 0 -0.0001122199622172332 4.514707205999224e-08 0 -0.0004025270585040485 1.159858736068941e-07 0 3.227984189946322e-07 -3.732281014801053e-08 0 0.0001646595892215302 -7.514236956274177e-08 0 8.682249573353783e-05 1.176780955319811e-08 0 -9.475076557834139e-05 3.352309341925207e-08 0 -7.082038896438768e-05 3.368588805119365e-08 0 0.0003478182543179137 5.754035900529252e-08 0 0.001389856167675438 -5.423937276399781e-07 0 -0.0001124179952305127 5.856420281363794e-08 0 -0.0004024300260855734 8.778169079820539e-08 0 4.000636591033915e-07 -8.454819602071728e-08 0 0.0001647847826099919 -1.794874390642631e-07 0 8.684924312309104e-05 -4.88332991752105e-08 0 -9.482637569882546e-05 4.426507270449686e-08 0 -7.085215058051651e-05 5.304499101077553e-08 0 0.0003477938336122199 8.984271551715216e-08 0 0.001386967770944741 1.777160923005504e-07 0 -0.0001123853558863963 4.028404457928625e-08 0 -0.0004023684550729655 1.297915611028766e-07 0 3.892222631002331e-07 -2.315262991742228e-08 0 0.00016474323315957 -1.73700639254093e-07 0 8.695766380260871e-05 -1.431698049836338e-07 0 -9.488465659317213e-05 4.566157113528035e-08 0 -7.090643380300297e-05 8.478829326835634e-08 0 0.0003477673110182516 1.420145075634038e-07 0 0.001384083107603531 1.274784255302086e-06 0 -0.0001123147390856144 -2.154535472947971e-08 0 -0.0004023044450091051 2.247265666957543e-07 0 4.503471212335988e-07 1.422304788389894e-07 0 0.0001645637195340083 -3.540524191880667e-08 0 8.691964254398109e-05 -1.585408102369734e-07 0 -9.482846191080641e-05 1.532916740071277e-08 0 -7.092999824245826e-05 1.216398742426295e-07 0 0.0003478387195176569 1.919184160897869e-07 0 0.001378967578182122 1.714078730341573e-06 0 -0.0001125431756118372 -1.406174369930624e-07 0 -0.0004020289807645793 3.174324225974079e-07 0 7.768792993079224e-07 3.18346381367185e-07 0 0.0001645925341786786 1.556360190724249e-07 0 8.671416120442642e-05 -7.283648299077904e-08 0 -9.473837760870518e-05 -2.032877283175694e-08 0 -7.083318299856699e-05 1.423572505085402e-07 0 0.0003480324359615011 2.325511708339834e-07 0 0.001370668679738507 3.786455562149183e-07 0 -0.0001131650856677074 -1.151966982707031e-07 0 -0.0004016569410953407 3.713465082794131e-07 0 1.298360720089489e-06 3.582771498505943e-07 0 0.0001649373816349775 3.099442006035402e-07 0 8.662272899799538e-05 6.219473507734774e-08 0 -9.481146174405986e-05 1.852645883926329e-10 0 -7.068435595328214e-05 1.513366317748566e-07 0 0.0003482326695964655 2.423273201893061e-07 0 0.001361379383120809 -4.037803698363206e-06 0 -0.0001142994725065183 2.526310642902984e-07 0 -0.0004015002064079037 2.802890478950659e-07 0 1.728067254833101e-06 1.787436623712501e-07 0 0.0001655119645838504 2.565426990147612e-07 0 8.67518039913001e-05 1.960949620391506e-07 0 -9.493971253475564e-05 5.262119367327456e-08 0 -7.065602335877551e-05 1.682404994762798e-07 0 0.000348335213666312 2.177684640600197e-07 0 0.001355710521785611 -1.155423542244238e-05 0 -0.000115188082217596 1.09500945043306e-06 0 -0.0004013481806820207 1.560577921125294e-07 0 1.615660333964544e-06 -8.4195331984116e-08 0 0.0001659380298859453 3.87581626237754e-08 0 8.723109563871233e-05 1.945057032728958e-07 0 -9.495322394216521e-05 9.343054834659581e-08 0 -7.070757879602817e-05 1.593453638065734e-07 0 0.0003482990419614029 1.163941304033189e-07 0 0.001356474507168512 -1.873486790762019e-05 0 -0.000114164704476255 2.417534101420426e-06 0 -0.0004014495273532009 2.331178567335779e-07 0 8.525817928872772e-07 -1.748581386976089e-07 0 0.0001652435984968448 -1.81125733994536e-08 0 8.785775134130534e-05 7.627734482928972e-08 0 -9.475993539626026e-05 9.32632557293367e-08 0 -7.072742033988054e-05 8.470438895430424e-08 0 0.0003482194379898634 -1.0523406076407e-07 0 0.001358035952821787 -2.149181291061924e-05 0 -0.0001133623788179827 3.351306085780381e-06 0 -0.0004011425327646589 5.847967431069078e-07 0 9.537248688573662e-07 -1.33590017013796e-07 0 0.0001638886333966555 5.137322209303185e-08 0 8.735177063233511e-05 1.622209398755015e-07 0 -9.416027638713131e-05 -4.398719714165942e-08 0 -7.054923536789491e-05 -1.112237005274075e-07 0 0.0003483630089810841 -5.770699378279675e-07 0 0.001349068196478745 -2.159213541739341e-05 0 -0.0001168706607841269 2.809047905359685e-06 0 -0.000398286008569143 1.199742139697257e-06 0 3.458932247096815e-06 -1.512280374954544e-07 0 0.0001643988556045972 -2.351460472102551e-07 0 8.574122500447366e-05 4.474889404790239e-07 0 -9.370602281119633e-05 -1.694459239379164e-07 0 -6.996007738994946e-05 -4.752008452915678e-07 0 0.0003487458622260103 -1.243541051944297e-06 0 0.001332400758034313 -2.657586732304068e-05 0 -0.0001236683493112956 8.944005215061336e-07 0 -0.0003952215580564077 1.71997113936756e-06 0 5.921591693894281e-06 -4.26088394289703e-07 0 0.0001666132417135896 -9.929798561181258e-07 0 8.517393953925977e-05 2.740117825208998e-07 0 -9.448289926772269e-05 2.494149682619185e-08 0 -6.945654821455259e-05 -8.342217248449856e-07 0 0.0003487355679189924 -1.715476511447711e-06 0 0.001325012262372818 -4.837894107588558e-05 0 -0.0001299135442213994 -2.119007737104439e-06 0 -0.0003970742818760059 1.567823725318051e-06 0 4.63324005631205e-06 -1.013454915356482e-06 0 0.0001668977648549702 -2.000889292114172e-06 0 8.599468678852083e-05 -5.034343864909752e-07 0 -9.573381303981665e-05 2.202409522811255e-07 0 -6.993860444930165e-05 -8.215597063418456e-07 0 0.0003480194999040676 -1.76788189337751e-06 0 0.001364899416860882 -9.960142650727864e-05 0 -0.0001353601249218656 -3.769689660197694e-06 0 -0.00040173354090893 7.846975942291111e-07 0 5.273522924453844e-07 -1.55901732841468e-06 0 0.0001644500037540353 -2.757387330326599e-06 0 8.598967987835658e-05 -1.643931894119988e-06 0 -9.59657036886663e-05 9.74637747591655e-09 0 -7.1061281094964e-05 -5.689984698409312e-07 0 0.000347012915825104 -1.188241333542617e-06 0 0.001478716001279134 -0.0001690255466694074 0 -0.0001362033299360937 -2.47095893038396e-07 0 -0.0004044712882139145 -2.57870320909126e-07 0 -2.453370141611286e-06 -1.733011806691331e-06 0 0.00016107677902856 -2.286990333826011e-06 0 8.44293957288078e-05 -2.714687345264921e-06 0 -9.602547673416562e-05 -5.298929375355254e-07 0 -7.175323773034313e-05 -3.877769378449192e-07 0 0.0003461178773326024 -4.071480486853018e-07 0 0.001595973715903628 -0.0002069105931135975 0 -0.0001317259486476735 3.165706136933066e-06 0 -0.0004034125376933261 -1.747977127070088e-07 0 -9.300940601447677e-07 -1.457061048593111e-06 0 0.0001588713627349164 -1.167616163803842e-06 0 8.110086238261037e-05 -2.102052793051534e-06 0 -9.665317395159134e-05 -1.381004118103379e-06 0 -7.213238355398276e-05 -3.163310436024581e-07 0 0.0003458532030066602 -1.308661165613788e-07 0 0.001603658128310578 -0.0001934532483733112 0 -0.0001331175613606961 -3.427478690726237e-07 0 -0.000392983440578698 2.997143175829941e-06 0 5.71741210365906e-06 -9.214456902842393e-07 0 0.0001618370514428757 -2.56621481253827e-06 0 7.698495075965371e-05 -1.303210959147094e-07 0 -9.853078160818041e-05 -1.454084506337383e-06 0 -7.240297157100338e-05 -6.316015150331645e-07 0 0.0003459707968799103 -2.256696996563723e-07 0 0.001473856785111749 -0.0001543637078653959 0 -0.000139208239499311 -1.851351194610828e-05 0 -0.0003793175852340874 8.915435873523002e-06 0 1.135160083240439e-05 2.871135389444223e-06 0 0.000167320318173153 -5.860223463841074e-06 0 7.72127566930486e-05 -1.500944401593151e-06 0 -0.0001026243419675332 7.182486428392029e-07 0 -7.301234307276193e-05 -1.621372129612132e-08 0 0.0003459661620137527 8.933930335242033e-07 0 0.001261741705108302 -0.0001073937210096104 0 -0.0001454666424459128 -5.844716453914238e-05 0 -0.000381159142162149 1.542474519700132e-05 0 9.145616710615203e-06 1.272676000892841e-05 0 0.0001633001407297663 -3.930467770751899e-06 0 8.169572475398566e-05 -6.888695908507936e-06 0 -0.0001055573311271041 2.846862612655709e-06 0 -7.475286090700971e-05 3.220317984387043e-06 0 0.0003473710461130153 4.989732379626076e-06 0 0.001036501548154864 -5.799420889705809e-05 0 -0.0001744075855867055 -0.0001042464029812062 0 -0.0003957798380379712 2.027583315702269e-05 0 6.461179849245881e-06 3.027251181508816e-05 0 0.0001508098886683212 5.80824882642772e-06 0 8.052011008247149e-05 -1.064524521091764e-05 0 -0.0001026237686196224 1.485883833744761e-06 0 -7.514686827708726e-05 7.827438936777729e-06 0 0.0003534113683203582 1.238796323338454e-05 0 0.000864867373712802 -1.287066440198992e-05 0 -0.0002386419986831895 -0.0001270577127013561 0 -0.000412647461577334 1.947640656685401e-05 0 1.885878679079578e-05 5.473988505518001e-05 0 0.0001455264635317615 2.833059937965704e-05 0 7.229025605326454e-05 -9.814451618482545e-06 0 -9.774499901786526e-05 -2.900103879974191e-06 0 -7.059164839146037e-05 1.111170156468943e-05 0 0.0003655840419496126 2.101352807191286e-05 0 0.0007676167525465515 1.441865865487585e-05 0 -0.0003295206718661597 -0.0001190389889689711 0 -0.0004444126218718091 1.4706144815399e-05 0 3.381643827433944e-05 7.738727824904701e-05 0 0.0001521213275053196 5.976377208985473e-05 0 6.47274213261828e-05 3.756700268309209e-06 0 -9.760828682109368e-05 -8.309654551535982e-06 0 -6.374674011272451e-05 1.145214989923399e-05 0 0.0003818494858609245 2.789732097393388e-05 0 0.0006768459130690878 2.519650948406421e-05 0 -0.0004311548643618628 -8.284398698755328e-05 0 -0.0004940222868669157 1.159480154810238e-05 0 2.150909021170211e-05 8.615037274276038e-05 0 0.0001609688848993734 7.824121330968907e-05 0 6.079091053839969e-05 2.789696630697142e-05 0 -0.0001046621248136925 -9.576393159536898e-06 0 -6.039480534802966e-05 7.619970221993399e-06 0 0.0003922871087698732 3.066947001669623e-05 0 -0.0005561830853289955 1.289957814736703e-05 0 -2.730165066763823e-05 8.131673973751224e-05 0 0.000163587524008052 7.834671739742614e-05 0 6.821507975961204e-05 4.390764354528925e-05 0 -0.0001193508504685331 -2.185059454193338e-06 0 -6.684305369064612e-05 2.720214904876339e-06 0 0.0003854799253926178 3.10692972919635e-05 0 -0.0001097782297514033 7.017310655007408e-05 0 0.0001371048207169517 6.28192490783122e-05 0 8.846209658563974e-05 4.514195247321689e-05 0 -0.0001301543813985867 8.316864788845966e-06 0 -8.646583045644751e-05 1.988738899137698e-06 0 0.0003601008425077046 3.200391478259956e-05 0 8.745583972018244e-05 3.867261741617028e-05 0 0.0001107027656160608 2.800693496943923e-05 0 -0.0001203748708346886 1.245994517561077e-05 0 -0.0001069989030781371 3.152981682928712e-06 0 0.0003224772074908178 3.334303036910125e-05 0 0.0001264075928630315 -1.227458846876644e-06 0 -7.449935114436923e-05 4.502614417263572e-06 0 -0.0001084204761255536 2.478586111590019e-06 0 0.0002954407735804437 3.336852169109894e-05 0 1.114313619406116e-05 -1.916147428643322e-05 0 -6.591051239769607e-05 -3.581016121960434e-06 0 0.0002985392059435821 2.931926943071372e-05 0 3.870976057064602e-05 -1.948258183743362e-05 0 0.0003618152136141 1.790406773667652e-05 0 0.0004272471512063447 3.669894153797424e-06 0 </DataArray>
      </PointData>
    </Piece>
  </UnstructuredGrid>
</VTKFile>
