t,u_L2,p_L2,solid_force_L2,volume,inlet_scale,tip_dx,tip_dy,cyl_dx,cyl_dy,max_u,umax_x,umax_y,elapsed_s
0.00000000e+00,0.0000000000e+00,0.0000000000e+00,2.2510779455e+05,1.4813708356e+02,0.0000000000e+00,0.0000000000e+00,0.0000000000e+00,0.0000000000e+00,0.0000000000e+00,0.0000000000e+00,0.0000,0.0000,1.032
1.00000000e-02,4.0551030311e+02,3.2902011385e+11,2.2511145733e+05,1.4813739178e+02,1.9732715717e-01,6.3955274778e-04,-3.8699355187e-07,1.6713070234e-04,-3.2449038174e-07,3.8878210780e-01,18.5000,26.5000,32.449
2.00000000e-02,6.5471137373e+03,1.3391728432e+12,2.2512152489e+05,1.4813859524e+02,7.8852986855e-01,2.6859548574e-03,-2.6360891207e-06,4.4326539280e-04,-4.9661541688e-07,1.6260759414e+00,18.5000,26.5000,71.311
3.00000000e-02,3.3222920236e+04,3.0144087122e+12,2.2512669182e+05,1.4813924489e+02,1.7712749271e+00,3.6635776690e-03,-2.0631679221e-05,6.4125876858e-04,-6.6770663620e-07,3.6177827098e+00,18.5000,26.5000,112.091
4.00000000e-02,1.0465352989e+05,5.3502000397e+12,2.2513347912e+05,1.4814016998e+02,3.1416838871e+00,4.9880417731e-03,-5.3108754913e-05,8.6910114460e-04,-5.3291552334e-07,6.2360755101e+00,18.5000,26.5000,151.847
5.00000000e-02,2.5455388932e+05,8.3318494583e+12,2.2514339923e+05,1.4814161433e+02,4.8943483705e+00,7.0040433218e-03,-9.7609086370e-05,1.1487705557e-03,-7.9206067247e-07,9.4398872898e+00,18.5000,26.5000,193.976
6.00000000e-02,5.2496411699e+05,1.1890010842e+13,2.2514955540e+05,1.4814265063e+02,7.0223514112e+00,8.2014037225e-03,-1.8231329508e-04,1.3689287611e-03,-1.0125348836e-06,1.3202710911e+01,18.5000,13.0000,230.803
7.00000000e-02,9.6542592343e+05,1.6004515087e+13,2.2515780963e+05,1.4814400082e+02,9.5172947534e+00,9.8621680923e-03,-3.2908745377e-04,1.6265977458e-03,-8.5081420553e-07,1.7817245232e+01,18.0000,13.0000,273.333
8.00000000e-02,1.6330747918e+06,2.0615331718e+13,2.2516706630e+05,1.4814552925e+02,1.2369331996e+01,1.1759507762e-02,-5.3495203003e-04,1.9017667009e-03,-1.0857678738e-06,2.3053560947e+01,18.0000,13.0000,309.583
9.00000000e-02,2.5898678055e+06,2.5627766811e+13,2.2517374899e+05,1.4814672895e+02,1.5567207450e+01,1.3110557063e-02,-8.1748106844e-04,2.1366926118e-03,-1.6068960807e-06,2.8867592776e+01,18.0000,13.0000,348.373
1.00000000e-01,3.9023688228e+06,3.1002259956e+13,2.2518228459e+05,1.4814814988e+02,1.9098300563e+01,1.4886272641e-02,-1.1896215951e-03,2.4034393239e-03,-1.7222152551e-06,3.5232463882e+01,18.0000,13.0000,382.196
1.10000000e-01,5.6411497386e+06,3.6642671608e+13,2.2519057632e+05,1.4814952118e+02,2.2948675722e+01,1.6636563926e-02,-1.6487725592e-03,2.6662444477e-03,-1.8514432337e-06,4.2278385325e+01,19.0000,12.5000,420.640
1.20000000e-01,7.8771230680e+06,4.2448098490e+13,2.2519725031e+05,1.4815063497e+02,2.7103137258e+01,1.8060715096e-02,-2.2081142360e-03,2.9035309438e-03,-2.0725776042e-06,4.9877052494e+01,19.0000,12.5000,452.860
1.30000000e-01,1.0682224412e+07,4.8360695653e+13,2.2520521944e+05,1.4815186362e+02,3.1545289407e+01,1.9799242446e-02,-2.8968277655e-03,3.1627844181e-03,-2.0908747858e-06,5.7992048762e+01,19.0000,12.5000,491.585
1.40000000e-01,1.4127652506e+07,5.4267002059e+13,2.2521231952e+05,1.4815293162e+02,3.6257601025e+01,2.1383853884e-02,-3.7392741074e-03,3.4082973292e-03,-2.0241515922e-06,6.6630377998e+01,18.5000,12.5000,531.144
1.50000000e-01,1.8280371248e+07,6.0073228727e+13,2.2521845531e+05,1.4815381375e+02,4.1221474771e+01,2.2793056161e-02,-4.7564268788e-03,3.6396977850e-03,-2.0861154810e-06,7.5762497528e+01,18.5000,12.5000,570.943
1.60000000e-01,2.3204400534e+07,6.5710814545e+13,2.2522527988e+05,1.4815472894e+02,4.6417320502e+01,2.4389401185e-02,-5.9703940477e-03,3.8841958119e-03,-2.2587629971e-06,8.5367701700e+01,18.5000,12.5000,628.157
1.70000000e-01,2.8958000065e+07,7.1069144799e+13,2.2523100860e+05,1.4815545079e+02,5.1824632590e+01,2.5784834982e-02,-7.3997959367e-03,4.1131183248e-03,-2.4142468470e-06,9.5439323494e+01,18.5000,12.5000,694.092
1.80000000e-01,3.5591193939e+07,7.6070954702e+13,2.2523615693e+05,1.4815604796e+02,5.7422070843e+01,2.7090556202e-02,-9.0462988735e-03,4.3363236554e-03,-2.5367589911e-06,1.0596888223e+02,18.5000,12.5000,754.844
1.90000000e-01,4.3147184158e+07,8.0648771829e+13,2.2524146804e+05,1.4815662125e+02,6.3187544732e+01,2.8463947920e-02,-1.0912811303e-02,4.5662307288e-03,-2.7163342009e-06,1.1695072497e+02,18.5000,12.5000,809.748
2.00000000e-01,5.1659035148e+07,8.4711677365e+13,2.2524566673e+05,1.4815699432e+02,6.9098300563e+01,2.9635795731e-02,-1.3017014478e-02,4.7827418429e-03,-2.7024328047e-06,1.2837647677e+02,18.5000,12.5000,867.982
2.10000000e-01,6.1148612180e+07,8.8206993013e+13,2.2524944115e+05,1.4815729440e+02,7.5131011284e+01,3.0762852885e-02,-1.5360181233e-02,4.9993561290e-03,-2.3855730678e-06,1.4023590880e+02,18.5000,12.5000,928.758
2.20000000e-01,7.1627733724e+07,9.1081495658e+13,2.2525295346e+05,1.4815758200e+02,8.1261868541e+01,3.1819656546e-02,-1.7932514866e-02,5.2189428723e-03,-2.2716117635e-06,1.5259203240e+02,18.5000,27.5000,982.988
2.30000000e-01,8.3095055782e+07,9.3274684250e+13,2.2525541507e+05,1.4815767021e+02,8.7466676644e+01,3.2663122090e-02,-2.0767514702e-02,5.4282744103e-03,-2.1273578350e-06,1.6543150613e+02,18.5000,27.5000,1016.516
2.40000000e-01,9.5536479091e+07,9.4770925589e+13,2.2525742905e+05,1.4815780351e+02,9.3720948047e+01,3.3589607547e-02,-2.3848610555e-02,5.6434888978e-03,-1.5209883923e-06,1.7878264447e+02,18.0000,27.0000,1053.370
2.50000000e-01,1.0892580223e+08,9.5545142259e+13,2.2525874638e+05,1.4815819660e+02,1.0000000000e+02,3.4281657868e-02,-2.7063869300e-02,5.8581171794e-03,-2.5168601601e-06,1.9309559380e+02,18.0000,27.0000,1093.458
2.60000000e-01,1.2322356106e+08,9.5550464550e+13,2.2525888490e+05,1.4815791294e+02,1.0627905195e+02,3.4518867937e-02,-3.0524373537e-02,6.0467648762e-03,-3.5069591846e-06,2.0821116675e+02,18.0000,27.0000,1129.281
2.70000000e-01,1.3837693680e+08,9.4841277848e+13,2.2525806966e+05,1.4815710528e+02,1.1253332336e+02,3.5282495361e-02,-3.4304082788e-02,6.2477445002e-03,3.6714930164e-06,2.2428231160e+02,18.0000,27.0000,1162.620
2.80000000e-01,1.5432420866e+08,9.3524528939e+13,2.2525595720e+05,1.4815880039e+02,1.1873813146e+02,3.5299160788e-02,-3.7875382973e-02,6.4957734657e-03,4.8110263430e-06,2.4112904110e+02,18.0000,27.0000,1201.987
2.90000000e-01,1.7100023844e+08,9.1560078450e+13,2.2525516987e+05,1.4816038936e+02,1.2486898872e+02,3.3536446229e-02,-4.1567796804e-02,6.7109322042e-03,-1.5013892526e-05,2.5879961110e+02,18.0000,27.0000,1237.773
3.00000000e-01,1.8831886249e+08,8.9228771623e+13,2.2525961141e+05,1.4815579247e+02,1.3090169944e+02,3.6371960442e-02,-4.5647483470e-02,6.9968487687e-03,1.2684917773e-06,2.7696445150e+02,18.5000,27.0000,1276.080
3.10000000e-01,2.0625148680e+08,8.7203352792e+13,2.2526121310e+05,1.4815670016e+02,1.3681245527e+02,3.8410092661e-02,-4.7182949697e-02,7.5545619123e-03,3.7084802238e-05,2.9453575597e+02,18.5000,27.0000,1312.403
3.20000000e-01,2.2480575894e+08,8.5953672574e+13,2.2522449330e+05,1.4816141475e+02,1.4257792916e+02,2.0055003953e-02,-4.5009421251e-02,7.5931248545e-03,-3.8929991346e-05,3.1096480607e+02,18.5000,27.0000,1345.659
3.30000000e-01,2.4339929743e+08,8.2907895436e+13,2.2511278510e+05,1.4811507561e+02,1.4817536741e+02,-2.4535399000e-03,-4.4021916884e-02,6.9456885187e-03,-3.1774468399e-05,3.2918363010e+02,18.5000,27.0000,1380.150
3.40000000e-01,2.6200477865e+08,7.9213651991e+13,2.2502662327e+05,1.4807420448e+02,1.5358267950e+02,-2.0098070280e-02,-3.4329638922e-02,7.4689471881e-03,8.9944856557e-05,3.4241450431e+02,18.5000,27.0000,1413.164
3.50000000e-01,2.8101400993e+08,7.8189871064e+13,2.2501171849e+05,1.4804147037e+02,1.5877852523e+02,-4.2816483339e-02,-2.2663120232e-02,8.1733145047e-03,1.6249153115e-04,3.8882864403e+02,50.0000,21.5000,1452.523
3.60000000e-01,2.9995609479e+08,7.7152900625e+13,2.2485599298e+05,1.4800689400e+02,1.6374239897e+02,-6.5800578997e-02,-1.0328345035e-02,7.8113761406e-03,3.9987803699e-04,3.7402432564e+02,18.5000,27.0000,1490.275
3.70000000e-01,3.1779492856e+08,7.0419759519e+13,2.2471466078e+05,1.4802613894e+02,1.6845471059e+02,-8.8117836176e-02,8.9176714385e-03,6.3438471414e-03,3.1868306013e-04,3.8403947818e+02,18.5000,27.0000,1523.738
3.80000000e-01,3.3521839193e+08,6.3147946415e+13,2.2476265367e+05,1.4805829352e+02,1.7289686274e+02,-7.2887575524e-02,-1.0910473400e-02,8.0360612026e-03,-6.8216838484e-04,3.9855778771e+02,18.5000,27.0000,1560.640
3.90000000e-01,3.5211057745e+08,5.4913627698e+13,2.2472814199e+05,1.4806906213e+02,1.7705132428e+02,-7.6075395797e-02,-2.9886917684e-02,7.2655519681e-03,-8.2537585069e-04,4.1110408732e+02,18.5000,27.0000,1599.499
4.00000000e-01,3.6835100000e+08,4.6526681515e+13,2.2484593562e+05,1.4808102990e+02,1.8090169944e+02,-5.7926946848e-02,-5.7311087065e-02,8.5559653250e-03,-7.0178914235e-04,4.1921156664e+02,18.5000,27.0000,1637.513
4.10000000e-01,3.8409337070e+08,3.9443812365e+13,2.2488536032e+05,1.4808684646e+02,1.8443279255e+02,-5.2165042139e-02,-2.0527642086e-02,9.1149206600e-03,-4.9559475129e-04,4.3109689915e+02,18.5000,27.0000,1674.470
4.20000000e-01,3.9849322954e+08,3.3115938615e+13,2.2488021886e+05,1.4810925789e+02,1.8763066800e+02,-6.7290047302e-02,8.6675563407e-03,7.7990520472e-03,-1.5328186532e-04,4.3788041149e+02,18.5000,27.0000,1715.154
4.30000000e-01,4.1202667116e+08,3.1061825825e+13,2.2505471716e+05,1.4814914704e+02,1.9048270525e+02,-2.8567186785e-02,5.1067178961e-03,9.6021996021e-03,2.8933485260e-04,4.4647399337e+02,18.5000,27.0000,1750.091
4.40000000e-01,4.2458277510e+08,2.8042495160e+13,2.2502801754e+05,1.4817499134e+02,1.9297764859e+02,-4.1173199286e-02,1.9734223414e-02,8.3652724918e-03,6.8662137954e-04,4.5398312791e+02,18.5000,27.0000,1781.968
4.50000000e-01,4.3565204560e+08,2.7713464901e+13,2.2495648316e+05,1.4816916556e+02,1.9510565163e+02,-5.7396713180e-02,1.8788696312e-02,7.6330316863e-03,8.8172090260e-04,4.5887755854e+02,18.5000,27.0000,1814.617
4.60000000e-01,4.4557393594e+08,3.0130765722e+13,2.2485153600e+05,1.4817045975e+02,1.9685831611e+02,-7.4207572888e-02,3.9273894743e-02,7.9676734855e-03,1.4346108763e-03,4.6382083968e+02,18.5000,27.0000,1852.690
4.70000000e-01,4.5282336132e+08,1.6515265045e+13,2.2472869737e+05,1.4811803820e+02,1.9822872507e+02,-1.0006982013e-01,7.2637807722e-02,6.0021719617e-03,1.1616761720e-03,4.7061291590e+02,18.5000,27.0000,1887.670
4.80000000e-01,4.5855205833e+08,1.5835857399e+13,2.2500947593e+05,1.4812916524e+02,1.9921147013e+02,-3.9729112378e-02,9.6650283868e-02,9.8188652395e-03,1.0306868215e-03,4.7117727393e+02,18.5000,27.0000,1924.543
4.90000000e-01,4.6321916396e+08,8.8944729600e+12,2.2502339705e+05,1.4813740433e+02,1.9980267284e+02,-2.1681286209e-02,1.5445137986e-01,9.2888637481e-03,2.0768852281e-04,4.7014545760e+02,18.5000,27.0000,1955.840
5.00000000e-01,4.6585680281e+08,7.0479674285e+12,2.2491830521e+05,1.4814279949e+02,2.0000000000e+02,-4.2618349128e-02,2.1654141266e-01,7.3849825468e-03,1.3983059566e-05,4.7149373962e+02,18.5000,27.0000,1992.269
5.10000000e-01,4.6764834444e+08,7.6365667519e+12,2.2498560620e+05,1.4816828927e+02,2.0000000000e+02,-1.6764143138e-02,2.4070347032e-01,8.5566710592e-03,3.9492721374e-06,4.7061073999e+02,18.5000,27.0000,2025.276
5.20000000e-01,4.6968427881e+08,7.0264926095e+12,2.2491306917e+05,1.4816883554e+02,2.0000000000e+02,-2.5938016850e-02,3.1160546770e-01,7.7843564615e-03,4.6124872212e-04,4.6975488298e+02,19.0000,27.5000,2057.340
5.30000000e-01,4.7125859416e+08,7.1929529437e+12,2.2482049790e+05,1.4816578235e+02,2.0000000000e+02,-3.5231556115e-02,3.3981344671e-01,7.2058095213e-03,1.3383407501e-04,4.6893705880e+02,19.0000,27.5000,2090.544
5.40000000e-01,4.7297394418e+08,7.4182685856e+12,2.2479522583e+05,1.4818123723e+02,2.0000000000e+02,-2.2942558235e-02,2.6497832365e-01,8.1472745821e-03,1.1564186126e-03,4.6797940254e+02,19.0000,27.5000,2122.648
5.50000000e-01,4.7460538542e+08,9.7767238082e+12,2.2464721770e+05,1.4818723411e+02,2.0000000000e+02,-3.2674108003e-02,1.0704142558e-01,6.9390736385e-03,1.7052623479e-03,4.6797855715e+02,19.0000,27.5000,2156.390
5.60000000e-01,4.7660853083e+08,3.0355268532e+13,2.2460704315e+05,1.4818153798e+02,2.0000000000e+02,-1.9701266384e-02,-6.5178124826e-02,7.8213703924e-03,1.3870517814e-03,5.2004970261e+02,44.0000,22.0000,2198.984
5.70000000e-01,4.8601955408e+08,4.1626921204e+14,2.2441035373e+05,1.4799644683e+02,2.0000000000e+02,-2.5499701111e-02,-1.8208994493e-01,6.8290350269e-03,7.2189629487e-04,1.3947167822e+03,44.0000,22.0000,2234.633
5.80000000e-01,5.2446367136e+08,6.0536461449e+14,2.2323121980e+05,1.4708831094e+02,2.0000000000e+02,-2.8132604323e-01,-2.7680283054e-01,-6.0414175310e-03,6.3627405118e-03,4.1669909598e+03,44.0000,18.0000,2268.809
5.90000000e-01,3.5092650357e+197,8.3826154348e+205,1.5349194410e+19,5.8146002092e+09,2.0000000000e+02,1.1013943344e+04,1.7768920460e+04,1.0925124715e+03,1.6713991681e+03,9.3301079759e+98,108.5000,1.0000,2303.853
6.00000000e-01,3.5092650357e+197,8.3826154348e+205,1.5349194410e+19,5.8146002092e+09,2.0000000000e+02,1.1013943344e+04,1.7768920460e+04,1.0925124715e+03,1.6713991681e+03,9.3301079759e+98,108.5000,1.0000,2338.421
6.10000000e-01,3.5092650357e+197,8.3826154348e+205,1.5349194410e+19,5.8146002092e+09,2.0000000000e+02,1.1013943344e+04,1.7768920460e+04,1.0925124715e+03,1.6713991681e+03,9.3301079759e+98,108.5000,1.0000,2371.306
6.20000000e-01,3.5092650357e+197,8.3826154348e+205,1.5349194410e+19,5.8146002092e+09,2.0000000000e+02,1.1013943344e+04,1.7768920460e+04,1.0925124715e+03,1.6713991681e+03,9.3301079759e+98,108.5000,1.0000,2403.127
6.30000000e-01,3.5092650357e+197,8.3826154348e+205,1.5349194410e+19,5.8146002092e+09,2.0000000000e+02,1.1013943344e+04,1.7768920460e+04,1.0925124715e+03,1.6713991681e+03,9.3301079759e+98,108.5000,1.0000,2437.486
6.40000000e-01,3.5092650357e+197,8.3826154348e+205,1.5349194410e+19,5.8146002092e+09,2.0000000000e+02,1.1013943344e+04,1.7768920460e+04,1.0925124715e+03,1.6713991681e+03,9.3301079759e+98,108.5000,1.0000,2467.498
6.50000000e-01,3.5092650357e+197,8.3826154348e+205,1.5349194410e+19,5.8146002092e+09,2.0000000000e+02,1.1013943344e+04,1.7768920460e+04,1.0925124715e+03,1.6713991681e+03,9.3301079759e+98,108.5000,1.0000,2503.462
6.60000000e-01,3.5092650357e+197,8.3826154348e+205,1.5349194410e+19,5.8146002092e+09,2.0000000000e+02,1.1013943344e+04,1.7768920460e+04,1.0925124715e+03,1.6713991681e+03,9.3301079759e+98,108.5000,1.0000,2535.165
6.70000000e-01,3.5092650357e+197,8.3826154348e+205,1.5349194410e+19,5.8146002092e+09,2.0000000000e+02,1.1013943344e+04,1.7768920460e+04,1.0925124715e+03,1.6713991681e+03,9.3301079759e+98,108.5000,1.0000,2565.688
6.80000000e-01,3.5092650357e+197,8.3826154348e+205,1.5349194410e+19,5.8146002092e+09,2.0000000000e+02,1.1013943344e+04,1.7768920460e+04,1.0925124715e+03,1.6713991681e+03,9.3301079759e+98,108.5000,1.0000,2605.680
6.90000000e-01,3.5092650357e+197,8.3826154348e+205,1.5349194410e+19,5.8146002092e+09,2.0000000000e+02,1.1013943344e+04,1.7768920460e+04,1.0925124715e+03,1.6713991681e+03,9.3301079759e+98,108.5000,1.0000,2641.149
7.00000000e-01,3.5092650357e+197,8.3826154348e+205,1.5349194410e+19,5.8146002092e+09,2.0000000000e+02,1.1013943344e+04,1.7768920460e+04,1.0925124715e+03,1.6713991681e+03,9.3301079759e+98,108.5000,1.0000,2681.310
7.10000000e-01,3.5092650357e+197,8.3826154348e+205,1.5349194410e+19,5.8146002092e+09,2.0000000000e+02,1.1013943344e+04,1.7768920460e+04,1.0925124715e+03,1.6713991681e+03,9.3301079759e+98,108.5000,1.0000,2712.052
7.20000000e-01,3.5092650357e+197,8.3826154348e+205,1.5349194410e+19,5.8146002092e+09,2.0000000000e+02,1.1013943344e+04,1.7768920460e+04,1.0925124715e+03,1.6713991681e+03,9.3301079759e+98,108.5000,1.0000,2749.003
7.30000000e-01,3.5092650357e+197,8.3826154348e+205,1.5349194410e+19,5.8146002092e+09,2.0000000000e+02,1.1013943344e+04,1.7768920460e+04,1.0925124715e+03,1.6713991681e+03,9.3301079759e+98,108.5000,1.0000,2782.675
7.40000000e-01,3.5092650357e+197,8.3826154348e+205,1.5349194410e+19,5.8146002092e+09,2.0000000000e+02,1.1013943344e+04,1.7768920460e+04,1.0925124715e+03,1.6713991681e+03,9.3301079759e+98,108.5000,1.0000,2813.892
7.50000000e-01,3.5092650357e+197,8.3826154348e+205,1.5349194410e+19,5.8146002092e+09,2.0000000000e+02,1.1013943344e+04,1.7768920460e+04,1.0925124715e+03,1.6713991681e+03,9.3301079759e+98,108.5000,1.0000,2857.319
7.60000000e-01,3.5092650357e+197,8.3826154348e+205,1.5349194410e+19,5.8146002092e+09,2.0000000000e+02,1.1013943344e+04,1.7768920460e+04,1.0925124715e+03,1.6713991681e+03,9.3301079759e+98,108.5000,1.0000,2911.133
7.70000000e-01,3.5092650357e+197,8.3826154348e+205,1.5349194410e+19,5.8146002092e+09,2.0000000000e+02,1.1013943344e+04,1.7768920460e+04,1.0925124715e+03,1.6713991681e+03,9.3301079759e+98,108.5000,1.0000,2971.266
7.80000000e-01,3.5092650357e+197,8.3826154348e+205,1.5349194410e+19,5.8146002092e+09,2.0000000000e+02,1.1013943344e+04,1.7768920460e+04,1.0925124715e+03,1.6713991681e+03,9.3301079759e+98,108.5000,1.0000,3030.601
7.90000000e-01,3.5092650357e+197,8.3826154348e+205,1.5349194410e+19,5.8146002092e+09,2.0000000000e+02,1.1013943344e+04,1.7768920460e+04,1.0925124715e+03,1.6713991681e+03,9.3301079759e+98,108.5000,1.0000,3087.952
8.00000000e-01,3.5092650357e+197,8.3826154348e+205,1.5349194410e+19,5.8146002092e+09,2.0000000000e+02,1.1013943344e+04,1.7768920460e+04,1.0925124715e+03,1.6713991681e+03,9.3301079759e+98,108.5000,1.0000,3136.566
8.10000000e-01,3.5092650357e+197,8.3826154348e+205,1.5349194410e+19,5.8146002092e+09,2.0000000000e+02,1.1013943344e+04,1.7768920460e+04,1.0925124715e+03,1.6713991681e+03,9.3301079759e+98,108.5000,1.0000,3185.640
8.20000000e-01,3.5092650357e+197,8.3826154348e+205,1.5349194410e+19,5.8146002092e+09,2.0000000000e+02,1.1013943344e+04,1.7768920460e+04,1.0925124715e+03,1.6713991681e+03,9.3301079759e+98,108.5000,1.0000,3239.353
8.30000000e-01,3.5092650357e+197,8.3826154348e+205,1.5349194410e+19,5.8146002092e+09,2.0000000000e+02,1.1013943344e+04,1.7768920460e+04,1.0925124715e+03,1.6713991681e+03,9.3301079759e+98,108.5000,1.0000,3288.376
8.40000000e-01,3.5092650357e+197,8.3826154348e+205,1.5349194410e+19,5.8146002092e+09,2.0000000000e+02,1.1013943344e+04,1.7768920460e+04,1.0925124715e+03,1.6713991681e+03,9.3301079759e+98,108.5000,1.0000,3326.189
8.50000000e-01,3.5092650357e+197,8.3826154348e+205,1.5349194410e+19,5.8146002092e+09,2.0000000000e+02,1.1013943344e+04,1.7768920460e+04,1.0925124715e+03,1.6713991681e+03,9.3301079759e+98,108.5000,1.0000,3363.740
8.60000000e-01,3.5092650357e+197,8.3826154348e+205,1.5349194410e+19,5.8146002092e+09,2.0000000000e+02,1.1013943344e+04,1.7768920460e+04,1.0925124715e+03,1.6713991681e+03,9.3301079759e+98,108.5000,1.0000,3395.769
8.70000000e-01,3.5092650357e+197,8.3826154348e+205,1.5349194410e+19,5.8146002092e+09,2.0000000000e+02,1.1013943344e+04,1.7768920460e+04,1.0925124715e+03,1.6713991681e+03,9.3301079759e+98,108.5000,1.0000,3429.939
8.80000000e-01,3.5092650357e+197,8.3826154348e+205,1.5349194410e+19,5.8146002092e+09,2.0000000000e+02,1.1013943344e+04,1.7768920460e+04,1.0925124715e+03,1.6713991681e+03,9.3301079759e+98,108.5000,1.0000,3461.921
8.90000000e-01,3.5092650357e+197,8.3826154348e+205,1.5349194410e+19,5.8146002092e+09,2.0000000000e+02,1.1013943344e+04,1.7768920460e+04,1.0925124715e+03,1.6713991681e+03,9.3301079759e+98,108.5000,1.0000,3493.811
9.00000000e-01,3.5092650357e+197,8.3826154348e+205,1.5349194410e+19,5.8146002092e+09,2.0000000000e+02,1.1013943344e+04,1.7768920460e+04,1.0925124715e+03,1.6713991681e+03,9.3301079759e+98,108.5000,1.0000,3534.295
9.10000000e-01,3.5092650357e+197,8.3826154348e+205,1.5349194410e+19,5.8146002092e+09,2.0000000000e+02,1.1013943344e+04,1.7768920460e+04,1.0925124715e+03,1.6713991681e+03,9.3301079759e+98,108.5000,1.0000,3566.013
9.20000000e-01,3.5092650357e+197,8.3826154348e+205,1.5349194410e+19,5.8146002092e+09,2.0000000000e+02,1.1013943344e+04,1.7768920460e+04,1.0925124715e+03,1.6713991681e+03,9.3301079759e+98,108.5000,1.0000,3600.059
9.30000000e-01,3.5092650357e+197,8.3826154348e+205,1.5349194410e+19,5.8146002092e+09,2.0000000000e+02,1.1013943344e+04,1.7768920460e+04,1.0925124715e+03,1.6713991681e+03,9.3301079759e+98,108.5000,1.0000,3639.534
9.40000000e-01,3.5092650357e+197,8.3826154348e+205,1.5349194410e+19,5.8146002092e+09,2.0000000000e+02,1.1013943344e+04,1.7768920460e+04,1.0925124715e+03,1.6713991681e+03,9.3301079759e+98,108.5000,1.0000,3675.081
9.50000000e-01,3.5092650357e+197,8.3826154348e+205,1.5349194410e+19,5.8146002092e+09,2.0000000000e+02,1.1013943344e+04,1.7768920460e+04,1.0925124715e+03,1.6713991681e+03,9.3301079759e+98,108.5000,1.0000,3705.597
9.60000000e-01,3.5092650357e+197,8.3826154348e+205,1.5349194410e+19,5.8146002092e+09,2.0000000000e+02,1.1013943344e+04,1.7768920460e+04,1.0925124715e+03,1.6713991681e+03,9.3301079759e+98,108.5000,1.0000,3739.943
9.70000000e-01,3.5092650357e+197,8.3826154348e+205,1.5349194410e+19,5.8146002092e+09,2.0000000000e+02,1.1013943344e+04,1.7768920460e+04,1.0925124715e+03,1.6713991681e+03,9.3301079759e+98,108.5000,1.0000,3777.538
9.80000000e-01,3.5092650357e+197,8.3826154348e+205,1.5349194410e+19,5.8146002092e+09,2.0000000000e+02,1.1013943344e+04,1.7768920460e+04,1.0925124715e+03,1.6713991681e+03,9.3301079759e+98,108.5000,1.0000,3810.305
9.90000000e-01,3.5092650357e+197,8.3826154348e+205,1.5349194410e+19,5.8146002092e+09,2.0000000000e+02,1.1013943344e+04,1.7768920460e+04,1.0925124715e+03,1.6713991681e+03,9.3301079759e+98,108.5000,1.0000,3843.253
1.00000000e+00,3.5092650357e+197,8.3826154348e+205,1.5349194410e+19,5.8146002092e+09,2.0000000000e+02,1.1013943344e+04,1.7768920460e+04,1.0925124715e+03,1.6713991681e+03,9.3301079759e+98,108.5000,1.0000,3878.635
1.01000000e+00,3.5092650357e+197,8.3826154348e+205,1.5349194410e+19,5.8146002092e+09,2.0000000000e+02,1.1013943344e+04,1.7768920460e+04,1.0925124715e+03,1.6713991681e+03,9.3301079759e+98,108.5000,1.0000,3912.313
1.02000000e+00,3.5092650357e+197,8.3826154348e+205,1.5349194410e+19,5.8146002092e+09,2.0000000000e+02,1.1013943344e+04,1.7768920460e+04,1.0925124715e+03,1.6713991681e+03,9.3301079759e+98,108.5000,1.0000,3943.830
1.03000000e+00,3.5092650357e+197,8.3826154348e+205,1.5349194410e+19,5.8146002092e+09,2.0000000000e+02,1.1013943344e+04,1.7768920460e+04,1.0925124715e+03,1.6713991681e+03,9.3301079759e+98,108.5000,1.0000,3978.760
1.04000000e+00,3.5092650357e+197,8.3826154348e+205,1.5349194410e+19,5.8146002092e+09,2.0000000000e+02,1.1013943344e+04,1.7768920460e+04,1.0925124715e+03,1.6713991681e+03,9.3301079759e+98,108.5000,1.0000,4018.804
1.05000000e+00,3.5092650357e+197,8.3826154348e+205,1.5349194410e+19,5.8146002092e+09,2.0000000000e+02,1.1013943344e+04,1.7768920460e+04,1.0925124715e+03,1.6713991681e+03,9.3301079759e+98,108.5000,1.0000,4052.356
1.06000000e+00,3.5092650357e+197,8.3826154348e+205,1.5349194410e+19,5.8146002092e+09,2.0000000000e+02,1.1013943344e+04,1.7768920460e+04,1.0925124715e+03,1.6713991681e+03,9.3301079759e+98,108.5000,1.0000,4087.357
1.07000000e+00,3.5092650357e+197,8.3826154348e+205,1.5349194410e+19,5.8146002092e+09,2.0000000000e+02,1.1013943344e+04,1.7768920460e+04,1.0925124715e+03,1.6713991681e+03,9.3301079759e+98,108.5000,1.0000,4126.104
1.08000000e+00,3.5092650357e+197,8.3826154348e+205,1.5349194410e+19,5.8146002092e+09,2.0000000000e+02,1.1013943344e+04,1.7768920460e+04,1.0925124715e+03,1.6713991681e+03,9.3301079759e+98,108.5000,1.0000,4162.391
1.09000000e+00,3.5092650357e+197,8.3826154348e+205,1.5349194410e+19,5.8146002092e+09,2.0000000000e+02,1.1013943344e+04,1.7768920460e+04,1.0925124715e+03,1.6713991681e+03,9.3301079759e+98,108.5000,1.0000,4199.894
1.10000000e+00,3.5092650357e+197,8.3826154348e+205,1.5349194410e+19,5.8146002092e+09,2.0000000000e+02,1.1013943344e+04,1.7768920460e+04,1.0925124715e+03,1.6713991681e+03,9.3301079759e+98,108.5000,1.0000,4233.762
1.11000000e+00,3.5092650357e+197,8.3826154348e+205,1.5349194410e+19,5.8146002092e+09,2.0000000000e+02,1.1013943344e+04,1.7768920460e+04,1.0925124715e+03,1.6713991681e+03,9.3301079759e+98,108.5000,1.0000,4269.399
1.12000000e+00,3.5092650357e+197,8.3826154348e+205,1.5349194410e+19,5.8146002092e+09,2.0000000000e+02,1.1013943344e+04,1.7768920460e+04,1.0925124715e+03,1.6713991681e+03,9.3301079759e+98,108.5000,1.0000,4302.504
1.13000000e+00,3.5092650357e+197,8.3826154348e+205,1.5349194410e+19,5.8146002092e+09,2.0000000000e+02,1.1013943344e+04,1.7768920460e+04,1.0925124715e+03,1.6713991681e+03,9.3301079759e+98,108.5000,1.0000,4339.595
1.14000000e+00,3.5092650357e+197,8.3826154348e+205,1.5349194410e+19,5.8146002092e+09,2.0000000000e+02,1.1013943344e+04,1.7768920460e+04,1.0925124715e+03,1.6713991681e+03,9.3301079759e+98,108.5000,1.0000,4374.597
1.15000000e+00,3.5092650357e+197,8.3826154348e+205,1.5349194410e+19,5.8146002092e+09,2.0000000000e+02,1.1013943344e+04,1.7768920460e+04,1.0925124715e+03,1.6713991681e+03,9.3301079759e+98,108.5000,1.0000,4410.450
1.16000000e+00,3.5092650357e+197,8.3826154348e+205,1.5349194410e+19,5.8146002092e+09,2.0000000000e+02,1.1013943344e+04,1.7768920460e+04,1.0925124715e+03,1.6713991681e+03,9.3301079759e+98,108.5000,1.0000,4441.273
1.17000000e+00,3.5092650357e+197,8.3826154348e+205,1.5349194410e+19,5.8146002092e+09,2.0000000000e+02,1.1013943344e+04,1.7768920460e+04,1.0925124715e+03,1.6713991681e+03,9.3301079759e+98,108.5000,1.0000,4471.707
1.18000000e+00,3.5092650357e+197,8.3826154348e+205,1.5349194410e+19,5.8146002092e+09,2.0000000000e+02,1.1013943344e+04,1.7768920460e+04,1.0925124715e+03,1.6713991681e+03,9.3301079759e+98,108.5000,1.0000,4502.550
1.19000000e+00,3.5092650357e+197,8.3826154348e+205,1.5349194410e+19,5.8146002092e+09,2.0000000000e+02,1.1013943344e+04,1.7768920460e+04,1.0925124715e+03,1.6713991681e+03,9.3301079759e+98,108.5000,1.0000,4539.527
1.20000000e+00,3.5092650357e+197,8.3826154348e+205,1.5349194410e+19,5.8146002092e+09,2.0000000000e+02,1.1013943344e+04,1.7768920460e+04,1.0925124715e+03,1.6713991681e+03,9.3301079759e+98,108.5000,1.0000,4581.519
1.21000000e+00,3.5092650357e+197,8.3826154348e+205,1.5349194410e+19,5.8146002092e+09,2.0000000000e+02,1.1013943344e+04,1.7768920460e+04,1.0925124715e+03,1.6713991681e+03,9.3301079759e+98,108.5000,1.0000,4622.208
1.22000000e+00,3.5092650357e+197,8.3826154348e+205,1.5349194410e+19,5.8146002092e+09,2.0000000000e+02,1.1013943344e+04,1.7768920460e+04,1.0925124715e+03,1.6713991681e+03,9.3301079759e+98,108.5000,1.0000,4655.500
1.23000000e+00,3.5092650357e+197,8.3826154348e+205,1.5349194410e+19,5.8146002092e+09,2.0000000000e+02,1.1013943344e+04,1.7768920460e+04,1.0925124715e+03,1.6713991681e+03,9.3301079759e+98,108.5000,1.0000,4695.327
1.24000000e+00,3.5092650357e+197,8.3826154348e+205,1.5349194410e+19,5.8146002092e+09,2.0000000000e+02,1.1013943344e+04,1.7768920460e+04,1.0925124715e+03,1.6713991681e+03,9.3301079759e+98,108.5000,1.0000,4725.626
1.25000000e+00,3.5092650357e+197,8.3826154348e+205,1.5349194410e+19,5.8146002092e+09,2.0000000000e+02,1.1013943344e+04,1.7768920460e+04,1.0925124715e+03,1.6713991681e+03,9.3301079759e+98,108.5000,1.0000,4755.774
1.26000000e+00,3.5092650357e+197,8.3826154348e+205,1.5349194410e+19,5.8146002092e+09,2.0000000000e+02,1.1013943344e+04,1.7768920460e+04,1.0925124715e+03,1.6713991681e+03,9.3301079759e+98,108.5000,1.0000,4789.493
1.27000000e+00,3.5092650357e+197,8.3826154348e+205,1.5349194410e+19,5.8146002092e+09,2.0000000000e+02,1.1013943344e+04,1.7768920460e+04,1.0925124715e+03,1.6713991681e+03,9.3301079759e+98,108.5000,1.0000,4821.759
1.28000000e+00,3.5092650357e+197,8.3826154348e+205,1.5349194410e+19,5.8146002092e+09,2.0000000000e+02,1.1013943344e+04,1.7768920460e+04,1.0925124715e+03,1.6713991681e+03,9.3301079759e+98,108.5000,1.0000,4863.127
1.29000000e+00,3.5092650357e+197,8.3826154348e+205,1.5349194410e+19,5.8146002092e+09,2.0000000000e+02,1.1013943344e+04,1.7768920460e+04,1.0925124715e+03,1.6713991681e+03,9.3301079759e+98,108.5000,1.0000,4896.434
1.30000000e+00,3.5092650357e+197,8.3826154348e+205,1.5349194410e+19,5.8146002092e+09,2.0000000000e+02,1.1013943344e+04,1.7768920460e+04,1.0925124715e+03,1.6713991681e+03,9.3301079759e+98,108.5000,1.0000,4935.677
1.31000000e+00,3.5092650357e+197,8.3826154348e+205,1.5349194410e+19,5.8146002092e+09,2.0000000000e+02,1.1013943344e+04,1.7768920460e+04,1.0925124715e+03,1.6713991681e+03,9.3301079759e+98,108.5000,1.0000,4978.339
1.32000000e+00,3.5092650357e+197,8.3826154348e+205,1.5349194410e+19,5.8146002092e+09,2.0000000000e+02,1.1013943344e+04,1.7768920460e+04,1.0925124715e+03,1.6713991681e+03,9.3301079759e+98,108.5000,1.0000,5008.958
1.33000000e+00,3.5092650357e+197,8.3826154348e+205,1.5349194410e+19,5.8146002092e+09,2.0000000000e+02,1.1013943344e+04,1.7768920460e+04,1.0925124715e+03,1.6713991681e+03,9.3301079759e+98,108.5000,1.0000,5051.669
1.34000000e+00,3.5092650357e+197,8.3826154348e+205,1.5349194410e+19,5.8146002092e+09,2.0000000000e+02,1.1013943344e+04,1.7768920460e+04,1.0925124715e+03,1.6713991681e+03,9.3301079759e+98,108.5000,1.0000,5087.636
1.35000000e+00,3.5092650357e+197,8.3826154348e+205,1.5349194410e+19,5.8146002092e+09,2.0000000000e+02,1.1013943344e+04,1.7768920460e+04,1.0925124715e+03,1.6713991681e+03,9.3301079759e+98,108.5000,1.0000,5121.318
1.36000000e+00,3.5092650357e+197,8.3826154348e+205,1.5349194410e+19,5.8146002092e+09,2.0000000000e+02,1.1013943344e+04,1.7768920460e+04,1.0925124715e+03,1.6713991681e+03,9.3301079759e+98,108.5000,1.0000,5157.126
1.37000000e+00,3.5092650357e+197,8.3826154348e+205,1.5349194410e+19,5.8146002092e+09,2.0000000000e+02,1.1013943344e+04,1.7768920460e+04,1.0925124715e+03,1.6713991681e+03,9.3301079759e+98,108.5000,1.0000,5187.974
1.38000000e+00,3.5092650357e+197,8.3826154348e+205,1.5349194410e+19,5.8146002092e+09,2.0000000000e+02,1.1013943344e+04,1.7768920460e+04,1.0925124715e+03,1.6713991681e+03,9.3301079759e+98,108.5000,1.0000,5224.705
1.39000000e+00,3.5092650357e+197,8.3826154348e+205,1.5349194410e+19,5.8146002092e+09,2.0000000000e+02,1.1013943344e+04,1.7768920460e+04,1.0925124715e+03,1.6713991681e+03,9.3301079759e+98,108.5000,1.0000,5258.072
1.40000000e+00,3.5092650357e+197,8.3826154348e+205,1.5349194410e+19,5.8146002092e+09,2.0000000000e+02,1.1013943344e+04,1.7768920460e+04,1.0925124715e+03,1.6713991681e+03,9.3301079759e+98,108.5000,1.0000,5294.695
1.41000000e+00,3.5092650357e+197,8.3826154348e+205,1.5349194410e+19,5.8146002092e+09,2.0000000000e+02,1.1013943344e+04,1.7768920460e+04,1.0925124715e+03,1.6713991681e+03,9.3301079759e+98,108.5000,1.0000,5331.498
1.42000000e+00,3.5092650357e+197,8.3826154348e+205,1.5349194410e+19,5.8146002092e+09,2.0000000000e+02,1.1013943344e+04,1.7768920460e+04,1.0925124715e+03,1.6713991681e+03,9.3301079759e+98,108.5000,1.0000,5367.029
1.43000000e+00,3.5092650357e+197,8.3826154348e+205,1.5349194410e+19,5.8146002092e+09,2.0000000000e+02,1.1013943344e+04,1.7768920460e+04,1.0925124715e+03,1.6713991681e+03,9.3301079759e+98,108.5000,1.0000,5400.267
1.44000000e+00,3.5092650357e+197,8.3826154348e+205,1.5349194410e+19,5.8146002092e+09,2.0000000000e+02,1.1013943344e+04,1.7768920460e+04,1.0925124715e+03,1.6713991681e+03,9.3301079759e+98,108.5000,1.0000,5435.868
1.45000000e+00,3.5092650357e+197,8.3826154348e+205,1.5349194410e+19,5.8146002092e+09,2.0000000000e+02,1.1013943344e+04,1.7768920460e+04,1.0925124715e+03,1.6713991681e+03,9.3301079759e+98,108.5000,1.0000,5485.229
1.46000000e+00,3.5092650357e+197,8.3826154348e+205,1.5349194410e+19,5.8146002092e+09,2.0000000000e+02,1.1013943344e+04,1.7768920460e+04,1.0925124715e+03,1.6713991681e+03,9.3301079759e+98,108.5000,1.0000,5516.977
1.47000000e+00,3.5092650357e+197,8.3826154348e+205,1.5349194410e+19,5.8146002092e+09,2.0000000000e+02,1.1013943344e+04,1.7768920460e+04,1.0925124715e+03,1.6713991681e+03,9.3301079759e+98,108.5000,1.0000,5552.592
1.48000000e+00,3.5092650357e+197,8.3826154348e+205,1.5349194410e+19,5.8146002092e+09,2.0000000000e+02,1.1013943344e+04,1.7768920460e+04,1.0925124715e+03,1.6713991681e+03,9.3301079759e+98,108.5000,1.0000,5590.695
1.49000000e+00,3.5092650357e+197,8.3826154348e+205,1.5349194410e+19,5.8146002092e+09,2.0000000000e+02,1.1013943344e+04,1.7768920460e+04,1.0925124715e+03,1.6713991681e+03,9.3301079759e+98,108.5000,1.0000,5625.988
1.50000000e+00,3.5092650357e+197,8.3826154348e+205,1.5349194410e+19,5.8146002092e+09,2.0000000000e+02,1.1013943344e+04,1.7768920460e+04,1.0925124715e+03,1.6713991681e+03,9.3301079759e+98,108.5000,1.0000,5661.992
1.51000000e+00,3.5092650357e+197,8.3826154348e+205,1.5349194410e+19,5.8146002092e+09,2.0000000000e+02,1.1013943344e+04,1.7768920460e+04,1.0925124715e+03,1.6713991681e+03,9.3301079759e+98,108.5000,1.0000,5700.477
1.52000000e+00,3.5092650357e+197,8.3826154348e+205,1.5349194410e+19,5.8146002092e+09,2.0000000000e+02,1.1013943344e+04,1.7768920460e+04,1.0925124715e+03,1.6713991681e+03,9.3301079759e+98,108.5000,1.0000,5734.344
1.53000000e+00,3.5092650357e+197,8.3826154348e+205,1.5349194410e+19,5.8146002092e+09,2.0000000000e+02,1.1013943344e+04,1.7768920460e+04,1.0925124715e+03,1.6713991681e+03,9.3301079759e+98,108.5000,1.0000,5769.291
1.54000000e+00,3.5092650357e+197,8.3826154348e+205,1.5349194410e+19,5.8146002092e+09,2.0000000000e+02,1.1013943344e+04,1.7768920460e+04,1.0925124715e+03,1.6713991681e+03,9.3301079759e+98,108.5000,1.0000,5814.943
1.55000000e+00,3.5092650357e+197,8.3826154348e+205,1.5349194410e+19,5.8146002092e+09,2.0000000000e+02,1.1013943344e+04,1.7768920460e+04,1.0925124715e+03,1.6713991681e+03,9.3301079759e+98,108.5000,1.0000,5850.119
1.56000000e+00,3.5092650357e+197,8.3826154348e+205,1.5349194410e+19,5.8146002092e+09,2.0000000000e+02,1.1013943344e+04,1.7768920460e+04,1.0925124715e+03,1.6713991681e+03,9.3301079759e+98,108.5000,1.0000,5885.172
1.57000000e+00,3.5092650357e+197,8.3826154348e+205,1.5349194410e+19,5.8146002092e+09,2.0000000000e+02,1.1013943344e+04,1.7768920460e+04,1.0925124715e+03,1.6713991681e+03,9.3301079759e+98,108.5000,1.0000,5925.892
1.58000000e+00,3.5092650357e+197,8.3826154348e+205,1.5349194410e+19,5.8146002092e+09,2.0000000000e+02,1.1013943344e+04,1.7768920460e+04,1.0925124715e+03,1.6713991681e+03,9.3301079759e+98,108.5000,1.0000,5957.589
1.59000000e+00,3.5092650357e+197,8.3826154348e+205,1.5349194410e+19,5.8146002092e+09,2.0000000000e+02,1.1013943344e+04,1.7768920460e+04,1.0925124715e+03,1.6713991681e+03,9.3301079759e+98,108.5000,1.0000,6009.280
1.60000000e+00,3.5092650357e+197,8.3826154348e+205,1.5349194410e+19,5.8146002092e+09,2.0000000000e+02,1.1013943344e+04,1.7768920460e+04,1.0925124715e+03,1.6713991681e+03,9.3301079759e+98,108.5000,1.0000,6071.796
1.61000000e+00,3.5092650357e+197,8.3826154348e+205,1.5349194410e+19,5.8146002092e+09,2.0000000000e+02,1.1013943344e+04,1.7768920460e+04,1.0925124715e+03,1.6713991681e+03,9.3301079759e+98,108.5000,1.0000,6134.083
1.62000000e+00,3.5092650357e+197,8.3826154348e+205,1.5349194410e+19,5.8146002092e+09,2.0000000000e+02,1.1013943344e+04,1.7768920460e+04,1.0925124715e+03,1.6713991681e+03,9.3301079759e+98,108.5000,1.0000,6199.792
1.63000000e+00,3.5092650357e+197,8.3826154348e+205,1.5349194410e+19,5.8146002092e+09,2.0000000000e+02,1.1013943344e+04,1.7768920460e+04,1.0925124715e+03,1.6713991681e+03,9.3301079759e+98,108.5000,1.0000,6261.208
1.64000000e+00,3.5092650357e+197,8.3826154348e+205,1.5349194410e+19,5.8146002092e+09,2.0000000000e+02,1.1013943344e+04,1.7768920460e+04,1.0925124715e+03,1.6713991681e+03,9.3301079759e+98,108.5000,1.0000,6316.639
1.65000000e+00,3.5092650357e+197,8.3826154348e+205,1.5349194410e+19,5.8146002092e+09,2.0000000000e+02,1.1013943344e+04,1.7768920460e+04,1.0925124715e+03,1.6713991681e+03,9.3301079759e+98,108.5000,1.0000,6375.652
1.66000000e+00,3.5092650357e+197,8.3826154348e+205,1.5349194410e+19,5.8146002092e+09,2.0000000000e+02,1.1013943344e+04,1.7768920460e+04,1.0925124715e+03,1.6713991681e+03,9.3301079759e+98,108.5000,1.0000,6435.326
1.67000000e+00,3.5092650357e+197,8.3826154348e+205,1.5349194410e+19,5.8146002092e+09,2.0000000000e+02,1.1013943344e+04,1.7768920460e+04,1.0925124715e+03,1.6713991681e+03,9.3301079759e+98,108.5000,1.0000,6476.892
1.68000000e+00,3.5092650357e+197,8.3826154348e+205,1.5349194410e+19,5.8146002092e+09,2.0000000000e+02,1.1013943344e+04,1.7768920460e+04,1.0925124715e+03,1.6713991681e+03,9.3301079759e+98,108.5000,1.0000,6511.521
1.69000000e+00,3.5092650357e+197,8.3826154348e+205,1.5349194410e+19,5.8146002092e+09,2.0000000000e+02,1.1013943344e+04,1.7768920460e+04,1.0925124715e+03,1.6713991681e+03,9.3301079759e+98,108.5000,1.0000,6544.974
1.70000000e+00,3.5092650357e+197,8.3826154348e+205,1.5349194410e+19,5.8146002092e+09,2.0000000000e+02,1.1013943344e+04,1.7768920460e+04,1.0925124715e+03,1.6713991681e+03,9.3301079759e+98,108.5000,1.0000,6578.814
1.71000000e+00,3.5092650357e+197,8.3826154348e+205,1.5349194410e+19,5.8146002092e+09,2.0000000000e+02,1.1013943344e+04,1.7768920460e+04,1.0925124715e+03,1.6713991681e+03,9.3301079759e+98,108.5000,1.0000,6611.632
1.72000000e+00,3.5092650357e+197,8.3826154348e+205,1.5349194410e+19,5.8146002092e+09,2.0000000000e+02,1.1013943344e+04,1.7768920460e+04,1.0925124715e+03,1.6713991681e+03,9.3301079759e+98,108.5000,1.0000,6651.541
1.73000000e+00,3.5092650357e+197,8.3826154348e+205,1.5349194410e+19,5.8146002092e+09,2.0000000000e+02,1.1013943344e+04,1.7768920460e+04,1.0925124715e+03,1.6713991681e+03,9.3301079759e+98,108.5000,1.0000,6689.800
1.74000000e+00,3.5092650357e+197,8.3826154348e+205,1.5349194410e+19,5.8146002092e+09,2.0000000000e+02,1.1013943344e+04,1.7768920460e+04,1.0925124715e+03,1.6713991681e+03,9.3301079759e+98,108.5000,1.0000,6723.843
1.75000000e+00,3.5092650357e+197,8.3826154348e+205,1.5349194410e+19,5.8146002092e+09,2.0000000000e+02,1.1013943344e+04,1.7768920460e+04,1.0925124715e+03,1.6713991681e+03,9.3301079759e+98,108.5000,1.0000,6762.319
1.76000000e+00,3.5092650357e+197,8.3826154348e+205,1.5349194410e+19,5.8146002092e+09,2.0000000000e+02,1.1013943344e+04,1.7768920460e+04,1.0925124715e+03,1.6713991681e+03,9.3301079759e+98,108.5000,1.0000,6820.027
1.77000000e+00,3.5092650357e+197,8.3826154348e+205,1.5349194410e+19,5.8146002092e+09,2.0000000000e+02,1.1013943344e+04,1.7768920460e+04,1.0925124715e+03,1.6713991681e+03,9.3301079759e+98,108.5000,1.0000,6865.194
1.78000000e+00,3.5092650357e+197,8.3826154348e+205,1.5349194410e+19,5.8146002092e+09,2.0000000000e+02,1.1013943344e+04,1.7768920460e+04,1.0925124715e+03,1.6713991681e+03,9.3301079759e+98,108.5000,1.0000,6899.148
1.79000000e+00,3.5092650357e+197,8.3826154348e+205,1.5349194410e+19,5.8146002092e+09,2.0000000000e+02,1.1013943344e+04,1.7768920460e+04,1.0925124715e+03,1.6713991681e+03,9.3301079759e+98,108.5000,1.0000,6933.285
1.80000000e+00,3.5092650357e+197,8.3826154348e+205,1.5349194410e+19,5.8146002092e+09,2.0000000000e+02,1.1013943344e+04,1.7768920460e+04,1.0925124715e+03,1.6713991681e+03,9.3301079759e+98,108.5000,1.0000,6969.664
1.81000000e+00,3.5092650357e+197,8.3826154348e+205,1.5349194410e+19,5.8146002092e+09,2.0000000000e+02,1.1013943344e+04,1.7768920460e+04,1.0925124715e+03,1.6713991681e+03,9.3301079759e+98,108.5000,1.0000,7005.938
1.82000000e+00,3.5092650357e+197,8.3826154348e+205,1.5349194410e+19,5.8146002092e+09,2.0000000000e+02,1.1013943344e+04,1.7768920460e+04,1.0925124715e+03,1.6713991681e+03,9.3301079759e+98,108.5000,1.0000,7045.623
1.83000000e+00,3.5092650357e+197,8.3826154348e+205,1.5349194410e+19,5.8146002092e+09,2.0000000000e+02,1.1013943344e+04,1.7768920460e+04,1.0925124715e+03,1.6713991681e+03,9.3301079759e+98,108.5000,1.0000,7084.216
1.84000000e+00,3.5092650357e+197,8.3826154348e+205,1.5349194410e+19,5.8146002092e+09,2.0000000000e+02,1.1013943344e+04,1.7768920460e+04,1.0925124715e+03,1.6713991681e+03,9.3301079759e+98,108.5000,1.0000,7126.219
1.85000000e+00,3.5092650357e+197,8.3826154348e+205,1.5349194410e+19,5.8146002092e+09,2.0000000000e+02,1.1013943344e+04,1.7768920460e+04,1.0925124715e+03,1.6713991681e+03,9.3301079759e+98,108.5000,1.0000,7168.447
1.86000000e+00,3.5092650357e+197,8.3826154348e+205,1.5349194410e+19,5.8146002092e+09,2.0000000000e+02,1.1013943344e+04,1.7768920460e+04,1.0925124715e+03,1.6713991681e+03,9.3301079759e+98,108.5000,1.0000,7206.388
1.87000000e+00,3.5092650357e+197,8.3826154348e+205,1.5349194410e+19,5.8146002092e+09,2.0000000000e+02,1.1013943344e+04,1.7768920460e+04,1.0925124715e+03,1.6713991681e+03,9.3301079759e+98,108.5000,1.0000,7243.245
1.88000000e+00,3.5092650357e+197,8.3826154348e+205,1.5349194410e+19,5.8146002092e+09,2.0000000000e+02,1.1013943344e+04,1.7768920460e+04,1.0925124715e+03,1.6713991681e+03,9.3301079759e+98,108.5000,1.0000,7279.901
1.89000000e+00,3.5092650357e+197,8.3826154348e+205,1.5349194410e+19,5.8146002092e+09,2.0000000000e+02,1.1013943344e+04,1.7768920460e+04,1.0925124715e+03,1.6713991681e+03,9.3301079759e+98,108.5000,1.0000,7315.189
1.90000000e+00,3.5092650357e+197,8.3826154348e+205,1.5349194410e+19,5.8146002092e+09,2.0000000000e+02,1.1013943344e+04,1.7768920460e+04,1.0925124715e+03,1.6713991681e+03,9.3301079759e+98,108.5000,1.0000,7350.717
1.91000000e+00,3.5092650357e+197,8.3826154348e+205,1.5349194410e+19,5.8146002092e+09,2.0000000000e+02,1.1013943344e+04,1.7768920460e+04,1.0925124715e+03,1.6713991681e+03,9.3301079759e+98,108.5000,1.0000,7389.486
1.92000000e+00,3.5092650357e+197,8.3826154348e+205,1.5349194410e+19,5.8146002092e+09,2.0000000000e+02,1.1013943344e+04,1.7768920460e+04,1.0925124715e+03,1.6713991681e+03,9.3301079759e+98,108.5000,1.0000,7422.112
1.93000000e+00,3.5092650357e+197,8.3826154348e+205,1.5349194410e+19,5.8146002092e+09,2.0000000000e+02,1.1013943344e+04,1.7768920460e+04,1.0925124715e+03,1.6713991681e+03,9.3301079759e+98,108.5000,1.0000,7461.034
1.94000000e+00,3.5092650357e+197,8.3826154348e+205,1.5349194410e+19,5.8146002092e+09,2.0000000000e+02,1.1013943344e+04,1.7768920460e+04,1.0925124715e+03,1.6713991681e+03,9.3301079759e+98,108.5000,1.0000,7497.690
1.95000000e+00,3.5092650357e+197,8.3826154348e+205,1.5349194410e+19,5.8146002092e+09,2.0000000000e+02,1.1013943344e+04,1.7768920460e+04,1.0925124715e+03,1.6713991681e+03,9.3301079759e+98,108.5000,1.0000,7531.165
1.96000000e+00,3.5092650357e+197,8.3826154348e+205,1.5349194410e+19,5.8146002092e+09,2.0000000000e+02,1.1013943344e+04,1.7768920460e+04,1.0925124715e+03,1.6713991681e+03,9.3301079759e+98,108.5000,1.0000,7565.205
1.97000000e+00,3.5092650357e+197,8.3826154348e+205,1.5349194410e+19,5.8146002092e+09,2.0000000000e+02,1.1013943344e+04,1.7768920460e+04,1.0925124715e+03,1.6713991681e+03,9.3301079759e+98,108.5000,1.0000,7601.009
1.98000000e+00,3.5092650357e+197,8.3826154348e+205,1.5349194410e+19,5.8146002092e+09,2.0000000000e+02,1.1013943344e+04,1.7768920460e+04,1.0925124715e+03,1.6713991681e+03,9.3301079759e+98,108.5000,1.0000,7638.816
1.99000000e+00,3.5092650357e+197,8.3826154348e+205,1.5349194410e+19,5.8146002092e+09,2.0000000000e+02,1.1013943344e+04,1.7768920460e+04,1.0925124715e+03,1.6713991681e+03,9.3301079759e+98,108.5000,1.0000,7677.926
2.00000000e+00,3.5092650357e+197,8.3826154348e+205,1.5349194410e+19,5.8146002092e+09,2.0000000000e+02,1.1013943344e+04,1.7768920460e+04,1.0925124715e+03,1.6713991681e+03,9.3301079759e+98,108.5000,1.0000,7711.063
2.01000000e+00,3.5092650357e+197,8.3826154348e+205,1.5349194410e+19,5.8146002092e+09,2.0000000000e+02,1.1013943344e+04,1.7768920460e+04,1.0925124715e+03,1.6713991681e+03,9.3301079759e+98,108.5000,1.0000,7749.341
2.02000000e+00,3.5092650357e+197,8.3826154348e+205,1.5349194410e+19,5.8146002092e+09,2.0000000000e+02,1.1013943344e+04,1.7768920460e+04,1.0925124715e+03,1.6713991681e+03,9.3301079759e+98,108.5000,1.0000,7784.258
2.03000000e+00,3.5092650357e+197,8.3826154348e+205,1.5349194410e+19,5.8146002092e+09,2.0000000000e+02,1.1013943344e+04,1.7768920460e+04,1.0925124715e+03,1.6713991681e+03,9.3301079759e+98,108.5000,1.0000,7816.903
2.04000000e+00,3.5092650357e+197,8.3826154348e+205,1.5349194410e+19,5.8146002092e+09,2.0000000000e+02,1.1013943344e+04,1.7768920460e+04,1.0925124715e+03,1.6713991681e+03,9.3301079759e+98,108.5000,1.0000,7853.012
2.05000000e+00,3.5092650357e+197,8.3826154348e+205,1.5349194410e+19,5.8146002092e+09,2.0000000000e+02,1.1013943344e+04,1.7768920460e+04,1.0925124715e+03,1.6713991681e+03,9.3301079759e+98,108.5000,1.0000,7888.616
2.06000000e+00,3.5092650357e+197,8.3826154348e+205,1.5349194410e+19,5.8146002092e+09,2.0000000000e+02,1.1013943344e+04,1.7768920460e+04,1.0925124715e+03,1.6713991681e+03,9.3301079759e+98,108.5000,1.0000,7924.064
2.07000000e+00,3.5092650357e+197,8.3826154348e+205,1.5349194410e+19,5.8146002092e+09,2.0000000000e+02,1.1013943344e+04,1.7768920460e+04,1.0925124715e+03,1.6713991681e+03,9.3301079759e+98,108.5000,1.0000,7960.248
2.08000000e+00,3.5092650357e+197,8.3826154348e+205,1.5349194410e+19,5.8146002092e+09,2.0000000000e+02,1.1013943344e+04,1.7768920460e+04,1.0925124715e+03,1.6713991681e+03,9.3301079759e+98,108.5000,1.0000,8001.905
2.09000000e+00,3.5092650357e+197,8.3826154348e+205,1.5349194410e+19,5.8146002092e+09,2.0000000000e+02,1.1013943344e+04,1.7768920460e+04,1.0925124715e+03,1.6713991681e+03,9.3301079759e+98,108.5000,1.0000,8034.620
2.10000000e+00,3.5092650357e+197,8.3826154348e+205,1.5349194410e+19,5.8146002092e+09,2.0000000000e+02,1.1013943344e+04,1.7768920460e+04,1.0925124715e+03,1.6713991681e+03,9.3301079759e+98,108.5000,1.0000,8068.494
2.11000000e+00,3.5092650357e+197,8.3826154348e+205,1.5349194410e+19,5.8146002092e+09,2.0000000000e+02,1.1013943344e+04,1.7768920460e+04,1.0925124715e+03,1.6713991681e+03,9.3301079759e+98,108.5000,1.0000,8103.033
2.12000000e+00,3.5092650357e+197,8.3826154348e+205,1.5349194410e+19,5.8146002092e+09,2.0000000000e+02,1.1013943344e+04,1.7768920460e+04,1.0925124715e+03,1.6713991681e+03,9.3301079759e+98,108.5000,1.0000,8153.777
2.13000000e+00,3.5092650357e+197,8.3826154348e+205,1.5349194410e+19,5.8146002092e+09,2.0000000000e+02,1.1013943344e+04,1.7768920460e+04,1.0925124715e+03,1.6713991681e+03,9.3301079759e+98,108.5000,1.0000,8190.491
2.14000000e+00,3.5092650357e+197,8.3826154348e+205,1.5349194410e+19,5.8146002092e+09,2.0000000000e+02,1.1013943344e+04,1.7768920460e+04,1.0925124715e+03,1.6713991681e+03,9.3301079759e+98,108.5000,1.0000,8233.528
2.15000000e+00,3.5092650357e+197,8.3826154348e+205,1.5349194410e+19,5.8146002092e+09,2.0000000000e+02,1.1013943344e+04,1.7768920460e+04,1.0925124715e+03,1.6713991681e+03,9.3301079759e+98,108.5000,1.0000,8269.276
2.16000000e+00,3.5092650357e+197,8.3826154348e+205,1.5349194410e+19,5.8146002092e+09,2.0000000000e+02,1.1013943344e+04,1.7768920460e+04,1.0925124715e+03,1.6713991681e+03,9.3301079759e+98,108.5000,1.0000,8308.271
2.17000000e+00,3.5092650357e+197,8.3826154348e+205,1.5349194410e+19,5.8146002092e+09,2.0000000000e+02,1.1013943344e+04,1.7768920460e+04,1.0925124715e+03,1.6713991681e+03,9.3301079759e+98,108.5000,1.0000,8341.643
2.18000000e+00,3.5092650357e+197,8.3826154348e+205,1.5349194410e+19,5.8146002092e+09,2.0000000000e+02,1.1013943344e+04,1.7768920460e+04,1.0925124715e+03,1.6713991681e+03,9.3301079759e+98,108.5000,1.0000,8378.467
2.19000000e+00,3.5092650357e+197,8.3826154348e+205,1.5349194410e+19,5.8146002092e+09,2.0000000000e+02,1.1013943344e+04,1.7768920460e+04,1.0925124715e+03,1.6713991681e+03,9.3301079759e+98,108.5000,1.0000,8415.080
2.20000000e+00,3.5092650357e+197,8.3826154348e+205,1.5349194410e+19,5.8146002092e+09,2.0000000000e+02,1.1013943344e+04,1.7768920460e+04,1.0925124715e+03,1.6713991681e+03,9.3301079759e+98,108.5000,1.0000,8449.110
2.21000000e+00,3.5092650357e+197,8.3826154348e+205,1.5349194410e+19,5.8146002092e+09,2.0000000000e+02,1.1013943344e+04,1.7768920460e+04,1.0925124715e+03,1.6713991681e+03,9.3301079759e+98,108.5000,1.0000,8489.804
2.22000000e+00,3.5092650357e+197,8.3826154348e+205,1.5349194410e+19,5.8146002092e+09,2.0000000000e+02,1.1013943344e+04,1.7768920460e+04,1.0925124715e+03,1.6713991681e+03,9.3301079759e+98,108.5000,1.0000,8527.825
2.23000000e+00,3.5092650357e+197,8.3826154348e+205,1.5349194410e+19,5.8146002092e+09,2.0000000000e+02,1.1013943344e+04,1.7768920460e+04,1.0925124715e+03,1.6713991681e+03,9.3301079759e+98,108.5000,1.0000,8564.183
2.24000000e+00,3.5092650357e+197,8.3826154348e+205,1.5349194410e+19,5.8146002092e+09,2.0000000000e+02,1.1013943344e+04,1.7768920460e+04,1.0925124715e+03,1.6713991681e+03,9.3301079759e+98,108.5000,1.0000,8596.887
2.25000000e+00,3.5092650357e+197,8.3826154348e+205,1.5349194410e+19,5.8146002092e+09,2.0000000000e+02,1.1013943344e+04,1.7768920460e+04,1.0925124715e+03,1.6713991681e+03,9.3301079759e+98,108.5000,1.0000,8639.130
2.26000000e+00,3.5092650357e+197,8.3826154348e+205,1.5349194410e+19,5.8146002092e+09,2.0000000000e+02,1.1013943344e+04,1.7768920460e+04,1.0925124715e+03,1.6713991681e+03,9.3301079759e+98,108.5000,1.0000,8674.893
2.27000000e+00,3.5092650357e+197,8.3826154348e+205,1.5349194410e+19,5.8146002092e+09,2.0000000000e+02,1.1013943344e+04,1.7768920460e+04,1.0925124715e+03,1.6713991681e+03,9.3301079759e+98,108.5000,1.0000,8717.142
2.28000000e+00,3.5092650357e+197,8.3826154348e+205,1.5349194410e+19,5.8146002092e+09,2.0000000000e+02,1.1013943344e+04,1.7768920460e+04,1.0925124715e+03,1.6713991681e+03,9.3301079759e+98,108.5000,1.0000,8759.187
2.29000000e+00,3.5092650357e+197,8.3826154348e+205,1.5349194410e+19,5.8146002092e+09,2.0000000000e+02,1.1013943344e+04,1.7768920460e+04,1.0925124715e+03,1.6713991681e+03,9.3301079759e+98,108.5000,1.0000,8794.477
2.30000000e+00,3.5092650357e+197,8.3826154348e+205,1.5349194410e+19,5.8146002092e+09,2.0000000000e+02,1.1013943344e+04,1.7768920460e+04,1.0925124715e+03,1.6713991681e+03,9.3301079759e+98,108.5000,1.0000,8839.535
2.31000000e+00,3.5092650357e+197,8.3826154348e+205,1.5349194410e+19,5.8146002092e+09,2.0000000000e+02,1.1013943344e+04,1.7768920460e+04,1.0925124715e+03,1.6713991681e+03,9.3301079759e+98,108.5000,1.0000,8871.849
2.32000000e+00,3.5092650357e+197,8.3826154348e+205,1.5349194410e+19,5.8146002092e+09,2.0000000000e+02,1.1013943344e+04,1.7768920460e+04,1.0925124715e+03,1.6713991681e+03,9.3301079759e+98,108.5000,1.0000,8910.200
2.33000000e+00,3.5092650357e+197,8.3826154348e+205,1.5349194410e+19,5.8146002092e+09,2.0000000000e+02,1.1013943344e+04,1.7768920460e+04,1.0925124715e+03,1.6713991681e+03,9.3301079759e+98,108.5000,1.0000,8952.221
2.34000000e+00,3.5092650357e+197,8.3826154348e+205,1.5349194410e+19,5.8146002092e+09,2.0000000000e+02,1.1013943344e+04,1.7768920460e+04,1.0925124715e+03,1.6713991681e+03,9.3301079759e+98,108.5000,1.0000,8988.438
2.35000000e+00,3.5092650357e+197,8.3826154348e+205,1.5349194410e+19,5.8146002092e+09,2.0000000000e+02,1.1013943344e+04,1.7768920460e+04,1.0925124715e+03,1.6713991681e+03,9.3301079759e+98,108.5000,1.0000,9031.326
2.36000000e+00,3.5092650357e+197,8.3826154348e+205,1.5349194410e+19,5.8146002092e+09,2.0000000000e+02,1.1013943344e+04,1.7768920460e+04,1.0925124715e+03,1.6713991681e+03,9.3301079759e+98,108.5000,1.0000,9069.239
2.37000000e+00,3.5092650357e+197,8.3826154348e+205,1.5349194410e+19,5.8146002092e+09,2.0000000000e+02,1.1013943344e+04,1.7768920460e+04,1.0925124715e+03,1.6713991681e+03,9.3301079759e+98,108.5000,1.0000,9106.063
2.38000000e+00,3.5092650357e+197,8.3826154348e+205,1.5349194410e+19,5.8146002092e+09,2.0000000000e+02,1.1013943344e+04,1.7768920460e+04,1.0925124715e+03,1.6713991681e+03,9.3301079759e+98,108.5000,1.0000,9152.434
2.39000000e+00,3.5092650357e+197,8.3826154348e+205,1.5349194410e+19,5.8146002092e+09,2.0000000000e+02,1.1013943344e+04,1.7768920460e+04,1.0925124715e+03,1.6713991681e+03,9.3301079759e+98,108.5000,1.0000,9187.176
2.40000000e+00,3.5092650357e+197,8.3826154348e+205,1.5349194410e+19,5.8146002092e+09,2.0000000000e+02,1.1013943344e+04,1.7768920460e+04,1.0925124715e+03,1.6713991681e+03,9.3301079759e+98,108.5000,1.0000,9220.341
2.41000000e+00,3.5092650357e+197,8.3826154348e+205,1.5349194410e+19,5.8146002092e+09,2.0000000000e+02,1.1013943344e+04,1.7768920460e+04,1.0925124715e+03,1.6713991681e+03,9.3301079759e+98,108.5000,1.0000,9259.773
2.42000000e+00,3.5092650357e+197,8.3826154348e+205,1.5349194410e+19,5.8146002092e+09,2.0000000000e+02,1.1013943344e+04,1.7768920460e+04,1.0925124715e+03,1.6713991681e+03,9.3301079759e+98,108.5000,1.0000,9297.857
2.43000000e+00,3.5092650357e+197,8.3826154348e+205,1.5349194410e+19,5.8146002092e+09,2.0000000000e+02,1.1013943344e+04,1.7768920460e+04,1.0925124715e+03,1.6713991681e+03,9.3301079759e+98,108.5000,1.0000,9330.741
2.44000000e+00,3.5092650357e+197,8.3826154348e+205,1.5349194410e+19,5.8146002092e+09,2.0000000000e+02,1.1013943344e+04,1.7768920460e+04,1.0925124715e+03,1.6713991681e+03,9.3301079759e+98,108.5000,1.0000,9363.635
2.45000000e+00,3.5092650357e+197,8.3826154348e+205,1.5349194410e+19,5.8146002092e+09,2.0000000000e+02,1.1013943344e+04,1.7768920460e+04,1.0925124715e+03,1.6713991681e+03,9.3301079759e+98,108.5000,1.0000,9398.730
2.46000000e+00,3.5092650357e+197,8.3826154348e+205,1.5349194410e+19,5.8146002092e+09,2.0000000000e+02,1.1013943344e+04,1.7768920460e+04,1.0925124715e+03,1.6713991681e+03,9.3301079759e+98,108.5000,1.0000,9433.108
2.47000000e+00,3.5092650357e+197,8.3826154348e+205,1.5349194410e+19,5.8146002092e+09,2.0000000000e+02,1.1013943344e+04,1.7768920460e+04,1.0925124715e+03,1.6713991681e+03,9.3301079759e+98,108.5000,1.0000,9483.745
2.48000000e+00,3.5092650357e+197,8.3826154348e+205,1.5349194410e+19,5.8146002092e+09,2.0000000000e+02,1.1013943344e+04,1.7768920460e+04,1.0925124715e+03,1.6713991681e+03,9.3301079759e+98,108.5000,1.0000,9517.829
2.49000000e+00,3.5092650357e+197,8.3826154348e+205,1.5349194410e+19,5.8146002092e+09,2.0000000000e+02,1.1013943344e+04,1.7768920460e+04,1.0925124715e+03,1.6713991681e+03,9.3301079759e+98,108.5000,1.0000,9552.779
2.50000000e+00,3.5092650357e+197,8.3826154348e+205,1.5349194410e+19,5.8146002092e+09,2.0000000000e+02,1.1013943344e+04,1.7768920460e+04,1.0925124715e+03,1.6713991681e+03,9.3301079759e+98,108.5000,1.0000,9589.410
2.51000000e+00,3.5092650357e+197,8.3826154348e+205,1.5349194410e+19,5.8146002092e+09,2.0000000000e+02,1.1013943344e+04,1.7768920460e+04,1.0925124715e+03,1.6713991681e+03,9.3301079759e+98,108.5000,1.0000,9622.559
2.52000000e+00,3.5092650357e+197,8.3826154348e+205,1.5349194410e+19,5.8146002092e+09,2.0000000000e+02,1.1013943344e+04,1.7768920460e+04,1.0925124715e+03,1.6713991681e+03,9.3301079759e+98,108.5000,1.0000,9656.399
2.53000000e+00,3.5092650357e+197,8.3826154348e+205,1.5349194410e+19,5.8146002092e+09,2.0000000000e+02,1.1013943344e+04,1.7768920460e+04,1.0925124715e+03,1.6713991681e+03,9.3301079759e+98,108.5000,1.0000,9697.898
2.54000000e+00,3.5092650357e+197,8.3826154348e+205,1.5349194410e+19,5.8146002092e+09,2.0000000000e+02,1.1013943344e+04,1.7768920460e+04,1.0925124715e+03,1.6713991681e+03,9.3301079759e+98,108.5000,1.0000,9731.141
2.55000000e+00,3.5092650357e+197,8.3826154348e+205,1.5349194410e+19,5.8146002092e+09,2.0000000000e+02,1.1013943344e+04,1.7768920460e+04,1.0925124715e+03,1.6713991681e+03,9.3301079759e+98,108.5000,1.0000,9765.759
2.56000000e+00,3.5092650357e+197,8.3826154348e+205,1.5349194410e+19,5.8146002092e+09,2.0000000000e+02,1.1013943344e+04,1.7768920460e+04,1.0925124715e+03,1.6713991681e+03,9.3301079759e+98,108.5000,1.0000,9803.634
2.57000000e+00,3.5092650357e+197,8.3826154348e+205,1.5349194410e+19,5.8146002092e+09,2.0000000000e+02,1.1013943344e+04,1.7768920460e+04,1.0925124715e+03,1.6713991681e+03,9.3301079759e+98,108.5000,1.0000,9836.709
2.58000000e+00,3.5092650357e+197,8.3826154348e+205,1.5349194410e+19,5.8146002092e+09,2.0000000000e+02,1.1013943344e+04,1.7768920460e+04,1.0925124715e+03,1.6713991681e+03,9.3301079759e+98,108.5000,1.0000,9872.486
2.59000000e+00,3.5092650357e+197,8.3826154348e+205,1.5349194410e+19,5.8146002092e+09,2.0000000000e+02,1.1013943344e+04,1.7768920460e+04,1.0925124715e+03,1.6713991681e+03,9.3301079759e+98,108.5000,1.0000,9904.634
2.60000000e+00,3.5092650357e+197,8.3826154348e+205,1.5349194410e+19,5.8146002092e+09,2.0000000000e+02,1.1013943344e+04,1.7768920460e+04,1.0925124715e+03,1.6713991681e+03,9.3301079759e+98,108.5000,1.0000,9937.273
2.61000000e+00,3.5092650357e+197,8.3826154348e+205,1.5349194410e+19,5.8146002092e+09,2.0000000000e+02,1.1013943344e+04,1.7768920460e+04,1.0925124715e+03,1.6713991681e+03,9.3301079759e+98,108.5000,1.0000,9971.000
2.62000000e+00,3.5092650357e+197,8.3826154348e+205,1.5349194410e+19,5.8146002092e+09,2.0000000000e+02,1.1013943344e+04,1.7768920460e+04,1.0925124715e+03,1.6713991681e+03,9.3301079759e+98,108.5000,1.0000,10003.953
2.63000000e+00,3.5092650357e+197,8.3826154348e+205,1.5349194410e+19,5.8146002092e+09,2.0000000000e+02,1.1013943344e+04,1.7768920460e+04,1.0925124715e+03,1.6713991681e+03,9.3301079759e+98,108.5000,1.0000,10041.892
2.64000000e+00,3.5092650357e+197,8.3826154348e+205,1.5349194410e+19,5.8146002092e+09,2.0000000000e+02,1.1013943344e+04,1.7768920460e+04,1.0925124715e+03,1.6713991681e+03,9.3301079759e+98,108.5000,1.0000,10082.332
2.65000000e+00,3.5092650357e+197,8.3826154348e+205,1.5349194410e+19,5.8146002092e+09,2.0000000000e+02,1.1013943344e+04,1.7768920460e+04,1.0925124715e+03,1.6713991681e+03,9.3301079759e+98,108.5000,1.0000,10129.339
2.66000000e+00,3.5092650357e+197,8.3826154348e+205,1.5349194410e+19,5.8146002092e+09,2.0000000000e+02,1.1013943344e+04,1.7768920460e+04,1.0925124715e+03,1.6713991681e+03,9.3301079759e+98,108.5000,1.0000,10164.756
2.67000000e+00,3.5092650357e+197,8.3826154348e+205,1.5349194410e+19,5.8146002092e+09,2.0000000000e+02,1.1013943344e+04,1.7768920460e+04,1.0925124715e+03,1.6713991681e+03,9.3301079759e+98,108.5000,1.0000,10200.858
2.68000000e+00,3.5092650357e+197,8.3826154348e+205,1.5349194410e+19,5.8146002092e+09,2.0000000000e+02,1.1013943344e+04,1.7768920460e+04,1.0925124715e+03,1.6713991681e+03,9.3301079759e+98,108.5000,1.0000,10237.777
2.69000000e+00,3.5092650357e+197,8.3826154348e+205,1.5349194410e+19,5.8146002092e+09,2.0000000000e+02,1.1013943344e+04,1.7768920460e+04,1.0925124715e+03,1.6713991681e+03,9.3301079759e+98,108.5000,1.0000,10271.607
2.70000000e+00,3.5092650357e+197,8.3826154348e+205,1.5349194410e+19,5.8146002092e+09,2.0000000000e+02,1.1013943344e+04,1.7768920460e+04,1.0925124715e+03,1.6713991681e+03,9.3301079759e+98,108.5000,1.0000,10308.263
2.71000000e+00,3.5092650357e+197,8.3826154348e+205,1.5349194410e+19,5.8146002092e+09,2.0000000000e+02,1.1013943344e+04,1.7768920460e+04,1.0925124715e+03,1.6713991681e+03,9.3301079759e+98,108.5000,1.0000,10341.902
2.72000000e+00,3.5092650357e+197,8.3826154348e+205,1.5349194410e+19,5.8146002092e+09,2.0000000000e+02,1.1013943344e+04,1.7768920460e+04,1.0925124715e+03,1.6713991681e+03,9.3301079759e+98,108.5000,1.0000,10378.247
2.73000000e+00,3.5092650357e+197,8.3826154348e+205,1.5349194410e+19,5.8146002092e+09,2.0000000000e+02,1.1013943344e+04,1.7768920460e+04,1.0925124715e+03,1.6713991681e+03,9.3301079759e+98,108.5000,1.0000,10425.213
2.74000000e+00,3.5092650357e+197,8.3826154348e+205,1.5349194410e+19,5.8146002092e+09,2.0000000000e+02,1.1013943344e+04,1.7768920460e+04,1.0925124715e+03,1.6713991681e+03,9.3301079759e+98,108.5000,1.0000,10469.740
2.75000000e+00,3.5092650357e+197,8.3826154348e+205,1.5349194410e+19,5.8146002092e+09,2.0000000000e+02,1.1013943344e+04,1.7768920460e+04,1.0925124715e+03,1.6713991681e+03,9.3301079759e+98,108.5000,1.0000,10514.670
2.76000000e+00,3.5092650357e+197,8.3826154348e+205,1.5349194410e+19,5.8146002092e+09,2.0000000000e+02,1.1013943344e+04,1.7768920460e+04,1.0925124715e+03,1.6713991681e+03,9.3301079759e+98,108.5000,1.0000,10555.107
2.77000000e+00,3.5092650357e+197,8.3826154348e+205,1.5349194410e+19,5.8146002092e+09,2.0000000000e+02,1.1013943344e+04,1.7768920460e+04,1.0925124715e+03,1.6713991681e+03,9.3301079759e+98,108.5000,1.0000,10587.895
2.78000000e+00,3.5092650357e+197,8.3826154348e+205,1.5349194410e+19,5.8146002092e+09,2.0000000000e+02,1.1013943344e+04,1.7768920460e+04,1.0925124715e+03,1.6713991681e+03,9.3301079759e+98,108.5000,1.0000,10621.296
2.79000000e+00,3.5092650357e+197,8.3826154348e+205,1.5349194410e+19,5.8146002092e+09,2.0000000000e+02,1.1013943344e+04,1.7768920460e+04,1.0925124715e+03,1.6713991681e+03,9.3301079759e+98,108.5000,1.0000,10656.013
2.80000000e+00,3.5092650357e+197,8.3826154348e+205,1.5349194410e+19,5.8146002092e+09,2.0000000000e+02,1.1013943344e+04,1.7768920460e+04,1.0925124715e+03,1.6713991681e+03,9.3301079759e+98,108.5000,1.0000,10694.013
2.81000000e+00,3.5092650357e+197,8.3826154348e+205,1.5349194410e+19,5.8146002092e+09,2.0000000000e+02,1.1013943344e+04,1.7768920460e+04,1.0925124715e+03,1.6713991681e+03,9.3301079759e+98,108.5000,1.0000,10726.107
2.82000000e+00,3.5092650357e+197,8.3826154348e+205,1.5349194410e+19,5.8146002092e+09,2.0000000000e+02,1.1013943344e+04,1.7768920460e+04,1.0925124715e+03,1.6713991681e+03,9.3301079759e+98,108.5000,1.0000,10765.506
2.83000000e+00,3.5092650357e+197,8.3826154348e+205,1.5349194410e+19,5.8146002092e+09,2.0000000000e+02,1.1013943344e+04,1.7768920460e+04,1.0925124715e+03,1.6713991681e+03,9.3301079759e+98,108.5000,1.0000,10805.550
2.84000000e+00,3.5092650357e+197,8.3826154348e+205,1.5349194410e+19,5.8146002092e+09,2.0000000000e+02,1.1013943344e+04,1.7768920460e+04,1.0925124715e+03,1.6713991681e+03,9.3301079759e+98,108.5000,1.0000,10844.460
2.85000000e+00,3.5092650357e+197,8.3826154348e+205,1.5349194410e+19,5.8146002092e+09,2.0000000000e+02,1.1013943344e+04,1.7768920460e+04,1.0925124715e+03,1.6713991681e+03,9.3301079759e+98,108.5000,1.0000,10882.711
2.86000000e+00,3.5092650357e+197,8.3826154348e+205,1.5349194410e+19,5.8146002092e+09,2.0000000000e+02,1.1013943344e+04,1.7768920460e+04,1.0925124715e+03,1.6713991681e+03,9.3301079759e+98,108.5000,1.0000,10915.557
2.87000000e+00,3.5092650357e+197,8.3826154348e+205,1.5349194410e+19,5.8146002092e+09,2.0000000000e+02,1.1013943344e+04,1.7768920460e+04,1.0925124715e+03,1.6713991681e+03,9.3301079759e+98,108.5000,1.0000,10948.891
2.88000000e+00,3.5092650357e+197,8.3826154348e+205,1.5349194410e+19,5.8146002092e+09,2.0000000000e+02,1.1013943344e+04,1.7768920460e+04,1.0925124715e+03,1.6713991681e+03,9.3301079759e+98,108.5000,1.0000,10980.802
2.89000000e+00,3.5092650357e+197,8.3826154348e+205,1.5349194410e+19,5.8146002092e+09,2.0000000000e+02,1.1013943344e+04,1.7768920460e+04,1.0925124715e+03,1.6713991681e+03,9.3301079759e+98,108.5000,1.0000,11015.312
2.90000000e+00,3.5092650357e+197,8.3826154348e+205,1.5349194410e+19,5.8146002092e+09,2.0000000000e+02,1.1013943344e+04,1.7768920460e+04,1.0925124715e+03,1.6713991681e+03,9.3301079759e+98,108.5000,1.0000,11048.627
2.91000000e+00,3.5092650357e+197,8.3826154348e+205,1.5349194410e+19,5.8146002092e+09,2.0000000000e+02,1.1013943344e+04,1.7768920460e+04,1.0925124715e+03,1.6713991681e+03,9.3301079759e+98,108.5000,1.0000,11087.623
2.92000000e+00,3.5092650357e+197,8.3826154348e+205,1.5349194410e+19,5.8146002092e+09,2.0000000000e+02,1.1013943344e+04,1.7768920460e+04,1.0925124715e+03,1.6713991681e+03,9.3301079759e+98,108.5000,1.0000,11126.544
2.93000000e+00,3.5092650357e+197,8.3826154348e+205,1.5349194410e+19,5.8146002092e+09,2.0000000000e+02,1.1013943344e+04,1.7768920460e+04,1.0925124715e+03,1.6713991681e+03,9.3301079759e+98,108.5000,1.0000,11179.423
2.94000000e+00,3.5092650357e+197,8.3826154348e+205,1.5349194410e+19,5.8146002092e+09,2.0000000000e+02,1.1013943344e+04,1.7768920460e+04,1.0925124715e+03,1.6713991681e+03,9.3301079759e+98,108.5000,1.0000,11220.931
2.95000000e+00,3.5092650357e+197,8.3826154348e+205,1.5349194410e+19,5.8146002092e+09,2.0000000000e+02,1.1013943344e+04,1.7768920460e+04,1.0925124715e+03,1.6713991681e+03,9.3301079759e+98,108.5000,1.0000,11255.574
2.96000000e+00,3.5092650357e+197,8.3826154348e+205,1.5349194410e+19,5.8146002092e+09,2.0000000000e+02,1.1013943344e+04,1.7768920460e+04,1.0925124715e+03,1.6713991681e+03,9.3301079759e+98,108.5000,1.0000,11288.760
2.97000000e+00,3.5092650357e+197,8.3826154348e+205,1.5349194410e+19,5.8146002092e+09,2.0000000000e+02,1.1013943344e+04,1.7768920460e+04,1.0925124715e+03,1.6713991681e+03,9.3301079759e+98,108.5000,1.0000,11323.190
2.98000000e+00,3.5092650357e+197,8.3826154348e+205,1.5349194410e+19,5.8146002092e+09,2.0000000000e+02,1.1013943344e+04,1.7768920460e+04,1.0925124715e+03,1.6713991681e+03,9.3301079759e+98,108.5000,1.0000,11356.174
2.99000000e+00,3.5092650357e+197,8.3826154348e+205,1.5349194410e+19,5.8146002092e+09,2.0000000000e+02,1.1013943344e+04,1.7768920460e+04,1.0925124715e+03,1.6713991681e+03,9.3301079759e+98,108.5000,1.0000,11394.194
3.00000000e+00,3.5092650357e+197,8.3826154348e+205,1.5349194410e+19,5.8146002092e+09,2.0000000000e+02,1.1013943344e+04,1.7768920460e+04,1.0925124715e+03,1.6713991681e+03,9.3301079759e+98,108.5000,1.0000,11432.056
3.01000000e+00,3.5092650357e+197,8.3826154348e+205,1.5349194410e+19,5.8146002092e+09,2.0000000000e+02,1.1013943344e+04,1.7768920460e+04,1.0925124715e+03,1.6713991681e+03,9.3301079759e+98,108.5000,1.0000,11467.167
3.02000000e+00,3.5092650357e+197,8.3826154348e+205,1.5349194410e+19,5.8146002092e+09,2.0000000000e+02,1.1013943344e+04,1.7768920460e+04,1.0925124715e+03,1.6713991681e+03,9.3301079759e+98,108.5000,1.0000,11501.893
3.03000000e+00,3.5092650357e+197,8.3826154348e+205,1.5349194410e+19,5.8146002092e+09,2.0000000000e+02,1.1013943344e+04,1.7768920460e+04,1.0925124715e+03,1.6713991681e+03,9.3301079759e+98,108.5000,1.0000,11538.027
3.04000000e+00,3.5092650357e+197,8.3826154348e+205,1.5349194410e+19,5.8146002092e+09,2.0000000000e+02,1.1013943344e+04,1.7768920460e+04,1.0925124715e+03,1.6713991681e+03,9.3301079759e+98,108.5000,1.0000,11573.207
3.05000000e+00,3.5092650357e+197,8.3826154348e+205,1.5349194410e+19,5.8146002092e+09,2.0000000000e+02,1.1013943344e+04,1.7768920460e+04,1.0925124715e+03,1.6713991681e+03,9.3301079759e+98,108.5000,1.0000,11608.632
3.06000000e+00,3.5092650357e+197,8.3826154348e+205,1.5349194410e+19,5.8146002092e+09,2.0000000000e+02,1.1013943344e+04,1.7768920460e+04,1.0925124715e+03,1.6713991681e+03,9.3301079759e+98,108.5000,1.0000,11648.438
3.07000000e+00,3.5092650357e+197,8.3826154348e+205,1.5349194410e+19,5.8146002092e+09,2.0000000000e+02,1.1013943344e+04,1.7768920460e+04,1.0925124715e+03,1.6713991681e+03,9.3301079759e+98,108.5000,1.0000,11686.286
3.08000000e+00,3.5092650357e+197,8.3826154348e+205,1.5349194410e+19,5.8146002092e+09,2.0000000000e+02,1.1013943344e+04,1.7768920460e+04,1.0925124715e+03,1.6713991681e+03,9.3301079759e+98,108.5000,1.0000,11719.444
3.09000000e+00,3.5092650357e+197,8.3826154348e+205,1.5349194410e+19,5.8146002092e+09,2.0000000000e+02,1.1013943344e+04,1.7768920460e+04,1.0925124715e+03,1.6713991681e+03,9.3301079759e+98,108.5000,1.0000,11760.979
3.10000000e+00,3.5092650357e+197,8.3826154348e+205,1.5349194410e+19,5.8146002092e+09,2.0000000000e+02,1.1013943344e+04,1.7768920460e+04,1.0925124715e+03,1.6713991681e+03,9.3301079759e+98,108.5000,1.0000,11795.082
3.11000000e+00,3.5092650357e+197,8.3826154348e+205,1.5349194410e+19,5.8146002092e+09,2.0000000000e+02,1.1013943344e+04,1.7768920460e+04,1.0925124715e+03,1.6713991681e+03,9.3301079759e+98,108.5000,1.0000,11828.203
3.12000000e+00,3.5092650357e+197,8.3826154348e+205,1.5349194410e+19,5.8146002092e+09,2.0000000000e+02,1.1013943344e+04,1.7768920460e+04,1.0925124715e+03,1.6713991681e+03,9.3301079759e+98,108.5000,1.0000,11866.071
3.13000000e+00,3.5092650357e+197,8.3826154348e+205,1.5349194410e+19,5.8146002092e+09,2.0000000000e+02,1.1013943344e+04,1.7768920460e+04,1.0925124715e+03,1.6713991681e+03,9.3301079759e+98,108.5000,1.0000,11899.932
3.14000000e+00,3.5092650357e+197,8.3826154348e+205,1.5349194410e+19,5.8146002092e+09,2.0000000000e+02,1.1013943344e+04,1.7768920460e+04,1.0925124715e+03,1.6713991681e+03,9.3301079759e+98,108.5000,1.0000,11940.072
3.15000000e+00,3.5092650357e+197,8.3826154348e+205,1.5349194410e+19,5.8146002092e+09,2.0000000000e+02,1.1013943344e+04,1.7768920460e+04,1.0925124715e+03,1.6713991681e+03,9.3301079759e+98,108.5000,1.0000,11977.838
3.16000000e+00,3.5092650357e+197,8.3826154348e+205,1.5349194410e+19,5.8146002092e+09,2.0000000000e+02,1.1013943344e+04,1.7768920460e+04,1.0925124715e+03,1.6713991681e+03,9.3301079759e+98,108.5000,1.0000,12016.871
3.17000000e+00,3.5092650357e+197,8.3826154348e+205,1.5349194410e+19,5.8146002092e+09,2.0000000000e+02,1.1013943344e+04,1.7768920460e+04,1.0925124715e+03,1.6713991681e+03,9.3301079759e+98,108.5000,1.0000,12049.294
3.18000000e+00,3.5092650357e+197,8.3826154348e+205,1.5349194410e+19,5.8146002092e+09,2.0000000000e+02,1.1013943344e+04,1.7768920460e+04,1.0925124715e+03,1.6713991681e+03,9.3301079759e+98,108.5000,1.0000,12091.358
3.19000000e+00,3.5092650357e+197,8.3826154348e+205,1.5349194410e+19,5.8146002092e+09,2.0000000000e+02,1.1013943344e+04,1.7768920460e+04,1.0925124715e+03,1.6713991681e+03,9.3301079759e+98,108.5000,1.0000,12131.411
3.20000000e+00,3.5092650357e+197,8.3826154348e+205,1.5349194410e+19,5.8146002092e+09,2.0000000000e+02,1.1013943344e+04,1.7768920460e+04,1.0925124715e+03,1.6713991681e+03,9.3301079759e+98,108.5000,1.0000,12166.381
3.21000000e+00,3.5092650357e+197,8.3826154348e+205,1.5349194410e+19,5.8146002092e+09,2.0000000000e+02,1.1013943344e+04,1.7768920460e+04,1.0925124715e+03,1.6713991681e+03,9.3301079759e+98,108.5000,1.0000,12199.442
3.22000000e+00,3.5092650357e+197,8.3826154348e+205,1.5349194410e+19,5.8146002092e+09,2.0000000000e+02,1.1013943344e+04,1.7768920460e+04,1.0925124715e+03,1.6713991681e+03,9.3301079759e+98,108.5000,1.0000,12232.593
3.23000000e+00,3.5092650357e+197,8.3826154348e+205,1.5349194410e+19,5.8146002092e+09,2.0000000000e+02,1.1013943344e+04,1.7768920460e+04,1.0925124715e+03,1.6713991681e+03,9.3301079759e+98,108.5000,1.0000,12265.116
3.24000000e+00,3.5092650357e+197,8.3826154348e+205,1.5349194410e+19,5.8146002092e+09,2.0000000000e+02,1.1013943344e+04,1.7768920460e+04,1.0925124715e+03,1.6713991681e+03,9.3301079759e+98,108.5000,1.0000,12301.295
3.25000000e+00,3.5092650357e+197,8.3826154348e+205,1.5349194410e+19,5.8146002092e+09,2.0000000000e+02,1.1013943344e+04,1.7768920460e+04,1.0925124715e+03,1.6713991681e+03,9.3301079759e+98,108.5000,1.0000,12337.976
3.26000000e+00,3.5092650357e+197,8.3826154348e+205,1.5349194410e+19,5.8146002092e+09,2.0000000000e+02,1.1013943344e+04,1.7768920460e+04,1.0925124715e+03,1.6713991681e+03,9.3301079759e+98,108.5000,1.0000,12375.881
3.27000000e+00,3.5092650357e+197,8.3826154348e+205,1.5349194410e+19,5.8146002092e+09,2.0000000000e+02,1.1013943344e+04,1.7768920460e+04,1.0925124715e+03,1.6713991681e+03,9.3301079759e+98,108.5000,1.0000,12410.002
3.28000000e+00,3.5092650357e+197,8.3826154348e+205,1.5349194410e+19,5.8146002092e+09,2.0000000000e+02,1.1013943344e+04,1.7768920460e+04,1.0925124715e+03,1.6713991681e+03,9.3301079759e+98,108.5000,1.0000,12442.865
3.29000000e+00,3.5092650357e+197,8.3826154348e+205,1.5349194410e+19,5.8146002092e+09,2.0000000000e+02,1.1013943344e+04,1.7768920460e+04,1.0925124715e+03,1.6713991681e+03,9.3301079759e+98,108.5000,1.0000,12476.871
3.30000000e+00,3.5092650357e+197,8.3826154348e+205,1.5349194410e+19,5.8146002092e+09,2.0000000000e+02,1.1013943344e+04,1.7768920460e+04,1.0925124715e+03,1.6713991681e+03,9.3301079759e+98,108.5000,1.0000,12516.921
3.31000000e+00,3.5092650357e+197,8.3826154348e+205,1.5349194410e+19,5.8146002092e+09,2.0000000000e+02,1.1013943344e+04,1.7768920460e+04,1.0925124715e+03,1.6713991681e+03,9.3301079759e+98,108.5000,1.0000,12550.918
3.32000000e+00,3.5092650357e+197,8.3826154348e+205,1.5349194410e+19,5.8146002092e+09,2.0000000000e+02,1.1013943344e+04,1.7768920460e+04,1.0925124715e+03,1.6713991681e+03,9.3301079759e+98,108.5000,1.0000,12586.155
3.33000000e+00,3.5092650357e+197,8.3826154348e+205,1.5349194410e+19,5.8146002092e+09,2.0000000000e+02,1.1013943344e+04,1.7768920460e+04,1.0925124715e+03,1.6713991681e+03,9.3301079759e+98,108.5000,1.0000,12627.206
3.34000000e+00,3.5092650357e+197,8.3826154348e+205,1.5349194410e+19,5.8146002092e+09,2.0000000000e+02,1.1013943344e+04,1.7768920460e+04,1.0925124715e+03,1.6713991681e+03,9.3301079759e+98,108.5000,1.0000,12671.348
3.35000000e+00,3.5092650357e+197,8.3826154348e+205,1.5349194410e+19,5.8146002092e+09,2.0000000000e+02,1.1013943344e+04,1.7768920460e+04,1.0925124715e+03,1.6713991681e+03,9.3301079759e+98,108.5000,1.0000,12705.778
3.36000000e+00,3.5092650357e+197,8.3826154348e+205,1.5349194410e+19,5.8146002092e+09,2.0000000000e+02,1.1013943344e+04,1.7768920460e+04,1.0925124715e+03,1.6713991681e+03,9.3301079759e+98,108.5000,1.0000,12743.424
3.37000000e+00,3.5092650357e+197,8.3826154348e+205,1.5349194410e+19,5.8146002092e+09,2.0000000000e+02,1.1013943344e+04,1.7768920460e+04,1.0925124715e+03,1.6713991681e+03,9.3301079759e+98,108.5000,1.0000,12775.839
3.38000000e+00,3.5092650357e+197,8.3826154348e+205,1.5349194410e+19,5.8146002092e+09,2.0000000000e+02,1.1013943344e+04,1.7768920460e+04,1.0925124715e+03,1.6713991681e+03,9.3301079759e+98,108.5000,1.0000,12817.067
3.39000000e+00,3.5092650357e+197,8.3826154348e+205,1.5349194410e+19,5.8146002092e+09,2.0000000000e+02,1.1013943344e+04,1.7768920460e+04,1.0925124715e+03,1.6713991681e+03,9.3301079759e+98,108.5000,1.0000,12864.452
3.40000000e+00,3.5092650357e+197,8.3826154348e+205,1.5349194410e+19,5.8146002092e+09,2.0000000000e+02,1.1013943344e+04,1.7768920460e+04,1.0925124715e+03,1.6713991681e+03,9.3301079759e+98,108.5000,1.0000,12909.553
3.41000000e+00,3.5092650357e+197,8.3826154348e+205,1.5349194410e+19,5.8146002092e+09,2.0000000000e+02,1.1013943344e+04,1.7768920460e+04,1.0925124715e+03,1.6713991681e+03,9.3301079759e+98,108.5000,1.0000,12941.399
3.42000000e+00,3.5092650357e+197,8.3826154348e+205,1.5349194410e+19,5.8146002092e+09,2.0000000000e+02,1.1013943344e+04,1.7768920460e+04,1.0925124715e+03,1.6713991681e+03,9.3301079759e+98,108.5000,1.0000,12974.749
3.43000000e+00,3.5092650357e+197,8.3826154348e+205,1.5349194410e+19,5.8146002092e+09,2.0000000000e+02,1.1013943344e+04,1.7768920460e+04,1.0925124715e+03,1.6713991681e+03,9.3301079759e+98,108.5000,1.0000,13008.451
3.44000000e+00,3.5092650357e+197,8.3826154348e+205,1.5349194410e+19,5.8146002092e+09,2.0000000000e+02,1.1013943344e+04,1.7768920460e+04,1.0925124715e+03,1.6713991681e+03,9.3301079759e+98,108.5000,1.0000,13041.953
3.45000000e+00,3.5092650357e+197,8.3826154348e+205,1.5349194410e+19,5.8146002092e+09,2.0000000000e+02,1.1013943344e+04,1.7768920460e+04,1.0925124715e+03,1.6713991681e+03,9.3301079759e+98,108.5000,1.0000,13081.726
3.46000000e+00,3.5092650357e+197,8.3826154348e+205,1.5349194410e+19,5.8146002092e+09,2.0000000000e+02,1.1013943344e+04,1.7768920460e+04,1.0925124715e+03,1.6713991681e+03,9.3301079759e+98,108.5000,1.0000,13117.139
3.47000000e+00,3.5092650357e+197,8.3826154348e+205,1.5349194410e+19,5.8146002092e+09,2.0000000000e+02,1.1013943344e+04,1.7768920460e+04,1.0925124715e+03,1.6713991681e+03,9.3301079759e+98,108.5000,1.0000,13151.584
3.48000000e+00,3.5092650357e+197,8.3826154348e+205,1.5349194410e+19,5.8146002092e+09,2.0000000000e+02,1.1013943344e+04,1.7768920460e+04,1.0925124715e+03,1.6713991681e+03,9.3301079759e+98,108.5000,1.0000,13183.313
3.49000000e+00,3.5092650357e+197,8.3826154348e+205,1.5349194410e+19,5.8146002092e+09,2.0000000000e+02,1.1013943344e+04,1.7768920460e+04,1.0925124715e+03,1.6713991681e+03,9.3301079759e+98,108.5000,1.0000,13222.398
3.50000000e+00,3.5092650357e+197,8.3826154348e+205,1.5349194410e+19,5.8146002092e+09,2.0000000000e+02,1.1013943344e+04,1.7768920460e+04,1.0925124715e+03,1.6713991681e+03,9.3301079759e+98,108.5000,1.0000,13258.080
3.51000000e+00,3.5092650357e+197,8.3826154348e+205,1.5349194410e+19,5.8146002092e+09,2.0000000000e+02,1.1013943344e+04,1.7768920460e+04,1.0925124715e+03,1.6713991681e+03,9.3301079759e+98,108.5000,1.0000,13290.462
3.52000000e+00,3.5092650357e+197,8.3826154348e+205,1.5349194410e+19,5.8146002092e+09,2.0000000000e+02,1.1013943344e+04,1.7768920460e+04,1.0925124715e+03,1.6713991681e+03,9.3301079759e+98,108.5000,1.0000,13324.787
3.53000000e+00,3.5092650357e+197,8.3826154348e+205,1.5349194410e+19,5.8146002092e+09,2.0000000000e+02,1.1013943344e+04,1.7768920460e+04,1.0925124715e+03,1.6713991681e+03,9.3301079759e+98,108.5000,1.0000,13357.360
3.54000000e+00,3.5092650357e+197,8.3826154348e+205,1.5349194410e+19,5.8146002092e+09,2.0000000000e+02,1.1013943344e+04,1.7768920460e+04,1.0925124715e+03,1.6713991681e+03,9.3301079759e+98,108.5000,1.0000,13392.605
3.55000000e+00,3.5092650357e+197,8.3826154348e+205,1.5349194410e+19,5.8146002092e+09,2.0000000000e+02,1.1013943344e+04,1.7768920460e+04,1.0925124715e+03,1.6713991681e+03,9.3301079759e+98,108.5000,1.0000,13430.241
3.56000000e+00,3.5092650357e+197,8.3826154348e+205,1.5349194410e+19,5.8146002092e+09,2.0000000000e+02,1.1013943344e+04,1.7768920460e+04,1.0925124715e+03,1.6713991681e+03,9.3301079759e+98,108.5000,1.0000,13469.264
3.57000000e+00,3.5092650357e+197,8.3826154348e+205,1.5349194410e+19,5.8146002092e+09,2.0000000000e+02,1.1013943344e+04,1.7768920460e+04,1.0925124715e+03,1.6713991681e+03,9.3301079759e+98,108.5000,1.0000,13501.351
3.58000000e+00,3.5092650357e+197,8.3826154348e+205,1.5349194410e+19,5.8146002092e+09,2.0000000000e+02,1.1013943344e+04,1.7768920460e+04,1.0925124715e+03,1.6713991681e+03,9.3301079759e+98,108.5000,1.0000,13538.059
3.59000000e+00,3.5092650357e+197,8.3826154348e+205,1.5349194410e+19,5.8146002092e+09,2.0000000000e+02,1.1013943344e+04,1.7768920460e+04,1.0925124715e+03,1.6713991681e+03,9.3301079759e+98,108.5000,1.0000,13580.975
3.60000000e+00,3.5092650357e+197,8.3826154348e+205,1.5349194410e+19,5.8146002092e+09,2.0000000000e+02,1.1013943344e+04,1.7768920460e+04,1.0925124715e+03,1.6713991681e+03,9.3301079759e+98,108.5000,1.0000,13620.169
3.61000000e+00,3.5092650357e+197,8.3826154348e+205,1.5349194410e+19,5.8146002092e+09,2.0000000000e+02,1.1013943344e+04,1.7768920460e+04,1.0925124715e+03,1.6713991681e+03,9.3301079759e+98,108.5000,1.0000,13654.279
3.62000000e+00,3.5092650357e+197,8.3826154348e+205,1.5349194410e+19,5.8146002092e+09,2.0000000000e+02,1.1013943344e+04,1.7768920460e+04,1.0925124715e+03,1.6713991681e+03,9.3301079759e+98,108.5000,1.0000,13689.045
3.63000000e+00,3.5092650357e+197,8.3826154348e+205,1.5349194410e+19,5.8146002092e+09,2.0000000000e+02,1.1013943344e+04,1.7768920460e+04,1.0925124715e+03,1.6713991681e+03,9.3301079759e+98,108.5000,1.0000,13729.245
3.64000000e+00,3.5092650357e+197,8.3826154348e+205,1.5349194410e+19,5.8146002092e+09,2.0000000000e+02,1.1013943344e+04,1.7768920460e+04,1.0925124715e+03,1.6713991681e+03,9.3301079759e+98,108.5000,1.0000,13763.132
3.65000000e+00,3.5092650357e+197,8.3826154348e+205,1.5349194410e+19,5.8146002092e+09,2.0000000000e+02,1.1013943344e+04,1.7768920460e+04,1.0925124715e+03,1.6713991681e+03,9.3301079759e+98,108.5000,1.0000,13797.759
3.66000000e+00,3.5092650357e+197,8.3826154348e+205,1.5349194410e+19,5.8146002092e+09,2.0000000000e+02,1.1013943344e+04,1.7768920460e+04,1.0925124715e+03,1.6713991681e+03,9.3301079759e+98,108.5000,1.0000,13832.771
3.67000000e+00,3.5092650357e+197,8.3826154348e+205,1.5349194410e+19,5.8146002092e+09,2.0000000000e+02,1.1013943344e+04,1.7768920460e+04,1.0925124715e+03,1.6713991681e+03,9.3301079759e+98,108.5000,1.0000,13866.135
3.68000000e+00,3.5092650357e+197,8.3826154348e+205,1.5349194410e+19,5.8146002092e+09,2.0000000000e+02,1.1013943344e+04,1.7768920460e+04,1.0925124715e+03,1.6713991681e+03,9.3301079759e+98,108.5000,1.0000,13898.450
3.69000000e+00,3.5092650357e+197,8.3826154348e+205,1.5349194410e+19,5.8146002092e+09,2.0000000000e+02,1.1013943344e+04,1.7768920460e+04,1.0925124715e+03,1.6713991681e+03,9.3301079759e+98,108.5000,1.0000,13935.694
3.70000000e+00,3.5092650357e+197,8.3826154348e+205,1.5349194410e+19,5.8146002092e+09,2.0000000000e+02,1.1013943344e+04,1.7768920460e+04,1.0925124715e+03,1.6713991681e+03,9.3301079759e+98,108.5000,1.0000,13969.447
3.71000000e+00,3.5092650357e+197,8.3826154348e+205,1.5349194410e+19,5.8146002092e+09,2.0000000000e+02,1.1013943344e+04,1.7768920460e+04,1.0925124715e+03,1.6713991681e+03,9.3301079759e+98,108.5000,1.0000,14007.959
3.72000000e+00,3.5092650357e+197,8.3826154348e+205,1.5349194410e+19,5.8146002092e+09,2.0000000000e+02,1.1013943344e+04,1.7768920460e+04,1.0925124715e+03,1.6713991681e+03,9.3301079759e+98,108.5000,1.0000,14040.709
3.73000000e+00,3.5092650357e+197,8.3826154348e+205,1.5349194410e+19,5.8146002092e+09,2.0000000000e+02,1.1013943344e+04,1.7768920460e+04,1.0925124715e+03,1.6713991681e+03,9.3301079759e+98,108.5000,1.0000,14075.127
3.74000000e+00,3.5092650357e+197,8.3826154348e+205,1.5349194410e+19,5.8146002092e+09,2.0000000000e+02,1.1013943344e+04,1.7768920460e+04,1.0925124715e+03,1.6713991681e+03,9.3301079759e+98,108.5000,1.0000,14110.601
3.75000000e+00,3.5092650357e+197,8.3826154348e+205,1.5349194410e+19,5.8146002092e+09,2.0000000000e+02,1.1013943344e+04,1.7768920460e+04,1.0925124715e+03,1.6713991681e+03,9.3301079759e+98,108.5000,1.0000,14143.596
3.76000000e+00,3.5092650357e+197,8.3826154348e+205,1.5349194410e+19,5.8146002092e+09,2.0000000000e+02,1.1013943344e+04,1.7768920460e+04,1.0925124715e+03,1.6713991681e+03,9.3301079759e+98,108.5000,1.0000,14177.825
3.77000000e+00,3.5092650357e+197,8.3826154348e+205,1.5349194410e+19,5.8146002092e+09,2.0000000000e+02,1.1013943344e+04,1.7768920460e+04,1.0925124715e+03,1.6713991681e+03,9.3301079759e+98,108.5000,1.0000,14211.318
3.78000000e+00,3.5092650357e+197,8.3826154348e+205,1.5349194410e+19,5.8146002092e+09,2.0000000000e+02,1.1013943344e+04,1.7768920460e+04,1.0925124715e+03,1.6713991681e+03,9.3301079759e+98,108.5000,1.0000,14243.776
3.79000000e+00,3.5092650357e+197,8.3826154348e+205,1.5349194410e+19,5.8146002092e+09,2.0000000000e+02,1.1013943344e+04,1.7768920460e+04,1.0925124715e+03,1.6713991681e+03,9.3301079759e+98,108.5000,1.0000,14277.049
3.80000000e+00,3.5092650357e+197,8.3826154348e+205,1.5349194410e+19,5.8146002092e+09,2.0000000000e+02,1.1013943344e+04,1.7768920460e+04,1.0925124715e+03,1.6713991681e+03,9.3301079759e+98,108.5000,1.0000,14310.571
3.81000000e+00,3.5092650357e+197,8.3826154348e+205,1.5349194410e+19,5.8146002092e+09,2.0000000000e+02,1.1013943344e+04,1.7768920460e+04,1.0925124715e+03,1.6713991681e+03,9.3301079759e+98,108.5000,1.0000,14343.937
3.82000000e+00,3.5092650357e+197,8.3826154348e+205,1.5349194410e+19,5.8146002092e+09,2.0000000000e+02,1.1013943344e+04,1.7768920460e+04,1.0925124715e+03,1.6713991681e+03,9.3301079759e+98,108.5000,1.0000,14376.436
3.83000000e+00,3.5092650357e+197,8.3826154348e+205,1.5349194410e+19,5.8146002092e+09,2.0000000000e+02,1.1013943344e+04,1.7768920460e+04,1.0925124715e+03,1.6713991681e+03,9.3301079759e+98,108.5000,1.0000,14409.786
3.84000000e+00,3.5092650357e+197,8.3826154348e+205,1.5349194410e+19,5.8146002092e+09,2.0000000000e+02,1.1013943344e+04,1.7768920460e+04,1.0925124715e+03,1.6713991681e+03,9.3301079759e+98,108.5000,1.0000,14443.695
3.85000000e+00,3.5092650357e+197,8.3826154348e+205,1.5349194410e+19,5.8146002092e+09,2.0000000000e+02,1.1013943344e+04,1.7768920460e+04,1.0925124715e+03,1.6713991681e+03,9.3301079759e+98,108.5000,1.0000,14477.544
3.86000000e+00,3.5092650357e+197,8.3826154348e+205,1.5349194410e+19,5.8146002092e+09,2.0000000000e+02,1.1013943344e+04,1.7768920460e+04,1.0925124715e+03,1.6713991681e+03,9.3301079759e+98,108.5000,1.0000,14510.794
3.87000000e+00,3.5092650357e+197,8.3826154348e+205,1.5349194410e+19,5.8146002092e+09,2.0000000000e+02,1.1013943344e+04,1.7768920460e+04,1.0925124715e+03,1.6713991681e+03,9.3301079759e+98,108.5000,1.0000,14543.564
3.88000000e+00,3.5092650357e+197,8.3826154348e+205,1.5349194410e+19,5.8146002092e+09,2.0000000000e+02,1.1013943344e+04,1.7768920460e+04,1.0925124715e+03,1.6713991681e+03,9.3301079759e+98,108.5000,1.0000,14577.349
3.89000000e+00,3.5092650357e+197,8.3826154348e+205,1.5349194410e+19,5.8146002092e+09,2.0000000000e+02,1.1013943344e+04,1.7768920460e+04,1.0925124715e+03,1.6713991681e+03,9.3301079759e+98,108.5000,1.0000,14610.576
3.90000000e+00,3.5092650357e+197,8.3826154348e+205,1.5349194410e+19,5.8146002092e+09,2.0000000000e+02,1.1013943344e+04,1.7768920460e+04,1.0925124715e+03,1.6713991681e+03,9.3301079759e+98,108.5000,1.0000,14644.958
3.91000000e+00,3.5092650357e+197,8.3826154348e+205,1.5349194410e+19,5.8146002092e+09,2.0000000000e+02,1.1013943344e+04,1.7768920460e+04,1.0925124715e+03,1.6713991681e+03,9.3301079759e+98,108.5000,1.0000,14679.075
3.92000000e+00,3.5092650357e+197,8.3826154348e+205,1.5349194410e+19,5.8146002092e+09,2.0000000000e+02,1.1013943344e+04,1.7768920460e+04,1.0925124715e+03,1.6713991681e+03,9.3301079759e+98,108.5000,1.0000,14714.831
3.93000000e+00,3.5092650357e+197,8.3826154348e+205,1.5349194410e+19,5.8146002092e+09,2.0000000000e+02,1.1013943344e+04,1.7768920460e+04,1.0925124715e+03,1.6713991681e+03,9.3301079759e+98,108.5000,1.0000,14747.177
3.94000000e+00,3.5092650357e+197,8.3826154348e+205,1.5349194410e+19,5.8146002092e+09,2.0000000000e+02,1.1013943344e+04,1.7768920460e+04,1.0925124715e+03,1.6713991681e+03,9.3301079759e+98,108.5000,1.0000,14780.732
3.95000000e+00,3.5092650357e+197,8.3826154348e+205,1.5349194410e+19,5.8146002092e+09,2.0000000000e+02,1.1013943344e+04,1.7768920460e+04,1.0925124715e+03,1.6713991681e+03,9.3301079759e+98,108.5000,1.0000,14813.234
3.96000000e+00,3.5092650357e+197,8.3826154348e+205,1.5349194410e+19,5.8146002092e+09,2.0000000000e+02,1.1013943344e+04,1.7768920460e+04,1.0925124715e+03,1.6713991681e+03,9.3301079759e+98,108.5000,1.0000,14845.433
3.97000000e+00,3.5092650357e+197,8.3826154348e+205,1.5349194410e+19,5.8146002092e+09,2.0000000000e+02,1.1013943344e+04,1.7768920460e+04,1.0925124715e+03,1.6713991681e+03,9.3301079759e+98,108.5000,1.0000,14878.731
3.98000000e+00,3.5092650357e+197,8.3826154348e+205,1.5349194410e+19,5.8146002092e+09,2.0000000000e+02,1.1013943344e+04,1.7768920460e+04,1.0925124715e+03,1.6713991681e+03,9.3301079759e+98,108.5000,1.0000,14912.781
3.99000000e+00,3.5092650357e+197,8.3826154348e+205,1.5349194410e+19,5.8146002092e+09,2.0000000000e+02,1.1013943344e+04,1.7768920460e+04,1.0925124715e+03,1.6713991681e+03,9.3301079759e+98,108.5000,1.0000,14946.104
4.00000000e+00,3.5092650357e+197,8.3826154348e+205,1.5349194410e+19,5.8146002092e+09,2.0000000000e+02,1.1013943344e+04,1.7768920460e+04,1.0925124715e+03,1.6713991681e+03,9.3301079759e+98,108.5000,1.0000,14982.799
4.01000000e+00,3.5092650357e+197,8.3826154348e+205,1.5349194410e+19,5.8146002092e+09,2.0000000000e+02,1.1013943344e+04,1.7768920460e+04,1.0925124715e+03,1.6713991681e+03,9.3301079759e+98,108.5000,1.0000,15015.231
4.02000000e+00,3.5092650357e+197,8.3826154348e+205,1.5349194410e+19,5.8146002092e+09,2.0000000000e+02,1.1013943344e+04,1.7768920460e+04,1.0925124715e+03,1.6713991681e+03,9.3301079759e+98,108.5000,1.0000,15048.261
4.03000000e+00,3.5092650357e+197,8.3826154348e+205,1.5349194410e+19,5.8146002092e+09,2.0000000000e+02,1.1013943344e+04,1.7768920460e+04,1.0925124715e+03,1.6713991681e+03,9.3301079759e+98,108.5000,1.0000,15088.589
4.04000000e+00,3.5092650357e+197,8.3826154348e+205,1.5349194410e+19,5.8146002092e+09,2.0000000000e+02,1.1013943344e+04,1.7768920460e+04,1.0925124715e+03,1.6713991681e+03,9.3301079759e+98,108.5000,1.0000,15120.935
4.05000000e+00,3.5092650357e+197,8.3826154348e+205,1.5349194410e+19,5.8146002092e+09,2.0000000000e+02,1.1013943344e+04,1.7768920460e+04,1.0925124715e+03,1.6713991681e+03,9.3301079759e+98,108.5000,1.0000,15157.091
4.06000000e+00,3.5092650357e+197,8.3826154348e+205,1.5349194410e+19,5.8146002092e+09,2.0000000000e+02,1.1013943344e+04,1.7768920460e+04,1.0925124715e+03,1.6713991681e+03,9.3301079759e+98,108.5000,1.0000,15190.048
4.07000000e+00,3.5092650357e+197,8.3826154348e+205,1.5349194410e+19,5.8146002092e+09,2.0000000000e+02,1.1013943344e+04,1.7768920460e+04,1.0925124715e+03,1.6713991681e+03,9.3301079759e+98,108.5000,1.0000,15222.153
4.08000000e+00,3.5092650357e+197,8.3826154348e+205,1.5349194410e+19,5.8146002092e+09,2.0000000000e+02,1.1013943344e+04,1.7768920460e+04,1.0925124715e+03,1.6713991681e+03,9.3301079759e+98,108.5000,1.0000,15254.835
4.09000000e+00,3.5092650357e+197,8.3826154348e+205,1.5349194410e+19,5.8146002092e+09,2.0000000000e+02,1.1013943344e+04,1.7768920460e+04,1.0925124715e+03,1.6713991681e+03,9.3301079759e+98,108.5000,1.0000,15289.705
4.10000000e+00,3.5092650357e+197,8.3826154348e+205,1.5349194410e+19,5.8146002092e+09,2.0000000000e+02,1.1013943344e+04,1.7768920460e+04,1.0925124715e+03,1.6713991681e+03,9.3301079759e+98,108.5000,1.0000,15321.913
4.11000000e+00,3.5092650357e+197,8.3826154348e+205,1.5349194410e+19,5.8146002092e+09,2.0000000000e+02,1.1013943344e+04,1.7768920460e+04,1.0925124715e+03,1.6713991681e+03,9.3301079759e+98,108.5000,1.0000,15354.410
4.12000000e+00,3.5092650357e+197,8.3826154348e+205,1.5349194410e+19,5.8146002092e+09,2.0000000000e+02,1.1013943344e+04,1.7768920460e+04,1.0925124715e+03,1.6713991681e+03,9.3301079759e+98,108.5000,1.0000,15389.177
4.13000000e+00,3.5092650357e+197,8.3826154348e+205,1.5349194410e+19,5.8146002092e+09,2.0000000000e+02,1.1013943344e+04,1.7768920460e+04,1.0925124715e+03,1.6713991681e+03,9.3301079759e+98,108.5000,1.0000,15421.754
4.14000000e+00,3.5092650357e+197,8.3826154348e+205,1.5349194410e+19,5.8146002092e+09,2.0000000000e+02,1.1013943344e+04,1.7768920460e+04,1.0925124715e+03,1.6713991681e+03,9.3301079759e+98,108.5000,1.0000,15454.296
4.15000000e+00,3.5092650357e+197,8.3826154348e+205,1.5349194410e+19,5.8146002092e+09,2.0000000000e+02,1.1013943344e+04,1.7768920460e+04,1.0925124715e+03,1.6713991681e+03,9.3301079759e+98,108.5000,1.0000,15488.447
4.16000000e+00,3.5092650357e+197,8.3826154348e+205,1.5349194410e+19,5.8146002092e+09,2.0000000000e+02,1.1013943344e+04,1.7768920460e+04,1.0925124715e+03,1.6713991681e+03,9.3301079759e+98,108.5000,1.0000,15520.783
4.17000000e+00,3.5092650357e+197,8.3826154348e+205,1.5349194410e+19,5.8146002092e+09,2.0000000000e+02,1.1013943344e+04,1.7768920460e+04,1.0925124715e+03,1.6713991681e+03,9.3301079759e+98,108.5000,1.0000,15554.380
4.18000000e+00,3.5092650357e+197,8.3826154348e+205,1.5349194410e+19,5.8146002092e+09,2.0000000000e+02,1.1013943344e+04,1.7768920460e+04,1.0925124715e+03,1.6713991681e+03,9.3301079759e+98,108.5000,1.0000,15589.658
4.19000000e+00,3.5092650357e+197,8.3826154348e+205,1.5349194410e+19,5.8146002092e+09,2.0000000000e+02,1.1013943344e+04,1.7768920460e+04,1.0925124715e+03,1.6713991681e+03,9.3301079759e+98,108.5000,1.0000,15623.001
4.20000000e+00,3.5092650357e+197,8.3826154348e+205,1.5349194410e+19,5.8146002092e+09,2.0000000000e+02,1.1013943344e+04,1.7768920460e+04,1.0925124715e+03,1.6713991681e+03,9.3301079759e+98,108.5000,1.0000,15655.698
4.21000000e+00,3.5092650357e+197,8.3826154348e+205,1.5349194410e+19,5.8146002092e+09,2.0000000000e+02,1.1013943344e+04,1.7768920460e+04,1.0925124715e+03,1.6713991681e+03,9.3301079759e+98,108.5000,1.0000,15688.218
4.22000000e+00,3.5092650357e+197,8.3826154348e+205,1.5349194410e+19,5.8146002092e+09,2.0000000000e+02,1.1013943344e+04,1.7768920460e+04,1.0925124715e+03,1.6713991681e+03,9.3301079759e+98,108.5000,1.0000,15724.570
4.23000000e+00,3.5092650357e+197,8.3826154348e+205,1.5349194410e+19,5.8146002092e+09,2.0000000000e+02,1.1013943344e+04,1.7768920460e+04,1.0925124715e+03,1.6713991681e+03,9.3301079759e+98,108.5000,1.0000,15756.956
4.24000000e+00,3.5092650357e+197,8.3826154348e+205,1.5349194410e+19,5.8146002092e+09,2.0000000000e+02,1.1013943344e+04,1.7768920460e+04,1.0925124715e+03,1.6713991681e+03,9.3301079759e+98,108.5000,1.0000,15790.095
4.25000000e+00,3.5092650357e+197,8.3826154348e+205,1.5349194410e+19,5.8146002092e+09,2.0000000000e+02,1.1013943344e+04,1.7768920460e+04,1.0925124715e+03,1.6713991681e+03,9.3301079759e+98,108.5000,1.0000,15825.275
4.26000000e+00,3.5092650357e+197,8.3826154348e+205,1.5349194410e+19,5.8146002092e+09,2.0000000000e+02,1.1013943344e+04,1.7768920460e+04,1.0925124715e+03,1.6713991681e+03,9.3301079759e+98,108.5000,1.0000,15859.414
4.27000000e+00,3.5092650357e+197,8.3826154348e+205,1.5349194410e+19,5.8146002092e+09,2.0000000000e+02,1.1013943344e+04,1.7768920460e+04,1.0925124715e+03,1.6713991681e+03,9.3301079759e+98,108.5000,1.0000,15892.999
4.28000000e+00,3.5092650357e+197,8.3826154348e+205,1.5349194410e+19,5.8146002092e+09,2.0000000000e+02,1.1013943344e+04,1.7768920460e+04,1.0925124715e+03,1.6713991681e+03,9.3301079759e+98,108.5000,1.0000,15925.426
4.29000000e+00,3.5092650357e+197,8.3826154348e+205,1.5349194410e+19,5.8146002092e+09,2.0000000000e+02,1.1013943344e+04,1.7768920460e+04,1.0925124715e+03,1.6713991681e+03,9.3301079759e+98,108.5000,1.0000,15957.642
4.30000000e+00,3.5092650357e+197,8.3826154348e+205,1.5349194410e+19,5.8146002092e+09,2.0000000000e+02,1.1013943344e+04,1.7768920460e+04,1.0925124715e+03,1.6713991681e+03,9.3301079759e+98,108.5000,1.0000,15989.934
4.31000000e+00,3.5092650357e+197,8.3826154348e+205,1.5349194410e+19,5.8146002092e+09,2.0000000000e+02,1.1013943344e+04,1.7768920460e+04,1.0925124715e+03,1.6713991681e+03,9.3301079759e+98,108.5000,1.0000,16022.357
4.32000000e+00,3.5092650357e+197,8.3826154348e+205,1.5349194410e+19,5.8146002092e+09,2.0000000000e+02,1.1013943344e+04,1.7768920460e+04,1.0925124715e+03,1.6713991681e+03,9.3301079759e+98,108.5000,1.0000,16054.460
4.33000000e+00,3.5092650357e+197,8.3826154348e+205,1.5349194410e+19,5.8146002092e+09,2.0000000000e+02,1.1013943344e+04,1.7768920460e+04,1.0925124715e+03,1.6713991681e+03,9.3301079759e+98,108.5000,1.0000,16087.332
4.34000000e+00,3.5092650357e+197,8.3826154348e+205,1.5349194410e+19,5.8146002092e+09,2.0000000000e+02,1.1013943344e+04,1.7768920460e+04,1.0925124715e+03,1.6713991681e+03,9.3301079759e+98,108.5000,1.0000,16119.824
4.35000000e+00,3.5092650357e+197,8.3826154348e+205,1.5349194410e+19,5.8146002092e+09,2.0000000000e+02,1.1013943344e+04,1.7768920460e+04,1.0925124715e+03,1.6713991681e+03,9.3301079759e+98,108.5000,1.0000,16151.938
4.36000000e+00,3.5092650357e+197,8.3826154348e+205,1.5349194410e+19,5.8146002092e+09,2.0000000000e+02,1.1013943344e+04,1.7768920460e+04,1.0925124715e+03,1.6713991681e+03,9.3301079759e+98,108.5000,1.0000,16186.980
4.37000000e+00,3.5092650357e+197,8.3826154348e+205,1.5349194410e+19,5.8146002092e+09,2.0000000000e+02,1.1013943344e+04,1.7768920460e+04,1.0925124715e+03,1.6713991681e+03,9.3301079759e+98,108.5000,1.0000,16220.774
4.38000000e+00,3.5092650357e+197,8.3826154348e+205,1.5349194410e+19,5.8146002092e+09,2.0000000000e+02,1.1013943344e+04,1.7768920460e+04,1.0925124715e+03,1.6713991681e+03,9.3301079759e+98,108.5000,1.0000,16254.035
4.39000000e+00,3.5092650357e+197,8.3826154348e+205,1.5349194410e+19,5.8146002092e+09,2.0000000000e+02,1.1013943344e+04,1.7768920460e+04,1.0925124715e+03,1.6713991681e+03,9.3301079759e+98,108.5000,1.0000,16290.059
4.40000000e+00,3.5092650357e+197,8.3826154348e+205,1.5349194410e+19,5.8146002092e+09,2.0000000000e+02,1.1013943344e+04,1.7768920460e+04,1.0925124715e+03,1.6713991681e+03,9.3301079759e+98,108.5000,1.0000,16324.115
4.41000000e+00,3.5092650357e+197,8.3826154348e+205,1.5349194410e+19,5.8146002092e+09,2.0000000000e+02,1.1013943344e+04,1.7768920460e+04,1.0925124715e+03,1.6713991681e+03,9.3301079759e+98,108.5000,1.0000,16358.047
4.42000000e+00,3.5092650357e+197,8.3826154348e+205,1.5349194410e+19,5.8146002092e+09,2.0000000000e+02,1.1013943344e+04,1.7768920460e+04,1.0925124715e+03,1.6713991681e+03,9.3301079759e+98,108.5000,1.0000,16390.762
4.43000000e+00,3.5092650357e+197,8.3826154348e+205,1.5349194410e+19,5.8146002092e+09,2.0000000000e+02,1.1013943344e+04,1.7768920460e+04,1.0925124715e+03,1.6713991681e+03,9.3301079759e+98,108.5000,1.0000,16431.392
4.44000000e+00,3.5092650357e+197,8.3826154348e+205,1.5349194410e+19,5.8146002092e+09,2.0000000000e+02,1.1013943344e+04,1.7768920460e+04,1.0925124715e+03,1.6713991681e+03,9.3301079759e+98,108.5000,1.0000,16465.060
4.45000000e+00,3.5092650357e+197,8.3826154348e+205,1.5349194410e+19,5.8146002092e+09,2.0000000000e+02,1.1013943344e+04,1.7768920460e+04,1.0925124715e+03,1.6713991681e+03,9.3301079759e+98,108.5000,1.0000,16498.242
4.46000000e+00,3.5092650357e+197,8.3826154348e+205,1.5349194410e+19,5.8146002092e+09,2.0000000000e+02,1.1013943344e+04,1.7768920460e+04,1.0925124715e+03,1.6713991681e+03,9.3301079759e+98,108.5000,1.0000,16532.154
4.47000000e+00,3.5092650357e+197,8.3826154348e+205,1.5349194410e+19,5.8146002092e+09,2.0000000000e+02,1.1013943344e+04,1.7768920460e+04,1.0925124715e+03,1.6713991681e+03,9.3301079759e+98,108.5000,1.0000,16565.755
4.48000000e+00,3.5092650357e+197,8.3826154348e+205,1.5349194410e+19,5.8146002092e+09,2.0000000000e+02,1.1013943344e+04,1.7768920460e+04,1.0925124715e+03,1.6713991681e+03,9.3301079759e+98,108.5000,1.0000,16598.040
4.49000000e+00,3.5092650357e+197,8.3826154348e+205,1.5349194410e+19,5.8146002092e+09,2.0000000000e+02,1.1013943344e+04,1.7768920460e+04,1.0925124715e+03,1.6713991681e+03,9.3301079759e+98,108.5000,1.0000,16632.582
4.50000000e+00,3.5092650357e+197,8.3826154348e+205,1.5349194410e+19,5.8146002092e+09,2.0000000000e+02,1.1013943344e+04,1.7768920460e+04,1.0925124715e+03,1.6713991681e+03,9.3301079759e+98,108.5000,1.0000,16665.307
4.51000000e+00,3.5092650357e+197,8.3826154348e+205,1.5349194410e+19,5.8146002092e+09,2.0000000000e+02,1.1013943344e+04,1.7768920460e+04,1.0925124715e+03,1.6713991681e+03,9.3301079759e+98,108.5000,1.0000,16699.576
4.52000000e+00,3.5092650357e+197,8.3826154348e+205,1.5349194410e+19,5.8146002092e+09,2.0000000000e+02,1.1013943344e+04,1.7768920460e+04,1.0925124715e+03,1.6713991681e+03,9.3301079759e+98,108.5000,1.0000,16732.944
4.53000000e+00,3.5092650357e+197,8.3826154348e+205,1.5349194410e+19,5.8146002092e+09,2.0000000000e+02,1.1013943344e+04,1.7768920460e+04,1.0925124715e+03,1.6713991681e+03,9.3301079759e+98,108.5000,1.0000,16766.173
4.54000000e+00,3.5092650357e+197,8.3826154348e+205,1.5349194410e+19,5.8146002092e+09,2.0000000000e+02,1.1013943344e+04,1.7768920460e+04,1.0925124715e+03,1.6713991681e+03,9.3301079759e+98,108.5000,1.0000,16803.159
4.55000000e+00,3.5092650357e+197,8.3826154348e+205,1.5349194410e+19,5.8146002092e+09,2.0000000000e+02,1.1013943344e+04,1.7768920460e+04,1.0925124715e+03,1.6713991681e+03,9.3301079759e+98,108.5000,1.0000,16836.352
4.56000000e+00,3.5092650357e+197,8.3826154348e+205,1.5349194410e+19,5.8146002092e+09,2.0000000000e+02,1.1013943344e+04,1.7768920460e+04,1.0925124715e+03,1.6713991681e+03,9.3301079759e+98,108.5000,1.0000,16870.003
4.57000000e+00,3.5092650357e+197,8.3826154348e+205,1.5349194410e+19,5.8146002092e+09,2.0000000000e+02,1.1013943344e+04,1.7768920460e+04,1.0925124715e+03,1.6713991681e+03,9.3301079759e+98,108.5000,1.0000,16908.093
4.58000000e+00,3.5092650357e+197,8.3826154348e+205,1.5349194410e+19,5.8146002092e+09,2.0000000000e+02,1.1013943344e+04,1.7768920460e+04,1.0925124715e+03,1.6713991681e+03,9.3301079759e+98,108.5000,1.0000,16944.097
4.59000000e+00,3.5092650357e+197,8.3826154348e+205,1.5349194410e+19,5.8146002092e+09,2.0000000000e+02,1.1013943344e+04,1.7768920460e+04,1.0925124715e+03,1.6713991681e+03,9.3301079759e+98,108.5000,1.0000,16979.229
4.60000000e+00,3.5092650357e+197,8.3826154348e+205,1.5349194410e+19,5.8146002092e+09,2.0000000000e+02,1.1013943344e+04,1.7768920460e+04,1.0925124715e+03,1.6713991681e+03,9.3301079759e+98,108.5000,1.0000,17012.680
4.61000000e+00,3.5092650357e+197,8.3826154348e+205,1.5349194410e+19,5.8146002092e+09,2.0000000000e+02,1.1013943344e+04,1.7768920460e+04,1.0925124715e+03,1.6713991681e+03,9.3301079759e+98,108.5000,1.0000,17046.981
4.62000000e+00,3.5092650357e+197,8.3826154348e+205,1.5349194410e+19,5.8146002092e+09,2.0000000000e+02,1.1013943344e+04,1.7768920460e+04,1.0925124715e+03,1.6713991681e+03,9.3301079759e+98,108.5000,1.0000,17087.859
4.63000000e+00,3.5092650357e+197,8.3826154348e+205,1.5349194410e+19,5.8146002092e+09,2.0000000000e+02,1.1013943344e+04,1.7768920460e+04,1.0925124715e+03,1.6713991681e+03,9.3301079759e+98,108.5000,1.0000,17122.629
4.64000000e+00,3.5092650357e+197,8.3826154348e+205,1.5349194410e+19,5.8146002092e+09,2.0000000000e+02,1.1013943344e+04,1.7768920460e+04,1.0925124715e+03,1.6713991681e+03,9.3301079759e+98,108.5000,1.0000,17162.675
4.65000000e+00,3.5092650357e+197,8.3826154348e+205,1.5349194410e+19,5.8146002092e+09,2.0000000000e+02,1.1013943344e+04,1.7768920460e+04,1.0925124715e+03,1.6713991681e+03,9.3301079759e+98,108.5000,1.0000,17207.330
4.66000000e+00,3.5092650357e+197,8.3826154348e+205,1.5349194410e+19,5.8146002092e+09,2.0000000000e+02,1.1013943344e+04,1.7768920460e+04,1.0925124715e+03,1.6713991681e+03,9.3301079759e+98,108.5000,1.0000,17239.595
4.67000000e+00,3.5092650357e+197,8.3826154348e+205,1.5349194410e+19,5.8146002092e+09,2.0000000000e+02,1.1013943344e+04,1.7768920460e+04,1.0925124715e+03,1.6713991681e+03,9.3301079759e+98,108.5000,1.0000,17271.545
4.68000000e+00,3.5092650357e+197,8.3826154348e+205,1.5349194410e+19,5.8146002092e+09,2.0000000000e+02,1.1013943344e+04,1.7768920460e+04,1.0925124715e+03,1.6713991681e+03,9.3301079759e+98,108.5000,1.0000,17308.212
4.69000000e+00,3.5092650357e+197,8.3826154348e+205,1.5349194410e+19,5.8146002092e+09,2.0000000000e+02,1.1013943344e+04,1.7768920460e+04,1.0925124715e+03,1.6713991681e+03,9.3301079759e+98,108.5000,1.0000,17343.132
4.70000000e+00,3.5092650357e+197,8.3826154348e+205,1.5349194410e+19,5.8146002092e+09,2.0000000000e+02,1.1013943344e+04,1.7768920460e+04,1.0925124715e+03,1.6713991681e+03,9.3301079759e+98,108.5000,1.0000,17385.284
4.71000000e+00,3.5092650357e+197,8.3826154348e+205,1.5349194410e+19,5.8146002092e+09,2.0000000000e+02,1.1013943344e+04,1.7768920460e+04,1.0925124715e+03,1.6713991681e+03,9.3301079759e+98,108.5000,1.0000,17418.135
4.72000000e+00,3.5092650357e+197,8.3826154348e+205,1.5349194410e+19,5.8146002092e+09,2.0000000000e+02,1.1013943344e+04,1.7768920460e+04,1.0925124715e+03,1.6713991681e+03,9.3301079759e+98,108.5000,1.0000,17451.934
4.73000000e+00,3.5092650357e+197,8.3826154348e+205,1.5349194410e+19,5.8146002092e+09,2.0000000000e+02,1.1013943344e+04,1.7768920460e+04,1.0925124715e+03,1.6713991681e+03,9.3301079759e+98,108.5000,1.0000,17489.068
4.74000000e+00,3.5092650357e+197,8.3826154348e+205,1.5349194410e+19,5.8146002092e+09,2.0000000000e+02,1.1013943344e+04,1.7768920460e+04,1.0925124715e+03,1.6713991681e+03,9.3301079759e+98,108.5000,1.0000,17527.827
4.75000000e+00,3.5092650357e+197,8.3826154348e+205,1.5349194410e+19,5.8146002092e+09,2.0000000000e+02,1.1013943344e+04,1.7768920460e+04,1.0925124715e+03,1.6713991681e+03,9.3301079759e+98,108.5000,1.0000,17564.282
4.76000000e+00,3.5092650357e+197,8.3826154348e+205,1.5349194410e+19,5.8146002092e+09,2.0000000000e+02,1.1013943344e+04,1.7768920460e+04,1.0925124715e+03,1.6713991681e+03,9.3301079759e+98,108.5000,1.0000,17605.575
4.77000000e+00,3.5092650357e+197,8.3826154348e+205,1.5349194410e+19,5.8146002092e+09,2.0000000000e+02,1.1013943344e+04,1.7768920460e+04,1.0925124715e+03,1.6713991681e+03,9.3301079759e+98,108.5000,1.0000,17640.882
4.78000000e+00,3.5092650357e+197,8.3826154348e+205,1.5349194410e+19,5.8146002092e+09,2.0000000000e+02,1.1013943344e+04,1.7768920460e+04,1.0925124715e+03,1.6713991681e+03,9.3301079759e+98,108.5000,1.0000,17675.149
4.79000000e+00,3.5092650357e+197,8.3826154348e+205,1.5349194410e+19,5.8146002092e+09,2.0000000000e+02,1.1013943344e+04,1.7768920460e+04,1.0925124715e+03,1.6713991681e+03,9.3301079759e+98,108.5000,1.0000,17708.986
4.80000000e+00,3.5092650357e+197,8.3826154348e+205,1.5349194410e+19,5.8146002092e+09,2.0000000000e+02,1.1013943344e+04,1.7768920460e+04,1.0925124715e+03,1.6713991681e+03,9.3301079759e+98,108.5000,1.0000,17747.230
4.81000000e+00,3.5092650357e+197,8.3826154348e+205,1.5349194410e+19,5.8146002092e+09,2.0000000000e+02,1.1013943344e+04,1.7768920460e+04,1.0925124715e+03,1.6713991681e+03,9.3301079759e+98,108.5000,1.0000,17783.601
4.82000000e+00,3.5092650357e+197,8.3826154348e+205,1.5349194410e+19,5.8146002092e+09,2.0000000000e+02,1.1013943344e+04,1.7768920460e+04,1.0925124715e+03,1.6713991681e+03,9.3301079759e+98,108.5000,1.0000,17816.395
4.83000000e+00,3.5092650357e+197,8.3826154348e+205,1.5349194410e+19,5.8146002092e+09,2.0000000000e+02,1.1013943344e+04,1.7768920460e+04,1.0925124715e+03,1.6713991681e+03,9.3301079759e+98,108.5000,1.0000,17854.476
4.84000000e+00,3.5092650357e+197,8.3826154348e+205,1.5349194410e+19,5.8146002092e+09,2.0000000000e+02,1.1013943344e+04,1.7768920460e+04,1.0925124715e+03,1.6713991681e+03,9.3301079759e+98,108.5000,1.0000,17897.144
4.85000000e+00,3.5092650357e+197,8.3826154348e+205,1.5349194410e+19,5.8146002092e+09,2.0000000000e+02,1.1013943344e+04,1.7768920460e+04,1.0925124715e+03,1.6713991681e+03,9.3301079759e+98,108.5000,1.0000,17934.599
4.86000000e+00,3.5092650357e+197,8.3826154348e+205,1.5349194410e+19,5.8146002092e+09,2.0000000000e+02,1.1013943344e+04,1.7768920460e+04,1.0925124715e+03,1.6713991681e+03,9.3301079759e+98,108.5000,1.0000,17968.106
4.87000000e+00,3.5092650357e+197,8.3826154348e+205,1.5349194410e+19,5.8146002092e+09,2.0000000000e+02,1.1013943344e+04,1.7768920460e+04,1.0925124715e+03,1.6713991681e+03,9.3301079759e+98,108.5000,1.0000,18006.492
4.88000000e+00,3.5092650357e+197,8.3826154348e+205,1.5349194410e+19,5.8146002092e+09,2.0000000000e+02,1.1013943344e+04,1.7768920460e+04,1.0925124715e+03,1.6713991681e+03,9.3301079759e+98,108.5000,1.0000,18041.970
4.89000000e+00,3.5092650357e+197,8.3826154348e+205,1.5349194410e+19,5.8146002092e+09,2.0000000000e+02,1.1013943344e+04,1.7768920460e+04,1.0925124715e+03,1.6713991681e+03,9.3301079759e+98,108.5000,1.0000,18079.675
4.90000000e+00,3.5092650357e+197,8.3826154348e+205,1.5349194410e+19,5.8146002092e+09,2.0000000000e+02,1.1013943344e+04,1.7768920460e+04,1.0925124715e+03,1.6713991681e+03,9.3301079759e+98,108.5000,1.0000,18116.962
4.91000000e+00,3.5092650357e+197,8.3826154348e+205,1.5349194410e+19,5.8146002092e+09,2.0000000000e+02,1.1013943344e+04,1.7768920460e+04,1.0925124715e+03,1.6713991681e+03,9.3301079759e+98,108.5000,1.0000,18150.914
4.92000000e+00,3.5092650357e+197,8.3826154348e+205,1.5349194410e+19,5.8146002092e+09,2.0000000000e+02,1.1013943344e+04,1.7768920460e+04,1.0925124715e+03,1.6713991681e+03,9.3301079759e+98,108.5000,1.0000,18186.203
4.93000000e+00,3.5092650357e+197,8.3826154348e+205,1.5349194410e+19,5.8146002092e+09,2.0000000000e+02,1.1013943344e+04,1.7768920460e+04,1.0925124715e+03,1.6713991681e+03,9.3301079759e+98,108.5000,1.0000,18219.408
4.94000000e+00,3.5092650357e+197,8.3826154348e+205,1.5349194410e+19,5.8146002092e+09,2.0000000000e+02,1.1013943344e+04,1.7768920460e+04,1.0925124715e+03,1.6713991681e+03,9.3301079759e+98,108.5000,1.0000,18253.693
4.95000000e+00,3.5092650357e+197,8.3826154348e+205,1.5349194410e+19,5.8146002092e+09,2.0000000000e+02,1.1013943344e+04,1.7768920460e+04,1.0925124715e+03,1.6713991681e+03,9.3301079759e+98,108.5000,1.0000,18293.170
4.96000000e+00,3.5092650357e+197,8.3826154348e+205,1.5349194410e+19,5.8146002092e+09,2.0000000000e+02,1.1013943344e+04,1.7768920460e+04,1.0925124715e+03,1.6713991681e+03,9.3301079759e+98,108.5000,1.0000,18329.965
4.97000000e+00,3.5092650357e+197,8.3826154348e+205,1.5349194410e+19,5.8146002092e+09,2.0000000000e+02,1.1013943344e+04,1.7768920460e+04,1.0925124715e+03,1.6713991681e+03,9.3301079759e+98,108.5000,1.0000,18368.160
4.98000000e+00,3.5092650357e+197,8.3826154348e+205,1.5349194410e+19,5.8146002092e+09,2.0000000000e+02,1.1013943344e+04,1.7768920460e+04,1.0925124715e+03,1.6713991681e+03,9.3301079759e+98,108.5000,1.0000,18404.405
4.99000000e+00,3.5092650357e+197,8.3826154348e+205,1.5349194410e+19,5.8146002092e+09,2.0000000000e+02,1.1013943344e+04,1.7768920460e+04,1.0925124715e+03,1.6713991681e+03,9.3301079759e+98,108.5000,1.0000,18442.924
5.00000000e+00,3.5092650357e+197,8.3826154348e+205,1.5349194410e+19,5.8146002092e+09,2.0000000000e+02,1.1013943344e+04,1.7768920460e+04,1.0925124715e+03,1.6713991681e+03,9.3301079759e+98,108.5000,1.0000,18476.699
5.01000000e+00,3.5092650357e+197,8.3826154348e+205,1.5349194410e+19,5.8146002092e+09,2.0000000000e+02,1.1013943344e+04,1.7768920460e+04,1.0925124715e+03,1.6713991681e+03,9.3301079759e+98,108.5000,1.0000,18512.715
5.02000000e+00,3.5092650357e+197,8.3826154348e+205,1.5349194410e+19,5.8146002092e+09,2.0000000000e+02,1.1013943344e+04,1.7768920460e+04,1.0925124715e+03,1.6713991681e+03,9.3301079759e+98,108.5000,1.0000,18549.894
5.03000000e+00,3.5092650357e+197,8.3826154348e+205,1.5349194410e+19,5.8146002092e+09,2.0000000000e+02,1.1013943344e+04,1.7768920460e+04,1.0925124715e+03,1.6713991681e+03,9.3301079759e+98,108.5000,1.0000,18585.365
5.04000000e+00,3.5092650357e+197,8.3826154348e+205,1.5349194410e+19,5.8146002092e+09,2.0000000000e+02,1.1013943344e+04,1.7768920460e+04,1.0925124715e+03,1.6713991681e+03,9.3301079759e+98,108.5000,1.0000,18628.394
5.05000000e+00,3.5092650357e+197,8.3826154348e+205,1.5349194410e+19,5.8146002092e+09,2.0000000000e+02,1.1013943344e+04,1.7768920460e+04,1.0925124715e+03,1.6713991681e+03,9.3301079759e+98,108.5000,1.0000,18663.441
5.06000000e+00,3.5092650357e+197,8.3826154348e+205,1.5349194410e+19,5.8146002092e+09,2.0000000000e+02,1.1013943344e+04,1.7768920460e+04,1.0925124715e+03,1.6713991681e+03,9.3301079759e+98,108.5000,1.0000,18695.875
5.07000000e+00,3.5092650357e+197,8.3826154348e+205,1.5349194410e+19,5.8146002092e+09,2.0000000000e+02,1.1013943344e+04,1.7768920460e+04,1.0925124715e+03,1.6713991681e+03,9.3301079759e+98,108.5000,1.0000,18731.275
5.08000000e+00,3.5092650357e+197,8.3826154348e+205,1.5349194410e+19,5.8146002092e+09,2.0000000000e+02,1.1013943344e+04,1.7768920460e+04,1.0925124715e+03,1.6713991681e+03,9.3301079759e+98,108.5000,1.0000,18769.374
5.09000000e+00,3.5092650357e+197,8.3826154348e+205,1.5349194410e+19,5.8146002092e+09,2.0000000000e+02,1.1013943344e+04,1.7768920460e+04,1.0925124715e+03,1.6713991681e+03,9.3301079759e+98,108.5000,1.0000,18804.212
5.10000000e+00,3.5092650357e+197,8.3826154348e+205,1.5349194410e+19,5.8146002092e+09,2.0000000000e+02,1.1013943344e+04,1.7768920460e+04,1.0925124715e+03,1.6713991681e+03,9.3301079759e+98,108.5000,1.0000,18842.021
5.11000000e+00,3.5092650357e+197,8.3826154348e+205,1.5349194410e+19,5.8146002092e+09,2.0000000000e+02,1.1013943344e+04,1.7768920460e+04,1.0925124715e+03,1.6713991681e+03,9.3301079759e+98,108.5000,1.0000,18893.436
5.12000000e+00,3.5092650357e+197,8.3826154348e+205,1.5349194410e+19,5.8146002092e+09,2.0000000000e+02,1.1013943344e+04,1.7768920460e+04,1.0925124715e+03,1.6713991681e+03,9.3301079759e+98,108.5000,1.0000,18931.178
5.13000000e+00,3.5092650357e+197,8.3826154348e+205,1.5349194410e+19,5.8146002092e+09,2.0000000000e+02,1.1013943344e+04,1.7768920460e+04,1.0925124715e+03,1.6713991681e+03,9.3301079759e+98,108.5000,1.0000,18970.739
5.14000000e+00,3.5092650357e+197,8.3826154348e+205,1.5349194410e+19,5.8146002092e+09,2.0000000000e+02,1.1013943344e+04,1.7768920460e+04,1.0925124715e+03,1.6713991681e+03,9.3301079759e+98,108.5000,1.0000,19011.843
5.15000000e+00,3.5092650357e+197,8.3826154348e+205,1.5349194410e+19,5.8146002092e+09,2.0000000000e+02,1.1013943344e+04,1.7768920460e+04,1.0925124715e+03,1.6713991681e+03,9.3301079759e+98,108.5000,1.0000,19051.783
5.16000000e+00,3.5092650357e+197,8.3826154348e+205,1.5349194410e+19,5.8146002092e+09,2.0000000000e+02,1.1013943344e+04,1.7768920460e+04,1.0925124715e+03,1.6713991681e+03,9.3301079759e+98,108.5000,1.0000,19090.531
5.17000000e+00,3.5092650357e+197,8.3826154348e+205,1.5349194410e+19,5.8146002092e+09,2.0000000000e+02,1.1013943344e+04,1.7768920460e+04,1.0925124715e+03,1.6713991681e+03,9.3301079759e+98,108.5000,1.0000,19138.383
5.18000000e+00,3.5092650357e+197,8.3826154348e+205,1.5349194410e+19,5.8146002092e+09,2.0000000000e+02,1.1013943344e+04,1.7768920460e+04,1.0925124715e+03,1.6713991681e+03,9.3301079759e+98,108.5000,1.0000,19176.919
5.19000000e+00,3.5092650357e+197,8.3826154348e+205,1.5349194410e+19,5.8146002092e+09,2.0000000000e+02,1.1013943344e+04,1.7768920460e+04,1.0925124715e+03,1.6713991681e+03,9.3301079759e+98,108.5000,1.0000,19213.170
5.20000000e+00,3.5092650357e+197,8.3826154348e+205,1.5349194410e+19,5.8146002092e+09,2.0000000000e+02,1.1013943344e+04,1.7768920460e+04,1.0925124715e+03,1.6713991681e+03,9.3301079759e+98,108.5000,1.0000,19251.097
5.21000000e+00,3.5092650357e+197,8.3826154348e+205,1.5349194410e+19,5.8146002092e+09,2.0000000000e+02,1.1013943344e+04,1.7768920460e+04,1.0925124715e+03,1.6713991681e+03,9.3301079759e+98,108.5000,1.0000,19287.996
5.22000000e+00,3.5092650357e+197,8.3826154348e+205,1.5349194410e+19,5.8146002092e+09,2.0000000000e+02,1.1013943344e+04,1.7768920460e+04,1.0925124715e+03,1.6713991681e+03,9.3301079759e+98,108.5000,1.0000,19320.933
5.23000000e+00,3.5092650357e+197,8.3826154348e+205,1.5349194410e+19,5.8146002092e+09,2.0000000000e+02,1.1013943344e+04,1.7768920460e+04,1.0925124715e+03,1.6713991681e+03,9.3301079759e+98,108.5000,1.0000,19355.825
5.24000000e+00,3.5092650357e+197,8.3826154348e+205,1.5349194410e+19,5.8146002092e+09,2.0000000000e+02,1.1013943344e+04,1.7768920460e+04,1.0925124715e+03,1.6713991681e+03,9.3301079759e+98,108.5000,1.0000,19393.233
5.25000000e+00,3.5092650357e+197,8.3826154348e+205,1.5349194410e+19,5.8146002092e+09,2.0000000000e+02,1.1013943344e+04,1.7768920460e+04,1.0925124715e+03,1.6713991681e+03,9.3301079759e+98,108.5000,1.0000,19429.335
5.26000000e+00,3.5092650357e+197,8.3826154348e+205,1.5349194410e+19,5.8146002092e+09,2.0000000000e+02,1.1013943344e+04,1.7768920460e+04,1.0925124715e+03,1.6713991681e+03,9.3301079759e+98,108.5000,1.0000,19470.605
5.27000000e+00,3.5092650357e+197,8.3826154348e+205,1.5349194410e+19,5.8146002092e+09,2.0000000000e+02,1.1013943344e+04,1.7768920460e+04,1.0925124715e+03,1.6713991681e+03,9.3301079759e+98,108.5000,1.0000,19517.430
5.28000000e+00,3.5092650357e+197,8.3826154348e+205,1.5349194410e+19,5.8146002092e+09,2.0000000000e+02,1.1013943344e+04,1.7768920460e+04,1.0925124715e+03,1.6713991681e+03,9.3301079759e+98,108.5000,1.0000,19553.072
5.29000000e+00,3.5092650357e+197,8.3826154348e+205,1.5349194410e+19,5.8146002092e+09,2.0000000000e+02,1.1013943344e+04,1.7768920460e+04,1.0925124715e+03,1.6713991681e+03,9.3301079759e+98,108.5000,1.0000,19590.012
5.30000000e+00,3.5092650357e+197,8.3826154348e+205,1.5349194410e+19,5.8146002092e+09,2.0000000000e+02,1.1013943344e+04,1.7768920460e+04,1.0925124715e+03,1.6713991681e+03,9.3301079759e+98,108.5000,1.0000,19623.173
5.31000000e+00,3.5092650357e+197,8.3826154348e+205,1.5349194410e+19,5.8146002092e+09,2.0000000000e+02,1.1013943344e+04,1.7768920460e+04,1.0925124715e+03,1.6713991681e+03,9.3301079759e+98,108.5000,1.0000,19659.409
5.32000000e+00,3.5092650357e+197,8.3826154348e+205,1.5349194410e+19,5.8146002092e+09,2.0000000000e+02,1.1013943344e+04,1.7768920460e+04,1.0925124715e+03,1.6713991681e+03,9.3301079759e+98,108.5000,1.0000,19692.339
5.33000000e+00,3.5092650357e+197,8.3826154348e+205,1.5349194410e+19,5.8146002092e+09,2.0000000000e+02,1.1013943344e+04,1.7768920460e+04,1.0925124715e+03,1.6713991681e+03,9.3301079759e+98,108.5000,1.0000,19726.124
5.34000000e+00,3.5092650357e+197,8.3826154348e+205,1.5349194410e+19,5.8146002092e+09,2.0000000000e+02,1.1013943344e+04,1.7768920460e+04,1.0925124715e+03,1.6713991681e+03,9.3301079759e+98,108.5000,1.0000,19764.194
5.35000000e+00,3.5092650357e+197,8.3826154348e+205,1.5349194410e+19,5.8146002092e+09,2.0000000000e+02,1.1013943344e+04,1.7768920460e+04,1.0925124715e+03,1.6713991681e+03,9.3301079759e+98,108.5000,1.0000,19803.038
5.36000000e+00,3.5092650357e+197,8.3826154348e+205,1.5349194410e+19,5.8146002092e+09,2.0000000000e+02,1.1013943344e+04,1.7768920460e+04,1.0925124715e+03,1.6713991681e+03,9.3301079759e+98,108.5000,1.0000,19843.245
5.37000000e+00,3.5092650357e+197,8.3826154348e+205,1.5349194410e+19,5.8146002092e+09,2.0000000000e+02,1.1013943344e+04,1.7768920460e+04,1.0925124715e+03,1.6713991681e+03,9.3301079759e+98,108.5000,1.0000,19878.618
5.38000000e+00,3.5092650357e+197,8.3826154348e+205,1.5349194410e+19,5.8146002092e+09,2.0000000000e+02,1.1013943344e+04,1.7768920460e+04,1.0925124715e+03,1.6713991681e+03,9.3301079759e+98,108.5000,1.0000,19921.696
5.39000000e+00,3.5092650357e+197,8.3826154348e+205,1.5349194410e+19,5.8146002092e+09,2.0000000000e+02,1.1013943344e+04,1.7768920460e+04,1.0925124715e+03,1.6713991681e+03,9.3301079759e+98,108.5000,1.0000,19954.220
5.40000000e+00,3.5092650357e+197,8.3826154348e+205,1.5349194410e+19,5.8146002092e+09,2.0000000000e+02,1.1013943344e+04,1.7768920460e+04,1.0925124715e+03,1.6713991681e+03,9.3301079759e+98,108.5000,1.0000,19987.850
5.41000000e+00,3.5092650357e+197,8.3826154348e+205,1.5349194410e+19,5.8146002092e+09,2.0000000000e+02,1.1013943344e+04,1.7768920460e+04,1.0925124715e+03,1.6713991681e+03,9.3301079759e+98,108.5000,1.0000,20022.486
5.42000000e+00,3.5092650357e+197,8.3826154348e+205,1.5349194410e+19,5.8146002092e+09,2.0000000000e+02,1.1013943344e+04,1.7768920460e+04,1.0925124715e+03,1.6713991681e+03,9.3301079759e+98,108.5000,1.0000,20057.322
5.43000000e+00,3.5092650357e+197,8.3826154348e+205,1.5349194410e+19,5.8146002092e+09,2.0000000000e+02,1.1013943344e+04,1.7768920460e+04,1.0925124715e+03,1.6713991681e+03,9.3301079759e+98,108.5000,1.0000,20090.541
5.44000000e+00,3.5092650357e+197,8.3826154348e+205,1.5349194410e+19,5.8146002092e+09,2.0000000000e+02,1.1013943344e+04,1.7768920460e+04,1.0925124715e+03,1.6713991681e+03,9.3301079759e+98,108.5000,1.0000,20126.600
5.45000000e+00,3.5092650357e+197,8.3826154348e+205,1.5349194410e+19,5.8146002092e+09,2.0000000000e+02,1.1013943344e+04,1.7768920460e+04,1.0925124715e+03,1.6713991681e+03,9.3301079759e+98,108.5000,1.0000,20160.285
5.46000000e+00,3.5092650357e+197,8.3826154348e+205,1.5349194410e+19,5.8146002092e+09,2.0000000000e+02,1.1013943344e+04,1.7768920460e+04,1.0925124715e+03,1.6713991681e+03,9.3301079759e+98,108.5000,1.0000,20194.847
5.47000000e+00,3.5092650357e+197,8.3826154348e+205,1.5349194410e+19,5.8146002092e+09,2.0000000000e+02,1.1013943344e+04,1.7768920460e+04,1.0925124715e+03,1.6713991681e+03,9.3301079759e+98,108.5000,1.0000,20234.433
5.48000000e+00,3.5092650357e+197,8.3826154348e+205,1.5349194410e+19,5.8146002092e+09,2.0000000000e+02,1.1013943344e+04,1.7768920460e+04,1.0925124715e+03,1.6713991681e+03,9.3301079759e+98,108.5000,1.0000,20271.643
5.49000000e+00,3.5092650357e+197,8.3826154348e+205,1.5349194410e+19,5.8146002092e+09,2.0000000000e+02,1.1013943344e+04,1.7768920460e+04,1.0925124715e+03,1.6713991681e+03,9.3301079759e+98,108.5000,1.0000,20305.555
5.50000000e+00,3.5092650357e+197,8.3826154348e+205,1.5349194410e+19,5.8146002092e+09,2.0000000000e+02,1.1013943344e+04,1.7768920460e+04,1.0925124715e+03,1.6713991681e+03,9.3301079759e+98,108.5000,1.0000,20345.380
5.51000000e+00,3.5092650357e+197,8.3826154348e+205,1.5349194410e+19,5.8146002092e+09,2.0000000000e+02,1.1013943344e+04,1.7768920460e+04,1.0925124715e+03,1.6713991681e+03,9.3301079759e+98,108.5000,1.0000,20379.890
5.52000000e+00,3.5092650357e+197,8.3826154348e+205,1.5349194410e+19,5.8146002092e+09,2.0000000000e+02,1.1013943344e+04,1.7768920460e+04,1.0925124715e+03,1.6713991681e+03,9.3301079759e+98,108.5000,1.0000,20414.789
5.53000000e+00,3.5092650357e+197,8.3826154348e+205,1.5349194410e+19,5.8146002092e+09,2.0000000000e+02,1.1013943344e+04,1.7768920460e+04,1.0925124715e+03,1.6713991681e+03,9.3301079759e+98,108.5000,1.0000,20449.133
5.54000000e+00,3.5092650357e+197,8.3826154348e+205,1.5349194410e+19,5.8146002092e+09,2.0000000000e+02,1.1013943344e+04,1.7768920460e+04,1.0925124715e+03,1.6713991681e+03,9.3301079759e+98,108.5000,1.0000,20485.826
5.55000000e+00,3.5092650357e+197,8.3826154348e+205,1.5349194410e+19,5.8146002092e+09,2.0000000000e+02,1.1013943344e+04,1.7768920460e+04,1.0925124715e+03,1.6713991681e+03,9.3301079759e+98,108.5000,1.0000,20520.623
5.56000000e+00,3.5092650357e+197,8.3826154348e+205,1.5349194410e+19,5.8146002092e+09,2.0000000000e+02,1.1013943344e+04,1.7768920460e+04,1.0925124715e+03,1.6713991681e+03,9.3301079759e+98,108.5000,1.0000,20562.830
5.57000000e+00,3.5092650357e+197,8.3826154348e+205,1.5349194410e+19,5.8146002092e+09,2.0000000000e+02,1.1013943344e+04,1.7768920460e+04,1.0925124715e+03,1.6713991681e+03,9.3301079759e+98,108.5000,1.0000,20603.131
5.58000000e+00,3.5092650357e+197,8.3826154348e+205,1.5349194410e+19,5.8146002092e+09,2.0000000000e+02,1.1013943344e+04,1.7768920460e+04,1.0925124715e+03,1.6713991681e+03,9.3301079759e+98,108.5000,1.0000,20638.073
5.59000000e+00,3.5092650357e+197,8.3826154348e+205,1.5349194410e+19,5.8146002092e+09,2.0000000000e+02,1.1013943344e+04,1.7768920460e+04,1.0925124715e+03,1.6713991681e+03,9.3301079759e+98,108.5000,1.0000,20678.005
5.60000000e+00,3.5092650357e+197,8.3826154348e+205,1.5349194410e+19,5.8146002092e+09,2.0000000000e+02,1.1013943344e+04,1.7768920460e+04,1.0925124715e+03,1.6713991681e+03,9.3301079759e+98,108.5000,1.0000,20713.615
5.61000000e+00,3.5092650357e+197,8.3826154348e+205,1.5349194410e+19,5.8146002092e+09,2.0000000000e+02,1.1013943344e+04,1.7768920460e+04,1.0925124715e+03,1.6713991681e+03,9.3301079759e+98,108.5000,1.0000,20752.196
5.62000000e+00,3.5092650357e+197,8.3826154348e+205,1.5349194410e+19,5.8146002092e+09,2.0000000000e+02,1.1013943344e+04,1.7768920460e+04,1.0925124715e+03,1.6713991681e+03,9.3301079759e+98,108.5000,1.0000,20792.499
5.63000000e+00,3.5092650357e+197,8.3826154348e+205,1.5349194410e+19,5.8146002092e+09,2.0000000000e+02,1.1013943344e+04,1.7768920460e+04,1.0925124715e+03,1.6713991681e+03,9.3301079759e+98,108.5000,1.0000,20825.695
5.64000000e+00,3.5092650357e+197,8.3826154348e+205,1.5349194410e+19,5.8146002092e+09,2.0000000000e+02,1.1013943344e+04,1.7768920460e+04,1.0925124715e+03,1.6713991681e+03,9.3301079759e+98,108.5000,1.0000,20857.871
5.65000000e+00,3.5092650357e+197,8.3826154348e+205,1.5349194410e+19,5.8146002092e+09,2.0000000000e+02,1.1013943344e+04,1.7768920460e+04,1.0925124715e+03,1.6713991681e+03,9.3301079759e+98,108.5000,1.0000,20903.184
5.66000000e+00,3.5092650357e+197,8.3826154348e+205,1.5349194410e+19,5.8146002092e+09,2.0000000000e+02,1.1013943344e+04,1.7768920460e+04,1.0925124715e+03,1.6713991681e+03,9.3301079759e+98,108.5000,1.0000,20947.480
5.67000000e+00,3.5092650357e+197,8.3826154348e+205,1.5349194410e+19,5.8146002092e+09,2.0000000000e+02,1.1013943344e+04,1.7768920460e+04,1.0925124715e+03,1.6713991681e+03,9.3301079759e+98,108.5000,1.0000,20985.742
5.68000000e+00,3.5092650357e+197,8.3826154348e+205,1.5349194410e+19,5.8146002092e+09,2.0000000000e+02,1.1013943344e+04,1.7768920460e+04,1.0925124715e+03,1.6713991681e+03,9.3301079759e+98,108.5000,1.0000,21024.977
5.69000000e+00,3.5092650357e+197,8.3826154348e+205,1.5349194410e+19,5.8146002092e+09,2.0000000000e+02,1.1013943344e+04,1.7768920460e+04,1.0925124715e+03,1.6713991681e+03,9.3301079759e+98,108.5000,1.0000,21058.024
5.70000000e+00,3.5092650357e+197,8.3826154348e+205,1.5349194410e+19,5.8146002092e+09,2.0000000000e+02,1.1013943344e+04,1.7768920460e+04,1.0925124715e+03,1.6713991681e+03,9.3301079759e+98,108.5000,1.0000,21090.719
5.71000000e+00,3.5092650357e+197,8.3826154348e+205,1.5349194410e+19,5.8146002092e+09,2.0000000000e+02,1.1013943344e+04,1.7768920460e+04,1.0925124715e+03,1.6713991681e+03,9.3301079759e+98,108.5000,1.0000,21124.857
5.72000000e+00,3.5092650357e+197,8.3826154348e+205,1.5349194410e+19,5.8146002092e+09,2.0000000000e+02,1.1013943344e+04,1.7768920460e+04,1.0925124715e+03,1.6713991681e+03,9.3301079759e+98,108.5000,1.0000,21159.625
5.73000000e+00,3.5092650357e+197,8.3826154348e+205,1.5349194410e+19,5.8146002092e+09,2.0000000000e+02,1.1013943344e+04,1.7768920460e+04,1.0925124715e+03,1.6713991681e+03,9.3301079759e+98,108.5000,1.0000,21196.332
5.74000000e+00,3.5092650357e+197,8.3826154348e+205,1.5349194410e+19,5.8146002092e+09,2.0000000000e+02,1.1013943344e+04,1.7768920460e+04,1.0925124715e+03,1.6713991681e+03,9.3301079759e+98,108.5000,1.0000,21236.724
5.75000000e+00,3.5092650357e+197,8.3826154348e+205,1.5349194410e+19,5.8146002092e+09,2.0000000000e+02,1.1013943344e+04,1.7768920460e+04,1.0925124715e+03,1.6713991681e+03,9.3301079759e+98,108.5000,1.0000,21274.644
5.76000000e+00,3.5092650357e+197,8.3826154348e+205,1.5349194410e+19,5.8146002092e+09,2.0000000000e+02,1.1013943344e+04,1.7768920460e+04,1.0925124715e+03,1.6713991681e+03,9.3301079759e+98,108.5000,1.0000,21306.587
5.77000000e+00,3.5092650357e+197,8.3826154348e+205,1.5349194410e+19,5.8146002092e+09,2.0000000000e+02,1.1013943344e+04,1.7768920460e+04,1.0925124715e+03,1.6713991681e+03,9.3301079759e+98,108.5000,1.0000,21348.957
5.78000000e+00,3.5092650357e+197,8.3826154348e+205,1.5349194410e+19,5.8146002092e+09,2.0000000000e+02,1.1013943344e+04,1.7768920460e+04,1.0925124715e+03,1.6713991681e+03,9.3301079759e+98,108.5000,1.0000,21384.765
5.79000000e+00,3.5092650357e+197,8.3826154348e+205,1.5349194410e+19,5.8146002092e+09,2.0000000000e+02,1.1013943344e+04,1.7768920460e+04,1.0925124715e+03,1.6713991681e+03,9.3301079759e+98,108.5000,1.0000,21425.271
5.80000000e+00,3.5092650357e+197,8.3826154348e+205,1.5349194410e+19,5.8146002092e+09,2.0000000000e+02,1.1013943344e+04,1.7768920460e+04,1.0925124715e+03,1.6713991681e+03,9.3301079759e+98,108.5000,1.0000,21456.893
5.81000000e+00,3.5092650357e+197,8.3826154348e+205,1.5349194410e+19,5.8146002092e+09,2.0000000000e+02,1.1013943344e+04,1.7768920460e+04,1.0925124715e+03,1.6713991681e+03,9.3301079759e+98,108.5000,1.0000,21490.126
5.82000000e+00,3.5092650357e+197,8.3826154348e+205,1.5349194410e+19,5.8146002092e+09,2.0000000000e+02,1.1013943344e+04,1.7768920460e+04,1.0925124715e+03,1.6713991681e+03,9.3301079759e+98,108.5000,1.0000,21522.005
5.83000000e+00,3.5092650357e+197,8.3826154348e+205,1.5349194410e+19,5.8146002092e+09,2.0000000000e+02,1.1013943344e+04,1.7768920460e+04,1.0925124715e+03,1.6713991681e+03,9.3301079759e+98,108.5000,1.0000,21562.527
5.84000000e+00,3.5092650357e+197,8.3826154348e+205,1.5349194410e+19,5.8146002092e+09,2.0000000000e+02,1.1013943344e+04,1.7768920460e+04,1.0925124715e+03,1.6713991681e+03,9.3301079759e+98,108.5000,1.0000,21596.275
5.85000000e+00,3.5092650357e+197,8.3826154348e+205,1.5349194410e+19,5.8146002092e+09,2.0000000000e+02,1.1013943344e+04,1.7768920460e+04,1.0925124715e+03,1.6713991681e+03,9.3301079759e+98,108.5000,1.0000,21633.377
5.86000000e+00,3.5092650357e+197,8.3826154348e+205,1.5349194410e+19,5.8146002092e+09,2.0000000000e+02,1.1013943344e+04,1.7768920460e+04,1.0925124715e+03,1.6713991681e+03,9.3301079759e+98,108.5000,1.0000,21673.876
5.87000000e+00,3.5092650357e+197,8.3826154348e+205,1.5349194410e+19,5.8146002092e+09,2.0000000000e+02,1.1013943344e+04,1.7768920460e+04,1.0925124715e+03,1.6713991681e+03,9.3301079759e+98,108.5000,1.0000,21717.724
5.88000000e+00,3.5092650357e+197,8.3826154348e+205,1.5349194410e+19,5.8146002092e+09,2.0000000000e+02,1.1013943344e+04,1.7768920460e+04,1.0925124715e+03,1.6713991681e+03,9.3301079759e+98,108.5000,1.0000,21750.782
5.89000000e+00,3.5092650357e+197,8.3826154348e+205,1.5349194410e+19,5.8146002092e+09,2.0000000000e+02,1.1013943344e+04,1.7768920460e+04,1.0925124715e+03,1.6713991681e+03,9.3301079759e+98,108.5000,1.0000,21785.030
5.90000000e+00,3.5092650357e+197,8.3826154348e+205,1.5349194410e+19,5.8146002092e+09,2.0000000000e+02,1.1013943344e+04,1.7768920460e+04,1.0925124715e+03,1.6713991681e+03,9.3301079759e+98,108.5000,1.0000,21818.247
5.91000000e+00,3.5092650357e+197,8.3826154348e+205,1.5349194410e+19,5.8146002092e+09,2.0000000000e+02,1.1013943344e+04,1.7768920460e+04,1.0925124715e+03,1.6713991681e+03,9.3301079759e+98,108.5000,1.0000,21859.464
5.92000000e+00,3.5092650357e+197,8.3826154348e+205,1.5349194410e+19,5.8146002092e+09,2.0000000000e+02,1.1013943344e+04,1.7768920460e+04,1.0925124715e+03,1.6713991681e+03,9.3301079759e+98,108.5000,1.0000,21901.118
5.93000000e+00,3.5092650357e+197,8.3826154348e+205,1.5349194410e+19,5.8146002092e+09,2.0000000000e+02,1.1013943344e+04,1.7768920460e+04,1.0925124715e+03,1.6713991681e+03,9.3301079759e+98,108.5000,1.0000,21934.771
5.94000000e+00,3.5092650357e+197,8.3826154348e+205,1.5349194410e+19,5.8146002092e+09,2.0000000000e+02,1.1013943344e+04,1.7768920460e+04,1.0925124715e+03,1.6713991681e+03,9.3301079759e+98,108.5000,1.0000,21970.437
5.95000000e+00,3.5092650357e+197,8.3826154348e+205,1.5349194410e+19,5.8146002092e+09,2.0000000000e+02,1.1013943344e+04,1.7768920460e+04,1.0925124715e+03,1.6713991681e+03,9.3301079759e+98,108.5000,1.0000,22002.971
5.96000000e+00,3.5092650357e+197,8.3826154348e+205,1.5349194410e+19,5.8146002092e+09,2.0000000000e+02,1.1013943344e+04,1.7768920460e+04,1.0925124715e+03,1.6713991681e+03,9.3301079759e+98,108.5000,1.0000,22035.022
5.97000000e+00,3.5092650357e+197,8.3826154348e+205,1.5349194410e+19,5.8146002092e+09,2.0000000000e+02,1.1013943344e+04,1.7768920460e+04,1.0925124715e+03,1.6713991681e+03,9.3301079759e+98,108.5000,1.0000,22068.758
5.98000000e+00,3.5092650357e+197,8.3826154348e+205,1.5349194410e+19,5.8146002092e+09,2.0000000000e+02,1.1013943344e+04,1.7768920460e+04,1.0925124715e+03,1.6713991681e+03,9.3301079759e+98,108.5000,1.0000,22101.996
5.99000000e+00,3.5092650357e+197,8.3826154348e+205,1.5349194410e+19,5.8146002092e+09,2.0000000000e+02,1.1013943344e+04,1.7768920460e+04,1.0925124715e+03,1.6713991681e+03,9.3301079759e+98,108.5000,1.0000,22138.057
6.00000000e+00,3.5092650357e+197,8.3826154348e+205,1.5349194410e+19,5.8146002092e+09,2.0000000000e+02,1.1013943344e+04,1.7768920460e+04,1.0925124715e+03,1.6713991681e+03,9.3301079759e+98,108.5000,1.0000,22170.069
6.01000000e+00,3.5092650357e+197,8.3826154348e+205,1.5349194410e+19,5.8146002092e+09,2.0000000000e+02,1.1013943344e+04,1.7768920460e+04,1.0925124715e+03,1.6713991681e+03,9.3301079759e+98,108.5000,1.0000,22206.693
6.02000000e+00,3.5092650357e+197,8.3826154348e+205,1.5349194410e+19,5.8146002092e+09,2.0000000000e+02,1.1013943344e+04,1.7768920460e+04,1.0925124715e+03,1.6713991681e+03,9.3301079759e+98,108.5000,1.0000,22250.711
6.03000000e+00,3.5092650357e+197,8.3826154348e+205,1.5349194410e+19,5.8146002092e+09,2.0000000000e+02,1.1013943344e+04,1.7768920460e+04,1.0925124715e+03,1.6713991681e+03,9.3301079759e+98,108.5000,1.0000,22284.086
6.04000000e+00,3.5092650357e+197,8.3826154348e+205,1.5349194410e+19,5.8146002092e+09,2.0000000000e+02,1.1013943344e+04,1.7768920460e+04,1.0925124715e+03,1.6713991681e+03,9.3301079759e+98,108.5000,1.0000,22323.491
6.05000000e+00,3.5092650357e+197,8.3826154348e+205,1.5349194410e+19,5.8146002092e+09,2.0000000000e+02,1.1013943344e+04,1.7768920460e+04,1.0925124715e+03,1.6713991681e+03,9.3301079759e+98,108.5000,1.0000,22355.818
6.06000000e+00,3.5092650357e+197,8.3826154348e+205,1.5349194410e+19,5.8146002092e+09,2.0000000000e+02,1.1013943344e+04,1.7768920460e+04,1.0925124715e+03,1.6713991681e+03,9.3301079759e+98,108.5000,1.0000,22390.154
6.07000000e+00,3.5092650357e+197,8.3826154348e+205,1.5349194410e+19,5.8146002092e+09,2.0000000000e+02,1.1013943344e+04,1.7768920460e+04,1.0925124715e+03,1.6713991681e+03,9.3301079759e+98,108.5000,1.0000,22423.264
6.08000000e+00,3.5092650357e+197,8.3826154348e+205,1.5349194410e+19,5.8146002092e+09,2.0000000000e+02,1.1013943344e+04,1.7768920460e+04,1.0925124715e+03,1.6713991681e+03,9.3301079759e+98,108.5000,1.0000,22457.162
6.09000000e+00,3.5092650357e+197,8.3826154348e+205,1.5349194410e+19,5.8146002092e+09,2.0000000000e+02,1.1013943344e+04,1.7768920460e+04,1.0925124715e+03,1.6713991681e+03,9.3301079759e+98,108.5000,1.0000,22496.228
6.10000000e+00,3.5092650357e+197,8.3826154348e+205,1.5349194410e+19,5.8146002092e+09,2.0000000000e+02,1.1013943344e+04,1.7768920460e+04,1.0925124715e+03,1.6713991681e+03,9.3301079759e+98,108.5000,1.0000,22535.433
6.11000000e+00,3.5092650357e+197,8.3826154348e+205,1.5349194410e+19,5.8146002092e+09,2.0000000000e+02,1.1013943344e+04,1.7768920460e+04,1.0925124715e+03,1.6713991681e+03,9.3301079759e+98,108.5000,1.0000,22569.598
6.12000000e+00,3.5092650357e+197,8.3826154348e+205,1.5349194410e+19,5.8146002092e+09,2.0000000000e+02,1.1013943344e+04,1.7768920460e+04,1.0925124715e+03,1.6713991681e+03,9.3301079759e+98,108.5000,1.0000,22620.770
6.13000000e+00,3.5092650357e+197,8.3826154348e+205,1.5349194410e+19,5.8146002092e+09,2.0000000000e+02,1.1013943344e+04,1.7768920460e+04,1.0925124715e+03,1.6713991681e+03,9.3301079759e+98,108.5000,1.0000,22664.389
6.14000000e+00,3.5092650357e+197,8.3826154348e+205,1.5349194410e+19,5.8146002092e+09,2.0000000000e+02,1.1013943344e+04,1.7768920460e+04,1.0925124715e+03,1.6713991681e+03,9.3301079759e+98,108.5000,1.0000,22700.137
6.15000000e+00,3.5092650357e+197,8.3826154348e+205,1.5349194410e+19,5.8146002092e+09,2.0000000000e+02,1.1013943344e+04,1.7768920460e+04,1.0925124715e+03,1.6713991681e+03,9.3301079759e+98,108.5000,1.0000,22744.701
6.16000000e+00,3.5092650357e+197,8.3826154348e+205,1.5349194410e+19,5.8146002092e+09,2.0000000000e+02,1.1013943344e+04,1.7768920460e+04,1.0925124715e+03,1.6713991681e+03,9.3301079759e+98,108.5000,1.0000,22792.885
6.17000000e+00,3.5092650357e+197,8.3826154348e+205,1.5349194410e+19,5.8146002092e+09,2.0000000000e+02,1.1013943344e+04,1.7768920460e+04,1.0925124715e+03,1.6713991681e+03,9.3301079759e+98,108.5000,1.0000,22828.374
6.18000000e+00,3.5092650357e+197,8.3826154348e+205,1.5349194410e+19,5.8146002092e+09,2.0000000000e+02,1.1013943344e+04,1.7768920460e+04,1.0925124715e+03,1.6713991681e+03,9.3301079759e+98,108.5000,1.0000,22867.954
6.19000000e+00,3.5092650357e+197,8.3826154348e+205,1.5349194410e+19,5.8146002092e+09,2.0000000000e+02,1.1013943344e+04,1.7768920460e+04,1.0925124715e+03,1.6713991681e+03,9.3301079759e+98,108.5000,1.0000,22907.230
6.20000000e+00,3.5092650357e+197,8.3826154348e+205,1.5349194410e+19,5.8146002092e+09,2.0000000000e+02,1.1013943344e+04,1.7768920460e+04,1.0925124715e+03,1.6713991681e+03,9.3301079759e+98,108.5000,1.0000,22943.167
6.21000000e+00,3.5092650357e+197,8.3826154348e+205,1.5349194410e+19,5.8146002092e+09,2.0000000000e+02,1.1013943344e+04,1.7768920460e+04,1.0925124715e+03,1.6713991681e+03,9.3301079759e+98,108.5000,1.0000,22975.945
6.22000000e+00,3.5092650357e+197,8.3826154348e+205,1.5349194410e+19,5.8146002092e+09,2.0000000000e+02,1.1013943344e+04,1.7768920460e+04,1.0925124715e+03,1.6713991681e+03,9.3301079759e+98,108.5000,1.0000,23008.404
6.23000000e+00,3.5092650357e+197,8.3826154348e+205,1.5349194410e+19,5.8146002092e+09,2.0000000000e+02,1.1013943344e+04,1.7768920460e+04,1.0925124715e+03,1.6713991681e+03,9.3301079759e+98,108.5000,1.0000,23051.923
6.24000000e+00,3.5092650357e+197,8.3826154348e+205,1.5349194410e+19,5.8146002092e+09,2.0000000000e+02,1.1013943344e+04,1.7768920460e+04,1.0925124715e+03,1.6713991681e+03,9.3301079759e+98,108.5000,1.0000,23092.611
6.25000000e+00,3.5092650357e+197,8.3826154348e+205,1.5349194410e+19,5.8146002092e+09,2.0000000000e+02,1.1013943344e+04,1.7768920460e+04,1.0925124715e+03,1.6713991681e+03,9.3301079759e+98,108.5000,1.0000,23124.786
6.26000000e+00,3.5092650357e+197,8.3826154348e+205,1.5349194410e+19,5.8146002092e+09,2.0000000000e+02,1.1013943344e+04,1.7768920460e+04,1.0925124715e+03,1.6713991681e+03,9.3301079759e+98,108.5000,1.0000,23158.983
6.27000000e+00,3.5092650357e+197,8.3826154348e+205,1.5349194410e+19,5.8146002092e+09,2.0000000000e+02,1.1013943344e+04,1.7768920460e+04,1.0925124715e+03,1.6713991681e+03,9.3301079759e+98,108.5000,1.0000,23199.918
6.28000000e+00,3.5092650357e+197,8.3826154348e+205,1.5349194410e+19,5.8146002092e+09,2.0000000000e+02,1.1013943344e+04,1.7768920460e+04,1.0925124715e+03,1.6713991681e+03,9.3301079759e+98,108.5000,1.0000,23235.522
6.29000000e+00,3.5092650357e+197,8.3826154348e+205,1.5349194410e+19,5.8146002092e+09,2.0000000000e+02,1.1013943344e+04,1.7768920460e+04,1.0925124715e+03,1.6713991681e+03,9.3301079759e+98,108.5000,1.0000,23271.660
6.30000000e+00,3.5092650357e+197,8.3826154348e+205,1.5349194410e+19,5.8146002092e+09,2.0000000000e+02,1.1013943344e+04,1.7768920460e+04,1.0925124715e+03,1.6713991681e+03,9.3301079759e+98,108.5000,1.0000,23304.322
6.31000000e+00,3.5092650357e+197,8.3826154348e+205,1.5349194410e+19,5.8146002092e+09,2.0000000000e+02,1.1013943344e+04,1.7768920460e+04,1.0925124715e+03,1.6713991681e+03,9.3301079759e+98,108.5000,1.0000,23337.934
6.32000000e+00,3.5092650357e+197,8.3826154348e+205,1.5349194410e+19,5.8146002092e+09,2.0000000000e+02,1.1013943344e+04,1.7768920460e+04,1.0925124715e+03,1.6713991681e+03,9.3301079759e+98,108.5000,1.0000,23370.491
6.33000000e+00,3.5092650357e+197,8.3826154348e+205,1.5349194410e+19,5.8146002092e+09,2.0000000000e+02,1.1013943344e+04,1.7768920460e+04,1.0925124715e+03,1.6713991681e+03,9.3301079759e+98,108.5000,1.0000,23403.723
6.34000000e+00,3.5092650357e+197,8.3826154348e+205,1.5349194410e+19,5.8146002092e+09,2.0000000000e+02,1.1013943344e+04,1.7768920460e+04,1.0925124715e+03,1.6713991681e+03,9.3301079759e+98,108.5000,1.0000,23438.366
6.35000000e+00,3.5092650357e+197,8.3826154348e+205,1.5349194410e+19,5.8146002092e+09,2.0000000000e+02,1.1013943344e+04,1.7768920460e+04,1.0925124715e+03,1.6713991681e+03,9.3301079759e+98,108.5000,1.0000,23479.605
6.36000000e+00,3.5092650357e+197,8.3826154348e+205,1.5349194410e+19,5.8146002092e+09,2.0000000000e+02,1.1013943344e+04,1.7768920460e+04,1.0925124715e+03,1.6713991681e+03,9.3301079759e+98,108.5000,1.0000,23524.477
6.37000000e+00,3.5092650357e+197,8.3826154348e+205,1.5349194410e+19,5.8146002092e+09,2.0000000000e+02,1.1013943344e+04,1.7768920460e+04,1.0925124715e+03,1.6713991681e+03,9.3301079759e+98,108.5000,1.0000,23565.462
6.38000000e+00,3.5092650357e+197,8.3826154348e+205,1.5349194410e+19,5.8146002092e+09,2.0000000000e+02,1.1013943344e+04,1.7768920460e+04,1.0925124715e+03,1.6713991681e+03,9.3301079759e+98,108.5000,1.0000,23604.181
6.39000000e+00,3.5092650357e+197,8.3826154348e+205,1.5349194410e+19,5.8146002092e+09,2.0000000000e+02,1.1013943344e+04,1.7768920460e+04,1.0925124715e+03,1.6713991681e+03,9.3301079759e+98,108.5000,1.0000,23644.240
6.40000000e+00,3.5092650357e+197,8.3826154348e+205,1.5349194410e+19,5.8146002092e+09,2.0000000000e+02,1.1013943344e+04,1.7768920460e+04,1.0925124715e+03,1.6713991681e+03,9.3301079759e+98,108.5000,1.0000,23683.961
6.41000000e+00,3.5092650357e+197,8.3826154348e+205,1.5349194410e+19,5.8146002092e+09,2.0000000000e+02,1.1013943344e+04,1.7768920460e+04,1.0925124715e+03,1.6713991681e+03,9.3301079759e+98,108.5000,1.0000,23719.380
6.42000000e+00,3.5092650357e+197,8.3826154348e+205,1.5349194410e+19,5.8146002092e+09,2.0000000000e+02,1.1013943344e+04,1.7768920460e+04,1.0925124715e+03,1.6713991681e+03,9.3301079759e+98,108.5000,1.0000,23761.535
6.43000000e+00,3.5092650357e+197,8.3826154348e+205,1.5349194410e+19,5.8146002092e+09,2.0000000000e+02,1.1013943344e+04,1.7768920460e+04,1.0925124715e+03,1.6713991681e+03,9.3301079759e+98,108.5000,1.0000,23797.082
6.44000000e+00,3.5092650357e+197,8.3826154348e+205,1.5349194410e+19,5.8146002092e+09,2.0000000000e+02,1.1013943344e+04,1.7768920460e+04,1.0925124715e+03,1.6713991681e+03,9.3301079759e+98,108.5000,1.0000,23829.730
6.45000000e+00,3.5092650357e+197,8.3826154348e+205,1.5349194410e+19,5.8146002092e+09,2.0000000000e+02,1.1013943344e+04,1.7768920460e+04,1.0925124715e+03,1.6713991681e+03,9.3301079759e+98,108.5000,1.0000,23868.289
6.46000000e+00,3.5092650357e+197,8.3826154348e+205,1.5349194410e+19,5.8146002092e+09,2.0000000000e+02,1.1013943344e+04,1.7768920460e+04,1.0925124715e+03,1.6713991681e+03,9.3301079759e+98,108.5000,1.0000,23903.917
6.47000000e+00,3.5092650357e+197,8.3826154348e+205,1.5349194410e+19,5.8146002092e+09,2.0000000000e+02,1.1013943344e+04,1.7768920460e+04,1.0925124715e+03,1.6713991681e+03,9.3301079759e+98,108.5000,1.0000,23936.482
6.48000000e+00,3.5092650357e+197,8.3826154348e+205,1.5349194410e+19,5.8146002092e+09,2.0000000000e+02,1.1013943344e+04,1.7768920460e+04,1.0925124715e+03,1.6713991681e+03,9.3301079759e+98,108.5000,1.0000,23969.060
6.49000000e+00,3.5092650357e+197,8.3826154348e+205,1.5349194410e+19,5.8146002092e+09,2.0000000000e+02,1.1013943344e+04,1.7768920460e+04,1.0925124715e+03,1.6713991681e+03,9.3301079759e+98,108.5000,1.0000,24010.011
6.50000000e+00,3.5092650357e+197,8.3826154348e+205,1.5349194410e+19,5.8146002092e+09,2.0000000000e+02,1.1013943344e+04,1.7768920460e+04,1.0925124715e+03,1.6713991681e+03,9.3301079759e+98,108.5000,1.0000,24042.081
6.51000000e+00,3.5092650357e+197,8.3826154348e+205,1.5349194410e+19,5.8146002092e+09,2.0000000000e+02,1.1013943344e+04,1.7768920460e+04,1.0925124715e+03,1.6713991681e+03,9.3301079759e+98,108.5000,1.0000,24074.279
6.52000000e+00,3.5092650357e+197,8.3826154348e+205,1.5349194410e+19,5.8146002092e+09,2.0000000000e+02,1.1013943344e+04,1.7768920460e+04,1.0925124715e+03,1.6713991681e+03,9.3301079759e+98,108.5000,1.0000,24106.990
6.53000000e+00,3.5092650357e+197,8.3826154348e+205,1.5349194410e+19,5.8146002092e+09,2.0000000000e+02,1.1013943344e+04,1.7768920460e+04,1.0925124715e+03,1.6713991681e+03,9.3301079759e+98,108.5000,1.0000,24139.812
6.54000000e+00,3.5092650357e+197,8.3826154348e+205,1.5349194410e+19,5.8146002092e+09,2.0000000000e+02,1.1013943344e+04,1.7768920460e+04,1.0925124715e+03,1.6713991681e+03,9.3301079759e+98,108.5000,1.0000,24173.849
6.55000000e+00,3.5092650357e+197,8.3826154348e+205,1.5349194410e+19,5.8146002092e+09,2.0000000000e+02,1.1013943344e+04,1.7768920460e+04,1.0925124715e+03,1.6713991681e+03,9.3301079759e+98,108.5000,1.0000,24213.520
6.56000000e+00,3.5092650357e+197,8.3826154348e+205,1.5349194410e+19,5.8146002092e+09,2.0000000000e+02,1.1013943344e+04,1.7768920460e+04,1.0925124715e+03,1.6713991681e+03,9.3301079759e+98,108.5000,1.0000,24247.257
6.57000000e+00,3.5092650357e+197,8.3826154348e+205,1.5349194410e+19,5.8146002092e+09,2.0000000000e+02,1.1013943344e+04,1.7768920460e+04,1.0925124715e+03,1.6713991681e+03,9.3301079759e+98,108.5000,1.0000,24288.591
6.58000000e+00,3.5092650357e+197,8.3826154348e+205,1.5349194410e+19,5.8146002092e+09,2.0000000000e+02,1.1013943344e+04,1.7768920460e+04,1.0925124715e+03,1.6713991681e+03,9.3301079759e+98,108.5000,1.0000,24324.497
6.59000000e+00,3.5092650357e+197,8.3826154348e+205,1.5349194410e+19,5.8146002092e+09,2.0000000000e+02,1.1013943344e+04,1.7768920460e+04,1.0925124715e+03,1.6713991681e+03,9.3301079759e+98,108.5000,1.0000,24363.858
6.60000000e+00,3.5092650357e+197,8.3826154348e+205,1.5349194410e+19,5.8146002092e+09,2.0000000000e+02,1.1013943344e+04,1.7768920460e+04,1.0925124715e+03,1.6713991681e+03,9.3301079759e+98,108.5000,1.0000,24398.614
6.61000000e+00,3.5092650357e+197,8.3826154348e+205,1.5349194410e+19,5.8146002092e+09,2.0000000000e+02,1.1013943344e+04,1.7768920460e+04,1.0925124715e+03,1.6713991681e+03,9.3301079759e+98,108.5000,1.0000,24435.897
6.62000000e+00,3.5092650357e+197,8.3826154348e+205,1.5349194410e+19,5.8146002092e+09,2.0000000000e+02,1.1013943344e+04,1.7768920460e+04,1.0925124715e+03,1.6713991681e+03,9.3301079759e+98,108.5000,1.0000,24470.068
6.63000000e+00,3.5092650357e+197,8.3826154348e+205,1.5349194410e+19,5.8146002092e+09,2.0000000000e+02,1.1013943344e+04,1.7768920460e+04,1.0925124715e+03,1.6713991681e+03,9.3301079759e+98,108.5000,1.0000,24505.310
6.64000000e+00,3.5092650357e+197,8.3826154348e+205,1.5349194410e+19,5.8146002092e+09,2.0000000000e+02,1.1013943344e+04,1.7768920460e+04,1.0925124715e+03,1.6713991681e+03,9.3301079759e+98,108.5000,1.0000,24540.682
6.65000000e+00,3.5092650357e+197,8.3826154348e+205,1.5349194410e+19,5.8146002092e+09,2.0000000000e+02,1.1013943344e+04,1.7768920460e+04,1.0925124715e+03,1.6713991681e+03,9.3301079759e+98,108.5000,1.0000,24578.127
6.66000000e+00,3.5092650357e+197,8.3826154348e+205,1.5349194410e+19,5.8146002092e+09,2.0000000000e+02,1.1013943344e+04,1.7768920460e+04,1.0925124715e+03,1.6713991681e+03,9.3301079759e+98,108.5000,1.0000,24612.074
6.67000000e+00,3.5092650357e+197,8.3826154348e+205,1.5349194410e+19,5.8146002092e+09,2.0000000000e+02,1.1013943344e+04,1.7768920460e+04,1.0925124715e+03,1.6713991681e+03,9.3301079759e+98,108.5000,1.0000,24654.594
6.68000000e+00,3.5092650357e+197,8.3826154348e+205,1.5349194410e+19,5.8146002092e+09,2.0000000000e+02,1.1013943344e+04,1.7768920460e+04,1.0925124715e+03,1.6713991681e+03,9.3301079759e+98,108.5000,1.0000,24689.394
6.69000000e+00,3.5092650357e+197,8.3826154348e+205,1.5349194410e+19,5.8146002092e+09,2.0000000000e+02,1.1013943344e+04,1.7768920460e+04,1.0925124715e+03,1.6713991681e+03,9.3301079759e+98,108.5000,1.0000,24729.933
6.70000000e+00,3.5092650357e+197,8.3826154348e+205,1.5349194410e+19,5.8146002092e+09,2.0000000000e+02,1.1013943344e+04,1.7768920460e+04,1.0925124715e+03,1.6713991681e+03,9.3301079759e+98,108.5000,1.0000,24772.352
6.71000000e+00,3.5092650357e+197,8.3826154348e+205,1.5349194410e+19,5.8146002092e+09,2.0000000000e+02,1.1013943344e+04,1.7768920460e+04,1.0925124715e+03,1.6713991681e+03,9.3301079759e+98,108.5000,1.0000,24818.234
6.72000000e+00,3.5092650357e+197,8.3826154348e+205,1.5349194410e+19,5.8146002092e+09,2.0000000000e+02,1.1013943344e+04,1.7768920460e+04,1.0925124715e+03,1.6713991681e+03,9.3301079759e+98,108.5000,1.0000,24855.399
6.73000000e+00,3.5092650357e+197,8.3826154348e+205,1.5349194410e+19,5.8146002092e+09,2.0000000000e+02,1.1013943344e+04,1.7768920460e+04,1.0925124715e+03,1.6713991681e+03,9.3301079759e+98,108.5000,1.0000,24887.983
6.74000000e+00,3.5092650357e+197,8.3826154348e+205,1.5349194410e+19,5.8146002092e+09,2.0000000000e+02,1.1013943344e+04,1.7768920460e+04,1.0925124715e+03,1.6713991681e+03,9.3301079759e+98,108.5000,1.0000,24923.737
6.75000000e+00,3.5092650357e+197,8.3826154348e+205,1.5349194410e+19,5.8146002092e+09,2.0000000000e+02,1.1013943344e+04,1.7768920460e+04,1.0925124715e+03,1.6713991681e+03,9.3301079759e+98,108.5000,1.0000,24958.881
6.76000000e+00,3.5092650357e+197,8.3826154348e+205,1.5349194410e+19,5.8146002092e+09,2.0000000000e+02,1.1013943344e+04,1.7768920460e+04,1.0925124715e+03,1.6713991681e+03,9.3301079759e+98,108.5000,1.0000,24993.727
6.77000000e+00,3.5092650357e+197,8.3826154348e+205,1.5349194410e+19,5.8146002092e+09,2.0000000000e+02,1.1013943344e+04,1.7768920460e+04,1.0925124715e+03,1.6713991681e+03,9.3301079759e+98,108.5000,1.0000,25032.022
6.78000000e+00,3.5092650357e+197,8.3826154348e+205,1.5349194410e+19,5.8146002092e+09,2.0000000000e+02,1.1013943344e+04,1.7768920460e+04,1.0925124715e+03,1.6713991681e+03,9.3301079759e+98,108.5000,1.0000,25069.660
6.79000000e+00,3.5092650357e+197,8.3826154348e+205,1.5349194410e+19,5.8146002092e+09,2.0000000000e+02,1.1013943344e+04,1.7768920460e+04,1.0925124715e+03,1.6713991681e+03,9.3301079759e+98,108.5000,1.0000,25108.208
6.80000000e+00,3.5092650357e+197,8.3826154348e+205,1.5349194410e+19,5.8146002092e+09,2.0000000000e+02,1.1013943344e+04,1.7768920460e+04,1.0925124715e+03,1.6713991681e+03,9.3301079759e+98,108.5000,1.0000,25145.552
6.81000000e+00,3.5092650357e+197,8.3826154348e+205,1.5349194410e+19,5.8146002092e+09,2.0000000000e+02,1.1013943344e+04,1.7768920460e+04,1.0925124715e+03,1.6713991681e+03,9.3301079759e+98,108.5000,1.0000,25180.005
6.82000000e+00,3.5092650357e+197,8.3826154348e+205,1.5349194410e+19,5.8146002092e+09,2.0000000000e+02,1.1013943344e+04,1.7768920460e+04,1.0925124715e+03,1.6713991681e+03,9.3301079759e+98,108.5000,1.0000,25213.612
6.83000000e+00,3.5092650357e+197,8.3826154348e+205,1.5349194410e+19,5.8146002092e+09,2.0000000000e+02,1.1013943344e+04,1.7768920460e+04,1.0925124715e+03,1.6713991681e+03,9.3301079759e+98,108.5000,1.0000,25245.476
6.84000000e+00,3.5092650357e+197,8.3826154348e+205,1.5349194410e+19,5.8146002092e+09,2.0000000000e+02,1.1013943344e+04,1.7768920460e+04,1.0925124715e+03,1.6713991681e+03,9.3301079759e+98,108.5000,1.0000,25278.312
6.85000000e+00,3.5092650357e+197,8.3826154348e+205,1.5349194410e+19,5.8146002092e+09,2.0000000000e+02,1.1013943344e+04,1.7768920460e+04,1.0925124715e+03,1.6713991681e+03,9.3301079759e+98,108.5000,1.0000,25315.011
6.86000000e+00,3.5092650357e+197,8.3826154348e+205,1.5349194410e+19,5.8146002092e+09,2.0000000000e+02,1.1013943344e+04,1.7768920460e+04,1.0925124715e+03,1.6713991681e+03,9.3301079759e+98,108.5000,1.0000,25353.637
6.87000000e+00,3.5092650357e+197,8.3826154348e+205,1.5349194410e+19,5.8146002092e+09,2.0000000000e+02,1.1013943344e+04,1.7768920460e+04,1.0925124715e+03,1.6713991681e+03,9.3301079759e+98,108.5000,1.0000,25394.266
6.88000000e+00,3.5092650357e+197,8.3826154348e+205,1.5349194410e+19,5.8146002092e+09,2.0000000000e+02,1.1013943344e+04,1.7768920460e+04,1.0925124715e+03,1.6713991681e+03,9.3301079759e+98,108.5000,1.0000,25428.660
6.89000000e+00,3.5092650357e+197,8.3826154348e+205,1.5349194410e+19,5.8146002092e+09,2.0000000000e+02,1.1013943344e+04,1.7768920460e+04,1.0925124715e+03,1.6713991681e+03,9.3301079759e+98,108.5000,1.0000,25468.967
6.90000000e+00,3.5092650357e+197,8.3826154348e+205,1.5349194410e+19,5.8146002092e+09,2.0000000000e+02,1.1013943344e+04,1.7768920460e+04,1.0925124715e+03,1.6713991681e+03,9.3301079759e+98,108.5000,1.0000,25500.811
6.91000000e+00,3.5092650357e+197,8.3826154348e+205,1.5349194410e+19,5.8146002092e+09,2.0000000000e+02,1.1013943344e+04,1.7768920460e+04,1.0925124715e+03,1.6713991681e+03,9.3301079759e+98,108.5000,1.0000,25534.105
6.92000000e+00,3.5092650357e+197,8.3826154348e+205,1.5349194410e+19,5.8146002092e+09,2.0000000000e+02,1.1013943344e+04,1.7768920460e+04,1.0925124715e+03,1.6713991681e+03,9.3301079759e+98,108.5000,1.0000,25565.338
6.93000000e+00,3.5092650357e+197,8.3826154348e+205,1.5349194410e+19,5.8146002092e+09,2.0000000000e+02,1.1013943344e+04,1.7768920460e+04,1.0925124715e+03,1.6713991681e+03,9.3301079759e+98,108.5000,1.0000,25608.952
6.94000000e+00,3.5092650357e+197,8.3826154348e+205,1.5349194410e+19,5.8146002092e+09,2.0000000000e+02,1.1013943344e+04,1.7768920460e+04,1.0925124715e+03,1.6713991681e+03,9.3301079759e+98,108.5000,1.0000,25647.189
6.95000000e+00,3.5092650357e+197,8.3826154348e+205,1.5349194410e+19,5.8146002092e+09,2.0000000000e+02,1.1013943344e+04,1.7768920460e+04,1.0925124715e+03,1.6713991681e+03,9.3301079759e+98,108.5000,1.0000,25685.861
6.96000000e+00,3.5092650357e+197,8.3826154348e+205,1.5349194410e+19,5.8146002092e+09,2.0000000000e+02,1.1013943344e+04,1.7768920460e+04,1.0925124715e+03,1.6713991681e+03,9.3301079759e+98,108.5000,1.0000,25738.233
6.97000000e+00,3.5092650357e+197,8.3826154348e+205,1.5349194410e+19,5.8146002092e+09,2.0000000000e+02,1.1013943344e+04,1.7768920460e+04,1.0925124715e+03,1.6713991681e+03,9.3301079759e+98,108.5000,1.0000,25772.263
6.98000000e+00,3.5092650357e+197,8.3826154348e+205,1.5349194410e+19,5.8146002092e+09,2.0000000000e+02,1.1013943344e+04,1.7768920460e+04,1.0925124715e+03,1.6713991681e+03,9.3301079759e+98,108.5000,1.0000,25814.358
6.99000000e+00,3.5092650357e+197,8.3826154348e+205,1.5349194410e+19,5.8146002092e+09,2.0000000000e+02,1.1013943344e+04,1.7768920460e+04,1.0925124715e+03,1.6713991681e+03,9.3301079759e+98,108.5000,1.0000,25846.988
6.99995000e+00,2.2584156822e+103,1.3466481901e+111,1.5349194410e+19,5.8146002092e+09,2.0000000000e+02,1.1013943344e+04,1.7768920460e+04,1.0925124715e+03,1.6713991681e+03,1.0194622909e+52,108.5000,1.0000,25881.522
